cutoff	GCF_ID	bgc_class	n_BGCs	n_genomes	pct_genomes	category	descriptions	member_GBKs
0.3	NRPS.PKS_c0.3_famFAM_00173	NRPS.PKS	2	1	0.9	rare	NZ_FQVC01000001.1 Devosia limi DSM 17137, whole genome shotgun sequence; NZ_LAJF01000101.1 Devosia limi DSM 17137 NODE_101, whole genome shotgun sequence	NZ_LAJF01000101.1.region001; NZ_FQVC01000001.1.region001
0.3	NRPS.PKS_c0.3_famFAM_00174	NRPS.PKS	2	1	0.9	rare	NZ_JBTMWU010000004.1 Devosia sp. A449 Scaffold4, whole genome shotgun sequence; NZ_JBTMWV010000025.1 Devosia sp. A369 Scaffold25, whole genome shotgun sequence	NZ_JBTMWU010000004.1.region001; NZ_JBTMWV010000025.1.region001
0.3	NRPS.PKS_c0.3_famFAM_00175	NRPS.PKS	1	1	0.9	rare	NZ_JACDXV010000002.1 Devosia faecipullorum strain CC-YST696 contig02, whole genome shotgun sequence	NZ_JACDXV010000002.1.region002
0.3	NRPS.PKS_c0.3_famFAM_00176	NRPS.PKS	1	1	0.9	rare	NZ_PYWB01000001.1 Devosia submarina strain JCM 18935 scaffold1, whole genome shotgun sequence	NZ_PYWB01000001.1.region001
0.3	NRPS_c0.3_famFAM_00216	NRPS	2	1	0.9	rare	NZ_FQVC01000008.1 Devosia limi DSM 17137, whole genome shotgun sequence; NZ_LAJF01000091.1 Devosia limi DSM 17137 NODE_91, whole genome shotgun sequence	NZ_FQVC01000008.1.region001; NZ_LAJF01000091.1.region001
0.3	NRPS_c0.3_famFAM_00217	NRPS	1	1	0.9	rare	NZ_JBTLRJ010000001.1 Devosia sp. CAU 1758 contig1, whole genome shotgun sequence	NZ_JBTLRJ010000001.1.region003
0.3	NRPS_c0.3_famFAM_00218	NRPS	1	1	0.9	rare	NZ_FXWK01000002.1 Devosia lucknowensis strain L15, whole genome shotgun sequence	NZ_FXWK01000002.1.region003
0.3	NRPS_c0.3_famFAM_00219	NRPS	1	1	0.9	rare	NZ_JBHRYD010000007.1 Devosia honganensis strain KCTC 42281 platanus_K_25_97_7, whole genome shotgun sequence	NZ_JBHRYD010000007.1.region002
0.3	PKS.other_c0.3_famFAM_00309	PKS.other	1	1	0.9	rare	NZ_CP045422.1 Devosia beringensis strain S02 chromosome, complete genome	NZ_CP045422.1.region003
0.3	PKS.other_c0.3_famFAM_00310	PKS.other	1	1	0.9	rare	NZ_JACYFU010000003.1 Devosia oryzisoli strain PTR5 contig3, whole genome shotgun sequence	NZ_JACYFU010000003.1.region001
0.3	PKS_c0.3_famFAM_00289	PKS	2	1	0.9	rare	NZ_JAQGJV010000042.1 MAG: Devosia sp. isolate RYN_494 scaffold_4231403, whole genome shotgun sequence; NZ_JBEPOL010000002.1 Devosia sp. UYZn731 Ga0493902_02, whole genome shotgun sequence	NZ_JAQGJV010000042.1.region001; NZ_JBEPOL010000002.1.region001
0.3	PKS_c0.3_famFAM_00290	PKS	2	1	0.9	rare	NZ_JACIEW010000009.1 Devosia subaequoris strain DSM 23447 Ga0373328_09, whole genome shotgun sequence; NZ_JAMYXP010000013.1 Devosia subaequoris strain HST3-14 Scaffold13, whole genome shotgun sequence	NZ_JACIEW010000009.1.region001; NZ_JAMYXP010000013.1.region001
0.3	PKS_c0.3_famFAM_00291	PKS	2	1	0.9	rare	NZ_JBTSEP010000065.1 MAG: Devosia sp. isolate ML34-012-05 ML34_012_NODE_818_length_10192_cov_1.403279, whole genome shotgun sequence; NZ_JBVKGV010000026.1 MAG: Devosia sp. isolate ML34-006-05 ML34_006_NODE_354_length_48541_cov_2.462924, whole genome shotgun sequence	NZ_JBVKGV010000026.1.region001; NZ_JBTSEP010000065.1.region001
0.3	PKS_c0.3_famFAM_00292	PKS	3	1	0.9	rare	NZ_JBFUCQ010000009.1 Devosia sp. P1_H9 scaffold_8, whole genome shotgun sequence; NZ_JBFUFI010000008.1 Devosia sp. P2_G7 scaffold_7, whole genome shotgun sequence; NZ_JBFUGO010000008.1 Devosia sp. P3_B2 scaffold_7, whole genome shotgun sequence	NZ_JBFUGO010000008.1.region001; NZ_JBFUCQ010000009.1.region001; NZ_JBFUFI010000008.1.region001
0.3	PKS_c0.3_famFAM_00293	PKS	4	1	0.9	rare	NZ_CAXUPH020000001.1 Devosia sp. LjRoot16 LJR016c1, whole genome shotgun sequence; NZ_JBXAPX010000002.1 Devosia sp. GW821-FHT12F11 NODE_2_length_929012_cov_60.894576, whole genome shotgun sequence; NZ_LMCR01000019.1 Devosia sp. Root105 contig_7, whole genome shotgun sequence; NZ_LMEA01000012.1 Devosia sp. Root413D1 contig_7, whole genome shotgun sequence	NZ_LMEA01000012.1.region002; NZ_CAXUPH020000001.1.region002; NZ_JBXAPX010000002.1.region002; NZ_LMCR01000019.1.region001
0.3	PKS_c0.3_famFAM_00294	PKS	1	1	0.9	rare	NZ_CP045422.1 Devosia beringensis strain S02 chromosome, complete genome	NZ_CP045422.1.region006
0.3	PKS_c0.3_famFAM_00295	PKS	1	1	0.9	rare	NZ_OZ245853.1 MAG: Devosia sp. isolate 3d186a37-0bcd-4ac1-b259-f5c9590ee027 chromosome 1	NZ_OZ245853.1.region002
0.3	PKS_c0.3_famFAM_00296	PKS	1	1	0.9	rare	NZ_JAQGJM010000022.1 MAG: Devosia sp. isolate RYN_485 scaffold_3385130, whole genome shotgun sequence	NZ_JAQGJM010000022.1.region001
0.3	PKS_c0.3_famFAM_00297	PKS	1	1	0.9	rare	NZ_JBEPOL010000009.1 Devosia sp. UYZn731 Ga0493902_09, whole genome shotgun sequence	NZ_JBEPOL010000009.1.region001
0.3	PKS_c0.3_famFAM_00298	PKS	1	1	0.9	rare	NZ_FOMB01000021.1 Devosia psychrophila strain CGMCC 1.10210, whole genome shotgun sequence	NZ_FOMB01000021.1.region002
0.3	PKS_c0.3_famFAM_00299	PKS	1	1	0.9	rare	NZ_FOMB01000051.1 Devosia psychrophila strain CGMCC 1.10210, whole genome shotgun sequence	NZ_FOMB01000051.1.region001
0.3	PKS_c0.3_famFAM_00300	PKS	1	1	0.9	rare	NZ_STGC01000005.1 Devosia sp. FKR38 NODE_14_length_2742056_cov_203.257278, whole genome shotgun sequence	NZ_STGC01000005.1.region002
0.3	PKS_c0.3_famFAM_00301	PKS	1	1	0.9	rare	NZ_CP042304.1 Devosia ginsengisoli strain Gsoil 520 chromosome, complete genome	NZ_CP042304.1.region005
0.3	PKS_c0.3_famFAM_00302	PKS	1	1	0.9	rare	NZ_CP080590.1 Devosia salina strain SCS-3 chromosome, complete genome	NZ_CP080590.1.region005
0.3	PKS_c0.3_famFAM_00303	PKS	1	1	0.9	rare	NZ_FOMB01000025.1 Devosia psychrophila strain CGMCC 1.10210, whole genome shotgun sequence	NZ_FOMB01000025.1.region001
0.3	PKS_c0.3_famFAM_00304	PKS	1	1	0.9	rare	NZ_BMZE01000002.1 Devosia pacifica strain KCTC 32437 sequence2, whole genome shotgun sequence	NZ_BMZE01000002.1.region002
0.3	RiPP.other_c0.3_famFAM_00582	RiPP.other	1	1	0.9	rare	NZ_CP146608.1 Devosia sp. XK-2 chromosome, complete genome	NZ_CP146608.1.region006
0.3	RiPP.other_c0.3_famFAM_00583	RiPP.other	1	1	0.9	rare	NZ_JNNO01000034.1 Devosia sp. LC5 contig4, whole genome shotgun sequence	NZ_JNNO01000034.1.region001
0.3	RiPP_c0.3_famFAM_00113	RiPP	5	1	0.9	rare	NZ_CAXUPH020000003.1 Devosia sp. LjRoot16 LJR016c3, whole genome shotgun sequence; NZ_CP012945.1 Devosia sp. A16 chromosome, complete genome; NZ_JBXAPX010000004.1 Devosia sp. GW821-FHT12F11 NODE_4_length_517482_cov_53.795218, whole genome shotgun sequence; NZ_LMCR01000016.1 Devosia sp. Root105 contig_4, whole genome shotgun sequence; NZ_LMEA01000011.1 Devosia sp. Root413D1 contig_6, whole genome shotgun sequence	NZ_JBXAPX010000004.1.region001; NZ_LMEA01000011.1.region001; NZ_LMCR01000016.1.region001; NZ_CP012945.1.region005; NZ_CAXUPH020000003.1.region001
0.3	RiPP_c0.3_famFAM_00114	RiPP	4	1	0.9	rare	NZ_BSNG01000003.1 Devosia yakushimensis strain NBRC 103855 sequence03, whole genome shotgun sequence; NZ_CP104965.1 Devosia neptuniae strain A18/4-1 chromosome, complete genome; NZ_JBJDRE010000010.1 Devosia sp. ZW T5_3 ZW_T5_3_contig_010, whole genome shotgun sequence; NZ_JNNO01000016.1 Devosia sp. LC5 contig23, whole genome shotgun sequence	NZ_CP104965.1.region001; NZ_JBJDRE010000010.1.region001; NZ_JNNO01000016.1.region001; NZ_BSNG01000003.1.region001
0.3	RiPP_c0.3_famFAM_00115	RiPP	12	1	0.9	rare	NZ_CP026747.1 Devosia sp. I507 chromosome, complete genome; NZ_CP080590.1 Devosia salina strain SCS-3 chromosome, complete genome; NZ_CP146608.1 Devosia sp. XK-2 chromosome, complete genome; NZ_CP170082.1 Devosia sp. Naph2 chromosome, complete genome; NZ_JACIEW010000012.1 Devosia subaequoris strain DSM 23447 Ga0373328_12, whole genome shotgun sequence; NZ_JAMWDU010000006.1 Devosia ureilytica strain XJ19-45 Scaffold6, whole genome shotgun sequence; NZ_JAMYXP010000014.1 Devosia subaequoris strain HST3-14 Scaffold14, whole genome shotgun sequence; NZ_JAMZCU010000008.1 Devosia ureilytica strain XJ19-1 Scaffold8, whole genome shotgun sequence; NZ_JAVKFR010000034.1 MAG: Devosia marina isolate F1-TOW-06 k141_64042, whole genome shotgun sequence; NZ_JBTLRJ010000002.1 Devosia sp. CAU 1758 contig2, whole genome shotgun sequence; NZ_PYVZ01000013.1 Devosia indica strain IO390501 scaffold13, whole genome shotgun sequence; NZ_WQRF01000010.1 Devosia marina strain L53-10-65 NODE_10_length_77047_cov_53.918155, whole genome shotgun sequence	NZ_JBTLRJ010000002.1.region002; NZ_CP026747.1.region001; NZ_CP080590.1.region002; NZ_JAMWDU010000006.1.region001; NZ_CP170082.1.region007; NZ_WQRF01000010.1.region001; NZ_JAVKFR010000034.1.region001; NZ_CP146608.1.region003; NZ_JACIEW010000012.1.region001; NZ_JAMYXP010000014.1.region001; NZ_JAMZCU010000008.1.region001; NZ_PYVZ01000013.1.region001
0.3	RiPP_c0.3_famFAM_00116	RiPP	2	1	0.9	rare	NZ_JBTSEP010000009.1 MAG: Devosia sp. isolate ML34-012-05 ML34_012_NODE_93_length_98378_cov_7.821071, whole genome shotgun sequence; NZ_JBVKGV010000020.1 MAG: Devosia sp. isolate ML34-006-05 ML34_006_NODE_270_length_57401_cov_2.738730, whole genome shotgun sequence	NZ_JBTSEP010000009.1.region001; NZ_JBVKGV010000020.1.region001
0.3	RiPP_c0.3_famFAM_00117	RiPP	3	1	0.9	rare	NZ_JBHTMH010000001.1 Devosia equisanguinis strain CCM 8868 GCM70027366_15, whole genome shotgun sequence; NZ_MKUY01000005.1 MAG: Devosia sp. 63-57 SCNpilot_expt_1000_bf_scaffold_3, whole genome shotgun sequence; NZ_UZWD01000029.1 Devosia equisanguinis strain CIP 111628, whole genome shotgun sequence	NZ_JBHTMH010000001.1.region003; NZ_UZWD01000029.1.region001; NZ_MKUY01000005.1.region001
0.3	RiPP_c0.3_famFAM_00118	RiPP	2	1	0.9	rare	NZ_JBTSEP010000003.1 MAG: Devosia sp. isolate ML34-012-05 ML34_012_NODE_45_length_152938_cov_7.526592, whole genome shotgun sequence; NZ_JBVKGV010000033.1 MAG: Devosia sp. isolate ML34-006-05 ML34_006_NODE_583_length_35475_cov_2.597827, whole genome shotgun sequence	NZ_JBTSEP010000003.1.region001; NZ_JBVKGV010000033.1.region001
0.3	RiPP_c0.3_famFAM_00119	RiPP	2	1	0.9	rare	NZ_BSNS01000020.1 Devosia nitrariae strain NBRC 112416 sequence20, whole genome shotgun sequence; NZ_JBHLYO010000020.1 Devosia nitrariae strain NBRC 112416 platanus_K_default_20, whole genome shotgun sequence	NZ_BSNS01000020.1.region001; NZ_JBHLYO010000020.1.region001
0.3	RiPP_c0.3_famFAM_00120	RiPP	2	1	0.9	rare	NZ_BSNS01000007.1 Devosia nitrariae strain NBRC 112416 sequence07, whole genome shotgun sequence; NZ_JBHLYO010000004.1 Devosia nitrariae strain NBRC 112416 platanus_K_default_4, whole genome shotgun sequence	NZ_JBHLYO010000004.1.region001; NZ_BSNS01000007.1.region001
0.3	RiPP_c0.3_famFAM_00121	RiPP	5	1	0.9	rare	NZ_CP059902.1 Devosia sp. MC521 chromosome, complete genome; NZ_JABBDZ010000002.1 Devosia sp. MC1541 Scaffold2_1, whole genome shotgun sequence; NZ_JAEMEB010000005.1 Devosia sp. MC521 Scaffold5_1, whole genome shotgun sequence; NZ_JAEMNZ010000003.1 Devosia sp. MC532 Scaffold3_1, whole genome shotgun sequence; NZ_JAENGO010000005.1 Devosia sp. WQ 349K1 Scaffold4_1, whole genome shotgun sequence	NZ_JAEMNZ010000003.1.region001; NZ_JAEMEB010000005.1.region001; NZ_JAENGO010000005.1.region002; NZ_JABBDZ010000002.1.region001; NZ_CP059902.1.region001
0.3	RiPP_c0.3_famFAM_00122	RiPP	7	1	0.9	rare	NZ_CAXUPH020000005.1 Devosia sp. LjRoot16 LJR016c5, whole genome shotgun sequence; NZ_CP012945.1 Devosia sp. A16 chromosome, complete genome; NZ_JAFKHA010000012.1 MAG: Devosia sp. isolate SCN18_30_10_14_R3_B_66_58 SCN18_30_10_14_R3_B_scaffold_19, whole genome shotgun sequence; NZ_JBXAPX010000006.1 Devosia sp. GW821-FHT12F11 NODE_6_length_419588_cov_59.036509, whole genome shotgun sequence; NZ_LMCR01000017.1 Devosia sp. Root105 contig_5, whole genome shotgun sequence; NZ_LMEA01000010.1 Devosia sp. Root413D1 contig_5, whole genome shotgun sequence; NZ_MKVB01000002.1 MAG: Devosia sp. 66-14 SCNpilot_cont_300_bf_scaffold_147, whole genome shotgun sequence	NZ_LMEA01000010.1.region001; NZ_CAXUPH020000005.1.region001; NZ_MKVB01000002.1.region001; NZ_CP012945.1.region002; NZ_LMCR01000017.1.region001; NZ_JAFKHA010000012.1.region001; NZ_JBXAPX010000006.1.region001
0.3	RiPP_c0.3_famFAM_00123	RiPP	2	1	0.9	rare	NZ_BSNS01000011.1 Devosia nitrariae strain NBRC 112416 sequence11, whole genome shotgun sequence; NZ_JBHLYO010000010.1 Devosia nitrariae strain NBRC 112416 platanus_K_default_10, whole genome shotgun sequence	NZ_JBHLYO010000010.1.region001; NZ_BSNS01000011.1.region001
0.3	RiPP_c0.3_famFAM_00124	RiPP	2	1	0.9	rare	NZ_JAFKHA010000009.1 MAG: Devosia sp. isolate SCN18_30_10_14_R3_B_66_58 SCN18_30_10_14_R3_B_scaffold_4, whole genome shotgun sequence; NZ_MKVB01000001.1 MAG: Devosia sp. 66-14 SCNpilot_cont_300_bf_scaffold_127, whole genome shotgun sequence	NZ_MKVB01000001.1.region002; NZ_JAFKHA010000009.1.region002
0.3	RiPP_c0.3_famFAM_00125	RiPP	5	1	0.9	rare	NZ_CM147870.1 Devosia sp. J2-20 chromosome, whole genome shotgun sequence; NZ_CP118245.1 Devosia sp. J2-20 chromosome; NZ_JAGXTP010000002.1 Devosia litorisediminis strain BSSL-BM10 2, whole genome shotgun sequence; NZ_JAPWHK010000006.1 Devosia neptuniae strain G21611-S1 NODE_6_length_281503_cov_131.454, whole genome shotgun sequence; NZ_JBNMEO010000017.1 MAG: Devosia sp. isolate 3300055174_60 Ga0535679_0000215, whole genome shotgun sequence	NZ_CM147870.1.region006; NZ_JAGXTP010000002.1.region001; NZ_JAPWHK010000006.1.region001; NZ_JBNMEO010000017.1.region001; NZ_CP118245.1.region003
0.3	RiPP_c0.3_famFAM_00126	RiPP	2	1	0.9	rare	NZ_JBDGIY010000001.1 Devosia sp. Soil_C_22 NODE_1_length_3502528_cov_134.771868, whole genome shotgun sequence; NZ_PYVW01000001.1 Devosia naphthalenivorans strain CM5-1 scaffold1, whole genome shotgun sequence	NZ_JBDGIY010000001.1.region003; NZ_PYVW01000001.1.region001
0.3	RiPP_c0.3_famFAM_00127	RiPP	7	1	0.9	rare	NZ_CAXUPH020000001.1 Devosia sp. LjRoot16 LJR016c1, whole genome shotgun sequence; NZ_CP012945.1 Devosia sp. A16 chromosome, complete genome; NZ_JAFKHA010000008.1 MAG: Devosia sp. isolate SCN18_30_10_14_R3_B_66_58 SCN18_30_10_14_R3_B_scaffold_1, whole genome shotgun sequence; NZ_JBXAPX010000002.1 Devosia sp. GW821-FHT12F11 NODE_2_length_929012_cov_60.894576, whole genome shotgun sequence; NZ_LMCR01000021.1 Devosia sp. Root105 contig_9, whole genome shotgun sequence; NZ_LMEA01000012.1 Devosia sp. Root413D1 contig_7, whole genome shotgun sequence; NZ_MKVB01000006.1 MAG: Devosia sp. 66-14 SCNpilot_cont_300_bf_scaffold_172, whole genome shotgun sequence	NZ_CAXUPH020000001.1.region001; NZ_JAFKHA010000008.1.region001; NZ_CP012945.1.region003; NZ_LMCR01000021.1.region001; NZ_JBXAPX010000002.1.region001; NZ_MKVB01000006.1.region001; NZ_LMEA01000012.1.region001
0.3	RiPP_c0.3_famFAM_00128	RiPP	2	1	0.9	rare	NZ_JAFKHA010000012.1 MAG: Devosia sp. isolate SCN18_30_10_14_R3_B_66_58 SCN18_30_10_14_R3_B_scaffold_19, whole genome shotgun sequence; NZ_MKVB01000002.1 MAG: Devosia sp. 66-14 SCNpilot_cont_300_bf_scaffold_147, whole genome shotgun sequence	NZ_JAFKHA010000012.1.region002; NZ_MKVB01000002.1.region002
0.3	RiPP_c0.3_famFAM_00129	RiPP	5	1	0.9	rare	NZ_CP034767.1 Devosia sp. 1566 chromosome, complete genome; NZ_JABAOL010000001.1 Devosia sp. 919 Scaffold1_1, whole genome shotgun sequence; NZ_JABAOM010000005.1 Devosia sp. 1635 Scaffold4_1, whole genome shotgun sequence; NZ_JBYUNO010000001.1 Devosia sp. Z6_126 NODE_1_length_1401190_cov_167.528294, whole genome shotgun sequence; NZ_JBYUNQ010000005.1 Devosia sp. Z11_6 NODE_5_length_228390_cov_165.542129, whole genome shotgun sequence	NZ_CP034767.1.region001; NZ_JABAOL010000001.1.region002; NZ_JBYUNQ010000005.1.region001; NZ_JABAOM010000005.1.region001; NZ_JBYUNO010000001.1.region001
0.3	RiPP_c0.3_famFAM_00130	RiPP	4	1	0.9	rare	NZ_CAXUPH020000005.1 Devosia sp. LjRoot16 LJR016c5, whole genome shotgun sequence; NZ_JBXAPX010000006.1 Devosia sp. GW821-FHT12F11 NODE_6_length_419588_cov_59.036509, whole genome shotgun sequence; NZ_LMCR01000017.1 Devosia sp. Root105 contig_5, whole genome shotgun sequence; NZ_LMEA01000010.1 Devosia sp. Root413D1 contig_5, whole genome shotgun sequence	NZ_CAXUPH020000005.1.region002; NZ_LMCR01000017.1.region002; NZ_LMEA01000010.1.region002; NZ_JBXAPX010000006.1.region002
0.3	RiPP_c0.3_famFAM_00131	RiPP	2	1	0.9	rare	NZ_JAFKHA010000010.1 MAG: Devosia sp. isolate SCN18_30_10_14_R3_B_66_58 SCN18_30_10_14_R3_B_scaffold_12, whole genome shotgun sequence; NZ_MKVB01000003.1 MAG: Devosia sp. 66-14 SCNpilot_cont_300_bf_scaffold_152, whole genome shotgun sequence	NZ_JAFKHA010000010.1.region001; NZ_MKVB01000003.1.region001
0.3	RiPP_c0.3_famFAM_00132	RiPP	3	1	0.9	rare	NZ_JBFUCQ010000005.1 Devosia sp. P1_H9 scaffold_4, whole genome shotgun sequence; NZ_JBFUFI010000005.1 Devosia sp. P2_G7 scaffold_4, whole genome shotgun sequence; NZ_JBFUGO010000004.1 Devosia sp. P3_B2 scaffold_3, whole genome shotgun sequence	NZ_JBFUCQ010000005.1.region001; NZ_JBFUGO010000004.1.region001; NZ_JBFUFI010000005.1.region001
0.3	RiPP_c0.3_famFAM_00133	RiPP	3	1	0.9	rare	NZ_JAIMBX010000003.1 Devosia sp. BK 9_Devo_3, whole genome shotgun sequence; NZ_LMLO01000012.1 Devosia sp. Leaf64 contig_2, whole genome shotgun sequence; NZ_LMQU01000011.1 Devosia sp. Leaf420 contig_4, whole genome shotgun sequence	NZ_JAIMBX010000003.1.region001; NZ_LMQU01000011.1.region002; NZ_LMLO01000012.1.region002
0.3	RiPP_c0.3_famFAM_00134	RiPP	1	1	0.9	rare	NZ_STGC01000005.1 Devosia sp. FKR38 NODE_14_length_2742056_cov_203.257278, whole genome shotgun sequence	NZ_STGC01000005.1.region001
0.3	RiPP_c0.3_famFAM_00135	RiPP	1	1	0.9	rare	NZ_JABBDZ010000004.1 Devosia sp. MC1541 Scaffold4_1, whole genome shotgun sequence	NZ_JABBDZ010000004.1.region001
0.3	RiPP_c0.3_famFAM_00136	RiPP	1	1	0.9	rare	NZ_OZ245853.1 MAG: Devosia sp. isolate 3d186a37-0bcd-4ac1-b259-f5c9590ee027 chromosome 1	NZ_OZ245853.1.region004
0.3	RiPP_c0.3_famFAM_00137	RiPP	1	1	0.9	rare	NZ_CP063401.1 Devosia sp. SL43 chromosome, complete genome	NZ_CP063401.1.region003
0.3	RiPP_c0.3_famFAM_00138	RiPP	1	1	0.9	rare	NZ_CP012945.1 Devosia sp. A16 chromosome, complete genome	NZ_CP012945.1.region001
0.3	RiPP_c0.3_famFAM_00139	RiPP	1	1	0.9	rare	NZ_JBTMWU010000001.1 Devosia sp. A449 Scaffold1, whole genome shotgun sequence	NZ_JBTMWU010000001.1.region001
0.3	RiPP_c0.3_famFAM_00140	RiPP	1	1	0.9	rare	NZ_CP186479.1 Devosia sp. CN2-171 chromosome, complete genome	NZ_CP186479.1.region003
0.3	RiPP_c0.3_famFAM_00141	RiPP	1	1	0.9	rare	NZ_OZ245853.1 MAG: Devosia sp. isolate 3d186a37-0bcd-4ac1-b259-f5c9590ee027 chromosome 1	NZ_OZ245853.1.region001
0.3	RiPP_c0.3_famFAM_00142	RiPP	1	1	0.9	rare	NZ_CP170082.1 Devosia sp. Naph2 chromosome, complete genome	NZ_CP170082.1.region004
0.3	RiPP_c0.3_famFAM_00143	RiPP	1	1	0.9	rare	NZ_JBLXGA010000019.1 MAG: Devosia sp. isolate ET04-05 T04maxbin_out.008RE.5K@19, whole genome shotgun sequence	NZ_JBLXGA010000019.1.region001
0.3	RiPP_c0.3_famFAM_00144	RiPP	1	1	0.9	rare	NZ_CM147875.1 Devosia sp. J20-27 chromosome, whole genome shotgun sequence	NZ_CM147875.1.region002
0.3	RiPP_c0.3_famFAM_00145	RiPP	1	1	0.9	rare	NZ_JAFKHE010000027.1 MAG: Devosia sp. isolate SCN18_30_10_14_R3_P_66_71 SCN18_30_10_14_R3_P_scaffold_205, whole genome shotgun sequence	NZ_JAFKHE010000027.1.region001
0.3	RiPP_c0.3_famFAM_00146	RiPP	1	1	0.9	rare	NZ_LAJG01000014.1 Devosia soli strain GH2-10 NODE_14, whole genome shotgun sequence	NZ_LAJG01000014.1.region003
0.3	RiPP_c0.3_famFAM_00147	RiPP	1	1	0.9	rare	NZ_JAQRMY010000003.1 Devosia sp. ZB163 scaffold_2, whole genome shotgun sequence	NZ_JAQRMY010000003.1.region001
0.3	RiPP_c0.3_famFAM_00148	RiPP	1	1	0.9	rare	NZ_JBXAPX010000005.1 Devosia sp. GW821-FHT12F11 NODE_5_length_446700_cov_56.840628, whole genome shotgun sequence	NZ_JBXAPX010000005.1.region001
0.3	RiPP_c0.3_famFAM_00149	RiPP	1	1	0.9	rare	NZ_CM147875.1 Devosia sp. J20-27 chromosome, whole genome shotgun sequence	NZ_CM147875.1.region001
0.3	RiPP_c0.3_famFAM_00150	RiPP	1	1	0.9	rare	NZ_CP186479.1 Devosia sp. CN2-171 chromosome, complete genome	NZ_CP186479.1.region002
0.3	RiPP_c0.3_famFAM_00151	RiPP	1	1	0.9	rare	NZ_BMZE01000001.1 Devosia pacifica strain KCTC 32437 sequence1, whole genome shotgun sequence	NZ_BMZE01000001.1.region002
0.3	RiPP_c0.3_famFAM_00152	RiPP	1	1	0.9	rare	NZ_JABBDZ010000019.1 Devosia sp. MC1541 Scaffold19_1, whole genome shotgun sequence	NZ_JABBDZ010000019.1.region001
0.3	RiPP_c0.3_famFAM_00153	RiPP	1	1	0.9	rare	NZ_CM147875.1 Devosia sp. J20-27 chromosome, whole genome shotgun sequence	NZ_CM147875.1.region003
0.3	RiPP_c0.3_famFAM_00154	RiPP	1	1	0.9	rare	NZ_JBDGIY010000001.1 Devosia sp. Soil_C_22 NODE_1_length_3502528_cov_134.771868, whole genome shotgun sequence	NZ_JBDGIY010000001.1.region005
0.3	RiPP_c0.3_famFAM_00155	RiPP	1	1	0.9	rare	NZ_MKUZ01000030.1 MAG: Devosia sp. 66-22 SCNpilot_expt_1000_bf_scaffold_96, whole genome shotgun sequence	NZ_MKUZ01000030.1.region001
0.3	RiPP_c0.3_famFAM_00156	RiPP	1	1	0.9	rare	NZ_CP063401.1 Devosia sp. SL43 chromosome, complete genome	NZ_CP063401.1.region006
0.3	RiPP_c0.3_famFAM_00157	RiPP	1	1	0.9	rare	NZ_FXWK01000002.1 Devosia lucknowensis strain L15, whole genome shotgun sequence	NZ_FXWK01000002.1.region001
0.3	RiPP_c0.3_famFAM_00158	RiPP	1	1	0.9	rare	NZ_WQRF01000001.1 Devosia marina strain L53-10-65 NODE_1_length_1615214_cov_52.474690, whole genome shotgun sequence	NZ_WQRF01000001.1.region001
0.3	RiPP_c0.3_famFAM_00159	RiPP	1	1	0.9	rare	NZ_CP045422.1 Devosia beringensis strain S02 chromosome, complete genome	NZ_CP045422.1.region002
0.3	RiPP_c0.3_famFAM_00160	RiPP	1	1	0.9	rare	NZ_STGC01000005.1 Devosia sp. FKR38 NODE_14_length_2742056_cov_203.257278, whole genome shotgun sequence	NZ_STGC01000005.1.region005
0.3	RiPP_c0.3_famFAM_00161	RiPP	1	1	0.9	rare	NZ_JBLXGA010000003.1 MAG: Devosia sp. isolate ET04-05 T04maxbin_out.008RE.5K@3, whole genome shotgun sequence	NZ_JBLXGA010000003.1.region001
0.3	RiPP_c0.3_famFAM_00162	RiPP	1	1	0.9	rare	NZ_JBDGIY010000001.1 Devosia sp. Soil_C_22 NODE_1_length_3502528_cov_134.771868, whole genome shotgun sequence	NZ_JBDGIY010000001.1.region001
0.3	RiPP_c0.3_famFAM_00163	RiPP	1	1	0.9	rare	NZ_AP027921.1 Devosia sp. T2-14 chromosome, complete genome	NZ_AP027921.1.region002
0.3	RiPP_c0.3_famFAM_00164	RiPP	1	1	0.9	rare	NZ_JAFKHE010000031.1 MAG: Devosia sp. isolate SCN18_30_10_14_R3_P_66_71 SCN18_30_10_14_R3_P_scaffold_280, whole genome shotgun sequence	NZ_JAFKHE010000031.1.region001
0.3	RiPP_c0.3_famFAM_00165	RiPP	1	1	0.9	rare	NZ_JADGNE010000033.1 MAG: Devosia sp. isolate N26CT NODE_24_length_219165_cov_20.528168, whole genome shotgun sequence	NZ_JADGNE010000033.1.region001
0.3	RiPP_c0.3_famFAM_00166	RiPP	1	1	0.9	rare	NZ_JBDGIY010000001.1 Devosia sp. Soil_C_22 NODE_1_length_3502528_cov_134.771868, whole genome shotgun sequence	NZ_JBDGIY010000001.1.region002
0.3	RiPP_c0.3_famFAM_00167	RiPP	1	1	0.9	rare	NZ_CP092483.1 Devosia lacusdianchii strain JXJ CY 41 chromosome	NZ_CP092483.1.region001
0.3	other.terpene_c0.3_famFAM_00577	other.terpene	1	1	0.9	rare	NZ_JBHRYD010000001.1 Devosia honganensis strain KCTC 42281 platanus_K_25_97_1, whole genome shotgun sequence	NZ_JBHRYD010000001.1.region001
0.3	other_c0.3_famFAM_00470	other	10	1	0.9	rare	NZ_CP080590.1 Devosia salina strain SCS-3 chromosome, complete genome; NZ_CP094375.1 Devosia sp. Micro-HW1 chromosome, complete genome; NZ_FOMB01000001.1 Devosia psychrophila strain CGMCC 1.10210, whole genome shotgun sequence; NZ_FXWK01000002.1 Devosia lucknowensis strain L15, whole genome shotgun sequence; NZ_JACDXV010000002.1 Devosia faecipullorum strain CC-YST696 contig02, whole genome shotgun sequence; NZ_JAEKMH010000004.1 Devosia sediminis strain MSA67 NODE_4_length_514361_cov_166.640065, whole genome shotgun sequence; NZ_JAMWDU010000002.1 Devosia ureilytica strain XJ19-45 Scaffold2, whole genome shotgun sequence; NZ_JAMZCU010000002.1 Devosia ureilytica strain XJ19-1 Scaffold2, whole genome shotgun sequence; NZ_JBHRYD010000001.1 Devosia honganensis strain KCTC 42281 platanus_K_25_97_1, whole genome shotgun sequence; NZ_JBKJHF010000003.1 Devosia sp. XGJD_8 3, whole genome shotgun sequence	NZ_FXWK01000002.1.region002; NZ_JBHRYD010000001.1.region002; NZ_JBKJHF010000003.1.region001; NZ_FOMB01000001.1.region001; NZ_JAMZCU010000002.1.region001; NZ_JAEKMH010000004.1.region001; NZ_CP094375.1.region003; NZ_CP080590.1.region007; NZ_JACDXV010000002.1.region001; NZ_JAMWDU010000002.1.region002
0.3	other_c0.3_famFAM_00471	other	5	1	0.9	rare	NZ_CP026747.1 Devosia sp. I507 chromosome, complete genome; NZ_CP170082.1 Devosia sp. Naph2 chromosome, complete genome; NZ_JAVKFR010000006.1 MAG: Devosia marina isolate F1-TOW-06 k141_66864, whole genome shotgun sequence; NZ_PYVZ01000009.1 Devosia indica strain IO390501 scaffold9, whole genome shotgun sequence; NZ_WQRF01000002.1 Devosia marina strain L53-10-65 NODE_2_length_636985_cov_56.763128, whole genome shotgun sequence	NZ_CP170082.1.region002; NZ_JAVKFR010000006.1.region001; NZ_PYVZ01000009.1.region001; NZ_CP026747.1.region003; NZ_WQRF01000002.1.region001
0.3	other_c0.3_famFAM_00472	other	5	1	0.9	rare	NZ_CM147870.1 Devosia sp. J2-20 chromosome, whole genome shotgun sequence; NZ_CP118245.1 Devosia sp. J2-20 chromosome; NZ_JAGXTP010000003.1 Devosia litorisediminis strain BSSL-BM10 3, whole genome shotgun sequence; NZ_JAPWHK010000008.1 Devosia neptuniae strain G21611-S1 NODE_8_length_235334_cov_135.292, whole genome shotgun sequence; NZ_JBNMEO010000006.1 MAG: Devosia sp. isolate 3300055174_60 Ga0535679_0000079, whole genome shotgun sequence	NZ_JBNMEO010000006.1.region001; NZ_JAPWHK010000008.1.region001; NZ_CP118245.1.region002; NZ_JAGXTP010000003.1.region001; NZ_CM147870.1.region001
0.3	other_c0.3_famFAM_00473	other	2	1	0.9	rare	NZ_FQVC01000005.1 Devosia limi DSM 17137, whole genome shotgun sequence; NZ_LAJF01000054.1 Devosia limi DSM 17137 NODE_54, whole genome shotgun sequence	NZ_FQVC01000005.1.region001; NZ_LAJF01000054.1.region001
0.3	other_c0.3_famFAM_00474	other	5	1	0.9	rare	NZ_CP059902.1 Devosia sp. MC521 chromosome, complete genome; NZ_JABBDZ010000002.1 Devosia sp. MC1541 Scaffold2_1, whole genome shotgun sequence; NZ_JAEMEB010000015.1 Devosia sp. MC521 Scaffold15_1, whole genome shotgun sequence; NZ_JAEMNZ010000020.1 Devosia sp. MC532 Scaffold20_1, whole genome shotgun sequence; NZ_JAENGO010000005.1 Devosia sp. WQ 349K1 Scaffold4_1, whole genome shotgun sequence	NZ_JAEMNZ010000020.1.region001; NZ_JAENGO010000005.1.region001; NZ_JAEMEB010000015.1.region001; NZ_CP059902.1.region005; NZ_JABBDZ010000002.1.region002
0.3	other_c0.3_famFAM_00475	other	23	1	0.9	rare	NZ_CM147870.1 Devosia sp. J2-20 chromosome, whole genome shotgun sequence; NZ_CP026747.1 Devosia sp. I507 chromosome, complete genome; NZ_CP045422.1 Devosia beringensis strain S02 chromosome, complete genome; NZ_CP080590.1 Devosia salina strain SCS-3 chromosome, complete genome; NZ_CP118245.1 Devosia sp. J2-20 chromosome; NZ_CP146608.1 Devosia sp. XK-2 chromosome, complete genome; NZ_CP170082.1 Devosia sp. Naph2 chromosome, complete genome; NZ_FPCK01000003.1 Devosia crocina strain IPL20, whole genome shotgun sequence; NZ_FQVC01000010.1 Devosia limi DSM 17137, whole genome shotgun sequence; NZ_FXWK01000001.1 Devosia lucknowensis strain L15, whole genome shotgun sequence; NZ_JACIEW010000001.1 Devosia subaequoris strain DSM 23447 Ga0373328_01, whole genome shotgun sequence; NZ_JACYFU010000004.1 Devosia oryzisoli strain PTR5 contig4, whole genome shotgun sequence; NZ_JAGXTP010000001.1 Devosia litorisediminis strain BSSL-BM10 1, whole genome shotgun sequence; NZ_JAMWDU010000009.1 Devosia ureilytica strain XJ19-45 Scaffold9, whole genome shotgun sequence; NZ_JAMYXP010000001.1 Devosia subaequoris strain HST3-14 Scaffold1, whole genome shotgun sequence; NZ_JAMZCU010000006.1 Devosia ureilytica strain XJ19-1 Scaffold6, whole genome shotgun sequence; NZ_JAPWHK010000001.1 Devosia neptuniae strain G21611-S1 NODE_1_length_635483_cov_121.601, whole genome shotgun sequence; NZ_JAVKFR010000022.1 MAG: Devosia marina isolate F1-TOW-06 k141_60500, whole genome shotgun sequence; NZ_JBNMEO010000008.1 MAG: Devosia sp. isolate 3300055174_60 Ga0535679_0000094, whole genome shotgun sequence; NZ_JBTLRJ010000002.1 Devosia sp. CAU 1758 contig2, whole genome shotgun sequence; NZ_LAJF01000076.1 Devosia limi DSM 17137 NODE_76, whole genome shotgun sequence; NZ_PYVZ01000007.1 Devosia indica strain IO390501 scaffold7, whole genome shotgun sequence; NZ_WQRF01000001.1 Devosia marina strain L53-10-65 NODE_1_length_1615214_cov_52.474690, whole genome shotgun sequence	NZ_LAJF01000076.1.region001; NZ_CP118245.1.region004; NZ_JAPWHK010000001.1.region001; NZ_JAMWDU010000009.1.region001; NZ_JBTLRJ010000002.1.region001; NZ_CP045422.1.region005; NZ_JAMYXP010000001.1.region001; NZ_JACIEW010000001.1.region002; NZ_CP146608.1.region001; NZ_WQRF01000001.1.region002; NZ_CP080590.1.region003; NZ_CP170082.1.region006; NZ_CP026747.1.region006; NZ_JAGXTP010000001.1.region004; NZ_FQVC01000010.1.region002; NZ_CM147870.1.region005; NZ_FPCK01000003.1.region001; NZ_JAVKFR010000022.1.region001; NZ_JAMZCU010000006.1.region001; NZ_JACYFU010000004.1.region001; NZ_JBNMEO010000008.1.region001; NZ_FXWK01000001.1.region001; NZ_PYVZ01000007.1.region001
0.3	other_c0.3_famFAM_00476	other	2	1	0.9	rare	NZ_JAFKHC010000005.1 MAG: Devosia sp. isolate SCN18_26_2_15_R2_B_67_34 SCN18_26_2_15_R2_B_scaffold_15, whole genome shotgun sequence; NZ_MKVA01000003.1 MAG: Devosia sp. 67-54 SCNpilot_cont_1000_bf_scaffold_18, whole genome shotgun sequence	NZ_MKVA01000003.1.region002; NZ_JAFKHC010000005.1.region002
0.3	other_c0.3_famFAM_00477	other	11	1	0.9	rare	NZ_CP042304.1 Devosia ginsengisoli strain Gsoil 520 chromosome, complete genome; NZ_CP075529.1 MAG: Devosia sp. isolate TGS_PRO11 chromosome; NZ_JACDXV010000007.1 Devosia faecipullorum strain CC-YST696 contig07, whole genome shotgun sequence; NZ_JAEKMH010000003.1 Devosia sediminis strain MSA67 NODE_3_length_546602_cov_164.757561, whole genome shotgun sequence; NZ_JAMWDU010000007.1 Devosia ureilytica strain XJ19-45 Scaffold7, whole genome shotgun sequence; NZ_JAMZCU010000007.1 Devosia ureilytica strain XJ19-1 Scaffold7, whole genome shotgun sequence; NZ_JANQAJ010000005.1 MAG: Devosia ginsengisoli isolate 46_gen_w_cov.5 c370, whole genome shotgun sequence; NZ_JBKJHF010000001.1 Devosia sp. XGJD_8 1, whole genome shotgun sequence; NZ_LMEM01000013.1 Devosia sp. Root436 contig_6, whole genome shotgun sequence; NZ_LMGZ01000022.1 Devosia sp. Root635 contig_7, whole genome shotgun sequence; NZ_WQRF01000004.1 Devosia marina strain L53-10-65 NODE_4_length_261075_cov_55.401212, whole genome shotgun sequence	NZ_CP042304.1.region006; NZ_JAMZCU010000007.1.region001; NZ_LMEM01000013.1.region001; NZ_WQRF01000004.1.region001; NZ_JAEKMH010000003.1.region001; NZ_JACDXV010000007.1.region001; NZ_CP075529.1.region005; NZ_JBKJHF010000001.1.region001; NZ_JANQAJ010000005.1.region001; NZ_LMGZ01000022.1.region001; NZ_JAMWDU010000007.1.region001
0.3	other_c0.3_famFAM_00478	other	11	1	0.9	rare	NZ_CP026747.1 Devosia sp. I507 chromosome, complete genome; NZ_CP080590.1 Devosia salina strain SCS-3 chromosome, complete genome; NZ_CP094375.1 Devosia sp. Micro-HW1 chromosome, complete genome; NZ_CP146608.1 Devosia sp. XK-2 chromosome, complete genome; NZ_CP170082.1 Devosia sp. Naph2 chromosome, complete genome; NZ_JACIEW010000006.1 Devosia subaequoris strain DSM 23447 Ga0373328_06, whole genome shotgun sequence; NZ_JAMYXP010000006.1 Devosia subaequoris strain HST3-14 Scaffold6, whole genome shotgun sequence; NZ_JAVKFR010000010.1 MAG: Devosia marina isolate F1-TOW-06 k141_67463, whole genome shotgun sequence; NZ_JBHRYD010000007.1 Devosia honganensis strain KCTC 42281 platanus_K_25_97_7, whole genome shotgun sequence; NZ_JBTLRJ010000005.1 Devosia sp. CAU 1758 contig5, whole genome shotgun sequence; NZ_PYVZ01000001.1 Devosia indica strain IO390501 scaffold1, whole genome shotgun sequence	NZ_CP080590.1.region001; NZ_CP094375.1.region004; NZ_CP170082.1.region001; NZ_JAMYXP010000006.1.region001; NZ_JBHRYD010000007.1.region001; NZ_CP146608.1.region002; NZ_CP026747.1.region002; NZ_JAVKFR010000010.1.region001; NZ_PYVZ01000001.1.region001; NZ_JBTLRJ010000005.1.region001; NZ_JACIEW010000006.1.region001
0.3	other_c0.3_famFAM_00479	other	5	1	0.9	rare	NZ_CP034767.1 Devosia sp. 1566 chromosome, complete genome; NZ_JABAOL010000001.1 Devosia sp. 919 Scaffold1_1, whole genome shotgun sequence; NZ_JABAOM010000002.1 Devosia sp. 1635 Scaffold2_1, whole genome shotgun sequence; NZ_JBYUNO010000003.1 Devosia sp. Z6_126 NODE_3_length_955106_cov_138.820264, whole genome shotgun sequence; NZ_JBYUNQ010000001.1 Devosia sp. Z11_6 NODE_1_length_1109201_cov_151.543683, whole genome shotgun sequence	NZ_JABAOM010000002.1.region001; NZ_JABAOL010000001.1.region004; NZ_JBYUNQ010000001.1.region002; NZ_CP034767.1.region003; NZ_JBYUNO010000003.1.region001
0.3	other_c0.3_famFAM_00480	other	4	1	0.9	rare	NZ_CP104002.1 Devosia sp. SD17-2 chromosome, complete genome; NZ_CP104007.1 Devosia sp. FJ2-5-3 chromosome, complete genome; NZ_JACDXV010000002.1 Devosia faecipullorum strain CC-YST696 contig02, whole genome shotgun sequence; NZ_JADGNE010000026.1 MAG: Devosia sp. isolate N26CT NODE_199_length_38659_cov_21.121360, whole genome shotgun sequence	NZ_CP104002.1.region003; NZ_JACDXV010000002.1.region003; NZ_CP104007.1.region004; NZ_JADGNE010000026.1.region001
0.3	other_c0.3_famFAM_00481	other	15	1	0.9	rare	NZ_CAXUPK020000002.1 Devosia sp. LjRoot3 LJR003c2, whole genome shotgun sequence; NZ_CDRNJH010000001.1 Devosia riboflavina isolate Ri144 gnlProkkaBTCC_1, whole genome shotgun sequence; NZ_CP068046.1 Devosia rhizoryzae strain LEGU1 chromosome; NZ_CP075529.1 MAG: Devosia sp. isolate TGS_PRO11 chromosome; NZ_FPCK01000001.1 Devosia crocina strain IPL20, whole genome shotgun sequence; NZ_JACYFU010000004.1 Devosia oryzisoli strain PTR5 contig4, whole genome shotgun sequence; NZ_JAIMBX010000003.1 Devosia sp. BK 9_Devo_3, whole genome shotgun sequence; NZ_JBMQPQ010000012.1 MAG: Devosia sp. isolate isolate1_meta_1_34 k141_568073, whole genome shotgun sequence; NZ_JCACVZ010000001.1 MAG: Devosia sp. isolate TerP_2 Oxa_002_000000000117, whole genome shotgun sequence; NZ_JQGC01000019.1 Devosia riboflavina strain IFO13584 contig19, whole genome shotgun sequence; NZ_JZEY01000061.1 Devosia chinhatensis strain IPL18 NODE_61, whole genome shotgun sequence; NZ_LAJG01000048.1 Devosia soli strain GH2-10 NODE_48, whole genome shotgun sequence; NZ_LMHK01000002.1 Devosia sp. Root685 contig_2, whole genome shotgun sequence; NZ_LMLO01000012.1 Devosia sp. Leaf64 contig_2, whole genome shotgun sequence; NZ_LMQU01000011.1 Devosia sp. Leaf420 contig_4, whole genome shotgun sequence	NZ_FPCK01000001.1.region001; NZ_JBMQPQ010000012.1.region001; NZ_JZEY01000061.1.region002; NZ_JCACVZ010000001.1.region001; NZ_JACYFU010000004.1.region002; NZ_LMHK01000002.1.region001; NZ_LMQU01000011.1.region001; NZ_CAXUPK020000002.1.region001; NZ_CP075529.1.region004; NZ_LMLO01000012.1.region001; NZ_JQGC01000019.1.region001; NZ_CDRNJH010000001.1.region002; NZ_LAJG01000048.1.region001; NZ_CP068046.1.region001; NZ_JAIMBX010000003.1.region002
0.3	other_c0.3_famFAM_00482	other	7	1	0.9	rare	NZ_CP094375.1 Devosia sp. Micro-HW1 chromosome, complete genome; NZ_FXWK01000001.1 Devosia lucknowensis strain L15, whole genome shotgun sequence; NZ_JACIEW010000005.1 Devosia subaequoris strain DSM 23447 Ga0373328_05, whole genome shotgun sequence; NZ_JAMYXP010000004.1 Devosia subaequoris strain HST3-14 Scaffold4, whole genome shotgun sequence; NZ_JAVKFR010000024.1 MAG: Devosia marina isolate F1-TOW-06 k141_61152, whole genome shotgun sequence; NZ_STGC01000005.1 Devosia sp. FKR38 NODE_14_length_2742056_cov_203.257278, whole genome shotgun sequence; NZ_WQRF01000003.1 Devosia marina strain L53-10-65 NODE_3_length_483147_cov_54.383006, whole genome shotgun sequence	NZ_JACIEW010000005.1.region001; NZ_WQRF01000003.1.region001; NZ_JAMYXP010000004.1.region001; NZ_FXWK01000001.1.region005; NZ_CP094375.1.region002; NZ_JAVKFR010000024.1.region001; NZ_STGC01000005.1.region006
0.3	other_c0.3_famFAM_00483	other	6	1	0.9	rare	NZ_CP080590.1 Devosia salina strain SCS-3 chromosome, complete genome; NZ_CP170082.1 Devosia sp. Naph2 chromosome, complete genome; NZ_JAMWDU010000005.1 Devosia ureilytica strain XJ19-45 Scaffold5, whole genome shotgun sequence; NZ_JAMZCU010000005.1 Devosia ureilytica strain XJ19-1 Scaffold5, whole genome shotgun sequence; NZ_JBKJHF010000002.1 Devosia sp. XGJD_8 2, whole genome shotgun sequence; NZ_JBTLRJ010000001.1 Devosia sp. CAU 1758 contig1, whole genome shotgun sequence	NZ_CP080590.1.region006; NZ_CP170082.1.region003; NZ_JBKJHF010000002.1.region001; NZ_JBTLRJ010000001.1.region001; NZ_JAMZCU010000005.1.region001; NZ_JAMWDU010000005.1.region001
0.3	other_c0.3_famFAM_00484	other	5	1	0.9	rare	NZ_CP059902.1 Devosia sp. MC521 chromosome, complete genome; NZ_JABBDZ010000006.1 Devosia sp. MC1541 Scaffold6_1, whole genome shotgun sequence; NZ_JAEMEB010000016.1 Devosia sp. MC521 Scaffold16_1, whole genome shotgun sequence; NZ_JAEMNZ010000007.1 Devosia sp. MC532 Scaffold7_1, whole genome shotgun sequence; NZ_JAENGO010000004.1 Devosia sp. WQ 349K1 Scaffold3_1, whole genome shotgun sequence	NZ_JABBDZ010000006.1.region001; NZ_JAENGO010000004.1.region001; NZ_JAEMEB010000016.1.region001; NZ_CP059902.1.region004; NZ_JAEMNZ010000007.1.region001
0.3	other_c0.3_famFAM_00485	other	7	1	0.9	rare	NZ_CP126539.1 Devosia rhizosphaerae strain RR2S18 chromosome, complete genome; NZ_FQVC01000003.1 Devosia limi DSM 17137, whole genome shotgun sequence; NZ_LAJF01000036.1 Devosia limi DSM 17137 NODE_36, whole genome shotgun sequence; NZ_LMGZ01000023.1 Devosia sp. Root635 contig_8, whole genome shotgun sequence; NZ_LVVY01000098.1 Devosia elaeis strain S37 DIN_R1_(paired)_trimmed_(paired)_contig_50, whole genome shotgun sequence; NZ_PYVW01000002.1 Devosia naphthalenivorans strain CM5-1 scaffold2, whole genome shotgun sequence; NZ_PYWB01000008.1 Devosia submarina strain JCM 18935 scaffold8, whole genome shotgun sequence	NZ_LMGZ01000023.1.region001; NZ_LAJF01000036.1.region001; NZ_LVVY01000098.1.region001; NZ_PYVW01000002.1.region001; NZ_FQVC01000003.1.region001; NZ_CP126539.1.region001; NZ_PYWB01000008.1.region001
0.3	other_c0.3_famFAM_00486	other	4	1	0.9	rare	NZ_BSNG01000001.1 Devosia yakushimensis strain NBRC 103855 sequence01, whole genome shotgun sequence; NZ_CP104965.1 Devosia neptuniae strain A18/4-1 chromosome, complete genome; NZ_JBJDRE010000012.1 Devosia sp. ZW T5_3 ZW_T5_3_contig_012, whole genome shotgun sequence; NZ_JNNO01000044.1 Devosia sp. LC5 contig6, whole genome shotgun sequence	NZ_BSNG01000001.1.region001; NZ_JNNO01000044.1.region001; NZ_JBJDRE010000012.1.region001; NZ_CP104965.1.region002
0.3	other_c0.3_famFAM_00487	other	5	1	0.9	rare	NZ_CP059902.1 Devosia sp. MC521 chromosome, complete genome; NZ_JABBDZ010000005.1 Devosia sp. MC1541 Scaffold5_1, whole genome shotgun sequence; NZ_JAEMEB010000003.1 Devosia sp. MC521 Scaffold3_1, whole genome shotgun sequence; NZ_JAEMNZ010000002.1 Devosia sp. MC532 Scaffold2_1, whole genome shotgun sequence; NZ_JAENGO010000001.1 Devosia sp. WQ 349K1 Scaffold1_1, whole genome shotgun sequence	NZ_JAENGO010000001.1.region001; NZ_JAEMEB010000003.1.region001; NZ_JAEMNZ010000002.1.region001; NZ_CP059902.1.region003; NZ_JABBDZ010000005.1.region001
0.3	other_c0.3_famFAM_00488	other	3	1	0.9	rare	NZ_CP170084.1 Devosia sp. Naph2 plasmid unnamed2, complete sequence; NZ_JBTSEP010000004.1 MAG: Devosia sp. isolate ML34-012-05 ML34_012_NODE_48_length_147816_cov_8.746420, whole genome shotgun sequence; NZ_JBVKGV010000043.1 MAG: Devosia sp. isolate ML34-006-05 ML34_006_NODE_920_length_25440_cov_2.136373, whole genome shotgun sequence	NZ_JBVKGV010000043.1.region001; NZ_JBTSEP010000004.1.region001; NZ_CP170084.1.region001
0.3	other_c0.3_famFAM_00489	other	3	1	0.9	rare	NZ_CP104964.1 Devosia neptuniae strain A18/4-1 plasmid p_unnamed1, complete sequence; NZ_CP170085.1 Devosia sp. Naph2 plasmid unnamed3, complete sequence; NZ_JBEPOL010000012.1 Devosia sp. UYZn731 Ga0493902_12, whole genome shotgun sequence	NZ_JBEPOL010000012.1.region001; NZ_CP104964.1.region001; NZ_CP170085.1.region001
0.3	other_c0.3_famFAM_00490	other	6	1	0.9	rare	NZ_CP026747.1 Devosia sp. I507 chromosome, complete genome; NZ_CP146608.1 Devosia sp. XK-2 chromosome, complete genome; NZ_JAMWDU010000003.1 Devosia ureilytica strain XJ19-45 Scaffold3, whole genome shotgun sequence; NZ_JAMZCU010000003.1 Devosia ureilytica strain XJ19-1 Scaffold3, whole genome shotgun sequence; NZ_PYVZ01000019.1 Devosia indica strain IO390501 scaffold19, whole genome shotgun sequence; NZ_WQRF01000001.1 Devosia marina strain L53-10-65 NODE_1_length_1615214_cov_52.474690, whole genome shotgun sequence	NZ_JAMZCU010000003.1.region001; NZ_WQRF01000001.1.region004; NZ_CP026747.1.region004; NZ_CP146608.1.region005; NZ_PYVZ01000019.1.region001; NZ_JAMWDU010000003.1.region001
0.3	other_c0.3_famFAM_00491	other	7	1	0.9	rare	NZ_CM147870.1 Devosia sp. J2-20 chromosome, whole genome shotgun sequence; NZ_CP045422.1 Devosia beringensis strain S02 chromosome, complete genome; NZ_CP118245.1 Devosia sp. J2-20 chromosome; NZ_JAGXTP010000001.1 Devosia litorisediminis strain BSSL-BM10 1, whole genome shotgun sequence; NZ_JAPWHK010000003.1 Devosia neptuniae strain G21611-S1 NODE_3_length_471733_cov_115.273, whole genome shotgun sequence; NZ_JBNMEO010000093.1 MAG: Devosia sp. isolate 3300055174_60 Ga0535679_0004564, whole genome shotgun sequence; NZ_STGC01000005.1 Devosia sp. FKR38 NODE_14_length_2742056_cov_203.257278, whole genome shotgun sequence	NZ_JAGXTP010000001.1.region002; NZ_CM147870.1.region003; NZ_CP045422.1.region004; NZ_CP118245.1.region006; NZ_STGC01000005.1.region004; NZ_JAPWHK010000003.1.region001; NZ_JBNMEO010000093.1.region001
0.3	other_c0.3_famFAM_00492	other	10	1	0.9	rare	NZ_CAXUPK020000005.1 Devosia sp. LjRoot3 LJR003c5, whole genome shotgun sequence; NZ_CDRNJH010000001.1 Devosia riboflavina isolate Ri144 gnlProkkaBTCC_1, whole genome shotgun sequence; NZ_FPCK01000001.1 Devosia crocina strain IPL20, whole genome shotgun sequence; NZ_JAIMBX010000001.1 Devosia sp. BK 9_Devo_1, whole genome shotgun sequence; NZ_JBMQPQ010000014.1 MAG: Devosia sp. isolate isolate1_meta_1_34 k141_605893, whole genome shotgun sequence; NZ_JCACVZ010000001.1 MAG: Devosia sp. isolate TerP_2 Oxa_002_000000000117, whole genome shotgun sequence; NZ_JQGC01000033.1 Devosia riboflavina strain IFO13584 contig33, whole genome shotgun sequence; NZ_LMHK01000001.1 Devosia sp. Root685 contig_1, whole genome shotgun sequence; NZ_LMLO01000024.1 Devosia sp. Leaf64 contig_9, whole genome shotgun sequence; NZ_LMQU01000013.1 Devosia sp. Leaf420 contig_6, whole genome shotgun sequence	NZ_LMHK01000001.1.region001; NZ_JAIMBX010000001.1.region001; NZ_LMLO01000024.1.region001; NZ_CDRNJH010000001.1.region003; NZ_FPCK01000001.1.region002; NZ_JBMQPQ010000014.1.region001; NZ_LMQU01000013.1.region001; NZ_JQGC01000033.1.region001; NZ_CAXUPK020000005.1.region001; NZ_JCACVZ010000001.1.region002
0.3	other_c0.3_famFAM_00493	other	2	1	0.9	rare	NZ_CP042304.1 Devosia ginsengisoli strain Gsoil 520 chromosome, complete genome; NZ_LMGZ01000018.1 Devosia sp. Root635 contig_3, whole genome shotgun sequence	NZ_LMGZ01000018.1.region001; NZ_CP042304.1.region003
0.3	other_c0.3_famFAM_00494	other	2	1	0.9	rare	NZ_JBTLRJ010000001.1 Devosia sp. CAU 1758 contig1, whole genome shotgun sequence; NZ_LAJG01000014.1 Devosia soli strain GH2-10 NODE_14, whole genome shotgun sequence	NZ_LAJG01000014.1.region002; NZ_JBTLRJ010000001.1.region002
0.3	other_c0.3_famFAM_00495	other	2	1	0.9	rare	NZ_JAFKHC010000003.1 MAG: Devosia sp. isolate SCN18_26_2_15_R2_B_67_34 SCN18_26_2_15_R2_B_scaffold_2, whole genome shotgun sequence; NZ_MKVA01000005.1 MAG: Devosia sp. 67-54 SCNpilot_cont_1000_bf_scaffold_3, whole genome shotgun sequence	NZ_MKVA01000005.1.region001; NZ_JAFKHC010000003.1.region001
0.3	other_c0.3_famFAM_00496	other	2	1	0.9	rare	NZ_JAQGJV010000082.1 MAG: Devosia sp. isolate RYN_494 scaffold_251191, whole genome shotgun sequence; NZ_JBEPOL010000004.1 Devosia sp. UYZn731 Ga0493902_04, whole genome shotgun sequence	NZ_JAQGJV010000082.1.region001; NZ_JBEPOL010000004.1.region001
0.3	other_c0.3_famFAM_00497	other	2	1	0.9	rare	NZ_JAQGJM010000015.1 MAG: Devosia sp. isolate RYN_485 scaffold_2972844, whole genome shotgun sequence; NZ_JAQGJV010000024.1 MAG: Devosia sp. isolate RYN_494 scaffold_5055289, whole genome shotgun sequence	NZ_JAQGJV010000024.1.region001; NZ_JAQGJM010000015.1.region001
0.3	other_c0.3_famFAM_00498	other	2	1	0.9	rare	NZ_BSNS01000008.1 Devosia nitrariae strain NBRC 112416 sequence08, whole genome shotgun sequence; NZ_JBHLYO010000001.1 Devosia nitrariae strain NBRC 112416 platanus_K_default_1, whole genome shotgun sequence	NZ_BSNS01000008.1.region001; NZ_JBHLYO010000001.1.region001
0.3	other_c0.3_famFAM_00499	other	4	1	0.9	rare	NZ_CP042304.1 Devosia ginsengisoli strain Gsoil 520 chromosome, complete genome; NZ_JANQAJ010000011.1 MAG: Devosia ginsengisoli isolate 46_gen_w_cov.5 c262, whole genome shotgun sequence; NZ_LMEM01000015.1 Devosia sp. Root436 contig_8, whole genome shotgun sequence; NZ_LMGZ01000004.1 Devosia sp. Root635 contig_12, whole genome shotgun sequence	NZ_CP042304.1.region001; NZ_LMGZ01000004.1.region001; NZ_LMEM01000015.1.region001; NZ_JANQAJ010000011.1.region002
0.3	other_c0.3_famFAM_00500	other	2	1	0.9	rare	NZ_BSNS01000002.1 Devosia nitrariae strain NBRC 112416 sequence02, whole genome shotgun sequence; NZ_JBHLYO010000011.1 Devosia nitrariae strain NBRC 112416 platanus_K_default_11, whole genome shotgun sequence	NZ_JBHLYO010000011.1.region001; NZ_BSNS01000002.1.region001
0.3	other_c0.3_famFAM_00501	other	5	1	0.9	rare	NZ_CAXUPK020000007.1 Devosia sp. LjRoot3 LJR003c7, whole genome shotgun sequence; NZ_CDRNJH010000001.1 Devosia riboflavina isolate Ri144 gnlProkkaBTCC_1, whole genome shotgun sequence; NZ_JBMQPQ010000006.1 MAG: Devosia sp. isolate isolate1_meta_1_34 k141_310111, whole genome shotgun sequence; NZ_JQGC01000003.1 Devosia riboflavina strain IFO13584 contig3, whole genome shotgun sequence; NZ_LMHK01000003.1 Devosia sp. Root685 contig_3, whole genome shotgun sequence	NZ_JQGC01000003.1.region001; NZ_JBMQPQ010000006.1.region001; NZ_CAXUPK020000007.1.region001; NZ_LMHK01000003.1.region001; NZ_CDRNJH010000001.1.region001
0.3	other_c0.3_famFAM_00502	other	2	1	0.9	rare	NZ_JAFKHC010000009.1 MAG: Devosia sp. isolate SCN18_26_2_15_R2_B_67_34 SCN18_26_2_15_R2_B_scaffold_40, whole genome shotgun sequence; NZ_MKVA01000006.1 MAG: Devosia sp. 67-54 SCNpilot_cont_1000_bf_scaffold_34, whole genome shotgun sequence	NZ_MKVA01000006.1.region001; NZ_JAFKHC010000009.1.region001
0.3	other_c0.3_famFAM_00503	other	3	1	0.9	rare	NZ_JAQGJM010000040.1 MAG: Devosia sp. isolate RYN_485 scaffold_1327769, whole genome shotgun sequence; NZ_JAQGJV010000035.1 MAG: Devosia sp. isolate RYN_494 scaffold_5976185, whole genome shotgun sequence; NZ_JBEPOL010000003.1 Devosia sp. UYZn731 Ga0493902_03, whole genome shotgun sequence	NZ_JAQGJV010000035.1.region001; NZ_JAQGJM010000040.1.region001; NZ_JBEPOL010000003.1.region001
0.3	other_c0.3_famFAM_00504	other	3	1	0.9	rare	NZ_JBHTMH010000003.1 Devosia equisanguinis strain CCM 8868 GCM70027366_18, whole genome shotgun sequence; NZ_MKUY01000004.1 MAG: Devosia sp. 63-57 SCNpilot_expt_1000_bf_scaffold_29, whole genome shotgun sequence; NZ_UZWD01000022.1 Devosia equisanguinis strain CIP 111628, whole genome shotgun sequence	NZ_UZWD01000022.1.region001; NZ_MKUY01000004.1.region001; NZ_JBHTMH010000003.1.region001
0.3	other_c0.3_famFAM_00505	other	4	1	0.9	rare	NZ_BSNG01000001.1 Devosia yakushimensis strain NBRC 103855 sequence01, whole genome shotgun sequence; NZ_CP104965.1 Devosia neptuniae strain A18/4-1 chromosome, complete genome; NZ_JBJDRE010000003.1 Devosia sp. ZW T5_3 ZW_T5_3_contig_003, whole genome shotgun sequence; NZ_JNNO01000023.1 Devosia sp. LC5 contig3, whole genome shotgun sequence	NZ_CP104965.1.region003; NZ_JBJDRE010000003.1.region001; NZ_BSNG01000001.1.region002; NZ_JNNO01000023.1.region001
0.3	other_c0.3_famFAM_00506	other	5	1	0.9	rare	NZ_AP027921.1 Devosia sp. T2-14 chromosome, complete genome; NZ_FOMB01000007.1 Devosia psychrophila strain CGMCC 1.10210, whole genome shotgun sequence; NZ_JBTMWU010000002.1 Devosia sp. A449 Scaffold2, whole genome shotgun sequence; NZ_JBTMWV010000001.1 Devosia sp. A369 Scaffold1, whole genome shotgun sequence; NZ_LMEM01000009.1 Devosia sp. Root436 contig_2, whole genome shotgun sequence	NZ_LMEM01000009.1.region001; NZ_JBTMWV010000001.1.region001; NZ_AP027921.1.region004; NZ_FOMB01000007.1.region001; NZ_JBTMWU010000002.1.region001
0.3	other_c0.3_famFAM_00507	other	4	1	0.9	rare	NZ_CP104002.1 Devosia sp. SD17-2 chromosome, complete genome; NZ_CP104007.1 Devosia sp. FJ2-5-3 chromosome, complete genome; NZ_FPCK01000004.1 Devosia crocina strain IPL20, whole genome shotgun sequence; NZ_JCACVZ010000001.1 MAG: Devosia sp. isolate TerP_2 Oxa_002_000000000117, whole genome shotgun sequence	NZ_FPCK01000004.1.region001; NZ_CP104002.1.region004; NZ_JCACVZ010000001.1.region004; NZ_CP104007.1.region005
0.3	other_c0.3_famFAM_00508	other	3	1	0.9	rare	NZ_JAIMBX010000004.1 Devosia sp. BK 9_Devo_4, whole genome shotgun sequence; NZ_LMLO01000002.1 Devosia sp. Leaf64 contig_10, whole genome shotgun sequence; NZ_LMQU01000014.1 Devosia sp. Leaf420 contig_7, whole genome shotgun sequence	NZ_JAIMBX010000004.1.region001; NZ_LMQU01000014.1.region001; NZ_LMLO01000002.1.region001
0.3	other_c0.3_famFAM_00509	other	7	1	0.9	rare	NZ_FOMB01000021.1 Devosia psychrophila strain CGMCC 1.10210, whole genome shotgun sequence; NZ_FQVC01000014.1 Devosia limi DSM 17137, whole genome shotgun sequence; NZ_JAPWHK010000012.1 Devosia neptuniae strain G21611-S1 NODE_12_length_122917_cov_11.4053, whole genome shotgun sequence; NZ_JAVKFR010000033.1 MAG: Devosia marina isolate F1-TOW-06 k141_74518, whole genome shotgun sequence; NZ_JBTMWV010000039.1 Devosia sp. A369 Scaffold39, whole genome shotgun sequence; NZ_JQGC01000048.1 Devosia riboflavina strain IFO13584 contig48, whole genome shotgun sequence; NZ_LAJF01000040.1 Devosia limi DSM 17137 NODE_40, whole genome shotgun sequence	NZ_FQVC01000014.1.region001; NZ_JAPWHK010000012.1.region001; NZ_JBTMWV010000039.1.region001; NZ_FOMB01000021.1.region001; NZ_JAVKFR010000033.1.region002; NZ_JQGC01000048.1.region001; NZ_LAJF01000040.1.region001
0.3	other_c0.3_famFAM_00510	other	2	1	0.9	rare	NZ_FQVC01000010.1 Devosia limi DSM 17137, whole genome shotgun sequence; NZ_LAJF01000076.1 Devosia limi DSM 17137 NODE_76, whole genome shotgun sequence	NZ_LAJF01000076.1.region002; NZ_FQVC01000010.1.region001
0.3	other_c0.3_famFAM_00511	other	5	1	0.9	rare	NZ_CM147870.1 Devosia sp. J2-20 chromosome, whole genome shotgun sequence; NZ_CP118245.1 Devosia sp. J2-20 chromosome; NZ_JAGXTP010000001.1 Devosia litorisediminis strain BSSL-BM10 1, whole genome shotgun sequence; NZ_JAPWHK010000005.1 Devosia neptuniae strain G21611-S1 NODE_5_length_349380_cov_128.949, whole genome shotgun sequence; NZ_JBNMEO010000001.1 MAG: Devosia sp. isolate 3300055174_60 Ga0535679_0000049, whole genome shotgun sequence	NZ_JAGXTP010000001.1.region001; NZ_CM147870.1.region002; NZ_CP118245.1.region001; NZ_JBNMEO010000001.1.region001; NZ_JAPWHK010000005.1.region001
0.3	other_c0.3_famFAM_00512	other	5	1	0.9	rare	NZ_CP034767.1 Devosia sp. 1566 chromosome, complete genome; NZ_JABAOL010000001.1 Devosia sp. 919 Scaffold1_1, whole genome shotgun sequence; NZ_JABAOM010000003.1 Devosia sp. 1635 Scaffold3_1, whole genome shotgun sequence; NZ_JBYUNO010000001.1 Devosia sp. Z6_126 NODE_1_length_1401190_cov_167.528294, whole genome shotgun sequence; NZ_JBYUNQ010000002.1 Devosia sp. Z11_6 NODE_2_length_859975_cov_197.188371, whole genome shotgun sequence	NZ_JABAOL010000001.1.region001; NZ_JBYUNQ010000002.1.region001; NZ_CP034767.1.region005; NZ_JBYUNO010000001.1.region002; NZ_JABAOM010000003.1.region001
0.3	other_c0.3_famFAM_00513	other	2	1	0.9	rare	NZ_JBTMWU010000004.1 Devosia sp. A449 Scaffold4, whole genome shotgun sequence; NZ_JBTMWV010000004.1 Devosia sp. A369 Scaffold4, whole genome shotgun sequence	NZ_JBTMWU010000004.1.region002; NZ_JBTMWV010000004.1.region001
0.3	other_c0.3_famFAM_00514	other	2	1	0.9	rare	NZ_JAMWDU010000002.1 Devosia ureilytica strain XJ19-45 Scaffold2, whole genome shotgun sequence; NZ_JAMZCU010000002.1 Devosia ureilytica strain XJ19-1 Scaffold2, whole genome shotgun sequence	NZ_JAMZCU010000002.1.region002; NZ_JAMWDU010000002.1.region001
0.3	other_c0.3_famFAM_00515	other	2	1	0.9	rare	NZ_BSNS01000007.1 Devosia nitrariae strain NBRC 112416 sequence07, whole genome shotgun sequence; NZ_JBHLYO010000012.1 Devosia nitrariae strain NBRC 112416 platanus_K_default_12, whole genome shotgun sequence	NZ_BSNS01000007.1.region002; NZ_JBHLYO010000012.1.region001
0.3	other_c0.3_famFAM_00516	other	2	1	0.9	rare	NZ_JAFKHC010000005.1 MAG: Devosia sp. isolate SCN18_26_2_15_R2_B_67_34 SCN18_26_2_15_R2_B_scaffold_15, whole genome shotgun sequence; NZ_MKVA01000003.1 MAG: Devosia sp. 67-54 SCNpilot_cont_1000_bf_scaffold_18, whole genome shotgun sequence	NZ_JAFKHC010000005.1.region001; NZ_MKVA01000003.1.region001
0.3	other_c0.3_famFAM_00517	other	4	1	0.9	rare	NZ_CP104007.1 Devosia sp. FJ2-5-3 chromosome, complete genome; NZ_JAIMBX010000002.1 Devosia sp. BK 9_Devo_2, whole genome shotgun sequence; NZ_LMLO01000019.1 Devosia sp. Leaf64 contig_4, whole genome shotgun sequence; NZ_LMQU01000010.1 Devosia sp. Leaf420 contig_3, whole genome shotgun sequence	NZ_LMLO01000019.1.region001; NZ_CP104007.1.region001; NZ_JAIMBX010000002.1.region001; NZ_LMQU01000010.1.region001
0.3	other_c0.3_famFAM_00518	other	3	1	0.9	rare	NZ_JBHTMH010000001.1 Devosia equisanguinis strain CCM 8868 GCM70027366_15, whole genome shotgun sequence; NZ_MKUY01000003.1 MAG: Devosia sp. 63-57 SCNpilot_expt_1000_bf_scaffold_28, whole genome shotgun sequence; NZ_UZWD01000036.1 Devosia equisanguinis strain CIP 111628, whole genome shotgun sequence	NZ_JBHTMH010000001.1.region001; NZ_UZWD01000036.1.region001; NZ_MKUY01000003.1.region002
0.3	other_c0.3_famFAM_00519	other	2	1	0.9	rare	NZ_JBTMWU010000001.1 Devosia sp. A449 Scaffold1, whole genome shotgun sequence; NZ_JBTMWV010000009.1 Devosia sp. A369 Scaffold9, whole genome shotgun sequence	NZ_JBTMWV010000009.1.region001; NZ_JBTMWU010000001.1.region002
0.3	other_c0.3_famFAM_00520	other	2	1	0.9	rare	NZ_FQVC01000004.1 Devosia limi DSM 17137, whole genome shotgun sequence; NZ_LAJF01000062.1 Devosia limi DSM 17137 NODE_62, whole genome shotgun sequence	NZ_FQVC01000004.1.region001; NZ_LAJF01000062.1.region001
0.3	other_c0.3_famFAM_00521	other	2	1	0.9	rare	NZ_LMEM01000010.1 Devosia sp. Root436 contig_3, whole genome shotgun sequence; NZ_LMGZ01000019.1 Devosia sp. Root635 contig_4, whole genome shotgun sequence	NZ_LMGZ01000019.1.region001; NZ_LMEM01000010.1.region001
0.3	other_c0.3_famFAM_00522	other	2	1	0.9	rare	NZ_JAFKHC010000010.1 MAG: Devosia sp. isolate SCN18_26_2_15_R2_B_67_34 SCN18_26_2_15_R2_B_scaffold_56, whole genome shotgun sequence; NZ_MKVA01000002.1 MAG: Devosia sp. 67-54 SCNpilot_cont_1000_bf_scaffold_153, whole genome shotgun sequence	NZ_JAFKHC010000010.1.region001; NZ_MKVA01000002.1.region001
0.3	other_c0.3_famFAM_00523	other	1	1	0.9	rare	NZ_BMZE01000004.1 Devosia pacifica strain KCTC 32437 sequence4, whole genome shotgun sequence	NZ_BMZE01000004.1.region001
0.3	other_c0.3_famFAM_00524	other	1	1	0.9	rare	NZ_CP068046.1 Devosia rhizoryzae strain LEGU1 chromosome	NZ_CP068046.1.region002
0.3	other_c0.3_famFAM_00525	other	1	1	0.9	rare	NZ_AP027921.1 Devosia sp. T2-14 chromosome, complete genome	NZ_AP027921.1.region001
0.3	other_c0.3_famFAM_00526	other	1	1	0.9	rare	NZ_STGC01000002.1 Devosia sp. FKR38 NODE_4_length_1043381_cov_214.428558, whole genome shotgun sequence	NZ_STGC01000002.1.region001
0.3	other_c0.3_famFAM_00527	other	1	1	0.9	rare	NZ_JBTLRJ010000003.1 Devosia sp. CAU 1758 contig3, whole genome shotgun sequence	NZ_JBTLRJ010000003.1.region002
0.3	other_c0.3_famFAM_00528	other	1	1	0.9	rare	NZ_JAQGJV010000048.1 MAG: Devosia sp. isolate RYN_494 scaffold_3063531, whole genome shotgun sequence	NZ_JAQGJV010000048.1.region001
0.3	other_c0.3_famFAM_00529	other	1	1	0.9	rare	NZ_CP068047.1 Devosia oryziradicis strain G19 chromosome	NZ_CP068047.1.region001
0.3	other_c0.3_famFAM_00530	other	1	1	0.9	rare	NZ_CP092483.1 Devosia lacusdianchii strain JXJ CY 41 chromosome	NZ_CP092483.1.region002
0.3	other_c0.3_famFAM_00531	other	1	1	0.9	rare	NZ_MKUZ01000013.1 MAG: Devosia sp. 66-22 SCNpilot_expt_1000_bf_scaffold_286, whole genome shotgun sequence	NZ_MKUZ01000013.1.region001
0.3	other_c0.3_famFAM_00532	other	1	1	0.9	rare	NZ_JQGC01000025.1 Devosia riboflavina strain IFO13584 contig25, whole genome shotgun sequence	NZ_JQGC01000025.1.region001
0.3	other_c0.3_famFAM_00533	other	1	1	0.9	rare	NZ_JBHUNP010000001.1 Devosia albogilva strain CCM 7427 tig00000001, whole genome shotgun sequence	NZ_JBHUNP010000001.1.region002
0.3	other_c0.3_famFAM_00534	other	1	1	0.9	rare	NZ_BMZE01000002.1 Devosia pacifica strain KCTC 32437 sequence2, whole genome shotgun sequence	NZ_BMZE01000002.1.region001
0.3	other_c0.3_famFAM_00535	other	1	1	0.9	rare	NZ_CP092483.1 Devosia lacusdianchii strain JXJ CY 41 chromosome	NZ_CP092483.1.region004
0.3	other_c0.3_famFAM_00536	other	1	1	0.9	rare	NZ_CP045422.1 Devosia beringensis strain S02 chromosome, complete genome	NZ_CP045422.1.region001
0.3	other_c0.3_famFAM_00537	other	1	1	0.9	rare	NZ_PYWB01000003.1 Devosia submarina strain JCM 18935 scaffold3, whole genome shotgun sequence	NZ_PYWB01000003.1.region001
0.3	other_c0.3_famFAM_00538	other	1	1	0.9	rare	NZ_CP126539.1 Devosia rhizosphaerae strain RR2S18 chromosome, complete genome	NZ_CP126539.1.region004
0.3	other_c0.3_famFAM_00539	other	1	1	0.9	rare	NZ_CP042304.1 Devosia ginsengisoli strain Gsoil 520 chromosome, complete genome	NZ_CP042304.1.region004
0.3	other_c0.3_famFAM_00540	other	1	1	0.9	rare	NZ_CP127251.1 Devosia sp. YIM 151766 chromosome, complete genome	NZ_CP127251.1.region002
0.3	other_c0.3_famFAM_00541	other	1	1	0.9	rare	NZ_JBEPOL010000008.1 Devosia sp. UYZn731 Ga0493902_08, whole genome shotgun sequence	NZ_JBEPOL010000008.1.region001
0.3	other_c0.3_famFAM_00542	other	1	1	0.9	rare	NZ_FOFL01000002.1 Devosia sp. YR412, whole genome shotgun sequence	NZ_FOFL01000002.1.region001
0.3	other_c0.3_famFAM_00543	other	1	1	0.9	rare	NZ_JBLXGA010000002.1 MAG: Devosia sp. isolate ET04-05 T04maxbin_out.008RE.5K@2, whole genome shotgun sequence	NZ_JBLXGA010000002.1.region001
0.3	other_c0.3_famFAM_00544	other	1	1	0.9	rare	NZ_JACYFU010000001.1 Devosia oryzisoli strain PTR5 contig1, whole genome shotgun sequence	NZ_JACYFU010000001.1.region001
0.3	other_c0.3_famFAM_00545	other	1	1	0.9	rare	NZ_JZEY01000054.1 Devosia chinhatensis strain IPL18 NODE_54, whole genome shotgun sequence	NZ_JZEY01000054.1.region003
0.3	other_c0.3_famFAM_00546	other	1	1	0.9	rare	NZ_FOMB01000022.1 Devosia psychrophila strain CGMCC 1.10210, whole genome shotgun sequence	NZ_FOMB01000022.1.region001
0.3	other_c0.3_famFAM_00547	other	1	1	0.9	rare	NZ_JAFKHE010000012.1 MAG: Devosia sp. isolate SCN18_30_10_14_R3_P_66_71 SCN18_30_10_14_R3_P_scaffold_36, whole genome shotgun sequence	NZ_JAFKHE010000012.1.region001
0.3	other_c0.3_famFAM_00548	other	1	1	0.9	rare	NZ_FXWK01000001.1 Devosia lucknowensis strain L15, whole genome shotgun sequence	NZ_FXWK01000001.1.region004
0.3	other_c0.3_famFAM_00549	other	1	1	0.9	rare	NZ_CP126539.1 Devosia rhizosphaerae strain RR2S18 chromosome, complete genome	NZ_CP126539.1.region003
0.3	other_c0.3_famFAM_00550	other	1	1	0.9	rare	NZ_PYVW01000018.1 Devosia naphthalenivorans strain CM5-1 scaffold18, whole genome shotgun sequence	NZ_PYVW01000018.1.region001
0.3	other_c0.3_famFAM_00551	other	1	1	0.9	rare	NZ_JBLXGA010000009.1 MAG: Devosia sp. isolate ET04-05 T04maxbin_out.008RE.5K@9, whole genome shotgun sequence	NZ_JBLXGA010000009.1.region001
0.3	other_c0.3_famFAM_00552	other	1	1	0.9	rare	NZ_FOFL01000002.1 Devosia sp. YR412, whole genome shotgun sequence	NZ_FOFL01000002.1.region002
0.3	other_c0.3_famFAM_00553	other	1	1	0.9	rare	NZ_CP068046.1 Devosia rhizoryzae strain LEGU1 chromosome	NZ_CP068046.1.region005
0.3	other_c0.3_famFAM_00554	other	1	1	0.9	rare	NZ_CP063401.1 Devosia sp. SL43 chromosome, complete genome	NZ_CP063401.1.region004
0.3	other_c0.3_famFAM_00555	other	1	1	0.9	rare	NZ_JAQGJM010000009.1 MAG: Devosia sp. isolate RYN_485 scaffold_227217, whole genome shotgun sequence	NZ_JAQGJM010000009.1.region001
0.3	other_c0.3_famFAM_00556	other	1	1	0.9	rare	NZ_CP075529.1 MAG: Devosia sp. isolate TGS_PRO11 chromosome	NZ_CP075529.1.region003
0.3	other_c0.3_famFAM_00557	other	1	1	0.9	rare	NZ_JBKJHF010000001.1 Devosia sp. XGJD_8 1, whole genome shotgun sequence	NZ_JBKJHF010000001.1.region003
0.3	other_c0.3_famFAM_00558	other	1	1	0.9	rare	NZ_CP092483.1 Devosia lacusdianchii strain JXJ CY 41 chromosome	NZ_CP092483.1.region005
0.3	other_c0.3_famFAM_00559	other	1	1	0.9	rare	NZ_JBEPOL010000007.1 Devosia sp. UYZn731 Ga0493902_07, whole genome shotgun sequence	NZ_JBEPOL010000007.1.region001
0.3	other_c0.3_famFAM_00560	other	1	1	0.9	rare	NZ_LANJ01000004.1 Devosia epidermidihirudinis strain E84 contig4, whole genome shotgun sequence	NZ_LANJ01000004.1.region001
0.3	other_c0.3_famFAM_00561	other	1	1	0.9	rare	NZ_CP063401.1 Devosia sp. SL43 chromosome, complete genome	NZ_CP063401.1.region002
0.3	other_c0.3_famFAM_00562	other	1	1	0.9	rare	NZ_JBEPOO010000001.1 Devosia sp. 2618 Ga0501505_01, whole genome shotgun sequence	NZ_JBEPOO010000001.1.region001
0.3	other_c0.3_famFAM_00563	other	1	1	0.9	rare	NZ_JQGC01000006.1 Devosia riboflavina strain IFO13584 contig6, whole genome shotgun sequence	NZ_JQGC01000006.1.region001
0.3	other_c0.3_famFAM_00564	other	1	1	0.9	rare	NZ_JZEY01000054.1 Devosia chinhatensis strain IPL18 NODE_54, whole genome shotgun sequence	NZ_JZEY01000054.1.region001
0.3	other_c0.3_famFAM_00565	other	1	1	0.9	rare	NZ_JANQAJ010000013.1 MAG: Devosia ginsengisoli isolate 46_gen_w_cov.5 c137, whole genome shotgun sequence	NZ_JANQAJ010000013.1.region001
0.3	other_c0.3_famFAM_00566	other	1	1	0.9	rare	NZ_PYVW01000012.1 Devosia naphthalenivorans strain CM5-1 scaffold12, whole genome shotgun sequence	NZ_PYVW01000012.1.region001
0.3	other_c0.3_famFAM_00567	other	1	1	0.9	rare	NZ_LANJ01000045.1 Devosia epidermidihirudinis strain E84 contig45, whole genome shotgun sequence	NZ_LANJ01000045.1.region001
0.3	other_c0.3_famFAM_00568	other	1	1	0.9	rare	NZ_JANQAJ010000006.1 MAG: Devosia ginsengisoli isolate 46_gen_w_cov.5 c86, whole genome shotgun sequence	NZ_JANQAJ010000006.1.region001
0.3	other_c0.3_famFAM_00569	other	1	1	0.9	rare	NZ_CP068047.1 Devosia oryziradicis strain G19 chromosome	NZ_CP068047.1.region002
0.3	other_c0.3_famFAM_00570	other	1	1	0.9	rare	NZ_CP034767.1 Devosia sp. 1566 chromosome, complete genome	NZ_CP034767.1.region006
0.3	other_c0.3_famFAM_00571	other	1	1	0.9	rare	NZ_CM147875.1 Devosia sp. J20-27 chromosome, whole genome shotgun sequence	NZ_CM147875.1.region004
0.3	other_c0.3_famFAM_00572	other	1	1	0.9	rare	NZ_JAVKFR010000033.1 MAG: Devosia marina isolate F1-TOW-06 k141_74518, whole genome shotgun sequence	NZ_JAVKFR010000033.1.region001
0.3	other_c0.3_famFAM_00573	other	1	1	0.9	rare	NZ_JZEY01000061.1 Devosia chinhatensis strain IPL18 NODE_61, whole genome shotgun sequence	NZ_JZEY01000061.1.region001
0.3	other_c0.3_famFAM_00574	other	1	1	0.9	rare	NZ_CP075529.1 MAG: Devosia sp. isolate TGS_PRO11 chromosome	NZ_CP075529.1.region002
0.3	terpene_c0.3_famFAM_00330	terpene	36	1	0.9	rare	NZ_AP027921.1 Devosia sp. T2-14 chromosome, complete genome; NZ_BSNG01000001.1 Devosia yakushimensis strain NBRC 103855 sequence01, whole genome shotgun sequence; NZ_CP034767.1 Devosia sp. 1566 chromosome, complete genome; NZ_CP042304.1 Devosia ginsengisoli strain Gsoil 520 chromosome, complete genome; NZ_CP063401.1 Devosia sp. SL43 chromosome, complete genome; NZ_CP068046.1 Devosia rhizoryzae strain LEGU1 chromosome; NZ_CP068047.1 Devosia oryziradicis strain G19 chromosome; NZ_CP092483.1 Devosia lacusdianchii strain JXJ CY 41 chromosome; NZ_CP104965.1 Devosia neptuniae strain A18/4-1 chromosome, complete genome; NZ_CP126539.1 Devosia rhizosphaerae strain RR2S18 chromosome, complete genome; NZ_CP186479.1 Devosia sp. CN2-171 chromosome, complete genome; NZ_FOFL01000007.1 Devosia sp. YR412, whole genome shotgun sequence; NZ_FOMB01000002.1 Devosia psychrophila strain CGMCC 1.10210, whole genome shotgun sequence; NZ_JABAOL010000001.1 Devosia sp. 919 Scaffold1_1, whole genome shotgun sequence; NZ_JABAOM010000001.1 Devosia sp. 1635 Scaffold1_1, whole genome shotgun sequence; NZ_JAFKHE010000017.1 MAG: Devosia sp. isolate SCN18_30_10_14_R3_P_66_71 SCN18_30_10_14_R3_P_scaffold_84, whole genome shotgun sequence; NZ_JAIMBX010000001.1 Devosia sp. BK 9_Devo_1, whole genome shotgun sequence; NZ_JANQAJ010000011.1 MAG: Devosia ginsengisoli isolate 46_gen_w_cov.5 c262, whole genome shotgun sequence; NZ_JAQGJV010000003.1 MAG: Devosia sp. isolate RYN_494 scaffold_5290636, whole genome shotgun sequence; NZ_JBEPOL010000001.1 Devosia sp. UYZn731 Ga0493902_01, whole genome shotgun sequence; NZ_JBEPOO010000001.1 Devosia sp. 2618 Ga0501505_01, whole genome shotgun sequence; NZ_JBHUNP010000001.1 Devosia albogilva strain CCM 7427 tig00000001, whole genome shotgun sequence; NZ_JBJDRE010000009.1 Devosia sp. ZW T5_3 ZW_T5_3_contig_009, whole genome shotgun sequence; NZ_JBTMWU010000011.1 Devosia sp. A449 Scaffold11, whole genome shotgun sequence; NZ_JBTMWV010000006.1 Devosia sp. A369 Scaffold6, whole genome shotgun sequence; NZ_JBYUNO010000002.1 Devosia sp. Z6_126 NODE_2_length_1040994_cov_129.185188, whole genome shotgun sequence; NZ_JBYUNQ010000004.1 Devosia sp. Z11_6 NODE_4_length_480685_cov_153.006625, whole genome shotgun sequence; NZ_JNNO01000008.1 Devosia sp. LC5 contig16, whole genome shotgun sequence; NZ_LANJ01000011.1 Devosia epidermidihirudinis strain E84 contig11, whole genome shotgun sequence; NZ_LMEM01000001.1 Devosia sp. Root436 contig_1, whole genome shotgun sequence; NZ_LMGZ01000021.1 Devosia sp. Root635 contig_6, whole genome shotgun sequence; NZ_LMLO01000018.1 Devosia sp. Leaf64 contig_3, whole genome shotgun sequence; NZ_LMQU01000003.1 Devosia sp. Leaf420 contig_11, whole genome shotgun sequence; NZ_MKUZ01000008.1 MAG: Devosia sp. 66-22 SCNpilot_expt_1000_bf_scaffold_164, whole genome shotgun sequence; NZ_PYVW01000009.1 Devosia naphthalenivorans strain CM5-1 scaffold9, whole genome shotgun sequence; NZ_STGC01000005.1 Devosia sp. FKR38 NODE_14_length_2742056_cov_203.257278, whole genome shotgun sequence	NZ_CP186479.1.region001; NZ_JANQAJ010000011.1.region001; NZ_JBTMWV010000006.1.region001; NZ_JBEPOO010000001.1.region002; NZ_JAIMBX010000001.1.region002; NZ_CP068046.1.region003; NZ_JBYUNQ010000004.1.region001; NZ_FOMB01000002.1.region001; NZ_STGC01000005.1.region003; NZ_LMEM01000001.1.region001; NZ_LMGZ01000021.1.region001; NZ_JAQGJV010000003.1.region001; NZ_CP092483.1.region003; NZ_JBTMWU010000011.1.region001; NZ_PYVW01000009.1.region001; NZ_CP063401.1.region001; NZ_JBJDRE010000009.1.region001; NZ_LMLO01000018.1.region001; NZ_CP068047.1.region003; NZ_JAFKHE010000017.1.region001; NZ_CP034767.1.region002; NZ_FOFL01000007.1.region001; NZ_MKUZ01000008.1.region001; NZ_JBHUNP010000001.1.region003; NZ_LANJ01000011.1.region001; NZ_CP104965.1.region004; NZ_JNNO01000008.1.region001; NZ_CP126539.1.region002; NZ_BSNG01000001.1.region003; NZ_CP042304.1.region002; NZ_JBEPOL010000001.1.region001; NZ_LMQU01000003.1.region001; NZ_AP027921.1.region003; NZ_JABAOL010000001.1.region003; NZ_JABAOM010000001.1.region001; NZ_JBYUNO010000002.1.region001
0.3	terpene_c0.3_famFAM_00331	terpene	14	1	0.9	rare	NZ_BMZE01000001.1 Devosia pacifica strain KCTC 32437 sequence1, whole genome shotgun sequence; NZ_BSNS01000024.1 Devosia nitrariae strain NBRC 112416 sequence24, whole genome shotgun sequence; NZ_CM147875.1 Devosia sp. J20-27 chromosome, whole genome shotgun sequence; NZ_JAFKHC010000003.1 MAG: Devosia sp. isolate SCN18_26_2_15_R2_B_67_34 SCN18_26_2_15_R2_B_scaffold_2, whole genome shotgun sequence; NZ_JAQRMY010000004.1 Devosia sp. ZB163 scaffold_3, whole genome shotgun sequence; NZ_JBDGIY010000001.1 Devosia sp. Soil_C_22 NODE_1_length_3502528_cov_134.771868, whole genome shotgun sequence; NZ_JBFUCQ010000002.1 Devosia sp. P1_H9 scaffold_1, whole genome shotgun sequence; NZ_JBFUFI010000016.1 Devosia sp. P2_G7 scaffold_15, whole genome shotgun sequence; NZ_JBHLYO010000015.1 Devosia nitrariae strain NBRC 112416 platanus_K_default_15, whole genome shotgun sequence; NZ_JBLXGA010000004.1 MAG: Devosia sp. isolate ET04-05 T04maxbin_out.008RE.5K@4, whole genome shotgun sequence; NZ_JBTSEP010000011.1 MAG: Devosia sp. isolate ML34-012-05 ML34_012_NODE_106_length_90423_cov_7.643329, whole genome shotgun sequence; NZ_JBVKGV010000086.1 MAG: Devosia sp. isolate ML34-006-05 ML34_006_NODE_5324_length_6402_cov_2.585179, whole genome shotgun sequence; NZ_MKVA01000005.1 MAG: Devosia sp. 67-54 SCNpilot_cont_1000_bf_scaffold_3, whole genome shotgun sequence; NZ_OZ245853.1 MAG: Devosia sp. isolate 3d186a37-0bcd-4ac1-b259-f5c9590ee027 chromosome 1	NZ_MKVA01000005.1.region002; NZ_BSNS01000024.1.region001; NZ_JBTSEP010000011.1.region001; NZ_JBHLYO010000015.1.region001; NZ_JBDGIY010000001.1.region004; NZ_JBFUFI010000016.1.region001; NZ_JBVKGV010000086.1.region001; NZ_JBLXGA010000004.1.region001; NZ_JAFKHC010000003.1.region002; NZ_JAQRMY010000004.1.region001; NZ_OZ245853.1.region003; NZ_JBFUCQ010000002.1.region001; NZ_BMZE01000001.1.region001; NZ_CM147875.1.region005
0.3	terpene_c0.3_famFAM_00332	terpene	45	1	0.9	rare	NZ_CAXUPK020000005.1 Devosia sp. LjRoot3 LJR003c5, whole genome shotgun sequence; NZ_CDRNJH010000001.1 Devosia riboflavina isolate Ri144 gnlProkkaBTCC_1, whole genome shotgun sequence; NZ_CP026747.1 Devosia sp. I507 chromosome, complete genome; NZ_CP045422.1 Devosia beringensis strain S02 chromosome, complete genome; NZ_CP059902.1 Devosia sp. MC521 chromosome, complete genome; NZ_CP075529.1 MAG: Devosia sp. isolate TGS_PRO11 chromosome; NZ_CP080590.1 Devosia salina strain SCS-3 chromosome, complete genome; NZ_CP094375.1 Devosia sp. Micro-HW1 chromosome, complete genome; NZ_CP104002.1 Devosia sp. SD17-2 chromosome, complete genome; NZ_CP104007.1 Devosia sp. FJ2-5-3 chromosome, complete genome; NZ_CP146608.1 Devosia sp. XK-2 chromosome, complete genome; NZ_CP170082.1 Devosia sp. Naph2 chromosome, complete genome; NZ_FPCK01000001.1 Devosia crocina strain IPL20, whole genome shotgun sequence; NZ_FQVC01000002.1 Devosia limi DSM 17137, whole genome shotgun sequence; NZ_FXWK01000001.1 Devosia lucknowensis strain L15, whole genome shotgun sequence; NZ_JABBDZ010000001.1 Devosia sp. MC1541 Scaffold1_1, whole genome shotgun sequence; NZ_JACDXV010000001.1 Devosia faecipullorum strain CC-YST696 contig01, whole genome shotgun sequence; NZ_JACIEW010000001.1 Devosia subaequoris strain DSM 23447 Ga0373328_01, whole genome shotgun sequence; NZ_JACYFU010000001.1 Devosia oryzisoli strain PTR5 contig1, whole genome shotgun sequence; NZ_JADGNE010000014.1 MAG: Devosia sp. isolate N26CT NODE_145_length_49886_cov_19.140435, whole genome shotgun sequence; NZ_JAEKMH010000002.1 Devosia sediminis strain MSA67 NODE_2_length_1186958_cov_155.069235, whole genome shotgun sequence; NZ_JAEMEB010000004.1 Devosia sp. MC521 Scaffold4_1, whole genome shotgun sequence; NZ_JAEMNZ010000001.1 Devosia sp. MC532 Scaffold1_1, whole genome shotgun sequence; NZ_JAENGO010000007.1 Devosia sp. WQ 349K1 Scaffold6_1, whole genome shotgun sequence; NZ_JAMWDU010000001.1 Devosia ureilytica strain XJ19-45 Scaffold1, whole genome shotgun sequence; NZ_JAMYXP010000001.1 Devosia subaequoris strain HST3-14 Scaffold1, whole genome shotgun sequence; NZ_JAMZCU010000001.1 Devosia ureilytica strain XJ19-1 Scaffold1, whole genome shotgun sequence; NZ_JAQGJM010000021.1 MAG: Devosia sp. isolate RYN_485 scaffold_4357168, whole genome shotgun sequence; NZ_JAVKFR010000020.1 MAG: Devosia marina isolate F1-TOW-06 k141_70110, whole genome shotgun sequence; NZ_JBHTMH010000001.1 Devosia equisanguinis strain CCM 8868 GCM70027366_15, whole genome shotgun sequence; NZ_JBKJHF010000001.1 Devosia sp. XGJD_8 1, whole genome shotgun sequence; NZ_JBMQPQ010000013.1 MAG: Devosia sp. isolate isolate1_meta_1_34 k141_587842, whole genome shotgun sequence; NZ_JBTLRJ010000003.1 Devosia sp. CAU 1758 contig3, whole genome shotgun sequence; NZ_JCACVZ010000001.1 MAG: Devosia sp. isolate TerP_2 Oxa_002_000000000117, whole genome shotgun sequence; NZ_JQGC01000010.1 Devosia riboflavina strain IFO13584 contig10, whole genome shotgun sequence; NZ_JZEY01000054.1 Devosia chinhatensis strain IPL18 NODE_54, whole genome shotgun sequence; NZ_LAJF01000089.1 Devosia limi DSM 17137 NODE_89, whole genome shotgun sequence; NZ_LAJG01000014.1 Devosia soli strain GH2-10 NODE_14, whole genome shotgun sequence; NZ_LMHK01000001.1 Devosia sp. Root685 contig_1, whole genome shotgun sequence; NZ_LVVY01000070.1 Devosia elaeis strain S37 DIN_R1_(paired)_trimmed_(paired)_contig_25, whole genome shotgun sequence; NZ_MKUY01000003.1 MAG: Devosia sp. 63-57 SCNpilot_expt_1000_bf_scaffold_28, whole genome shotgun sequence; NZ_PYVZ01000006.1 Devosia indica strain IO390501 scaffold6, whole genome shotgun sequence; NZ_PYWB01000014.1 Devosia submarina strain JCM 18935 scaffold14, whole genome shotgun sequence; NZ_UZWD01000040.1 Devosia equisanguinis strain CIP 111628, whole genome shotgun sequence; NZ_WQRF01000001.1 Devosia marina strain L53-10-65 NODE_1_length_1615214_cov_52.474690, whole genome shotgun sequence	NZ_JBMQPQ010000013.1.region001; NZ_JAVKFR010000020.1.region001; NZ_JZEY01000054.1.region002; NZ_JACYFU010000001.1.region002; NZ_JBHTMH010000001.1.region002; NZ_FPCK01000001.1.region003; NZ_PYVZ01000006.1.region001; NZ_LMHK01000001.1.region002; NZ_MKUY01000003.1.region001; NZ_WQRF01000001.1.region003; NZ_JADGNE010000014.1.region001; NZ_CP075529.1.region001; NZ_CP026747.1.region005; NZ_CP104002.1.region002; NZ_JQGC01000010.1.region001; NZ_JACIEW010000001.1.region001; NZ_LVVY01000070.1.region001; NZ_JCACVZ010000001.1.region003; NZ_JAQGJM010000021.1.region001; NZ_JAMWDU010000001.1.region001; NZ_JAEMNZ010000001.1.region001; NZ_JBKJHF010000001.1.region002; NZ_CDRNJH010000001.1.region004; NZ_JACDXV010000001.1.region001; NZ_CP104007.1.region003; NZ_PYWB01000014.1.region001; NZ_LAJG01000014.1.region001; NZ_JABBDZ010000001.1.region001; NZ_FXWK01000001.1.region002; NZ_CAXUPK020000005.1.region002; NZ_FQVC01000002.1.region001; NZ_CP045422.1.region007; NZ_CP146608.1.region004; NZ_JAMZCU010000001.1.region001; NZ_JAEKMH010000002.1.region001; NZ_CP080590.1.region004; NZ_LAJF01000089.1.region001; NZ_JAENGO010000007.1.region001; NZ_CP059902.1.region002; NZ_UZWD01000040.1.region001; NZ_CP094375.1.region001; NZ_CP170082.1.region005; NZ_JAMYXP010000001.1.region002; NZ_JBTLRJ010000003.1.region001; NZ_JAEMEB010000004.1.region001
0.3	terpene_c0.3_famFAM_00333	terpene	5	1	0.9	rare	NZ_CM147870.1 Devosia sp. J2-20 chromosome, whole genome shotgun sequence; NZ_CP118245.1 Devosia sp. J2-20 chromosome; NZ_JAGXTP010000001.1 Devosia litorisediminis strain BSSL-BM10 1, whole genome shotgun sequence; NZ_JAPWHK010000004.1 Devosia neptuniae strain G21611-S1 NODE_4_length_442715_cov_108.063, whole genome shotgun sequence; NZ_JBNMEO010000091.1 MAG: Devosia sp. isolate 3300055174_60 Ga0535679_0004118, whole genome shotgun sequence	NZ_JBNMEO010000091.1.region001; NZ_CM147870.1.region004; NZ_JAGXTP010000001.1.region003; NZ_CP118245.1.region005; NZ_JAPWHK010000004.1.region001
0.3	terpene_c0.3_famFAM_00334	terpene	8	1	0.9	rare	NZ_CAXUPH020000003.1 Devosia sp. LjRoot16 LJR016c3, whole genome shotgun sequence; NZ_CP012945.1 Devosia sp. A16 chromosome, complete genome; NZ_JAFKHA010000009.1 MAG: Devosia sp. isolate SCN18_30_10_14_R3_B_66_58 SCN18_30_10_14_R3_B_scaffold_4, whole genome shotgun sequence; NZ_JBFUGO010000010.1 Devosia sp. P3_B2 scaffold_9, whole genome shotgun sequence; NZ_JBXAPX010000004.1 Devosia sp. GW821-FHT12F11 NODE_4_length_517482_cov_53.795218, whole genome shotgun sequence; NZ_LMCR01000015.1 Devosia sp. Root105 contig_3, whole genome shotgun sequence; NZ_LMEA01000011.1 Devosia sp. Root413D1 contig_6, whole genome shotgun sequence; NZ_MKVB01000001.1 MAG: Devosia sp. 66-14 SCNpilot_cont_300_bf_scaffold_127, whole genome shotgun sequence	NZ_CAXUPH020000003.1.region002; NZ_JBXAPX010000004.1.region002; NZ_JBFUGO010000010.1.region001; NZ_MKVB01000001.1.region001; NZ_JAFKHA010000009.1.region001; NZ_LMEA01000011.1.region002; NZ_LMCR01000015.1.region001; NZ_CP012945.1.region004
0.3	terpene_c0.3_famFAM_00335	terpene	3	1	0.9	rare	NZ_CP104002.1 Devosia sp. SD17-2 chromosome, complete genome; NZ_CP104007.1 Devosia sp. FJ2-5-3 chromosome, complete genome; NZ_JADGNE010000044.1 MAG: Devosia sp. isolate N26CT NODE_32_length_167216_cov_19.824301, whole genome shotgun sequence	NZ_JADGNE010000044.1.region001; NZ_CP104007.1.region002; NZ_CP104002.1.region001
0.3	terpene_c0.3_famFAM_00336	terpene	5	1	0.9	rare	NZ_CP034767.1 Devosia sp. 1566 chromosome, complete genome; NZ_JABAOL010000001.1 Devosia sp. 919 Scaffold1_1, whole genome shotgun sequence; NZ_JABAOM010000002.1 Devosia sp. 1635 Scaffold2_1, whole genome shotgun sequence; NZ_JBYUNO010000003.1 Devosia sp. Z6_126 NODE_3_length_955106_cov_138.820264, whole genome shotgun sequence; NZ_JBYUNQ010000001.1 Devosia sp. Z11_6 NODE_1_length_1109201_cov_151.543683, whole genome shotgun sequence	NZ_JABAOM010000002.1.region002; NZ_CP034767.1.region004; NZ_JBYUNQ010000001.1.region001; NZ_JBYUNO010000003.1.region002; NZ_JABAOL010000001.1.region005
0.3	terpene_c0.3_famFAM_00337	terpene	1	1	0.9	rare	NZ_PYWB01000002.1 Devosia submarina strain JCM 18935 scaffold2, whole genome shotgun sequence	NZ_PYWB01000002.1.region001
0.3	terpene_c0.3_famFAM_00338	terpene	1	1	0.9	rare	NZ_CP127251.1 Devosia sp. YIM 151766 chromosome, complete genome	NZ_CP127251.1.region001
0.3	terpene_c0.3_famFAM_00339	terpene	1	1	0.9	rare	NZ_JBLXGA010000001.1 MAG: Devosia sp. isolate ET04-05 T04maxbin_out.008RE.5K@1, whole genome shotgun sequence	NZ_JBLXGA010000001.1.region001
0.3	terpene_c0.3_famFAM_00340	terpene	1	1	0.9	rare	NZ_JBHUNP010000001.1 Devosia albogilva strain CCM 7427 tig00000001, whole genome shotgun sequence	NZ_JBHUNP010000001.1.region001
0.3	terpene_c0.3_famFAM_00341	terpene	1	1	0.9	rare	NZ_FPCK01000004.1 Devosia crocina strain IPL20, whole genome shotgun sequence	NZ_FPCK01000004.1.region002
0.3	terpene_c0.3_famFAM_00342	terpene	1	1	0.9	rare	NZ_CP068046.1 Devosia rhizoryzae strain LEGU1 chromosome	NZ_CP068046.1.region004
0.3	terpene_c0.3_famFAM_00343	terpene	1	1	0.9	rare	NZ_CP063401.1 Devosia sp. SL43 chromosome, complete genome	NZ_CP063401.1.region005
0.3	terpene_c0.3_famFAM_00344	terpene	1	1	0.9	rare	NZ_LAJG01000022.1 Devosia soli strain GH2-10 NODE_22, whole genome shotgun sequence	NZ_LAJG01000022.1.region001
0.3	terpene_c0.3_famFAM_00345	terpene	1	1	0.9	rare	NZ_FXWK01000001.1 Devosia lucknowensis strain L15, whole genome shotgun sequence	NZ_FXWK01000001.1.region003
0.5	NRPS.PKS_c0.5_famFAM_00170	NRPS.PKS	2	1	0.9	rare	NZ_FQVC01000001.1 Devosia limi DSM 17137, whole genome shotgun sequence; NZ_LAJF01000101.1 Devosia limi DSM 17137 NODE_101, whole genome shotgun sequence	NZ_LAJF01000101.1.region001; NZ_FQVC01000001.1.region001
0.5	NRPS.PKS_c0.5_famFAM_00171	NRPS.PKS	3	1	0.9	rare	NZ_JACDXV010000002.1 Devosia faecipullorum strain CC-YST696 contig02, whole genome shotgun sequence; NZ_JBTMWU010000004.1 Devosia sp. A449 Scaffold4, whole genome shotgun sequence; NZ_JBTMWV010000025.1 Devosia sp. A369 Scaffold25, whole genome shotgun sequence	NZ_JBTMWU010000004.1.region001; NZ_JBTMWV010000025.1.region001; NZ_JACDXV010000002.1.region002
0.5	NRPS.PKS_c0.5_famFAM_00172	NRPS.PKS	1	1	0.9	rare	NZ_PYWB01000001.1 Devosia submarina strain JCM 18935 scaffold1, whole genome shotgun sequence	NZ_PYWB01000001.1.region001
0.5	NRPS_c0.5_famFAM_00212	NRPS	2	1	0.9	rare	NZ_FQVC01000008.1 Devosia limi DSM 17137, whole genome shotgun sequence; NZ_LAJF01000091.1 Devosia limi DSM 17137 NODE_91, whole genome shotgun sequence	NZ_FQVC01000008.1.region001; NZ_LAJF01000091.1.region001
0.5	NRPS_c0.5_famFAM_00213	NRPS	1	1	0.9	rare	NZ_JBTLRJ010000001.1 Devosia sp. CAU 1758 contig1, whole genome shotgun sequence	NZ_JBTLRJ010000001.1.region003
0.5	NRPS_c0.5_famFAM_00214	NRPS	1	1	0.9	rare	NZ_FXWK01000002.1 Devosia lucknowensis strain L15, whole genome shotgun sequence	NZ_FXWK01000002.1.region003
0.5	NRPS_c0.5_famFAM_00215	NRPS	1	1	0.9	rare	NZ_JBHRYD010000007.1 Devosia honganensis strain KCTC 42281 platanus_K_25_97_7, whole genome shotgun sequence	NZ_JBHRYD010000007.1.region002
0.5	PKS.other_c0.5_famFAM_00307	PKS.other	1	1	0.9	rare	NZ_CP045422.1 Devosia beringensis strain S02 chromosome, complete genome	NZ_CP045422.1.region003
0.5	PKS.other_c0.5_famFAM_00308	PKS.other	1	1	0.9	rare	NZ_JACYFU010000003.1 Devosia oryzisoli strain PTR5 contig3, whole genome shotgun sequence	NZ_JACYFU010000003.1.region001
0.5	PKS_c0.5_famFAM_00272	PKS	2	1	0.9	rare	NZ_JAQGJV010000042.1 MAG: Devosia sp. isolate RYN_494 scaffold_4231403, whole genome shotgun sequence; NZ_JBEPOL010000002.1 Devosia sp. UYZn731 Ga0493902_02, whole genome shotgun sequence	NZ_JAQGJV010000042.1.region001; NZ_JBEPOL010000002.1.region001
0.5	PKS_c0.5_famFAM_00273	PKS	2	1	0.9	rare	NZ_JACIEW010000009.1 Devosia subaequoris strain DSM 23447 Ga0373328_09, whole genome shotgun sequence; NZ_JAMYXP010000013.1 Devosia subaequoris strain HST3-14 Scaffold13, whole genome shotgun sequence	NZ_JACIEW010000009.1.region001; NZ_JAMYXP010000013.1.region001
0.5	PKS_c0.5_famFAM_00274	PKS	2	1	0.9	rare	NZ_JBTSEP010000065.1 MAG: Devosia sp. isolate ML34-012-05 ML34_012_NODE_818_length_10192_cov_1.403279, whole genome shotgun sequence; NZ_JBVKGV010000026.1 MAG: Devosia sp. isolate ML34-006-05 ML34_006_NODE_354_length_48541_cov_2.462924, whole genome shotgun sequence	NZ_JBVKGV010000026.1.region001; NZ_JBTSEP010000065.1.region001
0.5	PKS_c0.5_famFAM_00276	PKS	3	1	0.9	rare	NZ_JBFUCQ010000009.1 Devosia sp. P1_H9 scaffold_8, whole genome shotgun sequence; NZ_JBFUFI010000008.1 Devosia sp. P2_G7 scaffold_7, whole genome shotgun sequence; NZ_JBFUGO010000008.1 Devosia sp. P3_B2 scaffold_7, whole genome shotgun sequence	NZ_JBFUGO010000008.1.region001; NZ_JBFUCQ010000009.1.region001; NZ_JBFUFI010000008.1.region001
0.5	PKS_c0.5_famFAM_00277	PKS	4	1	0.9	rare	NZ_CAXUPH020000001.1 Devosia sp. LjRoot16 LJR016c1, whole genome shotgun sequence; NZ_JBXAPX010000002.1 Devosia sp. GW821-FHT12F11 NODE_2_length_929012_cov_60.894576, whole genome shotgun sequence; NZ_LMCR01000019.1 Devosia sp. Root105 contig_7, whole genome shotgun sequence; NZ_LMEA01000012.1 Devosia sp. Root413D1 contig_7, whole genome shotgun sequence	NZ_LMEA01000012.1.region002; NZ_CAXUPH020000001.1.region002; NZ_JBXAPX010000002.1.region002; NZ_LMCR01000019.1.region001
0.5	PKS_c0.5_famFAM_00278	PKS	1	1	0.9	rare	NZ_CP045422.1 Devosia beringensis strain S02 chromosome, complete genome	NZ_CP045422.1.region006
0.5	PKS_c0.5_famFAM_00279	PKS	1	1	0.9	rare	NZ_OZ245853.1 MAG: Devosia sp. isolate 3d186a37-0bcd-4ac1-b259-f5c9590ee027 chromosome 1	NZ_OZ245853.1.region002
0.5	PKS_c0.5_famFAM_00280	PKS	1	1	0.9	rare	NZ_JAQGJM010000022.1 MAG: Devosia sp. isolate RYN_485 scaffold_3385130, whole genome shotgun sequence	NZ_JAQGJM010000022.1.region001
0.5	PKS_c0.5_famFAM_00281	PKS	1	1	0.9	rare	NZ_JBEPOL010000009.1 Devosia sp. UYZn731 Ga0493902_09, whole genome shotgun sequence	NZ_JBEPOL010000009.1.region001
0.5	PKS_c0.5_famFAM_00282	PKS	1	1	0.9	rare	NZ_FOMB01000021.1 Devosia psychrophila strain CGMCC 1.10210, whole genome shotgun sequence	NZ_FOMB01000021.1.region002
0.5	PKS_c0.5_famFAM_00283	PKS	1	1	0.9	rare	NZ_FOMB01000051.1 Devosia psychrophila strain CGMCC 1.10210, whole genome shotgun sequence	NZ_FOMB01000051.1.region001
0.5	PKS_c0.5_famFAM_00284	PKS	1	1	0.9	rare	NZ_STGC01000005.1 Devosia sp. FKR38 NODE_14_length_2742056_cov_203.257278, whole genome shotgun sequence	NZ_STGC01000005.1.region002
0.5	PKS_c0.5_famFAM_00285	PKS	1	1	0.9	rare	NZ_CP042304.1 Devosia ginsengisoli strain Gsoil 520 chromosome, complete genome	NZ_CP042304.1.region005
0.5	PKS_c0.5_famFAM_00286	PKS	1	1	0.9	rare	NZ_CP080590.1 Devosia salina strain SCS-3 chromosome, complete genome	NZ_CP080590.1.region005
0.5	PKS_c0.5_famFAM_00287	PKS	1	1	0.9	rare	NZ_FOMB01000025.1 Devosia psychrophila strain CGMCC 1.10210, whole genome shotgun sequence	NZ_FOMB01000025.1.region001
0.5	PKS_c0.5_famFAM_00288	PKS	1	1	0.9	rare	NZ_BMZE01000002.1 Devosia pacifica strain KCTC 32437 sequence2, whole genome shotgun sequence	NZ_BMZE01000002.1.region002
0.5	RiPP.other_c0.5_famFAM_00580	RiPP.other	1	1	0.9	rare	NZ_CP146608.1 Devosia sp. XK-2 chromosome, complete genome	NZ_CP146608.1.region006
0.5	RiPP.other_c0.5_famFAM_00581	RiPP.other	1	1	0.9	rare	NZ_JNNO01000034.1 Devosia sp. LC5 contig4, whole genome shotgun sequence	NZ_JNNO01000034.1.region001
0.5	RiPP_c0.5_famFAM_00060	RiPP	5	1	0.9	rare	NZ_CAXUPH020000003.1 Devosia sp. LjRoot16 LJR016c3, whole genome shotgun sequence; NZ_CP012945.1 Devosia sp. A16 chromosome, complete genome; NZ_JBXAPX010000004.1 Devosia sp. GW821-FHT12F11 NODE_4_length_517482_cov_53.795218, whole genome shotgun sequence; NZ_LMCR01000016.1 Devosia sp. Root105 contig_4, whole genome shotgun sequence; NZ_LMEA01000011.1 Devosia sp. Root413D1 contig_6, whole genome shotgun sequence	NZ_JBXAPX010000004.1.region001; NZ_LMEA01000011.1.region001; NZ_LMCR01000016.1.region001; NZ_CP012945.1.region005; NZ_CAXUPH020000003.1.region001
0.5	RiPP_c0.5_famFAM_00061	RiPP	4	1	0.9	rare	NZ_BSNG01000003.1 Devosia yakushimensis strain NBRC 103855 sequence03, whole genome shotgun sequence; NZ_CP104965.1 Devosia neptuniae strain A18/4-1 chromosome, complete genome; NZ_JBJDRE010000010.1 Devosia sp. ZW T5_3 ZW_T5_3_contig_010, whole genome shotgun sequence; NZ_JNNO01000016.1 Devosia sp. LC5 contig23, whole genome shotgun sequence	NZ_CP104965.1.region001; NZ_JBJDRE010000010.1.region001; NZ_JNNO01000016.1.region001; NZ_BSNG01000003.1.region001
0.5	RiPP_c0.5_famFAM_00062	RiPP	12	1	0.9	rare	NZ_CP026747.1 Devosia sp. I507 chromosome, complete genome; NZ_CP080590.1 Devosia salina strain SCS-3 chromosome, complete genome; NZ_CP146608.1 Devosia sp. XK-2 chromosome, complete genome; NZ_CP170082.1 Devosia sp. Naph2 chromosome, complete genome; NZ_JACIEW010000012.1 Devosia subaequoris strain DSM 23447 Ga0373328_12, whole genome shotgun sequence; NZ_JAMWDU010000006.1 Devosia ureilytica strain XJ19-45 Scaffold6, whole genome shotgun sequence; NZ_JAMYXP010000014.1 Devosia subaequoris strain HST3-14 Scaffold14, whole genome shotgun sequence; NZ_JAMZCU010000008.1 Devosia ureilytica strain XJ19-1 Scaffold8, whole genome shotgun sequence; NZ_JAVKFR010000034.1 MAG: Devosia marina isolate F1-TOW-06 k141_64042, whole genome shotgun sequence; NZ_JBTLRJ010000002.1 Devosia sp. CAU 1758 contig2, whole genome shotgun sequence; NZ_PYVZ01000013.1 Devosia indica strain IO390501 scaffold13, whole genome shotgun sequence; NZ_WQRF01000010.1 Devosia marina strain L53-10-65 NODE_10_length_77047_cov_53.918155, whole genome shotgun sequence	NZ_JBTLRJ010000002.1.region002; NZ_CP026747.1.region001; NZ_CP080590.1.region002; NZ_JAMWDU010000006.1.region001; NZ_CP170082.1.region007; NZ_WQRF01000010.1.region001; NZ_JAVKFR010000034.1.region001; NZ_CP146608.1.region003; NZ_JACIEW010000012.1.region001; NZ_JAMYXP010000014.1.region001; NZ_JAMZCU010000008.1.region001; NZ_PYVZ01000013.1.region001
0.5	RiPP_c0.5_famFAM_00063	RiPP	2	1	0.9	rare	NZ_JBTSEP010000009.1 MAG: Devosia sp. isolate ML34-012-05 ML34_012_NODE_93_length_98378_cov_7.821071, whole genome shotgun sequence; NZ_JBVKGV010000020.1 MAG: Devosia sp. isolate ML34-006-05 ML34_006_NODE_270_length_57401_cov_2.738730, whole genome shotgun sequence	NZ_JBTSEP010000009.1.region001; NZ_JBVKGV010000020.1.region001
0.5	RiPP_c0.5_famFAM_00065	RiPP	1	1	0.9	rare	NZ_CP170082.1 Devosia sp. Naph2 chromosome, complete genome	NZ_CP170082.1.region004
0.5	RiPP_c0.5_famFAM_00069	RiPP	3	1	0.9	rare	NZ_JBHTMH010000001.1 Devosia equisanguinis strain CCM 8868 GCM70027366_15, whole genome shotgun sequence; NZ_MKUY01000005.1 MAG: Devosia sp. 63-57 SCNpilot_expt_1000_bf_scaffold_3, whole genome shotgun sequence; NZ_UZWD01000029.1 Devosia equisanguinis strain CIP 111628, whole genome shotgun sequence	NZ_JBHTMH010000001.1.region003; NZ_UZWD01000029.1.region001; NZ_MKUY01000005.1.region001
0.5	RiPP_c0.5_famFAM_00070	RiPP	2	1	0.9	rare	NZ_JBTSEP010000003.1 MAG: Devosia sp. isolate ML34-012-05 ML34_012_NODE_45_length_152938_cov_7.526592, whole genome shotgun sequence; NZ_JBVKGV010000033.1 MAG: Devosia sp. isolate ML34-006-05 ML34_006_NODE_583_length_35475_cov_2.597827, whole genome shotgun sequence	NZ_JBTSEP010000003.1.region001; NZ_JBVKGV010000033.1.region001
0.5	RiPP_c0.5_famFAM_00071	RiPP	2	1	0.9	rare	NZ_BSNS01000020.1 Devosia nitrariae strain NBRC 112416 sequence20, whole genome shotgun sequence; NZ_JBHLYO010000020.1 Devosia nitrariae strain NBRC 112416 platanus_K_default_20, whole genome shotgun sequence	NZ_BSNS01000020.1.region001; NZ_JBHLYO010000020.1.region001
0.5	RiPP_c0.5_famFAM_00072	RiPP	2	1	0.9	rare	NZ_BSNS01000007.1 Devosia nitrariae strain NBRC 112416 sequence07, whole genome shotgun sequence; NZ_JBHLYO010000004.1 Devosia nitrariae strain NBRC 112416 platanus_K_default_4, whole genome shotgun sequence	NZ_JBHLYO010000004.1.region001; NZ_BSNS01000007.1.region001
0.5	RiPP_c0.5_famFAM_00073	RiPP	5	1	0.9	rare	NZ_CP059902.1 Devosia sp. MC521 chromosome, complete genome; NZ_JABBDZ010000002.1 Devosia sp. MC1541 Scaffold2_1, whole genome shotgun sequence; NZ_JAEMEB010000005.1 Devosia sp. MC521 Scaffold5_1, whole genome shotgun sequence; NZ_JAEMNZ010000003.1 Devosia sp. MC532 Scaffold3_1, whole genome shotgun sequence; NZ_JAENGO010000005.1 Devosia sp. WQ 349K1 Scaffold4_1, whole genome shotgun sequence	NZ_JAEMNZ010000003.1.region001; NZ_JAEMEB010000005.1.region001; NZ_JAENGO010000005.1.region002; NZ_JABBDZ010000002.1.region001; NZ_CP059902.1.region001
0.5	RiPP_c0.5_famFAM_00074	RiPP	7	1	0.9	rare	NZ_CAXUPH020000005.1 Devosia sp. LjRoot16 LJR016c5, whole genome shotgun sequence; NZ_CP012945.1 Devosia sp. A16 chromosome, complete genome; NZ_JAFKHA010000012.1 MAG: Devosia sp. isolate SCN18_30_10_14_R3_B_66_58 SCN18_30_10_14_R3_B_scaffold_19, whole genome shotgun sequence; NZ_JBXAPX010000006.1 Devosia sp. GW821-FHT12F11 NODE_6_length_419588_cov_59.036509, whole genome shotgun sequence; NZ_LMCR01000017.1 Devosia sp. Root105 contig_5, whole genome shotgun sequence; NZ_LMEA01000010.1 Devosia sp. Root413D1 contig_5, whole genome shotgun sequence; NZ_MKVB01000002.1 MAG: Devosia sp. 66-14 SCNpilot_cont_300_bf_scaffold_147, whole genome shotgun sequence	NZ_LMEA01000010.1.region001; NZ_CAXUPH020000005.1.region001; NZ_MKVB01000002.1.region001; NZ_CP012945.1.region002; NZ_LMCR01000017.1.region001; NZ_JAFKHA010000012.1.region001; NZ_JBXAPX010000006.1.region001
0.5	RiPP_c0.5_famFAM_00075	RiPP	2	1	0.9	rare	NZ_BSNS01000011.1 Devosia nitrariae strain NBRC 112416 sequence11, whole genome shotgun sequence; NZ_JBHLYO010000010.1 Devosia nitrariae strain NBRC 112416 platanus_K_default_10, whole genome shotgun sequence	NZ_JBHLYO010000010.1.region001; NZ_BSNS01000011.1.region001
0.5	RiPP_c0.5_famFAM_00076	RiPP	2	1	0.9	rare	NZ_CP063401.1 Devosia sp. SL43 chromosome, complete genome; NZ_CP092483.1 Devosia lacusdianchii strain JXJ CY 41 chromosome	NZ_CP063401.1.region003; NZ_CP092483.1.region001
0.5	RiPP_c0.5_famFAM_00077	RiPP	2	1	0.9	rare	NZ_JAFKHA010000009.1 MAG: Devosia sp. isolate SCN18_30_10_14_R3_B_66_58 SCN18_30_10_14_R3_B_scaffold_4, whole genome shotgun sequence; NZ_MKVB01000001.1 MAG: Devosia sp. 66-14 SCNpilot_cont_300_bf_scaffold_127, whole genome shotgun sequence	NZ_MKVB01000001.1.region002; NZ_JAFKHA010000009.1.region002
0.5	RiPP_c0.5_famFAM_00078	RiPP	7	1	0.9	rare	NZ_CAXUPH020000005.1 Devosia sp. LjRoot16 LJR016c5, whole genome shotgun sequence; NZ_CP012945.1 Devosia sp. A16 chromosome, complete genome; NZ_JAFKHA010000012.1 MAG: Devosia sp. isolate SCN18_30_10_14_R3_B_66_58 SCN18_30_10_14_R3_B_scaffold_19, whole genome shotgun sequence; NZ_JBXAPX010000006.1 Devosia sp. GW821-FHT12F11 NODE_6_length_419588_cov_59.036509, whole genome shotgun sequence; NZ_LMCR01000017.1 Devosia sp. Root105 contig_5, whole genome shotgun sequence; NZ_LMEA01000010.1 Devosia sp. Root413D1 contig_5, whole genome shotgun sequence; NZ_MKVB01000002.1 MAG: Devosia sp. 66-14 SCNpilot_cont_300_bf_scaffold_147, whole genome shotgun sequence	NZ_CP012945.1.region001; NZ_JAFKHA010000012.1.region002; NZ_CAXUPH020000005.1.region002; NZ_LMCR01000017.1.region002; NZ_LMEA01000010.1.region002; NZ_JBXAPX010000006.1.region002; NZ_MKVB01000002.1.region002
0.5	RiPP_c0.5_famFAM_00079	RiPP	5	1	0.9	rare	NZ_CM147870.1 Devosia sp. J2-20 chromosome, whole genome shotgun sequence; NZ_CP118245.1 Devosia sp. J2-20 chromosome; NZ_JAGXTP010000002.1 Devosia litorisediminis strain BSSL-BM10 2, whole genome shotgun sequence; NZ_JAPWHK010000006.1 Devosia neptuniae strain G21611-S1 NODE_6_length_281503_cov_131.454, whole genome shotgun sequence; NZ_JBNMEO010000017.1 MAG: Devosia sp. isolate 3300055174_60 Ga0535679_0000215, whole genome shotgun sequence	NZ_CM147870.1.region006; NZ_JAGXTP010000002.1.region001; NZ_JAPWHK010000006.1.region001; NZ_JBNMEO010000017.1.region001; NZ_CP118245.1.region003
0.5	RiPP_c0.5_famFAM_00080	RiPP	2	1	0.9	rare	NZ_JBDGIY010000001.1 Devosia sp. Soil_C_22 NODE_1_length_3502528_cov_134.771868, whole genome shotgun sequence; NZ_PYVW01000001.1 Devosia naphthalenivorans strain CM5-1 scaffold1, whole genome shotgun sequence	NZ_JBDGIY010000001.1.region003; NZ_PYVW01000001.1.region001
0.5	RiPP_c0.5_famFAM_00081	RiPP	7	1	0.9	rare	NZ_CAXUPH020000001.1 Devosia sp. LjRoot16 LJR016c1, whole genome shotgun sequence; NZ_CP012945.1 Devosia sp. A16 chromosome, complete genome; NZ_JAFKHA010000008.1 MAG: Devosia sp. isolate SCN18_30_10_14_R3_B_66_58 SCN18_30_10_14_R3_B_scaffold_1, whole genome shotgun sequence; NZ_JBXAPX010000002.1 Devosia sp. GW821-FHT12F11 NODE_2_length_929012_cov_60.894576, whole genome shotgun sequence; NZ_LMCR01000021.1 Devosia sp. Root105 contig_9, whole genome shotgun sequence; NZ_LMEA01000012.1 Devosia sp. Root413D1 contig_7, whole genome shotgun sequence; NZ_MKVB01000006.1 MAG: Devosia sp. 66-14 SCNpilot_cont_300_bf_scaffold_172, whole genome shotgun sequence	NZ_CAXUPH020000001.1.region001; NZ_JAFKHA010000008.1.region001; NZ_CP012945.1.region003; NZ_LMCR01000021.1.region001; NZ_JBXAPX010000002.1.region001; NZ_MKVB01000006.1.region001; NZ_LMEA01000012.1.region001
0.5	RiPP_c0.5_famFAM_00082	RiPP	5	1	0.9	rare	NZ_CP034767.1 Devosia sp. 1566 chromosome, complete genome; NZ_JABAOL010000001.1 Devosia sp. 919 Scaffold1_1, whole genome shotgun sequence; NZ_JABAOM010000005.1 Devosia sp. 1635 Scaffold4_1, whole genome shotgun sequence; NZ_JBYUNO010000001.1 Devosia sp. Z6_126 NODE_1_length_1401190_cov_167.528294, whole genome shotgun sequence; NZ_JBYUNQ010000005.1 Devosia sp. Z11_6 NODE_5_length_228390_cov_165.542129, whole genome shotgun sequence	NZ_CP034767.1.region001; NZ_JABAOL010000001.1.region002; NZ_JBYUNQ010000005.1.region001; NZ_JABAOM010000005.1.region001; NZ_JBYUNO010000001.1.region001
0.5	RiPP_c0.5_famFAM_00083	RiPP	3	1	0.9	rare	NZ_JAFKHE010000031.1 MAG: Devosia sp. isolate SCN18_30_10_14_R3_P_66_71 SCN18_30_10_14_R3_P_scaffold_280, whole genome shotgun sequence; NZ_JAQRMY010000003.1 Devosia sp. ZB163 scaffold_2, whole genome shotgun sequence; NZ_OZ245853.1 MAG: Devosia sp. isolate 3d186a37-0bcd-4ac1-b259-f5c9590ee027 chromosome 1	NZ_OZ245853.1.region001; NZ_JAQRMY010000003.1.region001; NZ_JAFKHE010000031.1.region001
0.5	RiPP_c0.5_famFAM_00084	RiPP	2	1	0.9	rare	NZ_JAFKHA010000010.1 MAG: Devosia sp. isolate SCN18_30_10_14_R3_B_66_58 SCN18_30_10_14_R3_B_scaffold_12, whole genome shotgun sequence; NZ_MKVB01000003.1 MAG: Devosia sp. 66-14 SCNpilot_cont_300_bf_scaffold_152, whole genome shotgun sequence	NZ_JAFKHA010000010.1.region001; NZ_MKVB01000003.1.region001
0.5	RiPP_c0.5_famFAM_00085	RiPP	3	1	0.9	rare	NZ_JBFUCQ010000005.1 Devosia sp. P1_H9 scaffold_4, whole genome shotgun sequence; NZ_JBFUFI010000005.1 Devosia sp. P2_G7 scaffold_4, whole genome shotgun sequence; NZ_JBFUGO010000004.1 Devosia sp. P3_B2 scaffold_3, whole genome shotgun sequence	NZ_JBFUCQ010000005.1.region001; NZ_JBFUGO010000004.1.region001; NZ_JBFUFI010000005.1.region001
0.5	RiPP_c0.5_famFAM_00086	RiPP	3	1	0.9	rare	NZ_JAIMBX010000003.1 Devosia sp. BK 9_Devo_3, whole genome shotgun sequence; NZ_LMLO01000012.1 Devosia sp. Leaf64 contig_2, whole genome shotgun sequence; NZ_LMQU01000011.1 Devosia sp. Leaf420 contig_4, whole genome shotgun sequence	NZ_JAIMBX010000003.1.region001; NZ_LMQU01000011.1.region002; NZ_LMLO01000012.1.region002
0.5	RiPP_c0.5_famFAM_00087	RiPP	2	1	0.9	rare	NZ_STGC01000005.1 Devosia sp. FKR38 NODE_14_length_2742056_cov_203.257278, whole genome shotgun sequence; NZ_WQRF01000001.1 Devosia marina strain L53-10-65 NODE_1_length_1615214_cov_52.474690, whole genome shotgun sequence	NZ_WQRF01000001.1.region001; NZ_STGC01000005.1.region005
0.5	RiPP_c0.5_famFAM_00088	RiPP	1	1	0.9	rare	NZ_STGC01000005.1 Devosia sp. FKR38 NODE_14_length_2742056_cov_203.257278, whole genome shotgun sequence	NZ_STGC01000005.1.region001
0.5	RiPP_c0.5_famFAM_00089	RiPP	1	1	0.9	rare	NZ_JABBDZ010000004.1 Devosia sp. MC1541 Scaffold4_1, whole genome shotgun sequence	NZ_JABBDZ010000004.1.region001
0.5	RiPP_c0.5_famFAM_00090	RiPP	1	1	0.9	rare	NZ_OZ245853.1 MAG: Devosia sp. isolate 3d186a37-0bcd-4ac1-b259-f5c9590ee027 chromosome 1	NZ_OZ245853.1.region004
0.5	RiPP_c0.5_famFAM_00091	RiPP	1	1	0.9	rare	NZ_JBTMWU010000001.1 Devosia sp. A449 Scaffold1, whole genome shotgun sequence	NZ_JBTMWU010000001.1.region001
0.5	RiPP_c0.5_famFAM_00092	RiPP	1	1	0.9	rare	NZ_CP186479.1 Devosia sp. CN2-171 chromosome, complete genome	NZ_CP186479.1.region003
0.5	RiPP_c0.5_famFAM_00093	RiPP	1	1	0.9	rare	NZ_JBLXGA010000019.1 MAG: Devosia sp. isolate ET04-05 T04maxbin_out.008RE.5K@19, whole genome shotgun sequence	NZ_JBLXGA010000019.1.region001
0.5	RiPP_c0.5_famFAM_00094	RiPP	1	1	0.9	rare	NZ_CM147875.1 Devosia sp. J20-27 chromosome, whole genome shotgun sequence	NZ_CM147875.1.region002
0.5	RiPP_c0.5_famFAM_00095	RiPP	1	1	0.9	rare	NZ_JAFKHE010000027.1 MAG: Devosia sp. isolate SCN18_30_10_14_R3_P_66_71 SCN18_30_10_14_R3_P_scaffold_205, whole genome shotgun sequence	NZ_JAFKHE010000027.1.region001
0.5	RiPP_c0.5_famFAM_00096	RiPP	1	1	0.9	rare	NZ_LAJG01000014.1 Devosia soli strain GH2-10 NODE_14, whole genome shotgun sequence	NZ_LAJG01000014.1.region003
0.5	RiPP_c0.5_famFAM_00097	RiPP	1	1	0.9	rare	NZ_JBXAPX010000005.1 Devosia sp. GW821-FHT12F11 NODE_5_length_446700_cov_56.840628, whole genome shotgun sequence	NZ_JBXAPX010000005.1.region001
0.5	RiPP_c0.5_famFAM_00098	RiPP	1	1	0.9	rare	NZ_CM147875.1 Devosia sp. J20-27 chromosome, whole genome shotgun sequence	NZ_CM147875.1.region001
0.5	RiPP_c0.5_famFAM_00099	RiPP	1	1	0.9	rare	NZ_CP186479.1 Devosia sp. CN2-171 chromosome, complete genome	NZ_CP186479.1.region002
0.5	RiPP_c0.5_famFAM_00100	RiPP	1	1	0.9	rare	NZ_BMZE01000001.1 Devosia pacifica strain KCTC 32437 sequence1, whole genome shotgun sequence	NZ_BMZE01000001.1.region002
0.5	RiPP_c0.5_famFAM_00101	RiPP	1	1	0.9	rare	NZ_JABBDZ010000019.1 Devosia sp. MC1541 Scaffold19_1, whole genome shotgun sequence	NZ_JABBDZ010000019.1.region001
0.5	RiPP_c0.5_famFAM_00102	RiPP	1	1	0.9	rare	NZ_CM147875.1 Devosia sp. J20-27 chromosome, whole genome shotgun sequence	NZ_CM147875.1.region003
0.5	RiPP_c0.5_famFAM_00103	RiPP	1	1	0.9	rare	NZ_JBDGIY010000001.1 Devosia sp. Soil_C_22 NODE_1_length_3502528_cov_134.771868, whole genome shotgun sequence	NZ_JBDGIY010000001.1.region005
0.5	RiPP_c0.5_famFAM_00104	RiPP	1	1	0.9	rare	NZ_MKUZ01000030.1 MAG: Devosia sp. 66-22 SCNpilot_expt_1000_bf_scaffold_96, whole genome shotgun sequence	NZ_MKUZ01000030.1.region001
0.5	RiPP_c0.5_famFAM_00105	RiPP	1	1	0.9	rare	NZ_CP063401.1 Devosia sp. SL43 chromosome, complete genome	NZ_CP063401.1.region006
0.5	RiPP_c0.5_famFAM_00106	RiPP	1	1	0.9	rare	NZ_FXWK01000002.1 Devosia lucknowensis strain L15, whole genome shotgun sequence	NZ_FXWK01000002.1.region001
0.5	RiPP_c0.5_famFAM_00107	RiPP	1	1	0.9	rare	NZ_CP045422.1 Devosia beringensis strain S02 chromosome, complete genome	NZ_CP045422.1.region002
0.5	RiPP_c0.5_famFAM_00108	RiPP	1	1	0.9	rare	NZ_JBLXGA010000003.1 MAG: Devosia sp. isolate ET04-05 T04maxbin_out.008RE.5K@3, whole genome shotgun sequence	NZ_JBLXGA010000003.1.region001
0.5	RiPP_c0.5_famFAM_00109	RiPP	1	1	0.9	rare	NZ_JBDGIY010000001.1 Devosia sp. Soil_C_22 NODE_1_length_3502528_cov_134.771868, whole genome shotgun sequence	NZ_JBDGIY010000001.1.region001
0.5	RiPP_c0.5_famFAM_00110	RiPP	1	1	0.9	rare	NZ_AP027921.1 Devosia sp. T2-14 chromosome, complete genome	NZ_AP027921.1.region002
0.5	RiPP_c0.5_famFAM_00111	RiPP	1	1	0.9	rare	NZ_JADGNE010000033.1 MAG: Devosia sp. isolate N26CT NODE_24_length_219165_cov_20.528168, whole genome shotgun sequence	NZ_JADGNE010000033.1.region001
0.5	RiPP_c0.5_famFAM_00112	RiPP	1	1	0.9	rare	NZ_JBDGIY010000001.1 Devosia sp. Soil_C_22 NODE_1_length_3502528_cov_134.771868, whole genome shotgun sequence	NZ_JBDGIY010000001.1.region002
0.5	other.terpene_c0.5_famFAM_00576	other.terpene	1	1	0.9	rare	NZ_JBHRYD010000001.1 Devosia honganensis strain KCTC 42281 platanus_K_25_97_1, whole genome shotgun sequence	NZ_JBHRYD010000001.1.region001
0.5	other_c0.5_famFAM_00413	other	9	1	0.9	rare	NZ_CM147870.1 Devosia sp. J2-20 chromosome, whole genome shotgun sequence; NZ_CP118245.1 Devosia sp. J2-20 chromosome; NZ_FOMB01000001.1 Devosia psychrophila strain CGMCC 1.10210, whole genome shotgun sequence; NZ_FXWK01000002.1 Devosia lucknowensis strain L15, whole genome shotgun sequence; NZ_JAGXTP010000003.1 Devosia litorisediminis strain BSSL-BM10 3, whole genome shotgun sequence; NZ_JAPWHK010000008.1 Devosia neptuniae strain G21611-S1 NODE_8_length_235334_cov_135.292, whole genome shotgun sequence; NZ_JBKJHF010000003.1 Devosia sp. XGJD_8 3, whole genome shotgun sequence; NZ_JBNMEO010000006.1 MAG: Devosia sp. isolate 3300055174_60 Ga0535679_0000079, whole genome shotgun sequence; NZ_STGC01000002.1 Devosia sp. FKR38 NODE_4_length_1043381_cov_214.428558, whole genome shotgun sequence	NZ_FXWK01000002.1.region002; NZ_JBNMEO010000006.1.region001; NZ_STGC01000002.1.region001; NZ_JBKJHF010000003.1.region001; NZ_JAPWHK010000008.1.region001; NZ_FOMB01000001.1.region001; NZ_CP118245.1.region002; NZ_JAGXTP010000003.1.region001; NZ_CM147870.1.region001
0.5	other_c0.5_famFAM_00414	other	9	1	0.9	rare	NZ_CP059902.1 Devosia sp. MC521 chromosome, complete genome; NZ_CP063401.1 Devosia sp. SL43 chromosome, complete genome; NZ_FQVC01000005.1 Devosia limi DSM 17137, whole genome shotgun sequence; NZ_JABBDZ010000002.1 Devosia sp. MC1541 Scaffold2_1, whole genome shotgun sequence; NZ_JACDXV010000002.1 Devosia faecipullorum strain CC-YST696 contig02, whole genome shotgun sequence; NZ_JAEMEB010000015.1 Devosia sp. MC521 Scaffold15_1, whole genome shotgun sequence; NZ_JAENGO010000005.1 Devosia sp. WQ 349K1 Scaffold4_1, whole genome shotgun sequence; NZ_JBHRYD010000001.1 Devosia honganensis strain KCTC 42281 platanus_K_25_97_1, whole genome shotgun sequence; NZ_LAJF01000054.1 Devosia limi DSM 17137 NODE_54, whole genome shotgun sequence	NZ_FQVC01000005.1.region001; NZ_JBHRYD010000001.1.region002; NZ_JAENGO010000005.1.region001; NZ_CP063401.1.region004; NZ_JACDXV010000002.1.region001; NZ_JAEMEB010000015.1.region001; NZ_CP059902.1.region005; NZ_JABBDZ010000002.1.region002; NZ_LAJF01000054.1.region001
0.5	other_c0.5_famFAM_00415	other	3	1	0.9	rare	NZ_JAQGJM010000040.1 MAG: Devosia sp. isolate RYN_485 scaffold_1327769, whole genome shotgun sequence; NZ_JAQGJV010000035.1 MAG: Devosia sp. isolate RYN_494 scaffold_5976185, whole genome shotgun sequence; NZ_JBEPOL010000003.1 Devosia sp. UYZn731 Ga0493902_03, whole genome shotgun sequence	NZ_JAQGJV010000035.1.region001; NZ_JAQGJM010000040.1.region001; NZ_JBEPOL010000003.1.region001
0.5	other_c0.5_famFAM_00416	other	13	1	0.9	rare	NZ_CP026747.1 Devosia sp. I507 chromosome, complete genome; NZ_CP068046.1 Devosia rhizoryzae strain LEGU1 chromosome; NZ_CP080590.1 Devosia salina strain SCS-3 chromosome, complete genome; NZ_CP094375.1 Devosia sp. Micro-HW1 chromosome, complete genome; NZ_CP170082.1 Devosia sp. Naph2 chromosome, complete genome; NZ_JAEKMH010000004.1 Devosia sediminis strain MSA67 NODE_4_length_514361_cov_166.640065, whole genome shotgun sequence; NZ_JAMWDU010000002.1 Devosia ureilytica strain XJ19-45 Scaffold2, whole genome shotgun sequence; NZ_JAMZCU010000002.1 Devosia ureilytica strain XJ19-1 Scaffold2, whole genome shotgun sequence; NZ_JAVKFR010000006.1 MAG: Devosia marina isolate F1-TOW-06 k141_66864, whole genome shotgun sequence; NZ_JBTMWU010000001.1 Devosia sp. A449 Scaffold1, whole genome shotgun sequence; NZ_JBTMWV010000009.1 Devosia sp. A369 Scaffold9, whole genome shotgun sequence; NZ_PYVZ01000009.1 Devosia indica strain IO390501 scaffold9, whole genome shotgun sequence; NZ_WQRF01000002.1 Devosia marina strain L53-10-65 NODE_2_length_636985_cov_56.763128, whole genome shotgun sequence	NZ_JAMZCU010000002.1.region001; NZ_JAEKMH010000004.1.region001; NZ_CP170082.1.region002; NZ_JAVKFR010000006.1.region001; NZ_CP094375.1.region003; NZ_PYVZ01000009.1.region001; NZ_JBTMWV010000009.1.region001; NZ_JBTMWU010000001.1.region002; NZ_CP068046.1.region005; NZ_CP026747.1.region003; NZ_CP080590.1.region007; NZ_WQRF01000002.1.region001; NZ_JAMWDU010000002.1.region002
0.5	other_c0.5_famFAM_00417	other	5	1	0.9	rare	NZ_AP027921.1 Devosia sp. T2-14 chromosome, complete genome; NZ_JAEMNZ010000020.1 Devosia sp. MC532 Scaffold20_1, whole genome shotgun sequence; NZ_LMEM01000010.1 Devosia sp. Root436 contig_3, whole genome shotgun sequence; NZ_LMGZ01000019.1 Devosia sp. Root635 contig_4, whole genome shotgun sequence; NZ_PYVW01000012.1 Devosia naphthalenivorans strain CM5-1 scaffold12, whole genome shotgun sequence	NZ_AP027921.1.region001; NZ_JAEMNZ010000020.1.region001; NZ_LMGZ01000019.1.region001; NZ_LMEM01000010.1.region001; NZ_PYVW01000012.1.region001
0.5	other_c0.5_famFAM_00418	other	6	1	0.9	rare	NZ_CP104007.1 Devosia sp. FJ2-5-3 chromosome, complete genome; NZ_JAFKHC010000010.1 MAG: Devosia sp. isolate SCN18_26_2_15_R2_B_67_34 SCN18_26_2_15_R2_B_scaffold_56, whole genome shotgun sequence; NZ_JAIMBX010000002.1 Devosia sp. BK 9_Devo_2, whole genome shotgun sequence; NZ_LMLO01000019.1 Devosia sp. Leaf64 contig_4, whole genome shotgun sequence; NZ_LMQU01000010.1 Devosia sp. Leaf420 contig_3, whole genome shotgun sequence; NZ_MKVA01000002.1 MAG: Devosia sp. 67-54 SCNpilot_cont_1000_bf_scaffold_153, whole genome shotgun sequence	NZ_LMLO01000019.1.region001; NZ_CP104007.1.region001; NZ_JAIMBX010000002.1.region001; NZ_JAFKHC010000010.1.region001; NZ_MKVA01000002.1.region001; NZ_LMQU01000010.1.region001
0.5	other_c0.5_famFAM_00419	other	5	1	0.9	rare	NZ_CP034767.1 Devosia sp. 1566 chromosome, complete genome; NZ_JABAOL010000001.1 Devosia sp. 919 Scaffold1_1, whole genome shotgun sequence; NZ_JABAOM010000003.1 Devosia sp. 1635 Scaffold3_1, whole genome shotgun sequence; NZ_JBYUNO010000001.1 Devosia sp. Z6_126 NODE_1_length_1401190_cov_167.528294, whole genome shotgun sequence; NZ_JBYUNQ010000002.1 Devosia sp. Z11_6 NODE_2_length_859975_cov_197.188371, whole genome shotgun sequence	NZ_JABAOL010000001.1.region001; NZ_JBYUNQ010000002.1.region001; NZ_CP034767.1.region005; NZ_JBYUNO010000001.1.region002; NZ_JABAOM010000003.1.region001
0.5	other_c0.5_famFAM_00420	other	23	1	0.9	rare	NZ_CM147870.1 Devosia sp. J2-20 chromosome, whole genome shotgun sequence; NZ_CP026747.1 Devosia sp. I507 chromosome, complete genome; NZ_CP045422.1 Devosia beringensis strain S02 chromosome, complete genome; NZ_CP080590.1 Devosia salina strain SCS-3 chromosome, complete genome; NZ_CP118245.1 Devosia sp. J2-20 chromosome; NZ_CP146608.1 Devosia sp. XK-2 chromosome, complete genome; NZ_CP170082.1 Devosia sp. Naph2 chromosome, complete genome; NZ_FPCK01000003.1 Devosia crocina strain IPL20, whole genome shotgun sequence; NZ_FQVC01000010.1 Devosia limi DSM 17137, whole genome shotgun sequence; NZ_FXWK01000001.1 Devosia lucknowensis strain L15, whole genome shotgun sequence; NZ_JACIEW010000001.1 Devosia subaequoris strain DSM 23447 Ga0373328_01, whole genome shotgun sequence; NZ_JACYFU010000004.1 Devosia oryzisoli strain PTR5 contig4, whole genome shotgun sequence; NZ_JAGXTP010000001.1 Devosia litorisediminis strain BSSL-BM10 1, whole genome shotgun sequence; NZ_JAMWDU010000009.1 Devosia ureilytica strain XJ19-45 Scaffold9, whole genome shotgun sequence; NZ_JAMYXP010000001.1 Devosia subaequoris strain HST3-14 Scaffold1, whole genome shotgun sequence; NZ_JAMZCU010000006.1 Devosia ureilytica strain XJ19-1 Scaffold6, whole genome shotgun sequence; NZ_JAPWHK010000001.1 Devosia neptuniae strain G21611-S1 NODE_1_length_635483_cov_121.601, whole genome shotgun sequence; NZ_JAVKFR010000022.1 MAG: Devosia marina isolate F1-TOW-06 k141_60500, whole genome shotgun sequence; NZ_JBNMEO010000008.1 MAG: Devosia sp. isolate 3300055174_60 Ga0535679_0000094, whole genome shotgun sequence; NZ_JBTLRJ010000002.1 Devosia sp. CAU 1758 contig2, whole genome shotgun sequence; NZ_LAJF01000076.1 Devosia limi DSM 17137 NODE_76, whole genome shotgun sequence; NZ_PYVZ01000007.1 Devosia indica strain IO390501 scaffold7, whole genome shotgun sequence; NZ_WQRF01000001.1 Devosia marina strain L53-10-65 NODE_1_length_1615214_cov_52.474690, whole genome shotgun sequence	NZ_LAJF01000076.1.region001; NZ_CP118245.1.region004; NZ_JAPWHK010000001.1.region001; NZ_JAMWDU010000009.1.region001; NZ_JBTLRJ010000002.1.region001; NZ_CP045422.1.region005; NZ_JAMYXP010000001.1.region001; NZ_JACIEW010000001.1.region002; NZ_CP146608.1.region001; NZ_WQRF01000001.1.region002; NZ_CP080590.1.region003; NZ_CP170082.1.region006; NZ_CP026747.1.region006; NZ_JAGXTP010000001.1.region004; NZ_FQVC01000010.1.region002; NZ_CM147870.1.region005; NZ_FPCK01000003.1.region001; NZ_JAVKFR010000022.1.region001; NZ_JAMZCU010000006.1.region001; NZ_JACYFU010000004.1.region001; NZ_JBNMEO010000008.1.region001; NZ_FXWK01000001.1.region001; NZ_PYVZ01000007.1.region001
0.5	other_c0.5_famFAM_00421	other	3	1	0.9	rare	NZ_BMZE01000004.1 Devosia pacifica strain KCTC 32437 sequence4, whole genome shotgun sequence; NZ_CP126539.1 Devosia rhizosphaerae strain RR2S18 chromosome, complete genome; NZ_JZEY01000061.1 Devosia chinhatensis strain IPL18 NODE_61, whole genome shotgun sequence	NZ_BMZE01000004.1.region001; NZ_CP126539.1.region003; NZ_JZEY01000061.1.region001
0.5	other_c0.5_famFAM_00422	other	2	1	0.9	rare	NZ_JAFKHC010000005.1 MAG: Devosia sp. isolate SCN18_26_2_15_R2_B_67_34 SCN18_26_2_15_R2_B_scaffold_15, whole genome shotgun sequence; NZ_MKVA01000003.1 MAG: Devosia sp. 67-54 SCNpilot_cont_1000_bf_scaffold_18, whole genome shotgun sequence	NZ_MKVA01000003.1.region002; NZ_JAFKHC010000005.1.region002
0.5	other_c0.5_famFAM_00423	other	22	1	0.9	rare	NZ_CP026747.1 Devosia sp. I507 chromosome, complete genome; NZ_CP042304.1 Devosia ginsengisoli strain Gsoil 520 chromosome, complete genome; NZ_CP075529.1 MAG: Devosia sp. isolate TGS_PRO11 chromosome; NZ_CP080590.1 Devosia salina strain SCS-3 chromosome, complete genome; NZ_CP094375.1 Devosia sp. Micro-HW1 chromosome, complete genome; NZ_CP146608.1 Devosia sp. XK-2 chromosome, complete genome; NZ_CP170082.1 Devosia sp. Naph2 chromosome, complete genome; NZ_JACDXV010000007.1 Devosia faecipullorum strain CC-YST696 contig07, whole genome shotgun sequence; NZ_JACIEW010000006.1 Devosia subaequoris strain DSM 23447 Ga0373328_06, whole genome shotgun sequence; NZ_JAEKMH010000003.1 Devosia sediminis strain MSA67 NODE_3_length_546602_cov_164.757561, whole genome shotgun sequence; NZ_JAMWDU010000007.1 Devosia ureilytica strain XJ19-45 Scaffold7, whole genome shotgun sequence; NZ_JAMYXP010000006.1 Devosia subaequoris strain HST3-14 Scaffold6, whole genome shotgun sequence; NZ_JAMZCU010000007.1 Devosia ureilytica strain XJ19-1 Scaffold7, whole genome shotgun sequence; NZ_JANQAJ010000005.1 MAG: Devosia ginsengisoli isolate 46_gen_w_cov.5 c370, whole genome shotgun sequence; NZ_JAVKFR010000010.1 MAG: Devosia marina isolate F1-TOW-06 k141_67463, whole genome shotgun sequence; NZ_JBHRYD010000007.1 Devosia honganensis strain KCTC 42281 platanus_K_25_97_7, whole genome shotgun sequence; NZ_JBKJHF010000001.1 Devosia sp. XGJD_8 1, whole genome shotgun sequence; NZ_JBTLRJ010000005.1 Devosia sp. CAU 1758 contig5, whole genome shotgun sequence; NZ_LMEM01000013.1 Devosia sp. Root436 contig_6, whole genome shotgun sequence; NZ_LMGZ01000022.1 Devosia sp. Root635 contig_7, whole genome shotgun sequence; NZ_PYVZ01000001.1 Devosia indica strain IO390501 scaffold1, whole genome shotgun sequence; NZ_WQRF01000004.1 Devosia marina strain L53-10-65 NODE_4_length_261075_cov_55.401212, whole genome shotgun sequence	NZ_CP042304.1.region006; NZ_CP080590.1.region001; NZ_CP094375.1.region004; NZ_CP170082.1.region001; NZ_JAMZCU010000007.1.region001; NZ_LMEM01000013.1.region001; NZ_JAMYXP010000006.1.region001; NZ_JBHRYD010000007.1.region001; NZ_CP146608.1.region002; NZ_WQRF01000004.1.region001; NZ_JAEKMH010000003.1.region001; NZ_JACDXV010000007.1.region001; NZ_CP026747.1.region002; NZ_CP075529.1.region005; NZ_JBKJHF010000001.1.region001; NZ_JANQAJ010000005.1.region001; NZ_JAVKFR010000010.1.region001; NZ_LMGZ01000022.1.region001; NZ_PYVZ01000001.1.region001; NZ_JBTLRJ010000005.1.region001; NZ_JAMWDU010000007.1.region001; NZ_JACIEW010000006.1.region001
0.5	other_c0.5_famFAM_00424	other	6	1	0.9	rare	NZ_CAXUPK020000007.1 Devosia sp. LjRoot3 LJR003c7, whole genome shotgun sequence; NZ_CDRNJH010000001.1 Devosia riboflavina isolate Ri144 gnlProkkaBTCC_1, whole genome shotgun sequence; NZ_FPCK01000004.1 Devosia crocina strain IPL20, whole genome shotgun sequence; NZ_JBMQPQ010000006.1 MAG: Devosia sp. isolate isolate1_meta_1_34 k141_310111, whole genome shotgun sequence; NZ_JQGC01000003.1 Devosia riboflavina strain IFO13584 contig3, whole genome shotgun sequence; NZ_LMHK01000003.1 Devosia sp. Root685 contig_3, whole genome shotgun sequence	NZ_JQGC01000003.1.region001; NZ_FPCK01000004.1.region001; NZ_JBMQPQ010000006.1.region001; NZ_CAXUPK020000007.1.region001; NZ_LMHK01000003.1.region001; NZ_CDRNJH010000001.1.region001
0.5	other_c0.5_famFAM_00425	other	6	1	0.9	rare	NZ_CP104002.1 Devosia sp. SD17-2 chromosome, complete genome; NZ_CP104007.1 Devosia sp. FJ2-5-3 chromosome, complete genome; NZ_JAIMBX010000004.1 Devosia sp. BK 9_Devo_4, whole genome shotgun sequence; NZ_JCACVZ010000001.1 MAG: Devosia sp. isolate TerP_2 Oxa_002_000000000117, whole genome shotgun sequence; NZ_LMLO01000002.1 Devosia sp. Leaf64 contig_10, whole genome shotgun sequence; NZ_LMQU01000014.1 Devosia sp. Leaf420 contig_7, whole genome shotgun sequence	NZ_CP104002.1.region004; NZ_JAIMBX010000004.1.region001; NZ_LMQU01000014.1.region001; NZ_JCACVZ010000001.1.region004; NZ_LMLO01000002.1.region001; NZ_CP104007.1.region005
0.5	other_c0.5_famFAM_00426	other	6	1	0.9	rare	NZ_CP034767.1 Devosia sp. 1566 chromosome, complete genome; NZ_JABAOL010000001.1 Devosia sp. 919 Scaffold1_1, whole genome shotgun sequence; NZ_JABAOM010000002.1 Devosia sp. 1635 Scaffold2_1, whole genome shotgun sequence; NZ_JBEPOO010000001.1 Devosia sp. 2618 Ga0501505_01, whole genome shotgun sequence; NZ_JBYUNO010000003.1 Devosia sp. Z6_126 NODE_3_length_955106_cov_138.820264, whole genome shotgun sequence; NZ_JBYUNQ010000001.1 Devosia sp. Z11_6 NODE_1_length_1109201_cov_151.543683, whole genome shotgun sequence	NZ_JABAOM010000002.1.region001; NZ_JABAOL010000001.1.region004; NZ_JBYUNQ010000001.1.region002; NZ_JBEPOO010000001.1.region001; NZ_CP034767.1.region003; NZ_JBYUNO010000003.1.region001
0.5	other_c0.5_famFAM_00427	other	8	1	0.9	rare	NZ_CP059902.1 Devosia sp. MC521 chromosome, complete genome; NZ_CP104002.1 Devosia sp. SD17-2 chromosome, complete genome; NZ_JABBDZ010000006.1 Devosia sp. MC1541 Scaffold6_1, whole genome shotgun sequence; NZ_JACDXV010000002.1 Devosia faecipullorum strain CC-YST696 contig02, whole genome shotgun sequence; NZ_JADGNE010000026.1 MAG: Devosia sp. isolate N26CT NODE_199_length_38659_cov_21.121360, whole genome shotgun sequence; NZ_JAEMEB010000016.1 Devosia sp. MC521 Scaffold16_1, whole genome shotgun sequence; NZ_JAEMNZ010000007.1 Devosia sp. MC532 Scaffold7_1, whole genome shotgun sequence; NZ_JAENGO010000004.1 Devosia sp. WQ 349K1 Scaffold3_1, whole genome shotgun sequence	NZ_CP104002.1.region003; NZ_JABBDZ010000006.1.region001; NZ_JACDXV010000002.1.region003; NZ_JAENGO010000004.1.region001; NZ_JAEMEB010000016.1.region001; NZ_CP059902.1.region004; NZ_JADGNE010000026.1.region001; NZ_JAEMNZ010000007.1.region001
0.5	other_c0.5_famFAM_00428	other	17	1	0.9	rare	NZ_CAXUPK020000002.1 Devosia sp. LjRoot3 LJR003c2, whole genome shotgun sequence; NZ_CDRNJH010000001.1 Devosia riboflavina isolate Ri144 gnlProkkaBTCC_1, whole genome shotgun sequence; NZ_CP068046.1 Devosia rhizoryzae strain LEGU1 chromosome; NZ_CP075529.1 MAG: Devosia sp. isolate TGS_PRO11 chromosome; NZ_CP104007.1 Devosia sp. FJ2-5-3 chromosome, complete genome; NZ_FPCK01000001.1 Devosia crocina strain IPL20, whole genome shotgun sequence; NZ_JACYFU010000004.1 Devosia oryzisoli strain PTR5 contig4, whole genome shotgun sequence; NZ_JAIMBX010000003.1 Devosia sp. BK 9_Devo_3, whole genome shotgun sequence; NZ_JBMQPQ010000012.1 MAG: Devosia sp. isolate isolate1_meta_1_34 k141_568073, whole genome shotgun sequence; NZ_JCACVZ010000001.1 MAG: Devosia sp. isolate TerP_2 Oxa_002_000000000117, whole genome shotgun sequence; NZ_JQGC01000019.1 Devosia riboflavina strain IFO13584 contig19, whole genome shotgun sequence; NZ_JZEY01000061.1 Devosia chinhatensis strain IPL18 NODE_61, whole genome shotgun sequence; NZ_LAJG01000048.1 Devosia soli strain GH2-10 NODE_48, whole genome shotgun sequence; NZ_LMHK01000002.1 Devosia sp. Root685 contig_2, whole genome shotgun sequence; NZ_LMLO01000012.1 Devosia sp. Leaf64 contig_2, whole genome shotgun sequence; NZ_LMQU01000011.1 Devosia sp. Leaf420 contig_4, whole genome shotgun sequence; NZ_MKUZ01000013.1 MAG: Devosia sp. 66-22 SCNpilot_expt_1000_bf_scaffold_286, whole genome shotgun sequence	NZ_FPCK01000001.1.region001; NZ_JBMQPQ010000012.1.region001; NZ_MKUZ01000013.1.region001; NZ_JZEY01000061.1.region002; NZ_JCACVZ010000001.1.region001; NZ_JACYFU010000004.1.region002; NZ_CP104007.1.region004; NZ_LMHK01000002.1.region001; NZ_LMQU01000011.1.region001; NZ_CAXUPK020000002.1.region001; NZ_CP075529.1.region004; NZ_LMLO01000012.1.region001; NZ_JQGC01000019.1.region001; NZ_CDRNJH010000001.1.region002; NZ_LAJG01000048.1.region001; NZ_CP068046.1.region001; NZ_JAIMBX010000003.1.region002
0.5	other_c0.5_famFAM_00429	other	9	1	0.9	rare	NZ_CP042304.1 Devosia ginsengisoli strain Gsoil 520 chromosome, complete genome; NZ_CP126539.1 Devosia rhizosphaerae strain RR2S18 chromosome, complete genome; NZ_FQVC01000003.1 Devosia limi DSM 17137, whole genome shotgun sequence; NZ_LAJF01000036.1 Devosia limi DSM 17137 NODE_36, whole genome shotgun sequence; NZ_LANJ01000004.1 Devosia epidermidihirudinis strain E84 contig4, whole genome shotgun sequence; NZ_LMGZ01000023.1 Devosia sp. Root635 contig_8, whole genome shotgun sequence; NZ_LVVY01000098.1 Devosia elaeis strain S37 DIN_R1_(paired)_trimmed_(paired)_contig_50, whole genome shotgun sequence; NZ_PYVW01000002.1 Devosia naphthalenivorans strain CM5-1 scaffold2, whole genome shotgun sequence; NZ_PYWB01000008.1 Devosia submarina strain JCM 18935 scaffold8, whole genome shotgun sequence	NZ_LMGZ01000023.1.region001; NZ_LAJF01000036.1.region001; NZ_LVVY01000098.1.region001; NZ_CP042304.1.region004; NZ_PYVW01000002.1.region001; NZ_FQVC01000003.1.region001; NZ_LANJ01000004.1.region001; NZ_CP126539.1.region001; NZ_PYWB01000008.1.region001
0.5	other_c0.5_famFAM_00430	other	5	1	0.9	rare	NZ_BSNG01000001.1 Devosia yakushimensis strain NBRC 103855 sequence01, whole genome shotgun sequence; NZ_CP104965.1 Devosia neptuniae strain A18/4-1 chromosome, complete genome; NZ_JBJDRE010000012.1 Devosia sp. ZW T5_3 ZW_T5_3_contig_012, whole genome shotgun sequence; NZ_JBKJHF010000002.1 Devosia sp. XGJD_8 2, whole genome shotgun sequence; NZ_JNNO01000044.1 Devosia sp. LC5 contig6, whole genome shotgun sequence	NZ_JBKJHF010000002.1.region001; NZ_BSNG01000001.1.region001; NZ_JNNO01000044.1.region001; NZ_JBJDRE010000012.1.region001; NZ_CP104965.1.region002
0.5	other_c0.5_famFAM_00431	other	4	1	0.9	rare	NZ_CP092483.1 Devosia lacusdianchii strain JXJ CY 41 chromosome; NZ_JAQGJM010000015.1 MAG: Devosia sp. isolate RYN_485 scaffold_2972844, whole genome shotgun sequence; NZ_JAQGJV010000024.1 MAG: Devosia sp. isolate RYN_494 scaffold_5055289, whole genome shotgun sequence; NZ_JBEPOL010000007.1 Devosia sp. UYZn731 Ga0493902_07, whole genome shotgun sequence	NZ_JAQGJV010000024.1.region001; NZ_CP092483.1.region005; NZ_JBEPOL010000007.1.region001; NZ_JAQGJM010000015.1.region001
0.5	other_c0.5_famFAM_00432	other	12	1	0.9	rare	NZ_CP080590.1 Devosia salina strain SCS-3 chromosome, complete genome; NZ_CP094375.1 Devosia sp. Micro-HW1 chromosome, complete genome; NZ_CP170082.1 Devosia sp. Naph2 chromosome, complete genome; NZ_FXWK01000001.1 Devosia lucknowensis strain L15, whole genome shotgun sequence; NZ_JACIEW010000005.1 Devosia subaequoris strain DSM 23447 Ga0373328_05, whole genome shotgun sequence; NZ_JAMWDU010000005.1 Devosia ureilytica strain XJ19-45 Scaffold5, whole genome shotgun sequence; NZ_JAMYXP010000004.1 Devosia subaequoris strain HST3-14 Scaffold4, whole genome shotgun sequence; NZ_JAMZCU010000005.1 Devosia ureilytica strain XJ19-1 Scaffold5, whole genome shotgun sequence; NZ_JAVKFR010000024.1 MAG: Devosia marina isolate F1-TOW-06 k141_61152, whole genome shotgun sequence; NZ_JBTLRJ010000001.1 Devosia sp. CAU 1758 contig1, whole genome shotgun sequence; NZ_STGC01000005.1 Devosia sp. FKR38 NODE_14_length_2742056_cov_203.257278, whole genome shotgun sequence; NZ_WQRF01000003.1 Devosia marina strain L53-10-65 NODE_3_length_483147_cov_54.383006, whole genome shotgun sequence	NZ_JACIEW010000005.1.region001; NZ_CP080590.1.region006; NZ_CP170082.1.region003; NZ_WQRF01000003.1.region001; NZ_JBTLRJ010000001.1.region001; NZ_JAMYXP010000004.1.region001; NZ_FXWK01000001.1.region005; NZ_CP094375.1.region002; NZ_JAMZCU010000005.1.region001; NZ_JAMWDU010000005.1.region001; NZ_JAVKFR010000024.1.region001; NZ_STGC01000005.1.region006
0.5	other_c0.5_famFAM_00433	other	4	1	0.9	rare	NZ_CP068047.1 Devosia oryziradicis strain G19 chromosome; NZ_JBHTMH010000003.1 Devosia equisanguinis strain CCM 8868 GCM70027366_18, whole genome shotgun sequence; NZ_MKUY01000004.1 MAG: Devosia sp. 63-57 SCNpilot_expt_1000_bf_scaffold_29, whole genome shotgun sequence; NZ_UZWD01000022.1 Devosia equisanguinis strain CIP 111628, whole genome shotgun sequence	NZ_CP068047.1.region001; NZ_UZWD01000022.1.region001; NZ_MKUY01000004.1.region001; NZ_JBHTMH010000003.1.region001
0.5	other_c0.5_famFAM_00434	other	6	1	0.9	rare	NZ_CM147870.1 Devosia sp. J2-20 chromosome, whole genome shotgun sequence; NZ_CP063401.1 Devosia sp. SL43 chromosome, complete genome; NZ_CP118245.1 Devosia sp. J2-20 chromosome; NZ_JAGXTP010000001.1 Devosia litorisediminis strain BSSL-BM10 1, whole genome shotgun sequence; NZ_JAPWHK010000005.1 Devosia neptuniae strain G21611-S1 NODE_5_length_349380_cov_128.949, whole genome shotgun sequence; NZ_JBNMEO010000001.1 MAG: Devosia sp. isolate 3300055174_60 Ga0535679_0000049, whole genome shotgun sequence	NZ_JAGXTP010000001.1.region001; NZ_CM147870.1.region002; NZ_CP063401.1.region002; NZ_CP118245.1.region001; NZ_JBNMEO010000001.1.region001; NZ_JAPWHK010000005.1.region001
0.5	other_c0.5_famFAM_00435	other	2	1	0.9	rare	NZ_FOFL01000002.1 Devosia sp. YR412, whole genome shotgun sequence; NZ_FOMB01000022.1 Devosia psychrophila strain CGMCC 1.10210, whole genome shotgun sequence	NZ_FOMB01000022.1.region001; NZ_FOFL01000002.1.region002
0.5	other_c0.5_famFAM_00436	other	8	1	0.9	rare	NZ_CP059902.1 Devosia sp. MC521 chromosome, complete genome; NZ_CP127251.1 Devosia sp. YIM 151766 chromosome, complete genome; NZ_JABBDZ010000005.1 Devosia sp. MC1541 Scaffold5_1, whole genome shotgun sequence; NZ_JACYFU010000001.1 Devosia oryzisoli strain PTR5 contig1, whole genome shotgun sequence; NZ_JAEMEB010000003.1 Devosia sp. MC521 Scaffold3_1, whole genome shotgun sequence; NZ_JAEMNZ010000002.1 Devosia sp. MC532 Scaffold2_1, whole genome shotgun sequence; NZ_JAENGO010000001.1 Devosia sp. WQ 349K1 Scaffold1_1, whole genome shotgun sequence; NZ_LMGZ01000018.1 Devosia sp. Root635 contig_3, whole genome shotgun sequence	NZ_JAENGO010000001.1.region001; NZ_LMGZ01000018.1.region001; NZ_CP127251.1.region002; NZ_JACYFU010000001.1.region001; NZ_JAEMEB010000003.1.region001; NZ_JAEMNZ010000002.1.region001; NZ_CP059902.1.region003; NZ_JABBDZ010000005.1.region001
0.5	other_c0.5_famFAM_00437	other	6	1	0.9	rare	NZ_CP026747.1 Devosia sp. I507 chromosome, complete genome; NZ_CP146608.1 Devosia sp. XK-2 chromosome, complete genome; NZ_JAMWDU010000003.1 Devosia ureilytica strain XJ19-45 Scaffold3, whole genome shotgun sequence; NZ_JAMZCU010000003.1 Devosia ureilytica strain XJ19-1 Scaffold3, whole genome shotgun sequence; NZ_PYVZ01000019.1 Devosia indica strain IO390501 scaffold19, whole genome shotgun sequence; NZ_WQRF01000001.1 Devosia marina strain L53-10-65 NODE_1_length_1615214_cov_52.474690, whole genome shotgun sequence	NZ_JAMZCU010000003.1.region001; NZ_WQRF01000001.1.region004; NZ_CP026747.1.region004; NZ_CP146608.1.region005; NZ_PYVZ01000019.1.region001; NZ_JAMWDU010000003.1.region001
0.5	other_c0.5_famFAM_00438	other	8	1	0.9	rare	NZ_CM147870.1 Devosia sp. J2-20 chromosome, whole genome shotgun sequence; NZ_CP068046.1 Devosia rhizoryzae strain LEGU1 chromosome; NZ_CP118245.1 Devosia sp. J2-20 chromosome; NZ_JAGXTP010000001.1 Devosia litorisediminis strain BSSL-BM10 1, whole genome shotgun sequence; NZ_JAPWHK010000003.1 Devosia neptuniae strain G21611-S1 NODE_3_length_471733_cov_115.273, whole genome shotgun sequence; NZ_JBNMEO010000093.1 MAG: Devosia sp. isolate 3300055174_60 Ga0535679_0004564, whole genome shotgun sequence; NZ_LANJ01000045.1 Devosia epidermidihirudinis strain E84 contig45, whole genome shotgun sequence; NZ_PYVW01000018.1 Devosia naphthalenivorans strain CM5-1 scaffold18, whole genome shotgun sequence	NZ_JAGXTP010000001.1.region002; NZ_CP068046.1.region002; NZ_CM147870.1.region003; NZ_PYVW01000018.1.region001; NZ_CP118245.1.region006; NZ_LANJ01000045.1.region001; NZ_JAPWHK010000003.1.region001; NZ_JBNMEO010000093.1.region001
0.5	other_c0.5_famFAM_00439	other	17	1	0.9	rare	NZ_BSNS01000008.1 Devosia nitrariae strain NBRC 112416 sequence08, whole genome shotgun sequence; NZ_CAXUPK020000005.1 Devosia sp. LjRoot3 LJR003c5, whole genome shotgun sequence; NZ_CDRNJH010000001.1 Devosia riboflavina isolate Ri144 gnlProkkaBTCC_1, whole genome shotgun sequence; NZ_CP042304.1 Devosia ginsengisoli strain Gsoil 520 chromosome, complete genome; NZ_CP045422.1 Devosia beringensis strain S02 chromosome, complete genome; NZ_FPCK01000001.1 Devosia crocina strain IPL20, whole genome shotgun sequence; NZ_JAIMBX010000001.1 Devosia sp. BK 9_Devo_1, whole genome shotgun sequence; NZ_JANQAJ010000013.1 MAG: Devosia ginsengisoli isolate 46_gen_w_cov.5 c137, whole genome shotgun sequence; NZ_JBHLYO010000001.1 Devosia nitrariae strain NBRC 112416 platanus_K_default_1, whole genome shotgun sequence; NZ_JBMQPQ010000014.1 MAG: Devosia sp. isolate isolate1_meta_1_34 k141_605893, whole genome shotgun sequence; NZ_JCACVZ010000001.1 MAG: Devosia sp. isolate TerP_2 Oxa_002_000000000117, whole genome shotgun sequence; NZ_JQGC01000033.1 Devosia riboflavina strain IFO13584 contig33, whole genome shotgun sequence; NZ_LAJG01000014.1 Devosia soli strain GH2-10 NODE_14, whole genome shotgun sequence; NZ_LMHK01000001.1 Devosia sp. Root685 contig_1, whole genome shotgun sequence; NZ_LMLO01000024.1 Devosia sp. Leaf64 contig_9, whole genome shotgun sequence; NZ_LMQU01000013.1 Devosia sp. Leaf420 contig_6, whole genome shotgun sequence; NZ_STGC01000005.1 Devosia sp. FKR38 NODE_14_length_2742056_cov_203.257278, whole genome shotgun sequence	NZ_LMHK01000001.1.region001; NZ_BSNS01000008.1.region001; NZ_JAIMBX010000001.1.region001; NZ_LMLO01000024.1.region001; NZ_CP045422.1.region004; NZ_CDRNJH010000001.1.region003; NZ_CP042304.1.region003; NZ_FPCK01000001.1.region002; NZ_JBMQPQ010000014.1.region001; NZ_LMQU01000013.1.region001; NZ_JQGC01000033.1.region001; NZ_CAXUPK020000005.1.region001; NZ_LAJG01000014.1.region002; NZ_JCACVZ010000001.1.region002; NZ_STGC01000005.1.region004; NZ_JANQAJ010000013.1.region001; NZ_JBHLYO010000001.1.region001
0.5	other_c0.5_famFAM_00440	other	7	1	0.9	rare	NZ_CP075529.1 MAG: Devosia sp. isolate TGS_PRO11 chromosome; NZ_FXWK01000001.1 Devosia lucknowensis strain L15, whole genome shotgun sequence; NZ_JBHTMH010000001.1 Devosia equisanguinis strain CCM 8868 GCM70027366_15, whole genome shotgun sequence; NZ_JBTLRJ010000001.1 Devosia sp. CAU 1758 contig1, whole genome shotgun sequence; NZ_JZEY01000054.1 Devosia chinhatensis strain IPL18 NODE_54, whole genome shotgun sequence; NZ_MKUY01000003.1 MAG: Devosia sp. 63-57 SCNpilot_expt_1000_bf_scaffold_28, whole genome shotgun sequence; NZ_UZWD01000036.1 Devosia equisanguinis strain CIP 111628, whole genome shotgun sequence	NZ_JZEY01000054.1.region003; NZ_FXWK01000001.1.region004; NZ_JBHTMH010000001.1.region001; NZ_CP075529.1.region003; NZ_JBTLRJ010000001.1.region002; NZ_UZWD01000036.1.region001; NZ_MKUY01000003.1.region002
0.5	other_c0.5_famFAM_00441	other	9	1	0.9	rare	NZ_AP027921.1 Devosia sp. T2-14 chromosome, complete genome; NZ_CP092483.1 Devosia lacusdianchii strain JXJ CY 41 chromosome; NZ_FQVC01000004.1 Devosia limi DSM 17137, whole genome shotgun sequence; NZ_JBKJHF010000001.1 Devosia sp. XGJD_8 1, whole genome shotgun sequence; NZ_JBTMWU010000002.1 Devosia sp. A449 Scaffold2, whole genome shotgun sequence; NZ_JBTMWV010000001.1 Devosia sp. A369 Scaffold1, whole genome shotgun sequence; NZ_LAJF01000062.1 Devosia limi DSM 17137 NODE_62, whole genome shotgun sequence; NZ_LMEM01000009.1 Devosia sp. Root436 contig_2, whole genome shotgun sequence; NZ_PYWB01000003.1 Devosia submarina strain JCM 18935 scaffold3, whole genome shotgun sequence	NZ_CP092483.1.region004; NZ_PYWB01000003.1.region001; NZ_LMEM01000009.1.region001; NZ_FQVC01000004.1.region001; NZ_JBTMWV010000001.1.region001; NZ_JBKJHF010000001.1.region003; NZ_AP027921.1.region004; NZ_LAJF01000062.1.region001; NZ_JBTMWU010000002.1.region001
0.5	other_c0.5_famFAM_00442	other	6	1	0.9	rare	NZ_BSNG01000001.1 Devosia yakushimensis strain NBRC 103855 sequence01, whole genome shotgun sequence; NZ_CP104965.1 Devosia neptuniae strain A18/4-1 chromosome, complete genome; NZ_FOMB01000007.1 Devosia psychrophila strain CGMCC 1.10210, whole genome shotgun sequence; NZ_JAQGJM010000009.1 MAG: Devosia sp. isolate RYN_485 scaffold_227217, whole genome shotgun sequence; NZ_JBJDRE010000003.1 Devosia sp. ZW T5_3 ZW_T5_3_contig_003, whole genome shotgun sequence; NZ_JNNO01000023.1 Devosia sp. LC5 contig3, whole genome shotgun sequence	NZ_CP104965.1.region003; NZ_JBJDRE010000003.1.region001; NZ_BSNG01000001.1.region002; NZ_JAQGJM010000009.1.region001; NZ_JNNO01000023.1.region001; NZ_FOMB01000007.1.region001
0.5	other_c0.5_famFAM_00443	other	4	1	0.9	rare	NZ_CP068047.1 Devosia oryziradicis strain G19 chromosome; NZ_FOFL01000002.1 Devosia sp. YR412, whole genome shotgun sequence; NZ_JAQGJV010000082.1 MAG: Devosia sp. isolate RYN_494 scaffold_251191, whole genome shotgun sequence; NZ_JBEPOL010000004.1 Devosia sp. UYZn731 Ga0493902_04, whole genome shotgun sequence	NZ_JAQGJV010000082.1.region001; NZ_FOFL01000002.1.region001; NZ_JBEPOL010000004.1.region001; NZ_CP068047.1.region002
0.5	other_c0.5_famFAM_00444	other	7	1	0.9	rare	NZ_CP104964.1 Devosia neptuniae strain A18/4-1 plasmid p_unnamed1, complete sequence; NZ_CP170084.1 Devosia sp. Naph2 plasmid unnamed2, complete sequence; NZ_CP170085.1 Devosia sp. Naph2 plasmid unnamed3, complete sequence; NZ_JAVKFR010000033.1 MAG: Devosia marina isolate F1-TOW-06 k141_74518, whole genome shotgun sequence; NZ_JBEPOL010000012.1 Devosia sp. UYZn731 Ga0493902_12, whole genome shotgun sequence; NZ_JBTSEP010000004.1 MAG: Devosia sp. isolate ML34-012-05 ML34_012_NODE_48_length_147816_cov_8.746420, whole genome shotgun sequence; NZ_JBVKGV010000043.1 MAG: Devosia sp. isolate ML34-006-05 ML34_006_NODE_920_length_25440_cov_2.136373, whole genome shotgun sequence	NZ_JBVKGV010000043.1.region001; NZ_JBEPOL010000012.1.region001; NZ_JBTSEP010000004.1.region001; NZ_CP104964.1.region001; NZ_CP170084.1.region001; NZ_CP170085.1.region001; NZ_JAVKFR010000033.1.region001
0.5	other_c0.5_famFAM_00445	other	7	1	0.9	rare	NZ_FOMB01000021.1 Devosia psychrophila strain CGMCC 1.10210, whole genome shotgun sequence; NZ_FQVC01000014.1 Devosia limi DSM 17137, whole genome shotgun sequence; NZ_JAPWHK010000012.1 Devosia neptuniae strain G21611-S1 NODE_12_length_122917_cov_11.4053, whole genome shotgun sequence; NZ_JAVKFR010000033.1 MAG: Devosia marina isolate F1-TOW-06 k141_74518, whole genome shotgun sequence; NZ_JBTMWV010000039.1 Devosia sp. A369 Scaffold39, whole genome shotgun sequence; NZ_JQGC01000048.1 Devosia riboflavina strain IFO13584 contig48, whole genome shotgun sequence; NZ_LAJF01000040.1 Devosia limi DSM 17137 NODE_40, whole genome shotgun sequence	NZ_FQVC01000014.1.region001; NZ_JAPWHK010000012.1.region001; NZ_JBTMWV010000039.1.region001; NZ_FOMB01000021.1.region001; NZ_JAVKFR010000033.1.region002; NZ_JQGC01000048.1.region001; NZ_LAJF01000040.1.region001
0.5	other_c0.5_famFAM_00446	other	2	1	0.9	rare	NZ_JAFKHC010000003.1 MAG: Devosia sp. isolate SCN18_26_2_15_R2_B_67_34 SCN18_26_2_15_R2_B_scaffold_2, whole genome shotgun sequence; NZ_MKVA01000005.1 MAG: Devosia sp. 67-54 SCNpilot_cont_1000_bf_scaffold_3, whole genome shotgun sequence	NZ_MKVA01000005.1.region001; NZ_JAFKHC010000003.1.region001
0.5	other_c0.5_famFAM_00447	other	6	1	0.9	rare	NZ_CP042304.1 Devosia ginsengisoli strain Gsoil 520 chromosome, complete genome; NZ_JAMWDU010000002.1 Devosia ureilytica strain XJ19-45 Scaffold2, whole genome shotgun sequence; NZ_JAMZCU010000002.1 Devosia ureilytica strain XJ19-1 Scaffold2, whole genome shotgun sequence; NZ_JANQAJ010000011.1 MAG: Devosia ginsengisoli isolate 46_gen_w_cov.5 c262, whole genome shotgun sequence; NZ_LMEM01000015.1 Devosia sp. Root436 contig_8, whole genome shotgun sequence; NZ_LMGZ01000004.1 Devosia sp. Root635 contig_12, whole genome shotgun sequence	NZ_CP042304.1.region001; NZ_JAMZCU010000002.1.region002; NZ_LMGZ01000004.1.region001; NZ_LMEM01000015.1.region001; NZ_JANQAJ010000011.1.region002; NZ_JAMWDU010000002.1.region001
0.5	other_c0.5_famFAM_00448	other	2	1	0.9	rare	NZ_BSNS01000002.1 Devosia nitrariae strain NBRC 112416 sequence02, whole genome shotgun sequence; NZ_JBHLYO010000011.1 Devosia nitrariae strain NBRC 112416 platanus_K_default_11, whole genome shotgun sequence	NZ_JBHLYO010000011.1.region001; NZ_BSNS01000002.1.region001
0.5	other_c0.5_famFAM_00449	other	2	1	0.9	rare	NZ_JAFKHC010000009.1 MAG: Devosia sp. isolate SCN18_26_2_15_R2_B_67_34 SCN18_26_2_15_R2_B_scaffold_40, whole genome shotgun sequence; NZ_MKVA01000006.1 MAG: Devosia sp. 67-54 SCNpilot_cont_1000_bf_scaffold_34, whole genome shotgun sequence	NZ_MKVA01000006.1.region001; NZ_JAFKHC010000009.1.region001
0.5	other_c0.5_famFAM_00450	other	4	1	0.9	rare	NZ_FQVC01000010.1 Devosia limi DSM 17137, whole genome shotgun sequence; NZ_JBTMWU010000004.1 Devosia sp. A449 Scaffold4, whole genome shotgun sequence; NZ_JBTMWV010000004.1 Devosia sp. A369 Scaffold4, whole genome shotgun sequence; NZ_LAJF01000076.1 Devosia limi DSM 17137 NODE_76, whole genome shotgun sequence	NZ_LAJF01000076.1.region002; NZ_JBTMWU010000004.1.region002; NZ_JBTMWV010000004.1.region001; NZ_FQVC01000010.1.region001
0.5	other_c0.5_famFAM_00451	other	3	1	0.9	rare	NZ_JAFKHC010000005.1 MAG: Devosia sp. isolate SCN18_26_2_15_R2_B_67_34 SCN18_26_2_15_R2_B_scaffold_15, whole genome shotgun sequence; NZ_JBHUNP010000001.1 Devosia albogilva strain CCM 7427 tig00000001, whole genome shotgun sequence; NZ_MKVA01000003.1 MAG: Devosia sp. 67-54 SCNpilot_cont_1000_bf_scaffold_18, whole genome shotgun sequence	NZ_JBHUNP010000001.1.region002; NZ_JAFKHC010000005.1.region001; NZ_MKVA01000003.1.region001
0.5	other_c0.5_famFAM_00452	other	2	1	0.9	rare	NZ_BSNS01000007.1 Devosia nitrariae strain NBRC 112416 sequence07, whole genome shotgun sequence; NZ_JBHLYO010000012.1 Devosia nitrariae strain NBRC 112416 platanus_K_default_12, whole genome shotgun sequence	NZ_BSNS01000007.1.region002; NZ_JBHLYO010000012.1.region001
0.5	other_c0.5_famFAM_00453	other	1	1	0.9	rare	NZ_JBTLRJ010000003.1 Devosia sp. CAU 1758 contig3, whole genome shotgun sequence	NZ_JBTLRJ010000003.1.region002
0.5	other_c0.5_famFAM_00454	other	1	1	0.9	rare	NZ_JAQGJV010000048.1 MAG: Devosia sp. isolate RYN_494 scaffold_3063531, whole genome shotgun sequence	NZ_JAQGJV010000048.1.region001
0.5	other_c0.5_famFAM_00455	other	1	1	0.9	rare	NZ_CP092483.1 Devosia lacusdianchii strain JXJ CY 41 chromosome	NZ_CP092483.1.region002
0.5	other_c0.5_famFAM_00456	other	1	1	0.9	rare	NZ_JQGC01000025.1 Devosia riboflavina strain IFO13584 contig25, whole genome shotgun sequence	NZ_JQGC01000025.1.region001
0.5	other_c0.5_famFAM_00457	other	1	1	0.9	rare	NZ_BMZE01000002.1 Devosia pacifica strain KCTC 32437 sequence2, whole genome shotgun sequence	NZ_BMZE01000002.1.region001
0.5	other_c0.5_famFAM_00458	other	1	1	0.9	rare	NZ_CP045422.1 Devosia beringensis strain S02 chromosome, complete genome	NZ_CP045422.1.region001
0.5	other_c0.5_famFAM_00459	other	1	1	0.9	rare	NZ_CP126539.1 Devosia rhizosphaerae strain RR2S18 chromosome, complete genome	NZ_CP126539.1.region004
0.5	other_c0.5_famFAM_00460	other	1	1	0.9	rare	NZ_JBEPOL010000008.1 Devosia sp. UYZn731 Ga0493902_08, whole genome shotgun sequence	NZ_JBEPOL010000008.1.region001
0.5	other_c0.5_famFAM_00461	other	1	1	0.9	rare	NZ_JBLXGA010000002.1 MAG: Devosia sp. isolate ET04-05 T04maxbin_out.008RE.5K@2, whole genome shotgun sequence	NZ_JBLXGA010000002.1.region001
0.5	other_c0.5_famFAM_00462	other	1	1	0.9	rare	NZ_JAFKHE010000012.1 MAG: Devosia sp. isolate SCN18_30_10_14_R3_P_66_71 SCN18_30_10_14_R3_P_scaffold_36, whole genome shotgun sequence	NZ_JAFKHE010000012.1.region001
0.5	other_c0.5_famFAM_00463	other	1	1	0.9	rare	NZ_JBLXGA010000009.1 MAG: Devosia sp. isolate ET04-05 T04maxbin_out.008RE.5K@9, whole genome shotgun sequence	NZ_JBLXGA010000009.1.region001
0.5	other_c0.5_famFAM_00464	other	1	1	0.9	rare	NZ_JQGC01000006.1 Devosia riboflavina strain IFO13584 contig6, whole genome shotgun sequence	NZ_JQGC01000006.1.region001
0.5	other_c0.5_famFAM_00465	other	1	1	0.9	rare	NZ_JZEY01000054.1 Devosia chinhatensis strain IPL18 NODE_54, whole genome shotgun sequence	NZ_JZEY01000054.1.region001
0.5	other_c0.5_famFAM_00466	other	1	1	0.9	rare	NZ_JANQAJ010000006.1 MAG: Devosia ginsengisoli isolate 46_gen_w_cov.5 c86, whole genome shotgun sequence	NZ_JANQAJ010000006.1.region001
0.5	other_c0.5_famFAM_00467	other	1	1	0.9	rare	NZ_CP034767.1 Devosia sp. 1566 chromosome, complete genome	NZ_CP034767.1.region006
0.5	other_c0.5_famFAM_00468	other	1	1	0.9	rare	NZ_CM147875.1 Devosia sp. J20-27 chromosome, whole genome shotgun sequence	NZ_CM147875.1.region004
0.5	other_c0.5_famFAM_00469	other	1	1	0.9	rare	NZ_CP075529.1 MAG: Devosia sp. isolate TGS_PRO11 chromosome	NZ_CP075529.1.region002
0.5	terpene_c0.5_famFAM_00322	terpene	36	1	0.9	rare	NZ_AP027921.1 Devosia sp. T2-14 chromosome, complete genome; NZ_BSNG01000001.1 Devosia yakushimensis strain NBRC 103855 sequence01, whole genome shotgun sequence; NZ_CP034767.1 Devosia sp. 1566 chromosome, complete genome; NZ_CP042304.1 Devosia ginsengisoli strain Gsoil 520 chromosome, complete genome; NZ_CP063401.1 Devosia sp. SL43 chromosome, complete genome; NZ_CP068046.1 Devosia rhizoryzae strain LEGU1 chromosome; NZ_CP068047.1 Devosia oryziradicis strain G19 chromosome; NZ_CP092483.1 Devosia lacusdianchii strain JXJ CY 41 chromosome; NZ_CP104965.1 Devosia neptuniae strain A18/4-1 chromosome, complete genome; NZ_CP126539.1 Devosia rhizosphaerae strain RR2S18 chromosome, complete genome; NZ_CP186479.1 Devosia sp. CN2-171 chromosome, complete genome; NZ_FOFL01000007.1 Devosia sp. YR412, whole genome shotgun sequence; NZ_FOMB01000002.1 Devosia psychrophila strain CGMCC 1.10210, whole genome shotgun sequence; NZ_JABAOL010000001.1 Devosia sp. 919 Scaffold1_1, whole genome shotgun sequence; NZ_JABAOM010000001.1 Devosia sp. 1635 Scaffold1_1, whole genome shotgun sequence; NZ_JAFKHE010000017.1 MAG: Devosia sp. isolate SCN18_30_10_14_R3_P_66_71 SCN18_30_10_14_R3_P_scaffold_84, whole genome shotgun sequence; NZ_JAIMBX010000001.1 Devosia sp. BK 9_Devo_1, whole genome shotgun sequence; NZ_JANQAJ010000011.1 MAG: Devosia ginsengisoli isolate 46_gen_w_cov.5 c262, whole genome shotgun sequence; NZ_JAQGJV010000003.1 MAG: Devosia sp. isolate RYN_494 scaffold_5290636, whole genome shotgun sequence; NZ_JBEPOL010000001.1 Devosia sp. UYZn731 Ga0493902_01, whole genome shotgun sequence; NZ_JBEPOO010000001.1 Devosia sp. 2618 Ga0501505_01, whole genome shotgun sequence; NZ_JBHUNP010000001.1 Devosia albogilva strain CCM 7427 tig00000001, whole genome shotgun sequence; NZ_JBJDRE010000009.1 Devosia sp. ZW T5_3 ZW_T5_3_contig_009, whole genome shotgun sequence; NZ_JBTMWU010000011.1 Devosia sp. A449 Scaffold11, whole genome shotgun sequence; NZ_JBTMWV010000006.1 Devosia sp. A369 Scaffold6, whole genome shotgun sequence; NZ_JBYUNO010000002.1 Devosia sp. Z6_126 NODE_2_length_1040994_cov_129.185188, whole genome shotgun sequence; NZ_JBYUNQ010000004.1 Devosia sp. Z11_6 NODE_4_length_480685_cov_153.006625, whole genome shotgun sequence; NZ_JNNO01000008.1 Devosia sp. LC5 contig16, whole genome shotgun sequence; NZ_LANJ01000011.1 Devosia epidermidihirudinis strain E84 contig11, whole genome shotgun sequence; NZ_LMEM01000001.1 Devosia sp. Root436 contig_1, whole genome shotgun sequence; NZ_LMGZ01000021.1 Devosia sp. Root635 contig_6, whole genome shotgun sequence; NZ_LMLO01000018.1 Devosia sp. Leaf64 contig_3, whole genome shotgun sequence; NZ_LMQU01000003.1 Devosia sp. Leaf420 contig_11, whole genome shotgun sequence; NZ_MKUZ01000008.1 MAG: Devosia sp. 66-22 SCNpilot_expt_1000_bf_scaffold_164, whole genome shotgun sequence; NZ_PYVW01000009.1 Devosia naphthalenivorans strain CM5-1 scaffold9, whole genome shotgun sequence; NZ_STGC01000005.1 Devosia sp. FKR38 NODE_14_length_2742056_cov_203.257278, whole genome shotgun sequence	NZ_CP186479.1.region001; NZ_JANQAJ010000011.1.region001; NZ_JBTMWV010000006.1.region001; NZ_JBEPOO010000001.1.region002; NZ_JAIMBX010000001.1.region002; NZ_CP068046.1.region003; NZ_JBYUNQ010000004.1.region001; NZ_FOMB01000002.1.region001; NZ_STGC01000005.1.region003; NZ_LMEM01000001.1.region001; NZ_LMGZ01000021.1.region001; NZ_JAQGJV010000003.1.region001; NZ_CP092483.1.region003; NZ_JBTMWU010000011.1.region001; NZ_PYVW01000009.1.region001; NZ_CP063401.1.region001; NZ_JBJDRE010000009.1.region001; NZ_LMLO01000018.1.region001; NZ_CP068047.1.region003; NZ_JAFKHE010000017.1.region001; NZ_CP034767.1.region002; NZ_FOFL01000007.1.region001; NZ_MKUZ01000008.1.region001; NZ_JBHUNP010000001.1.region003; NZ_LANJ01000011.1.region001; NZ_CP104965.1.region004; NZ_JNNO01000008.1.region001; NZ_CP126539.1.region002; NZ_BSNG01000001.1.region003; NZ_CP042304.1.region002; NZ_JBEPOL010000001.1.region001; NZ_LMQU01000003.1.region001; NZ_AP027921.1.region003; NZ_JABAOL010000001.1.region003; NZ_JABAOM010000001.1.region001; NZ_JBYUNO010000002.1.region001
0.5	terpene_c0.5_famFAM_00323	terpene	46	1	0.9	rare	NZ_CAXUPK020000005.1 Devosia sp. LjRoot3 LJR003c5, whole genome shotgun sequence; NZ_CDRNJH010000001.1 Devosia riboflavina isolate Ri144 gnlProkkaBTCC_1, whole genome shotgun sequence; NZ_CP026747.1 Devosia sp. I507 chromosome, complete genome; NZ_CP045422.1 Devosia beringensis strain S02 chromosome, complete genome; NZ_CP059902.1 Devosia sp. MC521 chromosome, complete genome; NZ_CP075529.1 MAG: Devosia sp. isolate TGS_PRO11 chromosome; NZ_CP080590.1 Devosia salina strain SCS-3 chromosome, complete genome; NZ_CP094375.1 Devosia sp. Micro-HW1 chromosome, complete genome; NZ_CP104002.1 Devosia sp. SD17-2 chromosome, complete genome; NZ_CP104007.1 Devosia sp. FJ2-5-3 chromosome, complete genome; NZ_CP127251.1 Devosia sp. YIM 151766 chromosome, complete genome; NZ_CP146608.1 Devosia sp. XK-2 chromosome, complete genome; NZ_CP170082.1 Devosia sp. Naph2 chromosome, complete genome; NZ_FPCK01000001.1 Devosia crocina strain IPL20, whole genome shotgun sequence; NZ_FQVC01000002.1 Devosia limi DSM 17137, whole genome shotgun sequence; NZ_FXWK01000001.1 Devosia lucknowensis strain L15, whole genome shotgun sequence; NZ_JABBDZ010000001.1 Devosia sp. MC1541 Scaffold1_1, whole genome shotgun sequence; NZ_JACDXV010000001.1 Devosia faecipullorum strain CC-YST696 contig01, whole genome shotgun sequence; NZ_JACIEW010000001.1 Devosia subaequoris strain DSM 23447 Ga0373328_01, whole genome shotgun sequence; NZ_JACYFU010000001.1 Devosia oryzisoli strain PTR5 contig1, whole genome shotgun sequence; NZ_JADGNE010000014.1 MAG: Devosia sp. isolate N26CT NODE_145_length_49886_cov_19.140435, whole genome shotgun sequence; NZ_JAEKMH010000002.1 Devosia sediminis strain MSA67 NODE_2_length_1186958_cov_155.069235, whole genome shotgun sequence; NZ_JAEMEB010000004.1 Devosia sp. MC521 Scaffold4_1, whole genome shotgun sequence; NZ_JAEMNZ010000001.1 Devosia sp. MC532 Scaffold1_1, whole genome shotgun sequence; NZ_JAENGO010000007.1 Devosia sp. WQ 349K1 Scaffold6_1, whole genome shotgun sequence; NZ_JAMWDU010000001.1 Devosia ureilytica strain XJ19-45 Scaffold1, whole genome shotgun sequence; NZ_JAMYXP010000001.1 Devosia subaequoris strain HST3-14 Scaffold1, whole genome shotgun sequence; NZ_JAMZCU010000001.1 Devosia ureilytica strain XJ19-1 Scaffold1, whole genome shotgun sequence; NZ_JAQGJM010000021.1 MAG: Devosia sp. isolate RYN_485 scaffold_4357168, whole genome shotgun sequence; NZ_JAVKFR010000020.1 MAG: Devosia marina isolate F1-TOW-06 k141_70110, whole genome shotgun sequence; NZ_JBHTMH010000001.1 Devosia equisanguinis strain CCM 8868 GCM70027366_15, whole genome shotgun sequence; NZ_JBKJHF010000001.1 Devosia sp. XGJD_8 1, whole genome shotgun sequence; NZ_JBMQPQ010000013.1 MAG: Devosia sp. isolate isolate1_meta_1_34 k141_587842, whole genome shotgun sequence; NZ_JBTLRJ010000003.1 Devosia sp. CAU 1758 contig3, whole genome shotgun sequence; NZ_JCACVZ010000001.1 MAG: Devosia sp. isolate TerP_2 Oxa_002_000000000117, whole genome shotgun sequence; NZ_JQGC01000010.1 Devosia riboflavina strain IFO13584 contig10, whole genome shotgun sequence; NZ_JZEY01000054.1 Devosia chinhatensis strain IPL18 NODE_54, whole genome shotgun sequence; NZ_LAJF01000089.1 Devosia limi DSM 17137 NODE_89, whole genome shotgun sequence; NZ_LAJG01000014.1 Devosia soli strain GH2-10 NODE_14, whole genome shotgun sequence; NZ_LMHK01000001.1 Devosia sp. Root685 contig_1, whole genome shotgun sequence; NZ_LVVY01000070.1 Devosia elaeis strain S37 DIN_R1_(paired)_trimmed_(paired)_contig_25, whole genome shotgun sequence; NZ_MKUY01000003.1 MAG: Devosia sp. 63-57 SCNpilot_expt_1000_bf_scaffold_28, whole genome shotgun sequence; NZ_PYVZ01000006.1 Devosia indica strain IO390501 scaffold6, whole genome shotgun sequence; NZ_PYWB01000014.1 Devosia submarina strain JCM 18935 scaffold14, whole genome shotgun sequence; NZ_UZWD01000040.1 Devosia equisanguinis strain CIP 111628, whole genome shotgun sequence; NZ_WQRF01000001.1 Devosia marina strain L53-10-65 NODE_1_length_1615214_cov_52.474690, whole genome shotgun sequence	NZ_JBMQPQ010000013.1.region001; NZ_JAVKFR010000020.1.region001; NZ_JZEY01000054.1.region002; NZ_JACYFU010000001.1.region002; NZ_JBHTMH010000001.1.region002; NZ_FPCK01000001.1.region003; NZ_PYVZ01000006.1.region001; NZ_LMHK01000001.1.region002; NZ_MKUY01000003.1.region001; NZ_WQRF01000001.1.region003; NZ_JADGNE010000014.1.region001; NZ_CP075529.1.region001; NZ_CP127251.1.region001; NZ_CP026747.1.region005; NZ_CP104002.1.region002; NZ_JQGC01000010.1.region001; NZ_JACIEW010000001.1.region001; NZ_LVVY01000070.1.region001; NZ_JCACVZ010000001.1.region003; NZ_JAQGJM010000021.1.region001; NZ_JAMWDU010000001.1.region001; NZ_JAEMNZ010000001.1.region001; NZ_JBKJHF010000001.1.region002; NZ_CDRNJH010000001.1.region004; NZ_JACDXV010000001.1.region001; NZ_CP104007.1.region003; NZ_PYWB01000014.1.region001; NZ_LAJG01000014.1.region001; NZ_JABBDZ010000001.1.region001; NZ_FXWK01000001.1.region002; NZ_CAXUPK020000005.1.region002; NZ_FQVC01000002.1.region001; NZ_CP045422.1.region007; NZ_CP146608.1.region004; NZ_JAMZCU010000001.1.region001; NZ_JAEKMH010000002.1.region001; NZ_CP080590.1.region004; NZ_LAJF01000089.1.region001; NZ_JAENGO010000007.1.region001; NZ_CP059902.1.region002; NZ_UZWD01000040.1.region001; NZ_CP094375.1.region001; NZ_CP170082.1.region005; NZ_JAMYXP010000001.1.region002; NZ_JBTLRJ010000003.1.region001; NZ_JAEMEB010000004.1.region001
0.5	terpene_c0.5_famFAM_00324	terpene	8	1	0.9	rare	NZ_CAXUPH020000003.1 Devosia sp. LjRoot16 LJR016c3, whole genome shotgun sequence; NZ_CP012945.1 Devosia sp. A16 chromosome, complete genome; NZ_JAFKHA010000009.1 MAG: Devosia sp. isolate SCN18_30_10_14_R3_B_66_58 SCN18_30_10_14_R3_B_scaffold_4, whole genome shotgun sequence; NZ_JBFUGO010000010.1 Devosia sp. P3_B2 scaffold_9, whole genome shotgun sequence; NZ_JBXAPX010000004.1 Devosia sp. GW821-FHT12F11 NODE_4_length_517482_cov_53.795218, whole genome shotgun sequence; NZ_LMCR01000015.1 Devosia sp. Root105 contig_3, whole genome shotgun sequence; NZ_LMEA01000011.1 Devosia sp. Root413D1 contig_6, whole genome shotgun sequence; NZ_MKVB01000001.1 MAG: Devosia sp. 66-14 SCNpilot_cont_300_bf_scaffold_127, whole genome shotgun sequence	NZ_CAXUPH020000003.1.region002; NZ_JBXAPX010000004.1.region002; NZ_JBFUGO010000010.1.region001; NZ_MKVB01000001.1.region001; NZ_JAFKHA010000009.1.region001; NZ_LMEA01000011.1.region002; NZ_LMCR01000015.1.region001; NZ_CP012945.1.region004
0.5	terpene_c0.5_famFAM_00325	terpene	14	1	0.9	rare	NZ_BMZE01000001.1 Devosia pacifica strain KCTC 32437 sequence1, whole genome shotgun sequence; NZ_BSNS01000024.1 Devosia nitrariae strain NBRC 112416 sequence24, whole genome shotgun sequence; NZ_CM147875.1 Devosia sp. J20-27 chromosome, whole genome shotgun sequence; NZ_JAFKHC010000003.1 MAG: Devosia sp. isolate SCN18_26_2_15_R2_B_67_34 SCN18_26_2_15_R2_B_scaffold_2, whole genome shotgun sequence; NZ_JAQRMY010000004.1 Devosia sp. ZB163 scaffold_3, whole genome shotgun sequence; NZ_JBDGIY010000001.1 Devosia sp. Soil_C_22 NODE_1_length_3502528_cov_134.771868, whole genome shotgun sequence; NZ_JBFUCQ010000002.1 Devosia sp. P1_H9 scaffold_1, whole genome shotgun sequence; NZ_JBFUFI010000016.1 Devosia sp. P2_G7 scaffold_15, whole genome shotgun sequence; NZ_JBHLYO010000015.1 Devosia nitrariae strain NBRC 112416 platanus_K_default_15, whole genome shotgun sequence; NZ_JBLXGA010000004.1 MAG: Devosia sp. isolate ET04-05 T04maxbin_out.008RE.5K@4, whole genome shotgun sequence; NZ_JBTSEP010000011.1 MAG: Devosia sp. isolate ML34-012-05 ML34_012_NODE_106_length_90423_cov_7.643329, whole genome shotgun sequence; NZ_JBVKGV010000086.1 MAG: Devosia sp. isolate ML34-006-05 ML34_006_NODE_5324_length_6402_cov_2.585179, whole genome shotgun sequence; NZ_MKVA01000005.1 MAG: Devosia sp. 67-54 SCNpilot_cont_1000_bf_scaffold_3, whole genome shotgun sequence; NZ_OZ245853.1 MAG: Devosia sp. isolate 3d186a37-0bcd-4ac1-b259-f5c9590ee027 chromosome 1	NZ_MKVA01000005.1.region002; NZ_BSNS01000024.1.region001; NZ_JBTSEP010000011.1.region001; NZ_JBHLYO010000015.1.region001; NZ_JBDGIY010000001.1.region004; NZ_JBFUFI010000016.1.region001; NZ_JBVKGV010000086.1.region001; NZ_JBLXGA010000004.1.region001; NZ_JAFKHC010000003.1.region002; NZ_JAQRMY010000004.1.region001; NZ_OZ245853.1.region003; NZ_JBFUCQ010000002.1.region001; NZ_BMZE01000001.1.region001; NZ_CM147875.1.region005
0.5	terpene_c0.5_famFAM_00326	terpene	5	1	0.9	rare	NZ_CM147870.1 Devosia sp. J2-20 chromosome, whole genome shotgun sequence; NZ_CP118245.1 Devosia sp. J2-20 chromosome; NZ_JAGXTP010000001.1 Devosia litorisediminis strain BSSL-BM10 1, whole genome shotgun sequence; NZ_JAPWHK010000004.1 Devosia neptuniae strain G21611-S1 NODE_4_length_442715_cov_108.063, whole genome shotgun sequence; NZ_JBNMEO010000091.1 MAG: Devosia sp. isolate 3300055174_60 Ga0535679_0004118, whole genome shotgun sequence	NZ_JBNMEO010000091.1.region001; NZ_CM147870.1.region004; NZ_JAGXTP010000001.1.region003; NZ_CP118245.1.region005; NZ_JAPWHK010000004.1.region001
0.5	terpene_c0.5_famFAM_00327	terpene	11	1	0.9	rare	NZ_CP063401.1 Devosia sp. SL43 chromosome, complete genome; NZ_CP068046.1 Devosia rhizoryzae strain LEGU1 chromosome; NZ_CP104002.1 Devosia sp. SD17-2 chromosome, complete genome; NZ_CP104007.1 Devosia sp. FJ2-5-3 chromosome, complete genome; NZ_FPCK01000004.1 Devosia crocina strain IPL20, whole genome shotgun sequence; NZ_FXWK01000001.1 Devosia lucknowensis strain L15, whole genome shotgun sequence; NZ_JADGNE010000044.1 MAG: Devosia sp. isolate N26CT NODE_32_length_167216_cov_19.824301, whole genome shotgun sequence; NZ_JBHUNP010000001.1 Devosia albogilva strain CCM 7427 tig00000001, whole genome shotgun sequence; NZ_JBLXGA010000001.1 MAG: Devosia sp. isolate ET04-05 T04maxbin_out.008RE.5K@1, whole genome shotgun sequence; NZ_LAJG01000022.1 Devosia soli strain GH2-10 NODE_22, whole genome shotgun sequence; NZ_PYWB01000002.1 Devosia submarina strain JCM 18935 scaffold2, whole genome shotgun sequence	NZ_PYWB01000002.1.region001; NZ_JBLXGA010000001.1.region001; NZ_JBHUNP010000001.1.region001; NZ_JADGNE010000044.1.region001; NZ_FPCK01000004.1.region002; NZ_CP104007.1.region002; NZ_CP068046.1.region004; NZ_CP104002.1.region001; NZ_CP063401.1.region005; NZ_LAJG01000022.1.region001; NZ_FXWK01000001.1.region003
0.5	terpene_c0.5_famFAM_00329	terpene	5	1	0.9	rare	NZ_CP034767.1 Devosia sp. 1566 chromosome, complete genome; NZ_JABAOL010000001.1 Devosia sp. 919 Scaffold1_1, whole genome shotgun sequence; NZ_JABAOM010000002.1 Devosia sp. 1635 Scaffold2_1, whole genome shotgun sequence; NZ_JBYUNO010000003.1 Devosia sp. Z6_126 NODE_3_length_955106_cov_138.820264, whole genome shotgun sequence; NZ_JBYUNQ010000001.1 Devosia sp. Z11_6 NODE_1_length_1109201_cov_151.543683, whole genome shotgun sequence	NZ_JABAOM010000002.1.region002; NZ_CP034767.1.region004; NZ_JBYUNQ010000001.1.region001; NZ_JBYUNO010000003.1.region002; NZ_JABAOL010000001.1.region005
0.7	NRPS.PKS_c0.7_famFAM_00168	NRPS.PKS	3	1	0.9	rare	NZ_FQVC01000001.1 Devosia limi DSM 17137, whole genome shotgun sequence; NZ_LAJF01000101.1 Devosia limi DSM 17137 NODE_101, whole genome shotgun sequence; NZ_PYWB01000001.1 Devosia submarina strain JCM 18935 scaffold1, whole genome shotgun sequence	NZ_LAJF01000101.1.region001; NZ_FQVC01000001.1.region001; NZ_PYWB01000001.1.region001
0.7	NRPS.PKS_c0.7_famFAM_00169	NRPS.PKS	3	1	0.9	rare	NZ_JACDXV010000002.1 Devosia faecipullorum strain CC-YST696 contig02, whole genome shotgun sequence; NZ_JBTMWU010000004.1 Devosia sp. A449 Scaffold4, whole genome shotgun sequence; NZ_JBTMWV010000025.1 Devosia sp. A369 Scaffold25, whole genome shotgun sequence	NZ_JBTMWU010000004.1.region001; NZ_JBTMWV010000025.1.region001; NZ_JACDXV010000002.1.region002
0.7	NRPS_c0.7_famFAM_00178	NRPS	2	1	0.9	rare	NZ_JBHRYD010000007.1 Devosia honganensis strain KCTC 42281 platanus_K_25_97_7, whole genome shotgun sequence; NZ_JBTLRJ010000001.1 Devosia sp. CAU 1758 contig1, whole genome shotgun sequence	NZ_JBTLRJ010000001.1.region003; NZ_JBHRYD010000007.1.region002
0.7	NRPS_c0.7_famFAM_00198	NRPS	1	1	0.9	rare	NZ_FXWK01000002.1 Devosia lucknowensis strain L15, whole genome shotgun sequence	NZ_FXWK01000002.1.region003
0.7	NRPS_c0.7_famFAM_00211	NRPS	2	1	0.9	rare	NZ_FQVC01000008.1 Devosia limi DSM 17137, whole genome shotgun sequence; NZ_LAJF01000091.1 Devosia limi DSM 17137 NODE_91, whole genome shotgun sequence	NZ_FQVC01000008.1.region001; NZ_LAJF01000091.1.region001
0.7	PKS.other_c0.7_famFAM_00305	PKS.other	1	1	0.9	rare	NZ_CP045422.1 Devosia beringensis strain S02 chromosome, complete genome	NZ_CP045422.1.region003
0.7	PKS.other_c0.7_famFAM_00306	PKS.other	1	1	0.9	rare	NZ_JACYFU010000003.1 Devosia oryzisoli strain PTR5 contig3, whole genome shotgun sequence	NZ_JACYFU010000003.1.region001
0.7	PKS_c0.7_famFAM_00230	PKS	2	1	0.9	rare	NZ_JBTSEP010000065.1 MAG: Devosia sp. isolate ML34-012-05 ML34_012_NODE_818_length_10192_cov_1.403279, whole genome shotgun sequence; NZ_JBVKGV010000026.1 MAG: Devosia sp. isolate ML34-006-05 ML34_006_NODE_354_length_48541_cov_2.462924, whole genome shotgun sequence	NZ_JBVKGV010000026.1.region001; NZ_JBTSEP010000065.1.region001
0.7	PKS_c0.7_famFAM_00256	PKS	1	1	0.9	rare	NZ_CP042304.1 Devosia ginsengisoli strain Gsoil 520 chromosome, complete genome	NZ_CP042304.1.region005
0.7	PKS_c0.7_famFAM_00260	PKS	10	1	0.9	rare	NZ_BMZE01000002.1 Devosia pacifica strain KCTC 32437 sequence2, whole genome shotgun sequence; NZ_CP045422.1 Devosia beringensis strain S02 chromosome, complete genome; NZ_FOMB01000021.1 Devosia psychrophila strain CGMCC 1.10210, whole genome shotgun sequence; NZ_FOMB01000025.1 Devosia psychrophila strain CGMCC 1.10210, whole genome shotgun sequence; NZ_FOMB01000051.1 Devosia psychrophila strain CGMCC 1.10210, whole genome shotgun sequence; NZ_JAQGJM010000022.1 MAG: Devosia sp. isolate RYN_485 scaffold_3385130, whole genome shotgun sequence; NZ_JAQGJV010000042.1 MAG: Devosia sp. isolate RYN_494 scaffold_4231403, whole genome shotgun sequence; NZ_JBEPOL010000002.1 Devosia sp. UYZn731 Ga0493902_02, whole genome shotgun sequence; NZ_JBEPOL010000009.1 Devosia sp. UYZn731 Ga0493902_09, whole genome shotgun sequence; NZ_OZ245853.1 MAG: Devosia sp. isolate 3d186a37-0bcd-4ac1-b259-f5c9590ee027 chromosome 1	NZ_CP045422.1.region006; NZ_JAQGJV010000042.1.region001; NZ_OZ245853.1.region002; NZ_JAQGJM010000022.1.region001; NZ_JBEPOL010000009.1.region001; NZ_FOMB01000021.1.region002; NZ_FOMB01000051.1.region001; NZ_JBEPOL010000002.1.region001; NZ_FOMB01000025.1.region001; NZ_BMZE01000002.1.region002
0.7	PKS_c0.7_famFAM_00263	PKS	1	1	0.9	rare	NZ_STGC01000005.1 Devosia sp. FKR38 NODE_14_length_2742056_cov_203.257278, whole genome shotgun sequence	NZ_STGC01000005.1.region002
0.7	PKS_c0.7_famFAM_00268	PKS	3	1	0.9	rare	NZ_CP080590.1 Devosia salina strain SCS-3 chromosome, complete genome; NZ_JACIEW010000009.1 Devosia subaequoris strain DSM 23447 Ga0373328_09, whole genome shotgun sequence; NZ_JAMYXP010000013.1 Devosia subaequoris strain HST3-14 Scaffold13, whole genome shotgun sequence	NZ_JACIEW010000009.1.region001; NZ_CP080590.1.region005; NZ_JAMYXP010000013.1.region001
0.7	PKS_c0.7_famFAM_00269	PKS	3	1	0.9	rare	NZ_JBFUCQ010000009.1 Devosia sp. P1_H9 scaffold_8, whole genome shotgun sequence; NZ_JBFUFI010000008.1 Devosia sp. P2_G7 scaffold_7, whole genome shotgun sequence; NZ_JBFUGO010000008.1 Devosia sp. P3_B2 scaffold_7, whole genome shotgun sequence	NZ_JBFUGO010000008.1.region001; NZ_JBFUCQ010000009.1.region001; NZ_JBFUFI010000008.1.region001
0.7	PKS_c0.7_famFAM_00270	PKS	4	1	0.9	rare	NZ_CAXUPH020000001.1 Devosia sp. LjRoot16 LJR016c1, whole genome shotgun sequence; NZ_JBXAPX010000002.1 Devosia sp. GW821-FHT12F11 NODE_2_length_929012_cov_60.894576, whole genome shotgun sequence; NZ_LMCR01000019.1 Devosia sp. Root105 contig_7, whole genome shotgun sequence; NZ_LMEA01000012.1 Devosia sp. Root413D1 contig_7, whole genome shotgun sequence	NZ_LMEA01000012.1.region002; NZ_CAXUPH020000001.1.region002; NZ_JBXAPX010000002.1.region002; NZ_LMCR01000019.1.region001
0.7	RiPP.other_c0.7_famFAM_00578	RiPP.other	1	1	0.9	rare	NZ_CP146608.1 Devosia sp. XK-2 chromosome, complete genome	NZ_CP146608.1.region006
0.7	RiPP.other_c0.7_famFAM_00579	RiPP.other	1	1	0.9	rare	NZ_JNNO01000034.1 Devosia sp. LC5 contig4, whole genome shotgun sequence	NZ_JNNO01000034.1.region001
0.7	RiPP_c0.7_famFAM_00002	RiPP	12	1	0.9	rare	NZ_CP026747.1 Devosia sp. I507 chromosome, complete genome; NZ_CP080590.1 Devosia salina strain SCS-3 chromosome, complete genome; NZ_CP146608.1 Devosia sp. XK-2 chromosome, complete genome; NZ_CP170082.1 Devosia sp. Naph2 chromosome, complete genome; NZ_JACIEW010000012.1 Devosia subaequoris strain DSM 23447 Ga0373328_12, whole genome shotgun sequence; NZ_JAMWDU010000006.1 Devosia ureilytica strain XJ19-45 Scaffold6, whole genome shotgun sequence; NZ_JAMYXP010000014.1 Devosia subaequoris strain HST3-14 Scaffold14, whole genome shotgun sequence; NZ_JAMZCU010000008.1 Devosia ureilytica strain XJ19-1 Scaffold8, whole genome shotgun sequence; NZ_JAVKFR010000034.1 MAG: Devosia marina isolate F1-TOW-06 k141_64042, whole genome shotgun sequence; NZ_JBTLRJ010000002.1 Devosia sp. CAU 1758 contig2, whole genome shotgun sequence; NZ_PYVZ01000013.1 Devosia indica strain IO390501 scaffold13, whole genome shotgun sequence; NZ_WQRF01000010.1 Devosia marina strain L53-10-65 NODE_10_length_77047_cov_53.918155, whole genome shotgun sequence	NZ_JBTLRJ010000002.1.region002; NZ_CP026747.1.region001; NZ_CP080590.1.region002; NZ_JAMWDU010000006.1.region001; NZ_CP170082.1.region007; NZ_WQRF01000010.1.region001; NZ_JAVKFR010000034.1.region001; NZ_CP146608.1.region003; NZ_JACIEW010000012.1.region001; NZ_JAMYXP010000014.1.region001; NZ_JAMZCU010000008.1.region001; NZ_PYVZ01000013.1.region001
0.7	RiPP_c0.7_famFAM_00003	RiPP	12	1	0.9	rare	NZ_BMZE01000001.1 Devosia pacifica strain KCTC 32437 sequence1, whole genome shotgun sequence; NZ_CM147870.1 Devosia sp. J2-20 chromosome, whole genome shotgun sequence; NZ_CM147875.1 Devosia sp. J20-27 chromosome, whole genome shotgun sequence; NZ_CP045422.1 Devosia beringensis strain S02 chromosome, complete genome; NZ_CP118245.1 Devosia sp. J2-20 chromosome; NZ_JAGXTP010000002.1 Devosia litorisediminis strain BSSL-BM10 2, whole genome shotgun sequence; NZ_JAPWHK010000006.1 Devosia neptuniae strain G21611-S1 NODE_6_length_281503_cov_131.454, whole genome shotgun sequence; NZ_JBLXGA010000019.1 MAG: Devosia sp. isolate ET04-05 T04maxbin_out.008RE.5K@19, whole genome shotgun sequence; NZ_JBNMEO010000017.1 MAG: Devosia sp. isolate 3300055174_60 Ga0535679_0000215, whole genome shotgun sequence; NZ_STGC01000005.1 Devosia sp. FKR38 NODE_14_length_2742056_cov_203.257278, whole genome shotgun sequence; NZ_WQRF01000001.1 Devosia marina strain L53-10-65 NODE_1_length_1615214_cov_52.474690, whole genome shotgun sequence	NZ_STGC01000005.1.region001; NZ_CM147870.1.region006; NZ_JBLXGA010000019.1.region001; NZ_BMZE01000001.1.region002; NZ_CM147875.1.region003; NZ_JAGXTP010000002.1.region001; NZ_JAPWHK010000006.1.region001; NZ_JBNMEO010000017.1.region001; NZ_WQRF01000001.1.region001; NZ_CP045422.1.region002; NZ_STGC01000005.1.region005; NZ_CP118245.1.region003
0.7	RiPP_c0.7_famFAM_00005	RiPP	1	1	0.9	rare	NZ_CP092483.1 Devosia lacusdianchii strain JXJ CY 41 chromosome	NZ_CP092483.1.region001
0.7	RiPP_c0.7_famFAM_00006	RiPP	1	1	0.9	rare	NZ_CP170082.1 Devosia sp. Naph2 chromosome, complete genome	NZ_CP170082.1.region004
0.7	RiPP_c0.7_famFAM_00008	RiPP	6	1	0.9	rare	NZ_CP034767.1 Devosia sp. 1566 chromosome, complete genome; NZ_CP063401.1 Devosia sp. SL43 chromosome, complete genome; NZ_JABAOL010000001.1 Devosia sp. 919 Scaffold1_1, whole genome shotgun sequence; NZ_JABAOM010000005.1 Devosia sp. 1635 Scaffold4_1, whole genome shotgun sequence; NZ_JBYUNO010000001.1 Devosia sp. Z6_126 NODE_1_length_1401190_cov_167.528294, whole genome shotgun sequence; NZ_JBYUNQ010000005.1 Devosia sp. Z11_6 NODE_5_length_228390_cov_165.542129, whole genome shotgun sequence	NZ_CP063401.1.region003; NZ_CP034767.1.region001; NZ_JABAOL010000001.1.region002; NZ_JBYUNQ010000005.1.region001; NZ_JABAOM010000005.1.region001; NZ_JBYUNO010000001.1.region001
0.7	RiPP_c0.7_famFAM_00010	RiPP	2	1	0.9	rare	NZ_JBTSEP010000009.1 MAG: Devosia sp. isolate ML34-012-05 ML34_012_NODE_93_length_98378_cov_7.821071, whole genome shotgun sequence; NZ_JBVKGV010000020.1 MAG: Devosia sp. isolate ML34-006-05 ML34_006_NODE_270_length_57401_cov_2.738730, whole genome shotgun sequence	NZ_JBTSEP010000009.1.region001; NZ_JBVKGV010000020.1.region001
0.7	RiPP_c0.7_famFAM_00019	RiPP	1	1	0.9	rare	NZ_CM147875.1 Devosia sp. J20-27 chromosome, whole genome shotgun sequence	NZ_CM147875.1.region001
0.7	RiPP_c0.7_famFAM_00021	RiPP	3	1	0.9	rare	NZ_BSNS01000020.1 Devosia nitrariae strain NBRC 112416 sequence20, whole genome shotgun sequence; NZ_JBHLYO010000020.1 Devosia nitrariae strain NBRC 112416 platanus_K_default_20, whole genome shotgun sequence; NZ_JBTMWU010000001.1 Devosia sp. A449 Scaffold1, whole genome shotgun sequence	NZ_BSNS01000020.1.region001; NZ_JBTMWU010000001.1.region001; NZ_JBHLYO010000020.1.region001
0.7	RiPP_c0.7_famFAM_00023	RiPP	1	1	0.9	rare	NZ_JBXAPX010000005.1 Devosia sp. GW821-FHT12F11 NODE_5_length_446700_cov_56.840628, whole genome shotgun sequence	NZ_JBXAPX010000005.1.region001
0.7	RiPP_c0.7_famFAM_00029	RiPP	5	1	0.9	rare	NZ_CAXUPH020000003.1 Devosia sp. LjRoot16 LJR016c3, whole genome shotgun sequence; NZ_CP012945.1 Devosia sp. A16 chromosome, complete genome; NZ_JBXAPX010000004.1 Devosia sp. GW821-FHT12F11 NODE_4_length_517482_cov_53.795218, whole genome shotgun sequence; NZ_LMCR01000016.1 Devosia sp. Root105 contig_4, whole genome shotgun sequence; NZ_LMEA01000011.1 Devosia sp. Root413D1 contig_6, whole genome shotgun sequence	NZ_JBXAPX010000004.1.region001; NZ_LMEA01000011.1.region001; NZ_LMCR01000016.1.region001; NZ_CP012945.1.region005; NZ_CAXUPH020000003.1.region001
0.7	RiPP_c0.7_famFAM_00030	RiPP	4	1	0.9	rare	NZ_BSNG01000003.1 Devosia yakushimensis strain NBRC 103855 sequence03, whole genome shotgun sequence; NZ_CP104965.1 Devosia neptuniae strain A18/4-1 chromosome, complete genome; NZ_JBJDRE010000010.1 Devosia sp. ZW T5_3 ZW_T5_3_contig_010, whole genome shotgun sequence; NZ_JNNO01000016.1 Devosia sp. LC5 contig23, whole genome shotgun sequence	NZ_CP104965.1.region001; NZ_JBJDRE010000010.1.region001; NZ_JNNO01000016.1.region001; NZ_BSNG01000003.1.region001
0.7	RiPP_c0.7_famFAM_00031	RiPP	8	1	0.9	rare	NZ_CAXUPH020000005.1 Devosia sp. LjRoot16 LJR016c5, whole genome shotgun sequence; NZ_CP012945.1 Devosia sp. A16 chromosome, complete genome; NZ_JAFKHA010000012.1 MAG: Devosia sp. isolate SCN18_30_10_14_R3_B_66_58 SCN18_30_10_14_R3_B_scaffold_19, whole genome shotgun sequence; NZ_JAFKHE010000027.1 MAG: Devosia sp. isolate SCN18_30_10_14_R3_P_66_71 SCN18_30_10_14_R3_P_scaffold_205, whole genome shotgun sequence; NZ_JBXAPX010000006.1 Devosia sp. GW821-FHT12F11 NODE_6_length_419588_cov_59.036509, whole genome shotgun sequence; NZ_LMCR01000017.1 Devosia sp. Root105 contig_5, whole genome shotgun sequence; NZ_LMEA01000010.1 Devosia sp. Root413D1 contig_5, whole genome shotgun sequence; NZ_MKVB01000002.1 MAG: Devosia sp. 66-14 SCNpilot_cont_300_bf_scaffold_147, whole genome shotgun sequence	NZ_LMEA01000010.1.region001; NZ_CAXUPH020000005.1.region001; NZ_MKVB01000002.1.region001; NZ_JAFKHE010000027.1.region001; NZ_CP012945.1.region002; NZ_LMCR01000017.1.region001; NZ_JAFKHA010000012.1.region001; NZ_JBXAPX010000006.1.region001
0.7	RiPP_c0.7_famFAM_00032	RiPP	2	1	0.9	rare	NZ_JBDGIY010000001.1 Devosia sp. Soil_C_22 NODE_1_length_3502528_cov_134.771868, whole genome shotgun sequence; NZ_PYVW01000001.1 Devosia naphthalenivorans strain CM5-1 scaffold1, whole genome shotgun sequence	NZ_JBDGIY010000001.1.region003; NZ_PYVW01000001.1.region001
0.7	RiPP_c0.7_famFAM_00033	RiPP	3	1	0.9	rare	NZ_JBHTMH010000001.1 Devosia equisanguinis strain CCM 8868 GCM70027366_15, whole genome shotgun sequence; NZ_MKUY01000005.1 MAG: Devosia sp. 63-57 SCNpilot_expt_1000_bf_scaffold_3, whole genome shotgun sequence; NZ_UZWD01000029.1 Devosia equisanguinis strain CIP 111628, whole genome shotgun sequence	NZ_JBHTMH010000001.1.region003; NZ_UZWD01000029.1.region001; NZ_MKUY01000005.1.region001
0.7	RiPP_c0.7_famFAM_00034	RiPP	2	1	0.9	rare	NZ_JBTSEP010000003.1 MAG: Devosia sp. isolate ML34-012-05 ML34_012_NODE_45_length_152938_cov_7.526592, whole genome shotgun sequence; NZ_JBVKGV010000033.1 MAG: Devosia sp. isolate ML34-006-05 ML34_006_NODE_583_length_35475_cov_2.597827, whole genome shotgun sequence	NZ_JBTSEP010000003.1.region001; NZ_JBVKGV010000033.1.region001
0.7	RiPP_c0.7_famFAM_00035	RiPP	2	1	0.9	rare	NZ_BSNS01000007.1 Devosia nitrariae strain NBRC 112416 sequence07, whole genome shotgun sequence; NZ_JBHLYO010000004.1 Devosia nitrariae strain NBRC 112416 platanus_K_default_4, whole genome shotgun sequence	NZ_JBHLYO010000004.1.region001; NZ_BSNS01000007.1.region001
0.7	RiPP_c0.7_famFAM_00036	RiPP	5	1	0.9	rare	NZ_CP059902.1 Devosia sp. MC521 chromosome, complete genome; NZ_JABBDZ010000002.1 Devosia sp. MC1541 Scaffold2_1, whole genome shotgun sequence; NZ_JAEMEB010000005.1 Devosia sp. MC521 Scaffold5_1, whole genome shotgun sequence; NZ_JAEMNZ010000003.1 Devosia sp. MC532 Scaffold3_1, whole genome shotgun sequence; NZ_JAENGO010000005.1 Devosia sp. WQ 349K1 Scaffold4_1, whole genome shotgun sequence	NZ_JAEMNZ010000003.1.region001; NZ_JAEMEB010000005.1.region001; NZ_JAENGO010000005.1.region002; NZ_JABBDZ010000002.1.region001; NZ_CP059902.1.region001
0.7	RiPP_c0.7_famFAM_00037	RiPP	2	1	0.9	rare	NZ_BSNS01000011.1 Devosia nitrariae strain NBRC 112416 sequence11, whole genome shotgun sequence; NZ_JBHLYO010000010.1 Devosia nitrariae strain NBRC 112416 platanus_K_default_10, whole genome shotgun sequence	NZ_JBHLYO010000010.1.region001; NZ_BSNS01000011.1.region001
0.7	RiPP_c0.7_famFAM_00038	RiPP	2	1	0.9	rare	NZ_JAFKHA010000009.1 MAG: Devosia sp. isolate SCN18_30_10_14_R3_B_66_58 SCN18_30_10_14_R3_B_scaffold_4, whole genome shotgun sequence; NZ_MKVB01000001.1 MAG: Devosia sp. 66-14 SCNpilot_cont_300_bf_scaffold_127, whole genome shotgun sequence	NZ_MKVB01000001.1.region002; NZ_JAFKHA010000009.1.region002
0.7	RiPP_c0.7_famFAM_00039	RiPP	7	1	0.9	rare	NZ_CAXUPH020000005.1 Devosia sp. LjRoot16 LJR016c5, whole genome shotgun sequence; NZ_CP012945.1 Devosia sp. A16 chromosome, complete genome; NZ_JAFKHA010000012.1 MAG: Devosia sp. isolate SCN18_30_10_14_R3_B_66_58 SCN18_30_10_14_R3_B_scaffold_19, whole genome shotgun sequence; NZ_JBXAPX010000006.1 Devosia sp. GW821-FHT12F11 NODE_6_length_419588_cov_59.036509, whole genome shotgun sequence; NZ_LMCR01000017.1 Devosia sp. Root105 contig_5, whole genome shotgun sequence; NZ_LMEA01000010.1 Devosia sp. Root413D1 contig_5, whole genome shotgun sequence; NZ_MKVB01000002.1 MAG: Devosia sp. 66-14 SCNpilot_cont_300_bf_scaffold_147, whole genome shotgun sequence	NZ_CP012945.1.region001; NZ_JAFKHA010000012.1.region002; NZ_CAXUPH020000005.1.region002; NZ_LMCR01000017.1.region002; NZ_LMEA01000010.1.region002; NZ_JBXAPX010000006.1.region002; NZ_MKVB01000002.1.region002
0.7	RiPP_c0.7_famFAM_00040	RiPP	4	1	0.9	rare	NZ_JAFKHE010000031.1 MAG: Devosia sp. isolate SCN18_30_10_14_R3_P_66_71 SCN18_30_10_14_R3_P_scaffold_280, whole genome shotgun sequence; NZ_JAQRMY010000003.1 Devosia sp. ZB163 scaffold_2, whole genome shotgun sequence; NZ_JBDGIY010000001.1 Devosia sp. Soil_C_22 NODE_1_length_3502528_cov_134.771868, whole genome shotgun sequence; NZ_OZ245853.1 MAG: Devosia sp. isolate 3d186a37-0bcd-4ac1-b259-f5c9590ee027 chromosome 1	NZ_OZ245853.1.region001; NZ_JAQRMY010000003.1.region001; NZ_JBDGIY010000001.1.region005; NZ_JAFKHE010000031.1.region001
0.7	RiPP_c0.7_famFAM_00041	RiPP	3	1	0.9	rare	NZ_JBFUCQ010000005.1 Devosia sp. P1_H9 scaffold_4, whole genome shotgun sequence; NZ_JBFUFI010000005.1 Devosia sp. P2_G7 scaffold_4, whole genome shotgun sequence; NZ_JBFUGO010000004.1 Devosia sp. P3_B2 scaffold_3, whole genome shotgun sequence	NZ_JBFUCQ010000005.1.region001; NZ_JBFUGO010000004.1.region001; NZ_JBFUFI010000005.1.region001
0.7	RiPP_c0.7_famFAM_00042	RiPP	7	1	0.9	rare	NZ_CAXUPH020000001.1 Devosia sp. LjRoot16 LJR016c1, whole genome shotgun sequence; NZ_CP012945.1 Devosia sp. A16 chromosome, complete genome; NZ_JAFKHA010000008.1 MAG: Devosia sp. isolate SCN18_30_10_14_R3_B_66_58 SCN18_30_10_14_R3_B_scaffold_1, whole genome shotgun sequence; NZ_JBXAPX010000002.1 Devosia sp. GW821-FHT12F11 NODE_2_length_929012_cov_60.894576, whole genome shotgun sequence; NZ_LMCR01000021.1 Devosia sp. Root105 contig_9, whole genome shotgun sequence; NZ_LMEA01000012.1 Devosia sp. Root413D1 contig_7, whole genome shotgun sequence; NZ_MKVB01000006.1 MAG: Devosia sp. 66-14 SCNpilot_cont_300_bf_scaffold_172, whole genome shotgun sequence	NZ_CAXUPH020000001.1.region001; NZ_JAFKHA010000008.1.region001; NZ_CP012945.1.region003; NZ_LMCR01000021.1.region001; NZ_JBXAPX010000002.1.region001; NZ_MKVB01000006.1.region001; NZ_LMEA01000012.1.region001
0.7	RiPP_c0.7_famFAM_00043	RiPP	2	1	0.9	rare	NZ_JAFKHA010000010.1 MAG: Devosia sp. isolate SCN18_30_10_14_R3_B_66_58 SCN18_30_10_14_R3_B_scaffold_12, whole genome shotgun sequence; NZ_MKVB01000003.1 MAG: Devosia sp. 66-14 SCNpilot_cont_300_bf_scaffold_152, whole genome shotgun sequence	NZ_JAFKHA010000010.1.region001; NZ_MKVB01000003.1.region001
0.7	RiPP_c0.7_famFAM_00044	RiPP	3	1	0.9	rare	NZ_JAIMBX010000003.1 Devosia sp. BK 9_Devo_3, whole genome shotgun sequence; NZ_LMLO01000012.1 Devosia sp. Leaf64 contig_2, whole genome shotgun sequence; NZ_LMQU01000011.1 Devosia sp. Leaf420 contig_4, whole genome shotgun sequence	NZ_JAIMBX010000003.1.region001; NZ_LMQU01000011.1.region002; NZ_LMLO01000012.1.region002
0.7	RiPP_c0.7_famFAM_00045	RiPP	1	1	0.9	rare	NZ_JABBDZ010000004.1 Devosia sp. MC1541 Scaffold4_1, whole genome shotgun sequence	NZ_JABBDZ010000004.1.region001
0.7	RiPP_c0.7_famFAM_00046	RiPP	1	1	0.9	rare	NZ_OZ245853.1 MAG: Devosia sp. isolate 3d186a37-0bcd-4ac1-b259-f5c9590ee027 chromosome 1	NZ_OZ245853.1.region004
0.7	RiPP_c0.7_famFAM_00047	RiPP	1	1	0.9	rare	NZ_CP186479.1 Devosia sp. CN2-171 chromosome, complete genome	NZ_CP186479.1.region003
0.7	RiPP_c0.7_famFAM_00048	RiPP	1	1	0.9	rare	NZ_CM147875.1 Devosia sp. J20-27 chromosome, whole genome shotgun sequence	NZ_CM147875.1.region002
0.7	RiPP_c0.7_famFAM_00049	RiPP	1	1	0.9	rare	NZ_LAJG01000014.1 Devosia soli strain GH2-10 NODE_14, whole genome shotgun sequence	NZ_LAJG01000014.1.region003
0.7	RiPP_c0.7_famFAM_00050	RiPP	1	1	0.9	rare	NZ_CP186479.1 Devosia sp. CN2-171 chromosome, complete genome	NZ_CP186479.1.region002
0.7	RiPP_c0.7_famFAM_00051	RiPP	1	1	0.9	rare	NZ_JABBDZ010000019.1 Devosia sp. MC1541 Scaffold19_1, whole genome shotgun sequence	NZ_JABBDZ010000019.1.region001
0.7	RiPP_c0.7_famFAM_00052	RiPP	1	1	0.9	rare	NZ_MKUZ01000030.1 MAG: Devosia sp. 66-22 SCNpilot_expt_1000_bf_scaffold_96, whole genome shotgun sequence	NZ_MKUZ01000030.1.region001
0.7	RiPP_c0.7_famFAM_00053	RiPP	1	1	0.9	rare	NZ_CP063401.1 Devosia sp. SL43 chromosome, complete genome	NZ_CP063401.1.region006
0.7	RiPP_c0.7_famFAM_00054	RiPP	1	1	0.9	rare	NZ_FXWK01000002.1 Devosia lucknowensis strain L15, whole genome shotgun sequence	NZ_FXWK01000002.1.region001
0.7	RiPP_c0.7_famFAM_00055	RiPP	1	1	0.9	rare	NZ_JBLXGA010000003.1 MAG: Devosia sp. isolate ET04-05 T04maxbin_out.008RE.5K@3, whole genome shotgun sequence	NZ_JBLXGA010000003.1.region001
0.7	RiPP_c0.7_famFAM_00056	RiPP	1	1	0.9	rare	NZ_JBDGIY010000001.1 Devosia sp. Soil_C_22 NODE_1_length_3502528_cov_134.771868, whole genome shotgun sequence	NZ_JBDGIY010000001.1.region001
0.7	RiPP_c0.7_famFAM_00057	RiPP	1	1	0.9	rare	NZ_AP027921.1 Devosia sp. T2-14 chromosome, complete genome	NZ_AP027921.1.region002
0.7	RiPP_c0.7_famFAM_00058	RiPP	1	1	0.9	rare	NZ_JADGNE010000033.1 MAG: Devosia sp. isolate N26CT NODE_24_length_219165_cov_20.528168, whole genome shotgun sequence	NZ_JADGNE010000033.1.region001
0.7	RiPP_c0.7_famFAM_00059	RiPP	1	1	0.9	rare	NZ_JBDGIY010000001.1 Devosia sp. Soil_C_22 NODE_1_length_3502528_cov_134.771868, whole genome shotgun sequence	NZ_JBDGIY010000001.1.region002
0.7	other.terpene_c0.7_famFAM_00575	other.terpene	1	1	0.9	rare	NZ_JBHRYD010000001.1 Devosia honganensis strain KCTC 42281 platanus_K_25_97_1, whole genome shotgun sequence	NZ_JBHRYD010000001.1.region001
0.7	other_c0.7_famFAM_00346	other	9	1	0.9	rare	NZ_CM147870.1 Devosia sp. J2-20 chromosome, whole genome shotgun sequence; NZ_CP118245.1 Devosia sp. J2-20 chromosome; NZ_FOMB01000001.1 Devosia psychrophila strain CGMCC 1.10210, whole genome shotgun sequence; NZ_FXWK01000002.1 Devosia lucknowensis strain L15, whole genome shotgun sequence; NZ_JAGXTP010000003.1 Devosia litorisediminis strain BSSL-BM10 3, whole genome shotgun sequence; NZ_JAPWHK010000008.1 Devosia neptuniae strain G21611-S1 NODE_8_length_235334_cov_135.292, whole genome shotgun sequence; NZ_JBKJHF010000003.1 Devosia sp. XGJD_8 3, whole genome shotgun sequence; NZ_JBNMEO010000006.1 MAG: Devosia sp. isolate 3300055174_60 Ga0535679_0000079, whole genome shotgun sequence; NZ_STGC01000002.1 Devosia sp. FKR38 NODE_4_length_1043381_cov_214.428558, whole genome shotgun sequence	NZ_FXWK01000002.1.region002; NZ_JBNMEO010000006.1.region001; NZ_STGC01000002.1.region001; NZ_JBKJHF010000003.1.region001; NZ_JAPWHK010000008.1.region001; NZ_FOMB01000001.1.region001; NZ_CP118245.1.region002; NZ_JAGXTP010000003.1.region001; NZ_CM147870.1.region001
0.7	other_c0.7_famFAM_00347	other	9	1	0.9	rare	NZ_CP059902.1 Devosia sp. MC521 chromosome, complete genome; NZ_CP063401.1 Devosia sp. SL43 chromosome, complete genome; NZ_FQVC01000005.1 Devosia limi DSM 17137, whole genome shotgun sequence; NZ_JABBDZ010000002.1 Devosia sp. MC1541 Scaffold2_1, whole genome shotgun sequence; NZ_JACDXV010000002.1 Devosia faecipullorum strain CC-YST696 contig02, whole genome shotgun sequence; NZ_JAEMEB010000015.1 Devosia sp. MC521 Scaffold15_1, whole genome shotgun sequence; NZ_JAENGO010000005.1 Devosia sp. WQ 349K1 Scaffold4_1, whole genome shotgun sequence; NZ_JBHRYD010000001.1 Devosia honganensis strain KCTC 42281 platanus_K_25_97_1, whole genome shotgun sequence; NZ_LAJF01000054.1 Devosia limi DSM 17137 NODE_54, whole genome shotgun sequence	NZ_FQVC01000005.1.region001; NZ_JBHRYD010000001.1.region002; NZ_JAENGO010000005.1.region001; NZ_CP063401.1.region004; NZ_JACDXV010000002.1.region001; NZ_JAEMEB010000015.1.region001; NZ_CP059902.1.region005; NZ_JABBDZ010000002.1.region002; NZ_LAJF01000054.1.region001
0.7	other_c0.7_famFAM_00348	other	6	1	0.9	rare	NZ_AP027921.1 Devosia sp. T2-14 chromosome, complete genome; NZ_BMZE01000002.1 Devosia pacifica strain KCTC 32437 sequence2, whole genome shotgun sequence; NZ_JAEMNZ010000020.1 Devosia sp. MC532 Scaffold20_1, whole genome shotgun sequence; NZ_LMEM01000010.1 Devosia sp. Root436 contig_3, whole genome shotgun sequence; NZ_LMGZ01000019.1 Devosia sp. Root635 contig_4, whole genome shotgun sequence; NZ_PYVW01000012.1 Devosia naphthalenivorans strain CM5-1 scaffold12, whole genome shotgun sequence	NZ_AP027921.1.region001; NZ_JAEMNZ010000020.1.region001; NZ_BMZE01000002.1.region001; NZ_LMGZ01000019.1.region001; NZ_LMEM01000010.1.region001; NZ_PYVW01000012.1.region001
0.7	other_c0.7_famFAM_00349	other	3	1	0.9	rare	NZ_JAQGJM010000040.1 MAG: Devosia sp. isolate RYN_485 scaffold_1327769, whole genome shotgun sequence; NZ_JAQGJV010000035.1 MAG: Devosia sp. isolate RYN_494 scaffold_5976185, whole genome shotgun sequence; NZ_JBEPOL010000003.1 Devosia sp. UYZn731 Ga0493902_03, whole genome shotgun sequence	NZ_JAQGJV010000035.1.region001; NZ_JAQGJM010000040.1.region001; NZ_JBEPOL010000003.1.region001
0.7	other_c0.7_famFAM_00350	other	13	1	0.9	rare	NZ_CP026747.1 Devosia sp. I507 chromosome, complete genome; NZ_CP068046.1 Devosia rhizoryzae strain LEGU1 chromosome; NZ_CP080590.1 Devosia salina strain SCS-3 chromosome, complete genome; NZ_CP094375.1 Devosia sp. Micro-HW1 chromosome, complete genome; NZ_CP170082.1 Devosia sp. Naph2 chromosome, complete genome; NZ_JAEKMH010000004.1 Devosia sediminis strain MSA67 NODE_4_length_514361_cov_166.640065, whole genome shotgun sequence; NZ_JAMWDU010000002.1 Devosia ureilytica strain XJ19-45 Scaffold2, whole genome shotgun sequence; NZ_JAMZCU010000002.1 Devosia ureilytica strain XJ19-1 Scaffold2, whole genome shotgun sequence; NZ_JAVKFR010000006.1 MAG: Devosia marina isolate F1-TOW-06 k141_66864, whole genome shotgun sequence; NZ_JBTMWU010000001.1 Devosia sp. A449 Scaffold1, whole genome shotgun sequence; NZ_JBTMWV010000009.1 Devosia sp. A369 Scaffold9, whole genome shotgun sequence; NZ_PYVZ01000009.1 Devosia indica strain IO390501 scaffold9, whole genome shotgun sequence; NZ_WQRF01000002.1 Devosia marina strain L53-10-65 NODE_2_length_636985_cov_56.763128, whole genome shotgun sequence	NZ_JAMZCU010000002.1.region001; NZ_JAEKMH010000004.1.region001; NZ_CP170082.1.region002; NZ_JAVKFR010000006.1.region001; NZ_CP094375.1.region003; NZ_PYVZ01000009.1.region001; NZ_JBTMWV010000009.1.region001; NZ_JBTMWU010000001.1.region002; NZ_CP068046.1.region005; NZ_CP026747.1.region003; NZ_CP080590.1.region007; NZ_WQRF01000002.1.region001; NZ_JAMWDU010000002.1.region002
0.7	other_c0.7_famFAM_00351	other	5	1	0.9	rare	NZ_CP034767.1 Devosia sp. 1566 chromosome, complete genome; NZ_JABAOL010000001.1 Devosia sp. 919 Scaffold1_1, whole genome shotgun sequence; NZ_JABAOM010000003.1 Devosia sp. 1635 Scaffold3_1, whole genome shotgun sequence; NZ_JBYUNO010000001.1 Devosia sp. Z6_126 NODE_1_length_1401190_cov_167.528294, whole genome shotgun sequence; NZ_JBYUNQ010000002.1 Devosia sp. Z11_6 NODE_2_length_859975_cov_197.188371, whole genome shotgun sequence	NZ_JABAOL010000001.1.region001; NZ_JBYUNQ010000002.1.region001; NZ_CP034767.1.region005; NZ_JBYUNO010000001.1.region002; NZ_JABAOM010000003.1.region001
0.7	other_c0.7_famFAM_00352	other	2	1	0.9	rare	NZ_BSNS01000007.1 Devosia nitrariae strain NBRC 112416 sequence07, whole genome shotgun sequence; NZ_JBHLYO010000012.1 Devosia nitrariae strain NBRC 112416 platanus_K_default_12, whole genome shotgun sequence	NZ_BSNS01000007.1.region002; NZ_JBHLYO010000012.1.region001
0.7	other_c0.7_famFAM_00353	other	6	1	0.9	rare	NZ_CP104007.1 Devosia sp. FJ2-5-3 chromosome, complete genome; NZ_JAFKHC010000010.1 MAG: Devosia sp. isolate SCN18_26_2_15_R2_B_67_34 SCN18_26_2_15_R2_B_scaffold_56, whole genome shotgun sequence; NZ_JAIMBX010000002.1 Devosia sp. BK 9_Devo_2, whole genome shotgun sequence; NZ_LMLO01000019.1 Devosia sp. Leaf64 contig_4, whole genome shotgun sequence; NZ_LMQU01000010.1 Devosia sp. Leaf420 contig_3, whole genome shotgun sequence; NZ_MKVA01000002.1 MAG: Devosia sp. 67-54 SCNpilot_cont_1000_bf_scaffold_153, whole genome shotgun sequence	NZ_LMLO01000019.1.region001; NZ_CP104007.1.region001; NZ_JAIMBX010000002.1.region001; NZ_JAFKHC010000010.1.region001; NZ_MKVA01000002.1.region001; NZ_LMQU01000010.1.region001
0.7	other_c0.7_famFAM_00354	other	2	1	0.9	rare	NZ_JAFKHC010000009.1 MAG: Devosia sp. isolate SCN18_26_2_15_R2_B_67_34 SCN18_26_2_15_R2_B_scaffold_40, whole genome shotgun sequence; NZ_MKVA01000006.1 MAG: Devosia sp. 67-54 SCNpilot_cont_1000_bf_scaffold_34, whole genome shotgun sequence	NZ_MKVA01000006.1.region001; NZ_JAFKHC010000009.1.region001
0.7	other_c0.7_famFAM_00355	other	25	1	0.9	rare	NZ_CM147870.1 Devosia sp. J2-20 chromosome, whole genome shotgun sequence; NZ_CP026747.1 Devosia sp. I507 chromosome, complete genome; NZ_CP034767.1 Devosia sp. 1566 chromosome, complete genome; NZ_CP045422.1 Devosia beringensis strain S02 chromosome, complete genome; NZ_CP080590.1 Devosia salina strain SCS-3 chromosome, complete genome; NZ_CP118245.1 Devosia sp. J2-20 chromosome; NZ_CP146608.1 Devosia sp. XK-2 chromosome, complete genome; NZ_CP170082.1 Devosia sp. Naph2 chromosome, complete genome; NZ_FPCK01000003.1 Devosia crocina strain IPL20, whole genome shotgun sequence; NZ_FQVC01000010.1 Devosia limi DSM 17137, whole genome shotgun sequence; NZ_FXWK01000001.1 Devosia lucknowensis strain L15, whole genome shotgun sequence; NZ_JACIEW010000001.1 Devosia subaequoris strain DSM 23447 Ga0373328_01, whole genome shotgun sequence; NZ_JACYFU010000004.1 Devosia oryzisoli strain PTR5 contig4, whole genome shotgun sequence; NZ_JAGXTP010000001.1 Devosia litorisediminis strain BSSL-BM10 1, whole genome shotgun sequence; NZ_JAMWDU010000009.1 Devosia ureilytica strain XJ19-45 Scaffold9, whole genome shotgun sequence; NZ_JAMYXP010000001.1 Devosia subaequoris strain HST3-14 Scaffold1, whole genome shotgun sequence; NZ_JAMZCU010000006.1 Devosia ureilytica strain XJ19-1 Scaffold6, whole genome shotgun sequence; NZ_JAPWHK010000001.1 Devosia neptuniae strain G21611-S1 NODE_1_length_635483_cov_121.601, whole genome shotgun sequence; NZ_JAVKFR010000022.1 MAG: Devosia marina isolate F1-TOW-06 k141_60500, whole genome shotgun sequence; NZ_JBLXGA010000002.1 MAG: Devosia sp. isolate ET04-05 T04maxbin_out.008RE.5K@2, whole genome shotgun sequence; NZ_JBNMEO010000008.1 MAG: Devosia sp. isolate 3300055174_60 Ga0535679_0000094, whole genome shotgun sequence; NZ_JBTLRJ010000002.1 Devosia sp. CAU 1758 contig2, whole genome shotgun sequence; NZ_LAJF01000076.1 Devosia limi DSM 17137 NODE_76, whole genome shotgun sequence; NZ_PYVZ01000007.1 Devosia indica strain IO390501 scaffold7, whole genome shotgun sequence; NZ_WQRF01000001.1 Devosia marina strain L53-10-65 NODE_1_length_1615214_cov_52.474690, whole genome shotgun sequence	NZ_LAJF01000076.1.region001; NZ_CP118245.1.region004; NZ_JAPWHK010000001.1.region001; NZ_JAMWDU010000009.1.region001; NZ_JBTLRJ010000002.1.region001; NZ_CP045422.1.region005; NZ_JAMYXP010000001.1.region001; NZ_JACIEW010000001.1.region002; NZ_CP146608.1.region001; NZ_WQRF01000001.1.region002; NZ_JBLXGA010000002.1.region001; NZ_CP080590.1.region003; NZ_CP170082.1.region006; NZ_CP026747.1.region006; NZ_JAGXTP010000001.1.region004; NZ_FQVC01000010.1.region002; NZ_CM147870.1.region005; NZ_FPCK01000003.1.region001; NZ_JAVKFR010000022.1.region001; NZ_JAMZCU010000006.1.region001; NZ_JACYFU010000004.1.region001; NZ_JBNMEO010000008.1.region001; NZ_CP034767.1.region006; NZ_FXWK01000001.1.region001; NZ_PYVZ01000007.1.region001
0.7	other_c0.7_famFAM_00356	other	3	1	0.9	rare	NZ_BMZE01000004.1 Devosia pacifica strain KCTC 32437 sequence4, whole genome shotgun sequence; NZ_CP126539.1 Devosia rhizosphaerae strain RR2S18 chromosome, complete genome; NZ_JZEY01000061.1 Devosia chinhatensis strain IPL18 NODE_61, whole genome shotgun sequence	NZ_BMZE01000004.1.region001; NZ_CP126539.1.region003; NZ_JZEY01000061.1.region001
0.7	other_c0.7_famFAM_00359	other	6	1	0.9	rare	NZ_BSNG01000001.1 Devosia yakushimensis strain NBRC 103855 sequence01, whole genome shotgun sequence; NZ_CP104965.1 Devosia neptuniae strain A18/4-1 chromosome, complete genome; NZ_FOMB01000007.1 Devosia psychrophila strain CGMCC 1.10210, whole genome shotgun sequence; NZ_JAQGJM010000009.1 MAG: Devosia sp. isolate RYN_485 scaffold_227217, whole genome shotgun sequence; NZ_JBJDRE010000003.1 Devosia sp. ZW T5_3 ZW_T5_3_contig_003, whole genome shotgun sequence; NZ_JNNO01000023.1 Devosia sp. LC5 contig3, whole genome shotgun sequence	NZ_CP104965.1.region003; NZ_JBJDRE010000003.1.region001; NZ_BSNG01000001.1.region002; NZ_JAQGJM010000009.1.region001; NZ_JNNO01000023.1.region001; NZ_FOMB01000007.1.region001
0.7	other_c0.7_famFAM_00360	other	6	1	0.9	rare	NZ_CM147875.1 Devosia sp. J20-27 chromosome, whole genome shotgun sequence; NZ_CP068047.1 Devosia oryziradicis strain G19 chromosome; NZ_FOFL01000002.1 Devosia sp. YR412, whole genome shotgun sequence; NZ_JAQGJV010000082.1 MAG: Devosia sp. isolate RYN_494 scaffold_251191, whole genome shotgun sequence; NZ_JBEPOL010000004.1 Devosia sp. UYZn731 Ga0493902_04, whole genome shotgun sequence; NZ_JBLXGA010000009.1 MAG: Devosia sp. isolate ET04-05 T04maxbin_out.008RE.5K@9, whole genome shotgun sequence	NZ_JAQGJV010000082.1.region001; NZ_FOFL01000002.1.region001; NZ_JBLXGA010000009.1.region001; NZ_JBEPOL010000004.1.region001; NZ_CP068047.1.region002; NZ_CM147875.1.region004
0.7	other_c0.7_famFAM_00367	other	8	1	0.9	rare	NZ_CP059902.1 Devosia sp. MC521 chromosome, complete genome; NZ_CP127251.1 Devosia sp. YIM 151766 chromosome, complete genome; NZ_JABBDZ010000005.1 Devosia sp. MC1541 Scaffold5_1, whole genome shotgun sequence; NZ_JACYFU010000001.1 Devosia oryzisoli strain PTR5 contig1, whole genome shotgun sequence; NZ_JAEMEB010000003.1 Devosia sp. MC521 Scaffold3_1, whole genome shotgun sequence; NZ_JAEMNZ010000002.1 Devosia sp. MC532 Scaffold2_1, whole genome shotgun sequence; NZ_JAENGO010000001.1 Devosia sp. WQ 349K1 Scaffold1_1, whole genome shotgun sequence; NZ_LMGZ01000018.1 Devosia sp. Root635 contig_3, whole genome shotgun sequence	NZ_JAENGO010000001.1.region001; NZ_LMGZ01000018.1.region001; NZ_CP127251.1.region002; NZ_JACYFU010000001.1.region001; NZ_JAEMEB010000003.1.region001; NZ_JAEMNZ010000002.1.region001; NZ_CP059902.1.region003; NZ_JABBDZ010000005.1.region001
0.7	other_c0.7_famFAM_00368	other	6	1	0.9	rare	NZ_CP026747.1 Devosia sp. I507 chromosome, complete genome; NZ_CP146608.1 Devosia sp. XK-2 chromosome, complete genome; NZ_JAMWDU010000003.1 Devosia ureilytica strain XJ19-45 Scaffold3, whole genome shotgun sequence; NZ_JAMZCU010000003.1 Devosia ureilytica strain XJ19-1 Scaffold3, whole genome shotgun sequence; NZ_PYVZ01000019.1 Devosia indica strain IO390501 scaffold19, whole genome shotgun sequence; NZ_WQRF01000001.1 Devosia marina strain L53-10-65 NODE_1_length_1615214_cov_52.474690, whole genome shotgun sequence	NZ_JAMZCU010000003.1.region001; NZ_WQRF01000001.1.region004; NZ_CP026747.1.region004; NZ_CP146608.1.region005; NZ_PYVZ01000019.1.region001; NZ_JAMWDU010000003.1.region001
0.7	other_c0.7_famFAM_00369	other	8	1	0.9	rare	NZ_CM147870.1 Devosia sp. J2-20 chromosome, whole genome shotgun sequence; NZ_CP068046.1 Devosia rhizoryzae strain LEGU1 chromosome; NZ_CP118245.1 Devosia sp. J2-20 chromosome; NZ_JAGXTP010000001.1 Devosia litorisediminis strain BSSL-BM10 1, whole genome shotgun sequence; NZ_JAPWHK010000003.1 Devosia neptuniae strain G21611-S1 NODE_3_length_471733_cov_115.273, whole genome shotgun sequence; NZ_JBNMEO010000093.1 MAG: Devosia sp. isolate 3300055174_60 Ga0535679_0004564, whole genome shotgun sequence; NZ_LANJ01000045.1 Devosia epidermidihirudinis strain E84 contig45, whole genome shotgun sequence; NZ_PYVW01000018.1 Devosia naphthalenivorans strain CM5-1 scaffold18, whole genome shotgun sequence	NZ_JAGXTP010000001.1.region002; NZ_CP068046.1.region002; NZ_CM147870.1.region003; NZ_PYVW01000018.1.region001; NZ_CP118245.1.region006; NZ_LANJ01000045.1.region001; NZ_JAPWHK010000003.1.region001; NZ_JBNMEO010000093.1.region001
0.7	other_c0.7_famFAM_00370	other	14	1	0.9	rare	NZ_CAXUPK020000005.1 Devosia sp. LjRoot3 LJR003c5, whole genome shotgun sequence; NZ_CDRNJH010000001.1 Devosia riboflavina isolate Ri144 gnlProkkaBTCC_1, whole genome shotgun sequence; NZ_CP042304.1 Devosia ginsengisoli strain Gsoil 520 chromosome, complete genome; NZ_CP045422.1 Devosia beringensis strain S02 chromosome, complete genome; NZ_FPCK01000001.1 Devosia crocina strain IPL20, whole genome shotgun sequence; NZ_JAIMBX010000001.1 Devosia sp. BK 9_Devo_1, whole genome shotgun sequence; NZ_JANQAJ010000013.1 MAG: Devosia ginsengisoli isolate 46_gen_w_cov.5 c137, whole genome shotgun sequence; NZ_JBMQPQ010000014.1 MAG: Devosia sp. isolate isolate1_meta_1_34 k141_605893, whole genome shotgun sequence; NZ_JCACVZ010000001.1 MAG: Devosia sp. isolate TerP_2 Oxa_002_000000000117, whole genome shotgun sequence; NZ_JQGC01000033.1 Devosia riboflavina strain IFO13584 contig33, whole genome shotgun sequence; NZ_LAJG01000014.1 Devosia soli strain GH2-10 NODE_14, whole genome shotgun sequence; NZ_LMHK01000001.1 Devosia sp. Root685 contig_1, whole genome shotgun sequence; NZ_LMLO01000024.1 Devosia sp. Leaf64 contig_9, whole genome shotgun sequence; NZ_LMQU01000013.1 Devosia sp. Leaf420 contig_6, whole genome shotgun sequence	NZ_LMHK01000001.1.region001; NZ_JAIMBX010000001.1.region001; NZ_LMLO01000024.1.region001; NZ_CP045422.1.region004; NZ_CDRNJH010000001.1.region003; NZ_CP042304.1.region003; NZ_FPCK01000001.1.region002; NZ_JBMQPQ010000014.1.region001; NZ_LMQU01000013.1.region001; NZ_JQGC01000033.1.region001; NZ_CAXUPK020000005.1.region001; NZ_LAJG01000014.1.region002; NZ_JCACVZ010000001.1.region002; NZ_JANQAJ010000013.1.region001
0.7	other_c0.7_famFAM_00371	other	4	1	0.9	rare	NZ_BSNS01000008.1 Devosia nitrariae strain NBRC 112416 sequence08, whole genome shotgun sequence; NZ_JAFKHE010000012.1 MAG: Devosia sp. isolate SCN18_30_10_14_R3_P_66_71 SCN18_30_10_14_R3_P_scaffold_36, whole genome shotgun sequence; NZ_JBHLYO010000001.1 Devosia nitrariae strain NBRC 112416 platanus_K_default_1, whole genome shotgun sequence; NZ_STGC01000005.1 Devosia sp. FKR38 NODE_14_length_2742056_cov_203.257278, whole genome shotgun sequence	NZ_BSNS01000008.1.region001; NZ_JAFKHE010000012.1.region001; NZ_STGC01000005.1.region004; NZ_JBHLYO010000001.1.region001
0.7	other_c0.7_famFAM_00372	other	11	1	0.9	rare	NZ_AP027921.1 Devosia sp. T2-14 chromosome, complete genome; NZ_CP092483.1 Devosia lacusdianchii strain JXJ CY 41 chromosome; NZ_FQVC01000004.1 Devosia limi DSM 17137, whole genome shotgun sequence; NZ_JAFKHC010000003.1 MAG: Devosia sp. isolate SCN18_26_2_15_R2_B_67_34 SCN18_26_2_15_R2_B_scaffold_2, whole genome shotgun sequence; NZ_JBKJHF010000001.1 Devosia sp. XGJD_8 1, whole genome shotgun sequence; NZ_JBTMWU010000002.1 Devosia sp. A449 Scaffold2, whole genome shotgun sequence; NZ_JBTMWV010000001.1 Devosia sp. A369 Scaffold1, whole genome shotgun sequence; NZ_LAJF01000062.1 Devosia limi DSM 17137 NODE_62, whole genome shotgun sequence; NZ_LMEM01000009.1 Devosia sp. Root436 contig_2, whole genome shotgun sequence; NZ_MKVA01000005.1 MAG: Devosia sp. 67-54 SCNpilot_cont_1000_bf_scaffold_3, whole genome shotgun sequence; NZ_PYWB01000003.1 Devosia submarina strain JCM 18935 scaffold3, whole genome shotgun sequence	NZ_MKVA01000005.1.region001; NZ_JAFKHC010000003.1.region001; NZ_CP092483.1.region004; NZ_PYWB01000003.1.region001; NZ_LMEM01000009.1.region001; NZ_FQVC01000004.1.region001; NZ_JBTMWV010000001.1.region001; NZ_JBKJHF010000001.1.region003; NZ_AP027921.1.region004; NZ_LAJF01000062.1.region001; NZ_JBTMWU010000002.1.region001
0.7	other_c0.7_famFAM_00373	other	7	1	0.9	rare	NZ_CP075529.1 MAG: Devosia sp. isolate TGS_PRO11 chromosome; NZ_FXWK01000001.1 Devosia lucknowensis strain L15, whole genome shotgun sequence; NZ_JBHTMH010000001.1 Devosia equisanguinis strain CCM 8868 GCM70027366_15, whole genome shotgun sequence; NZ_JBTLRJ010000001.1 Devosia sp. CAU 1758 contig1, whole genome shotgun sequence; NZ_JZEY01000054.1 Devosia chinhatensis strain IPL18 NODE_54, whole genome shotgun sequence; NZ_MKUY01000003.1 MAG: Devosia sp. 63-57 SCNpilot_expt_1000_bf_scaffold_28, whole genome shotgun sequence; NZ_UZWD01000036.1 Devosia equisanguinis strain CIP 111628, whole genome shotgun sequence	NZ_JZEY01000054.1.region003; NZ_FXWK01000001.1.region004; NZ_JBHTMH010000001.1.region001; NZ_CP075529.1.region003; NZ_JBTLRJ010000001.1.region002; NZ_UZWD01000036.1.region001; NZ_MKUY01000003.1.region002
0.7	other_c0.7_famFAM_00374	other	6	1	0.9	rare	NZ_CP104964.1 Devosia neptuniae strain A18/4-1 plasmid p_unnamed1, complete sequence; NZ_CP170084.1 Devosia sp. Naph2 plasmid unnamed2, complete sequence; NZ_CP170085.1 Devosia sp. Naph2 plasmid unnamed3, complete sequence; NZ_JBEPOL010000012.1 Devosia sp. UYZn731 Ga0493902_12, whole genome shotgun sequence; NZ_JBTSEP010000004.1 MAG: Devosia sp. isolate ML34-012-05 ML34_012_NODE_48_length_147816_cov_8.746420, whole genome shotgun sequence; NZ_JBVKGV010000043.1 MAG: Devosia sp. isolate ML34-006-05 ML34_006_NODE_920_length_25440_cov_2.136373, whole genome shotgun sequence	NZ_JBVKGV010000043.1.region001; NZ_JBEPOL010000012.1.region001; NZ_JBTSEP010000004.1.region001; NZ_CP104964.1.region001; NZ_CP170084.1.region001; NZ_CP170085.1.region001
0.7	other_c0.7_famFAM_00375	other	6	1	0.9	rare	NZ_FOMB01000021.1 Devosia psychrophila strain CGMCC 1.10210, whole genome shotgun sequence; NZ_FQVC01000014.1 Devosia limi DSM 17137, whole genome shotgun sequence; NZ_JAPWHK010000012.1 Devosia neptuniae strain G21611-S1 NODE_12_length_122917_cov_11.4053, whole genome shotgun sequence; NZ_JAVKFR010000033.1 MAG: Devosia marina isolate F1-TOW-06 k141_74518, whole genome shotgun sequence; NZ_JBTMWV010000039.1 Devosia sp. A369 Scaffold39, whole genome shotgun sequence; NZ_LAJF01000040.1 Devosia limi DSM 17137 NODE_40, whole genome shotgun sequence	NZ_FQVC01000014.1.region001; NZ_JAPWHK010000012.1.region001; NZ_JBTMWV010000039.1.region001; NZ_FOMB01000021.1.region001; NZ_JAVKFR010000033.1.region002; NZ_LAJF01000040.1.region001
0.7	other_c0.7_famFAM_00379	other	2	1	0.9	rare	NZ_JAVKFR010000033.1 MAG: Devosia marina isolate F1-TOW-06 k141_74518, whole genome shotgun sequence; NZ_JQGC01000048.1 Devosia riboflavina strain IFO13584 contig48, whole genome shotgun sequence	NZ_JQGC01000048.1.region001; NZ_JAVKFR010000033.1.region001
0.7	other_c0.7_famFAM_00381	other	3	1	0.9	rare	NZ_JAFKHC010000005.1 MAG: Devosia sp. isolate SCN18_26_2_15_R2_B_67_34 SCN18_26_2_15_R2_B_scaffold_15, whole genome shotgun sequence; NZ_JBHUNP010000001.1 Devosia albogilva strain CCM 7427 tig00000001, whole genome shotgun sequence; NZ_MKVA01000003.1 MAG: Devosia sp. 67-54 SCNpilot_cont_1000_bf_scaffold_18, whole genome shotgun sequence	NZ_JBHUNP010000001.1.region002; NZ_JAFKHC010000005.1.region001; NZ_MKVA01000003.1.region001
0.7	other_c0.7_famFAM_00385	other	2	1	0.9	rare	NZ_JAFKHC010000005.1 MAG: Devosia sp. isolate SCN18_26_2_15_R2_B_67_34 SCN18_26_2_15_R2_B_scaffold_15, whole genome shotgun sequence; NZ_MKVA01000003.1 MAG: Devosia sp. 67-54 SCNpilot_cont_1000_bf_scaffold_18, whole genome shotgun sequence	NZ_MKVA01000003.1.region002; NZ_JAFKHC010000005.1.region002
0.7	other_c0.7_famFAM_00386	other	11	1	0.9	rare	NZ_CP042304.1 Devosia ginsengisoli strain Gsoil 520 chromosome, complete genome; NZ_CP075529.1 MAG: Devosia sp. isolate TGS_PRO11 chromosome; NZ_JACDXV010000007.1 Devosia faecipullorum strain CC-YST696 contig07, whole genome shotgun sequence; NZ_JAEKMH010000003.1 Devosia sediminis strain MSA67 NODE_3_length_546602_cov_164.757561, whole genome shotgun sequence; NZ_JAMWDU010000007.1 Devosia ureilytica strain XJ19-45 Scaffold7, whole genome shotgun sequence; NZ_JAMZCU010000007.1 Devosia ureilytica strain XJ19-1 Scaffold7, whole genome shotgun sequence; NZ_JANQAJ010000005.1 MAG: Devosia ginsengisoli isolate 46_gen_w_cov.5 c370, whole genome shotgun sequence; NZ_JBKJHF010000001.1 Devosia sp. XGJD_8 1, whole genome shotgun sequence; NZ_LMEM01000013.1 Devosia sp. Root436 contig_6, whole genome shotgun sequence; NZ_LMGZ01000022.1 Devosia sp. Root635 contig_7, whole genome shotgun sequence; NZ_WQRF01000004.1 Devosia marina strain L53-10-65 NODE_4_length_261075_cov_55.401212, whole genome shotgun sequence	NZ_CP042304.1.region006; NZ_JAMZCU010000007.1.region001; NZ_LMEM01000013.1.region001; NZ_WQRF01000004.1.region001; NZ_JAEKMH010000003.1.region001; NZ_JACDXV010000007.1.region001; NZ_CP075529.1.region005; NZ_JBKJHF010000001.1.region001; NZ_JANQAJ010000005.1.region001; NZ_LMGZ01000022.1.region001; NZ_JAMWDU010000007.1.region001
0.7	other_c0.7_famFAM_00387	other	11	1	0.9	rare	NZ_CP026747.1 Devosia sp. I507 chromosome, complete genome; NZ_CP080590.1 Devosia salina strain SCS-3 chromosome, complete genome; NZ_CP094375.1 Devosia sp. Micro-HW1 chromosome, complete genome; NZ_CP146608.1 Devosia sp. XK-2 chromosome, complete genome; NZ_CP170082.1 Devosia sp. Naph2 chromosome, complete genome; NZ_JACIEW010000006.1 Devosia subaequoris strain DSM 23447 Ga0373328_06, whole genome shotgun sequence; NZ_JAMYXP010000006.1 Devosia subaequoris strain HST3-14 Scaffold6, whole genome shotgun sequence; NZ_JAVKFR010000010.1 MAG: Devosia marina isolate F1-TOW-06 k141_67463, whole genome shotgun sequence; NZ_JBHRYD010000007.1 Devosia honganensis strain KCTC 42281 platanus_K_25_97_7, whole genome shotgun sequence; NZ_JBTLRJ010000005.1 Devosia sp. CAU 1758 contig5, whole genome shotgun sequence; NZ_PYVZ01000001.1 Devosia indica strain IO390501 scaffold1, whole genome shotgun sequence	NZ_CP080590.1.region001; NZ_CP094375.1.region004; NZ_CP170082.1.region001; NZ_JAMYXP010000006.1.region001; NZ_JBHRYD010000007.1.region001; NZ_CP146608.1.region002; NZ_CP026747.1.region002; NZ_JAVKFR010000010.1.region001; NZ_PYVZ01000001.1.region001; NZ_JBTLRJ010000005.1.region001; NZ_JACIEW010000006.1.region001
0.7	other_c0.7_famFAM_00388	other	6	1	0.9	rare	NZ_CAXUPK020000007.1 Devosia sp. LjRoot3 LJR003c7, whole genome shotgun sequence; NZ_CDRNJH010000001.1 Devosia riboflavina isolate Ri144 gnlProkkaBTCC_1, whole genome shotgun sequence; NZ_FPCK01000004.1 Devosia crocina strain IPL20, whole genome shotgun sequence; NZ_JBMQPQ010000006.1 MAG: Devosia sp. isolate isolate1_meta_1_34 k141_310111, whole genome shotgun sequence; NZ_JQGC01000003.1 Devosia riboflavina strain IFO13584 contig3, whole genome shotgun sequence; NZ_LMHK01000003.1 Devosia sp. Root685 contig_3, whole genome shotgun sequence	NZ_JQGC01000003.1.region001; NZ_FPCK01000004.1.region001; NZ_JBMQPQ010000006.1.region001; NZ_CAXUPK020000007.1.region001; NZ_LMHK01000003.1.region001; NZ_CDRNJH010000001.1.region001
0.7	other_c0.7_famFAM_00389	other	6	1	0.9	rare	NZ_CP104002.1 Devosia sp. SD17-2 chromosome, complete genome; NZ_CP104007.1 Devosia sp. FJ2-5-3 chromosome, complete genome; NZ_JAIMBX010000004.1 Devosia sp. BK 9_Devo_4, whole genome shotgun sequence; NZ_JCACVZ010000001.1 MAG: Devosia sp. isolate TerP_2 Oxa_002_000000000117, whole genome shotgun sequence; NZ_LMLO01000002.1 Devosia sp. Leaf64 contig_10, whole genome shotgun sequence; NZ_LMQU01000014.1 Devosia sp. Leaf420 contig_7, whole genome shotgun sequence	NZ_CP104002.1.region004; NZ_JAIMBX010000004.1.region001; NZ_LMQU01000014.1.region001; NZ_JCACVZ010000001.1.region004; NZ_LMLO01000002.1.region001; NZ_CP104007.1.region005
0.7	other_c0.7_famFAM_00390	other	3	1	0.9	rare	NZ_BSNS01000002.1 Devosia nitrariae strain NBRC 112416 sequence02, whole genome shotgun sequence; NZ_JBHLYO010000011.1 Devosia nitrariae strain NBRC 112416 platanus_K_default_11, whole genome shotgun sequence; NZ_JBTLRJ010000003.1 Devosia sp. CAU 1758 contig3, whole genome shotgun sequence	NZ_JBHLYO010000011.1.region001; NZ_JBTLRJ010000003.1.region002; NZ_BSNS01000002.1.region001
0.7	other_c0.7_famFAM_00392	other	6	1	0.9	rare	NZ_CP034767.1 Devosia sp. 1566 chromosome, complete genome; NZ_JABAOL010000001.1 Devosia sp. 919 Scaffold1_1, whole genome shotgun sequence; NZ_JABAOM010000002.1 Devosia sp. 1635 Scaffold2_1, whole genome shotgun sequence; NZ_JBEPOO010000001.1 Devosia sp. 2618 Ga0501505_01, whole genome shotgun sequence; NZ_JBYUNO010000003.1 Devosia sp. Z6_126 NODE_3_length_955106_cov_138.820264, whole genome shotgun sequence; NZ_JBYUNQ010000001.1 Devosia sp. Z11_6 NODE_1_length_1109201_cov_151.543683, whole genome shotgun sequence	NZ_JABAOM010000002.1.region001; NZ_JABAOL010000001.1.region004; NZ_JBYUNQ010000001.1.region002; NZ_JBEPOO010000001.1.region001; NZ_CP034767.1.region003; NZ_JBYUNO010000003.1.region001
0.7	other_c0.7_famFAM_00393	other	8	1	0.9	rare	NZ_CP059902.1 Devosia sp. MC521 chromosome, complete genome; NZ_CP104002.1 Devosia sp. SD17-2 chromosome, complete genome; NZ_JABBDZ010000006.1 Devosia sp. MC1541 Scaffold6_1, whole genome shotgun sequence; NZ_JACDXV010000002.1 Devosia faecipullorum strain CC-YST696 contig02, whole genome shotgun sequence; NZ_JADGNE010000026.1 MAG: Devosia sp. isolate N26CT NODE_199_length_38659_cov_21.121360, whole genome shotgun sequence; NZ_JAEMEB010000016.1 Devosia sp. MC521 Scaffold16_1, whole genome shotgun sequence; NZ_JAEMNZ010000007.1 Devosia sp. MC532 Scaffold7_1, whole genome shotgun sequence; NZ_JAENGO010000004.1 Devosia sp. WQ 349K1 Scaffold3_1, whole genome shotgun sequence	NZ_CP104002.1.region003; NZ_JABBDZ010000006.1.region001; NZ_JACDXV010000002.1.region003; NZ_JAENGO010000004.1.region001; NZ_JAEMEB010000016.1.region001; NZ_CP059902.1.region004; NZ_JADGNE010000026.1.region001; NZ_JAEMNZ010000007.1.region001
0.7	other_c0.7_famFAM_00394	other	17	1	0.9	rare	NZ_CAXUPK020000002.1 Devosia sp. LjRoot3 LJR003c2, whole genome shotgun sequence; NZ_CDRNJH010000001.1 Devosia riboflavina isolate Ri144 gnlProkkaBTCC_1, whole genome shotgun sequence; NZ_CP068046.1 Devosia rhizoryzae strain LEGU1 chromosome; NZ_CP075529.1 MAG: Devosia sp. isolate TGS_PRO11 chromosome; NZ_CP104007.1 Devosia sp. FJ2-5-3 chromosome, complete genome; NZ_FPCK01000001.1 Devosia crocina strain IPL20, whole genome shotgun sequence; NZ_JACYFU010000004.1 Devosia oryzisoli strain PTR5 contig4, whole genome shotgun sequence; NZ_JAIMBX010000003.1 Devosia sp. BK 9_Devo_3, whole genome shotgun sequence; NZ_JBMQPQ010000012.1 MAG: Devosia sp. isolate isolate1_meta_1_34 k141_568073, whole genome shotgun sequence; NZ_JCACVZ010000001.1 MAG: Devosia sp. isolate TerP_2 Oxa_002_000000000117, whole genome shotgun sequence; NZ_JQGC01000019.1 Devosia riboflavina strain IFO13584 contig19, whole genome shotgun sequence; NZ_JZEY01000061.1 Devosia chinhatensis strain IPL18 NODE_61, whole genome shotgun sequence; NZ_LAJG01000048.1 Devosia soli strain GH2-10 NODE_48, whole genome shotgun sequence; NZ_LMHK01000002.1 Devosia sp. Root685 contig_2, whole genome shotgun sequence; NZ_LMLO01000012.1 Devosia sp. Leaf64 contig_2, whole genome shotgun sequence; NZ_LMQU01000011.1 Devosia sp. Leaf420 contig_4, whole genome shotgun sequence; NZ_MKUZ01000013.1 MAG: Devosia sp. 66-22 SCNpilot_expt_1000_bf_scaffold_286, whole genome shotgun sequence	NZ_FPCK01000001.1.region001; NZ_JBMQPQ010000012.1.region001; NZ_MKUZ01000013.1.region001; NZ_JZEY01000061.1.region002; NZ_JCACVZ010000001.1.region001; NZ_JACYFU010000004.1.region002; NZ_CP104007.1.region004; NZ_LMHK01000002.1.region001; NZ_LMQU01000011.1.region001; NZ_CAXUPK020000002.1.region001; NZ_CP075529.1.region004; NZ_LMLO01000012.1.region001; NZ_JQGC01000019.1.region001; NZ_CDRNJH010000001.1.region002; NZ_LAJG01000048.1.region001; NZ_CP068046.1.region001; NZ_JAIMBX010000003.1.region002
0.7	other_c0.7_famFAM_00395	other	6	1	0.9	rare	NZ_CP092483.1 Devosia lacusdianchii strain JXJ CY 41 chromosome; NZ_FOFL01000002.1 Devosia sp. YR412, whole genome shotgun sequence; NZ_FOMB01000022.1 Devosia psychrophila strain CGMCC 1.10210, whole genome shotgun sequence; NZ_JAQGJM010000015.1 MAG: Devosia sp. isolate RYN_485 scaffold_2972844, whole genome shotgun sequence; NZ_JAQGJV010000024.1 MAG: Devosia sp. isolate RYN_494 scaffold_5055289, whole genome shotgun sequence; NZ_JBEPOL010000007.1 Devosia sp. UYZn731 Ga0493902_07, whole genome shotgun sequence	NZ_JAQGJV010000024.1.region001; NZ_FOMB01000022.1.region001; NZ_FOFL01000002.1.region002; NZ_CP092483.1.region005; NZ_JBEPOL010000007.1.region001; NZ_JAQGJM010000015.1.region001
0.7	other_c0.7_famFAM_00396	other	9	1	0.9	rare	NZ_CP042304.1 Devosia ginsengisoli strain Gsoil 520 chromosome, complete genome; NZ_CP126539.1 Devosia rhizosphaerae strain RR2S18 chromosome, complete genome; NZ_FQVC01000003.1 Devosia limi DSM 17137, whole genome shotgun sequence; NZ_LAJF01000036.1 Devosia limi DSM 17137 NODE_36, whole genome shotgun sequence; NZ_LANJ01000004.1 Devosia epidermidihirudinis strain E84 contig4, whole genome shotgun sequence; NZ_LMGZ01000023.1 Devosia sp. Root635 contig_8, whole genome shotgun sequence; NZ_LVVY01000098.1 Devosia elaeis strain S37 DIN_R1_(paired)_trimmed_(paired)_contig_50, whole genome shotgun sequence; NZ_PYVW01000002.1 Devosia naphthalenivorans strain CM5-1 scaffold2, whole genome shotgun sequence; NZ_PYWB01000008.1 Devosia submarina strain JCM 18935 scaffold8, whole genome shotgun sequence	NZ_LMGZ01000023.1.region001; NZ_LAJF01000036.1.region001; NZ_LVVY01000098.1.region001; NZ_CP042304.1.region004; NZ_PYVW01000002.1.region001; NZ_FQVC01000003.1.region001; NZ_LANJ01000004.1.region001; NZ_CP126539.1.region001; NZ_PYWB01000008.1.region001
0.7	other_c0.7_famFAM_00397	other	7	1	0.9	rare	NZ_CM147870.1 Devosia sp. J2-20 chromosome, whole genome shotgun sequence; NZ_CP063401.1 Devosia sp. SL43 chromosome, complete genome; NZ_CP068047.1 Devosia oryziradicis strain G19 chromosome; NZ_CP118245.1 Devosia sp. J2-20 chromosome; NZ_JAGXTP010000001.1 Devosia litorisediminis strain BSSL-BM10 1, whole genome shotgun sequence; NZ_JAPWHK010000005.1 Devosia neptuniae strain G21611-S1 NODE_5_length_349380_cov_128.949, whole genome shotgun sequence; NZ_JBNMEO010000001.1 MAG: Devosia sp. isolate 3300055174_60 Ga0535679_0000049, whole genome shotgun sequence	NZ_CP068047.1.region001; NZ_JAGXTP010000001.1.region001; NZ_CM147870.1.region002; NZ_CP063401.1.region002; NZ_CP118245.1.region001; NZ_JBNMEO010000001.1.region001; NZ_JAPWHK010000005.1.region001
0.7	other_c0.7_famFAM_00398	other	5	1	0.9	rare	NZ_BSNG01000001.1 Devosia yakushimensis strain NBRC 103855 sequence01, whole genome shotgun sequence; NZ_CP104965.1 Devosia neptuniae strain A18/4-1 chromosome, complete genome; NZ_JBJDRE010000012.1 Devosia sp. ZW T5_3 ZW_T5_3_contig_012, whole genome shotgun sequence; NZ_JBKJHF010000002.1 Devosia sp. XGJD_8 2, whole genome shotgun sequence; NZ_JNNO01000044.1 Devosia sp. LC5 contig6, whole genome shotgun sequence	NZ_JBKJHF010000002.1.region001; NZ_BSNG01000001.1.region001; NZ_JNNO01000044.1.region001; NZ_JBJDRE010000012.1.region001; NZ_CP104965.1.region002
0.7	other_c0.7_famFAM_00399	other	12	1	0.9	rare	NZ_CP080590.1 Devosia salina strain SCS-3 chromosome, complete genome; NZ_CP094375.1 Devosia sp. Micro-HW1 chromosome, complete genome; NZ_CP170082.1 Devosia sp. Naph2 chromosome, complete genome; NZ_FXWK01000001.1 Devosia lucknowensis strain L15, whole genome shotgun sequence; NZ_JACIEW010000005.1 Devosia subaequoris strain DSM 23447 Ga0373328_05, whole genome shotgun sequence; NZ_JAMWDU010000005.1 Devosia ureilytica strain XJ19-45 Scaffold5, whole genome shotgun sequence; NZ_JAMYXP010000004.1 Devosia subaequoris strain HST3-14 Scaffold4, whole genome shotgun sequence; NZ_JAMZCU010000005.1 Devosia ureilytica strain XJ19-1 Scaffold5, whole genome shotgun sequence; NZ_JAVKFR010000024.1 MAG: Devosia marina isolate F1-TOW-06 k141_61152, whole genome shotgun sequence; NZ_JBTLRJ010000001.1 Devosia sp. CAU 1758 contig1, whole genome shotgun sequence; NZ_STGC01000005.1 Devosia sp. FKR38 NODE_14_length_2742056_cov_203.257278, whole genome shotgun sequence; NZ_WQRF01000003.1 Devosia marina strain L53-10-65 NODE_3_length_483147_cov_54.383006, whole genome shotgun sequence	NZ_JACIEW010000005.1.region001; NZ_CP080590.1.region006; NZ_CP170082.1.region003; NZ_WQRF01000003.1.region001; NZ_JBTLRJ010000001.1.region001; NZ_JAMYXP010000004.1.region001; NZ_FXWK01000001.1.region005; NZ_CP094375.1.region002; NZ_JAMZCU010000005.1.region001; NZ_JAMWDU010000005.1.region001; NZ_JAVKFR010000024.1.region001; NZ_STGC01000005.1.region006
0.7	other_c0.7_famFAM_00400	other	3	1	0.9	rare	NZ_JBHTMH010000003.1 Devosia equisanguinis strain CCM 8868 GCM70027366_18, whole genome shotgun sequence; NZ_MKUY01000004.1 MAG: Devosia sp. 63-57 SCNpilot_expt_1000_bf_scaffold_29, whole genome shotgun sequence; NZ_UZWD01000022.1 Devosia equisanguinis strain CIP 111628, whole genome shotgun sequence	NZ_UZWD01000022.1.region001; NZ_MKUY01000004.1.region001; NZ_JBHTMH010000003.1.region001
0.7	other_c0.7_famFAM_00401	other	6	1	0.9	rare	NZ_CP042304.1 Devosia ginsengisoli strain Gsoil 520 chromosome, complete genome; NZ_JAMWDU010000002.1 Devosia ureilytica strain XJ19-45 Scaffold2, whole genome shotgun sequence; NZ_JAMZCU010000002.1 Devosia ureilytica strain XJ19-1 Scaffold2, whole genome shotgun sequence; NZ_JANQAJ010000011.1 MAG: Devosia ginsengisoli isolate 46_gen_w_cov.5 c262, whole genome shotgun sequence; NZ_LMEM01000015.1 Devosia sp. Root436 contig_8, whole genome shotgun sequence; NZ_LMGZ01000004.1 Devosia sp. Root635 contig_12, whole genome shotgun sequence	NZ_CP042304.1.region001; NZ_JAMZCU010000002.1.region002; NZ_LMGZ01000004.1.region001; NZ_LMEM01000015.1.region001; NZ_JANQAJ010000011.1.region002; NZ_JAMWDU010000002.1.region001
0.7	other_c0.7_famFAM_00402	other	4	1	0.9	rare	NZ_FQVC01000010.1 Devosia limi DSM 17137, whole genome shotgun sequence; NZ_JBTMWU010000004.1 Devosia sp. A449 Scaffold4, whole genome shotgun sequence; NZ_JBTMWV010000004.1 Devosia sp. A369 Scaffold4, whole genome shotgun sequence; NZ_LAJF01000076.1 Devosia limi DSM 17137 NODE_76, whole genome shotgun sequence	NZ_LAJF01000076.1.region002; NZ_JBTMWU010000004.1.region002; NZ_JBTMWV010000004.1.region001; NZ_FQVC01000010.1.region001
0.7	other_c0.7_famFAM_00403	other	1	1	0.9	rare	NZ_JAQGJV010000048.1 MAG: Devosia sp. isolate RYN_494 scaffold_3063531, whole genome shotgun sequence	NZ_JAQGJV010000048.1.region001
0.7	other_c0.7_famFAM_00404	other	1	1	0.9	rare	NZ_CP092483.1 Devosia lacusdianchii strain JXJ CY 41 chromosome	NZ_CP092483.1.region002
0.7	other_c0.7_famFAM_00405	other	1	1	0.9	rare	NZ_JQGC01000025.1 Devosia riboflavina strain IFO13584 contig25, whole genome shotgun sequence	NZ_JQGC01000025.1.region001
0.7	other_c0.7_famFAM_00406	other	1	1	0.9	rare	NZ_CP045422.1 Devosia beringensis strain S02 chromosome, complete genome	NZ_CP045422.1.region001
0.7	other_c0.7_famFAM_00407	other	1	1	0.9	rare	NZ_CP126539.1 Devosia rhizosphaerae strain RR2S18 chromosome, complete genome	NZ_CP126539.1.region004
0.7	other_c0.7_famFAM_00408	other	1	1	0.9	rare	NZ_JBEPOL010000008.1 Devosia sp. UYZn731 Ga0493902_08, whole genome shotgun sequence	NZ_JBEPOL010000008.1.region001
0.7	other_c0.7_famFAM_00409	other	1	1	0.9	rare	NZ_JQGC01000006.1 Devosia riboflavina strain IFO13584 contig6, whole genome shotgun sequence	NZ_JQGC01000006.1.region001
0.7	other_c0.7_famFAM_00410	other	1	1	0.9	rare	NZ_JZEY01000054.1 Devosia chinhatensis strain IPL18 NODE_54, whole genome shotgun sequence	NZ_JZEY01000054.1.region001
0.7	other_c0.7_famFAM_00411	other	1	1	0.9	rare	NZ_JANQAJ010000006.1 MAG: Devosia ginsengisoli isolate 46_gen_w_cov.5 c86, whole genome shotgun sequence	NZ_JANQAJ010000006.1.region001
0.7	other_c0.7_famFAM_00412	other	1	1	0.9	rare	NZ_CP075529.1 MAG: Devosia sp. isolate TGS_PRO11 chromosome	NZ_CP075529.1.region002
0.7	terpene_c0.7_famFAM_00315	terpene	11	1	0.9	rare	NZ_CP063401.1 Devosia sp. SL43 chromosome, complete genome; NZ_CP068046.1 Devosia rhizoryzae strain LEGU1 chromosome; NZ_CP104002.1 Devosia sp. SD17-2 chromosome, complete genome; NZ_CP104007.1 Devosia sp. FJ2-5-3 chromosome, complete genome; NZ_FPCK01000004.1 Devosia crocina strain IPL20, whole genome shotgun sequence; NZ_FXWK01000001.1 Devosia lucknowensis strain L15, whole genome shotgun sequence; NZ_JADGNE010000044.1 MAG: Devosia sp. isolate N26CT NODE_32_length_167216_cov_19.824301, whole genome shotgun sequence; NZ_JBHUNP010000001.1 Devosia albogilva strain CCM 7427 tig00000001, whole genome shotgun sequence; NZ_JBLXGA010000001.1 MAG: Devosia sp. isolate ET04-05 T04maxbin_out.008RE.5K@1, whole genome shotgun sequence; NZ_LAJG01000022.1 Devosia soli strain GH2-10 NODE_22, whole genome shotgun sequence; NZ_PYWB01000002.1 Devosia submarina strain JCM 18935 scaffold2, whole genome shotgun sequence	NZ_PYWB01000002.1.region001; NZ_JBLXGA010000001.1.region001; NZ_JBHUNP010000001.1.region001; NZ_JADGNE010000044.1.region001; NZ_FPCK01000004.1.region002; NZ_CP104007.1.region002; NZ_CP068046.1.region004; NZ_CP104002.1.region001; NZ_CP063401.1.region005; NZ_LAJG01000022.1.region001; NZ_FXWK01000001.1.region003
0.7	terpene_c0.7_famFAM_00317	terpene	5	1	0.9	rare	NZ_CP034767.1 Devosia sp. 1566 chromosome, complete genome; NZ_JABAOL010000001.1 Devosia sp. 919 Scaffold1_1, whole genome shotgun sequence; NZ_JABAOM010000002.1 Devosia sp. 1635 Scaffold2_1, whole genome shotgun sequence; NZ_JBYUNO010000003.1 Devosia sp. Z6_126 NODE_3_length_955106_cov_138.820264, whole genome shotgun sequence; NZ_JBYUNQ010000001.1 Devosia sp. Z11_6 NODE_1_length_1109201_cov_151.543683, whole genome shotgun sequence	NZ_JABAOM010000002.1.region002; NZ_CP034767.1.region004; NZ_JBYUNQ010000001.1.region001; NZ_JBYUNO010000003.1.region002; NZ_JABAOL010000001.1.region005
0.7	terpene_c0.7_famFAM_00321	terpene	109	1	0.9	rare	NZ_AP027921.1 Devosia sp. T2-14 chromosome, complete genome; NZ_BMZE01000001.1 Devosia pacifica strain KCTC 32437 sequence1, whole genome shotgun sequence; NZ_BSNG01000001.1 Devosia yakushimensis strain NBRC 103855 sequence01, whole genome shotgun sequence; NZ_BSNS01000024.1 Devosia nitrariae strain NBRC 112416 sequence24, whole genome shotgun sequence; NZ_CAXUPH020000003.1 Devosia sp. LjRoot16 LJR016c3, whole genome shotgun sequence; NZ_CAXUPK020000005.1 Devosia sp. LjRoot3 LJR003c5, whole genome shotgun sequence; NZ_CDRNJH010000001.1 Devosia riboflavina isolate Ri144 gnlProkkaBTCC_1, whole genome shotgun sequence; NZ_CM147870.1 Devosia sp. J2-20 chromosome, whole genome shotgun sequence; NZ_CM147875.1 Devosia sp. J20-27 chromosome, whole genome shotgun sequence; NZ_CP012945.1 Devosia sp. A16 chromosome, complete genome; NZ_CP026747.1 Devosia sp. I507 chromosome, complete genome; NZ_CP034767.1 Devosia sp. 1566 chromosome, complete genome; NZ_CP042304.1 Devosia ginsengisoli strain Gsoil 520 chromosome, complete genome; NZ_CP045422.1 Devosia beringensis strain S02 chromosome, complete genome; NZ_CP059902.1 Devosia sp. MC521 chromosome, complete genome; NZ_CP063401.1 Devosia sp. SL43 chromosome, complete genome; NZ_CP068046.1 Devosia rhizoryzae strain LEGU1 chromosome; NZ_CP068047.1 Devosia oryziradicis strain G19 chromosome; NZ_CP075529.1 MAG: Devosia sp. isolate TGS_PRO11 chromosome; NZ_CP080590.1 Devosia salina strain SCS-3 chromosome, complete genome; NZ_CP092483.1 Devosia lacusdianchii strain JXJ CY 41 chromosome; NZ_CP094375.1 Devosia sp. Micro-HW1 chromosome, complete genome; NZ_CP104002.1 Devosia sp. SD17-2 chromosome, complete genome; NZ_CP104007.1 Devosia sp. FJ2-5-3 chromosome, complete genome; NZ_CP104965.1 Devosia neptuniae strain A18/4-1 chromosome, complete genome; NZ_CP118245.1 Devosia sp. J2-20 chromosome; NZ_CP126539.1 Devosia rhizosphaerae strain RR2S18 chromosome, complete genome; NZ_CP127251.1 Devosia sp. YIM 151766 chromosome, complete genome; NZ_CP146608.1 Devosia sp. XK-2 chromosome, complete genome; NZ_CP170082.1 Devosia sp. Naph2 chromosome, complete genome; NZ_CP186479.1 Devosia sp. CN2-171 chromosome, complete genome; NZ_FOFL01000007.1 Devosia sp. YR412, whole genome shotgun sequence; NZ_FOMB01000002.1 Devosia psychrophila strain CGMCC 1.10210, whole genome shotgun sequence; NZ_FPCK01000001.1 Devosia crocina strain IPL20, whole genome shotgun sequence; NZ_FQVC01000002.1 Devosia limi DSM 17137, whole genome shotgun sequence; NZ_FXWK01000001.1 Devosia lucknowensis strain L15, whole genome shotgun sequence; NZ_JABAOL010000001.1 Devosia sp. 919 Scaffold1_1, whole genome shotgun sequence; NZ_JABAOM010000001.1 Devosia sp. 1635 Scaffold1_1, whole genome shotgun sequence; NZ_JABBDZ010000001.1 Devosia sp. MC1541 Scaffold1_1, whole genome shotgun sequence; NZ_JACDXV010000001.1 Devosia faecipullorum strain CC-YST696 contig01, whole genome shotgun sequence; NZ_JACIEW010000001.1 Devosia subaequoris strain DSM 23447 Ga0373328_01, whole genome shotgun sequence; NZ_JACYFU010000001.1 Devosia oryzisoli strain PTR5 contig1, whole genome shotgun sequence; NZ_JADGNE010000014.1 MAG: Devosia sp. isolate N26CT NODE_145_length_49886_cov_19.140435, whole genome shotgun sequence; NZ_JAEKMH010000002.1 Devosia sediminis strain MSA67 NODE_2_length_1186958_cov_155.069235, whole genome shotgun sequence; NZ_JAEMEB010000004.1 Devosia sp. MC521 Scaffold4_1, whole genome shotgun sequence; NZ_JAEMNZ010000001.1 Devosia sp. MC532 Scaffold1_1, whole genome shotgun sequence; NZ_JAENGO010000007.1 Devosia sp. WQ 349K1 Scaffold6_1, whole genome shotgun sequence; NZ_JAFKHA010000009.1 MAG: Devosia sp. isolate SCN18_30_10_14_R3_B_66_58 SCN18_30_10_14_R3_B_scaffold_4, whole genome shotgun sequence; NZ_JAFKHC010000003.1 MAG: Devosia sp. isolate SCN18_26_2_15_R2_B_67_34 SCN18_26_2_15_R2_B_scaffold_2, whole genome shotgun sequence; NZ_JAFKHE010000017.1 MAG: Devosia sp. isolate SCN18_30_10_14_R3_P_66_71 SCN18_30_10_14_R3_P_scaffold_84, whole genome shotgun sequence; NZ_JAGXTP010000001.1 Devosia litorisediminis strain BSSL-BM10 1, whole genome shotgun sequence; NZ_JAIMBX010000001.1 Devosia sp. BK 9_Devo_1, whole genome shotgun sequence; NZ_JAMWDU010000001.1 Devosia ureilytica strain XJ19-45 Scaffold1, whole genome shotgun sequence; NZ_JAMYXP010000001.1 Devosia subaequoris strain HST3-14 Scaffold1, whole genome shotgun sequence; NZ_JAMZCU010000001.1 Devosia ureilytica strain XJ19-1 Scaffold1, whole genome shotgun sequence; NZ_JANQAJ010000011.1 MAG: Devosia ginsengisoli isolate 46_gen_w_cov.5 c262, whole genome shotgun sequence; NZ_JAPWHK010000004.1 Devosia neptuniae strain G21611-S1 NODE_4_length_442715_cov_108.063, whole genome shotgun sequence; NZ_JAQGJM010000021.1 MAG: Devosia sp. isolate RYN_485 scaffold_4357168, whole genome shotgun sequence; NZ_JAQGJV010000003.1 MAG: Devosia sp. isolate RYN_494 scaffold_5290636, whole genome shotgun sequence; NZ_JAQRMY010000004.1 Devosia sp. ZB163 scaffold_3, whole genome shotgun sequence; NZ_JAVKFR010000020.1 MAG: Devosia marina isolate F1-TOW-06 k141_70110, whole genome shotgun sequence; NZ_JBDGIY010000001.1 Devosia sp. Soil_C_22 NODE_1_length_3502528_cov_134.771868, whole genome shotgun sequence; NZ_JBEPOL010000001.1 Devosia sp. UYZn731 Ga0493902_01, whole genome shotgun sequence; NZ_JBEPOO010000001.1 Devosia sp. 2618 Ga0501505_01, whole genome shotgun sequence; NZ_JBFUCQ010000002.1 Devosia sp. P1_H9 scaffold_1, whole genome shotgun sequence; NZ_JBFUFI010000016.1 Devosia sp. P2_G7 scaffold_15, whole genome shotgun sequence; NZ_JBFUGO010000010.1 Devosia sp. P3_B2 scaffold_9, whole genome shotgun sequence; NZ_JBHLYO010000015.1 Devosia nitrariae strain NBRC 112416 platanus_K_default_15, whole genome shotgun sequence; NZ_JBHTMH010000001.1 Devosia equisanguinis strain CCM 8868 GCM70027366_15, whole genome shotgun sequence; NZ_JBHUNP010000001.1 Devosia albogilva strain CCM 7427 tig00000001, whole genome shotgun sequence; NZ_JBJDRE010000009.1 Devosia sp. ZW T5_3 ZW_T5_3_contig_009, whole genome shotgun sequence; NZ_JBKJHF010000001.1 Devosia sp. XGJD_8 1, whole genome shotgun sequence; NZ_JBLXGA010000004.1 MAG: Devosia sp. isolate ET04-05 T04maxbin_out.008RE.5K@4, whole genome shotgun sequence; NZ_JBMQPQ010000013.1 MAG: Devosia sp. isolate isolate1_meta_1_34 k141_587842, whole genome shotgun sequence; NZ_JBNMEO010000091.1 MAG: Devosia sp. isolate 3300055174_60 Ga0535679_0004118, whole genome shotgun sequence; NZ_JBTLRJ010000003.1 Devosia sp. CAU 1758 contig3, whole genome shotgun sequence; NZ_JBTMWU010000011.1 Devosia sp. A449 Scaffold11, whole genome shotgun sequence; NZ_JBTMWV010000006.1 Devosia sp. A369 Scaffold6, whole genome shotgun sequence; NZ_JBTSEP010000011.1 MAG: Devosia sp. isolate ML34-012-05 ML34_012_NODE_106_length_90423_cov_7.643329, whole genome shotgun sequence; NZ_JBVKGV010000086.1 MAG: Devosia sp. isolate ML34-006-05 ML34_006_NODE_5324_length_6402_cov_2.585179, whole genome shotgun sequence; NZ_JBXAPX010000004.1 Devosia sp. GW821-FHT12F11 NODE_4_length_517482_cov_53.795218, whole genome shotgun sequence; NZ_JBYUNO010000002.1 Devosia sp. Z6_126 NODE_2_length_1040994_cov_129.185188, whole genome shotgun sequence; NZ_JBYUNQ010000004.1 Devosia sp. Z11_6 NODE_4_length_480685_cov_153.006625, whole genome shotgun sequence; NZ_JCACVZ010000001.1 MAG: Devosia sp. isolate TerP_2 Oxa_002_000000000117, whole genome shotgun sequence; NZ_JNNO01000008.1 Devosia sp. LC5 contig16, whole genome shotgun sequence; NZ_JQGC01000010.1 Devosia riboflavina strain IFO13584 contig10, whole genome shotgun sequence; NZ_JZEY01000054.1 Devosia chinhatensis strain IPL18 NODE_54, whole genome shotgun sequence; NZ_LAJF01000089.1 Devosia limi DSM 17137 NODE_89, whole genome shotgun sequence; NZ_LAJG01000014.1 Devosia soli strain GH2-10 NODE_14, whole genome shotgun sequence; NZ_LANJ01000011.1 Devosia epidermidihirudinis strain E84 contig11, whole genome shotgun sequence; NZ_LMCR01000015.1 Devosia sp. Root105 contig_3, whole genome shotgun sequence; NZ_LMEA01000011.1 Devosia sp. Root413D1 contig_6, whole genome shotgun sequence; NZ_LMEM01000001.1 Devosia sp. Root436 contig_1, whole genome shotgun sequence; NZ_LMGZ01000021.1 Devosia sp. Root635 contig_6, whole genome shotgun sequence; NZ_LMHK01000001.1 Devosia sp. Root685 contig_1, whole genome shotgun sequence; NZ_LMLO01000018.1 Devosia sp. Leaf64 contig_3, whole genome shotgun sequence; NZ_LMQU01000003.1 Devosia sp. Leaf420 contig_11, whole genome shotgun sequence; NZ_LVVY01000070.1 Devosia elaeis strain S37 DIN_R1_(paired)_trimmed_(paired)_contig_25, whole genome shotgun sequence; NZ_MKUY01000003.1 MAG: Devosia sp. 63-57 SCNpilot_expt_1000_bf_scaffold_28, whole genome shotgun sequence; NZ_MKUZ01000008.1 MAG: Devosia sp. 66-22 SCNpilot_expt_1000_bf_scaffold_164, whole genome shotgun sequence; NZ_MKVA01000005.1 MAG: Devosia sp. 67-54 SCNpilot_cont_1000_bf_scaffold_3, whole genome shotgun sequence; NZ_MKVB01000001.1 MAG: Devosia sp. 66-14 SCNpilot_cont_300_bf_scaffold_127, whole genome shotgun sequence; NZ_OZ245853.1 MAG: Devosia sp. isolate 3d186a37-0bcd-4ac1-b259-f5c9590ee027 chromosome 1; NZ_PYVW01000009.1 Devosia naphthalenivorans strain CM5-1 scaffold9, whole genome shotgun sequence; NZ_PYVZ01000006.1 Devosia indica strain IO390501 scaffold6, whole genome shotgun sequence; NZ_PYWB01000014.1 Devosia submarina strain JCM 18935 scaffold14, whole genome shotgun sequence; NZ_STGC01000005.1 Devosia sp. FKR38 NODE_14_length_2742056_cov_203.257278, whole genome shotgun sequence; NZ_UZWD01000040.1 Devosia equisanguinis strain CIP 111628, whole genome shotgun sequence; NZ_WQRF01000001.1 Devosia marina strain L53-10-65 NODE_1_length_1615214_cov_52.474690, whole genome shotgun sequence	NZ_CP186479.1.region001; NZ_JANQAJ010000011.1.region001; NZ_JBTMWV010000006.1.region001; NZ_JBMQPQ010000013.1.region001; NZ_JAVKFR010000020.1.region001; NZ_JZEY01000054.1.region002; NZ_JACYFU010000001.1.region002; NZ_JBHTMH010000001.1.region002; NZ_FPCK01000001.1.region003; NZ_CAXUPH020000003.1.region002; NZ_MKVA01000005.1.region002; NZ_BSNS01000024.1.region001; NZ_JBEPOO010000001.1.region002; NZ_JAIMBX010000001.1.region002; NZ_CP068046.1.region003; NZ_JBYUNQ010000004.1.region001; NZ_PYVZ01000006.1.region001; NZ_LMHK01000001.1.region002; NZ_FOMB01000002.1.region001; NZ_JBTSEP010000011.1.region001; NZ_MKUY01000003.1.region001; NZ_WQRF01000001.1.region003; NZ_JADGNE010000014.1.region001; NZ_JBNMEO010000091.1.region001; NZ_JBHLYO010000015.1.region001; NZ_STGC01000005.1.region003; NZ_JBDGIY010000001.1.region004; NZ_LMEM01000001.1.region001; NZ_LMGZ01000021.1.region001; NZ_CP075529.1.region001; NZ_JAQGJV010000003.1.region001; NZ_CP092483.1.region003; NZ_CP127251.1.region001; NZ_CP026747.1.region005; NZ_JBXAPX010000004.1.region002; NZ_CM147870.1.region004; NZ_JBTMWU010000011.1.region001; NZ_CP104002.1.region002; NZ_PYVW01000009.1.region001; NZ_CP063401.1.region001; NZ_JAGXTP010000001.1.region003; NZ_JBJDRE010000009.1.region001; NZ_JBFUFI010000016.1.region001; NZ_JQGC01000010.1.region001; NZ_LMLO01000018.1.region001; NZ_CP068047.1.region003; NZ_JBFUGO010000010.1.region001; NZ_JBVKGV010000086.1.region001; NZ_MKVB01000001.1.region001; NZ_JAFKHE010000017.1.region001; NZ_JACIEW010000001.1.region001; NZ_CP118245.1.region005; NZ_LVVY01000070.1.region001; NZ_JCACVZ010000001.1.region003; NZ_JBLXGA010000004.1.region001; NZ_CP034767.1.region002; NZ_JAFKHA010000009.1.region001; NZ_FOFL01000007.1.region001; NZ_JAFKHC010000003.1.region002; NZ_MKUZ01000008.1.region001; NZ_LMEA01000011.1.region002; NZ_JAQGJM010000021.1.region001; NZ_JBHUNP010000001.1.region003; NZ_JAMWDU010000001.1.region001; NZ_LANJ01000011.1.region001; NZ_JAEMNZ010000001.1.region001; NZ_JBKJHF010000001.1.region002; NZ_CP104965.1.region004; NZ_JNNO01000008.1.region001; NZ_JAQRMY010000004.1.region001; NZ_OZ245853.1.region003; NZ_LMCR01000015.1.region001; NZ_CDRNJH010000001.1.region004; NZ_JACDXV010000001.1.region001; NZ_CP104007.1.region003; NZ_PYWB01000014.1.region001; NZ_CP126539.1.region002; NZ_LAJG01000014.1.region001; NZ_JABBDZ010000001.1.region001; NZ_FXWK01000001.1.region002; NZ_BSNG01000001.1.region003; NZ_CAXUPK020000005.1.region002; NZ_JBFUCQ010000002.1.region001; NZ_FQVC01000002.1.region001; NZ_CP042304.1.region002; NZ_JBEPOL010000001.1.region001; NZ_CP045422.1.region007; NZ_CP146608.1.region004; NZ_JAMZCU010000001.1.region001; NZ_JAEKMH010000002.1.region001; NZ_CP080590.1.region004; NZ_LMQU01000003.1.region001; NZ_LAJF01000089.1.region001; NZ_JAENGO010000007.1.region001; NZ_BMZE01000001.1.region001; NZ_CP012945.1.region004; NZ_CP059902.1.region002; NZ_AP027921.1.region003; NZ_UZWD01000040.1.region001; NZ_CP094375.1.region001; NZ_CM147875.1.region005; NZ_CP170082.1.region005; NZ_JAMYXP010000001.1.region002; NZ_JABAOL010000001.1.region003; NZ_JBTLRJ010000003.1.region001; NZ_JABAOM010000001.1.region001; NZ_JAEMEB010000004.1.region001; NZ_JBYUNO010000002.1.region001; NZ_JAPWHK010000004.1.region001
