Record	GBK	Record_Type	Record_Number	CC	Family	bgc_class	genome	Class	Category	Description	Taxonomy	GCF_ID	cutoff
NZ_FQVC01000008.1.region001.gbk_region_1	NZ_FQVC01000008.1.region001	region	1	9980	FAM_00216	NRPS	Unknown	NRPS-like	NRPS	NZ_FQVC01000008.1 Devosia limi DSM 17137, whole genome shotgun sequence	Unknown	NRPS_c0.3_famFAM_00216	0.3
NZ_LAJF01000091.1.region001.gbk_region_1	NZ_LAJF01000091.1.region001	region	1	9980	FAM_00216	NRPS	Unknown	NRPS-like	NRPS	NZ_LAJF01000091.1 Devosia limi DSM 17137 NODE_91, whole genome shotgun sequence	Unknown	NRPS_c0.3_famFAM_00216	0.3
NZ_JBTLRJ010000001.1.region003.gbk_region_3	NZ_JBTLRJ010000001.1.region003	region	3	3969	FAM_00217	NRPS	Unknown	NRPS-like	NRPS	NZ_JBTLRJ010000001.1 Devosia sp. CAU 1758 contig1, whole genome shotgun sequence	Unknown	NRPS_c0.3_famFAM_00217	0.3
NZ_FXWK01000002.1.region003.gbk_region_3	NZ_FXWK01000002.1.region003	region	3	6917	FAM_00218	NRPS	Unknown	NRPS-like	NRPS	NZ_FXWK01000002.1 Devosia lucknowensis strain L15, whole genome shotgun sequence	Unknown	NRPS_c0.3_famFAM_00218	0.3
NZ_JBHRYD010000007.1.region002.gbk_region_2	NZ_JBHRYD010000007.1.region002	region	2	7829	FAM_00219	NRPS	Unknown	NRP-metallophore.NRPS	NRPS	NZ_JBHRYD010000007.1 Devosia honganensis strain KCTC 42281 platanus_K_25_97_7, whole genome shotgun sequence	Unknown	NRPS_c0.3_famFAM_00219	0.3
NZ_CP146608.1.region006.gbk_region_6	NZ_CP146608.1.region006	region	6	3881	FAM_00582	RiPP.other	Unknown	hserlactone.thioamitides	RiPP.other	NZ_CP146608.1 Devosia sp. XK-2 chromosome, complete genome	Unknown	RiPP.other_c0.3_famFAM_00582	0.3
NZ_JNNO01000034.1.region001.gbk_region_1	NZ_JNNO01000034.1.region001	region	1	10477	FAM_00583	RiPP.other	Unknown	RiPP-like.hydrogen-cyanide	RiPP.other	NZ_JNNO01000034.1 Devosia sp. LC5 contig4, whole genome shotgun sequence	Unknown	RiPP.other_c0.3_famFAM_00583	0.3
NZ_CP045422.1.region003.gbk_region_3	NZ_CP045422.1.region003	region	3	31	FAM_00309	PKS.other	Unknown	T3PKS.hserlactone	PKS.other	NZ_CP045422.1 Devosia beringensis strain S02 chromosome, complete genome	Unknown	PKS.other_c0.3_famFAM_00309	0.3
NZ_JACYFU010000003.1.region001.gbk_region_1	NZ_JACYFU010000003.1.region001	region	1	3778	FAM_00310	PKS.other	Unknown	T3PKS.hserlactone	PKS.other	NZ_JACYFU010000003.1 Devosia oryzisoli strain PTR5 contig3, whole genome shotgun sequence	Unknown	PKS.other_c0.3_famFAM_00310	0.3
NZ_JAQGJV010000042.1.region001.gbk_region_1	NZ_JAQGJV010000042.1.region001	region	1	811	FAM_00289	PKS	Unknown	T3PKS	PKS	NZ_JAQGJV010000042.1 MAG: Devosia sp. isolate RYN_494 scaffold_4231403, whole genome shotgun sequence	Unknown	PKS_c0.3_famFAM_00289	0.3
NZ_JBEPOL010000002.1.region001.gbk_region_1	NZ_JBEPOL010000002.1.region001	region	1	811	FAM_00289	PKS	Unknown	T3PKS	PKS	NZ_JBEPOL010000002.1 Devosia sp. UYZn731 Ga0493902_02, whole genome shotgun sequence	Unknown	PKS_c0.3_famFAM_00289	0.3
NZ_JACIEW010000009.1.region001.gbk_region_1	NZ_JACIEW010000009.1.region001	region	1	1251	FAM_00290	PKS	Unknown	T1PKS	PKS	NZ_JACIEW010000009.1 Devosia subaequoris strain DSM 23447 Ga0373328_09, whole genome shotgun sequence	Unknown	PKS_c0.3_famFAM_00290	0.3
NZ_JAMYXP010000013.1.region001.gbk_region_1	NZ_JAMYXP010000013.1.region001	region	1	1251	FAM_00290	PKS	Unknown	T1PKS	PKS	NZ_JAMYXP010000013.1 Devosia subaequoris strain HST3-14 Scaffold13, whole genome shotgun sequence	Unknown	PKS_c0.3_famFAM_00290	0.3
NZ_JBVKGV010000026.1.region001.gbk_region_1	NZ_JBVKGV010000026.1.region001	region	1	3092	FAM_00291	PKS	Unknown	T1PKS	PKS	NZ_JBVKGV010000026.1 MAG: Devosia sp. isolate ML34-006-05 ML34_006_NODE_354_length_48541_cov_2.462924, whole genome shotgun sequence	Unknown	PKS_c0.3_famFAM_00291	0.3
NZ_JBTSEP010000065.1.region001.gbk_region_1	NZ_JBTSEP010000065.1.region001	region	1	3092	FAM_00291	PKS	Unknown	T1PKS	PKS	NZ_JBTSEP010000065.1 MAG: Devosia sp. isolate ML34-012-05 ML34_012_NODE_818_length_10192_cov_1.403279, whole genome shotgun sequence	Unknown	PKS_c0.3_famFAM_00291	0.3
NZ_JBFUGO010000008.1.region001.gbk_region_1	NZ_JBFUGO010000008.1.region001	region	1	3319	FAM_00292	PKS	Unknown	T3PKS	PKS	NZ_JBFUGO010000008.1 Devosia sp. P3_B2 scaffold_7, whole genome shotgun sequence	Unknown	PKS_c0.3_famFAM_00292	0.3
NZ_JBFUCQ010000009.1.region001.gbk_region_1	NZ_JBFUCQ010000009.1.region001	region	1	3319	FAM_00292	PKS	Unknown	T3PKS	PKS	NZ_JBFUCQ010000009.1 Devosia sp. P1_H9 scaffold_8, whole genome shotgun sequence	Unknown	PKS_c0.3_famFAM_00292	0.3
NZ_JBFUFI010000008.1.region001.gbk_region_1	NZ_JBFUFI010000008.1.region001	region	1	3319	FAM_00292	PKS	Unknown	T3PKS	PKS	NZ_JBFUFI010000008.1 Devosia sp. P2_G7 scaffold_7, whole genome shotgun sequence	Unknown	PKS_c0.3_famFAM_00292	0.3
NZ_LMEA01000012.1.region002.gbk_region_2	NZ_LMEA01000012.1.region002	region	2	4013	FAM_00293	PKS	Unknown	T3PKS	PKS	NZ_LMEA01000012.1 Devosia sp. Root413D1 contig_7, whole genome shotgun sequence	Unknown	PKS_c0.3_famFAM_00293	0.3
NZ_CAXUPH020000001.1.region002.gbk_region_2	NZ_CAXUPH020000001.1.region002	region	2	4013	FAM_00293	PKS	Unknown	T3PKS	PKS	NZ_CAXUPH020000001.1 Devosia sp. LjRoot16 LJR016c1, whole genome shotgun sequence	Unknown	PKS_c0.3_famFAM_00293	0.3
NZ_JBXAPX010000002.1.region002.gbk_region_2	NZ_JBXAPX010000002.1.region002	region	2	4013	FAM_00293	PKS	Unknown	T3PKS	PKS	NZ_JBXAPX010000002.1 Devosia sp. GW821-FHT12F11 NODE_2_length_929012_cov_60.894576, whole genome shotgun sequence	Unknown	PKS_c0.3_famFAM_00293	0.3
NZ_LMCR01000019.1.region001.gbk_region_1	NZ_LMCR01000019.1.region001	region	1	4013	FAM_00293	PKS	Unknown	T3PKS	PKS	NZ_LMCR01000019.1 Devosia sp. Root105 contig_7, whole genome shotgun sequence	Unknown	PKS_c0.3_famFAM_00293	0.3
NZ_CP045422.1.region006.gbk_region_6	NZ_CP045422.1.region006	region	6	787	FAM_00294	PKS	Unknown	T3PKS	PKS	NZ_CP045422.1 Devosia beringensis strain S02 chromosome, complete genome	Unknown	PKS_c0.3_famFAM_00294	0.3
NZ_OZ245853.1.region002.gbk_region_2	NZ_OZ245853.1.region002	region	2	1656	FAM_00295	PKS	Unknown	T3PKS	PKS	NZ_OZ245853.1 MAG: Devosia sp. isolate 3d186a37-0bcd-4ac1-b259-f5c9590ee027 chromosome 1	Unknown	PKS_c0.3_famFAM_00295	0.3
NZ_JAQGJM010000022.1.region001.gbk_region_1	NZ_JAQGJM010000022.1.region001	region	1	2936	FAM_00296	PKS	Unknown	T3PKS	PKS	NZ_JAQGJM010000022.1 MAG: Devosia sp. isolate RYN_485 scaffold_3385130, whole genome shotgun sequence	Unknown	PKS_c0.3_famFAM_00296	0.3
NZ_JBEPOL010000009.1.region001.gbk_region_1	NZ_JBEPOL010000009.1.region001	region	1	3042	FAM_00297	PKS	Unknown	T3PKS	PKS	NZ_JBEPOL010000009.1 Devosia sp. UYZn731 Ga0493902_09, whole genome shotgun sequence	Unknown	PKS_c0.3_famFAM_00297	0.3
NZ_FOMB01000021.1.region002.gbk_region_2	NZ_FOMB01000021.1.region002	region	2	3372	FAM_00298	PKS	Unknown	T3PKS	PKS	NZ_FOMB01000021.1 Devosia psychrophila strain CGMCC 1.10210, whole genome shotgun sequence	Unknown	PKS_c0.3_famFAM_00298	0.3
NZ_FOMB01000051.1.region001.gbk_region_1	NZ_FOMB01000051.1.region001	region	1	4600	FAM_00299	PKS	Unknown	T3PKS	PKS	NZ_FOMB01000051.1 Devosia psychrophila strain CGMCC 1.10210, whole genome shotgun sequence	Unknown	PKS_c0.3_famFAM_00299	0.3
NZ_STGC01000005.1.region002.gbk_region_2	NZ_STGC01000005.1.region002	region	2	4703	FAM_00300	PKS	Unknown	T3PKS	PKS	NZ_STGC01000005.1 Devosia sp. FKR38 NODE_14_length_2742056_cov_203.257278, whole genome shotgun sequence	Unknown	PKS_c0.3_famFAM_00300	0.3
NZ_CP042304.1.region005.gbk_region_5	NZ_CP042304.1.region005	region	5	5050	FAM_00301	PKS	Unknown	T1PKS	PKS	NZ_CP042304.1 Devosia ginsengisoli strain Gsoil 520 chromosome, complete genome	Unknown	PKS_c0.3_famFAM_00301	0.3
NZ_CP080590.1.region005.gbk_region_5	NZ_CP080590.1.region005	region	5	6677	FAM_00302	PKS	Unknown	T1PKS	PKS	NZ_CP080590.1 Devosia salina strain SCS-3 chromosome, complete genome	Unknown	PKS_c0.3_famFAM_00302	0.3
NZ_FOMB01000025.1.region001.gbk_region_1	NZ_FOMB01000025.1.region001	region	1	9082	FAM_00303	PKS	Unknown	T3PKS	PKS	NZ_FOMB01000025.1 Devosia psychrophila strain CGMCC 1.10210, whole genome shotgun sequence	Unknown	PKS_c0.3_famFAM_00303	0.3
NZ_BMZE01000002.1.region002.gbk_region_2	NZ_BMZE01000002.1.region002	region	2	11879	FAM_00304	PKS	Unknown	T3PKS	PKS	NZ_BMZE01000002.1 Devosia pacifica strain KCTC 32437 sequence2, whole genome shotgun sequence	Unknown	PKS_c0.3_famFAM_00304	0.3
NZ_LAJF01000101.1.region001.gbk_region_1	NZ_LAJF01000101.1.region001	region	1	1424	FAM_00173	NRPS.PKS	Unknown	NRPS-like.T1PKS	NRPS.PKS	NZ_LAJF01000101.1 Devosia limi DSM 17137 NODE_101, whole genome shotgun sequence	Unknown	NRPS.PKS_c0.3_famFAM_00173	0.3
NZ_FQVC01000001.1.region001.gbk_region_1	NZ_FQVC01000001.1.region001	region	1	1424	FAM_00173	NRPS.PKS	Unknown	NRPS-like.T1PKS	NRPS.PKS	NZ_FQVC01000001.1 Devosia limi DSM 17137, whole genome shotgun sequence	Unknown	NRPS.PKS_c0.3_famFAM_00173	0.3
NZ_JBTMWU010000004.1.region001.gbk_region_1	NZ_JBTMWU010000004.1.region001	region	1	1923	FAM_00174	NRPS.PKS	Unknown	NRPS-like.T1PKS	NRPS.PKS	NZ_JBTMWU010000004.1 Devosia sp. A449 Scaffold4, whole genome shotgun sequence	Unknown	NRPS.PKS_c0.3_famFAM_00174	0.3
NZ_JBTMWV010000025.1.region001.gbk_region_1	NZ_JBTMWV010000025.1.region001	region	1	1923	FAM_00174	NRPS.PKS	Unknown	NRPS-like.T1PKS	NRPS.PKS	NZ_JBTMWV010000025.1 Devosia sp. A369 Scaffold25, whole genome shotgun sequence	Unknown	NRPS.PKS_c0.3_famFAM_00174	0.3
NZ_JACDXV010000002.1.region002.gbk_region_2	NZ_JACDXV010000002.1.region002	region	2	8499	FAM_00175	NRPS.PKS	Unknown	NRPS-like.T1PKS	NRPS.PKS	NZ_JACDXV010000002.1 Devosia faecipullorum strain CC-YST696 contig02, whole genome shotgun sequence	Unknown	NRPS.PKS_c0.3_famFAM_00175	0.3
NZ_PYWB01000001.1.region001.gbk_region_1	NZ_PYWB01000001.1.region001	region	1	10924	FAM_00176	NRPS.PKS	Unknown	NRPS-like.T1PKS	NRPS.PKS	NZ_PYWB01000001.1 Devosia submarina strain JCM 18935 scaffold1, whole genome shotgun sequence	Unknown	NRPS.PKS_c0.3_famFAM_00176	0.3
NZ_CP186479.1.region001.gbk_region_1	NZ_CP186479.1.region001	region	1	183	FAM_00330	terpene	Unknown	terpene	terpene	NZ_CP186479.1 Devosia sp. CN2-171 chromosome, complete genome	Unknown	terpene_c0.3_famFAM_00330	0.3
NZ_JANQAJ010000011.1.region001.gbk_region_1	NZ_JANQAJ010000011.1.region001	region	1	183	FAM_00330	terpene	Unknown	terpene	terpene	NZ_JANQAJ010000011.1 MAG: Devosia ginsengisoli isolate 46_gen_w_cov.5 c262, whole genome shotgun sequence	Unknown	terpene_c0.3_famFAM_00330	0.3
NZ_JBTMWV010000006.1.region001.gbk_region_1	NZ_JBTMWV010000006.1.region001	region	1	183	FAM_00330	terpene	Unknown	terpene	terpene	NZ_JBTMWV010000006.1 Devosia sp. A369 Scaffold6, whole genome shotgun sequence	Unknown	terpene_c0.3_famFAM_00330	0.3
NZ_JBEPOO010000001.1.region002.gbk_region_2	NZ_JBEPOO010000001.1.region002	region	2	183	FAM_00330	terpene	Unknown	terpene	terpene	NZ_JBEPOO010000001.1 Devosia sp. 2618 Ga0501505_01, whole genome shotgun sequence	Unknown	terpene_c0.3_famFAM_00330	0.3
NZ_JAIMBX010000001.1.region002.gbk_region_2	NZ_JAIMBX010000001.1.region002	region	2	183	FAM_00330	terpene	Unknown	terpene	terpene	NZ_JAIMBX010000001.1 Devosia sp. BK 9_Devo_1, whole genome shotgun sequence	Unknown	terpene_c0.3_famFAM_00330	0.3
NZ_CP068046.1.region003.gbk_region_3	NZ_CP068046.1.region003	region	3	183	FAM_00330	terpene	Unknown	terpene	terpene	NZ_CP068046.1 Devosia rhizoryzae strain LEGU1 chromosome	Unknown	terpene_c0.3_famFAM_00330	0.3
NZ_JBYUNQ010000004.1.region001.gbk_region_1	NZ_JBYUNQ010000004.1.region001	region	1	183	FAM_00330	terpene	Unknown	terpene	terpene	NZ_JBYUNQ010000004.1 Devosia sp. Z11_6 NODE_4_length_480685_cov_153.006625, whole genome shotgun sequence	Unknown	terpene_c0.3_famFAM_00330	0.3
NZ_FOMB01000002.1.region001.gbk_region_1	NZ_FOMB01000002.1.region001	region	1	183	FAM_00330	terpene	Unknown	terpene	terpene	NZ_FOMB01000002.1 Devosia psychrophila strain CGMCC 1.10210, whole genome shotgun sequence	Unknown	terpene_c0.3_famFAM_00330	0.3
NZ_STGC01000005.1.region003.gbk_region_3	NZ_STGC01000005.1.region003	region	3	183	FAM_00330	terpene	Unknown	terpene	terpene	NZ_STGC01000005.1 Devosia sp. FKR38 NODE_14_length_2742056_cov_203.257278, whole genome shotgun sequence	Unknown	terpene_c0.3_famFAM_00330	0.3
NZ_LMEM01000001.1.region001.gbk_region_1	NZ_LMEM01000001.1.region001	region	1	183	FAM_00330	terpene	Unknown	terpene	terpene	NZ_LMEM01000001.1 Devosia sp. Root436 contig_1, whole genome shotgun sequence	Unknown	terpene_c0.3_famFAM_00330	0.3
NZ_LMGZ01000021.1.region001.gbk_region_1	NZ_LMGZ01000021.1.region001	region	1	183	FAM_00330	terpene	Unknown	terpene	terpene	NZ_LMGZ01000021.1 Devosia sp. Root635 contig_6, whole genome shotgun sequence	Unknown	terpene_c0.3_famFAM_00330	0.3
NZ_JAQGJV010000003.1.region001.gbk_region_1	NZ_JAQGJV010000003.1.region001	region	1	183	FAM_00330	terpene	Unknown	terpene	terpene	NZ_JAQGJV010000003.1 MAG: Devosia sp. isolate RYN_494 scaffold_5290636, whole genome shotgun sequence	Unknown	terpene_c0.3_famFAM_00330	0.3
NZ_CP092483.1.region003.gbk_region_3	NZ_CP092483.1.region003	region	3	183	FAM_00330	terpene	Unknown	terpene	terpene	NZ_CP092483.1 Devosia lacusdianchii strain JXJ CY 41 chromosome	Unknown	terpene_c0.3_famFAM_00330	0.3
NZ_JBTMWU010000011.1.region001.gbk_region_1	NZ_JBTMWU010000011.1.region001	region	1	183	FAM_00330	terpene	Unknown	terpene	terpene	NZ_JBTMWU010000011.1 Devosia sp. A449 Scaffold11, whole genome shotgun sequence	Unknown	terpene_c0.3_famFAM_00330	0.3
NZ_PYVW01000009.1.region001.gbk_region_1	NZ_PYVW01000009.1.region001	region	1	183	FAM_00330	terpene	Unknown	terpene	terpene	NZ_PYVW01000009.1 Devosia naphthalenivorans strain CM5-1 scaffold9, whole genome shotgun sequence	Unknown	terpene_c0.3_famFAM_00330	0.3
NZ_CP063401.1.region001.gbk_region_1	NZ_CP063401.1.region001	region	1	183	FAM_00330	terpene	Unknown	terpene	terpene	NZ_CP063401.1 Devosia sp. SL43 chromosome, complete genome	Unknown	terpene_c0.3_famFAM_00330	0.3
NZ_JBJDRE010000009.1.region001.gbk_region_1	NZ_JBJDRE010000009.1.region001	region	1	183	FAM_00330	terpene	Unknown	terpene	terpene	NZ_JBJDRE010000009.1 Devosia sp. ZW T5_3 ZW_T5_3_contig_009, whole genome shotgun sequence	Unknown	terpene_c0.3_famFAM_00330	0.3
NZ_LMLO01000018.1.region001.gbk_region_1	NZ_LMLO01000018.1.region001	region	1	183	FAM_00330	terpene	Unknown	terpene	terpene	NZ_LMLO01000018.1 Devosia sp. Leaf64 contig_3, whole genome shotgun sequence	Unknown	terpene_c0.3_famFAM_00330	0.3
NZ_CP068047.1.region003.gbk_region_3	NZ_CP068047.1.region003	region	3	183	FAM_00330	terpene	Unknown	terpene	terpene	NZ_CP068047.1 Devosia oryziradicis strain G19 chromosome	Unknown	terpene_c0.3_famFAM_00330	0.3
NZ_JAFKHE010000017.1.region001.gbk_region_1	NZ_JAFKHE010000017.1.region001	region	1	183	FAM_00330	terpene	Unknown	terpene	terpene	NZ_JAFKHE010000017.1 MAG: Devosia sp. isolate SCN18_30_10_14_R3_P_66_71 SCN18_30_10_14_R3_P_scaffold_84, whole genome shotgun sequence	Unknown	terpene_c0.3_famFAM_00330	0.3
NZ_CP034767.1.region002.gbk_region_2	NZ_CP034767.1.region002	region	2	183	FAM_00330	terpene	Unknown	terpene	terpene	NZ_CP034767.1 Devosia sp. 1566 chromosome, complete genome	Unknown	terpene_c0.3_famFAM_00330	0.3
NZ_FOFL01000007.1.region001.gbk_region_1	NZ_FOFL01000007.1.region001	region	1	183	FAM_00330	terpene	Unknown	terpene	terpene	NZ_FOFL01000007.1 Devosia sp. YR412, whole genome shotgun sequence	Unknown	terpene_c0.3_famFAM_00330	0.3
NZ_MKUZ01000008.1.region001.gbk_region_1	NZ_MKUZ01000008.1.region001	region	1	183	FAM_00330	terpene	Unknown	terpene	terpene	NZ_MKUZ01000008.1 MAG: Devosia sp. 66-22 SCNpilot_expt_1000_bf_scaffold_164, whole genome shotgun sequence	Unknown	terpene_c0.3_famFAM_00330	0.3
NZ_JBHUNP010000001.1.region003.gbk_region_3	NZ_JBHUNP010000001.1.region003	region	3	183	FAM_00330	terpene	Unknown	terpene	terpene	NZ_JBHUNP010000001.1 Devosia albogilva strain CCM 7427 tig00000001, whole genome shotgun sequence	Unknown	terpene_c0.3_famFAM_00330	0.3
NZ_LANJ01000011.1.region001.gbk_region_1	NZ_LANJ01000011.1.region001	region	1	183	FAM_00330	terpene	Unknown	terpene	terpene	NZ_LANJ01000011.1 Devosia epidermidihirudinis strain E84 contig11, whole genome shotgun sequence	Unknown	terpene_c0.3_famFAM_00330	0.3
NZ_CP104965.1.region004.gbk_region_4	NZ_CP104965.1.region004	region	4	183	FAM_00330	terpene	Unknown	terpene	terpene	NZ_CP104965.1 Devosia neptuniae strain A18/4-1 chromosome, complete genome	Unknown	terpene_c0.3_famFAM_00330	0.3
NZ_JNNO01000008.1.region001.gbk_region_1	NZ_JNNO01000008.1.region001	region	1	183	FAM_00330	terpene	Unknown	terpene	terpene	NZ_JNNO01000008.1 Devosia sp. LC5 contig16, whole genome shotgun sequence	Unknown	terpene_c0.3_famFAM_00330	0.3
NZ_CP126539.1.region002.gbk_region_2	NZ_CP126539.1.region002	region	2	183	FAM_00330	terpene	Unknown	terpene	terpene	NZ_CP126539.1 Devosia rhizosphaerae strain RR2S18 chromosome, complete genome	Unknown	terpene_c0.3_famFAM_00330	0.3
NZ_BSNG01000001.1.region003.gbk_region_3	NZ_BSNG01000001.1.region003	region	3	183	FAM_00330	terpene	Unknown	terpene	terpene	NZ_BSNG01000001.1 Devosia yakushimensis strain NBRC 103855 sequence01, whole genome shotgun sequence	Unknown	terpene_c0.3_famFAM_00330	0.3
NZ_CP042304.1.region002.gbk_region_2	NZ_CP042304.1.region002	region	2	183	FAM_00330	terpene	Unknown	terpene	terpene	NZ_CP042304.1 Devosia ginsengisoli strain Gsoil 520 chromosome, complete genome	Unknown	terpene_c0.3_famFAM_00330	0.3
NZ_JBEPOL010000001.1.region001.gbk_region_1	NZ_JBEPOL010000001.1.region001	region	1	183	FAM_00330	terpene	Unknown	terpene	terpene	NZ_JBEPOL010000001.1 Devosia sp. UYZn731 Ga0493902_01, whole genome shotgun sequence	Unknown	terpene_c0.3_famFAM_00330	0.3
NZ_LMQU01000003.1.region001.gbk_region_1	NZ_LMQU01000003.1.region001	region	1	183	FAM_00330	terpene	Unknown	terpene	terpene	NZ_LMQU01000003.1 Devosia sp. Leaf420 contig_11, whole genome shotgun sequence	Unknown	terpene_c0.3_famFAM_00330	0.3
NZ_AP027921.1.region003.gbk_region_3	NZ_AP027921.1.region003	region	3	183	FAM_00330	terpene	Unknown	terpene	terpene	NZ_AP027921.1 Devosia sp. T2-14 chromosome, complete genome	Unknown	terpene_c0.3_famFAM_00330	0.3
NZ_JABAOL010000001.1.region003.gbk_region_3	NZ_JABAOL010000001.1.region003	region	3	183	FAM_00330	terpene	Unknown	terpene	terpene	NZ_JABAOL010000001.1 Devosia sp. 919 Scaffold1_1, whole genome shotgun sequence	Unknown	terpene_c0.3_famFAM_00330	0.3
NZ_JABAOM010000001.1.region001.gbk_region_1	NZ_JABAOM010000001.1.region001	region	1	183	FAM_00330	terpene	Unknown	terpene	terpene	NZ_JABAOM010000001.1 Devosia sp. 1635 Scaffold1_1, whole genome shotgun sequence	Unknown	terpene_c0.3_famFAM_00330	0.3
NZ_JBYUNO010000002.1.region001.gbk_region_1	NZ_JBYUNO010000002.1.region001	region	1	183	FAM_00330	terpene	Unknown	terpene	terpene	NZ_JBYUNO010000002.1 Devosia sp. Z6_126 NODE_2_length_1040994_cov_129.185188, whole genome shotgun sequence	Unknown	terpene_c0.3_famFAM_00330	0.3
NZ_MKVA01000005.1.region002.gbk_region_2	NZ_MKVA01000005.1.region002	region	2	183	FAM_00331	terpene	Unknown	terpene	terpene	NZ_MKVA01000005.1 MAG: Devosia sp. 67-54 SCNpilot_cont_1000_bf_scaffold_3, whole genome shotgun sequence	Unknown	terpene_c0.3_famFAM_00331	0.3
NZ_BSNS01000024.1.region001.gbk_region_1	NZ_BSNS01000024.1.region001	region	1	183	FAM_00331	terpene	Unknown	terpene	terpene	NZ_BSNS01000024.1 Devosia nitrariae strain NBRC 112416 sequence24, whole genome shotgun sequence	Unknown	terpene_c0.3_famFAM_00331	0.3
NZ_JBTSEP010000011.1.region001.gbk_region_1	NZ_JBTSEP010000011.1.region001	region	1	183	FAM_00331	terpene	Unknown	terpene	terpene	NZ_JBTSEP010000011.1 MAG: Devosia sp. isolate ML34-012-05 ML34_012_NODE_106_length_90423_cov_7.643329, whole genome shotgun sequence	Unknown	terpene_c0.3_famFAM_00331	0.3
NZ_JBHLYO010000015.1.region001.gbk_region_1	NZ_JBHLYO010000015.1.region001	region	1	183	FAM_00331	terpene	Unknown	terpene	terpene	NZ_JBHLYO010000015.1 Devosia nitrariae strain NBRC 112416 platanus_K_default_15, whole genome shotgun sequence	Unknown	terpene_c0.3_famFAM_00331	0.3
NZ_JBDGIY010000001.1.region004.gbk_region_4	NZ_JBDGIY010000001.1.region004	region	4	183	FAM_00331	terpene	Unknown	terpene	terpene	NZ_JBDGIY010000001.1 Devosia sp. Soil_C_22 NODE_1_length_3502528_cov_134.771868, whole genome shotgun sequence	Unknown	terpene_c0.3_famFAM_00331	0.3
NZ_JBFUFI010000016.1.region001.gbk_region_1	NZ_JBFUFI010000016.1.region001	region	1	183	FAM_00331	terpene	Unknown	terpene	terpene	NZ_JBFUFI010000016.1 Devosia sp. P2_G7 scaffold_15, whole genome shotgun sequence	Unknown	terpene_c0.3_famFAM_00331	0.3
NZ_JBVKGV010000086.1.region001.gbk_region_1	NZ_JBVKGV010000086.1.region001	region	1	183	FAM_00331	terpene	Unknown	terpene	terpene	NZ_JBVKGV010000086.1 MAG: Devosia sp. isolate ML34-006-05 ML34_006_NODE_5324_length_6402_cov_2.585179, whole genome shotgun sequence	Unknown	terpene_c0.3_famFAM_00331	0.3
NZ_JBLXGA010000004.1.region001.gbk_region_1	NZ_JBLXGA010000004.1.region001	region	1	183	FAM_00331	terpene	Unknown	terpene	terpene	NZ_JBLXGA010000004.1 MAG: Devosia sp. isolate ET04-05 T04maxbin_out.008RE.5K@4, whole genome shotgun sequence	Unknown	terpene_c0.3_famFAM_00331	0.3
NZ_JAFKHC010000003.1.region002.gbk_region_2	NZ_JAFKHC010000003.1.region002	region	2	183	FAM_00331	terpene	Unknown	terpene	terpene	NZ_JAFKHC010000003.1 MAG: Devosia sp. isolate SCN18_26_2_15_R2_B_67_34 SCN18_26_2_15_R2_B_scaffold_2, whole genome shotgun sequence	Unknown	terpene_c0.3_famFAM_00331	0.3
NZ_JAQRMY010000004.1.region001.gbk_region_1	NZ_JAQRMY010000004.1.region001	region	1	183	FAM_00331	terpene	Unknown	terpene	terpene	NZ_JAQRMY010000004.1 Devosia sp. ZB163 scaffold_3, whole genome shotgun sequence	Unknown	terpene_c0.3_famFAM_00331	0.3
NZ_OZ245853.1.region003.gbk_region_3	NZ_OZ245853.1.region003	region	3	183	FAM_00331	terpene	Unknown	terpene	terpene	NZ_OZ245853.1 MAG: Devosia sp. isolate 3d186a37-0bcd-4ac1-b259-f5c9590ee027 chromosome 1	Unknown	terpene_c0.3_famFAM_00331	0.3
NZ_JBFUCQ010000002.1.region001.gbk_region_1	NZ_JBFUCQ010000002.1.region001	region	1	183	FAM_00331	terpene	Unknown	terpene	terpene	NZ_JBFUCQ010000002.1 Devosia sp. P1_H9 scaffold_1, whole genome shotgun sequence	Unknown	terpene_c0.3_famFAM_00331	0.3
NZ_BMZE01000001.1.region001.gbk_region_1	NZ_BMZE01000001.1.region001	region	1	183	FAM_00331	terpene	Unknown	terpene	terpene	NZ_BMZE01000001.1 Devosia pacifica strain KCTC 32437 sequence1, whole genome shotgun sequence	Unknown	terpene_c0.3_famFAM_00331	0.3
NZ_CM147875.1.region005.gbk_region_5	NZ_CM147875.1.region005	region	5	183	FAM_00331	terpene	Unknown	terpene	terpene	NZ_CM147875.1 Devosia sp. J20-27 chromosome, whole genome shotgun sequence	Unknown	terpene_c0.3_famFAM_00331	0.3
NZ_JBMQPQ010000013.1.region001.gbk_region_1	NZ_JBMQPQ010000013.1.region001	region	1	183	FAM_00332	terpene	Unknown	terpene	terpene	NZ_JBMQPQ010000013.1 MAG: Devosia sp. isolate isolate1_meta_1_34 k141_587842, whole genome shotgun sequence	Unknown	terpene_c0.3_famFAM_00332	0.3
NZ_JAVKFR010000020.1.region001.gbk_region_1	NZ_JAVKFR010000020.1.region001	region	1	183	FAM_00332	terpene	Unknown	terpene	terpene	NZ_JAVKFR010000020.1 MAG: Devosia marina isolate F1-TOW-06 k141_70110, whole genome shotgun sequence	Unknown	terpene_c0.3_famFAM_00332	0.3
NZ_JZEY01000054.1.region002.gbk_region_2	NZ_JZEY01000054.1.region002	region	2	183	FAM_00332	terpene	Unknown	terpene	terpene	NZ_JZEY01000054.1 Devosia chinhatensis strain IPL18 NODE_54, whole genome shotgun sequence	Unknown	terpene_c0.3_famFAM_00332	0.3
NZ_JACYFU010000001.1.region002.gbk_region_2	NZ_JACYFU010000001.1.region002	region	2	183	FAM_00332	terpene	Unknown	terpene	terpene	NZ_JACYFU010000001.1 Devosia oryzisoli strain PTR5 contig1, whole genome shotgun sequence	Unknown	terpene_c0.3_famFAM_00332	0.3
NZ_JBHTMH010000001.1.region002.gbk_region_2	NZ_JBHTMH010000001.1.region002	region	2	183	FAM_00332	terpene	Unknown	terpene	terpene	NZ_JBHTMH010000001.1 Devosia equisanguinis strain CCM 8868 GCM70027366_15, whole genome shotgun sequence	Unknown	terpene_c0.3_famFAM_00332	0.3
NZ_FPCK01000001.1.region003.gbk_region_3	NZ_FPCK01000001.1.region003	region	3	183	FAM_00332	terpene	Unknown	terpene	terpene	NZ_FPCK01000001.1 Devosia crocina strain IPL20, whole genome shotgun sequence	Unknown	terpene_c0.3_famFAM_00332	0.3
NZ_PYVZ01000006.1.region001.gbk_region_1	NZ_PYVZ01000006.1.region001	region	1	183	FAM_00332	terpene	Unknown	terpene	terpene	NZ_PYVZ01000006.1 Devosia indica strain IO390501 scaffold6, whole genome shotgun sequence	Unknown	terpene_c0.3_famFAM_00332	0.3
NZ_LMHK01000001.1.region002.gbk_region_2	NZ_LMHK01000001.1.region002	region	2	183	FAM_00332	terpene	Unknown	terpene	terpene	NZ_LMHK01000001.1 Devosia sp. Root685 contig_1, whole genome shotgun sequence	Unknown	terpene_c0.3_famFAM_00332	0.3
NZ_MKUY01000003.1.region001.gbk_region_1	NZ_MKUY01000003.1.region001	region	1	183	FAM_00332	terpene	Unknown	terpene	terpene	NZ_MKUY01000003.1 MAG: Devosia sp. 63-57 SCNpilot_expt_1000_bf_scaffold_28, whole genome shotgun sequence	Unknown	terpene_c0.3_famFAM_00332	0.3
NZ_WQRF01000001.1.region003.gbk_region_3	NZ_WQRF01000001.1.region003	region	3	183	FAM_00332	terpene	Unknown	terpene	terpene	NZ_WQRF01000001.1 Devosia marina strain L53-10-65 NODE_1_length_1615214_cov_52.474690, whole genome shotgun sequence	Unknown	terpene_c0.3_famFAM_00332	0.3
NZ_JADGNE010000014.1.region001.gbk_region_1	NZ_JADGNE010000014.1.region001	region	1	183	FAM_00332	terpene	Unknown	terpene	terpene	NZ_JADGNE010000014.1 MAG: Devosia sp. isolate N26CT NODE_145_length_49886_cov_19.140435, whole genome shotgun sequence	Unknown	terpene_c0.3_famFAM_00332	0.3
NZ_CP075529.1.region001.gbk_region_1	NZ_CP075529.1.region001	region	1	183	FAM_00332	terpene	Unknown	terpene	terpene	NZ_CP075529.1 MAG: Devosia sp. isolate TGS_PRO11 chromosome	Unknown	terpene_c0.3_famFAM_00332	0.3
NZ_CP026747.1.region005.gbk_region_5	NZ_CP026747.1.region005	region	5	183	FAM_00332	terpene	Unknown	terpene	terpene	NZ_CP026747.1 Devosia sp. I507 chromosome, complete genome	Unknown	terpene_c0.3_famFAM_00332	0.3
NZ_CP104002.1.region002.gbk_region_2	NZ_CP104002.1.region002	region	2	183	FAM_00332	terpene	Unknown	terpene	terpene	NZ_CP104002.1 Devosia sp. SD17-2 chromosome, complete genome	Unknown	terpene_c0.3_famFAM_00332	0.3
NZ_JQGC01000010.1.region001.gbk_region_1	NZ_JQGC01000010.1.region001	region	1	183	FAM_00332	terpene	Unknown	terpene	terpene	NZ_JQGC01000010.1 Devosia riboflavina strain IFO13584 contig10, whole genome shotgun sequence	Unknown	terpene_c0.3_famFAM_00332	0.3
NZ_JACIEW010000001.1.region001.gbk_region_1	NZ_JACIEW010000001.1.region001	region	1	183	FAM_00332	terpene	Unknown	terpene	terpene	NZ_JACIEW010000001.1 Devosia subaequoris strain DSM 23447 Ga0373328_01, whole genome shotgun sequence	Unknown	terpene_c0.3_famFAM_00332	0.3
NZ_LVVY01000070.1.region001.gbk_region_1	NZ_LVVY01000070.1.region001	region	1	183	FAM_00332	terpene	Unknown	terpene	terpene	NZ_LVVY01000070.1 Devosia elaeis strain S37 DIN_R1_(paired)_trimmed_(paired)_contig_25, whole genome shotgun sequence	Unknown	terpene_c0.3_famFAM_00332	0.3
NZ_JCACVZ010000001.1.region003.gbk_region_3	NZ_JCACVZ010000001.1.region003	region	3	183	FAM_00332	terpene	Unknown	terpene	terpene	NZ_JCACVZ010000001.1 MAG: Devosia sp. isolate TerP_2 Oxa_002_000000000117, whole genome shotgun sequence	Unknown	terpene_c0.3_famFAM_00332	0.3
NZ_JAQGJM010000021.1.region001.gbk_region_1	NZ_JAQGJM010000021.1.region001	region	1	183	FAM_00332	terpene	Unknown	terpene	terpene	NZ_JAQGJM010000021.1 MAG: Devosia sp. isolate RYN_485 scaffold_4357168, whole genome shotgun sequence	Unknown	terpene_c0.3_famFAM_00332	0.3
NZ_JAMWDU010000001.1.region001.gbk_region_1	NZ_JAMWDU010000001.1.region001	region	1	183	FAM_00332	terpene	Unknown	terpene	terpene	NZ_JAMWDU010000001.1 Devosia ureilytica strain XJ19-45 Scaffold1, whole genome shotgun sequence	Unknown	terpene_c0.3_famFAM_00332	0.3
NZ_JAEMNZ010000001.1.region001.gbk_region_1	NZ_JAEMNZ010000001.1.region001	region	1	183	FAM_00332	terpene	Unknown	terpene	terpene	NZ_JAEMNZ010000001.1 Devosia sp. MC532 Scaffold1_1, whole genome shotgun sequence	Unknown	terpene_c0.3_famFAM_00332	0.3
NZ_JBKJHF010000001.1.region002.gbk_region_2	NZ_JBKJHF010000001.1.region002	region	2	183	FAM_00332	terpene	Unknown	terpene	terpene	NZ_JBKJHF010000001.1 Devosia sp. XGJD_8 1, whole genome shotgun sequence	Unknown	terpene_c0.3_famFAM_00332	0.3
NZ_CDRNJH010000001.1.region004.gbk_region_4	NZ_CDRNJH010000001.1.region004	region	4	183	FAM_00332	terpene	Unknown	terpene	terpene	NZ_CDRNJH010000001.1 Devosia riboflavina isolate Ri144 gnlProkkaBTCC_1, whole genome shotgun sequence	Unknown	terpene_c0.3_famFAM_00332	0.3
NZ_JACDXV010000001.1.region001.gbk_region_1	NZ_JACDXV010000001.1.region001	region	1	183	FAM_00332	terpene	Unknown	terpene	terpene	NZ_JACDXV010000001.1 Devosia faecipullorum strain CC-YST696 contig01, whole genome shotgun sequence	Unknown	terpene_c0.3_famFAM_00332	0.3
NZ_CP104007.1.region003.gbk_region_3	NZ_CP104007.1.region003	region	3	183	FAM_00332	terpene	Unknown	terpene	terpene	NZ_CP104007.1 Devosia sp. FJ2-5-3 chromosome, complete genome	Unknown	terpene_c0.3_famFAM_00332	0.3
NZ_PYWB01000014.1.region001.gbk_region_1	NZ_PYWB01000014.1.region001	region	1	183	FAM_00332	terpene	Unknown	terpene	terpene	NZ_PYWB01000014.1 Devosia submarina strain JCM 18935 scaffold14, whole genome shotgun sequence	Unknown	terpene_c0.3_famFAM_00332	0.3
NZ_LAJG01000014.1.region001.gbk_region_1	NZ_LAJG01000014.1.region001	region	1	183	FAM_00332	terpene	Unknown	terpene	terpene	NZ_LAJG01000014.1 Devosia soli strain GH2-10 NODE_14, whole genome shotgun sequence	Unknown	terpene_c0.3_famFAM_00332	0.3
NZ_JABBDZ010000001.1.region001.gbk_region_1	NZ_JABBDZ010000001.1.region001	region	1	183	FAM_00332	terpene	Unknown	terpene	terpene	NZ_JABBDZ010000001.1 Devosia sp. MC1541 Scaffold1_1, whole genome shotgun sequence	Unknown	terpene_c0.3_famFAM_00332	0.3
NZ_FXWK01000001.1.region002.gbk_region_2	NZ_FXWK01000001.1.region002	region	2	183	FAM_00332	terpene	Unknown	terpene	terpene	NZ_FXWK01000001.1 Devosia lucknowensis strain L15, whole genome shotgun sequence	Unknown	terpene_c0.3_famFAM_00332	0.3
NZ_CAXUPK020000005.1.region002.gbk_region_2	NZ_CAXUPK020000005.1.region002	region	2	183	FAM_00332	terpene	Unknown	terpene	terpene	NZ_CAXUPK020000005.1 Devosia sp. LjRoot3 LJR003c5, whole genome shotgun sequence	Unknown	terpene_c0.3_famFAM_00332	0.3
NZ_FQVC01000002.1.region001.gbk_region_1	NZ_FQVC01000002.1.region001	region	1	183	FAM_00332	terpene	Unknown	terpene	terpene	NZ_FQVC01000002.1 Devosia limi DSM 17137, whole genome shotgun sequence	Unknown	terpene_c0.3_famFAM_00332	0.3
NZ_CP045422.1.region007.gbk_region_7	NZ_CP045422.1.region007	region	7	183	FAM_00332	terpene	Unknown	terpene	terpene	NZ_CP045422.1 Devosia beringensis strain S02 chromosome, complete genome	Unknown	terpene_c0.3_famFAM_00332	0.3
NZ_CP146608.1.region004.gbk_region_4	NZ_CP146608.1.region004	region	4	183	FAM_00332	terpene	Unknown	terpene	terpene	NZ_CP146608.1 Devosia sp. XK-2 chromosome, complete genome	Unknown	terpene_c0.3_famFAM_00332	0.3
NZ_JAMZCU010000001.1.region001.gbk_region_1	NZ_JAMZCU010000001.1.region001	region	1	183	FAM_00332	terpene	Unknown	terpene	terpene	NZ_JAMZCU010000001.1 Devosia ureilytica strain XJ19-1 Scaffold1, whole genome shotgun sequence	Unknown	terpene_c0.3_famFAM_00332	0.3
NZ_JAEKMH010000002.1.region001.gbk_region_1	NZ_JAEKMH010000002.1.region001	region	1	183	FAM_00332	terpene	Unknown	terpene	terpene	NZ_JAEKMH010000002.1 Devosia sediminis strain MSA67 NODE_2_length_1186958_cov_155.069235, whole genome shotgun sequence	Unknown	terpene_c0.3_famFAM_00332	0.3
NZ_CP080590.1.region004.gbk_region_4	NZ_CP080590.1.region004	region	4	183	FAM_00332	terpene	Unknown	terpene	terpene	NZ_CP080590.1 Devosia salina strain SCS-3 chromosome, complete genome	Unknown	terpene_c0.3_famFAM_00332	0.3
NZ_LAJF01000089.1.region001.gbk_region_1	NZ_LAJF01000089.1.region001	region	1	183	FAM_00332	terpene	Unknown	terpene	terpene	NZ_LAJF01000089.1 Devosia limi DSM 17137 NODE_89, whole genome shotgun sequence	Unknown	terpene_c0.3_famFAM_00332	0.3
NZ_JAENGO010000007.1.region001.gbk_region_1	NZ_JAENGO010000007.1.region001	region	1	183	FAM_00332	terpene	Unknown	terpene	terpene	NZ_JAENGO010000007.1 Devosia sp. WQ 349K1 Scaffold6_1, whole genome shotgun sequence	Unknown	terpene_c0.3_famFAM_00332	0.3
NZ_CP059902.1.region002.gbk_region_2	NZ_CP059902.1.region002	region	2	183	FAM_00332	terpene	Unknown	terpene	terpene	NZ_CP059902.1 Devosia sp. MC521 chromosome, complete genome	Unknown	terpene_c0.3_famFAM_00332	0.3
NZ_UZWD01000040.1.region001.gbk_region_1	NZ_UZWD01000040.1.region001	region	1	183	FAM_00332	terpene	Unknown	terpene	terpene	NZ_UZWD01000040.1 Devosia equisanguinis strain CIP 111628, whole genome shotgun sequence	Unknown	terpene_c0.3_famFAM_00332	0.3
NZ_CP094375.1.region001.gbk_region_1	NZ_CP094375.1.region001	region	1	183	FAM_00332	terpene	Unknown	terpene	terpene	NZ_CP094375.1 Devosia sp. Micro-HW1 chromosome, complete genome	Unknown	terpene_c0.3_famFAM_00332	0.3
NZ_CP170082.1.region005.gbk_region_5	NZ_CP170082.1.region005	region	5	183	FAM_00332	terpene	Unknown	terpene	terpene	NZ_CP170082.1 Devosia sp. Naph2 chromosome, complete genome	Unknown	terpene_c0.3_famFAM_00332	0.3
NZ_JAMYXP010000001.1.region002.gbk_region_2	NZ_JAMYXP010000001.1.region002	region	2	183	FAM_00332	terpene	Unknown	terpene	terpene	NZ_JAMYXP010000001.1 Devosia subaequoris strain HST3-14 Scaffold1, whole genome shotgun sequence	Unknown	terpene_c0.3_famFAM_00332	0.3
NZ_JBTLRJ010000003.1.region001.gbk_region_1	NZ_JBTLRJ010000003.1.region001	region	1	183	FAM_00332	terpene	Unknown	terpene	terpene	NZ_JBTLRJ010000003.1 Devosia sp. CAU 1758 contig3, whole genome shotgun sequence	Unknown	terpene_c0.3_famFAM_00332	0.3
NZ_JAEMEB010000004.1.region001.gbk_region_1	NZ_JAEMEB010000004.1.region001	region	1	183	FAM_00332	terpene	Unknown	terpene	terpene	NZ_JAEMEB010000004.1 Devosia sp. MC521 Scaffold4_1, whole genome shotgun sequence	Unknown	terpene_c0.3_famFAM_00332	0.3
NZ_JBNMEO010000091.1.region001.gbk_region_1	NZ_JBNMEO010000091.1.region001	region	1	183	FAM_00333	terpene	Unknown	terpene	terpene	NZ_JBNMEO010000091.1 MAG: Devosia sp. isolate 3300055174_60 Ga0535679_0004118, whole genome shotgun sequence	Unknown	terpene_c0.3_famFAM_00333	0.3
NZ_CM147870.1.region004.gbk_region_4	NZ_CM147870.1.region004	region	4	183	FAM_00333	terpene	Unknown	terpene	terpene	NZ_CM147870.1 Devosia sp. J2-20 chromosome, whole genome shotgun sequence	Unknown	terpene_c0.3_famFAM_00333	0.3
NZ_JAGXTP010000001.1.region003.gbk_region_3	NZ_JAGXTP010000001.1.region003	region	3	183	FAM_00333	terpene	Unknown	terpene	terpene	NZ_JAGXTP010000001.1 Devosia litorisediminis strain BSSL-BM10 1, whole genome shotgun sequence	Unknown	terpene_c0.3_famFAM_00333	0.3
NZ_CP118245.1.region005.gbk_region_5	NZ_CP118245.1.region005	region	5	183	FAM_00333	terpene	Unknown	terpene	terpene	NZ_CP118245.1 Devosia sp. J2-20 chromosome	Unknown	terpene_c0.3_famFAM_00333	0.3
NZ_JAPWHK010000004.1.region001.gbk_region_1	NZ_JAPWHK010000004.1.region001	region	1	183	FAM_00333	terpene	Unknown	terpene	terpene	NZ_JAPWHK010000004.1 Devosia neptuniae strain G21611-S1 NODE_4_length_442715_cov_108.063, whole genome shotgun sequence	Unknown	terpene_c0.3_famFAM_00333	0.3
NZ_CAXUPH020000003.1.region002.gbk_region_2	NZ_CAXUPH020000003.1.region002	region	2	183	FAM_00334	terpene	Unknown	terpene	terpene	NZ_CAXUPH020000003.1 Devosia sp. LjRoot16 LJR016c3, whole genome shotgun sequence	Unknown	terpene_c0.3_famFAM_00334	0.3
NZ_JBXAPX010000004.1.region002.gbk_region_2	NZ_JBXAPX010000004.1.region002	region	2	183	FAM_00334	terpene	Unknown	terpene	terpene	NZ_JBXAPX010000004.1 Devosia sp. GW821-FHT12F11 NODE_4_length_517482_cov_53.795218, whole genome shotgun sequence	Unknown	terpene_c0.3_famFAM_00334	0.3
NZ_JBFUGO010000010.1.region001.gbk_region_1	NZ_JBFUGO010000010.1.region001	region	1	183	FAM_00334	terpene	Unknown	terpene	terpene	NZ_JBFUGO010000010.1 Devosia sp. P3_B2 scaffold_9, whole genome shotgun sequence	Unknown	terpene_c0.3_famFAM_00334	0.3
NZ_MKVB01000001.1.region001.gbk_region_1	NZ_MKVB01000001.1.region001	region	1	183	FAM_00334	terpene	Unknown	terpene	terpene	NZ_MKVB01000001.1 MAG: Devosia sp. 66-14 SCNpilot_cont_300_bf_scaffold_127, whole genome shotgun sequence	Unknown	terpene_c0.3_famFAM_00334	0.3
NZ_JAFKHA010000009.1.region001.gbk_region_1	NZ_JAFKHA010000009.1.region001	region	1	183	FAM_00334	terpene	Unknown	terpene	terpene	NZ_JAFKHA010000009.1 MAG: Devosia sp. isolate SCN18_30_10_14_R3_B_66_58 SCN18_30_10_14_R3_B_scaffold_4, whole genome shotgun sequence	Unknown	terpene_c0.3_famFAM_00334	0.3
NZ_LMEA01000011.1.region002.gbk_region_2	NZ_LMEA01000011.1.region002	region	2	183	FAM_00334	terpene	Unknown	terpene	terpene	NZ_LMEA01000011.1 Devosia sp. Root413D1 contig_6, whole genome shotgun sequence	Unknown	terpene_c0.3_famFAM_00334	0.3
NZ_LMCR01000015.1.region001.gbk_region_1	NZ_LMCR01000015.1.region001	region	1	183	FAM_00334	terpene	Unknown	terpene	terpene	NZ_LMCR01000015.1 Devosia sp. Root105 contig_3, whole genome shotgun sequence	Unknown	terpene_c0.3_famFAM_00334	0.3
NZ_CP012945.1.region004.gbk_region_4	NZ_CP012945.1.region004	region	4	183	FAM_00334	terpene	Unknown	terpene	terpene	NZ_CP012945.1 Devosia sp. A16 chromosome, complete genome	Unknown	terpene_c0.3_famFAM_00334	0.3
NZ_JADGNE010000044.1.region001.gbk_region_1	NZ_JADGNE010000044.1.region001	region	1	4791	FAM_00335	terpene	Unknown	terpene	terpene	NZ_JADGNE010000044.1 MAG: Devosia sp. isolate N26CT NODE_32_length_167216_cov_19.824301, whole genome shotgun sequence	Unknown	terpene_c0.3_famFAM_00335	0.3
NZ_CP104007.1.region002.gbk_region_2	NZ_CP104007.1.region002	region	2	4791	FAM_00335	terpene	Unknown	terpene	terpene	NZ_CP104007.1 Devosia sp. FJ2-5-3 chromosome, complete genome	Unknown	terpene_c0.3_famFAM_00335	0.3
NZ_CP104002.1.region001.gbk_region_1	NZ_CP104002.1.region001	region	1	4791	FAM_00335	terpene	Unknown	terpene	terpene	NZ_CP104002.1 Devosia sp. SD17-2 chromosome, complete genome	Unknown	terpene_c0.3_famFAM_00335	0.3
NZ_JABAOM010000002.1.region002.gbk_region_2	NZ_JABAOM010000002.1.region002	region	2	5657	FAM_00336	terpene	Unknown	terpene	terpene	NZ_JABAOM010000002.1 Devosia sp. 1635 Scaffold2_1, whole genome shotgun sequence	Unknown	terpene_c0.3_famFAM_00336	0.3
NZ_CP034767.1.region004.gbk_region_4	NZ_CP034767.1.region004	region	4	5657	FAM_00336	terpene	Unknown	terpene	terpene	NZ_CP034767.1 Devosia sp. 1566 chromosome, complete genome	Unknown	terpene_c0.3_famFAM_00336	0.3
NZ_JBYUNQ010000001.1.region001.gbk_region_1	NZ_JBYUNQ010000001.1.region001	region	1	5657	FAM_00336	terpene	Unknown	terpene	terpene	NZ_JBYUNQ010000001.1 Devosia sp. Z11_6 NODE_1_length_1109201_cov_151.543683, whole genome shotgun sequence	Unknown	terpene_c0.3_famFAM_00336	0.3
NZ_JBYUNO010000003.1.region002.gbk_region_2	NZ_JBYUNO010000003.1.region002	region	2	5657	FAM_00336	terpene	Unknown	terpene	terpene	NZ_JBYUNO010000003.1 Devosia sp. Z6_126 NODE_3_length_955106_cov_138.820264, whole genome shotgun sequence	Unknown	terpene_c0.3_famFAM_00336	0.3
NZ_JABAOL010000001.1.region005.gbk_region_5	NZ_JABAOL010000001.1.region005	region	5	5657	FAM_00336	terpene	Unknown	terpene	terpene	NZ_JABAOL010000001.1 Devosia sp. 919 Scaffold1_1, whole genome shotgun sequence	Unknown	terpene_c0.3_famFAM_00336	0.3
NZ_PYWB01000002.1.region001.gbk_region_1	NZ_PYWB01000002.1.region001	region	1	3730	FAM_00337	terpene	Unknown	terpene	terpene	NZ_PYWB01000002.1 Devosia submarina strain JCM 18935 scaffold2, whole genome shotgun sequence	Unknown	terpene_c0.3_famFAM_00337	0.3
NZ_CP127251.1.region001.gbk_region_1	NZ_CP127251.1.region001	region	1	3951	FAM_00338	terpene	Unknown	terpene	terpene	NZ_CP127251.1 Devosia sp. YIM 151766 chromosome, complete genome	Unknown	terpene_c0.3_famFAM_00338	0.3
NZ_JBLXGA010000001.1.region001.gbk_region_1	NZ_JBLXGA010000001.1.region001	region	1	4009	FAM_00339	terpene	Unknown	terpene	terpene	NZ_JBLXGA010000001.1 MAG: Devosia sp. isolate ET04-05 T04maxbin_out.008RE.5K@1, whole genome shotgun sequence	Unknown	terpene_c0.3_famFAM_00339	0.3
NZ_JBHUNP010000001.1.region001.gbk_region_1	NZ_JBHUNP010000001.1.region001	region	1	4620	FAM_00340	terpene	Unknown	terpene	terpene	NZ_JBHUNP010000001.1 Devosia albogilva strain CCM 7427 tig00000001, whole genome shotgun sequence	Unknown	terpene_c0.3_famFAM_00340	0.3
NZ_FPCK01000004.1.region002.gbk_region_2	NZ_FPCK01000004.1.region002	region	2	5286	FAM_00341	terpene	Unknown	terpene	terpene	NZ_FPCK01000004.1 Devosia crocina strain IPL20, whole genome shotgun sequence	Unknown	terpene_c0.3_famFAM_00341	0.3
NZ_CP068046.1.region004.gbk_region_4	NZ_CP068046.1.region004	region	4	7076	FAM_00342	terpene	Unknown	terpene	terpene	NZ_CP068046.1 Devosia rhizoryzae strain LEGU1 chromosome	Unknown	terpene_c0.3_famFAM_00342	0.3
NZ_CP063401.1.region005.gbk_region_5	NZ_CP063401.1.region005	region	5	7751	FAM_00343	terpene	Unknown	terpene	terpene	NZ_CP063401.1 Devosia sp. SL43 chromosome, complete genome	Unknown	terpene_c0.3_famFAM_00343	0.3
NZ_LAJG01000022.1.region001.gbk_region_1	NZ_LAJG01000022.1.region001	region	1	10902	FAM_00344	terpene	Unknown	terpene	terpene	NZ_LAJG01000022.1 Devosia soli strain GH2-10 NODE_22, whole genome shotgun sequence	Unknown	terpene_c0.3_famFAM_00344	0.3
NZ_FXWK01000001.1.region003.gbk_region_3	NZ_FXWK01000001.1.region003	region	3	11381	FAM_00345	terpene	Unknown	terpene	terpene	NZ_FXWK01000001.1 Devosia lucknowensis strain L15, whole genome shotgun sequence	Unknown	terpene_c0.3_famFAM_00345	0.3
NZ_JBHRYD010000001.1.region001.gbk_region_1	NZ_JBHRYD010000001.1.region001	region	1	5641	FAM_00577	other.terpene	Unknown	betalactone.terpene	other.terpene	NZ_JBHRYD010000001.1 Devosia honganensis strain KCTC 42281 platanus_K_25_97_1, whole genome shotgun sequence	Unknown	other.terpene_c0.3_famFAM_00577	0.3
NZ_FXWK01000002.1.region002.gbk_region_2	NZ_FXWK01000002.1.region002	region	2	150	FAM_00470	other	Unknown	hserlactone	other	NZ_FXWK01000002.1 Devosia lucknowensis strain L15, whole genome shotgun sequence	Unknown	other_c0.3_famFAM_00470	0.3
NZ_JBHRYD010000001.1.region002.gbk_region_2	NZ_JBHRYD010000001.1.region002	region	2	150	FAM_00470	other	Unknown	acyl_amino_acids	other	NZ_JBHRYD010000001.1 Devosia honganensis strain KCTC 42281 platanus_K_25_97_1, whole genome shotgun sequence	Unknown	other_c0.3_famFAM_00470	0.3
NZ_JBKJHF010000003.1.region001.gbk_region_1	NZ_JBKJHF010000003.1.region001	region	1	150	FAM_00470	other	Unknown	hserlactone	other	NZ_JBKJHF010000003.1 Devosia sp. XGJD_8 3, whole genome shotgun sequence	Unknown	other_c0.3_famFAM_00470	0.3
NZ_FOMB01000001.1.region001.gbk_region_1	NZ_FOMB01000001.1.region001	region	1	150	FAM_00470	other	Unknown	hserlactone	other	NZ_FOMB01000001.1 Devosia psychrophila strain CGMCC 1.10210, whole genome shotgun sequence	Unknown	other_c0.3_famFAM_00470	0.3
NZ_JAMZCU010000002.1.region001.gbk_region_1	NZ_JAMZCU010000002.1.region001	region	1	150	FAM_00470	other	Unknown	acyl_amino_acids	other	NZ_JAMZCU010000002.1 Devosia ureilytica strain XJ19-1 Scaffold2, whole genome shotgun sequence	Unknown	other_c0.3_famFAM_00470	0.3
NZ_JAEKMH010000004.1.region001.gbk_region_1	NZ_JAEKMH010000004.1.region001	region	1	150	FAM_00470	other	Unknown	hserlactone	other	NZ_JAEKMH010000004.1 Devosia sediminis strain MSA67 NODE_4_length_514361_cov_166.640065, whole genome shotgun sequence	Unknown	other_c0.3_famFAM_00470	0.3
NZ_CP094375.1.region003.gbk_region_3	NZ_CP094375.1.region003	region	3	150	FAM_00470	other	Unknown	hserlactone	other	NZ_CP094375.1 Devosia sp. Micro-HW1 chromosome, complete genome	Unknown	other_c0.3_famFAM_00470	0.3
NZ_CP080590.1.region007.gbk_region_7	NZ_CP080590.1.region007	region	7	150	FAM_00470	other	Unknown	hserlactone	other	NZ_CP080590.1 Devosia salina strain SCS-3 chromosome, complete genome	Unknown	other_c0.3_famFAM_00470	0.3
NZ_JACDXV010000002.1.region001.gbk_region_1	NZ_JACDXV010000002.1.region001	region	1	150	FAM_00470	other	Unknown	acyl_amino_acids	other	NZ_JACDXV010000002.1 Devosia faecipullorum strain CC-YST696 contig02, whole genome shotgun sequence	Unknown	other_c0.3_famFAM_00470	0.3
NZ_JAMWDU010000002.1.region002.gbk_region_2	NZ_JAMWDU010000002.1.region002	region	2	150	FAM_00470	other	Unknown	acyl_amino_acids	other	NZ_JAMWDU010000002.1 Devosia ureilytica strain XJ19-45 Scaffold2, whole genome shotgun sequence	Unknown	other_c0.3_famFAM_00470	0.3
NZ_CP170082.1.region002.gbk_region_2	NZ_CP170082.1.region002	region	2	150	FAM_00471	other	Unknown	hserlactone	other	NZ_CP170082.1 Devosia sp. Naph2 chromosome, complete genome	Unknown	other_c0.3_famFAM_00471	0.3
NZ_JAVKFR010000006.1.region001.gbk_region_1	NZ_JAVKFR010000006.1.region001	region	1	150	FAM_00471	other	Unknown	hserlactone	other	NZ_JAVKFR010000006.1 MAG: Devosia marina isolate F1-TOW-06 k141_66864, whole genome shotgun sequence	Unknown	other_c0.3_famFAM_00471	0.3
NZ_PYVZ01000009.1.region001.gbk_region_1	NZ_PYVZ01000009.1.region001	region	1	150	FAM_00471	other	Unknown	hserlactone	other	NZ_PYVZ01000009.1 Devosia indica strain IO390501 scaffold9, whole genome shotgun sequence	Unknown	other_c0.3_famFAM_00471	0.3
NZ_CP026747.1.region003.gbk_region_3	NZ_CP026747.1.region003	region	3	150	FAM_00471	other	Unknown	hserlactone	other	NZ_CP026747.1 Devosia sp. I507 chromosome, complete genome	Unknown	other_c0.3_famFAM_00471	0.3
NZ_WQRF01000002.1.region001.gbk_region_1	NZ_WQRF01000002.1.region001	region	1	150	FAM_00471	other	Unknown	hserlactone	other	NZ_WQRF01000002.1 Devosia marina strain L53-10-65 NODE_2_length_636985_cov_56.763128, whole genome shotgun sequence	Unknown	other_c0.3_famFAM_00471	0.3
NZ_JBNMEO010000006.1.region001.gbk_region_1	NZ_JBNMEO010000006.1.region001	region	1	150	FAM_00472	other	Unknown	acyl_amino_acids	other	NZ_JBNMEO010000006.1 MAG: Devosia sp. isolate 3300055174_60 Ga0535679_0000079, whole genome shotgun sequence	Unknown	other_c0.3_famFAM_00472	0.3
NZ_JAPWHK010000008.1.region001.gbk_region_1	NZ_JAPWHK010000008.1.region001	region	1	150	FAM_00472	other	Unknown	acyl_amino_acids	other	NZ_JAPWHK010000008.1 Devosia neptuniae strain G21611-S1 NODE_8_length_235334_cov_135.292, whole genome shotgun sequence	Unknown	other_c0.3_famFAM_00472	0.3
NZ_CP118245.1.region002.gbk_region_2	NZ_CP118245.1.region002	region	2	150	FAM_00472	other	Unknown	acyl_amino_acids	other	NZ_CP118245.1 Devosia sp. J2-20 chromosome	Unknown	other_c0.3_famFAM_00472	0.3
NZ_JAGXTP010000003.1.region001.gbk_region_1	NZ_JAGXTP010000003.1.region001	region	1	150	FAM_00472	other	Unknown	acyl_amino_acids	other	NZ_JAGXTP010000003.1 Devosia litorisediminis strain BSSL-BM10 3, whole genome shotgun sequence	Unknown	other_c0.3_famFAM_00472	0.3
NZ_CM147870.1.region001.gbk_region_1	NZ_CM147870.1.region001	region	1	150	FAM_00472	other	Unknown	acyl_amino_acids	other	NZ_CM147870.1 Devosia sp. J2-20 chromosome, whole genome shotgun sequence	Unknown	other_c0.3_famFAM_00472	0.3
NZ_FQVC01000005.1.region001.gbk_region_1	NZ_FQVC01000005.1.region001	region	1	150	FAM_00473	other	Unknown	acyl_amino_acids.hserlactone	other	NZ_FQVC01000005.1 Devosia limi DSM 17137, whole genome shotgun sequence	Unknown	other_c0.3_famFAM_00473	0.3
NZ_LAJF01000054.1.region001.gbk_region_1	NZ_LAJF01000054.1.region001	region	1	150	FAM_00473	other	Unknown	acyl_amino_acids.hserlactone	other	NZ_LAJF01000054.1 Devosia limi DSM 17137 NODE_54, whole genome shotgun sequence	Unknown	other_c0.3_famFAM_00473	0.3
NZ_JAEMNZ010000020.1.region001.gbk_region_1	NZ_JAEMNZ010000020.1.region001	region	1	150	FAM_00474	other	Unknown	hserlactone	other	NZ_JAEMNZ010000020.1 Devosia sp. MC532 Scaffold20_1, whole genome shotgun sequence	Unknown	other_c0.3_famFAM_00474	0.3
NZ_JAENGO010000005.1.region001.gbk_region_1	NZ_JAENGO010000005.1.region001	region	1	150	FAM_00474	other	Unknown	hserlactone	other	NZ_JAENGO010000005.1 Devosia sp. WQ 349K1 Scaffold4_1, whole genome shotgun sequence	Unknown	other_c0.3_famFAM_00474	0.3
NZ_JAEMEB010000015.1.region001.gbk_region_1	NZ_JAEMEB010000015.1.region001	region	1	150	FAM_00474	other	Unknown	hserlactone	other	NZ_JAEMEB010000015.1 Devosia sp. MC521 Scaffold15_1, whole genome shotgun sequence	Unknown	other_c0.3_famFAM_00474	0.3
NZ_CP059902.1.region005.gbk_region_5	NZ_CP059902.1.region005	region	5	150	FAM_00474	other	Unknown	hserlactone	other	NZ_CP059902.1 Devosia sp. MC521 chromosome, complete genome	Unknown	other_c0.3_famFAM_00474	0.3
NZ_JABBDZ010000002.1.region002.gbk_region_2	NZ_JABBDZ010000002.1.region002	region	2	150	FAM_00474	other	Unknown	hserlactone	other	NZ_JABBDZ010000002.1 Devosia sp. MC1541 Scaffold2_1, whole genome shotgun sequence	Unknown	other_c0.3_famFAM_00474	0.3
NZ_LAJF01000076.1.region001.gbk_region_1	NZ_LAJF01000076.1.region001	region	1	166	FAM_00475	other	Unknown	ectoine	other	NZ_LAJF01000076.1 Devosia limi DSM 17137 NODE_76, whole genome shotgun sequence	Unknown	other_c0.3_famFAM_00475	0.3
NZ_CP118245.1.region004.gbk_region_4	NZ_CP118245.1.region004	region	4	166	FAM_00475	other	Unknown	ectoine	other	NZ_CP118245.1 Devosia sp. J2-20 chromosome	Unknown	other_c0.3_famFAM_00475	0.3
NZ_JAPWHK010000001.1.region001.gbk_region_1	NZ_JAPWHK010000001.1.region001	region	1	166	FAM_00475	other	Unknown	ectoine	other	NZ_JAPWHK010000001.1 Devosia neptuniae strain G21611-S1 NODE_1_length_635483_cov_121.601, whole genome shotgun sequence	Unknown	other_c0.3_famFAM_00475	0.3
NZ_JAMWDU010000009.1.region001.gbk_region_1	NZ_JAMWDU010000009.1.region001	region	1	166	FAM_00475	other	Unknown	ectoine	other	NZ_JAMWDU010000009.1 Devosia ureilytica strain XJ19-45 Scaffold9, whole genome shotgun sequence	Unknown	other_c0.3_famFAM_00475	0.3
NZ_JBTLRJ010000002.1.region001.gbk_region_1	NZ_JBTLRJ010000002.1.region001	region	1	166	FAM_00475	other	Unknown	ectoine	other	NZ_JBTLRJ010000002.1 Devosia sp. CAU 1758 contig2, whole genome shotgun sequence	Unknown	other_c0.3_famFAM_00475	0.3
NZ_CP045422.1.region005.gbk_region_5	NZ_CP045422.1.region005	region	5	166	FAM_00475	other	Unknown	ectoine	other	NZ_CP045422.1 Devosia beringensis strain S02 chromosome, complete genome	Unknown	other_c0.3_famFAM_00475	0.3
NZ_JAMYXP010000001.1.region001.gbk_region_1	NZ_JAMYXP010000001.1.region001	region	1	166	FAM_00475	other	Unknown	ectoine	other	NZ_JAMYXP010000001.1 Devosia subaequoris strain HST3-14 Scaffold1, whole genome shotgun sequence	Unknown	other_c0.3_famFAM_00475	0.3
NZ_JACIEW010000001.1.region002.gbk_region_2	NZ_JACIEW010000001.1.region002	region	2	166	FAM_00475	other	Unknown	ectoine	other	NZ_JACIEW010000001.1 Devosia subaequoris strain DSM 23447 Ga0373328_01, whole genome shotgun sequence	Unknown	other_c0.3_famFAM_00475	0.3
NZ_CP146608.1.region001.gbk_region_1	NZ_CP146608.1.region001	region	1	166	FAM_00475	other	Unknown	ectoine	other	NZ_CP146608.1 Devosia sp. XK-2 chromosome, complete genome	Unknown	other_c0.3_famFAM_00475	0.3
NZ_WQRF01000001.1.region002.gbk_region_2	NZ_WQRF01000001.1.region002	region	2	166	FAM_00475	other	Unknown	ectoine	other	NZ_WQRF01000001.1 Devosia marina strain L53-10-65 NODE_1_length_1615214_cov_52.474690, whole genome shotgun sequence	Unknown	other_c0.3_famFAM_00475	0.3
NZ_CP080590.1.region003.gbk_region_3	NZ_CP080590.1.region003	region	3	166	FAM_00475	other	Unknown	ectoine	other	NZ_CP080590.1 Devosia salina strain SCS-3 chromosome, complete genome	Unknown	other_c0.3_famFAM_00475	0.3
NZ_CP170082.1.region006.gbk_region_6	NZ_CP170082.1.region006	region	6	166	FAM_00475	other	Unknown	ectoine	other	NZ_CP170082.1 Devosia sp. Naph2 chromosome, complete genome	Unknown	other_c0.3_famFAM_00475	0.3
NZ_CP026747.1.region006.gbk_region_6	NZ_CP026747.1.region006	region	6	166	FAM_00475	other	Unknown	ectoine	other	NZ_CP026747.1 Devosia sp. I507 chromosome, complete genome	Unknown	other_c0.3_famFAM_00475	0.3
NZ_JAGXTP010000001.1.region004.gbk_region_4	NZ_JAGXTP010000001.1.region004	region	4	166	FAM_00475	other	Unknown	ectoine	other	NZ_JAGXTP010000001.1 Devosia litorisediminis strain BSSL-BM10 1, whole genome shotgun sequence	Unknown	other_c0.3_famFAM_00475	0.3
NZ_FQVC01000010.1.region002.gbk_region_2	NZ_FQVC01000010.1.region002	region	2	166	FAM_00475	other	Unknown	ectoine	other	NZ_FQVC01000010.1 Devosia limi DSM 17137, whole genome shotgun sequence	Unknown	other_c0.3_famFAM_00475	0.3
NZ_CM147870.1.region005.gbk_region_5	NZ_CM147870.1.region005	region	5	166	FAM_00475	other	Unknown	ectoine	other	NZ_CM147870.1 Devosia sp. J2-20 chromosome, whole genome shotgun sequence	Unknown	other_c0.3_famFAM_00475	0.3
NZ_FPCK01000003.1.region001.gbk_region_1	NZ_FPCK01000003.1.region001	region	1	166	FAM_00475	other	Unknown	ectoine	other	NZ_FPCK01000003.1 Devosia crocina strain IPL20, whole genome shotgun sequence	Unknown	other_c0.3_famFAM_00475	0.3
NZ_JAVKFR010000022.1.region001.gbk_region_1	NZ_JAVKFR010000022.1.region001	region	1	166	FAM_00475	other	Unknown	ectoine	other	NZ_JAVKFR010000022.1 MAG: Devosia marina isolate F1-TOW-06 k141_60500, whole genome shotgun sequence	Unknown	other_c0.3_famFAM_00475	0.3
NZ_JAMZCU010000006.1.region001.gbk_region_1	NZ_JAMZCU010000006.1.region001	region	1	166	FAM_00475	other	Unknown	ectoine	other	NZ_JAMZCU010000006.1 Devosia ureilytica strain XJ19-1 Scaffold6, whole genome shotgun sequence	Unknown	other_c0.3_famFAM_00475	0.3
NZ_JACYFU010000004.1.region001.gbk_region_1	NZ_JACYFU010000004.1.region001	region	1	166	FAM_00475	other	Unknown	ectoine	other	NZ_JACYFU010000004.1 Devosia oryzisoli strain PTR5 contig4, whole genome shotgun sequence	Unknown	other_c0.3_famFAM_00475	0.3
NZ_JBNMEO010000008.1.region001.gbk_region_1	NZ_JBNMEO010000008.1.region001	region	1	166	FAM_00475	other	Unknown	ectoine	other	NZ_JBNMEO010000008.1 MAG: Devosia sp. isolate 3300055174_60 Ga0535679_0000094, whole genome shotgun sequence	Unknown	other_c0.3_famFAM_00475	0.3
NZ_FXWK01000001.1.region001.gbk_region_1	NZ_FXWK01000001.1.region001	region	1	166	FAM_00475	other	Unknown	ectoine	other	NZ_FXWK01000001.1 Devosia lucknowensis strain L15, whole genome shotgun sequence	Unknown	other_c0.3_famFAM_00475	0.3
NZ_PYVZ01000007.1.region001.gbk_region_1	NZ_PYVZ01000007.1.region001	region	1	166	FAM_00475	other	Unknown	ectoine	other	NZ_PYVZ01000007.1 Devosia indica strain IO390501 scaffold7, whole genome shotgun sequence	Unknown	other_c0.3_famFAM_00475	0.3
NZ_MKVA01000003.1.region002.gbk_region_2	NZ_MKVA01000003.1.region002	region	2	233	FAM_00476	other	Unknown	hserlactone	other	NZ_MKVA01000003.1 MAG: Devosia sp. 67-54 SCNpilot_cont_1000_bf_scaffold_18, whole genome shotgun sequence	Unknown	other_c0.3_famFAM_00476	0.3
NZ_JAFKHC010000005.1.region002.gbk_region_2	NZ_JAFKHC010000005.1.region002	region	2	233	FAM_00476	other	Unknown	hserlactone	other	NZ_JAFKHC010000005.1 MAG: Devosia sp. isolate SCN18_26_2_15_R2_B_67_34 SCN18_26_2_15_R2_B_scaffold_15, whole genome shotgun sequence	Unknown	other_c0.3_famFAM_00476	0.3
NZ_CP042304.1.region006.gbk_region_6	NZ_CP042304.1.region006	region	6	254	FAM_00477	other	Unknown	hserlactone	other	NZ_CP042304.1 Devosia ginsengisoli strain Gsoil 520 chromosome, complete genome	Unknown	other_c0.3_famFAM_00477	0.3
NZ_JAMZCU010000007.1.region001.gbk_region_1	NZ_JAMZCU010000007.1.region001	region	1	254	FAM_00477	other	Unknown	hserlactone	other	NZ_JAMZCU010000007.1 Devosia ureilytica strain XJ19-1 Scaffold7, whole genome shotgun sequence	Unknown	other_c0.3_famFAM_00477	0.3
NZ_LMEM01000013.1.region001.gbk_region_1	NZ_LMEM01000013.1.region001	region	1	254	FAM_00477	other	Unknown	hserlactone	other	NZ_LMEM01000013.1 Devosia sp. Root436 contig_6, whole genome shotgun sequence	Unknown	other_c0.3_famFAM_00477	0.3
NZ_WQRF01000004.1.region001.gbk_region_1	NZ_WQRF01000004.1.region001	region	1	254	FAM_00477	other	Unknown	hserlactone	other	NZ_WQRF01000004.1 Devosia marina strain L53-10-65 NODE_4_length_261075_cov_55.401212, whole genome shotgun sequence	Unknown	other_c0.3_famFAM_00477	0.3
NZ_JAEKMH010000003.1.region001.gbk_region_1	NZ_JAEKMH010000003.1.region001	region	1	254	FAM_00477	other	Unknown	hserlactone	other	NZ_JAEKMH010000003.1 Devosia sediminis strain MSA67 NODE_3_length_546602_cov_164.757561, whole genome shotgun sequence	Unknown	other_c0.3_famFAM_00477	0.3
NZ_JACDXV010000007.1.region001.gbk_region_1	NZ_JACDXV010000007.1.region001	region	1	254	FAM_00477	other	Unknown	hserlactone	other	NZ_JACDXV010000007.1 Devosia faecipullorum strain CC-YST696 contig07, whole genome shotgun sequence	Unknown	other_c0.3_famFAM_00477	0.3
NZ_CP075529.1.region005.gbk_region_5	NZ_CP075529.1.region005	region	5	254	FAM_00477	other	Unknown	hserlactone	other	NZ_CP075529.1 MAG: Devosia sp. isolate TGS_PRO11 chromosome	Unknown	other_c0.3_famFAM_00477	0.3
NZ_JBKJHF010000001.1.region001.gbk_region_1	NZ_JBKJHF010000001.1.region001	region	1	254	FAM_00477	other	Unknown	hserlactone	other	NZ_JBKJHF010000001.1 Devosia sp. XGJD_8 1, whole genome shotgun sequence	Unknown	other_c0.3_famFAM_00477	0.3
NZ_JANQAJ010000005.1.region001.gbk_region_1	NZ_JANQAJ010000005.1.region001	region	1	254	FAM_00477	other	Unknown	hserlactone	other	NZ_JANQAJ010000005.1 MAG: Devosia ginsengisoli isolate 46_gen_w_cov.5 c370, whole genome shotgun sequence	Unknown	other_c0.3_famFAM_00477	0.3
NZ_LMGZ01000022.1.region001.gbk_region_1	NZ_LMGZ01000022.1.region001	region	1	254	FAM_00477	other	Unknown	hserlactone	other	NZ_LMGZ01000022.1 Devosia sp. Root635 contig_7, whole genome shotgun sequence	Unknown	other_c0.3_famFAM_00477	0.3
NZ_JAMWDU010000007.1.region001.gbk_region_1	NZ_JAMWDU010000007.1.region001	region	1	254	FAM_00477	other	Unknown	hserlactone	other	NZ_JAMWDU010000007.1 Devosia ureilytica strain XJ19-45 Scaffold7, whole genome shotgun sequence	Unknown	other_c0.3_famFAM_00477	0.3
NZ_CP080590.1.region001.gbk_region_1	NZ_CP080590.1.region001	region	1	254	FAM_00478	other	Unknown	hserlactone	other	NZ_CP080590.1 Devosia salina strain SCS-3 chromosome, complete genome	Unknown	other_c0.3_famFAM_00478	0.3
NZ_CP094375.1.region004.gbk_region_4	NZ_CP094375.1.region004	region	4	254	FAM_00478	other	Unknown	hserlactone	other	NZ_CP094375.1 Devosia sp. Micro-HW1 chromosome, complete genome	Unknown	other_c0.3_famFAM_00478	0.3
NZ_CP170082.1.region001.gbk_region_1	NZ_CP170082.1.region001	region	1	254	FAM_00478	other	Unknown	hserlactone	other	NZ_CP170082.1 Devosia sp. Naph2 chromosome, complete genome	Unknown	other_c0.3_famFAM_00478	0.3
NZ_JAMYXP010000006.1.region001.gbk_region_1	NZ_JAMYXP010000006.1.region001	region	1	254	FAM_00478	other	Unknown	hserlactone	other	NZ_JAMYXP010000006.1 Devosia subaequoris strain HST3-14 Scaffold6, whole genome shotgun sequence	Unknown	other_c0.3_famFAM_00478	0.3
NZ_JBHRYD010000007.1.region001.gbk_region_1	NZ_JBHRYD010000007.1.region001	region	1	254	FAM_00478	other	Unknown	hserlactone	other	NZ_JBHRYD010000007.1 Devosia honganensis strain KCTC 42281 platanus_K_25_97_7, whole genome shotgun sequence	Unknown	other_c0.3_famFAM_00478	0.3
NZ_CP146608.1.region002.gbk_region_2	NZ_CP146608.1.region002	region	2	254	FAM_00478	other	Unknown	hserlactone	other	NZ_CP146608.1 Devosia sp. XK-2 chromosome, complete genome	Unknown	other_c0.3_famFAM_00478	0.3
NZ_CP026747.1.region002.gbk_region_2	NZ_CP026747.1.region002	region	2	254	FAM_00478	other	Unknown	hserlactone	other	NZ_CP026747.1 Devosia sp. I507 chromosome, complete genome	Unknown	other_c0.3_famFAM_00478	0.3
NZ_JAVKFR010000010.1.region001.gbk_region_1	NZ_JAVKFR010000010.1.region001	region	1	254	FAM_00478	other	Unknown	hserlactone	other	NZ_JAVKFR010000010.1 MAG: Devosia marina isolate F1-TOW-06 k141_67463, whole genome shotgun sequence	Unknown	other_c0.3_famFAM_00478	0.3
NZ_PYVZ01000001.1.region001.gbk_region_1	NZ_PYVZ01000001.1.region001	region	1	254	FAM_00478	other	Unknown	hserlactone	other	NZ_PYVZ01000001.1 Devosia indica strain IO390501 scaffold1, whole genome shotgun sequence	Unknown	other_c0.3_famFAM_00478	0.3
NZ_JBTLRJ010000005.1.region001.gbk_region_1	NZ_JBTLRJ010000005.1.region001	region	1	254	FAM_00478	other	Unknown	hserlactone	other	NZ_JBTLRJ010000005.1 Devosia sp. CAU 1758 contig5, whole genome shotgun sequence	Unknown	other_c0.3_famFAM_00478	0.3
NZ_JACIEW010000006.1.region001.gbk_region_1	NZ_JACIEW010000006.1.region001	region	1	254	FAM_00478	other	Unknown	hserlactone	other	NZ_JACIEW010000006.1 Devosia subaequoris strain DSM 23447 Ga0373328_06, whole genome shotgun sequence	Unknown	other_c0.3_famFAM_00478	0.3
NZ_JABAOM010000002.1.region001.gbk_region_1	NZ_JABAOM010000002.1.region001	region	1	495	FAM_00479	other	Unknown	hserlactone	other	NZ_JABAOM010000002.1 Devosia sp. 1635 Scaffold2_1, whole genome shotgun sequence	Unknown	other_c0.3_famFAM_00479	0.3
NZ_JABAOL010000001.1.region004.gbk_region_4	NZ_JABAOL010000001.1.region004	region	4	495	FAM_00479	other	Unknown	hserlactone	other	NZ_JABAOL010000001.1 Devosia sp. 919 Scaffold1_1, whole genome shotgun sequence	Unknown	other_c0.3_famFAM_00479	0.3
NZ_JBYUNQ010000001.1.region002.gbk_region_2	NZ_JBYUNQ010000001.1.region002	region	2	495	FAM_00479	other	Unknown	hserlactone	other	NZ_JBYUNQ010000001.1 Devosia sp. Z11_6 NODE_1_length_1109201_cov_151.543683, whole genome shotgun sequence	Unknown	other_c0.3_famFAM_00479	0.3
NZ_CP034767.1.region003.gbk_region_3	NZ_CP034767.1.region003	region	3	495	FAM_00479	other	Unknown	hserlactone	other	NZ_CP034767.1 Devosia sp. 1566 chromosome, complete genome	Unknown	other_c0.3_famFAM_00479	0.3
NZ_JBYUNO010000003.1.region001.gbk_region_1	NZ_JBYUNO010000003.1.region001	region	1	495	FAM_00479	other	Unknown	hserlactone	other	NZ_JBYUNO010000003.1 Devosia sp. Z6_126 NODE_3_length_955106_cov_138.820264, whole genome shotgun sequence	Unknown	other_c0.3_famFAM_00479	0.3
NZ_CP104002.1.region003.gbk_region_3	NZ_CP104002.1.region003	region	3	624	FAM_00480	other	Unknown	hserlactone	other	NZ_CP104002.1 Devosia sp. SD17-2 chromosome, complete genome	Unknown	other_c0.3_famFAM_00480	0.3
NZ_JACDXV010000002.1.region003.gbk_region_3	NZ_JACDXV010000002.1.region003	region	3	624	FAM_00480	other	Unknown	hserlactone	other	NZ_JACDXV010000002.1 Devosia faecipullorum strain CC-YST696 contig02, whole genome shotgun sequence	Unknown	other_c0.3_famFAM_00480	0.3
NZ_CP104007.1.region004.gbk_region_4	NZ_CP104007.1.region004	region	4	624	FAM_00480	other	Unknown	hserlactone	other	NZ_CP104007.1 Devosia sp. FJ2-5-3 chromosome, complete genome	Unknown	other_c0.3_famFAM_00480	0.3
NZ_JADGNE010000026.1.region001.gbk_region_1	NZ_JADGNE010000026.1.region001	region	1	624	FAM_00480	other	Unknown	hserlactone	other	NZ_JADGNE010000026.1 MAG: Devosia sp. isolate N26CT NODE_199_length_38659_cov_21.121360, whole genome shotgun sequence	Unknown	other_c0.3_famFAM_00480	0.3
NZ_FPCK01000001.1.region001.gbk_region_1	NZ_FPCK01000001.1.region001	region	1	624	FAM_00481	other	Unknown	hserlactone	other	NZ_FPCK01000001.1 Devosia crocina strain IPL20, whole genome shotgun sequence	Unknown	other_c0.3_famFAM_00481	0.3
NZ_JBMQPQ010000012.1.region001.gbk_region_1	NZ_JBMQPQ010000012.1.region001	region	1	624	FAM_00481	other	Unknown	hserlactone	other	NZ_JBMQPQ010000012.1 MAG: Devosia sp. isolate isolate1_meta_1_34 k141_568073, whole genome shotgun sequence	Unknown	other_c0.3_famFAM_00481	0.3
NZ_JZEY01000061.1.region002.gbk_region_2	NZ_JZEY01000061.1.region002	region	2	624	FAM_00481	other	Unknown	hserlactone	other	NZ_JZEY01000061.1 Devosia chinhatensis strain IPL18 NODE_61, whole genome shotgun sequence	Unknown	other_c0.3_famFAM_00481	0.3
NZ_JCACVZ010000001.1.region001.gbk_region_1	NZ_JCACVZ010000001.1.region001	region	1	624	FAM_00481	other	Unknown	hserlactone	other	NZ_JCACVZ010000001.1 MAG: Devosia sp. isolate TerP_2 Oxa_002_000000000117, whole genome shotgun sequence	Unknown	other_c0.3_famFAM_00481	0.3
NZ_JACYFU010000004.1.region002.gbk_region_2	NZ_JACYFU010000004.1.region002	region	2	624	FAM_00481	other	Unknown	hserlactone	other	NZ_JACYFU010000004.1 Devosia oryzisoli strain PTR5 contig4, whole genome shotgun sequence	Unknown	other_c0.3_famFAM_00481	0.3
NZ_LMHK01000002.1.region001.gbk_region_1	NZ_LMHK01000002.1.region001	region	1	624	FAM_00481	other	Unknown	hserlactone	other	NZ_LMHK01000002.1 Devosia sp. Root685 contig_2, whole genome shotgun sequence	Unknown	other_c0.3_famFAM_00481	0.3
NZ_LMQU01000011.1.region001.gbk_region_1	NZ_LMQU01000011.1.region001	region	1	624	FAM_00481	other	Unknown	hserlactone	other	NZ_LMQU01000011.1 Devosia sp. Leaf420 contig_4, whole genome shotgun sequence	Unknown	other_c0.3_famFAM_00481	0.3
NZ_CAXUPK020000002.1.region001.gbk_region_1	NZ_CAXUPK020000002.1.region001	region	1	624	FAM_00481	other	Unknown	hserlactone	other	NZ_CAXUPK020000002.1 Devosia sp. LjRoot3 LJR003c2, whole genome shotgun sequence	Unknown	other_c0.3_famFAM_00481	0.3
NZ_CP075529.1.region004.gbk_region_4	NZ_CP075529.1.region004	region	4	624	FAM_00481	other	Unknown	hserlactone	other	NZ_CP075529.1 MAG: Devosia sp. isolate TGS_PRO11 chromosome	Unknown	other_c0.3_famFAM_00481	0.3
NZ_LMLO01000012.1.region001.gbk_region_1	NZ_LMLO01000012.1.region001	region	1	624	FAM_00481	other	Unknown	hserlactone	other	NZ_LMLO01000012.1 Devosia sp. Leaf64 contig_2, whole genome shotgun sequence	Unknown	other_c0.3_famFAM_00481	0.3
NZ_JQGC01000019.1.region001.gbk_region_1	NZ_JQGC01000019.1.region001	region	1	624	FAM_00481	other	Unknown	hserlactone	other	NZ_JQGC01000019.1 Devosia riboflavina strain IFO13584 contig19, whole genome shotgun sequence	Unknown	other_c0.3_famFAM_00481	0.3
NZ_CDRNJH010000001.1.region002.gbk_region_2	NZ_CDRNJH010000001.1.region002	region	2	624	FAM_00481	other	Unknown	hserlactone	other	NZ_CDRNJH010000001.1 Devosia riboflavina isolate Ri144 gnlProkkaBTCC_1, whole genome shotgun sequence	Unknown	other_c0.3_famFAM_00481	0.3
NZ_LAJG01000048.1.region001.gbk_region_1	NZ_LAJG01000048.1.region001	region	1	624	FAM_00481	other	Unknown	hserlactone	other	NZ_LAJG01000048.1 Devosia soli strain GH2-10 NODE_48, whole genome shotgun sequence	Unknown	other_c0.3_famFAM_00481	0.3
NZ_CP068046.1.region001.gbk_region_1	NZ_CP068046.1.region001	region	1	624	FAM_00481	other	Unknown	hserlactone	other	NZ_CP068046.1 Devosia rhizoryzae strain LEGU1 chromosome	Unknown	other_c0.3_famFAM_00481	0.3
NZ_JAIMBX010000003.1.region002.gbk_region_2	NZ_JAIMBX010000003.1.region002	region	2	624	FAM_00481	other	Unknown	hserlactone	other	NZ_JAIMBX010000003.1 Devosia sp. BK 9_Devo_3, whole genome shotgun sequence	Unknown	other_c0.3_famFAM_00481	0.3
NZ_JACIEW010000005.1.region001.gbk_region_1	NZ_JACIEW010000005.1.region001	region	1	624	FAM_00482	other	Unknown	hserlactone	other	NZ_JACIEW010000005.1 Devosia subaequoris strain DSM 23447 Ga0373328_05, whole genome shotgun sequence	Unknown	other_c0.3_famFAM_00482	0.3
NZ_WQRF01000003.1.region001.gbk_region_1	NZ_WQRF01000003.1.region001	region	1	624	FAM_00482	other	Unknown	hserlactone	other	NZ_WQRF01000003.1 Devosia marina strain L53-10-65 NODE_3_length_483147_cov_54.383006, whole genome shotgun sequence	Unknown	other_c0.3_famFAM_00482	0.3
NZ_JAMYXP010000004.1.region001.gbk_region_1	NZ_JAMYXP010000004.1.region001	region	1	624	FAM_00482	other	Unknown	hserlactone	other	NZ_JAMYXP010000004.1 Devosia subaequoris strain HST3-14 Scaffold4, whole genome shotgun sequence	Unknown	other_c0.3_famFAM_00482	0.3
NZ_FXWK01000001.1.region005.gbk_region_5	NZ_FXWK01000001.1.region005	region	5	624	FAM_00482	other	Unknown	hserlactone	other	NZ_FXWK01000001.1 Devosia lucknowensis strain L15, whole genome shotgun sequence	Unknown	other_c0.3_famFAM_00482	0.3
NZ_CP094375.1.region002.gbk_region_2	NZ_CP094375.1.region002	region	2	624	FAM_00482	other	Unknown	hserlactone	other	NZ_CP094375.1 Devosia sp. Micro-HW1 chromosome, complete genome	Unknown	other_c0.3_famFAM_00482	0.3
NZ_JAVKFR010000024.1.region001.gbk_region_1	NZ_JAVKFR010000024.1.region001	region	1	624	FAM_00482	other	Unknown	hserlactone	other	NZ_JAVKFR010000024.1 MAG: Devosia marina isolate F1-TOW-06 k141_61152, whole genome shotgun sequence	Unknown	other_c0.3_famFAM_00482	0.3
NZ_STGC01000005.1.region006.gbk_region_6	NZ_STGC01000005.1.region006	region	6	624	FAM_00482	other	Unknown	hserlactone	other	NZ_STGC01000005.1 Devosia sp. FKR38 NODE_14_length_2742056_cov_203.257278, whole genome shotgun sequence	Unknown	other_c0.3_famFAM_00482	0.3
NZ_CP080590.1.region006.gbk_region_6	NZ_CP080590.1.region006	region	6	624	FAM_00483	other	Unknown	hserlactone	other	NZ_CP080590.1 Devosia salina strain SCS-3 chromosome, complete genome	Unknown	other_c0.3_famFAM_00483	0.3
NZ_CP170082.1.region003.gbk_region_3	NZ_CP170082.1.region003	region	3	624	FAM_00483	other	Unknown	hserlactone	other	NZ_CP170082.1 Devosia sp. Naph2 chromosome, complete genome	Unknown	other_c0.3_famFAM_00483	0.3
NZ_JBKJHF010000002.1.region001.gbk_region_1	NZ_JBKJHF010000002.1.region001	region	1	624	FAM_00483	other	Unknown	hserlactone	other	NZ_JBKJHF010000002.1 Devosia sp. XGJD_8 2, whole genome shotgun sequence	Unknown	other_c0.3_famFAM_00483	0.3
NZ_JBTLRJ010000001.1.region001.gbk_region_1	NZ_JBTLRJ010000001.1.region001	region	1	624	FAM_00483	other	Unknown	hserlactone	other	NZ_JBTLRJ010000001.1 Devosia sp. CAU 1758 contig1, whole genome shotgun sequence	Unknown	other_c0.3_famFAM_00483	0.3
NZ_JAMZCU010000005.1.region001.gbk_region_1	NZ_JAMZCU010000005.1.region001	region	1	624	FAM_00483	other	Unknown	hserlactone	other	NZ_JAMZCU010000005.1 Devosia ureilytica strain XJ19-1 Scaffold5, whole genome shotgun sequence	Unknown	other_c0.3_famFAM_00483	0.3
NZ_JAMWDU010000005.1.region001.gbk_region_1	NZ_JAMWDU010000005.1.region001	region	1	624	FAM_00483	other	Unknown	hserlactone	other	NZ_JAMWDU010000005.1 Devosia ureilytica strain XJ19-45 Scaffold5, whole genome shotgun sequence	Unknown	other_c0.3_famFAM_00483	0.3
NZ_JABBDZ010000006.1.region001.gbk_region_1	NZ_JABBDZ010000006.1.region001	region	1	624	FAM_00484	other	Unknown	hserlactone	other	NZ_JABBDZ010000006.1 Devosia sp. MC1541 Scaffold6_1, whole genome shotgun sequence	Unknown	other_c0.3_famFAM_00484	0.3
NZ_JAENGO010000004.1.region001.gbk_region_1	NZ_JAENGO010000004.1.region001	region	1	624	FAM_00484	other	Unknown	hserlactone	other	NZ_JAENGO010000004.1 Devosia sp. WQ 349K1 Scaffold3_1, whole genome shotgun sequence	Unknown	other_c0.3_famFAM_00484	0.3
NZ_JAEMEB010000016.1.region001.gbk_region_1	NZ_JAEMEB010000016.1.region001	region	1	624	FAM_00484	other	Unknown	hserlactone	other	NZ_JAEMEB010000016.1 Devosia sp. MC521 Scaffold16_1, whole genome shotgun sequence	Unknown	other_c0.3_famFAM_00484	0.3
NZ_CP059902.1.region004.gbk_region_4	NZ_CP059902.1.region004	region	4	624	FAM_00484	other	Unknown	hserlactone	other	NZ_CP059902.1 Devosia sp. MC521 chromosome, complete genome	Unknown	other_c0.3_famFAM_00484	0.3
NZ_JAEMNZ010000007.1.region001.gbk_region_1	NZ_JAEMNZ010000007.1.region001	region	1	624	FAM_00484	other	Unknown	hserlactone	other	NZ_JAEMNZ010000007.1 Devosia sp. MC532 Scaffold7_1, whole genome shotgun sequence	Unknown	other_c0.3_famFAM_00484	0.3
NZ_LMGZ01000023.1.region001.gbk_region_1	NZ_LMGZ01000023.1.region001	region	1	624	FAM_00485	other	Unknown	hserlactone	other	NZ_LMGZ01000023.1 Devosia sp. Root635 contig_8, whole genome shotgun sequence	Unknown	other_c0.3_famFAM_00485	0.3
NZ_LAJF01000036.1.region001.gbk_region_1	NZ_LAJF01000036.1.region001	region	1	624	FAM_00485	other	Unknown	hserlactone	other	NZ_LAJF01000036.1 Devosia limi DSM 17137 NODE_36, whole genome shotgun sequence	Unknown	other_c0.3_famFAM_00485	0.3
NZ_LVVY01000098.1.region001.gbk_region_1	NZ_LVVY01000098.1.region001	region	1	624	FAM_00485	other	Unknown	hserlactone	other	NZ_LVVY01000098.1 Devosia elaeis strain S37 DIN_R1_(paired)_trimmed_(paired)_contig_50, whole genome shotgun sequence	Unknown	other_c0.3_famFAM_00485	0.3
NZ_PYVW01000002.1.region001.gbk_region_1	NZ_PYVW01000002.1.region001	region	1	624	FAM_00485	other	Unknown	hserlactone	other	NZ_PYVW01000002.1 Devosia naphthalenivorans strain CM5-1 scaffold2, whole genome shotgun sequence	Unknown	other_c0.3_famFAM_00485	0.3
NZ_FQVC01000003.1.region001.gbk_region_1	NZ_FQVC01000003.1.region001	region	1	624	FAM_00485	other	Unknown	hserlactone	other	NZ_FQVC01000003.1 Devosia limi DSM 17137, whole genome shotgun sequence	Unknown	other_c0.3_famFAM_00485	0.3
NZ_CP126539.1.region001.gbk_region_1	NZ_CP126539.1.region001	region	1	624	FAM_00485	other	Unknown	hserlactone	other	NZ_CP126539.1 Devosia rhizosphaerae strain RR2S18 chromosome, complete genome	Unknown	other_c0.3_famFAM_00485	0.3
NZ_PYWB01000008.1.region001.gbk_region_1	NZ_PYWB01000008.1.region001	region	1	624	FAM_00485	other	Unknown	hserlactone	other	NZ_PYWB01000008.1 Devosia submarina strain JCM 18935 scaffold8, whole genome shotgun sequence	Unknown	other_c0.3_famFAM_00485	0.3
NZ_BSNG01000001.1.region001.gbk_region_1	NZ_BSNG01000001.1.region001	region	1	624	FAM_00486	other	Unknown	hserlactone	other	NZ_BSNG01000001.1 Devosia yakushimensis strain NBRC 103855 sequence01, whole genome shotgun sequence	Unknown	other_c0.3_famFAM_00486	0.3
NZ_JNNO01000044.1.region001.gbk_region_1	NZ_JNNO01000044.1.region001	region	1	624	FAM_00486	other	Unknown	hserlactone	other	NZ_JNNO01000044.1 Devosia sp. LC5 contig6, whole genome shotgun sequence	Unknown	other_c0.3_famFAM_00486	0.3
NZ_JBJDRE010000012.1.region001.gbk_region_1	NZ_JBJDRE010000012.1.region001	region	1	624	FAM_00486	other	Unknown	hserlactone	other	NZ_JBJDRE010000012.1 Devosia sp. ZW T5_3 ZW_T5_3_contig_012, whole genome shotgun sequence	Unknown	other_c0.3_famFAM_00486	0.3
NZ_CP104965.1.region002.gbk_region_2	NZ_CP104965.1.region002	region	2	624	FAM_00486	other	Unknown	hserlactone	other	NZ_CP104965.1 Devosia neptuniae strain A18/4-1 chromosome, complete genome	Unknown	other_c0.3_famFAM_00486	0.3
NZ_JAENGO010000001.1.region001.gbk_region_1	NZ_JAENGO010000001.1.region001	region	1	876	FAM_00487	other	Unknown	betalactone	other	NZ_JAENGO010000001.1 Devosia sp. WQ 349K1 Scaffold1_1, whole genome shotgun sequence	Unknown	other_c0.3_famFAM_00487	0.3
NZ_JAEMEB010000003.1.region001.gbk_region_1	NZ_JAEMEB010000003.1.region001	region	1	876	FAM_00487	other	Unknown	betalactone	other	NZ_JAEMEB010000003.1 Devosia sp. MC521 Scaffold3_1, whole genome shotgun sequence	Unknown	other_c0.3_famFAM_00487	0.3
NZ_JAEMNZ010000002.1.region001.gbk_region_1	NZ_JAEMNZ010000002.1.region001	region	1	876	FAM_00487	other	Unknown	betalactone	other	NZ_JAEMNZ010000002.1 Devosia sp. MC532 Scaffold2_1, whole genome shotgun sequence	Unknown	other_c0.3_famFAM_00487	0.3
NZ_CP059902.1.region003.gbk_region_3	NZ_CP059902.1.region003	region	3	876	FAM_00487	other	Unknown	betalactone	other	NZ_CP059902.1 Devosia sp. MC521 chromosome, complete genome	Unknown	other_c0.3_famFAM_00487	0.3
NZ_JABBDZ010000005.1.region001.gbk_region_1	NZ_JABBDZ010000005.1.region001	region	1	876	FAM_00487	other	Unknown	betalactone	other	NZ_JABBDZ010000005.1 Devosia sp. MC1541 Scaffold5_1, whole genome shotgun sequence	Unknown	other_c0.3_famFAM_00487	0.3
NZ_JBVKGV010000043.1.region001.gbk_region_1	NZ_JBVKGV010000043.1.region001	region	1	1047	FAM_00488	other	Unknown	hserlactone	other	NZ_JBVKGV010000043.1 MAG: Devosia sp. isolate ML34-006-05 ML34_006_NODE_920_length_25440_cov_2.136373, whole genome shotgun sequence	Unknown	other_c0.3_famFAM_00488	0.3
NZ_JBTSEP010000004.1.region001.gbk_region_1	NZ_JBTSEP010000004.1.region001	region	1	1047	FAM_00488	other	Unknown	hserlactone	other	NZ_JBTSEP010000004.1 MAG: Devosia sp. isolate ML34-012-05 ML34_012_NODE_48_length_147816_cov_8.746420, whole genome shotgun sequence	Unknown	other_c0.3_famFAM_00488	0.3
NZ_CP170084.1.region001.gbk_region_1	NZ_CP170084.1.region001	region	1	1047	FAM_00488	other	Unknown	hserlactone	other	NZ_CP170084.1 Devosia sp. Naph2 plasmid unnamed2, complete sequence	Unknown	other_c0.3_famFAM_00488	0.3
NZ_JBEPOL010000012.1.region001.gbk_region_1	NZ_JBEPOL010000012.1.region001	region	1	1047	FAM_00489	other	Unknown	hserlactone	other	NZ_JBEPOL010000012.1 Devosia sp. UYZn731 Ga0493902_12, whole genome shotgun sequence	Unknown	other_c0.3_famFAM_00489	0.3
NZ_CP104964.1.region001.gbk_region_1	NZ_CP104964.1.region001	region	1	1047	FAM_00489	other	Unknown	hserlactone	other	NZ_CP104964.1 Devosia neptuniae strain A18/4-1 plasmid p_unnamed1, complete sequence	Unknown	other_c0.3_famFAM_00489	0.3
NZ_CP170085.1.region001.gbk_region_1	NZ_CP170085.1.region001	region	1	1047	FAM_00489	other	Unknown	hserlactone	other	NZ_CP170085.1 Devosia sp. Naph2 plasmid unnamed3, complete sequence	Unknown	other_c0.3_famFAM_00489	0.3
NZ_JAMZCU010000003.1.region001.gbk_region_1	NZ_JAMZCU010000003.1.region001	region	1	1086	FAM_00490	other	Unknown	betalactone	other	NZ_JAMZCU010000003.1 Devosia ureilytica strain XJ19-1 Scaffold3, whole genome shotgun sequence	Unknown	other_c0.3_famFAM_00490	0.3
NZ_WQRF01000001.1.region004.gbk_region_4	NZ_WQRF01000001.1.region004	region	4	1086	FAM_00490	other	Unknown	betalactone	other	NZ_WQRF01000001.1 Devosia marina strain L53-10-65 NODE_1_length_1615214_cov_52.474690, whole genome shotgun sequence	Unknown	other_c0.3_famFAM_00490	0.3
NZ_CP026747.1.region004.gbk_region_4	NZ_CP026747.1.region004	region	4	1086	FAM_00490	other	Unknown	betalactone	other	NZ_CP026747.1 Devosia sp. I507 chromosome, complete genome	Unknown	other_c0.3_famFAM_00490	0.3
NZ_CP146608.1.region005.gbk_region_5	NZ_CP146608.1.region005	region	5	1086	FAM_00490	other	Unknown	betalactone	other	NZ_CP146608.1 Devosia sp. XK-2 chromosome, complete genome	Unknown	other_c0.3_famFAM_00490	0.3
NZ_PYVZ01000019.1.region001.gbk_region_1	NZ_PYVZ01000019.1.region001	region	1	1086	FAM_00490	other	Unknown	betalactone	other	NZ_PYVZ01000019.1 Devosia indica strain IO390501 scaffold19, whole genome shotgun sequence	Unknown	other_c0.3_famFAM_00490	0.3
NZ_JAMWDU010000003.1.region001.gbk_region_1	NZ_JAMWDU010000003.1.region001	region	1	1086	FAM_00490	other	Unknown	betalactone	other	NZ_JAMWDU010000003.1 Devosia ureilytica strain XJ19-45 Scaffold3, whole genome shotgun sequence	Unknown	other_c0.3_famFAM_00490	0.3
NZ_JAGXTP010000001.1.region002.gbk_region_2	NZ_JAGXTP010000001.1.region002	region	2	1086	FAM_00491	other	Unknown	betalactone	other	NZ_JAGXTP010000001.1 Devosia litorisediminis strain BSSL-BM10 1, whole genome shotgun sequence	Unknown	other_c0.3_famFAM_00491	0.3
NZ_CM147870.1.region003.gbk_region_3	NZ_CM147870.1.region003	region	3	1086	FAM_00491	other	Unknown	betalactone	other	NZ_CM147870.1 Devosia sp. J2-20 chromosome, whole genome shotgun sequence	Unknown	other_c0.3_famFAM_00491	0.3
NZ_CP045422.1.region004.gbk_region_4	NZ_CP045422.1.region004	region	4	1086	FAM_00491	other	Unknown	betalactone	other	NZ_CP045422.1 Devosia beringensis strain S02 chromosome, complete genome	Unknown	other_c0.3_famFAM_00491	0.3
NZ_CP118245.1.region006.gbk_region_6	NZ_CP118245.1.region006	region	6	1086	FAM_00491	other	Unknown	betalactone	other	NZ_CP118245.1 Devosia sp. J2-20 chromosome	Unknown	other_c0.3_famFAM_00491	0.3
NZ_STGC01000005.1.region004.gbk_region_4	NZ_STGC01000005.1.region004	region	4	1086	FAM_00491	other	Unknown	betalactone	other	NZ_STGC01000005.1 Devosia sp. FKR38 NODE_14_length_2742056_cov_203.257278, whole genome shotgun sequence	Unknown	other_c0.3_famFAM_00491	0.3
NZ_JAPWHK010000003.1.region001.gbk_region_1	NZ_JAPWHK010000003.1.region001	region	1	1086	FAM_00491	other	Unknown	betalactone	other	NZ_JAPWHK010000003.1 Devosia neptuniae strain G21611-S1 NODE_3_length_471733_cov_115.273, whole genome shotgun sequence	Unknown	other_c0.3_famFAM_00491	0.3
NZ_JBNMEO010000093.1.region001.gbk_region_1	NZ_JBNMEO010000093.1.region001	region	1	1086	FAM_00491	other	Unknown	betalactone	other	NZ_JBNMEO010000093.1 MAG: Devosia sp. isolate 3300055174_60 Ga0535679_0004564, whole genome shotgun sequence	Unknown	other_c0.3_famFAM_00491	0.3
NZ_LMHK01000001.1.region001.gbk_region_1	NZ_LMHK01000001.1.region001	region	1	1086	FAM_00492	other	Unknown	betalactone	other	NZ_LMHK01000001.1 Devosia sp. Root685 contig_1, whole genome shotgun sequence	Unknown	other_c0.3_famFAM_00492	0.3
NZ_JAIMBX010000001.1.region001.gbk_region_1	NZ_JAIMBX010000001.1.region001	region	1	1086	FAM_00492	other	Unknown	betalactone	other	NZ_JAIMBX010000001.1 Devosia sp. BK 9_Devo_1, whole genome shotgun sequence	Unknown	other_c0.3_famFAM_00492	0.3
NZ_LMLO01000024.1.region001.gbk_region_1	NZ_LMLO01000024.1.region001	region	1	1086	FAM_00492	other	Unknown	betalactone	other	NZ_LMLO01000024.1 Devosia sp. Leaf64 contig_9, whole genome shotgun sequence	Unknown	other_c0.3_famFAM_00492	0.3
NZ_CDRNJH010000001.1.region003.gbk_region_3	NZ_CDRNJH010000001.1.region003	region	3	1086	FAM_00492	other	Unknown	betalactone	other	NZ_CDRNJH010000001.1 Devosia riboflavina isolate Ri144 gnlProkkaBTCC_1, whole genome shotgun sequence	Unknown	other_c0.3_famFAM_00492	0.3
NZ_FPCK01000001.1.region002.gbk_region_2	NZ_FPCK01000001.1.region002	region	2	1086	FAM_00492	other	Unknown	betalactone	other	NZ_FPCK01000001.1 Devosia crocina strain IPL20, whole genome shotgun sequence	Unknown	other_c0.3_famFAM_00492	0.3
NZ_JBMQPQ010000014.1.region001.gbk_region_1	NZ_JBMQPQ010000014.1.region001	region	1	1086	FAM_00492	other	Unknown	betalactone	other	NZ_JBMQPQ010000014.1 MAG: Devosia sp. isolate isolate1_meta_1_34 k141_605893, whole genome shotgun sequence	Unknown	other_c0.3_famFAM_00492	0.3
NZ_LMQU01000013.1.region001.gbk_region_1	NZ_LMQU01000013.1.region001	region	1	1086	FAM_00492	other	Unknown	betalactone	other	NZ_LMQU01000013.1 Devosia sp. Leaf420 contig_6, whole genome shotgun sequence	Unknown	other_c0.3_famFAM_00492	0.3
NZ_JQGC01000033.1.region001.gbk_region_1	NZ_JQGC01000033.1.region001	region	1	1086	FAM_00492	other	Unknown	betalactone	other	NZ_JQGC01000033.1 Devosia riboflavina strain IFO13584 contig33, whole genome shotgun sequence	Unknown	other_c0.3_famFAM_00492	0.3
NZ_CAXUPK020000005.1.region001.gbk_region_1	NZ_CAXUPK020000005.1.region001	region	1	1086	FAM_00492	other	Unknown	betalactone	other	NZ_CAXUPK020000005.1 Devosia sp. LjRoot3 LJR003c5, whole genome shotgun sequence	Unknown	other_c0.3_famFAM_00492	0.3
NZ_JCACVZ010000001.1.region002.gbk_region_2	NZ_JCACVZ010000001.1.region002	region	2	1086	FAM_00492	other	Unknown	betalactone	other	NZ_JCACVZ010000001.1 MAG: Devosia sp. isolate TerP_2 Oxa_002_000000000117, whole genome shotgun sequence	Unknown	other_c0.3_famFAM_00492	0.3
NZ_LMGZ01000018.1.region001.gbk_region_1	NZ_LMGZ01000018.1.region001	region	1	1086	FAM_00493	other	Unknown	betalactone	other	NZ_LMGZ01000018.1 Devosia sp. Root635 contig_3, whole genome shotgun sequence	Unknown	other_c0.3_famFAM_00493	0.3
NZ_CP042304.1.region003.gbk_region_3	NZ_CP042304.1.region003	region	3	1086	FAM_00493	other	Unknown	betalactone	other	NZ_CP042304.1 Devosia ginsengisoli strain Gsoil 520 chromosome, complete genome	Unknown	other_c0.3_famFAM_00493	0.3
NZ_LAJG01000014.1.region002.gbk_region_2	NZ_LAJG01000014.1.region002	region	2	1086	FAM_00494	other	Unknown	betalactone	other	NZ_LAJG01000014.1 Devosia soli strain GH2-10 NODE_14, whole genome shotgun sequence	Unknown	other_c0.3_famFAM_00494	0.3
NZ_JBTLRJ010000001.1.region002.gbk_region_2	NZ_JBTLRJ010000001.1.region002	region	2	1086	FAM_00494	other	Unknown	betalactone	other	NZ_JBTLRJ010000001.1 Devosia sp. CAU 1758 contig1, whole genome shotgun sequence	Unknown	other_c0.3_famFAM_00494	0.3
NZ_MKVA01000005.1.region001.gbk_region_1	NZ_MKVA01000005.1.region001	region	1	1436	FAM_00495	other	Unknown	betalactone	other	NZ_MKVA01000005.1 MAG: Devosia sp. 67-54 SCNpilot_cont_1000_bf_scaffold_3, whole genome shotgun sequence	Unknown	other_c0.3_famFAM_00495	0.3
NZ_JAFKHC010000003.1.region001.gbk_region_1	NZ_JAFKHC010000003.1.region001	region	1	1436	FAM_00495	other	Unknown	betalactone	other	NZ_JAFKHC010000003.1 MAG: Devosia sp. isolate SCN18_26_2_15_R2_B_67_34 SCN18_26_2_15_R2_B_scaffold_2, whole genome shotgun sequence	Unknown	other_c0.3_famFAM_00495	0.3
NZ_JAQGJV010000082.1.region001.gbk_region_1	NZ_JAQGJV010000082.1.region001	region	1	1536	FAM_00496	other	Unknown	betalactone	other	NZ_JAQGJV010000082.1 MAG: Devosia sp. isolate RYN_494 scaffold_251191, whole genome shotgun sequence	Unknown	other_c0.3_famFAM_00496	0.3
NZ_JBEPOL010000004.1.region001.gbk_region_1	NZ_JBEPOL010000004.1.region001	region	1	1536	FAM_00496	other	Unknown	betalactone	other	NZ_JBEPOL010000004.1 Devosia sp. UYZn731 Ga0493902_04, whole genome shotgun sequence	Unknown	other_c0.3_famFAM_00496	0.3
NZ_JAQGJV010000024.1.region001.gbk_region_1	NZ_JAQGJV010000024.1.region001	region	1	1592	FAM_00497	other	Unknown	hserlactone	other	NZ_JAQGJV010000024.1 MAG: Devosia sp. isolate RYN_494 scaffold_5055289, whole genome shotgun sequence	Unknown	other_c0.3_famFAM_00497	0.3
NZ_JAQGJM010000015.1.region001.gbk_region_1	NZ_JAQGJM010000015.1.region001	region	1	1592	FAM_00497	other	Unknown	hserlactone	other	NZ_JAQGJM010000015.1 MAG: Devosia sp. isolate RYN_485 scaffold_2972844, whole genome shotgun sequence	Unknown	other_c0.3_famFAM_00497	0.3
NZ_BSNS01000008.1.region001.gbk_region_1	NZ_BSNS01000008.1.region001	region	1	1824	FAM_00498	other	Unknown	betalactone	other	NZ_BSNS01000008.1 Devosia nitrariae strain NBRC 112416 sequence08, whole genome shotgun sequence	Unknown	other_c0.3_famFAM_00498	0.3
NZ_JBHLYO010000001.1.region001.gbk_region_1	NZ_JBHLYO010000001.1.region001	region	1	1824	FAM_00498	other	Unknown	betalactone	other	NZ_JBHLYO010000001.1 Devosia nitrariae strain NBRC 112416 platanus_K_default_1, whole genome shotgun sequence	Unknown	other_c0.3_famFAM_00498	0.3
NZ_CP042304.1.region001.gbk_region_1	NZ_CP042304.1.region001	region	1	1848	FAM_00499	other	Unknown	hydrogen-cyanide	other	NZ_CP042304.1 Devosia ginsengisoli strain Gsoil 520 chromosome, complete genome	Unknown	other_c0.3_famFAM_00499	0.3
NZ_LMGZ01000004.1.region001.gbk_region_1	NZ_LMGZ01000004.1.region001	region	1	1848	FAM_00499	other	Unknown	hydrogen-cyanide	other	NZ_LMGZ01000004.1 Devosia sp. Root635 contig_12, whole genome shotgun sequence	Unknown	other_c0.3_famFAM_00499	0.3
NZ_LMEM01000015.1.region001.gbk_region_1	NZ_LMEM01000015.1.region001	region	1	1848	FAM_00499	other	Unknown	hydrogen-cyanide	other	NZ_LMEM01000015.1 Devosia sp. Root436 contig_8, whole genome shotgun sequence	Unknown	other_c0.3_famFAM_00499	0.3
NZ_JANQAJ010000011.1.region002.gbk_region_2	NZ_JANQAJ010000011.1.region002	region	2	1848	FAM_00499	other	Unknown	hydrogen-cyanide	other	NZ_JANQAJ010000011.1 MAG: Devosia ginsengisoli isolate 46_gen_w_cov.5 c262, whole genome shotgun sequence	Unknown	other_c0.3_famFAM_00499	0.3
NZ_JBHLYO010000011.1.region001.gbk_region_1	NZ_JBHLYO010000011.1.region001	region	1	1919	FAM_00500	other	Unknown	hserlactone	other	NZ_JBHLYO010000011.1 Devosia nitrariae strain NBRC 112416 platanus_K_default_11, whole genome shotgun sequence	Unknown	other_c0.3_famFAM_00500	0.3
NZ_BSNS01000002.1.region001.gbk_region_1	NZ_BSNS01000002.1.region001	region	1	1919	FAM_00500	other	Unknown	hserlactone	other	NZ_BSNS01000002.1 Devosia nitrariae strain NBRC 112416 sequence02, whole genome shotgun sequence	Unknown	other_c0.3_famFAM_00500	0.3
NZ_JQGC01000003.1.region001.gbk_region_1	NZ_JQGC01000003.1.region001	region	1	2007	FAM_00501	other	Unknown	hserlactone	other	NZ_JQGC01000003.1 Devosia riboflavina strain IFO13584 contig3, whole genome shotgun sequence	Unknown	other_c0.3_famFAM_00501	0.3
NZ_JBMQPQ010000006.1.region001.gbk_region_1	NZ_JBMQPQ010000006.1.region001	region	1	2007	FAM_00501	other	Unknown	hserlactone	other	NZ_JBMQPQ010000006.1 MAG: Devosia sp. isolate isolate1_meta_1_34 k141_310111, whole genome shotgun sequence	Unknown	other_c0.3_famFAM_00501	0.3
NZ_CAXUPK020000007.1.region001.gbk_region_1	NZ_CAXUPK020000007.1.region001	region	1	2007	FAM_00501	other	Unknown	hserlactone	other	NZ_CAXUPK020000007.1 Devosia sp. LjRoot3 LJR003c7, whole genome shotgun sequence	Unknown	other_c0.3_famFAM_00501	0.3
NZ_LMHK01000003.1.region001.gbk_region_1	NZ_LMHK01000003.1.region001	region	1	2007	FAM_00501	other	Unknown	hserlactone	other	NZ_LMHK01000003.1 Devosia sp. Root685 contig_3, whole genome shotgun sequence	Unknown	other_c0.3_famFAM_00501	0.3
NZ_CDRNJH010000001.1.region001.gbk_region_1	NZ_CDRNJH010000001.1.region001	region	1	2007	FAM_00501	other	Unknown	hserlactone	other	NZ_CDRNJH010000001.1 Devosia riboflavina isolate Ri144 gnlProkkaBTCC_1, whole genome shotgun sequence	Unknown	other_c0.3_famFAM_00501	0.3
NZ_MKVA01000006.1.region001.gbk_region_1	NZ_MKVA01000006.1.region001	region	1	2037	FAM_00502	other	Unknown	hydrogen-cyanide	other	NZ_MKVA01000006.1 MAG: Devosia sp. 67-54 SCNpilot_cont_1000_bf_scaffold_34, whole genome shotgun sequence	Unknown	other_c0.3_famFAM_00502	0.3
NZ_JAFKHC010000009.1.region001.gbk_region_1	NZ_JAFKHC010000009.1.region001	region	1	2037	FAM_00502	other	Unknown	hydrogen-cyanide	other	NZ_JAFKHC010000009.1 MAG: Devosia sp. isolate SCN18_26_2_15_R2_B_67_34 SCN18_26_2_15_R2_B_scaffold_40, whole genome shotgun sequence	Unknown	other_c0.3_famFAM_00502	0.3
NZ_JAQGJV010000035.1.region001.gbk_region_1	NZ_JAQGJV010000035.1.region001	region	1	2103	FAM_00503	other	Unknown	hserlactone	other	NZ_JAQGJV010000035.1 MAG: Devosia sp. isolate RYN_494 scaffold_5976185, whole genome shotgun sequence	Unknown	other_c0.3_famFAM_00503	0.3
NZ_JAQGJM010000040.1.region001.gbk_region_1	NZ_JAQGJM010000040.1.region001	region	1	2103	FAM_00503	other	Unknown	hserlactone	other	NZ_JAQGJM010000040.1 MAG: Devosia sp. isolate RYN_485 scaffold_1327769, whole genome shotgun sequence	Unknown	other_c0.3_famFAM_00503	0.3
NZ_JBEPOL010000003.1.region001.gbk_region_1	NZ_JBEPOL010000003.1.region001	region	1	2103	FAM_00503	other	Unknown	hserlactone	other	NZ_JBEPOL010000003.1 Devosia sp. UYZn731 Ga0493902_03, whole genome shotgun sequence	Unknown	other_c0.3_famFAM_00503	0.3
NZ_UZWD01000022.1.region001.gbk_region_1	NZ_UZWD01000022.1.region001	region	1	2314	FAM_00504	other	Unknown	hserlactone	other	NZ_UZWD01000022.1 Devosia equisanguinis strain CIP 111628, whole genome shotgun sequence	Unknown	other_c0.3_famFAM_00504	0.3
NZ_MKUY01000004.1.region001.gbk_region_1	NZ_MKUY01000004.1.region001	region	1	2314	FAM_00504	other	Unknown	hserlactone	other	NZ_MKUY01000004.1 MAG: Devosia sp. 63-57 SCNpilot_expt_1000_bf_scaffold_29, whole genome shotgun sequence	Unknown	other_c0.3_famFAM_00504	0.3
NZ_JBHTMH010000003.1.region001.gbk_region_1	NZ_JBHTMH010000003.1.region001	region	1	2314	FAM_00504	other	Unknown	hserlactone	other	NZ_JBHTMH010000003.1 Devosia equisanguinis strain CCM 8868 GCM70027366_18, whole genome shotgun sequence	Unknown	other_c0.3_famFAM_00504	0.3
NZ_CP104965.1.region003.gbk_region_3	NZ_CP104965.1.region003	region	3	2437	FAM_00505	other	Unknown	betalactone	other	NZ_CP104965.1 Devosia neptuniae strain A18/4-1 chromosome, complete genome	Unknown	other_c0.3_famFAM_00505	0.3
NZ_JBJDRE010000003.1.region001.gbk_region_1	NZ_JBJDRE010000003.1.region001	region	1	2437	FAM_00505	other	Unknown	betalactone	other	NZ_JBJDRE010000003.1 Devosia sp. ZW T5_3 ZW_T5_3_contig_003, whole genome shotgun sequence	Unknown	other_c0.3_famFAM_00505	0.3
NZ_BSNG01000001.1.region002.gbk_region_2	NZ_BSNG01000001.1.region002	region	2	2437	FAM_00505	other	Unknown	betalactone	other	NZ_BSNG01000001.1 Devosia yakushimensis strain NBRC 103855 sequence01, whole genome shotgun sequence	Unknown	other_c0.3_famFAM_00505	0.3
NZ_JNNO01000023.1.region001.gbk_region_1	NZ_JNNO01000023.1.region001	region	1	2437	FAM_00505	other	Unknown	betalactone	other	NZ_JNNO01000023.1 Devosia sp. LC5 contig3, whole genome shotgun sequence	Unknown	other_c0.3_famFAM_00505	0.3
NZ_LMEM01000009.1.region001.gbk_region_1	NZ_LMEM01000009.1.region001	region	1	2437	FAM_00506	other	Unknown	betalactone	other	NZ_LMEM01000009.1 Devosia sp. Root436 contig_2, whole genome shotgun sequence	Unknown	other_c0.3_famFAM_00506	0.3
NZ_JBTMWV010000001.1.region001.gbk_region_1	NZ_JBTMWV010000001.1.region001	region	1	2437	FAM_00506	other	Unknown	betalactone	other	NZ_JBTMWV010000001.1 Devosia sp. A369 Scaffold1, whole genome shotgun sequence	Unknown	other_c0.3_famFAM_00506	0.3
NZ_AP027921.1.region004.gbk_region_4	NZ_AP027921.1.region004	region	4	2437	FAM_00506	other	Unknown	betalactone	other	NZ_AP027921.1 Devosia sp. T2-14 chromosome, complete genome	Unknown	other_c0.3_famFAM_00506	0.3
NZ_FOMB01000007.1.region001.gbk_region_1	NZ_FOMB01000007.1.region001	region	1	2437	FAM_00506	other	Unknown	betalactone	other	NZ_FOMB01000007.1 Devosia psychrophila strain CGMCC 1.10210, whole genome shotgun sequence	Unknown	other_c0.3_famFAM_00506	0.3
NZ_JBTMWU010000002.1.region001.gbk_region_1	NZ_JBTMWU010000002.1.region001	region	1	2437	FAM_00506	other	Unknown	betalactone	other	NZ_JBTMWU010000002.1 Devosia sp. A449 Scaffold2, whole genome shotgun sequence	Unknown	other_c0.3_famFAM_00506	0.3
NZ_FPCK01000004.1.region001.gbk_region_1	NZ_FPCK01000004.1.region001	region	1	2454	FAM_00507	other	Unknown	hserlactone	other	NZ_FPCK01000004.1 Devosia crocina strain IPL20, whole genome shotgun sequence	Unknown	other_c0.3_famFAM_00507	0.3
NZ_CP104002.1.region004.gbk_region_4	NZ_CP104002.1.region004	region	4	2454	FAM_00507	other	Unknown	hserlactone	other	NZ_CP104002.1 Devosia sp. SD17-2 chromosome, complete genome	Unknown	other_c0.3_famFAM_00507	0.3
NZ_JCACVZ010000001.1.region004.gbk_region_4	NZ_JCACVZ010000001.1.region004	region	4	2454	FAM_00507	other	Unknown	hserlactone	other	NZ_JCACVZ010000001.1 MAG: Devosia sp. isolate TerP_2 Oxa_002_000000000117, whole genome shotgun sequence	Unknown	other_c0.3_famFAM_00507	0.3
NZ_CP104007.1.region005.gbk_region_5	NZ_CP104007.1.region005	region	5	2454	FAM_00507	other	Unknown	hserlactone	other	NZ_CP104007.1 Devosia sp. FJ2-5-3 chromosome, complete genome	Unknown	other_c0.3_famFAM_00507	0.3
NZ_JAIMBX010000004.1.region001.gbk_region_1	NZ_JAIMBX010000004.1.region001	region	1	2454	FAM_00508	other	Unknown	hserlactone	other	NZ_JAIMBX010000004.1 Devosia sp. BK 9_Devo_4, whole genome shotgun sequence	Unknown	other_c0.3_famFAM_00508	0.3
NZ_LMQU01000014.1.region001.gbk_region_1	NZ_LMQU01000014.1.region001	region	1	2454	FAM_00508	other	Unknown	hserlactone	other	NZ_LMQU01000014.1 Devosia sp. Leaf420 contig_7, whole genome shotgun sequence	Unknown	other_c0.3_famFAM_00508	0.3
NZ_LMLO01000002.1.region001.gbk_region_1	NZ_LMLO01000002.1.region001	region	1	2454	FAM_00508	other	Unknown	hserlactone	other	NZ_LMLO01000002.1 Devosia sp. Leaf64 contig_10, whole genome shotgun sequence	Unknown	other_c0.3_famFAM_00508	0.3
NZ_FQVC01000014.1.region001.gbk_region_1	NZ_FQVC01000014.1.region001	region	1	2836	FAM_00509	other	Unknown	hserlactone	other	NZ_FQVC01000014.1 Devosia limi DSM 17137, whole genome shotgun sequence	Unknown	other_c0.3_famFAM_00509	0.3
NZ_JAPWHK010000012.1.region001.gbk_region_1	NZ_JAPWHK010000012.1.region001	region	1	2836	FAM_00509	other	Unknown	hserlactone	other	NZ_JAPWHK010000012.1 Devosia neptuniae strain G21611-S1 NODE_12_length_122917_cov_11.4053, whole genome shotgun sequence	Unknown	other_c0.3_famFAM_00509	0.3
NZ_JBTMWV010000039.1.region001.gbk_region_1	NZ_JBTMWV010000039.1.region001	region	1	2836	FAM_00509	other	Unknown	hserlactone	other	NZ_JBTMWV010000039.1 Devosia sp. A369 Scaffold39, whole genome shotgun sequence	Unknown	other_c0.3_famFAM_00509	0.3
NZ_FOMB01000021.1.region001.gbk_region_1	NZ_FOMB01000021.1.region001	region	1	2836	FAM_00509	other	Unknown	hserlactone	other	NZ_FOMB01000021.1 Devosia psychrophila strain CGMCC 1.10210, whole genome shotgun sequence	Unknown	other_c0.3_famFAM_00509	0.3
NZ_JAVKFR010000033.1.region002.gbk_region_2	NZ_JAVKFR010000033.1.region002	region	2	2836	FAM_00509	other	Unknown	hserlactone	other	NZ_JAVKFR010000033.1 MAG: Devosia marina isolate F1-TOW-06 k141_74518, whole genome shotgun sequence	Unknown	other_c0.3_famFAM_00509	0.3
NZ_JQGC01000048.1.region001.gbk_region_1	NZ_JQGC01000048.1.region001	region	1	2836	FAM_00509	other	Unknown	hserlactone	other	NZ_JQGC01000048.1 Devosia riboflavina strain IFO13584 contig48, whole genome shotgun sequence	Unknown	other_c0.3_famFAM_00509	0.3
NZ_LAJF01000040.1.region001.gbk_region_1	NZ_LAJF01000040.1.region001	region	1	2836	FAM_00509	other	Unknown	hserlactone	other	NZ_LAJF01000040.1 Devosia limi DSM 17137 NODE_40, whole genome shotgun sequence	Unknown	other_c0.3_famFAM_00509	0.3
NZ_LAJF01000076.1.region002.gbk_region_2	NZ_LAJF01000076.1.region002	region	2	3437	FAM_00510	other	Unknown	hydrogen-cyanide	other	NZ_LAJF01000076.1 Devosia limi DSM 17137 NODE_76, whole genome shotgun sequence	Unknown	other_c0.3_famFAM_00510	0.3
NZ_FQVC01000010.1.region001.gbk_region_1	NZ_FQVC01000010.1.region001	region	1	3437	FAM_00510	other	Unknown	hydrogen-cyanide	other	NZ_FQVC01000010.1 Devosia limi DSM 17137, whole genome shotgun sequence	Unknown	other_c0.3_famFAM_00510	0.3
NZ_JAGXTP010000001.1.region001.gbk_region_1	NZ_JAGXTP010000001.1.region001	region	1	3816	FAM_00511	other	Unknown	hserlactone	other	NZ_JAGXTP010000001.1 Devosia litorisediminis strain BSSL-BM10 1, whole genome shotgun sequence	Unknown	other_c0.3_famFAM_00511	0.3
NZ_CM147870.1.region002.gbk_region_2	NZ_CM147870.1.region002	region	2	3816	FAM_00511	other	Unknown	hserlactone	other	NZ_CM147870.1 Devosia sp. J2-20 chromosome, whole genome shotgun sequence	Unknown	other_c0.3_famFAM_00511	0.3
NZ_CP118245.1.region001.gbk_region_1	NZ_CP118245.1.region001	region	1	3816	FAM_00511	other	Unknown	hserlactone	other	NZ_CP118245.1 Devosia sp. J2-20 chromosome	Unknown	other_c0.3_famFAM_00511	0.3
NZ_JBNMEO010000001.1.region001.gbk_region_1	NZ_JBNMEO010000001.1.region001	region	1	3816	FAM_00511	other	Unknown	hserlactone	other	NZ_JBNMEO010000001.1 MAG: Devosia sp. isolate 3300055174_60 Ga0535679_0000049, whole genome shotgun sequence	Unknown	other_c0.3_famFAM_00511	0.3
NZ_JAPWHK010000005.1.region001.gbk_region_1	NZ_JAPWHK010000005.1.region001	region	1	3816	FAM_00511	other	Unknown	hserlactone	other	NZ_JAPWHK010000005.1 Devosia neptuniae strain G21611-S1 NODE_5_length_349380_cov_128.949, whole genome shotgun sequence	Unknown	other_c0.3_famFAM_00511	0.3
NZ_JABAOL010000001.1.region001.gbk_region_1	NZ_JABAOL010000001.1.region001	region	1	3997	FAM_00512	other	Unknown	acyl_amino_acids	other	NZ_JABAOL010000001.1 Devosia sp. 919 Scaffold1_1, whole genome shotgun sequence	Unknown	other_c0.3_famFAM_00512	0.3
NZ_JBYUNQ010000002.1.region001.gbk_region_1	NZ_JBYUNQ010000002.1.region001	region	1	3997	FAM_00512	other	Unknown	acyl_amino_acids	other	NZ_JBYUNQ010000002.1 Devosia sp. Z11_6 NODE_2_length_859975_cov_197.188371, whole genome shotgun sequence	Unknown	other_c0.3_famFAM_00512	0.3
NZ_CP034767.1.region005.gbk_region_5	NZ_CP034767.1.region005	region	5	3997	FAM_00512	other	Unknown	acyl_amino_acids	other	NZ_CP034767.1 Devosia sp. 1566 chromosome, complete genome	Unknown	other_c0.3_famFAM_00512	0.3
NZ_JBYUNO010000001.1.region002.gbk_region_2	NZ_JBYUNO010000001.1.region002	region	2	3997	FAM_00512	other	Unknown	acyl_amino_acids	other	NZ_JBYUNO010000001.1 Devosia sp. Z6_126 NODE_1_length_1401190_cov_167.528294, whole genome shotgun sequence	Unknown	other_c0.3_famFAM_00512	0.3
NZ_JABAOM010000003.1.region001.gbk_region_1	NZ_JABAOM010000003.1.region001	region	1	3997	FAM_00512	other	Unknown	acyl_amino_acids	other	NZ_JABAOM010000003.1 Devosia sp. 1635 Scaffold3_1, whole genome shotgun sequence	Unknown	other_c0.3_famFAM_00512	0.3
NZ_JBTMWU010000004.1.region002.gbk_region_2	NZ_JBTMWU010000004.1.region002	region	2	4157	FAM_00513	other	Unknown	hydrogen-cyanide	other	NZ_JBTMWU010000004.1 Devosia sp. A449 Scaffold4, whole genome shotgun sequence	Unknown	other_c0.3_famFAM_00513	0.3
NZ_JBTMWV010000004.1.region001.gbk_region_1	NZ_JBTMWV010000004.1.region001	region	1	4157	FAM_00513	other	Unknown	hydrogen-cyanide	other	NZ_JBTMWV010000004.1 Devosia sp. A369 Scaffold4, whole genome shotgun sequence	Unknown	other_c0.3_famFAM_00513	0.3
NZ_JAMZCU010000002.1.region002.gbk_region_2	NZ_JAMZCU010000002.1.region002	region	2	4399	FAM_00514	other	Unknown	hydrogen-cyanide	other	NZ_JAMZCU010000002.1 Devosia ureilytica strain XJ19-1 Scaffold2, whole genome shotgun sequence	Unknown	other_c0.3_famFAM_00514	0.3
NZ_JAMWDU010000002.1.region001.gbk_region_1	NZ_JAMWDU010000002.1.region001	region	1	4399	FAM_00514	other	Unknown	hydrogen-cyanide	other	NZ_JAMWDU010000002.1 Devosia ureilytica strain XJ19-45 Scaffold2, whole genome shotgun sequence	Unknown	other_c0.3_famFAM_00514	0.3
NZ_BSNS01000007.1.region002.gbk_region_2	NZ_BSNS01000007.1.region002	region	2	4624	FAM_00515	other	Unknown	acyl_amino_acids	other	NZ_BSNS01000007.1 Devosia nitrariae strain NBRC 112416 sequence07, whole genome shotgun sequence	Unknown	other_c0.3_famFAM_00515	0.3
NZ_JBHLYO010000012.1.region001.gbk_region_1	NZ_JBHLYO010000012.1.region001	region	1	4624	FAM_00515	other	Unknown	acyl_amino_acids	other	NZ_JBHLYO010000012.1 Devosia nitrariae strain NBRC 112416 platanus_K_default_12, whole genome shotgun sequence	Unknown	other_c0.3_famFAM_00515	0.3
NZ_JAFKHC010000005.1.region001.gbk_region_1	NZ_JAFKHC010000005.1.region001	region	1	4707	FAM_00516	other	Unknown	hydrogen-cyanide	other	NZ_JAFKHC010000005.1 MAG: Devosia sp. isolate SCN18_26_2_15_R2_B_67_34 SCN18_26_2_15_R2_B_scaffold_15, whole genome shotgun sequence	Unknown	other_c0.3_famFAM_00516	0.3
NZ_MKVA01000003.1.region001.gbk_region_1	NZ_MKVA01000003.1.region001	region	1	4707	FAM_00516	other	Unknown	hydrogen-cyanide	other	NZ_MKVA01000003.1 MAG: Devosia sp. 67-54 SCNpilot_cont_1000_bf_scaffold_18, whole genome shotgun sequence	Unknown	other_c0.3_famFAM_00516	0.3
NZ_LMLO01000019.1.region001.gbk_region_1	NZ_LMLO01000019.1.region001	region	1	5030	FAM_00517	other	Unknown	acyl_amino_acids	other	NZ_LMLO01000019.1 Devosia sp. Leaf64 contig_4, whole genome shotgun sequence	Unknown	other_c0.3_famFAM_00517	0.3
NZ_CP104007.1.region001.gbk_region_1	NZ_CP104007.1.region001	region	1	5030	FAM_00517	other	Unknown	hserlactone	other	NZ_CP104007.1 Devosia sp. FJ2-5-3 chromosome, complete genome	Unknown	other_c0.3_famFAM_00517	0.3
NZ_JAIMBX010000002.1.region001.gbk_region_1	NZ_JAIMBX010000002.1.region001	region	1	5030	FAM_00517	other	Unknown	acyl_amino_acids	other	NZ_JAIMBX010000002.1 Devosia sp. BK 9_Devo_2, whole genome shotgun sequence	Unknown	other_c0.3_famFAM_00517	0.3
NZ_LMQU01000010.1.region001.gbk_region_1	NZ_LMQU01000010.1.region001	region	1	5030	FAM_00517	other	Unknown	acyl_amino_acids	other	NZ_LMQU01000010.1 Devosia sp. Leaf420 contig_3, whole genome shotgun sequence	Unknown	other_c0.3_famFAM_00517	0.3
NZ_JBHTMH010000001.1.region001.gbk_region_1	NZ_JBHTMH010000001.1.region001	region	1	5994	FAM_00518	other	Unknown	betalactone	other	NZ_JBHTMH010000001.1 Devosia equisanguinis strain CCM 8868 GCM70027366_15, whole genome shotgun sequence	Unknown	other_c0.3_famFAM_00518	0.3
NZ_UZWD01000036.1.region001.gbk_region_1	NZ_UZWD01000036.1.region001	region	1	5994	FAM_00518	other	Unknown	betalactone	other	NZ_UZWD01000036.1 Devosia equisanguinis strain CIP 111628, whole genome shotgun sequence	Unknown	other_c0.3_famFAM_00518	0.3
NZ_MKUY01000003.1.region002.gbk_region_2	NZ_MKUY01000003.1.region002	region	2	5994	FAM_00518	other	Unknown	betalactone	other	NZ_MKUY01000003.1 MAG: Devosia sp. 63-57 SCNpilot_expt_1000_bf_scaffold_28, whole genome shotgun sequence	Unknown	other_c0.3_famFAM_00518	0.3
NZ_JBTMWV010000009.1.region001.gbk_region_1	NZ_JBTMWV010000009.1.region001	region	1	6198	FAM_00519	other	Unknown	hserlactone	other	NZ_JBTMWV010000009.1 Devosia sp. A369 Scaffold9, whole genome shotgun sequence	Unknown	other_c0.3_famFAM_00519	0.3
NZ_JBTMWU010000001.1.region002.gbk_region_2	NZ_JBTMWU010000001.1.region002	region	2	6198	FAM_00519	other	Unknown	hserlactone	other	NZ_JBTMWU010000001.1 Devosia sp. A449 Scaffold1, whole genome shotgun sequence	Unknown	other_c0.3_famFAM_00519	0.3
NZ_FQVC01000004.1.region001.gbk_region_1	NZ_FQVC01000004.1.region001	region	1	6737	FAM_00520	other	Unknown	betalactone	other	NZ_FQVC01000004.1 Devosia limi DSM 17137, whole genome shotgun sequence	Unknown	other_c0.3_famFAM_00520	0.3
NZ_LAJF01000062.1.region001.gbk_region_1	NZ_LAJF01000062.1.region001	region	1	6737	FAM_00520	other	Unknown	betalactone	other	NZ_LAJF01000062.1 Devosia limi DSM 17137 NODE_62, whole genome shotgun sequence	Unknown	other_c0.3_famFAM_00520	0.3
NZ_LMGZ01000019.1.region001.gbk_region_1	NZ_LMGZ01000019.1.region001	region	1	7517	FAM_00521	other	Unknown	hserlactone	other	NZ_LMGZ01000019.1 Devosia sp. Root635 contig_4, whole genome shotgun sequence	Unknown	other_c0.3_famFAM_00521	0.3
NZ_LMEM01000010.1.region001.gbk_region_1	NZ_LMEM01000010.1.region001	region	1	7517	FAM_00521	other	Unknown	hserlactone	other	NZ_LMEM01000010.1 Devosia sp. Root436 contig_3, whole genome shotgun sequence	Unknown	other_c0.3_famFAM_00521	0.3
NZ_JAFKHC010000010.1.region001.gbk_region_1	NZ_JAFKHC010000010.1.region001	region	1	10619	FAM_00522	other	Unknown	hserlactone	other	NZ_JAFKHC010000010.1 MAG: Devosia sp. isolate SCN18_26_2_15_R2_B_67_34 SCN18_26_2_15_R2_B_scaffold_56, whole genome shotgun sequence	Unknown	other_c0.3_famFAM_00522	0.3
NZ_MKVA01000002.1.region001.gbk_region_1	NZ_MKVA01000002.1.region001	region	1	10619	FAM_00522	other	Unknown	hserlactone	other	NZ_MKVA01000002.1 MAG: Devosia sp. 67-54 SCNpilot_cont_1000_bf_scaffold_153, whole genome shotgun sequence	Unknown	other_c0.3_famFAM_00522	0.3
NZ_BMZE01000004.1.region001.gbk_region_1	NZ_BMZE01000004.1.region001	region	1	1350	FAM_00523	other	Unknown	ectoine	other	NZ_BMZE01000004.1 Devosia pacifica strain KCTC 32437 sequence4, whole genome shotgun sequence	Unknown	other_c0.3_famFAM_00523	0.3
NZ_CP068046.1.region002.gbk_region_2	NZ_CP068046.1.region002	region	2	1507	FAM_00524	other	Unknown	betalactone	other	NZ_CP068046.1 Devosia rhizoryzae strain LEGU1 chromosome	Unknown	other_c0.3_famFAM_00524	0.3
NZ_AP027921.1.region001.gbk_region_1	NZ_AP027921.1.region001	region	1	1523	FAM_00525	other	Unknown	hserlactone	other	NZ_AP027921.1 Devosia sp. T2-14 chromosome, complete genome	Unknown	other_c0.3_famFAM_00525	0.3
NZ_STGC01000002.1.region001.gbk_region_1	NZ_STGC01000002.1.region001	region	1	1614	FAM_00526	other	Unknown	hserlactone	other	NZ_STGC01000002.1 Devosia sp. FKR38 NODE_4_length_1043381_cov_214.428558, whole genome shotgun sequence	Unknown	other_c0.3_famFAM_00526	0.3
NZ_JBTLRJ010000003.1.region002.gbk_region_2	NZ_JBTLRJ010000003.1.region002	region	2	1995	FAM_00527	other	Unknown	hserlactone	other	NZ_JBTLRJ010000003.1 Devosia sp. CAU 1758 contig3, whole genome shotgun sequence	Unknown	other_c0.3_famFAM_00527	0.3
NZ_JAQGJV010000048.1.region001.gbk_region_1	NZ_JAQGJV010000048.1.region001	region	1	2095	FAM_00528	other	Unknown	hserlactone	other	NZ_JAQGJV010000048.1 MAG: Devosia sp. isolate RYN_494 scaffold_3063531, whole genome shotgun sequence	Unknown	other_c0.3_famFAM_00528	0.3
NZ_CP068047.1.region001.gbk_region_1	NZ_CP068047.1.region001	region	1	2192	FAM_00529	other	Unknown	hserlactone	other	NZ_CP068047.1 Devosia oryziradicis strain G19 chromosome	Unknown	other_c0.3_famFAM_00529	0.3
NZ_CP092483.1.region002.gbk_region_2	NZ_CP092483.1.region002	region	2	3454	FAM_00530	other	Unknown	hserlactone	other	NZ_CP092483.1 Devosia lacusdianchii strain JXJ CY 41 chromosome	Unknown	other_c0.3_famFAM_00530	0.3
NZ_MKUZ01000013.1.region001.gbk_region_1	NZ_MKUZ01000013.1.region001	region	1	3738	FAM_00531	other	Unknown	hserlactone	other	NZ_MKUZ01000013.1 MAG: Devosia sp. 66-22 SCNpilot_expt_1000_bf_scaffold_286, whole genome shotgun sequence	Unknown	other_c0.3_famFAM_00531	0.3
NZ_JQGC01000025.1.region001.gbk_region_1	NZ_JQGC01000025.1.region001	region	1	3807	FAM_00532	other	Unknown	hserlactone	other	NZ_JQGC01000025.1 Devosia riboflavina strain IFO13584 contig25, whole genome shotgun sequence	Unknown	other_c0.3_famFAM_00532	0.3
NZ_JBHUNP010000001.1.region002.gbk_region_2	NZ_JBHUNP010000001.1.region002	region	2	4017	FAM_00533	other	Unknown	hydrogen-cyanide	other	NZ_JBHUNP010000001.1 Devosia albogilva strain CCM 7427 tig00000001, whole genome shotgun sequence	Unknown	other_c0.3_famFAM_00533	0.3
NZ_BMZE01000002.1.region001.gbk_region_1	NZ_BMZE01000002.1.region001	region	1	4149	FAM_00534	other	Unknown	hserlactone	other	NZ_BMZE01000002.1 Devosia pacifica strain KCTC 32437 sequence2, whole genome shotgun sequence	Unknown	other_c0.3_famFAM_00534	0.3
NZ_CP092483.1.region004.gbk_region_4	NZ_CP092483.1.region004	region	4	4501	FAM_00535	other	Unknown	betalactone	other	NZ_CP092483.1 Devosia lacusdianchii strain JXJ CY 41 chromosome	Unknown	other_c0.3_famFAM_00535	0.3
NZ_CP045422.1.region001.gbk_region_1	NZ_CP045422.1.region001	region	1	4640	FAM_00536	other	Unknown	hydrogen-cyanide	other	NZ_CP045422.1 Devosia beringensis strain S02 chromosome, complete genome	Unknown	other_c0.3_famFAM_00536	0.3
NZ_PYWB01000003.1.region001.gbk_region_1	NZ_PYWB01000003.1.region001	region	1	4719	FAM_00537	other	Unknown	betalactone	other	NZ_PYWB01000003.1 Devosia submarina strain JCM 18935 scaffold3, whole genome shotgun sequence	Unknown	other_c0.3_famFAM_00537	0.3
NZ_CP126539.1.region004.gbk_region_4	NZ_CP126539.1.region004	region	4	4880	FAM_00538	other	Unknown	acyl_amino_acids	other	NZ_CP126539.1 Devosia rhizosphaerae strain RR2S18 chromosome, complete genome	Unknown	other_c0.3_famFAM_00538	0.3
NZ_CP042304.1.region004.gbk_region_4	NZ_CP042304.1.region004	region	4	5079	FAM_00539	other	Unknown	hserlactone	other	NZ_CP042304.1 Devosia ginsengisoli strain Gsoil 520 chromosome, complete genome	Unknown	other_c0.3_famFAM_00539	0.3
NZ_CP127251.1.region002.gbk_region_2	NZ_CP127251.1.region002	region	2	5124	FAM_00540	other	Unknown	betalactone	other	NZ_CP127251.1 Devosia sp. YIM 151766 chromosome, complete genome	Unknown	other_c0.3_famFAM_00540	0.3
NZ_JBEPOL010000008.1.region001.gbk_region_1	NZ_JBEPOL010000008.1.region001	region	1	5240	FAM_00541	other	Unknown	hserlactone	other	NZ_JBEPOL010000008.1 Devosia sp. UYZn731 Ga0493902_08, whole genome shotgun sequence	Unknown	other_c0.3_famFAM_00541	0.3
NZ_FOFL01000002.1.region001.gbk_region_1	NZ_FOFL01000002.1.region001	region	1	5363	FAM_00542	other	Unknown	betalactone	other	NZ_FOFL01000002.1 Devosia sp. YR412, whole genome shotgun sequence	Unknown	other_c0.3_famFAM_00542	0.3
NZ_JBLXGA010000002.1.region001.gbk_region_1	NZ_JBLXGA010000002.1.region001	region	1	5383	FAM_00543	other	Unknown	hydrogen-cyanide	other	NZ_JBLXGA010000002.1 MAG: Devosia sp. isolate ET04-05 T04maxbin_out.008RE.5K@2, whole genome shotgun sequence	Unknown	other_c0.3_famFAM_00543	0.3
NZ_JACYFU010000001.1.region001.gbk_region_1	NZ_JACYFU010000001.1.region001	region	1	5440	FAM_00544	other	Unknown	betalactone	other	NZ_JACYFU010000001.1 Devosia oryzisoli strain PTR5 contig1, whole genome shotgun sequence	Unknown	other_c0.3_famFAM_00544	0.3
NZ_JZEY01000054.1.region003.gbk_region_3	NZ_JZEY01000054.1.region003	region	3	5661	FAM_00545	other	Unknown	betalactone	other	NZ_JZEY01000054.1 Devosia chinhatensis strain IPL18 NODE_54, whole genome shotgun sequence	Unknown	other_c0.3_famFAM_00545	0.3
NZ_FOMB01000022.1.region001.gbk_region_1	NZ_FOMB01000022.1.region001	region	1	5674	FAM_00546	other	Unknown	hserlactone	other	NZ_FOMB01000022.1 Devosia psychrophila strain CGMCC 1.10210, whole genome shotgun sequence	Unknown	other_c0.3_famFAM_00546	0.3
NZ_JAFKHE010000012.1.region001.gbk_region_1	NZ_JAFKHE010000012.1.region001	region	1	5771	FAM_00547	other	Unknown	betalactone	other	NZ_JAFKHE010000012.1 MAG: Devosia sp. isolate SCN18_30_10_14_R3_P_66_71 SCN18_30_10_14_R3_P_scaffold_36, whole genome shotgun sequence	Unknown	other_c0.3_famFAM_00547	0.3
NZ_FXWK01000001.1.region004.gbk_region_4	NZ_FXWK01000001.1.region004	region	4	5889	FAM_00548	other	Unknown	betalactone	other	NZ_FXWK01000001.1 Devosia lucknowensis strain L15, whole genome shotgun sequence	Unknown	other_c0.3_famFAM_00548	0.3
NZ_CP126539.1.region003.gbk_region_3	NZ_CP126539.1.region003	region	3	6074	FAM_00549	other	Unknown	ectoine	other	NZ_CP126539.1 Devosia rhizosphaerae strain RR2S18 chromosome, complete genome	Unknown	other_c0.3_famFAM_00549	0.3
NZ_PYVW01000018.1.region001.gbk_region_1	NZ_PYVW01000018.1.region001	region	1	6368	FAM_00550	other	Unknown	betalactone	other	NZ_PYVW01000018.1 Devosia naphthalenivorans strain CM5-1 scaffold18, whole genome shotgun sequence	Unknown	other_c0.3_famFAM_00550	0.3
NZ_JBLXGA010000009.1.region001.gbk_region_1	NZ_JBLXGA010000009.1.region001	region	1	6635	FAM_00551	other	Unknown	betalactone	other	NZ_JBLXGA010000009.1 MAG: Devosia sp. isolate ET04-05 T04maxbin_out.008RE.5K@9, whole genome shotgun sequence	Unknown	other_c0.3_famFAM_00551	0.3
NZ_FOFL01000002.1.region002.gbk_region_2	NZ_FOFL01000002.1.region002	region	2	6849	FAM_00552	other	Unknown	hserlactone	other	NZ_FOFL01000002.1 Devosia sp. YR412, whole genome shotgun sequence	Unknown	other_c0.3_famFAM_00552	0.3
NZ_CP068046.1.region005.gbk_region_5	NZ_CP068046.1.region005	region	5	7141	FAM_00553	other	Unknown	hserlactone	other	NZ_CP068046.1 Devosia rhizoryzae strain LEGU1 chromosome	Unknown	other_c0.3_famFAM_00553	0.3
NZ_CP063401.1.region004.gbk_region_4	NZ_CP063401.1.region004	region	4	7468	FAM_00554	other	Unknown	acyl_amino_acids	other	NZ_CP063401.1 Devosia sp. SL43 chromosome, complete genome	Unknown	other_c0.3_famFAM_00554	0.3
NZ_JAQGJM010000009.1.region001.gbk_region_1	NZ_JAQGJM010000009.1.region001	region	1	7615	FAM_00555	other	Unknown	betalactone	other	NZ_JAQGJM010000009.1 MAG: Devosia sp. isolate RYN_485 scaffold_227217, whole genome shotgun sequence	Unknown	other_c0.3_famFAM_00555	0.3
NZ_CP075529.1.region003.gbk_region_3	NZ_CP075529.1.region003	region	3	8746	FAM_00556	other	Unknown	betalactone	other	NZ_CP075529.1 MAG: Devosia sp. isolate TGS_PRO11 chromosome	Unknown	other_c0.3_famFAM_00556	0.3
NZ_JBKJHF010000001.1.region003.gbk_region_3	NZ_JBKJHF010000001.1.region003	region	3	8907	FAM_00557	other	Unknown	betalactone	other	NZ_JBKJHF010000001.1 Devosia sp. XGJD_8 1, whole genome shotgun sequence	Unknown	other_c0.3_famFAM_00557	0.3
NZ_CP092483.1.region005.gbk_region_5	NZ_CP092483.1.region005	region	5	9061	FAM_00558	other	Unknown	hserlactone	other	NZ_CP092483.1 Devosia lacusdianchii strain JXJ CY 41 chromosome	Unknown	other_c0.3_famFAM_00558	0.3
NZ_JBEPOL010000007.1.region001.gbk_region_1	NZ_JBEPOL010000007.1.region001	region	1	9107	FAM_00559	other	Unknown	hserlactone	other	NZ_JBEPOL010000007.1 Devosia sp. UYZn731 Ga0493902_07, whole genome shotgun sequence	Unknown	other_c0.3_famFAM_00559	0.3
NZ_LANJ01000004.1.region001.gbk_region_1	NZ_LANJ01000004.1.region001	region	1	9325	FAM_00560	other	Unknown	hserlactone	other	NZ_LANJ01000004.1 Devosia epidermidihirudinis strain E84 contig4, whole genome shotgun sequence	Unknown	other_c0.3_famFAM_00560	0.3
NZ_CP063401.1.region002.gbk_region_2	NZ_CP063401.1.region002	region	2	9362	FAM_00561	other	Unknown	hserlactone	other	NZ_CP063401.1 Devosia sp. SL43 chromosome, complete genome	Unknown	other_c0.3_famFAM_00561	0.3
NZ_JBEPOO010000001.1.region001.gbk_region_1	NZ_JBEPOO010000001.1.region001	region	1	9640	FAM_00562	other	Unknown	hserlactone	other	NZ_JBEPOO010000001.1 Devosia sp. 2618 Ga0501505_01, whole genome shotgun sequence	Unknown	other_c0.3_famFAM_00562	0.3
NZ_JQGC01000006.1.region001.gbk_region_1	NZ_JQGC01000006.1.region001	region	1	10167	FAM_00563	other	Unknown	hserlactone	other	NZ_JQGC01000006.1 Devosia riboflavina strain IFO13584 contig6, whole genome shotgun sequence	Unknown	other_c0.3_famFAM_00563	0.3
NZ_JZEY01000054.1.region001.gbk_region_1	NZ_JZEY01000054.1.region001	region	1	10460	FAM_00564	other	Unknown	hserlactone	other	NZ_JZEY01000054.1 Devosia chinhatensis strain IPL18 NODE_54, whole genome shotgun sequence	Unknown	other_c0.3_famFAM_00564	0.3
NZ_JANQAJ010000013.1.region001.gbk_region_1	NZ_JANQAJ010000013.1.region001	region	1	10502	FAM_00565	other	Unknown	betalactone	other	NZ_JANQAJ010000013.1 MAG: Devosia ginsengisoli isolate 46_gen_w_cov.5 c137, whole genome shotgun sequence	Unknown	other_c0.3_famFAM_00565	0.3
NZ_PYVW01000012.1.region001.gbk_region_1	NZ_PYVW01000012.1.region001	region	1	10631	FAM_00566	other	Unknown	hserlactone	other	NZ_PYVW01000012.1 Devosia naphthalenivorans strain CM5-1 scaffold12, whole genome shotgun sequence	Unknown	other_c0.3_famFAM_00566	0.3
NZ_LANJ01000045.1.region001.gbk_region_1	NZ_LANJ01000045.1.region001	region	1	10737	FAM_00567	other	Unknown	betalactone	other	NZ_LANJ01000045.1 Devosia epidermidihirudinis strain E84 contig45, whole genome shotgun sequence	Unknown	other_c0.3_famFAM_00567	0.3
NZ_JANQAJ010000006.1.region001.gbk_region_1	NZ_JANQAJ010000006.1.region001	region	1	11110	FAM_00568	other	Unknown	hserlactone	other	NZ_JANQAJ010000006.1 MAG: Devosia ginsengisoli isolate 46_gen_w_cov.5 c86, whole genome shotgun sequence	Unknown	other_c0.3_famFAM_00568	0.3
NZ_CP068047.1.region002.gbk_region_2	NZ_CP068047.1.region002	region	2	11479	FAM_00569	other	Unknown	betalactone	other	NZ_CP068047.1 Devosia oryziradicis strain G19 chromosome	Unknown	other_c0.3_famFAM_00569	0.3
NZ_CP034767.1.region006.gbk_region_6	NZ_CP034767.1.region006	region	6	11952	FAM_00570	other	Unknown	hydrogen-cyanide	other	NZ_CP034767.1 Devosia sp. 1566 chromosome, complete genome	Unknown	other_c0.3_famFAM_00570	0.3
NZ_CM147875.1.region004.gbk_region_4	NZ_CM147875.1.region004	region	4	12082	FAM_00571	other	Unknown	betalactone	other	NZ_CM147875.1 Devosia sp. J20-27 chromosome, whole genome shotgun sequence	Unknown	other_c0.3_famFAM_00571	0.3
NZ_JAVKFR010000033.1.region001.gbk_region_1	NZ_JAVKFR010000033.1.region001	region	1	12426	FAM_00572	other	Unknown	hserlactone	other	NZ_JAVKFR010000033.1 MAG: Devosia marina isolate F1-TOW-06 k141_74518, whole genome shotgun sequence	Unknown	other_c0.3_famFAM_00572	0.3
NZ_JZEY01000061.1.region001.gbk_region_1	NZ_JZEY01000061.1.region001	region	1	12483	FAM_00573	other	Unknown	ectoine	other	NZ_JZEY01000061.1 Devosia chinhatensis strain IPL18 NODE_61, whole genome shotgun sequence	Unknown	other_c0.3_famFAM_00573	0.3
NZ_CP075529.1.region002.gbk_region_2	NZ_CP075529.1.region002	region	2	12597	FAM_00574	other	Unknown	phosphonate	other	NZ_CP075529.1 MAG: Devosia sp. isolate TGS_PRO11 chromosome	Unknown	other_c0.3_famFAM_00574	0.3
NZ_JBXAPX010000004.1.region001.gbk_region_1	NZ_JBXAPX010000004.1.region001	region	1	63	FAM_00113	RiPP	Unknown	thioamitides	RiPP	NZ_JBXAPX010000004.1 Devosia sp. GW821-FHT12F11 NODE_4_length_517482_cov_53.795218, whole genome shotgun sequence	Unknown	RiPP_c0.3_famFAM_00113	0.3
NZ_LMEA01000011.1.region001.gbk_region_1	NZ_LMEA01000011.1.region001	region	1	63	FAM_00113	RiPP	Unknown	thioamitides	RiPP	NZ_LMEA01000011.1 Devosia sp. Root413D1 contig_6, whole genome shotgun sequence	Unknown	RiPP_c0.3_famFAM_00113	0.3
NZ_LMCR01000016.1.region001.gbk_region_1	NZ_LMCR01000016.1.region001	region	1	63	FAM_00113	RiPP	Unknown	thioamitides	RiPP	NZ_LMCR01000016.1 Devosia sp. Root105 contig_4, whole genome shotgun sequence	Unknown	RiPP_c0.3_famFAM_00113	0.3
NZ_CP012945.1.region005.gbk_region_5	NZ_CP012945.1.region005	region	5	63	FAM_00113	RiPP	Unknown	thioamitides	RiPP	NZ_CP012945.1 Devosia sp. A16 chromosome, complete genome	Unknown	RiPP_c0.3_famFAM_00113	0.3
NZ_CAXUPH020000003.1.region001.gbk_region_1	NZ_CAXUPH020000003.1.region001	region	1	63	FAM_00113	RiPP	Unknown	thioamitides	RiPP	NZ_CAXUPH020000003.1 Devosia sp. LjRoot16 LJR016c3, whole genome shotgun sequence	Unknown	RiPP_c0.3_famFAM_00113	0.3
NZ_CP104965.1.region001.gbk_region_1	NZ_CP104965.1.region001	region	1	72	FAM_00114	RiPP	Unknown	redox-cofactor	RiPP	NZ_CP104965.1 Devosia neptuniae strain A18/4-1 chromosome, complete genome	Unknown	RiPP_c0.3_famFAM_00114	0.3
NZ_JBJDRE010000010.1.region001.gbk_region_1	NZ_JBJDRE010000010.1.region001	region	1	72	FAM_00114	RiPP	Unknown	redox-cofactor	RiPP	NZ_JBJDRE010000010.1 Devosia sp. ZW T5_3 ZW_T5_3_contig_010, whole genome shotgun sequence	Unknown	RiPP_c0.3_famFAM_00114	0.3
NZ_JNNO01000016.1.region001.gbk_region_1	NZ_JNNO01000016.1.region001	region	1	72	FAM_00114	RiPP	Unknown	redox-cofactor	RiPP	NZ_JNNO01000016.1 Devosia sp. LC5 contig23, whole genome shotgun sequence	Unknown	RiPP_c0.3_famFAM_00114	0.3
NZ_BSNG01000003.1.region001.gbk_region_1	NZ_BSNG01000003.1.region001	region	1	72	FAM_00114	RiPP	Unknown	redox-cofactor	RiPP	NZ_BSNG01000003.1 Devosia yakushimensis strain NBRC 103855 sequence03, whole genome shotgun sequence	Unknown	RiPP_c0.3_famFAM_00114	0.3
NZ_JBTLRJ010000002.1.region002.gbk_region_2	NZ_JBTLRJ010000002.1.region002	region	2	90	FAM_00115	RiPP	Unknown	RiPP-like	RiPP	NZ_JBTLRJ010000002.1 Devosia sp. CAU 1758 contig2, whole genome shotgun sequence	Unknown	RiPP_c0.3_famFAM_00115	0.3
NZ_CP026747.1.region001.gbk_region_1	NZ_CP026747.1.region001	region	1	90	FAM_00115	RiPP	Unknown	RiPP-like	RiPP	NZ_CP026747.1 Devosia sp. I507 chromosome, complete genome	Unknown	RiPP_c0.3_famFAM_00115	0.3
NZ_CP080590.1.region002.gbk_region_2	NZ_CP080590.1.region002	region	2	90	FAM_00115	RiPP	Unknown	RiPP-like	RiPP	NZ_CP080590.1 Devosia salina strain SCS-3 chromosome, complete genome	Unknown	RiPP_c0.3_famFAM_00115	0.3
NZ_JAMWDU010000006.1.region001.gbk_region_1	NZ_JAMWDU010000006.1.region001	region	1	90	FAM_00115	RiPP	Unknown	RiPP-like	RiPP	NZ_JAMWDU010000006.1 Devosia ureilytica strain XJ19-45 Scaffold6, whole genome shotgun sequence	Unknown	RiPP_c0.3_famFAM_00115	0.3
NZ_CP170082.1.region007.gbk_region_7	NZ_CP170082.1.region007	region	7	90	FAM_00115	RiPP	Unknown	RiPP-like	RiPP	NZ_CP170082.1 Devosia sp. Naph2 chromosome, complete genome	Unknown	RiPP_c0.3_famFAM_00115	0.3
NZ_WQRF01000010.1.region001.gbk_region_1	NZ_WQRF01000010.1.region001	region	1	90	FAM_00115	RiPP	Unknown	RiPP-like	RiPP	NZ_WQRF01000010.1 Devosia marina strain L53-10-65 NODE_10_length_77047_cov_53.918155, whole genome shotgun sequence	Unknown	RiPP_c0.3_famFAM_00115	0.3
NZ_JAVKFR010000034.1.region001.gbk_region_1	NZ_JAVKFR010000034.1.region001	region	1	90	FAM_00115	RiPP	Unknown	RiPP-like	RiPP	NZ_JAVKFR010000034.1 MAG: Devosia marina isolate F1-TOW-06 k141_64042, whole genome shotgun sequence	Unknown	RiPP_c0.3_famFAM_00115	0.3
NZ_CP146608.1.region003.gbk_region_3	NZ_CP146608.1.region003	region	3	90	FAM_00115	RiPP	Unknown	RiPP-like	RiPP	NZ_CP146608.1 Devosia sp. XK-2 chromosome, complete genome	Unknown	RiPP_c0.3_famFAM_00115	0.3
NZ_JACIEW010000012.1.region001.gbk_region_1	NZ_JACIEW010000012.1.region001	region	1	90	FAM_00115	RiPP	Unknown	RiPP-like	RiPP	NZ_JACIEW010000012.1 Devosia subaequoris strain DSM 23447 Ga0373328_12, whole genome shotgun sequence	Unknown	RiPP_c0.3_famFAM_00115	0.3
NZ_JAMYXP010000014.1.region001.gbk_region_1	NZ_JAMYXP010000014.1.region001	region	1	90	FAM_00115	RiPP	Unknown	RiPP-like	RiPP	NZ_JAMYXP010000014.1 Devosia subaequoris strain HST3-14 Scaffold14, whole genome shotgun sequence	Unknown	RiPP_c0.3_famFAM_00115	0.3
NZ_JAMZCU010000008.1.region001.gbk_region_1	NZ_JAMZCU010000008.1.region001	region	1	90	FAM_00115	RiPP	Unknown	RiPP-like	RiPP	NZ_JAMZCU010000008.1 Devosia ureilytica strain XJ19-1 Scaffold8, whole genome shotgun sequence	Unknown	RiPP_c0.3_famFAM_00115	0.3
NZ_PYVZ01000013.1.region001.gbk_region_1	NZ_PYVZ01000013.1.region001	region	1	90	FAM_00115	RiPP	Unknown	RiPP-like	RiPP	NZ_PYVZ01000013.1 Devosia indica strain IO390501 scaffold13, whole genome shotgun sequence	Unknown	RiPP_c0.3_famFAM_00115	0.3
NZ_JBTSEP010000009.1.region001.gbk_region_1	NZ_JBTSEP010000009.1.region001	region	1	145	FAM_00116	RiPP	Unknown	RiPP-like	RiPP	NZ_JBTSEP010000009.1 MAG: Devosia sp. isolate ML34-012-05 ML34_012_NODE_93_length_98378_cov_7.821071, whole genome shotgun sequence	Unknown	RiPP_c0.3_famFAM_00116	0.3
NZ_JBVKGV010000020.1.region001.gbk_region_1	NZ_JBVKGV010000020.1.region001	region	1	145	FAM_00116	RiPP	Unknown	RiPP-like	RiPP	NZ_JBVKGV010000020.1 MAG: Devosia sp. isolate ML34-006-05 ML34_006_NODE_270_length_57401_cov_2.738730, whole genome shotgun sequence	Unknown	RiPP_c0.3_famFAM_00116	0.3
NZ_JBHTMH010000001.1.region003.gbk_region_3	NZ_JBHTMH010000001.1.region003	region	3	365	FAM_00117	RiPP	Unknown	thioamitides	RiPP	NZ_JBHTMH010000001.1 Devosia equisanguinis strain CCM 8868 GCM70027366_15, whole genome shotgun sequence	Unknown	RiPP_c0.3_famFAM_00117	0.3
NZ_UZWD01000029.1.region001.gbk_region_1	NZ_UZWD01000029.1.region001	region	1	365	FAM_00117	RiPP	Unknown	thioamitides	RiPP	NZ_UZWD01000029.1 Devosia equisanguinis strain CIP 111628, whole genome shotgun sequence	Unknown	RiPP_c0.3_famFAM_00117	0.3
NZ_MKUY01000005.1.region001.gbk_region_1	NZ_MKUY01000005.1.region001	region	1	365	FAM_00117	RiPP	Unknown	thioamitides	RiPP	NZ_MKUY01000005.1 MAG: Devosia sp. 63-57 SCNpilot_expt_1000_bf_scaffold_3, whole genome shotgun sequence	Unknown	RiPP_c0.3_famFAM_00117	0.3
NZ_JBTSEP010000003.1.region001.gbk_region_1	NZ_JBTSEP010000003.1.region001	region	1	636	FAM_00118	RiPP	Unknown	thioamitides	RiPP	NZ_JBTSEP010000003.1 MAG: Devosia sp. isolate ML34-012-05 ML34_012_NODE_45_length_152938_cov_7.526592, whole genome shotgun sequence	Unknown	RiPP_c0.3_famFAM_00118	0.3
NZ_JBVKGV010000033.1.region001.gbk_region_1	NZ_JBVKGV010000033.1.region001	region	1	636	FAM_00118	RiPP	Unknown	thioamitides	RiPP	NZ_JBVKGV010000033.1 MAG: Devosia sp. isolate ML34-006-05 ML34_006_NODE_583_length_35475_cov_2.597827, whole genome shotgun sequence	Unknown	RiPP_c0.3_famFAM_00118	0.3
NZ_BSNS01000020.1.region001.gbk_region_1	NZ_BSNS01000020.1.region001	region	1	1098	FAM_00119	RiPP	Unknown	RiPP-like	RiPP	NZ_BSNS01000020.1 Devosia nitrariae strain NBRC 112416 sequence20, whole genome shotgun sequence	Unknown	RiPP_c0.3_famFAM_00119	0.3
NZ_JBHLYO010000020.1.region001.gbk_region_1	NZ_JBHLYO010000020.1.region001	region	1	1098	FAM_00119	RiPP	Unknown	RiPP-like	RiPP	NZ_JBHLYO010000020.1 Devosia nitrariae strain NBRC 112416 platanus_K_default_20, whole genome shotgun sequence	Unknown	RiPP_c0.3_famFAM_00119	0.3
NZ_JBHLYO010000004.1.region001.gbk_region_1	NZ_JBHLYO010000004.1.region001	region	1	1131	FAM_00120	RiPP	Unknown	LAP	RiPP	NZ_JBHLYO010000004.1 Devosia nitrariae strain NBRC 112416 platanus_K_default_4, whole genome shotgun sequence	Unknown	RiPP_c0.3_famFAM_00120	0.3
NZ_BSNS01000007.1.region001.gbk_region_1	NZ_BSNS01000007.1.region001	region	1	1131	FAM_00120	RiPP	Unknown	LAP	RiPP	NZ_BSNS01000007.1 Devosia nitrariae strain NBRC 112416 sequence07, whole genome shotgun sequence	Unknown	RiPP_c0.3_famFAM_00120	0.3
NZ_JAEMNZ010000003.1.region001.gbk_region_1	NZ_JAEMNZ010000003.1.region001	region	1	1227	FAM_00121	RiPP	Unknown	RRE-containing	RiPP	NZ_JAEMNZ010000003.1 Devosia sp. MC532 Scaffold3_1, whole genome shotgun sequence	Unknown	RiPP_c0.3_famFAM_00121	0.3
NZ_JAEMEB010000005.1.region001.gbk_region_1	NZ_JAEMEB010000005.1.region001	region	1	1227	FAM_00121	RiPP	Unknown	RRE-containing	RiPP	NZ_JAEMEB010000005.1 Devosia sp. MC521 Scaffold5_1, whole genome shotgun sequence	Unknown	RiPP_c0.3_famFAM_00121	0.3
NZ_JAENGO010000005.1.region002.gbk_region_2	NZ_JAENGO010000005.1.region002	region	2	1227	FAM_00121	RiPP	Unknown	RRE-containing	RiPP	NZ_JAENGO010000005.1 Devosia sp. WQ 349K1 Scaffold4_1, whole genome shotgun sequence	Unknown	RiPP_c0.3_famFAM_00121	0.3
NZ_JABBDZ010000002.1.region001.gbk_region_1	NZ_JABBDZ010000002.1.region001	region	1	1227	FAM_00121	RiPP	Unknown	RRE-containing	RiPP	NZ_JABBDZ010000002.1 Devosia sp. MC1541 Scaffold2_1, whole genome shotgun sequence	Unknown	RiPP_c0.3_famFAM_00121	0.3
NZ_CP059902.1.region001.gbk_region_1	NZ_CP059902.1.region001	region	1	1227	FAM_00121	RiPP	Unknown	RRE-containing	RiPP	NZ_CP059902.1 Devosia sp. MC521 chromosome, complete genome	Unknown	RiPP_c0.3_famFAM_00121	0.3
NZ_LMEA01000010.1.region001.gbk_region_1	NZ_LMEA01000010.1.region001	region	1	1458	FAM_00122	RiPP	Unknown	redox-cofactor	RiPP	NZ_LMEA01000010.1 Devosia sp. Root413D1 contig_5, whole genome shotgun sequence	Unknown	RiPP_c0.3_famFAM_00122	0.3
NZ_CAXUPH020000005.1.region001.gbk_region_1	NZ_CAXUPH020000005.1.region001	region	1	1458	FAM_00122	RiPP	Unknown	redox-cofactor	RiPP	NZ_CAXUPH020000005.1 Devosia sp. LjRoot16 LJR016c5, whole genome shotgun sequence	Unknown	RiPP_c0.3_famFAM_00122	0.3
NZ_MKVB01000002.1.region001.gbk_region_1	NZ_MKVB01000002.1.region001	region	1	1458	FAM_00122	RiPP	Unknown	redox-cofactor	RiPP	NZ_MKVB01000002.1 MAG: Devosia sp. 66-14 SCNpilot_cont_300_bf_scaffold_147, whole genome shotgun sequence	Unknown	RiPP_c0.3_famFAM_00122	0.3
NZ_CP012945.1.region002.gbk_region_2	NZ_CP012945.1.region002	region	2	1458	FAM_00122	RiPP	Unknown	redox-cofactor	RiPP	NZ_CP012945.1 Devosia sp. A16 chromosome, complete genome	Unknown	RiPP_c0.3_famFAM_00122	0.3
NZ_LMCR01000017.1.region001.gbk_region_1	NZ_LMCR01000017.1.region001	region	1	1458	FAM_00122	RiPP	Unknown	redox-cofactor	RiPP	NZ_LMCR01000017.1 Devosia sp. Root105 contig_5, whole genome shotgun sequence	Unknown	RiPP_c0.3_famFAM_00122	0.3
NZ_JAFKHA010000012.1.region001.gbk_region_1	NZ_JAFKHA010000012.1.region001	region	1	1458	FAM_00122	RiPP	Unknown	redox-cofactor	RiPP	NZ_JAFKHA010000012.1 MAG: Devosia sp. isolate SCN18_30_10_14_R3_B_66_58 SCN18_30_10_14_R3_B_scaffold_19, whole genome shotgun sequence	Unknown	RiPP_c0.3_famFAM_00122	0.3
NZ_JBXAPX010000006.1.region001.gbk_region_1	NZ_JBXAPX010000006.1.region001	region	1	1458	FAM_00122	RiPP	Unknown	redox-cofactor	RiPP	NZ_JBXAPX010000006.1 Devosia sp. GW821-FHT12F11 NODE_6_length_419588_cov_59.036509, whole genome shotgun sequence	Unknown	RiPP_c0.3_famFAM_00122	0.3
NZ_JBHLYO010000010.1.region001.gbk_region_1	NZ_JBHLYO010000010.1.region001	region	1	1572	FAM_00123	RiPP	Unknown	RiPP-like	RiPP	NZ_JBHLYO010000010.1 Devosia nitrariae strain NBRC 112416 platanus_K_default_10, whole genome shotgun sequence	Unknown	RiPP_c0.3_famFAM_00123	0.3
NZ_BSNS01000011.1.region001.gbk_region_1	NZ_BSNS01000011.1.region001	region	1	1572	FAM_00123	RiPP	Unknown	RiPP-like	RiPP	NZ_BSNS01000011.1 Devosia nitrariae strain NBRC 112416 sequence11, whole genome shotgun sequence	Unknown	RiPP_c0.3_famFAM_00123	0.3
NZ_MKVB01000001.1.region002.gbk_region_2	NZ_MKVB01000001.1.region002	region	2	1716	FAM_00124	RiPP	Unknown	thioamitides	RiPP	NZ_MKVB01000001.1 MAG: Devosia sp. 66-14 SCNpilot_cont_300_bf_scaffold_127, whole genome shotgun sequence	Unknown	RiPP_c0.3_famFAM_00124	0.3
NZ_JAFKHA010000009.1.region002.gbk_region_2	NZ_JAFKHA010000009.1.region002	region	2	1716	FAM_00124	RiPP	Unknown	thioamitides	RiPP	NZ_JAFKHA010000009.1 MAG: Devosia sp. isolate SCN18_30_10_14_R3_B_66_58 SCN18_30_10_14_R3_B_scaffold_4, whole genome shotgun sequence	Unknown	RiPP_c0.3_famFAM_00124	0.3
NZ_CM147870.1.region006.gbk_region_6	NZ_CM147870.1.region006	region	6	2237	FAM_00125	RiPP	Unknown	RiPP-like	RiPP	NZ_CM147870.1 Devosia sp. J2-20 chromosome, whole genome shotgun sequence	Unknown	RiPP_c0.3_famFAM_00125	0.3
NZ_JAGXTP010000002.1.region001.gbk_region_1	NZ_JAGXTP010000002.1.region001	region	1	2237	FAM_00125	RiPP	Unknown	RiPP-like	RiPP	NZ_JAGXTP010000002.1 Devosia litorisediminis strain BSSL-BM10 2, whole genome shotgun sequence	Unknown	RiPP_c0.3_famFAM_00125	0.3
NZ_JAPWHK010000006.1.region001.gbk_region_1	NZ_JAPWHK010000006.1.region001	region	1	2237	FAM_00125	RiPP	Unknown	RiPP-like	RiPP	NZ_JAPWHK010000006.1 Devosia neptuniae strain G21611-S1 NODE_6_length_281503_cov_131.454, whole genome shotgun sequence	Unknown	RiPP_c0.3_famFAM_00125	0.3
NZ_JBNMEO010000017.1.region001.gbk_region_1	NZ_JBNMEO010000017.1.region001	region	1	2237	FAM_00125	RiPP	Unknown	RiPP-like	RiPP	NZ_JBNMEO010000017.1 MAG: Devosia sp. isolate 3300055174_60 Ga0535679_0000215, whole genome shotgun sequence	Unknown	RiPP_c0.3_famFAM_00125	0.3
NZ_CP118245.1.region003.gbk_region_3	NZ_CP118245.1.region003	region	3	2237	FAM_00125	RiPP	Unknown	RiPP-like	RiPP	NZ_CP118245.1 Devosia sp. J2-20 chromosome	Unknown	RiPP_c0.3_famFAM_00125	0.3
NZ_JBDGIY010000001.1.region003.gbk_region_3	NZ_JBDGIY010000001.1.region003	region	3	2369	FAM_00126	RiPP	Unknown	redox-cofactor	RiPP	NZ_JBDGIY010000001.1 Devosia sp. Soil_C_22 NODE_1_length_3502528_cov_134.771868, whole genome shotgun sequence	Unknown	RiPP_c0.3_famFAM_00126	0.3
NZ_PYVW01000001.1.region001.gbk_region_1	NZ_PYVW01000001.1.region001	region	1	2369	FAM_00126	RiPP	Unknown	redox-cofactor	RiPP	NZ_PYVW01000001.1 Devosia naphthalenivorans strain CM5-1 scaffold1, whole genome shotgun sequence	Unknown	RiPP_c0.3_famFAM_00126	0.3
NZ_CAXUPH020000001.1.region001.gbk_region_1	NZ_CAXUPH020000001.1.region001	region	1	2410	FAM_00127	RiPP	Unknown	RRE-containing	RiPP	NZ_CAXUPH020000001.1 Devosia sp. LjRoot16 LJR016c1, whole genome shotgun sequence	Unknown	RiPP_c0.3_famFAM_00127	0.3
NZ_JAFKHA010000008.1.region001.gbk_region_1	NZ_JAFKHA010000008.1.region001	region	1	2410	FAM_00127	RiPP	Unknown	RRE-containing	RiPP	NZ_JAFKHA010000008.1 MAG: Devosia sp. isolate SCN18_30_10_14_R3_B_66_58 SCN18_30_10_14_R3_B_scaffold_1, whole genome shotgun sequence	Unknown	RiPP_c0.3_famFAM_00127	0.3
NZ_CP012945.1.region003.gbk_region_3	NZ_CP012945.1.region003	region	3	2410	FAM_00127	RiPP	Unknown	RRE-containing	RiPP	NZ_CP012945.1 Devosia sp. A16 chromosome, complete genome	Unknown	RiPP_c0.3_famFAM_00127	0.3
NZ_LMCR01000021.1.region001.gbk_region_1	NZ_LMCR01000021.1.region001	region	1	2410	FAM_00127	RiPP	Unknown	RRE-containing	RiPP	NZ_LMCR01000021.1 Devosia sp. Root105 contig_9, whole genome shotgun sequence	Unknown	RiPP_c0.3_famFAM_00127	0.3
NZ_JBXAPX010000002.1.region001.gbk_region_1	NZ_JBXAPX010000002.1.region001	region	1	2410	FAM_00127	RiPP	Unknown	RRE-containing	RiPP	NZ_JBXAPX010000002.1 Devosia sp. GW821-FHT12F11 NODE_2_length_929012_cov_60.894576, whole genome shotgun sequence	Unknown	RiPP_c0.3_famFAM_00127	0.3
NZ_MKVB01000006.1.region001.gbk_region_1	NZ_MKVB01000006.1.region001	region	1	2410	FAM_00127	RiPP	Unknown	RRE-containing	RiPP	NZ_MKVB01000006.1 MAG: Devosia sp. 66-14 SCNpilot_cont_300_bf_scaffold_172, whole genome shotgun sequence	Unknown	RiPP_c0.3_famFAM_00127	0.3
NZ_LMEA01000012.1.region001.gbk_region_1	NZ_LMEA01000012.1.region001	region	1	2410	FAM_00127	RiPP	Unknown	RRE-containing	RiPP	NZ_LMEA01000012.1 Devosia sp. Root413D1 contig_7, whole genome shotgun sequence	Unknown	RiPP_c0.3_famFAM_00127	0.3
NZ_JAFKHA010000012.1.region002.gbk_region_2	NZ_JAFKHA010000012.1.region002	region	2	2562	FAM_00128	RiPP	Unknown	thioamitides	RiPP	NZ_JAFKHA010000012.1 MAG: Devosia sp. isolate SCN18_30_10_14_R3_B_66_58 SCN18_30_10_14_R3_B_scaffold_19, whole genome shotgun sequence	Unknown	RiPP_c0.3_famFAM_00128	0.3
NZ_MKVB01000002.1.region002.gbk_region_2	NZ_MKVB01000002.1.region002	region	2	2562	FAM_00128	RiPP	Unknown	thioamitides	RiPP	NZ_MKVB01000002.1 MAG: Devosia sp. 66-14 SCNpilot_cont_300_bf_scaffold_147, whole genome shotgun sequence	Unknown	RiPP_c0.3_famFAM_00128	0.3
NZ_CP034767.1.region001.gbk_region_1	NZ_CP034767.1.region001	region	1	2633	FAM_00129	RiPP	Unknown	RRE-containing.lassopeptide	RiPP	NZ_CP034767.1 Devosia sp. 1566 chromosome, complete genome	Unknown	RiPP_c0.3_famFAM_00129	0.3
NZ_JABAOL010000001.1.region002.gbk_region_2	NZ_JABAOL010000001.1.region002	region	2	2633	FAM_00129	RiPP	Unknown	RRE-containing.lassopeptide	RiPP	NZ_JABAOL010000001.1 Devosia sp. 919 Scaffold1_1, whole genome shotgun sequence	Unknown	RiPP_c0.3_famFAM_00129	0.3
NZ_JBYUNQ010000005.1.region001.gbk_region_1	NZ_JBYUNQ010000005.1.region001	region	1	2633	FAM_00129	RiPP	Unknown	RRE-containing.lassopeptide	RiPP	NZ_JBYUNQ010000005.1 Devosia sp. Z11_6 NODE_5_length_228390_cov_165.542129, whole genome shotgun sequence	Unknown	RiPP_c0.3_famFAM_00129	0.3
NZ_JABAOM010000005.1.region001.gbk_region_1	NZ_JABAOM010000005.1.region001	region	1	2633	FAM_00129	RiPP	Unknown	RRE-containing.lassopeptide	RiPP	NZ_JABAOM010000005.1 Devosia sp. 1635 Scaffold4_1, whole genome shotgun sequence	Unknown	RiPP_c0.3_famFAM_00129	0.3
NZ_JBYUNO010000001.1.region001.gbk_region_1	NZ_JBYUNO010000001.1.region001	region	1	2633	FAM_00129	RiPP	Unknown	RRE-containing.lassopeptide	RiPP	NZ_JBYUNO010000001.1 Devosia sp. Z6_126 NODE_1_length_1401190_cov_167.528294, whole genome shotgun sequence	Unknown	RiPP_c0.3_famFAM_00129	0.3
NZ_CAXUPH020000005.1.region002.gbk_region_2	NZ_CAXUPH020000005.1.region002	region	2	4463	FAM_00130	RiPP	Unknown	thioamitides.thiopeptide	RiPP	NZ_CAXUPH020000005.1 Devosia sp. LjRoot16 LJR016c5, whole genome shotgun sequence	Unknown	RiPP_c0.3_famFAM_00130	0.3
NZ_LMCR01000017.1.region002.gbk_region_2	NZ_LMCR01000017.1.region002	region	2	4463	FAM_00130	RiPP	Unknown	thioamitides.thiopeptide	RiPP	NZ_LMCR01000017.1 Devosia sp. Root105 contig_5, whole genome shotgun sequence	Unknown	RiPP_c0.3_famFAM_00130	0.3
NZ_LMEA01000010.1.region002.gbk_region_2	NZ_LMEA01000010.1.region002	region	2	4463	FAM_00130	RiPP	Unknown	thioamitides.thiopeptide	RiPP	NZ_LMEA01000010.1 Devosia sp. Root413D1 contig_5, whole genome shotgun sequence	Unknown	RiPP_c0.3_famFAM_00130	0.3
NZ_JBXAPX010000006.1.region002.gbk_region_2	NZ_JBXAPX010000006.1.region002	region	2	4463	FAM_00130	RiPP	Unknown	thioamitides	RiPP	NZ_JBXAPX010000006.1 Devosia sp. GW821-FHT12F11 NODE_6_length_419588_cov_59.036509, whole genome shotgun sequence	Unknown	RiPP_c0.3_famFAM_00130	0.3
NZ_JAFKHA010000010.1.region001.gbk_region_1	NZ_JAFKHA010000010.1.region001	region	1	4858	FAM_00131	RiPP	Unknown	LAP	RiPP	NZ_JAFKHA010000010.1 MAG: Devosia sp. isolate SCN18_30_10_14_R3_B_66_58 SCN18_30_10_14_R3_B_scaffold_12, whole genome shotgun sequence	Unknown	RiPP_c0.3_famFAM_00131	0.3
NZ_MKVB01000003.1.region001.gbk_region_1	NZ_MKVB01000003.1.region001	region	1	4858	FAM_00131	RiPP	Unknown	LAP	RiPP	NZ_MKVB01000003.1 MAG: Devosia sp. 66-14 SCNpilot_cont_300_bf_scaffold_152, whole genome shotgun sequence	Unknown	RiPP_c0.3_famFAM_00131	0.3
NZ_JBFUCQ010000005.1.region001.gbk_region_1	NZ_JBFUCQ010000005.1.region001	region	1	4936	FAM_00132	RiPP	Unknown	thioamitides	RiPP	NZ_JBFUCQ010000005.1 Devosia sp. P1_H9 scaffold_4, whole genome shotgun sequence	Unknown	RiPP_c0.3_famFAM_00132	0.3
NZ_JBFUGO010000004.1.region001.gbk_region_1	NZ_JBFUGO010000004.1.region001	region	1	4936	FAM_00132	RiPP	Unknown	thioamitides	RiPP	NZ_JBFUGO010000004.1 Devosia sp. P3_B2 scaffold_3, whole genome shotgun sequence	Unknown	RiPP_c0.3_famFAM_00132	0.3
NZ_JBFUFI010000005.1.region001.gbk_region_1	NZ_JBFUFI010000005.1.region001	region	1	4936	FAM_00132	RiPP	Unknown	thioamitides	RiPP	NZ_JBFUFI010000005.1 Devosia sp. P2_G7 scaffold_4, whole genome shotgun sequence	Unknown	RiPP_c0.3_famFAM_00132	0.3
NZ_JAIMBX010000003.1.region001.gbk_region_1	NZ_JAIMBX010000003.1.region001	region	1	6109	FAM_00133	RiPP	Unknown	thioamitides	RiPP	NZ_JAIMBX010000003.1 Devosia sp. BK 9_Devo_3, whole genome shotgun sequence	Unknown	RiPP_c0.3_famFAM_00133	0.3
NZ_LMQU01000011.1.region002.gbk_region_2	NZ_LMQU01000011.1.region002	region	2	6109	FAM_00133	RiPP	Unknown	thioamitides	RiPP	NZ_LMQU01000011.1 Devosia sp. Leaf420 contig_4, whole genome shotgun sequence	Unknown	RiPP_c0.3_famFAM_00133	0.3
NZ_LMLO01000012.1.region002.gbk_region_2	NZ_LMLO01000012.1.region002	region	2	6109	FAM_00133	RiPP	Unknown	thioamitides	RiPP	NZ_LMLO01000012.1 Devosia sp. Leaf64 contig_2, whole genome shotgun sequence	Unknown	RiPP_c0.3_famFAM_00133	0.3
NZ_STGC01000005.1.region001.gbk_region_1	NZ_STGC01000005.1.region001	region	1	396	FAM_00134	RiPP	Unknown	RiPP-like	RiPP	NZ_STGC01000005.1 Devosia sp. FKR38 NODE_14_length_2742056_cov_203.257278, whole genome shotgun sequence	Unknown	RiPP_c0.3_famFAM_00134	0.3
NZ_JABBDZ010000004.1.region001.gbk_region_1	NZ_JABBDZ010000004.1.region001	region	1	1454	FAM_00135	RiPP	Unknown	RiPP-like	RiPP	NZ_JABBDZ010000004.1 Devosia sp. MC1541 Scaffold4_1, whole genome shotgun sequence	Unknown	RiPP_c0.3_famFAM_00135	0.3
NZ_OZ245853.1.region004.gbk_region_4	NZ_OZ245853.1.region004	region	4	1576	FAM_00136	RiPP	Unknown	thioamitides	RiPP	NZ_OZ245853.1 MAG: Devosia sp. isolate 3d186a37-0bcd-4ac1-b259-f5c9590ee027 chromosome 1	Unknown	RiPP_c0.3_famFAM_00136	0.3
NZ_CP063401.1.region003.gbk_region_3	NZ_CP063401.1.region003	region	3	1691	FAM_00137	RiPP	Unknown	RRE-containing.lassopeptide	RiPP	NZ_CP063401.1 Devosia sp. SL43 chromosome, complete genome	Unknown	RiPP_c0.3_famFAM_00137	0.3
NZ_CP012945.1.region001.gbk_region_1	NZ_CP012945.1.region001	region	1	1820	FAM_00138	RiPP	Unknown	thioamitides	RiPP	NZ_CP012945.1 Devosia sp. A16 chromosome, complete genome	Unknown	RiPP_c0.3_famFAM_00138	0.3
NZ_JBTMWU010000001.1.region001.gbk_region_1	NZ_JBTMWU010000001.1.region001	region	1	3820	FAM_00139	RiPP	Unknown	redox-cofactor	RiPP	NZ_JBTMWU010000001.1 Devosia sp. A449 Scaffold1, whole genome shotgun sequence	Unknown	RiPP_c0.3_famFAM_00139	0.3
NZ_CP186479.1.region003.gbk_region_3	NZ_CP186479.1.region003	region	3	4025	FAM_00140	RiPP	Unknown	thioamitides	RiPP	NZ_CP186479.1 Devosia sp. CN2-171 chromosome, complete genome	Unknown	RiPP_c0.3_famFAM_00140	0.3
NZ_OZ245853.1.region001.gbk_region_1	NZ_OZ245853.1.region001	region	1	4113	FAM_00141	RiPP	Unknown	thioamitides	RiPP	NZ_OZ245853.1 MAG: Devosia sp. isolate 3d186a37-0bcd-4ac1-b259-f5c9590ee027 chromosome 1	Unknown	RiPP_c0.3_famFAM_00141	0.3
NZ_CP170082.1.region004.gbk_region_4	NZ_CP170082.1.region004	region	4	4451	FAM_00142	RiPP	Unknown	RRE-containing.lassopeptide	RiPP	NZ_CP170082.1 Devosia sp. Naph2 chromosome, complete genome	Unknown	RiPP_c0.3_famFAM_00142	0.3
NZ_JBLXGA010000019.1.region001.gbk_region_1	NZ_JBLXGA010000019.1.region001	region	1	4517	FAM_00143	RiPP	Unknown	RiPP-like	RiPP	NZ_JBLXGA010000019.1 MAG: Devosia sp. isolate ET04-05 T04maxbin_out.008RE.5K@19, whole genome shotgun sequence	Unknown	RiPP_c0.3_famFAM_00143	0.3
NZ_CM147875.1.region002.gbk_region_2	NZ_CM147875.1.region002	region	2	4795	FAM_00144	RiPP	Unknown	thioamitides	RiPP	NZ_CM147875.1 Devosia sp. J20-27 chromosome, whole genome shotgun sequence	Unknown	RiPP_c0.3_famFAM_00144	0.3
NZ_JAFKHE010000027.1.region001.gbk_region_1	NZ_JAFKHE010000027.1.region001	region	1	4870	FAM_00145	RiPP	Unknown	redox-cofactor	RiPP	NZ_JAFKHE010000027.1 MAG: Devosia sp. isolate SCN18_30_10_14_R3_P_66_71 SCN18_30_10_14_R3_P_scaffold_205, whole genome shotgun sequence	Unknown	RiPP_c0.3_famFAM_00145	0.3
NZ_LAJG01000014.1.region003.gbk_region_3	NZ_LAJG01000014.1.region003	region	3	5094	FAM_00146	RiPP	Unknown	thioamitides	RiPP	NZ_LAJG01000014.1 Devosia soli strain GH2-10 NODE_14, whole genome shotgun sequence	Unknown	RiPP_c0.3_famFAM_00146	0.3
NZ_JAQRMY010000003.1.region001.gbk_region_1	NZ_JAQRMY010000003.1.region001	region	1	5982	FAM_00147	RiPP	Unknown	thioamitides	RiPP	NZ_JAQRMY010000003.1 Devosia sp. ZB163 scaffold_2, whole genome shotgun sequence	Unknown	RiPP_c0.3_famFAM_00147	0.3
NZ_JBXAPX010000005.1.region001.gbk_region_1	NZ_JBXAPX010000005.1.region001	region	1	6087	FAM_00148	RiPP	Unknown	lanthipeptide-class-iv	RiPP	NZ_JBXAPX010000005.1 Devosia sp. GW821-FHT12F11 NODE_5_length_446700_cov_56.840628, whole genome shotgun sequence	Unknown	RiPP_c0.3_famFAM_00148	0.3
NZ_CM147875.1.region001.gbk_region_1	NZ_CM147875.1.region001	region	1	6488	FAM_00149	RiPP	Unknown	RiPP-like	RiPP	NZ_CM147875.1 Devosia sp. J20-27 chromosome, whole genome shotgun sequence	Unknown	RiPP_c0.3_famFAM_00149	0.3
NZ_CP186479.1.region002.gbk_region_2	NZ_CP186479.1.region002	region	2	7009	FAM_00150	RiPP	Unknown	RiPP-like	RiPP	NZ_CP186479.1 Devosia sp. CN2-171 chromosome, complete genome	Unknown	RiPP_c0.3_famFAM_00150	0.3
NZ_BMZE01000001.1.region002.gbk_region_2	NZ_BMZE01000001.1.region002	region	2	7117	FAM_00151	RiPP	Unknown	RiPP-like	RiPP	NZ_BMZE01000001.1 Devosia pacifica strain KCTC 32437 sequence1, whole genome shotgun sequence	Unknown	RiPP_c0.3_famFAM_00151	0.3
NZ_JABBDZ010000019.1.region001.gbk_region_1	NZ_JABBDZ010000019.1.region001	region	1	7320	FAM_00152	RiPP	Unknown	RRE-containing	RiPP	NZ_JABBDZ010000019.1 Devosia sp. MC1541 Scaffold19_1, whole genome shotgun sequence	Unknown	RiPP_c0.3_famFAM_00152	0.3
NZ_CM147875.1.region003.gbk_region_3	NZ_CM147875.1.region003	region	3	7694	FAM_00153	RiPP	Unknown	RiPP-like	RiPP	NZ_CM147875.1 Devosia sp. J20-27 chromosome, whole genome shotgun sequence	Unknown	RiPP_c0.3_famFAM_00153	0.3
NZ_JBDGIY010000001.1.region005.gbk_region_5	NZ_JBDGIY010000001.1.region005	region	5	8244	FAM_00154	RiPP	Unknown	thioamitides	RiPP	NZ_JBDGIY010000001.1 Devosia sp. Soil_C_22 NODE_1_length_3502528_cov_134.771868, whole genome shotgun sequence	Unknown	RiPP_c0.3_famFAM_00154	0.3
NZ_MKUZ01000030.1.region001.gbk_region_1	NZ_MKUZ01000030.1.region001	region	1	8968	FAM_00155	RiPP	Unknown	thioamitides	RiPP	NZ_MKUZ01000030.1 MAG: Devosia sp. 66-22 SCNpilot_expt_1000_bf_scaffold_96, whole genome shotgun sequence	Unknown	RiPP_c0.3_famFAM_00155	0.3
NZ_CP063401.1.region006.gbk_region_6	NZ_CP063401.1.region006	region	6	9049	FAM_00156	RiPP	Unknown	thioamitides	RiPP	NZ_CP063401.1 Devosia sp. SL43 chromosome, complete genome	Unknown	RiPP_c0.3_famFAM_00156	0.3
NZ_FXWK01000002.1.region001.gbk_region_1	NZ_FXWK01000002.1.region001	region	1	9504	FAM_00157	RiPP	Unknown	lanthipeptide-class-ii	RiPP	NZ_FXWK01000002.1 Devosia lucknowensis strain L15, whole genome shotgun sequence	Unknown	RiPP_c0.3_famFAM_00157	0.3
NZ_WQRF01000001.1.region001.gbk_region_1	NZ_WQRF01000001.1.region001	region	1	9557	FAM_00158	RiPP	Unknown	RiPP-like	RiPP	NZ_WQRF01000001.1 Devosia marina strain L53-10-65 NODE_1_length_1615214_cov_52.474690, whole genome shotgun sequence	Unknown	RiPP_c0.3_famFAM_00158	0.3
NZ_CP045422.1.region002.gbk_region_2	NZ_CP045422.1.region002	region	2	10035	FAM_00159	RiPP	Unknown	RiPP-like	RiPP	NZ_CP045422.1 Devosia beringensis strain S02 chromosome, complete genome	Unknown	RiPP_c0.3_famFAM_00159	0.3
NZ_STGC01000005.1.region005.gbk_region_5	NZ_STGC01000005.1.region005	region	5	10400	FAM_00160	RiPP	Unknown	RiPP-like	RiPP	NZ_STGC01000005.1 Devosia sp. FKR38 NODE_14_length_2742056_cov_203.257278, whole genome shotgun sequence	Unknown	RiPP_c0.3_famFAM_00160	0.3
NZ_JBLXGA010000003.1.region001.gbk_region_1	NZ_JBLXGA010000003.1.region001	region	1	10473	FAM_00161	RiPP	Unknown	thioamitides	RiPP	NZ_JBLXGA010000003.1 MAG: Devosia sp. isolate ET04-05 T04maxbin_out.008RE.5K@3, whole genome shotgun sequence	Unknown	RiPP_c0.3_famFAM_00161	0.3
NZ_JBDGIY010000001.1.region001.gbk_region_1	NZ_JBDGIY010000001.1.region001	region	1	10498	FAM_00162	RiPP	Unknown	RRE-containing	RiPP	NZ_JBDGIY010000001.1 Devosia sp. Soil_C_22 NODE_1_length_3502528_cov_134.771868, whole genome shotgun sequence	Unknown	RiPP_c0.3_famFAM_00162	0.3
NZ_AP027921.1.region002.gbk_region_2	NZ_AP027921.1.region002	region	2	10787	FAM_00163	RiPP	Unknown	RRE-containing	RiPP	NZ_AP027921.1 Devosia sp. T2-14 chromosome, complete genome	Unknown	RiPP_c0.3_famFAM_00163	0.3
NZ_JAFKHE010000031.1.region001.gbk_region_1	NZ_JAFKHE010000031.1.region001	region	1	11033	FAM_00164	RiPP	Unknown	thioamitides	RiPP	NZ_JAFKHE010000031.1 MAG: Devosia sp. isolate SCN18_30_10_14_R3_P_66_71 SCN18_30_10_14_R3_P_scaffold_280, whole genome shotgun sequence	Unknown	RiPP_c0.3_famFAM_00164	0.3
NZ_JADGNE010000033.1.region001.gbk_region_1	NZ_JADGNE010000033.1.region001	region	1	11915	FAM_00165	RiPP	Unknown	RRE-containing	RiPP	NZ_JADGNE010000033.1 MAG: Devosia sp. isolate N26CT NODE_24_length_219165_cov_20.528168, whole genome shotgun sequence	Unknown	RiPP_c0.3_famFAM_00165	0.3
NZ_JBDGIY010000001.1.region002.gbk_region_2	NZ_JBDGIY010000001.1.region002	region	2	12318	FAM_00166	RiPP	Unknown	thioamitides	RiPP	NZ_JBDGIY010000001.1 Devosia sp. Soil_C_22 NODE_1_length_3502528_cov_134.771868, whole genome shotgun sequence	Unknown	RiPP_c0.3_famFAM_00166	0.3
NZ_CP092483.1.region001.gbk_region_1	NZ_CP092483.1.region001	region	1	12357	FAM_00167	RiPP	Unknown	RRE-containing.lassopeptide	RiPP	NZ_CP092483.1 Devosia lacusdianchii strain JXJ CY 41 chromosome	Unknown	RiPP_c0.3_famFAM_00167	0.3
NZ_FQVC01000008.1.region001.gbk_region_1	NZ_FQVC01000008.1.region001	region	1	9980	FAM_00212	NRPS	Unknown	NRPS-like	NRPS	NZ_FQVC01000008.1 Devosia limi DSM 17137, whole genome shotgun sequence	Unknown	NRPS_c0.5_famFAM_00212	0.5
NZ_LAJF01000091.1.region001.gbk_region_1	NZ_LAJF01000091.1.region001	region	1	9980	FAM_00212	NRPS	Unknown	NRPS-like	NRPS	NZ_LAJF01000091.1 Devosia limi DSM 17137 NODE_91, whole genome shotgun sequence	Unknown	NRPS_c0.5_famFAM_00212	0.5
NZ_JBTLRJ010000001.1.region003.gbk_region_3	NZ_JBTLRJ010000001.1.region003	region	3	3969	FAM_00213	NRPS	Unknown	NRPS-like	NRPS	NZ_JBTLRJ010000001.1 Devosia sp. CAU 1758 contig1, whole genome shotgun sequence	Unknown	NRPS_c0.5_famFAM_00213	0.5
NZ_FXWK01000002.1.region003.gbk_region_3	NZ_FXWK01000002.1.region003	region	3	6917	FAM_00214	NRPS	Unknown	NRPS-like	NRPS	NZ_FXWK01000002.1 Devosia lucknowensis strain L15, whole genome shotgun sequence	Unknown	NRPS_c0.5_famFAM_00214	0.5
NZ_JBHRYD010000007.1.region002.gbk_region_2	NZ_JBHRYD010000007.1.region002	region	2	7829	FAM_00215	NRPS	Unknown	NRP-metallophore.NRPS	NRPS	NZ_JBHRYD010000007.1 Devosia honganensis strain KCTC 42281 platanus_K_25_97_7, whole genome shotgun sequence	Unknown	NRPS_c0.5_famFAM_00215	0.5
NZ_CP146608.1.region006.gbk_region_6	NZ_CP146608.1.region006	region	6	3881	FAM_00580	RiPP.other	Unknown	hserlactone.thioamitides	RiPP.other	NZ_CP146608.1 Devosia sp. XK-2 chromosome, complete genome	Unknown	RiPP.other_c0.5_famFAM_00580	0.5
NZ_JNNO01000034.1.region001.gbk_region_1	NZ_JNNO01000034.1.region001	region	1	10477	FAM_00581	RiPP.other	Unknown	RiPP-like.hydrogen-cyanide	RiPP.other	NZ_JNNO01000034.1 Devosia sp. LC5 contig4, whole genome shotgun sequence	Unknown	RiPP.other_c0.5_famFAM_00581	0.5
NZ_CP045422.1.region003.gbk_region_3	NZ_CP045422.1.region003	region	3	31	FAM_00307	PKS.other	Unknown	T3PKS.hserlactone	PKS.other	NZ_CP045422.1 Devosia beringensis strain S02 chromosome, complete genome	Unknown	PKS.other_c0.5_famFAM_00307	0.5
NZ_JACYFU010000003.1.region001.gbk_region_1	NZ_JACYFU010000003.1.region001	region	1	3778	FAM_00308	PKS.other	Unknown	T3PKS.hserlactone	PKS.other	NZ_JACYFU010000003.1 Devosia oryzisoli strain PTR5 contig3, whole genome shotgun sequence	Unknown	PKS.other_c0.5_famFAM_00308	0.5
NZ_JAQGJV010000042.1.region001.gbk_region_1	NZ_JAQGJV010000042.1.region001	region	1	811	FAM_00272	PKS	Unknown	T3PKS	PKS	NZ_JAQGJV010000042.1 MAG: Devosia sp. isolate RYN_494 scaffold_4231403, whole genome shotgun sequence	Unknown	PKS_c0.5_famFAM_00272	0.5
NZ_JBEPOL010000002.1.region001.gbk_region_1	NZ_JBEPOL010000002.1.region001	region	1	811	FAM_00272	PKS	Unknown	T3PKS	PKS	NZ_JBEPOL010000002.1 Devosia sp. UYZn731 Ga0493902_02, whole genome shotgun sequence	Unknown	PKS_c0.5_famFAM_00272	0.5
NZ_JACIEW010000009.1.region001.gbk_region_1	NZ_JACIEW010000009.1.region001	region	1	1251	FAM_00273	PKS	Unknown	T1PKS	PKS	NZ_JACIEW010000009.1 Devosia subaequoris strain DSM 23447 Ga0373328_09, whole genome shotgun sequence	Unknown	PKS_c0.5_famFAM_00273	0.5
NZ_JAMYXP010000013.1.region001.gbk_region_1	NZ_JAMYXP010000013.1.region001	region	1	1251	FAM_00273	PKS	Unknown	T1PKS	PKS	NZ_JAMYXP010000013.1 Devosia subaequoris strain HST3-14 Scaffold13, whole genome shotgun sequence	Unknown	PKS_c0.5_famFAM_00273	0.5
NZ_JBVKGV010000026.1.region001.gbk_region_1	NZ_JBVKGV010000026.1.region001	region	1	3092	FAM_00274	PKS	Unknown	T1PKS	PKS	NZ_JBVKGV010000026.1 MAG: Devosia sp. isolate ML34-006-05 ML34_006_NODE_354_length_48541_cov_2.462924, whole genome shotgun sequence	Unknown	PKS_c0.5_famFAM_00274	0.5
NZ_JBTSEP010000065.1.region001.gbk_region_1	NZ_JBTSEP010000065.1.region001	region	1	3092	FAM_00274	PKS	Unknown	T1PKS	PKS	NZ_JBTSEP010000065.1 MAG: Devosia sp. isolate ML34-012-05 ML34_012_NODE_818_length_10192_cov_1.403279, whole genome shotgun sequence	Unknown	PKS_c0.5_famFAM_00274	0.5
NZ_JBFUGO010000008.1.region001.gbk_region_1	NZ_JBFUGO010000008.1.region001	region	1	3270	FAM_00276	PKS	Unknown	T3PKS	PKS	NZ_JBFUGO010000008.1 Devosia sp. P3_B2 scaffold_7, whole genome shotgun sequence	Unknown	PKS_c0.5_famFAM_00276	0.5
NZ_JBFUCQ010000009.1.region001.gbk_region_1	NZ_JBFUCQ010000009.1.region001	region	1	3270	FAM_00276	PKS	Unknown	T3PKS	PKS	NZ_JBFUCQ010000009.1 Devosia sp. P1_H9 scaffold_8, whole genome shotgun sequence	Unknown	PKS_c0.5_famFAM_00276	0.5
NZ_JBFUFI010000008.1.region001.gbk_region_1	NZ_JBFUFI010000008.1.region001	region	1	3270	FAM_00276	PKS	Unknown	T3PKS	PKS	NZ_JBFUFI010000008.1 Devosia sp. P2_G7 scaffold_7, whole genome shotgun sequence	Unknown	PKS_c0.5_famFAM_00276	0.5
NZ_LMEA01000012.1.region002.gbk_region_2	NZ_LMEA01000012.1.region002	region	2	4013	FAM_00277	PKS	Unknown	T3PKS	PKS	NZ_LMEA01000012.1 Devosia sp. Root413D1 contig_7, whole genome shotgun sequence	Unknown	PKS_c0.5_famFAM_00277	0.5
NZ_CAXUPH020000001.1.region002.gbk_region_2	NZ_CAXUPH020000001.1.region002	region	2	4013	FAM_00277	PKS	Unknown	T3PKS	PKS	NZ_CAXUPH020000001.1 Devosia sp. LjRoot16 LJR016c1, whole genome shotgun sequence	Unknown	PKS_c0.5_famFAM_00277	0.5
NZ_JBXAPX010000002.1.region002.gbk_region_2	NZ_JBXAPX010000002.1.region002	region	2	4013	FAM_00277	PKS	Unknown	T3PKS	PKS	NZ_JBXAPX010000002.1 Devosia sp. GW821-FHT12F11 NODE_2_length_929012_cov_60.894576, whole genome shotgun sequence	Unknown	PKS_c0.5_famFAM_00277	0.5
NZ_LMCR01000019.1.region001.gbk_region_1	NZ_LMCR01000019.1.region001	region	1	4013	FAM_00277	PKS	Unknown	T3PKS	PKS	NZ_LMCR01000019.1 Devosia sp. Root105 contig_7, whole genome shotgun sequence	Unknown	PKS_c0.5_famFAM_00277	0.5
NZ_CP045422.1.region006.gbk_region_6	NZ_CP045422.1.region006	region	6	787	FAM_00278	PKS	Unknown	T3PKS	PKS	NZ_CP045422.1 Devosia beringensis strain S02 chromosome, complete genome	Unknown	PKS_c0.5_famFAM_00278	0.5
NZ_OZ245853.1.region002.gbk_region_2	NZ_OZ245853.1.region002	region	2	1656	FAM_00279	PKS	Unknown	T3PKS	PKS	NZ_OZ245853.1 MAG: Devosia sp. isolate 3d186a37-0bcd-4ac1-b259-f5c9590ee027 chromosome 1	Unknown	PKS_c0.5_famFAM_00279	0.5
NZ_JAQGJM010000022.1.region001.gbk_region_1	NZ_JAQGJM010000022.1.region001	region	1	2936	FAM_00280	PKS	Unknown	T3PKS	PKS	NZ_JAQGJM010000022.1 MAG: Devosia sp. isolate RYN_485 scaffold_3385130, whole genome shotgun sequence	Unknown	PKS_c0.5_famFAM_00280	0.5
NZ_JBEPOL010000009.1.region001.gbk_region_1	NZ_JBEPOL010000009.1.region001	region	1	3042	FAM_00281	PKS	Unknown	T3PKS	PKS	NZ_JBEPOL010000009.1 Devosia sp. UYZn731 Ga0493902_09, whole genome shotgun sequence	Unknown	PKS_c0.5_famFAM_00281	0.5
NZ_FOMB01000021.1.region002.gbk_region_2	NZ_FOMB01000021.1.region002	region	2	3372	FAM_00282	PKS	Unknown	T3PKS	PKS	NZ_FOMB01000021.1 Devosia psychrophila strain CGMCC 1.10210, whole genome shotgun sequence	Unknown	PKS_c0.5_famFAM_00282	0.5
NZ_FOMB01000051.1.region001.gbk_region_1	NZ_FOMB01000051.1.region001	region	1	4600	FAM_00283	PKS	Unknown	T3PKS	PKS	NZ_FOMB01000051.1 Devosia psychrophila strain CGMCC 1.10210, whole genome shotgun sequence	Unknown	PKS_c0.5_famFAM_00283	0.5
NZ_STGC01000005.1.region002.gbk_region_2	NZ_STGC01000005.1.region002	region	2	4703	FAM_00284	PKS	Unknown	T3PKS	PKS	NZ_STGC01000005.1 Devosia sp. FKR38 NODE_14_length_2742056_cov_203.257278, whole genome shotgun sequence	Unknown	PKS_c0.5_famFAM_00284	0.5
NZ_CP042304.1.region005.gbk_region_5	NZ_CP042304.1.region005	region	5	5050	FAM_00285	PKS	Unknown	T1PKS	PKS	NZ_CP042304.1 Devosia ginsengisoli strain Gsoil 520 chromosome, complete genome	Unknown	PKS_c0.5_famFAM_00285	0.5
NZ_CP080590.1.region005.gbk_region_5	NZ_CP080590.1.region005	region	5	6677	FAM_00286	PKS	Unknown	T1PKS	PKS	NZ_CP080590.1 Devosia salina strain SCS-3 chromosome, complete genome	Unknown	PKS_c0.5_famFAM_00286	0.5
NZ_FOMB01000025.1.region001.gbk_region_1	NZ_FOMB01000025.1.region001	region	1	9082	FAM_00287	PKS	Unknown	T3PKS	PKS	NZ_FOMB01000025.1 Devosia psychrophila strain CGMCC 1.10210, whole genome shotgun sequence	Unknown	PKS_c0.5_famFAM_00287	0.5
NZ_BMZE01000002.1.region002.gbk_region_2	NZ_BMZE01000002.1.region002	region	2	11879	FAM_00288	PKS	Unknown	T3PKS	PKS	NZ_BMZE01000002.1 Devosia pacifica strain KCTC 32437 sequence2, whole genome shotgun sequence	Unknown	PKS_c0.5_famFAM_00288	0.5
NZ_LAJF01000101.1.region001.gbk_region_1	NZ_LAJF01000101.1.region001	region	1	1424	FAM_00170	NRPS.PKS	Unknown	NRPS-like.T1PKS	NRPS.PKS	NZ_LAJF01000101.1 Devosia limi DSM 17137 NODE_101, whole genome shotgun sequence	Unknown	NRPS.PKS_c0.5_famFAM_00170	0.5
NZ_FQVC01000001.1.region001.gbk_region_1	NZ_FQVC01000001.1.region001	region	1	1424	FAM_00170	NRPS.PKS	Unknown	NRPS-like.T1PKS	NRPS.PKS	NZ_FQVC01000001.1 Devosia limi DSM 17137, whole genome shotgun sequence	Unknown	NRPS.PKS_c0.5_famFAM_00170	0.5
NZ_JBTMWU010000004.1.region001.gbk_region_1	NZ_JBTMWU010000004.1.region001	region	1	1923	FAM_00171	NRPS.PKS	Unknown	NRPS-like.T1PKS	NRPS.PKS	NZ_JBTMWU010000004.1 Devosia sp. A449 Scaffold4, whole genome shotgun sequence	Unknown	NRPS.PKS_c0.5_famFAM_00171	0.5
NZ_JBTMWV010000025.1.region001.gbk_region_1	NZ_JBTMWV010000025.1.region001	region	1	1923	FAM_00171	NRPS.PKS	Unknown	NRPS-like.T1PKS	NRPS.PKS	NZ_JBTMWV010000025.1 Devosia sp. A369 Scaffold25, whole genome shotgun sequence	Unknown	NRPS.PKS_c0.5_famFAM_00171	0.5
NZ_JACDXV010000002.1.region002.gbk_region_2	NZ_JACDXV010000002.1.region002	region	2	1923	FAM_00171	NRPS.PKS	Unknown	NRPS-like.T1PKS	NRPS.PKS	NZ_JACDXV010000002.1 Devosia faecipullorum strain CC-YST696 contig02, whole genome shotgun sequence	Unknown	NRPS.PKS_c0.5_famFAM_00171	0.5
NZ_PYWB01000001.1.region001.gbk_region_1	NZ_PYWB01000001.1.region001	region	1	10924	FAM_00172	NRPS.PKS	Unknown	NRPS-like.T1PKS	NRPS.PKS	NZ_PYWB01000001.1 Devosia submarina strain JCM 18935 scaffold1, whole genome shotgun sequence	Unknown	NRPS.PKS_c0.5_famFAM_00172	0.5
NZ_CP186479.1.region001.gbk_region_1	NZ_CP186479.1.region001	region	1	183	FAM_00322	terpene	Unknown	terpene	terpene	NZ_CP186479.1 Devosia sp. CN2-171 chromosome, complete genome	Unknown	terpene_c0.5_famFAM_00322	0.5
NZ_JANQAJ010000011.1.region001.gbk_region_1	NZ_JANQAJ010000011.1.region001	region	1	183	FAM_00322	terpene	Unknown	terpene	terpene	NZ_JANQAJ010000011.1 MAG: Devosia ginsengisoli isolate 46_gen_w_cov.5 c262, whole genome shotgun sequence	Unknown	terpene_c0.5_famFAM_00322	0.5
NZ_JBTMWV010000006.1.region001.gbk_region_1	NZ_JBTMWV010000006.1.region001	region	1	183	FAM_00322	terpene	Unknown	terpene	terpene	NZ_JBTMWV010000006.1 Devosia sp. A369 Scaffold6, whole genome shotgun sequence	Unknown	terpene_c0.5_famFAM_00322	0.5
NZ_JBEPOO010000001.1.region002.gbk_region_2	NZ_JBEPOO010000001.1.region002	region	2	183	FAM_00322	terpene	Unknown	terpene	terpene	NZ_JBEPOO010000001.1 Devosia sp. 2618 Ga0501505_01, whole genome shotgun sequence	Unknown	terpene_c0.5_famFAM_00322	0.5
NZ_JAIMBX010000001.1.region002.gbk_region_2	NZ_JAIMBX010000001.1.region002	region	2	183	FAM_00322	terpene	Unknown	terpene	terpene	NZ_JAIMBX010000001.1 Devosia sp. BK 9_Devo_1, whole genome shotgun sequence	Unknown	terpene_c0.5_famFAM_00322	0.5
NZ_CP068046.1.region003.gbk_region_3	NZ_CP068046.1.region003	region	3	183	FAM_00322	terpene	Unknown	terpene	terpene	NZ_CP068046.1 Devosia rhizoryzae strain LEGU1 chromosome	Unknown	terpene_c0.5_famFAM_00322	0.5
NZ_JBYUNQ010000004.1.region001.gbk_region_1	NZ_JBYUNQ010000004.1.region001	region	1	183	FAM_00322	terpene	Unknown	terpene	terpene	NZ_JBYUNQ010000004.1 Devosia sp. Z11_6 NODE_4_length_480685_cov_153.006625, whole genome shotgun sequence	Unknown	terpene_c0.5_famFAM_00322	0.5
NZ_FOMB01000002.1.region001.gbk_region_1	NZ_FOMB01000002.1.region001	region	1	183	FAM_00322	terpene	Unknown	terpene	terpene	NZ_FOMB01000002.1 Devosia psychrophila strain CGMCC 1.10210, whole genome shotgun sequence	Unknown	terpene_c0.5_famFAM_00322	0.5
NZ_STGC01000005.1.region003.gbk_region_3	NZ_STGC01000005.1.region003	region	3	183	FAM_00322	terpene	Unknown	terpene	terpene	NZ_STGC01000005.1 Devosia sp. FKR38 NODE_14_length_2742056_cov_203.257278, whole genome shotgun sequence	Unknown	terpene_c0.5_famFAM_00322	0.5
NZ_LMEM01000001.1.region001.gbk_region_1	NZ_LMEM01000001.1.region001	region	1	183	FAM_00322	terpene	Unknown	terpene	terpene	NZ_LMEM01000001.1 Devosia sp. Root436 contig_1, whole genome shotgun sequence	Unknown	terpene_c0.5_famFAM_00322	0.5
NZ_LMGZ01000021.1.region001.gbk_region_1	NZ_LMGZ01000021.1.region001	region	1	183	FAM_00322	terpene	Unknown	terpene	terpene	NZ_LMGZ01000021.1 Devosia sp. Root635 contig_6, whole genome shotgun sequence	Unknown	terpene_c0.5_famFAM_00322	0.5
NZ_JAQGJV010000003.1.region001.gbk_region_1	NZ_JAQGJV010000003.1.region001	region	1	183	FAM_00322	terpene	Unknown	terpene	terpene	NZ_JAQGJV010000003.1 MAG: Devosia sp. isolate RYN_494 scaffold_5290636, whole genome shotgun sequence	Unknown	terpene_c0.5_famFAM_00322	0.5
NZ_CP092483.1.region003.gbk_region_3	NZ_CP092483.1.region003	region	3	183	FAM_00322	terpene	Unknown	terpene	terpene	NZ_CP092483.1 Devosia lacusdianchii strain JXJ CY 41 chromosome	Unknown	terpene_c0.5_famFAM_00322	0.5
NZ_JBTMWU010000011.1.region001.gbk_region_1	NZ_JBTMWU010000011.1.region001	region	1	183	FAM_00322	terpene	Unknown	terpene	terpene	NZ_JBTMWU010000011.1 Devosia sp. A449 Scaffold11, whole genome shotgun sequence	Unknown	terpene_c0.5_famFAM_00322	0.5
NZ_PYVW01000009.1.region001.gbk_region_1	NZ_PYVW01000009.1.region001	region	1	183	FAM_00322	terpene	Unknown	terpene	terpene	NZ_PYVW01000009.1 Devosia naphthalenivorans strain CM5-1 scaffold9, whole genome shotgun sequence	Unknown	terpene_c0.5_famFAM_00322	0.5
NZ_CP063401.1.region001.gbk_region_1	NZ_CP063401.1.region001	region	1	183	FAM_00322	terpene	Unknown	terpene	terpene	NZ_CP063401.1 Devosia sp. SL43 chromosome, complete genome	Unknown	terpene_c0.5_famFAM_00322	0.5
NZ_JBJDRE010000009.1.region001.gbk_region_1	NZ_JBJDRE010000009.1.region001	region	1	183	FAM_00322	terpene	Unknown	terpene	terpene	NZ_JBJDRE010000009.1 Devosia sp. ZW T5_3 ZW_T5_3_contig_009, whole genome shotgun sequence	Unknown	terpene_c0.5_famFAM_00322	0.5
NZ_LMLO01000018.1.region001.gbk_region_1	NZ_LMLO01000018.1.region001	region	1	183	FAM_00322	terpene	Unknown	terpene	terpene	NZ_LMLO01000018.1 Devosia sp. Leaf64 contig_3, whole genome shotgun sequence	Unknown	terpene_c0.5_famFAM_00322	0.5
NZ_CP068047.1.region003.gbk_region_3	NZ_CP068047.1.region003	region	3	183	FAM_00322	terpene	Unknown	terpene	terpene	NZ_CP068047.1 Devosia oryziradicis strain G19 chromosome	Unknown	terpene_c0.5_famFAM_00322	0.5
NZ_JAFKHE010000017.1.region001.gbk_region_1	NZ_JAFKHE010000017.1.region001	region	1	183	FAM_00322	terpene	Unknown	terpene	terpene	NZ_JAFKHE010000017.1 MAG: Devosia sp. isolate SCN18_30_10_14_R3_P_66_71 SCN18_30_10_14_R3_P_scaffold_84, whole genome shotgun sequence	Unknown	terpene_c0.5_famFAM_00322	0.5
NZ_CP034767.1.region002.gbk_region_2	NZ_CP034767.1.region002	region	2	183	FAM_00322	terpene	Unknown	terpene	terpene	NZ_CP034767.1 Devosia sp. 1566 chromosome, complete genome	Unknown	terpene_c0.5_famFAM_00322	0.5
NZ_FOFL01000007.1.region001.gbk_region_1	NZ_FOFL01000007.1.region001	region	1	183	FAM_00322	terpene	Unknown	terpene	terpene	NZ_FOFL01000007.1 Devosia sp. YR412, whole genome shotgun sequence	Unknown	terpene_c0.5_famFAM_00322	0.5
NZ_MKUZ01000008.1.region001.gbk_region_1	NZ_MKUZ01000008.1.region001	region	1	183	FAM_00322	terpene	Unknown	terpene	terpene	NZ_MKUZ01000008.1 MAG: Devosia sp. 66-22 SCNpilot_expt_1000_bf_scaffold_164, whole genome shotgun sequence	Unknown	terpene_c0.5_famFAM_00322	0.5
NZ_JBHUNP010000001.1.region003.gbk_region_3	NZ_JBHUNP010000001.1.region003	region	3	183	FAM_00322	terpene	Unknown	terpene	terpene	NZ_JBHUNP010000001.1 Devosia albogilva strain CCM 7427 tig00000001, whole genome shotgun sequence	Unknown	terpene_c0.5_famFAM_00322	0.5
NZ_LANJ01000011.1.region001.gbk_region_1	NZ_LANJ01000011.1.region001	region	1	183	FAM_00322	terpene	Unknown	terpene	terpene	NZ_LANJ01000011.1 Devosia epidermidihirudinis strain E84 contig11, whole genome shotgun sequence	Unknown	terpene_c0.5_famFAM_00322	0.5
NZ_CP104965.1.region004.gbk_region_4	NZ_CP104965.1.region004	region	4	183	FAM_00322	terpene	Unknown	terpene	terpene	NZ_CP104965.1 Devosia neptuniae strain A18/4-1 chromosome, complete genome	Unknown	terpene_c0.5_famFAM_00322	0.5
NZ_JNNO01000008.1.region001.gbk_region_1	NZ_JNNO01000008.1.region001	region	1	183	FAM_00322	terpene	Unknown	terpene	terpene	NZ_JNNO01000008.1 Devosia sp. LC5 contig16, whole genome shotgun sequence	Unknown	terpene_c0.5_famFAM_00322	0.5
NZ_CP126539.1.region002.gbk_region_2	NZ_CP126539.1.region002	region	2	183	FAM_00322	terpene	Unknown	terpene	terpene	NZ_CP126539.1 Devosia rhizosphaerae strain RR2S18 chromosome, complete genome	Unknown	terpene_c0.5_famFAM_00322	0.5
NZ_BSNG01000001.1.region003.gbk_region_3	NZ_BSNG01000001.1.region003	region	3	183	FAM_00322	terpene	Unknown	terpene	terpene	NZ_BSNG01000001.1 Devosia yakushimensis strain NBRC 103855 sequence01, whole genome shotgun sequence	Unknown	terpene_c0.5_famFAM_00322	0.5
NZ_CP042304.1.region002.gbk_region_2	NZ_CP042304.1.region002	region	2	183	FAM_00322	terpene	Unknown	terpene	terpene	NZ_CP042304.1 Devosia ginsengisoli strain Gsoil 520 chromosome, complete genome	Unknown	terpene_c0.5_famFAM_00322	0.5
NZ_JBEPOL010000001.1.region001.gbk_region_1	NZ_JBEPOL010000001.1.region001	region	1	183	FAM_00322	terpene	Unknown	terpene	terpene	NZ_JBEPOL010000001.1 Devosia sp. UYZn731 Ga0493902_01, whole genome shotgun sequence	Unknown	terpene_c0.5_famFAM_00322	0.5
NZ_LMQU01000003.1.region001.gbk_region_1	NZ_LMQU01000003.1.region001	region	1	183	FAM_00322	terpene	Unknown	terpene	terpene	NZ_LMQU01000003.1 Devosia sp. Leaf420 contig_11, whole genome shotgun sequence	Unknown	terpene_c0.5_famFAM_00322	0.5
NZ_AP027921.1.region003.gbk_region_3	NZ_AP027921.1.region003	region	3	183	FAM_00322	terpene	Unknown	terpene	terpene	NZ_AP027921.1 Devosia sp. T2-14 chromosome, complete genome	Unknown	terpene_c0.5_famFAM_00322	0.5
NZ_JABAOL010000001.1.region003.gbk_region_3	NZ_JABAOL010000001.1.region003	region	3	183	FAM_00322	terpene	Unknown	terpene	terpene	NZ_JABAOL010000001.1 Devosia sp. 919 Scaffold1_1, whole genome shotgun sequence	Unknown	terpene_c0.5_famFAM_00322	0.5
NZ_JABAOM010000001.1.region001.gbk_region_1	NZ_JABAOM010000001.1.region001	region	1	183	FAM_00322	terpene	Unknown	terpene	terpene	NZ_JABAOM010000001.1 Devosia sp. 1635 Scaffold1_1, whole genome shotgun sequence	Unknown	terpene_c0.5_famFAM_00322	0.5
NZ_JBYUNO010000002.1.region001.gbk_region_1	NZ_JBYUNO010000002.1.region001	region	1	183	FAM_00322	terpene	Unknown	terpene	terpene	NZ_JBYUNO010000002.1 Devosia sp. Z6_126 NODE_2_length_1040994_cov_129.185188, whole genome shotgun sequence	Unknown	terpene_c0.5_famFAM_00322	0.5
NZ_JBMQPQ010000013.1.region001.gbk_region_1	NZ_JBMQPQ010000013.1.region001	region	1	183	FAM_00323	terpene	Unknown	terpene	terpene	NZ_JBMQPQ010000013.1 MAG: Devosia sp. isolate isolate1_meta_1_34 k141_587842, whole genome shotgun sequence	Unknown	terpene_c0.5_famFAM_00323	0.5
NZ_JAVKFR010000020.1.region001.gbk_region_1	NZ_JAVKFR010000020.1.region001	region	1	183	FAM_00323	terpene	Unknown	terpene	terpene	NZ_JAVKFR010000020.1 MAG: Devosia marina isolate F1-TOW-06 k141_70110, whole genome shotgun sequence	Unknown	terpene_c0.5_famFAM_00323	0.5
NZ_JZEY01000054.1.region002.gbk_region_2	NZ_JZEY01000054.1.region002	region	2	183	FAM_00323	terpene	Unknown	terpene	terpene	NZ_JZEY01000054.1 Devosia chinhatensis strain IPL18 NODE_54, whole genome shotgun sequence	Unknown	terpene_c0.5_famFAM_00323	0.5
NZ_JACYFU010000001.1.region002.gbk_region_2	NZ_JACYFU010000001.1.region002	region	2	183	FAM_00323	terpene	Unknown	terpene	terpene	NZ_JACYFU010000001.1 Devosia oryzisoli strain PTR5 contig1, whole genome shotgun sequence	Unknown	terpene_c0.5_famFAM_00323	0.5
NZ_JBHTMH010000001.1.region002.gbk_region_2	NZ_JBHTMH010000001.1.region002	region	2	183	FAM_00323	terpene	Unknown	terpene	terpene	NZ_JBHTMH010000001.1 Devosia equisanguinis strain CCM 8868 GCM70027366_15, whole genome shotgun sequence	Unknown	terpene_c0.5_famFAM_00323	0.5
NZ_FPCK01000001.1.region003.gbk_region_3	NZ_FPCK01000001.1.region003	region	3	183	FAM_00323	terpene	Unknown	terpene	terpene	NZ_FPCK01000001.1 Devosia crocina strain IPL20, whole genome shotgun sequence	Unknown	terpene_c0.5_famFAM_00323	0.5
NZ_PYVZ01000006.1.region001.gbk_region_1	NZ_PYVZ01000006.1.region001	region	1	183	FAM_00323	terpene	Unknown	terpene	terpene	NZ_PYVZ01000006.1 Devosia indica strain IO390501 scaffold6, whole genome shotgun sequence	Unknown	terpene_c0.5_famFAM_00323	0.5
NZ_LMHK01000001.1.region002.gbk_region_2	NZ_LMHK01000001.1.region002	region	2	183	FAM_00323	terpene	Unknown	terpene	terpene	NZ_LMHK01000001.1 Devosia sp. Root685 contig_1, whole genome shotgun sequence	Unknown	terpene_c0.5_famFAM_00323	0.5
NZ_MKUY01000003.1.region001.gbk_region_1	NZ_MKUY01000003.1.region001	region	1	183	FAM_00323	terpene	Unknown	terpene	terpene	NZ_MKUY01000003.1 MAG: Devosia sp. 63-57 SCNpilot_expt_1000_bf_scaffold_28, whole genome shotgun sequence	Unknown	terpene_c0.5_famFAM_00323	0.5
NZ_WQRF01000001.1.region003.gbk_region_3	NZ_WQRF01000001.1.region003	region	3	183	FAM_00323	terpene	Unknown	terpene	terpene	NZ_WQRF01000001.1 Devosia marina strain L53-10-65 NODE_1_length_1615214_cov_52.474690, whole genome shotgun sequence	Unknown	terpene_c0.5_famFAM_00323	0.5
NZ_JADGNE010000014.1.region001.gbk_region_1	NZ_JADGNE010000014.1.region001	region	1	183	FAM_00323	terpene	Unknown	terpene	terpene	NZ_JADGNE010000014.1 MAG: Devosia sp. isolate N26CT NODE_145_length_49886_cov_19.140435, whole genome shotgun sequence	Unknown	terpene_c0.5_famFAM_00323	0.5
NZ_CP075529.1.region001.gbk_region_1	NZ_CP075529.1.region001	region	1	183	FAM_00323	terpene	Unknown	terpene	terpene	NZ_CP075529.1 MAG: Devosia sp. isolate TGS_PRO11 chromosome	Unknown	terpene_c0.5_famFAM_00323	0.5
NZ_CP127251.1.region001.gbk_region_1	NZ_CP127251.1.region001	region	1	183	FAM_00323	terpene	Unknown	terpene	terpene	NZ_CP127251.1 Devosia sp. YIM 151766 chromosome, complete genome	Unknown	terpene_c0.5_famFAM_00323	0.5
NZ_CP026747.1.region005.gbk_region_5	NZ_CP026747.1.region005	region	5	183	FAM_00323	terpene	Unknown	terpene	terpene	NZ_CP026747.1 Devosia sp. I507 chromosome, complete genome	Unknown	terpene_c0.5_famFAM_00323	0.5
NZ_CP104002.1.region002.gbk_region_2	NZ_CP104002.1.region002	region	2	183	FAM_00323	terpene	Unknown	terpene	terpene	NZ_CP104002.1 Devosia sp. SD17-2 chromosome, complete genome	Unknown	terpene_c0.5_famFAM_00323	0.5
NZ_JQGC01000010.1.region001.gbk_region_1	NZ_JQGC01000010.1.region001	region	1	183	FAM_00323	terpene	Unknown	terpene	terpene	NZ_JQGC01000010.1 Devosia riboflavina strain IFO13584 contig10, whole genome shotgun sequence	Unknown	terpene_c0.5_famFAM_00323	0.5
NZ_JACIEW010000001.1.region001.gbk_region_1	NZ_JACIEW010000001.1.region001	region	1	183	FAM_00323	terpene	Unknown	terpene	terpene	NZ_JACIEW010000001.1 Devosia subaequoris strain DSM 23447 Ga0373328_01, whole genome shotgun sequence	Unknown	terpene_c0.5_famFAM_00323	0.5
NZ_LVVY01000070.1.region001.gbk_region_1	NZ_LVVY01000070.1.region001	region	1	183	FAM_00323	terpene	Unknown	terpene	terpene	NZ_LVVY01000070.1 Devosia elaeis strain S37 DIN_R1_(paired)_trimmed_(paired)_contig_25, whole genome shotgun sequence	Unknown	terpene_c0.5_famFAM_00323	0.5
NZ_JCACVZ010000001.1.region003.gbk_region_3	NZ_JCACVZ010000001.1.region003	region	3	183	FAM_00323	terpene	Unknown	terpene	terpene	NZ_JCACVZ010000001.1 MAG: Devosia sp. isolate TerP_2 Oxa_002_000000000117, whole genome shotgun sequence	Unknown	terpene_c0.5_famFAM_00323	0.5
NZ_JAQGJM010000021.1.region001.gbk_region_1	NZ_JAQGJM010000021.1.region001	region	1	183	FAM_00323	terpene	Unknown	terpene	terpene	NZ_JAQGJM010000021.1 MAG: Devosia sp. isolate RYN_485 scaffold_4357168, whole genome shotgun sequence	Unknown	terpene_c0.5_famFAM_00323	0.5
NZ_JAMWDU010000001.1.region001.gbk_region_1	NZ_JAMWDU010000001.1.region001	region	1	183	FAM_00323	terpene	Unknown	terpene	terpene	NZ_JAMWDU010000001.1 Devosia ureilytica strain XJ19-45 Scaffold1, whole genome shotgun sequence	Unknown	terpene_c0.5_famFAM_00323	0.5
NZ_JAEMNZ010000001.1.region001.gbk_region_1	NZ_JAEMNZ010000001.1.region001	region	1	183	FAM_00323	terpene	Unknown	terpene	terpene	NZ_JAEMNZ010000001.1 Devosia sp. MC532 Scaffold1_1, whole genome shotgun sequence	Unknown	terpene_c0.5_famFAM_00323	0.5
NZ_JBKJHF010000001.1.region002.gbk_region_2	NZ_JBKJHF010000001.1.region002	region	2	183	FAM_00323	terpene	Unknown	terpene	terpene	NZ_JBKJHF010000001.1 Devosia sp. XGJD_8 1, whole genome shotgun sequence	Unknown	terpene_c0.5_famFAM_00323	0.5
NZ_CDRNJH010000001.1.region004.gbk_region_4	NZ_CDRNJH010000001.1.region004	region	4	183	FAM_00323	terpene	Unknown	terpene	terpene	NZ_CDRNJH010000001.1 Devosia riboflavina isolate Ri144 gnlProkkaBTCC_1, whole genome shotgun sequence	Unknown	terpene_c0.5_famFAM_00323	0.5
NZ_JACDXV010000001.1.region001.gbk_region_1	NZ_JACDXV010000001.1.region001	region	1	183	FAM_00323	terpene	Unknown	terpene	terpene	NZ_JACDXV010000001.1 Devosia faecipullorum strain CC-YST696 contig01, whole genome shotgun sequence	Unknown	terpene_c0.5_famFAM_00323	0.5
NZ_CP104007.1.region003.gbk_region_3	NZ_CP104007.1.region003	region	3	183	FAM_00323	terpene	Unknown	terpene	terpene	NZ_CP104007.1 Devosia sp. FJ2-5-3 chromosome, complete genome	Unknown	terpene_c0.5_famFAM_00323	0.5
NZ_PYWB01000014.1.region001.gbk_region_1	NZ_PYWB01000014.1.region001	region	1	183	FAM_00323	terpene	Unknown	terpene	terpene	NZ_PYWB01000014.1 Devosia submarina strain JCM 18935 scaffold14, whole genome shotgun sequence	Unknown	terpene_c0.5_famFAM_00323	0.5
NZ_LAJG01000014.1.region001.gbk_region_1	NZ_LAJG01000014.1.region001	region	1	183	FAM_00323	terpene	Unknown	terpene	terpene	NZ_LAJG01000014.1 Devosia soli strain GH2-10 NODE_14, whole genome shotgun sequence	Unknown	terpene_c0.5_famFAM_00323	0.5
NZ_JABBDZ010000001.1.region001.gbk_region_1	NZ_JABBDZ010000001.1.region001	region	1	183	FAM_00323	terpene	Unknown	terpene	terpene	NZ_JABBDZ010000001.1 Devosia sp. MC1541 Scaffold1_1, whole genome shotgun sequence	Unknown	terpene_c0.5_famFAM_00323	0.5
NZ_FXWK01000001.1.region002.gbk_region_2	NZ_FXWK01000001.1.region002	region	2	183	FAM_00323	terpene	Unknown	terpene	terpene	NZ_FXWK01000001.1 Devosia lucknowensis strain L15, whole genome shotgun sequence	Unknown	terpene_c0.5_famFAM_00323	0.5
NZ_CAXUPK020000005.1.region002.gbk_region_2	NZ_CAXUPK020000005.1.region002	region	2	183	FAM_00323	terpene	Unknown	terpene	terpene	NZ_CAXUPK020000005.1 Devosia sp. LjRoot3 LJR003c5, whole genome shotgun sequence	Unknown	terpene_c0.5_famFAM_00323	0.5
NZ_FQVC01000002.1.region001.gbk_region_1	NZ_FQVC01000002.1.region001	region	1	183	FAM_00323	terpene	Unknown	terpene	terpene	NZ_FQVC01000002.1 Devosia limi DSM 17137, whole genome shotgun sequence	Unknown	terpene_c0.5_famFAM_00323	0.5
NZ_CP045422.1.region007.gbk_region_7	NZ_CP045422.1.region007	region	7	183	FAM_00323	terpene	Unknown	terpene	terpene	NZ_CP045422.1 Devosia beringensis strain S02 chromosome, complete genome	Unknown	terpene_c0.5_famFAM_00323	0.5
NZ_CP146608.1.region004.gbk_region_4	NZ_CP146608.1.region004	region	4	183	FAM_00323	terpene	Unknown	terpene	terpene	NZ_CP146608.1 Devosia sp. XK-2 chromosome, complete genome	Unknown	terpene_c0.5_famFAM_00323	0.5
NZ_JAMZCU010000001.1.region001.gbk_region_1	NZ_JAMZCU010000001.1.region001	region	1	183	FAM_00323	terpene	Unknown	terpene	terpene	NZ_JAMZCU010000001.1 Devosia ureilytica strain XJ19-1 Scaffold1, whole genome shotgun sequence	Unknown	terpene_c0.5_famFAM_00323	0.5
NZ_JAEKMH010000002.1.region001.gbk_region_1	NZ_JAEKMH010000002.1.region001	region	1	183	FAM_00323	terpene	Unknown	terpene	terpene	NZ_JAEKMH010000002.1 Devosia sediminis strain MSA67 NODE_2_length_1186958_cov_155.069235, whole genome shotgun sequence	Unknown	terpene_c0.5_famFAM_00323	0.5
NZ_CP080590.1.region004.gbk_region_4	NZ_CP080590.1.region004	region	4	183	FAM_00323	terpene	Unknown	terpene	terpene	NZ_CP080590.1 Devosia salina strain SCS-3 chromosome, complete genome	Unknown	terpene_c0.5_famFAM_00323	0.5
NZ_LAJF01000089.1.region001.gbk_region_1	NZ_LAJF01000089.1.region001	region	1	183	FAM_00323	terpene	Unknown	terpene	terpene	NZ_LAJF01000089.1 Devosia limi DSM 17137 NODE_89, whole genome shotgun sequence	Unknown	terpene_c0.5_famFAM_00323	0.5
NZ_JAENGO010000007.1.region001.gbk_region_1	NZ_JAENGO010000007.1.region001	region	1	183	FAM_00323	terpene	Unknown	terpene	terpene	NZ_JAENGO010000007.1 Devosia sp. WQ 349K1 Scaffold6_1, whole genome shotgun sequence	Unknown	terpene_c0.5_famFAM_00323	0.5
NZ_CP059902.1.region002.gbk_region_2	NZ_CP059902.1.region002	region	2	183	FAM_00323	terpene	Unknown	terpene	terpene	NZ_CP059902.1 Devosia sp. MC521 chromosome, complete genome	Unknown	terpene_c0.5_famFAM_00323	0.5
NZ_UZWD01000040.1.region001.gbk_region_1	NZ_UZWD01000040.1.region001	region	1	183	FAM_00323	terpene	Unknown	terpene	terpene	NZ_UZWD01000040.1 Devosia equisanguinis strain CIP 111628, whole genome shotgun sequence	Unknown	terpene_c0.5_famFAM_00323	0.5
NZ_CP094375.1.region001.gbk_region_1	NZ_CP094375.1.region001	region	1	183	FAM_00323	terpene	Unknown	terpene	terpene	NZ_CP094375.1 Devosia sp. Micro-HW1 chromosome, complete genome	Unknown	terpene_c0.5_famFAM_00323	0.5
NZ_CP170082.1.region005.gbk_region_5	NZ_CP170082.1.region005	region	5	183	FAM_00323	terpene	Unknown	terpene	terpene	NZ_CP170082.1 Devosia sp. Naph2 chromosome, complete genome	Unknown	terpene_c0.5_famFAM_00323	0.5
NZ_JAMYXP010000001.1.region002.gbk_region_2	NZ_JAMYXP010000001.1.region002	region	2	183	FAM_00323	terpene	Unknown	terpene	terpene	NZ_JAMYXP010000001.1 Devosia subaequoris strain HST3-14 Scaffold1, whole genome shotgun sequence	Unknown	terpene_c0.5_famFAM_00323	0.5
NZ_JBTLRJ010000003.1.region001.gbk_region_1	NZ_JBTLRJ010000003.1.region001	region	1	183	FAM_00323	terpene	Unknown	terpene	terpene	NZ_JBTLRJ010000003.1 Devosia sp. CAU 1758 contig3, whole genome shotgun sequence	Unknown	terpene_c0.5_famFAM_00323	0.5
NZ_JAEMEB010000004.1.region001.gbk_region_1	NZ_JAEMEB010000004.1.region001	region	1	183	FAM_00323	terpene	Unknown	terpene	terpene	NZ_JAEMEB010000004.1 Devosia sp. MC521 Scaffold4_1, whole genome shotgun sequence	Unknown	terpene_c0.5_famFAM_00323	0.5
NZ_CAXUPH020000003.1.region002.gbk_region_2	NZ_CAXUPH020000003.1.region002	region	2	183	FAM_00324	terpene	Unknown	terpene	terpene	NZ_CAXUPH020000003.1 Devosia sp. LjRoot16 LJR016c3, whole genome shotgun sequence	Unknown	terpene_c0.5_famFAM_00324	0.5
NZ_JBXAPX010000004.1.region002.gbk_region_2	NZ_JBXAPX010000004.1.region002	region	2	183	FAM_00324	terpene	Unknown	terpene	terpene	NZ_JBXAPX010000004.1 Devosia sp. GW821-FHT12F11 NODE_4_length_517482_cov_53.795218, whole genome shotgun sequence	Unknown	terpene_c0.5_famFAM_00324	0.5
NZ_JBFUGO010000010.1.region001.gbk_region_1	NZ_JBFUGO010000010.1.region001	region	1	183	FAM_00324	terpene	Unknown	terpene	terpene	NZ_JBFUGO010000010.1 Devosia sp. P3_B2 scaffold_9, whole genome shotgun sequence	Unknown	terpene_c0.5_famFAM_00324	0.5
NZ_MKVB01000001.1.region001.gbk_region_1	NZ_MKVB01000001.1.region001	region	1	183	FAM_00324	terpene	Unknown	terpene	terpene	NZ_MKVB01000001.1 MAG: Devosia sp. 66-14 SCNpilot_cont_300_bf_scaffold_127, whole genome shotgun sequence	Unknown	terpene_c0.5_famFAM_00324	0.5
NZ_JAFKHA010000009.1.region001.gbk_region_1	NZ_JAFKHA010000009.1.region001	region	1	183	FAM_00324	terpene	Unknown	terpene	terpene	NZ_JAFKHA010000009.1 MAG: Devosia sp. isolate SCN18_30_10_14_R3_B_66_58 SCN18_30_10_14_R3_B_scaffold_4, whole genome shotgun sequence	Unknown	terpene_c0.5_famFAM_00324	0.5
NZ_LMEA01000011.1.region002.gbk_region_2	NZ_LMEA01000011.1.region002	region	2	183	FAM_00324	terpene	Unknown	terpene	terpene	NZ_LMEA01000011.1 Devosia sp. Root413D1 contig_6, whole genome shotgun sequence	Unknown	terpene_c0.5_famFAM_00324	0.5
NZ_LMCR01000015.1.region001.gbk_region_1	NZ_LMCR01000015.1.region001	region	1	183	FAM_00324	terpene	Unknown	terpene	terpene	NZ_LMCR01000015.1 Devosia sp. Root105 contig_3, whole genome shotgun sequence	Unknown	terpene_c0.5_famFAM_00324	0.5
NZ_CP012945.1.region004.gbk_region_4	NZ_CP012945.1.region004	region	4	183	FAM_00324	terpene	Unknown	terpene	terpene	NZ_CP012945.1 Devosia sp. A16 chromosome, complete genome	Unknown	terpene_c0.5_famFAM_00324	0.5
NZ_MKVA01000005.1.region002.gbk_region_2	NZ_MKVA01000005.1.region002	region	2	183	FAM_00325	terpene	Unknown	terpene	terpene	NZ_MKVA01000005.1 MAG: Devosia sp. 67-54 SCNpilot_cont_1000_bf_scaffold_3, whole genome shotgun sequence	Unknown	terpene_c0.5_famFAM_00325	0.5
NZ_BSNS01000024.1.region001.gbk_region_1	NZ_BSNS01000024.1.region001	region	1	183	FAM_00325	terpene	Unknown	terpene	terpene	NZ_BSNS01000024.1 Devosia nitrariae strain NBRC 112416 sequence24, whole genome shotgun sequence	Unknown	terpene_c0.5_famFAM_00325	0.5
NZ_JBTSEP010000011.1.region001.gbk_region_1	NZ_JBTSEP010000011.1.region001	region	1	183	FAM_00325	terpene	Unknown	terpene	terpene	NZ_JBTSEP010000011.1 MAG: Devosia sp. isolate ML34-012-05 ML34_012_NODE_106_length_90423_cov_7.643329, whole genome shotgun sequence	Unknown	terpene_c0.5_famFAM_00325	0.5
NZ_JBHLYO010000015.1.region001.gbk_region_1	NZ_JBHLYO010000015.1.region001	region	1	183	FAM_00325	terpene	Unknown	terpene	terpene	NZ_JBHLYO010000015.1 Devosia nitrariae strain NBRC 112416 platanus_K_default_15, whole genome shotgun sequence	Unknown	terpene_c0.5_famFAM_00325	0.5
NZ_JBDGIY010000001.1.region004.gbk_region_4	NZ_JBDGIY010000001.1.region004	region	4	183	FAM_00325	terpene	Unknown	terpene	terpene	NZ_JBDGIY010000001.1 Devosia sp. Soil_C_22 NODE_1_length_3502528_cov_134.771868, whole genome shotgun sequence	Unknown	terpene_c0.5_famFAM_00325	0.5
NZ_JBFUFI010000016.1.region001.gbk_region_1	NZ_JBFUFI010000016.1.region001	region	1	183	FAM_00325	terpene	Unknown	terpene	terpene	NZ_JBFUFI010000016.1 Devosia sp. P2_G7 scaffold_15, whole genome shotgun sequence	Unknown	terpene_c0.5_famFAM_00325	0.5
NZ_JBVKGV010000086.1.region001.gbk_region_1	NZ_JBVKGV010000086.1.region001	region	1	183	FAM_00325	terpene	Unknown	terpene	terpene	NZ_JBVKGV010000086.1 MAG: Devosia sp. isolate ML34-006-05 ML34_006_NODE_5324_length_6402_cov_2.585179, whole genome shotgun sequence	Unknown	terpene_c0.5_famFAM_00325	0.5
NZ_JBLXGA010000004.1.region001.gbk_region_1	NZ_JBLXGA010000004.1.region001	region	1	183	FAM_00325	terpene	Unknown	terpene	terpene	NZ_JBLXGA010000004.1 MAG: Devosia sp. isolate ET04-05 T04maxbin_out.008RE.5K@4, whole genome shotgun sequence	Unknown	terpene_c0.5_famFAM_00325	0.5
NZ_JAFKHC010000003.1.region002.gbk_region_2	NZ_JAFKHC010000003.1.region002	region	2	183	FAM_00325	terpene	Unknown	terpene	terpene	NZ_JAFKHC010000003.1 MAG: Devosia sp. isolate SCN18_26_2_15_R2_B_67_34 SCN18_26_2_15_R2_B_scaffold_2, whole genome shotgun sequence	Unknown	terpene_c0.5_famFAM_00325	0.5
NZ_JAQRMY010000004.1.region001.gbk_region_1	NZ_JAQRMY010000004.1.region001	region	1	183	FAM_00325	terpene	Unknown	terpene	terpene	NZ_JAQRMY010000004.1 Devosia sp. ZB163 scaffold_3, whole genome shotgun sequence	Unknown	terpene_c0.5_famFAM_00325	0.5
NZ_OZ245853.1.region003.gbk_region_3	NZ_OZ245853.1.region003	region	3	183	FAM_00325	terpene	Unknown	terpene	terpene	NZ_OZ245853.1 MAG: Devosia sp. isolate 3d186a37-0bcd-4ac1-b259-f5c9590ee027 chromosome 1	Unknown	terpene_c0.5_famFAM_00325	0.5
NZ_JBFUCQ010000002.1.region001.gbk_region_1	NZ_JBFUCQ010000002.1.region001	region	1	183	FAM_00325	terpene	Unknown	terpene	terpene	NZ_JBFUCQ010000002.1 Devosia sp. P1_H9 scaffold_1, whole genome shotgun sequence	Unknown	terpene_c0.5_famFAM_00325	0.5
NZ_BMZE01000001.1.region001.gbk_region_1	NZ_BMZE01000001.1.region001	region	1	183	FAM_00325	terpene	Unknown	terpene	terpene	NZ_BMZE01000001.1 Devosia pacifica strain KCTC 32437 sequence1, whole genome shotgun sequence	Unknown	terpene_c0.5_famFAM_00325	0.5
NZ_CM147875.1.region005.gbk_region_5	NZ_CM147875.1.region005	region	5	183	FAM_00325	terpene	Unknown	terpene	terpene	NZ_CM147875.1 Devosia sp. J20-27 chromosome, whole genome shotgun sequence	Unknown	terpene_c0.5_famFAM_00325	0.5
NZ_JBNMEO010000091.1.region001.gbk_region_1	NZ_JBNMEO010000091.1.region001	region	1	183	FAM_00326	terpene	Unknown	terpene	terpene	NZ_JBNMEO010000091.1 MAG: Devosia sp. isolate 3300055174_60 Ga0535679_0004118, whole genome shotgun sequence	Unknown	terpene_c0.5_famFAM_00326	0.5
NZ_CM147870.1.region004.gbk_region_4	NZ_CM147870.1.region004	region	4	183	FAM_00326	terpene	Unknown	terpene	terpene	NZ_CM147870.1 Devosia sp. J2-20 chromosome, whole genome shotgun sequence	Unknown	terpene_c0.5_famFAM_00326	0.5
NZ_JAGXTP010000001.1.region003.gbk_region_3	NZ_JAGXTP010000001.1.region003	region	3	183	FAM_00326	terpene	Unknown	terpene	terpene	NZ_JAGXTP010000001.1 Devosia litorisediminis strain BSSL-BM10 1, whole genome shotgun sequence	Unknown	terpene_c0.5_famFAM_00326	0.5
NZ_CP118245.1.region005.gbk_region_5	NZ_CP118245.1.region005	region	5	183	FAM_00326	terpene	Unknown	terpene	terpene	NZ_CP118245.1 Devosia sp. J2-20 chromosome	Unknown	terpene_c0.5_famFAM_00326	0.5
NZ_JAPWHK010000004.1.region001.gbk_region_1	NZ_JAPWHK010000004.1.region001	region	1	183	FAM_00326	terpene	Unknown	terpene	terpene	NZ_JAPWHK010000004.1 Devosia neptuniae strain G21611-S1 NODE_4_length_442715_cov_108.063, whole genome shotgun sequence	Unknown	terpene_c0.5_famFAM_00326	0.5
NZ_PYWB01000002.1.region001.gbk_region_1	NZ_PYWB01000002.1.region001	region	1	412	FAM_00327	terpene	Unknown	terpene	terpene	NZ_PYWB01000002.1 Devosia submarina strain JCM 18935 scaffold2, whole genome shotgun sequence	Unknown	terpene_c0.5_famFAM_00327	0.5
NZ_JBLXGA010000001.1.region001.gbk_region_1	NZ_JBLXGA010000001.1.region001	region	1	412	FAM_00327	terpene	Unknown	terpene	terpene	NZ_JBLXGA010000001.1 MAG: Devosia sp. isolate ET04-05 T04maxbin_out.008RE.5K@1, whole genome shotgun sequence	Unknown	terpene_c0.5_famFAM_00327	0.5
NZ_JBHUNP010000001.1.region001.gbk_region_1	NZ_JBHUNP010000001.1.region001	region	1	412	FAM_00327	terpene	Unknown	terpene	terpene	NZ_JBHUNP010000001.1 Devosia albogilva strain CCM 7427 tig00000001, whole genome shotgun sequence	Unknown	terpene_c0.5_famFAM_00327	0.5
NZ_JADGNE010000044.1.region001.gbk_region_1	NZ_JADGNE010000044.1.region001	region	1	412	FAM_00327	terpene	Unknown	terpene	terpene	NZ_JADGNE010000044.1 MAG: Devosia sp. isolate N26CT NODE_32_length_167216_cov_19.824301, whole genome shotgun sequence	Unknown	terpene_c0.5_famFAM_00327	0.5
NZ_FPCK01000004.1.region002.gbk_region_2	NZ_FPCK01000004.1.region002	region	2	412	FAM_00327	terpene	Unknown	terpene	terpene	NZ_FPCK01000004.1 Devosia crocina strain IPL20, whole genome shotgun sequence	Unknown	terpene_c0.5_famFAM_00327	0.5
NZ_CP104007.1.region002.gbk_region_2	NZ_CP104007.1.region002	region	2	412	FAM_00327	terpene	Unknown	terpene	terpene	NZ_CP104007.1 Devosia sp. FJ2-5-3 chromosome, complete genome	Unknown	terpene_c0.5_famFAM_00327	0.5
NZ_CP068046.1.region004.gbk_region_4	NZ_CP068046.1.region004	region	4	412	FAM_00327	terpene	Unknown	terpene	terpene	NZ_CP068046.1 Devosia rhizoryzae strain LEGU1 chromosome	Unknown	terpene_c0.5_famFAM_00327	0.5
NZ_CP104002.1.region001.gbk_region_1	NZ_CP104002.1.region001	region	1	412	FAM_00327	terpene	Unknown	terpene	terpene	NZ_CP104002.1 Devosia sp. SD17-2 chromosome, complete genome	Unknown	terpene_c0.5_famFAM_00327	0.5
NZ_CP063401.1.region005.gbk_region_5	NZ_CP063401.1.region005	region	5	412	FAM_00327	terpene	Unknown	terpene	terpene	NZ_CP063401.1 Devosia sp. SL43 chromosome, complete genome	Unknown	terpene_c0.5_famFAM_00327	0.5
NZ_LAJG01000022.1.region001.gbk_region_1	NZ_LAJG01000022.1.region001	region	1	412	FAM_00327	terpene	Unknown	terpene	terpene	NZ_LAJG01000022.1 Devosia soli strain GH2-10 NODE_22, whole genome shotgun sequence	Unknown	terpene_c0.5_famFAM_00327	0.5
NZ_FXWK01000001.1.region003.gbk_region_3	NZ_FXWK01000001.1.region003	region	3	412	FAM_00327	terpene	Unknown	terpene	terpene	NZ_FXWK01000001.1 Devosia lucknowensis strain L15, whole genome shotgun sequence	Unknown	terpene_c0.5_famFAM_00327	0.5
NZ_JABAOM010000002.1.region002.gbk_region_2	NZ_JABAOM010000002.1.region002	region	2	412	FAM_00329	terpene	Unknown	terpene	terpene	NZ_JABAOM010000002.1 Devosia sp. 1635 Scaffold2_1, whole genome shotgun sequence	Unknown	terpene_c0.5_famFAM_00329	0.5
NZ_CP034767.1.region004.gbk_region_4	NZ_CP034767.1.region004	region	4	412	FAM_00329	terpene	Unknown	terpene	terpene	NZ_CP034767.1 Devosia sp. 1566 chromosome, complete genome	Unknown	terpene_c0.5_famFAM_00329	0.5
NZ_JBYUNQ010000001.1.region001.gbk_region_1	NZ_JBYUNQ010000001.1.region001	region	1	412	FAM_00329	terpene	Unknown	terpene	terpene	NZ_JBYUNQ010000001.1 Devosia sp. Z11_6 NODE_1_length_1109201_cov_151.543683, whole genome shotgun sequence	Unknown	terpene_c0.5_famFAM_00329	0.5
NZ_JBYUNO010000003.1.region002.gbk_region_2	NZ_JBYUNO010000003.1.region002	region	2	412	FAM_00329	terpene	Unknown	terpene	terpene	NZ_JBYUNO010000003.1 Devosia sp. Z6_126 NODE_3_length_955106_cov_138.820264, whole genome shotgun sequence	Unknown	terpene_c0.5_famFAM_00329	0.5
NZ_JABAOL010000001.1.region005.gbk_region_5	NZ_JABAOL010000001.1.region005	region	5	412	FAM_00329	terpene	Unknown	terpene	terpene	NZ_JABAOL010000001.1 Devosia sp. 919 Scaffold1_1, whole genome shotgun sequence	Unknown	terpene_c0.5_famFAM_00329	0.5
NZ_JBHRYD010000001.1.region001.gbk_region_1	NZ_JBHRYD010000001.1.region001	region	1	5641	FAM_00576	other.terpene	Unknown	betalactone.terpene	other.terpene	NZ_JBHRYD010000001.1 Devosia honganensis strain KCTC 42281 platanus_K_25_97_1, whole genome shotgun sequence	Unknown	other.terpene_c0.5_famFAM_00576	0.5
NZ_FXWK01000002.1.region002.gbk_region_2	NZ_FXWK01000002.1.region002	region	2	150	FAM_00413	other	Unknown	hserlactone	other	NZ_FXWK01000002.1 Devosia lucknowensis strain L15, whole genome shotgun sequence	Unknown	other_c0.5_famFAM_00413	0.5
NZ_JBNMEO010000006.1.region001.gbk_region_1	NZ_JBNMEO010000006.1.region001	region	1	150	FAM_00413	other	Unknown	acyl_amino_acids	other	NZ_JBNMEO010000006.1 MAG: Devosia sp. isolate 3300055174_60 Ga0535679_0000079, whole genome shotgun sequence	Unknown	other_c0.5_famFAM_00413	0.5
NZ_STGC01000002.1.region001.gbk_region_1	NZ_STGC01000002.1.region001	region	1	150	FAM_00413	other	Unknown	hserlactone	other	NZ_STGC01000002.1 Devosia sp. FKR38 NODE_4_length_1043381_cov_214.428558, whole genome shotgun sequence	Unknown	other_c0.5_famFAM_00413	0.5
NZ_JBKJHF010000003.1.region001.gbk_region_1	NZ_JBKJHF010000003.1.region001	region	1	150	FAM_00413	other	Unknown	hserlactone	other	NZ_JBKJHF010000003.1 Devosia sp. XGJD_8 3, whole genome shotgun sequence	Unknown	other_c0.5_famFAM_00413	0.5
NZ_JAPWHK010000008.1.region001.gbk_region_1	NZ_JAPWHK010000008.1.region001	region	1	150	FAM_00413	other	Unknown	acyl_amino_acids	other	NZ_JAPWHK010000008.1 Devosia neptuniae strain G21611-S1 NODE_8_length_235334_cov_135.292, whole genome shotgun sequence	Unknown	other_c0.5_famFAM_00413	0.5
NZ_FOMB01000001.1.region001.gbk_region_1	NZ_FOMB01000001.1.region001	region	1	150	FAM_00413	other	Unknown	hserlactone	other	NZ_FOMB01000001.1 Devosia psychrophila strain CGMCC 1.10210, whole genome shotgun sequence	Unknown	other_c0.5_famFAM_00413	0.5
NZ_CP118245.1.region002.gbk_region_2	NZ_CP118245.1.region002	region	2	150	FAM_00413	other	Unknown	acyl_amino_acids	other	NZ_CP118245.1 Devosia sp. J2-20 chromosome	Unknown	other_c0.5_famFAM_00413	0.5
NZ_JAGXTP010000003.1.region001.gbk_region_1	NZ_JAGXTP010000003.1.region001	region	1	150	FAM_00413	other	Unknown	acyl_amino_acids	other	NZ_JAGXTP010000003.1 Devosia litorisediminis strain BSSL-BM10 3, whole genome shotgun sequence	Unknown	other_c0.5_famFAM_00413	0.5
NZ_CM147870.1.region001.gbk_region_1	NZ_CM147870.1.region001	region	1	150	FAM_00413	other	Unknown	acyl_amino_acids	other	NZ_CM147870.1 Devosia sp. J2-20 chromosome, whole genome shotgun sequence	Unknown	other_c0.5_famFAM_00413	0.5
NZ_FQVC01000005.1.region001.gbk_region_1	NZ_FQVC01000005.1.region001	region	1	150	FAM_00414	other	Unknown	acyl_amino_acids.hserlactone	other	NZ_FQVC01000005.1 Devosia limi DSM 17137, whole genome shotgun sequence	Unknown	other_c0.5_famFAM_00414	0.5
NZ_JBHRYD010000001.1.region002.gbk_region_2	NZ_JBHRYD010000001.1.region002	region	2	150	FAM_00414	other	Unknown	acyl_amino_acids	other	NZ_JBHRYD010000001.1 Devosia honganensis strain KCTC 42281 platanus_K_25_97_1, whole genome shotgun sequence	Unknown	other_c0.5_famFAM_00414	0.5
NZ_JAENGO010000005.1.region001.gbk_region_1	NZ_JAENGO010000005.1.region001	region	1	150	FAM_00414	other	Unknown	hserlactone	other	NZ_JAENGO010000005.1 Devosia sp. WQ 349K1 Scaffold4_1, whole genome shotgun sequence	Unknown	other_c0.5_famFAM_00414	0.5
NZ_CP063401.1.region004.gbk_region_4	NZ_CP063401.1.region004	region	4	150	FAM_00414	other	Unknown	acyl_amino_acids	other	NZ_CP063401.1 Devosia sp. SL43 chromosome, complete genome	Unknown	other_c0.5_famFAM_00414	0.5
NZ_JACDXV010000002.1.region001.gbk_region_1	NZ_JACDXV010000002.1.region001	region	1	150	FAM_00414	other	Unknown	acyl_amino_acids	other	NZ_JACDXV010000002.1 Devosia faecipullorum strain CC-YST696 contig02, whole genome shotgun sequence	Unknown	other_c0.5_famFAM_00414	0.5
NZ_JAEMEB010000015.1.region001.gbk_region_1	NZ_JAEMEB010000015.1.region001	region	1	150	FAM_00414	other	Unknown	hserlactone	other	NZ_JAEMEB010000015.1 Devosia sp. MC521 Scaffold15_1, whole genome shotgun sequence	Unknown	other_c0.5_famFAM_00414	0.5
NZ_CP059902.1.region005.gbk_region_5	NZ_CP059902.1.region005	region	5	150	FAM_00414	other	Unknown	hserlactone	other	NZ_CP059902.1 Devosia sp. MC521 chromosome, complete genome	Unknown	other_c0.5_famFAM_00414	0.5
NZ_JABBDZ010000002.1.region002.gbk_region_2	NZ_JABBDZ010000002.1.region002	region	2	150	FAM_00414	other	Unknown	hserlactone	other	NZ_JABBDZ010000002.1 Devosia sp. MC1541 Scaffold2_1, whole genome shotgun sequence	Unknown	other_c0.5_famFAM_00414	0.5
NZ_LAJF01000054.1.region001.gbk_region_1	NZ_LAJF01000054.1.region001	region	1	150	FAM_00414	other	Unknown	acyl_amino_acids.hserlactone	other	NZ_LAJF01000054.1 Devosia limi DSM 17137 NODE_54, whole genome shotgun sequence	Unknown	other_c0.5_famFAM_00414	0.5
NZ_JAQGJV010000035.1.region001.gbk_region_1	NZ_JAQGJV010000035.1.region001	region	1	150	FAM_00415	other	Unknown	hserlactone	other	NZ_JAQGJV010000035.1 MAG: Devosia sp. isolate RYN_494 scaffold_5976185, whole genome shotgun sequence	Unknown	other_c0.5_famFAM_00415	0.5
NZ_JAQGJM010000040.1.region001.gbk_region_1	NZ_JAQGJM010000040.1.region001	region	1	150	FAM_00415	other	Unknown	hserlactone	other	NZ_JAQGJM010000040.1 MAG: Devosia sp. isolate RYN_485 scaffold_1327769, whole genome shotgun sequence	Unknown	other_c0.5_famFAM_00415	0.5
NZ_JBEPOL010000003.1.region001.gbk_region_1	NZ_JBEPOL010000003.1.region001	region	1	150	FAM_00415	other	Unknown	hserlactone	other	NZ_JBEPOL010000003.1 Devosia sp. UYZn731 Ga0493902_03, whole genome shotgun sequence	Unknown	other_c0.5_famFAM_00415	0.5
NZ_JAMZCU010000002.1.region001.gbk_region_1	NZ_JAMZCU010000002.1.region001	region	1	150	FAM_00416	other	Unknown	acyl_amino_acids	other	NZ_JAMZCU010000002.1 Devosia ureilytica strain XJ19-1 Scaffold2, whole genome shotgun sequence	Unknown	other_c0.5_famFAM_00416	0.5
NZ_JAEKMH010000004.1.region001.gbk_region_1	NZ_JAEKMH010000004.1.region001	region	1	150	FAM_00416	other	Unknown	hserlactone	other	NZ_JAEKMH010000004.1 Devosia sediminis strain MSA67 NODE_4_length_514361_cov_166.640065, whole genome shotgun sequence	Unknown	other_c0.5_famFAM_00416	0.5
NZ_CP170082.1.region002.gbk_region_2	NZ_CP170082.1.region002	region	2	150	FAM_00416	other	Unknown	hserlactone	other	NZ_CP170082.1 Devosia sp. Naph2 chromosome, complete genome	Unknown	other_c0.5_famFAM_00416	0.5
NZ_JAVKFR010000006.1.region001.gbk_region_1	NZ_JAVKFR010000006.1.region001	region	1	150	FAM_00416	other	Unknown	hserlactone	other	NZ_JAVKFR010000006.1 MAG: Devosia marina isolate F1-TOW-06 k141_66864, whole genome shotgun sequence	Unknown	other_c0.5_famFAM_00416	0.5
NZ_CP094375.1.region003.gbk_region_3	NZ_CP094375.1.region003	region	3	150	FAM_00416	other	Unknown	hserlactone	other	NZ_CP094375.1 Devosia sp. Micro-HW1 chromosome, complete genome	Unknown	other_c0.5_famFAM_00416	0.5
NZ_PYVZ01000009.1.region001.gbk_region_1	NZ_PYVZ01000009.1.region001	region	1	150	FAM_00416	other	Unknown	hserlactone	other	NZ_PYVZ01000009.1 Devosia indica strain IO390501 scaffold9, whole genome shotgun sequence	Unknown	other_c0.5_famFAM_00416	0.5
NZ_JBTMWV010000009.1.region001.gbk_region_1	NZ_JBTMWV010000009.1.region001	region	1	150	FAM_00416	other	Unknown	hserlactone	other	NZ_JBTMWV010000009.1 Devosia sp. A369 Scaffold9, whole genome shotgun sequence	Unknown	other_c0.5_famFAM_00416	0.5
NZ_JBTMWU010000001.1.region002.gbk_region_2	NZ_JBTMWU010000001.1.region002	region	2	150	FAM_00416	other	Unknown	hserlactone	other	NZ_JBTMWU010000001.1 Devosia sp. A449 Scaffold1, whole genome shotgun sequence	Unknown	other_c0.5_famFAM_00416	0.5
NZ_CP068046.1.region005.gbk_region_5	NZ_CP068046.1.region005	region	5	150	FAM_00416	other	Unknown	hserlactone	other	NZ_CP068046.1 Devosia rhizoryzae strain LEGU1 chromosome	Unknown	other_c0.5_famFAM_00416	0.5
NZ_CP026747.1.region003.gbk_region_3	NZ_CP026747.1.region003	region	3	150	FAM_00416	other	Unknown	hserlactone	other	NZ_CP026747.1 Devosia sp. I507 chromosome, complete genome	Unknown	other_c0.5_famFAM_00416	0.5
NZ_CP080590.1.region007.gbk_region_7	NZ_CP080590.1.region007	region	7	150	FAM_00416	other	Unknown	hserlactone	other	NZ_CP080590.1 Devosia salina strain SCS-3 chromosome, complete genome	Unknown	other_c0.5_famFAM_00416	0.5
NZ_WQRF01000002.1.region001.gbk_region_1	NZ_WQRF01000002.1.region001	region	1	150	FAM_00416	other	Unknown	hserlactone	other	NZ_WQRF01000002.1 Devosia marina strain L53-10-65 NODE_2_length_636985_cov_56.763128, whole genome shotgun sequence	Unknown	other_c0.5_famFAM_00416	0.5
NZ_JAMWDU010000002.1.region002.gbk_region_2	NZ_JAMWDU010000002.1.region002	region	2	150	FAM_00416	other	Unknown	acyl_amino_acids	other	NZ_JAMWDU010000002.1 Devosia ureilytica strain XJ19-45 Scaffold2, whole genome shotgun sequence	Unknown	other_c0.5_famFAM_00416	0.5
NZ_AP027921.1.region001.gbk_region_1	NZ_AP027921.1.region001	region	1	150	FAM_00417	other	Unknown	hserlactone	other	NZ_AP027921.1 Devosia sp. T2-14 chromosome, complete genome	Unknown	other_c0.5_famFAM_00417	0.5
NZ_JAEMNZ010000020.1.region001.gbk_region_1	NZ_JAEMNZ010000020.1.region001	region	1	150	FAM_00417	other	Unknown	hserlactone	other	NZ_JAEMNZ010000020.1 Devosia sp. MC532 Scaffold20_1, whole genome shotgun sequence	Unknown	other_c0.5_famFAM_00417	0.5
NZ_LMGZ01000019.1.region001.gbk_region_1	NZ_LMGZ01000019.1.region001	region	1	150	FAM_00417	other	Unknown	hserlactone	other	NZ_LMGZ01000019.1 Devosia sp. Root635 contig_4, whole genome shotgun sequence	Unknown	other_c0.5_famFAM_00417	0.5
NZ_LMEM01000010.1.region001.gbk_region_1	NZ_LMEM01000010.1.region001	region	1	150	FAM_00417	other	Unknown	hserlactone	other	NZ_LMEM01000010.1 Devosia sp. Root436 contig_3, whole genome shotgun sequence	Unknown	other_c0.5_famFAM_00417	0.5
NZ_PYVW01000012.1.region001.gbk_region_1	NZ_PYVW01000012.1.region001	region	1	150	FAM_00417	other	Unknown	hserlactone	other	NZ_PYVW01000012.1 Devosia naphthalenivorans strain CM5-1 scaffold12, whole genome shotgun sequence	Unknown	other_c0.5_famFAM_00417	0.5
NZ_LMLO01000019.1.region001.gbk_region_1	NZ_LMLO01000019.1.region001	region	1	150	FAM_00418	other	Unknown	acyl_amino_acids	other	NZ_LMLO01000019.1 Devosia sp. Leaf64 contig_4, whole genome shotgun sequence	Unknown	other_c0.5_famFAM_00418	0.5
NZ_CP104007.1.region001.gbk_region_1	NZ_CP104007.1.region001	region	1	150	FAM_00418	other	Unknown	hserlactone	other	NZ_CP104007.1 Devosia sp. FJ2-5-3 chromosome, complete genome	Unknown	other_c0.5_famFAM_00418	0.5
NZ_JAIMBX010000002.1.region001.gbk_region_1	NZ_JAIMBX010000002.1.region001	region	1	150	FAM_00418	other	Unknown	acyl_amino_acids	other	NZ_JAIMBX010000002.1 Devosia sp. BK 9_Devo_2, whole genome shotgun sequence	Unknown	other_c0.5_famFAM_00418	0.5
NZ_JAFKHC010000010.1.region001.gbk_region_1	NZ_JAFKHC010000010.1.region001	region	1	150	FAM_00418	other	Unknown	hserlactone	other	NZ_JAFKHC010000010.1 MAG: Devosia sp. isolate SCN18_26_2_15_R2_B_67_34 SCN18_26_2_15_R2_B_scaffold_56, whole genome shotgun sequence	Unknown	other_c0.5_famFAM_00418	0.5
NZ_MKVA01000002.1.region001.gbk_region_1	NZ_MKVA01000002.1.region001	region	1	150	FAM_00418	other	Unknown	hserlactone	other	NZ_MKVA01000002.1 MAG: Devosia sp. 67-54 SCNpilot_cont_1000_bf_scaffold_153, whole genome shotgun sequence	Unknown	other_c0.5_famFAM_00418	0.5
NZ_LMQU01000010.1.region001.gbk_region_1	NZ_LMQU01000010.1.region001	region	1	150	FAM_00418	other	Unknown	acyl_amino_acids	other	NZ_LMQU01000010.1 Devosia sp. Leaf420 contig_3, whole genome shotgun sequence	Unknown	other_c0.5_famFAM_00418	0.5
NZ_JABAOL010000001.1.region001.gbk_region_1	NZ_JABAOL010000001.1.region001	region	1	150	FAM_00419	other	Unknown	acyl_amino_acids	other	NZ_JABAOL010000001.1 Devosia sp. 919 Scaffold1_1, whole genome shotgun sequence	Unknown	other_c0.5_famFAM_00419	0.5
NZ_JBYUNQ010000002.1.region001.gbk_region_1	NZ_JBYUNQ010000002.1.region001	region	1	150	FAM_00419	other	Unknown	acyl_amino_acids	other	NZ_JBYUNQ010000002.1 Devosia sp. Z11_6 NODE_2_length_859975_cov_197.188371, whole genome shotgun sequence	Unknown	other_c0.5_famFAM_00419	0.5
NZ_CP034767.1.region005.gbk_region_5	NZ_CP034767.1.region005	region	5	150	FAM_00419	other	Unknown	acyl_amino_acids	other	NZ_CP034767.1 Devosia sp. 1566 chromosome, complete genome	Unknown	other_c0.5_famFAM_00419	0.5
NZ_JBYUNO010000001.1.region002.gbk_region_2	NZ_JBYUNO010000001.1.region002	region	2	150	FAM_00419	other	Unknown	acyl_amino_acids	other	NZ_JBYUNO010000001.1 Devosia sp. Z6_126 NODE_1_length_1401190_cov_167.528294, whole genome shotgun sequence	Unknown	other_c0.5_famFAM_00419	0.5
NZ_JABAOM010000003.1.region001.gbk_region_1	NZ_JABAOM010000003.1.region001	region	1	150	FAM_00419	other	Unknown	acyl_amino_acids	other	NZ_JABAOM010000003.1 Devosia sp. 1635 Scaffold3_1, whole genome shotgun sequence	Unknown	other_c0.5_famFAM_00419	0.5
NZ_LAJF01000076.1.region001.gbk_region_1	NZ_LAJF01000076.1.region001	region	1	166	FAM_00420	other	Unknown	ectoine	other	NZ_LAJF01000076.1 Devosia limi DSM 17137 NODE_76, whole genome shotgun sequence	Unknown	other_c0.5_famFAM_00420	0.5
NZ_CP118245.1.region004.gbk_region_4	NZ_CP118245.1.region004	region	4	166	FAM_00420	other	Unknown	ectoine	other	NZ_CP118245.1 Devosia sp. J2-20 chromosome	Unknown	other_c0.5_famFAM_00420	0.5
NZ_JAPWHK010000001.1.region001.gbk_region_1	NZ_JAPWHK010000001.1.region001	region	1	166	FAM_00420	other	Unknown	ectoine	other	NZ_JAPWHK010000001.1 Devosia neptuniae strain G21611-S1 NODE_1_length_635483_cov_121.601, whole genome shotgun sequence	Unknown	other_c0.5_famFAM_00420	0.5
NZ_JAMWDU010000009.1.region001.gbk_region_1	NZ_JAMWDU010000009.1.region001	region	1	166	FAM_00420	other	Unknown	ectoine	other	NZ_JAMWDU010000009.1 Devosia ureilytica strain XJ19-45 Scaffold9, whole genome shotgun sequence	Unknown	other_c0.5_famFAM_00420	0.5
NZ_JBTLRJ010000002.1.region001.gbk_region_1	NZ_JBTLRJ010000002.1.region001	region	1	166	FAM_00420	other	Unknown	ectoine	other	NZ_JBTLRJ010000002.1 Devosia sp. CAU 1758 contig2, whole genome shotgun sequence	Unknown	other_c0.5_famFAM_00420	0.5
NZ_CP045422.1.region005.gbk_region_5	NZ_CP045422.1.region005	region	5	166	FAM_00420	other	Unknown	ectoine	other	NZ_CP045422.1 Devosia beringensis strain S02 chromosome, complete genome	Unknown	other_c0.5_famFAM_00420	0.5
NZ_JAMYXP010000001.1.region001.gbk_region_1	NZ_JAMYXP010000001.1.region001	region	1	166	FAM_00420	other	Unknown	ectoine	other	NZ_JAMYXP010000001.1 Devosia subaequoris strain HST3-14 Scaffold1, whole genome shotgun sequence	Unknown	other_c0.5_famFAM_00420	0.5
NZ_JACIEW010000001.1.region002.gbk_region_2	NZ_JACIEW010000001.1.region002	region	2	166	FAM_00420	other	Unknown	ectoine	other	NZ_JACIEW010000001.1 Devosia subaequoris strain DSM 23447 Ga0373328_01, whole genome shotgun sequence	Unknown	other_c0.5_famFAM_00420	0.5
NZ_CP146608.1.region001.gbk_region_1	NZ_CP146608.1.region001	region	1	166	FAM_00420	other	Unknown	ectoine	other	NZ_CP146608.1 Devosia sp. XK-2 chromosome, complete genome	Unknown	other_c0.5_famFAM_00420	0.5
NZ_WQRF01000001.1.region002.gbk_region_2	NZ_WQRF01000001.1.region002	region	2	166	FAM_00420	other	Unknown	ectoine	other	NZ_WQRF01000001.1 Devosia marina strain L53-10-65 NODE_1_length_1615214_cov_52.474690, whole genome shotgun sequence	Unknown	other_c0.5_famFAM_00420	0.5
NZ_CP080590.1.region003.gbk_region_3	NZ_CP080590.1.region003	region	3	166	FAM_00420	other	Unknown	ectoine	other	NZ_CP080590.1 Devosia salina strain SCS-3 chromosome, complete genome	Unknown	other_c0.5_famFAM_00420	0.5
NZ_CP170082.1.region006.gbk_region_6	NZ_CP170082.1.region006	region	6	166	FAM_00420	other	Unknown	ectoine	other	NZ_CP170082.1 Devosia sp. Naph2 chromosome, complete genome	Unknown	other_c0.5_famFAM_00420	0.5
NZ_CP026747.1.region006.gbk_region_6	NZ_CP026747.1.region006	region	6	166	FAM_00420	other	Unknown	ectoine	other	NZ_CP026747.1 Devosia sp. I507 chromosome, complete genome	Unknown	other_c0.5_famFAM_00420	0.5
NZ_JAGXTP010000001.1.region004.gbk_region_4	NZ_JAGXTP010000001.1.region004	region	4	166	FAM_00420	other	Unknown	ectoine	other	NZ_JAGXTP010000001.1 Devosia litorisediminis strain BSSL-BM10 1, whole genome shotgun sequence	Unknown	other_c0.5_famFAM_00420	0.5
NZ_FQVC01000010.1.region002.gbk_region_2	NZ_FQVC01000010.1.region002	region	2	166	FAM_00420	other	Unknown	ectoine	other	NZ_FQVC01000010.1 Devosia limi DSM 17137, whole genome shotgun sequence	Unknown	other_c0.5_famFAM_00420	0.5
NZ_CM147870.1.region005.gbk_region_5	NZ_CM147870.1.region005	region	5	166	FAM_00420	other	Unknown	ectoine	other	NZ_CM147870.1 Devosia sp. J2-20 chromosome, whole genome shotgun sequence	Unknown	other_c0.5_famFAM_00420	0.5
NZ_FPCK01000003.1.region001.gbk_region_1	NZ_FPCK01000003.1.region001	region	1	166	FAM_00420	other	Unknown	ectoine	other	NZ_FPCK01000003.1 Devosia crocina strain IPL20, whole genome shotgun sequence	Unknown	other_c0.5_famFAM_00420	0.5
NZ_JAVKFR010000022.1.region001.gbk_region_1	NZ_JAVKFR010000022.1.region001	region	1	166	FAM_00420	other	Unknown	ectoine	other	NZ_JAVKFR010000022.1 MAG: Devosia marina isolate F1-TOW-06 k141_60500, whole genome shotgun sequence	Unknown	other_c0.5_famFAM_00420	0.5
NZ_JAMZCU010000006.1.region001.gbk_region_1	NZ_JAMZCU010000006.1.region001	region	1	166	FAM_00420	other	Unknown	ectoine	other	NZ_JAMZCU010000006.1 Devosia ureilytica strain XJ19-1 Scaffold6, whole genome shotgun sequence	Unknown	other_c0.5_famFAM_00420	0.5
NZ_JACYFU010000004.1.region001.gbk_region_1	NZ_JACYFU010000004.1.region001	region	1	166	FAM_00420	other	Unknown	ectoine	other	NZ_JACYFU010000004.1 Devosia oryzisoli strain PTR5 contig4, whole genome shotgun sequence	Unknown	other_c0.5_famFAM_00420	0.5
NZ_JBNMEO010000008.1.region001.gbk_region_1	NZ_JBNMEO010000008.1.region001	region	1	166	FAM_00420	other	Unknown	ectoine	other	NZ_JBNMEO010000008.1 MAG: Devosia sp. isolate 3300055174_60 Ga0535679_0000094, whole genome shotgun sequence	Unknown	other_c0.5_famFAM_00420	0.5
NZ_FXWK01000001.1.region001.gbk_region_1	NZ_FXWK01000001.1.region001	region	1	166	FAM_00420	other	Unknown	ectoine	other	NZ_FXWK01000001.1 Devosia lucknowensis strain L15, whole genome shotgun sequence	Unknown	other_c0.5_famFAM_00420	0.5
NZ_PYVZ01000007.1.region001.gbk_region_1	NZ_PYVZ01000007.1.region001	region	1	166	FAM_00420	other	Unknown	ectoine	other	NZ_PYVZ01000007.1 Devosia indica strain IO390501 scaffold7, whole genome shotgun sequence	Unknown	other_c0.5_famFAM_00420	0.5
NZ_BMZE01000004.1.region001.gbk_region_1	NZ_BMZE01000004.1.region001	region	1	166	FAM_00421	other	Unknown	ectoine	other	NZ_BMZE01000004.1 Devosia pacifica strain KCTC 32437 sequence4, whole genome shotgun sequence	Unknown	other_c0.5_famFAM_00421	0.5
NZ_CP126539.1.region003.gbk_region_3	NZ_CP126539.1.region003	region	3	166	FAM_00421	other	Unknown	ectoine	other	NZ_CP126539.1 Devosia rhizosphaerae strain RR2S18 chromosome, complete genome	Unknown	other_c0.5_famFAM_00421	0.5
NZ_JZEY01000061.1.region001.gbk_region_1	NZ_JZEY01000061.1.region001	region	1	166	FAM_00421	other	Unknown	ectoine	other	NZ_JZEY01000061.1 Devosia chinhatensis strain IPL18 NODE_61, whole genome shotgun sequence	Unknown	other_c0.5_famFAM_00421	0.5
NZ_MKVA01000003.1.region002.gbk_region_2	NZ_MKVA01000003.1.region002	region	2	233	FAM_00422	other	Unknown	hserlactone	other	NZ_MKVA01000003.1 MAG: Devosia sp. 67-54 SCNpilot_cont_1000_bf_scaffold_18, whole genome shotgun sequence	Unknown	other_c0.5_famFAM_00422	0.5
NZ_JAFKHC010000005.1.region002.gbk_region_2	NZ_JAFKHC010000005.1.region002	region	2	233	FAM_00422	other	Unknown	hserlactone	other	NZ_JAFKHC010000005.1 MAG: Devosia sp. isolate SCN18_26_2_15_R2_B_67_34 SCN18_26_2_15_R2_B_scaffold_15, whole genome shotgun sequence	Unknown	other_c0.5_famFAM_00422	0.5
NZ_CP042304.1.region006.gbk_region_6	NZ_CP042304.1.region006	region	6	254	FAM_00423	other	Unknown	hserlactone	other	NZ_CP042304.1 Devosia ginsengisoli strain Gsoil 520 chromosome, complete genome	Unknown	other_c0.5_famFAM_00423	0.5
NZ_CP080590.1.region001.gbk_region_1	NZ_CP080590.1.region001	region	1	254	FAM_00423	other	Unknown	hserlactone	other	NZ_CP080590.1 Devosia salina strain SCS-3 chromosome, complete genome	Unknown	other_c0.5_famFAM_00423	0.5
NZ_CP094375.1.region004.gbk_region_4	NZ_CP094375.1.region004	region	4	254	FAM_00423	other	Unknown	hserlactone	other	NZ_CP094375.1 Devosia sp. Micro-HW1 chromosome, complete genome	Unknown	other_c0.5_famFAM_00423	0.5
NZ_CP170082.1.region001.gbk_region_1	NZ_CP170082.1.region001	region	1	254	FAM_00423	other	Unknown	hserlactone	other	NZ_CP170082.1 Devosia sp. Naph2 chromosome, complete genome	Unknown	other_c0.5_famFAM_00423	0.5
NZ_JAMZCU010000007.1.region001.gbk_region_1	NZ_JAMZCU010000007.1.region001	region	1	254	FAM_00423	other	Unknown	hserlactone	other	NZ_JAMZCU010000007.1 Devosia ureilytica strain XJ19-1 Scaffold7, whole genome shotgun sequence	Unknown	other_c0.5_famFAM_00423	0.5
NZ_LMEM01000013.1.region001.gbk_region_1	NZ_LMEM01000013.1.region001	region	1	254	FAM_00423	other	Unknown	hserlactone	other	NZ_LMEM01000013.1 Devosia sp. Root436 contig_6, whole genome shotgun sequence	Unknown	other_c0.5_famFAM_00423	0.5
NZ_JAMYXP010000006.1.region001.gbk_region_1	NZ_JAMYXP010000006.1.region001	region	1	254	FAM_00423	other	Unknown	hserlactone	other	NZ_JAMYXP010000006.1 Devosia subaequoris strain HST3-14 Scaffold6, whole genome shotgun sequence	Unknown	other_c0.5_famFAM_00423	0.5
NZ_JBHRYD010000007.1.region001.gbk_region_1	NZ_JBHRYD010000007.1.region001	region	1	254	FAM_00423	other	Unknown	hserlactone	other	NZ_JBHRYD010000007.1 Devosia honganensis strain KCTC 42281 platanus_K_25_97_7, whole genome shotgun sequence	Unknown	other_c0.5_famFAM_00423	0.5
NZ_CP146608.1.region002.gbk_region_2	NZ_CP146608.1.region002	region	2	254	FAM_00423	other	Unknown	hserlactone	other	NZ_CP146608.1 Devosia sp. XK-2 chromosome, complete genome	Unknown	other_c0.5_famFAM_00423	0.5
NZ_WQRF01000004.1.region001.gbk_region_1	NZ_WQRF01000004.1.region001	region	1	254	FAM_00423	other	Unknown	hserlactone	other	NZ_WQRF01000004.1 Devosia marina strain L53-10-65 NODE_4_length_261075_cov_55.401212, whole genome shotgun sequence	Unknown	other_c0.5_famFAM_00423	0.5
NZ_JAEKMH010000003.1.region001.gbk_region_1	NZ_JAEKMH010000003.1.region001	region	1	254	FAM_00423	other	Unknown	hserlactone	other	NZ_JAEKMH010000003.1 Devosia sediminis strain MSA67 NODE_3_length_546602_cov_164.757561, whole genome shotgun sequence	Unknown	other_c0.5_famFAM_00423	0.5
NZ_JACDXV010000007.1.region001.gbk_region_1	NZ_JACDXV010000007.1.region001	region	1	254	FAM_00423	other	Unknown	hserlactone	other	NZ_JACDXV010000007.1 Devosia faecipullorum strain CC-YST696 contig07, whole genome shotgun sequence	Unknown	other_c0.5_famFAM_00423	0.5
NZ_CP026747.1.region002.gbk_region_2	NZ_CP026747.1.region002	region	2	254	FAM_00423	other	Unknown	hserlactone	other	NZ_CP026747.1 Devosia sp. I507 chromosome, complete genome	Unknown	other_c0.5_famFAM_00423	0.5
NZ_CP075529.1.region005.gbk_region_5	NZ_CP075529.1.region005	region	5	254	FAM_00423	other	Unknown	hserlactone	other	NZ_CP075529.1 MAG: Devosia sp. isolate TGS_PRO11 chromosome	Unknown	other_c0.5_famFAM_00423	0.5
NZ_JBKJHF010000001.1.region001.gbk_region_1	NZ_JBKJHF010000001.1.region001	region	1	254	FAM_00423	other	Unknown	hserlactone	other	NZ_JBKJHF010000001.1 Devosia sp. XGJD_8 1, whole genome shotgun sequence	Unknown	other_c0.5_famFAM_00423	0.5
NZ_JANQAJ010000005.1.region001.gbk_region_1	NZ_JANQAJ010000005.1.region001	region	1	254	FAM_00423	other	Unknown	hserlactone	other	NZ_JANQAJ010000005.1 MAG: Devosia ginsengisoli isolate 46_gen_w_cov.5 c370, whole genome shotgun sequence	Unknown	other_c0.5_famFAM_00423	0.5
NZ_JAVKFR010000010.1.region001.gbk_region_1	NZ_JAVKFR010000010.1.region001	region	1	254	FAM_00423	other	Unknown	hserlactone	other	NZ_JAVKFR010000010.1 MAG: Devosia marina isolate F1-TOW-06 k141_67463, whole genome shotgun sequence	Unknown	other_c0.5_famFAM_00423	0.5
NZ_LMGZ01000022.1.region001.gbk_region_1	NZ_LMGZ01000022.1.region001	region	1	254	FAM_00423	other	Unknown	hserlactone	other	NZ_LMGZ01000022.1 Devosia sp. Root635 contig_7, whole genome shotgun sequence	Unknown	other_c0.5_famFAM_00423	0.5
NZ_PYVZ01000001.1.region001.gbk_region_1	NZ_PYVZ01000001.1.region001	region	1	254	FAM_00423	other	Unknown	hserlactone	other	NZ_PYVZ01000001.1 Devosia indica strain IO390501 scaffold1, whole genome shotgun sequence	Unknown	other_c0.5_famFAM_00423	0.5
NZ_JBTLRJ010000005.1.region001.gbk_region_1	NZ_JBTLRJ010000005.1.region001	region	1	254	FAM_00423	other	Unknown	hserlactone	other	NZ_JBTLRJ010000005.1 Devosia sp. CAU 1758 contig5, whole genome shotgun sequence	Unknown	other_c0.5_famFAM_00423	0.5
NZ_JAMWDU010000007.1.region001.gbk_region_1	NZ_JAMWDU010000007.1.region001	region	1	254	FAM_00423	other	Unknown	hserlactone	other	NZ_JAMWDU010000007.1 Devosia ureilytica strain XJ19-45 Scaffold7, whole genome shotgun sequence	Unknown	other_c0.5_famFAM_00423	0.5
NZ_JACIEW010000006.1.region001.gbk_region_1	NZ_JACIEW010000006.1.region001	region	1	254	FAM_00423	other	Unknown	hserlactone	other	NZ_JACIEW010000006.1 Devosia subaequoris strain DSM 23447 Ga0373328_06, whole genome shotgun sequence	Unknown	other_c0.5_famFAM_00423	0.5
NZ_JQGC01000003.1.region001.gbk_region_1	NZ_JQGC01000003.1.region001	region	1	254	FAM_00424	other	Unknown	hserlactone	other	NZ_JQGC01000003.1 Devosia riboflavina strain IFO13584 contig3, whole genome shotgun sequence	Unknown	other_c0.5_famFAM_00424	0.5
NZ_FPCK01000004.1.region001.gbk_region_1	NZ_FPCK01000004.1.region001	region	1	254	FAM_00424	other	Unknown	hserlactone	other	NZ_FPCK01000004.1 Devosia crocina strain IPL20, whole genome shotgun sequence	Unknown	other_c0.5_famFAM_00424	0.5
NZ_JBMQPQ010000006.1.region001.gbk_region_1	NZ_JBMQPQ010000006.1.region001	region	1	254	FAM_00424	other	Unknown	hserlactone	other	NZ_JBMQPQ010000006.1 MAG: Devosia sp. isolate isolate1_meta_1_34 k141_310111, whole genome shotgun sequence	Unknown	other_c0.5_famFAM_00424	0.5
NZ_CAXUPK020000007.1.region001.gbk_region_1	NZ_CAXUPK020000007.1.region001	region	1	254	FAM_00424	other	Unknown	hserlactone	other	NZ_CAXUPK020000007.1 Devosia sp. LjRoot3 LJR003c7, whole genome shotgun sequence	Unknown	other_c0.5_famFAM_00424	0.5
NZ_LMHK01000003.1.region001.gbk_region_1	NZ_LMHK01000003.1.region001	region	1	254	FAM_00424	other	Unknown	hserlactone	other	NZ_LMHK01000003.1 Devosia sp. Root685 contig_3, whole genome shotgun sequence	Unknown	other_c0.5_famFAM_00424	0.5
NZ_CDRNJH010000001.1.region001.gbk_region_1	NZ_CDRNJH010000001.1.region001	region	1	254	FAM_00424	other	Unknown	hserlactone	other	NZ_CDRNJH010000001.1 Devosia riboflavina isolate Ri144 gnlProkkaBTCC_1, whole genome shotgun sequence	Unknown	other_c0.5_famFAM_00424	0.5
NZ_CP104002.1.region004.gbk_region_4	NZ_CP104002.1.region004	region	4	254	FAM_00425	other	Unknown	hserlactone	other	NZ_CP104002.1 Devosia sp. SD17-2 chromosome, complete genome	Unknown	other_c0.5_famFAM_00425	0.5
NZ_JAIMBX010000004.1.region001.gbk_region_1	NZ_JAIMBX010000004.1.region001	region	1	254	FAM_00425	other	Unknown	hserlactone	other	NZ_JAIMBX010000004.1 Devosia sp. BK 9_Devo_4, whole genome shotgun sequence	Unknown	other_c0.5_famFAM_00425	0.5
NZ_LMQU01000014.1.region001.gbk_region_1	NZ_LMQU01000014.1.region001	region	1	254	FAM_00425	other	Unknown	hserlactone	other	NZ_LMQU01000014.1 Devosia sp. Leaf420 contig_7, whole genome shotgun sequence	Unknown	other_c0.5_famFAM_00425	0.5
NZ_JCACVZ010000001.1.region004.gbk_region_4	NZ_JCACVZ010000001.1.region004	region	4	254	FAM_00425	other	Unknown	hserlactone	other	NZ_JCACVZ010000001.1 MAG: Devosia sp. isolate TerP_2 Oxa_002_000000000117, whole genome shotgun sequence	Unknown	other_c0.5_famFAM_00425	0.5
NZ_LMLO01000002.1.region001.gbk_region_1	NZ_LMLO01000002.1.region001	region	1	254	FAM_00425	other	Unknown	hserlactone	other	NZ_LMLO01000002.1 Devosia sp. Leaf64 contig_10, whole genome shotgun sequence	Unknown	other_c0.5_famFAM_00425	0.5
NZ_CP104007.1.region005.gbk_region_5	NZ_CP104007.1.region005	region	5	254	FAM_00425	other	Unknown	hserlactone	other	NZ_CP104007.1 Devosia sp. FJ2-5-3 chromosome, complete genome	Unknown	other_c0.5_famFAM_00425	0.5
NZ_JABAOM010000002.1.region001.gbk_region_1	NZ_JABAOM010000002.1.region001	region	1	495	FAM_00426	other	Unknown	hserlactone	other	NZ_JABAOM010000002.1 Devosia sp. 1635 Scaffold2_1, whole genome shotgun sequence	Unknown	other_c0.5_famFAM_00426	0.5
NZ_JABAOL010000001.1.region004.gbk_region_4	NZ_JABAOL010000001.1.region004	region	4	495	FAM_00426	other	Unknown	hserlactone	other	NZ_JABAOL010000001.1 Devosia sp. 919 Scaffold1_1, whole genome shotgun sequence	Unknown	other_c0.5_famFAM_00426	0.5
NZ_JBYUNQ010000001.1.region002.gbk_region_2	NZ_JBYUNQ010000001.1.region002	region	2	495	FAM_00426	other	Unknown	hserlactone	other	NZ_JBYUNQ010000001.1 Devosia sp. Z11_6 NODE_1_length_1109201_cov_151.543683, whole genome shotgun sequence	Unknown	other_c0.5_famFAM_00426	0.5
NZ_JBEPOO010000001.1.region001.gbk_region_1	NZ_JBEPOO010000001.1.region001	region	1	495	FAM_00426	other	Unknown	hserlactone	other	NZ_JBEPOO010000001.1 Devosia sp. 2618 Ga0501505_01, whole genome shotgun sequence	Unknown	other_c0.5_famFAM_00426	0.5
NZ_CP034767.1.region003.gbk_region_3	NZ_CP034767.1.region003	region	3	495	FAM_00426	other	Unknown	hserlactone	other	NZ_CP034767.1 Devosia sp. 1566 chromosome, complete genome	Unknown	other_c0.5_famFAM_00426	0.5
NZ_JBYUNO010000003.1.region001.gbk_region_1	NZ_JBYUNO010000003.1.region001	region	1	495	FAM_00426	other	Unknown	hserlactone	other	NZ_JBYUNO010000003.1 Devosia sp. Z6_126 NODE_3_length_955106_cov_138.820264, whole genome shotgun sequence	Unknown	other_c0.5_famFAM_00426	0.5
NZ_CP104002.1.region003.gbk_region_3	NZ_CP104002.1.region003	region	3	495	FAM_00427	other	Unknown	hserlactone	other	NZ_CP104002.1 Devosia sp. SD17-2 chromosome, complete genome	Unknown	other_c0.5_famFAM_00427	0.5
NZ_JABBDZ010000006.1.region001.gbk_region_1	NZ_JABBDZ010000006.1.region001	region	1	495	FAM_00427	other	Unknown	hserlactone	other	NZ_JABBDZ010000006.1 Devosia sp. MC1541 Scaffold6_1, whole genome shotgun sequence	Unknown	other_c0.5_famFAM_00427	0.5
NZ_JACDXV010000002.1.region003.gbk_region_3	NZ_JACDXV010000002.1.region003	region	3	495	FAM_00427	other	Unknown	hserlactone	other	NZ_JACDXV010000002.1 Devosia faecipullorum strain CC-YST696 contig02, whole genome shotgun sequence	Unknown	other_c0.5_famFAM_00427	0.5
NZ_JAENGO010000004.1.region001.gbk_region_1	NZ_JAENGO010000004.1.region001	region	1	495	FAM_00427	other	Unknown	hserlactone	other	NZ_JAENGO010000004.1 Devosia sp. WQ 349K1 Scaffold3_1, whole genome shotgun sequence	Unknown	other_c0.5_famFAM_00427	0.5
NZ_JAEMEB010000016.1.region001.gbk_region_1	NZ_JAEMEB010000016.1.region001	region	1	495	FAM_00427	other	Unknown	hserlactone	other	NZ_JAEMEB010000016.1 Devosia sp. MC521 Scaffold16_1, whole genome shotgun sequence	Unknown	other_c0.5_famFAM_00427	0.5
NZ_CP059902.1.region004.gbk_region_4	NZ_CP059902.1.region004	region	4	495	FAM_00427	other	Unknown	hserlactone	other	NZ_CP059902.1 Devosia sp. MC521 chromosome, complete genome	Unknown	other_c0.5_famFAM_00427	0.5
NZ_JADGNE010000026.1.region001.gbk_region_1	NZ_JADGNE010000026.1.region001	region	1	495	FAM_00427	other	Unknown	hserlactone	other	NZ_JADGNE010000026.1 MAG: Devosia sp. isolate N26CT NODE_199_length_38659_cov_21.121360, whole genome shotgun sequence	Unknown	other_c0.5_famFAM_00427	0.5
NZ_JAEMNZ010000007.1.region001.gbk_region_1	NZ_JAEMNZ010000007.1.region001	region	1	495	FAM_00427	other	Unknown	hserlactone	other	NZ_JAEMNZ010000007.1 Devosia sp. MC532 Scaffold7_1, whole genome shotgun sequence	Unknown	other_c0.5_famFAM_00427	0.5
NZ_FPCK01000001.1.region001.gbk_region_1	NZ_FPCK01000001.1.region001	region	1	495	FAM_00428	other	Unknown	hserlactone	other	NZ_FPCK01000001.1 Devosia crocina strain IPL20, whole genome shotgun sequence	Unknown	other_c0.5_famFAM_00428	0.5
NZ_JBMQPQ010000012.1.region001.gbk_region_1	NZ_JBMQPQ010000012.1.region001	region	1	495	FAM_00428	other	Unknown	hserlactone	other	NZ_JBMQPQ010000012.1 MAG: Devosia sp. isolate isolate1_meta_1_34 k141_568073, whole genome shotgun sequence	Unknown	other_c0.5_famFAM_00428	0.5
NZ_MKUZ01000013.1.region001.gbk_region_1	NZ_MKUZ01000013.1.region001	region	1	495	FAM_00428	other	Unknown	hserlactone	other	NZ_MKUZ01000013.1 MAG: Devosia sp. 66-22 SCNpilot_expt_1000_bf_scaffold_286, whole genome shotgun sequence	Unknown	other_c0.5_famFAM_00428	0.5
NZ_JZEY01000061.1.region002.gbk_region_2	NZ_JZEY01000061.1.region002	region	2	495	FAM_00428	other	Unknown	hserlactone	other	NZ_JZEY01000061.1 Devosia chinhatensis strain IPL18 NODE_61, whole genome shotgun sequence	Unknown	other_c0.5_famFAM_00428	0.5
NZ_JCACVZ010000001.1.region001.gbk_region_1	NZ_JCACVZ010000001.1.region001	region	1	495	FAM_00428	other	Unknown	hserlactone	other	NZ_JCACVZ010000001.1 MAG: Devosia sp. isolate TerP_2 Oxa_002_000000000117, whole genome shotgun sequence	Unknown	other_c0.5_famFAM_00428	0.5
NZ_JACYFU010000004.1.region002.gbk_region_2	NZ_JACYFU010000004.1.region002	region	2	495	FAM_00428	other	Unknown	hserlactone	other	NZ_JACYFU010000004.1 Devosia oryzisoli strain PTR5 contig4, whole genome shotgun sequence	Unknown	other_c0.5_famFAM_00428	0.5
NZ_CP104007.1.region004.gbk_region_4	NZ_CP104007.1.region004	region	4	495	FAM_00428	other	Unknown	hserlactone	other	NZ_CP104007.1 Devosia sp. FJ2-5-3 chromosome, complete genome	Unknown	other_c0.5_famFAM_00428	0.5
NZ_LMHK01000002.1.region001.gbk_region_1	NZ_LMHK01000002.1.region001	region	1	495	FAM_00428	other	Unknown	hserlactone	other	NZ_LMHK01000002.1 Devosia sp. Root685 contig_2, whole genome shotgun sequence	Unknown	other_c0.5_famFAM_00428	0.5
NZ_LMQU01000011.1.region001.gbk_region_1	NZ_LMQU01000011.1.region001	region	1	495	FAM_00428	other	Unknown	hserlactone	other	NZ_LMQU01000011.1 Devosia sp. Leaf420 contig_4, whole genome shotgun sequence	Unknown	other_c0.5_famFAM_00428	0.5
NZ_CAXUPK020000002.1.region001.gbk_region_1	NZ_CAXUPK020000002.1.region001	region	1	495	FAM_00428	other	Unknown	hserlactone	other	NZ_CAXUPK020000002.1 Devosia sp. LjRoot3 LJR003c2, whole genome shotgun sequence	Unknown	other_c0.5_famFAM_00428	0.5
NZ_CP075529.1.region004.gbk_region_4	NZ_CP075529.1.region004	region	4	495	FAM_00428	other	Unknown	hserlactone	other	NZ_CP075529.1 MAG: Devosia sp. isolate TGS_PRO11 chromosome	Unknown	other_c0.5_famFAM_00428	0.5
NZ_LMLO01000012.1.region001.gbk_region_1	NZ_LMLO01000012.1.region001	region	1	495	FAM_00428	other	Unknown	hserlactone	other	NZ_LMLO01000012.1 Devosia sp. Leaf64 contig_2, whole genome shotgun sequence	Unknown	other_c0.5_famFAM_00428	0.5
NZ_JQGC01000019.1.region001.gbk_region_1	NZ_JQGC01000019.1.region001	region	1	495	FAM_00428	other	Unknown	hserlactone	other	NZ_JQGC01000019.1 Devosia riboflavina strain IFO13584 contig19, whole genome shotgun sequence	Unknown	other_c0.5_famFAM_00428	0.5
NZ_CDRNJH010000001.1.region002.gbk_region_2	NZ_CDRNJH010000001.1.region002	region	2	495	FAM_00428	other	Unknown	hserlactone	other	NZ_CDRNJH010000001.1 Devosia riboflavina isolate Ri144 gnlProkkaBTCC_1, whole genome shotgun sequence	Unknown	other_c0.5_famFAM_00428	0.5
NZ_LAJG01000048.1.region001.gbk_region_1	NZ_LAJG01000048.1.region001	region	1	495	FAM_00428	other	Unknown	hserlactone	other	NZ_LAJG01000048.1 Devosia soli strain GH2-10 NODE_48, whole genome shotgun sequence	Unknown	other_c0.5_famFAM_00428	0.5
NZ_CP068046.1.region001.gbk_region_1	NZ_CP068046.1.region001	region	1	495	FAM_00428	other	Unknown	hserlactone	other	NZ_CP068046.1 Devosia rhizoryzae strain LEGU1 chromosome	Unknown	other_c0.5_famFAM_00428	0.5
NZ_JAIMBX010000003.1.region002.gbk_region_2	NZ_JAIMBX010000003.1.region002	region	2	495	FAM_00428	other	Unknown	hserlactone	other	NZ_JAIMBX010000003.1 Devosia sp. BK 9_Devo_3, whole genome shotgun sequence	Unknown	other_c0.5_famFAM_00428	0.5
NZ_LMGZ01000023.1.region001.gbk_region_1	NZ_LMGZ01000023.1.region001	region	1	495	FAM_00429	other	Unknown	hserlactone	other	NZ_LMGZ01000023.1 Devosia sp. Root635 contig_8, whole genome shotgun sequence	Unknown	other_c0.5_famFAM_00429	0.5
NZ_LAJF01000036.1.region001.gbk_region_1	NZ_LAJF01000036.1.region001	region	1	495	FAM_00429	other	Unknown	hserlactone	other	NZ_LAJF01000036.1 Devosia limi DSM 17137 NODE_36, whole genome shotgun sequence	Unknown	other_c0.5_famFAM_00429	0.5
NZ_LVVY01000098.1.region001.gbk_region_1	NZ_LVVY01000098.1.region001	region	1	495	FAM_00429	other	Unknown	hserlactone	other	NZ_LVVY01000098.1 Devosia elaeis strain S37 DIN_R1_(paired)_trimmed_(paired)_contig_50, whole genome shotgun sequence	Unknown	other_c0.5_famFAM_00429	0.5
NZ_CP042304.1.region004.gbk_region_4	NZ_CP042304.1.region004	region	4	495	FAM_00429	other	Unknown	hserlactone	other	NZ_CP042304.1 Devosia ginsengisoli strain Gsoil 520 chromosome, complete genome	Unknown	other_c0.5_famFAM_00429	0.5
NZ_PYVW01000002.1.region001.gbk_region_1	NZ_PYVW01000002.1.region001	region	1	495	FAM_00429	other	Unknown	hserlactone	other	NZ_PYVW01000002.1 Devosia naphthalenivorans strain CM5-1 scaffold2, whole genome shotgun sequence	Unknown	other_c0.5_famFAM_00429	0.5
NZ_FQVC01000003.1.region001.gbk_region_1	NZ_FQVC01000003.1.region001	region	1	495	FAM_00429	other	Unknown	hserlactone	other	NZ_FQVC01000003.1 Devosia limi DSM 17137, whole genome shotgun sequence	Unknown	other_c0.5_famFAM_00429	0.5
NZ_LANJ01000004.1.region001.gbk_region_1	NZ_LANJ01000004.1.region001	region	1	495	FAM_00429	other	Unknown	hserlactone	other	NZ_LANJ01000004.1 Devosia epidermidihirudinis strain E84 contig4, whole genome shotgun sequence	Unknown	other_c0.5_famFAM_00429	0.5
NZ_CP126539.1.region001.gbk_region_1	NZ_CP126539.1.region001	region	1	495	FAM_00429	other	Unknown	hserlactone	other	NZ_CP126539.1 Devosia rhizosphaerae strain RR2S18 chromosome, complete genome	Unknown	other_c0.5_famFAM_00429	0.5
NZ_PYWB01000008.1.region001.gbk_region_1	NZ_PYWB01000008.1.region001	region	1	495	FAM_00429	other	Unknown	hserlactone	other	NZ_PYWB01000008.1 Devosia submarina strain JCM 18935 scaffold8, whole genome shotgun sequence	Unknown	other_c0.5_famFAM_00429	0.5
NZ_JBKJHF010000002.1.region001.gbk_region_1	NZ_JBKJHF010000002.1.region001	region	1	495	FAM_00430	other	Unknown	hserlactone	other	NZ_JBKJHF010000002.1 Devosia sp. XGJD_8 2, whole genome shotgun sequence	Unknown	other_c0.5_famFAM_00430	0.5
NZ_BSNG01000001.1.region001.gbk_region_1	NZ_BSNG01000001.1.region001	region	1	495	FAM_00430	other	Unknown	hserlactone	other	NZ_BSNG01000001.1 Devosia yakushimensis strain NBRC 103855 sequence01, whole genome shotgun sequence	Unknown	other_c0.5_famFAM_00430	0.5
NZ_JNNO01000044.1.region001.gbk_region_1	NZ_JNNO01000044.1.region001	region	1	495	FAM_00430	other	Unknown	hserlactone	other	NZ_JNNO01000044.1 Devosia sp. LC5 contig6, whole genome shotgun sequence	Unknown	other_c0.5_famFAM_00430	0.5
NZ_JBJDRE010000012.1.region001.gbk_region_1	NZ_JBJDRE010000012.1.region001	region	1	495	FAM_00430	other	Unknown	hserlactone	other	NZ_JBJDRE010000012.1 Devosia sp. ZW T5_3 ZW_T5_3_contig_012, whole genome shotgun sequence	Unknown	other_c0.5_famFAM_00430	0.5
NZ_CP104965.1.region002.gbk_region_2	NZ_CP104965.1.region002	region	2	495	FAM_00430	other	Unknown	hserlactone	other	NZ_CP104965.1 Devosia neptuniae strain A18/4-1 chromosome, complete genome	Unknown	other_c0.5_famFAM_00430	0.5
NZ_JAQGJV010000024.1.region001.gbk_region_1	NZ_JAQGJV010000024.1.region001	region	1	495	FAM_00431	other	Unknown	hserlactone	other	NZ_JAQGJV010000024.1 MAG: Devosia sp. isolate RYN_494 scaffold_5055289, whole genome shotgun sequence	Unknown	other_c0.5_famFAM_00431	0.5
NZ_CP092483.1.region005.gbk_region_5	NZ_CP092483.1.region005	region	5	495	FAM_00431	other	Unknown	hserlactone	other	NZ_CP092483.1 Devosia lacusdianchii strain JXJ CY 41 chromosome	Unknown	other_c0.5_famFAM_00431	0.5
NZ_JBEPOL010000007.1.region001.gbk_region_1	NZ_JBEPOL010000007.1.region001	region	1	495	FAM_00431	other	Unknown	hserlactone	other	NZ_JBEPOL010000007.1 Devosia sp. UYZn731 Ga0493902_07, whole genome shotgun sequence	Unknown	other_c0.5_famFAM_00431	0.5
NZ_JAQGJM010000015.1.region001.gbk_region_1	NZ_JAQGJM010000015.1.region001	region	1	495	FAM_00431	other	Unknown	hserlactone	other	NZ_JAQGJM010000015.1 MAG: Devosia sp. isolate RYN_485 scaffold_2972844, whole genome shotgun sequence	Unknown	other_c0.5_famFAM_00431	0.5
NZ_JACIEW010000005.1.region001.gbk_region_1	NZ_JACIEW010000005.1.region001	region	1	495	FAM_00432	other	Unknown	hserlactone	other	NZ_JACIEW010000005.1 Devosia subaequoris strain DSM 23447 Ga0373328_05, whole genome shotgun sequence	Unknown	other_c0.5_famFAM_00432	0.5
NZ_CP080590.1.region006.gbk_region_6	NZ_CP080590.1.region006	region	6	495	FAM_00432	other	Unknown	hserlactone	other	NZ_CP080590.1 Devosia salina strain SCS-3 chromosome, complete genome	Unknown	other_c0.5_famFAM_00432	0.5
NZ_CP170082.1.region003.gbk_region_3	NZ_CP170082.1.region003	region	3	495	FAM_00432	other	Unknown	hserlactone	other	NZ_CP170082.1 Devosia sp. Naph2 chromosome, complete genome	Unknown	other_c0.5_famFAM_00432	0.5
NZ_WQRF01000003.1.region001.gbk_region_1	NZ_WQRF01000003.1.region001	region	1	495	FAM_00432	other	Unknown	hserlactone	other	NZ_WQRF01000003.1 Devosia marina strain L53-10-65 NODE_3_length_483147_cov_54.383006, whole genome shotgun sequence	Unknown	other_c0.5_famFAM_00432	0.5
NZ_JBTLRJ010000001.1.region001.gbk_region_1	NZ_JBTLRJ010000001.1.region001	region	1	495	FAM_00432	other	Unknown	hserlactone	other	NZ_JBTLRJ010000001.1 Devosia sp. CAU 1758 contig1, whole genome shotgun sequence	Unknown	other_c0.5_famFAM_00432	0.5
NZ_JAMYXP010000004.1.region001.gbk_region_1	NZ_JAMYXP010000004.1.region001	region	1	495	FAM_00432	other	Unknown	hserlactone	other	NZ_JAMYXP010000004.1 Devosia subaequoris strain HST3-14 Scaffold4, whole genome shotgun sequence	Unknown	other_c0.5_famFAM_00432	0.5
NZ_FXWK01000001.1.region005.gbk_region_5	NZ_FXWK01000001.1.region005	region	5	495	FAM_00432	other	Unknown	hserlactone	other	NZ_FXWK01000001.1 Devosia lucknowensis strain L15, whole genome shotgun sequence	Unknown	other_c0.5_famFAM_00432	0.5
NZ_CP094375.1.region002.gbk_region_2	NZ_CP094375.1.region002	region	2	495	FAM_00432	other	Unknown	hserlactone	other	NZ_CP094375.1 Devosia sp. Micro-HW1 chromosome, complete genome	Unknown	other_c0.5_famFAM_00432	0.5
NZ_JAMZCU010000005.1.region001.gbk_region_1	NZ_JAMZCU010000005.1.region001	region	1	495	FAM_00432	other	Unknown	hserlactone	other	NZ_JAMZCU010000005.1 Devosia ureilytica strain XJ19-1 Scaffold5, whole genome shotgun sequence	Unknown	other_c0.5_famFAM_00432	0.5
NZ_JAMWDU010000005.1.region001.gbk_region_1	NZ_JAMWDU010000005.1.region001	region	1	495	FAM_00432	other	Unknown	hserlactone	other	NZ_JAMWDU010000005.1 Devosia ureilytica strain XJ19-45 Scaffold5, whole genome shotgun sequence	Unknown	other_c0.5_famFAM_00432	0.5
NZ_JAVKFR010000024.1.region001.gbk_region_1	NZ_JAVKFR010000024.1.region001	region	1	495	FAM_00432	other	Unknown	hserlactone	other	NZ_JAVKFR010000024.1 MAG: Devosia marina isolate F1-TOW-06 k141_61152, whole genome shotgun sequence	Unknown	other_c0.5_famFAM_00432	0.5
NZ_STGC01000005.1.region006.gbk_region_6	NZ_STGC01000005.1.region006	region	6	495	FAM_00432	other	Unknown	hserlactone	other	NZ_STGC01000005.1 Devosia sp. FKR38 NODE_14_length_2742056_cov_203.257278, whole genome shotgun sequence	Unknown	other_c0.5_famFAM_00432	0.5
NZ_CP068047.1.region001.gbk_region_1	NZ_CP068047.1.region001	region	1	495	FAM_00433	other	Unknown	hserlactone	other	NZ_CP068047.1 Devosia oryziradicis strain G19 chromosome	Unknown	other_c0.5_famFAM_00433	0.5
NZ_UZWD01000022.1.region001.gbk_region_1	NZ_UZWD01000022.1.region001	region	1	495	FAM_00433	other	Unknown	hserlactone	other	NZ_UZWD01000022.1 Devosia equisanguinis strain CIP 111628, whole genome shotgun sequence	Unknown	other_c0.5_famFAM_00433	0.5
NZ_MKUY01000004.1.region001.gbk_region_1	NZ_MKUY01000004.1.region001	region	1	495	FAM_00433	other	Unknown	hserlactone	other	NZ_MKUY01000004.1 MAG: Devosia sp. 63-57 SCNpilot_expt_1000_bf_scaffold_29, whole genome shotgun sequence	Unknown	other_c0.5_famFAM_00433	0.5
NZ_JBHTMH010000003.1.region001.gbk_region_1	NZ_JBHTMH010000003.1.region001	region	1	495	FAM_00433	other	Unknown	hserlactone	other	NZ_JBHTMH010000003.1 Devosia equisanguinis strain CCM 8868 GCM70027366_18, whole genome shotgun sequence	Unknown	other_c0.5_famFAM_00433	0.5
NZ_JAGXTP010000001.1.region001.gbk_region_1	NZ_JAGXTP010000001.1.region001	region	1	495	FAM_00434	other	Unknown	hserlactone	other	NZ_JAGXTP010000001.1 Devosia litorisediminis strain BSSL-BM10 1, whole genome shotgun sequence	Unknown	other_c0.5_famFAM_00434	0.5
NZ_CM147870.1.region002.gbk_region_2	NZ_CM147870.1.region002	region	2	495	FAM_00434	other	Unknown	hserlactone	other	NZ_CM147870.1 Devosia sp. J2-20 chromosome, whole genome shotgun sequence	Unknown	other_c0.5_famFAM_00434	0.5
NZ_CP063401.1.region002.gbk_region_2	NZ_CP063401.1.region002	region	2	495	FAM_00434	other	Unknown	hserlactone	other	NZ_CP063401.1 Devosia sp. SL43 chromosome, complete genome	Unknown	other_c0.5_famFAM_00434	0.5
NZ_CP118245.1.region001.gbk_region_1	NZ_CP118245.1.region001	region	1	495	FAM_00434	other	Unknown	hserlactone	other	NZ_CP118245.1 Devosia sp. J2-20 chromosome	Unknown	other_c0.5_famFAM_00434	0.5
NZ_JBNMEO010000001.1.region001.gbk_region_1	NZ_JBNMEO010000001.1.region001	region	1	495	FAM_00434	other	Unknown	hserlactone	other	NZ_JBNMEO010000001.1 MAG: Devosia sp. isolate 3300055174_60 Ga0535679_0000049, whole genome shotgun sequence	Unknown	other_c0.5_famFAM_00434	0.5
NZ_JAPWHK010000005.1.region001.gbk_region_1	NZ_JAPWHK010000005.1.region001	region	1	495	FAM_00434	other	Unknown	hserlactone	other	NZ_JAPWHK010000005.1 Devosia neptuniae strain G21611-S1 NODE_5_length_349380_cov_128.949, whole genome shotgun sequence	Unknown	other_c0.5_famFAM_00434	0.5
NZ_FOMB01000022.1.region001.gbk_region_1	NZ_FOMB01000022.1.region001	region	1	495	FAM_00435	other	Unknown	hserlactone	other	NZ_FOMB01000022.1 Devosia psychrophila strain CGMCC 1.10210, whole genome shotgun sequence	Unknown	other_c0.5_famFAM_00435	0.5
NZ_FOFL01000002.1.region002.gbk_region_2	NZ_FOFL01000002.1.region002	region	2	495	FAM_00435	other	Unknown	hserlactone	other	NZ_FOFL01000002.1 Devosia sp. YR412, whole genome shotgun sequence	Unknown	other_c0.5_famFAM_00435	0.5
NZ_JAENGO010000001.1.region001.gbk_region_1	NZ_JAENGO010000001.1.region001	region	1	876	FAM_00436	other	Unknown	betalactone	other	NZ_JAENGO010000001.1 Devosia sp. WQ 349K1 Scaffold1_1, whole genome shotgun sequence	Unknown	other_c0.5_famFAM_00436	0.5
NZ_LMGZ01000018.1.region001.gbk_region_1	NZ_LMGZ01000018.1.region001	region	1	876	FAM_00436	other	Unknown	betalactone	other	NZ_LMGZ01000018.1 Devosia sp. Root635 contig_3, whole genome shotgun sequence	Unknown	other_c0.5_famFAM_00436	0.5
NZ_CP127251.1.region002.gbk_region_2	NZ_CP127251.1.region002	region	2	876	FAM_00436	other	Unknown	betalactone	other	NZ_CP127251.1 Devosia sp. YIM 151766 chromosome, complete genome	Unknown	other_c0.5_famFAM_00436	0.5
NZ_JACYFU010000001.1.region001.gbk_region_1	NZ_JACYFU010000001.1.region001	region	1	876	FAM_00436	other	Unknown	betalactone	other	NZ_JACYFU010000001.1 Devosia oryzisoli strain PTR5 contig1, whole genome shotgun sequence	Unknown	other_c0.5_famFAM_00436	0.5
NZ_JAEMEB010000003.1.region001.gbk_region_1	NZ_JAEMEB010000003.1.region001	region	1	876	FAM_00436	other	Unknown	betalactone	other	NZ_JAEMEB010000003.1 Devosia sp. MC521 Scaffold3_1, whole genome shotgun sequence	Unknown	other_c0.5_famFAM_00436	0.5
NZ_JAEMNZ010000002.1.region001.gbk_region_1	NZ_JAEMNZ010000002.1.region001	region	1	876	FAM_00436	other	Unknown	betalactone	other	NZ_JAEMNZ010000002.1 Devosia sp. MC532 Scaffold2_1, whole genome shotgun sequence	Unknown	other_c0.5_famFAM_00436	0.5
NZ_CP059902.1.region003.gbk_region_3	NZ_CP059902.1.region003	region	3	876	FAM_00436	other	Unknown	betalactone	other	NZ_CP059902.1 Devosia sp. MC521 chromosome, complete genome	Unknown	other_c0.5_famFAM_00436	0.5
NZ_JABBDZ010000005.1.region001.gbk_region_1	NZ_JABBDZ010000005.1.region001	region	1	876	FAM_00436	other	Unknown	betalactone	other	NZ_JABBDZ010000005.1 Devosia sp. MC1541 Scaffold5_1, whole genome shotgun sequence	Unknown	other_c0.5_famFAM_00436	0.5
NZ_JAMZCU010000003.1.region001.gbk_region_1	NZ_JAMZCU010000003.1.region001	region	1	876	FAM_00437	other	Unknown	betalactone	other	NZ_JAMZCU010000003.1 Devosia ureilytica strain XJ19-1 Scaffold3, whole genome shotgun sequence	Unknown	other_c0.5_famFAM_00437	0.5
NZ_WQRF01000001.1.region004.gbk_region_4	NZ_WQRF01000001.1.region004	region	4	876	FAM_00437	other	Unknown	betalactone	other	NZ_WQRF01000001.1 Devosia marina strain L53-10-65 NODE_1_length_1615214_cov_52.474690, whole genome shotgun sequence	Unknown	other_c0.5_famFAM_00437	0.5
NZ_CP026747.1.region004.gbk_region_4	NZ_CP026747.1.region004	region	4	876	FAM_00437	other	Unknown	betalactone	other	NZ_CP026747.1 Devosia sp. I507 chromosome, complete genome	Unknown	other_c0.5_famFAM_00437	0.5
NZ_CP146608.1.region005.gbk_region_5	NZ_CP146608.1.region005	region	5	876	FAM_00437	other	Unknown	betalactone	other	NZ_CP146608.1 Devosia sp. XK-2 chromosome, complete genome	Unknown	other_c0.5_famFAM_00437	0.5
NZ_PYVZ01000019.1.region001.gbk_region_1	NZ_PYVZ01000019.1.region001	region	1	876	FAM_00437	other	Unknown	betalactone	other	NZ_PYVZ01000019.1 Devosia indica strain IO390501 scaffold19, whole genome shotgun sequence	Unknown	other_c0.5_famFAM_00437	0.5
NZ_JAMWDU010000003.1.region001.gbk_region_1	NZ_JAMWDU010000003.1.region001	region	1	876	FAM_00437	other	Unknown	betalactone	other	NZ_JAMWDU010000003.1 Devosia ureilytica strain XJ19-45 Scaffold3, whole genome shotgun sequence	Unknown	other_c0.5_famFAM_00437	0.5
NZ_JAGXTP010000001.1.region002.gbk_region_2	NZ_JAGXTP010000001.1.region002	region	2	876	FAM_00438	other	Unknown	betalactone	other	NZ_JAGXTP010000001.1 Devosia litorisediminis strain BSSL-BM10 1, whole genome shotgun sequence	Unknown	other_c0.5_famFAM_00438	0.5
NZ_CP068046.1.region002.gbk_region_2	NZ_CP068046.1.region002	region	2	876	FAM_00438	other	Unknown	betalactone	other	NZ_CP068046.1 Devosia rhizoryzae strain LEGU1 chromosome	Unknown	other_c0.5_famFAM_00438	0.5
NZ_CM147870.1.region003.gbk_region_3	NZ_CM147870.1.region003	region	3	876	FAM_00438	other	Unknown	betalactone	other	NZ_CM147870.1 Devosia sp. J2-20 chromosome, whole genome shotgun sequence	Unknown	other_c0.5_famFAM_00438	0.5
NZ_PYVW01000018.1.region001.gbk_region_1	NZ_PYVW01000018.1.region001	region	1	876	FAM_00438	other	Unknown	betalactone	other	NZ_PYVW01000018.1 Devosia naphthalenivorans strain CM5-1 scaffold18, whole genome shotgun sequence	Unknown	other_c0.5_famFAM_00438	0.5
NZ_CP118245.1.region006.gbk_region_6	NZ_CP118245.1.region006	region	6	876	FAM_00438	other	Unknown	betalactone	other	NZ_CP118245.1 Devosia sp. J2-20 chromosome	Unknown	other_c0.5_famFAM_00438	0.5
NZ_LANJ01000045.1.region001.gbk_region_1	NZ_LANJ01000045.1.region001	region	1	876	FAM_00438	other	Unknown	betalactone	other	NZ_LANJ01000045.1 Devosia epidermidihirudinis strain E84 contig45, whole genome shotgun sequence	Unknown	other_c0.5_famFAM_00438	0.5
NZ_JAPWHK010000003.1.region001.gbk_region_1	NZ_JAPWHK010000003.1.region001	region	1	876	FAM_00438	other	Unknown	betalactone	other	NZ_JAPWHK010000003.1 Devosia neptuniae strain G21611-S1 NODE_3_length_471733_cov_115.273, whole genome shotgun sequence	Unknown	other_c0.5_famFAM_00438	0.5
NZ_JBNMEO010000093.1.region001.gbk_region_1	NZ_JBNMEO010000093.1.region001	region	1	876	FAM_00438	other	Unknown	betalactone	other	NZ_JBNMEO010000093.1 MAG: Devosia sp. isolate 3300055174_60 Ga0535679_0004564, whole genome shotgun sequence	Unknown	other_c0.5_famFAM_00438	0.5
NZ_LMHK01000001.1.region001.gbk_region_1	NZ_LMHK01000001.1.region001	region	1	876	FAM_00439	other	Unknown	betalactone	other	NZ_LMHK01000001.1 Devosia sp. Root685 contig_1, whole genome shotgun sequence	Unknown	other_c0.5_famFAM_00439	0.5
NZ_BSNS01000008.1.region001.gbk_region_1	NZ_BSNS01000008.1.region001	region	1	876	FAM_00439	other	Unknown	betalactone	other	NZ_BSNS01000008.1 Devosia nitrariae strain NBRC 112416 sequence08, whole genome shotgun sequence	Unknown	other_c0.5_famFAM_00439	0.5
NZ_JAIMBX010000001.1.region001.gbk_region_1	NZ_JAIMBX010000001.1.region001	region	1	876	FAM_00439	other	Unknown	betalactone	other	NZ_JAIMBX010000001.1 Devosia sp. BK 9_Devo_1, whole genome shotgun sequence	Unknown	other_c0.5_famFAM_00439	0.5
NZ_LMLO01000024.1.region001.gbk_region_1	NZ_LMLO01000024.1.region001	region	1	876	FAM_00439	other	Unknown	betalactone	other	NZ_LMLO01000024.1 Devosia sp. Leaf64 contig_9, whole genome shotgun sequence	Unknown	other_c0.5_famFAM_00439	0.5
NZ_CP045422.1.region004.gbk_region_4	NZ_CP045422.1.region004	region	4	876	FAM_00439	other	Unknown	betalactone	other	NZ_CP045422.1 Devosia beringensis strain S02 chromosome, complete genome	Unknown	other_c0.5_famFAM_00439	0.5
NZ_CDRNJH010000001.1.region003.gbk_region_3	NZ_CDRNJH010000001.1.region003	region	3	876	FAM_00439	other	Unknown	betalactone	other	NZ_CDRNJH010000001.1 Devosia riboflavina isolate Ri144 gnlProkkaBTCC_1, whole genome shotgun sequence	Unknown	other_c0.5_famFAM_00439	0.5
NZ_CP042304.1.region003.gbk_region_3	NZ_CP042304.1.region003	region	3	876	FAM_00439	other	Unknown	betalactone	other	NZ_CP042304.1 Devosia ginsengisoli strain Gsoil 520 chromosome, complete genome	Unknown	other_c0.5_famFAM_00439	0.5
NZ_FPCK01000001.1.region002.gbk_region_2	NZ_FPCK01000001.1.region002	region	2	876	FAM_00439	other	Unknown	betalactone	other	NZ_FPCK01000001.1 Devosia crocina strain IPL20, whole genome shotgun sequence	Unknown	other_c0.5_famFAM_00439	0.5
NZ_JBMQPQ010000014.1.region001.gbk_region_1	NZ_JBMQPQ010000014.1.region001	region	1	876	FAM_00439	other	Unknown	betalactone	other	NZ_JBMQPQ010000014.1 MAG: Devosia sp. isolate isolate1_meta_1_34 k141_605893, whole genome shotgun sequence	Unknown	other_c0.5_famFAM_00439	0.5
NZ_LMQU01000013.1.region001.gbk_region_1	NZ_LMQU01000013.1.region001	region	1	876	FAM_00439	other	Unknown	betalactone	other	NZ_LMQU01000013.1 Devosia sp. Leaf420 contig_6, whole genome shotgun sequence	Unknown	other_c0.5_famFAM_00439	0.5
NZ_JQGC01000033.1.region001.gbk_region_1	NZ_JQGC01000033.1.region001	region	1	876	FAM_00439	other	Unknown	betalactone	other	NZ_JQGC01000033.1 Devosia riboflavina strain IFO13584 contig33, whole genome shotgun sequence	Unknown	other_c0.5_famFAM_00439	0.5
NZ_CAXUPK020000005.1.region001.gbk_region_1	NZ_CAXUPK020000005.1.region001	region	1	876	FAM_00439	other	Unknown	betalactone	other	NZ_CAXUPK020000005.1 Devosia sp. LjRoot3 LJR003c5, whole genome shotgun sequence	Unknown	other_c0.5_famFAM_00439	0.5
NZ_LAJG01000014.1.region002.gbk_region_2	NZ_LAJG01000014.1.region002	region	2	876	FAM_00439	other	Unknown	betalactone	other	NZ_LAJG01000014.1 Devosia soli strain GH2-10 NODE_14, whole genome shotgun sequence	Unknown	other_c0.5_famFAM_00439	0.5
NZ_JCACVZ010000001.1.region002.gbk_region_2	NZ_JCACVZ010000001.1.region002	region	2	876	FAM_00439	other	Unknown	betalactone	other	NZ_JCACVZ010000001.1 MAG: Devosia sp. isolate TerP_2 Oxa_002_000000000117, whole genome shotgun sequence	Unknown	other_c0.5_famFAM_00439	0.5
NZ_STGC01000005.1.region004.gbk_region_4	NZ_STGC01000005.1.region004	region	4	876	FAM_00439	other	Unknown	betalactone	other	NZ_STGC01000005.1 Devosia sp. FKR38 NODE_14_length_2742056_cov_203.257278, whole genome shotgun sequence	Unknown	other_c0.5_famFAM_00439	0.5
NZ_JANQAJ010000013.1.region001.gbk_region_1	NZ_JANQAJ010000013.1.region001	region	1	876	FAM_00439	other	Unknown	betalactone	other	NZ_JANQAJ010000013.1 MAG: Devosia ginsengisoli isolate 46_gen_w_cov.5 c137, whole genome shotgun sequence	Unknown	other_c0.5_famFAM_00439	0.5
NZ_JBHLYO010000001.1.region001.gbk_region_1	NZ_JBHLYO010000001.1.region001	region	1	876	FAM_00439	other	Unknown	betalactone	other	NZ_JBHLYO010000001.1 Devosia nitrariae strain NBRC 112416 platanus_K_default_1, whole genome shotgun sequence	Unknown	other_c0.5_famFAM_00439	0.5
NZ_JZEY01000054.1.region003.gbk_region_3	NZ_JZEY01000054.1.region003	region	3	876	FAM_00440	other	Unknown	betalactone	other	NZ_JZEY01000054.1 Devosia chinhatensis strain IPL18 NODE_54, whole genome shotgun sequence	Unknown	other_c0.5_famFAM_00440	0.5
NZ_FXWK01000001.1.region004.gbk_region_4	NZ_FXWK01000001.1.region004	region	4	876	FAM_00440	other	Unknown	betalactone	other	NZ_FXWK01000001.1 Devosia lucknowensis strain L15, whole genome shotgun sequence	Unknown	other_c0.5_famFAM_00440	0.5
NZ_JBHTMH010000001.1.region001.gbk_region_1	NZ_JBHTMH010000001.1.region001	region	1	876	FAM_00440	other	Unknown	betalactone	other	NZ_JBHTMH010000001.1 Devosia equisanguinis strain CCM 8868 GCM70027366_15, whole genome shotgun sequence	Unknown	other_c0.5_famFAM_00440	0.5
NZ_CP075529.1.region003.gbk_region_3	NZ_CP075529.1.region003	region	3	876	FAM_00440	other	Unknown	betalactone	other	NZ_CP075529.1 MAG: Devosia sp. isolate TGS_PRO11 chromosome	Unknown	other_c0.5_famFAM_00440	0.5
NZ_JBTLRJ010000001.1.region002.gbk_region_2	NZ_JBTLRJ010000001.1.region002	region	2	876	FAM_00440	other	Unknown	betalactone	other	NZ_JBTLRJ010000001.1 Devosia sp. CAU 1758 contig1, whole genome shotgun sequence	Unknown	other_c0.5_famFAM_00440	0.5
NZ_UZWD01000036.1.region001.gbk_region_1	NZ_UZWD01000036.1.region001	region	1	876	FAM_00440	other	Unknown	betalactone	other	NZ_UZWD01000036.1 Devosia equisanguinis strain CIP 111628, whole genome shotgun sequence	Unknown	other_c0.5_famFAM_00440	0.5
NZ_MKUY01000003.1.region002.gbk_region_2	NZ_MKUY01000003.1.region002	region	2	876	FAM_00440	other	Unknown	betalactone	other	NZ_MKUY01000003.1 MAG: Devosia sp. 63-57 SCNpilot_expt_1000_bf_scaffold_28, whole genome shotgun sequence	Unknown	other_c0.5_famFAM_00440	0.5
NZ_CP092483.1.region004.gbk_region_4	NZ_CP092483.1.region004	region	4	876	FAM_00441	other	Unknown	betalactone	other	NZ_CP092483.1 Devosia lacusdianchii strain JXJ CY 41 chromosome	Unknown	other_c0.5_famFAM_00441	0.5
NZ_PYWB01000003.1.region001.gbk_region_1	NZ_PYWB01000003.1.region001	region	1	876	FAM_00441	other	Unknown	betalactone	other	NZ_PYWB01000003.1 Devosia submarina strain JCM 18935 scaffold3, whole genome shotgun sequence	Unknown	other_c0.5_famFAM_00441	0.5
NZ_LMEM01000009.1.region001.gbk_region_1	NZ_LMEM01000009.1.region001	region	1	876	FAM_00441	other	Unknown	betalactone	other	NZ_LMEM01000009.1 Devosia sp. Root436 contig_2, whole genome shotgun sequence	Unknown	other_c0.5_famFAM_00441	0.5
NZ_FQVC01000004.1.region001.gbk_region_1	NZ_FQVC01000004.1.region001	region	1	876	FAM_00441	other	Unknown	betalactone	other	NZ_FQVC01000004.1 Devosia limi DSM 17137, whole genome shotgun sequence	Unknown	other_c0.5_famFAM_00441	0.5
NZ_JBTMWV010000001.1.region001.gbk_region_1	NZ_JBTMWV010000001.1.region001	region	1	876	FAM_00441	other	Unknown	betalactone	other	NZ_JBTMWV010000001.1 Devosia sp. A369 Scaffold1, whole genome shotgun sequence	Unknown	other_c0.5_famFAM_00441	0.5
NZ_JBKJHF010000001.1.region003.gbk_region_3	NZ_JBKJHF010000001.1.region003	region	3	876	FAM_00441	other	Unknown	betalactone	other	NZ_JBKJHF010000001.1 Devosia sp. XGJD_8 1, whole genome shotgun sequence	Unknown	other_c0.5_famFAM_00441	0.5
NZ_AP027921.1.region004.gbk_region_4	NZ_AP027921.1.region004	region	4	876	FAM_00441	other	Unknown	betalactone	other	NZ_AP027921.1 Devosia sp. T2-14 chromosome, complete genome	Unknown	other_c0.5_famFAM_00441	0.5
NZ_LAJF01000062.1.region001.gbk_region_1	NZ_LAJF01000062.1.region001	region	1	876	FAM_00441	other	Unknown	betalactone	other	NZ_LAJF01000062.1 Devosia limi DSM 17137 NODE_62, whole genome shotgun sequence	Unknown	other_c0.5_famFAM_00441	0.5
NZ_JBTMWU010000002.1.region001.gbk_region_1	NZ_JBTMWU010000002.1.region001	region	1	876	FAM_00441	other	Unknown	betalactone	other	NZ_JBTMWU010000002.1 Devosia sp. A449 Scaffold2, whole genome shotgun sequence	Unknown	other_c0.5_famFAM_00441	0.5
NZ_CP104965.1.region003.gbk_region_3	NZ_CP104965.1.region003	region	3	876	FAM_00442	other	Unknown	betalactone	other	NZ_CP104965.1 Devosia neptuniae strain A18/4-1 chromosome, complete genome	Unknown	other_c0.5_famFAM_00442	0.5
NZ_JBJDRE010000003.1.region001.gbk_region_1	NZ_JBJDRE010000003.1.region001	region	1	876	FAM_00442	other	Unknown	betalactone	other	NZ_JBJDRE010000003.1 Devosia sp. ZW T5_3 ZW_T5_3_contig_003, whole genome shotgun sequence	Unknown	other_c0.5_famFAM_00442	0.5
NZ_BSNG01000001.1.region002.gbk_region_2	NZ_BSNG01000001.1.region002	region	2	876	FAM_00442	other	Unknown	betalactone	other	NZ_BSNG01000001.1 Devosia yakushimensis strain NBRC 103855 sequence01, whole genome shotgun sequence	Unknown	other_c0.5_famFAM_00442	0.5
NZ_JAQGJM010000009.1.region001.gbk_region_1	NZ_JAQGJM010000009.1.region001	region	1	876	FAM_00442	other	Unknown	betalactone	other	NZ_JAQGJM010000009.1 MAG: Devosia sp. isolate RYN_485 scaffold_227217, whole genome shotgun sequence	Unknown	other_c0.5_famFAM_00442	0.5
NZ_JNNO01000023.1.region001.gbk_region_1	NZ_JNNO01000023.1.region001	region	1	876	FAM_00442	other	Unknown	betalactone	other	NZ_JNNO01000023.1 Devosia sp. LC5 contig3, whole genome shotgun sequence	Unknown	other_c0.5_famFAM_00442	0.5
NZ_FOMB01000007.1.region001.gbk_region_1	NZ_FOMB01000007.1.region001	region	1	876	FAM_00442	other	Unknown	betalactone	other	NZ_FOMB01000007.1 Devosia psychrophila strain CGMCC 1.10210, whole genome shotgun sequence	Unknown	other_c0.5_famFAM_00442	0.5
NZ_JAQGJV010000082.1.region001.gbk_region_1	NZ_JAQGJV010000082.1.region001	region	1	876	FAM_00443	other	Unknown	betalactone	other	NZ_JAQGJV010000082.1 MAG: Devosia sp. isolate RYN_494 scaffold_251191, whole genome shotgun sequence	Unknown	other_c0.5_famFAM_00443	0.5
NZ_FOFL01000002.1.region001.gbk_region_1	NZ_FOFL01000002.1.region001	region	1	876	FAM_00443	other	Unknown	betalactone	other	NZ_FOFL01000002.1 Devosia sp. YR412, whole genome shotgun sequence	Unknown	other_c0.5_famFAM_00443	0.5
NZ_JBEPOL010000004.1.region001.gbk_region_1	NZ_JBEPOL010000004.1.region001	region	1	876	FAM_00443	other	Unknown	betalactone	other	NZ_JBEPOL010000004.1 Devosia sp. UYZn731 Ga0493902_04, whole genome shotgun sequence	Unknown	other_c0.5_famFAM_00443	0.5
NZ_CP068047.1.region002.gbk_region_2	NZ_CP068047.1.region002	region	2	876	FAM_00443	other	Unknown	betalactone	other	NZ_CP068047.1 Devosia oryziradicis strain G19 chromosome	Unknown	other_c0.5_famFAM_00443	0.5
NZ_JBVKGV010000043.1.region001.gbk_region_1	NZ_JBVKGV010000043.1.region001	region	1	1047	FAM_00444	other	Unknown	hserlactone	other	NZ_JBVKGV010000043.1 MAG: Devosia sp. isolate ML34-006-05 ML34_006_NODE_920_length_25440_cov_2.136373, whole genome shotgun sequence	Unknown	other_c0.5_famFAM_00444	0.5
NZ_JBEPOL010000012.1.region001.gbk_region_1	NZ_JBEPOL010000012.1.region001	region	1	1047	FAM_00444	other	Unknown	hserlactone	other	NZ_JBEPOL010000012.1 Devosia sp. UYZn731 Ga0493902_12, whole genome shotgun sequence	Unknown	other_c0.5_famFAM_00444	0.5
NZ_JBTSEP010000004.1.region001.gbk_region_1	NZ_JBTSEP010000004.1.region001	region	1	1047	FAM_00444	other	Unknown	hserlactone	other	NZ_JBTSEP010000004.1 MAG: Devosia sp. isolate ML34-012-05 ML34_012_NODE_48_length_147816_cov_8.746420, whole genome shotgun sequence	Unknown	other_c0.5_famFAM_00444	0.5
NZ_CP104964.1.region001.gbk_region_1	NZ_CP104964.1.region001	region	1	1047	FAM_00444	other	Unknown	hserlactone	other	NZ_CP104964.1 Devosia neptuniae strain A18/4-1 plasmid p_unnamed1, complete sequence	Unknown	other_c0.5_famFAM_00444	0.5
NZ_CP170084.1.region001.gbk_region_1	NZ_CP170084.1.region001	region	1	1047	FAM_00444	other	Unknown	hserlactone	other	NZ_CP170084.1 Devosia sp. Naph2 plasmid unnamed2, complete sequence	Unknown	other_c0.5_famFAM_00444	0.5
NZ_CP170085.1.region001.gbk_region_1	NZ_CP170085.1.region001	region	1	1047	FAM_00444	other	Unknown	hserlactone	other	NZ_CP170085.1 Devosia sp. Naph2 plasmid unnamed3, complete sequence	Unknown	other_c0.5_famFAM_00444	0.5
NZ_JAVKFR010000033.1.region001.gbk_region_1	NZ_JAVKFR010000033.1.region001	region	1	1047	FAM_00444	other	Unknown	hserlactone	other	NZ_JAVKFR010000033.1 MAG: Devosia marina isolate F1-TOW-06 k141_74518, whole genome shotgun sequence	Unknown	other_c0.5_famFAM_00444	0.5
NZ_FQVC01000014.1.region001.gbk_region_1	NZ_FQVC01000014.1.region001	region	1	1047	FAM_00445	other	Unknown	hserlactone	other	NZ_FQVC01000014.1 Devosia limi DSM 17137, whole genome shotgun sequence	Unknown	other_c0.5_famFAM_00445	0.5
NZ_JAPWHK010000012.1.region001.gbk_region_1	NZ_JAPWHK010000012.1.region001	region	1	1047	FAM_00445	other	Unknown	hserlactone	other	NZ_JAPWHK010000012.1 Devosia neptuniae strain G21611-S1 NODE_12_length_122917_cov_11.4053, whole genome shotgun sequence	Unknown	other_c0.5_famFAM_00445	0.5
NZ_JBTMWV010000039.1.region001.gbk_region_1	NZ_JBTMWV010000039.1.region001	region	1	1047	FAM_00445	other	Unknown	hserlactone	other	NZ_JBTMWV010000039.1 Devosia sp. A369 Scaffold39, whole genome shotgun sequence	Unknown	other_c0.5_famFAM_00445	0.5
NZ_FOMB01000021.1.region001.gbk_region_1	NZ_FOMB01000021.1.region001	region	1	1047	FAM_00445	other	Unknown	hserlactone	other	NZ_FOMB01000021.1 Devosia psychrophila strain CGMCC 1.10210, whole genome shotgun sequence	Unknown	other_c0.5_famFAM_00445	0.5
NZ_JAVKFR010000033.1.region002.gbk_region_2	NZ_JAVKFR010000033.1.region002	region	2	1047	FAM_00445	other	Unknown	hserlactone	other	NZ_JAVKFR010000033.1 MAG: Devosia marina isolate F1-TOW-06 k141_74518, whole genome shotgun sequence	Unknown	other_c0.5_famFAM_00445	0.5
NZ_JQGC01000048.1.region001.gbk_region_1	NZ_JQGC01000048.1.region001	region	1	1047	FAM_00445	other	Unknown	hserlactone	other	NZ_JQGC01000048.1 Devosia riboflavina strain IFO13584 contig48, whole genome shotgun sequence	Unknown	other_c0.5_famFAM_00445	0.5
NZ_LAJF01000040.1.region001.gbk_region_1	NZ_LAJF01000040.1.region001	region	1	1047	FAM_00445	other	Unknown	hserlactone	other	NZ_LAJF01000040.1 Devosia limi DSM 17137 NODE_40, whole genome shotgun sequence	Unknown	other_c0.5_famFAM_00445	0.5
NZ_MKVA01000005.1.region001.gbk_region_1	NZ_MKVA01000005.1.region001	region	1	1436	FAM_00446	other	Unknown	betalactone	other	NZ_MKVA01000005.1 MAG: Devosia sp. 67-54 SCNpilot_cont_1000_bf_scaffold_3, whole genome shotgun sequence	Unknown	other_c0.5_famFAM_00446	0.5
NZ_JAFKHC010000003.1.region001.gbk_region_1	NZ_JAFKHC010000003.1.region001	region	1	1436	FAM_00446	other	Unknown	betalactone	other	NZ_JAFKHC010000003.1 MAG: Devosia sp. isolate SCN18_26_2_15_R2_B_67_34 SCN18_26_2_15_R2_B_scaffold_2, whole genome shotgun sequence	Unknown	other_c0.5_famFAM_00446	0.5
NZ_CP042304.1.region001.gbk_region_1	NZ_CP042304.1.region001	region	1	1848	FAM_00447	other	Unknown	hydrogen-cyanide	other	NZ_CP042304.1 Devosia ginsengisoli strain Gsoil 520 chromosome, complete genome	Unknown	other_c0.5_famFAM_00447	0.5
NZ_JAMZCU010000002.1.region002.gbk_region_2	NZ_JAMZCU010000002.1.region002	region	2	1848	FAM_00447	other	Unknown	hydrogen-cyanide	other	NZ_JAMZCU010000002.1 Devosia ureilytica strain XJ19-1 Scaffold2, whole genome shotgun sequence	Unknown	other_c0.5_famFAM_00447	0.5
NZ_LMGZ01000004.1.region001.gbk_region_1	NZ_LMGZ01000004.1.region001	region	1	1848	FAM_00447	other	Unknown	hydrogen-cyanide	other	NZ_LMGZ01000004.1 Devosia sp. Root635 contig_12, whole genome shotgun sequence	Unknown	other_c0.5_famFAM_00447	0.5
NZ_LMEM01000015.1.region001.gbk_region_1	NZ_LMEM01000015.1.region001	region	1	1848	FAM_00447	other	Unknown	hydrogen-cyanide	other	NZ_LMEM01000015.1 Devosia sp. Root436 contig_8, whole genome shotgun sequence	Unknown	other_c0.5_famFAM_00447	0.5
NZ_JANQAJ010000011.1.region002.gbk_region_2	NZ_JANQAJ010000011.1.region002	region	2	1848	FAM_00447	other	Unknown	hydrogen-cyanide	other	NZ_JANQAJ010000011.1 MAG: Devosia ginsengisoli isolate 46_gen_w_cov.5 c262, whole genome shotgun sequence	Unknown	other_c0.5_famFAM_00447	0.5
NZ_JAMWDU010000002.1.region001.gbk_region_1	NZ_JAMWDU010000002.1.region001	region	1	1848	FAM_00447	other	Unknown	hydrogen-cyanide	other	NZ_JAMWDU010000002.1 Devosia ureilytica strain XJ19-45 Scaffold2, whole genome shotgun sequence	Unknown	other_c0.5_famFAM_00447	0.5
NZ_JBHLYO010000011.1.region001.gbk_region_1	NZ_JBHLYO010000011.1.region001	region	1	1919	FAM_00448	other	Unknown	hserlactone	other	NZ_JBHLYO010000011.1 Devosia nitrariae strain NBRC 112416 platanus_K_default_11, whole genome shotgun sequence	Unknown	other_c0.5_famFAM_00448	0.5
NZ_BSNS01000002.1.region001.gbk_region_1	NZ_BSNS01000002.1.region001	region	1	1919	FAM_00448	other	Unknown	hserlactone	other	NZ_BSNS01000002.1 Devosia nitrariae strain NBRC 112416 sequence02, whole genome shotgun sequence	Unknown	other_c0.5_famFAM_00448	0.5
NZ_MKVA01000006.1.region001.gbk_region_1	NZ_MKVA01000006.1.region001	region	1	2037	FAM_00449	other	Unknown	hydrogen-cyanide	other	NZ_MKVA01000006.1 MAG: Devosia sp. 67-54 SCNpilot_cont_1000_bf_scaffold_34, whole genome shotgun sequence	Unknown	other_c0.5_famFAM_00449	0.5
NZ_JAFKHC010000009.1.region001.gbk_region_1	NZ_JAFKHC010000009.1.region001	region	1	2037	FAM_00449	other	Unknown	hydrogen-cyanide	other	NZ_JAFKHC010000009.1 MAG: Devosia sp. isolate SCN18_26_2_15_R2_B_67_34 SCN18_26_2_15_R2_B_scaffold_40, whole genome shotgun sequence	Unknown	other_c0.5_famFAM_00449	0.5
NZ_LAJF01000076.1.region002.gbk_region_2	NZ_LAJF01000076.1.region002	region	2	3437	FAM_00450	other	Unknown	hydrogen-cyanide	other	NZ_LAJF01000076.1 Devosia limi DSM 17137 NODE_76, whole genome shotgun sequence	Unknown	other_c0.5_famFAM_00450	0.5
NZ_JBTMWU010000004.1.region002.gbk_region_2	NZ_JBTMWU010000004.1.region002	region	2	3437	FAM_00450	other	Unknown	hydrogen-cyanide	other	NZ_JBTMWU010000004.1 Devosia sp. A449 Scaffold4, whole genome shotgun sequence	Unknown	other_c0.5_famFAM_00450	0.5
NZ_JBTMWV010000004.1.region001.gbk_region_1	NZ_JBTMWV010000004.1.region001	region	1	3437	FAM_00450	other	Unknown	hydrogen-cyanide	other	NZ_JBTMWV010000004.1 Devosia sp. A369 Scaffold4, whole genome shotgun sequence	Unknown	other_c0.5_famFAM_00450	0.5
NZ_FQVC01000010.1.region001.gbk_region_1	NZ_FQVC01000010.1.region001	region	1	3437	FAM_00450	other	Unknown	hydrogen-cyanide	other	NZ_FQVC01000010.1 Devosia limi DSM 17137, whole genome shotgun sequence	Unknown	other_c0.5_famFAM_00450	0.5
NZ_JBHUNP010000001.1.region002.gbk_region_2	NZ_JBHUNP010000001.1.region002	region	2	4017	FAM_00451	other	Unknown	hydrogen-cyanide	other	NZ_JBHUNP010000001.1 Devosia albogilva strain CCM 7427 tig00000001, whole genome shotgun sequence	Unknown	other_c0.5_famFAM_00451	0.5
NZ_JAFKHC010000005.1.region001.gbk_region_1	NZ_JAFKHC010000005.1.region001	region	1	4017	FAM_00451	other	Unknown	hydrogen-cyanide	other	NZ_JAFKHC010000005.1 MAG: Devosia sp. isolate SCN18_26_2_15_R2_B_67_34 SCN18_26_2_15_R2_B_scaffold_15, whole genome shotgun sequence	Unknown	other_c0.5_famFAM_00451	0.5
NZ_MKVA01000003.1.region001.gbk_region_1	NZ_MKVA01000003.1.region001	region	1	4017	FAM_00451	other	Unknown	hydrogen-cyanide	other	NZ_MKVA01000003.1 MAG: Devosia sp. 67-54 SCNpilot_cont_1000_bf_scaffold_18, whole genome shotgun sequence	Unknown	other_c0.5_famFAM_00451	0.5
NZ_BSNS01000007.1.region002.gbk_region_2	NZ_BSNS01000007.1.region002	region	2	4624	FAM_00452	other	Unknown	acyl_amino_acids	other	NZ_BSNS01000007.1 Devosia nitrariae strain NBRC 112416 sequence07, whole genome shotgun sequence	Unknown	other_c0.5_famFAM_00452	0.5
NZ_JBHLYO010000012.1.region001.gbk_region_1	NZ_JBHLYO010000012.1.region001	region	1	4624	FAM_00452	other	Unknown	acyl_amino_acids	other	NZ_JBHLYO010000012.1 Devosia nitrariae strain NBRC 112416 platanus_K_default_12, whole genome shotgun sequence	Unknown	other_c0.5_famFAM_00452	0.5
NZ_JBTLRJ010000003.1.region002.gbk_region_2	NZ_JBTLRJ010000003.1.region002	region	2	1995	FAM_00453	other	Unknown	hserlactone	other	NZ_JBTLRJ010000003.1 Devosia sp. CAU 1758 contig3, whole genome shotgun sequence	Unknown	other_c0.5_famFAM_00453	0.5
NZ_JAQGJV010000048.1.region001.gbk_region_1	NZ_JAQGJV010000048.1.region001	region	1	2095	FAM_00454	other	Unknown	hserlactone	other	NZ_JAQGJV010000048.1 MAG: Devosia sp. isolate RYN_494 scaffold_3063531, whole genome shotgun sequence	Unknown	other_c0.5_famFAM_00454	0.5
NZ_CP092483.1.region002.gbk_region_2	NZ_CP092483.1.region002	region	2	3454	FAM_00455	other	Unknown	hserlactone	other	NZ_CP092483.1 Devosia lacusdianchii strain JXJ CY 41 chromosome	Unknown	other_c0.5_famFAM_00455	0.5
NZ_JQGC01000025.1.region001.gbk_region_1	NZ_JQGC01000025.1.region001	region	1	3807	FAM_00456	other	Unknown	hserlactone	other	NZ_JQGC01000025.1 Devosia riboflavina strain IFO13584 contig25, whole genome shotgun sequence	Unknown	other_c0.5_famFAM_00456	0.5
NZ_BMZE01000002.1.region001.gbk_region_1	NZ_BMZE01000002.1.region001	region	1	4149	FAM_00457	other	Unknown	hserlactone	other	NZ_BMZE01000002.1 Devosia pacifica strain KCTC 32437 sequence2, whole genome shotgun sequence	Unknown	other_c0.5_famFAM_00457	0.5
NZ_CP045422.1.region001.gbk_region_1	NZ_CP045422.1.region001	region	1	4640	FAM_00458	other	Unknown	hydrogen-cyanide	other	NZ_CP045422.1 Devosia beringensis strain S02 chromosome, complete genome	Unknown	other_c0.5_famFAM_00458	0.5
NZ_CP126539.1.region004.gbk_region_4	NZ_CP126539.1.region004	region	4	4880	FAM_00459	other	Unknown	acyl_amino_acids	other	NZ_CP126539.1 Devosia rhizosphaerae strain RR2S18 chromosome, complete genome	Unknown	other_c0.5_famFAM_00459	0.5
NZ_JBEPOL010000008.1.region001.gbk_region_1	NZ_JBEPOL010000008.1.region001	region	1	5240	FAM_00460	other	Unknown	hserlactone	other	NZ_JBEPOL010000008.1 Devosia sp. UYZn731 Ga0493902_08, whole genome shotgun sequence	Unknown	other_c0.5_famFAM_00460	0.5
NZ_JBLXGA010000002.1.region001.gbk_region_1	NZ_JBLXGA010000002.1.region001	region	1	5383	FAM_00461	other	Unknown	hydrogen-cyanide	other	NZ_JBLXGA010000002.1 MAG: Devosia sp. isolate ET04-05 T04maxbin_out.008RE.5K@2, whole genome shotgun sequence	Unknown	other_c0.5_famFAM_00461	0.5
NZ_JAFKHE010000012.1.region001.gbk_region_1	NZ_JAFKHE010000012.1.region001	region	1	5771	FAM_00462	other	Unknown	betalactone	other	NZ_JAFKHE010000012.1 MAG: Devosia sp. isolate SCN18_30_10_14_R3_P_66_71 SCN18_30_10_14_R3_P_scaffold_36, whole genome shotgun sequence	Unknown	other_c0.5_famFAM_00462	0.5
NZ_JBLXGA010000009.1.region001.gbk_region_1	NZ_JBLXGA010000009.1.region001	region	1	6635	FAM_00463	other	Unknown	betalactone	other	NZ_JBLXGA010000009.1 MAG: Devosia sp. isolate ET04-05 T04maxbin_out.008RE.5K@9, whole genome shotgun sequence	Unknown	other_c0.5_famFAM_00463	0.5
NZ_JQGC01000006.1.region001.gbk_region_1	NZ_JQGC01000006.1.region001	region	1	10167	FAM_00464	other	Unknown	hserlactone	other	NZ_JQGC01000006.1 Devosia riboflavina strain IFO13584 contig6, whole genome shotgun sequence	Unknown	other_c0.5_famFAM_00464	0.5
NZ_JZEY01000054.1.region001.gbk_region_1	NZ_JZEY01000054.1.region001	region	1	10460	FAM_00465	other	Unknown	hserlactone	other	NZ_JZEY01000054.1 Devosia chinhatensis strain IPL18 NODE_54, whole genome shotgun sequence	Unknown	other_c0.5_famFAM_00465	0.5
NZ_JANQAJ010000006.1.region001.gbk_region_1	NZ_JANQAJ010000006.1.region001	region	1	11110	FAM_00466	other	Unknown	hserlactone	other	NZ_JANQAJ010000006.1 MAG: Devosia ginsengisoli isolate 46_gen_w_cov.5 c86, whole genome shotgun sequence	Unknown	other_c0.5_famFAM_00466	0.5
NZ_CP034767.1.region006.gbk_region_6	NZ_CP034767.1.region006	region	6	11952	FAM_00467	other	Unknown	hydrogen-cyanide	other	NZ_CP034767.1 Devosia sp. 1566 chromosome, complete genome	Unknown	other_c0.5_famFAM_00467	0.5
NZ_CM147875.1.region004.gbk_region_4	NZ_CM147875.1.region004	region	4	12082	FAM_00468	other	Unknown	betalactone	other	NZ_CM147875.1 Devosia sp. J20-27 chromosome, whole genome shotgun sequence	Unknown	other_c0.5_famFAM_00468	0.5
NZ_CP075529.1.region002.gbk_region_2	NZ_CP075529.1.region002	region	2	12597	FAM_00469	other	Unknown	phosphonate	other	NZ_CP075529.1 MAG: Devosia sp. isolate TGS_PRO11 chromosome	Unknown	other_c0.5_famFAM_00469	0.5
NZ_JBXAPX010000004.1.region001.gbk_region_1	NZ_JBXAPX010000004.1.region001	region	1	63	FAM_00060	RiPP	Unknown	thioamitides	RiPP	NZ_JBXAPX010000004.1 Devosia sp. GW821-FHT12F11 NODE_4_length_517482_cov_53.795218, whole genome shotgun sequence	Unknown	RiPP_c0.5_famFAM_00060	0.5
NZ_LMEA01000011.1.region001.gbk_region_1	NZ_LMEA01000011.1.region001	region	1	63	FAM_00060	RiPP	Unknown	thioamitides	RiPP	NZ_LMEA01000011.1 Devosia sp. Root413D1 contig_6, whole genome shotgun sequence	Unknown	RiPP_c0.5_famFAM_00060	0.5
NZ_LMCR01000016.1.region001.gbk_region_1	NZ_LMCR01000016.1.region001	region	1	63	FAM_00060	RiPP	Unknown	thioamitides	RiPP	NZ_LMCR01000016.1 Devosia sp. Root105 contig_4, whole genome shotgun sequence	Unknown	RiPP_c0.5_famFAM_00060	0.5
NZ_CP012945.1.region005.gbk_region_5	NZ_CP012945.1.region005	region	5	63	FAM_00060	RiPP	Unknown	thioamitides	RiPP	NZ_CP012945.1 Devosia sp. A16 chromosome, complete genome	Unknown	RiPP_c0.5_famFAM_00060	0.5
NZ_CAXUPH020000003.1.region001.gbk_region_1	NZ_CAXUPH020000003.1.region001	region	1	63	FAM_00060	RiPP	Unknown	thioamitides	RiPP	NZ_CAXUPH020000003.1 Devosia sp. LjRoot16 LJR016c3, whole genome shotgun sequence	Unknown	RiPP_c0.5_famFAM_00060	0.5
NZ_CP104965.1.region001.gbk_region_1	NZ_CP104965.1.region001	region	1	72	FAM_00061	RiPP	Unknown	redox-cofactor	RiPP	NZ_CP104965.1 Devosia neptuniae strain A18/4-1 chromosome, complete genome	Unknown	RiPP_c0.5_famFAM_00061	0.5
NZ_JBJDRE010000010.1.region001.gbk_region_1	NZ_JBJDRE010000010.1.region001	region	1	72	FAM_00061	RiPP	Unknown	redox-cofactor	RiPP	NZ_JBJDRE010000010.1 Devosia sp. ZW T5_3 ZW_T5_3_contig_010, whole genome shotgun sequence	Unknown	RiPP_c0.5_famFAM_00061	0.5
NZ_JNNO01000016.1.region001.gbk_region_1	NZ_JNNO01000016.1.region001	region	1	72	FAM_00061	RiPP	Unknown	redox-cofactor	RiPP	NZ_JNNO01000016.1 Devosia sp. LC5 contig23, whole genome shotgun sequence	Unknown	RiPP_c0.5_famFAM_00061	0.5
NZ_BSNG01000003.1.region001.gbk_region_1	NZ_BSNG01000003.1.region001	region	1	72	FAM_00061	RiPP	Unknown	redox-cofactor	RiPP	NZ_BSNG01000003.1 Devosia yakushimensis strain NBRC 103855 sequence03, whole genome shotgun sequence	Unknown	RiPP_c0.5_famFAM_00061	0.5
NZ_JBTLRJ010000002.1.region002.gbk_region_2	NZ_JBTLRJ010000002.1.region002	region	2	90	FAM_00062	RiPP	Unknown	RiPP-like	RiPP	NZ_JBTLRJ010000002.1 Devosia sp. CAU 1758 contig2, whole genome shotgun sequence	Unknown	RiPP_c0.5_famFAM_00062	0.5
NZ_CP026747.1.region001.gbk_region_1	NZ_CP026747.1.region001	region	1	90	FAM_00062	RiPP	Unknown	RiPP-like	RiPP	NZ_CP026747.1 Devosia sp. I507 chromosome, complete genome	Unknown	RiPP_c0.5_famFAM_00062	0.5
NZ_CP080590.1.region002.gbk_region_2	NZ_CP080590.1.region002	region	2	90	FAM_00062	RiPP	Unknown	RiPP-like	RiPP	NZ_CP080590.1 Devosia salina strain SCS-3 chromosome, complete genome	Unknown	RiPP_c0.5_famFAM_00062	0.5
NZ_JAMWDU010000006.1.region001.gbk_region_1	NZ_JAMWDU010000006.1.region001	region	1	90	FAM_00062	RiPP	Unknown	RiPP-like	RiPP	NZ_JAMWDU010000006.1 Devosia ureilytica strain XJ19-45 Scaffold6, whole genome shotgun sequence	Unknown	RiPP_c0.5_famFAM_00062	0.5
NZ_CP170082.1.region007.gbk_region_7	NZ_CP170082.1.region007	region	7	90	FAM_00062	RiPP	Unknown	RiPP-like	RiPP	NZ_CP170082.1 Devosia sp. Naph2 chromosome, complete genome	Unknown	RiPP_c0.5_famFAM_00062	0.5
NZ_WQRF01000010.1.region001.gbk_region_1	NZ_WQRF01000010.1.region001	region	1	90	FAM_00062	RiPP	Unknown	RiPP-like	RiPP	NZ_WQRF01000010.1 Devosia marina strain L53-10-65 NODE_10_length_77047_cov_53.918155, whole genome shotgun sequence	Unknown	RiPP_c0.5_famFAM_00062	0.5
NZ_JAVKFR010000034.1.region001.gbk_region_1	NZ_JAVKFR010000034.1.region001	region	1	90	FAM_00062	RiPP	Unknown	RiPP-like	RiPP	NZ_JAVKFR010000034.1 MAG: Devosia marina isolate F1-TOW-06 k141_64042, whole genome shotgun sequence	Unknown	RiPP_c0.5_famFAM_00062	0.5
NZ_CP146608.1.region003.gbk_region_3	NZ_CP146608.1.region003	region	3	90	FAM_00062	RiPP	Unknown	RiPP-like	RiPP	NZ_CP146608.1 Devosia sp. XK-2 chromosome, complete genome	Unknown	RiPP_c0.5_famFAM_00062	0.5
NZ_JACIEW010000012.1.region001.gbk_region_1	NZ_JACIEW010000012.1.region001	region	1	90	FAM_00062	RiPP	Unknown	RiPP-like	RiPP	NZ_JACIEW010000012.1 Devosia subaequoris strain DSM 23447 Ga0373328_12, whole genome shotgun sequence	Unknown	RiPP_c0.5_famFAM_00062	0.5
NZ_JAMYXP010000014.1.region001.gbk_region_1	NZ_JAMYXP010000014.1.region001	region	1	90	FAM_00062	RiPP	Unknown	RiPP-like	RiPP	NZ_JAMYXP010000014.1 Devosia subaequoris strain HST3-14 Scaffold14, whole genome shotgun sequence	Unknown	RiPP_c0.5_famFAM_00062	0.5
NZ_JAMZCU010000008.1.region001.gbk_region_1	NZ_JAMZCU010000008.1.region001	region	1	90	FAM_00062	RiPP	Unknown	RiPP-like	RiPP	NZ_JAMZCU010000008.1 Devosia ureilytica strain XJ19-1 Scaffold8, whole genome shotgun sequence	Unknown	RiPP_c0.5_famFAM_00062	0.5
NZ_PYVZ01000013.1.region001.gbk_region_1	NZ_PYVZ01000013.1.region001	region	1	90	FAM_00062	RiPP	Unknown	RiPP-like	RiPP	NZ_PYVZ01000013.1 Devosia indica strain IO390501 scaffold13, whole genome shotgun sequence	Unknown	RiPP_c0.5_famFAM_00062	0.5
NZ_JBTSEP010000009.1.region001.gbk_region_1	NZ_JBTSEP010000009.1.region001	region	1	145	FAM_00063	RiPP	Unknown	RiPP-like	RiPP	NZ_JBTSEP010000009.1 MAG: Devosia sp. isolate ML34-012-05 ML34_012_NODE_93_length_98378_cov_7.821071, whole genome shotgun sequence	Unknown	RiPP_c0.5_famFAM_00063	0.5
NZ_JBVKGV010000020.1.region001.gbk_region_1	NZ_JBVKGV010000020.1.region001	region	1	145	FAM_00063	RiPP	Unknown	RiPP-like	RiPP	NZ_JBVKGV010000020.1 MAG: Devosia sp. isolate ML34-006-05 ML34_006_NODE_270_length_57401_cov_2.738730, whole genome shotgun sequence	Unknown	RiPP_c0.5_famFAM_00063	0.5
NZ_CP170082.1.region004.gbk_region_4	NZ_CP170082.1.region004	region	4	258	FAM_00065	RiPP	Unknown	RRE-containing.lassopeptide	RiPP	NZ_CP170082.1 Devosia sp. Naph2 chromosome, complete genome	Unknown	RiPP_c0.5_famFAM_00065	0.5
NZ_JBHTMH010000001.1.region003.gbk_region_3	NZ_JBHTMH010000001.1.region003	region	3	365	FAM_00069	RiPP	Unknown	thioamitides	RiPP	NZ_JBHTMH010000001.1 Devosia equisanguinis strain CCM 8868 GCM70027366_15, whole genome shotgun sequence	Unknown	RiPP_c0.5_famFAM_00069	0.5
NZ_UZWD01000029.1.region001.gbk_region_1	NZ_UZWD01000029.1.region001	region	1	365	FAM_00069	RiPP	Unknown	thioamitides	RiPP	NZ_UZWD01000029.1 Devosia equisanguinis strain CIP 111628, whole genome shotgun sequence	Unknown	RiPP_c0.5_famFAM_00069	0.5
NZ_MKUY01000005.1.region001.gbk_region_1	NZ_MKUY01000005.1.region001	region	1	365	FAM_00069	RiPP	Unknown	thioamitides	RiPP	NZ_MKUY01000005.1 MAG: Devosia sp. 63-57 SCNpilot_expt_1000_bf_scaffold_3, whole genome shotgun sequence	Unknown	RiPP_c0.5_famFAM_00069	0.5
NZ_JBTSEP010000003.1.region001.gbk_region_1	NZ_JBTSEP010000003.1.region001	region	1	636	FAM_00070	RiPP	Unknown	thioamitides	RiPP	NZ_JBTSEP010000003.1 MAG: Devosia sp. isolate ML34-012-05 ML34_012_NODE_45_length_152938_cov_7.526592, whole genome shotgun sequence	Unknown	RiPP_c0.5_famFAM_00070	0.5
NZ_JBVKGV010000033.1.region001.gbk_region_1	NZ_JBVKGV010000033.1.region001	region	1	636	FAM_00070	RiPP	Unknown	thioamitides	RiPP	NZ_JBVKGV010000033.1 MAG: Devosia sp. isolate ML34-006-05 ML34_006_NODE_583_length_35475_cov_2.597827, whole genome shotgun sequence	Unknown	RiPP_c0.5_famFAM_00070	0.5
NZ_BSNS01000020.1.region001.gbk_region_1	NZ_BSNS01000020.1.region001	region	1	1098	FAM_00071	RiPP	Unknown	RiPP-like	RiPP	NZ_BSNS01000020.1 Devosia nitrariae strain NBRC 112416 sequence20, whole genome shotgun sequence	Unknown	RiPP_c0.5_famFAM_00071	0.5
NZ_JBHLYO010000020.1.region001.gbk_region_1	NZ_JBHLYO010000020.1.region001	region	1	1098	FAM_00071	RiPP	Unknown	RiPP-like	RiPP	NZ_JBHLYO010000020.1 Devosia nitrariae strain NBRC 112416 platanus_K_default_20, whole genome shotgun sequence	Unknown	RiPP_c0.5_famFAM_00071	0.5
NZ_JBHLYO010000004.1.region001.gbk_region_1	NZ_JBHLYO010000004.1.region001	region	1	1131	FAM_00072	RiPP	Unknown	LAP	RiPP	NZ_JBHLYO010000004.1 Devosia nitrariae strain NBRC 112416 platanus_K_default_4, whole genome shotgun sequence	Unknown	RiPP_c0.5_famFAM_00072	0.5
NZ_BSNS01000007.1.region001.gbk_region_1	NZ_BSNS01000007.1.region001	region	1	1131	FAM_00072	RiPP	Unknown	LAP	RiPP	NZ_BSNS01000007.1 Devosia nitrariae strain NBRC 112416 sequence07, whole genome shotgun sequence	Unknown	RiPP_c0.5_famFAM_00072	0.5
NZ_JAEMNZ010000003.1.region001.gbk_region_1	NZ_JAEMNZ010000003.1.region001	region	1	1227	FAM_00073	RiPP	Unknown	RRE-containing	RiPP	NZ_JAEMNZ010000003.1 Devosia sp. MC532 Scaffold3_1, whole genome shotgun sequence	Unknown	RiPP_c0.5_famFAM_00073	0.5
NZ_JAEMEB010000005.1.region001.gbk_region_1	NZ_JAEMEB010000005.1.region001	region	1	1227	FAM_00073	RiPP	Unknown	RRE-containing	RiPP	NZ_JAEMEB010000005.1 Devosia sp. MC521 Scaffold5_1, whole genome shotgun sequence	Unknown	RiPP_c0.5_famFAM_00073	0.5
NZ_JAENGO010000005.1.region002.gbk_region_2	NZ_JAENGO010000005.1.region002	region	2	1227	FAM_00073	RiPP	Unknown	RRE-containing	RiPP	NZ_JAENGO010000005.1 Devosia sp. WQ 349K1 Scaffold4_1, whole genome shotgun sequence	Unknown	RiPP_c0.5_famFAM_00073	0.5
NZ_JABBDZ010000002.1.region001.gbk_region_1	NZ_JABBDZ010000002.1.region001	region	1	1227	FAM_00073	RiPP	Unknown	RRE-containing	RiPP	NZ_JABBDZ010000002.1 Devosia sp. MC1541 Scaffold2_1, whole genome shotgun sequence	Unknown	RiPP_c0.5_famFAM_00073	0.5
NZ_CP059902.1.region001.gbk_region_1	NZ_CP059902.1.region001	region	1	1227	FAM_00073	RiPP	Unknown	RRE-containing	RiPP	NZ_CP059902.1 Devosia sp. MC521 chromosome, complete genome	Unknown	RiPP_c0.5_famFAM_00073	0.5
NZ_LMEA01000010.1.region001.gbk_region_1	NZ_LMEA01000010.1.region001	region	1	1458	FAM_00074	RiPP	Unknown	redox-cofactor	RiPP	NZ_LMEA01000010.1 Devosia sp. Root413D1 contig_5, whole genome shotgun sequence	Unknown	RiPP_c0.5_famFAM_00074	0.5
NZ_CAXUPH020000005.1.region001.gbk_region_1	NZ_CAXUPH020000005.1.region001	region	1	1458	FAM_00074	RiPP	Unknown	redox-cofactor	RiPP	NZ_CAXUPH020000005.1 Devosia sp. LjRoot16 LJR016c5, whole genome shotgun sequence	Unknown	RiPP_c0.5_famFAM_00074	0.5
NZ_MKVB01000002.1.region001.gbk_region_1	NZ_MKVB01000002.1.region001	region	1	1458	FAM_00074	RiPP	Unknown	redox-cofactor	RiPP	NZ_MKVB01000002.1 MAG: Devosia sp. 66-14 SCNpilot_cont_300_bf_scaffold_147, whole genome shotgun sequence	Unknown	RiPP_c0.5_famFAM_00074	0.5
NZ_CP012945.1.region002.gbk_region_2	NZ_CP012945.1.region002	region	2	1458	FAM_00074	RiPP	Unknown	redox-cofactor	RiPP	NZ_CP012945.1 Devosia sp. A16 chromosome, complete genome	Unknown	RiPP_c0.5_famFAM_00074	0.5
NZ_LMCR01000017.1.region001.gbk_region_1	NZ_LMCR01000017.1.region001	region	1	1458	FAM_00074	RiPP	Unknown	redox-cofactor	RiPP	NZ_LMCR01000017.1 Devosia sp. Root105 contig_5, whole genome shotgun sequence	Unknown	RiPP_c0.5_famFAM_00074	0.5
NZ_JAFKHA010000012.1.region001.gbk_region_1	NZ_JAFKHA010000012.1.region001	region	1	1458	FAM_00074	RiPP	Unknown	redox-cofactor	RiPP	NZ_JAFKHA010000012.1 MAG: Devosia sp. isolate SCN18_30_10_14_R3_B_66_58 SCN18_30_10_14_R3_B_scaffold_19, whole genome shotgun sequence	Unknown	RiPP_c0.5_famFAM_00074	0.5
NZ_JBXAPX010000006.1.region001.gbk_region_1	NZ_JBXAPX010000006.1.region001	region	1	1458	FAM_00074	RiPP	Unknown	redox-cofactor	RiPP	NZ_JBXAPX010000006.1 Devosia sp. GW821-FHT12F11 NODE_6_length_419588_cov_59.036509, whole genome shotgun sequence	Unknown	RiPP_c0.5_famFAM_00074	0.5
NZ_JBHLYO010000010.1.region001.gbk_region_1	NZ_JBHLYO010000010.1.region001	region	1	1572	FAM_00075	RiPP	Unknown	RiPP-like	RiPP	NZ_JBHLYO010000010.1 Devosia nitrariae strain NBRC 112416 platanus_K_default_10, whole genome shotgun sequence	Unknown	RiPP_c0.5_famFAM_00075	0.5
NZ_BSNS01000011.1.region001.gbk_region_1	NZ_BSNS01000011.1.region001	region	1	1572	FAM_00075	RiPP	Unknown	RiPP-like	RiPP	NZ_BSNS01000011.1 Devosia nitrariae strain NBRC 112416 sequence11, whole genome shotgun sequence	Unknown	RiPP_c0.5_famFAM_00075	0.5
NZ_CP063401.1.region003.gbk_region_3	NZ_CP063401.1.region003	region	3	1691	FAM_00076	RiPP	Unknown	RRE-containing.lassopeptide	RiPP	NZ_CP063401.1 Devosia sp. SL43 chromosome, complete genome	Unknown	RiPP_c0.5_famFAM_00076	0.5
NZ_CP092483.1.region001.gbk_region_1	NZ_CP092483.1.region001	region	1	1691	FAM_00076	RiPP	Unknown	RRE-containing.lassopeptide	RiPP	NZ_CP092483.1 Devosia lacusdianchii strain JXJ CY 41 chromosome	Unknown	RiPP_c0.5_famFAM_00076	0.5
NZ_MKVB01000001.1.region002.gbk_region_2	NZ_MKVB01000001.1.region002	region	2	1716	FAM_00077	RiPP	Unknown	thioamitides	RiPP	NZ_MKVB01000001.1 MAG: Devosia sp. 66-14 SCNpilot_cont_300_bf_scaffold_127, whole genome shotgun sequence	Unknown	RiPP_c0.5_famFAM_00077	0.5
NZ_JAFKHA010000009.1.region002.gbk_region_2	NZ_JAFKHA010000009.1.region002	region	2	1716	FAM_00077	RiPP	Unknown	thioamitides	RiPP	NZ_JAFKHA010000009.1 MAG: Devosia sp. isolate SCN18_30_10_14_R3_B_66_58 SCN18_30_10_14_R3_B_scaffold_4, whole genome shotgun sequence	Unknown	RiPP_c0.5_famFAM_00077	0.5
NZ_CP012945.1.region001.gbk_region_1	NZ_CP012945.1.region001	region	1	1820	FAM_00078	RiPP	Unknown	thioamitides	RiPP	NZ_CP012945.1 Devosia sp. A16 chromosome, complete genome	Unknown	RiPP_c0.5_famFAM_00078	0.5
NZ_JAFKHA010000012.1.region002.gbk_region_2	NZ_JAFKHA010000012.1.region002	region	2	1820	FAM_00078	RiPP	Unknown	thioamitides	RiPP	NZ_JAFKHA010000012.1 MAG: Devosia sp. isolate SCN18_30_10_14_R3_B_66_58 SCN18_30_10_14_R3_B_scaffold_19, whole genome shotgun sequence	Unknown	RiPP_c0.5_famFAM_00078	0.5
NZ_CAXUPH020000005.1.region002.gbk_region_2	NZ_CAXUPH020000005.1.region002	region	2	1820	FAM_00078	RiPP	Unknown	thioamitides.thiopeptide	RiPP	NZ_CAXUPH020000005.1 Devosia sp. LjRoot16 LJR016c5, whole genome shotgun sequence	Unknown	RiPP_c0.5_famFAM_00078	0.5
NZ_LMCR01000017.1.region002.gbk_region_2	NZ_LMCR01000017.1.region002	region	2	1820	FAM_00078	RiPP	Unknown	thioamitides.thiopeptide	RiPP	NZ_LMCR01000017.1 Devosia sp. Root105 contig_5, whole genome shotgun sequence	Unknown	RiPP_c0.5_famFAM_00078	0.5
NZ_LMEA01000010.1.region002.gbk_region_2	NZ_LMEA01000010.1.region002	region	2	1820	FAM_00078	RiPP	Unknown	thioamitides.thiopeptide	RiPP	NZ_LMEA01000010.1 Devosia sp. Root413D1 contig_5, whole genome shotgun sequence	Unknown	RiPP_c0.5_famFAM_00078	0.5
NZ_JBXAPX010000006.1.region002.gbk_region_2	NZ_JBXAPX010000006.1.region002	region	2	1820	FAM_00078	RiPP	Unknown	thioamitides	RiPP	NZ_JBXAPX010000006.1 Devosia sp. GW821-FHT12F11 NODE_6_length_419588_cov_59.036509, whole genome shotgun sequence	Unknown	RiPP_c0.5_famFAM_00078	0.5
NZ_MKVB01000002.1.region002.gbk_region_2	NZ_MKVB01000002.1.region002	region	2	1820	FAM_00078	RiPP	Unknown	thioamitides	RiPP	NZ_MKVB01000002.1 MAG: Devosia sp. 66-14 SCNpilot_cont_300_bf_scaffold_147, whole genome shotgun sequence	Unknown	RiPP_c0.5_famFAM_00078	0.5
NZ_CM147870.1.region006.gbk_region_6	NZ_CM147870.1.region006	region	6	2237	FAM_00079	RiPP	Unknown	RiPP-like	RiPP	NZ_CM147870.1 Devosia sp. J2-20 chromosome, whole genome shotgun sequence	Unknown	RiPP_c0.5_famFAM_00079	0.5
NZ_JAGXTP010000002.1.region001.gbk_region_1	NZ_JAGXTP010000002.1.region001	region	1	2237	FAM_00079	RiPP	Unknown	RiPP-like	RiPP	NZ_JAGXTP010000002.1 Devosia litorisediminis strain BSSL-BM10 2, whole genome shotgun sequence	Unknown	RiPP_c0.5_famFAM_00079	0.5
NZ_JAPWHK010000006.1.region001.gbk_region_1	NZ_JAPWHK010000006.1.region001	region	1	2237	FAM_00079	RiPP	Unknown	RiPP-like	RiPP	NZ_JAPWHK010000006.1 Devosia neptuniae strain G21611-S1 NODE_6_length_281503_cov_131.454, whole genome shotgun sequence	Unknown	RiPP_c0.5_famFAM_00079	0.5
NZ_JBNMEO010000017.1.region001.gbk_region_1	NZ_JBNMEO010000017.1.region001	region	1	2237	FAM_00079	RiPP	Unknown	RiPP-like	RiPP	NZ_JBNMEO010000017.1 MAG: Devosia sp. isolate 3300055174_60 Ga0535679_0000215, whole genome shotgun sequence	Unknown	RiPP_c0.5_famFAM_00079	0.5
NZ_CP118245.1.region003.gbk_region_3	NZ_CP118245.1.region003	region	3	2237	FAM_00079	RiPP	Unknown	RiPP-like	RiPP	NZ_CP118245.1 Devosia sp. J2-20 chromosome	Unknown	RiPP_c0.5_famFAM_00079	0.5
NZ_JBDGIY010000001.1.region003.gbk_region_3	NZ_JBDGIY010000001.1.region003	region	3	2369	FAM_00080	RiPP	Unknown	redox-cofactor	RiPP	NZ_JBDGIY010000001.1 Devosia sp. Soil_C_22 NODE_1_length_3502528_cov_134.771868, whole genome shotgun sequence	Unknown	RiPP_c0.5_famFAM_00080	0.5
NZ_PYVW01000001.1.region001.gbk_region_1	NZ_PYVW01000001.1.region001	region	1	2369	FAM_00080	RiPP	Unknown	redox-cofactor	RiPP	NZ_PYVW01000001.1 Devosia naphthalenivorans strain CM5-1 scaffold1, whole genome shotgun sequence	Unknown	RiPP_c0.5_famFAM_00080	0.5
NZ_CAXUPH020000001.1.region001.gbk_region_1	NZ_CAXUPH020000001.1.region001	region	1	2410	FAM_00081	RiPP	Unknown	RRE-containing	RiPP	NZ_CAXUPH020000001.1 Devosia sp. LjRoot16 LJR016c1, whole genome shotgun sequence	Unknown	RiPP_c0.5_famFAM_00081	0.5
NZ_JAFKHA010000008.1.region001.gbk_region_1	NZ_JAFKHA010000008.1.region001	region	1	2410	FAM_00081	RiPP	Unknown	RRE-containing	RiPP	NZ_JAFKHA010000008.1 MAG: Devosia sp. isolate SCN18_30_10_14_R3_B_66_58 SCN18_30_10_14_R3_B_scaffold_1, whole genome shotgun sequence	Unknown	RiPP_c0.5_famFAM_00081	0.5
NZ_CP012945.1.region003.gbk_region_3	NZ_CP012945.1.region003	region	3	2410	FAM_00081	RiPP	Unknown	RRE-containing	RiPP	NZ_CP012945.1 Devosia sp. A16 chromosome, complete genome	Unknown	RiPP_c0.5_famFAM_00081	0.5
NZ_LMCR01000021.1.region001.gbk_region_1	NZ_LMCR01000021.1.region001	region	1	2410	FAM_00081	RiPP	Unknown	RRE-containing	RiPP	NZ_LMCR01000021.1 Devosia sp. Root105 contig_9, whole genome shotgun sequence	Unknown	RiPP_c0.5_famFAM_00081	0.5
NZ_JBXAPX010000002.1.region001.gbk_region_1	NZ_JBXAPX010000002.1.region001	region	1	2410	FAM_00081	RiPP	Unknown	RRE-containing	RiPP	NZ_JBXAPX010000002.1 Devosia sp. GW821-FHT12F11 NODE_2_length_929012_cov_60.894576, whole genome shotgun sequence	Unknown	RiPP_c0.5_famFAM_00081	0.5
NZ_MKVB01000006.1.region001.gbk_region_1	NZ_MKVB01000006.1.region001	region	1	2410	FAM_00081	RiPP	Unknown	RRE-containing	RiPP	NZ_MKVB01000006.1 MAG: Devosia sp. 66-14 SCNpilot_cont_300_bf_scaffold_172, whole genome shotgun sequence	Unknown	RiPP_c0.5_famFAM_00081	0.5
NZ_LMEA01000012.1.region001.gbk_region_1	NZ_LMEA01000012.1.region001	region	1	2410	FAM_00081	RiPP	Unknown	RRE-containing	RiPP	NZ_LMEA01000012.1 Devosia sp. Root413D1 contig_7, whole genome shotgun sequence	Unknown	RiPP_c0.5_famFAM_00081	0.5
NZ_CP034767.1.region001.gbk_region_1	NZ_CP034767.1.region001	region	1	2633	FAM_00082	RiPP	Unknown	RRE-containing.lassopeptide	RiPP	NZ_CP034767.1 Devosia sp. 1566 chromosome, complete genome	Unknown	RiPP_c0.5_famFAM_00082	0.5
NZ_JABAOL010000001.1.region002.gbk_region_2	NZ_JABAOL010000001.1.region002	region	2	2633	FAM_00082	RiPP	Unknown	RRE-containing.lassopeptide	RiPP	NZ_JABAOL010000001.1 Devosia sp. 919 Scaffold1_1, whole genome shotgun sequence	Unknown	RiPP_c0.5_famFAM_00082	0.5
NZ_JBYUNQ010000005.1.region001.gbk_region_1	NZ_JBYUNQ010000005.1.region001	region	1	2633	FAM_00082	RiPP	Unknown	RRE-containing.lassopeptide	RiPP	NZ_JBYUNQ010000005.1 Devosia sp. Z11_6 NODE_5_length_228390_cov_165.542129, whole genome shotgun sequence	Unknown	RiPP_c0.5_famFAM_00082	0.5
NZ_JABAOM010000005.1.region001.gbk_region_1	NZ_JABAOM010000005.1.region001	region	1	2633	FAM_00082	RiPP	Unknown	RRE-containing.lassopeptide	RiPP	NZ_JABAOM010000005.1 Devosia sp. 1635 Scaffold4_1, whole genome shotgun sequence	Unknown	RiPP_c0.5_famFAM_00082	0.5
NZ_JBYUNO010000001.1.region001.gbk_region_1	NZ_JBYUNO010000001.1.region001	region	1	2633	FAM_00082	RiPP	Unknown	RRE-containing.lassopeptide	RiPP	NZ_JBYUNO010000001.1 Devosia sp. Z6_126 NODE_1_length_1401190_cov_167.528294, whole genome shotgun sequence	Unknown	RiPP_c0.5_famFAM_00082	0.5
NZ_OZ245853.1.region001.gbk_region_1	NZ_OZ245853.1.region001	region	1	4113	FAM_00083	RiPP	Unknown	thioamitides	RiPP	NZ_OZ245853.1 MAG: Devosia sp. isolate 3d186a37-0bcd-4ac1-b259-f5c9590ee027 chromosome 1	Unknown	RiPP_c0.5_famFAM_00083	0.5
NZ_JAQRMY010000003.1.region001.gbk_region_1	NZ_JAQRMY010000003.1.region001	region	1	4113	FAM_00083	RiPP	Unknown	thioamitides	RiPP	NZ_JAQRMY010000003.1 Devosia sp. ZB163 scaffold_2, whole genome shotgun sequence	Unknown	RiPP_c0.5_famFAM_00083	0.5
NZ_JAFKHE010000031.1.region001.gbk_region_1	NZ_JAFKHE010000031.1.region001	region	1	4113	FAM_00083	RiPP	Unknown	thioamitides	RiPP	NZ_JAFKHE010000031.1 MAG: Devosia sp. isolate SCN18_30_10_14_R3_P_66_71 SCN18_30_10_14_R3_P_scaffold_280, whole genome shotgun sequence	Unknown	RiPP_c0.5_famFAM_00083	0.5
NZ_JAFKHA010000010.1.region001.gbk_region_1	NZ_JAFKHA010000010.1.region001	region	1	4858	FAM_00084	RiPP	Unknown	LAP	RiPP	NZ_JAFKHA010000010.1 MAG: Devosia sp. isolate SCN18_30_10_14_R3_B_66_58 SCN18_30_10_14_R3_B_scaffold_12, whole genome shotgun sequence	Unknown	RiPP_c0.5_famFAM_00084	0.5
NZ_MKVB01000003.1.region001.gbk_region_1	NZ_MKVB01000003.1.region001	region	1	4858	FAM_00084	RiPP	Unknown	LAP	RiPP	NZ_MKVB01000003.1 MAG: Devosia sp. 66-14 SCNpilot_cont_300_bf_scaffold_152, whole genome shotgun sequence	Unknown	RiPP_c0.5_famFAM_00084	0.5
NZ_JBFUCQ010000005.1.region001.gbk_region_1	NZ_JBFUCQ010000005.1.region001	region	1	4936	FAM_00085	RiPP	Unknown	thioamitides	RiPP	NZ_JBFUCQ010000005.1 Devosia sp. P1_H9 scaffold_4, whole genome shotgun sequence	Unknown	RiPP_c0.5_famFAM_00085	0.5
NZ_JBFUGO010000004.1.region001.gbk_region_1	NZ_JBFUGO010000004.1.region001	region	1	4936	FAM_00085	RiPP	Unknown	thioamitides	RiPP	NZ_JBFUGO010000004.1 Devosia sp. P3_B2 scaffold_3, whole genome shotgun sequence	Unknown	RiPP_c0.5_famFAM_00085	0.5
NZ_JBFUFI010000005.1.region001.gbk_region_1	NZ_JBFUFI010000005.1.region001	region	1	4936	FAM_00085	RiPP	Unknown	thioamitides	RiPP	NZ_JBFUFI010000005.1 Devosia sp. P2_G7 scaffold_4, whole genome shotgun sequence	Unknown	RiPP_c0.5_famFAM_00085	0.5
NZ_JAIMBX010000003.1.region001.gbk_region_1	NZ_JAIMBX010000003.1.region001	region	1	6109	FAM_00086	RiPP	Unknown	thioamitides	RiPP	NZ_JAIMBX010000003.1 Devosia sp. BK 9_Devo_3, whole genome shotgun sequence	Unknown	RiPP_c0.5_famFAM_00086	0.5
NZ_LMQU01000011.1.region002.gbk_region_2	NZ_LMQU01000011.1.region002	region	2	6109	FAM_00086	RiPP	Unknown	thioamitides	RiPP	NZ_LMQU01000011.1 Devosia sp. Leaf420 contig_4, whole genome shotgun sequence	Unknown	RiPP_c0.5_famFAM_00086	0.5
NZ_LMLO01000012.1.region002.gbk_region_2	NZ_LMLO01000012.1.region002	region	2	6109	FAM_00086	RiPP	Unknown	thioamitides	RiPP	NZ_LMLO01000012.1 Devosia sp. Leaf64 contig_2, whole genome shotgun sequence	Unknown	RiPP_c0.5_famFAM_00086	0.5
NZ_WQRF01000001.1.region001.gbk_region_1	NZ_WQRF01000001.1.region001	region	1	9557	FAM_00087	RiPP	Unknown	RiPP-like	RiPP	NZ_WQRF01000001.1 Devosia marina strain L53-10-65 NODE_1_length_1615214_cov_52.474690, whole genome shotgun sequence	Unknown	RiPP_c0.5_famFAM_00087	0.5
NZ_STGC01000005.1.region005.gbk_region_5	NZ_STGC01000005.1.region005	region	5	9557	FAM_00087	RiPP	Unknown	RiPP-like	RiPP	NZ_STGC01000005.1 Devosia sp. FKR38 NODE_14_length_2742056_cov_203.257278, whole genome shotgun sequence	Unknown	RiPP_c0.5_famFAM_00087	0.5
NZ_STGC01000005.1.region001.gbk_region_1	NZ_STGC01000005.1.region001	region	1	396	FAM_00088	RiPP	Unknown	RiPP-like	RiPP	NZ_STGC01000005.1 Devosia sp. FKR38 NODE_14_length_2742056_cov_203.257278, whole genome shotgun sequence	Unknown	RiPP_c0.5_famFAM_00088	0.5
NZ_JABBDZ010000004.1.region001.gbk_region_1	NZ_JABBDZ010000004.1.region001	region	1	1454	FAM_00089	RiPP	Unknown	RiPP-like	RiPP	NZ_JABBDZ010000004.1 Devosia sp. MC1541 Scaffold4_1, whole genome shotgun sequence	Unknown	RiPP_c0.5_famFAM_00089	0.5
NZ_OZ245853.1.region004.gbk_region_4	NZ_OZ245853.1.region004	region	4	1576	FAM_00090	RiPP	Unknown	thioamitides	RiPP	NZ_OZ245853.1 MAG: Devosia sp. isolate 3d186a37-0bcd-4ac1-b259-f5c9590ee027 chromosome 1	Unknown	RiPP_c0.5_famFAM_00090	0.5
NZ_JBTMWU010000001.1.region001.gbk_region_1	NZ_JBTMWU010000001.1.region001	region	1	3820	FAM_00091	RiPP	Unknown	redox-cofactor	RiPP	NZ_JBTMWU010000001.1 Devosia sp. A449 Scaffold1, whole genome shotgun sequence	Unknown	RiPP_c0.5_famFAM_00091	0.5
NZ_CP186479.1.region003.gbk_region_3	NZ_CP186479.1.region003	region	3	4025	FAM_00092	RiPP	Unknown	thioamitides	RiPP	NZ_CP186479.1 Devosia sp. CN2-171 chromosome, complete genome	Unknown	RiPP_c0.5_famFAM_00092	0.5
NZ_JBLXGA010000019.1.region001.gbk_region_1	NZ_JBLXGA010000019.1.region001	region	1	4517	FAM_00093	RiPP	Unknown	RiPP-like	RiPP	NZ_JBLXGA010000019.1 MAG: Devosia sp. isolate ET04-05 T04maxbin_out.008RE.5K@19, whole genome shotgun sequence	Unknown	RiPP_c0.5_famFAM_00093	0.5
NZ_CM147875.1.region002.gbk_region_2	NZ_CM147875.1.region002	region	2	4795	FAM_00094	RiPP	Unknown	thioamitides	RiPP	NZ_CM147875.1 Devosia sp. J20-27 chromosome, whole genome shotgun sequence	Unknown	RiPP_c0.5_famFAM_00094	0.5
NZ_JAFKHE010000027.1.region001.gbk_region_1	NZ_JAFKHE010000027.1.region001	region	1	4870	FAM_00095	RiPP	Unknown	redox-cofactor	RiPP	NZ_JAFKHE010000027.1 MAG: Devosia sp. isolate SCN18_30_10_14_R3_P_66_71 SCN18_30_10_14_R3_P_scaffold_205, whole genome shotgun sequence	Unknown	RiPP_c0.5_famFAM_00095	0.5
NZ_LAJG01000014.1.region003.gbk_region_3	NZ_LAJG01000014.1.region003	region	3	5094	FAM_00096	RiPP	Unknown	thioamitides	RiPP	NZ_LAJG01000014.1 Devosia soli strain GH2-10 NODE_14, whole genome shotgun sequence	Unknown	RiPP_c0.5_famFAM_00096	0.5
NZ_JBXAPX010000005.1.region001.gbk_region_1	NZ_JBXAPX010000005.1.region001	region	1	6087	FAM_00097	RiPP	Unknown	lanthipeptide-class-iv	RiPP	NZ_JBXAPX010000005.1 Devosia sp. GW821-FHT12F11 NODE_5_length_446700_cov_56.840628, whole genome shotgun sequence	Unknown	RiPP_c0.5_famFAM_00097	0.5
NZ_CM147875.1.region001.gbk_region_1	NZ_CM147875.1.region001	region	1	6488	FAM_00098	RiPP	Unknown	RiPP-like	RiPP	NZ_CM147875.1 Devosia sp. J20-27 chromosome, whole genome shotgun sequence	Unknown	RiPP_c0.5_famFAM_00098	0.5
NZ_CP186479.1.region002.gbk_region_2	NZ_CP186479.1.region002	region	2	7009	FAM_00099	RiPP	Unknown	RiPP-like	RiPP	NZ_CP186479.1 Devosia sp. CN2-171 chromosome, complete genome	Unknown	RiPP_c0.5_famFAM_00099	0.5
NZ_BMZE01000001.1.region002.gbk_region_2	NZ_BMZE01000001.1.region002	region	2	7117	FAM_00100	RiPP	Unknown	RiPP-like	RiPP	NZ_BMZE01000001.1 Devosia pacifica strain KCTC 32437 sequence1, whole genome shotgun sequence	Unknown	RiPP_c0.5_famFAM_00100	0.5
NZ_JABBDZ010000019.1.region001.gbk_region_1	NZ_JABBDZ010000019.1.region001	region	1	7320	FAM_00101	RiPP	Unknown	RRE-containing	RiPP	NZ_JABBDZ010000019.1 Devosia sp. MC1541 Scaffold19_1, whole genome shotgun sequence	Unknown	RiPP_c0.5_famFAM_00101	0.5
NZ_CM147875.1.region003.gbk_region_3	NZ_CM147875.1.region003	region	3	7694	FAM_00102	RiPP	Unknown	RiPP-like	RiPP	NZ_CM147875.1 Devosia sp. J20-27 chromosome, whole genome shotgun sequence	Unknown	RiPP_c0.5_famFAM_00102	0.5
NZ_JBDGIY010000001.1.region005.gbk_region_5	NZ_JBDGIY010000001.1.region005	region	5	8244	FAM_00103	RiPP	Unknown	thioamitides	RiPP	NZ_JBDGIY010000001.1 Devosia sp. Soil_C_22 NODE_1_length_3502528_cov_134.771868, whole genome shotgun sequence	Unknown	RiPP_c0.5_famFAM_00103	0.5
NZ_MKUZ01000030.1.region001.gbk_region_1	NZ_MKUZ01000030.1.region001	region	1	8968	FAM_00104	RiPP	Unknown	thioamitides	RiPP	NZ_MKUZ01000030.1 MAG: Devosia sp. 66-22 SCNpilot_expt_1000_bf_scaffold_96, whole genome shotgun sequence	Unknown	RiPP_c0.5_famFAM_00104	0.5
NZ_CP063401.1.region006.gbk_region_6	NZ_CP063401.1.region006	region	6	9049	FAM_00105	RiPP	Unknown	thioamitides	RiPP	NZ_CP063401.1 Devosia sp. SL43 chromosome, complete genome	Unknown	RiPP_c0.5_famFAM_00105	0.5
NZ_FXWK01000002.1.region001.gbk_region_1	NZ_FXWK01000002.1.region001	region	1	9504	FAM_00106	RiPP	Unknown	lanthipeptide-class-ii	RiPP	NZ_FXWK01000002.1 Devosia lucknowensis strain L15, whole genome shotgun sequence	Unknown	RiPP_c0.5_famFAM_00106	0.5
NZ_CP045422.1.region002.gbk_region_2	NZ_CP045422.1.region002	region	2	10035	FAM_00107	RiPP	Unknown	RiPP-like	RiPP	NZ_CP045422.1 Devosia beringensis strain S02 chromosome, complete genome	Unknown	RiPP_c0.5_famFAM_00107	0.5
NZ_JBLXGA010000003.1.region001.gbk_region_1	NZ_JBLXGA010000003.1.region001	region	1	10473	FAM_00108	RiPP	Unknown	thioamitides	RiPP	NZ_JBLXGA010000003.1 MAG: Devosia sp. isolate ET04-05 T04maxbin_out.008RE.5K@3, whole genome shotgun sequence	Unknown	RiPP_c0.5_famFAM_00108	0.5
NZ_JBDGIY010000001.1.region001.gbk_region_1	NZ_JBDGIY010000001.1.region001	region	1	10498	FAM_00109	RiPP	Unknown	RRE-containing	RiPP	NZ_JBDGIY010000001.1 Devosia sp. Soil_C_22 NODE_1_length_3502528_cov_134.771868, whole genome shotgun sequence	Unknown	RiPP_c0.5_famFAM_00109	0.5
NZ_AP027921.1.region002.gbk_region_2	NZ_AP027921.1.region002	region	2	10787	FAM_00110	RiPP	Unknown	RRE-containing	RiPP	NZ_AP027921.1 Devosia sp. T2-14 chromosome, complete genome	Unknown	RiPP_c0.5_famFAM_00110	0.5
NZ_JADGNE010000033.1.region001.gbk_region_1	NZ_JADGNE010000033.1.region001	region	1	11915	FAM_00111	RiPP	Unknown	RRE-containing	RiPP	NZ_JADGNE010000033.1 MAG: Devosia sp. isolate N26CT NODE_24_length_219165_cov_20.528168, whole genome shotgun sequence	Unknown	RiPP_c0.5_famFAM_00111	0.5
NZ_JBDGIY010000001.1.region002.gbk_region_2	NZ_JBDGIY010000001.1.region002	region	2	12318	FAM_00112	RiPP	Unknown	thioamitides	RiPP	NZ_JBDGIY010000001.1 Devosia sp. Soil_C_22 NODE_1_length_3502528_cov_134.771868, whole genome shotgun sequence	Unknown	RiPP_c0.5_famFAM_00112	0.5
NZ_JBTLRJ010000001.1.region003.gbk_region_3	NZ_JBTLRJ010000001.1.region003	region	3	19	FAM_00178	NRPS	Unknown	NRPS-like	NRPS	NZ_JBTLRJ010000001.1 Devosia sp. CAU 1758 contig1, whole genome shotgun sequence	Unknown	NRPS_c0.7_famFAM_00178	0.7
NZ_JBHRYD010000007.1.region002.gbk_region_2	NZ_JBHRYD010000007.1.region002	region	2	19	FAM_00178	NRPS	Unknown	NRP-metallophore.NRPS	NRPS	NZ_JBHRYD010000007.1 Devosia honganensis strain KCTC 42281 platanus_K_25_97_7, whole genome shotgun sequence	Unknown	NRPS_c0.7_famFAM_00178	0.7
NZ_FXWK01000002.1.region003.gbk_region_3	NZ_FXWK01000002.1.region003	region	3	19	FAM_00198	NRPS	Unknown	NRPS-like	NRPS	NZ_FXWK01000002.1 Devosia lucknowensis strain L15, whole genome shotgun sequence	Unknown	NRPS_c0.7_famFAM_00198	0.7
NZ_FQVC01000008.1.region001.gbk_region_1	NZ_FQVC01000008.1.region001	region	1	9980	FAM_00211	NRPS	Unknown	NRPS-like	NRPS	NZ_FQVC01000008.1 Devosia limi DSM 17137, whole genome shotgun sequence	Unknown	NRPS_c0.7_famFAM_00211	0.7
NZ_LAJF01000091.1.region001.gbk_region_1	NZ_LAJF01000091.1.region001	region	1	9980	FAM_00211	NRPS	Unknown	NRPS-like	NRPS	NZ_LAJF01000091.1 Devosia limi DSM 17137 NODE_91, whole genome shotgun sequence	Unknown	NRPS_c0.7_famFAM_00211	0.7
NZ_CP146608.1.region006.gbk_region_6	NZ_CP146608.1.region006	region	6	3881	FAM_00578	RiPP.other	Unknown	hserlactone.thioamitides	RiPP.other	NZ_CP146608.1 Devosia sp. XK-2 chromosome, complete genome	Unknown	RiPP.other_c0.7_famFAM_00578	0.7
NZ_JNNO01000034.1.region001.gbk_region_1	NZ_JNNO01000034.1.region001	region	1	10477	FAM_00579	RiPP.other	Unknown	RiPP-like.hydrogen-cyanide	RiPP.other	NZ_JNNO01000034.1 Devosia sp. LC5 contig4, whole genome shotgun sequence	Unknown	RiPP.other_c0.7_famFAM_00579	0.7
NZ_CP045422.1.region003.gbk_region_3	NZ_CP045422.1.region003	region	3	31	FAM_00305	PKS.other	Unknown	T3PKS.hserlactone	PKS.other	NZ_CP045422.1 Devosia beringensis strain S02 chromosome, complete genome	Unknown	PKS.other_c0.7_famFAM_00305	0.7
NZ_JACYFU010000003.1.region001.gbk_region_1	NZ_JACYFU010000003.1.region001	region	1	3778	FAM_00306	PKS.other	Unknown	T3PKS.hserlactone	PKS.other	NZ_JACYFU010000003.1 Devosia oryzisoli strain PTR5 contig3, whole genome shotgun sequence	Unknown	PKS.other_c0.7_famFAM_00306	0.7
NZ_JBVKGV010000026.1.region001.gbk_region_1	NZ_JBVKGV010000026.1.region001	region	1	27	FAM_00230	PKS	Unknown	T1PKS	PKS	NZ_JBVKGV010000026.1 MAG: Devosia sp. isolate ML34-006-05 ML34_006_NODE_354_length_48541_cov_2.462924, whole genome shotgun sequence	Unknown	PKS_c0.7_famFAM_00230	0.7
NZ_JBTSEP010000065.1.region001.gbk_region_1	NZ_JBTSEP010000065.1.region001	region	1	27	FAM_00230	PKS	Unknown	T1PKS	PKS	NZ_JBTSEP010000065.1 MAG: Devosia sp. isolate ML34-012-05 ML34_012_NODE_818_length_10192_cov_1.403279, whole genome shotgun sequence	Unknown	PKS_c0.7_famFAM_00230	0.7
NZ_CP042304.1.region005.gbk_region_5	NZ_CP042304.1.region005	region	5	27	FAM_00256	PKS	Unknown	T1PKS	PKS	NZ_CP042304.1 Devosia ginsengisoli strain Gsoil 520 chromosome, complete genome	Unknown	PKS_c0.7_famFAM_00256	0.7
NZ_CP045422.1.region006.gbk_region_6	NZ_CP045422.1.region006	region	6	27	FAM_00260	PKS	Unknown	T3PKS	PKS	NZ_CP045422.1 Devosia beringensis strain S02 chromosome, complete genome	Unknown	PKS_c0.7_famFAM_00260	0.7
NZ_JAQGJV010000042.1.region001.gbk_region_1	NZ_JAQGJV010000042.1.region001	region	1	27	FAM_00260	PKS	Unknown	T3PKS	PKS	NZ_JAQGJV010000042.1 MAG: Devosia sp. isolate RYN_494 scaffold_4231403, whole genome shotgun sequence	Unknown	PKS_c0.7_famFAM_00260	0.7
NZ_OZ245853.1.region002.gbk_region_2	NZ_OZ245853.1.region002	region	2	27	FAM_00260	PKS	Unknown	T3PKS	PKS	NZ_OZ245853.1 MAG: Devosia sp. isolate 3d186a37-0bcd-4ac1-b259-f5c9590ee027 chromosome 1	Unknown	PKS_c0.7_famFAM_00260	0.7
NZ_JAQGJM010000022.1.region001.gbk_region_1	NZ_JAQGJM010000022.1.region001	region	1	27	FAM_00260	PKS	Unknown	T3PKS	PKS	NZ_JAQGJM010000022.1 MAG: Devosia sp. isolate RYN_485 scaffold_3385130, whole genome shotgun sequence	Unknown	PKS_c0.7_famFAM_00260	0.7
NZ_JBEPOL010000009.1.region001.gbk_region_1	NZ_JBEPOL010000009.1.region001	region	1	27	FAM_00260	PKS	Unknown	T3PKS	PKS	NZ_JBEPOL010000009.1 Devosia sp. UYZn731 Ga0493902_09, whole genome shotgun sequence	Unknown	PKS_c0.7_famFAM_00260	0.7
NZ_FOMB01000021.1.region002.gbk_region_2	NZ_FOMB01000021.1.region002	region	2	27	FAM_00260	PKS	Unknown	T3PKS	PKS	NZ_FOMB01000021.1 Devosia psychrophila strain CGMCC 1.10210, whole genome shotgun sequence	Unknown	PKS_c0.7_famFAM_00260	0.7
NZ_FOMB01000051.1.region001.gbk_region_1	NZ_FOMB01000051.1.region001	region	1	27	FAM_00260	PKS	Unknown	T3PKS	PKS	NZ_FOMB01000051.1 Devosia psychrophila strain CGMCC 1.10210, whole genome shotgun sequence	Unknown	PKS_c0.7_famFAM_00260	0.7
NZ_JBEPOL010000002.1.region001.gbk_region_1	NZ_JBEPOL010000002.1.region001	region	1	27	FAM_00260	PKS	Unknown	T3PKS	PKS	NZ_JBEPOL010000002.1 Devosia sp. UYZn731 Ga0493902_02, whole genome shotgun sequence	Unknown	PKS_c0.7_famFAM_00260	0.7
NZ_FOMB01000025.1.region001.gbk_region_1	NZ_FOMB01000025.1.region001	region	1	27	FAM_00260	PKS	Unknown	T3PKS	PKS	NZ_FOMB01000025.1 Devosia psychrophila strain CGMCC 1.10210, whole genome shotgun sequence	Unknown	PKS_c0.7_famFAM_00260	0.7
NZ_BMZE01000002.1.region002.gbk_region_2	NZ_BMZE01000002.1.region002	region	2	27	FAM_00260	PKS	Unknown	T3PKS	PKS	NZ_BMZE01000002.1 Devosia pacifica strain KCTC 32437 sequence2, whole genome shotgun sequence	Unknown	PKS_c0.7_famFAM_00260	0.7
NZ_STGC01000005.1.region002.gbk_region_2	NZ_STGC01000005.1.region002	region	2	27	FAM_00263	PKS	Unknown	T3PKS	PKS	NZ_STGC01000005.1 Devosia sp. FKR38 NODE_14_length_2742056_cov_203.257278, whole genome shotgun sequence	Unknown	PKS_c0.7_famFAM_00263	0.7
NZ_JACIEW010000009.1.region001.gbk_region_1	NZ_JACIEW010000009.1.region001	region	1	27	FAM_00268	PKS	Unknown	T1PKS	PKS	NZ_JACIEW010000009.1 Devosia subaequoris strain DSM 23447 Ga0373328_09, whole genome shotgun sequence	Unknown	PKS_c0.7_famFAM_00268	0.7
NZ_CP080590.1.region005.gbk_region_5	NZ_CP080590.1.region005	region	5	27	FAM_00268	PKS	Unknown	T1PKS	PKS	NZ_CP080590.1 Devosia salina strain SCS-3 chromosome, complete genome	Unknown	PKS_c0.7_famFAM_00268	0.7
NZ_JAMYXP010000013.1.region001.gbk_region_1	NZ_JAMYXP010000013.1.region001	region	1	27	FAM_00268	PKS	Unknown	T1PKS	PKS	NZ_JAMYXP010000013.1 Devosia subaequoris strain HST3-14 Scaffold13, whole genome shotgun sequence	Unknown	PKS_c0.7_famFAM_00268	0.7
NZ_JBFUGO010000008.1.region001.gbk_region_1	NZ_JBFUGO010000008.1.region001	region	1	27	FAM_00269	PKS	Unknown	T3PKS	PKS	NZ_JBFUGO010000008.1 Devosia sp. P3_B2 scaffold_7, whole genome shotgun sequence	Unknown	PKS_c0.7_famFAM_00269	0.7
NZ_JBFUCQ010000009.1.region001.gbk_region_1	NZ_JBFUCQ010000009.1.region001	region	1	27	FAM_00269	PKS	Unknown	T3PKS	PKS	NZ_JBFUCQ010000009.1 Devosia sp. P1_H9 scaffold_8, whole genome shotgun sequence	Unknown	PKS_c0.7_famFAM_00269	0.7
NZ_JBFUFI010000008.1.region001.gbk_region_1	NZ_JBFUFI010000008.1.region001	region	1	27	FAM_00269	PKS	Unknown	T3PKS	PKS	NZ_JBFUFI010000008.1 Devosia sp. P2_G7 scaffold_7, whole genome shotgun sequence	Unknown	PKS_c0.7_famFAM_00269	0.7
NZ_LMEA01000012.1.region002.gbk_region_2	NZ_LMEA01000012.1.region002	region	2	27	FAM_00270	PKS	Unknown	T3PKS	PKS	NZ_LMEA01000012.1 Devosia sp. Root413D1 contig_7, whole genome shotgun sequence	Unknown	PKS_c0.7_famFAM_00270	0.7
NZ_CAXUPH020000001.1.region002.gbk_region_2	NZ_CAXUPH020000001.1.region002	region	2	27	FAM_00270	PKS	Unknown	T3PKS	PKS	NZ_CAXUPH020000001.1 Devosia sp. LjRoot16 LJR016c1, whole genome shotgun sequence	Unknown	PKS_c0.7_famFAM_00270	0.7
NZ_JBXAPX010000002.1.region002.gbk_region_2	NZ_JBXAPX010000002.1.region002	region	2	27	FAM_00270	PKS	Unknown	T3PKS	PKS	NZ_JBXAPX010000002.1 Devosia sp. GW821-FHT12F11 NODE_2_length_929012_cov_60.894576, whole genome shotgun sequence	Unknown	PKS_c0.7_famFAM_00270	0.7
NZ_LMCR01000019.1.region001.gbk_region_1	NZ_LMCR01000019.1.region001	region	1	27	FAM_00270	PKS	Unknown	T3PKS	PKS	NZ_LMCR01000019.1 Devosia sp. Root105 contig_7, whole genome shotgun sequence	Unknown	PKS_c0.7_famFAM_00270	0.7
NZ_LAJF01000101.1.region001.gbk_region_1	NZ_LAJF01000101.1.region001	region	1	1424	FAM_00168	NRPS.PKS	Unknown	NRPS-like.T1PKS	NRPS.PKS	NZ_LAJF01000101.1 Devosia limi DSM 17137 NODE_101, whole genome shotgun sequence	Unknown	NRPS.PKS_c0.7_famFAM_00168	0.7
NZ_FQVC01000001.1.region001.gbk_region_1	NZ_FQVC01000001.1.region001	region	1	1424	FAM_00168	NRPS.PKS	Unknown	NRPS-like.T1PKS	NRPS.PKS	NZ_FQVC01000001.1 Devosia limi DSM 17137, whole genome shotgun sequence	Unknown	NRPS.PKS_c0.7_famFAM_00168	0.7
NZ_PYWB01000001.1.region001.gbk_region_1	NZ_PYWB01000001.1.region001	region	1	1424	FAM_00168	NRPS.PKS	Unknown	NRPS-like.T1PKS	NRPS.PKS	NZ_PYWB01000001.1 Devosia submarina strain JCM 18935 scaffold1, whole genome shotgun sequence	Unknown	NRPS.PKS_c0.7_famFAM_00168	0.7
NZ_JBTMWU010000004.1.region001.gbk_region_1	NZ_JBTMWU010000004.1.region001	region	1	1923	FAM_00169	NRPS.PKS	Unknown	NRPS-like.T1PKS	NRPS.PKS	NZ_JBTMWU010000004.1 Devosia sp. A449 Scaffold4, whole genome shotgun sequence	Unknown	NRPS.PKS_c0.7_famFAM_00169	0.7
NZ_JBTMWV010000025.1.region001.gbk_region_1	NZ_JBTMWV010000025.1.region001	region	1	1923	FAM_00169	NRPS.PKS	Unknown	NRPS-like.T1PKS	NRPS.PKS	NZ_JBTMWV010000025.1 Devosia sp. A369 Scaffold25, whole genome shotgun sequence	Unknown	NRPS.PKS_c0.7_famFAM_00169	0.7
NZ_JACDXV010000002.1.region002.gbk_region_2	NZ_JACDXV010000002.1.region002	region	2	1923	FAM_00169	NRPS.PKS	Unknown	NRPS-like.T1PKS	NRPS.PKS	NZ_JACDXV010000002.1 Devosia faecipullorum strain CC-YST696 contig02, whole genome shotgun sequence	Unknown	NRPS.PKS_c0.7_famFAM_00169	0.7
NZ_PYWB01000002.1.region001.gbk_region_1	NZ_PYWB01000002.1.region001	region	1	47	FAM_00315	terpene	Unknown	terpene	terpene	NZ_PYWB01000002.1 Devosia submarina strain JCM 18935 scaffold2, whole genome shotgun sequence	Unknown	terpene_c0.7_famFAM_00315	0.7
NZ_JBLXGA010000001.1.region001.gbk_region_1	NZ_JBLXGA010000001.1.region001	region	1	47	FAM_00315	terpene	Unknown	terpene	terpene	NZ_JBLXGA010000001.1 MAG: Devosia sp. isolate ET04-05 T04maxbin_out.008RE.5K@1, whole genome shotgun sequence	Unknown	terpene_c0.7_famFAM_00315	0.7
NZ_JBHUNP010000001.1.region001.gbk_region_1	NZ_JBHUNP010000001.1.region001	region	1	47	FAM_00315	terpene	Unknown	terpene	terpene	NZ_JBHUNP010000001.1 Devosia albogilva strain CCM 7427 tig00000001, whole genome shotgun sequence	Unknown	terpene_c0.7_famFAM_00315	0.7
NZ_JADGNE010000044.1.region001.gbk_region_1	NZ_JADGNE010000044.1.region001	region	1	47	FAM_00315	terpene	Unknown	terpene	terpene	NZ_JADGNE010000044.1 MAG: Devosia sp. isolate N26CT NODE_32_length_167216_cov_19.824301, whole genome shotgun sequence	Unknown	terpene_c0.7_famFAM_00315	0.7
NZ_FPCK01000004.1.region002.gbk_region_2	NZ_FPCK01000004.1.region002	region	2	47	FAM_00315	terpene	Unknown	terpene	terpene	NZ_FPCK01000004.1 Devosia crocina strain IPL20, whole genome shotgun sequence	Unknown	terpene_c0.7_famFAM_00315	0.7
NZ_CP104007.1.region002.gbk_region_2	NZ_CP104007.1.region002	region	2	47	FAM_00315	terpene	Unknown	terpene	terpene	NZ_CP104007.1 Devosia sp. FJ2-5-3 chromosome, complete genome	Unknown	terpene_c0.7_famFAM_00315	0.7
NZ_CP068046.1.region004.gbk_region_4	NZ_CP068046.1.region004	region	4	47	FAM_00315	terpene	Unknown	terpene	terpene	NZ_CP068046.1 Devosia rhizoryzae strain LEGU1 chromosome	Unknown	terpene_c0.7_famFAM_00315	0.7
NZ_CP104002.1.region001.gbk_region_1	NZ_CP104002.1.region001	region	1	47	FAM_00315	terpene	Unknown	terpene	terpene	NZ_CP104002.1 Devosia sp. SD17-2 chromosome, complete genome	Unknown	terpene_c0.7_famFAM_00315	0.7
NZ_CP063401.1.region005.gbk_region_5	NZ_CP063401.1.region005	region	5	47	FAM_00315	terpene	Unknown	terpene	terpene	NZ_CP063401.1 Devosia sp. SL43 chromosome, complete genome	Unknown	terpene_c0.7_famFAM_00315	0.7
NZ_LAJG01000022.1.region001.gbk_region_1	NZ_LAJG01000022.1.region001	region	1	47	FAM_00315	terpene	Unknown	terpene	terpene	NZ_LAJG01000022.1 Devosia soli strain GH2-10 NODE_22, whole genome shotgun sequence	Unknown	terpene_c0.7_famFAM_00315	0.7
NZ_FXWK01000001.1.region003.gbk_region_3	NZ_FXWK01000001.1.region003	region	3	47	FAM_00315	terpene	Unknown	terpene	terpene	NZ_FXWK01000001.1 Devosia lucknowensis strain L15, whole genome shotgun sequence	Unknown	terpene_c0.7_famFAM_00315	0.7
NZ_JABAOM010000002.1.region002.gbk_region_2	NZ_JABAOM010000002.1.region002	region	2	47	FAM_00317	terpene	Unknown	terpene	terpene	NZ_JABAOM010000002.1 Devosia sp. 1635 Scaffold2_1, whole genome shotgun sequence	Unknown	terpene_c0.7_famFAM_00317	0.7
NZ_CP034767.1.region004.gbk_region_4	NZ_CP034767.1.region004	region	4	47	FAM_00317	terpene	Unknown	terpene	terpene	NZ_CP034767.1 Devosia sp. 1566 chromosome, complete genome	Unknown	terpene_c0.7_famFAM_00317	0.7
NZ_JBYUNQ010000001.1.region001.gbk_region_1	NZ_JBYUNQ010000001.1.region001	region	1	47	FAM_00317	terpene	Unknown	terpene	terpene	NZ_JBYUNQ010000001.1 Devosia sp. Z11_6 NODE_1_length_1109201_cov_151.543683, whole genome shotgun sequence	Unknown	terpene_c0.7_famFAM_00317	0.7
NZ_JBYUNO010000003.1.region002.gbk_region_2	NZ_JBYUNO010000003.1.region002	region	2	47	FAM_00317	terpene	Unknown	terpene	terpene	NZ_JBYUNO010000003.1 Devosia sp. Z6_126 NODE_3_length_955106_cov_138.820264, whole genome shotgun sequence	Unknown	terpene_c0.7_famFAM_00317	0.7
NZ_JABAOL010000001.1.region005.gbk_region_5	NZ_JABAOL010000001.1.region005	region	5	47	FAM_00317	terpene	Unknown	terpene	terpene	NZ_JABAOL010000001.1 Devosia sp. 919 Scaffold1_1, whole genome shotgun sequence	Unknown	terpene_c0.7_famFAM_00317	0.7
NZ_CP186479.1.region001.gbk_region_1	NZ_CP186479.1.region001	region	1	183	FAM_00321	terpene	Unknown	terpene	terpene	NZ_CP186479.1 Devosia sp. CN2-171 chromosome, complete genome	Unknown	terpene_c0.7_famFAM_00321	0.7
NZ_JANQAJ010000011.1.region001.gbk_region_1	NZ_JANQAJ010000011.1.region001	region	1	183	FAM_00321	terpene	Unknown	terpene	terpene	NZ_JANQAJ010000011.1 MAG: Devosia ginsengisoli isolate 46_gen_w_cov.5 c262, whole genome shotgun sequence	Unknown	terpene_c0.7_famFAM_00321	0.7
NZ_JBTMWV010000006.1.region001.gbk_region_1	NZ_JBTMWV010000006.1.region001	region	1	183	FAM_00321	terpene	Unknown	terpene	terpene	NZ_JBTMWV010000006.1 Devosia sp. A369 Scaffold6, whole genome shotgun sequence	Unknown	terpene_c0.7_famFAM_00321	0.7
NZ_JBMQPQ010000013.1.region001.gbk_region_1	NZ_JBMQPQ010000013.1.region001	region	1	183	FAM_00321	terpene	Unknown	terpene	terpene	NZ_JBMQPQ010000013.1 MAG: Devosia sp. isolate isolate1_meta_1_34 k141_587842, whole genome shotgun sequence	Unknown	terpene_c0.7_famFAM_00321	0.7
NZ_JAVKFR010000020.1.region001.gbk_region_1	NZ_JAVKFR010000020.1.region001	region	1	183	FAM_00321	terpene	Unknown	terpene	terpene	NZ_JAVKFR010000020.1 MAG: Devosia marina isolate F1-TOW-06 k141_70110, whole genome shotgun sequence	Unknown	terpene_c0.7_famFAM_00321	0.7
NZ_JZEY01000054.1.region002.gbk_region_2	NZ_JZEY01000054.1.region002	region	2	183	FAM_00321	terpene	Unknown	terpene	terpene	NZ_JZEY01000054.1 Devosia chinhatensis strain IPL18 NODE_54, whole genome shotgun sequence	Unknown	terpene_c0.7_famFAM_00321	0.7
NZ_JACYFU010000001.1.region002.gbk_region_2	NZ_JACYFU010000001.1.region002	region	2	183	FAM_00321	terpene	Unknown	terpene	terpene	NZ_JACYFU010000001.1 Devosia oryzisoli strain PTR5 contig1, whole genome shotgun sequence	Unknown	terpene_c0.7_famFAM_00321	0.7
NZ_JBHTMH010000001.1.region002.gbk_region_2	NZ_JBHTMH010000001.1.region002	region	2	183	FAM_00321	terpene	Unknown	terpene	terpene	NZ_JBHTMH010000001.1 Devosia equisanguinis strain CCM 8868 GCM70027366_15, whole genome shotgun sequence	Unknown	terpene_c0.7_famFAM_00321	0.7
NZ_FPCK01000001.1.region003.gbk_region_3	NZ_FPCK01000001.1.region003	region	3	183	FAM_00321	terpene	Unknown	terpene	terpene	NZ_FPCK01000001.1 Devosia crocina strain IPL20, whole genome shotgun sequence	Unknown	terpene_c0.7_famFAM_00321	0.7
NZ_CAXUPH020000003.1.region002.gbk_region_2	NZ_CAXUPH020000003.1.region002	region	2	183	FAM_00321	terpene	Unknown	terpene	terpene	NZ_CAXUPH020000003.1 Devosia sp. LjRoot16 LJR016c3, whole genome shotgun sequence	Unknown	terpene_c0.7_famFAM_00321	0.7
NZ_MKVA01000005.1.region002.gbk_region_2	NZ_MKVA01000005.1.region002	region	2	183	FAM_00321	terpene	Unknown	terpene	terpene	NZ_MKVA01000005.1 MAG: Devosia sp. 67-54 SCNpilot_cont_1000_bf_scaffold_3, whole genome shotgun sequence	Unknown	terpene_c0.7_famFAM_00321	0.7
NZ_BSNS01000024.1.region001.gbk_region_1	NZ_BSNS01000024.1.region001	region	1	183	FAM_00321	terpene	Unknown	terpene	terpene	NZ_BSNS01000024.1 Devosia nitrariae strain NBRC 112416 sequence24, whole genome shotgun sequence	Unknown	terpene_c0.7_famFAM_00321	0.7
NZ_JBEPOO010000001.1.region002.gbk_region_2	NZ_JBEPOO010000001.1.region002	region	2	183	FAM_00321	terpene	Unknown	terpene	terpene	NZ_JBEPOO010000001.1 Devosia sp. 2618 Ga0501505_01, whole genome shotgun sequence	Unknown	terpene_c0.7_famFAM_00321	0.7
NZ_JAIMBX010000001.1.region002.gbk_region_2	NZ_JAIMBX010000001.1.region002	region	2	183	FAM_00321	terpene	Unknown	terpene	terpene	NZ_JAIMBX010000001.1 Devosia sp. BK 9_Devo_1, whole genome shotgun sequence	Unknown	terpene_c0.7_famFAM_00321	0.7
NZ_CP068046.1.region003.gbk_region_3	NZ_CP068046.1.region003	region	3	183	FAM_00321	terpene	Unknown	terpene	terpene	NZ_CP068046.1 Devosia rhizoryzae strain LEGU1 chromosome	Unknown	terpene_c0.7_famFAM_00321	0.7
NZ_JBYUNQ010000004.1.region001.gbk_region_1	NZ_JBYUNQ010000004.1.region001	region	1	183	FAM_00321	terpene	Unknown	terpene	terpene	NZ_JBYUNQ010000004.1 Devosia sp. Z11_6 NODE_4_length_480685_cov_153.006625, whole genome shotgun sequence	Unknown	terpene_c0.7_famFAM_00321	0.7
NZ_PYVZ01000006.1.region001.gbk_region_1	NZ_PYVZ01000006.1.region001	region	1	183	FAM_00321	terpene	Unknown	terpene	terpene	NZ_PYVZ01000006.1 Devosia indica strain IO390501 scaffold6, whole genome shotgun sequence	Unknown	terpene_c0.7_famFAM_00321	0.7
NZ_LMHK01000001.1.region002.gbk_region_2	NZ_LMHK01000001.1.region002	region	2	183	FAM_00321	terpene	Unknown	terpene	terpene	NZ_LMHK01000001.1 Devosia sp. Root685 contig_1, whole genome shotgun sequence	Unknown	terpene_c0.7_famFAM_00321	0.7
NZ_FOMB01000002.1.region001.gbk_region_1	NZ_FOMB01000002.1.region001	region	1	183	FAM_00321	terpene	Unknown	terpene	terpene	NZ_FOMB01000002.1 Devosia psychrophila strain CGMCC 1.10210, whole genome shotgun sequence	Unknown	terpene_c0.7_famFAM_00321	0.7
NZ_JBTSEP010000011.1.region001.gbk_region_1	NZ_JBTSEP010000011.1.region001	region	1	183	FAM_00321	terpene	Unknown	terpene	terpene	NZ_JBTSEP010000011.1 MAG: Devosia sp. isolate ML34-012-05 ML34_012_NODE_106_length_90423_cov_7.643329, whole genome shotgun sequence	Unknown	terpene_c0.7_famFAM_00321	0.7
NZ_MKUY01000003.1.region001.gbk_region_1	NZ_MKUY01000003.1.region001	region	1	183	FAM_00321	terpene	Unknown	terpene	terpene	NZ_MKUY01000003.1 MAG: Devosia sp. 63-57 SCNpilot_expt_1000_bf_scaffold_28, whole genome shotgun sequence	Unknown	terpene_c0.7_famFAM_00321	0.7
NZ_WQRF01000001.1.region003.gbk_region_3	NZ_WQRF01000001.1.region003	region	3	183	FAM_00321	terpene	Unknown	terpene	terpene	NZ_WQRF01000001.1 Devosia marina strain L53-10-65 NODE_1_length_1615214_cov_52.474690, whole genome shotgun sequence	Unknown	terpene_c0.7_famFAM_00321	0.7
NZ_JADGNE010000014.1.region001.gbk_region_1	NZ_JADGNE010000014.1.region001	region	1	183	FAM_00321	terpene	Unknown	terpene	terpene	NZ_JADGNE010000014.1 MAG: Devosia sp. isolate N26CT NODE_145_length_49886_cov_19.140435, whole genome shotgun sequence	Unknown	terpene_c0.7_famFAM_00321	0.7
NZ_JBNMEO010000091.1.region001.gbk_region_1	NZ_JBNMEO010000091.1.region001	region	1	183	FAM_00321	terpene	Unknown	terpene	terpene	NZ_JBNMEO010000091.1 MAG: Devosia sp. isolate 3300055174_60 Ga0535679_0004118, whole genome shotgun sequence	Unknown	terpene_c0.7_famFAM_00321	0.7
NZ_JBHLYO010000015.1.region001.gbk_region_1	NZ_JBHLYO010000015.1.region001	region	1	183	FAM_00321	terpene	Unknown	terpene	terpene	NZ_JBHLYO010000015.1 Devosia nitrariae strain NBRC 112416 platanus_K_default_15, whole genome shotgun sequence	Unknown	terpene_c0.7_famFAM_00321	0.7
NZ_STGC01000005.1.region003.gbk_region_3	NZ_STGC01000005.1.region003	region	3	183	FAM_00321	terpene	Unknown	terpene	terpene	NZ_STGC01000005.1 Devosia sp. FKR38 NODE_14_length_2742056_cov_203.257278, whole genome shotgun sequence	Unknown	terpene_c0.7_famFAM_00321	0.7
NZ_JBDGIY010000001.1.region004.gbk_region_4	NZ_JBDGIY010000001.1.region004	region	4	183	FAM_00321	terpene	Unknown	terpene	terpene	NZ_JBDGIY010000001.1 Devosia sp. Soil_C_22 NODE_1_length_3502528_cov_134.771868, whole genome shotgun sequence	Unknown	terpene_c0.7_famFAM_00321	0.7
NZ_LMEM01000001.1.region001.gbk_region_1	NZ_LMEM01000001.1.region001	region	1	183	FAM_00321	terpene	Unknown	terpene	terpene	NZ_LMEM01000001.1 Devosia sp. Root436 contig_1, whole genome shotgun sequence	Unknown	terpene_c0.7_famFAM_00321	0.7
NZ_LMGZ01000021.1.region001.gbk_region_1	NZ_LMGZ01000021.1.region001	region	1	183	FAM_00321	terpene	Unknown	terpene	terpene	NZ_LMGZ01000021.1 Devosia sp. Root635 contig_6, whole genome shotgun sequence	Unknown	terpene_c0.7_famFAM_00321	0.7
NZ_CP075529.1.region001.gbk_region_1	NZ_CP075529.1.region001	region	1	183	FAM_00321	terpene	Unknown	terpene	terpene	NZ_CP075529.1 MAG: Devosia sp. isolate TGS_PRO11 chromosome	Unknown	terpene_c0.7_famFAM_00321	0.7
NZ_JAQGJV010000003.1.region001.gbk_region_1	NZ_JAQGJV010000003.1.region001	region	1	183	FAM_00321	terpene	Unknown	terpene	terpene	NZ_JAQGJV010000003.1 MAG: Devosia sp. isolate RYN_494 scaffold_5290636, whole genome shotgun sequence	Unknown	terpene_c0.7_famFAM_00321	0.7
NZ_CP092483.1.region003.gbk_region_3	NZ_CP092483.1.region003	region	3	183	FAM_00321	terpene	Unknown	terpene	terpene	NZ_CP092483.1 Devosia lacusdianchii strain JXJ CY 41 chromosome	Unknown	terpene_c0.7_famFAM_00321	0.7
NZ_CP127251.1.region001.gbk_region_1	NZ_CP127251.1.region001	region	1	183	FAM_00321	terpene	Unknown	terpene	terpene	NZ_CP127251.1 Devosia sp. YIM 151766 chromosome, complete genome	Unknown	terpene_c0.7_famFAM_00321	0.7
NZ_CP026747.1.region005.gbk_region_5	NZ_CP026747.1.region005	region	5	183	FAM_00321	terpene	Unknown	terpene	terpene	NZ_CP026747.1 Devosia sp. I507 chromosome, complete genome	Unknown	terpene_c0.7_famFAM_00321	0.7
NZ_JBXAPX010000004.1.region002.gbk_region_2	NZ_JBXAPX010000004.1.region002	region	2	183	FAM_00321	terpene	Unknown	terpene	terpene	NZ_JBXAPX010000004.1 Devosia sp. GW821-FHT12F11 NODE_4_length_517482_cov_53.795218, whole genome shotgun sequence	Unknown	terpene_c0.7_famFAM_00321	0.7
NZ_CM147870.1.region004.gbk_region_4	NZ_CM147870.1.region004	region	4	183	FAM_00321	terpene	Unknown	terpene	terpene	NZ_CM147870.1 Devosia sp. J2-20 chromosome, whole genome shotgun sequence	Unknown	terpene_c0.7_famFAM_00321	0.7
NZ_JBTMWU010000011.1.region001.gbk_region_1	NZ_JBTMWU010000011.1.region001	region	1	183	FAM_00321	terpene	Unknown	terpene	terpene	NZ_JBTMWU010000011.1 Devosia sp. A449 Scaffold11, whole genome shotgun sequence	Unknown	terpene_c0.7_famFAM_00321	0.7
NZ_CP104002.1.region002.gbk_region_2	NZ_CP104002.1.region002	region	2	183	FAM_00321	terpene	Unknown	terpene	terpene	NZ_CP104002.1 Devosia sp. SD17-2 chromosome, complete genome	Unknown	terpene_c0.7_famFAM_00321	0.7
NZ_PYVW01000009.1.region001.gbk_region_1	NZ_PYVW01000009.1.region001	region	1	183	FAM_00321	terpene	Unknown	terpene	terpene	NZ_PYVW01000009.1 Devosia naphthalenivorans strain CM5-1 scaffold9, whole genome shotgun sequence	Unknown	terpene_c0.7_famFAM_00321	0.7
NZ_CP063401.1.region001.gbk_region_1	NZ_CP063401.1.region001	region	1	183	FAM_00321	terpene	Unknown	terpene	terpene	NZ_CP063401.1 Devosia sp. SL43 chromosome, complete genome	Unknown	terpene_c0.7_famFAM_00321	0.7
NZ_JAGXTP010000001.1.region003.gbk_region_3	NZ_JAGXTP010000001.1.region003	region	3	183	FAM_00321	terpene	Unknown	terpene	terpene	NZ_JAGXTP010000001.1 Devosia litorisediminis strain BSSL-BM10 1, whole genome shotgun sequence	Unknown	terpene_c0.7_famFAM_00321	0.7
NZ_JBJDRE010000009.1.region001.gbk_region_1	NZ_JBJDRE010000009.1.region001	region	1	183	FAM_00321	terpene	Unknown	terpene	terpene	NZ_JBJDRE010000009.1 Devosia sp. ZW T5_3 ZW_T5_3_contig_009, whole genome shotgun sequence	Unknown	terpene_c0.7_famFAM_00321	0.7
NZ_JBFUFI010000016.1.region001.gbk_region_1	NZ_JBFUFI010000016.1.region001	region	1	183	FAM_00321	terpene	Unknown	terpene	terpene	NZ_JBFUFI010000016.1 Devosia sp. P2_G7 scaffold_15, whole genome shotgun sequence	Unknown	terpene_c0.7_famFAM_00321	0.7
NZ_JQGC01000010.1.region001.gbk_region_1	NZ_JQGC01000010.1.region001	region	1	183	FAM_00321	terpene	Unknown	terpene	terpene	NZ_JQGC01000010.1 Devosia riboflavina strain IFO13584 contig10, whole genome shotgun sequence	Unknown	terpene_c0.7_famFAM_00321	0.7
NZ_LMLO01000018.1.region001.gbk_region_1	NZ_LMLO01000018.1.region001	region	1	183	FAM_00321	terpene	Unknown	terpene	terpene	NZ_LMLO01000018.1 Devosia sp. Leaf64 contig_3, whole genome shotgun sequence	Unknown	terpene_c0.7_famFAM_00321	0.7
NZ_CP068047.1.region003.gbk_region_3	NZ_CP068047.1.region003	region	3	183	FAM_00321	terpene	Unknown	terpene	terpene	NZ_CP068047.1 Devosia oryziradicis strain G19 chromosome	Unknown	terpene_c0.7_famFAM_00321	0.7
NZ_JBFUGO010000010.1.region001.gbk_region_1	NZ_JBFUGO010000010.1.region001	region	1	183	FAM_00321	terpene	Unknown	terpene	terpene	NZ_JBFUGO010000010.1 Devosia sp. P3_B2 scaffold_9, whole genome shotgun sequence	Unknown	terpene_c0.7_famFAM_00321	0.7
NZ_JBVKGV010000086.1.region001.gbk_region_1	NZ_JBVKGV010000086.1.region001	region	1	183	FAM_00321	terpene	Unknown	terpene	terpene	NZ_JBVKGV010000086.1 MAG: Devosia sp. isolate ML34-006-05 ML34_006_NODE_5324_length_6402_cov_2.585179, whole genome shotgun sequence	Unknown	terpene_c0.7_famFAM_00321	0.7
NZ_MKVB01000001.1.region001.gbk_region_1	NZ_MKVB01000001.1.region001	region	1	183	FAM_00321	terpene	Unknown	terpene	terpene	NZ_MKVB01000001.1 MAG: Devosia sp. 66-14 SCNpilot_cont_300_bf_scaffold_127, whole genome shotgun sequence	Unknown	terpene_c0.7_famFAM_00321	0.7
NZ_JAFKHE010000017.1.region001.gbk_region_1	NZ_JAFKHE010000017.1.region001	region	1	183	FAM_00321	terpene	Unknown	terpene	terpene	NZ_JAFKHE010000017.1 MAG: Devosia sp. isolate SCN18_30_10_14_R3_P_66_71 SCN18_30_10_14_R3_P_scaffold_84, whole genome shotgun sequence	Unknown	terpene_c0.7_famFAM_00321	0.7
NZ_JACIEW010000001.1.region001.gbk_region_1	NZ_JACIEW010000001.1.region001	region	1	183	FAM_00321	terpene	Unknown	terpene	terpene	NZ_JACIEW010000001.1 Devosia subaequoris strain DSM 23447 Ga0373328_01, whole genome shotgun sequence	Unknown	terpene_c0.7_famFAM_00321	0.7
NZ_CP118245.1.region005.gbk_region_5	NZ_CP118245.1.region005	region	5	183	FAM_00321	terpene	Unknown	terpene	terpene	NZ_CP118245.1 Devosia sp. J2-20 chromosome	Unknown	terpene_c0.7_famFAM_00321	0.7
NZ_LVVY01000070.1.region001.gbk_region_1	NZ_LVVY01000070.1.region001	region	1	183	FAM_00321	terpene	Unknown	terpene	terpene	NZ_LVVY01000070.1 Devosia elaeis strain S37 DIN_R1_(paired)_trimmed_(paired)_contig_25, whole genome shotgun sequence	Unknown	terpene_c0.7_famFAM_00321	0.7
NZ_JCACVZ010000001.1.region003.gbk_region_3	NZ_JCACVZ010000001.1.region003	region	3	183	FAM_00321	terpene	Unknown	terpene	terpene	NZ_JCACVZ010000001.1 MAG: Devosia sp. isolate TerP_2 Oxa_002_000000000117, whole genome shotgun sequence	Unknown	terpene_c0.7_famFAM_00321	0.7
NZ_JBLXGA010000004.1.region001.gbk_region_1	NZ_JBLXGA010000004.1.region001	region	1	183	FAM_00321	terpene	Unknown	terpene	terpene	NZ_JBLXGA010000004.1 MAG: Devosia sp. isolate ET04-05 T04maxbin_out.008RE.5K@4, whole genome shotgun sequence	Unknown	terpene_c0.7_famFAM_00321	0.7
NZ_CP034767.1.region002.gbk_region_2	NZ_CP034767.1.region002	region	2	183	FAM_00321	terpene	Unknown	terpene	terpene	NZ_CP034767.1 Devosia sp. 1566 chromosome, complete genome	Unknown	terpene_c0.7_famFAM_00321	0.7
NZ_JAFKHA010000009.1.region001.gbk_region_1	NZ_JAFKHA010000009.1.region001	region	1	183	FAM_00321	terpene	Unknown	terpene	terpene	NZ_JAFKHA010000009.1 MAG: Devosia sp. isolate SCN18_30_10_14_R3_B_66_58 SCN18_30_10_14_R3_B_scaffold_4, whole genome shotgun sequence	Unknown	terpene_c0.7_famFAM_00321	0.7
NZ_FOFL01000007.1.region001.gbk_region_1	NZ_FOFL01000007.1.region001	region	1	183	FAM_00321	terpene	Unknown	terpene	terpene	NZ_FOFL01000007.1 Devosia sp. YR412, whole genome shotgun sequence	Unknown	terpene_c0.7_famFAM_00321	0.7
NZ_JAFKHC010000003.1.region002.gbk_region_2	NZ_JAFKHC010000003.1.region002	region	2	183	FAM_00321	terpene	Unknown	terpene	terpene	NZ_JAFKHC010000003.1 MAG: Devosia sp. isolate SCN18_26_2_15_R2_B_67_34 SCN18_26_2_15_R2_B_scaffold_2, whole genome shotgun sequence	Unknown	terpene_c0.7_famFAM_00321	0.7
NZ_MKUZ01000008.1.region001.gbk_region_1	NZ_MKUZ01000008.1.region001	region	1	183	FAM_00321	terpene	Unknown	terpene	terpene	NZ_MKUZ01000008.1 MAG: Devosia sp. 66-22 SCNpilot_expt_1000_bf_scaffold_164, whole genome shotgun sequence	Unknown	terpene_c0.7_famFAM_00321	0.7
NZ_LMEA01000011.1.region002.gbk_region_2	NZ_LMEA01000011.1.region002	region	2	183	FAM_00321	terpene	Unknown	terpene	terpene	NZ_LMEA01000011.1 Devosia sp. Root413D1 contig_6, whole genome shotgun sequence	Unknown	terpene_c0.7_famFAM_00321	0.7
NZ_JAQGJM010000021.1.region001.gbk_region_1	NZ_JAQGJM010000021.1.region001	region	1	183	FAM_00321	terpene	Unknown	terpene	terpene	NZ_JAQGJM010000021.1 MAG: Devosia sp. isolate RYN_485 scaffold_4357168, whole genome shotgun sequence	Unknown	terpene_c0.7_famFAM_00321	0.7
NZ_JBHUNP010000001.1.region003.gbk_region_3	NZ_JBHUNP010000001.1.region003	region	3	183	FAM_00321	terpene	Unknown	terpene	terpene	NZ_JBHUNP010000001.1 Devosia albogilva strain CCM 7427 tig00000001, whole genome shotgun sequence	Unknown	terpene_c0.7_famFAM_00321	0.7
NZ_JAMWDU010000001.1.region001.gbk_region_1	NZ_JAMWDU010000001.1.region001	region	1	183	FAM_00321	terpene	Unknown	terpene	terpene	NZ_JAMWDU010000001.1 Devosia ureilytica strain XJ19-45 Scaffold1, whole genome shotgun sequence	Unknown	terpene_c0.7_famFAM_00321	0.7
NZ_LANJ01000011.1.region001.gbk_region_1	NZ_LANJ01000011.1.region001	region	1	183	FAM_00321	terpene	Unknown	terpene	terpene	NZ_LANJ01000011.1 Devosia epidermidihirudinis strain E84 contig11, whole genome shotgun sequence	Unknown	terpene_c0.7_famFAM_00321	0.7
NZ_JAEMNZ010000001.1.region001.gbk_region_1	NZ_JAEMNZ010000001.1.region001	region	1	183	FAM_00321	terpene	Unknown	terpene	terpene	NZ_JAEMNZ010000001.1 Devosia sp. MC532 Scaffold1_1, whole genome shotgun sequence	Unknown	terpene_c0.7_famFAM_00321	0.7
NZ_JBKJHF010000001.1.region002.gbk_region_2	NZ_JBKJHF010000001.1.region002	region	2	183	FAM_00321	terpene	Unknown	terpene	terpene	NZ_JBKJHF010000001.1 Devosia sp. XGJD_8 1, whole genome shotgun sequence	Unknown	terpene_c0.7_famFAM_00321	0.7
NZ_CP104965.1.region004.gbk_region_4	NZ_CP104965.1.region004	region	4	183	FAM_00321	terpene	Unknown	terpene	terpene	NZ_CP104965.1 Devosia neptuniae strain A18/4-1 chromosome, complete genome	Unknown	terpene_c0.7_famFAM_00321	0.7
NZ_JNNO01000008.1.region001.gbk_region_1	NZ_JNNO01000008.1.region001	region	1	183	FAM_00321	terpene	Unknown	terpene	terpene	NZ_JNNO01000008.1 Devosia sp. LC5 contig16, whole genome shotgun sequence	Unknown	terpene_c0.7_famFAM_00321	0.7
NZ_JAQRMY010000004.1.region001.gbk_region_1	NZ_JAQRMY010000004.1.region001	region	1	183	FAM_00321	terpene	Unknown	terpene	terpene	NZ_JAQRMY010000004.1 Devosia sp. ZB163 scaffold_3, whole genome shotgun sequence	Unknown	terpene_c0.7_famFAM_00321	0.7
NZ_OZ245853.1.region003.gbk_region_3	NZ_OZ245853.1.region003	region	3	183	FAM_00321	terpene	Unknown	terpene	terpene	NZ_OZ245853.1 MAG: Devosia sp. isolate 3d186a37-0bcd-4ac1-b259-f5c9590ee027 chromosome 1	Unknown	terpene_c0.7_famFAM_00321	0.7
NZ_LMCR01000015.1.region001.gbk_region_1	NZ_LMCR01000015.1.region001	region	1	183	FAM_00321	terpene	Unknown	terpene	terpene	NZ_LMCR01000015.1 Devosia sp. Root105 contig_3, whole genome shotgun sequence	Unknown	terpene_c0.7_famFAM_00321	0.7
NZ_CDRNJH010000001.1.region004.gbk_region_4	NZ_CDRNJH010000001.1.region004	region	4	183	FAM_00321	terpene	Unknown	terpene	terpene	NZ_CDRNJH010000001.1 Devosia riboflavina isolate Ri144 gnlProkkaBTCC_1, whole genome shotgun sequence	Unknown	terpene_c0.7_famFAM_00321	0.7
NZ_JACDXV010000001.1.region001.gbk_region_1	NZ_JACDXV010000001.1.region001	region	1	183	FAM_00321	terpene	Unknown	terpene	terpene	NZ_JACDXV010000001.1 Devosia faecipullorum strain CC-YST696 contig01, whole genome shotgun sequence	Unknown	terpene_c0.7_famFAM_00321	0.7
NZ_CP104007.1.region003.gbk_region_3	NZ_CP104007.1.region003	region	3	183	FAM_00321	terpene	Unknown	terpene	terpene	NZ_CP104007.1 Devosia sp. FJ2-5-3 chromosome, complete genome	Unknown	terpene_c0.7_famFAM_00321	0.7
NZ_PYWB01000014.1.region001.gbk_region_1	NZ_PYWB01000014.1.region001	region	1	183	FAM_00321	terpene	Unknown	terpene	terpene	NZ_PYWB01000014.1 Devosia submarina strain JCM 18935 scaffold14, whole genome shotgun sequence	Unknown	terpene_c0.7_famFAM_00321	0.7
NZ_CP126539.1.region002.gbk_region_2	NZ_CP126539.1.region002	region	2	183	FAM_00321	terpene	Unknown	terpene	terpene	NZ_CP126539.1 Devosia rhizosphaerae strain RR2S18 chromosome, complete genome	Unknown	terpene_c0.7_famFAM_00321	0.7
NZ_LAJG01000014.1.region001.gbk_region_1	NZ_LAJG01000014.1.region001	region	1	183	FAM_00321	terpene	Unknown	terpene	terpene	NZ_LAJG01000014.1 Devosia soli strain GH2-10 NODE_14, whole genome shotgun sequence	Unknown	terpene_c0.7_famFAM_00321	0.7
NZ_JABBDZ010000001.1.region001.gbk_region_1	NZ_JABBDZ010000001.1.region001	region	1	183	FAM_00321	terpene	Unknown	terpene	terpene	NZ_JABBDZ010000001.1 Devosia sp. MC1541 Scaffold1_1, whole genome shotgun sequence	Unknown	terpene_c0.7_famFAM_00321	0.7
NZ_FXWK01000001.1.region002.gbk_region_2	NZ_FXWK01000001.1.region002	region	2	183	FAM_00321	terpene	Unknown	terpene	terpene	NZ_FXWK01000001.1 Devosia lucknowensis strain L15, whole genome shotgun sequence	Unknown	terpene_c0.7_famFAM_00321	0.7
NZ_BSNG01000001.1.region003.gbk_region_3	NZ_BSNG01000001.1.region003	region	3	183	FAM_00321	terpene	Unknown	terpene	terpene	NZ_BSNG01000001.1 Devosia yakushimensis strain NBRC 103855 sequence01, whole genome shotgun sequence	Unknown	terpene_c0.7_famFAM_00321	0.7
NZ_CAXUPK020000005.1.region002.gbk_region_2	NZ_CAXUPK020000005.1.region002	region	2	183	FAM_00321	terpene	Unknown	terpene	terpene	NZ_CAXUPK020000005.1 Devosia sp. LjRoot3 LJR003c5, whole genome shotgun sequence	Unknown	terpene_c0.7_famFAM_00321	0.7
NZ_JBFUCQ010000002.1.region001.gbk_region_1	NZ_JBFUCQ010000002.1.region001	region	1	183	FAM_00321	terpene	Unknown	terpene	terpene	NZ_JBFUCQ010000002.1 Devosia sp. P1_H9 scaffold_1, whole genome shotgun sequence	Unknown	terpene_c0.7_famFAM_00321	0.7
NZ_FQVC01000002.1.region001.gbk_region_1	NZ_FQVC01000002.1.region001	region	1	183	FAM_00321	terpene	Unknown	terpene	terpene	NZ_FQVC01000002.1 Devosia limi DSM 17137, whole genome shotgun sequence	Unknown	terpene_c0.7_famFAM_00321	0.7
NZ_CP042304.1.region002.gbk_region_2	NZ_CP042304.1.region002	region	2	183	FAM_00321	terpene	Unknown	terpene	terpene	NZ_CP042304.1 Devosia ginsengisoli strain Gsoil 520 chromosome, complete genome	Unknown	terpene_c0.7_famFAM_00321	0.7
NZ_JBEPOL010000001.1.region001.gbk_region_1	NZ_JBEPOL010000001.1.region001	region	1	183	FAM_00321	terpene	Unknown	terpene	terpene	NZ_JBEPOL010000001.1 Devosia sp. UYZn731 Ga0493902_01, whole genome shotgun sequence	Unknown	terpene_c0.7_famFAM_00321	0.7
NZ_CP045422.1.region007.gbk_region_7	NZ_CP045422.1.region007	region	7	183	FAM_00321	terpene	Unknown	terpene	terpene	NZ_CP045422.1 Devosia beringensis strain S02 chromosome, complete genome	Unknown	terpene_c0.7_famFAM_00321	0.7
NZ_CP146608.1.region004.gbk_region_4	NZ_CP146608.1.region004	region	4	183	FAM_00321	terpene	Unknown	terpene	terpene	NZ_CP146608.1 Devosia sp. XK-2 chromosome, complete genome	Unknown	terpene_c0.7_famFAM_00321	0.7
NZ_JAMZCU010000001.1.region001.gbk_region_1	NZ_JAMZCU010000001.1.region001	region	1	183	FAM_00321	terpene	Unknown	terpene	terpene	NZ_JAMZCU010000001.1 Devosia ureilytica strain XJ19-1 Scaffold1, whole genome shotgun sequence	Unknown	terpene_c0.7_famFAM_00321	0.7
NZ_JAEKMH010000002.1.region001.gbk_region_1	NZ_JAEKMH010000002.1.region001	region	1	183	FAM_00321	terpene	Unknown	terpene	terpene	NZ_JAEKMH010000002.1 Devosia sediminis strain MSA67 NODE_2_length_1186958_cov_155.069235, whole genome shotgun sequence	Unknown	terpene_c0.7_famFAM_00321	0.7
NZ_CP080590.1.region004.gbk_region_4	NZ_CP080590.1.region004	region	4	183	FAM_00321	terpene	Unknown	terpene	terpene	NZ_CP080590.1 Devosia salina strain SCS-3 chromosome, complete genome	Unknown	terpene_c0.7_famFAM_00321	0.7
NZ_LMQU01000003.1.region001.gbk_region_1	NZ_LMQU01000003.1.region001	region	1	183	FAM_00321	terpene	Unknown	terpene	terpene	NZ_LMQU01000003.1 Devosia sp. Leaf420 contig_11, whole genome shotgun sequence	Unknown	terpene_c0.7_famFAM_00321	0.7
NZ_LAJF01000089.1.region001.gbk_region_1	NZ_LAJF01000089.1.region001	region	1	183	FAM_00321	terpene	Unknown	terpene	terpene	NZ_LAJF01000089.1 Devosia limi DSM 17137 NODE_89, whole genome shotgun sequence	Unknown	terpene_c0.7_famFAM_00321	0.7
NZ_JAENGO010000007.1.region001.gbk_region_1	NZ_JAENGO010000007.1.region001	region	1	183	FAM_00321	terpene	Unknown	terpene	terpene	NZ_JAENGO010000007.1 Devosia sp. WQ 349K1 Scaffold6_1, whole genome shotgun sequence	Unknown	terpene_c0.7_famFAM_00321	0.7
NZ_BMZE01000001.1.region001.gbk_region_1	NZ_BMZE01000001.1.region001	region	1	183	FAM_00321	terpene	Unknown	terpene	terpene	NZ_BMZE01000001.1 Devosia pacifica strain KCTC 32437 sequence1, whole genome shotgun sequence	Unknown	terpene_c0.7_famFAM_00321	0.7
NZ_CP012945.1.region004.gbk_region_4	NZ_CP012945.1.region004	region	4	183	FAM_00321	terpene	Unknown	terpene	terpene	NZ_CP012945.1 Devosia sp. A16 chromosome, complete genome	Unknown	terpene_c0.7_famFAM_00321	0.7
NZ_CP059902.1.region002.gbk_region_2	NZ_CP059902.1.region002	region	2	183	FAM_00321	terpene	Unknown	terpene	terpene	NZ_CP059902.1 Devosia sp. MC521 chromosome, complete genome	Unknown	terpene_c0.7_famFAM_00321	0.7
NZ_AP027921.1.region003.gbk_region_3	NZ_AP027921.1.region003	region	3	183	FAM_00321	terpene	Unknown	terpene	terpene	NZ_AP027921.1 Devosia sp. T2-14 chromosome, complete genome	Unknown	terpene_c0.7_famFAM_00321	0.7
NZ_UZWD01000040.1.region001.gbk_region_1	NZ_UZWD01000040.1.region001	region	1	183	FAM_00321	terpene	Unknown	terpene	terpene	NZ_UZWD01000040.1 Devosia equisanguinis strain CIP 111628, whole genome shotgun sequence	Unknown	terpene_c0.7_famFAM_00321	0.7
NZ_CP094375.1.region001.gbk_region_1	NZ_CP094375.1.region001	region	1	183	FAM_00321	terpene	Unknown	terpene	terpene	NZ_CP094375.1 Devosia sp. Micro-HW1 chromosome, complete genome	Unknown	terpene_c0.7_famFAM_00321	0.7
NZ_CM147875.1.region005.gbk_region_5	NZ_CM147875.1.region005	region	5	183	FAM_00321	terpene	Unknown	terpene	terpene	NZ_CM147875.1 Devosia sp. J20-27 chromosome, whole genome shotgun sequence	Unknown	terpene_c0.7_famFAM_00321	0.7
NZ_CP170082.1.region005.gbk_region_5	NZ_CP170082.1.region005	region	5	183	FAM_00321	terpene	Unknown	terpene	terpene	NZ_CP170082.1 Devosia sp. Naph2 chromosome, complete genome	Unknown	terpene_c0.7_famFAM_00321	0.7
NZ_JAMYXP010000001.1.region002.gbk_region_2	NZ_JAMYXP010000001.1.region002	region	2	183	FAM_00321	terpene	Unknown	terpene	terpene	NZ_JAMYXP010000001.1 Devosia subaequoris strain HST3-14 Scaffold1, whole genome shotgun sequence	Unknown	terpene_c0.7_famFAM_00321	0.7
NZ_JABAOL010000001.1.region003.gbk_region_3	NZ_JABAOL010000001.1.region003	region	3	183	FAM_00321	terpene	Unknown	terpene	terpene	NZ_JABAOL010000001.1 Devosia sp. 919 Scaffold1_1, whole genome shotgun sequence	Unknown	terpene_c0.7_famFAM_00321	0.7
NZ_JBTLRJ010000003.1.region001.gbk_region_1	NZ_JBTLRJ010000003.1.region001	region	1	183	FAM_00321	terpene	Unknown	terpene	terpene	NZ_JBTLRJ010000003.1 Devosia sp. CAU 1758 contig3, whole genome shotgun sequence	Unknown	terpene_c0.7_famFAM_00321	0.7
NZ_JABAOM010000001.1.region001.gbk_region_1	NZ_JABAOM010000001.1.region001	region	1	183	FAM_00321	terpene	Unknown	terpene	terpene	NZ_JABAOM010000001.1 Devosia sp. 1635 Scaffold1_1, whole genome shotgun sequence	Unknown	terpene_c0.7_famFAM_00321	0.7
NZ_JAEMEB010000004.1.region001.gbk_region_1	NZ_JAEMEB010000004.1.region001	region	1	183	FAM_00321	terpene	Unknown	terpene	terpene	NZ_JAEMEB010000004.1 Devosia sp. MC521 Scaffold4_1, whole genome shotgun sequence	Unknown	terpene_c0.7_famFAM_00321	0.7
NZ_JBYUNO010000002.1.region001.gbk_region_1	NZ_JBYUNO010000002.1.region001	region	1	183	FAM_00321	terpene	Unknown	terpene	terpene	NZ_JBYUNO010000002.1 Devosia sp. Z6_126 NODE_2_length_1040994_cov_129.185188, whole genome shotgun sequence	Unknown	terpene_c0.7_famFAM_00321	0.7
NZ_JAPWHK010000004.1.region001.gbk_region_1	NZ_JAPWHK010000004.1.region001	region	1	183	FAM_00321	terpene	Unknown	terpene	terpene	NZ_JAPWHK010000004.1 Devosia neptuniae strain G21611-S1 NODE_4_length_442715_cov_108.063, whole genome shotgun sequence	Unknown	terpene_c0.7_famFAM_00321	0.7
NZ_JBHRYD010000001.1.region001.gbk_region_1	NZ_JBHRYD010000001.1.region001	region	1	5641	FAM_00575	other.terpene	Unknown	betalactone.terpene	other.terpene	NZ_JBHRYD010000001.1 Devosia honganensis strain KCTC 42281 platanus_K_25_97_1, whole genome shotgun sequence	Unknown	other.terpene_c0.7_famFAM_00575	0.7
NZ_FXWK01000002.1.region002.gbk_region_2	NZ_FXWK01000002.1.region002	region	2	150	FAM_00346	other	Unknown	hserlactone	other	NZ_FXWK01000002.1 Devosia lucknowensis strain L15, whole genome shotgun sequence	Unknown	other_c0.7_famFAM_00346	0.7
NZ_JBNMEO010000006.1.region001.gbk_region_1	NZ_JBNMEO010000006.1.region001	region	1	150	FAM_00346	other	Unknown	acyl_amino_acids	other	NZ_JBNMEO010000006.1 MAG: Devosia sp. isolate 3300055174_60 Ga0535679_0000079, whole genome shotgun sequence	Unknown	other_c0.7_famFAM_00346	0.7
NZ_STGC01000002.1.region001.gbk_region_1	NZ_STGC01000002.1.region001	region	1	150	FAM_00346	other	Unknown	hserlactone	other	NZ_STGC01000002.1 Devosia sp. FKR38 NODE_4_length_1043381_cov_214.428558, whole genome shotgun sequence	Unknown	other_c0.7_famFAM_00346	0.7
NZ_JBKJHF010000003.1.region001.gbk_region_1	NZ_JBKJHF010000003.1.region001	region	1	150	FAM_00346	other	Unknown	hserlactone	other	NZ_JBKJHF010000003.1 Devosia sp. XGJD_8 3, whole genome shotgun sequence	Unknown	other_c0.7_famFAM_00346	0.7
NZ_JAPWHK010000008.1.region001.gbk_region_1	NZ_JAPWHK010000008.1.region001	region	1	150	FAM_00346	other	Unknown	acyl_amino_acids	other	NZ_JAPWHK010000008.1 Devosia neptuniae strain G21611-S1 NODE_8_length_235334_cov_135.292, whole genome shotgun sequence	Unknown	other_c0.7_famFAM_00346	0.7
NZ_FOMB01000001.1.region001.gbk_region_1	NZ_FOMB01000001.1.region001	region	1	150	FAM_00346	other	Unknown	hserlactone	other	NZ_FOMB01000001.1 Devosia psychrophila strain CGMCC 1.10210, whole genome shotgun sequence	Unknown	other_c0.7_famFAM_00346	0.7
NZ_CP118245.1.region002.gbk_region_2	NZ_CP118245.1.region002	region	2	150	FAM_00346	other	Unknown	acyl_amino_acids	other	NZ_CP118245.1 Devosia sp. J2-20 chromosome	Unknown	other_c0.7_famFAM_00346	0.7
NZ_JAGXTP010000003.1.region001.gbk_region_1	NZ_JAGXTP010000003.1.region001	region	1	150	FAM_00346	other	Unknown	acyl_amino_acids	other	NZ_JAGXTP010000003.1 Devosia litorisediminis strain BSSL-BM10 3, whole genome shotgun sequence	Unknown	other_c0.7_famFAM_00346	0.7
NZ_CM147870.1.region001.gbk_region_1	NZ_CM147870.1.region001	region	1	150	FAM_00346	other	Unknown	acyl_amino_acids	other	NZ_CM147870.1 Devosia sp. J2-20 chromosome, whole genome shotgun sequence	Unknown	other_c0.7_famFAM_00346	0.7
NZ_FQVC01000005.1.region001.gbk_region_1	NZ_FQVC01000005.1.region001	region	1	150	FAM_00347	other	Unknown	acyl_amino_acids.hserlactone	other	NZ_FQVC01000005.1 Devosia limi DSM 17137, whole genome shotgun sequence	Unknown	other_c0.7_famFAM_00347	0.7
NZ_JBHRYD010000001.1.region002.gbk_region_2	NZ_JBHRYD010000001.1.region002	region	2	150	FAM_00347	other	Unknown	acyl_amino_acids	other	NZ_JBHRYD010000001.1 Devosia honganensis strain KCTC 42281 platanus_K_25_97_1, whole genome shotgun sequence	Unknown	other_c0.7_famFAM_00347	0.7
NZ_JAENGO010000005.1.region001.gbk_region_1	NZ_JAENGO010000005.1.region001	region	1	150	FAM_00347	other	Unknown	hserlactone	other	NZ_JAENGO010000005.1 Devosia sp. WQ 349K1 Scaffold4_1, whole genome shotgun sequence	Unknown	other_c0.7_famFAM_00347	0.7
NZ_CP063401.1.region004.gbk_region_4	NZ_CP063401.1.region004	region	4	150	FAM_00347	other	Unknown	acyl_amino_acids	other	NZ_CP063401.1 Devosia sp. SL43 chromosome, complete genome	Unknown	other_c0.7_famFAM_00347	0.7
NZ_JACDXV010000002.1.region001.gbk_region_1	NZ_JACDXV010000002.1.region001	region	1	150	FAM_00347	other	Unknown	acyl_amino_acids	other	NZ_JACDXV010000002.1 Devosia faecipullorum strain CC-YST696 contig02, whole genome shotgun sequence	Unknown	other_c0.7_famFAM_00347	0.7
NZ_JAEMEB010000015.1.region001.gbk_region_1	NZ_JAEMEB010000015.1.region001	region	1	150	FAM_00347	other	Unknown	hserlactone	other	NZ_JAEMEB010000015.1 Devosia sp. MC521 Scaffold15_1, whole genome shotgun sequence	Unknown	other_c0.7_famFAM_00347	0.7
NZ_CP059902.1.region005.gbk_region_5	NZ_CP059902.1.region005	region	5	150	FAM_00347	other	Unknown	hserlactone	other	NZ_CP059902.1 Devosia sp. MC521 chromosome, complete genome	Unknown	other_c0.7_famFAM_00347	0.7
NZ_JABBDZ010000002.1.region002.gbk_region_2	NZ_JABBDZ010000002.1.region002	region	2	150	FAM_00347	other	Unknown	hserlactone	other	NZ_JABBDZ010000002.1 Devosia sp. MC1541 Scaffold2_1, whole genome shotgun sequence	Unknown	other_c0.7_famFAM_00347	0.7
NZ_LAJF01000054.1.region001.gbk_region_1	NZ_LAJF01000054.1.region001	region	1	150	FAM_00347	other	Unknown	acyl_amino_acids.hserlactone	other	NZ_LAJF01000054.1 Devosia limi DSM 17137 NODE_54, whole genome shotgun sequence	Unknown	other_c0.7_famFAM_00347	0.7
NZ_AP027921.1.region001.gbk_region_1	NZ_AP027921.1.region001	region	1	150	FAM_00348	other	Unknown	hserlactone	other	NZ_AP027921.1 Devosia sp. T2-14 chromosome, complete genome	Unknown	other_c0.7_famFAM_00348	0.7
NZ_JAEMNZ010000020.1.region001.gbk_region_1	NZ_JAEMNZ010000020.1.region001	region	1	150	FAM_00348	other	Unknown	hserlactone	other	NZ_JAEMNZ010000020.1 Devosia sp. MC532 Scaffold20_1, whole genome shotgun sequence	Unknown	other_c0.7_famFAM_00348	0.7
NZ_BMZE01000002.1.region001.gbk_region_1	NZ_BMZE01000002.1.region001	region	1	150	FAM_00348	other	Unknown	hserlactone	other	NZ_BMZE01000002.1 Devosia pacifica strain KCTC 32437 sequence2, whole genome shotgun sequence	Unknown	other_c0.7_famFAM_00348	0.7
NZ_LMGZ01000019.1.region001.gbk_region_1	NZ_LMGZ01000019.1.region001	region	1	150	FAM_00348	other	Unknown	hserlactone	other	NZ_LMGZ01000019.1 Devosia sp. Root635 contig_4, whole genome shotgun sequence	Unknown	other_c0.7_famFAM_00348	0.7
NZ_LMEM01000010.1.region001.gbk_region_1	NZ_LMEM01000010.1.region001	region	1	150	FAM_00348	other	Unknown	hserlactone	other	NZ_LMEM01000010.1 Devosia sp. Root436 contig_3, whole genome shotgun sequence	Unknown	other_c0.7_famFAM_00348	0.7
NZ_PYVW01000012.1.region001.gbk_region_1	NZ_PYVW01000012.1.region001	region	1	150	FAM_00348	other	Unknown	hserlactone	other	NZ_PYVW01000012.1 Devosia naphthalenivorans strain CM5-1 scaffold12, whole genome shotgun sequence	Unknown	other_c0.7_famFAM_00348	0.7
NZ_JAQGJV010000035.1.region001.gbk_region_1	NZ_JAQGJV010000035.1.region001	region	1	150	FAM_00349	other	Unknown	hserlactone	other	NZ_JAQGJV010000035.1 MAG: Devosia sp. isolate RYN_494 scaffold_5976185, whole genome shotgun sequence	Unknown	other_c0.7_famFAM_00349	0.7
NZ_JAQGJM010000040.1.region001.gbk_region_1	NZ_JAQGJM010000040.1.region001	region	1	150	FAM_00349	other	Unknown	hserlactone	other	NZ_JAQGJM010000040.1 MAG: Devosia sp. isolate RYN_485 scaffold_1327769, whole genome shotgun sequence	Unknown	other_c0.7_famFAM_00349	0.7
NZ_JBEPOL010000003.1.region001.gbk_region_1	NZ_JBEPOL010000003.1.region001	region	1	150	FAM_00349	other	Unknown	hserlactone	other	NZ_JBEPOL010000003.1 Devosia sp. UYZn731 Ga0493902_03, whole genome shotgun sequence	Unknown	other_c0.7_famFAM_00349	0.7
NZ_JAMZCU010000002.1.region001.gbk_region_1	NZ_JAMZCU010000002.1.region001	region	1	150	FAM_00350	other	Unknown	acyl_amino_acids	other	NZ_JAMZCU010000002.1 Devosia ureilytica strain XJ19-1 Scaffold2, whole genome shotgun sequence	Unknown	other_c0.7_famFAM_00350	0.7
NZ_JAEKMH010000004.1.region001.gbk_region_1	NZ_JAEKMH010000004.1.region001	region	1	150	FAM_00350	other	Unknown	hserlactone	other	NZ_JAEKMH010000004.1 Devosia sediminis strain MSA67 NODE_4_length_514361_cov_166.640065, whole genome shotgun sequence	Unknown	other_c0.7_famFAM_00350	0.7
NZ_CP170082.1.region002.gbk_region_2	NZ_CP170082.1.region002	region	2	150	FAM_00350	other	Unknown	hserlactone	other	NZ_CP170082.1 Devosia sp. Naph2 chromosome, complete genome	Unknown	other_c0.7_famFAM_00350	0.7
NZ_JAVKFR010000006.1.region001.gbk_region_1	NZ_JAVKFR010000006.1.region001	region	1	150	FAM_00350	other	Unknown	hserlactone	other	NZ_JAVKFR010000006.1 MAG: Devosia marina isolate F1-TOW-06 k141_66864, whole genome shotgun sequence	Unknown	other_c0.7_famFAM_00350	0.7
NZ_CP094375.1.region003.gbk_region_3	NZ_CP094375.1.region003	region	3	150	FAM_00350	other	Unknown	hserlactone	other	NZ_CP094375.1 Devosia sp. Micro-HW1 chromosome, complete genome	Unknown	other_c0.7_famFAM_00350	0.7
NZ_PYVZ01000009.1.region001.gbk_region_1	NZ_PYVZ01000009.1.region001	region	1	150	FAM_00350	other	Unknown	hserlactone	other	NZ_PYVZ01000009.1 Devosia indica strain IO390501 scaffold9, whole genome shotgun sequence	Unknown	other_c0.7_famFAM_00350	0.7
NZ_JBTMWV010000009.1.region001.gbk_region_1	NZ_JBTMWV010000009.1.region001	region	1	150	FAM_00350	other	Unknown	hserlactone	other	NZ_JBTMWV010000009.1 Devosia sp. A369 Scaffold9, whole genome shotgun sequence	Unknown	other_c0.7_famFAM_00350	0.7
NZ_JBTMWU010000001.1.region002.gbk_region_2	NZ_JBTMWU010000001.1.region002	region	2	150	FAM_00350	other	Unknown	hserlactone	other	NZ_JBTMWU010000001.1 Devosia sp. A449 Scaffold1, whole genome shotgun sequence	Unknown	other_c0.7_famFAM_00350	0.7
NZ_CP068046.1.region005.gbk_region_5	NZ_CP068046.1.region005	region	5	150	FAM_00350	other	Unknown	hserlactone	other	NZ_CP068046.1 Devosia rhizoryzae strain LEGU1 chromosome	Unknown	other_c0.7_famFAM_00350	0.7
NZ_CP026747.1.region003.gbk_region_3	NZ_CP026747.1.region003	region	3	150	FAM_00350	other	Unknown	hserlactone	other	NZ_CP026747.1 Devosia sp. I507 chromosome, complete genome	Unknown	other_c0.7_famFAM_00350	0.7
NZ_CP080590.1.region007.gbk_region_7	NZ_CP080590.1.region007	region	7	150	FAM_00350	other	Unknown	hserlactone	other	NZ_CP080590.1 Devosia salina strain SCS-3 chromosome, complete genome	Unknown	other_c0.7_famFAM_00350	0.7
NZ_WQRF01000002.1.region001.gbk_region_1	NZ_WQRF01000002.1.region001	region	1	150	FAM_00350	other	Unknown	hserlactone	other	NZ_WQRF01000002.1 Devosia marina strain L53-10-65 NODE_2_length_636985_cov_56.763128, whole genome shotgun sequence	Unknown	other_c0.7_famFAM_00350	0.7
NZ_JAMWDU010000002.1.region002.gbk_region_2	NZ_JAMWDU010000002.1.region002	region	2	150	FAM_00350	other	Unknown	acyl_amino_acids	other	NZ_JAMWDU010000002.1 Devosia ureilytica strain XJ19-45 Scaffold2, whole genome shotgun sequence	Unknown	other_c0.7_famFAM_00350	0.7
NZ_JABAOL010000001.1.region001.gbk_region_1	NZ_JABAOL010000001.1.region001	region	1	150	FAM_00351	other	Unknown	acyl_amino_acids	other	NZ_JABAOL010000001.1 Devosia sp. 919 Scaffold1_1, whole genome shotgun sequence	Unknown	other_c0.7_famFAM_00351	0.7
NZ_JBYUNQ010000002.1.region001.gbk_region_1	NZ_JBYUNQ010000002.1.region001	region	1	150	FAM_00351	other	Unknown	acyl_amino_acids	other	NZ_JBYUNQ010000002.1 Devosia sp. Z11_6 NODE_2_length_859975_cov_197.188371, whole genome shotgun sequence	Unknown	other_c0.7_famFAM_00351	0.7
NZ_CP034767.1.region005.gbk_region_5	NZ_CP034767.1.region005	region	5	150	FAM_00351	other	Unknown	acyl_amino_acids	other	NZ_CP034767.1 Devosia sp. 1566 chromosome, complete genome	Unknown	other_c0.7_famFAM_00351	0.7
NZ_JBYUNO010000001.1.region002.gbk_region_2	NZ_JBYUNO010000001.1.region002	region	2	150	FAM_00351	other	Unknown	acyl_amino_acids	other	NZ_JBYUNO010000001.1 Devosia sp. Z6_126 NODE_1_length_1401190_cov_167.528294, whole genome shotgun sequence	Unknown	other_c0.7_famFAM_00351	0.7
NZ_JABAOM010000003.1.region001.gbk_region_1	NZ_JABAOM010000003.1.region001	region	1	150	FAM_00351	other	Unknown	acyl_amino_acids	other	NZ_JABAOM010000003.1 Devosia sp. 1635 Scaffold3_1, whole genome shotgun sequence	Unknown	other_c0.7_famFAM_00351	0.7
NZ_BSNS01000007.1.region002.gbk_region_2	NZ_BSNS01000007.1.region002	region	2	150	FAM_00352	other	Unknown	acyl_amino_acids	other	NZ_BSNS01000007.1 Devosia nitrariae strain NBRC 112416 sequence07, whole genome shotgun sequence	Unknown	other_c0.7_famFAM_00352	0.7
NZ_JBHLYO010000012.1.region001.gbk_region_1	NZ_JBHLYO010000012.1.region001	region	1	150	FAM_00352	other	Unknown	acyl_amino_acids	other	NZ_JBHLYO010000012.1 Devosia nitrariae strain NBRC 112416 platanus_K_default_12, whole genome shotgun sequence	Unknown	other_c0.7_famFAM_00352	0.7
NZ_LMLO01000019.1.region001.gbk_region_1	NZ_LMLO01000019.1.region001	region	1	150	FAM_00353	other	Unknown	acyl_amino_acids	other	NZ_LMLO01000019.1 Devosia sp. Leaf64 contig_4, whole genome shotgun sequence	Unknown	other_c0.7_famFAM_00353	0.7
NZ_CP104007.1.region001.gbk_region_1	NZ_CP104007.1.region001	region	1	150	FAM_00353	other	Unknown	hserlactone	other	NZ_CP104007.1 Devosia sp. FJ2-5-3 chromosome, complete genome	Unknown	other_c0.7_famFAM_00353	0.7
NZ_JAIMBX010000002.1.region001.gbk_region_1	NZ_JAIMBX010000002.1.region001	region	1	150	FAM_00353	other	Unknown	acyl_amino_acids	other	NZ_JAIMBX010000002.1 Devosia sp. BK 9_Devo_2, whole genome shotgun sequence	Unknown	other_c0.7_famFAM_00353	0.7
NZ_JAFKHC010000010.1.region001.gbk_region_1	NZ_JAFKHC010000010.1.region001	region	1	150	FAM_00353	other	Unknown	hserlactone	other	NZ_JAFKHC010000010.1 MAG: Devosia sp. isolate SCN18_26_2_15_R2_B_67_34 SCN18_26_2_15_R2_B_scaffold_56, whole genome shotgun sequence	Unknown	other_c0.7_famFAM_00353	0.7
NZ_MKVA01000002.1.region001.gbk_region_1	NZ_MKVA01000002.1.region001	region	1	150	FAM_00353	other	Unknown	hserlactone	other	NZ_MKVA01000002.1 MAG: Devosia sp. 67-54 SCNpilot_cont_1000_bf_scaffold_153, whole genome shotgun sequence	Unknown	other_c0.7_famFAM_00353	0.7
NZ_LMQU01000010.1.region001.gbk_region_1	NZ_LMQU01000010.1.region001	region	1	150	FAM_00353	other	Unknown	acyl_amino_acids	other	NZ_LMQU01000010.1 Devosia sp. Leaf420 contig_3, whole genome shotgun sequence	Unknown	other_c0.7_famFAM_00353	0.7
NZ_MKVA01000006.1.region001.gbk_region_1	NZ_MKVA01000006.1.region001	region	1	150	FAM_00354	other	Unknown	hydrogen-cyanide	other	NZ_MKVA01000006.1 MAG: Devosia sp. 67-54 SCNpilot_cont_1000_bf_scaffold_34, whole genome shotgun sequence	Unknown	other_c0.7_famFAM_00354	0.7
NZ_JAFKHC010000009.1.region001.gbk_region_1	NZ_JAFKHC010000009.1.region001	region	1	150	FAM_00354	other	Unknown	hydrogen-cyanide	other	NZ_JAFKHC010000009.1 MAG: Devosia sp. isolate SCN18_26_2_15_R2_B_67_34 SCN18_26_2_15_R2_B_scaffold_40, whole genome shotgun sequence	Unknown	other_c0.7_famFAM_00354	0.7
NZ_LAJF01000076.1.region001.gbk_region_1	NZ_LAJF01000076.1.region001	region	1	166	FAM_00355	other	Unknown	ectoine	other	NZ_LAJF01000076.1 Devosia limi DSM 17137 NODE_76, whole genome shotgun sequence	Unknown	other_c0.7_famFAM_00355	0.7
NZ_CP118245.1.region004.gbk_region_4	NZ_CP118245.1.region004	region	4	166	FAM_00355	other	Unknown	ectoine	other	NZ_CP118245.1 Devosia sp. J2-20 chromosome	Unknown	other_c0.7_famFAM_00355	0.7
NZ_JAPWHK010000001.1.region001.gbk_region_1	NZ_JAPWHK010000001.1.region001	region	1	166	FAM_00355	other	Unknown	ectoine	other	NZ_JAPWHK010000001.1 Devosia neptuniae strain G21611-S1 NODE_1_length_635483_cov_121.601, whole genome shotgun sequence	Unknown	other_c0.7_famFAM_00355	0.7
NZ_JAMWDU010000009.1.region001.gbk_region_1	NZ_JAMWDU010000009.1.region001	region	1	166	FAM_00355	other	Unknown	ectoine	other	NZ_JAMWDU010000009.1 Devosia ureilytica strain XJ19-45 Scaffold9, whole genome shotgun sequence	Unknown	other_c0.7_famFAM_00355	0.7
NZ_JBTLRJ010000002.1.region001.gbk_region_1	NZ_JBTLRJ010000002.1.region001	region	1	166	FAM_00355	other	Unknown	ectoine	other	NZ_JBTLRJ010000002.1 Devosia sp. CAU 1758 contig2, whole genome shotgun sequence	Unknown	other_c0.7_famFAM_00355	0.7
NZ_CP045422.1.region005.gbk_region_5	NZ_CP045422.1.region005	region	5	166	FAM_00355	other	Unknown	ectoine	other	NZ_CP045422.1 Devosia beringensis strain S02 chromosome, complete genome	Unknown	other_c0.7_famFAM_00355	0.7
NZ_JAMYXP010000001.1.region001.gbk_region_1	NZ_JAMYXP010000001.1.region001	region	1	166	FAM_00355	other	Unknown	ectoine	other	NZ_JAMYXP010000001.1 Devosia subaequoris strain HST3-14 Scaffold1, whole genome shotgun sequence	Unknown	other_c0.7_famFAM_00355	0.7
NZ_JACIEW010000001.1.region002.gbk_region_2	NZ_JACIEW010000001.1.region002	region	2	166	FAM_00355	other	Unknown	ectoine	other	NZ_JACIEW010000001.1 Devosia subaequoris strain DSM 23447 Ga0373328_01, whole genome shotgun sequence	Unknown	other_c0.7_famFAM_00355	0.7
NZ_CP146608.1.region001.gbk_region_1	NZ_CP146608.1.region001	region	1	166	FAM_00355	other	Unknown	ectoine	other	NZ_CP146608.1 Devosia sp. XK-2 chromosome, complete genome	Unknown	other_c0.7_famFAM_00355	0.7
NZ_WQRF01000001.1.region002.gbk_region_2	NZ_WQRF01000001.1.region002	region	2	166	FAM_00355	other	Unknown	ectoine	other	NZ_WQRF01000001.1 Devosia marina strain L53-10-65 NODE_1_length_1615214_cov_52.474690, whole genome shotgun sequence	Unknown	other_c0.7_famFAM_00355	0.7
NZ_JBLXGA010000002.1.region001.gbk_region_1	NZ_JBLXGA010000002.1.region001	region	1	166	FAM_00355	other	Unknown	hydrogen-cyanide	other	NZ_JBLXGA010000002.1 MAG: Devosia sp. isolate ET04-05 T04maxbin_out.008RE.5K@2, whole genome shotgun sequence	Unknown	other_c0.7_famFAM_00355	0.7
NZ_CP080590.1.region003.gbk_region_3	NZ_CP080590.1.region003	region	3	166	FAM_00355	other	Unknown	ectoine	other	NZ_CP080590.1 Devosia salina strain SCS-3 chromosome, complete genome	Unknown	other_c0.7_famFAM_00355	0.7
NZ_CP170082.1.region006.gbk_region_6	NZ_CP170082.1.region006	region	6	166	FAM_00355	other	Unknown	ectoine	other	NZ_CP170082.1 Devosia sp. Naph2 chromosome, complete genome	Unknown	other_c0.7_famFAM_00355	0.7
NZ_CP026747.1.region006.gbk_region_6	NZ_CP026747.1.region006	region	6	166	FAM_00355	other	Unknown	ectoine	other	NZ_CP026747.1 Devosia sp. I507 chromosome, complete genome	Unknown	other_c0.7_famFAM_00355	0.7
NZ_JAGXTP010000001.1.region004.gbk_region_4	NZ_JAGXTP010000001.1.region004	region	4	166	FAM_00355	other	Unknown	ectoine	other	NZ_JAGXTP010000001.1 Devosia litorisediminis strain BSSL-BM10 1, whole genome shotgun sequence	Unknown	other_c0.7_famFAM_00355	0.7
NZ_FQVC01000010.1.region002.gbk_region_2	NZ_FQVC01000010.1.region002	region	2	166	FAM_00355	other	Unknown	ectoine	other	NZ_FQVC01000010.1 Devosia limi DSM 17137, whole genome shotgun sequence	Unknown	other_c0.7_famFAM_00355	0.7
NZ_CM147870.1.region005.gbk_region_5	NZ_CM147870.1.region005	region	5	166	FAM_00355	other	Unknown	ectoine	other	NZ_CM147870.1 Devosia sp. J2-20 chromosome, whole genome shotgun sequence	Unknown	other_c0.7_famFAM_00355	0.7
NZ_FPCK01000003.1.region001.gbk_region_1	NZ_FPCK01000003.1.region001	region	1	166	FAM_00355	other	Unknown	ectoine	other	NZ_FPCK01000003.1 Devosia crocina strain IPL20, whole genome shotgun sequence	Unknown	other_c0.7_famFAM_00355	0.7
NZ_JAVKFR010000022.1.region001.gbk_region_1	NZ_JAVKFR010000022.1.region001	region	1	166	FAM_00355	other	Unknown	ectoine	other	NZ_JAVKFR010000022.1 MAG: Devosia marina isolate F1-TOW-06 k141_60500, whole genome shotgun sequence	Unknown	other_c0.7_famFAM_00355	0.7
NZ_JAMZCU010000006.1.region001.gbk_region_1	NZ_JAMZCU010000006.1.region001	region	1	166	FAM_00355	other	Unknown	ectoine	other	NZ_JAMZCU010000006.1 Devosia ureilytica strain XJ19-1 Scaffold6, whole genome shotgun sequence	Unknown	other_c0.7_famFAM_00355	0.7
NZ_JACYFU010000004.1.region001.gbk_region_1	NZ_JACYFU010000004.1.region001	region	1	166	FAM_00355	other	Unknown	ectoine	other	NZ_JACYFU010000004.1 Devosia oryzisoli strain PTR5 contig4, whole genome shotgun sequence	Unknown	other_c0.7_famFAM_00355	0.7
NZ_JBNMEO010000008.1.region001.gbk_region_1	NZ_JBNMEO010000008.1.region001	region	1	166	FAM_00355	other	Unknown	ectoine	other	NZ_JBNMEO010000008.1 MAG: Devosia sp. isolate 3300055174_60 Ga0535679_0000094, whole genome shotgun sequence	Unknown	other_c0.7_famFAM_00355	0.7
NZ_CP034767.1.region006.gbk_region_6	NZ_CP034767.1.region006	region	6	166	FAM_00355	other	Unknown	hydrogen-cyanide	other	NZ_CP034767.1 Devosia sp. 1566 chromosome, complete genome	Unknown	other_c0.7_famFAM_00355	0.7
NZ_FXWK01000001.1.region001.gbk_region_1	NZ_FXWK01000001.1.region001	region	1	166	FAM_00355	other	Unknown	ectoine	other	NZ_FXWK01000001.1 Devosia lucknowensis strain L15, whole genome shotgun sequence	Unknown	other_c0.7_famFAM_00355	0.7
NZ_PYVZ01000007.1.region001.gbk_region_1	NZ_PYVZ01000007.1.region001	region	1	166	FAM_00355	other	Unknown	ectoine	other	NZ_PYVZ01000007.1 Devosia indica strain IO390501 scaffold7, whole genome shotgun sequence	Unknown	other_c0.7_famFAM_00355	0.7
NZ_BMZE01000004.1.region001.gbk_region_1	NZ_BMZE01000004.1.region001	region	1	166	FAM_00356	other	Unknown	ectoine	other	NZ_BMZE01000004.1 Devosia pacifica strain KCTC 32437 sequence4, whole genome shotgun sequence	Unknown	other_c0.7_famFAM_00356	0.7
NZ_CP126539.1.region003.gbk_region_3	NZ_CP126539.1.region003	region	3	166	FAM_00356	other	Unknown	ectoine	other	NZ_CP126539.1 Devosia rhizosphaerae strain RR2S18 chromosome, complete genome	Unknown	other_c0.7_famFAM_00356	0.7
NZ_JZEY01000061.1.region001.gbk_region_1	NZ_JZEY01000061.1.region001	region	1	166	FAM_00356	other	Unknown	ectoine	other	NZ_JZEY01000061.1 Devosia chinhatensis strain IPL18 NODE_61, whole genome shotgun sequence	Unknown	other_c0.7_famFAM_00356	0.7
NZ_CP104965.1.region003.gbk_region_3	NZ_CP104965.1.region003	region	3	166	FAM_00359	other	Unknown	betalactone	other	NZ_CP104965.1 Devosia neptuniae strain A18/4-1 chromosome, complete genome	Unknown	other_c0.7_famFAM_00359	0.7
NZ_JBJDRE010000003.1.region001.gbk_region_1	NZ_JBJDRE010000003.1.region001	region	1	166	FAM_00359	other	Unknown	betalactone	other	NZ_JBJDRE010000003.1 Devosia sp. ZW T5_3 ZW_T5_3_contig_003, whole genome shotgun sequence	Unknown	other_c0.7_famFAM_00359	0.7
NZ_BSNG01000001.1.region002.gbk_region_2	NZ_BSNG01000001.1.region002	region	2	166	FAM_00359	other	Unknown	betalactone	other	NZ_BSNG01000001.1 Devosia yakushimensis strain NBRC 103855 sequence01, whole genome shotgun sequence	Unknown	other_c0.7_famFAM_00359	0.7
NZ_JAQGJM010000009.1.region001.gbk_region_1	NZ_JAQGJM010000009.1.region001	region	1	166	FAM_00359	other	Unknown	betalactone	other	NZ_JAQGJM010000009.1 MAG: Devosia sp. isolate RYN_485 scaffold_227217, whole genome shotgun sequence	Unknown	other_c0.7_famFAM_00359	0.7
NZ_JNNO01000023.1.region001.gbk_region_1	NZ_JNNO01000023.1.region001	region	1	166	FAM_00359	other	Unknown	betalactone	other	NZ_JNNO01000023.1 Devosia sp. LC5 contig3, whole genome shotgun sequence	Unknown	other_c0.7_famFAM_00359	0.7
NZ_FOMB01000007.1.region001.gbk_region_1	NZ_FOMB01000007.1.region001	region	1	166	FAM_00359	other	Unknown	betalactone	other	NZ_FOMB01000007.1 Devosia psychrophila strain CGMCC 1.10210, whole genome shotgun sequence	Unknown	other_c0.7_famFAM_00359	0.7
NZ_JAQGJV010000082.1.region001.gbk_region_1	NZ_JAQGJV010000082.1.region001	region	1	166	FAM_00360	other	Unknown	betalactone	other	NZ_JAQGJV010000082.1 MAG: Devosia sp. isolate RYN_494 scaffold_251191, whole genome shotgun sequence	Unknown	other_c0.7_famFAM_00360	0.7
NZ_FOFL01000002.1.region001.gbk_region_1	NZ_FOFL01000002.1.region001	region	1	166	FAM_00360	other	Unknown	betalactone	other	NZ_FOFL01000002.1 Devosia sp. YR412, whole genome shotgun sequence	Unknown	other_c0.7_famFAM_00360	0.7
NZ_JBLXGA010000009.1.region001.gbk_region_1	NZ_JBLXGA010000009.1.region001	region	1	166	FAM_00360	other	Unknown	betalactone	other	NZ_JBLXGA010000009.1 MAG: Devosia sp. isolate ET04-05 T04maxbin_out.008RE.5K@9, whole genome shotgun sequence	Unknown	other_c0.7_famFAM_00360	0.7
NZ_JBEPOL010000004.1.region001.gbk_region_1	NZ_JBEPOL010000004.1.region001	region	1	166	FAM_00360	other	Unknown	betalactone	other	NZ_JBEPOL010000004.1 Devosia sp. UYZn731 Ga0493902_04, whole genome shotgun sequence	Unknown	other_c0.7_famFAM_00360	0.7
NZ_CP068047.1.region002.gbk_region_2	NZ_CP068047.1.region002	region	2	166	FAM_00360	other	Unknown	betalactone	other	NZ_CP068047.1 Devosia oryziradicis strain G19 chromosome	Unknown	other_c0.7_famFAM_00360	0.7
NZ_CM147875.1.region004.gbk_region_4	NZ_CM147875.1.region004	region	4	166	FAM_00360	other	Unknown	betalactone	other	NZ_CM147875.1 Devosia sp. J20-27 chromosome, whole genome shotgun sequence	Unknown	other_c0.7_famFAM_00360	0.7
NZ_JAENGO010000001.1.region001.gbk_region_1	NZ_JAENGO010000001.1.region001	region	1	166	FAM_00367	other	Unknown	betalactone	other	NZ_JAENGO010000001.1 Devosia sp. WQ 349K1 Scaffold1_1, whole genome shotgun sequence	Unknown	other_c0.7_famFAM_00367	0.7
NZ_LMGZ01000018.1.region001.gbk_region_1	NZ_LMGZ01000018.1.region001	region	1	166	FAM_00367	other	Unknown	betalactone	other	NZ_LMGZ01000018.1 Devosia sp. Root635 contig_3, whole genome shotgun sequence	Unknown	other_c0.7_famFAM_00367	0.7
NZ_CP127251.1.region002.gbk_region_2	NZ_CP127251.1.region002	region	2	166	FAM_00367	other	Unknown	betalactone	other	NZ_CP127251.1 Devosia sp. YIM 151766 chromosome, complete genome	Unknown	other_c0.7_famFAM_00367	0.7
NZ_JACYFU010000001.1.region001.gbk_region_1	NZ_JACYFU010000001.1.region001	region	1	166	FAM_00367	other	Unknown	betalactone	other	NZ_JACYFU010000001.1 Devosia oryzisoli strain PTR5 contig1, whole genome shotgun sequence	Unknown	other_c0.7_famFAM_00367	0.7
NZ_JAEMEB010000003.1.region001.gbk_region_1	NZ_JAEMEB010000003.1.region001	region	1	166	FAM_00367	other	Unknown	betalactone	other	NZ_JAEMEB010000003.1 Devosia sp. MC521 Scaffold3_1, whole genome shotgun sequence	Unknown	other_c0.7_famFAM_00367	0.7
NZ_JAEMNZ010000002.1.region001.gbk_region_1	NZ_JAEMNZ010000002.1.region001	region	1	166	FAM_00367	other	Unknown	betalactone	other	NZ_JAEMNZ010000002.1 Devosia sp. MC532 Scaffold2_1, whole genome shotgun sequence	Unknown	other_c0.7_famFAM_00367	0.7
NZ_CP059902.1.region003.gbk_region_3	NZ_CP059902.1.region003	region	3	166	FAM_00367	other	Unknown	betalactone	other	NZ_CP059902.1 Devosia sp. MC521 chromosome, complete genome	Unknown	other_c0.7_famFAM_00367	0.7
NZ_JABBDZ010000005.1.region001.gbk_region_1	NZ_JABBDZ010000005.1.region001	region	1	166	FAM_00367	other	Unknown	betalactone	other	NZ_JABBDZ010000005.1 Devosia sp. MC1541 Scaffold5_1, whole genome shotgun sequence	Unknown	other_c0.7_famFAM_00367	0.7
NZ_JAMZCU010000003.1.region001.gbk_region_1	NZ_JAMZCU010000003.1.region001	region	1	166	FAM_00368	other	Unknown	betalactone	other	NZ_JAMZCU010000003.1 Devosia ureilytica strain XJ19-1 Scaffold3, whole genome shotgun sequence	Unknown	other_c0.7_famFAM_00368	0.7
NZ_WQRF01000001.1.region004.gbk_region_4	NZ_WQRF01000001.1.region004	region	4	166	FAM_00368	other	Unknown	betalactone	other	NZ_WQRF01000001.1 Devosia marina strain L53-10-65 NODE_1_length_1615214_cov_52.474690, whole genome shotgun sequence	Unknown	other_c0.7_famFAM_00368	0.7
NZ_CP026747.1.region004.gbk_region_4	NZ_CP026747.1.region004	region	4	166	FAM_00368	other	Unknown	betalactone	other	NZ_CP026747.1 Devosia sp. I507 chromosome, complete genome	Unknown	other_c0.7_famFAM_00368	0.7
NZ_CP146608.1.region005.gbk_region_5	NZ_CP146608.1.region005	region	5	166	FAM_00368	other	Unknown	betalactone	other	NZ_CP146608.1 Devosia sp. XK-2 chromosome, complete genome	Unknown	other_c0.7_famFAM_00368	0.7
NZ_PYVZ01000019.1.region001.gbk_region_1	NZ_PYVZ01000019.1.region001	region	1	166	FAM_00368	other	Unknown	betalactone	other	NZ_PYVZ01000019.1 Devosia indica strain IO390501 scaffold19, whole genome shotgun sequence	Unknown	other_c0.7_famFAM_00368	0.7
NZ_JAMWDU010000003.1.region001.gbk_region_1	NZ_JAMWDU010000003.1.region001	region	1	166	FAM_00368	other	Unknown	betalactone	other	NZ_JAMWDU010000003.1 Devosia ureilytica strain XJ19-45 Scaffold3, whole genome shotgun sequence	Unknown	other_c0.7_famFAM_00368	0.7
NZ_JAGXTP010000001.1.region002.gbk_region_2	NZ_JAGXTP010000001.1.region002	region	2	166	FAM_00369	other	Unknown	betalactone	other	NZ_JAGXTP010000001.1 Devosia litorisediminis strain BSSL-BM10 1, whole genome shotgun sequence	Unknown	other_c0.7_famFAM_00369	0.7
NZ_CP068046.1.region002.gbk_region_2	NZ_CP068046.1.region002	region	2	166	FAM_00369	other	Unknown	betalactone	other	NZ_CP068046.1 Devosia rhizoryzae strain LEGU1 chromosome	Unknown	other_c0.7_famFAM_00369	0.7
NZ_CM147870.1.region003.gbk_region_3	NZ_CM147870.1.region003	region	3	166	FAM_00369	other	Unknown	betalactone	other	NZ_CM147870.1 Devosia sp. J2-20 chromosome, whole genome shotgun sequence	Unknown	other_c0.7_famFAM_00369	0.7
NZ_PYVW01000018.1.region001.gbk_region_1	NZ_PYVW01000018.1.region001	region	1	166	FAM_00369	other	Unknown	betalactone	other	NZ_PYVW01000018.1 Devosia naphthalenivorans strain CM5-1 scaffold18, whole genome shotgun sequence	Unknown	other_c0.7_famFAM_00369	0.7
NZ_CP118245.1.region006.gbk_region_6	NZ_CP118245.1.region006	region	6	166	FAM_00369	other	Unknown	betalactone	other	NZ_CP118245.1 Devosia sp. J2-20 chromosome	Unknown	other_c0.7_famFAM_00369	0.7
NZ_LANJ01000045.1.region001.gbk_region_1	NZ_LANJ01000045.1.region001	region	1	166	FAM_00369	other	Unknown	betalactone	other	NZ_LANJ01000045.1 Devosia epidermidihirudinis strain E84 contig45, whole genome shotgun sequence	Unknown	other_c0.7_famFAM_00369	0.7
NZ_JAPWHK010000003.1.region001.gbk_region_1	NZ_JAPWHK010000003.1.region001	region	1	166	FAM_00369	other	Unknown	betalactone	other	NZ_JAPWHK010000003.1 Devosia neptuniae strain G21611-S1 NODE_3_length_471733_cov_115.273, whole genome shotgun sequence	Unknown	other_c0.7_famFAM_00369	0.7
NZ_JBNMEO010000093.1.region001.gbk_region_1	NZ_JBNMEO010000093.1.region001	region	1	166	FAM_00369	other	Unknown	betalactone	other	NZ_JBNMEO010000093.1 MAG: Devosia sp. isolate 3300055174_60 Ga0535679_0004564, whole genome shotgun sequence	Unknown	other_c0.7_famFAM_00369	0.7
NZ_LMHK01000001.1.region001.gbk_region_1	NZ_LMHK01000001.1.region001	region	1	166	FAM_00370	other	Unknown	betalactone	other	NZ_LMHK01000001.1 Devosia sp. Root685 contig_1, whole genome shotgun sequence	Unknown	other_c0.7_famFAM_00370	0.7
NZ_JAIMBX010000001.1.region001.gbk_region_1	NZ_JAIMBX010000001.1.region001	region	1	166	FAM_00370	other	Unknown	betalactone	other	NZ_JAIMBX010000001.1 Devosia sp. BK 9_Devo_1, whole genome shotgun sequence	Unknown	other_c0.7_famFAM_00370	0.7
NZ_LMLO01000024.1.region001.gbk_region_1	NZ_LMLO01000024.1.region001	region	1	166	FAM_00370	other	Unknown	betalactone	other	NZ_LMLO01000024.1 Devosia sp. Leaf64 contig_9, whole genome shotgun sequence	Unknown	other_c0.7_famFAM_00370	0.7
NZ_CP045422.1.region004.gbk_region_4	NZ_CP045422.1.region004	region	4	166	FAM_00370	other	Unknown	betalactone	other	NZ_CP045422.1 Devosia beringensis strain S02 chromosome, complete genome	Unknown	other_c0.7_famFAM_00370	0.7
NZ_CDRNJH010000001.1.region003.gbk_region_3	NZ_CDRNJH010000001.1.region003	region	3	166	FAM_00370	other	Unknown	betalactone	other	NZ_CDRNJH010000001.1 Devosia riboflavina isolate Ri144 gnlProkkaBTCC_1, whole genome shotgun sequence	Unknown	other_c0.7_famFAM_00370	0.7
NZ_CP042304.1.region003.gbk_region_3	NZ_CP042304.1.region003	region	3	166	FAM_00370	other	Unknown	betalactone	other	NZ_CP042304.1 Devosia ginsengisoli strain Gsoil 520 chromosome, complete genome	Unknown	other_c0.7_famFAM_00370	0.7
NZ_FPCK01000001.1.region002.gbk_region_2	NZ_FPCK01000001.1.region002	region	2	166	FAM_00370	other	Unknown	betalactone	other	NZ_FPCK01000001.1 Devosia crocina strain IPL20, whole genome shotgun sequence	Unknown	other_c0.7_famFAM_00370	0.7
NZ_JBMQPQ010000014.1.region001.gbk_region_1	NZ_JBMQPQ010000014.1.region001	region	1	166	FAM_00370	other	Unknown	betalactone	other	NZ_JBMQPQ010000014.1 MAG: Devosia sp. isolate isolate1_meta_1_34 k141_605893, whole genome shotgun sequence	Unknown	other_c0.7_famFAM_00370	0.7
NZ_LMQU01000013.1.region001.gbk_region_1	NZ_LMQU01000013.1.region001	region	1	166	FAM_00370	other	Unknown	betalactone	other	NZ_LMQU01000013.1 Devosia sp. Leaf420 contig_6, whole genome shotgun sequence	Unknown	other_c0.7_famFAM_00370	0.7
NZ_JQGC01000033.1.region001.gbk_region_1	NZ_JQGC01000033.1.region001	region	1	166	FAM_00370	other	Unknown	betalactone	other	NZ_JQGC01000033.1 Devosia riboflavina strain IFO13584 contig33, whole genome shotgun sequence	Unknown	other_c0.7_famFAM_00370	0.7
NZ_CAXUPK020000005.1.region001.gbk_region_1	NZ_CAXUPK020000005.1.region001	region	1	166	FAM_00370	other	Unknown	betalactone	other	NZ_CAXUPK020000005.1 Devosia sp. LjRoot3 LJR003c5, whole genome shotgun sequence	Unknown	other_c0.7_famFAM_00370	0.7
NZ_LAJG01000014.1.region002.gbk_region_2	NZ_LAJG01000014.1.region002	region	2	166	FAM_00370	other	Unknown	betalactone	other	NZ_LAJG01000014.1 Devosia soli strain GH2-10 NODE_14, whole genome shotgun sequence	Unknown	other_c0.7_famFAM_00370	0.7
NZ_JCACVZ010000001.1.region002.gbk_region_2	NZ_JCACVZ010000001.1.region002	region	2	166	FAM_00370	other	Unknown	betalactone	other	NZ_JCACVZ010000001.1 MAG: Devosia sp. isolate TerP_2 Oxa_002_000000000117, whole genome shotgun sequence	Unknown	other_c0.7_famFAM_00370	0.7
NZ_JANQAJ010000013.1.region001.gbk_region_1	NZ_JANQAJ010000013.1.region001	region	1	166	FAM_00370	other	Unknown	betalactone	other	NZ_JANQAJ010000013.1 MAG: Devosia ginsengisoli isolate 46_gen_w_cov.5 c137, whole genome shotgun sequence	Unknown	other_c0.7_famFAM_00370	0.7
NZ_BSNS01000008.1.region001.gbk_region_1	NZ_BSNS01000008.1.region001	region	1	166	FAM_00371	other	Unknown	betalactone	other	NZ_BSNS01000008.1 Devosia nitrariae strain NBRC 112416 sequence08, whole genome shotgun sequence	Unknown	other_c0.7_famFAM_00371	0.7
NZ_JAFKHE010000012.1.region001.gbk_region_1	NZ_JAFKHE010000012.1.region001	region	1	166	FAM_00371	other	Unknown	betalactone	other	NZ_JAFKHE010000012.1 MAG: Devosia sp. isolate SCN18_30_10_14_R3_P_66_71 SCN18_30_10_14_R3_P_scaffold_36, whole genome shotgun sequence	Unknown	other_c0.7_famFAM_00371	0.7
NZ_STGC01000005.1.region004.gbk_region_4	NZ_STGC01000005.1.region004	region	4	166	FAM_00371	other	Unknown	betalactone	other	NZ_STGC01000005.1 Devosia sp. FKR38 NODE_14_length_2742056_cov_203.257278, whole genome shotgun sequence	Unknown	other_c0.7_famFAM_00371	0.7
NZ_JBHLYO010000001.1.region001.gbk_region_1	NZ_JBHLYO010000001.1.region001	region	1	166	FAM_00371	other	Unknown	betalactone	other	NZ_JBHLYO010000001.1 Devosia nitrariae strain NBRC 112416 platanus_K_default_1, whole genome shotgun sequence	Unknown	other_c0.7_famFAM_00371	0.7
NZ_MKVA01000005.1.region001.gbk_region_1	NZ_MKVA01000005.1.region001	region	1	166	FAM_00372	other	Unknown	betalactone	other	NZ_MKVA01000005.1 MAG: Devosia sp. 67-54 SCNpilot_cont_1000_bf_scaffold_3, whole genome shotgun sequence	Unknown	other_c0.7_famFAM_00372	0.7
NZ_JAFKHC010000003.1.region001.gbk_region_1	NZ_JAFKHC010000003.1.region001	region	1	166	FAM_00372	other	Unknown	betalactone	other	NZ_JAFKHC010000003.1 MAG: Devosia sp. isolate SCN18_26_2_15_R2_B_67_34 SCN18_26_2_15_R2_B_scaffold_2, whole genome shotgun sequence	Unknown	other_c0.7_famFAM_00372	0.7
NZ_CP092483.1.region004.gbk_region_4	NZ_CP092483.1.region004	region	4	166	FAM_00372	other	Unknown	betalactone	other	NZ_CP092483.1 Devosia lacusdianchii strain JXJ CY 41 chromosome	Unknown	other_c0.7_famFAM_00372	0.7
NZ_PYWB01000003.1.region001.gbk_region_1	NZ_PYWB01000003.1.region001	region	1	166	FAM_00372	other	Unknown	betalactone	other	NZ_PYWB01000003.1 Devosia submarina strain JCM 18935 scaffold3, whole genome shotgun sequence	Unknown	other_c0.7_famFAM_00372	0.7
NZ_LMEM01000009.1.region001.gbk_region_1	NZ_LMEM01000009.1.region001	region	1	166	FAM_00372	other	Unknown	betalactone	other	NZ_LMEM01000009.1 Devosia sp. Root436 contig_2, whole genome shotgun sequence	Unknown	other_c0.7_famFAM_00372	0.7
NZ_FQVC01000004.1.region001.gbk_region_1	NZ_FQVC01000004.1.region001	region	1	166	FAM_00372	other	Unknown	betalactone	other	NZ_FQVC01000004.1 Devosia limi DSM 17137, whole genome shotgun sequence	Unknown	other_c0.7_famFAM_00372	0.7
NZ_JBTMWV010000001.1.region001.gbk_region_1	NZ_JBTMWV010000001.1.region001	region	1	166	FAM_00372	other	Unknown	betalactone	other	NZ_JBTMWV010000001.1 Devosia sp. A369 Scaffold1, whole genome shotgun sequence	Unknown	other_c0.7_famFAM_00372	0.7
NZ_JBKJHF010000001.1.region003.gbk_region_3	NZ_JBKJHF010000001.1.region003	region	3	166	FAM_00372	other	Unknown	betalactone	other	NZ_JBKJHF010000001.1 Devosia sp. XGJD_8 1, whole genome shotgun sequence	Unknown	other_c0.7_famFAM_00372	0.7
NZ_AP027921.1.region004.gbk_region_4	NZ_AP027921.1.region004	region	4	166	FAM_00372	other	Unknown	betalactone	other	NZ_AP027921.1 Devosia sp. T2-14 chromosome, complete genome	Unknown	other_c0.7_famFAM_00372	0.7
NZ_LAJF01000062.1.region001.gbk_region_1	NZ_LAJF01000062.1.region001	region	1	166	FAM_00372	other	Unknown	betalactone	other	NZ_LAJF01000062.1 Devosia limi DSM 17137 NODE_62, whole genome shotgun sequence	Unknown	other_c0.7_famFAM_00372	0.7
NZ_JBTMWU010000002.1.region001.gbk_region_1	NZ_JBTMWU010000002.1.region001	region	1	166	FAM_00372	other	Unknown	betalactone	other	NZ_JBTMWU010000002.1 Devosia sp. A449 Scaffold2, whole genome shotgun sequence	Unknown	other_c0.7_famFAM_00372	0.7
NZ_JZEY01000054.1.region003.gbk_region_3	NZ_JZEY01000054.1.region003	region	3	166	FAM_00373	other	Unknown	betalactone	other	NZ_JZEY01000054.1 Devosia chinhatensis strain IPL18 NODE_54, whole genome shotgun sequence	Unknown	other_c0.7_famFAM_00373	0.7
NZ_FXWK01000001.1.region004.gbk_region_4	NZ_FXWK01000001.1.region004	region	4	166	FAM_00373	other	Unknown	betalactone	other	NZ_FXWK01000001.1 Devosia lucknowensis strain L15, whole genome shotgun sequence	Unknown	other_c0.7_famFAM_00373	0.7
NZ_JBHTMH010000001.1.region001.gbk_region_1	NZ_JBHTMH010000001.1.region001	region	1	166	FAM_00373	other	Unknown	betalactone	other	NZ_JBHTMH010000001.1 Devosia equisanguinis strain CCM 8868 GCM70027366_15, whole genome shotgun sequence	Unknown	other_c0.7_famFAM_00373	0.7
NZ_CP075529.1.region003.gbk_region_3	NZ_CP075529.1.region003	region	3	166	FAM_00373	other	Unknown	betalactone	other	NZ_CP075529.1 MAG: Devosia sp. isolate TGS_PRO11 chromosome	Unknown	other_c0.7_famFAM_00373	0.7
NZ_JBTLRJ010000001.1.region002.gbk_region_2	NZ_JBTLRJ010000001.1.region002	region	2	166	FAM_00373	other	Unknown	betalactone	other	NZ_JBTLRJ010000001.1 Devosia sp. CAU 1758 contig1, whole genome shotgun sequence	Unknown	other_c0.7_famFAM_00373	0.7
NZ_UZWD01000036.1.region001.gbk_region_1	NZ_UZWD01000036.1.region001	region	1	166	FAM_00373	other	Unknown	betalactone	other	NZ_UZWD01000036.1 Devosia equisanguinis strain CIP 111628, whole genome shotgun sequence	Unknown	other_c0.7_famFAM_00373	0.7
NZ_MKUY01000003.1.region002.gbk_region_2	NZ_MKUY01000003.1.region002	region	2	166	FAM_00373	other	Unknown	betalactone	other	NZ_MKUY01000003.1 MAG: Devosia sp. 63-57 SCNpilot_expt_1000_bf_scaffold_28, whole genome shotgun sequence	Unknown	other_c0.7_famFAM_00373	0.7
NZ_JBVKGV010000043.1.region001.gbk_region_1	NZ_JBVKGV010000043.1.region001	region	1	166	FAM_00374	other	Unknown	hserlactone	other	NZ_JBVKGV010000043.1 MAG: Devosia sp. isolate ML34-006-05 ML34_006_NODE_920_length_25440_cov_2.136373, whole genome shotgun sequence	Unknown	other_c0.7_famFAM_00374	0.7
NZ_JBEPOL010000012.1.region001.gbk_region_1	NZ_JBEPOL010000012.1.region001	region	1	166	FAM_00374	other	Unknown	hserlactone	other	NZ_JBEPOL010000012.1 Devosia sp. UYZn731 Ga0493902_12, whole genome shotgun sequence	Unknown	other_c0.7_famFAM_00374	0.7
NZ_JBTSEP010000004.1.region001.gbk_region_1	NZ_JBTSEP010000004.1.region001	region	1	166	FAM_00374	other	Unknown	hserlactone	other	NZ_JBTSEP010000004.1 MAG: Devosia sp. isolate ML34-012-05 ML34_012_NODE_48_length_147816_cov_8.746420, whole genome shotgun sequence	Unknown	other_c0.7_famFAM_00374	0.7
NZ_CP104964.1.region001.gbk_region_1	NZ_CP104964.1.region001	region	1	166	FAM_00374	other	Unknown	hserlactone	other	NZ_CP104964.1 Devosia neptuniae strain A18/4-1 plasmid p_unnamed1, complete sequence	Unknown	other_c0.7_famFAM_00374	0.7
NZ_CP170084.1.region001.gbk_region_1	NZ_CP170084.1.region001	region	1	166	FAM_00374	other	Unknown	hserlactone	other	NZ_CP170084.1 Devosia sp. Naph2 plasmid unnamed2, complete sequence	Unknown	other_c0.7_famFAM_00374	0.7
NZ_CP170085.1.region001.gbk_region_1	NZ_CP170085.1.region001	region	1	166	FAM_00374	other	Unknown	hserlactone	other	NZ_CP170085.1 Devosia sp. Naph2 plasmid unnamed3, complete sequence	Unknown	other_c0.7_famFAM_00374	0.7
NZ_FQVC01000014.1.region001.gbk_region_1	NZ_FQVC01000014.1.region001	region	1	166	FAM_00375	other	Unknown	hserlactone	other	NZ_FQVC01000014.1 Devosia limi DSM 17137, whole genome shotgun sequence	Unknown	other_c0.7_famFAM_00375	0.7
NZ_JAPWHK010000012.1.region001.gbk_region_1	NZ_JAPWHK010000012.1.region001	region	1	166	FAM_00375	other	Unknown	hserlactone	other	NZ_JAPWHK010000012.1 Devosia neptuniae strain G21611-S1 NODE_12_length_122917_cov_11.4053, whole genome shotgun sequence	Unknown	other_c0.7_famFAM_00375	0.7
NZ_JBTMWV010000039.1.region001.gbk_region_1	NZ_JBTMWV010000039.1.region001	region	1	166	FAM_00375	other	Unknown	hserlactone	other	NZ_JBTMWV010000039.1 Devosia sp. A369 Scaffold39, whole genome shotgun sequence	Unknown	other_c0.7_famFAM_00375	0.7
NZ_FOMB01000021.1.region001.gbk_region_1	NZ_FOMB01000021.1.region001	region	1	166	FAM_00375	other	Unknown	hserlactone	other	NZ_FOMB01000021.1 Devosia psychrophila strain CGMCC 1.10210, whole genome shotgun sequence	Unknown	other_c0.7_famFAM_00375	0.7
NZ_JAVKFR010000033.1.region002.gbk_region_2	NZ_JAVKFR010000033.1.region002	region	2	166	FAM_00375	other	Unknown	hserlactone	other	NZ_JAVKFR010000033.1 MAG: Devosia marina isolate F1-TOW-06 k141_74518, whole genome shotgun sequence	Unknown	other_c0.7_famFAM_00375	0.7
NZ_LAJF01000040.1.region001.gbk_region_1	NZ_LAJF01000040.1.region001	region	1	166	FAM_00375	other	Unknown	hserlactone	other	NZ_LAJF01000040.1 Devosia limi DSM 17137 NODE_40, whole genome shotgun sequence	Unknown	other_c0.7_famFAM_00375	0.7
NZ_JQGC01000048.1.region001.gbk_region_1	NZ_JQGC01000048.1.region001	region	1	166	FAM_00379	other	Unknown	hserlactone	other	NZ_JQGC01000048.1 Devosia riboflavina strain IFO13584 contig48, whole genome shotgun sequence	Unknown	other_c0.7_famFAM_00379	0.7
NZ_JAVKFR010000033.1.region001.gbk_region_1	NZ_JAVKFR010000033.1.region001	region	1	166	FAM_00379	other	Unknown	hserlactone	other	NZ_JAVKFR010000033.1 MAG: Devosia marina isolate F1-TOW-06 k141_74518, whole genome shotgun sequence	Unknown	other_c0.7_famFAM_00379	0.7
NZ_JBHUNP010000001.1.region002.gbk_region_2	NZ_JBHUNP010000001.1.region002	region	2	166	FAM_00381	other	Unknown	hydrogen-cyanide	other	NZ_JBHUNP010000001.1 Devosia albogilva strain CCM 7427 tig00000001, whole genome shotgun sequence	Unknown	other_c0.7_famFAM_00381	0.7
NZ_JAFKHC010000005.1.region001.gbk_region_1	NZ_JAFKHC010000005.1.region001	region	1	166	FAM_00381	other	Unknown	hydrogen-cyanide	other	NZ_JAFKHC010000005.1 MAG: Devosia sp. isolate SCN18_26_2_15_R2_B_67_34 SCN18_26_2_15_R2_B_scaffold_15, whole genome shotgun sequence	Unknown	other_c0.7_famFAM_00381	0.7
NZ_MKVA01000003.1.region001.gbk_region_1	NZ_MKVA01000003.1.region001	region	1	166	FAM_00381	other	Unknown	hydrogen-cyanide	other	NZ_MKVA01000003.1 MAG: Devosia sp. 67-54 SCNpilot_cont_1000_bf_scaffold_18, whole genome shotgun sequence	Unknown	other_c0.7_famFAM_00381	0.7
NZ_MKVA01000003.1.region002.gbk_region_2	NZ_MKVA01000003.1.region002	region	2	233	FAM_00385	other	Unknown	hserlactone	other	NZ_MKVA01000003.1 MAG: Devosia sp. 67-54 SCNpilot_cont_1000_bf_scaffold_18, whole genome shotgun sequence	Unknown	other_c0.7_famFAM_00385	0.7
NZ_JAFKHC010000005.1.region002.gbk_region_2	NZ_JAFKHC010000005.1.region002	region	2	233	FAM_00385	other	Unknown	hserlactone	other	NZ_JAFKHC010000005.1 MAG: Devosia sp. isolate SCN18_26_2_15_R2_B_67_34 SCN18_26_2_15_R2_B_scaffold_15, whole genome shotgun sequence	Unknown	other_c0.7_famFAM_00385	0.7
NZ_CP042304.1.region006.gbk_region_6	NZ_CP042304.1.region006	region	6	254	FAM_00386	other	Unknown	hserlactone	other	NZ_CP042304.1 Devosia ginsengisoli strain Gsoil 520 chromosome, complete genome	Unknown	other_c0.7_famFAM_00386	0.7
NZ_JAMZCU010000007.1.region001.gbk_region_1	NZ_JAMZCU010000007.1.region001	region	1	254	FAM_00386	other	Unknown	hserlactone	other	NZ_JAMZCU010000007.1 Devosia ureilytica strain XJ19-1 Scaffold7, whole genome shotgun sequence	Unknown	other_c0.7_famFAM_00386	0.7
NZ_LMEM01000013.1.region001.gbk_region_1	NZ_LMEM01000013.1.region001	region	1	254	FAM_00386	other	Unknown	hserlactone	other	NZ_LMEM01000013.1 Devosia sp. Root436 contig_6, whole genome shotgun sequence	Unknown	other_c0.7_famFAM_00386	0.7
NZ_WQRF01000004.1.region001.gbk_region_1	NZ_WQRF01000004.1.region001	region	1	254	FAM_00386	other	Unknown	hserlactone	other	NZ_WQRF01000004.1 Devosia marina strain L53-10-65 NODE_4_length_261075_cov_55.401212, whole genome shotgun sequence	Unknown	other_c0.7_famFAM_00386	0.7
NZ_JAEKMH010000003.1.region001.gbk_region_1	NZ_JAEKMH010000003.1.region001	region	1	254	FAM_00386	other	Unknown	hserlactone	other	NZ_JAEKMH010000003.1 Devosia sediminis strain MSA67 NODE_3_length_546602_cov_164.757561, whole genome shotgun sequence	Unknown	other_c0.7_famFAM_00386	0.7
NZ_JACDXV010000007.1.region001.gbk_region_1	NZ_JACDXV010000007.1.region001	region	1	254	FAM_00386	other	Unknown	hserlactone	other	NZ_JACDXV010000007.1 Devosia faecipullorum strain CC-YST696 contig07, whole genome shotgun sequence	Unknown	other_c0.7_famFAM_00386	0.7
NZ_CP075529.1.region005.gbk_region_5	NZ_CP075529.1.region005	region	5	254	FAM_00386	other	Unknown	hserlactone	other	NZ_CP075529.1 MAG: Devosia sp. isolate TGS_PRO11 chromosome	Unknown	other_c0.7_famFAM_00386	0.7
NZ_JBKJHF010000001.1.region001.gbk_region_1	NZ_JBKJHF010000001.1.region001	region	1	254	FAM_00386	other	Unknown	hserlactone	other	NZ_JBKJHF010000001.1 Devosia sp. XGJD_8 1, whole genome shotgun sequence	Unknown	other_c0.7_famFAM_00386	0.7
NZ_JANQAJ010000005.1.region001.gbk_region_1	NZ_JANQAJ010000005.1.region001	region	1	254	FAM_00386	other	Unknown	hserlactone	other	NZ_JANQAJ010000005.1 MAG: Devosia ginsengisoli isolate 46_gen_w_cov.5 c370, whole genome shotgun sequence	Unknown	other_c0.7_famFAM_00386	0.7
NZ_LMGZ01000022.1.region001.gbk_region_1	NZ_LMGZ01000022.1.region001	region	1	254	FAM_00386	other	Unknown	hserlactone	other	NZ_LMGZ01000022.1 Devosia sp. Root635 contig_7, whole genome shotgun sequence	Unknown	other_c0.7_famFAM_00386	0.7
NZ_JAMWDU010000007.1.region001.gbk_region_1	NZ_JAMWDU010000007.1.region001	region	1	254	FAM_00386	other	Unknown	hserlactone	other	NZ_JAMWDU010000007.1 Devosia ureilytica strain XJ19-45 Scaffold7, whole genome shotgun sequence	Unknown	other_c0.7_famFAM_00386	0.7
NZ_CP080590.1.region001.gbk_region_1	NZ_CP080590.1.region001	region	1	254	FAM_00387	other	Unknown	hserlactone	other	NZ_CP080590.1 Devosia salina strain SCS-3 chromosome, complete genome	Unknown	other_c0.7_famFAM_00387	0.7
NZ_CP094375.1.region004.gbk_region_4	NZ_CP094375.1.region004	region	4	254	FAM_00387	other	Unknown	hserlactone	other	NZ_CP094375.1 Devosia sp. Micro-HW1 chromosome, complete genome	Unknown	other_c0.7_famFAM_00387	0.7
NZ_CP170082.1.region001.gbk_region_1	NZ_CP170082.1.region001	region	1	254	FAM_00387	other	Unknown	hserlactone	other	NZ_CP170082.1 Devosia sp. Naph2 chromosome, complete genome	Unknown	other_c0.7_famFAM_00387	0.7
NZ_JAMYXP010000006.1.region001.gbk_region_1	NZ_JAMYXP010000006.1.region001	region	1	254	FAM_00387	other	Unknown	hserlactone	other	NZ_JAMYXP010000006.1 Devosia subaequoris strain HST3-14 Scaffold6, whole genome shotgun sequence	Unknown	other_c0.7_famFAM_00387	0.7
NZ_JBHRYD010000007.1.region001.gbk_region_1	NZ_JBHRYD010000007.1.region001	region	1	254	FAM_00387	other	Unknown	hserlactone	other	NZ_JBHRYD010000007.1 Devosia honganensis strain KCTC 42281 platanus_K_25_97_7, whole genome shotgun sequence	Unknown	other_c0.7_famFAM_00387	0.7
NZ_CP146608.1.region002.gbk_region_2	NZ_CP146608.1.region002	region	2	254	FAM_00387	other	Unknown	hserlactone	other	NZ_CP146608.1 Devosia sp. XK-2 chromosome, complete genome	Unknown	other_c0.7_famFAM_00387	0.7
NZ_CP026747.1.region002.gbk_region_2	NZ_CP026747.1.region002	region	2	254	FAM_00387	other	Unknown	hserlactone	other	NZ_CP026747.1 Devosia sp. I507 chromosome, complete genome	Unknown	other_c0.7_famFAM_00387	0.7
NZ_JAVKFR010000010.1.region001.gbk_region_1	NZ_JAVKFR010000010.1.region001	region	1	254	FAM_00387	other	Unknown	hserlactone	other	NZ_JAVKFR010000010.1 MAG: Devosia marina isolate F1-TOW-06 k141_67463, whole genome shotgun sequence	Unknown	other_c0.7_famFAM_00387	0.7
NZ_PYVZ01000001.1.region001.gbk_region_1	NZ_PYVZ01000001.1.region001	region	1	254	FAM_00387	other	Unknown	hserlactone	other	NZ_PYVZ01000001.1 Devosia indica strain IO390501 scaffold1, whole genome shotgun sequence	Unknown	other_c0.7_famFAM_00387	0.7
NZ_JBTLRJ010000005.1.region001.gbk_region_1	NZ_JBTLRJ010000005.1.region001	region	1	254	FAM_00387	other	Unknown	hserlactone	other	NZ_JBTLRJ010000005.1 Devosia sp. CAU 1758 contig5, whole genome shotgun sequence	Unknown	other_c0.7_famFAM_00387	0.7
NZ_JACIEW010000006.1.region001.gbk_region_1	NZ_JACIEW010000006.1.region001	region	1	254	FAM_00387	other	Unknown	hserlactone	other	NZ_JACIEW010000006.1 Devosia subaequoris strain DSM 23447 Ga0373328_06, whole genome shotgun sequence	Unknown	other_c0.7_famFAM_00387	0.7
NZ_JQGC01000003.1.region001.gbk_region_1	NZ_JQGC01000003.1.region001	region	1	254	FAM_00388	other	Unknown	hserlactone	other	NZ_JQGC01000003.1 Devosia riboflavina strain IFO13584 contig3, whole genome shotgun sequence	Unknown	other_c0.7_famFAM_00388	0.7
NZ_FPCK01000004.1.region001.gbk_region_1	NZ_FPCK01000004.1.region001	region	1	254	FAM_00388	other	Unknown	hserlactone	other	NZ_FPCK01000004.1 Devosia crocina strain IPL20, whole genome shotgun sequence	Unknown	other_c0.7_famFAM_00388	0.7
NZ_JBMQPQ010000006.1.region001.gbk_region_1	NZ_JBMQPQ010000006.1.region001	region	1	254	FAM_00388	other	Unknown	hserlactone	other	NZ_JBMQPQ010000006.1 MAG: Devosia sp. isolate isolate1_meta_1_34 k141_310111, whole genome shotgun sequence	Unknown	other_c0.7_famFAM_00388	0.7
NZ_CAXUPK020000007.1.region001.gbk_region_1	NZ_CAXUPK020000007.1.region001	region	1	254	FAM_00388	other	Unknown	hserlactone	other	NZ_CAXUPK020000007.1 Devosia sp. LjRoot3 LJR003c7, whole genome shotgun sequence	Unknown	other_c0.7_famFAM_00388	0.7
NZ_LMHK01000003.1.region001.gbk_region_1	NZ_LMHK01000003.1.region001	region	1	254	FAM_00388	other	Unknown	hserlactone	other	NZ_LMHK01000003.1 Devosia sp. Root685 contig_3, whole genome shotgun sequence	Unknown	other_c0.7_famFAM_00388	0.7
NZ_CDRNJH010000001.1.region001.gbk_region_1	NZ_CDRNJH010000001.1.region001	region	1	254	FAM_00388	other	Unknown	hserlactone	other	NZ_CDRNJH010000001.1 Devosia riboflavina isolate Ri144 gnlProkkaBTCC_1, whole genome shotgun sequence	Unknown	other_c0.7_famFAM_00388	0.7
NZ_CP104002.1.region004.gbk_region_4	NZ_CP104002.1.region004	region	4	254	FAM_00389	other	Unknown	hserlactone	other	NZ_CP104002.1 Devosia sp. SD17-2 chromosome, complete genome	Unknown	other_c0.7_famFAM_00389	0.7
NZ_JAIMBX010000004.1.region001.gbk_region_1	NZ_JAIMBX010000004.1.region001	region	1	254	FAM_00389	other	Unknown	hserlactone	other	NZ_JAIMBX010000004.1 Devosia sp. BK 9_Devo_4, whole genome shotgun sequence	Unknown	other_c0.7_famFAM_00389	0.7
NZ_LMQU01000014.1.region001.gbk_region_1	NZ_LMQU01000014.1.region001	region	1	254	FAM_00389	other	Unknown	hserlactone	other	NZ_LMQU01000014.1 Devosia sp. Leaf420 contig_7, whole genome shotgun sequence	Unknown	other_c0.7_famFAM_00389	0.7
NZ_JCACVZ010000001.1.region004.gbk_region_4	NZ_JCACVZ010000001.1.region004	region	4	254	FAM_00389	other	Unknown	hserlactone	other	NZ_JCACVZ010000001.1 MAG: Devosia sp. isolate TerP_2 Oxa_002_000000000117, whole genome shotgun sequence	Unknown	other_c0.7_famFAM_00389	0.7
NZ_LMLO01000002.1.region001.gbk_region_1	NZ_LMLO01000002.1.region001	region	1	254	FAM_00389	other	Unknown	hserlactone	other	NZ_LMLO01000002.1 Devosia sp. Leaf64 contig_10, whole genome shotgun sequence	Unknown	other_c0.7_famFAM_00389	0.7
NZ_CP104007.1.region005.gbk_region_5	NZ_CP104007.1.region005	region	5	254	FAM_00389	other	Unknown	hserlactone	other	NZ_CP104007.1 Devosia sp. FJ2-5-3 chromosome, complete genome	Unknown	other_c0.7_famFAM_00389	0.7
NZ_JBHLYO010000011.1.region001.gbk_region_1	NZ_JBHLYO010000011.1.region001	region	1	254	FAM_00390	other	Unknown	hserlactone	other	NZ_JBHLYO010000011.1 Devosia nitrariae strain NBRC 112416 platanus_K_default_11, whole genome shotgun sequence	Unknown	other_c0.7_famFAM_00390	0.7
NZ_JBTLRJ010000003.1.region002.gbk_region_2	NZ_JBTLRJ010000003.1.region002	region	2	254	FAM_00390	other	Unknown	hserlactone	other	NZ_JBTLRJ010000003.1 Devosia sp. CAU 1758 contig3, whole genome shotgun sequence	Unknown	other_c0.7_famFAM_00390	0.7
NZ_BSNS01000002.1.region001.gbk_region_1	NZ_BSNS01000002.1.region001	region	1	254	FAM_00390	other	Unknown	hserlactone	other	NZ_BSNS01000002.1 Devosia nitrariae strain NBRC 112416 sequence02, whole genome shotgun sequence	Unknown	other_c0.7_famFAM_00390	0.7
NZ_JABAOM010000002.1.region001.gbk_region_1	NZ_JABAOM010000002.1.region001	region	1	495	FAM_00392	other	Unknown	hserlactone	other	NZ_JABAOM010000002.1 Devosia sp. 1635 Scaffold2_1, whole genome shotgun sequence	Unknown	other_c0.7_famFAM_00392	0.7
NZ_JABAOL010000001.1.region004.gbk_region_4	NZ_JABAOL010000001.1.region004	region	4	495	FAM_00392	other	Unknown	hserlactone	other	NZ_JABAOL010000001.1 Devosia sp. 919 Scaffold1_1, whole genome shotgun sequence	Unknown	other_c0.7_famFAM_00392	0.7
NZ_JBYUNQ010000001.1.region002.gbk_region_2	NZ_JBYUNQ010000001.1.region002	region	2	495	FAM_00392	other	Unknown	hserlactone	other	NZ_JBYUNQ010000001.1 Devosia sp. Z11_6 NODE_1_length_1109201_cov_151.543683, whole genome shotgun sequence	Unknown	other_c0.7_famFAM_00392	0.7
NZ_JBEPOO010000001.1.region001.gbk_region_1	NZ_JBEPOO010000001.1.region001	region	1	495	FAM_00392	other	Unknown	hserlactone	other	NZ_JBEPOO010000001.1 Devosia sp. 2618 Ga0501505_01, whole genome shotgun sequence	Unknown	other_c0.7_famFAM_00392	0.7
NZ_CP034767.1.region003.gbk_region_3	NZ_CP034767.1.region003	region	3	495	FAM_00392	other	Unknown	hserlactone	other	NZ_CP034767.1 Devosia sp. 1566 chromosome, complete genome	Unknown	other_c0.7_famFAM_00392	0.7
NZ_JBYUNO010000003.1.region001.gbk_region_1	NZ_JBYUNO010000003.1.region001	region	1	495	FAM_00392	other	Unknown	hserlactone	other	NZ_JBYUNO010000003.1 Devosia sp. Z6_126 NODE_3_length_955106_cov_138.820264, whole genome shotgun sequence	Unknown	other_c0.7_famFAM_00392	0.7
NZ_CP104002.1.region003.gbk_region_3	NZ_CP104002.1.region003	region	3	495	FAM_00393	other	Unknown	hserlactone	other	NZ_CP104002.1 Devosia sp. SD17-2 chromosome, complete genome	Unknown	other_c0.7_famFAM_00393	0.7
NZ_JABBDZ010000006.1.region001.gbk_region_1	NZ_JABBDZ010000006.1.region001	region	1	495	FAM_00393	other	Unknown	hserlactone	other	NZ_JABBDZ010000006.1 Devosia sp. MC1541 Scaffold6_1, whole genome shotgun sequence	Unknown	other_c0.7_famFAM_00393	0.7
NZ_JACDXV010000002.1.region003.gbk_region_3	NZ_JACDXV010000002.1.region003	region	3	495	FAM_00393	other	Unknown	hserlactone	other	NZ_JACDXV010000002.1 Devosia faecipullorum strain CC-YST696 contig02, whole genome shotgun sequence	Unknown	other_c0.7_famFAM_00393	0.7
NZ_JAENGO010000004.1.region001.gbk_region_1	NZ_JAENGO010000004.1.region001	region	1	495	FAM_00393	other	Unknown	hserlactone	other	NZ_JAENGO010000004.1 Devosia sp. WQ 349K1 Scaffold3_1, whole genome shotgun sequence	Unknown	other_c0.7_famFAM_00393	0.7
NZ_JAEMEB010000016.1.region001.gbk_region_1	NZ_JAEMEB010000016.1.region001	region	1	495	FAM_00393	other	Unknown	hserlactone	other	NZ_JAEMEB010000016.1 Devosia sp. MC521 Scaffold16_1, whole genome shotgun sequence	Unknown	other_c0.7_famFAM_00393	0.7
NZ_CP059902.1.region004.gbk_region_4	NZ_CP059902.1.region004	region	4	495	FAM_00393	other	Unknown	hserlactone	other	NZ_CP059902.1 Devosia sp. MC521 chromosome, complete genome	Unknown	other_c0.7_famFAM_00393	0.7
NZ_JADGNE010000026.1.region001.gbk_region_1	NZ_JADGNE010000026.1.region001	region	1	495	FAM_00393	other	Unknown	hserlactone	other	NZ_JADGNE010000026.1 MAG: Devosia sp. isolate N26CT NODE_199_length_38659_cov_21.121360, whole genome shotgun sequence	Unknown	other_c0.7_famFAM_00393	0.7
NZ_JAEMNZ010000007.1.region001.gbk_region_1	NZ_JAEMNZ010000007.1.region001	region	1	495	FAM_00393	other	Unknown	hserlactone	other	NZ_JAEMNZ010000007.1 Devosia sp. MC532 Scaffold7_1, whole genome shotgun sequence	Unknown	other_c0.7_famFAM_00393	0.7
NZ_FPCK01000001.1.region001.gbk_region_1	NZ_FPCK01000001.1.region001	region	1	495	FAM_00394	other	Unknown	hserlactone	other	NZ_FPCK01000001.1 Devosia crocina strain IPL20, whole genome shotgun sequence	Unknown	other_c0.7_famFAM_00394	0.7
NZ_JBMQPQ010000012.1.region001.gbk_region_1	NZ_JBMQPQ010000012.1.region001	region	1	495	FAM_00394	other	Unknown	hserlactone	other	NZ_JBMQPQ010000012.1 MAG: Devosia sp. isolate isolate1_meta_1_34 k141_568073, whole genome shotgun sequence	Unknown	other_c0.7_famFAM_00394	0.7
NZ_MKUZ01000013.1.region001.gbk_region_1	NZ_MKUZ01000013.1.region001	region	1	495	FAM_00394	other	Unknown	hserlactone	other	NZ_MKUZ01000013.1 MAG: Devosia sp. 66-22 SCNpilot_expt_1000_bf_scaffold_286, whole genome shotgun sequence	Unknown	other_c0.7_famFAM_00394	0.7
NZ_JZEY01000061.1.region002.gbk_region_2	NZ_JZEY01000061.1.region002	region	2	495	FAM_00394	other	Unknown	hserlactone	other	NZ_JZEY01000061.1 Devosia chinhatensis strain IPL18 NODE_61, whole genome shotgun sequence	Unknown	other_c0.7_famFAM_00394	0.7
NZ_JCACVZ010000001.1.region001.gbk_region_1	NZ_JCACVZ010000001.1.region001	region	1	495	FAM_00394	other	Unknown	hserlactone	other	NZ_JCACVZ010000001.1 MAG: Devosia sp. isolate TerP_2 Oxa_002_000000000117, whole genome shotgun sequence	Unknown	other_c0.7_famFAM_00394	0.7
NZ_JACYFU010000004.1.region002.gbk_region_2	NZ_JACYFU010000004.1.region002	region	2	495	FAM_00394	other	Unknown	hserlactone	other	NZ_JACYFU010000004.1 Devosia oryzisoli strain PTR5 contig4, whole genome shotgun sequence	Unknown	other_c0.7_famFAM_00394	0.7
NZ_CP104007.1.region004.gbk_region_4	NZ_CP104007.1.region004	region	4	495	FAM_00394	other	Unknown	hserlactone	other	NZ_CP104007.1 Devosia sp. FJ2-5-3 chromosome, complete genome	Unknown	other_c0.7_famFAM_00394	0.7
NZ_LMHK01000002.1.region001.gbk_region_1	NZ_LMHK01000002.1.region001	region	1	495	FAM_00394	other	Unknown	hserlactone	other	NZ_LMHK01000002.1 Devosia sp. Root685 contig_2, whole genome shotgun sequence	Unknown	other_c0.7_famFAM_00394	0.7
NZ_LMQU01000011.1.region001.gbk_region_1	NZ_LMQU01000011.1.region001	region	1	495	FAM_00394	other	Unknown	hserlactone	other	NZ_LMQU01000011.1 Devosia sp. Leaf420 contig_4, whole genome shotgun sequence	Unknown	other_c0.7_famFAM_00394	0.7
NZ_CAXUPK020000002.1.region001.gbk_region_1	NZ_CAXUPK020000002.1.region001	region	1	495	FAM_00394	other	Unknown	hserlactone	other	NZ_CAXUPK020000002.1 Devosia sp. LjRoot3 LJR003c2, whole genome shotgun sequence	Unknown	other_c0.7_famFAM_00394	0.7
NZ_CP075529.1.region004.gbk_region_4	NZ_CP075529.1.region004	region	4	495	FAM_00394	other	Unknown	hserlactone	other	NZ_CP075529.1 MAG: Devosia sp. isolate TGS_PRO11 chromosome	Unknown	other_c0.7_famFAM_00394	0.7
NZ_LMLO01000012.1.region001.gbk_region_1	NZ_LMLO01000012.1.region001	region	1	495	FAM_00394	other	Unknown	hserlactone	other	NZ_LMLO01000012.1 Devosia sp. Leaf64 contig_2, whole genome shotgun sequence	Unknown	other_c0.7_famFAM_00394	0.7
NZ_JQGC01000019.1.region001.gbk_region_1	NZ_JQGC01000019.1.region001	region	1	495	FAM_00394	other	Unknown	hserlactone	other	NZ_JQGC01000019.1 Devosia riboflavina strain IFO13584 contig19, whole genome shotgun sequence	Unknown	other_c0.7_famFAM_00394	0.7
NZ_CDRNJH010000001.1.region002.gbk_region_2	NZ_CDRNJH010000001.1.region002	region	2	495	FAM_00394	other	Unknown	hserlactone	other	NZ_CDRNJH010000001.1 Devosia riboflavina isolate Ri144 gnlProkkaBTCC_1, whole genome shotgun sequence	Unknown	other_c0.7_famFAM_00394	0.7
NZ_LAJG01000048.1.region001.gbk_region_1	NZ_LAJG01000048.1.region001	region	1	495	FAM_00394	other	Unknown	hserlactone	other	NZ_LAJG01000048.1 Devosia soli strain GH2-10 NODE_48, whole genome shotgun sequence	Unknown	other_c0.7_famFAM_00394	0.7
NZ_CP068046.1.region001.gbk_region_1	NZ_CP068046.1.region001	region	1	495	FAM_00394	other	Unknown	hserlactone	other	NZ_CP068046.1 Devosia rhizoryzae strain LEGU1 chromosome	Unknown	other_c0.7_famFAM_00394	0.7
NZ_JAIMBX010000003.1.region002.gbk_region_2	NZ_JAIMBX010000003.1.region002	region	2	495	FAM_00394	other	Unknown	hserlactone	other	NZ_JAIMBX010000003.1 Devosia sp. BK 9_Devo_3, whole genome shotgun sequence	Unknown	other_c0.7_famFAM_00394	0.7
NZ_JAQGJV010000024.1.region001.gbk_region_1	NZ_JAQGJV010000024.1.region001	region	1	495	FAM_00395	other	Unknown	hserlactone	other	NZ_JAQGJV010000024.1 MAG: Devosia sp. isolate RYN_494 scaffold_5055289, whole genome shotgun sequence	Unknown	other_c0.7_famFAM_00395	0.7
NZ_FOMB01000022.1.region001.gbk_region_1	NZ_FOMB01000022.1.region001	region	1	495	FAM_00395	other	Unknown	hserlactone	other	NZ_FOMB01000022.1 Devosia psychrophila strain CGMCC 1.10210, whole genome shotgun sequence	Unknown	other_c0.7_famFAM_00395	0.7
NZ_FOFL01000002.1.region002.gbk_region_2	NZ_FOFL01000002.1.region002	region	2	495	FAM_00395	other	Unknown	hserlactone	other	NZ_FOFL01000002.1 Devosia sp. YR412, whole genome shotgun sequence	Unknown	other_c0.7_famFAM_00395	0.7
NZ_CP092483.1.region005.gbk_region_5	NZ_CP092483.1.region005	region	5	495	FAM_00395	other	Unknown	hserlactone	other	NZ_CP092483.1 Devosia lacusdianchii strain JXJ CY 41 chromosome	Unknown	other_c0.7_famFAM_00395	0.7
NZ_JBEPOL010000007.1.region001.gbk_region_1	NZ_JBEPOL010000007.1.region001	region	1	495	FAM_00395	other	Unknown	hserlactone	other	NZ_JBEPOL010000007.1 Devosia sp. UYZn731 Ga0493902_07, whole genome shotgun sequence	Unknown	other_c0.7_famFAM_00395	0.7
NZ_JAQGJM010000015.1.region001.gbk_region_1	NZ_JAQGJM010000015.1.region001	region	1	495	FAM_00395	other	Unknown	hserlactone	other	NZ_JAQGJM010000015.1 MAG: Devosia sp. isolate RYN_485 scaffold_2972844, whole genome shotgun sequence	Unknown	other_c0.7_famFAM_00395	0.7
NZ_LMGZ01000023.1.region001.gbk_region_1	NZ_LMGZ01000023.1.region001	region	1	495	FAM_00396	other	Unknown	hserlactone	other	NZ_LMGZ01000023.1 Devosia sp. Root635 contig_8, whole genome shotgun sequence	Unknown	other_c0.7_famFAM_00396	0.7
NZ_LAJF01000036.1.region001.gbk_region_1	NZ_LAJF01000036.1.region001	region	1	495	FAM_00396	other	Unknown	hserlactone	other	NZ_LAJF01000036.1 Devosia limi DSM 17137 NODE_36, whole genome shotgun sequence	Unknown	other_c0.7_famFAM_00396	0.7
NZ_LVVY01000098.1.region001.gbk_region_1	NZ_LVVY01000098.1.region001	region	1	495	FAM_00396	other	Unknown	hserlactone	other	NZ_LVVY01000098.1 Devosia elaeis strain S37 DIN_R1_(paired)_trimmed_(paired)_contig_50, whole genome shotgun sequence	Unknown	other_c0.7_famFAM_00396	0.7
NZ_CP042304.1.region004.gbk_region_4	NZ_CP042304.1.region004	region	4	495	FAM_00396	other	Unknown	hserlactone	other	NZ_CP042304.1 Devosia ginsengisoli strain Gsoil 520 chromosome, complete genome	Unknown	other_c0.7_famFAM_00396	0.7
NZ_PYVW01000002.1.region001.gbk_region_1	NZ_PYVW01000002.1.region001	region	1	495	FAM_00396	other	Unknown	hserlactone	other	NZ_PYVW01000002.1 Devosia naphthalenivorans strain CM5-1 scaffold2, whole genome shotgun sequence	Unknown	other_c0.7_famFAM_00396	0.7
NZ_FQVC01000003.1.region001.gbk_region_1	NZ_FQVC01000003.1.region001	region	1	495	FAM_00396	other	Unknown	hserlactone	other	NZ_FQVC01000003.1 Devosia limi DSM 17137, whole genome shotgun sequence	Unknown	other_c0.7_famFAM_00396	0.7
NZ_LANJ01000004.1.region001.gbk_region_1	NZ_LANJ01000004.1.region001	region	1	495	FAM_00396	other	Unknown	hserlactone	other	NZ_LANJ01000004.1 Devosia epidermidihirudinis strain E84 contig4, whole genome shotgun sequence	Unknown	other_c0.7_famFAM_00396	0.7
NZ_CP126539.1.region001.gbk_region_1	NZ_CP126539.1.region001	region	1	495	FAM_00396	other	Unknown	hserlactone	other	NZ_CP126539.1 Devosia rhizosphaerae strain RR2S18 chromosome, complete genome	Unknown	other_c0.7_famFAM_00396	0.7
NZ_PYWB01000008.1.region001.gbk_region_1	NZ_PYWB01000008.1.region001	region	1	495	FAM_00396	other	Unknown	hserlactone	other	NZ_PYWB01000008.1 Devosia submarina strain JCM 18935 scaffold8, whole genome shotgun sequence	Unknown	other_c0.7_famFAM_00396	0.7
NZ_CP068047.1.region001.gbk_region_1	NZ_CP068047.1.region001	region	1	495	FAM_00397	other	Unknown	hserlactone	other	NZ_CP068047.1 Devosia oryziradicis strain G19 chromosome	Unknown	other_c0.7_famFAM_00397	0.7
NZ_JAGXTP010000001.1.region001.gbk_region_1	NZ_JAGXTP010000001.1.region001	region	1	495	FAM_00397	other	Unknown	hserlactone	other	NZ_JAGXTP010000001.1 Devosia litorisediminis strain BSSL-BM10 1, whole genome shotgun sequence	Unknown	other_c0.7_famFAM_00397	0.7
NZ_CM147870.1.region002.gbk_region_2	NZ_CM147870.1.region002	region	2	495	FAM_00397	other	Unknown	hserlactone	other	NZ_CM147870.1 Devosia sp. J2-20 chromosome, whole genome shotgun sequence	Unknown	other_c0.7_famFAM_00397	0.7
NZ_CP063401.1.region002.gbk_region_2	NZ_CP063401.1.region002	region	2	495	FAM_00397	other	Unknown	hserlactone	other	NZ_CP063401.1 Devosia sp. SL43 chromosome, complete genome	Unknown	other_c0.7_famFAM_00397	0.7
NZ_CP118245.1.region001.gbk_region_1	NZ_CP118245.1.region001	region	1	495	FAM_00397	other	Unknown	hserlactone	other	NZ_CP118245.1 Devosia sp. J2-20 chromosome	Unknown	other_c0.7_famFAM_00397	0.7
NZ_JBNMEO010000001.1.region001.gbk_region_1	NZ_JBNMEO010000001.1.region001	region	1	495	FAM_00397	other	Unknown	hserlactone	other	NZ_JBNMEO010000001.1 MAG: Devosia sp. isolate 3300055174_60 Ga0535679_0000049, whole genome shotgun sequence	Unknown	other_c0.7_famFAM_00397	0.7
NZ_JAPWHK010000005.1.region001.gbk_region_1	NZ_JAPWHK010000005.1.region001	region	1	495	FAM_00397	other	Unknown	hserlactone	other	NZ_JAPWHK010000005.1 Devosia neptuniae strain G21611-S1 NODE_5_length_349380_cov_128.949, whole genome shotgun sequence	Unknown	other_c0.7_famFAM_00397	0.7
NZ_JBKJHF010000002.1.region001.gbk_region_1	NZ_JBKJHF010000002.1.region001	region	1	495	FAM_00398	other	Unknown	hserlactone	other	NZ_JBKJHF010000002.1 Devosia sp. XGJD_8 2, whole genome shotgun sequence	Unknown	other_c0.7_famFAM_00398	0.7
NZ_BSNG01000001.1.region001.gbk_region_1	NZ_BSNG01000001.1.region001	region	1	495	FAM_00398	other	Unknown	hserlactone	other	NZ_BSNG01000001.1 Devosia yakushimensis strain NBRC 103855 sequence01, whole genome shotgun sequence	Unknown	other_c0.7_famFAM_00398	0.7
NZ_JNNO01000044.1.region001.gbk_region_1	NZ_JNNO01000044.1.region001	region	1	495	FAM_00398	other	Unknown	hserlactone	other	NZ_JNNO01000044.1 Devosia sp. LC5 contig6, whole genome shotgun sequence	Unknown	other_c0.7_famFAM_00398	0.7
NZ_JBJDRE010000012.1.region001.gbk_region_1	NZ_JBJDRE010000012.1.region001	region	1	495	FAM_00398	other	Unknown	hserlactone	other	NZ_JBJDRE010000012.1 Devosia sp. ZW T5_3 ZW_T5_3_contig_012, whole genome shotgun sequence	Unknown	other_c0.7_famFAM_00398	0.7
NZ_CP104965.1.region002.gbk_region_2	NZ_CP104965.1.region002	region	2	495	FAM_00398	other	Unknown	hserlactone	other	NZ_CP104965.1 Devosia neptuniae strain A18/4-1 chromosome, complete genome	Unknown	other_c0.7_famFAM_00398	0.7
NZ_JACIEW010000005.1.region001.gbk_region_1	NZ_JACIEW010000005.1.region001	region	1	495	FAM_00399	other	Unknown	hserlactone	other	NZ_JACIEW010000005.1 Devosia subaequoris strain DSM 23447 Ga0373328_05, whole genome shotgun sequence	Unknown	other_c0.7_famFAM_00399	0.7
NZ_CP080590.1.region006.gbk_region_6	NZ_CP080590.1.region006	region	6	495	FAM_00399	other	Unknown	hserlactone	other	NZ_CP080590.1 Devosia salina strain SCS-3 chromosome, complete genome	Unknown	other_c0.7_famFAM_00399	0.7
NZ_CP170082.1.region003.gbk_region_3	NZ_CP170082.1.region003	region	3	495	FAM_00399	other	Unknown	hserlactone	other	NZ_CP170082.1 Devosia sp. Naph2 chromosome, complete genome	Unknown	other_c0.7_famFAM_00399	0.7
NZ_WQRF01000003.1.region001.gbk_region_1	NZ_WQRF01000003.1.region001	region	1	495	FAM_00399	other	Unknown	hserlactone	other	NZ_WQRF01000003.1 Devosia marina strain L53-10-65 NODE_3_length_483147_cov_54.383006, whole genome shotgun sequence	Unknown	other_c0.7_famFAM_00399	0.7
NZ_JBTLRJ010000001.1.region001.gbk_region_1	NZ_JBTLRJ010000001.1.region001	region	1	495	FAM_00399	other	Unknown	hserlactone	other	NZ_JBTLRJ010000001.1 Devosia sp. CAU 1758 contig1, whole genome shotgun sequence	Unknown	other_c0.7_famFAM_00399	0.7
NZ_JAMYXP010000004.1.region001.gbk_region_1	NZ_JAMYXP010000004.1.region001	region	1	495	FAM_00399	other	Unknown	hserlactone	other	NZ_JAMYXP010000004.1 Devosia subaequoris strain HST3-14 Scaffold4, whole genome shotgun sequence	Unknown	other_c0.7_famFAM_00399	0.7
NZ_FXWK01000001.1.region005.gbk_region_5	NZ_FXWK01000001.1.region005	region	5	495	FAM_00399	other	Unknown	hserlactone	other	NZ_FXWK01000001.1 Devosia lucknowensis strain L15, whole genome shotgun sequence	Unknown	other_c0.7_famFAM_00399	0.7
NZ_CP094375.1.region002.gbk_region_2	NZ_CP094375.1.region002	region	2	495	FAM_00399	other	Unknown	hserlactone	other	NZ_CP094375.1 Devosia sp. Micro-HW1 chromosome, complete genome	Unknown	other_c0.7_famFAM_00399	0.7
NZ_JAMZCU010000005.1.region001.gbk_region_1	NZ_JAMZCU010000005.1.region001	region	1	495	FAM_00399	other	Unknown	hserlactone	other	NZ_JAMZCU010000005.1 Devosia ureilytica strain XJ19-1 Scaffold5, whole genome shotgun sequence	Unknown	other_c0.7_famFAM_00399	0.7
NZ_JAMWDU010000005.1.region001.gbk_region_1	NZ_JAMWDU010000005.1.region001	region	1	495	FAM_00399	other	Unknown	hserlactone	other	NZ_JAMWDU010000005.1 Devosia ureilytica strain XJ19-45 Scaffold5, whole genome shotgun sequence	Unknown	other_c0.7_famFAM_00399	0.7
NZ_JAVKFR010000024.1.region001.gbk_region_1	NZ_JAVKFR010000024.1.region001	region	1	495	FAM_00399	other	Unknown	hserlactone	other	NZ_JAVKFR010000024.1 MAG: Devosia marina isolate F1-TOW-06 k141_61152, whole genome shotgun sequence	Unknown	other_c0.7_famFAM_00399	0.7
NZ_STGC01000005.1.region006.gbk_region_6	NZ_STGC01000005.1.region006	region	6	495	FAM_00399	other	Unknown	hserlactone	other	NZ_STGC01000005.1 Devosia sp. FKR38 NODE_14_length_2742056_cov_203.257278, whole genome shotgun sequence	Unknown	other_c0.7_famFAM_00399	0.7
NZ_UZWD01000022.1.region001.gbk_region_1	NZ_UZWD01000022.1.region001	region	1	495	FAM_00400	other	Unknown	hserlactone	other	NZ_UZWD01000022.1 Devosia equisanguinis strain CIP 111628, whole genome shotgun sequence	Unknown	other_c0.7_famFAM_00400	0.7
NZ_MKUY01000004.1.region001.gbk_region_1	NZ_MKUY01000004.1.region001	region	1	495	FAM_00400	other	Unknown	hserlactone	other	NZ_MKUY01000004.1 MAG: Devosia sp. 63-57 SCNpilot_expt_1000_bf_scaffold_29, whole genome shotgun sequence	Unknown	other_c0.7_famFAM_00400	0.7
NZ_JBHTMH010000003.1.region001.gbk_region_1	NZ_JBHTMH010000003.1.region001	region	1	495	FAM_00400	other	Unknown	hserlactone	other	NZ_JBHTMH010000003.1 Devosia equisanguinis strain CCM 8868 GCM70027366_18, whole genome shotgun sequence	Unknown	other_c0.7_famFAM_00400	0.7
NZ_CP042304.1.region001.gbk_region_1	NZ_CP042304.1.region001	region	1	1848	FAM_00401	other	Unknown	hydrogen-cyanide	other	NZ_CP042304.1 Devosia ginsengisoli strain Gsoil 520 chromosome, complete genome	Unknown	other_c0.7_famFAM_00401	0.7
NZ_JAMZCU010000002.1.region002.gbk_region_2	NZ_JAMZCU010000002.1.region002	region	2	1848	FAM_00401	other	Unknown	hydrogen-cyanide	other	NZ_JAMZCU010000002.1 Devosia ureilytica strain XJ19-1 Scaffold2, whole genome shotgun sequence	Unknown	other_c0.7_famFAM_00401	0.7
NZ_LMGZ01000004.1.region001.gbk_region_1	NZ_LMGZ01000004.1.region001	region	1	1848	FAM_00401	other	Unknown	hydrogen-cyanide	other	NZ_LMGZ01000004.1 Devosia sp. Root635 contig_12, whole genome shotgun sequence	Unknown	other_c0.7_famFAM_00401	0.7
NZ_LMEM01000015.1.region001.gbk_region_1	NZ_LMEM01000015.1.region001	region	1	1848	FAM_00401	other	Unknown	hydrogen-cyanide	other	NZ_LMEM01000015.1 Devosia sp. Root436 contig_8, whole genome shotgun sequence	Unknown	other_c0.7_famFAM_00401	0.7
NZ_JANQAJ010000011.1.region002.gbk_region_2	NZ_JANQAJ010000011.1.region002	region	2	1848	FAM_00401	other	Unknown	hydrogen-cyanide	other	NZ_JANQAJ010000011.1 MAG: Devosia ginsengisoli isolate 46_gen_w_cov.5 c262, whole genome shotgun sequence	Unknown	other_c0.7_famFAM_00401	0.7
NZ_JAMWDU010000002.1.region001.gbk_region_1	NZ_JAMWDU010000002.1.region001	region	1	1848	FAM_00401	other	Unknown	hydrogen-cyanide	other	NZ_JAMWDU010000002.1 Devosia ureilytica strain XJ19-45 Scaffold2, whole genome shotgun sequence	Unknown	other_c0.7_famFAM_00401	0.7
NZ_LAJF01000076.1.region002.gbk_region_2	NZ_LAJF01000076.1.region002	region	2	3437	FAM_00402	other	Unknown	hydrogen-cyanide	other	NZ_LAJF01000076.1 Devosia limi DSM 17137 NODE_76, whole genome shotgun sequence	Unknown	other_c0.7_famFAM_00402	0.7
NZ_JBTMWU010000004.1.region002.gbk_region_2	NZ_JBTMWU010000004.1.region002	region	2	3437	FAM_00402	other	Unknown	hydrogen-cyanide	other	NZ_JBTMWU010000004.1 Devosia sp. A449 Scaffold4, whole genome shotgun sequence	Unknown	other_c0.7_famFAM_00402	0.7
NZ_JBTMWV010000004.1.region001.gbk_region_1	NZ_JBTMWV010000004.1.region001	region	1	3437	FAM_00402	other	Unknown	hydrogen-cyanide	other	NZ_JBTMWV010000004.1 Devosia sp. A369 Scaffold4, whole genome shotgun sequence	Unknown	other_c0.7_famFAM_00402	0.7
NZ_FQVC01000010.1.region001.gbk_region_1	NZ_FQVC01000010.1.region001	region	1	3437	FAM_00402	other	Unknown	hydrogen-cyanide	other	NZ_FQVC01000010.1 Devosia limi DSM 17137, whole genome shotgun sequence	Unknown	other_c0.7_famFAM_00402	0.7
NZ_JAQGJV010000048.1.region001.gbk_region_1	NZ_JAQGJV010000048.1.region001	region	1	2095	FAM_00403	other	Unknown	hserlactone	other	NZ_JAQGJV010000048.1 MAG: Devosia sp. isolate RYN_494 scaffold_3063531, whole genome shotgun sequence	Unknown	other_c0.7_famFAM_00403	0.7
NZ_CP092483.1.region002.gbk_region_2	NZ_CP092483.1.region002	region	2	3454	FAM_00404	other	Unknown	hserlactone	other	NZ_CP092483.1 Devosia lacusdianchii strain JXJ CY 41 chromosome	Unknown	other_c0.7_famFAM_00404	0.7
NZ_JQGC01000025.1.region001.gbk_region_1	NZ_JQGC01000025.1.region001	region	1	3807	FAM_00405	other	Unknown	hserlactone	other	NZ_JQGC01000025.1 Devosia riboflavina strain IFO13584 contig25, whole genome shotgun sequence	Unknown	other_c0.7_famFAM_00405	0.7
NZ_CP045422.1.region001.gbk_region_1	NZ_CP045422.1.region001	region	1	4640	FAM_00406	other	Unknown	hydrogen-cyanide	other	NZ_CP045422.1 Devosia beringensis strain S02 chromosome, complete genome	Unknown	other_c0.7_famFAM_00406	0.7
NZ_CP126539.1.region004.gbk_region_4	NZ_CP126539.1.region004	region	4	4880	FAM_00407	other	Unknown	acyl_amino_acids	other	NZ_CP126539.1 Devosia rhizosphaerae strain RR2S18 chromosome, complete genome	Unknown	other_c0.7_famFAM_00407	0.7
NZ_JBEPOL010000008.1.region001.gbk_region_1	NZ_JBEPOL010000008.1.region001	region	1	5240	FAM_00408	other	Unknown	hserlactone	other	NZ_JBEPOL010000008.1 Devosia sp. UYZn731 Ga0493902_08, whole genome shotgun sequence	Unknown	other_c0.7_famFAM_00408	0.7
NZ_JQGC01000006.1.region001.gbk_region_1	NZ_JQGC01000006.1.region001	region	1	10167	FAM_00409	other	Unknown	hserlactone	other	NZ_JQGC01000006.1 Devosia riboflavina strain IFO13584 contig6, whole genome shotgun sequence	Unknown	other_c0.7_famFAM_00409	0.7
NZ_JZEY01000054.1.region001.gbk_region_1	NZ_JZEY01000054.1.region001	region	1	10460	FAM_00410	other	Unknown	hserlactone	other	NZ_JZEY01000054.1 Devosia chinhatensis strain IPL18 NODE_54, whole genome shotgun sequence	Unknown	other_c0.7_famFAM_00410	0.7
NZ_JANQAJ010000006.1.region001.gbk_region_1	NZ_JANQAJ010000006.1.region001	region	1	11110	FAM_00411	other	Unknown	hserlactone	other	NZ_JANQAJ010000006.1 MAG: Devosia ginsengisoli isolate 46_gen_w_cov.5 c86, whole genome shotgun sequence	Unknown	other_c0.7_famFAM_00411	0.7
NZ_CP075529.1.region002.gbk_region_2	NZ_CP075529.1.region002	region	2	12597	FAM_00412	other	Unknown	phosphonate	other	NZ_CP075529.1 MAG: Devosia sp. isolate TGS_PRO11 chromosome	Unknown	other_c0.7_famFAM_00412	0.7
NZ_JBTLRJ010000002.1.region002.gbk_region_2	NZ_JBTLRJ010000002.1.region002	region	2	1	FAM_00002	RiPP	Unknown	RiPP-like	RiPP	NZ_JBTLRJ010000002.1 Devosia sp. CAU 1758 contig2, whole genome shotgun sequence	Unknown	RiPP_c0.7_famFAM_00002	0.7
NZ_CP026747.1.region001.gbk_region_1	NZ_CP026747.1.region001	region	1	1	FAM_00002	RiPP	Unknown	RiPP-like	RiPP	NZ_CP026747.1 Devosia sp. I507 chromosome, complete genome	Unknown	RiPP_c0.7_famFAM_00002	0.7
NZ_CP080590.1.region002.gbk_region_2	NZ_CP080590.1.region002	region	2	1	FAM_00002	RiPP	Unknown	RiPP-like	RiPP	NZ_CP080590.1 Devosia salina strain SCS-3 chromosome, complete genome	Unknown	RiPP_c0.7_famFAM_00002	0.7
NZ_JAMWDU010000006.1.region001.gbk_region_1	NZ_JAMWDU010000006.1.region001	region	1	1	FAM_00002	RiPP	Unknown	RiPP-like	RiPP	NZ_JAMWDU010000006.1 Devosia ureilytica strain XJ19-45 Scaffold6, whole genome shotgun sequence	Unknown	RiPP_c0.7_famFAM_00002	0.7
NZ_CP170082.1.region007.gbk_region_7	NZ_CP170082.1.region007	region	7	1	FAM_00002	RiPP	Unknown	RiPP-like	RiPP	NZ_CP170082.1 Devosia sp. Naph2 chromosome, complete genome	Unknown	RiPP_c0.7_famFAM_00002	0.7
NZ_WQRF01000010.1.region001.gbk_region_1	NZ_WQRF01000010.1.region001	region	1	1	FAM_00002	RiPP	Unknown	RiPP-like	RiPP	NZ_WQRF01000010.1 Devosia marina strain L53-10-65 NODE_10_length_77047_cov_53.918155, whole genome shotgun sequence	Unknown	RiPP_c0.7_famFAM_00002	0.7
NZ_JAVKFR010000034.1.region001.gbk_region_1	NZ_JAVKFR010000034.1.region001	region	1	1	FAM_00002	RiPP	Unknown	RiPP-like	RiPP	NZ_JAVKFR010000034.1 MAG: Devosia marina isolate F1-TOW-06 k141_64042, whole genome shotgun sequence	Unknown	RiPP_c0.7_famFAM_00002	0.7
NZ_CP146608.1.region003.gbk_region_3	NZ_CP146608.1.region003	region	3	1	FAM_00002	RiPP	Unknown	RiPP-like	RiPP	NZ_CP146608.1 Devosia sp. XK-2 chromosome, complete genome	Unknown	RiPP_c0.7_famFAM_00002	0.7
NZ_JACIEW010000012.1.region001.gbk_region_1	NZ_JACIEW010000012.1.region001	region	1	1	FAM_00002	RiPP	Unknown	RiPP-like	RiPP	NZ_JACIEW010000012.1 Devosia subaequoris strain DSM 23447 Ga0373328_12, whole genome shotgun sequence	Unknown	RiPP_c0.7_famFAM_00002	0.7
NZ_JAMYXP010000014.1.region001.gbk_region_1	NZ_JAMYXP010000014.1.region001	region	1	1	FAM_00002	RiPP	Unknown	RiPP-like	RiPP	NZ_JAMYXP010000014.1 Devosia subaequoris strain HST3-14 Scaffold14, whole genome shotgun sequence	Unknown	RiPP_c0.7_famFAM_00002	0.7
NZ_JAMZCU010000008.1.region001.gbk_region_1	NZ_JAMZCU010000008.1.region001	region	1	1	FAM_00002	RiPP	Unknown	RiPP-like	RiPP	NZ_JAMZCU010000008.1 Devosia ureilytica strain XJ19-1 Scaffold8, whole genome shotgun sequence	Unknown	RiPP_c0.7_famFAM_00002	0.7
NZ_PYVZ01000013.1.region001.gbk_region_1	NZ_PYVZ01000013.1.region001	region	1	1	FAM_00002	RiPP	Unknown	RiPP-like	RiPP	NZ_PYVZ01000013.1 Devosia indica strain IO390501 scaffold13, whole genome shotgun sequence	Unknown	RiPP_c0.7_famFAM_00002	0.7
NZ_STGC01000005.1.region001.gbk_region_1	NZ_STGC01000005.1.region001	region	1	1	FAM_00003	RiPP	Unknown	RiPP-like	RiPP	NZ_STGC01000005.1 Devosia sp. FKR38 NODE_14_length_2742056_cov_203.257278, whole genome shotgun sequence	Unknown	RiPP_c0.7_famFAM_00003	0.7
NZ_CM147870.1.region006.gbk_region_6	NZ_CM147870.1.region006	region	6	1	FAM_00003	RiPP	Unknown	RiPP-like	RiPP	NZ_CM147870.1 Devosia sp. J2-20 chromosome, whole genome shotgun sequence	Unknown	RiPP_c0.7_famFAM_00003	0.7
NZ_JBLXGA010000019.1.region001.gbk_region_1	NZ_JBLXGA010000019.1.region001	region	1	1	FAM_00003	RiPP	Unknown	RiPP-like	RiPP	NZ_JBLXGA010000019.1 MAG: Devosia sp. isolate ET04-05 T04maxbin_out.008RE.5K@19, whole genome shotgun sequence	Unknown	RiPP_c0.7_famFAM_00003	0.7
NZ_BMZE01000001.1.region002.gbk_region_2	NZ_BMZE01000001.1.region002	region	2	1	FAM_00003	RiPP	Unknown	RiPP-like	RiPP	NZ_BMZE01000001.1 Devosia pacifica strain KCTC 32437 sequence1, whole genome shotgun sequence	Unknown	RiPP_c0.7_famFAM_00003	0.7
NZ_CM147875.1.region003.gbk_region_3	NZ_CM147875.1.region003	region	3	1	FAM_00003	RiPP	Unknown	RiPP-like	RiPP	NZ_CM147875.1 Devosia sp. J20-27 chromosome, whole genome shotgun sequence	Unknown	RiPP_c0.7_famFAM_00003	0.7
NZ_JAGXTP010000002.1.region001.gbk_region_1	NZ_JAGXTP010000002.1.region001	region	1	1	FAM_00003	RiPP	Unknown	RiPP-like	RiPP	NZ_JAGXTP010000002.1 Devosia litorisediminis strain BSSL-BM10 2, whole genome shotgun sequence	Unknown	RiPP_c0.7_famFAM_00003	0.7
NZ_JAPWHK010000006.1.region001.gbk_region_1	NZ_JAPWHK010000006.1.region001	region	1	1	FAM_00003	RiPP	Unknown	RiPP-like	RiPP	NZ_JAPWHK010000006.1 Devosia neptuniae strain G21611-S1 NODE_6_length_281503_cov_131.454, whole genome shotgun sequence	Unknown	RiPP_c0.7_famFAM_00003	0.7
NZ_JBNMEO010000017.1.region001.gbk_region_1	NZ_JBNMEO010000017.1.region001	region	1	1	FAM_00003	RiPP	Unknown	RiPP-like	RiPP	NZ_JBNMEO010000017.1 MAG: Devosia sp. isolate 3300055174_60 Ga0535679_0000215, whole genome shotgun sequence	Unknown	RiPP_c0.7_famFAM_00003	0.7
NZ_WQRF01000001.1.region001.gbk_region_1	NZ_WQRF01000001.1.region001	region	1	1	FAM_00003	RiPP	Unknown	RiPP-like	RiPP	NZ_WQRF01000001.1 Devosia marina strain L53-10-65 NODE_1_length_1615214_cov_52.474690, whole genome shotgun sequence	Unknown	RiPP_c0.7_famFAM_00003	0.7
NZ_CP045422.1.region002.gbk_region_2	NZ_CP045422.1.region002	region	2	1	FAM_00003	RiPP	Unknown	RiPP-like	RiPP	NZ_CP045422.1 Devosia beringensis strain S02 chromosome, complete genome	Unknown	RiPP_c0.7_famFAM_00003	0.7
NZ_STGC01000005.1.region005.gbk_region_5	NZ_STGC01000005.1.region005	region	5	1	FAM_00003	RiPP	Unknown	RiPP-like	RiPP	NZ_STGC01000005.1 Devosia sp. FKR38 NODE_14_length_2742056_cov_203.257278, whole genome shotgun sequence	Unknown	RiPP_c0.7_famFAM_00003	0.7
NZ_CP118245.1.region003.gbk_region_3	NZ_CP118245.1.region003	region	3	1	FAM_00003	RiPP	Unknown	RiPP-like	RiPP	NZ_CP118245.1 Devosia sp. J2-20 chromosome	Unknown	RiPP_c0.7_famFAM_00003	0.7
NZ_CP092483.1.region001.gbk_region_1	NZ_CP092483.1.region001	region	1	1	FAM_00005	RiPP	Unknown	RRE-containing.lassopeptide	RiPP	NZ_CP092483.1 Devosia lacusdianchii strain JXJ CY 41 chromosome	Unknown	RiPP_c0.7_famFAM_00005	0.7
NZ_CP170082.1.region004.gbk_region_4	NZ_CP170082.1.region004	region	4	1	FAM_00006	RiPP	Unknown	RRE-containing.lassopeptide	RiPP	NZ_CP170082.1 Devosia sp. Naph2 chromosome, complete genome	Unknown	RiPP_c0.7_famFAM_00006	0.7
NZ_CP063401.1.region003.gbk_region_3	NZ_CP063401.1.region003	region	3	1	FAM_00008	RiPP	Unknown	RRE-containing.lassopeptide	RiPP	NZ_CP063401.1 Devosia sp. SL43 chromosome, complete genome	Unknown	RiPP_c0.7_famFAM_00008	0.7
NZ_CP034767.1.region001.gbk_region_1	NZ_CP034767.1.region001	region	1	1	FAM_00008	RiPP	Unknown	RRE-containing.lassopeptide	RiPP	NZ_CP034767.1 Devosia sp. 1566 chromosome, complete genome	Unknown	RiPP_c0.7_famFAM_00008	0.7
NZ_JABAOL010000001.1.region002.gbk_region_2	NZ_JABAOL010000001.1.region002	region	2	1	FAM_00008	RiPP	Unknown	RRE-containing.lassopeptide	RiPP	NZ_JABAOL010000001.1 Devosia sp. 919 Scaffold1_1, whole genome shotgun sequence	Unknown	RiPP_c0.7_famFAM_00008	0.7
NZ_JBYUNQ010000005.1.region001.gbk_region_1	NZ_JBYUNQ010000005.1.region001	region	1	1	FAM_00008	RiPP	Unknown	RRE-containing.lassopeptide	RiPP	NZ_JBYUNQ010000005.1 Devosia sp. Z11_6 NODE_5_length_228390_cov_165.542129, whole genome shotgun sequence	Unknown	RiPP_c0.7_famFAM_00008	0.7
NZ_JABAOM010000005.1.region001.gbk_region_1	NZ_JABAOM010000005.1.region001	region	1	1	FAM_00008	RiPP	Unknown	RRE-containing.lassopeptide	RiPP	NZ_JABAOM010000005.1 Devosia sp. 1635 Scaffold4_1, whole genome shotgun sequence	Unknown	RiPP_c0.7_famFAM_00008	0.7
NZ_JBYUNO010000001.1.region001.gbk_region_1	NZ_JBYUNO010000001.1.region001	region	1	1	FAM_00008	RiPP	Unknown	RRE-containing.lassopeptide	RiPP	NZ_JBYUNO010000001.1 Devosia sp. Z6_126 NODE_1_length_1401190_cov_167.528294, whole genome shotgun sequence	Unknown	RiPP_c0.7_famFAM_00008	0.7
NZ_JBTSEP010000009.1.region001.gbk_region_1	NZ_JBTSEP010000009.1.region001	region	1	1	FAM_00010	RiPP	Unknown	RiPP-like	RiPP	NZ_JBTSEP010000009.1 MAG: Devosia sp. isolate ML34-012-05 ML34_012_NODE_93_length_98378_cov_7.821071, whole genome shotgun sequence	Unknown	RiPP_c0.7_famFAM_00010	0.7
NZ_JBVKGV010000020.1.region001.gbk_region_1	NZ_JBVKGV010000020.1.region001	region	1	1	FAM_00010	RiPP	Unknown	RiPP-like	RiPP	NZ_JBVKGV010000020.1 MAG: Devosia sp. isolate ML34-006-05 ML34_006_NODE_270_length_57401_cov_2.738730, whole genome shotgun sequence	Unknown	RiPP_c0.7_famFAM_00010	0.7
NZ_CM147875.1.region001.gbk_region_1	NZ_CM147875.1.region001	region	1	1	FAM_00019	RiPP	Unknown	RiPP-like	RiPP	NZ_CM147875.1 Devosia sp. J20-27 chromosome, whole genome shotgun sequence	Unknown	RiPP_c0.7_famFAM_00019	0.7
NZ_BSNS01000020.1.region001.gbk_region_1	NZ_BSNS01000020.1.region001	region	1	1	FAM_00021	RiPP	Unknown	RiPP-like	RiPP	NZ_BSNS01000020.1 Devosia nitrariae strain NBRC 112416 sequence20, whole genome shotgun sequence	Unknown	RiPP_c0.7_famFAM_00021	0.7
NZ_JBTMWU010000001.1.region001.gbk_region_1	NZ_JBTMWU010000001.1.region001	region	1	1	FAM_00021	RiPP	Unknown	redox-cofactor	RiPP	NZ_JBTMWU010000001.1 Devosia sp. A449 Scaffold1, whole genome shotgun sequence	Unknown	RiPP_c0.7_famFAM_00021	0.7
NZ_JBHLYO010000020.1.region001.gbk_region_1	NZ_JBHLYO010000020.1.region001	region	1	1	FAM_00021	RiPP	Unknown	RiPP-like	RiPP	NZ_JBHLYO010000020.1 Devosia nitrariae strain NBRC 112416 platanus_K_default_20, whole genome shotgun sequence	Unknown	RiPP_c0.7_famFAM_00021	0.7
NZ_JBXAPX010000005.1.region001.gbk_region_1	NZ_JBXAPX010000005.1.region001	region	1	1	FAM_00023	RiPP	Unknown	lanthipeptide-class-iv	RiPP	NZ_JBXAPX010000005.1 Devosia sp. GW821-FHT12F11 NODE_5_length_446700_cov_56.840628, whole genome shotgun sequence	Unknown	RiPP_c0.7_famFAM_00023	0.7
NZ_JBXAPX010000004.1.region001.gbk_region_1	NZ_JBXAPX010000004.1.region001	region	1	63	FAM_00029	RiPP	Unknown	thioamitides	RiPP	NZ_JBXAPX010000004.1 Devosia sp. GW821-FHT12F11 NODE_4_length_517482_cov_53.795218, whole genome shotgun sequence	Unknown	RiPP_c0.7_famFAM_00029	0.7
NZ_LMEA01000011.1.region001.gbk_region_1	NZ_LMEA01000011.1.region001	region	1	63	FAM_00029	RiPP	Unknown	thioamitides	RiPP	NZ_LMEA01000011.1 Devosia sp. Root413D1 contig_6, whole genome shotgun sequence	Unknown	RiPP_c0.7_famFAM_00029	0.7
NZ_LMCR01000016.1.region001.gbk_region_1	NZ_LMCR01000016.1.region001	region	1	63	FAM_00029	RiPP	Unknown	thioamitides	RiPP	NZ_LMCR01000016.1 Devosia sp. Root105 contig_4, whole genome shotgun sequence	Unknown	RiPP_c0.7_famFAM_00029	0.7
NZ_CP012945.1.region005.gbk_region_5	NZ_CP012945.1.region005	region	5	63	FAM_00029	RiPP	Unknown	thioamitides	RiPP	NZ_CP012945.1 Devosia sp. A16 chromosome, complete genome	Unknown	RiPP_c0.7_famFAM_00029	0.7
NZ_CAXUPH020000003.1.region001.gbk_region_1	NZ_CAXUPH020000003.1.region001	region	1	63	FAM_00029	RiPP	Unknown	thioamitides	RiPP	NZ_CAXUPH020000003.1 Devosia sp. LjRoot16 LJR016c3, whole genome shotgun sequence	Unknown	RiPP_c0.7_famFAM_00029	0.7
NZ_CP104965.1.region001.gbk_region_1	NZ_CP104965.1.region001	region	1	72	FAM_00030	RiPP	Unknown	redox-cofactor	RiPP	NZ_CP104965.1 Devosia neptuniae strain A18/4-1 chromosome, complete genome	Unknown	RiPP_c0.7_famFAM_00030	0.7
NZ_JBJDRE010000010.1.region001.gbk_region_1	NZ_JBJDRE010000010.1.region001	region	1	72	FAM_00030	RiPP	Unknown	redox-cofactor	RiPP	NZ_JBJDRE010000010.1 Devosia sp. ZW T5_3 ZW_T5_3_contig_010, whole genome shotgun sequence	Unknown	RiPP_c0.7_famFAM_00030	0.7
NZ_JNNO01000016.1.region001.gbk_region_1	NZ_JNNO01000016.1.region001	region	1	72	FAM_00030	RiPP	Unknown	redox-cofactor	RiPP	NZ_JNNO01000016.1 Devosia sp. LC5 contig23, whole genome shotgun sequence	Unknown	RiPP_c0.7_famFAM_00030	0.7
NZ_BSNG01000003.1.region001.gbk_region_1	NZ_BSNG01000003.1.region001	region	1	72	FAM_00030	RiPP	Unknown	redox-cofactor	RiPP	NZ_BSNG01000003.1 Devosia yakushimensis strain NBRC 103855 sequence03, whole genome shotgun sequence	Unknown	RiPP_c0.7_famFAM_00030	0.7
NZ_LMEA01000010.1.region001.gbk_region_1	NZ_LMEA01000010.1.region001	region	1	72	FAM_00031	RiPP	Unknown	redox-cofactor	RiPP	NZ_LMEA01000010.1 Devosia sp. Root413D1 contig_5, whole genome shotgun sequence	Unknown	RiPP_c0.7_famFAM_00031	0.7
NZ_CAXUPH020000005.1.region001.gbk_region_1	NZ_CAXUPH020000005.1.region001	region	1	72	FAM_00031	RiPP	Unknown	redox-cofactor	RiPP	NZ_CAXUPH020000005.1 Devosia sp. LjRoot16 LJR016c5, whole genome shotgun sequence	Unknown	RiPP_c0.7_famFAM_00031	0.7
NZ_MKVB01000002.1.region001.gbk_region_1	NZ_MKVB01000002.1.region001	region	1	72	FAM_00031	RiPP	Unknown	redox-cofactor	RiPP	NZ_MKVB01000002.1 MAG: Devosia sp. 66-14 SCNpilot_cont_300_bf_scaffold_147, whole genome shotgun sequence	Unknown	RiPP_c0.7_famFAM_00031	0.7
NZ_JAFKHE010000027.1.region001.gbk_region_1	NZ_JAFKHE010000027.1.region001	region	1	72	FAM_00031	RiPP	Unknown	redox-cofactor	RiPP	NZ_JAFKHE010000027.1 MAG: Devosia sp. isolate SCN18_30_10_14_R3_P_66_71 SCN18_30_10_14_R3_P_scaffold_205, whole genome shotgun sequence	Unknown	RiPP_c0.7_famFAM_00031	0.7
NZ_CP012945.1.region002.gbk_region_2	NZ_CP012945.1.region002	region	2	72	FAM_00031	RiPP	Unknown	redox-cofactor	RiPP	NZ_CP012945.1 Devosia sp. A16 chromosome, complete genome	Unknown	RiPP_c0.7_famFAM_00031	0.7
NZ_LMCR01000017.1.region001.gbk_region_1	NZ_LMCR01000017.1.region001	region	1	72	FAM_00031	RiPP	Unknown	redox-cofactor	RiPP	NZ_LMCR01000017.1 Devosia sp. Root105 contig_5, whole genome shotgun sequence	Unknown	RiPP_c0.7_famFAM_00031	0.7
NZ_JAFKHA010000012.1.region001.gbk_region_1	NZ_JAFKHA010000012.1.region001	region	1	72	FAM_00031	RiPP	Unknown	redox-cofactor	RiPP	NZ_JAFKHA010000012.1 MAG: Devosia sp. isolate SCN18_30_10_14_R3_B_66_58 SCN18_30_10_14_R3_B_scaffold_19, whole genome shotgun sequence	Unknown	RiPP_c0.7_famFAM_00031	0.7
NZ_JBXAPX010000006.1.region001.gbk_region_1	NZ_JBXAPX010000006.1.region001	region	1	72	FAM_00031	RiPP	Unknown	redox-cofactor	RiPP	NZ_JBXAPX010000006.1 Devosia sp. GW821-FHT12F11 NODE_6_length_419588_cov_59.036509, whole genome shotgun sequence	Unknown	RiPP_c0.7_famFAM_00031	0.7
NZ_JBDGIY010000001.1.region003.gbk_region_3	NZ_JBDGIY010000001.1.region003	region	3	72	FAM_00032	RiPP	Unknown	redox-cofactor	RiPP	NZ_JBDGIY010000001.1 Devosia sp. Soil_C_22 NODE_1_length_3502528_cov_134.771868, whole genome shotgun sequence	Unknown	RiPP_c0.7_famFAM_00032	0.7
NZ_PYVW01000001.1.region001.gbk_region_1	NZ_PYVW01000001.1.region001	region	1	72	FAM_00032	RiPP	Unknown	redox-cofactor	RiPP	NZ_PYVW01000001.1 Devosia naphthalenivorans strain CM5-1 scaffold1, whole genome shotgun sequence	Unknown	RiPP_c0.7_famFAM_00032	0.7
NZ_JBHTMH010000001.1.region003.gbk_region_3	NZ_JBHTMH010000001.1.region003	region	3	365	FAM_00033	RiPP	Unknown	thioamitides	RiPP	NZ_JBHTMH010000001.1 Devosia equisanguinis strain CCM 8868 GCM70027366_15, whole genome shotgun sequence	Unknown	RiPP_c0.7_famFAM_00033	0.7
NZ_UZWD01000029.1.region001.gbk_region_1	NZ_UZWD01000029.1.region001	region	1	365	FAM_00033	RiPP	Unknown	thioamitides	RiPP	NZ_UZWD01000029.1 Devosia equisanguinis strain CIP 111628, whole genome shotgun sequence	Unknown	RiPP_c0.7_famFAM_00033	0.7
NZ_MKUY01000005.1.region001.gbk_region_1	NZ_MKUY01000005.1.region001	region	1	365	FAM_00033	RiPP	Unknown	thioamitides	RiPP	NZ_MKUY01000005.1 MAG: Devosia sp. 63-57 SCNpilot_expt_1000_bf_scaffold_3, whole genome shotgun sequence	Unknown	RiPP_c0.7_famFAM_00033	0.7
NZ_JBTSEP010000003.1.region001.gbk_region_1	NZ_JBTSEP010000003.1.region001	region	1	636	FAM_00034	RiPP	Unknown	thioamitides	RiPP	NZ_JBTSEP010000003.1 MAG: Devosia sp. isolate ML34-012-05 ML34_012_NODE_45_length_152938_cov_7.526592, whole genome shotgun sequence	Unknown	RiPP_c0.7_famFAM_00034	0.7
NZ_JBVKGV010000033.1.region001.gbk_region_1	NZ_JBVKGV010000033.1.region001	region	1	636	FAM_00034	RiPP	Unknown	thioamitides	RiPP	NZ_JBVKGV010000033.1 MAG: Devosia sp. isolate ML34-006-05 ML34_006_NODE_583_length_35475_cov_2.597827, whole genome shotgun sequence	Unknown	RiPP_c0.7_famFAM_00034	0.7
NZ_JBHLYO010000004.1.region001.gbk_region_1	NZ_JBHLYO010000004.1.region001	region	1	1131	FAM_00035	RiPP	Unknown	LAP	RiPP	NZ_JBHLYO010000004.1 Devosia nitrariae strain NBRC 112416 platanus_K_default_4, whole genome shotgun sequence	Unknown	RiPP_c0.7_famFAM_00035	0.7
NZ_BSNS01000007.1.region001.gbk_region_1	NZ_BSNS01000007.1.region001	region	1	1131	FAM_00035	RiPP	Unknown	LAP	RiPP	NZ_BSNS01000007.1 Devosia nitrariae strain NBRC 112416 sequence07, whole genome shotgun sequence	Unknown	RiPP_c0.7_famFAM_00035	0.7
NZ_JAEMNZ010000003.1.region001.gbk_region_1	NZ_JAEMNZ010000003.1.region001	region	1	1227	FAM_00036	RiPP	Unknown	RRE-containing	RiPP	NZ_JAEMNZ010000003.1 Devosia sp. MC532 Scaffold3_1, whole genome shotgun sequence	Unknown	RiPP_c0.7_famFAM_00036	0.7
NZ_JAEMEB010000005.1.region001.gbk_region_1	NZ_JAEMEB010000005.1.region001	region	1	1227	FAM_00036	RiPP	Unknown	RRE-containing	RiPP	NZ_JAEMEB010000005.1 Devosia sp. MC521 Scaffold5_1, whole genome shotgun sequence	Unknown	RiPP_c0.7_famFAM_00036	0.7
NZ_JAENGO010000005.1.region002.gbk_region_2	NZ_JAENGO010000005.1.region002	region	2	1227	FAM_00036	RiPP	Unknown	RRE-containing	RiPP	NZ_JAENGO010000005.1 Devosia sp. WQ 349K1 Scaffold4_1, whole genome shotgun sequence	Unknown	RiPP_c0.7_famFAM_00036	0.7
NZ_JABBDZ010000002.1.region001.gbk_region_1	NZ_JABBDZ010000002.1.region001	region	1	1227	FAM_00036	RiPP	Unknown	RRE-containing	RiPP	NZ_JABBDZ010000002.1 Devosia sp. MC1541 Scaffold2_1, whole genome shotgun sequence	Unknown	RiPP_c0.7_famFAM_00036	0.7
NZ_CP059902.1.region001.gbk_region_1	NZ_CP059902.1.region001	region	1	1227	FAM_00036	RiPP	Unknown	RRE-containing	RiPP	NZ_CP059902.1 Devosia sp. MC521 chromosome, complete genome	Unknown	RiPP_c0.7_famFAM_00036	0.7
NZ_JBHLYO010000010.1.region001.gbk_region_1	NZ_JBHLYO010000010.1.region001	region	1	1572	FAM_00037	RiPP	Unknown	RiPP-like	RiPP	NZ_JBHLYO010000010.1 Devosia nitrariae strain NBRC 112416 platanus_K_default_10, whole genome shotgun sequence	Unknown	RiPP_c0.7_famFAM_00037	0.7
NZ_BSNS01000011.1.region001.gbk_region_1	NZ_BSNS01000011.1.region001	region	1	1572	FAM_00037	RiPP	Unknown	RiPP-like	RiPP	NZ_BSNS01000011.1 Devosia nitrariae strain NBRC 112416 sequence11, whole genome shotgun sequence	Unknown	RiPP_c0.7_famFAM_00037	0.7
NZ_MKVB01000001.1.region002.gbk_region_2	NZ_MKVB01000001.1.region002	region	2	1716	FAM_00038	RiPP	Unknown	thioamitides	RiPP	NZ_MKVB01000001.1 MAG: Devosia sp. 66-14 SCNpilot_cont_300_bf_scaffold_127, whole genome shotgun sequence	Unknown	RiPP_c0.7_famFAM_00038	0.7
NZ_JAFKHA010000009.1.region002.gbk_region_2	NZ_JAFKHA010000009.1.region002	region	2	1716	FAM_00038	RiPP	Unknown	thioamitides	RiPP	NZ_JAFKHA010000009.1 MAG: Devosia sp. isolate SCN18_30_10_14_R3_B_66_58 SCN18_30_10_14_R3_B_scaffold_4, whole genome shotgun sequence	Unknown	RiPP_c0.7_famFAM_00038	0.7
NZ_CP012945.1.region001.gbk_region_1	NZ_CP012945.1.region001	region	1	1820	FAM_00039	RiPP	Unknown	thioamitides	RiPP	NZ_CP012945.1 Devosia sp. A16 chromosome, complete genome	Unknown	RiPP_c0.7_famFAM_00039	0.7
NZ_JAFKHA010000012.1.region002.gbk_region_2	NZ_JAFKHA010000012.1.region002	region	2	1820	FAM_00039	RiPP	Unknown	thioamitides	RiPP	NZ_JAFKHA010000012.1 MAG: Devosia sp. isolate SCN18_30_10_14_R3_B_66_58 SCN18_30_10_14_R3_B_scaffold_19, whole genome shotgun sequence	Unknown	RiPP_c0.7_famFAM_00039	0.7
NZ_CAXUPH020000005.1.region002.gbk_region_2	NZ_CAXUPH020000005.1.region002	region	2	1820	FAM_00039	RiPP	Unknown	thioamitides.thiopeptide	RiPP	NZ_CAXUPH020000005.1 Devosia sp. LjRoot16 LJR016c5, whole genome shotgun sequence	Unknown	RiPP_c0.7_famFAM_00039	0.7
NZ_LMCR01000017.1.region002.gbk_region_2	NZ_LMCR01000017.1.region002	region	2	1820	FAM_00039	RiPP	Unknown	thioamitides.thiopeptide	RiPP	NZ_LMCR01000017.1 Devosia sp. Root105 contig_5, whole genome shotgun sequence	Unknown	RiPP_c0.7_famFAM_00039	0.7
NZ_LMEA01000010.1.region002.gbk_region_2	NZ_LMEA01000010.1.region002	region	2	1820	FAM_00039	RiPP	Unknown	thioamitides.thiopeptide	RiPP	NZ_LMEA01000010.1 Devosia sp. Root413D1 contig_5, whole genome shotgun sequence	Unknown	RiPP_c0.7_famFAM_00039	0.7
NZ_JBXAPX010000006.1.region002.gbk_region_2	NZ_JBXAPX010000006.1.region002	region	2	1820	FAM_00039	RiPP	Unknown	thioamitides	RiPP	NZ_JBXAPX010000006.1 Devosia sp. GW821-FHT12F11 NODE_6_length_419588_cov_59.036509, whole genome shotgun sequence	Unknown	RiPP_c0.7_famFAM_00039	0.7
NZ_MKVB01000002.1.region002.gbk_region_2	NZ_MKVB01000002.1.region002	region	2	1820	FAM_00039	RiPP	Unknown	thioamitides	RiPP	NZ_MKVB01000002.1 MAG: Devosia sp. 66-14 SCNpilot_cont_300_bf_scaffold_147, whole genome shotgun sequence	Unknown	RiPP_c0.7_famFAM_00039	0.7
NZ_OZ245853.1.region001.gbk_region_1	NZ_OZ245853.1.region001	region	1	1820	FAM_00040	RiPP	Unknown	thioamitides	RiPP	NZ_OZ245853.1 MAG: Devosia sp. isolate 3d186a37-0bcd-4ac1-b259-f5c9590ee027 chromosome 1	Unknown	RiPP_c0.7_famFAM_00040	0.7
NZ_JAQRMY010000003.1.region001.gbk_region_1	NZ_JAQRMY010000003.1.region001	region	1	1820	FAM_00040	RiPP	Unknown	thioamitides	RiPP	NZ_JAQRMY010000003.1 Devosia sp. ZB163 scaffold_2, whole genome shotgun sequence	Unknown	RiPP_c0.7_famFAM_00040	0.7
NZ_JBDGIY010000001.1.region005.gbk_region_5	NZ_JBDGIY010000001.1.region005	region	5	1820	FAM_00040	RiPP	Unknown	thioamitides	RiPP	NZ_JBDGIY010000001.1 Devosia sp. Soil_C_22 NODE_1_length_3502528_cov_134.771868, whole genome shotgun sequence	Unknown	RiPP_c0.7_famFAM_00040	0.7
NZ_JAFKHE010000031.1.region001.gbk_region_1	NZ_JAFKHE010000031.1.region001	region	1	1820	FAM_00040	RiPP	Unknown	thioamitides	RiPP	NZ_JAFKHE010000031.1 MAG: Devosia sp. isolate SCN18_30_10_14_R3_P_66_71 SCN18_30_10_14_R3_P_scaffold_280, whole genome shotgun sequence	Unknown	RiPP_c0.7_famFAM_00040	0.7
NZ_JBFUCQ010000005.1.region001.gbk_region_1	NZ_JBFUCQ010000005.1.region001	region	1	1820	FAM_00041	RiPP	Unknown	thioamitides	RiPP	NZ_JBFUCQ010000005.1 Devosia sp. P1_H9 scaffold_4, whole genome shotgun sequence	Unknown	RiPP_c0.7_famFAM_00041	0.7
NZ_JBFUGO010000004.1.region001.gbk_region_1	NZ_JBFUGO010000004.1.region001	region	1	1820	FAM_00041	RiPP	Unknown	thioamitides	RiPP	NZ_JBFUGO010000004.1 Devosia sp. P3_B2 scaffold_3, whole genome shotgun sequence	Unknown	RiPP_c0.7_famFAM_00041	0.7
NZ_JBFUFI010000005.1.region001.gbk_region_1	NZ_JBFUFI010000005.1.region001	region	1	1820	FAM_00041	RiPP	Unknown	thioamitides	RiPP	NZ_JBFUFI010000005.1 Devosia sp. P2_G7 scaffold_4, whole genome shotgun sequence	Unknown	RiPP_c0.7_famFAM_00041	0.7
NZ_CAXUPH020000001.1.region001.gbk_region_1	NZ_CAXUPH020000001.1.region001	region	1	2410	FAM_00042	RiPP	Unknown	RRE-containing	RiPP	NZ_CAXUPH020000001.1 Devosia sp. LjRoot16 LJR016c1, whole genome shotgun sequence	Unknown	RiPP_c0.7_famFAM_00042	0.7
NZ_JAFKHA010000008.1.region001.gbk_region_1	NZ_JAFKHA010000008.1.region001	region	1	2410	FAM_00042	RiPP	Unknown	RRE-containing	RiPP	NZ_JAFKHA010000008.1 MAG: Devosia sp. isolate SCN18_30_10_14_R3_B_66_58 SCN18_30_10_14_R3_B_scaffold_1, whole genome shotgun sequence	Unknown	RiPP_c0.7_famFAM_00042	0.7
NZ_CP012945.1.region003.gbk_region_3	NZ_CP012945.1.region003	region	3	2410	FAM_00042	RiPP	Unknown	RRE-containing	RiPP	NZ_CP012945.1 Devosia sp. A16 chromosome, complete genome	Unknown	RiPP_c0.7_famFAM_00042	0.7
NZ_LMCR01000021.1.region001.gbk_region_1	NZ_LMCR01000021.1.region001	region	1	2410	FAM_00042	RiPP	Unknown	RRE-containing	RiPP	NZ_LMCR01000021.1 Devosia sp. Root105 contig_9, whole genome shotgun sequence	Unknown	RiPP_c0.7_famFAM_00042	0.7
NZ_JBXAPX010000002.1.region001.gbk_region_1	NZ_JBXAPX010000002.1.region001	region	1	2410	FAM_00042	RiPP	Unknown	RRE-containing	RiPP	NZ_JBXAPX010000002.1 Devosia sp. GW821-FHT12F11 NODE_2_length_929012_cov_60.894576, whole genome shotgun sequence	Unknown	RiPP_c0.7_famFAM_00042	0.7
NZ_MKVB01000006.1.region001.gbk_region_1	NZ_MKVB01000006.1.region001	region	1	2410	FAM_00042	RiPP	Unknown	RRE-containing	RiPP	NZ_MKVB01000006.1 MAG: Devosia sp. 66-14 SCNpilot_cont_300_bf_scaffold_172, whole genome shotgun sequence	Unknown	RiPP_c0.7_famFAM_00042	0.7
NZ_LMEA01000012.1.region001.gbk_region_1	NZ_LMEA01000012.1.region001	region	1	2410	FAM_00042	RiPP	Unknown	RRE-containing	RiPP	NZ_LMEA01000012.1 Devosia sp. Root413D1 contig_7, whole genome shotgun sequence	Unknown	RiPP_c0.7_famFAM_00042	0.7
NZ_JAFKHA010000010.1.region001.gbk_region_1	NZ_JAFKHA010000010.1.region001	region	1	4858	FAM_00043	RiPP	Unknown	LAP	RiPP	NZ_JAFKHA010000010.1 MAG: Devosia sp. isolate SCN18_30_10_14_R3_B_66_58 SCN18_30_10_14_R3_B_scaffold_12, whole genome shotgun sequence	Unknown	RiPP_c0.7_famFAM_00043	0.7
NZ_MKVB01000003.1.region001.gbk_region_1	NZ_MKVB01000003.1.region001	region	1	4858	FAM_00043	RiPP	Unknown	LAP	RiPP	NZ_MKVB01000003.1 MAG: Devosia sp. 66-14 SCNpilot_cont_300_bf_scaffold_152, whole genome shotgun sequence	Unknown	RiPP_c0.7_famFAM_00043	0.7
NZ_JAIMBX010000003.1.region001.gbk_region_1	NZ_JAIMBX010000003.1.region001	region	1	6109	FAM_00044	RiPP	Unknown	thioamitides	RiPP	NZ_JAIMBX010000003.1 Devosia sp. BK 9_Devo_3, whole genome shotgun sequence	Unknown	RiPP_c0.7_famFAM_00044	0.7
NZ_LMQU01000011.1.region002.gbk_region_2	NZ_LMQU01000011.1.region002	region	2	6109	FAM_00044	RiPP	Unknown	thioamitides	RiPP	NZ_LMQU01000011.1 Devosia sp. Leaf420 contig_4, whole genome shotgun sequence	Unknown	RiPP_c0.7_famFAM_00044	0.7
NZ_LMLO01000012.1.region002.gbk_region_2	NZ_LMLO01000012.1.region002	region	2	6109	FAM_00044	RiPP	Unknown	thioamitides	RiPP	NZ_LMLO01000012.1 Devosia sp. Leaf64 contig_2, whole genome shotgun sequence	Unknown	RiPP_c0.7_famFAM_00044	0.7
NZ_JABBDZ010000004.1.region001.gbk_region_1	NZ_JABBDZ010000004.1.region001	region	1	1454	FAM_00045	RiPP	Unknown	RiPP-like	RiPP	NZ_JABBDZ010000004.1 Devosia sp. MC1541 Scaffold4_1, whole genome shotgun sequence	Unknown	RiPP_c0.7_famFAM_00045	0.7
NZ_OZ245853.1.region004.gbk_region_4	NZ_OZ245853.1.region004	region	4	1576	FAM_00046	RiPP	Unknown	thioamitides	RiPP	NZ_OZ245853.1 MAG: Devosia sp. isolate 3d186a37-0bcd-4ac1-b259-f5c9590ee027 chromosome 1	Unknown	RiPP_c0.7_famFAM_00046	0.7
NZ_CP186479.1.region003.gbk_region_3	NZ_CP186479.1.region003	region	3	4025	FAM_00047	RiPP	Unknown	thioamitides	RiPP	NZ_CP186479.1 Devosia sp. CN2-171 chromosome, complete genome	Unknown	RiPP_c0.7_famFAM_00047	0.7
NZ_CM147875.1.region002.gbk_region_2	NZ_CM147875.1.region002	region	2	4795	FAM_00048	RiPP	Unknown	thioamitides	RiPP	NZ_CM147875.1 Devosia sp. J20-27 chromosome, whole genome shotgun sequence	Unknown	RiPP_c0.7_famFAM_00048	0.7
NZ_LAJG01000014.1.region003.gbk_region_3	NZ_LAJG01000014.1.region003	region	3	5094	FAM_00049	RiPP	Unknown	thioamitides	RiPP	NZ_LAJG01000014.1 Devosia soli strain GH2-10 NODE_14, whole genome shotgun sequence	Unknown	RiPP_c0.7_famFAM_00049	0.7
NZ_CP186479.1.region002.gbk_region_2	NZ_CP186479.1.region002	region	2	7009	FAM_00050	RiPP	Unknown	RiPP-like	RiPP	NZ_CP186479.1 Devosia sp. CN2-171 chromosome, complete genome	Unknown	RiPP_c0.7_famFAM_00050	0.7
NZ_JABBDZ010000019.1.region001.gbk_region_1	NZ_JABBDZ010000019.1.region001	region	1	7320	FAM_00051	RiPP	Unknown	RRE-containing	RiPP	NZ_JABBDZ010000019.1 Devosia sp. MC1541 Scaffold19_1, whole genome shotgun sequence	Unknown	RiPP_c0.7_famFAM_00051	0.7
NZ_MKUZ01000030.1.region001.gbk_region_1	NZ_MKUZ01000030.1.region001	region	1	8968	FAM_00052	RiPP	Unknown	thioamitides	RiPP	NZ_MKUZ01000030.1 MAG: Devosia sp. 66-22 SCNpilot_expt_1000_bf_scaffold_96, whole genome shotgun sequence	Unknown	RiPP_c0.7_famFAM_00052	0.7
NZ_CP063401.1.region006.gbk_region_6	NZ_CP063401.1.region006	region	6	9049	FAM_00053	RiPP	Unknown	thioamitides	RiPP	NZ_CP063401.1 Devosia sp. SL43 chromosome, complete genome	Unknown	RiPP_c0.7_famFAM_00053	0.7
NZ_FXWK01000002.1.region001.gbk_region_1	NZ_FXWK01000002.1.region001	region	1	9504	FAM_00054	RiPP	Unknown	lanthipeptide-class-ii	RiPP	NZ_FXWK01000002.1 Devosia lucknowensis strain L15, whole genome shotgun sequence	Unknown	RiPP_c0.7_famFAM_00054	0.7
NZ_JBLXGA010000003.1.region001.gbk_region_1	NZ_JBLXGA010000003.1.region001	region	1	10473	FAM_00055	RiPP	Unknown	thioamitides	RiPP	NZ_JBLXGA010000003.1 MAG: Devosia sp. isolate ET04-05 T04maxbin_out.008RE.5K@3, whole genome shotgun sequence	Unknown	RiPP_c0.7_famFAM_00055	0.7
NZ_JBDGIY010000001.1.region001.gbk_region_1	NZ_JBDGIY010000001.1.region001	region	1	10498	FAM_00056	RiPP	Unknown	RRE-containing	RiPP	NZ_JBDGIY010000001.1 Devosia sp. Soil_C_22 NODE_1_length_3502528_cov_134.771868, whole genome shotgun sequence	Unknown	RiPP_c0.7_famFAM_00056	0.7
NZ_AP027921.1.region002.gbk_region_2	NZ_AP027921.1.region002	region	2	10787	FAM_00057	RiPP	Unknown	RRE-containing	RiPP	NZ_AP027921.1 Devosia sp. T2-14 chromosome, complete genome	Unknown	RiPP_c0.7_famFAM_00057	0.7
NZ_JADGNE010000033.1.region001.gbk_region_1	NZ_JADGNE010000033.1.region001	region	1	11915	FAM_00058	RiPP	Unknown	RRE-containing	RiPP	NZ_JADGNE010000033.1 MAG: Devosia sp. isolate N26CT NODE_24_length_219165_cov_20.528168, whole genome shotgun sequence	Unknown	RiPP_c0.7_famFAM_00058	0.7
NZ_JBDGIY010000001.1.region002.gbk_region_2	NZ_JBDGIY010000001.1.region002	region	2	12318	FAM_00059	RiPP	Unknown	thioamitides	RiPP	NZ_JBDGIY010000001.1 Devosia sp. Soil_C_22 NODE_1_length_3502528_cov_134.771868, whole genome shotgun sequence	Unknown	RiPP_c0.7_famFAM_00059	0.7
