# hmmsearch :: search profile(s) against a sequence database
# HMMER 3.4 (Aug 2023); http://hmmer.org/
# Copyright (C) 2023 Howard Hughes Medical Institute.
# Freely distributed under the BSD open source license.
# - - - - - - - - - - - - - - - - - - - - - - - - - - - - - - - - - - - -
# query HMM file:                  /dgxb_home/se26plsc001/arvind/Devosia_BGC/data/databases/gtdbtk_r232/release232/markers/tigrfam/tigrfam.hmm
# target sequence database:        results/05_phylogeny/identify_all/identify/intermediate_results/marker_genes/query_GCF_029201565.1/query_GCF_029201565.1_protein.faa
# output directed to file:         results/05_phylogeny/identify_all/identify/intermediate_results/marker_genes/query_GCF_029201565.1/query_GCF_029201565.1_tigrfam.out
# per-seq hits tabular output:     results/05_phylogeny/identify_all/identify/intermediate_results/marker_genes/query_GCF_029201565.1/query_GCF_029201565.1_tigrfam.tsv
# show alignments in output:       no
# max ASCII text line length:      unlimited
# model-specific thresholding:     NC cutoffs
# number of worker threads:        1
# - - - - - - - - - - - - - - - - - - - - - - - - - - - - - - - - - - - -

Query:       TIGR00006  [M=310]
Accession:   TIGR00006
Description: TIGR00006: 16S rRNA (cytosine(1402)-N(4))-methyltransferase
Scores for complete sequences (score includes all domains):
   --- full sequence ---   --- best 1 domain ---    -#dom-
    E-value  score  bias    E-value  score  bias    exp  N  Sequence           Description
    ------- ------ -----    ------- ------ -----   ---- --  --------           -----------
    9.5e-87  289.1   0.0    1.1e-86  288.9   0.0    1.0  1  NZ_CP104002.1_1555  # 1607129 # 1608130 # 1 # ID=1_1555;partial=00;start_type=ATG;rbs_motif=AGGA/GGAG/GAGG;rbs_spacer=11-12bp;gc_cont=0.649


Domain annotation for each sequence:
>> NZ_CP104002.1_1555  # 1607129 # 1608130 # 1 # ID=1_1555;partial=00;start_type=ATG;rbs_motif=AGGA/GGAG/GAGG;rbs_spacer=11-12bp;gc_cont=0.649
   #    score  bias  c-Evalue  i-Evalue hmmfrom  hmm to    alifrom  ali to    envfrom  env to     acc
 ---   ------ ----- --------- --------- ------- -------    ------- -------    ------- -------    ----
   1 !  288.9   0.0   2.7e-90   1.1e-86       6     305 ..      15     307 ..       9     312 .. 0.94



Internal pipeline statistics summary:
-------------------------------------
Query model(s):                            1  (310 nodes)
Target sequences:                       4140  (1258218 residues searched)
Passed MSV filter:                        79  (0.0190821); expected 82.8 (0.02)
Passed bias filter:                       70  (0.0169082); expected 82.8 (0.02)
Passed Vit filter:                         7  (0.00169082); expected 4.1 (0.001)
Passed Fwd filter:                         2  (0.000483092); expected 0.0 (1e-05)
Initial search space (Z):               4140  [actual number of targets]
Domain search space  (domZ):               1  [number of targets reported over threshold]
# CPU time: 0.03u 0.00s 00:00:00.03 Elapsed: 00:00:00.03
# Mc/sec: 12383.65
//
Query:       TIGR00019  [M=361]
Accession:   TIGR00019
Description: prfA: peptide chain release factor 1
Scores for complete sequences (score includes all domains):
   --- full sequence ---   --- best 1 domain ---    -#dom-
    E-value  score  bias    E-value  score  bias    exp  N  Sequence          Description
    ------- ------ -----    ------- ------ -----   ---- --  --------          -----------
   5.9e-152  503.6   1.4     7e-152  503.3   1.4    1.0  1  NZ_CP104002.1_555  # 552829 # 553905 # 1 # ID=1_555;partial=00;start_type=ATG;rbs_motif=None;rbs_spacer=None;gc_cont=0.637


Domain annotation for each sequence:
>> NZ_CP104002.1_555  # 552829 # 553905 # 1 # ID=1_555;partial=00;start_type=ATG;rbs_motif=None;rbs_spacer=None;gc_cont=0.637
   #    score  bias  c-Evalue  i-Evalue hmmfrom  hmm to    alifrom  ali to    envfrom  env to     acc
 ---   ------ ----- --------- --------- ------- -------    ------- -------    ------- -------    ----
   1 !  503.3   1.4  1.7e-155    7e-152       8     359 ..       7     355 ..       3     357 .. 0.98



Internal pipeline statistics summary:
-------------------------------------
Query model(s):                            1  (361 nodes)
Target sequences:                       4140  (1258218 residues searched)
Passed MSV filter:                       122  (0.0294686); expected 82.8 (0.02)
Passed bias filter:                       88  (0.021256); expected 82.8 (0.02)
Passed Vit filter:                         7  (0.00169082); expected 4.1 (0.001)
Passed Fwd filter:                         3  (0.000724638); expected 0.0 (1e-05)
Initial search space (Z):               4140  [actual number of targets]
Domain search space  (domZ):               1  [number of targets reported over threshold]
# CPU time: 0.04u 0.00s 00:00:00.04 Elapsed: 00:00:00.04
# Mc/sec: 9325.42
//
Query:       TIGR00020  [M=365]
Accession:   TIGR00020
Description: prfB: peptide chain release factor 2
Scores for complete sequences (score includes all domains):
   --- full sequence ---   --- best 1 domain ---    -#dom-
    E-value  score  bias    E-value  score  bias    exp  N  Sequence           Description
    ------- ------ -----    ------- ------ -----   ---- --  --------           -----------
   3.1e-144  478.3   4.2   3.5e-144  478.1   4.2    1.0  1  NZ_CP104002.1_2450  # 2511637 # 2512596 # -1 # ID=1_2450;partial=00;start_type=ATG;rbs_motif=GGA/GAG/AGG;rbs_spacer=11-12bp;gc_cont=0.626


Domain annotation for each sequence:
>> NZ_CP104002.1_2450  # 2511637 # 2512596 # -1 # ID=1_2450;partial=00;start_type=ATG;rbs_motif=GGA/GAG/AGG;rbs_spacer=11-12bp;gc_cont=0.626
   #    score  bias  c-Evalue  i-Evalue hmmfrom  hmm to    alifrom  ali to    envfrom  env to     acc
 ---   ------ ----- --------- --------- ------- -------    ------- -------    ------- -------    ----
   1 !  478.1   4.2  8.4e-148  3.5e-144      57     363 ..       2     308 ..       1     310 [. 0.99



Internal pipeline statistics summary:
-------------------------------------
Query model(s):                            1  (365 nodes)
Target sequences:                       4140  (1258218 residues searched)
Passed MSV filter:                       121  (0.0292271); expected 82.8 (0.02)
Passed bias filter:                       98  (0.0236715); expected 82.8 (0.02)
Passed Vit filter:                         4  (0.000966184); expected 4.1 (0.001)
Passed Fwd filter:                         3  (0.000724638); expected 0.0 (1e-05)
Initial search space (Z):               4140  [actual number of targets]
Domain search space  (domZ):               1  [number of targets reported over threshold]
# CPU time: 0.02u 0.01s 00:00:00.03 Elapsed: 00:00:00.03
# Mc/sec: 14895.00
//
Query:       TIGR00029  [M=87]
Accession:   TIGR00029
Description: S20: ribosomal protein bS20
Scores for complete sequences (score includes all domains):
   --- full sequence ---   --- best 1 domain ---    -#dom-
    E-value  score  bias    E-value  score  bias    exp  N  Sequence           Description
    ------- ------ -----    ------- ------ -----   ---- --  --------           -----------
    1.8e-21   74.4   9.0    1.9e-21   74.2   9.0    1.0  1  NZ_CP104002.1_4140  # 4229953 # 4230219 # 1 # ID=1_4140;partial=00;start_type=ATG;rbs_motif=GGAG/GAGG;rbs_spacer=5-10bp;gc_cont=0.637


Domain annotation for each sequence:
>> NZ_CP104002.1_4140  # 4229953 # 4230219 # 1 # ID=1_4140;partial=00;start_type=ATG;rbs_motif=GGAG/GAGG;rbs_spacer=5-10bp;gc_cont=0.637
   #    score  bias  c-Evalue  i-Evalue hmmfrom  hmm to    alifrom  ali to    envfrom  env to     acc
 ---   ------ ----- --------- --------- ------- -------    ------- -------    ------- -------    ----
   1 !   74.2   9.0   4.6e-25   1.9e-21       1      86 [.       1      86 [.       1      87 [. 0.98



Internal pipeline statistics summary:
-------------------------------------
Query model(s):                            1  (87 nodes)
Target sequences:                       4140  (1258218 residues searched)
Passed MSV filter:                       115  (0.0277778); expected 82.8 (0.02)
Passed bias filter:                       85  (0.0205314); expected 82.8 (0.02)
Passed Vit filter:                         5  (0.00120773); expected 4.1 (0.001)
Passed Fwd filter:                         1  (0.000241546); expected 0.0 (1e-05)
Initial search space (Z):               4140  [actual number of targets]
Domain search space  (domZ):               1  [number of targets reported over threshold]
# CPU time: 0.01u 0.00s 00:00:00.01 Elapsed: 00:00:00.01
# Mc/sec: 5775.19
//
Query:       TIGR00037  [M=130]
Accession:   TIGR00037
Description: eIF_5A: translation elongation factor IF5A
Scores for complete sequences (score includes all domains):
   --- full sequence ---   --- best 1 domain ---    -#dom-
    E-value  score  bias    E-value  score  bias    exp  N  Sequence Description
    ------- ------ -----    ------- ------ -----   ---- --  -------- -----------

   [No hits detected that satisfy reporting thresholds]


Domain annotation for each sequence:

   [No targets detected that satisfy reporting thresholds]


Internal pipeline statistics summary:
-------------------------------------
Query model(s):                            1  (130 nodes)
Target sequences:                       4140  (1258218 residues searched)
Passed MSV filter:                        62  (0.0149758); expected 82.8 (0.02)
Passed bias filter:                       55  (0.013285); expected 82.8 (0.02)
Passed Vit filter:                         4  (0.000966184); expected 4.1 (0.001)
Passed Fwd filter:                         0  (0); expected 0.0 (1e-05)
Initial search space (Z):               4140  [actual number of targets]
Domain search space  (domZ):               0  [number of targets reported over threshold]
# CPU time: 0.02u 0.00s 00:00:00.02 Elapsed: 00:00:00.01
# Mc/sec: 8853.12
//
Query:       TIGR00043  [M=111]
Accession:   TIGR00043
Description: TIGR00043: rRNA maturation RNase YbeY
Scores for complete sequences (score includes all domains):
   --- full sequence ---   --- best 1 domain ---    -#dom-
    E-value  score  bias    E-value  score  bias    exp  N  Sequence         Description
    ------- ------ -----    ------- ------ -----   ---- --  --------         -----------
    4.4e-32  108.4   0.0    5.4e-32  108.1   0.0    1.1  1  NZ_CP104002.1_13  # 13103 # 13579 # -1 # ID=1_13;partial=00;start_type=ATG;rbs_motif=None;rbs_spacer=None;gc_cont=0.612


Domain annotation for each sequence:
>> NZ_CP104002.1_13  # 13103 # 13579 # -1 # ID=1_13;partial=00;start_type=ATG;rbs_motif=None;rbs_spacer=None;gc_cont=0.612
   #    score  bias  c-Evalue  i-Evalue hmmfrom  hmm to    alifrom  ali to    envfrom  env to     acc
 ---   ------ ----- --------- --------- ------- -------    ------- -------    ------- -------    ----
   1 !  108.1   0.0   1.3e-35   5.4e-32       2     110 ..      46     150 ..      45     151 .. 0.93



Internal pipeline statistics summary:
-------------------------------------
Query model(s):                            1  (111 nodes)
Target sequences:                       4140  (1258218 residues searched)
Passed MSV filter:                        54  (0.0130435); expected 82.8 (0.02)
Passed bias filter:                       51  (0.0123188); expected 82.8 (0.02)
Passed Vit filter:                         6  (0.00144928); expected 4.1 (0.001)
Passed Fwd filter:                         1  (0.000241546); expected 0.0 (1e-05)
Initial search space (Z):               4140  [actual number of targets]
Domain search space  (domZ):               1  [number of targets reported over threshold]
# CPU time: 0.01u 0.00s 00:00:00.01 Elapsed: 00:00:00.02
# Mc/sec: 5854.05
//
Query:       TIGR00054  [M=421]
Accession:   TIGR00054
Description: TIGR00054: RIP metalloprotease RseP
Scores for complete sequences (score includes all domains):
   --- full sequence ---   --- best 1 domain ---    -#dom-
    E-value  score  bias    E-value  score  bias    exp  N  Sequence           Description
    ------- ------ -----    ------- ------ -----   ---- --  --------           -----------
    6.2e-85  283.4   0.0    1.9e-52  176.4   0.0    2.0  2  NZ_CP104002.1_2176  # 2221100 # 2222236 # 1 # ID=1_2176;partial=00;start_type=ATG;rbs_motif=GGA/GAG/AGG;rbs_spacer=5-10bp;gc_cont=0.602


Domain annotation for each sequence:
>> NZ_CP104002.1_2176  # 2221100 # 2222236 # 1 # ID=1_2176;partial=00;start_type=ATG;rbs_motif=GGA/GAG/AGG;rbs_spacer=5-10bp;gc_cont=0.602
   #    score  bias  c-Evalue  i-Evalue hmmfrom  hmm to    alifrom  ali to    envfrom  env to     acc
 ---   ------ ----- --------- --------- ------- -------    ------- -------    ------- -------    ----
   1 !  105.2   0.0   1.9e-34   7.7e-31       7     117 ..      12     134 ..       4     143 .. 0.82
   2 !  176.4   0.0   4.5e-56   1.9e-52     204     416 ..     144     369 ..     137     371 .. 0.97



Internal pipeline statistics summary:
-------------------------------------
Query model(s):                            1  (421 nodes)
Target sequences:                       4140  (1258218 residues searched)
Passed MSV filter:                       111  (0.0268116); expected 82.8 (0.02)
Passed bias filter:                       88  (0.021256); expected 82.8 (0.02)
Passed Vit filter:                        15  (0.00362319); expected 4.1 (0.001)
Passed Fwd filter:                         3  (0.000724638); expected 0.0 (1e-05)
Initial search space (Z):               4140  [actual number of targets]
Domain search space  (domZ):               1  [number of targets reported over threshold]
# CPU time: 0.07u 0.00s 00:00:00.07 Elapsed: 00:00:00.07
# Mc/sec: 7487.19
//
Query:       TIGR00059  [M=112]
Accession:   TIGR00059
Description: L17: ribosomal protein bL17
Scores for complete sequences (score includes all domains):
   --- full sequence ---   --- best 1 domain ---    -#dom-
    E-value  score  bias    E-value  score  bias    exp  N  Sequence           Description
    ------- ------ -----    ------- ------ -----   ---- --  --------           -----------
    4.6e-44  147.2   0.1    5.8e-44  146.9   0.1    1.1  1  NZ_CP104002.1_2665  # 2727084 # 2727506 # -1 # ID=1_2665;partial=00;start_type=ATG;rbs_motif=AGGAG;rbs_spacer=5-10bp;gc_cont=0.619


Domain annotation for each sequence:
>> NZ_CP104002.1_2665  # 2727084 # 2727506 # -1 # ID=1_2665;partial=00;start_type=ATG;rbs_motif=AGGAG;rbs_spacer=5-10bp;gc_cont=0.619
   #    score  bias  c-Evalue  i-Evalue hmmfrom  hmm to    alifrom  ali to    envfrom  env to     acc
 ---   ------ ----- --------- --------- ------- -------    ------- -------    ------- -------    ----
   1 !  146.9   0.1   1.4e-47   5.8e-44       3     112 .]       8     117 ..       6     117 .. 0.99



Internal pipeline statistics summary:
-------------------------------------
Query model(s):                            1  (112 nodes)
Target sequences:                       4140  (1258218 residues searched)
Passed MSV filter:                       113  (0.0272947); expected 82.8 (0.02)
Passed bias filter:                       97  (0.02343); expected 82.8 (0.02)
Passed Vit filter:                         8  (0.00193237); expected 4.1 (0.001)
Passed Fwd filter:                         1  (0.000241546); expected 0.0 (1e-05)
Initial search space (Z):               4140  [actual number of targets]
Domain search space  (domZ):               1  [number of targets reported over threshold]
# CPU time: 0.01u 0.00s 00:00:00.01 Elapsed: 00:00:00.02
# Mc/sec: 4734.32
//
Query:       TIGR00061  [M=101]
Accession:   TIGR00061
Description: L21: ribosomal protein bL21
Scores for complete sequences (score includes all domains):
   --- full sequence ---   --- best 1 domain ---    -#dom-
    E-value  score  bias    E-value  score  bias    exp  N  Sequence          Description
    ------- ------ -----    ------- ------ -----   ---- --  --------          -----------
    7.8e-32  107.6   2.0    7.8e-32  107.6   2.0    1.6  1  NZ_CP104002.1_338  # 325812 # 326306 # -1 # ID=1_338;partial=00;start_type=ATG;rbs_motif=None;rbs_spacer=None;gc_cont=0.604


Domain annotation for each sequence:
>> NZ_CP104002.1_338  # 325812 # 326306 # -1 # ID=1_338;partial=00;start_type=ATG;rbs_motif=None;rbs_spacer=None;gc_cont=0.604
   #    score  bias  c-Evalue  i-Evalue hmmfrom  hmm to    alifrom  ali to    envfrom  env to     acc
 ---   ------ ----- --------- --------- ------- -------    ------- -------    ------- -------    ----
   1 !  107.6   2.0   1.9e-35   7.8e-32       1     100 [.       3      98 ..       3      99 .. 0.97



Internal pipeline statistics summary:
-------------------------------------
Query model(s):                            1  (101 nodes)
Target sequences:                       4140  (1258218 residues searched)
Passed MSV filter:                        47  (0.0113527); expected 82.8 (0.02)
Passed bias filter:                       41  (0.00990338); expected 82.8 (0.02)
Passed Vit filter:                         1  (0.000241546); expected 4.1 (0.001)
Passed Fwd filter:                         1  (0.000241546); expected 0.0 (1e-05)
Initial search space (Z):               4140  [actual number of targets]
Domain search space  (domZ):               1  [number of targets reported over threshold]
# CPU time: 0.01u 0.01s 00:00:00.02 Elapsed: 00:00:00.02
# Mc/sec: 4777.47
//
Query:       TIGR00064  [M=279]
Accession:   TIGR00064
Description: ftsY: signal recognition particle-docking protein FtsY
Scores for complete sequences (score includes all domains):
   --- full sequence ---   --- best 1 domain ---    -#dom-
    E-value  score  bias    E-value  score  bias    exp  N  Sequence           Description
    ------- ------ -----    ------- ------ -----   ---- --  --------           -----------
   5.2e-101  335.4   2.2   6.2e-101  335.1   2.2    1.0  1  NZ_CP104002.1_3996  # 4094985 # 4096256 # -1 # ID=1_3996;partial=00;start_type=ATG;rbs_motif=GGA/GAG/AGG;rbs_spacer=5-10bp;gc_cont=0.655


Domain annotation for each sequence:
>> NZ_CP104002.1_3996  # 4094985 # 4096256 # -1 # ID=1_3996;partial=00;start_type=ATG;rbs_motif=GGA/GAG/AGG;rbs_spacer=5-10bp;gc_cont=0.655
   #    score  bias  c-Evalue  i-Evalue hmmfrom  hmm to    alifrom  ali to    envfrom  env to     acc
 ---   ------ ----- --------- --------- ------- -------    ------- -------    ------- -------    ----
   1 !  335.1   2.2  1.5e-104  6.2e-101       3     278 ..     151     419 ..     149     420 .. 0.95



Internal pipeline statistics summary:
-------------------------------------
Query model(s):                            1  (279 nodes)
Target sequences:                       4140  (1258218 residues searched)
Passed MSV filter:                       224  (0.0541063); expected 82.8 (0.02)
Passed bias filter:                      190  (0.0458937); expected 82.8 (0.02)
Passed Vit filter:                        49  (0.0118357); expected 4.1 (0.001)
Passed Fwd filter:                         5  (0.00120773); expected 0.0 (1e-05)
Initial search space (Z):               4140  [actual number of targets]
Domain search space  (domZ):               1  [number of targets reported over threshold]
# CPU time: 0.05u 0.00s 00:00:00.05 Elapsed: 00:00:00.05
# Mc/sec: 6834.95
//
Query:       TIGR00065  [M=353]
Accession:   TIGR00065
Description: ftsZ: cell division protein FtsZ
Scores for complete sequences (score includes all domains):
   --- full sequence ---   --- best 1 domain ---    -#dom-
    E-value  score  bias    E-value  score  bias    exp  N  Sequence           Description
    ------- ------ -----    ------- ------ -----   ---- --  --------           -----------
   2.9e-122  406.2   3.8     4e-122  405.8   3.8    1.1  1  NZ_CP104002.1_1569  # 1622593 # 1624281 # 1 # ID=1_1569;partial=00;start_type=ATG;rbs_motif=None;rbs_spacer=None;gc_cont=0.643


Domain annotation for each sequence:
>> NZ_CP104002.1_1569  # 1622593 # 1624281 # 1 # ID=1_1569;partial=00;start_type=ATG;rbs_motif=None;rbs_spacer=None;gc_cont=0.643
   #    score  bias  c-Evalue  i-Evalue hmmfrom  hmm to    alifrom  ali to    envfrom  env to     acc
 ---   ------ ----- --------- --------- ------- -------    ------- -------    ------- -------    ----
   1 !  405.8   3.8  9.6e-126    4e-122      15     334 ..      13     329 ..       4     346 .. 0.96



Internal pipeline statistics summary:
-------------------------------------
Query model(s):                            1  (353 nodes)
Target sequences:                       4140  (1258218 residues searched)
Passed MSV filter:                       161  (0.0388889); expected 82.8 (0.02)
Passed bias filter:                      118  (0.0285024); expected 82.8 (0.02)
Passed Vit filter:                         9  (0.00217391); expected 4.1 (0.001)
Passed Fwd filter:                         1  (0.000241546); expected 0.0 (1e-05)
Initial search space (Z):               4140  [actual number of targets]
Domain search space  (domZ):               1  [number of targets reported over threshold]
# CPU time: 0.04u 0.00s 00:00:00.04 Elapsed: 00:00:00.03
# Mc/sec: 11785.71
//
Query:       TIGR00082  [M=115]
Accession:   TIGR00082
Description: rbfA: ribosome-binding factor A
Scores for complete sequences (score includes all domains):
   --- full sequence ---   --- best 1 domain ---    -#dom-
    E-value  score  bias    E-value  score  bias    exp  N  Sequence          Description
    ------- ------ -----    ------- ------ -----   ---- --  --------          -----------
    1.5e-13   49.1   0.0      2e-13   48.7   0.0    1.0  1  NZ_CP104002.1_109  # 113303 # 113716 # 1 # ID=1_109;partial=00;start_type=ATG;rbs_motif=GGAGG;rbs_spacer=5-10bp;gc_cont=0.618


Domain annotation for each sequence:
>> NZ_CP104002.1_109  # 113303 # 113716 # 1 # ID=1_109;partial=00;start_type=ATG;rbs_motif=GGAGG;rbs_spacer=5-10bp;gc_cont=0.618
   #    score  bias  c-Evalue  i-Evalue hmmfrom  hmm to    alifrom  ali to    envfrom  env to     acc
 ---   ------ ----- --------- --------- ------- -------    ------- -------    ------- -------    ----
   1 !   48.7   0.0   4.9e-17     2e-13       5     110 ..      14     121 ..      11     124 .. 0.92



Internal pipeline statistics summary:
-------------------------------------
Query model(s):                            1  (115 nodes)
Target sequences:                       4140  (1258218 residues searched)
Passed MSV filter:                        59  (0.0142512); expected 82.8 (0.02)
Passed bias filter:                       56  (0.0135266); expected 82.8 (0.02)
Passed Vit filter:                         5  (0.00120773); expected 4.1 (0.001)
Passed Fwd filter:                         1  (0.000241546); expected 0.0 (1e-05)
Initial search space (Z):               4140  [actual number of targets]
Domain search space  (domZ):               1  [number of targets reported over threshold]
# CPU time: 0.02u 0.00s 00:00:00.02 Elapsed: 00:00:00.01
# Mc/sec: 8027.75
//
Query:       TIGR00083  [M=290]
Accession:   TIGR00083
Description: ribF: riboflavin biosynthesis protein RibF
Scores for complete sequences (score includes all domains):
   --- full sequence ---   --- best 1 domain ---    -#dom-
    E-value  score  bias    E-value  score  bias    exp  N  Sequence           Description
    ------- ------ -----    ------- ------ -----   ---- --  --------           -----------
    8.6e-73  243.1   0.0    9.8e-73  242.9   0.0    1.0  1  NZ_CP104002.1_3417  # 3484991 # 3485962 # -1 # ID=1_3417;partial=00;start_type=TTG;rbs_motif=GGAG/GAGG;rbs_spacer=5-10bp;gc_cont=0.640


Domain annotation for each sequence:
>> NZ_CP104002.1_3417  # 3484991 # 3485962 # -1 # ID=1_3417;partial=00;start_type=TTG;rbs_motif=GGAG/GAGG;rbs_spacer=5-10bp;gc_cont=0.640
   #    score  bias  c-Evalue  i-Evalue hmmfrom  hmm to    alifrom  ali to    envfrom  env to     acc
 ---   ------ ----- --------- --------- ------- -------    ------- -------    ------- -------    ----
   1 !  242.9   0.0   2.4e-76   9.8e-73       2     288 ..      21     305 ..      20     307 .. 0.94



Internal pipeline statistics summary:
-------------------------------------
Query model(s):                            1  (290 nodes)
Target sequences:                       4140  (1258218 residues searched)
Passed MSV filter:                        55  (0.013285); expected 82.8 (0.02)
Passed bias filter:                       49  (0.0118357); expected 82.8 (0.02)
Passed Vit filter:                         2  (0.000483092); expected 4.1 (0.001)
Passed Fwd filter:                         1  (0.000241546); expected 0.0 (1e-05)
Initial search space (Z):               4140  [actual number of targets]
Domain search space  (domZ):               1  [number of targets reported over threshold]
# CPU time: 0.02u 0.01s 00:00:00.03 Elapsed: 00:00:00.03
# Mc/sec: 12048.73
//
Query:       TIGR00084  [M=192]
Accession:   TIGR00084
Description: ruvA: Holliday junction DNA helicase RuvA
Scores for complete sequences (score includes all domains):
   --- full sequence ---   --- best 1 domain ---    -#dom-
    E-value  score  bias    E-value  score  bias    exp  N  Sequence          Description
    ------- ------ -----    ------- ------ -----   ---- --  --------          -----------
    2.2e-39  132.8   0.0    2.5e-39  132.6   0.0    1.0  1  NZ_CP104002.1_764  # 770503 # 771120 # 1 # ID=1_764;partial=00;start_type=GTG;rbs_motif=GGAG/GAGG;rbs_spacer=5-10bp;gc_cont=0.634


Domain annotation for each sequence:
>> NZ_CP104002.1_764  # 770503 # 771120 # 1 # ID=1_764;partial=00;start_type=GTG;rbs_motif=GGAG/GAGG;rbs_spacer=5-10bp;gc_cont=0.634
   #    score  bias  c-Evalue  i-Evalue hmmfrom  hmm to    alifrom  ali to    envfrom  env to     acc
 ---   ------ ----- --------- --------- ------- -------    ------- -------    ------- -------    ----
   1 !  132.6   0.0   5.9e-43   2.5e-39       1     188 [.       1     201 [.       1     205 [. 0.95



Internal pipeline statistics summary:
-------------------------------------
Query model(s):                            1  (192 nodes)
Target sequences:                       4140  (1258218 residues searched)
Passed MSV filter:                       112  (0.0270531); expected 82.8 (0.02)
Passed bias filter:                      103  (0.0248792); expected 82.8 (0.02)
Passed Vit filter:                        21  (0.00507246); expected 4.1 (0.001)
Passed Fwd filter:                         1  (0.000241546); expected 0.0 (1e-05)
Initial search space (Z):               4140  [actual number of targets]
Domain search space  (domZ):               1  [number of targets reported over threshold]
# CPU time: 0.03u 0.00s 00:00:00.03 Elapsed: 00:00:00.03
# Mc/sec: 7121.55
//
Query:       TIGR00086  [M=144]
Accession:   TIGR00086
Description: smpB: SsrA-binding protein
Scores for complete sequences (score includes all domains):
   --- full sequence ---   --- best 1 domain ---    -#dom-
    E-value  score  bias    E-value  score  bias    exp  N  Sequence           Description
    ------- ------ -----    ------- ------ -----   ---- --  --------           -----------
    1.6e-52  175.2   0.1    1.9e-52  175.0   0.1    1.0  1  NZ_CP104002.1_2906  # 2954960 # 2955463 # -1 # ID=1_2906;partial=00;start_type=ATG;rbs_motif=3Base/5BMM;rbs_spacer=13-15bp;gc_cont=0.571


Domain annotation for each sequence:
>> NZ_CP104002.1_2906  # 2954960 # 2955463 # -1 # ID=1_2906;partial=00;start_type=ATG;rbs_motif=3Base/5BMM;rbs_spacer=13-15bp;gc_cont=0.571
   #    score  bias  c-Evalue  i-Evalue hmmfrom  hmm to    alifrom  ali to    envfrom  env to     acc
 ---   ------ ----- --------- --------- ------- -------    ------- -------    ------- -------    ----
   1 !  175.0   0.1   4.5e-56   1.9e-52       2     144 .]      20     162 ..      19     162 .. 0.99



Internal pipeline statistics summary:
-------------------------------------
Query model(s):                            1  (144 nodes)
Target sequences:                       4140  (1258218 residues searched)
Passed MSV filter:                        49  (0.0118357); expected 82.8 (0.02)
Passed bias filter:                       44  (0.010628); expected 82.8 (0.02)
Passed Vit filter:                         4  (0.000966184); expected 4.1 (0.001)
Passed Fwd filter:                         1  (0.000241546); expected 0.0 (1e-05)
Initial search space (Z):               4140  [actual number of targets]
Domain search space  (domZ):               1  [number of targets reported over threshold]
# CPU time: 0.01u 0.00s 00:00:00.01 Elapsed: 00:00:00.01
# Mc/sec: 15081.77
//
Query:       TIGR00088  [M=233]
Accession:   TIGR00088
Description: trmD: tRNA (guanine(37)-N(1))-methyltransferase
Scores for complete sequences (score includes all domains):
   --- full sequence ---   --- best 1 domain ---    -#dom-
    E-value  score  bias    E-value  score  bias    exp  N  Sequence          Description
    ------- ------ -----    ------- ------ -----   ---- --  --------          -----------
      1e-77  258.4   0.0    1.3e-77  258.1   0.0    1.0  1  NZ_CP104002.1_224  # 220304 # 221020 # -1 # ID=1_224;partial=00;start_type=GTG;rbs_motif=GGAG/GAGG;rbs_spacer=5-10bp;gc_cont=0.662


Domain annotation for each sequence:
>> NZ_CP104002.1_224  # 220304 # 221020 # -1 # ID=1_224;partial=00;start_type=GTG;rbs_motif=GGAG/GAGG;rbs_spacer=5-10bp;gc_cont=0.662
   #    score  bias  c-Evalue  i-Evalue hmmfrom  hmm to    alifrom  ali to    envfrom  env to     acc
 ---   ------ ----- --------- --------- ------- -------    ------- -------    ------- -------    ----
   1 !  258.1   0.0     3e-81   1.3e-77       4     222 ..       6     226 ..       3     237 .. 0.96



Internal pipeline statistics summary:
-------------------------------------
Query model(s):                            1  (233 nodes)
Target sequences:                       4140  (1258218 residues searched)
Passed MSV filter:                        81  (0.0195652); expected 82.8 (0.02)
Passed bias filter:                       80  (0.0193237); expected 82.8 (0.02)
Passed Vit filter:                         4  (0.000966184); expected 4.1 (0.001)
Passed Fwd filter:                         1  (0.000241546); expected 0.0 (1e-05)
Initial search space (Z):               4140  [actual number of targets]
Domain search space  (domZ):               1  [number of targets reported over threshold]
# CPU time: 0.03u 0.00s 00:00:00.03 Elapsed: 00:00:00.02
# Mc/sec: 13119.14
//
Query:       TIGR00090  [M=99]
Accession:   TIGR00090
Description: rsfS_iojap_ybeB: ribosome silencing factor
Scores for complete sequences (score includes all domains):
   --- full sequence ---   --- best 1 domain ---    -#dom-
    E-value  score  bias    E-value  score  bias    exp  N  Sequence          Description
    ------- ------ -----    ------- ------ -----   ---- --  --------          -----------
    5.1e-33  111.1   0.0    5.9e-33  110.9   0.0    1.1  1  NZ_CP104002.1_328  # 318626 # 319018 # -1 # ID=1_328;partial=00;start_type=ATG;rbs_motif=AGxAGG/AGGxGG;rbs_spacer=5-10bp;gc_cont=0.623


Domain annotation for each sequence:
>> NZ_CP104002.1_328  # 318626 # 319018 # -1 # ID=1_328;partial=00;start_type=ATG;rbs_motif=AGxAGG/AGGxGG;rbs_spacer=5-10bp;gc_cont=0.623
   #    score  bias  c-Evalue  i-Evalue hmmfrom  hmm to    alifrom  ali to    envfrom  env to     acc
 ---   ------ ----- --------- --------- ------- -------    ------- -------    ------- -------    ----
   1 !  110.9   0.0   1.4e-36   5.9e-33       2      99 .]      24     121 ..      23     121 .. 0.98



Internal pipeline statistics summary:
-------------------------------------
Query model(s):                            1  (99 nodes)
Target sequences:                       4140  (1258218 residues searched)
Passed MSV filter:                        77  (0.018599); expected 82.8 (0.02)
Passed bias filter:                       70  (0.0169082); expected 82.8 (0.02)
Passed Vit filter:                         5  (0.00120773); expected 4.1 (0.001)
Passed Fwd filter:                         1  (0.000241546); expected 0.0 (1e-05)
Initial search space (Z):               4140  [actual number of targets]
Domain search space  (domZ):               1  [number of targets reported over threshold]
# CPU time: 0.02u 0.00s 00:00:00.02 Elapsed: 00:00:00.03
# Mc/sec: 4145.29
//
Query:       TIGR00092  [M=368]
Accession:   TIGR00092
Description: TIGR00092: GTP-binding protein YchF
Scores for complete sequences (score includes all domains):
   --- full sequence ---   --- best 1 domain ---    -#dom-
    E-value  score  bias    E-value  score  bias    exp  N  Sequence           Description
    ------- ------ -----    ------- ------ -----   ---- --  --------           -----------
   8.3e-147  486.9   0.0   9.3e-147  486.8   0.0    1.0  1  NZ_CP104002.1_1249  # 1294312 # 1295409 # 1 # ID=1_1249;partial=00;start_type=ATG;rbs_motif=GGAG/GAGG;rbs_spacer=5-10bp;gc_cont=0.617


Domain annotation for each sequence:
>> NZ_CP104002.1_1249  # 1294312 # 1295409 # 1 # ID=1_1249;partial=00;start_type=ATG;rbs_motif=GGAG/GAGG;rbs_spacer=5-10bp;gc_cont=0.617
   #    score  bias  c-Evalue  i-Evalue hmmfrom  hmm to    alifrom  ali to    envfrom  env to     acc
 ---   ------ ----- --------- --------- ------- -------    ------- -------    ------- -------    ----
   1 !  486.8   0.0  2.2e-150  9.3e-147       1     367 [.       1     364 [.       1     365 [. 0.99



Internal pipeline statistics summary:
-------------------------------------
Query model(s):                            1  (368 nodes)
Target sequences:                       4140  (1258218 residues searched)
Passed MSV filter:                       155  (0.0374396); expected 82.8 (0.02)
Passed bias filter:                      145  (0.0350242); expected 82.8 (0.02)
Passed Vit filter:                        32  (0.00772947); expected 4.1 (0.001)
Passed Fwd filter:                         5  (0.00120773); expected 0.0 (1e-05)
Initial search space (Z):               4140  [actual number of targets]
Domain search space  (domZ):               1  [number of targets reported over threshold]
# CPU time: 0.05u 0.00s 00:00:00.05 Elapsed: 00:00:00.05
# Mc/sec: 7935.51
//
Query:       TIGR00095  [M=194]
Accession:   TIGR00095
Description: TIGR00095: 16S rRNA (guanine(966)-N(2))-methyltransferase RsmD
Scores for complete sequences (score includes all domains):
   --- full sequence ---   --- best 1 domain ---    -#dom-
    E-value  score  bias    E-value  score  bias    exp  N  Sequence           Description
    ------- ------ -----    ------- ------ -----   ---- --  --------           -----------
    1.2e-42  143.6   0.0    1.5e-42  143.3   0.0    1.0  1  NZ_CP104002.1_3412  # 3477673 # 3478245 # -1 # ID=1_3412;partial=00;start_type=ATG;rbs_motif=None;rbs_spacer=None;gc_cont=0.644


Domain annotation for each sequence:
>> NZ_CP104002.1_3412  # 3477673 # 3478245 # -1 # ID=1_3412;partial=00;start_type=ATG;rbs_motif=None;rbs_spacer=None;gc_cont=0.644
   #    score  bias  c-Evalue  i-Evalue hmmfrom  hmm to    alifrom  ali to    envfrom  env to     acc
 ---   ------ ----- --------- --------- ------- -------    ------- -------    ------- -------    ----
   1 !  143.3   0.0   3.5e-46   1.5e-42      13     191 ..       2     181 ..       1     183 [. 0.90



Internal pipeline statistics summary:
-------------------------------------
Query model(s):                            1  (194 nodes)
Target sequences:                       4140  (1258218 residues searched)
Passed MSV filter:                        86  (0.0207729); expected 82.8 (0.02)
Passed bias filter:                       82  (0.0198068); expected 82.8 (0.02)
Passed Vit filter:                         8  (0.00193237); expected 4.1 (0.001)
Passed Fwd filter:                         3  (0.000724638); expected 0.0 (1e-05)
Initial search space (Z):               4140  [actual number of targets]
Domain search space  (domZ):               1  [number of targets reported over threshold]
# CPU time: 0.03u 0.00s 00:00:00.03 Elapsed: 00:00:00.03
# Mc/sec: 7831.10
//
Query:       TIGR00111  [M=351]
Accession:   TIGR00111
Description: pelota: mRNA surveillance protein pelota
Scores for complete sequences (score includes all domains):
   --- full sequence ---   --- best 1 domain ---    -#dom-
    E-value  score  bias    E-value  score  bias    exp  N  Sequence Description
    ------- ------ -----    ------- ------ -----   ---- --  -------- -----------

   [No hits detected that satisfy reporting thresholds]


Domain annotation for each sequence:

   [No targets detected that satisfy reporting thresholds]


Internal pipeline statistics summary:
-------------------------------------
Query model(s):                            1  (351 nodes)
Target sequences:                       4140  (1258218 residues searched)
Passed MSV filter:                        84  (0.0202899); expected 82.8 (0.02)
Passed bias filter:                       71  (0.0171498); expected 82.8 (0.02)
Passed Vit filter:                         5  (0.00120773); expected 4.1 (0.001)
Passed Fwd filter:                         0  (0); expected 0.0 (1e-05)
Initial search space (Z):               4140  [actual number of targets]
Domain search space  (domZ):               0  [number of targets reported over threshold]
# CPU time: 0.03u 0.00s 00:00:00.03 Elapsed: 00:00:00.03
# Mc/sec: 13118.48
//
Query:       TIGR00115  [M=410]
Accession:   TIGR00115
Description: tig: trigger factor
Scores for complete sequences (score includes all domains):
   --- full sequence ---   --- best 1 domain ---    -#dom-
    E-value  score  bias    E-value  score  bias    exp  N  Sequence           Description
    ------- ------ -----    ------- ------ -----   ---- --  --------           -----------
   9.4e-121  401.3   7.6   1.2e-120  400.9   7.6    1.2  1  NZ_CP104002.1_2077  # 2116760 # 2118139 # -1 # ID=1_2077;partial=00;start_type=ATG;rbs_motif=GGA/GAG/AGG;rbs_spacer=5-10bp;gc_cont=0.615


Domain annotation for each sequence:
>> NZ_CP104002.1_2077  # 2116760 # 2118139 # -1 # ID=1_2077;partial=00;start_type=ATG;rbs_motif=GGA/GAG/AGG;rbs_spacer=5-10bp;gc_cont=0.615
   #    score  bias  c-Evalue  i-Evalue hmmfrom  hmm to    alifrom  ali to    envfrom  env to     acc
 ---   ------ ----- --------- --------- ------- -------    ------- -------    ------- -------    ----
   1 !  400.9   7.6    3e-124  1.2e-120       1     409 [.      11     426 ..      11     427 .. 0.99



Internal pipeline statistics summary:
-------------------------------------
Query model(s):                            1  (410 nodes)
Target sequences:                       4140  (1258218 residues searched)
Passed MSV filter:                       117  (0.0282609); expected 82.8 (0.02)
Passed bias filter:                       91  (0.0219807); expected 82.8 (0.02)
Passed Vit filter:                         6  (0.00144928); expected 4.1 (0.001)
Passed Fwd filter:                         2  (0.000483092); expected 0.0 (1e-05)
Initial search space (Z):               4140  [actual number of targets]
Domain search space  (domZ):               1  [number of targets reported over threshold]
# CPU time: 0.04u 0.00s 00:00:00.04 Elapsed: 00:00:00.04
# Mc/sec: 12174.33
//
Query:       TIGR00116  [M=293]
Accession:   TIGR00116
Description: tsf: translation elongation factor Ts
Scores for complete sequences (score includes all domains):
   --- full sequence ---   --- best 1 domain ---    -#dom-
    E-value  score  bias    E-value  score  bias    exp  N  Sequence           Description
    ------- ------ -----    ------- ------ -----   ---- --  --------           -----------
    2.2e-93  310.5   7.4    2.7e-93  310.2   7.4    1.0  1  NZ_CP104002.1_2171  # 2216924 # 2217850 # 1 # ID=1_2171;partial=00;start_type=ATG;rbs_motif=GGAG/GAGG;rbs_spacer=5-10bp;gc_cont=0.605


Domain annotation for each sequence:
>> NZ_CP104002.1_2171  # 2216924 # 2217850 # 1 # ID=1_2171;partial=00;start_type=ATG;rbs_motif=GGAG/GAGG;rbs_spacer=5-10bp;gc_cont=0.605
   #    score  bias  c-Evalue  i-Evalue hmmfrom  hmm to    alifrom  ali to    envfrom  env to     acc
 ---   ------ ----- --------- --------- ------- -------    ------- -------    ------- -------    ----
   1 !  310.2   7.4   6.5e-97   2.7e-93       2     290 ..       1     304 [.       1     306 [. 0.92



Internal pipeline statistics summary:
-------------------------------------
Query model(s):                            1  (293 nodes)
Target sequences:                       4140  (1258218 residues searched)
Passed MSV filter:                        88  (0.021256); expected 82.8 (0.02)
Passed bias filter:                       65  (0.0157005); expected 82.8 (0.02)
Passed Vit filter:                         7  (0.00169082); expected 4.1 (0.001)
Passed Fwd filter:                         1  (0.000241546); expected 0.0 (1e-05)
Initial search space (Z):               4140  [actual number of targets]
Domain search space  (domZ):               1  [number of targets reported over threshold]
# CPU time: 0.03u 0.00s 00:00:00.03 Elapsed: 00:00:00.04
# Mc/sec: 7745.95
//
Query:       TIGR00134  [M=622]
Accession:   TIGR00134
Description: gatE_arch: glutamyl-tRNA(Gln) amidotransferase, subunit E
Scores for complete sequences (score includes all domains):
   --- full sequence ---   --- best 1 domain ---    -#dom-
    E-value  score  bias    E-value  score  bias    exp  N  Sequence Description
    ------- ------ -----    ------- ------ -----   ---- --  -------- -----------

   [No hits detected that satisfy reporting thresholds]


Domain annotation for each sequence:

   [No targets detected that satisfy reporting thresholds]


Internal pipeline statistics summary:
-------------------------------------
Query model(s):                            1  (622 nodes)
Target sequences:                       4140  (1258218 residues searched)
Passed MSV filter:                       124  (0.0299517); expected 82.8 (0.02)
Passed bias filter:                       91  (0.0219807); expected 82.8 (0.02)
Passed Vit filter:                         6  (0.00144928); expected 4.1 (0.001)
Passed Fwd filter:                         1  (0.000241546); expected 0.0 (1e-05)
Initial search space (Z):               4140  [actual number of targets]
Domain search space  (domZ):               0  [number of targets reported over threshold]
# CPU time: 0.07u 0.00s 00:00:00.07 Elapsed: 00:00:00.07
# Mc/sec: 10075.61
//
Query:       TIGR00138  [M=183]
Accession:   TIGR00138
Description: rsmG_gidB: 16S rRNA (guanine(527)-N(7))-methyltransferase RsmG
Scores for complete sequences (score includes all domains):
   --- full sequence ---   --- best 1 domain ---    -#dom-
    E-value  score  bias    E-value  score  bias    exp  N  Sequence          Description
    ------- ------ -----    ------- ------ -----   ---- --  --------          -----------
    9.4e-38  127.5   0.0    1.1e-37  127.3   0.0    1.0  1  NZ_CP104002.1_213  # 209488 # 210135 # 1 # ID=1_213;partial=00;start_type=ATG;rbs_motif=GGA/GAG/AGG;rbs_spacer=5-10bp;gc_cont=0.548


Domain annotation for each sequence:
>> NZ_CP104002.1_213  # 209488 # 210135 # 1 # ID=1_213;partial=00;start_type=ATG;rbs_motif=GGA/GAG/AGG;rbs_spacer=5-10bp;gc_cont=0.548
   #    score  bias  c-Evalue  i-Evalue hmmfrom  hmm to    alifrom  ali to    envfrom  env to     acc
 ---   ------ ----- --------- --------- ------- -------    ------- -------    ------- -------    ----
   1 !  127.3   0.0   2.7e-41   1.1e-37       2     161 ..      26     185 ..      25     205 .. 0.91



Internal pipeline statistics summary:
-------------------------------------
Query model(s):                            1  (183 nodes)
Target sequences:                       4140  (1258218 residues searched)
Passed MSV filter:                        81  (0.0195652); expected 82.8 (0.02)
Passed bias filter:                       81  (0.0195652); expected 82.8 (0.02)
Passed Vit filter:                        14  (0.00338164); expected 4.1 (0.001)
Passed Fwd filter:                         3  (0.000724638); expected 0.0 (1e-05)
Initial search space (Z):               4140  [actual number of targets]
Domain search space  (domZ):               1  [number of targets reported over threshold]
# CPU time: 0.02u 0.00s 00:00:00.02 Elapsed: 00:00:00.02
# Mc/sec: 10122.22
//
Query:       TIGR00158  [M=148]
Accession:   TIGR00158
Description: L9: ribosomal protein bL9
Scores for complete sequences (score includes all domains):
   --- full sequence ---   --- best 1 domain ---    -#dom-
    E-value  score  bias    E-value  score  bias    exp  N  Sequence           Description
    ------- ------ -----    ------- ------ -----   ---- --  --------           -----------
    1.3e-37  127.4   0.1    1.6e-37  127.1   0.1    1.1  1  NZ_CP104002.1_3022  # 3076912 # 3077478 # 1 # ID=1_3022;partial=00;start_type=ATG;rbs_motif=AGGA;rbs_spacer=5-10bp;gc_cont=0.631


Domain annotation for each sequence:
>> NZ_CP104002.1_3022  # 3076912 # 3077478 # 1 # ID=1_3022;partial=00;start_type=ATG;rbs_motif=AGGA;rbs_spacer=5-10bp;gc_cont=0.631
   #    score  bias  c-Evalue  i-Evalue hmmfrom  hmm to    alifrom  ali to    envfrom  env to     acc
 ---   ------ ----- --------- --------- ------- -------    ------- -------    ------- -------    ----
   1 !  127.1   0.1   3.8e-41   1.6e-37       1     146 [.       1     145 [.       1     147 [. 0.99



Internal pipeline statistics summary:
-------------------------------------
Query model(s):                            1  (148 nodes)
Target sequences:                       4140  (1258218 residues searched)
Passed MSV filter:                        74  (0.0178744); expected 82.8 (0.02)
Passed bias filter:                       60  (0.0144928); expected 82.8 (0.02)
Passed Vit filter:                         3  (0.000724638); expected 4.1 (0.001)
Passed Fwd filter:                         1  (0.000241546); expected 0.0 (1e-05)
Initial search space (Z):               4140  [actual number of targets]
Domain search space  (domZ):               1  [number of targets reported over threshold]
# CPU time: 0.02u 0.00s 00:00:00.02 Elapsed: 00:00:00.02
# Mc/sec: 7593.24
//
Query:       TIGR00166  [M=95]
Accession:   TIGR00166
Description: S6: ribosomal protein bS6
Scores for complete sequences (score includes all domains):
   --- full sequence ---   --- best 1 domain ---    -#dom-
    E-value  score  bias    E-value  score  bias    exp  N  Sequence           Description
    ------- ------ -----    ------- ------ -----   ---- --  --------           -----------
    1.4e-24   84.1   0.2    1.6e-24   83.8   0.2    1.1  1  NZ_CP104002.1_3020  # 3076152 # 3076547 # 1 # ID=1_3020;partial=00;start_type=ATG;rbs_motif=AGGA;rbs_spacer=5-10bp;gc_cont=0.621


Domain annotation for each sequence:
>> NZ_CP104002.1_3020  # 3076152 # 3076547 # 1 # ID=1_3020;partial=00;start_type=ATG;rbs_motif=AGGA;rbs_spacer=5-10bp;gc_cont=0.621
   #    score  bias  c-Evalue  i-Evalue hmmfrom  hmm to    alifrom  ali to    envfrom  env to     acc
 ---   ------ ----- --------- --------- ------- -------    ------- -------    ------- -------    ----
   1 !   83.8   0.2   3.9e-28   1.6e-24       1      94 [.       1      94 [.       1      95 [. 0.98



Internal pipeline statistics summary:
-------------------------------------
Query model(s):                            1  (95 nodes)
Target sequences:                       4140  (1258218 residues searched)
Passed MSV filter:                        62  (0.0149758); expected 82.8 (0.02)
Passed bias filter:                       56  (0.0135266); expected 82.8 (0.02)
Passed Vit filter:                         4  (0.000966184); expected 4.1 (0.001)
Passed Fwd filter:                         1  (0.000241546); expected 0.0 (1e-05)
Initial search space (Z):               4140  [actual number of targets]
Domain search space  (domZ):               1  [number of targets reported over threshold]
# CPU time: 0.01u 0.01s 00:00:00.02 Elapsed: 00:00:00.00
# Mc/sec: 13067.89
//
Query:       TIGR00168  [M=165]
Accession:   TIGR00168
Description: infC: translation initiation factor IF-3
Scores for complete sequences (score includes all domains):
   --- full sequence ---   --- best 1 domain ---    -#dom-
    E-value  score  bias    E-value  score  bias    exp  N  Sequence        Description
    ------- ------ -----    ------- ------ -----   ---- --  --------        -----------
    1.3e-62  208.2   3.7    1.4e-62  208.0   3.7    1.0  1  NZ_CP104002.1_7  # 8534 # 9058 # -1 # ID=1_7;partial=00;start_type=ATG;rbs_motif=None;rbs_spacer=None;gc_cont=0.610


Domain annotation for each sequence:
>> NZ_CP104002.1_7  # 8534 # 9058 # -1 # ID=1_7;partial=00;start_type=ATG;rbs_motif=None;rbs_spacer=None;gc_cont=0.610
   #    score  bias  c-Evalue  i-Evalue hmmfrom  hmm to    alifrom  ali to    envfrom  env to     acc
 ---   ------ ----- --------- --------- ------- -------    ------- -------    ------- -------    ----
   1 !  208.0   3.7   3.5e-66   1.4e-62       2     163 ..      14     174 ..      13     174 .. 0.99



Internal pipeline statistics summary:
-------------------------------------
Query model(s):                            1  (165 nodes)
Target sequences:                       4140  (1258218 residues searched)
Passed MSV filter:                        86  (0.0207729); expected 82.8 (0.02)
Passed bias filter:                       77  (0.018599); expected 82.8 (0.02)
Passed Vit filter:                         8  (0.00193237); expected 4.1 (0.001)
Passed Fwd filter:                         1  (0.000241546); expected 0.0 (1e-05)
Initial search space (Z):               4140  [actual number of targets]
Domain search space  (domZ):               1  [number of targets reported over threshold]
# CPU time: 0.02u 0.00s 00:00:00.02 Elapsed: 00:00:00.01
# Mc/sec: 12660.10
//
Query:       TIGR00186  [M=240]
Accession:   TIGR00186
Description: rRNA_methyl_3: RNA methyltransferase, TrmH family, group 3
Scores for complete sequences (score includes all domains):
   --- full sequence ---   --- best 1 domain ---    -#dom-
    E-value  score  bias    E-value  score  bias    exp  N  Sequence           Description
    ------- ------ -----    ------- ------ -----   ---- --  --------           -----------
    7.1e-51  170.8   0.0    8.5e-51  170.6   0.0    1.0  1  NZ_CP104002.1_2717  # 2771492 # 2772244 # 1 # ID=1_2717;partial=00;start_type=ATG;rbs_motif=3Base/5BMM;rbs_spacer=13-15bp;gc_cont=0.640


Domain annotation for each sequence:
>> NZ_CP104002.1_2717  # 2771492 # 2772244 # 1 # ID=1_2717;partial=00;start_type=ATG;rbs_motif=3Base/5BMM;rbs_spacer=13-15bp;gc_cont=0.640
   #    score  bias  c-Evalue  i-Evalue hmmfrom  hmm to    alifrom  ali to    envfrom  env to     acc
 ---   ------ ----- --------- --------- ------- -------    ------- -------    ------- -------    ----
   1 !  170.6   0.0     2e-54   8.5e-51       4     237 ..      20     246 ..      18     249 .. 0.92



Internal pipeline statistics summary:
-------------------------------------
Query model(s):                            1  (240 nodes)
Target sequences:                       4140  (1258218 residues searched)
Passed MSV filter:                        83  (0.0200483); expected 82.8 (0.02)
Passed bias filter:                       76  (0.0183575); expected 82.8 (0.02)
Passed Vit filter:                        13  (0.0031401); expected 4.1 (0.001)
Passed Fwd filter:                         3  (0.000724638); expected 0.0 (1e-05)
Initial search space (Z):               4140  [actual number of targets]
Domain search space  (domZ):               1  [number of targets reported over threshold]
# CPU time: 0.02u 0.00s 00:00:00.02 Elapsed: 00:00:00.03
# Mc/sec: 7641.81
//
Query:       TIGR00194  [M=574]
Accession:   TIGR00194
Description: uvrC: excinuclease ABC subunit C
Scores for complete sequences (score includes all domains):
   --- full sequence ---   --- best 1 domain ---    -#dom-
    E-value  score  bias    E-value  score  bias    exp  N  Sequence           Description
    ------- ------ -----    ------- ------ -----   ---- --  --------           -----------
   2.8e-161  535.9   0.0   3.2e-161  535.7   0.0    1.0  1  NZ_CP104002.1_1276  # 1320252 # 1322132 # -1 # ID=1_1276;partial=00;start_type=ATG;rbs_motif=None;rbs_spacer=None;gc_cont=0.636


Domain annotation for each sequence:
>> NZ_CP104002.1_1276  # 1320252 # 1322132 # -1 # ID=1_1276;partial=00;start_type=ATG;rbs_motif=None;rbs_spacer=None;gc_cont=0.636
   #    score  bias  c-Evalue  i-Evalue hmmfrom  hmm to    alifrom  ali to    envfrom  env to     acc
 ---   ------ ----- --------- --------- ------- -------    ------- -------    ------- -------    ----
   1 !  535.7   0.0  7.7e-165  3.2e-161       5     573 ..      19     603 ..      15     604 .. 0.94



Internal pipeline statistics summary:
-------------------------------------
Query model(s):                            1  (574 nodes)
Target sequences:                       4140  (1258218 residues searched)
Passed MSV filter:                        76  (0.0183575); expected 82.8 (0.02)
Passed bias filter:                       71  (0.0171498); expected 82.8 (0.02)
Passed Vit filter:                         4  (0.000966184); expected 4.1 (0.001)
Passed Fwd filter:                         3  (0.000724638); expected 0.0 (1e-05)
Initial search space (Z):               4140  [actual number of targets]
Domain search space  (domZ):               1  [number of targets reported over threshold]
# CPU time: 0.05u 0.01s 00:00:00.06 Elapsed: 00:00:00.06
# Mc/sec: 11638.17
//
Query:       TIGR00250  [M=130]
Accession:   TIGR00250
Description: RNAse_H_YqgF: putative transcription antitermination factor YqgF
Scores for complete sequences (score includes all domains):
   --- full sequence ---   --- best 1 domain ---    -#dom-
    E-value  score  bias    E-value  score  bias    exp  N  Sequence           Description
    ------- ------ -----    ------- ------ -----   ---- --  --------           -----------
      1e-36  123.7   0.0    1.2e-36  123.6   0.0    1.0  1  NZ_CP104002.1_2354  # 2404696 # 2405148 # 1 # ID=1_2354;partial=00;start_type=TTG;rbs_motif=GGA/GAG/AGG;rbs_spacer=5-10bp;gc_cont=0.636


Domain annotation for each sequence:
>> NZ_CP104002.1_2354  # 2404696 # 2405148 # 1 # ID=1_2354;partial=00;start_type=TTG;rbs_motif=GGA/GAG/AGG;rbs_spacer=5-10bp;gc_cont=0.636
   #    score  bias  c-Evalue  i-Evalue hmmfrom  hmm to    alifrom  ali to    envfrom  env to     acc
 ---   ------ ----- --------- --------- ------- -------    ------- -------    ------- -------    ----
   1 !  123.6   0.0   2.8e-40   1.2e-36       1     130 []      16     145 ..      16     145 .. 0.99



Internal pipeline statistics summary:
-------------------------------------
Query model(s):                            1  (130 nodes)
Target sequences:                       4140  (1258218 residues searched)
Passed MSV filter:                       109  (0.0263285); expected 82.8 (0.02)
Passed bias filter:                       95  (0.0229469); expected 82.8 (0.02)
Passed Vit filter:                        10  (0.00241546); expected 4.1 (0.001)
Passed Fwd filter:                         1  (0.000241546); expected 0.0 (1e-05)
Initial search space (Z):               4140  [actual number of targets]
Domain search space  (domZ):               1  [number of targets reported over threshold]
# CPU time: 0.02u 0.01s 00:00:00.03 Elapsed: 00:00:00.02
# Mc/sec: 7305.53
//
Query:       TIGR00279  [M=172]
Accession:   TIGR00279
Description: uL16_euk_arch: ribosomal protein uL16
Scores for complete sequences (score includes all domains):
   --- full sequence ---   --- best 1 domain ---    -#dom-
    E-value  score  bias    E-value  score  bias    exp  N  Sequence Description
    ------- ------ -----    ------- ------ -----   ---- --  -------- -----------

   [No hits detected that satisfy reporting thresholds]


Domain annotation for each sequence:

   [No targets detected that satisfy reporting thresholds]


Internal pipeline statistics summary:
-------------------------------------
Query model(s):                            1  (172 nodes)
Target sequences:                       4140  (1258218 residues searched)
Passed MSV filter:                        80  (0.0193237); expected 82.8 (0.02)
Passed bias filter:                       70  (0.0169082); expected 82.8 (0.02)
Passed Vit filter:                         6  (0.00144928); expected 4.1 (0.001)
Passed Fwd filter:                         1  (0.000241546); expected 0.0 (1e-05)
Initial search space (Z):               4140  [actual number of targets]
Domain search space  (domZ):               0  [number of targets reported over threshold]
# CPU time: 0.02u 0.00s 00:00:00.02 Elapsed: 00:00:00.03
# Mc/sec: 6975.21
//
Query:       TIGR00291  [M=231]
Accession:   TIGR00291
Description: RNA_SBDS: rRNA metabolism protein, SBDS family
Scores for complete sequences (score includes all domains):
   --- full sequence ---   --- best 1 domain ---    -#dom-
    E-value  score  bias    E-value  score  bias    exp  N  Sequence Description
    ------- ------ -----    ------- ------ -----   ---- --  -------- -----------

   [No hits detected that satisfy reporting thresholds]


Domain annotation for each sequence:

   [No targets detected that satisfy reporting thresholds]


Internal pipeline statistics summary:
-------------------------------------
Query model(s):                            1  (231 nodes)
Target sequences:                       4140  (1258218 residues searched)
Passed MSV filter:                        73  (0.0176329); expected 82.8 (0.02)
Passed bias filter:                       63  (0.0152174); expected 82.8 (0.02)
Passed Vit filter:                         3  (0.000724638); expected 4.1 (0.001)
Passed Fwd filter:                         0  (0); expected 0.0 (1e-05)
Initial search space (Z):               4140  [actual number of targets]
Domain search space  (domZ):               0  [number of targets reported over threshold]
# CPU time: 0.02u 0.00s 00:00:00.02 Elapsed: 00:00:00.01
# Mc/sec: 18200.67
//
Query:       TIGR00323  [M=215]
Accession:   TIGR00323
Description: eIF-6: putative translation initiation factor eIF-6
Scores for complete sequences (score includes all domains):
   --- full sequence ---   --- best 1 domain ---    -#dom-
    E-value  score  bias    E-value  score  bias    exp  N  Sequence Description
    ------- ------ -----    ------- ------ -----   ---- --  -------- -----------

   [No hits detected that satisfy reporting thresholds]


Domain annotation for each sequence:

   [No targets detected that satisfy reporting thresholds]


Internal pipeline statistics summary:
-------------------------------------
Query model(s):                            1  (215 nodes)
Target sequences:                       4140  (1258218 residues searched)
Passed MSV filter:                       107  (0.0258454); expected 82.8 (0.02)
Passed bias filter:                       78  (0.0188406); expected 82.8 (0.02)
Passed Vit filter:                         7  (0.00169082); expected 4.1 (0.001)
Passed Fwd filter:                         0  (0); expected 0.0 (1e-05)
Initial search space (Z):               4140  [actual number of targets]
Domain search space  (domZ):               0  [number of targets reported over threshold]
# CPU time: 0.02u 0.00s 00:00:00.02 Elapsed: 00:00:00.02
# Mc/sec: 9265.93
//
Query:       TIGR00335  [M=324]
Accession:   TIGR00335
Description: primase_sml: putative DNA primase, eukaryotic-type, small subunit
Scores for complete sequences (score includes all domains):
   --- full sequence ---   --- best 1 domain ---    -#dom-
    E-value  score  bias    E-value  score  bias    exp  N  Sequence Description
    ------- ------ -----    ------- ------ -----   ---- --  -------- -----------

   [No hits detected that satisfy reporting thresholds]


Domain annotation for each sequence:

   [No targets detected that satisfy reporting thresholds]


Internal pipeline statistics summary:
-------------------------------------
Query model(s):                            1  (324 nodes)
Target sequences:                       4140  (1258218 residues searched)
Passed MSV filter:                        67  (0.0161836); expected 82.8 (0.02)
Passed bias filter:                       56  (0.0135266); expected 82.8 (0.02)
Passed Vit filter:                         8  (0.00193237); expected 4.1 (0.001)
Passed Fwd filter:                         0  (0); expected 0.0 (1e-05)
Initial search space (Z):               4140  [actual number of targets]
Domain search space  (domZ):               0  [number of targets reported over threshold]
# CPU time: 0.03u 0.00s 00:00:00.03 Elapsed: 00:00:00.03
# Mc/sec: 12048.77
//
Query:       TIGR00337  [M=526]
Accession:   TIGR00337
Description: PyrG: CTP synthase
Scores for complete sequences (score includes all domains):
   --- full sequence ---   --- best 1 domain ---    -#dom-
    E-value  score  bias    E-value  score  bias    exp  N  Sequence           Description
    ------- ------ -----    ------- ------ -----   ---- --  --------           -----------
   1.4e-221  734.5   0.0   1.6e-221  734.3   0.0    1.0  1  NZ_CP104002.1_2202  # 2250685 # 2252313 # 1 # ID=1_2202;partial=00;start_type=ATG;rbs_motif=None;rbs_spacer=None;gc_cont=0.619


Domain annotation for each sequence:
>> NZ_CP104002.1_2202  # 2250685 # 2252313 # 1 # ID=1_2202;partial=00;start_type=ATG;rbs_motif=None;rbs_spacer=None;gc_cont=0.619
   #    score  bias  c-Evalue  i-Evalue hmmfrom  hmm to    alifrom  ali to    envfrom  env to     acc
 ---   ------ ----- --------- --------- ------- -------    ------- -------    ------- -------    ----
   1 !  734.3   0.0  3.9e-225  1.6e-221       3     526 .]       2     534 ..       1     534 [. 0.99



Internal pipeline statistics summary:
-------------------------------------
Query model(s):                            1  (526 nodes)
Target sequences:                       4140  (1258218 residues searched)
Passed MSV filter:                       112  (0.0270531); expected 82.8 (0.02)
Passed bias filter:                      104  (0.0251208); expected 82.8 (0.02)
Passed Vit filter:                        17  (0.00410628); expected 4.1 (0.001)
Passed Fwd filter:                         6  (0.00144928); expected 0.0 (1e-05)
Initial search space (Z):               4140  [actual number of targets]
Domain search space  (domZ):               1  [number of targets reported over threshold]
# CPU time: 0.06u 0.00s 00:00:00.06 Elapsed: 00:00:00.08
# Mc/sec: 8200.64
//
Query:       TIGR00344  [M=847]
Accession:   TIGR00344
Description: alaS: alanine--tRNA ligase
Scores for complete sequences (score includes all domains):
   --- full sequence ---   --- best 1 domain ---    -#dom-
    E-value  score  bias    E-value  score  bias    exp  N  Sequence           Description
    ------- ------ -----    ------- ------ -----   ---- --  --------           -----------
     5e-293  972.3   0.0   5.7e-293  972.1   0.0    1.0  1  NZ_CP104002.1_1720  # 1783237 # 1785876 # 1 # ID=1_1720;partial=00;start_type=ATG;rbs_motif=None;rbs_spacer=None;gc_cont=0.636


Domain annotation for each sequence:
>> NZ_CP104002.1_1720  # 1783237 # 1785876 # 1 # ID=1_1720;partial=00;start_type=ATG;rbs_motif=None;rbs_spacer=None;gc_cont=0.636
   #    score  bias  c-Evalue  i-Evalue hmmfrom  hmm to    alifrom  ali to    envfrom  env to     acc
 ---   ------ ----- --------- --------- ------- -------    ------- -------    ------- -------    ----
   1 !  972.1   0.0  1.4e-296  5.7e-293       2     847 .]       7     862 ..       6     862 .. 0.97



Internal pipeline statistics summary:
-------------------------------------
Query model(s):                            1  (847 nodes)
Target sequences:                       4140  (1258218 residues searched)
Passed MSV filter:                       104  (0.0251208); expected 82.8 (0.02)
Passed bias filter:                       83  (0.0200483); expected 82.8 (0.02)
Passed Vit filter:                        12  (0.00289855); expected 4.1 (0.001)
Passed Fwd filter:                         1  (0.000241546); expected 0.0 (1e-05)
Initial search space (Z):               4140  [actual number of targets]
Domain search space  (domZ):               1  [number of targets reported over threshold]
# CPU time: 0.09u 0.01s 00:00:00.10 Elapsed: 00:00:00.08
# Mc/sec: 12599.67
//
Query:       TIGR00362  [M=437]
Accession:   TIGR00362
Description: DnaA: chromosomal replication initiator protein DnaA
Scores for complete sequences (score includes all domains):
   --- full sequence ---   --- best 1 domain ---    -#dom-
    E-value  score  bias    E-value  score  bias    exp  N  Sequence        Description
    ------- ------ -----    ------- ------ -----   ---- --  --------        -----------
   2.6e-134  446.4   0.0   2.9e-134  446.2   0.0    1.0  1  NZ_CP104002.1_1  # 1 # 1470 # 1 # ID=1_1;partial=10;start_type=Edge;rbs_motif=None;rbs_spacer=None;gc_cont=0.650


Domain annotation for each sequence:
>> NZ_CP104002.1_1  # 1 # 1470 # 1 # ID=1_1;partial=10;start_type=Edge;rbs_motif=None;rbs_spacer=None;gc_cont=0.650
   #    score  bias  c-Evalue  i-Evalue hmmfrom  hmm to    alifrom  ali to    envfrom  env to     acc
 ---   ------ ----- --------- --------- ------- -------    ------- -------    ------- -------    ----
   1 !  446.2   0.0  7.1e-138  2.9e-134       1     437 []      13     487 ..      13     487 .. 0.90



Internal pipeline statistics summary:
-------------------------------------
Query model(s):                            1  (437 nodes)
Target sequences:                       4140  (1258218 residues searched)
Passed MSV filter:                       154  (0.0371981); expected 82.8 (0.02)
Passed bias filter:                      137  (0.0330918); expected 82.8 (0.02)
Passed Vit filter:                        34  (0.00821256); expected 4.1 (0.001)
Passed Fwd filter:                        10  (0.00241546); expected 0.0 (1e-05)
Initial search space (Z):               4140  [actual number of targets]
Domain search space  (domZ):               1  [number of targets reported over threshold]
# CPU time: 0.07u 0.00s 00:00:00.07 Elapsed: 00:00:00.07
# Mc/sec: 7055.99
//
Query:       TIGR00373  [M=162]
Accession:   TIGR00373
Description: TIGR00373: transcription factor E
Scores for complete sequences (score includes all domains):
   --- full sequence ---   --- best 1 domain ---    -#dom-
    E-value  score  bias    E-value  score  bias    exp  N  Sequence Description
    ------- ------ -----    ------- ------ -----   ---- --  -------- -----------

   [No hits detected that satisfy reporting thresholds]


Domain annotation for each sequence:

   [No targets detected that satisfy reporting thresholds]


Internal pipeline statistics summary:
-------------------------------------
Query model(s):                            1  (162 nodes)
Target sequences:                       4140  (1258218 residues searched)
Passed MSV filter:                        94  (0.0227053); expected 82.8 (0.02)
Passed bias filter:                       90  (0.0217391); expected 82.8 (0.02)
Passed Vit filter:                        14  (0.00338164); expected 4.1 (0.001)
Passed Fwd filter:                         0  (0); expected 0.0 (1e-05)
Initial search space (Z):               4140  [actual number of targets]
Domain search space  (domZ):               0  [number of targets reported over threshold]
# CPU time: 0.02u 0.00s 00:00:00.02 Elapsed: 00:00:00.03
# Mc/sec: 5690.22
//
Query:       TIGR00382  [M=414]
Accession:   TIGR00382
Description: clpX: ATP-dependent Clp protease, ATP-binding subunit ClpX
Scores for complete sequences (score includes all domains):
   --- full sequence ---   --- best 1 domain ---    -#dom-
    E-value  score  bias    E-value  score  bias    exp  N  Sequence           Description
    ------- ------ -----    ------- ------ -----   ---- --  --------           -----------
   1.1e-201  668.1   0.3   1.4e-201  667.8   0.3    1.0  1  NZ_CP104002.1_2085  # 2125507 # 2126784 # 1 # ID=1_2085;partial=00;start_type=ATG;rbs_motif=GGAG/GAGG;rbs_spacer=5-10bp;gc_cont=0.604
    2.1e-54  183.0   0.8    3.8e-23   80.0   0.0    3.4  0  NZ_CP104002.1_197   # 194233 # 195543 # 1 # ID=1_197;partial=00;start_type=ATG;rbs_motif=GGA/GAG/AGG;rbs_spacer=11-12bp;gc_cont=0.630


Domain annotation for each sequence:
>> NZ_CP104002.1_2085  # 2125507 # 2126784 # 1 # ID=1_2085;partial=00;start_type=ATG;rbs_motif=GGAG/GAGG;rbs_spacer=5-10bp;gc_cont=0.604
   #    score  bias  c-Evalue  i-Evalue hmmfrom  hmm to    alifrom  ali to    envfrom  env to     acc
 ---   ------ ----- --------- --------- ------- -------    ------- -------    ------- -------    ----
   1 !  667.8   0.3  6.6e-205  1.4e-201       5     411 ..      11     408 ..       7     411 .. 0.96

>> NZ_CP104002.1_197  # 194233 # 195543 # 1 # ID=1_197;partial=00;start_type=ATG;rbs_motif=GGA/GAG/AGG;rbs_spacer=11-12bp;gc_cont=0.630
   [No individual domains that satisfy reporting thresholds (although complete target did)]



Internal pipeline statistics summary:
-------------------------------------
Query model(s):                            1  (414 nodes)
Target sequences:                       4140  (1258218 residues searched)
Passed MSV filter:                       209  (0.0504831); expected 82.8 (0.02)
Passed bias filter:                      200  (0.0483092); expected 82.8 (0.02)
Passed Vit filter:                        63  (0.0152174); expected 4.1 (0.001)
Passed Fwd filter:                        12  (0.00289855); expected 0.0 (1e-05)
Initial search space (Z):               4140  [actual number of targets]
Domain search space  (domZ):               2  [number of targets reported over threshold]
# CPU time: 0.08u 0.00s 00:00:00.08 Elapsed: 00:00:00.07
# Mc/sec: 6883.31
//
Query:       TIGR00392  [M=861]
Accession:   TIGR00392
Description: ileS: isoleucine--tRNA ligase
Scores for complete sequences (score includes all domains):
   --- full sequence ---   --- best 1 domain ---    -#dom-
    E-value  score  bias    E-value  score  bias    exp  N  Sequence           Description
    ------- ------ -----    ------- ------ -----   ---- --  --------           -----------
   2.5e-244  811.2   0.0   2.9e-244  811.0   0.0    1.0  1  NZ_CP104002.1_3416  # 3481742 # 3484732 # -1 # ID=1_3416;partial=00;start_type=ATG;rbs_motif=None;rbs_spacer=None;gc_cont=0.623


Domain annotation for each sequence:
>> NZ_CP104002.1_3416  # 3481742 # 3484732 # -1 # ID=1_3416;partial=00;start_type=ATG;rbs_motif=None;rbs_spacer=None;gc_cont=0.623
   #    score  bias  c-Evalue  i-Evalue hmmfrom  hmm to    alifrom  ali to    envfrom  env to     acc
 ---   ------ ----- --------- --------- ------- -------    ------- -------    ------- -------    ----
   1 !  811.0   0.0  7.1e-248  2.9e-244       1     858 [.      23     903 ..      23     906 .. 0.93



Internal pipeline statistics summary:
-------------------------------------
Query model(s):                            1  (861 nodes)
Target sequences:                       4140  (1258218 residues searched)
Passed MSV filter:                        66  (0.015942); expected 82.8 (0.02)
Passed bias filter:                       62  (0.0149758); expected 82.8 (0.02)
Passed Vit filter:                        12  (0.00289855); expected 4.1 (0.001)
Passed Fwd filter:                         7  (0.00169082); expected 0.0 (1e-05)
Initial search space (Z):               4140  [actual number of targets]
Domain search space  (domZ):               1  [number of targets reported over threshold]
# CPU time: 0.16u 0.01s 00:00:00.17 Elapsed: 00:00:00.18
# Mc/sec: 5978.35
//
Query:       TIGR00396  [M=843]
Accession:   TIGR00396
Description: leuS_bact: leucine--tRNA ligase
Scores for complete sequences (score includes all domains):
   --- full sequence ---   --- best 1 domain ---    -#dom-
    E-value  score  bias    E-value  score  bias    exp  N  Sequence          Description
    ------- ------ -----    ------- ------ -----   ---- --  --------          -----------
          0 1016.2   0.0          0 1016.0   0.0    1.0  1  NZ_CP104002.1_218  # 213469 # 216090 # -1 # ID=1_218;partial=00;start_type=GTG;rbs_motif=AGGA;rbs_spacer=5-10bp;gc_cont=0.624


Domain annotation for each sequence:
>> NZ_CP104002.1_218  # 213469 # 216090 # -1 # ID=1_218;partial=00;start_type=GTG;rbs_motif=AGGA;rbs_spacer=5-10bp;gc_cont=0.624
   #    score  bias  c-Evalue  i-Evalue hmmfrom  hmm to    alifrom  ali to    envfrom  env to     acc
 ---   ------ ----- --------- --------- ------- -------    ------- -------    ------- -------    ----
   1 ! 1016.0   0.0         0         0       1     842 [.       6     873 ..       6     873 .. 0.94



Internal pipeline statistics summary:
-------------------------------------
Query model(s):                            1  (843 nodes)
Target sequences:                       4140  (1258218 residues searched)
Passed MSV filter:                        62  (0.0149758); expected 82.8 (0.02)
Passed bias filter:                       60  (0.0144928); expected 82.8 (0.02)
Passed Vit filter:                        13  (0.0031401); expected 4.1 (0.001)
Passed Fwd filter:                         5  (0.00120773); expected 0.0 (1e-05)
Initial search space (Z):               4140  [actual number of targets]
Domain search space  (domZ):               1  [number of targets reported over threshold]
# CPU time: 0.13u 0.00s 00:00:00.13 Elapsed: 00:00:00.16
# Mc/sec: 6299.29
//
Query:       TIGR00398  [M=530]
Accession:   TIGR00398
Description: metG: methionine--tRNA ligase
Scores for complete sequences (score includes all domains):
   --- full sequence ---   --- best 1 domain ---    -#dom-
    E-value  score  bias    E-value  score  bias    exp  N  Sequence           Description
    ------- ------ -----    ------- ------ -----   ---- --  --------           -----------
   1.2e-153  510.5   0.0   4.1e-152  505.4   0.0    2.0  1  NZ_CP104002.1_2223  # 2273389 # 2274939 # 1 # ID=1_2223;partial=00;start_type=ATG;rbs_motif=GGA/GAG/AGG;rbs_spacer=5-10bp;gc_cont=0.601


Domain annotation for each sequence:
>> NZ_CP104002.1_2223  # 2273389 # 2274939 # 1 # ID=1_2223;partial=00;start_type=ATG;rbs_motif=GGA/GAG/AGG;rbs_spacer=5-10bp;gc_cont=0.601
   #    score  bias  c-Evalue  i-Evalue hmmfrom  hmm to    alifrom  ali to    envfrom  env to     acc
 ---   ------ ----- --------- --------- ------- -------    ------- -------    ------- -------    ----
   1 !  505.4   0.0  9.8e-156  4.1e-152       1     518 [.       6     494 ..       6     512 .. 0.94



Internal pipeline statistics summary:
-------------------------------------
Query model(s):                            1  (530 nodes)
Target sequences:                       4140  (1258218 residues searched)
Passed MSV filter:                        60  (0.0144928); expected 82.8 (0.02)
Passed bias filter:                       57  (0.0137681); expected 82.8 (0.02)
Passed Vit filter:                        13  (0.0031401); expected 4.1 (0.001)
Passed Fwd filter:                         7  (0.00169082); expected 0.0 (1e-05)
Initial search space (Z):               4140  [actual number of targets]
Domain search space  (domZ):               1  [number of targets reported over threshold]
# CPU time: 0.08u 0.01s 00:00:00.09 Elapsed: 00:00:00.10
# Mc/sec: 6502.93
//
Query:       TIGR00405  [M=145]
Accession:   TIGR00405
Description: KOW_elon_Spt5: transcription elongation factor Spt5
Scores for complete sequences (score includes all domains):
   --- full sequence ---   --- best 1 domain ---    -#dom-
    E-value  score  bias    E-value  score  bias    exp  N  Sequence Description
    ------- ------ -----    ------- ------ -----   ---- --  -------- -----------

   [No hits detected that satisfy reporting thresholds]


Domain annotation for each sequence:

   [No targets detected that satisfy reporting thresholds]


Internal pipeline statistics summary:
-------------------------------------
Query model(s):                            1  (145 nodes)
Target sequences:                       4140  (1258218 residues searched)
Passed MSV filter:                       102  (0.0246377); expected 82.8 (0.02)
Passed bias filter:                       83  (0.0200483); expected 82.8 (0.02)
Passed Vit filter:                         7  (0.00169082); expected 4.1 (0.001)
Passed Fwd filter:                         1  (0.000241546); expected 0.0 (1e-05)
Initial search space (Z):               4140  [actual number of targets]
Domain search space  (domZ):               0  [number of targets reported over threshold]
# CPU time: 0.03u 0.00s 00:00:00.03 Elapsed: 00:00:00.02
# Mc/sec: 7295.38
//
Query:       TIGR00414  [M=418]
Accession:   TIGR00414
Description: serS: serine--tRNA ligase
Scores for complete sequences (score includes all domains):
   --- full sequence ---   --- best 1 domain ---    -#dom-
    E-value  score  bias    E-value  score  bias    exp  N  Sequence           Description
    ------- ------ -----    ------- ------ -----   ---- --  --------           -----------
   2.8e-153  508.7   0.0   3.1e-153  508.5   0.0    1.0  1  NZ_CP104002.1_2048  # 2083279 # 2084607 # 1 # ID=1_2048;partial=00;start_type=ATG;rbs_motif=4Base/6BMM;rbs_spacer=13-15bp;gc_cont=0.621


Domain annotation for each sequence:
>> NZ_CP104002.1_2048  # 2083279 # 2084607 # 1 # ID=1_2048;partial=00;start_type=ATG;rbs_motif=4Base/6BMM;rbs_spacer=13-15bp;gc_cont=0.621
   #    score  bias  c-Evalue  i-Evalue hmmfrom  hmm to    alifrom  ali to    envfrom  env to     acc
 ---   ------ ----- --------- --------- ------- -------    ------- -------    ------- -------    ----
   1 !  508.5   0.0  7.6e-157  3.1e-153       1     418 []       1     433 [.       1     433 [. 0.97



Internal pipeline statistics summary:
-------------------------------------
Query model(s):                            1  (418 nodes)
Target sequences:                       4140  (1258218 residues searched)
Passed MSV filter:                       118  (0.0285024); expected 82.8 (0.02)
Passed bias filter:                       92  (0.0222222); expected 82.8 (0.02)
Passed Vit filter:                         8  (0.00193237); expected 4.1 (0.001)
Passed Fwd filter:                         5  (0.00120773); expected 0.0 (1e-05)
Initial search space (Z):               4140  [actual number of targets]
Domain search space  (domZ):               1  [number of targets reported over threshold]
# CPU time: 0.06u 0.00s 00:00:00.06 Elapsed: 00:00:00.08
# Mc/sec: 6521.68
//
Query:       TIGR00416  [M=454]
Accession:   TIGR00416
Description: sms: DNA repair protein RadA
Scores for complete sequences (score includes all domains):
   --- full sequence ---   --- best 1 domain ---    -#dom-
    E-value  score  bias    E-value  score  bias    exp  N  Sequence           Description
    ------- ------ -----    ------- ------ -----   ---- --  --------           -----------
   5.6e-167  553.9   0.1   6.2e-167  553.8   0.1    1.0  1  NZ_CP104002.1_3026  # 3080968 # 3082368 # 1 # ID=1_3026;partial=00;start_type=GTG;rbs_motif=AGGA/GGAG/GAGG;rbs_spacer=11-12bp;gc_cont=0.655


Domain annotation for each sequence:
>> NZ_CP104002.1_3026  # 3080968 # 3082368 # 1 # ID=1_3026;partial=00;start_type=GTG;rbs_motif=AGGA/GGAG/GAGG;rbs_spacer=11-12bp;gc_cont=0.655
   #    score  bias  c-Evalue  i-Evalue hmmfrom  hmm to    alifrom  ali to    envfrom  env to     acc
 ---   ------ ----- --------- --------- ------- -------    ------- -------    ------- -------    ----
   1 !  553.8   0.1  1.5e-170  6.2e-167       1     428 [.       1     424 [.       1     449 [. 0.95



Internal pipeline statistics summary:
-------------------------------------
Query model(s):                            1  (454 nodes)
Target sequences:                       4140  (1258218 residues searched)
Passed MSV filter:                       201  (0.0485507); expected 82.8 (0.02)
Passed bias filter:                      178  (0.0429952); expected 82.8 (0.02)
Passed Vit filter:                        40  (0.00966184); expected 4.1 (0.001)
Passed Fwd filter:                         8  (0.00193237); expected 0.0 (1e-05)
Initial search space (Z):               4140  [actual number of targets]
Domain search space  (domZ):               1  [number of targets reported over threshold]
# CPU time: 0.08u 0.00s 00:00:00.08 Elapsed: 00:00:00.07
# Mc/sec: 7544.40
//
Query:       TIGR00420  [M=351]
Accession:   TIGR00420
Description: trmU: tRNA (5-methylaminomethyl-2-thiouridylate)-methyltransferase
Scores for complete sequences (score includes all domains):
   --- full sequence ---   --- best 1 domain ---    -#dom-
    E-value  score  bias    E-value  score  bias    exp  N  Sequence           Description
    ------- ------ -----    ------- ------ -----   ---- --  --------           -----------
   2.2e-100  333.7   0.0   2.6e-100  333.6   0.0    1.0  1  NZ_CP104002.1_3611  # 3676023 # 3677174 # -1 # ID=1_3611;partial=00;start_type=ATG;rbs_motif=GGAG/GAGG;rbs_spacer=5-10bp;gc_cont=0.635


Domain annotation for each sequence:
>> NZ_CP104002.1_3611  # 3676023 # 3677174 # -1 # ID=1_3611;partial=00;start_type=ATG;rbs_motif=GGAG/GAGG;rbs_spacer=5-10bp;gc_cont=0.635
   #    score  bias  c-Evalue  i-Evalue hmmfrom  hmm to    alifrom  ali to    envfrom  env to     acc
 ---   ------ ----- --------- --------- ------- -------    ------- -------    ------- -------    ----
   1 !  333.6   0.0  6.2e-104  2.6e-100       2     351 .]      15     373 ..      14     373 .. 0.93



Internal pipeline statistics summary:
-------------------------------------
Query model(s):                            1  (351 nodes)
Target sequences:                       4140  (1258218 residues searched)
Passed MSV filter:                        66  (0.015942); expected 82.8 (0.02)
Passed bias filter:                       65  (0.0157005); expected 82.8 (0.02)
Passed Vit filter:                        10  (0.00241546); expected 4.1 (0.001)
Passed Fwd filter:                         4  (0.000966184); expected 0.0 (1e-05)
Initial search space (Z):               4140  [actual number of targets]
Domain search space  (domZ):               1  [number of targets reported over threshold]
# CPU time: 0.03u 0.00s 00:00:00.03 Elapsed: 00:00:00.02
# Mc/sec: 18292.45
//
Query:       TIGR00431  [M=210]
Accession:   TIGR00431
Description: TruB: tRNA pseudouridine(55) synthase
Scores for complete sequences (score includes all domains):
   --- full sequence ---   --- best 1 domain ---    -#dom-
    E-value  score  bias    E-value  score  bias    exp  N  Sequence          Description
    ------- ------ -----    ------- ------ -----   ---- --  --------          -----------
    7.7e-63  209.8   0.0    9.2e-63  209.6   0.0    1.1  1  NZ_CP104002.1_110  # 113768 # 114628 # 1 # ID=1_110;partial=00;start_type=GTG;rbs_motif=GGA/GAG/AGG;rbs_spacer=5-10bp;gc_cont=0.634


Domain annotation for each sequence:
>> NZ_CP104002.1_110  # 113768 # 114628 # 1 # ID=1_110;partial=00;start_type=GTG;rbs_motif=GGA/GAG/AGG;rbs_spacer=5-10bp;gc_cont=0.634
   #    score  bias  c-Evalue  i-Evalue hmmfrom  hmm to    alifrom  ali to    envfrom  env to     acc
 ---   ------ ----- --------- --------- ------- -------    ------- -------    ------- -------    ----
   1 !  209.6   0.0   2.2e-66   9.2e-63       7     210 .]       2     204 ..       1     204 [. 0.99



Internal pipeline statistics summary:
-------------------------------------
Query model(s):                            1  (210 nodes)
Target sequences:                       4140  (1258218 residues searched)
Passed MSV filter:                        69  (0.0166667); expected 82.8 (0.02)
Passed bias filter:                       64  (0.0154589); expected 82.8 (0.02)
Passed Vit filter:                         9  (0.00217391); expected 4.1 (0.001)
Passed Fwd filter:                         1  (0.000241546); expected 0.0 (1e-05)
Initial search space (Z):               4140  [actual number of targets]
Domain search space  (domZ):               1  [number of targets reported over threshold]
# CPU time: 0.02u 0.00s 00:00:00.02 Elapsed: 00:00:00.02
# Mc/sec: 9939.80
//
Query:       TIGR00435  [M=466]
Accession:   TIGR00435
Description: cysS: cysteine--tRNA ligase
Scores for complete sequences (score includes all domains):
   --- full sequence ---   --- best 1 domain ---    -#dom-
    E-value  score  bias    E-value  score  bias    exp  N  Sequence           Description
    ------- ------ -----    ------- ------ -----   ---- --  --------           -----------
   6.7e-136  451.9   0.0   1.1e-135  451.2   0.0    1.2  1  NZ_CP104002.1_3120  # 3182762 # 3184177 # -1 # ID=1_3120;partial=00;start_type=ATG;rbs_motif=AGGA;rbs_spacer=5-10bp;gc_cont=0.633


Domain annotation for each sequence:
>> NZ_CP104002.1_3120  # 3182762 # 3184177 # -1 # ID=1_3120;partial=00;start_type=ATG;rbs_motif=AGGA;rbs_spacer=5-10bp;gc_cont=0.633
   #    score  bias  c-Evalue  i-Evalue hmmfrom  hmm to    alifrom  ali to    envfrom  env to     acc
 ---   ------ ----- --------- --------- ------- -------    ------- -------    ------- -------    ----
   1 !  451.2   0.0  2.6e-139  1.1e-135       1     459 [.       8     458 ..       8     468 .. 0.91



Internal pipeline statistics summary:
-------------------------------------
Query model(s):                            1  (466 nodes)
Target sequences:                       4140  (1258218 residues searched)
Passed MSV filter:                        71  (0.0171498); expected 82.8 (0.02)
Passed bias filter:                       67  (0.0161836); expected 82.8 (0.02)
Passed Vit filter:                        13  (0.0031401); expected 4.1 (0.001)
Passed Fwd filter:                         7  (0.00169082); expected 0.0 (1e-05)
Initial search space (Z):               4140  [actual number of targets]
Domain search space  (domZ):               1  [number of targets reported over threshold]
# CPU time: 0.07u 0.00s 00:00:00.07 Elapsed: 00:00:00.06
# Mc/sec: 8464.50
//
Query:       TIGR00436  [M=270]
Accession:   TIGR00436
Description: era: GTP-binding protein Era
Scores for complete sequences (score includes all domains):
   --- full sequence ---   --- best 1 domain ---    -#dom-
    E-value  score  bias    E-value  score  bias    exp  N  Sequence           Description
    ------- ------ -----    ------- ------ -----   ---- --  --------           -----------
    1.5e-73  245.3   0.0    1.7e-73  245.1   0.0    1.0  1  NZ_CP104002.1_2898  # 2947875 # 2948798 # -1 # ID=1_2898;partial=00;start_type=ATG;rbs_motif=AGGA;rbs_spacer=5-10bp;gc_cont=0.598
    7.5e-38  128.3   0.0    7.4e-19   66.0   0.0    2.1  0  NZ_CP104002.1_3032  # 3087725 # 3089179 # -1 # ID=1_3032;partial=00;start_type=ATG;rbs_motif=AGGAG;rbs_spacer=5-10bp;gc_cont=0.630


Domain annotation for each sequence:
>> NZ_CP104002.1_2898  # 2947875 # 2948798 # -1 # ID=1_2898;partial=00;start_type=ATG;rbs_motif=AGGA;rbs_spacer=5-10bp;gc_cont=0.598
   #    score  bias  c-Evalue  i-Evalue hmmfrom  hmm to    alifrom  ali to    envfrom  env to     acc
 ---   ------ ----- --------- --------- ------- -------    ------- -------    ------- -------    ----
   1 !  245.1   0.0   8.2e-77   1.7e-73       1     270 []      13     283 ..      13     283 .. 0.99

>> NZ_CP104002.1_3032  # 3087725 # 3089179 # -1 # ID=1_3032;partial=00;start_type=ATG;rbs_motif=AGGAG;rbs_spacer=5-10bp;gc_cont=0.630
   [No individual domains that satisfy reporting thresholds (although complete target did)]



Internal pipeline statistics summary:
-------------------------------------
Query model(s):                            1  (270 nodes)
Target sequences:                       4140  (1258218 residues searched)
Passed MSV filter:                       216  (0.0521739); expected 82.8 (0.02)
Passed bias filter:                      212  (0.0512077); expected 82.8 (0.02)
Passed Vit filter:                       105  (0.0253623); expected 4.1 (0.001)
Passed Fwd filter:                        17  (0.00410628); expected 0.0 (1e-05)
Initial search space (Z):               4140  [actual number of targets]
Domain search space  (domZ):               2  [number of targets reported over threshold]
# CPU time: 0.06u 0.00s 00:00:00.06 Elapsed: 00:00:00.05
# Mc/sec: 5956.30
//
Query:       TIGR00442  [M=406]
Accession:   TIGR00442
Description: hisS: histidine--tRNA ligase
Scores for complete sequences (score includes all domains):
   --- full sequence ---   --- best 1 domain ---    -#dom-
    E-value  score  bias    E-value  score  bias    exp  N  Sequence           Description
    ------- ------ -----    ------- ------ -----   ---- --  --------           -----------
   5.3e-117  389.0   0.0   6.2e-117  388.8   0.0    1.0  1  NZ_CP104002.1_3433  # 3497786 # 3499204 # -1 # ID=1_3433;partial=00;start_type=ATG;rbs_motif=GGA/GAG/AGG;rbs_spacer=5-10bp;gc_cont=0.622


Domain annotation for each sequence:
>> NZ_CP104002.1_3433  # 3497786 # 3499204 # -1 # ID=1_3433;partial=00;start_type=ATG;rbs_motif=GGA/GAG/AGG;rbs_spacer=5-10bp;gc_cont=0.622
   #    score  bias  c-Evalue  i-Evalue hmmfrom  hmm to    alifrom  ali to    envfrom  env to     acc
 ---   ------ ----- --------- --------- ------- -------    ------- -------    ------- -------    ----
   1 !  388.8   0.0  1.5e-120  6.2e-117       2     403 ..      12     437 ..      11     440 .. 0.93



Internal pipeline statistics summary:
-------------------------------------
Query model(s):                            1  (406 nodes)
Target sequences:                       4140  (1258218 residues searched)
Passed MSV filter:                        99  (0.023913); expected 82.8 (0.02)
Passed bias filter:                       90  (0.0217391); expected 82.8 (0.02)
Passed Vit filter:                        20  (0.00483092); expected 4.1 (0.001)
Passed Fwd filter:                         6  (0.00144928); expected 0.0 (1e-05)
Initial search space (Z):               4140  [actual number of targets]
Domain search space  (domZ):               1  [number of targets reported over threshold]
# CPU time: 0.06u 0.00s 00:00:00.06 Elapsed: 00:00:00.06
# Mc/sec: 8369.73
//
Query:       TIGR00445  [M=321]
Accession:   TIGR00445
Description: mraY: phospho-N-acetylmuramoyl-pentapeptide-transferase
Scores for complete sequences (score includes all domains):
   --- full sequence ---   --- best 1 domain ---    -#dom-
    E-value  score  bias    E-value  score  bias    exp  N  Sequence           Description
    ------- ------ -----    ------- ------ -----   ---- --  --------           -----------
   3.7e-122  405.6  12.3   4.3e-122  405.4  12.3    1.0  1  NZ_CP104002.1_1560  # 1613268 # 1614353 # 1 # ID=1_1560;partial=00;start_type=ATG;rbs_motif=AGGA/GGAG/GAGG;rbs_spacer=11-12bp;gc_cont=0.613


Domain annotation for each sequence:
>> NZ_CP104002.1_1560  # 1613268 # 1614353 # 1 # ID=1_1560;partial=00;start_type=ATG;rbs_motif=AGGA/GGAG/GAGG;rbs_spacer=11-12bp;gc_cont=0.613
   #    score  bias  c-Evalue  i-Evalue hmmfrom  hmm to    alifrom  ali to    envfrom  env to     acc
 ---   ------ ----- --------- --------- ------- -------    ------- -------    ------- -------    ----
   1 !  405.4  12.3    1e-125  4.3e-122       3     321 .]      38     361 ..      36     361 .. 0.95



Internal pipeline statistics summary:
-------------------------------------
Query model(s):                            1  (321 nodes)
Target sequences:                       4140  (1258218 residues searched)
Passed MSV filter:                       207  (0.05); expected 82.8 (0.02)
Passed bias filter:                       81  (0.0195652); expected 82.8 (0.02)
Passed Vit filter:                        20  (0.00483092); expected 4.1 (0.001)
Passed Fwd filter:                         1  (0.000241546); expected 0.0 (1e-05)
Initial search space (Z):               4140  [actual number of targets]
Domain search space  (domZ):               1  [number of targets reported over threshold]
# CPU time: 0.03u 0.01s 00:00:00.04 Elapsed: 00:00:00.04
# Mc/sec: 8476.84
//
Query:       TIGR00448  [M=179]
Accession:   TIGR00448
Description: rpoE: DNA-directed RNA polymerase
Scores for complete sequences (score includes all domains):
   --- full sequence ---   --- best 1 domain ---    -#dom-
    E-value  score  bias    E-value  score  bias    exp  N  Sequence Description
    ------- ------ -----    ------- ------ -----   ---- --  -------- -----------

   [No hits detected that satisfy reporting thresholds]


Domain annotation for each sequence:

   [No targets detected that satisfy reporting thresholds]


Internal pipeline statistics summary:
-------------------------------------
Query model(s):                            1  (179 nodes)
Target sequences:                       4140  (1258218 residues searched)
Passed MSV filter:                        97  (0.02343); expected 82.8 (0.02)
Passed bias filter:                       93  (0.0224638); expected 82.8 (0.02)
Passed Vit filter:                        11  (0.002657); expected 4.1 (0.001)
Passed Fwd filter:                         4  (0.000966184); expected 0.0 (1e-05)
Initial search space (Z):               4140  [actual number of targets]
Domain search space  (domZ):               0  [number of targets reported over threshold]
# CPU time: 0.03u 0.00s 00:00:00.03 Elapsed: 00:00:00.04
# Mc/sec: 5028.76
//
Query:       TIGR00456  [M=569]
Accession:   TIGR00456
Description: argS: arginine--tRNA ligase
Scores for complete sequences (score includes all domains):
   --- full sequence ---   --- best 1 domain ---    -#dom-
    E-value  score  bias    E-value  score  bias    exp  N  Sequence           Description
    ------- ------ -----    ------- ------ -----   ---- --  --------           -----------
   1.7e-111  371.2   0.0   5.6e-111  369.5   0.0    1.7  1  NZ_CP104002.1_2041  # 2075504 # 2077249 # 1 # ID=1_2041;partial=00;start_type=ATG;rbs_motif=GGA/GAG/AGG;rbs_spacer=5-10bp;gc_cont=0.621


Domain annotation for each sequence:
>> NZ_CP104002.1_2041  # 2075504 # 2077249 # 1 # ID=1_2041;partial=00;start_type=ATG;rbs_motif=GGA/GAG/AGG;rbs_spacer=5-10bp;gc_cont=0.621
   #    score  bias  c-Evalue  i-Evalue hmmfrom  hmm to    alifrom  ali to    envfrom  env to     acc
 ---   ------ ----- --------- --------- ------- -------    ------- -------    ------- -------    ----
   1 !  369.5   0.0  1.3e-114  5.6e-111      24     568 ..      30     579 ..       8     580 .. 0.90



Internal pipeline statistics summary:
-------------------------------------
Query model(s):                            1  (569 nodes)
Target sequences:                       4140  (1258218 residues searched)
Passed MSV filter:                        73  (0.0176329); expected 82.8 (0.02)
Passed bias filter:                       63  (0.0152174); expected 82.8 (0.02)
Passed Vit filter:                        10  (0.00241546); expected 4.1 (0.001)
Passed Fwd filter:                         4  (0.000966184); expected 0.0 (1e-05)
Initial search space (Z):               4140  [actual number of targets]
Domain search space  (domZ):               1  [number of targets reported over threshold]
# CPU time: 0.07u 0.00s 00:00:00.07 Elapsed: 00:00:00.08
# Mc/sec: 8390.36
//
Query:       TIGR00459  [M=586]
Accession:   TIGR00459
Description: aspS_bact: aspartate--tRNA ligase
Scores for complete sequences (score includes all domains):
   --- full sequence ---   --- best 1 domain ---    -#dom-
    E-value  score  bias    E-value  score  bias    exp  N  Sequence           Description
    ------- ------ -----    ------- ------ -----   ---- --  --------           -----------
   5.2e-181  600.8   0.0   6.5e-181  600.5   0.0    1.0  1  NZ_CP104002.1_2331  # 2384631 # 2386421 # -1 # ID=1_2331;partial=00;start_type=ATG;rbs_motif=GGA/GAG/AGG;rbs_spacer=5-10bp;gc_cont=0.621


Domain annotation for each sequence:
>> NZ_CP104002.1_2331  # 2384631 # 2386421 # -1 # ID=1_2331;partial=00;start_type=ATG;rbs_motif=GGA/GAG/AGG;rbs_spacer=5-10bp;gc_cont=0.621
   #    score  bias  c-Evalue  i-Evalue hmmfrom  hmm to    alifrom  ali to    envfrom  env to     acc
 ---   ------ ----- --------- --------- ------- -------    ------- -------    ------- -------    ----
   1 !  600.5   0.0  1.6e-184  6.5e-181       3     582 ..       7     591 ..       5     595 .. 0.96



Internal pipeline statistics summary:
-------------------------------------
Query model(s):                            1  (586 nodes)
Target sequences:                       4140  (1258218 residues searched)
Passed MSV filter:                        65  (0.0157005); expected 82.8 (0.02)
Passed bias filter:                       58  (0.0140097); expected 82.8 (0.02)
Passed Vit filter:                         6  (0.00144928); expected 4.1 (0.001)
Passed Fwd filter:                         2  (0.000483092); expected 0.0 (1e-05)
Initial search space (Z):               4140  [actual number of targets]
Domain search space  (domZ):               1  [number of targets reported over threshold]
# CPU time: 0.06u 0.00s 00:00:00.06 Elapsed: 00:00:00.06
# Mc/sec: 11778.73
//
Query:       TIGR00460  [M=315]
Accession:   TIGR00460
Description: fmt: methionyl-tRNA formyltransferase
Scores for complete sequences (score includes all domains):
   --- full sequence ---   --- best 1 domain ---    -#dom-
    E-value  score  bias    E-value  score  bias    exp  N  Sequence           Description
    ------- ------ -----    ------- ------ -----   ---- --  --------           -----------
    1.8e-81  271.5   0.0    2.1e-81  271.3   0.0    1.0  1  NZ_CP104002.1_3495  # 3560997 # 3561941 # -1 # ID=1_3495;partial=00;start_type=GTG;rbs_motif=GGAG/GAGG;rbs_spacer=5-10bp;gc_cont=0.660


Domain annotation for each sequence:
>> NZ_CP104002.1_3495  # 3560997 # 3561941 # -1 # ID=1_3495;partial=00;start_type=GTG;rbs_motif=GGAG/GAGG;rbs_spacer=5-10bp;gc_cont=0.660
   #    score  bias  c-Evalue  i-Evalue hmmfrom  hmm to    alifrom  ali to    envfrom  env to     acc
 ---   ------ ----- --------- --------- ------- -------    ------- -------    ------- -------    ----
   1 !  271.3   0.0   5.2e-85   2.1e-81       1     304 [.       7     305 ..       7     312 .. 0.95



Internal pipeline statistics summary:
-------------------------------------
Query model(s):                            1  (315 nodes)
Target sequences:                       4140  (1258218 residues searched)
Passed MSV filter:                        89  (0.0214976); expected 82.8 (0.02)
Passed bias filter:                       82  (0.0198068); expected 82.8 (0.02)
Passed Vit filter:                        19  (0.00458937); expected 4.1 (0.001)
Passed Fwd filter:                         3  (0.000724638); expected 0.0 (1e-05)
Initial search space (Z):               4140  [actual number of targets]
Domain search space  (domZ):               1  [number of targets reported over threshold]
# CPU time: 0.02u 0.00s 00:00:00.02 Elapsed: 00:00:00.03
# Mc/sec: 10433.00
//
Query:       TIGR00468  [M=324]
Accession:   TIGR00468
Description: pheS: phenylalanine--tRNA ligase, alpha subunit
Scores for complete sequences (score includes all domains):
   --- full sequence ---   --- best 1 domain ---    -#dom-
    E-value  score  bias    E-value  score  bias    exp  N  Sequence         Description
    ------- ------ -----    ------- ------ -----   ---- --  --------         -----------
      9e-96  318.7   0.0    3.7e-94  313.4   0.0    2.3  1  NZ_CP104002.1_45  # 52586 # 53716 # -1 # ID=1_45;partial=00;start_type=ATG;rbs_motif=GGA/GAG/AGG;rbs_spacer=5-10bp;gc_cont=0.634


Domain annotation for each sequence:
>> NZ_CP104002.1_45  # 52586 # 53716 # -1 # ID=1_45;partial=00;start_type=ATG;rbs_motif=GGA/GAG/AGG;rbs_spacer=5-10bp;gc_cont=0.634
   #    score  bias  c-Evalue  i-Evalue hmmfrom  hmm to    alifrom  ali to    envfrom  env to     acc
 ---   ------ ----- --------- --------- ------- -------    ------- -------    ------- -------    ----
   1 !  313.4   0.0     9e-98   3.7e-94       7     321 ..      46     359 ..      40     361 .. 0.93



Internal pipeline statistics summary:
-------------------------------------
Query model(s):                            1  (324 nodes)
Target sequences:                       4140  (1258218 residues searched)
Passed MSV filter:                        89  (0.0214976); expected 82.8 (0.02)
Passed bias filter:                       88  (0.021256); expected 82.8 (0.02)
Passed Vit filter:                        12  (0.00289855); expected 4.1 (0.001)
Passed Fwd filter:                         2  (0.000483092); expected 0.0 (1e-05)
Initial search space (Z):               4140  [actual number of targets]
Domain search space  (domZ):               1  [number of targets reported over threshold]
# CPU time: 0.04u 0.00s 00:00:00.04 Elapsed: 00:00:00.05
# Mc/sec: 7844.59
//
Query:       TIGR00472  [M=798]
Accession:   TIGR00472
Description: pheT_bact: phenylalanine--tRNA ligase, beta subunit
Scores for complete sequences (score includes all domains):
   --- full sequence ---   --- best 1 domain ---    -#dom-
    E-value  score  bias    E-value  score  bias    exp  N  Sequence         Description
    ------- ------ -----    ------- ------ -----   ---- --  --------         -----------
   3.7e-214  711.2   0.0   4.1e-214  711.1   0.0    1.0  1  NZ_CP104002.1_43  # 48927 # 51350 # -1 # ID=1_43;partial=00;start_type=ATG;rbs_motif=GGA/GAG/AGG;rbs_spacer=5-10bp;gc_cont=0.645


Domain annotation for each sequence:
>> NZ_CP104002.1_43  # 48927 # 51350 # -1 # ID=1_43;partial=00;start_type=ATG;rbs_motif=GGA/GAG/AGG;rbs_spacer=5-10bp;gc_cont=0.645
   #    score  bias  c-Evalue  i-Evalue hmmfrom  hmm to    alifrom  ali to    envfrom  env to     acc
 ---   ------ ----- --------- --------- ------- -------    ------- -------    ------- -------    ----
   1 !  711.1   0.0    1e-217  4.1e-214       1     798 []       1     806 [.       1     806 [. 0.93



Internal pipeline statistics summary:
-------------------------------------
Query model(s):                            1  (798 nodes)
Target sequences:                       4140  (1258218 residues searched)
Passed MSV filter:                        82  (0.0198068); expected 82.8 (0.02)
Passed bias filter:                       76  (0.0183575); expected 82.8 (0.02)
Passed Vit filter:                         6  (0.00144928); expected 4.1 (0.001)
Passed Fwd filter:                         1  (0.000241546); expected 0.0 (1e-05)
Initial search space (Z):               4140  [actual number of targets]
Domain search space  (domZ):               1  [number of targets reported over threshold]
# CPU time: 0.08u 0.00s 00:00:00.08 Elapsed: 00:00:00.08
# Mc/sec: 11830.15
//
Query:       TIGR00483  [M=427]
Accession:   TIGR00483
Description: EF-1_alpha: translation elongation factor EF-1, subunit alpha
Scores for complete sequences (score includes all domains):
   --- full sequence ---   --- best 1 domain ---    -#dom-
    E-value  score  bias    E-value  score  bias    exp  N  Sequence Description
    ------- ------ -----    ------- ------ -----   ---- --  -------- -----------

   [No hits detected that satisfy reporting thresholds]


Domain annotation for each sequence:

   [No targets detected that satisfy reporting thresholds]


Internal pipeline statistics summary:
-------------------------------------
Query model(s):                            1  (427 nodes)
Target sequences:                       4140  (1258218 residues searched)
Passed MSV filter:                       103  (0.0248792); expected 82.8 (0.02)
Passed bias filter:                       96  (0.0231884); expected 82.8 (0.02)
Passed Vit filter:                        14  (0.00338164); expected 4.1 (0.001)
Passed Fwd filter:                         9  (0.00217391); expected 0.0 (1e-05)
Initial search space (Z):               4140  [actual number of targets]
Domain search space  (domZ):               0  [number of targets reported over threshold]
# CPU time: 0.09u 0.00s 00:00:00.09 Elapsed: 00:00:00.11
# Mc/sec: 4843.79
//
Query:       TIGR00487  [M=587]
Accession:   TIGR00487
Description: IF-2: translation initiation factor IF-2
Scores for complete sequences (score includes all domains):
   --- full sequence ---   --- best 1 domain ---    -#dom-
    E-value  score  bias    E-value  score  bias    exp  N  Sequence         Description
    ------- ------ -----    ------- ------ -----   ---- --  --------         -----------
     5e-238  789.5  23.9   6.5e-238  789.1  23.9    1.1  1  NZ_CP104002.1_67  # 69807 # 72638 # 1 # ID=1_67;partial=00;start_type=ATG;rbs_motif=None;rbs_spacer=None;gc_cont=0.650


Domain annotation for each sequence:
>> NZ_CP104002.1_67  # 69807 # 72638 # 1 # ID=1_67;partial=00;start_type=ATG;rbs_motif=None;rbs_spacer=None;gc_cont=0.650
   #    score  bias  c-Evalue  i-Evalue hmmfrom  hmm to    alifrom  ali to    envfrom  env to     acc
 ---   ------ ----- --------- --------- ------- -------    ------- -------    ------- -------    ----
   1 !  789.1  23.9  1.6e-241  6.5e-238       3     586 ..     360     943 ..     358     943 .. 0.98



Internal pipeline statistics summary:
-------------------------------------
Query model(s):                            1  (587 nodes)
Target sequences:                       4140  (1258218 residues searched)
Passed MSV filter:                       129  (0.0311594); expected 82.8 (0.02)
Passed bias filter:                       84  (0.0202899); expected 82.8 (0.02)
Passed Vit filter:                        20  (0.00483092); expected 4.1 (0.001)
Passed Fwd filter:                        12  (0.00289855); expected 0.0 (1e-05)
Initial search space (Z):               4140  [actual number of targets]
Domain search space  (domZ):               1  [number of targets reported over threshold]
# CPU time: 0.11u 0.00s 00:00:00.11 Elapsed: 00:00:00.10
# Mc/sec: 6794.96
//
Query:       TIGR00491  [M=594]
Accession:   TIGR00491
Description: aIF-2: translation initiation factor aIF-2
Scores for complete sequences (score includes all domains):
   --- full sequence ---   --- best 1 domain ---    -#dom-
    E-value  score  bias    E-value  score  bias    exp  N  Sequence Description
    ------- ------ -----    ------- ------ -----   ---- --  -------- -----------

   [No hits detected that satisfy reporting thresholds]


Domain annotation for each sequence:

   [No targets detected that satisfy reporting thresholds]


Internal pipeline statistics summary:
-------------------------------------
Query model(s):                            1  (594 nodes)
Target sequences:                       4140  (1258218 residues searched)
Passed MSV filter:                       105  (0.0253623); expected 82.8 (0.02)
Passed bias filter:                       87  (0.0210145); expected 82.8 (0.02)
Passed Vit filter:                        10  (0.00241546); expected 4.1 (0.001)
Passed Fwd filter:                         8  (0.00193237); expected 0.0 (1e-05)
Initial search space (Z):               4140  [actual number of targets]
Domain search space  (domZ):               0  [number of targets reported over threshold]
# CPU time: 0.10u 0.00s 00:00:00.10 Elapsed: 00:00:00.10
# Mc/sec: 7371.20
//
Query:       TIGR00496  [M=176]
Accession:   TIGR00496
Description: frr: ribosome recycling factor
Scores for complete sequences (score includes all domains):
   --- full sequence ---   --- best 1 domain ---    -#dom-
    E-value  score  bias    E-value  score  bias    exp  N  Sequence           Description
    ------- ------ -----    ------- ------ -----   ---- --  --------           -----------
    1.1e-63  211.9   0.9    1.2e-63  211.8   0.9    1.0  1  NZ_CP104002.1_2173  # 2218860 # 2219414 # 1 # ID=1_2173;partial=00;start_type=ATG;rbs_motif=AGGA;rbs_spacer=5-10bp;gc_cont=0.600


Domain annotation for each sequence:
>> NZ_CP104002.1_2173  # 2218860 # 2219414 # 1 # ID=1_2173;partial=00;start_type=ATG;rbs_motif=AGGA;rbs_spacer=5-10bp;gc_cont=0.600
   #    score  bias  c-Evalue  i-Evalue hmmfrom  hmm to    alifrom  ali to    envfrom  env to     acc
 ---   ------ ----- --------- --------- ------- -------    ------- -------    ------- -------    ----
   1 !  211.8   0.9   2.8e-67   1.2e-63       1     176 []       9     184 ..       9     184 .. 0.99



Internal pipeline statistics summary:
-------------------------------------
Query model(s):                            1  (176 nodes)
Target sequences:                       4140  (1258218 residues searched)
Passed MSV filter:                        71  (0.0171498); expected 82.8 (0.02)
Passed bias filter:                       57  (0.0137681); expected 82.8 (0.02)
Passed Vit filter:                         3  (0.000724638); expected 4.1 (0.001)
Passed Fwd filter:                         1  (0.000241546); expected 0.0 (1e-05)
Initial search space (Z):               4140  [actual number of targets]
Domain search space  (domZ):               1  [number of targets reported over threshold]
# CPU time: 0.02u 0.00s 00:00:00.02 Elapsed: 00:00:00.02
# Mc/sec: 8827.55
//
Query:       TIGR00522  [M=258]
Accession:   TIGR00522
Description: dph5: diphthine synthase
Scores for complete sequences (score includes all domains):
   --- full sequence ---   --- best 1 domain ---    -#dom-
    E-value  score  bias    E-value  score  bias    exp  N  Sequence Description
    ------- ------ -----    ------- ------ -----   ---- --  -------- -----------

   [No hits detected that satisfy reporting thresholds]


Domain annotation for each sequence:

   [No targets detected that satisfy reporting thresholds]


Internal pipeline statistics summary:
-------------------------------------
Query model(s):                            1  (258 nodes)
Target sequences:                       4140  (1258218 residues searched)
Passed MSV filter:                        87  (0.0210145); expected 82.8 (0.02)
Passed bias filter:                       77  (0.018599); expected 82.8 (0.02)
Passed Vit filter:                        10  (0.00241546); expected 4.1 (0.001)
Passed Fwd filter:                         0  (0); expected 0.0 (1e-05)
Initial search space (Z):               4140  [actual number of targets]
Domain search space  (domZ):               0  [number of targets reported over threshold]
# CPU time: 0.02u 0.00s 00:00:00.02 Elapsed: 00:00:00.02
# Mc/sec: 10998.30
//
Query:       TIGR00539  [M=361]
Accession:   TIGR00539
Description: hemN_rel: putative oxygen-independent coproporphyrinogen III oxidase
Scores for complete sequences (score includes all domains):
   --- full sequence ---   --- best 1 domain ---    -#dom-
    E-value  score  bias    E-value  score  bias    exp  N  Sequence          Description
    ------- ------ -----    ------- ------ -----   ---- --  --------          -----------
    1.2e-84  282.3   0.0    1.5e-84  282.0   0.0    1.0  1  NZ_CP104002.1_164  # 167602 # 168759 # 1 # ID=1_164;partial=00;start_type=TTG;rbs_motif=GGAG/GAGG;rbs_spacer=5-10bp;gc_cont=0.631


Domain annotation for each sequence:
>> NZ_CP104002.1_164  # 167602 # 168759 # 1 # ID=1_164;partial=00;start_type=TTG;rbs_motif=GGAG/GAGG;rbs_spacer=5-10bp;gc_cont=0.631
   #    score  bias  c-Evalue  i-Evalue hmmfrom  hmm to    alifrom  ali to    envfrom  env to     acc
 ---   ------ ----- --------- --------- ------- -------    ------- -------    ------- -------    ----
   1 !  282.0   0.0   3.6e-88   1.5e-84       3     336 ..      11     352 ..       9     368 .. 0.90



Internal pipeline statistics summary:
-------------------------------------
Query model(s):                            1  (361 nodes)
Target sequences:                       4140  (1258218 residues searched)
Passed MSV filter:                        78  (0.0188406); expected 82.8 (0.02)
Passed bias filter:                       77  (0.018599); expected 82.8 (0.02)
Passed Vit filter:                        13  (0.0031401); expected 4.1 (0.001)
Passed Fwd filter:                         5  (0.00120773); expected 0.0 (1e-05)
Initial search space (Z):               4140  [actual number of targets]
Domain search space  (domZ):               1  [number of targets reported over threshold]
# CPU time: 0.05u 0.00s 00:00:00.05 Elapsed: 00:00:00.05
# Mc/sec: 8944.42
//
Query:       TIGR00580  [M=923]
Accession:   TIGR00580
Description: mfd: transcription-repair coupling factor
Scores for complete sequences (score includes all domains):
   --- full sequence ---   --- best 1 domain ---    -#dom-
    E-value  score  bias    E-value  score  bias    exp  N  Sequence           Description
    ------- ------ -----    ------- ------ -----   ---- --  --------           -----------
          0 1021.7   0.0          0 1021.5   0.0    1.0  1  NZ_CP104002.1_2134  # 2177561 # 2181046 # -1 # ID=1_2134;partial=00;start_type=ATG;rbs_motif=GGA/GAG/AGG;rbs_spacer=5-10bp;gc_cont=0.638


Domain annotation for each sequence:
>> NZ_CP104002.1_2134  # 2177561 # 2181046 # -1 # ID=1_2134;partial=00;start_type=ATG;rbs_motif=GGA/GAG/AGG;rbs_spacer=5-10bp;gc_cont=0.638
   #    score  bias  c-Evalue  i-Evalue hmmfrom  hmm to    alifrom  ali to    envfrom  env to     acc
 ---   ------ ----- --------- --------- ------- -------    ------- -------    ------- -------    ----
   1 ! 1021.5   0.0         0         0       3     922 ..     150    1089 ..     148    1090 .. 0.92



Internal pipeline statistics summary:
-------------------------------------
Query model(s):                            1  (923 nodes)
Target sequences:                       4140  (1258218 residues searched)
Passed MSV filter:                       118  (0.0285024); expected 82.8 (0.02)
Passed bias filter:                       94  (0.0227053); expected 82.8 (0.02)
Passed Vit filter:                        20  (0.00483092); expected 4.1 (0.001)
Passed Fwd filter:                         6  (0.00144928); expected 0.0 (1e-05)
Initial search space (Z):               4140  [actual number of targets]
Domain search space  (domZ):               1  [number of targets reported over threshold]
# CPU time: 0.11u 0.01s 00:00:00.12 Elapsed: 00:00:00.14
# Mc/sec: 7920.23
//
Query:       TIGR00593  [M=890]
Accession:   TIGR00593
Description: pola: DNA polymerase I
Scores for complete sequences (score includes all domains):
   --- full sequence ---   --- best 1 domain ---    -#dom-
    E-value  score  bias    E-value  score  bias    exp  N  Sequence           Description
    ------- ------ -----    ------- ------ -----   ---- --  --------           -----------
   1.6e-270  898.2   0.0   1.9e-270  897.9   0.0    1.0  1  NZ_CP104002.1_3913  # 4009526 # 4012441 # 1 # ID=1_3913;partial=00;start_type=ATG;rbs_motif=GGA/GAG/AGG;rbs_spacer=5-10bp;gc_cont=0.636


Domain annotation for each sequence:
>> NZ_CP104002.1_3913  # 4009526 # 4012441 # 1 # ID=1_3913;partial=00;start_type=ATG;rbs_motif=GGA/GAG/AGG;rbs_spacer=5-10bp;gc_cont=0.636
   #    score  bias  c-Evalue  i-Evalue hmmfrom  hmm to    alifrom  ali to    envfrom  env to     acc
 ---   ------ ----- --------- --------- ------- -------    ------- -------    ------- -------    ----
   1 !  897.9   0.0  4.5e-274  1.9e-270       1     890 []       3     971 ..       3     971 .. 0.89



Internal pipeline statistics summary:
-------------------------------------
Query model(s):                            1  (890 nodes)
Target sequences:                       4140  (1258218 residues searched)
Passed MSV filter:                       117  (0.0282609); expected 82.8 (0.02)
Passed bias filter:                       82  (0.0198068); expected 82.8 (0.02)
Passed Vit filter:                        11  (0.002657); expected 4.1 (0.001)
Passed Fwd filter:                         2  (0.000483092); expected 0.0 (1e-05)
Initial search space (Z):               4140  [actual number of targets]
Domain search space  (domZ):               1  [number of targets reported over threshold]
# CPU time: 0.09u 0.01s 00:00:00.10 Elapsed: 00:00:00.11
# Mc/sec: 9901.88
//
Query:       TIGR00615  [M=196]
Accession:   TIGR00615
Description: recR: recombination protein RecR
Scores for complete sequences (score includes all domains):
   --- full sequence ---   --- best 1 domain ---    -#dom-
    E-value  score  bias    E-value  score  bias    exp  N  Sequence           Description
    ------- ------ -----    ------- ------ -----   ---- --  --------           -----------
    5.9e-58  193.4   0.0    7.1e-58  193.1   0.0    1.0  1  NZ_CP104002.1_3501  # 3567960 # 3568556 # -1 # ID=1_3501;partial=00;start_type=ATG;rbs_motif=None;rbs_spacer=None;gc_cont=0.647


Domain annotation for each sequence:
>> NZ_CP104002.1_3501  # 3567960 # 3568556 # -1 # ID=1_3501;partial=00;start_type=ATG;rbs_motif=None;rbs_spacer=None;gc_cont=0.647
   #    score  bias  c-Evalue  i-Evalue hmmfrom  hmm to    alifrom  ali to    envfrom  env to     acc
 ---   ------ ----- --------- --------- ------- -------    ------- -------    ------- -------    ----
   1 !  193.1   0.0   1.7e-61   7.1e-58       5     195 ..       6     195 ..       3     196 .. 0.97



Internal pipeline statistics summary:
-------------------------------------
Query model(s):                            1  (196 nodes)
Target sequences:                       4140  (1258218 residues searched)
Passed MSV filter:                       104  (0.0251208); expected 82.8 (0.02)
Passed bias filter:                       96  (0.0231884); expected 82.8 (0.02)
Passed Vit filter:                        12  (0.00289855); expected 4.1 (0.001)
Passed Fwd filter:                         1  (0.000241546); expected 0.0 (1e-05)
Initial search space (Z):               4140  [actual number of targets]
Domain search space  (domZ):               1  [number of targets reported over threshold]
# CPU time: 0.02u 0.00s 00:00:00.02 Elapsed: 00:00:00.04
# Mc/sec: 5825.05
//
Query:       TIGR00631  [M=658]
Accession:   TIGR00631
Description: uvrb: excinuclease ABC subunit B
Scores for complete sequences (score includes all domains):
   --- full sequence ---   --- best 1 domain ---    -#dom-
    E-value  score  bias    E-value  score  bias    exp  N  Sequence           Description
    ------- ------ -----    ------- ------ -----   ---- --  --------           -----------
          0 1011.6   0.1          0 1011.2   0.1    1.1  1  NZ_CP104002.1_1293  # 1334414 # 1337002 # -1 # ID=1_1293;partial=00;start_type=ATG;rbs_motif=GGA/GAG/AGG;rbs_spacer=5-10bp;gc_cont=0.633


Domain annotation for each sequence:
>> NZ_CP104002.1_1293  # 1334414 # 1337002 # -1 # ID=1_1293;partial=00;start_type=ATG;rbs_motif=GGA/GAG/AGG;rbs_spacer=5-10bp;gc_cont=0.633
   #    score  bias  c-Evalue  i-Evalue hmmfrom  hmm to    alifrom  ali to    envfrom  env to     acc
 ---   ------ ----- --------- --------- ------- -------    ------- -------    ------- -------    ----
   1 ! 1011.2   0.1         0         0       2     658 .]     195     850 ..     194     850 .. 0.98



Internal pipeline statistics summary:
-------------------------------------
Query model(s):                            1  (658 nodes)
Target sequences:                       4140  (1258218 residues searched)
Passed MSV filter:                       124  (0.0299517); expected 82.8 (0.02)
Passed bias filter:                      104  (0.0251208); expected 82.8 (0.02)
Passed Vit filter:                        24  (0.0057971); expected 4.1 (0.001)
Passed Fwd filter:                        11  (0.002657); expected 0.0 (1e-05)
Initial search space (Z):               4140  [actual number of targets]
Domain search space  (domZ):               1  [number of targets reported over threshold]
# CPU time: 0.12u 0.00s 00:00:00.12 Elapsed: 00:00:00.12
# Mc/sec: 6585.57
//
Query:       TIGR00634  [M=563]
Accession:   TIGR00634
Description: recN: DNA repair protein RecN
Scores for complete sequences (score includes all domains):
   --- full sequence ---   --- best 1 domain ---    -#dom-
    E-value  score  bias    E-value  score  bias    exp  N  Sequence           Description
    ------- ------ -----    ------- ------ -----   ---- --  --------           -----------
   8.5e-141  468.5  16.6   9.6e-141  468.3  16.6    1.0  1  NZ_CP104002.1_1573  # 1627227 # 1628897 # 1 # ID=1_1573;partial=00;start_type=ATG;rbs_motif=GGA/GAG/AGG;rbs_spacer=5-10bp;gc_cont=0.661


Domain annotation for each sequence:
>> NZ_CP104002.1_1573  # 1627227 # 1628897 # 1 # ID=1_1573;partial=00;start_type=ATG;rbs_motif=GGA/GAG/AGG;rbs_spacer=5-10bp;gc_cont=0.661
   #    score  bias  c-Evalue  i-Evalue hmmfrom  hmm to    alifrom  ali to    envfrom  env to     acc
 ---   ------ ----- --------- --------- ------- -------    ------- -------    ------- -------    ----
   1 !  468.3  16.6  2.3e-144  9.6e-141       1     562 [.       1     553 [.       1     554 [. 0.96



Internal pipeline statistics summary:
-------------------------------------
Query model(s):                            1  (563 nodes)
Target sequences:                       4140  (1258218 residues searched)
Passed MSV filter:                       262  (0.063285); expected 82.8 (0.02)
Passed bias filter:                      185  (0.044686); expected 82.8 (0.02)
Passed Vit filter:                        37  (0.0089372); expected 4.1 (0.001)
Passed Fwd filter:                         7  (0.00169082); expected 0.0 (1e-05)
Initial search space (Z):               4140  [actual number of targets]
Domain search space  (domZ):               1  [number of targets reported over threshold]
# CPU time: 0.09u 0.00s 00:00:00.09 Elapsed: 00:00:00.09
# Mc/sec: 7624.12
//
Query:       TIGR00635  [M=305]
Accession:   TIGR00635
Description: ruvB: Holliday junction DNA helicase RuvB
Scores for complete sequences (score includes all domains):
   --- full sequence ---   --- best 1 domain ---    -#dom-
    E-value  score  bias    E-value  score  bias    exp  N  Sequence          Description
    ------- ------ -----    ------- ------ -----   ---- --  --------          -----------
   2.4e-134  445.0   0.0   2.8e-134  444.8   0.0    1.0  1  NZ_CP104002.1_765  # 771183 # 772226 # 1 # ID=1_765;partial=00;start_type=GTG;rbs_motif=GGA/GAG/AGG;rbs_spacer=5-10bp;gc_cont=0.640


Domain annotation for each sequence:
>> NZ_CP104002.1_765  # 771183 # 772226 # 1 # ID=1_765;partial=00;start_type=GTG;rbs_motif=GGA/GAG/AGG;rbs_spacer=5-10bp;gc_cont=0.640
   #    score  bias  c-Evalue  i-Evalue hmmfrom  hmm to    alifrom  ali to    envfrom  env to     acc
 ---   ------ ----- --------- --------- ------- -------    ------- -------    ------- -------    ----
   1 !  444.8   0.0  6.8e-138  2.8e-134       3     304 ..      24     325 ..      22     326 .. 0.99



Internal pipeline statistics summary:
-------------------------------------
Query model(s):                            1  (305 nodes)
Target sequences:                       4140  (1258218 residues searched)
Passed MSV filter:                       254  (0.0613527); expected 82.8 (0.02)
Passed bias filter:                      215  (0.0519324); expected 82.8 (0.02)
Passed Vit filter:                       102  (0.0246377); expected 4.1 (0.001)
Passed Fwd filter:                        16  (0.00386473); expected 0.0 (1e-05)
Initial search space (Z):               4140  [actual number of targets]
Domain search space  (domZ):               1  [number of targets reported over threshold]
# CPU time: 0.10u 0.00s 00:00:00.10 Elapsed: 00:00:00.12
# Mc/sec: 3067.59
//
Query:       TIGR00643  [M=629]
Accession:   TIGR00643
Description: recG: ATP-dependent DNA helicase RecG
Scores for complete sequences (score includes all domains):
   --- full sequence ---   --- best 1 domain ---    -#dom-
    E-value  score  bias    E-value  score  bias    exp  N  Sequence           Description
    ------- ------ -----    ------- ------ -----   ---- --  --------           -----------
   1.2e-197  656.3   0.0   1.5e-197  656.0   0.0    1.0  1  NZ_CP104002.1_2136  # 2181740 # 2183845 # 1 # ID=1_2136;partial=00;start_type=GTG;rbs_motif=AGGAG;rbs_spacer=5-10bp;gc_cont=0.626


Domain annotation for each sequence:
>> NZ_CP104002.1_2136  # 2181740 # 2183845 # 1 # ID=1_2136;partial=00;start_type=GTG;rbs_motif=AGGAG;rbs_spacer=5-10bp;gc_cont=0.626
   #    score  bias  c-Evalue  i-Evalue hmmfrom  hmm to    alifrom  ali to    envfrom  env to     acc
 ---   ------ ----- --------- --------- ------- -------    ------- -------    ------- -------    ----
   1 !  656.0   0.0  3.6e-201  1.5e-197       6     629 .]      41     664 ..      37     664 .. 0.96



Internal pipeline statistics summary:
-------------------------------------
Query model(s):                            1  (629 nodes)
Target sequences:                       4140  (1258218 residues searched)
Passed MSV filter:                       136  (0.0328502); expected 82.8 (0.02)
Passed bias filter:                      119  (0.028744); expected 82.8 (0.02)
Passed Vit filter:                        21  (0.00507246); expected 4.1 (0.001)
Passed Fwd filter:                         9  (0.00217391); expected 0.0 (1e-05)
Initial search space (Z):               4140  [actual number of targets]
Domain search space  (domZ):               1  [number of targets reported over threshold]
# CPU time: 0.12u 0.00s 00:00:00.12 Elapsed: 00:00:00.12
# Mc/sec: 6281.22
//
Query:       TIGR00663  [M=367]
Accession:   TIGR00663
Description: dnan: DNA polymerase III, beta subunit
Scores for complete sequences (score includes all domains):
   --- full sequence ---   --- best 1 domain ---    -#dom-
    E-value  score  bias    E-value  score  bias    exp  N  Sequence          Description
    ------- ------ -----    ------- ------ -----   ---- --  --------          -----------
    1.3e-92  308.4   0.0    1.5e-92  308.3   0.0    1.0  1  NZ_CP104002.1_3    # 2081 # 3313 # 1 # ID=1_3;partial=00;start_type=TTG;rbs_motif=GGA/GAG/AGG;rbs_spacer=11-12bp;gc_cont=0.611
      6e-50  168.1   0.0    7.2e-50  167.8   0.0    1.0  1  NZ_CP104002.1_675  # 680679 # 681818 # 1 # ID=1_675;partial=00;start_type=ATG;rbs_motif=GGAGG;rbs_spacer=5-10bp;gc_cont=0.619


Domain annotation for each sequence:
>> NZ_CP104002.1_3  # 2081 # 3313 # 1 # ID=1_3;partial=00;start_type=TTG;rbs_motif=GGA/GAG/AGG;rbs_spacer=11-12bp;gc_cont=0.611
   #    score  bias  c-Evalue  i-Evalue hmmfrom  hmm to    alifrom  ali to    envfrom  env to     acc
 ---   ------ ----- --------- --------- ------- -------    ------- -------    ------- -------    ----
   1 !  308.3   0.0     7e-96   1.5e-92       1     366 [.      38     409 ..      38     410 .. 0.94

>> NZ_CP104002.1_675  # 680679 # 681818 # 1 # ID=1_675;partial=00;start_type=ATG;rbs_motif=GGAGG;rbs_spacer=5-10bp;gc_cont=0.619
   #    score  bias  c-Evalue  i-Evalue hmmfrom  hmm to    alifrom  ali to    envfrom  env to     acc
 ---   ------ ----- --------- --------- ------- -------    ------- -------    ------- -------    ----
   1 !  167.8   0.0   3.5e-53   7.2e-50       7     366 ..       6     378 ..       2     379 .. 0.86



Internal pipeline statistics summary:
-------------------------------------
Query model(s):                            1  (367 nodes)
Target sequences:                       4140  (1258218 residues searched)
Passed MSV filter:                        69  (0.0166667); expected 82.8 (0.02)
Passed bias filter:                       61  (0.0147343); expected 82.8 (0.02)
Passed Vit filter:                         7  (0.00169082); expected 4.1 (0.001)
Passed Fwd filter:                         2  (0.000483092); expected 0.0 (1e-05)
Initial search space (Z):               4140  [actual number of targets]
Domain search space  (domZ):               2  [number of targets reported over threshold]
# CPU time: 0.03u 0.00s 00:00:00.03 Elapsed: 00:00:00.04
# Mc/sec: 10684.91
//
Query:       TIGR00717  [M=516]
Accession:   TIGR00717
Description: rpsA: ribosomal protein bS1
Scores for complete sequences (score includes all domains):
   --- full sequence ---   --- best 1 domain ---    -#dom-
    E-value  score  bias    E-value  score  bias    exp  N  Sequence         Description
    ------- ------ -----    ------- ------ -----   ---- --  --------         -----------
   1.8e-188  625.1  17.2   2.1e-188  624.9  17.2    1.0  1  NZ_CP104002.1_28  # 29578 # 31293 # 1 # ID=1_28;partial=00;start_type=TTG;rbs_motif=GGAG/GAGG;rbs_spacer=5-10bp;gc_cont=0.597


Domain annotation for each sequence:
>> NZ_CP104002.1_28  # 29578 # 31293 # 1 # ID=1_28;partial=00;start_type=TTG;rbs_motif=GGAG/GAGG;rbs_spacer=5-10bp;gc_cont=0.597
   #    score  bias  c-Evalue  i-Evalue hmmfrom  hmm to    alifrom  ali to    envfrom  env to     acc
 ---   ------ ----- --------- --------- ------- -------    ------- -------    ------- -------    ----
   1 !  624.9  17.2  5.1e-192  2.1e-188       1     516 []       9     534 ..       9     534 .. 0.97



Internal pipeline statistics summary:
-------------------------------------
Query model(s):                            1  (516 nodes)
Target sequences:                       4140  (1258218 residues searched)
Passed MSV filter:                        98  (0.0236715); expected 82.8 (0.02)
Passed bias filter:                       85  (0.0205314); expected 82.8 (0.02)
Passed Vit filter:                        19  (0.00458937); expected 4.1 (0.001)
Passed Fwd filter:                         5  (0.00120773); expected 0.0 (1e-05)
Initial search space (Z):               4140  [actual number of targets]
Domain search space  (domZ):               1  [number of targets reported over threshold]
# CPU time: 0.06u 0.00s 00:00:00.06 Elapsed: 00:00:00.06
# Mc/sec: 10285.76
//
Query:       TIGR00755  [M=256]
Accession:   TIGR00755
Description: ksgA: ribosomal RNA small subunit methyltransferase A
Scores for complete sequences (score includes all domains):
   --- full sequence ---   --- best 1 domain ---    -#dom-
    E-value  score  bias    E-value  score  bias    exp  N  Sequence           Description
    ------- ------ -----    ------- ------ -----   ---- --  --------           -----------
    2.6e-66  221.4   0.0    2.9e-66  221.2   0.0    1.0  1  NZ_CP104002.1_3011  # 3067187 # 3068029 # 1 # ID=1_3011;partial=00;start_type=ATG;rbs_motif=GGA/GAG/AGG;rbs_spacer=5-10bp;gc_cont=0.655


Domain annotation for each sequence:
>> NZ_CP104002.1_3011  # 3067187 # 3068029 # 1 # ID=1_3011;partial=00;start_type=ATG;rbs_motif=GGA/GAG/AGG;rbs_spacer=5-10bp;gc_cont=0.655
   #    score  bias  c-Evalue  i-Evalue hmmfrom  hmm to    alifrom  ali to    envfrom  env to     acc
 ---   ------ ----- --------- --------- ------- -------    ------- -------    ------- -------    ----
   1 !  221.2   0.0   7.1e-70   2.9e-66       2     255 ..      20     275 ..      19     276 .. 0.96



Internal pipeline statistics summary:
-------------------------------------
Query model(s):                            1  (256 nodes)
Target sequences:                       4140  (1258218 residues searched)
Passed MSV filter:                       100  (0.0241546); expected 82.8 (0.02)
Passed bias filter:                       94  (0.0227053); expected 82.8 (0.02)
Passed Vit filter:                        20  (0.00483092); expected 4.1 (0.001)
Passed Fwd filter:                         8  (0.00193237); expected 0.0 (1e-05)
Initial search space (Z):               4140  [actual number of targets]
Domain search space  (domZ):               1  [number of targets reported over threshold]
# CPU time: 0.03u 0.01s 00:00:00.04 Elapsed: 00:00:00.05
# Mc/sec: 5763.86
//
Query:       TIGR00810  [M=73]
Accession:   TIGR00810
Description: secG: preprotein translocase, SecG subunit
Scores for complete sequences (score includes all domains):
   --- full sequence ---   --- best 1 domain ---    -#dom-
    E-value  score  bias    E-value  score  bias    exp  N  Sequence           Description
    ------- ------ -----    ------- ------ -----   ---- --  --------           -----------
    1.4e-18   64.5  11.4    2.1e-18   64.0  11.4    1.2  1  NZ_CP104002.1_2201  # 2250107 # 2250574 # 1 # ID=1_2201;partial=00;start_type=ATG;rbs_motif=None;rbs_spacer=None;gc_cont=0.639


Domain annotation for each sequence:
>> NZ_CP104002.1_2201  # 2250107 # 2250574 # 1 # ID=1_2201;partial=00;start_type=ATG;rbs_motif=None;rbs_spacer=None;gc_cont=0.639
   #    score  bias  c-Evalue  i-Evalue hmmfrom  hmm to    alifrom  ali to    envfrom  env to     acc
 ---   ------ ----- --------- --------- ------- -------    ------- -------    ------- -------    ----
   1 !   64.0  11.4     5e-22   2.1e-18       2      72 ..       3      71 ..       2      72 .. 0.97



Internal pipeline statistics summary:
-------------------------------------
Query model(s):                            1  (73 nodes)
Target sequences:                       4140  (1258218 residues searched)
Passed MSV filter:                       385  (0.0929952); expected 82.8 (0.02)
Passed bias filter:                      112  (0.0270531); expected 82.8 (0.02)
Passed Vit filter:                        12  (0.00289855); expected 4.1 (0.001)
Passed Fwd filter:                         1  (0.000241546); expected 0.0 (1e-05)
Initial search space (Z):               4140  [actual number of targets]
Domain search space  (domZ):               1  [number of targets reported over threshold]
# CPU time: 0.02u 0.00s 00:00:00.02 Elapsed: 00:00:00.04
# Mc/sec: 2009.10
//
Query:       TIGR00922  [M=172]
Accession:   TIGR00922
Description: nusG: transcription termination/antitermination factor NusG
Scores for complete sequences (score includes all domains):
   --- full sequence ---   --- best 1 domain ---    -#dom-
    E-value  score  bias    E-value  score  bias    exp  N  Sequence           Description
    ------- ------ -----    ------- ------ -----   ---- --  --------           -----------
    3.8e-68  226.5   3.6    4.2e-68  226.4   3.6    1.0  1  NZ_CP104002.1_2706  # 2761628 # 2762158 # -1 # ID=1_2706;partial=00;start_type=ATG;rbs_motif=AGGAG/GGAGG;rbs_spacer=11-12bp;gc_cont=0.571


Domain annotation for each sequence:
>> NZ_CP104002.1_2706  # 2761628 # 2762158 # -1 # ID=1_2706;partial=00;start_type=ATG;rbs_motif=AGGAG/GGAGG;rbs_spacer=11-12bp;gc_cont=0.571
   #    score  bias  c-Evalue  i-Evalue hmmfrom  hmm to    alifrom  ali to    envfrom  env to     acc
 ---   ------ ----- --------- --------- ------- -------    ------- -------    ------- -------    ----
   1 !  226.4   3.6     1e-71   4.2e-68       1     172 []       5     176 ..       5     176 .. 1.00



Internal pipeline statistics summary:
-------------------------------------
Query model(s):                            1  (172 nodes)
Target sequences:                       4140  (1258218 residues searched)
Passed MSV filter:                        60  (0.0144928); expected 82.8 (0.02)
Passed bias filter:                       58  (0.0140097); expected 82.8 (0.02)
Passed Vit filter:                         1  (0.000241546); expected 4.1 (0.001)
Passed Fwd filter:                         1  (0.000241546); expected 0.0 (1e-05)
Initial search space (Z):               4140  [actual number of targets]
Domain search space  (domZ):               1  [number of targets reported over threshold]
# CPU time: 0.02u 0.00s 00:00:00.02 Elapsed: 00:00:00.01
# Mc/sec: 12380.42
//
Query:       TIGR00928  [M=436]
Accession:   TIGR00928
Description: purB: adenylosuccinate lyase
Scores for complete sequences (score includes all domains):
   --- full sequence ---   --- best 1 domain ---    -#dom-
    E-value  score  bias    E-value  score  bias    exp  N  Sequence           Description
    ------- ------ -----    ------- ------ -----   ---- --  --------           -----------
   2.1e-145  482.7   0.3   2.3e-145  482.5   0.3    1.0  1  NZ_CP104002.1_1757  # 1814066 # 1815397 # -1 # ID=1_1757;partial=00;start_type=ATG;rbs_motif=GGAG/GAGG;rbs_spacer=5-10bp;gc_cont=0.628


Domain annotation for each sequence:
>> NZ_CP104002.1_1757  # 1814066 # 1815397 # -1 # ID=1_1757;partial=00;start_type=ATG;rbs_motif=GGAG/GAGG;rbs_spacer=5-10bp;gc_cont=0.628
   #    score  bias  c-Evalue  i-Evalue hmmfrom  hmm to    alifrom  ali to    envfrom  env to     acc
 ---   ------ ----- --------- --------- ------- -------    ------- -------    ------- -------    ----
   1 !  482.5   0.3  5.7e-149  2.3e-145       1     436 []       1     441 [.       1     441 [. 0.95



Internal pipeline statistics summary:
-------------------------------------
Query model(s):                            1  (436 nodes)
Target sequences:                       4140  (1258218 residues searched)
Passed MSV filter:                        87  (0.0210145); expected 82.8 (0.02)
Passed bias filter:                       66  (0.015942); expected 82.8 (0.02)
Passed Vit filter:                        10  (0.00241546); expected 4.1 (0.001)
Passed Fwd filter:                         5  (0.00120773); expected 0.0 (1e-05)
Initial search space (Z):               4140  [actual number of targets]
Domain search space  (domZ):               1  [number of targets reported over threshold]
# CPU time: 0.06u 0.00s 00:00:00.06 Elapsed: 00:00:00.09
# Mc/sec: 5899.18
//
Query:       TIGR00959  [M=428]
Accession:   TIGR00959
Description: ffh: signal recognition particle protein
Scores for complete sequences (score includes all domains):
   --- full sequence ---   --- best 1 domain ---    -#dom-
    E-value  score  bias    E-value  score  bias    exp  N  Sequence           Description
    ------- ------ -----    ------- ------ -----   ---- --  --------           -----------
   2.5e-178  591.1  13.9   3.2e-178  590.8  13.9    1.1  1  NZ_CP104002.1_4000  # 4099191 # 4100774 # 1 # ID=1_4000;partial=00;start_type=ATG;rbs_motif=AGGA;rbs_spacer=5-10bp;gc_cont=0.638


Domain annotation for each sequence:
>> NZ_CP104002.1_4000  # 4099191 # 4100774 # 1 # ID=1_4000;partial=00;start_type=ATG;rbs_motif=AGGA;rbs_spacer=5-10bp;gc_cont=0.638
   #    score  bias  c-Evalue  i-Evalue hmmfrom  hmm to    alifrom  ali to    envfrom  env to     acc
 ---   ------ ----- --------- --------- ------- -------    ------- -------    ------- -------    ----
   1 !  590.8  13.9  7.7e-182  3.2e-178       1     428 []       2     429 ..       2     429 .. 1.00



Internal pipeline statistics summary:
-------------------------------------
Query model(s):                            1  (428 nodes)
Target sequences:                       4140  (1258218 residues searched)
Passed MSV filter:                       211  (0.0509662); expected 82.8 (0.02)
Passed bias filter:                      177  (0.0427536); expected 82.8 (0.02)
Passed Vit filter:                        27  (0.00652174); expected 4.1 (0.001)
Passed Fwd filter:                         5  (0.00120773); expected 0.0 (1e-05)
Initial search space (Z):               4140  [actual number of targets]
Domain search space  (domZ):               1  [number of targets reported over threshold]
# CPU time: 0.07u 0.00s 00:00:00.07 Elapsed: 00:00:00.06
# Mc/sec: 7696.80
//
Query:       TIGR00963  [M=787]
Accession:   TIGR00963
Description: secA: preprotein translocase, SecA subunit
Scores for complete sequences (score includes all domains):
   --- full sequence ---   --- best 1 domain ---    -#dom-
    E-value  score  bias    E-value  score  bias    exp  N  Sequence          Description
    ------- ------ -----    ------- ------ -----   ---- --  --------          -----------
          0 1071.3   7.6          0 1071.1   7.6    1.0  1  NZ_CP104002.1_520  # 516720 # 519440 # 1 # ID=1_520;partial=00;start_type=ATG;rbs_motif=AGGA;rbs_spacer=5-10bp;gc_cont=0.620


Domain annotation for each sequence:
>> NZ_CP104002.1_520  # 516720 # 519440 # 1 # ID=1_520;partial=00;start_type=ATG;rbs_motif=AGGA;rbs_spacer=5-10bp;gc_cont=0.620
   #    score  bias  c-Evalue  i-Evalue hmmfrom  hmm to    alifrom  ali to    envfrom  env to     acc
 ---   ------ ----- --------- --------- ------- -------    ------- -------    ------- -------    ----
   1 ! 1071.1   7.6         0         0       1     786 [.      29     810 ..      29     811 .. 0.97



Internal pipeline statistics summary:
-------------------------------------
Query model(s):                            1  (787 nodes)
Target sequences:                       4140  (1258218 residues searched)
Passed MSV filter:                        94  (0.0227053); expected 82.8 (0.02)
Passed bias filter:                       82  (0.0198068); expected 82.8 (0.02)
Passed Vit filter:                         9  (0.00217391); expected 4.1 (0.001)
Passed Fwd filter:                         1  (0.000241546); expected 0.0 (1e-05)
Initial search space (Z):               4140  [actual number of targets]
Domain search space  (domZ):               1  [number of targets reported over threshold]
# CPU time: 0.08u 0.00s 00:00:00.08 Elapsed: 00:00:00.07
# Mc/sec: 13508.62
//
Query:       TIGR00964  [M=57]
Accession:   TIGR00964
Description: secE_bact: preprotein translocase, SecE subunit
Scores for complete sequences (score includes all domains):
   --- full sequence ---   --- best 1 domain ---    -#dom-
    E-value  score  bias    E-value  score  bias    exp  N  Sequence           Description
    ------- ------ -----    ------- ------ -----   ---- --  --------           -----------
    3.7e-20   69.5   4.1      4e-20   69.4   4.1    1.0  1  NZ_CP104002.1_2707  # 2762195 # 2762389 # -1 # ID=1_2707;partial=00;start_type=ATG;rbs_motif=GGA/GAG/AGG;rbs_spacer=11-12bp;gc_cont=0.523


Domain annotation for each sequence:
>> NZ_CP104002.1_2707  # 2762195 # 2762389 # -1 # ID=1_2707;partial=00;start_type=ATG;rbs_motif=GGA/GAG/AGG;rbs_spacer=11-12bp;gc_cont=0.523
   #    score  bias  c-Evalue  i-Evalue hmmfrom  hmm to    alifrom  ali to    envfrom  env to     acc
 ---   ------ ----- --------- --------- ------- -------    ------- -------    ------- -------    ----
   1 !   69.4   4.1   9.6e-24     4e-20       2      56 ..       7      61 ..       6      62 .. 0.96



Internal pipeline statistics summary:
-------------------------------------
Query model(s):                            1  (57 nodes)
Target sequences:                       4140  (1258218 residues searched)
Passed MSV filter:                       267  (0.0644928); expected 82.8 (0.02)
Passed bias filter:                      127  (0.0306763); expected 82.8 (0.02)
Passed Vit filter:                         7  (0.00169082); expected 4.1 (0.001)
Passed Fwd filter:                         2  (0.000483092); expected 0.0 (1e-05)
Initial search space (Z):               4140  [actual number of targets]
Domain search space  (domZ):               1  [number of targets reported over threshold]
# CPU time: 0.02u 0.00s 00:00:00.02 Elapsed: 00:00:00.03
# Mc/sec: 2244.87
//
Query:       TIGR00967  [M=414]
Accession:   TIGR00967
Description: 3a0501s007: preprotein translocase, SecY subunit
Scores for complete sequences (score includes all domains):
   --- full sequence ---   --- best 1 domain ---    -#dom-
    E-value  score  bias    E-value  score  bias    exp  N  Sequence           Description
    ------- ------ -----    ------- ------ -----   ---- --  --------           -----------
   9.7e-125  414.5  19.4   1.2e-124  414.3  19.4    1.0  1  NZ_CP104002.1_2670  # 2730311 # 2731648 # -1 # ID=1_2670;partial=00;start_type=ATG;rbs_motif=GGAG/GAGG;rbs_spacer=5-10bp;gc_cont=0.589


Domain annotation for each sequence:
>> NZ_CP104002.1_2670  # 2730311 # 2731648 # -1 # ID=1_2670;partial=00;start_type=ATG;rbs_motif=GGAG/GAGG;rbs_spacer=5-10bp;gc_cont=0.589
   #    score  bias  c-Evalue  i-Evalue hmmfrom  hmm to    alifrom  ali to    envfrom  env to     acc
 ---   ------ ----- --------- --------- ------- -------    ------- -------    ------- -------    ----
   1 !  414.3  19.4  2.8e-128  1.2e-124       2     414 .]      25     430 ..      24     430 .. 0.94



Internal pipeline statistics summary:
-------------------------------------
Query model(s):                            1  (414 nodes)
Target sequences:                       4140  (1258218 residues searched)
Passed MSV filter:                       213  (0.0514493); expected 82.8 (0.02)
Passed bias filter:                       60  (0.0144928); expected 82.8 (0.02)
Passed Vit filter:                         6  (0.00144928); expected 4.1 (0.001)
Passed Fwd filter:                         1  (0.000241546); expected 0.0 (1e-05)
Initial search space (Z):               4140  [actual number of targets]
Domain search space  (domZ):               1  [number of targets reported over threshold]
# CPU time: 0.03u 0.00s 00:00:00.03 Elapsed: 00:00:00.04
# Mc/sec: 11333.71
//
Query:       TIGR00982  [M=139]
Accession:   TIGR00982
Description: uS12_E_A: ribosomal protein uS12
Scores for complete sequences (score includes all domains):
   --- full sequence ---   --- best 1 domain ---    -#dom-
    E-value  score  bias    E-value  score  bias    exp  N  Sequence Description
    ------- ------ -----    ------- ------ -----   ---- --  -------- -----------

   [No hits detected that satisfy reporting thresholds]


Domain annotation for each sequence:

   [No targets detected that satisfy reporting thresholds]


Internal pipeline statistics summary:
-------------------------------------
Query model(s):                            1  (139 nodes)
Target sequences:                       4140  (1258218 residues searched)
Passed MSV filter:                        91  (0.0219807); expected 82.8 (0.02)
Passed bias filter:                       85  (0.0205314); expected 82.8 (0.02)
Passed Vit filter:                         3  (0.000724638); expected 4.1 (0.001)
Passed Fwd filter:                         1  (0.000241546); expected 0.0 (1e-05)
Initial search space (Z):               4140  [actual number of targets]
Domain search space  (domZ):               0  [number of targets reported over threshold]
# CPU time: 0.02u 0.00s 00:00:00.02 Elapsed: 00:00:00.01
# Mc/sec: 13999.27
//
Query:       TIGR01008  [M=195]
Accession:   TIGR01008
Description: uS3_euk_arch: ribosomal protein uS3
Scores for complete sequences (score includes all domains):
   --- full sequence ---   --- best 1 domain ---    -#dom-
    E-value  score  bias    E-value  score  bias    exp  N  Sequence Description
    ------- ------ -----    ------- ------ -----   ---- --  -------- -----------

   [No hits detected that satisfy reporting thresholds]


Domain annotation for each sequence:

   [No targets detected that satisfy reporting thresholds]


Internal pipeline statistics summary:
-------------------------------------
Query model(s):                            1  (195 nodes)
Target sequences:                       4140  (1258218 residues searched)
Passed MSV filter:                       137  (0.0330918); expected 82.8 (0.02)
Passed bias filter:                      116  (0.0280193); expected 82.8 (0.02)
Passed Vit filter:                        15  (0.00362319); expected 4.1 (0.001)
Passed Fwd filter:                         1  (0.000241546); expected 0.0 (1e-05)
Initial search space (Z):               4140  [actual number of targets]
Domain search space  (domZ):               0  [number of targets reported over threshold]
# CPU time: 0.03u 0.01s 00:00:00.04 Elapsed: 00:00:00.03
# Mc/sec: 6424.72
//
Query:       TIGR01009  [M=212]
Accession:   TIGR01009
Description: rpsC_bact: ribosomal protein uS3
Scores for complete sequences (score includes all domains):
   --- full sequence ---   --- best 1 domain ---    -#dom-
    E-value  score  bias    E-value  score  bias    exp  N  Sequence           Description
    ------- ------ -----    ------- ------ -----   ---- --  --------           -----------
    1.9e-97  322.9   3.3    2.2e-97  322.8   3.3    1.0  1  NZ_CP104002.1_2684  # 2736979 # 2737716 # -1 # ID=1_2684;partial=00;start_type=ATG;rbs_motif=AGGAG;rbs_spacer=5-10bp;gc_cont=0.610


Domain annotation for each sequence:
>> NZ_CP104002.1_2684  # 2736979 # 2737716 # -1 # ID=1_2684;partial=00;start_type=ATG;rbs_motif=AGGAG;rbs_spacer=5-10bp;gc_cont=0.610
   #    score  bias  c-Evalue  i-Evalue hmmfrom  hmm to    alifrom  ali to    envfrom  env to     acc
 ---   ------ ----- --------- --------- ------- -------    ------- -------    ------- -------    ----
   1 !  322.8   3.3  5.4e-101   2.2e-97       1     210 [.       1     209 [.       1     211 [. 0.99



Internal pipeline statistics summary:
-------------------------------------
Query model(s):                            1  (212 nodes)
Target sequences:                       4140  (1258218 residues searched)
Passed MSV filter:                       107  (0.0258454); expected 82.8 (0.02)
Passed bias filter:                       94  (0.0227053); expected 82.8 (0.02)
Passed Vit filter:                         8  (0.00193237); expected 4.1 (0.001)
Passed Fwd filter:                         2  (0.000483092); expected 0.0 (1e-05)
Initial search space (Z):               4140  [actual number of targets]
Domain search space  (domZ):               1  [number of targets reported over threshold]
# CPU time: 0.02u 0.00s 00:00:00.02 Elapsed: 00:00:00.03
# Mc/sec: 7173.72
//
Query:       TIGR01011  [M=225]
Accession:   TIGR01011
Description: rpsB_bact: ribosomal protein uS2
Scores for complete sequences (score includes all domains):
   --- full sequence ---   --- best 1 domain ---    -#dom-
    E-value  score  bias    E-value  score  bias    exp  N  Sequence           Description
    ------- ------ -----    ------- ------ -----   ---- --  --------           -----------
    7.9e-98  324.0   0.0    9.1e-98  323.8   0.0    1.0  1  NZ_CP104002.1_2170  # 2216081 # 2216839 # 1 # ID=1_2170;partial=00;start_type=ATG;rbs_motif=AGGA;rbs_spacer=5-10bp;gc_cont=0.610


Domain annotation for each sequence:
>> NZ_CP104002.1_2170  # 2216081 # 2216839 # 1 # ID=1_2170;partial=00;start_type=ATG;rbs_motif=AGGA;rbs_spacer=5-10bp;gc_cont=0.610
   #    score  bias  c-Evalue  i-Evalue hmmfrom  hmm to    alifrom  ali to    envfrom  env to     acc
 ---   ------ ----- --------- --------- ------- -------    ------- -------    ------- -------    ----
   1 !  323.8   0.0  2.2e-101   9.1e-98       3     222 ..       7     225 ..       5     228 .. 0.98



Internal pipeline statistics summary:
-------------------------------------
Query model(s):                            1  (225 nodes)
Target sequences:                       4140  (1258218 residues searched)
Passed MSV filter:                       114  (0.0275362); expected 82.8 (0.02)
Passed bias filter:                      102  (0.0246377); expected 82.8 (0.02)
Passed Vit filter:                         8  (0.00193237); expected 4.1 (0.001)
Passed Fwd filter:                         1  (0.000241546); expected 0.0 (1e-05)
Initial search space (Z):               4140  [actual number of targets]
Domain search space  (domZ):               1  [number of targets reported over threshold]
# CPU time: 0.04u 0.00s 00:00:00.04 Elapsed: 00:00:00.03
# Mc/sec: 8698.21
//
Query:       TIGR01012  [M=196]
Accession:   TIGR01012
Description: uS2_euk_arch: ribosomal protein uS2
Scores for complete sequences (score includes all domains):
   --- full sequence ---   --- best 1 domain ---    -#dom-
    E-value  score  bias    E-value  score  bias    exp  N  Sequence Description
    ------- ------ -----    ------- ------ -----   ---- --  -------- -----------

   [No hits detected that satisfy reporting thresholds]


Domain annotation for each sequence:

   [No targets detected that satisfy reporting thresholds]


Internal pipeline statistics summary:
-------------------------------------
Query model(s):                            1  (196 nodes)
Target sequences:                       4140  (1258218 residues searched)
Passed MSV filter:                       110  (0.02657); expected 82.8 (0.02)
Passed bias filter:                       92  (0.0222222); expected 82.8 (0.02)
Passed Vit filter:                         2  (0.000483092); expected 4.1 (0.001)
Passed Fwd filter:                         1  (0.000241546); expected 0.0 (1e-05)
Initial search space (Z):               4140  [actual number of targets]
Domain search space  (domZ):               0  [number of targets reported over threshold]
# CPU time: 0.02u 0.00s 00:00:00.02 Elapsed: 00:00:00.03
# Mc/sec: 6789.40
//
Query:       TIGR01017  [M=200]
Accession:   TIGR01017
Description: rpsD_bact: ribosomal protein uS4
Scores for complete sequences (score includes all domains):
   --- full sequence ---   --- best 1 domain ---    -#dom-
    E-value  score  bias    E-value  score  bias    exp  N  Sequence           Description
    ------- ------ -----    ------- ------ -----   ---- --  --------           -----------
    1.5e-71  238.1   0.1    1.7e-71  237.9   0.1    1.0  1  NZ_CP104002.1_1730  # 1794088 # 1794705 # 1 # ID=1_1730;partial=00;start_type=ATG;rbs_motif=AGGA;rbs_spacer=5-10bp;gc_cont=0.618


Domain annotation for each sequence:
>> NZ_CP104002.1_1730  # 1794088 # 1794705 # 1 # ID=1_1730;partial=00;start_type=ATG;rbs_motif=AGGA;rbs_spacer=5-10bp;gc_cont=0.618
   #    score  bias  c-Evalue  i-Evalue hmmfrom  hmm to    alifrom  ali to    envfrom  env to     acc
 ---   ------ ----- --------- --------- ------- -------    ------- -------    ------- -------    ----
   1 !  237.9   0.1   4.1e-75   1.7e-71       5     200 .]       7     205 ..       3     205 .. 0.94



Internal pipeline statistics summary:
-------------------------------------
Query model(s):                            1  (200 nodes)
Target sequences:                       4140  (1258218 residues searched)
Passed MSV filter:                        59  (0.0142512); expected 82.8 (0.02)
Passed bias filter:                       54  (0.0130435); expected 82.8 (0.02)
Passed Vit filter:                        11  (0.002657); expected 4.1 (0.001)
Passed Fwd filter:                         5  (0.00120773); expected 0.0 (1e-05)
Initial search space (Z):               4140  [actual number of targets]
Domain search space  (domZ):               1  [number of targets reported over threshold]
# CPU time: 0.03u 0.00s 00:00:00.03 Elapsed: 00:00:00.02
# Mc/sec: 11262.40
//
Query:       TIGR01018  [M=162]
Accession:   TIGR01018
Description: uS4_arch: ribosomal protein uS4
Scores for complete sequences (score includes all domains):
   --- full sequence ---   --- best 1 domain ---    -#dom-
    E-value  score  bias    E-value  score  bias    exp  N  Sequence Description
    ------- ------ -----    ------- ------ -----   ---- --  -------- -----------

   [No hits detected that satisfy reporting thresholds]


Domain annotation for each sequence:

   [No targets detected that satisfy reporting thresholds]


Internal pipeline statistics summary:
-------------------------------------
Query model(s):                            1  (162 nodes)
Target sequences:                       4140  (1258218 residues searched)
Passed MSV filter:                        83  (0.0200483); expected 82.8 (0.02)
Passed bias filter:                       68  (0.0164251); expected 82.8 (0.02)
Passed Vit filter:                        10  (0.00241546); expected 4.1 (0.001)
Passed Fwd filter:                         1  (0.000241546); expected 0.0 (1e-05)
Initial search space (Z):               4140  [actual number of targets]
Domain search space  (domZ):               0  [number of targets reported over threshold]
# CPU time: 0.01u 0.00s 00:00:00.01 Elapsed: 00:00:00.02
# Mc/sec: 9356.25
//
Query:       TIGR01020  [M=212]
Accession:   TIGR01020
Description: uS5_euk_arch: ribosomal protein uS5
Scores for complete sequences (score includes all domains):
   --- full sequence ---   --- best 1 domain ---    -#dom-
    E-value  score  bias    E-value  score  bias    exp  N  Sequence Description
    ------- ------ -----    ------- ------ -----   ---- --  -------- -----------

   [No hits detected that satisfy reporting thresholds]


Domain annotation for each sequence:

   [No targets detected that satisfy reporting thresholds]


Internal pipeline statistics summary:
-------------------------------------
Query model(s):                            1  (212 nodes)
Target sequences:                       4140  (1258218 residues searched)
Passed MSV filter:                        92  (0.0222222); expected 82.8 (0.02)
Passed bias filter:                       76  (0.0183575); expected 82.8 (0.02)
Passed Vit filter:                         8  (0.00193237); expected 4.1 (0.001)
Passed Fwd filter:                         1  (0.000241546); expected 0.0 (1e-05)
Initial search space (Z):               4140  [actual number of targets]
Domain search space  (domZ):               0  [number of targets reported over threshold]
# CPU time: 0.03u 0.00s 00:00:00.03 Elapsed: 00:00:00.02
# Mc/sec: 11046.79
//
Query:       TIGR01021  [M=156]
Accession:   TIGR01021
Description: rpsE_bact: ribosomal protein uS5
Scores for complete sequences (score includes all domains):
   --- full sequence ---   --- best 1 domain ---    -#dom-
    E-value  score  bias    E-value  score  bias    exp  N  Sequence           Description
    ------- ------ -----    ------- ------ -----   ---- --  --------           -----------
    7.2e-66  218.7   3.2    8.3e-66  218.5   3.2    1.0  1  NZ_CP104002.1_2673  # 2732505 # 2733038 # -1 # ID=1_2673;partial=00;start_type=ATG;rbs_motif=GGAG/GAGG;rbs_spacer=5-10bp;gc_cont=0.612


Domain annotation for each sequence:
>> NZ_CP104002.1_2673  # 2732505 # 2733038 # -1 # ID=1_2673;partial=00;start_type=ATG;rbs_motif=GGAG/GAGG;rbs_spacer=5-10bp;gc_cont=0.612
   #    score  bias  c-Evalue  i-Evalue hmmfrom  hmm to    alifrom  ali to    envfrom  env to     acc
 ---   ------ ----- --------- --------- ------- -------    ------- -------    ------- -------    ----
   1 !  218.5   3.2     2e-69   8.3e-66       2     156 .]      10     165 ..       9     165 .. 0.98



Internal pipeline statistics summary:
-------------------------------------
Query model(s):                            1  (156 nodes)
Target sequences:                       4140  (1258218 residues searched)
Passed MSV filter:                       176  (0.0425121); expected 82.8 (0.02)
Passed bias filter:                      140  (0.0338164); expected 82.8 (0.02)
Passed Vit filter:                        19  (0.00458937); expected 4.1 (0.001)
Passed Fwd filter:                         1  (0.000241546); expected 0.0 (1e-05)
Initial search space (Z):               4140  [actual number of targets]
Domain search space  (domZ):               1  [number of targets reported over threshold]
# CPU time: 0.02u 0.00s 00:00:00.02 Elapsed: 00:00:00.01
# Mc/sec: 10700.89
//
Query:       TIGR01028  [M=186]
Accession:   TIGR01028
Description: uS7_euk_arch: ribosomal protein uS7
Scores for complete sequences (score includes all domains):
   --- full sequence ---   --- best 1 domain ---    -#dom-
    E-value  score  bias    E-value  score  bias    exp  N  Sequence Description
    ------- ------ -----    ------- ------ -----   ---- --  -------- -----------

   [No hits detected that satisfy reporting thresholds]


Domain annotation for each sequence:

   [No targets detected that satisfy reporting thresholds]


Internal pipeline statistics summary:
-------------------------------------
Query model(s):                            1  (186 nodes)
Target sequences:                       4140  (1258218 residues searched)
Passed MSV filter:                        60  (0.0144928); expected 82.8 (0.02)
Passed bias filter:                       50  (0.0120773); expected 82.8 (0.02)
Passed Vit filter:                         4  (0.000966184); expected 4.1 (0.001)
Passed Fwd filter:                         1  (0.000241546); expected 0.0 (1e-05)
Initial search space (Z):               4140  [actual number of targets]
Domain search space  (domZ):               0  [number of targets reported over threshold]
# CPU time: 0.02u 0.00s 00:00:00.02 Elapsed: 00:00:00.03
# Mc/sec: 6151.17
//
Query:       TIGR01029  [M=154]
Accession:   TIGR01029
Description: rpsG_bact: ribosomal protein uS7
Scores for complete sequences (score includes all domains):
   --- full sequence ---   --- best 1 domain ---    -#dom-
    E-value  score  bias    E-value  score  bias    exp  N  Sequence           Description
    ------- ------ -----    ------- ------ -----   ---- --  --------           -----------
    1.3e-67  224.4   0.2    1.5e-67  224.2   0.2    1.0  1  NZ_CP104002.1_2694  # 2744666 # 2745136 # -1 # ID=1_2694;partial=00;start_type=ATG;rbs_motif=AGGAG;rbs_spacer=5-10bp;gc_cont=0.594


Domain annotation for each sequence:
>> NZ_CP104002.1_2694  # 2744666 # 2745136 # -1 # ID=1_2694;partial=00;start_type=ATG;rbs_motif=AGGAG;rbs_spacer=5-10bp;gc_cont=0.594
   #    score  bias  c-Evalue  i-Evalue hmmfrom  hmm to    alifrom  ali to    envfrom  env to     acc
 ---   ------ ----- --------- --------- ------- -------    ------- -------    ------- -------    ----
   1 !  224.2   0.2   3.5e-71   1.5e-67       1     154 []       3     156 ..       3     156 .. 1.00



Internal pipeline statistics summary:
-------------------------------------
Query model(s):                            1  (154 nodes)
Target sequences:                       4140  (1258218 residues searched)
Passed MSV filter:                        63  (0.0152174); expected 82.8 (0.02)
Passed bias filter:                       56  (0.0135266); expected 82.8 (0.02)
Passed Vit filter:                         9  (0.00217391); expected 4.1 (0.001)
Passed Fwd filter:                         1  (0.000241546); expected 0.0 (1e-05)
Initial search space (Z):               4140  [actual number of targets]
Domain search space  (domZ):               1  [number of targets reported over threshold]
# CPU time: 0.02u 0.00s 00:00:00.02 Elapsed: 00:00:00.01
# Mc/sec: 14101.45
//
Query:       TIGR01032  [M=114]
Accession:   TIGR01032
Description: rplT_bact: ribosomal protein bL20
Scores for complete sequences (score includes all domains):
   --- full sequence ---   --- best 1 domain ---    -#dom-
    E-value  score  bias    E-value  score  bias    exp  N  Sequence         Description
    ------- ------ -----    ------- ------ -----   ---- --  --------         -----------
    3.8e-47  157.1   6.6    4.5e-47  156.9   6.6    1.0  1  NZ_CP104002.1_46  # 53865 # 54266 # -1 # ID=1_46;partial=00;start_type=ATG;rbs_motif=AGGA;rbs_spacer=5-10bp;gc_cont=0.577


Domain annotation for each sequence:
>> NZ_CP104002.1_46  # 53865 # 54266 # -1 # ID=1_46;partial=00;start_type=ATG;rbs_motif=AGGA;rbs_spacer=5-10bp;gc_cont=0.577
   #    score  bias  c-Evalue  i-Evalue hmmfrom  hmm to    alifrom  ali to    envfrom  env to     acc
 ---   ------ ----- --------- --------- ------- -------    ------- -------    ------- -------    ----
   1 !  156.9   6.6   1.1e-50   4.5e-47       1     114 []       1     114 [.       1     114 [. 0.99



Internal pipeline statistics summary:
-------------------------------------
Query model(s):                            1  (114 nodes)
Target sequences:                       4140  (1258218 residues searched)
Passed MSV filter:                        94  (0.0227053); expected 82.8 (0.02)
Passed bias filter:                       74  (0.0178744); expected 82.8 (0.02)
Passed Vit filter:                         7  (0.00169082); expected 4.1 (0.001)
Passed Fwd filter:                         1  (0.000241546); expected 0.0 (1e-05)
Initial search space (Z):               4140  [actual number of targets]
Domain search space  (domZ):               1  [number of targets reported over threshold]
# CPU time: 0.02u 0.00s 00:00:00.02 Elapsed: 00:00:00.01
# Mc/sec: 8467.95
//
Query:       TIGR01039  [M=462]
Accession:   TIGR01039
Description: atpD: ATP synthase F1, beta subunit
Scores for complete sequences (score includes all domains):
   --- full sequence ---   --- best 1 domain ---    -#dom-
    E-value  score  bias    E-value  score  bias    exp  N  Sequence          Description
    ------- ------ -----    ------- ------ -----   ---- --  --------          -----------
     3e-242  802.2   6.6   3.5e-242  802.0   6.6    1.0  1  NZ_CP104002.1_320  # 310716 # 312155 # 1 # ID=1_320;partial=00;start_type=ATG;rbs_motif=GGAG/GAGG;rbs_spacer=5-10bp;gc_cont=0.618


Domain annotation for each sequence:
>> NZ_CP104002.1_320  # 310716 # 312155 # 1 # ID=1_320;partial=00;start_type=ATG;rbs_motif=GGAG/GAGG;rbs_spacer=5-10bp;gc_cont=0.618
   #    score  bias  c-Evalue  i-Evalue hmmfrom  hmm to    alifrom  ali to    envfrom  env to     acc
 ---   ------ ----- --------- --------- ------- -------    ------- -------    ------- -------    ----
   1 !  802.0   6.6  8.4e-246  3.5e-242       2     462 .]       6     474 ..       5     474 .. 0.99



Internal pipeline statistics summary:
-------------------------------------
Query model(s):                            1  (462 nodes)
Target sequences:                       4140  (1258218 residues searched)
Passed MSV filter:                       161  (0.0388889); expected 82.8 (0.02)
Passed bias filter:                      134  (0.0323671); expected 82.8 (0.02)
Passed Vit filter:                        14  (0.00338164); expected 4.1 (0.001)
Passed Fwd filter:                         4  (0.000966184); expected 0.0 (1e-05)
Initial search space (Z):               4140  [actual number of targets]
Domain search space  (domZ):               1  [number of targets reported over threshold]
# CPU time: 0.07u 0.00s 00:00:00.07 Elapsed: 00:00:00.05
# Mc/sec: 9868.15
//
Query:       TIGR01044  [M=103]
Accession:   TIGR01044
Description: rplV_bact: ribosomal protein uL22
Scores for complete sequences (score includes all domains):
   --- full sequence ---   --- best 1 domain ---    -#dom-
    E-value  score  bias    E-value  score  bias    exp  N  Sequence           Description
    ------- ------ -----    ------- ------ -----   ---- --  --------           -----------
    6.5e-35  117.4   0.4    7.8e-35  117.1   0.4    1.0  1  NZ_CP104002.1_2685  # 2737716 # 2738096 # -1 # ID=1_2685;partial=00;start_type=ATG;rbs_motif=GGAG/GAGG;rbs_spacer=5-10bp;gc_cont=0.585


Domain annotation for each sequence:
>> NZ_CP104002.1_2685  # 2737716 # 2738096 # -1 # ID=1_2685;partial=00;start_type=ATG;rbs_motif=GGAG/GAGG;rbs_spacer=5-10bp;gc_cont=0.585
   #    score  bias  c-Evalue  i-Evalue hmmfrom  hmm to    alifrom  ali to    envfrom  env to     acc
 ---   ------ ----- --------- --------- ------- -------    ------- -------    ------- -------    ----
   1 !  117.1   0.4   1.9e-38   7.8e-35       1     103 []      17     119 ..      17     119 .. 0.99



Internal pipeline statistics summary:
-------------------------------------
Query model(s):                            1  (103 nodes)
Target sequences:                       4140  (1258218 residues searched)
Passed MSV filter:                       132  (0.0318841); expected 82.8 (0.02)
Passed bias filter:                       85  (0.0205314); expected 82.8 (0.02)
Passed Vit filter:                         4  (0.000966184); expected 4.1 (0.001)
Passed Fwd filter:                         1  (0.000241546); expected 0.0 (1e-05)
Initial search space (Z):               4140  [actual number of targets]
Domain search space  (domZ):               1  [number of targets reported over threshold]
# CPU time: 0.01u 0.00s 00:00:00.01 Elapsed: 00:00:00.01
# Mc/sec: 7954.82
//
Query:       TIGR01046  [M=99]
Accession:   TIGR01046
Description: uS10_euk_arch: ribosomal protein uS10
Scores for complete sequences (score includes all domains):
   --- full sequence ---   --- best 1 domain ---    -#dom-
    E-value  score  bias    E-value  score  bias    exp  N  Sequence Description
    ------- ------ -----    ------- ------ -----   ---- --  -------- -----------

   [No hits detected that satisfy reporting thresholds]


Domain annotation for each sequence:

   [No targets detected that satisfy reporting thresholds]


Internal pipeline statistics summary:
-------------------------------------
Query model(s):                            1  (99 nodes)
Target sequences:                       4140  (1258218 residues searched)
Passed MSV filter:                        90  (0.0217391); expected 82.8 (0.02)
Passed bias filter:                       83  (0.0200483); expected 82.8 (0.02)
Passed Vit filter:                         5  (0.00120773); expected 4.1 (0.001)
Passed Fwd filter:                         1  (0.000241546); expected 0.0 (1e-05)
Initial search space (Z):               4140  [actual number of targets]
Domain search space  (domZ):               0  [number of targets reported over threshold]
# CPU time: 0.02u 0.00s 00:00:00.02 Elapsed: 00:00:00.01
# Mc/sec: 7185.17
//
Query:       TIGR01052  [M=488]
Accession:   TIGR01052
Description: top6b: DNA topoisomerase VI, B subunit
Scores for complete sequences (score includes all domains):
   --- full sequence ---   --- best 1 domain ---    -#dom-
    E-value  score  bias    E-value  score  bias    exp  N  Sequence Description
    ------- ------ -----    ------- ------ -----   ---- --  -------- -----------

   [No hits detected that satisfy reporting thresholds]


Domain annotation for each sequence:

   [No targets detected that satisfy reporting thresholds]


Internal pipeline statistics summary:
-------------------------------------
Query model(s):                            1  (488 nodes)
Target sequences:                       4140  (1258218 residues searched)
Passed MSV filter:                        71  (0.0171498); expected 82.8 (0.02)
Passed bias filter:                       67  (0.0161836); expected 82.8 (0.02)
Passed Vit filter:                        17  (0.00410628); expected 4.1 (0.001)
Passed Fwd filter:                         8  (0.00193237); expected 0.0 (1e-05)
Initial search space (Z):               4140  [actual number of targets]
Domain search space  (domZ):               0  [number of targets reported over threshold]
# CPU time: 0.06u 0.00s 00:00:00.06 Elapsed: 00:00:00.06
# Mc/sec: 9171.44
//
Query:       TIGR01059  [M=639]
Accession:   TIGR01059
Description: gyrB: DNA gyrase, B subunit
Scores for complete sequences (score includes all domains):
   --- full sequence ---   --- best 1 domain ---    -#dom-
    E-value  score  bias    E-value  score  bias    exp  N  Sequence        Description
    ------- ------ -----    ------- ------ -----   ---- --  --------        -----------
   7.4e-297  983.9   0.0   8.6e-297  983.7   0.0    1.0  1  NZ_CP104002.1_5  # 4837 # 7263 # 1 # ID=1_5;partial=00;start_type=ATG;rbs_motif=4Base/6BMM;rbs_spacer=13-15bp;gc_cont=0.635


Domain annotation for each sequence:
>> NZ_CP104002.1_5  # 4837 # 7263 # 1 # ID=1_5;partial=00;start_type=ATG;rbs_motif=4Base/6BMM;rbs_spacer=13-15bp;gc_cont=0.635
   #    score  bias  c-Evalue  i-Evalue hmmfrom  hmm to    alifrom  ali to    envfrom  env to     acc
 ---   ------ ----- --------- --------- ------- -------    ------- -------    ------- -------    ----
   1 !  983.7   0.0  2.1e-300  8.6e-297       1     639 []      12     808 ..      12     808 .. 0.92



Internal pipeline statistics summary:
-------------------------------------
Query model(s):                            1  (639 nodes)
Target sequences:                       4140  (1258218 residues searched)
Passed MSV filter:                        88  (0.021256); expected 82.8 (0.02)
Passed bias filter:                       83  (0.0200483); expected 82.8 (0.02)
Passed Vit filter:                         6  (0.00144928); expected 4.1 (0.001)
Passed Fwd filter:                         2  (0.000483092); expected 0.0 (1e-05)
Initial search space (Z):               4140  [actual number of targets]
Domain search space  (domZ):               1  [number of targets reported over threshold]
# CPU time: 0.06u 0.00s 00:00:00.06 Elapsed: 00:00:00.06
# Mc/sec: 12442.15
//
Query:       TIGR01063  [M=800]
Accession:   TIGR01063
Description: gyrA: DNA gyrase, A subunit
Scores for complete sequences (score includes all domains):
   --- full sequence ---   --- best 1 domain ---    -#dom-
    E-value  score  bias    E-value  score  bias    exp  N  Sequence           Description
    ------- ------ -----    ------- ------ -----   ---- --  --------           -----------
          0 1145.0   1.9          0 1144.8   1.9    1.0  1  NZ_CP104002.1_2072  # 2110618 # 2113395 # 1 # ID=1_2072;partial=00;start_type=GTG;rbs_motif=GGA/GAG/AGG;rbs_spacer=5-10bp;gc_cont=0.621


Domain annotation for each sequence:
>> NZ_CP104002.1_2072  # 2110618 # 2113395 # 1 # ID=1_2072;partial=00;start_type=GTG;rbs_motif=GGA/GAG/AGG;rbs_spacer=5-10bp;gc_cont=0.621
   #    score  bias  c-Evalue  i-Evalue hmmfrom  hmm to    alifrom  ali to    envfrom  env to     acc
 ---   ------ ----- --------- --------- ------- -------    ------- -------    ------- -------    ----
   1 ! 1144.8   1.9         0         0       1     799 [.      17     897 ..      17     898 .. 0.99



Internal pipeline statistics summary:
-------------------------------------
Query model(s):                            1  (800 nodes)
Target sequences:                       4140  (1258218 residues searched)
Passed MSV filter:                        76  (0.0183575); expected 82.8 (0.02)
Passed bias filter:                       63  (0.0152174); expected 82.8 (0.02)
Passed Vit filter:                         7  (0.00169082); expected 4.1 (0.001)
Passed Fwd filter:                         2  (0.000483092); expected 0.0 (1e-05)
Initial search space (Z):               4140  [actual number of targets]
Domain search space  (domZ):               1  [number of targets reported over threshold]
# CPU time: 0.08u 0.01s 00:00:00.09 Elapsed: 00:00:00.08
# Mc/sec: 11672.42
//
Query:       TIGR01066  [M=141]
Accession:   TIGR01066
Description: rplM_bact: ribosomal protein uL13
Scores for complete sequences (score includes all domains):
   --- full sequence ---   --- best 1 domain ---    -#dom-
    E-value  score  bias    E-value  score  bias    exp  N  Sequence           Description
    ------- ------ -----    ------- ------ -----   ---- --  --------           -----------
    2.6e-58  193.7   0.0    3.3e-58  193.4   0.0    1.0  1  NZ_CP104002.1_2858  # 2905035 # 2905499 # -1 # ID=1_2858;partial=00;start_type=ATG;rbs_motif=GGA/GAG/AGG;rbs_spacer=5-10bp;gc_cont=0.609


Domain annotation for each sequence:
>> NZ_CP104002.1_2858  # 2905035 # 2905499 # -1 # ID=1_2858;partial=00;start_type=ATG;rbs_motif=GGA/GAG/AGG;rbs_spacer=5-10bp;gc_cont=0.609
   #    score  bias  c-Evalue  i-Evalue hmmfrom  hmm to    alifrom  ali to    envfrom  env to     acc
 ---   ------ ----- --------- --------- ------- -------    ------- -------    ------- -------    ----
   1 !  193.4   0.0   7.9e-62   3.3e-58       2     140 ..       4     142 ..       3     143 .. 0.97



Internal pipeline statistics summary:
-------------------------------------
Query model(s):                            1  (141 nodes)
Target sequences:                       4140  (1258218 residues searched)
Passed MSV filter:                        83  (0.0200483); expected 82.8 (0.02)
Passed bias filter:                       79  (0.0190821); expected 82.8 (0.02)
Passed Vit filter:                         6  (0.00144928); expected 4.1 (0.001)
Passed Fwd filter:                         2  (0.000483092); expected 0.0 (1e-05)
Initial search space (Z):               4140  [actual number of targets]
Domain search space  (domZ):               1  [number of targets reported over threshold]
# CPU time: 0.02u 0.00s 00:00:00.02 Elapsed: 00:00:00.02
# Mc/sec: 8113.86
//
Query:       TIGR01071  [M=144]
Accession:   TIGR01071
Description: rplO_bact: ribosomal protein uL15
Scores for complete sequences (score includes all domains):
   --- full sequence ---   --- best 1 domain ---    -#dom-
    E-value  score  bias    E-value  score  bias    exp  N  Sequence           Description
    ------- ------ -----    ------- ------ -----   ---- --  --------           -----------
    6.2e-42  140.7   1.1    7.1e-42  140.5   1.1    1.0  1  NZ_CP104002.1_2671  # 2731775 # 2732278 # -1 # ID=1_2671;partial=00;start_type=ATG;rbs_motif=GGA/GAG/AGG;rbs_spacer=5-10bp;gc_cont=0.609


Domain annotation for each sequence:
>> NZ_CP104002.1_2671  # 2731775 # 2732278 # -1 # ID=1_2671;partial=00;start_type=ATG;rbs_motif=GGA/GAG/AGG;rbs_spacer=5-10bp;gc_cont=0.609
   #    score  bias  c-Evalue  i-Evalue hmmfrom  hmm to    alifrom  ali to    envfrom  env to     acc
 ---   ------ ----- --------- --------- ------- -------    ------- -------    ------- -------    ----
   1 !  140.5   1.1   1.7e-45   7.1e-42       1     143 [.       3     150 ..       3     151 .. 0.96



Internal pipeline statistics summary:
-------------------------------------
Query model(s):                            1  (144 nodes)
Target sequences:                       4140  (1258218 residues searched)
Passed MSV filter:                        59  (0.0142512); expected 82.8 (0.02)
Passed bias filter:                       47  (0.0113527); expected 82.8 (0.02)
Passed Vit filter:                         4  (0.000966184); expected 4.1 (0.001)
Passed Fwd filter:                         1  (0.000241546); expected 0.0 (1e-05)
Initial search space (Z):               4140  [actual number of targets]
Domain search space  (domZ):               1  [number of targets reported over threshold]
# CPU time: 0.02u 0.00s 00:00:00.02 Elapsed: 00:00:00.01
# Mc/sec: 11617.20
//
Query:       TIGR01079  [M=104]
Accession:   TIGR01079
Description: rplX_bact: ribosomal protein uL24
Scores for complete sequences (score includes all domains):
   --- full sequence ---   --- best 1 domain ---    -#dom-
    E-value  score  bias    E-value  score  bias    exp  N  Sequence           Description
    ------- ------ -----    ------- ------ -----   ---- --  --------           -----------
    5.4e-33  111.4   1.9    6.1e-33  111.3   1.9    1.0  1  NZ_CP104002.1_2679  # 2735349 # 2735660 # -1 # ID=1_2679;partial=00;start_type=ATG;rbs_motif=GGAG/GAGG;rbs_spacer=5-10bp;gc_cont=0.596


Domain annotation for each sequence:
>> NZ_CP104002.1_2679  # 2735349 # 2735660 # -1 # ID=1_2679;partial=00;start_type=ATG;rbs_motif=GGAG/GAGG;rbs_spacer=5-10bp;gc_cont=0.596
   #    score  bias  c-Evalue  i-Evalue hmmfrom  hmm to    alifrom  ali to    envfrom  env to     acc
 ---   ------ ----- --------- --------- ------- -------    ------- -------    ------- -------    ----
   1 !  111.3   1.9   1.5e-36   6.1e-33       2     104 .]       3     101 ..       2     101 .. 0.95



Internal pipeline statistics summary:
-------------------------------------
Query model(s):                            1  (104 nodes)
Target sequences:                       4140  (1258218 residues searched)
Passed MSV filter:                        67  (0.0161836); expected 82.8 (0.02)
Passed bias filter:                       62  (0.0149758); expected 82.8 (0.02)
Passed Vit filter:                         2  (0.000483092); expected 4.1 (0.001)
Passed Fwd filter:                         1  (0.000241546); expected 0.0 (1e-05)
Initial search space (Z):               4140  [actual number of targets]
Domain search space  (domZ):               1  [number of targets reported over threshold]
# CPU time: 0.00u 0.01s 00:00:00.01 Elapsed: 00:00:00.02
# Mc/sec: 5519.98
//
Query:       TIGR01082  [M=449]
Accession:   TIGR01082
Description: murC: UDP-N-acetylmuramate--L-alanine ligase
Scores for complete sequences (score includes all domains):
   --- full sequence ---   --- best 1 domain ---    -#dom-
    E-value  score  bias    E-value  score  bias    exp  N  Sequence           Description
    ------- ------ -----    ------- ------ -----   ---- --  --------           -----------
   2.4e-160  532.3   0.2   2.7e-160  532.2   0.2    1.0  1  NZ_CP104002.1_1565  # 1617773 # 1619191 # 1 # ID=1_1565;partial=00;start_type=ATG;rbs_motif=GGA/GAG/AGG;rbs_spacer=5-10bp;gc_cont=0.639


Domain annotation for each sequence:
>> NZ_CP104002.1_1565  # 1617773 # 1619191 # 1 # ID=1_1565;partial=00;start_type=ATG;rbs_motif=GGA/GAG/AGG;rbs_spacer=5-10bp;gc_cont=0.639
   #    score  bias  c-Evalue  i-Evalue hmmfrom  hmm to    alifrom  ali to    envfrom  env to     acc
 ---   ------ ----- --------- --------- ------- -------    ------- -------    ------- -------    ----
   1 !  532.2   0.2  6.5e-164  2.7e-160       2     447 ..      10     458 ..       9     460 .. 0.98



Internal pipeline statistics summary:
-------------------------------------
Query model(s):                            1  (449 nodes)
Target sequences:                       4140  (1258218 residues searched)
Passed MSV filter:                       157  (0.0379227); expected 82.8 (0.02)
Passed bias filter:                      127  (0.0306763); expected 82.8 (0.02)
Passed Vit filter:                        15  (0.00362319); expected 4.1 (0.001)
Passed Fwd filter:                         5  (0.00120773); expected 0.0 (1e-05)
Initial search space (Z):               4140  [actual number of targets]
Domain search space  (domZ):               1  [number of targets reported over threshold]
# CPU time: 0.08u 0.00s 00:00:00.08 Elapsed: 00:00:00.09
# Mc/sec: 6257.05
//
Query:       TIGR01087  [M=441]
Accession:   TIGR01087
Description: murD: UDP-N-acetylmuramoylalanine--D-glutamate ligase
Scores for complete sequences (score includes all domains):
   --- full sequence ---   --- best 1 domain ---    -#dom-
    E-value  score  bias    E-value  score  bias    exp  N  Sequence           Description
    ------- ------ -----    ------- ------ -----   ---- --  --------           -----------
    1.4e-76  256.2   0.0    1.8e-76  255.8   0.0    1.1  1  NZ_CP104002.1_1222  # 1269914 # 1271215 # -1 # ID=1_1222;partial=00;start_type=ATG;rbs_motif=GGA/GAG/AGG;rbs_spacer=5-10bp;gc_cont=0.659


Domain annotation for each sequence:
>> NZ_CP104002.1_1222  # 1269914 # 1271215 # -1 # ID=1_1222;partial=00;start_type=ATG;rbs_motif=GGA/GAG/AGG;rbs_spacer=5-10bp;gc_cont=0.659
   #    score  bias  c-Evalue  i-Evalue hmmfrom  hmm to    alifrom  ali to    envfrom  env to     acc
 ---   ------ ----- --------- --------- ------- -------    ------- -------    ------- -------    ----
   1 !  255.8   0.0   4.4e-80   1.8e-76       2     440 ..       7     425 ..       6     426 .. 0.87



Internal pipeline statistics summary:
-------------------------------------
Query model(s):                            1  (441 nodes)
Target sequences:                       4140  (1258218 residues searched)
Passed MSV filter:                       187  (0.0451691); expected 82.8 (0.02)
Passed bias filter:                      162  (0.0391304); expected 82.8 (0.02)
Passed Vit filter:                        36  (0.00869565); expected 4.1 (0.001)
Passed Fwd filter:                         5  (0.00120773); expected 0.0 (1e-05)
Initial search space (Z):               4140  [actual number of targets]
Domain search space  (domZ):               1  [number of targets reported over threshold]
# CPU time: 0.08u 0.00s 00:00:00.08 Elapsed: 00:00:00.08
# Mc/sec: 6282.70
//
Query:       TIGR01128  [M=314]
Accession:   TIGR01128
Description: holA: DNA polymerase III, delta subunit
Scores for complete sequences (score includes all domains):
   --- full sequence ---   --- best 1 domain ---    -#dom-
    E-value  score  bias    E-value  score  bias    exp  N  Sequence          Description
    ------- ------ -----    ------- ------ -----   ---- --  --------          -----------
    5.3e-34  115.8   0.0    6.6e-34  115.5   0.0    1.0  1  NZ_CP104002.1_216  # 211956 # 212978 # -1 # ID=1_216;partial=00;start_type=ATG;rbs_motif=None;rbs_spacer=None;gc_cont=0.631


Domain annotation for each sequence:
>> NZ_CP104002.1_216  # 211956 # 212978 # -1 # ID=1_216;partial=00;start_type=ATG;rbs_motif=None;rbs_spacer=None;gc_cont=0.631
   #    score  bias  c-Evalue  i-Evalue hmmfrom  hmm to    alifrom  ali to    envfrom  env to     acc
 ---   ------ ----- --------- --------- ------- -------    ------- -------    ------- -------    ----
   1 !  115.5   0.0   1.6e-37   6.6e-34       4     314 .]      22     334 ..      20     334 .. 0.96



Internal pipeline statistics summary:
-------------------------------------
Query model(s):                            1  (314 nodes)
Target sequences:                       4140  (1258218 residues searched)
Passed MSV filter:                       112  (0.0270531); expected 82.8 (0.02)
Passed bias filter:                       93  (0.0224638); expected 82.8 (0.02)
Passed Vit filter:                        14  (0.00338164); expected 4.1 (0.001)
Passed Fwd filter:                         3  (0.000724638); expected 0.0 (1e-05)
Initial search space (Z):               4140  [actual number of targets]
Domain search space  (domZ):               1  [number of targets reported over threshold]
# CPU time: 0.04u 0.00s 00:00:00.04 Elapsed: 00:00:00.04
# Mc/sec: 9346.33
//
Query:       TIGR01146  [M=286]
Accession:   TIGR01146
Description: ATPsyn_F1gamma: ATP synthase F1, gamma subunit
Scores for complete sequences (score includes all domains):
   --- full sequence ---   --- best 1 domain ---    -#dom-
    E-value  score  bias    E-value  score  bias    exp  N  Sequence          Description
    ------- ------ -----    ------- ------ -----   ---- --  --------          -----------
    7.8e-95  315.8   3.6    8.7e-95  315.6   3.6    1.0  1  NZ_CP104002.1_319  # 309807 # 310694 # 1 # ID=1_319;partial=00;start_type=ATG;rbs_motif=AGGAG/GGAGG;rbs_spacer=11-12bp;gc_cont=0.599


Domain annotation for each sequence:
>> NZ_CP104002.1_319  # 309807 # 310694 # 1 # ID=1_319;partial=00;start_type=ATG;rbs_motif=AGGAG/GGAGG;rbs_spacer=11-12bp;gc_cont=0.599
   #    score  bias  c-Evalue  i-Evalue hmmfrom  hmm to    alifrom  ali to    envfrom  env to     acc
 ---   ------ ----- --------- --------- ------- -------    ------- -------    ------- -------    ----
   1 !  315.6   3.6   2.1e-98   8.7e-95       1     286 []       1     295 [.       1     295 [. 0.94



Internal pipeline statistics summary:
-------------------------------------
Query model(s):                            1  (286 nodes)
Target sequences:                       4140  (1258218 residues searched)
Passed MSV filter:                        91  (0.0219807); expected 82.8 (0.02)
Passed bias filter:                       70  (0.0169082); expected 82.8 (0.02)
Passed Vit filter:                         5  (0.00120773); expected 4.1 (0.001)
Passed Fwd filter:                         1  (0.000241546); expected 0.0 (1e-05)
Initial search space (Z):               4140  [actual number of targets]
Domain search space  (domZ):               1  [number of targets reported over threshold]
# CPU time: 0.03u 0.00s 00:00:00.03 Elapsed: 00:00:00.03
# Mc/sec: 10929.33
//
Query:       TIGR01164  [M=126]
Accession:   TIGR01164
Description: rplP_bact: ribosomal protein uL16
Scores for complete sequences (score includes all domains):
   --- full sequence ---   --- best 1 domain ---    -#dom-
    E-value  score  bias    E-value  score  bias    exp  N  Sequence           Description
    ------- ------ -----    ------- ------ -----   ---- --  --------           -----------
      8e-59  195.1   1.8    9.1e-59  194.9   1.8    1.0  1  NZ_CP104002.1_2683  # 2736550 # 2736963 # -1 # ID=1_2683;partial=00;start_type=ATG;rbs_motif=AGxAGG/AGGxGG;rbs_spacer=5-10bp;gc_cont=0.601


Domain annotation for each sequence:
>> NZ_CP104002.1_2683  # 2736550 # 2736963 # -1 # ID=1_2683;partial=00;start_type=ATG;rbs_motif=AGxAGG/AGGxGG;rbs_spacer=5-10bp;gc_cont=0.601
   #    score  bias  c-Evalue  i-Evalue hmmfrom  hmm to    alifrom  ali to    envfrom  env to     acc
 ---   ------ ----- --------- --------- ------- -------    ------- -------    ------- -------    ----
   1 !  194.9   1.8   2.2e-62   9.1e-59       1     126 []       2     127 ..       2     127 .. 0.99



Internal pipeline statistics summary:
-------------------------------------
Query model(s):                            1  (126 nodes)
Target sequences:                       4140  (1258218 residues searched)
Passed MSV filter:                        75  (0.0181159); expected 82.8 (0.02)
Passed bias filter:                       67  (0.0161836); expected 82.8 (0.02)
Passed Vit filter:                         5  (0.00120773); expected 4.1 (0.001)
Passed Fwd filter:                         1  (0.000241546); expected 0.0 (1e-05)
Initial search space (Z):               4140  [actual number of targets]
Domain search space  (domZ):               1  [number of targets reported over threshold]
# CPU time: 0.02u 0.00s 00:00:00.02 Elapsed: 00:00:00.02
# Mc/sec: 5474.69
//
Query:       TIGR01169  [M=227]
Accession:   TIGR01169
Description: rplA_bact: ribosomal protein uL1
Scores for complete sequences (score includes all domains):
   --- full sequence ---   --- best 1 domain ---    -#dom-
    E-value  score  bias    E-value  score  bias    exp  N  Sequence           Description
    ------- ------ -----    ------- ------ -----   ---- --  --------           -----------
   2.1e-101  335.9   4.5   2.3e-101  335.8   4.5    1.0  1  NZ_CP104002.1_2704  # 2760276 # 2760968 # -1 # ID=1_2704;partial=00;start_type=ATG;rbs_motif=GGAG/GAGG;rbs_spacer=5-10bp;gc_cont=0.605


Domain annotation for each sequence:
>> NZ_CP104002.1_2704  # 2760276 # 2760968 # -1 # ID=1_2704;partial=00;start_type=ATG;rbs_motif=GGAG/GAGG;rbs_spacer=5-10bp;gc_cont=0.605
   #    score  bias  c-Evalue  i-Evalue hmmfrom  hmm to    alifrom  ali to    envfrom  env to     acc
 ---   ------ ----- --------- --------- ------- -------    ------- -------    ------- -------    ----
   1 !  335.8   4.5  5.7e-105  2.3e-101       1     224 [.       3     226 ..       3     229 .. 0.99



Internal pipeline statistics summary:
-------------------------------------
Query model(s):                            1  (227 nodes)
Target sequences:                       4140  (1258218 residues searched)
Passed MSV filter:                       118  (0.0285024); expected 82.8 (0.02)
Passed bias filter:                      102  (0.0246377); expected 82.8 (0.02)
Passed Vit filter:                        11  (0.002657); expected 4.1 (0.001)
Passed Fwd filter:                         1  (0.000241546); expected 0.0 (1e-05)
Initial search space (Z):               4140  [actual number of targets]
Domain search space  (domZ):               1  [number of targets reported over threshold]
# CPU time: 0.03u 0.00s 00:00:00.03 Elapsed: 00:00:00.03
# Mc/sec: 7751.08
//
Query:       TIGR01171  [M=275]
Accession:   TIGR01171
Description: rplB_bact: ribosomal protein uL2
Scores for complete sequences (score includes all domains):
   --- full sequence ---   --- best 1 domain ---    -#dom-
    E-value  score  bias    E-value  score  bias    exp  N  Sequence           Description
    ------- ------ -----    ------- ------ -----   ---- --  --------           -----------
   5.1e-120  397.8   5.3     6e-120  397.6   5.3    1.0  1  NZ_CP104002.1_2687  # 2738380 # 2739219 # -1 # ID=1_2687;partial=00;start_type=ATG;rbs_motif=GGA/GAG/AGG;rbs_spacer=5-10bp;gc_cont=0.612


Domain annotation for each sequence:
>> NZ_CP104002.1_2687  # 2738380 # 2739219 # -1 # ID=1_2687;partial=00;start_type=ATG;rbs_motif=GGA/GAG/AGG;rbs_spacer=5-10bp;gc_cont=0.612
   #    score  bias  c-Evalue  i-Evalue hmmfrom  hmm to    alifrom  ali to    envfrom  env to     acc
 ---   ------ ----- --------- --------- ------- -------    ------- -------    ------- -------    ----
   1 !  397.6   5.3  1.4e-123    6e-120       1     274 [.       3     274 ..       3     275 .. 0.98



Internal pipeline statistics summary:
-------------------------------------
Query model(s):                            1  (275 nodes)
Target sequences:                       4140  (1258218 residues searched)
Passed MSV filter:                        66  (0.015942); expected 82.8 (0.02)
Passed bias filter:                       62  (0.0149758); expected 82.8 (0.02)
Passed Vit filter:                         6  (0.00144928); expected 4.1 (0.001)
Passed Fwd filter:                         1  (0.000241546); expected 0.0 (1e-05)
Initial search space (Z):               4140  [actual number of targets]
Domain search space  (domZ):               1  [number of targets reported over threshold]
# CPU time: 0.02u 0.00s 00:00:00.02 Elapsed: 00:00:00.02
# Mc/sec: 13257.00
//
Query:       TIGR01213  [M=387]
Accession:   TIGR01213
Description: pseudo_Pus10arc: tRNA pseudouridine(54/55) synthase
Scores for complete sequences (score includes all domains):
   --- full sequence ---   --- best 1 domain ---    -#dom-
    E-value  score  bias    E-value  score  bias    exp  N  Sequence Description
    ------- ------ -----    ------- ------ -----   ---- --  -------- -----------

   [No hits detected that satisfy reporting thresholds]


Domain annotation for each sequence:

   [No targets detected that satisfy reporting thresholds]


Internal pipeline statistics summary:
-------------------------------------
Query model(s):                            1  (387 nodes)
Target sequences:                       4140  (1258218 residues searched)
Passed MSV filter:                        91  (0.0219807); expected 82.8 (0.02)
Passed bias filter:                       77  (0.018599); expected 82.8 (0.02)
Passed Vit filter:                         6  (0.00144928); expected 4.1 (0.001)
Passed Fwd filter:                         0  (0); expected 0.0 (1e-05)
Initial search space (Z):               4140  [actual number of targets]
Domain search space  (domZ):               0  [number of targets reported over threshold]
# CPU time: 0.04u 0.00s 00:00:00.04 Elapsed: 00:00:00.03
# Mc/sec: 12323.85
//
Query:       TIGR01302  [M=450]
Accession:   TIGR01302
Description: IMP_dehydrog: inosine-5'-monophosphate dehydrogenase
Scores for complete sequences (score includes all domains):
   --- full sequence ---   --- best 1 domain ---    -#dom-
    E-value  score  bias    E-value  score  bias    exp  N  Sequence           Description
    ------- ------ -----    ------- ------ -----   ---- --  --------           -----------
     2e-191  634.6  11.0   2.3e-191  634.4  11.0    1.0  1  NZ_CP104002.1_3039  # 3094663 # 3096165 # -1 # ID=1_3039;partial=00;start_type=TTG;rbs_motif=GGA/GAG/AGG;rbs_spacer=5-10bp;gc_cont=0.625


Domain annotation for each sequence:
>> NZ_CP104002.1_3039  # 3094663 # 3096165 # -1 # ID=1_3039;partial=00;start_type=TTG;rbs_motif=GGA/GAG/AGG;rbs_spacer=5-10bp;gc_cont=0.625
   #    score  bias  c-Evalue  i-Evalue hmmfrom  hmm to    alifrom  ali to    envfrom  env to     acc
 ---   ------ ----- --------- --------- ------- -------    ------- -------    ------- -------    ----
   1 !  634.4  11.0  5.5e-195  2.3e-191       1     450 []      13     467 ..      13     467 .. 0.99



Internal pipeline statistics summary:
-------------------------------------
Query model(s):                            1  (450 nodes)
Target sequences:                       4140  (1258218 residues searched)
Passed MSV filter:                       180  (0.0434783); expected 82.8 (0.02)
Passed bias filter:                      130  (0.031401); expected 82.8 (0.02)
Passed Vit filter:                        28  (0.00676329); expected 4.1 (0.001)
Passed Fwd filter:                        14  (0.00338164); expected 0.0 (1e-05)
Initial search space (Z):               4140  [actual number of targets]
Domain search space  (domZ):               1  [number of targets reported over threshold]
# CPU time: 0.09u 0.00s 00:00:00.09 Elapsed: 00:00:00.10
# Mc/sec: 5642.20
//
Query:       TIGR01391  [M=414]
Accession:   TIGR01391
Description: dnaG: DNA primase
Scores for complete sequences (score includes all domains):
   --- full sequence ---   --- best 1 domain ---    -#dom-
    E-value  score  bias    E-value  score  bias    exp  N  Sequence           Description
    ------- ------ -----    ------- ------ -----   ---- --  --------           -----------
     3e-122  406.3   0.0   3.8e-122  405.9   0.0    1.1  1  NZ_CP104002.1_1358  # 1399207 # 1401138 # 1 # ID=1_1358;partial=00;start_type=ATG;rbs_motif=None;rbs_spacer=None;gc_cont=0.633


Domain annotation for each sequence:
>> NZ_CP104002.1_1358  # 1399207 # 1401138 # 1 # ID=1_1358;partial=00;start_type=ATG;rbs_motif=None;rbs_spacer=None;gc_cont=0.633
   #    score  bias  c-Evalue  i-Evalue hmmfrom  hmm to    alifrom  ali to    envfrom  env to     acc
 ---   ------ ----- --------- --------- ------- -------    ------- -------    ------- -------    ----
   1 !  405.9   0.0  9.2e-126  3.8e-122       2     413 ..       3     421 ..       2     422 .. 0.96



Internal pipeline statistics summary:
-------------------------------------
Query model(s):                            1  (414 nodes)
Target sequences:                       4140  (1258218 residues searched)
Passed MSV filter:                        88  (0.021256); expected 82.8 (0.02)
Passed bias filter:                       82  (0.0198068); expected 82.8 (0.02)
Passed Vit filter:                         5  (0.00120773); expected 4.1 (0.001)
Passed Fwd filter:                         1  (0.000241546); expected 0.0 (1e-05)
Initial search space (Z):               4140  [actual number of targets]
Domain search space  (domZ):               1  [number of targets reported over threshold]
# CPU time: 0.04u 0.00s 00:00:00.04 Elapsed: 00:00:00.03
# Mc/sec: 16658.37
//
Query:       TIGR01393  [M=595]
Accession:   TIGR01393
Description: lepA: elongation factor 4
Scores for complete sequences (score includes all domains):
   --- full sequence ---   --- best 1 domain ---    -#dom-
    E-value  score  bias    E-value  score  bias    exp  N  Sequence           Description
    ------- ------ -----    ------- ------ -----   ---- --  --------           -----------
     1e-289  959.8   0.1   1.2e-289  959.6   0.1    1.0  1  NZ_CP104002.1_4101  # 4194609 # 4196414 # 1 # ID=1_4101;partial=00;start_type=ATG;rbs_motif=None;rbs_spacer=None;gc_cont=0.614


Domain annotation for each sequence:
>> NZ_CP104002.1_4101  # 4194609 # 4196414 # 1 # ID=1_4101;partial=00;start_type=ATG;rbs_motif=None;rbs_spacer=None;gc_cont=0.614
   #    score  bias  c-Evalue  i-Evalue hmmfrom  hmm to    alifrom  ali to    envfrom  env to     acc
 ---   ------ ----- --------- --------- ------- -------    ------- -------    ------- -------    ----
   1 !  959.6   0.1  2.8e-293  1.2e-289       2     594 ..       7     598 ..       6     599 .. 1.00



Internal pipeline statistics summary:
-------------------------------------
Query model(s):                            1  (595 nodes)
Target sequences:                       4140  (1258218 residues searched)
Passed MSV filter:                        67  (0.0161836); expected 82.8 (0.02)
Passed bias filter:                       65  (0.0157005); expected 82.8 (0.02)
Passed Vit filter:                        14  (0.00338164); expected 4.1 (0.001)
Passed Fwd filter:                         9  (0.00217391); expected 0.0 (1e-05)
Initial search space (Z):               4140  [actual number of targets]
Domain search space  (domZ):               1  [number of targets reported over threshold]
# CPU time: 0.11u 0.00s 00:00:00.11 Elapsed: 00:00:00.11
# Mc/sec: 6708.36
//
Query:       TIGR01394  [M=594]
Accession:   TIGR01394
Description: TypA_BipA: GTP-binding protein TypA/BipA
Scores for complete sequences (score includes all domains):
   --- full sequence ---   --- best 1 domain ---    -#dom-
    E-value  score  bias    E-value  score  bias    exp  N  Sequence          Description
    ------- ------ -----    ------- ------ -----   ---- --  --------          -----------
   2.5e-273  905.5   0.4   2.9e-273  905.4   0.4    1.0  1  NZ_CP104002.1_249  # 244105 # 245919 # 1 # ID=1_249;partial=00;start_type=ATG;rbs_motif=None;rbs_spacer=None;gc_cont=0.626


Domain annotation for each sequence:
>> NZ_CP104002.1_249  # 244105 # 245919 # 1 # ID=1_249;partial=00;start_type=ATG;rbs_motif=None;rbs_spacer=None;gc_cont=0.626
   #    score  bias  c-Evalue  i-Evalue hmmfrom  hmm to    alifrom  ali to    envfrom  env to     acc
 ---   ------ ----- --------- --------- ------- -------    ------- -------    ------- -------    ----
   1 !  905.4   0.4    7e-277  2.9e-273       1     594 []       3     596 ..       3     596 .. 0.99



Internal pipeline statistics summary:
-------------------------------------
Query model(s):                            1  (594 nodes)
Target sequences:                       4140  (1258218 residues searched)
Passed MSV filter:                        88  (0.021256); expected 82.8 (0.02)
Passed bias filter:                       72  (0.0173913); expected 82.8 (0.02)
Passed Vit filter:                        15  (0.00362319); expected 4.1 (0.001)
Passed Fwd filter:                         7  (0.00169082); expected 0.0 (1e-05)
Initial search space (Z):               4140  [actual number of targets]
Domain search space  (domZ):               1  [number of targets reported over threshold]
# CPU time: 0.09u 0.00s 00:00:00.09 Elapsed: 00:00:00.09
# Mc/sec: 8241.46
//
Query:       TIGR01510  [M=155]
Accession:   TIGR01510
Description: coaD_prev_kdtB: pantetheine-phosphate adenylyltransferase
Scores for complete sequences (score includes all domains):
   --- full sequence ---   --- best 1 domain ---    -#dom-
    E-value  score  bias    E-value  score  bias    exp  N  Sequence           Description
    ------- ------ -----    ------- ------ -----   ---- --  --------           -----------
    1.7e-51  172.1   0.0    1.9e-51  172.0   0.0    1.0  1  NZ_CP104002.1_2075  # 2115399 # 2115893 # 1 # ID=1_2075;partial=00;start_type=ATG;rbs_motif=AGxAGG/AGGxGG;rbs_spacer=3-4bp;gc_cont=0.596


Domain annotation for each sequence:
>> NZ_CP104002.1_2075  # 2115399 # 2115893 # 1 # ID=1_2075;partial=00;start_type=ATG;rbs_motif=AGxAGG/AGGxGG;rbs_spacer=3-4bp;gc_cont=0.596
   #    score  bias  c-Evalue  i-Evalue hmmfrom  hmm to    alifrom  ali to    envfrom  env to     acc
 ---   ------ ----- --------- --------- ------- -------    ------- -------    ------- -------    ----
   1 !  172.0   0.0   4.7e-55   1.9e-51       2     152 ..       6     162 ..       5     164 .. 0.95



Internal pipeline statistics summary:
-------------------------------------
Query model(s):                            1  (155 nodes)
Target sequences:                       4140  (1258218 residues searched)
Passed MSV filter:                        74  (0.0178744); expected 82.8 (0.02)
Passed bias filter:                       71  (0.0171498); expected 82.8 (0.02)
Passed Vit filter:                        10  (0.00241546); expected 4.1 (0.001)
Passed Fwd filter:                         2  (0.000483092); expected 0.0 (1e-05)
Initial search space (Z):               4140  [actual number of targets]
Domain search space  (domZ):               1  [number of targets reported over threshold]
# CPU time: 0.03u 0.00s 00:00:00.03 Elapsed: 00:00:00.03
# Mc/sec: 6285.13
//
Query:       TIGR01632  [M=140]
Accession:   TIGR01632
Description: L11_bact: ribosomal protein uL11
Scores for complete sequences (score includes all domains):
   --- full sequence ---   --- best 1 domain ---    -#dom-
    E-value  score  bias    E-value  score  bias    exp  N  Sequence           Description
    ------- ------ -----    ------- ------ -----   ---- --  --------           -----------
    6.6e-64  211.9   1.2    7.4e-64  211.8   1.2    1.0  1  NZ_CP104002.1_2705  # 2760974 # 2761402 # -1 # ID=1_2705;partial=00;start_type=ATG;rbs_motif=GGAG/GAGG;rbs_spacer=5-10bp;gc_cont=0.594


Domain annotation for each sequence:
>> NZ_CP104002.1_2705  # 2760974 # 2761402 # -1 # ID=1_2705;partial=00;start_type=ATG;rbs_motif=GGAG/GAGG;rbs_spacer=5-10bp;gc_cont=0.594
   #    score  bias  c-Evalue  i-Evalue hmmfrom  hmm to    alifrom  ali to    envfrom  env to     acc
 ---   ------ ----- --------- --------- ------- -------    ------- -------    ------- -------    ----
   1 !  211.8   1.2   1.8e-67   7.4e-64       1     139 [.       3     141 ..       3     142 .. 0.99



Internal pipeline statistics summary:
-------------------------------------
Query model(s):                            1  (140 nodes)
Target sequences:                       4140  (1258218 residues searched)
Passed MSV filter:                        84  (0.0202899); expected 82.8 (0.02)
Passed bias filter:                       73  (0.0176329); expected 82.8 (0.02)
Passed Vit filter:                         1  (0.000241546); expected 4.1 (0.001)
Passed Fwd filter:                         1  (0.000241546); expected 0.0 (1e-05)
Initial search space (Z):               4140  [actual number of targets]
Domain search space  (domZ):               1  [number of targets reported over threshold]
# CPU time: 0.01u 0.00s 00:00:00.01 Elapsed: 00:00:00.02
# Mc/sec: 7331.16
//
Query:       TIGR01951  [M=131]
Accession:   TIGR01951
Description: nusB: transcription antitermination factor NusB
Scores for complete sequences (score includes all domains):
   --- full sequence ---   --- best 1 domain ---    -#dom-
    E-value  score  bias    E-value  score  bias    exp  N  Sequence           Description
    ------- ------ -----    ------- ------ -----   ---- --  --------           -----------
    1.5e-37  126.7   0.0    1.7e-37  126.5   0.0    1.0  1  NZ_CP104002.1_2656  # 2719107 # 2719589 # -1 # ID=1_2656;partial=00;start_type=ATG;rbs_motif=None;rbs_spacer=None;gc_cont=0.650


Domain annotation for each sequence:
>> NZ_CP104002.1_2656  # 2719107 # 2719589 # -1 # ID=1_2656;partial=00;start_type=ATG;rbs_motif=None;rbs_spacer=None;gc_cont=0.650
   #    score  bias  c-Evalue  i-Evalue hmmfrom  hmm to    alifrom  ali to    envfrom  env to     acc
 ---   ------ ----- --------- --------- ------- -------    ------- -------    ------- -------    ----
   1 !  126.5   0.0     4e-41   1.7e-37       2     130 ..      18     155 ..      16     156 .. 0.93



Internal pipeline statistics summary:
-------------------------------------
Query model(s):                            1  (131 nodes)
Target sequences:                       4140  (1258218 residues searched)
Passed MSV filter:                        99  (0.023913); expected 82.8 (0.02)
Passed bias filter:                       84  (0.0202899); expected 82.8 (0.02)
Passed Vit filter:                        10  (0.00241546); expected 4.1 (0.001)
Passed Fwd filter:                         1  (0.000241546); expected 0.0 (1e-05)
Initial search space (Z):               4140  [actual number of targets]
Domain search space  (domZ):               1  [number of targets reported over threshold]
# CPU time: 0.02u 0.00s 00:00:00.02 Elapsed: 00:00:00.01
# Mc/sec: 10901.41
//
Query:       TIGR01952  [M=141]
Accession:   TIGR01952
Description: nusA_arch: NusA family KH domain protein, archaeal
Scores for complete sequences (score includes all domains):
   --- full sequence ---   --- best 1 domain ---    -#dom-
    E-value  score  bias    E-value  score  bias    exp  N  Sequence Description
    ------- ------ -----    ------- ------ -----   ---- --  -------- -----------

   [No hits detected that satisfy reporting thresholds]


Domain annotation for each sequence:

   [No targets detected that satisfy reporting thresholds]


Internal pipeline statistics summary:
-------------------------------------
Query model(s):                            1  (141 nodes)
Target sequences:                       4140  (1258218 residues searched)
Passed MSV filter:                       105  (0.0253623); expected 82.8 (0.02)
Passed bias filter:                       90  (0.0217391); expected 82.8 (0.02)
Passed Vit filter:                        10  (0.00241546); expected 4.1 (0.001)
Passed Fwd filter:                         2  (0.000483092); expected 0.0 (1e-05)
Initial search space (Z):               4140  [actual number of targets]
Domain search space  (domZ):               0  [number of targets reported over threshold]
# CPU time: 0.02u 0.01s 00:00:00.03 Elapsed: 00:00:00.04
# Mc/sec: 4390.09
//
Query:       TIGR01953  [M=340]
Accession:   TIGR01953
Description: NusA: transcription termination factor NusA
Scores for complete sequences (score includes all domains):
   --- full sequence ---   --- best 1 domain ---    -#dom-
    E-value  score  bias    E-value  score  bias    exp  N  Sequence         Description
    ------- ------ -----    ------- ------ -----   ---- --  --------         -----------
   9.8e-132  436.9   2.7   1.3e-131  436.5   2.7    1.2  1  NZ_CP104002.1_65  # 67481 # 69088 # 1 # ID=1_65;partial=00;start_type=ATG;rbs_motif=AGGAG;rbs_spacer=5-10bp;gc_cont=0.626


Domain annotation for each sequence:
>> NZ_CP104002.1_65  # 67481 # 69088 # 1 # ID=1_65;partial=00;start_type=ATG;rbs_motif=AGGAG;rbs_spacer=5-10bp;gc_cont=0.626
   #    score  bias  c-Evalue  i-Evalue hmmfrom  hmm to    alifrom  ali to    envfrom  env to     acc
 ---   ------ ----- --------- --------- ------- -------    ------- -------    ------- -------    ----
   1 !  436.5   2.7  3.2e-135  1.3e-131       1     339 [.       9     346 ..       9     347 .. 0.99



Internal pipeline statistics summary:
-------------------------------------
Query model(s):                            1  (340 nodes)
Target sequences:                       4140  (1258218 residues searched)
Passed MSV filter:                        88  (0.021256); expected 82.8 (0.02)
Passed bias filter:                       69  (0.0166667); expected 82.8 (0.02)
Passed Vit filter:                         7  (0.00169082); expected 4.1 (0.001)
Passed Fwd filter:                         1  (0.000241546); expected 0.0 (1e-05)
Initial search space (Z):               4140  [actual number of targets]
Domain search space  (domZ):               1  [number of targets reported over threshold]
# CPU time: 0.03u 0.00s 00:00:00.03 Elapsed: 00:00:00.03
# Mc/sec: 10884.01
//
Query:       TIGR02012  [M=321]
Accession:   TIGR02012
Description: tigrfam_recA: protein RecA
Scores for complete sequences (score includes all domains):
   --- full sequence ---   --- best 1 domain ---    -#dom-
    E-value  score  bias    E-value  score  bias    exp  N  Sequence           Description
    ------- ------ -----    ------- ------ -----   ---- --  --------           -----------
   1.1e-174  578.0   0.6   1.3e-174  577.9   0.6    1.0  1  NZ_CP104002.1_1719  # 1781831 # 1782910 # 1 # ID=1_1719;partial=00;start_type=ATG;rbs_motif=AGGAG;rbs_spacer=5-10bp;gc_cont=0.608


Domain annotation for each sequence:
>> NZ_CP104002.1_1719  # 1781831 # 1782910 # 1 # ID=1_1719;partial=00;start_type=ATG;rbs_motif=AGGAG;rbs_spacer=5-10bp;gc_cont=0.608
   #    score  bias  c-Evalue  i-Evalue hmmfrom  hmm to    alifrom  ali to    envfrom  env to     acc
 ---   ------ ----- --------- --------- ------- -------    ------- -------    ------- -------    ----
   1 !  577.9   0.6  3.1e-178  1.3e-174       1     321 []      15     335 ..      15     335 .. 1.00



Internal pipeline statistics summary:
-------------------------------------
Query model(s):                            1  (321 nodes)
Target sequences:                       4140  (1258218 residues searched)
Passed MSV filter:                       199  (0.0480676); expected 82.8 (0.02)
Passed bias filter:                      154  (0.0371981); expected 82.8 (0.02)
Passed Vit filter:                        30  (0.00724638); expected 4.1 (0.001)
Passed Fwd filter:                         3  (0.000724638); expected 0.0 (1e-05)
Initial search space (Z):               4140  [actual number of targets]
Domain search space  (domZ):               1  [number of targets reported over threshold]
# CPU time: 0.04u 0.00s 00:00:00.04 Elapsed: 00:00:00.05
# Mc/sec: 7280.54
//
Query:       TIGR02013  [M=1238]
Accession:   TIGR02013
Description: rpoB: DNA-directed RNA polymerase, beta subunit
Scores for complete sequences (score includes all domains):
   --- full sequence ---   --- best 1 domain ---    -#dom-
    E-value  score  bias    E-value  score  bias    exp  N  Sequence           Description
    ------- ------ -----    ------- ------ -----   ---- --  --------           -----------
          0 1945.7   2.7          0 1945.5   2.7    1.0  1  NZ_CP104002.1_2701  # 2754553 # 2758692 # -1 # ID=1_2701;partial=00;start_type=ATG;rbs_motif=AGGAG;rbs_spacer=5-10bp;gc_cont=0.604


Domain annotation for each sequence:
>> NZ_CP104002.1_2701  # 2754553 # 2758692 # -1 # ID=1_2701;partial=00;start_type=ATG;rbs_motif=AGGAG;rbs_spacer=5-10bp;gc_cont=0.604
   #    score  bias  c-Evalue  i-Evalue hmmfrom  hmm to    alifrom  ali to    envfrom  env to     acc
 ---   ------ ----- --------- --------- ------- -------    ------- -------    ------- -------    ----
   1 ! 1945.5   2.7         0         0       3    1238 .]      10    1356 ..       8    1356 .. 0.97



Internal pipeline statistics summary:
-------------------------------------
Query model(s):                            1  (1238 nodes)
Target sequences:                       4140  (1258218 residues searched)
Passed MSV filter:                       108  (0.026087); expected 82.8 (0.02)
Passed bias filter:                       92  (0.0222222); expected 82.8 (0.02)
Passed Vit filter:                        18  (0.00434783); expected 4.1 (0.001)
Passed Fwd filter:                         1  (0.000241546); expected 0.0 (1e-05)
Initial search space (Z):               4140  [actual number of targets]
Domain search space  (domZ):               1  [number of targets reported over threshold]
# CPU time: 0.15u 0.02s 00:00:00.17 Elapsed: 00:00:00.19
# Mc/sec: 7798.30
//
Query:       TIGR02027  [M=298]
Accession:   TIGR02027
Description: rpoA: DNA-directed RNA polymerase, alpha subunit
Scores for complete sequences (score includes all domains):
   --- full sequence ---   --- best 1 domain ---    -#dom-
    E-value  score  bias    E-value  score  bias    exp  N  Sequence           Description
    ------- ------ -----    ------- ------ -----   ---- --  --------           -----------
   8.6e-116  384.1   0.0   9.9e-116  383.9   0.0    1.0  1  NZ_CP104002.1_2666  # 2727541 # 2728560 # -1 # ID=1_2666;partial=00;start_type=GTG;rbs_motif=AGGA;rbs_spacer=5-10bp;gc_cont=0.589


Domain annotation for each sequence:
>> NZ_CP104002.1_2666  # 2727541 # 2728560 # -1 # ID=1_2666;partial=00;start_type=GTG;rbs_motif=AGGA;rbs_spacer=5-10bp;gc_cont=0.589
   #    score  bias  c-Evalue  i-Evalue hmmfrom  hmm to    alifrom  ali to    envfrom  env to     acc
 ---   ------ ----- --------- --------- ------- -------    ------- -------    ------- -------    ----
   1 !  383.9   0.0  2.4e-119  9.9e-116       2     298 .]      28     319 ..      27     319 .. 0.97



Internal pipeline statistics summary:
-------------------------------------
Query model(s):                            1  (298 nodes)
Target sequences:                       4140  (1258218 residues searched)
Passed MSV filter:                        64  (0.0154589); expected 82.8 (0.02)
Passed bias filter:                       57  (0.0137681); expected 82.8 (0.02)
Passed Vit filter:                         6  (0.00144928); expected 4.1 (0.001)
Passed Fwd filter:                         3  (0.000724638); expected 0.0 (1e-05)
Initial search space (Z):               4140  [actual number of targets]
Domain search space  (domZ):               1  [number of targets reported over threshold]
# CPU time: 0.03u 0.01s 00:00:00.04 Elapsed: 00:00:00.03
# Mc/sec: 10743.32
//
Query:       TIGR02075  [M=233]
Accession:   TIGR02075
Description: pyrH_bact: UMP kinase
Scores for complete sequences (score includes all domains):
   --- full sequence ---   --- best 1 domain ---    -#dom-
    E-value  score  bias    E-value  score  bias    exp  N  Sequence           Description
    ------- ------ -----    ------- ------ -----   ---- --  --------           -----------
    2.1e-88  293.7   0.0    2.4e-88  293.5   0.0    1.0  1  NZ_CP104002.1_2172  # 2218043 # 2218762 # 1 # ID=1_2172;partial=00;start_type=ATG;rbs_motif=GGAG/GAGG;rbs_spacer=5-10bp;gc_cont=0.600


Domain annotation for each sequence:
>> NZ_CP104002.1_2172  # 2218043 # 2218762 # 1 # ID=1_2172;partial=00;start_type=ATG;rbs_motif=GGAG/GAGG;rbs_spacer=5-10bp;gc_cont=0.600
   #    score  bias  c-Evalue  i-Evalue hmmfrom  hmm to    alifrom  ali to    envfrom  env to     acc
 ---   ------ ----- --------- --------- ------- -------    ------- -------    ------- -------    ----
   1 !  293.5   0.0   5.8e-92   2.4e-88       1     232 [.       5     235 ..       5     236 .. 0.99



Internal pipeline statistics summary:
-------------------------------------
Query model(s):                            1  (233 nodes)
Target sequences:                       4140  (1258218 residues searched)
Passed MSV filter:                       104  (0.0251208); expected 82.8 (0.02)
Passed bias filter:                       88  (0.021256); expected 82.8 (0.02)
Passed Vit filter:                         7  (0.00169082); expected 4.1 (0.001)
Passed Fwd filter:                         3  (0.000724638); expected 0.0 (1e-05)
Initial search space (Z):               4140  [actual number of targets]
Domain search space  (domZ):               1  [number of targets reported over threshold]
# CPU time: 0.03u 0.00s 00:00:00.03 Elapsed: 00:00:00.03
# Mc/sec: 7734.48
//
Query:       TIGR02191  [M=219]
Accession:   TIGR02191
Description: RNaseIII: ribonuclease III
Scores for complete sequences (score includes all domains):
   --- full sequence ---   --- best 1 domain ---    -#dom-
    E-value  score  bias    E-value  score  bias    exp  N  Sequence           Description
    ------- ------ -----    ------- ------ -----   ---- --  --------           -----------
    4.1e-73  243.4   0.0    4.7e-73  243.2   0.0    1.0  1  NZ_CP104002.1_2899  # 2948795 # 2949502 # -1 # ID=1_2899;partial=00;start_type=GTG;rbs_motif=None;rbs_spacer=None;gc_cont=0.626


Domain annotation for each sequence:
>> NZ_CP104002.1_2899  # 2948795 # 2949502 # -1 # ID=1_2899;partial=00;start_type=GTG;rbs_motif=None;rbs_spacer=None;gc_cont=0.626
   #    score  bias  c-Evalue  i-Evalue hmmfrom  hmm to    alifrom  ali to    envfrom  env to     acc
 ---   ------ ----- --------- --------- ------- -------    ------- -------    ------- -------    ----
   1 !  243.2   0.0   1.1e-76   4.7e-73       2     216 ..      12     225 ..      11     228 .. 0.96



Internal pipeline statistics summary:
-------------------------------------
Query model(s):                            1  (219 nodes)
Target sequences:                       4140  (1258218 residues searched)
Passed MSV filter:                        71  (0.0171498); expected 82.8 (0.02)
Passed bias filter:                       57  (0.0137681); expected 82.8 (0.02)
Passed Vit filter:                         3  (0.000724638); expected 4.1 (0.001)
Passed Fwd filter:                         1  (0.000241546); expected 0.0 (1e-05)
Initial search space (Z):               4140  [actual number of targets]
Domain search space  (domZ):               1  [number of targets reported over threshold]
# CPU time: 0.02u 0.00s 00:00:00.02 Elapsed: 00:00:00.02
# Mc/sec: 9356.54
//
Query:       TIGR02236  [M=311]
Accession:   TIGR02236
Description: recomb_radA: DNA repair and recombination protein RadA
Scores for complete sequences (score includes all domains):
   --- full sequence ---   --- best 1 domain ---    -#dom-
    E-value  score  bias    E-value  score  bias    exp  N  Sequence Description
    ------- ------ -----    ------- ------ -----   ---- --  -------- -----------

   [No hits detected that satisfy reporting thresholds]


Domain annotation for each sequence:

   [No targets detected that satisfy reporting thresholds]


Internal pipeline statistics summary:
-------------------------------------
Query model(s):                            1  (311 nodes)
Target sequences:                       4140  (1258218 residues searched)
Passed MSV filter:                       174  (0.042029); expected 82.8 (0.02)
Passed bias filter:                      135  (0.0326087); expected 82.8 (0.02)
Passed Vit filter:                        15  (0.00362319); expected 4.1 (0.001)
Passed Fwd filter:                         2  (0.000483092); expected 0.0 (1e-05)
Initial search space (Z):               4140  [actual number of targets]
Domain search space  (domZ):               0  [number of targets reported over threshold]
# CPU time: 0.05u 0.00s 00:00:00.05 Elapsed: 00:00:00.07
# Mc/sec: 5220.10
//
Query:       TIGR02273  [M=166]
Accession:   TIGR02273
Description: 16S_RimM: 16S rRNA processing protein RimM
Scores for complete sequences (score includes all domains):
   --- full sequence ---   --- best 1 domain ---    -#dom-
    E-value  score  bias    E-value  score  bias    exp  N  Sequence          Description
    ------- ------ -----    ------- ------ -----   ---- --  --------          -----------
    1.4e-41  139.5   0.0    1.6e-41  139.4   0.0    1.0  1  NZ_CP104002.1_225  # 221017 # 221553 # -1 # ID=1_225;partial=00;start_type=ATG;rbs_motif=AGGA;rbs_spacer=5-10bp;gc_cont=0.635


Domain annotation for each sequence:
>> NZ_CP104002.1_225  # 221017 # 221553 # -1 # ID=1_225;partial=00;start_type=ATG;rbs_motif=AGGA;rbs_spacer=5-10bp;gc_cont=0.635
   #    score  bias  c-Evalue  i-Evalue hmmfrom  hmm to    alifrom  ali to    envfrom  env to     acc
 ---   ------ ----- --------- --------- ------- -------    ------- -------    ------- -------    ----
   1 !  139.4   0.0   3.7e-45   1.6e-41       2     163 ..       8     167 ..       7     170 .. 0.93



Internal pipeline statistics summary:
-------------------------------------
Query model(s):                            1  (166 nodes)
Target sequences:                       4140  (1258218 residues searched)
Passed MSV filter:                        72  (0.0173913); expected 82.8 (0.02)
Passed bias filter:                       69  (0.0166667); expected 82.8 (0.02)
Passed Vit filter:                         7  (0.00169082); expected 4.1 (0.001)
Passed Fwd filter:                         2  (0.000483092); expected 0.0 (1e-05)
Initial search space (Z):               4140  [actual number of targets]
Domain search space  (domZ):               1  [number of targets reported over threshold]
# CPU time: 0.02u 0.00s 00:00:00.02 Elapsed: 00:00:00.01
# Mc/sec: 15318.26
//
Query:       TIGR02338  [M=110]
Accession:   TIGR02338
Description: gimC_beta: prefoldin, beta subunit
Scores for complete sequences (score includes all domains):
   --- full sequence ---   --- best 1 domain ---    -#dom-
    E-value  score  bias    E-value  score  bias    exp  N  Sequence Description
    ------- ------ -----    ------- ------ -----   ---- --  -------- -----------

   [No hits detected that satisfy reporting thresholds]


Domain annotation for each sequence:

   [No targets detected that satisfy reporting thresholds]


Internal pipeline statistics summary:
-------------------------------------
Query model(s):                            1  (110 nodes)
Target sequences:                       4140  (1258218 residues searched)
Passed MSV filter:                       138  (0.0333333); expected 82.8 (0.02)
Passed bias filter:                      105  (0.0253623); expected 82.8 (0.02)
Passed Vit filter:                         9  (0.00217391); expected 4.1 (0.001)
Passed Fwd filter:                         0  (0); expected 0.0 (1e-05)
Initial search space (Z):               4140  [actual number of targets]
Domain search space  (domZ):               0  [number of targets reported over threshold]
# CPU time: 0.02u 0.00s 00:00:00.02 Elapsed: 00:00:00.03
# Mc/sec: 3639.38
//
Query:       TIGR02350  [M=596]
Accession:   TIGR02350
Description: prok_dnaK: chaperone protein DnaK
Scores for complete sequences (score includes all domains):
   --- full sequence ---   --- best 1 domain ---    -#dom-
    E-value  score  bias    E-value  score  bias    exp  N  Sequence          Description
    ------- ------ -----    ------- ------ -----   ---- --  --------          -----------
   3.3e-303 1004.4  17.2   3.9e-303 1004.1  17.2    1.0  1  NZ_CP104002.1_172  # 174749 # 176653 # -1 # ID=1_172;partial=00;start_type=ATG;rbs_motif=GGAG/GAGG;rbs_spacer=5-10bp;gc_cont=0.610


Domain annotation for each sequence:
>> NZ_CP104002.1_172  # 174749 # 176653 # -1 # ID=1_172;partial=00;start_type=ATG;rbs_motif=GGAG/GAGG;rbs_spacer=5-10bp;gc_cont=0.610
   #    score  bias  c-Evalue  i-Evalue hmmfrom  hmm to    alifrom  ali to    envfrom  env to     acc
 ---   ------ ----- --------- --------- ------- -------    ------- -------    ------- -------    ----
   1 ! 1004.1  17.2  9.3e-307  3.9e-303       1     596 []       3     599 ..       3     599 .. 0.99



Internal pipeline statistics summary:
-------------------------------------
Query model(s):                            1  (596 nodes)
Target sequences:                       4140  (1258218 residues searched)
Passed MSV filter:                       137  (0.0330918); expected 82.8 (0.02)
Passed bias filter:                       95  (0.0229469); expected 82.8 (0.02)
Passed Vit filter:                        15  (0.00362319); expected 4.1 (0.001)
Passed Fwd filter:                         2  (0.000483092); expected 0.0 (1e-05)
Initial search space (Z):               4140  [actual number of targets]
Domain search space  (domZ):               1  [number of targets reported over threshold]
# CPU time: 0.06u 0.00s 00:00:00.06 Elapsed: 00:00:00.06
# Mc/sec: 10936.23
//
Query:       TIGR02386  [M=1147]
Accession:   TIGR02386
Description: rpoC_TIGR: DNA-directed RNA polymerase, beta' subunit
Scores for complete sequences (score includes all domains):
   --- full sequence ---   --- best 1 domain ---    -#dom-
    E-value  score  bias    E-value  score  bias    exp  N  Sequence           Description
    ------- ------ -----    ------- ------ -----   ---- --  --------           -----------
          0 1784.9   0.0          0 1473.8   0.0    2.1  1  NZ_CP104002.1_2700  # 2750295 # 2754473 # -1 # ID=1_2700;partial=00;start_type=ATG;rbs_motif=AGGAG;rbs_spacer=5-10bp;gc_cont=0.603


Domain annotation for each sequence:
>> NZ_CP104002.1_2700  # 2750295 # 2754473 # -1 # ID=1_2700;partial=00;start_type=ATG;rbs_motif=AGGAG;rbs_spacer=5-10bp;gc_cont=0.603
   #    score  bias  c-Evalue  i-Evalue hmmfrom  hmm to    alifrom  ali to    envfrom  env to     acc
 ---   ------ ----- --------- --------- ------- -------    ------- -------    ------- -------    ----
   1 ! 1473.8   0.0         0         0       2    1000 ..      23    1026 ..      22    1040 .. 0.96



Internal pipeline statistics summary:
-------------------------------------
Query model(s):                            1  (1147 nodes)
Target sequences:                       4140  (1258218 residues searched)
Passed MSV filter:                        78  (0.0188406); expected 82.8 (0.02)
Passed bias filter:                       70  (0.0169082); expected 82.8 (0.02)
Passed Vit filter:                         6  (0.00144928); expected 4.1 (0.001)
Passed Fwd filter:                         1  (0.000241546); expected 0.0 (1e-05)
Initial search space (Z):               4140  [actual number of targets]
Domain search space  (domZ):               1  [number of targets reported over threshold]
# CPU time: 0.12u 0.00s 00:00:00.12 Elapsed: 00:00:00.12
# Mc/sec: 11419.68
//
Query:       TIGR02389  [M=367]
Accession:   TIGR02389
Description: RNA_pol_rpoA2: DNA-directed RNA polymerase, subunit A''
Scores for complete sequences (score includes all domains):
   --- full sequence ---   --- best 1 domain ---    -#dom-
    E-value  score  bias    E-value  score  bias    exp  N  Sequence Description
    ------- ------ -----    ------- ------ -----   ---- --  -------- -----------

   [No hits detected that satisfy reporting thresholds]


Domain annotation for each sequence:

   [No targets detected that satisfy reporting thresholds]


Internal pipeline statistics summary:
-------------------------------------
Query model(s):                            1  (367 nodes)
Target sequences:                       4140  (1258218 residues searched)
Passed MSV filter:                       113  (0.0272947); expected 82.8 (0.02)
Passed bias filter:                       94  (0.0227053); expected 82.8 (0.02)
Passed Vit filter:                         7  (0.00169082); expected 4.1 (0.001)
Passed Fwd filter:                         1  (0.000241546); expected 0.0 (1e-05)
Initial search space (Z):               4140  [actual number of targets]
Domain search space  (domZ):               0  [number of targets reported over threshold]
# CPU time: 0.03u 0.01s 00:00:00.04 Elapsed: 00:00:00.03
# Mc/sec: 14016.44
//
Query:       TIGR02390  [M=867]
Accession:   TIGR02390
Description: RNA_pol_rpoA1: DNA-directed RNA polymerase subunit A'
Scores for complete sequences (score includes all domains):
   --- full sequence ---   --- best 1 domain ---    -#dom-
    E-value  score  bias    E-value  score  bias    exp  N  Sequence Description
    ------- ------ -----    ------- ------ -----   ---- --  -------- -----------

   [No hits detected that satisfy reporting thresholds]


Domain annotation for each sequence:

   [No targets detected that satisfy reporting thresholds]


Internal pipeline statistics summary:
-------------------------------------
Query model(s):                            1  (867 nodes)
Target sequences:                       4140  (1258218 residues searched)
Passed MSV filter:                        66  (0.015942); expected 82.8 (0.02)
Passed bias filter:                       58  (0.0140097); expected 82.8 (0.02)
Passed Vit filter:                         7  (0.00169082); expected 4.1 (0.001)
Passed Fwd filter:                         1  (0.000241546); expected 0.0 (1e-05)
Initial search space (Z):               4140  [actual number of targets]
Domain search space  (domZ):               0  [number of targets reported over threshold]
# CPU time: 0.10u 0.00s 00:00:00.10 Elapsed: 00:00:00.09
# Mc/sec: 11430.18
//
Query:       TIGR02397  [M=355]
Accession:   TIGR02397
Description: dnaX_nterm: DNA polymerase III, subunit gamma and tau
Scores for complete sequences (score includes all domains):
   --- full sequence ---   --- best 1 domain ---    -#dom-
    E-value  score  bias    E-value  score  bias    exp  N  Sequence           Description
    ------- ------ -----    ------- ------ -----   ---- --  --------           -----------
   5.9e-121  401.9   0.0   7.2e-121  401.6   0.0    1.1  1  NZ_CP104002.1_3503  # 3569066 # 3570805 # -1 # ID=1_3503;partial=00;start_type=ATG;rbs_motif=GGA/GAG/AGG;rbs_spacer=5-10bp;gc_cont=0.650


Domain annotation for each sequence:
>> NZ_CP104002.1_3503  # 3569066 # 3570805 # -1 # ID=1_3503;partial=00;start_type=ATG;rbs_motif=GGA/GAG/AGG;rbs_spacer=5-10bp;gc_cont=0.650
   #    score  bias  c-Evalue  i-Evalue hmmfrom  hmm to    alifrom  ali to    envfrom  env to     acc
 ---   ------ ----- --------- --------- ------- -------    ------- -------    ------- -------    ----
   1 !  401.6   0.0  1.7e-124  7.2e-121       1     354 [.       9     368 ..       9     369 .. 0.96



Internal pipeline statistics summary:
-------------------------------------
Query model(s):                            1  (355 nodes)
Target sequences:                       4140  (1258218 residues searched)
Passed MSV filter:                       250  (0.0603865); expected 82.8 (0.02)
Passed bias filter:                      235  (0.0567633); expected 82.8 (0.02)
Passed Vit filter:                       103  (0.0248792); expected 4.1 (0.001)
Passed Fwd filter:                         8  (0.00193237); expected 0.0 (1e-05)
Initial search space (Z):               4140  [actual number of targets]
Domain search space  (domZ):               1  [number of targets reported over threshold]
# CPU time: 0.08u 0.00s 00:00:00.08 Elapsed: 00:00:00.07
# Mc/sec: 5835.90
//
Query:       TIGR02432  [M=189]
Accession:   TIGR02432
Description: lysidine_TilS_N: tRNA(Ile)-lysidine synthetase
Scores for complete sequences (score includes all domains):
   --- full sequence ---   --- best 1 domain ---    -#dom-
    E-value  score  bias    E-value  score  bias    exp  N  Sequence          Description
    ------- ------ -----    ------- ------ -----   ---- --  --------          -----------
    1.1e-37  127.7   0.0    1.5e-37  127.3   0.0    1.1  1  NZ_CP104002.1_776  # 780080 # 781354 # 1 # ID=1_776;partial=00;start_type=ATG;rbs_motif=GGA/GAG/AGG;rbs_spacer=5-10bp;gc_cont=0.674


Domain annotation for each sequence:
>> NZ_CP104002.1_776  # 780080 # 781354 # 1 # ID=1_776;partial=00;start_type=ATG;rbs_motif=GGA/GAG/AGG;rbs_spacer=5-10bp;gc_cont=0.674
   #    score  bias  c-Evalue  i-Evalue hmmfrom  hmm to    alifrom  ali to    envfrom  env to     acc
 ---   ------ ----- --------- --------- ------- -------    ------- -------    ------- -------    ----
   1 !  127.3   0.0   3.5e-41   1.5e-37       3     185 ..      29     208 ..      27     211 .. 0.92



Internal pipeline statistics summary:
-------------------------------------
Query model(s):                            1  (189 nodes)
Target sequences:                       4140  (1258218 residues searched)
Passed MSV filter:                        74  (0.0178744); expected 82.8 (0.02)
Passed bias filter:                       72  (0.0173913); expected 82.8 (0.02)
Passed Vit filter:                        15  (0.00362319); expected 4.1 (0.001)
Passed Fwd filter:                         6  (0.00144928); expected 0.0 (1e-05)
Initial search space (Z):               4140  [actual number of targets]
Domain search space  (domZ):               1  [number of targets reported over threshold]
# CPU time: 0.03u 0.00s 00:00:00.03 Elapsed: 00:00:00.05
# Mc/sec: 4458.60
//
Query:       TIGR02729  [M=329]
Accession:   TIGR02729
Description: Obg_CgtA: Obg family GTPase CgtA
Scores for complete sequences (score includes all domains):
   --- full sequence ---   --- best 1 domain ---    -#dom-
    E-value  score  bias    E-value  score  bias    exp  N  Sequence          Description
    ------- ------ -----    ------- ------ -----   ---- --  --------          -----------
   7.5e-134  443.7   2.3   8.6e-134  443.5   2.3    1.0  1  NZ_CP104002.1_332  # 322277 # 323320 # -1 # ID=1_332;partial=00;start_type=ATG;rbs_motif=GGA/GAG/AGG;rbs_spacer=5-10bp;gc_cont=0.606


Domain annotation for each sequence:
>> NZ_CP104002.1_332  # 322277 # 323320 # -1 # ID=1_332;partial=00;start_type=ATG;rbs_motif=GGA/GAG/AGG;rbs_spacer=5-10bp;gc_cont=0.606
   #    score  bias  c-Evalue  i-Evalue hmmfrom  hmm to    alifrom  ali to    envfrom  env to     acc
 ---   ------ ----- --------- --------- ------- -------    ------- -------    ------- -------    ----
   1 !  443.5   2.3  2.1e-137  8.6e-134       1     327 [.       3     325 ..       3     327 .. 0.99



Internal pipeline statistics summary:
-------------------------------------
Query model(s):                            1  (329 nodes)
Target sequences:                       4140  (1258218 residues searched)
Passed MSV filter:                       247  (0.0596618); expected 82.8 (0.02)
Passed bias filter:                      211  (0.0509662); expected 82.8 (0.02)
Passed Vit filter:                        65  (0.0157005); expected 4.1 (0.001)
Passed Fwd filter:                         8  (0.00193237); expected 0.0 (1e-05)
Initial search space (Z):               4140  [actual number of targets]
Domain search space  (domZ):               1  [number of targets reported over threshold]
# CPU time: 0.08u 0.01s 00:00:00.09 Elapsed: 00:00:00.09
# Mc/sec: 4514.37
//
Query:       TIGR03263  [M=180]
Accession:   TIGR03263
Description: guanyl_kin: guanylate kinase
Scores for complete sequences (score includes all domains):
   --- full sequence ---   --- best 1 domain ---    -#dom-
    E-value  score  bias    E-value  score  bias    exp  N  Sequence           Description
    ------- ------ -----    ------- ------ -----   ---- --  --------           -----------
    7.4e-66  219.0   0.0    8.7e-66  218.8   0.0    1.0  1  NZ_CP104002.1_3012  # 3068037 # 3068687 # -1 # ID=1_3012;partial=00;start_type=ATG;rbs_motif=GGA/GAG/AGG;rbs_spacer=5-10bp;gc_cont=0.621


Domain annotation for each sequence:
>> NZ_CP104002.1_3012  # 3068037 # 3068687 # -1 # ID=1_3012;partial=00;start_type=ATG;rbs_motif=GGA/GAG/AGG;rbs_spacer=5-10bp;gc_cont=0.621
   #    score  bias  c-Evalue  i-Evalue hmmfrom  hmm to    alifrom  ali to    envfrom  env to     acc
 ---   ------ ----- --------- --------- ------- -------    ------- -------    ------- -------    ----
   1 !  218.8   0.0   2.1e-69   8.7e-66       2     179 ..       8     186 ..       7     187 .. 0.98



Internal pipeline statistics summary:
-------------------------------------
Query model(s):                            1  (180 nodes)
Target sequences:                       4140  (1258218 residues searched)
Passed MSV filter:                       289  (0.0698068); expected 82.8 (0.02)
Passed bias filter:                      274  (0.0661836); expected 82.8 (0.02)
Passed Vit filter:                       142  (0.0342995); expected 4.1 (0.001)
Passed Fwd filter:                        30  (0.00724638); expected 0.0 (1e-05)
Initial search space (Z):               4140  [actual number of targets]
Domain search space  (domZ):               1  [number of targets reported over threshold]
# CPU time: 0.06u 0.00s 00:00:00.06 Elapsed: 00:00:00.08
# Mc/sec: 2669.10
//
Query:       TIGR03594  [M=432]
Accession:   TIGR03594
Description: GTPase_EngA: ribosome-associated GTPase EngA
Scores for complete sequences (score includes all domains):
   --- full sequence ---   --- best 1 domain ---    -#dom-
    E-value  score  bias    E-value  score  bias    exp  N  Sequence           Description
    ------- ------ -----    ------- ------ -----   ---- --  --------           -----------
     1e-162  539.9   0.0   1.2e-162  539.7   0.0    1.0  1  NZ_CP104002.1_3032  # 3087725 # 3089179 # -1 # ID=1_3032;partial=00;start_type=ATG;rbs_motif=AGGAG;rbs_spacer=5-10bp;gc_cont=0.630


Domain annotation for each sequence:
>> NZ_CP104002.1_3032  # 3087725 # 3089179 # -1 # ID=1_3032;partial=00;start_type=ATG;rbs_motif=AGGAG;rbs_spacer=5-10bp;gc_cont=0.630
   #    score  bias  c-Evalue  i-Evalue hmmfrom  hmm to    alifrom  ali to    envfrom  env to     acc
 ---   ------ ----- --------- --------- ------- -------    ------- -------    ------- -------    ----
   1 !  539.7   0.0  2.9e-166  1.2e-162       2     432 .]       4     470 ..       3     470 .. 0.96



Internal pipeline statistics summary:
-------------------------------------
Query model(s):                            1  (432 nodes)
Target sequences:                       4140  (1258218 residues searched)
Passed MSV filter:                       236  (0.0570048); expected 82.8 (0.02)
Passed bias filter:                      217  (0.0524155); expected 82.8 (0.02)
Passed Vit filter:                        82  (0.0198068); expected 4.1 (0.001)
Passed Fwd filter:                        21  (0.00507246); expected 0.0 (1e-05)
Initial search space (Z):               4140  [actual number of targets]
Domain search space  (domZ):               1  [number of targets reported over threshold]
# CPU time: 0.14u 0.00s 00:00:00.14 Elapsed: 00:00:00.14
# Mc/sec: 3722.79
//
Query:       TIGR03625  [M=202]
Accession:   TIGR03625
Description: L3_bact: 50S ribosomal protein uL3
Scores for complete sequences (score includes all domains):
   --- full sequence ---   --- best 1 domain ---    -#dom-
    E-value  score  bias    E-value  score  bias    exp  N  Sequence           Description
    ------- ------ -----    ------- ------ -----   ---- --  --------           -----------
      6e-85  282.0   7.0    6.8e-85  281.8   7.0    1.0  1  NZ_CP104002.1_2690  # 2740149 # 2740844 # -1 # ID=1_2690;partial=00;start_type=ATG;rbs_motif=AGxAGG/AGGxGG;rbs_spacer=5-10bp;gc_cont=0.609


Domain annotation for each sequence:
>> NZ_CP104002.1_2690  # 2740149 # 2740844 # -1 # ID=1_2690;partial=00;start_type=ATG;rbs_motif=AGxAGG/AGGxGG;rbs_spacer=5-10bp;gc_cont=0.609
   #    score  bias  c-Evalue  i-Evalue hmmfrom  hmm to    alifrom  ali to    envfrom  env to     acc
 ---   ------ ----- --------- --------- ------- -------    ------- -------    ------- -------    ----
   1 !  281.8   7.0   1.6e-88   6.8e-85       1     202 []       4     205 ..       4     205 .. 0.99



Internal pipeline statistics summary:
-------------------------------------
Query model(s):                            1  (202 nodes)
Target sequences:                       4140  (1258218 residues searched)
Passed MSV filter:                        64  (0.0154589); expected 82.8 (0.02)
Passed bias filter:                       52  (0.0125604); expected 82.8 (0.02)
Passed Vit filter:                         4  (0.000966184); expected 4.1 (0.001)
Passed Fwd filter:                         1  (0.000241546); expected 0.0 (1e-05)
Initial search space (Z):               4140  [actual number of targets]
Domain search space  (domZ):               1  [number of targets reported over threshold]
# CPU time: 0.02u 0.00s 00:00:00.02 Elapsed: 00:00:00.02
# Mc/sec: 11272.53
//
Query:       TIGR03626  [M=331]
Accession:   TIGR03626
Description: L3_arch: ribosomal protein uL3
Scores for complete sequences (score includes all domains):
   --- full sequence ---   --- best 1 domain ---    -#dom-
    E-value  score  bias    E-value  score  bias    exp  N  Sequence Description
    ------- ------ -----    ------- ------ -----   ---- --  -------- -----------

   [No hits detected that satisfy reporting thresholds]


Domain annotation for each sequence:

   [No targets detected that satisfy reporting thresholds]


Internal pipeline statistics summary:
-------------------------------------
Query model(s):                            1  (331 nodes)
Target sequences:                       4140  (1258218 residues searched)
Passed MSV filter:                        94  (0.0227053); expected 82.8 (0.02)
Passed bias filter:                       89  (0.0214976); expected 82.8 (0.02)
Passed Vit filter:                         5  (0.00120773); expected 4.1 (0.001)
Passed Fwd filter:                         1  (0.000241546); expected 0.0 (1e-05)
Initial search space (Z):               4140  [actual number of targets]
Domain search space  (domZ):               0  [number of targets reported over threshold]
# CPU time: 0.04u 0.00s 00:00:00.04 Elapsed: 00:00:00.05
# Mc/sec: 7981.26
//
Query:       TIGR03627  [M=130]
Accession:   TIGR03627
Description: uS9_arch: ribosomal protein uS9
Scores for complete sequences (score includes all domains):
   --- full sequence ---   --- best 1 domain ---    -#dom-
    E-value  score  bias    E-value  score  bias    exp  N  Sequence Description
    ------- ------ -----    ------- ------ -----   ---- --  -------- -----------

   [No hits detected that satisfy reporting thresholds]


Domain annotation for each sequence:

   [No targets detected that satisfy reporting thresholds]


Internal pipeline statistics summary:
-------------------------------------
Query model(s):                            1  (130 nodes)
Target sequences:                       4140  (1258218 residues searched)
Passed MSV filter:                       178  (0.0429952); expected 82.8 (0.02)
Passed bias filter:                      155  (0.0374396); expected 82.8 (0.02)
Passed Vit filter:                        18  (0.00434783); expected 4.1 (0.001)
Passed Fwd filter:                         1  (0.000241546); expected 0.0 (1e-05)
Initial search space (Z):               4140  [actual number of targets]
Domain search space  (domZ):               0  [number of targets reported over threshold]
# CPU time: 0.02u 0.00s 00:00:00.02 Elapsed: 00:00:00.03
# Mc/sec: 4814.20
//
Query:       TIGR03628  [M=117]
Accession:   TIGR03628
Description: arch_S11P: ribosomal protein uS11
Scores for complete sequences (score includes all domains):
   --- full sequence ---   --- best 1 domain ---    -#dom-
    E-value  score  bias    E-value  score  bias    exp  N  Sequence Description
    ------- ------ -----    ------- ------ -----   ---- --  -------- -----------

   [No hits detected that satisfy reporting thresholds]


Domain annotation for each sequence:

   [No targets detected that satisfy reporting thresholds]


Internal pipeline statistics summary:
-------------------------------------
Query model(s):                            1  (117 nodes)
Target sequences:                       4140  (1258218 residues searched)
Passed MSV filter:                       184  (0.0444444); expected 82.8 (0.02)
Passed bias filter:                      129  (0.0311594); expected 82.8 (0.02)
Passed Vit filter:                         7  (0.00169082); expected 4.1 (0.001)
Passed Fwd filter:                         1  (0.000241546); expected 0.0 (1e-05)
Initial search space (Z):               4140  [actual number of targets]
Domain search space  (domZ):               0  [number of targets reported over threshold]
# CPU time: 0.02u 0.00s 00:00:00.02 Elapsed: 00:00:00.02
# Mc/sec: 5016.75
//
Query:       TIGR03629  [M=144]
Accession:   TIGR03629
Description: uS13_arch: ribosomal protein uS13
Scores for complete sequences (score includes all domains):
   --- full sequence ---   --- best 1 domain ---    -#dom-
    E-value  score  bias    E-value  score  bias    exp  N  Sequence Description
    ------- ------ -----    ------- ------ -----   ---- --  -------- -----------

   [No hits detected that satisfy reporting thresholds]


Domain annotation for each sequence:

   [No targets detected that satisfy reporting thresholds]


Internal pipeline statistics summary:
-------------------------------------
Query model(s):                            1  (144 nodes)
Target sequences:                       4140  (1258218 residues searched)
Passed MSV filter:                       100  (0.0241546); expected 82.8 (0.02)
Passed bias filter:                       83  (0.0200483); expected 82.8 (0.02)
Passed Vit filter:                        11  (0.002657); expected 4.1 (0.001)
Passed Fwd filter:                         1  (0.000241546); expected 0.0 (1e-05)
Initial search space (Z):               4140  [actual number of targets]
Domain search space  (domZ):               0  [number of targets reported over threshold]
# CPU time: 0.02u 0.00s 00:00:00.02 Elapsed: 00:00:00.02
# Mc/sec: 7383.58
//
Query:       TIGR03632  [M=117]
Accession:   TIGR03632
Description: uS11_bact: ribosomal protein uS11
Scores for complete sequences (score includes all domains):
   --- full sequence ---   --- best 1 domain ---    -#dom-
    E-value  score  bias    E-value  score  bias    exp  N  Sequence           Description
    ------- ------ -----    ------- ------ -----   ---- --  --------           -----------
    2.4e-59  196.7   1.4    2.9e-59  196.5   1.4    1.0  1  NZ_CP104002.1_2667  # 2728663 # 2729055 # -1 # ID=1_2667;partial=00;start_type=ATG;rbs_motif=GGAG/GAGG;rbs_spacer=5-10bp;gc_cont=0.608


Domain annotation for each sequence:
>> NZ_CP104002.1_2667  # 2728663 # 2729055 # -1 # ID=1_2667;partial=00;start_type=ATG;rbs_motif=GGAG/GAGG;rbs_spacer=5-10bp;gc_cont=0.608
   #    score  bias  c-Evalue  i-Evalue hmmfrom  hmm to    alifrom  ali to    envfrom  env to     acc
 ---   ------ ----- --------- --------- ------- -------    ------- -------    ------- -------    ----
   1 !  196.5   1.4     7e-63   2.9e-59       1     117 []      11     127 ..      11     127 .. 0.99



Internal pipeline statistics summary:
-------------------------------------
Query model(s):                            1  (117 nodes)
Target sequences:                       4140  (1258218 residues searched)
Passed MSV filter:                       147  (0.0355072); expected 82.8 (0.02)
Passed bias filter:                      132  (0.0318841); expected 82.8 (0.02)
Passed Vit filter:                        12  (0.00289855); expected 4.1 (0.001)
Passed Fwd filter:                         1  (0.000241546); expected 0.0 (1e-05)
Initial search space (Z):               4140  [actual number of targets]
Domain search space  (domZ):               1  [number of targets reported over threshold]
# CPU time: 0.02u 0.00s 00:00:00.02 Elapsed: 00:00:00.03
# Mc/sec: 4150.95
//
Query:       TIGR03654  [M=175]
Accession:   TIGR03654
Description: L6_bact: ribosomal protein uL6
Scores for complete sequences (score includes all domains):
   --- full sequence ---   --- best 1 domain ---    -#dom-
    E-value  score  bias    E-value  score  bias    exp  N  Sequence           Description
    ------- ------ -----    ------- ------ -----   ---- --  --------           -----------
    1.6e-73  244.0   0.8    1.9e-73  243.8   0.8    1.0  1  NZ_CP104002.1_2675  # 2733435 # 2733968 # -1 # ID=1_2675;partial=00;start_type=ATG;rbs_motif=AGGA;rbs_spacer=5-10bp;gc_cont=0.610


Domain annotation for each sequence:
>> NZ_CP104002.1_2675  # 2733435 # 2733968 # -1 # ID=1_2675;partial=00;start_type=ATG;rbs_motif=AGGA;rbs_spacer=5-10bp;gc_cont=0.610
   #    score  bias  c-Evalue  i-Evalue hmmfrom  hmm to    alifrom  ali to    envfrom  env to     acc
 ---   ------ ----- --------- --------- ------- -------    ------- -------    ------- -------    ----
   1 !  243.8   0.8   4.5e-77   1.9e-73       1     175 []       2     176 ..       2     176 .. 1.00



Internal pipeline statistics summary:
-------------------------------------
Query model(s):                            1  (175 nodes)
Target sequences:                       4140  (1258218 residues searched)
Passed MSV filter:                        87  (0.0210145); expected 82.8 (0.02)
Passed bias filter:                       77  (0.018599); expected 82.8 (0.02)
Passed Vit filter:                         5  (0.00120773); expected 4.1 (0.001)
Passed Fwd filter:                         1  (0.000241546); expected 0.0 (1e-05)
Initial search space (Z):               4140  [actual number of targets]
Domain search space  (domZ):               1  [number of targets reported over threshold]
# CPU time: 0.02u 0.00s 00:00:00.02 Elapsed: 00:00:00.02
# Mc/sec: 7850.99
//
Query:       TIGR03670  [M=599]
Accession:   TIGR03670
Description: rpoB_arch: DNA-directed RNA polymerase subunit B
Scores for complete sequences (score includes all domains):
   --- full sequence ---   --- best 1 domain ---    -#dom-
    E-value  score  bias    E-value  score  bias    exp  N  Sequence Description
    ------- ------ -----    ------- ------ -----   ---- --  -------- -----------

   [No hits detected that satisfy reporting thresholds]


Domain annotation for each sequence:

   [No targets detected that satisfy reporting thresholds]


Internal pipeline statistics summary:
-------------------------------------
Query model(s):                            1  (599 nodes)
Target sequences:                       4140  (1258218 residues searched)
Passed MSV filter:                        69  (0.0166667); expected 82.8 (0.02)
Passed bias filter:                       58  (0.0140097); expected 82.8 (0.02)
Passed Vit filter:                         4  (0.000966184); expected 4.1 (0.001)
Passed Fwd filter:                         1  (0.000241546); expected 0.0 (1e-05)
Initial search space (Z):               4140  [actual number of targets]
Domain search space  (domZ):               0  [number of targets reported over threshold]
# CPU time: 0.06u 0.00s 00:00:00.06 Elapsed: 00:00:00.05
# Mc/sec: 12610.12
//
Query:       TIGR03671  [M=410]
Accession:   TIGR03671
Description: cca_archaeal: CCA-adding enzyme
Scores for complete sequences (score includes all domains):
   --- full sequence ---   --- best 1 domain ---    -#dom-
    E-value  score  bias    E-value  score  bias    exp  N  Sequence Description
    ------- ------ -----    ------- ------ -----   ---- --  -------- -----------

   [No hits detected that satisfy reporting thresholds]


Domain annotation for each sequence:

   [No targets detected that satisfy reporting thresholds]


Internal pipeline statistics summary:
-------------------------------------
Query model(s):                            1  (410 nodes)
Target sequences:                       4140  (1258218 residues searched)
Passed MSV filter:                        59  (0.0142512); expected 82.8 (0.02)
Passed bias filter:                       57  (0.0137681); expected 82.8 (0.02)
Passed Vit filter:                         5  (0.00120773); expected 4.1 (0.001)
Passed Fwd filter:                         0  (0); expected 0.0 (1e-05)
Initial search space (Z):               4140  [actual number of targets]
Domain search space  (domZ):               0  [number of targets reported over threshold]
# CPU time: 0.03u 0.01s 00:00:00.04 Elapsed: 00:00:00.03
# Mc/sec: 12917.09
//
Query:       TIGR03672  [M=251]
Accession:   TIGR03672
Description: rpl4p_arch: 50S ribosomal protein uL4
Scores for complete sequences (score includes all domains):
   --- full sequence ---   --- best 1 domain ---    -#dom-
    E-value  score  bias    E-value  score  bias    exp  N  Sequence Description
    ------- ------ -----    ------- ------ -----   ---- --  -------- -----------

   [No hits detected that satisfy reporting thresholds]


Domain annotation for each sequence:

   [No targets detected that satisfy reporting thresholds]


Internal pipeline statistics summary:
-------------------------------------
Query model(s):                            1  (251 nodes)
Target sequences:                       4140  (1258218 residues searched)
Passed MSV filter:                       123  (0.0297101); expected 82.8 (0.02)
Passed bias filter:                       92  (0.0222222); expected 82.8 (0.02)
Passed Vit filter:                         7  (0.00169082); expected 4.1 (0.001)
Passed Fwd filter:                         1  (0.000241546); expected 0.0 (1e-05)
Initial search space (Z):               4140  [actual number of targets]
Domain search space  (domZ):               0  [number of targets reported over threshold]
# CPU time: 0.02u 0.00s 00:00:00.02 Elapsed: 00:00:00.02
# Mc/sec: 10686.26
//
Query:       TIGR03673  [M=131]
Accession:   TIGR03673
Description: uL14_arch: 50S ribosomal protein uL14
Scores for complete sequences (score includes all domains):
   --- full sequence ---   --- best 1 domain ---    -#dom-
    E-value  score  bias    E-value  score  bias    exp  N  Sequence Description
    ------- ------ -----    ------- ------ -----   ---- --  -------- -----------

   [No hits detected that satisfy reporting thresholds]


Domain annotation for each sequence:

   [No targets detected that satisfy reporting thresholds]


Internal pipeline statistics summary:
-------------------------------------
Query model(s):                            1  (131 nodes)
Target sequences:                       4140  (1258218 residues searched)
Passed MSV filter:                       107  (0.0258454); expected 82.8 (0.02)
Passed bias filter:                       85  (0.0205314); expected 82.8 (0.02)
Passed Vit filter:                         2  (0.000483092); expected 4.1 (0.001)
Passed Fwd filter:                         1  (0.000241546); expected 0.0 (1e-05)
Initial search space (Z):               4140  [actual number of targets]
Domain search space  (domZ):               0  [number of targets reported over threshold]
# CPU time: 0.02u 0.00s 00:00:00.02 Elapsed: 00:00:00.02
# Mc/sec: 7785.48
//
Query:       TIGR03674  [M=338]
Accession:   TIGR03674
Description: fen_arch: flap structure-specific endonuclease
Scores for complete sequences (score includes all domains):
   --- full sequence ---   --- best 1 domain ---    -#dom-
    E-value  score  bias    E-value  score  bias    exp  N  Sequence Description
    ------- ------ -----    ------- ------ -----   ---- --  -------- -----------

   [No hits detected that satisfy reporting thresholds]


Domain annotation for each sequence:

   [No targets detected that satisfy reporting thresholds]


Internal pipeline statistics summary:
-------------------------------------
Query model(s):                            1  (338 nodes)
Target sequences:                       4140  (1258218 residues searched)
Passed MSV filter:                        75  (0.0181159); expected 82.8 (0.02)
Passed bias filter:                       62  (0.0149758); expected 82.8 (0.02)
Passed Vit filter:                         3  (0.000724638); expected 4.1 (0.001)
Passed Fwd filter:                         1  (0.000241546); expected 0.0 (1e-05)
Initial search space (Z):               4140  [actual number of targets]
Domain search space  (domZ):               0  [number of targets reported over threshold]
# CPU time: 0.03u 0.00s 00:00:00.03 Elapsed: 00:00:00.02
# Mc/sec: 18803.88
//
Query:       TIGR03676  [M=403]
Accession:   TIGR03676
Description: aRF1/eRF1: peptide chain release factor 1, archaeal and eukaryotic forms
Scores for complete sequences (score includes all domains):
   --- full sequence ---   --- best 1 domain ---    -#dom-
    E-value  score  bias    E-value  score  bias    exp  N  Sequence Description
    ------- ------ -----    ------- ------ -----   ---- --  -------- -----------

   [No hits detected that satisfy reporting thresholds]


Domain annotation for each sequence:

   [No targets detected that satisfy reporting thresholds]


Internal pipeline statistics summary:
-------------------------------------
Query model(s):                            1  (403 nodes)
Target sequences:                       4140  (1258218 residues searched)
Passed MSV filter:                        98  (0.0236715); expected 82.8 (0.02)
Passed bias filter:                       87  (0.0210145); expected 82.8 (0.02)
Passed Vit filter:                         7  (0.00169082); expected 4.1 (0.001)
Passed Fwd filter:                         0  (0); expected 0.0 (1e-05)
Initial search space (Z):               4140  [actual number of targets]
Domain search space  (domZ):               0  [number of targets reported over threshold]
# CPU time: 0.03u 0.00s 00:00:00.03 Elapsed: 00:00:00.03
# Mc/sec: 15382.46
//
Query:       TIGR03680  [M=407]
Accession:   TIGR03680
Description: eif2g_arch: translation initiation factor 2, gamma subunit
Scores for complete sequences (score includes all domains):
   --- full sequence ---   --- best 1 domain ---    -#dom-
    E-value  score  bias    E-value  score  bias    exp  N  Sequence Description
    ------- ------ -----    ------- ------ -----   ---- --  -------- -----------

   [No hits detected that satisfy reporting thresholds]


Domain annotation for each sequence:

   [No targets detected that satisfy reporting thresholds]


Internal pipeline statistics summary:
-------------------------------------
Query model(s):                            1  (407 nodes)
Target sequences:                       4140  (1258218 residues searched)
Passed MSV filter:                       140  (0.0338164); expected 82.8 (0.02)
Passed bias filter:                      111  (0.0268116); expected 82.8 (0.02)
Passed Vit filter:                        26  (0.00628019); expected 4.1 (0.001)
Passed Fwd filter:                         9  (0.00217391); expected 0.0 (1e-05)
Initial search space (Z):               4140  [actual number of targets]
Domain search space  (domZ):               0  [number of targets reported over threshold]
# CPU time: 0.09u 0.00s 00:00:00.09 Elapsed: 00:00:00.08
# Mc/sec: 6275.77
//
Query:       TIGR03723  [M=314]
Accession:   TIGR03723
Description: T6A_TsaD_YgjD: tRNA threonylcarbamoyl adenosine modification protein TsaD
Scores for complete sequences (score includes all domains):
   --- full sequence ---   --- best 1 domain ---    -#dom-
    E-value  score  bias    E-value  score  bias    exp  N  Sequence          Description
    ------- ------ -----    ------- ------ -----   ---- --  --------          -----------
   1.2e-123  410.1   0.1   1.3e-123  409.9   0.1    1.0  1  NZ_CP104002.1_230  # 223706 # 224785 # -1 # ID=1_230;partial=00;start_type=GTG;rbs_motif=AGxAG;rbs_spacer=5-10bp;gc_cont=0.651


Domain annotation for each sequence:
>> NZ_CP104002.1_230  # 223706 # 224785 # -1 # ID=1_230;partial=00;start_type=GTG;rbs_motif=AGxAG;rbs_spacer=5-10bp;gc_cont=0.651
   #    score  bias  c-Evalue  i-Evalue hmmfrom  hmm to    alifrom  ali to    envfrom  env to     acc
 ---   ------ ----- --------- --------- ------- -------    ------- -------    ------- -------    ----
   1 !  409.9   0.1  3.2e-127  1.3e-123       1     313 [.       9     329 ..       9     330 .. 0.96



Internal pipeline statistics summary:
-------------------------------------
Query model(s):                            1  (314 nodes)
Target sequences:                       4140  (1258218 residues searched)
Passed MSV filter:                       109  (0.0263285); expected 82.8 (0.02)
Passed bias filter:                       77  (0.018599); expected 82.8 (0.02)
Passed Vit filter:                         6  (0.00144928); expected 4.1 (0.001)
Passed Fwd filter:                         2  (0.000483092); expected 0.0 (1e-05)
Initial search space (Z):               4140  [actual number of targets]
Domain search space  (domZ):               1  [number of targets reported over threshold]
# CPU time: 0.03u 0.00s 00:00:00.03 Elapsed: 00:00:00.03
# Mc/sec: 11032.80
//
Query:       TIGR03725  [M=212]
Accession:   TIGR03725
Description: T6A_YeaZ: tRNA threonylcarbamoyl adenosine modification protein YeaZ
Scores for complete sequences (score includes all domains):
   --- full sequence ---   --- best 1 domain ---    -#dom-
    E-value  score  bias    E-value  score  bias    exp  N  Sequence         Description
    ------- ------ -----    ------- ------ -----   ---- --  --------         -----------
    1.2e-36  124.5   0.5    1.4e-36  124.3   0.5    1.0  1  NZ_CP104002.1_89  # 96921 # 97532 # 1 # ID=1_89;partial=00;start_type=ATG;rbs_motif=GGAG/GAGG;rbs_spacer=5-10bp;gc_cont=0.688


Domain annotation for each sequence:
>> NZ_CP104002.1_89  # 96921 # 97532 # 1 # ID=1_89;partial=00;start_type=ATG;rbs_motif=GGAG/GAGG;rbs_spacer=5-10bp;gc_cont=0.688
   #    score  bias  c-Evalue  i-Evalue hmmfrom  hmm to    alifrom  ali to    envfrom  env to     acc
 ---   ------ ----- --------- --------- ------- -------    ------- -------    ------- -------    ----
   1 !  124.3   0.5   3.4e-40   1.4e-36       2     195 ..       8     192 ..       7     200 .. 0.85



Internal pipeline statistics summary:
-------------------------------------
Query model(s):                            1  (212 nodes)
Target sequences:                       4140  (1258218 residues searched)
Passed MSV filter:                       212  (0.0512077); expected 82.8 (0.02)
Passed bias filter:                      128  (0.0309179); expected 82.8 (0.02)
Passed Vit filter:                        12  (0.00289855); expected 4.1 (0.001)
Passed Fwd filter:                         2  (0.000483092); expected 0.0 (1e-05)
Initial search space (Z):               4140  [actual number of targets]
Domain search space  (domZ):               1  [number of targets reported over threshold]
# CPU time: 0.03u 0.00s 00:00:00.03 Elapsed: 00:00:00.04
# Mc/sec: 6311.28
//
Query:       TIGR03953  [M=188]
Accession:   TIGR03953
Description: rplD_bact: 50S ribosomal protein uL4
Scores for complete sequences (score includes all domains):
   --- full sequence ---   --- best 1 domain ---    -#dom-
    E-value  score  bias    E-value  score  bias    exp  N  Sequence           Description
    ------- ------ -----    ------- ------ -----   ---- --  --------           -----------
      8e-64  212.3   0.2      9e-64  212.1   0.2    1.0  1  NZ_CP104002.1_2689  # 2739528 # 2740148 # -1 # ID=1_2689;partial=00;start_type=ATG;rbs_motif=AGGA/GGAG/GAGG;rbs_spacer=11-12bp;gc_cont=0.610


Domain annotation for each sequence:
>> NZ_CP104002.1_2689  # 2739528 # 2740148 # -1 # ID=1_2689;partial=00;start_type=ATG;rbs_motif=AGGA/GGAG/GAGG;rbs_spacer=11-12bp;gc_cont=0.610
   #    score  bias  c-Evalue  i-Evalue hmmfrom  hmm to    alifrom  ali to    envfrom  env to     acc
 ---   ------ ----- --------- --------- ------- -------    ------- -------    ------- -------    ----
   1 !  212.1   0.2   2.2e-67     9e-64       1     187 [.      16     202 ..      16     203 .. 0.99



Internal pipeline statistics summary:
-------------------------------------
Query model(s):                            1  (188 nodes)
Target sequences:                       4140  (1258218 residues searched)
Passed MSV filter:                        89  (0.0214976); expected 82.8 (0.02)
Passed bias filter:                       70  (0.0169082); expected 82.8 (0.02)
Passed Vit filter:                        10  (0.00241546); expected 4.1 (0.001)
Passed Fwd filter:                         2  (0.000483092); expected 0.0 (1e-05)
Initial search space (Z):               4140  [actual number of targets]
Domain search space  (domZ):               1  [number of targets reported over threshold]
# CPU time: 0.02u 0.01s 00:00:00.03 Elapsed: 00:00:00.03
# Mc/sec: 6183.21
//
[ok]
