# hmmsearch :: search profile(s) against a sequence database
# HMMER 3.4 (Aug 2023); http://hmmer.org/
# Copyright (C) 2023 Howard Hughes Medical Institute.
# Freely distributed under the BSD open source license.
# - - - - - - - - - - - - - - - - - - - - - - - - - - - - - - - - - - - -
# query HMM file:                  /dgxb_home/se26plsc001/arvind/Devosia_BGC/data/databases/gtdbtk_r232/release232/markers/tigrfam/tigrfam.hmm
# target sequence database:        results/05_phylogeny/identify_all/identify/intermediate_results/marker_genes/query_GCF_004005995.1/query_GCF_004005995.1_protein.faa
# output directed to file:         results/05_phylogeny/identify_all/identify/intermediate_results/marker_genes/query_GCF_004005995.1/query_GCF_004005995.1_tigrfam.out
# per-seq hits tabular output:     results/05_phylogeny/identify_all/identify/intermediate_results/marker_genes/query_GCF_004005995.1/query_GCF_004005995.1_tigrfam.tsv
# show alignments in output:       no
# max ASCII text line length:      unlimited
# model-specific thresholding:     NC cutoffs
# number of worker threads:        1
# - - - - - - - - - - - - - - - - - - - - - - - - - - - - - - - - - - - -

Query:       TIGR00006  [M=310]
Accession:   TIGR00006
Description: TIGR00006: 16S rRNA (cytosine(1402)-N(4))-methyltransferase
Scores for complete sequences (score includes all domains):
   --- full sequence ---   --- best 1 domain ---    -#dom-
    E-value  score  bias    E-value  score  bias    exp  N  Sequence           Description
    ------- ------ -----    ------- ------ -----   ---- --  --------           -----------
    3.4e-82  274.1   0.0      4e-82  273.9   0.0    1.0  1  NZ_CP034767.1_2225  # 2291500 # 2292501 # -1 # ID=1_2225;partial=00;start_type=ATG;rbs_motif=GGAG/GAGG;rbs_spacer=5-10bp;gc_cont=0.629


Domain annotation for each sequence:
>> NZ_CP034767.1_2225  # 2291500 # 2292501 # -1 # ID=1_2225;partial=00;start_type=ATG;rbs_motif=GGAG/GAGG;rbs_spacer=5-10bp;gc_cont=0.629
   #    score  bias  c-Evalue  i-Evalue hmmfrom  hmm to    alifrom  ali to    envfrom  env to     acc
 ---   ------ ----- --------- --------- ------- -------    ------- -------    ------- -------    ----
   1 !  273.9   0.0     1e-85     4e-82       2     307 ..      11     309 ..      10     312 .. 0.94



Internal pipeline statistics summary:
-------------------------------------
Query model(s):                            1  (310 nodes)
Target sequences:                       3993  (1239840 residues searched)
Passed MSV filter:                        68  (0.0170298); expected 79.9 (0.02)
Passed bias filter:                       61  (0.0152767); expected 79.9 (0.02)
Passed Vit filter:                         5  (0.00125219); expected 4.0 (0.001)
Passed Fwd filter:                         1  (0.000250438); expected 0.0 (1e-05)
Initial search space (Z):               3993  [actual number of targets]
Domain search space  (domZ):               1  [number of targets reported over threshold]
# CPU time: 0.02u 0.01s 00:00:00.03 Elapsed: 00:00:00.03
# Mc/sec: 12503.97
//
Query:       TIGR00019  [M=361]
Accession:   TIGR00019
Description: prfA: peptide chain release factor 1
Scores for complete sequences (score includes all domains):
   --- full sequence ---   --- best 1 domain ---    -#dom-
    E-value  score  bias    E-value  score  bias    exp  N  Sequence           Description
    ------- ------ -----    ------- ------ -----   ---- --  --------           -----------
   1.7e-151  502.0   0.1   2.1e-151  501.7   0.1    1.0  1  NZ_CP034767.1_3363  # 3519340 # 3520416 # -1 # ID=1_3363;partial=00;start_type=ATG;rbs_motif=GGA/GAG/AGG;rbs_spacer=5-10bp;gc_cont=0.616


Domain annotation for each sequence:
>> NZ_CP034767.1_3363  # 3519340 # 3520416 # -1 # ID=1_3363;partial=00;start_type=ATG;rbs_motif=GGA/GAG/AGG;rbs_spacer=5-10bp;gc_cont=0.616
   #    score  bias  c-Evalue  i-Evalue hmmfrom  hmm to    alifrom  ali to    envfrom  env to     acc
 ---   ------ ----- --------- --------- ------- -------    ------- -------    ------- -------    ----
   1 !  501.7   0.1  5.2e-155  2.1e-151       8     359 ..       7     355 ..       3     357 .. 0.98



Internal pipeline statistics summary:
-------------------------------------
Query model(s):                            1  (361 nodes)
Target sequences:                       3993  (1239840 residues searched)
Passed MSV filter:                        84  (0.0210368); expected 79.9 (0.02)
Passed bias filter:                       66  (0.0165289); expected 79.9 (0.02)
Passed Vit filter:                         9  (0.00225394); expected 4.0 (0.001)
Passed Fwd filter:                         3  (0.000751315); expected 0.0 (1e-05)
Initial search space (Z):               3993  [actual number of targets]
Domain search space  (domZ):               1  [number of targets reported over threshold]
# CPU time: 0.03u 0.00s 00:00:00.03 Elapsed: 00:00:00.06
# Mc/sec: 7193.76
//
Query:       TIGR00020  [M=365]
Accession:   TIGR00020
Description: prfB: peptide chain release factor 2
Scores for complete sequences (score includes all domains):
   --- full sequence ---   --- best 1 domain ---    -#dom-
    E-value  score  bias    E-value  score  bias    exp  N  Sequence           Description
    ------- ------ -----    ------- ------ -----   ---- --  --------           -----------
   2.2e-141  468.8   4.5   2.5e-141  468.6   4.5    1.0  1  NZ_CP034767.1_1794  # 1835552 # 1836517 # -1 # ID=1_1794;partial=00;start_type=ATG;rbs_motif=GGA/GAG/AGG;rbs_spacer=11-12bp;gc_cont=0.612


Domain annotation for each sequence:
>> NZ_CP034767.1_1794  # 1835552 # 1836517 # -1 # ID=1_1794;partial=00;start_type=ATG;rbs_motif=GGA/GAG/AGG;rbs_spacer=11-12bp;gc_cont=0.612
   #    score  bias  c-Evalue  i-Evalue hmmfrom  hmm to    alifrom  ali to    envfrom  env to     acc
 ---   ------ ----- --------- --------- ------- -------    ------- -------    ------- -------    ----
   1 !  468.6   4.5  6.3e-145  2.5e-141      57     363 ..       2     308 ..       1     310 [. 0.99



Internal pipeline statistics summary:
-------------------------------------
Query model(s):                            1  (365 nodes)
Target sequences:                       3993  (1239840 residues searched)
Passed MSV filter:                        89  (0.022289); expected 79.9 (0.02)
Passed bias filter:                       70  (0.0175307); expected 79.9 (0.02)
Passed Vit filter:                         6  (0.00150263); expected 4.0 (0.001)
Passed Fwd filter:                         3  (0.000751315); expected 0.0 (1e-05)
Initial search space (Z):               3993  [actual number of targets]
Domain search space  (domZ):               1  [number of targets reported over threshold]
# CPU time: 0.04u 0.00s 00:00:00.04 Elapsed: 00:00:00.06
# Mc/sec: 6604.88
//
Query:       TIGR00029  [M=87]
Accession:   TIGR00029
Description: S20: ribosomal protein bS20
Scores for complete sequences (score includes all domains):
   --- full sequence ---   --- best 1 domain ---    -#dom-
    E-value  score  bias    E-value  score  bias    exp  N  Sequence           Description
    ------- ------ -----    ------- ------ -----   ---- --  --------           -----------
    1.8e-21   74.2   9.9      2e-21   74.1   9.9    1.0  1  NZ_CP034767.1_3993  # 4167825 # 4168091 # 1 # ID=1_3993;partial=00;start_type=ATG;rbs_motif=GGAG/GAGG;rbs_spacer=5-10bp;gc_cont=0.614


Domain annotation for each sequence:
>> NZ_CP034767.1_3993  # 4167825 # 4168091 # 1 # ID=1_3993;partial=00;start_type=ATG;rbs_motif=GGAG/GAGG;rbs_spacer=5-10bp;gc_cont=0.614
   #    score  bias  c-Evalue  i-Evalue hmmfrom  hmm to    alifrom  ali to    envfrom  env to     acc
 ---   ------ ----- --------- --------- ------- -------    ------- -------    ------- -------    ----
   1 !   74.1   9.9     5e-25     2e-21       1      86 [.       1      86 [.       1      87 [. 0.98



Internal pipeline statistics summary:
-------------------------------------
Query model(s):                            1  (87 nodes)
Target sequences:                       3993  (1239840 residues searched)
Passed MSV filter:                        75  (0.0187829); expected 79.9 (0.02)
Passed bias filter:                       60  (0.0150263); expected 79.9 (0.02)
Passed Vit filter:                         9  (0.00225394); expected 4.0 (0.001)
Passed Fwd filter:                         1  (0.000250438); expected 0.0 (1e-05)
Initial search space (Z):               3993  [actual number of targets]
Domain search space  (domZ):               1  [number of targets reported over threshold]
# CPU time: 0.01u 0.00s 00:00:00.01 Elapsed: 00:00:00.01
# Mc/sec: 9164.66
//
Query:       TIGR00037  [M=130]
Accession:   TIGR00037
Description: eIF_5A: translation elongation factor IF5A
Scores for complete sequences (score includes all domains):
   --- full sequence ---   --- best 1 domain ---    -#dom-
    E-value  score  bias    E-value  score  bias    exp  N  Sequence Description
    ------- ------ -----    ------- ------ -----   ---- --  -------- -----------

   [No hits detected that satisfy reporting thresholds]


Domain annotation for each sequence:

   [No targets detected that satisfy reporting thresholds]


Internal pipeline statistics summary:
-------------------------------------
Query model(s):                            1  (130 nodes)
Target sequences:                       3993  (1239840 residues searched)
Passed MSV filter:                        54  (0.0135237); expected 79.9 (0.02)
Passed bias filter:                       50  (0.0125219); expected 79.9 (0.02)
Passed Vit filter:                         4  (0.00100175); expected 4.0 (0.001)
Passed Fwd filter:                         0  (0); expected 0.0 (1e-05)
Initial search space (Z):               3993  [actual number of targets]
Domain search space  (domZ):               0  [number of targets reported over threshold]
# CPU time: 0.02u 0.00s 00:00:00.02 Elapsed: 00:00:00.03
# Mc/sec: 4058.39
//
Query:       TIGR00043  [M=111]
Accession:   TIGR00043
Description: TIGR00043: rRNA maturation RNase YbeY
Scores for complete sequences (score includes all domains):
   --- full sequence ---   --- best 1 domain ---    -#dom-
    E-value  score  bias    E-value  score  bias    exp  N  Sequence           Description
    ------- ------ -----    ------- ------ -----   ---- --  --------           -----------
    1.1e-33  113.5   0.0    1.3e-33  113.2   0.0    1.1  1  NZ_CP034767.1_3886  # 4059008 # 4059454 # -1 # ID=1_3886;partial=00;start_type=GTG;rbs_motif=GGA/GAG/AGG;rbs_spacer=5-10bp;gc_cont=0.604


Domain annotation for each sequence:
>> NZ_CP034767.1_3886  # 4059008 # 4059454 # -1 # ID=1_3886;partial=00;start_type=GTG;rbs_motif=GGA/GAG/AGG;rbs_spacer=5-10bp;gc_cont=0.604
   #    score  bias  c-Evalue  i-Evalue hmmfrom  hmm to    alifrom  ali to    envfrom  env to     acc
 ---   ------ ----- --------- --------- ------- -------    ------- -------    ------- -------    ----
   1 !  113.2   0.0   3.3e-37   1.3e-33       2     111 .]      36     141 ..      35     141 .. 0.94



Internal pipeline statistics summary:
-------------------------------------
Query model(s):                            1  (111 nodes)
Target sequences:                       3993  (1239840 residues searched)
Passed MSV filter:                        43  (0.0107688); expected 79.9 (0.02)
Passed bias filter:                       40  (0.0100175); expected 79.9 (0.02)
Passed Vit filter:                         2  (0.000500877); expected 4.0 (0.001)
Passed Fwd filter:                         1  (0.000250438); expected 0.0 (1e-05)
Initial search space (Z):               3993  [actual number of targets]
Domain search space  (domZ):               1  [number of targets reported over threshold]
# CPU time: 0.01u 0.00s 00:00:00.01 Elapsed: 00:00:00.02
# Mc/sec: 5693.58
//
Query:       TIGR00054  [M=421]
Accession:   TIGR00054
Description: TIGR00054: RIP metalloprotease RseP
Scores for complete sequences (score includes all domains):
   --- full sequence ---   --- best 1 domain ---    -#dom-
    E-value  score  bias    E-value  score  bias    exp  N  Sequence           Description
    ------- ------ -----    ------- ------ -----   ---- --  --------           -----------
    8.9e-87  289.4   0.0    1.6e-53  179.9   0.0    2.0  2  NZ_CP034767.1_1656  # 1683282 # 1684418 # 1 # ID=1_1656;partial=00;start_type=ATG;rbs_motif=GGA/GAG/AGG;rbs_spacer=5-10bp;gc_cont=0.588


Domain annotation for each sequence:
>> NZ_CP034767.1_1656  # 1683282 # 1684418 # 1 # ID=1_1656;partial=00;start_type=ATG;rbs_motif=GGA/GAG/AGG;rbs_spacer=5-10bp;gc_cont=0.588
   #    score  bias  c-Evalue  i-Evalue hmmfrom  hmm to    alifrom  ali to    envfrom  env to     acc
 ---   ------ ----- --------- --------- ------- -------    ------- -------    ------- -------    ----
   1 !  108.4   0.0     2e-35   8.1e-32       9     120 ..      14     137 ..       9     146 .. 0.86
   2 !  179.9   0.0     4e-57   1.6e-53     202     416 ..     142     369 ..     135     372 .. 0.97



Internal pipeline statistics summary:
-------------------------------------
Query model(s):                            1  (421 nodes)
Target sequences:                       3993  (1239840 residues searched)
Passed MSV filter:                       114  (0.02855); expected 79.9 (0.02)
Passed bias filter:                       92  (0.0230403); expected 79.9 (0.02)
Passed Vit filter:                        14  (0.00350614); expected 4.0 (0.001)
Passed Fwd filter:                         4  (0.00100175); expected 0.0 (1e-05)
Initial search space (Z):               3993  [actual number of targets]
Domain search space  (domZ):               1  [number of targets reported over threshold]
# CPU time: 0.06u 0.01s 00:00:00.06 Elapsed: 00:00:00.07
# Mc/sec: 7171.69
//
Query:       TIGR00059  [M=112]
Accession:   TIGR00059
Description: L17: ribosomal protein bL17
Scores for complete sequences (score includes all domains):
   --- full sequence ---   --- best 1 domain ---    -#dom-
    E-value  score  bias    E-value  score  bias    exp  N  Sequence           Description
    ------- ------ -----    ------- ------ -----   ---- --  --------           -----------
    5.7e-45  150.1   0.1    7.1e-45  149.7   0.1    1.1  1  NZ_CP034767.1_1497  # 1520264 # 1520689 # 1 # ID=1_1497;partial=00;start_type=ATG;rbs_motif=AGGAG;rbs_spacer=5-10bp;gc_cont=0.617


Domain annotation for each sequence:
>> NZ_CP034767.1_1497  # 1520264 # 1520689 # 1 # ID=1_1497;partial=00;start_type=ATG;rbs_motif=AGGAG;rbs_spacer=5-10bp;gc_cont=0.617
   #    score  bias  c-Evalue  i-Evalue hmmfrom  hmm to    alifrom  ali to    envfrom  env to     acc
 ---   ------ ----- --------- --------- ------- -------    ------- -------    ------- -------    ----
   1 !  149.7   0.1   1.8e-48   7.1e-45       2     112 .]       7     117 ..       6     117 .. 0.99



Internal pipeline statistics summary:
-------------------------------------
Query model(s):                            1  (112 nodes)
Target sequences:                       3993  (1239840 residues searched)
Passed MSV filter:                        86  (0.0215377); expected 79.9 (0.02)
Passed bias filter:                       70  (0.0175307); expected 79.9 (0.02)
Passed Vit filter:                         6  (0.00150263); expected 4.0 (0.001)
Passed Fwd filter:                         1  (0.000250438); expected 0.0 (1e-05)
Initial search space (Z):               3993  [actual number of targets]
Domain search space  (domZ):               1  [number of targets reported over threshold]
# CPU time: 0.02u 0.00s 00:00:00.02 Elapsed: 00:00:00.02
# Mc/sec: 6335.82
//
Query:       TIGR00061  [M=101]
Accession:   TIGR00061
Description: L21: ribosomal protein bL21
Scores for complete sequences (score includes all domains):
   --- full sequence ---   --- best 1 domain ---    -#dom-
    E-value  score  bias    E-value  score  bias    exp  N  Sequence           Description
    ------- ------ -----    ------- ------ -----   ---- --  --------           -----------
    9.6e-30  100.8   2.2    1.1e-29  100.6   0.9    1.7  1  NZ_CP034767.1_2954  # 3058076 # 3058639 # -1 # ID=1_2954;partial=00;start_type=ATG;rbs_motif=None;rbs_spacer=None;gc_cont=0.628


Domain annotation for each sequence:
>> NZ_CP034767.1_2954  # 3058076 # 3058639 # -1 # ID=1_2954;partial=00;start_type=ATG;rbs_motif=None;rbs_spacer=None;gc_cont=0.628
   #    score  bias  c-Evalue  i-Evalue hmmfrom  hmm to    alifrom  ali to    envfrom  env to     acc
 ---   ------ ----- --------- --------- ------- -------    ------- -------    ------- -------    ----
   1 !  100.6   0.9   2.7e-33   1.1e-29       1     100 [.       3      98 ..       3      99 .. 0.98



Internal pipeline statistics summary:
-------------------------------------
Query model(s):                            1  (101 nodes)
Target sequences:                       3993  (1239840 residues searched)
Passed MSV filter:                        37  (0.00926622); expected 79.9 (0.02)
Passed bias filter:                       34  (0.0085149); expected 79.9 (0.02)
Passed Vit filter:                         6  (0.00150263); expected 4.0 (0.001)
Passed Fwd filter:                         1  (0.000250438); expected 0.0 (1e-05)
Initial search space (Z):               3993  [actual number of targets]
Domain search space  (domZ):               1  [number of targets reported over threshold]
# CPU time: 0.02u 0.00s 00:00:00.02 Elapsed: 00:00:00.02
# Mc/sec: 4930.89
//
Query:       TIGR00064  [M=279]
Accession:   TIGR00064
Description: ftsY: signal recognition particle-docking protein FtsY
Scores for complete sequences (score includes all domains):
   --- full sequence ---   --- best 1 domain ---    -#dom-
    E-value  score  bias    E-value  score  bias    exp  N  Sequence           Description
    ------- ------ -----    ------- ------ -----   ---- --  --------           -----------
    4.2e-98  325.8   0.8      5e-98  325.6   0.8    1.1  1  NZ_CP034767.1_3505  # 3666967 # 3668241 # 1 # ID=1_3505;partial=00;start_type=ATG;rbs_motif=AGGAG;rbs_spacer=5-10bp;gc_cont=0.682


Domain annotation for each sequence:
>> NZ_CP034767.1_3505  # 3666967 # 3668241 # 1 # ID=1_3505;partial=00;start_type=ATG;rbs_motif=AGGAG;rbs_spacer=5-10bp;gc_cont=0.682
   #    score  bias  c-Evalue  i-Evalue hmmfrom  hmm to    alifrom  ali to    envfrom  env to     acc
 ---   ------ ----- --------- --------- ------- -------    ------- -------    ------- -------    ----
   1 !  325.6   0.8  1.2e-101     5e-98       3     278 ..     152     420 ..     150     421 .. 0.95



Internal pipeline statistics summary:
-------------------------------------
Query model(s):                            1  (279 nodes)
Target sequences:                       3993  (1239840 residues searched)
Passed MSV filter:                       223  (0.0558477); expected 79.9 (0.02)
Passed bias filter:                      197  (0.0493363); expected 79.9 (0.02)
Passed Vit filter:                        58  (0.0145254); expected 4.0 (0.001)
Passed Fwd filter:                         5  (0.00125219); expected 0.0 (1e-05)
Initial search space (Z):               3993  [actual number of targets]
Domain search space  (domZ):               1  [number of targets reported over threshold]
# CPU time: 0.05u 0.00s 00:00:00.05 Elapsed: 00:00:00.06
# Mc/sec: 5614.03
//
Query:       TIGR00065  [M=353]
Accession:   TIGR00065
Description: ftsZ: cell division protein FtsZ
Scores for complete sequences (score includes all domains):
   --- full sequence ---   --- best 1 domain ---    -#dom-
    E-value  score  bias    E-value  score  bias    exp  N  Sequence           Description
    ------- ------ -----    ------- ------ -----   ---- --  --------           -----------
   2.5e-123  409.7   3.8   3.6e-123  409.2   3.8    1.1  1  NZ_CP034767.1_2213  # 2276240 # 2277913 # -1 # ID=1_2213;partial=00;start_type=ATG;rbs_motif=None;rbs_spacer=None;gc_cont=0.636


Domain annotation for each sequence:
>> NZ_CP034767.1_2213  # 2276240 # 2277913 # -1 # ID=1_2213;partial=00;start_type=ATG;rbs_motif=None;rbs_spacer=None;gc_cont=0.636
   #    score  bias  c-Evalue  i-Evalue hmmfrom  hmm to    alifrom  ali to    envfrom  env to     acc
 ---   ------ ----- --------- --------- ------- -------    ------- -------    ------- -------    ----
   1 !  409.2   3.8    9e-127  3.6e-123      15     331 ..      17     330 ..       8     350 .. 0.96



Internal pipeline statistics summary:
-------------------------------------
Query model(s):                            1  (353 nodes)
Target sequences:                       3993  (1239840 residues searched)
Passed MSV filter:                       143  (0.0358127); expected 79.9 (0.02)
Passed bias filter:                      113  (0.0282995); expected 79.9 (0.02)
Passed Vit filter:                         4  (0.00100175); expected 4.0 (0.001)
Passed Fwd filter:                         1  (0.000250438); expected 0.0 (1e-05)
Initial search space (Z):               3993  [actual number of targets]
Domain search space  (domZ):               1  [number of targets reported over threshold]
# CPU time: 0.04u 0.00s 00:00:00.04 Elapsed: 00:00:00.04
# Mc/sec: 10629.73
//
Query:       TIGR00082  [M=115]
Accession:   TIGR00082
Description: rbfA: ribosome-binding factor A
Scores for complete sequences (score includes all domains):
   --- full sequence ---   --- best 1 domain ---    -#dom-
    E-value  score  bias    E-value  score  bias    exp  N  Sequence          Description
    ------- ------ -----    ------- ------ -----   ---- --  --------          -----------
    1.2e-16   59.1   0.0    1.5e-16   58.8   0.0    1.1  1  NZ_CP034767.1_180  # 189443 # 189862 # 1 # ID=1_180;partial=00;start_type=ATG;rbs_motif=None;rbs_spacer=None;gc_cont=0.631


Domain annotation for each sequence:
>> NZ_CP034767.1_180  # 189443 # 189862 # 1 # ID=1_180;partial=00;start_type=ATG;rbs_motif=None;rbs_spacer=None;gc_cont=0.631
   #    score  bias  c-Evalue  i-Evalue hmmfrom  hmm to    alifrom  ali to    envfrom  env to     acc
 ---   ------ ----- --------- --------- ------- -------    ------- -------    ------- -------    ----
   1 !   58.8   0.0   3.7e-20   1.5e-16       6     110 ..      13     119 ..       9     124 .. 0.92



Internal pipeline statistics summary:
-------------------------------------
Query model(s):                            1  (115 nodes)
Target sequences:                       3993  (1239840 residues searched)
Passed MSV filter:                        55  (0.0137741); expected 79.9 (0.02)
Passed bias filter:                       53  (0.0132732); expected 79.9 (0.02)
Passed Vit filter:                         3  (0.000751315); expected 4.0 (0.001)
Passed Fwd filter:                         1  (0.000250438); expected 0.0 (1e-05)
Initial search space (Z):               3993  [actual number of targets]
Domain search space  (domZ):               1  [number of targets reported over threshold]
# CPU time: 0.01u 0.00s 00:00:00.01 Elapsed: 00:00:00.00
# Mc/sec: 15069.39
//
Query:       TIGR00083  [M=290]
Accession:   TIGR00083
Description: ribF: riboflavin biosynthesis protein RibF
Scores for complete sequences (score includes all domains):
   --- full sequence ---   --- best 1 domain ---    -#dom-
    E-value  score  bias    E-value  score  bias    exp  N  Sequence          Description
    ------- ------ -----    ------- ------ -----   ---- --  --------          -----------
    1.2e-72  242.5   0.0    1.4e-72  242.3   0.0    1.0  1  NZ_CP034767.1_621  # 633881 # 634852 # 1 # ID=1_621;partial=00;start_type=GTG;rbs_motif=GGA/GAG/AGG;rbs_spacer=5-10bp;gc_cont=0.663


Domain annotation for each sequence:
>> NZ_CP034767.1_621  # 633881 # 634852 # 1 # ID=1_621;partial=00;start_type=GTG;rbs_motif=GGA/GAG/AGG;rbs_spacer=5-10bp;gc_cont=0.663
   #    score  bias  c-Evalue  i-Evalue hmmfrom  hmm to    alifrom  ali to    envfrom  env to     acc
 ---   ------ ----- --------- --------- ------- -------    ------- -------    ------- -------    ----
   1 !  242.3   0.0   3.6e-76   1.4e-72       2     289 ..      21     306 ..      20     307 .. 0.94



Internal pipeline statistics summary:
-------------------------------------
Query model(s):                            1  (290 nodes)
Target sequences:                       3993  (1239840 residues searched)
Passed MSV filter:                        63  (0.0157776); expected 79.9 (0.02)
Passed bias filter:                       60  (0.0150263); expected 79.9 (0.02)
Passed Vit filter:                         5  (0.00125219); expected 4.0 (0.001)
Passed Fwd filter:                         2  (0.000500877); expected 0.0 (1e-05)
Initial search space (Z):               3993  [actual number of targets]
Domain search space  (domZ):               1  [number of targets reported over threshold]
# CPU time: 0.03u 0.00s 00:00:00.03 Elapsed: 00:00:00.04
# Mc/sec: 8328.33
//
Query:       TIGR00084  [M=192]
Accession:   TIGR00084
Description: ruvA: Holliday junction DNA helicase RuvA
Scores for complete sequences (score includes all domains):
   --- full sequence ---   --- best 1 domain ---    -#dom-
    E-value  score  bias    E-value  score  bias    exp  N  Sequence           Description
    ------- ------ -----    ------- ------ -----   ---- --  --------           -----------
    1.7e-38  129.9   0.0    1.8e-38  129.8   0.0    1.0  1  NZ_CP034767.1_2661  # 2739552 # 2740169 # -1 # ID=1_2661;partial=00;start_type=ATG;rbs_motif=GGA/GAG/AGG;rbs_spacer=5-10bp;gc_cont=0.629


Domain annotation for each sequence:
>> NZ_CP034767.1_2661  # 2739552 # 2740169 # -1 # ID=1_2661;partial=00;start_type=ATG;rbs_motif=GGA/GAG/AGG;rbs_spacer=5-10bp;gc_cont=0.629
   #    score  bias  c-Evalue  i-Evalue hmmfrom  hmm to    alifrom  ali to    envfrom  env to     acc
 ---   ------ ----- --------- --------- ------- -------    ------- -------    ------- -------    ----
   1 !  129.8   0.0   4.5e-42   1.8e-38       1     188 [.       1     201 [.       1     205 [. 0.94



Internal pipeline statistics summary:
-------------------------------------
Query model(s):                            1  (192 nodes)
Target sequences:                       3993  (1239840 residues searched)
Passed MSV filter:                       101  (0.0252943); expected 79.9 (0.02)
Passed bias filter:                       96  (0.0240421); expected 79.9 (0.02)
Passed Vit filter:                        10  (0.00250438); expected 4.0 (0.001)
Passed Fwd filter:                         1  (0.000250438); expected 0.0 (1e-05)
Initial search space (Z):               3993  [actual number of targets]
Domain search space  (domZ):               1  [number of targets reported over threshold]
# CPU time: 0.02u 0.01s 00:00:00.03 Elapsed: 00:00:00.02
# Mc/sec: 10026.66
//
Query:       TIGR00086  [M=144]
Accession:   TIGR00086
Description: smpB: SsrA-binding protein
Scores for complete sequences (score includes all domains):
   --- full sequence ---   --- best 1 domain ---    -#dom-
    E-value  score  bias    E-value  score  bias    exp  N  Sequence           Description
    ------- ------ -----    ------- ------ -----   ---- --  --------           -----------
    1.1e-54  182.2   0.1    1.2e-54  182.0   0.1    1.0  1  NZ_CP034767.1_1027  # 1059731 # 1060228 # 1 # ID=1_1027;partial=00;start_type=ATG;rbs_motif=GGA/GAG/AGG;rbs_spacer=5-10bp;gc_cont=0.590


Domain annotation for each sequence:
>> NZ_CP034767.1_1027  # 1059731 # 1060228 # 1 # ID=1_1027;partial=00;start_type=ATG;rbs_motif=GGA/GAG/AGG;rbs_spacer=5-10bp;gc_cont=0.590
   #    score  bias  c-Evalue  i-Evalue hmmfrom  hmm to    alifrom  ali to    envfrom  env to     acc
 ---   ------ ----- --------- --------- ------- -------    ------- -------    ------- -------    ----
   1 !  182.0   0.1   3.1e-58   1.2e-54       2     144 .]      18     160 ..      17     160 .. 0.99



Internal pipeline statistics summary:
-------------------------------------
Query model(s):                            1  (144 nodes)
Target sequences:                       3993  (1239840 residues searched)
Passed MSV filter:                        51  (0.0127724); expected 79.9 (0.02)
Passed bias filter:                       45  (0.0112697); expected 79.9 (0.02)
Passed Vit filter:                         6  (0.00150263); expected 4.0 (0.001)
Passed Fwd filter:                         1  (0.000250438); expected 0.0 (1e-05)
Initial search space (Z):               3993  [actual number of targets]
Domain search space  (domZ):               1  [number of targets reported over threshold]
# CPU time: 0.02u 0.00s 00:00:00.02 Elapsed: 00:00:00.02
# Mc/sec: 6478.84
//
Query:       TIGR00088  [M=233]
Accession:   TIGR00088
Description: trmD: tRNA (guanine(37)-N(1))-methyltransferase
Scores for complete sequences (score includes all domains):
   --- full sequence ---   --- best 1 domain ---    -#dom-
    E-value  score  bias    E-value  score  bias    exp  N  Sequence           Description
    ------- ------ -----    ------- ------ -----   ---- --  --------           -----------
    6.4e-79  262.3   0.0    7.8e-79  262.0   0.0    1.0  1  NZ_CP034767.1_3575  # 3737709 # 3738389 # 1 # ID=1_3575;partial=00;start_type=TTG;rbs_motif=GGAG/GAGG;rbs_spacer=5-10bp;gc_cont=0.667


Domain annotation for each sequence:
>> NZ_CP034767.1_3575  # 3737709 # 3738389 # 1 # ID=1_3575;partial=00;start_type=TTG;rbs_motif=GGAG/GAGG;rbs_spacer=5-10bp;gc_cont=0.667
   #    score  bias  c-Evalue  i-Evalue hmmfrom  hmm to    alifrom  ali to    envfrom  env to     acc
 ---   ------ ----- --------- --------- ------- -------    ------- -------    ------- -------    ----
   1 !  262.0   0.0   1.9e-82   7.8e-79       4     221 ..       6     225 ..       3     226 .. 0.98



Internal pipeline statistics summary:
-------------------------------------
Query model(s):                            1  (233 nodes)
Target sequences:                       3993  (1239840 residues searched)
Passed MSV filter:                        80  (0.0200351); expected 79.9 (0.02)
Passed bias filter:                       79  (0.0197846); expected 79.9 (0.02)
Passed Vit filter:                         7  (0.00175307); expected 4.0 (0.001)
Passed Fwd filter:                         1  (0.000250438); expected 0.0 (1e-05)
Initial search space (Z):               3993  [actual number of targets]
Domain search space  (domZ):               1  [number of targets reported over threshold]
# CPU time: 0.02u 0.00s 00:00:00.02 Elapsed: 00:00:00.03
# Mc/sec: 9271.62
//
Query:       TIGR00090  [M=99]
Accession:   TIGR00090
Description: rsfS_iojap_ybeB: ribosome silencing factor
Scores for complete sequences (score includes all domains):
   --- full sequence ---   --- best 1 domain ---    -#dom-
    E-value  score  bias    E-value  score  bias    exp  N  Sequence           Description
    ------- ------ -----    ------- ------ -----   ---- --  --------           -----------
    7.4e-33  110.5   0.0    8.6e-33  110.3   0.0    1.0  1  NZ_CP034767.1_2946  # 3051665 # 3052057 # -1 # ID=1_2946;partial=00;start_type=ATG;rbs_motif=GGAGG;rbs_spacer=5-10bp;gc_cont=0.628


Domain annotation for each sequence:
>> NZ_CP034767.1_2946  # 3051665 # 3052057 # -1 # ID=1_2946;partial=00;start_type=ATG;rbs_motif=GGAGG;rbs_spacer=5-10bp;gc_cont=0.628
   #    score  bias  c-Evalue  i-Evalue hmmfrom  hmm to    alifrom  ali to    envfrom  env to     acc
 ---   ------ ----- --------- --------- ------- -------    ------- -------    ------- -------    ----
   1 !  110.3   0.0   2.1e-36   8.6e-33       2      99 .]      24     121 ..      23     121 .. 0.98



Internal pipeline statistics summary:
-------------------------------------
Query model(s):                            1  (99 nodes)
Target sequences:                       3993  (1239840 residues searched)
Passed MSV filter:                        75  (0.0187829); expected 79.9 (0.02)
Passed bias filter:                       69  (0.0172802); expected 79.9 (0.02)
Passed Vit filter:                        10  (0.00250438); expected 4.0 (0.001)
Passed Fwd filter:                         1  (0.000250438); expected 0.0 (1e-05)
Initial search space (Z):               3993  [actual number of targets]
Domain search space  (domZ):               1  [number of targets reported over threshold]
# CPU time: 0.01u 0.01s 00:00:00.02 Elapsed: 00:00:00.01
# Mc/sec: 6996.97
//
Query:       TIGR00092  [M=368]
Accession:   TIGR00092
Description: TIGR00092: GTP-binding protein YchF
Scores for complete sequences (score includes all domains):
   --- full sequence ---   --- best 1 domain ---    -#dom-
    E-value  score  bias    E-value  score  bias    exp  N  Sequence           Description
    ------- ------ -----    ------- ------ -----   ---- --  --------           -----------
   7.6e-146  483.7   0.0   8.6e-146  483.5   0.0    1.0  1  NZ_CP034767.1_2403  # 2466889 # 2468097 # 1 # ID=1_2403;partial=00;start_type=ATG;rbs_motif=GGA/GAG/AGG;rbs_spacer=5-10bp;gc_cont=0.611


Domain annotation for each sequence:
>> NZ_CP034767.1_2403  # 2466889 # 2468097 # 1 # ID=1_2403;partial=00;start_type=ATG;rbs_motif=GGA/GAG/AGG;rbs_spacer=5-10bp;gc_cont=0.611
   #    score  bias  c-Evalue  i-Evalue hmmfrom  hmm to    alifrom  ali to    envfrom  env to     acc
 ---   ------ ----- --------- --------- ------- -------    ------- -------    ------- -------    ----
   1 !  483.5   0.0  2.2e-149  8.6e-146       1     367 [.      38     401 ..      38     402 .. 0.98



Internal pipeline statistics summary:
-------------------------------------
Query model(s):                            1  (368 nodes)
Target sequences:                       3993  (1239840 residues searched)
Passed MSV filter:                       157  (0.0393188); expected 79.9 (0.02)
Passed bias filter:                      148  (0.0370649); expected 79.9 (0.02)
Passed Vit filter:                        25  (0.00626096); expected 4.0 (0.001)
Passed Fwd filter:                         5  (0.00125219); expected 0.0 (1e-05)
Initial search space (Z):               3993  [actual number of targets]
Domain search space  (domZ):               1  [number of targets reported over threshold]
# CPU time: 0.05u 0.00s 00:00:00.05 Elapsed: 00:00:00.06
# Mc/sec: 7372.76
//
Query:       TIGR00095  [M=194]
Accession:   TIGR00095
Description: TIGR00095: 16S rRNA (guanine(966)-N(2))-methyltransferase RsmD
Scores for complete sequences (score includes all domains):
   --- full sequence ---   --- best 1 domain ---    -#dom-
    E-value  score  bias    E-value  score  bias    exp  N  Sequence          Description
    ------- ------ -----    ------- ------ -----   ---- --  --------          -----------
    2.6e-44  149.0   0.0    2.9e-44  148.8   0.0    1.0  1  NZ_CP034767.1_626  # 642354 # 642932 # 1 # ID=1_626;partial=00;start_type=ATG;rbs_motif=GGA/GAG/AGG;rbs_spacer=11-12bp;gc_cont=0.661


Domain annotation for each sequence:
>> NZ_CP034767.1_626  # 642354 # 642932 # 1 # ID=1_626;partial=00;start_type=ATG;rbs_motif=GGA/GAG/AGG;rbs_spacer=11-12bp;gc_cont=0.661
   #    score  bias  c-Evalue  i-Evalue hmmfrom  hmm to    alifrom  ali to    envfrom  env to     acc
 ---   ------ ----- --------- --------- ------- -------    ------- -------    ------- -------    ----
   1 !  148.8   0.0   7.4e-48   2.9e-44      13     191 ..       2     181 ..       1     183 [. 0.90



Internal pipeline statistics summary:
-------------------------------------
Query model(s):                            1  (194 nodes)
Target sequences:                       3993  (1239840 residues searched)
Passed MSV filter:                        74  (0.0185324); expected 79.9 (0.02)
Passed bias filter:                       73  (0.018282); expected 79.9 (0.02)
Passed Vit filter:                        13  (0.0032557); expected 4.0 (0.001)
Passed Fwd filter:                         3  (0.000751315); expected 0.0 (1e-05)
Initial search space (Z):               3993  [actual number of targets]
Domain search space  (domZ):               1  [number of targets reported over threshold]
# CPU time: 0.02u 0.00s 00:00:00.02 Elapsed: 00:00:00.03
# Mc/sec: 7233.35
//
Query:       TIGR00111  [M=351]
Accession:   TIGR00111
Description: pelota: mRNA surveillance protein pelota
Scores for complete sequences (score includes all domains):
   --- full sequence ---   --- best 1 domain ---    -#dom-
    E-value  score  bias    E-value  score  bias    exp  N  Sequence Description
    ------- ------ -----    ------- ------ -----   ---- --  -------- -----------

   [No hits detected that satisfy reporting thresholds]


Domain annotation for each sequence:

   [No targets detected that satisfy reporting thresholds]


Internal pipeline statistics summary:
-------------------------------------
Query model(s):                            1  (351 nodes)
Target sequences:                       3993  (1239840 residues searched)
Passed MSV filter:                        83  (0.0207864); expected 79.9 (0.02)
Passed bias filter:                       78  (0.0195342); expected 79.9 (0.02)
Passed Vit filter:                         7  (0.00175307); expected 4.0 (0.001)
Passed Fwd filter:                         0  (0); expected 0.0 (1e-05)
Initial search space (Z):               3993  [actual number of targets]
Domain search space  (domZ):               0  [number of targets reported over threshold]
# CPU time: 0.04u 0.00s 00:00:00.04 Elapsed: 00:00:00.05
# Mc/sec: 7773.45
//
Query:       TIGR00115  [M=410]
Accession:   TIGR00115
Description: tig: trigger factor
Scores for complete sequences (score includes all domains):
   --- full sequence ---   --- best 1 domain ---    -#dom-
    E-value  score  bias    E-value  score  bias    exp  N  Sequence           Description
    ------- ------ -----    ------- ------ -----   ---- --  --------           -----------
   9.1e-123  407.9   5.3   1.2e-122  407.5   5.3    1.2  1  NZ_CP034767.1_1544  # 1568776 # 1570155 # 1 # ID=1_1544;partial=00;start_type=ATG;rbs_motif=GGA/GAG/AGG;rbs_spacer=5-10bp;gc_cont=0.603


Domain annotation for each sequence:
>> NZ_CP034767.1_1544  # 1568776 # 1570155 # 1 # ID=1_1544;partial=00;start_type=ATG;rbs_motif=GGA/GAG/AGG;rbs_spacer=5-10bp;gc_cont=0.603
   #    score  bias  c-Evalue  i-Evalue hmmfrom  hmm to    alifrom  ali to    envfrom  env to     acc
 ---   ------ ----- --------- --------- ------- -------    ------- -------    ------- -------    ----
   1 !  407.5   5.3  3.1e-126  1.2e-122       1     409 [.      11     426 ..      11     427 .. 0.99



Internal pipeline statistics summary:
-------------------------------------
Query model(s):                            1  (410 nodes)
Target sequences:                       3993  (1239840 residues searched)
Passed MSV filter:                       111  (0.0277986); expected 79.9 (0.02)
Passed bias filter:                       84  (0.0210368); expected 79.9 (0.02)
Passed Vit filter:                         9  (0.00225394); expected 4.0 (0.001)
Passed Fwd filter:                         1  (0.000250438); expected 0.0 (1e-05)
Initial search space (Z):               3993  [actual number of targets]
Domain search space  (domZ):               1  [number of targets reported over threshold]
# CPU time: 0.03u 0.01s 00:00:00.04 Elapsed: 00:00:00.04
# Mc/sec: 11535.78
//
Query:       TIGR00116  [M=293]
Accession:   TIGR00116
Description: tsf: translation elongation factor Ts
Scores for complete sequences (score includes all domains):
   --- full sequence ---   --- best 1 domain ---    -#dom-
    E-value  score  bias    E-value  score  bias    exp  N  Sequence           Description
    ------- ------ -----    ------- ------ -----   ---- --  --------           -----------
    1.3e-93  311.2   3.2    1.5e-93  311.0   3.2    1.0  1  NZ_CP034767.1_1651  # 1679200 # 1680144 # 1 # ID=1_1651;partial=00;start_type=ATG;rbs_motif=GGA/GAG/AGG;rbs_spacer=5-10bp;gc_cont=0.605


Domain annotation for each sequence:
>> NZ_CP034767.1_1651  # 1679200 # 1680144 # 1 # ID=1_1651;partial=00;start_type=ATG;rbs_motif=GGA/GAG/AGG;rbs_spacer=5-10bp;gc_cont=0.605
   #    score  bias  c-Evalue  i-Evalue hmmfrom  hmm to    alifrom  ali to    envfrom  env to     acc
 ---   ------ ----- --------- --------- ------- -------    ------- -------    ------- -------    ----
   1 !  311.0   3.2   3.7e-97   1.5e-93       2     290 ..       1     304 [.       1     307 [. 0.93



Internal pipeline statistics summary:
-------------------------------------
Query model(s):                            1  (293 nodes)
Target sequences:                       3993  (1239840 residues searched)
Passed MSV filter:                        73  (0.018282); expected 79.9 (0.02)
Passed bias filter:                       60  (0.0150263); expected 79.9 (0.02)
Passed Vit filter:                         5  (0.00125219); expected 4.0 (0.001)
Passed Fwd filter:                         1  (0.000250438); expected 0.0 (1e-05)
Initial search space (Z):               3993  [actual number of targets]
Domain search space  (domZ):               1  [number of targets reported over threshold]
# CPU time: 0.03u 0.00s 00:00:00.03 Elapsed: 00:00:00.03
# Mc/sec: 11457.52
//
Query:       TIGR00134  [M=622]
Accession:   TIGR00134
Description: gatE_arch: glutamyl-tRNA(Gln) amidotransferase, subunit E
Scores for complete sequences (score includes all domains):
   --- full sequence ---   --- best 1 domain ---    -#dom-
    E-value  score  bias    E-value  score  bias    exp  N  Sequence Description
    ------- ------ -----    ------- ------ -----   ---- --  -------- -----------

   [No hits detected that satisfy reporting thresholds]


Domain annotation for each sequence:

   [No targets detected that satisfy reporting thresholds]


Internal pipeline statistics summary:
-------------------------------------
Query model(s):                            1  (622 nodes)
Target sequences:                       3993  (1239840 residues searched)
Passed MSV filter:                       139  (0.0348109); expected 79.9 (0.02)
Passed bias filter:                       98  (0.024543); expected 79.9 (0.02)
Passed Vit filter:                        10  (0.00250438); expected 4.0 (0.001)
Passed Fwd filter:                         1  (0.000250438); expected 0.0 (1e-05)
Initial search space (Z):               3993  [actual number of targets]
Domain search space  (domZ):               0  [number of targets reported over threshold]
# CPU time: 0.07u 0.00s 00:00:00.07 Elapsed: 00:00:00.09
# Mc/sec: 8470.67
//
Query:       TIGR00138  [M=183]
Accession:   TIGR00138
Description: rsmG_gidB: 16S rRNA (guanine(527)-N(7))-methyltransferase RsmG
Scores for complete sequences (score includes all domains):
   --- full sequence ---   --- best 1 domain ---    -#dom-
    E-value  score  bias    E-value  score  bias    exp  N  Sequence           Description
    ------- ------ -----    ------- ------ -----   ---- --  --------           -----------
    6.7e-37  124.7   0.0    7.6e-37  124.5   0.0    1.0  1  NZ_CP034767.1_3812  # 3992048 # 3992683 # -1 # ID=1_3812;partial=00;start_type=GTG;rbs_motif=GGAG/GAGG;rbs_spacer=5-10bp;gc_cont=0.579


Domain annotation for each sequence:
>> NZ_CP034767.1_3812  # 3992048 # 3992683 # -1 # ID=1_3812;partial=00;start_type=GTG;rbs_motif=GGAG/GAGG;rbs_spacer=5-10bp;gc_cont=0.579
   #    score  bias  c-Evalue  i-Evalue hmmfrom  hmm to    alifrom  ali to    envfrom  env to     acc
 ---   ------ ----- --------- --------- ------- -------    ------- -------    ------- -------    ----
   1 !  124.5   0.0   1.9e-40   7.6e-37       2     178 ..      25     200 ..      24     205 .. 0.88



Internal pipeline statistics summary:
-------------------------------------
Query model(s):                            1  (183 nodes)
Target sequences:                       3993  (1239840 residues searched)
Passed MSV filter:                        72  (0.0180316); expected 79.9 (0.02)
Passed bias filter:                       71  (0.0177811); expected 79.9 (0.02)
Passed Vit filter:                         9  (0.00225394); expected 4.0 (0.001)
Passed Fwd filter:                         2  (0.000500877); expected 0.0 (1e-05)
Initial search space (Z):               3993  [actual number of targets]
Domain search space  (domZ):               1  [number of targets reported over threshold]
# CPU time: 0.02u 0.00s 00:00:00.02 Elapsed: 00:00:00.01
# Mc/sec: 17281.87
//
Query:       TIGR00158  [M=148]
Accession:   TIGR00158
Description: L9: ribosomal protein bL9
Scores for complete sequences (score includes all domains):
   --- full sequence ---   --- best 1 domain ---    -#dom-
    E-value  score  bias    E-value  score  bias    exp  N  Sequence           Description
    ------- ------ -----    ------- ------ -----   ---- --  --------           -----------
      1e-39  134.2   0.2    1.3e-39  133.9   0.2    1.1  1  NZ_CP034767.1_3082  # 3190623 # 3191195 # 1 # ID=1_3082;partial=00;start_type=ATG;rbs_motif=AGGA;rbs_spacer=5-10bp;gc_cont=0.640


Domain annotation for each sequence:
>> NZ_CP034767.1_3082  # 3190623 # 3191195 # 1 # ID=1_3082;partial=00;start_type=ATG;rbs_motif=AGGA;rbs_spacer=5-10bp;gc_cont=0.640
   #    score  bias  c-Evalue  i-Evalue hmmfrom  hmm to    alifrom  ali to    envfrom  env to     acc
 ---   ------ ----- --------- --------- ------- -------    ------- -------    ------- -------    ----
   1 !  133.9   0.2   3.2e-43   1.3e-39       1     146 [.       1     145 [.       1     147 [. 0.99



Internal pipeline statistics summary:
-------------------------------------
Query model(s):                            1  (148 nodes)
Target sequences:                       3993  (1239840 residues searched)
Passed MSV filter:                        65  (0.0162785); expected 79.9 (0.02)
Passed bias filter:                       51  (0.0127724); expected 79.9 (0.02)
Passed Vit filter:                         5  (0.00125219); expected 4.0 (0.001)
Passed Fwd filter:                         1  (0.000250438); expected 0.0 (1e-05)
Initial search space (Z):               3993  [actual number of targets]
Domain search space  (domZ):               1  [number of targets reported over threshold]
# CPU time: 0.02u 0.00s 00:00:00.02 Elapsed: 00:00:00.02
# Mc/sec: 6928.27
//
Query:       TIGR00166  [M=95]
Accession:   TIGR00166
Description: S6: ribosomal protein bS6
Scores for complete sequences (score includes all domains):
   --- full sequence ---   --- best 1 domain ---    -#dom-
    E-value  score  bias    E-value  score  bias    exp  N  Sequence           Description
    ------- ------ -----    ------- ------ -----   ---- --  --------           -----------
    2.1e-24   83.4   0.1    2.5e-24   83.2   0.1    1.1  1  NZ_CP034767.1_3080  # 3189716 # 3190120 # 1 # ID=1_3080;partial=00;start_type=ATG;rbs_motif=AGGA;rbs_spacer=5-10bp;gc_cont=0.620


Domain annotation for each sequence:
>> NZ_CP034767.1_3080  # 3189716 # 3190120 # 1 # ID=1_3080;partial=00;start_type=ATG;rbs_motif=AGGA;rbs_spacer=5-10bp;gc_cont=0.620
   #    score  bias  c-Evalue  i-Evalue hmmfrom  hmm to    alifrom  ali to    envfrom  env to     acc
 ---   ------ ----- --------- --------- ------- -------    ------- -------    ------- -------    ----
   1 !   83.2   0.1   6.2e-28   2.5e-24       1      94 [.       1      94 [.       1      95 [. 0.98



Internal pipeline statistics summary:
-------------------------------------
Query model(s):                            1  (95 nodes)
Target sequences:                       3993  (1239840 residues searched)
Passed MSV filter:                        37  (0.00926622); expected 79.9 (0.02)
Passed bias filter:                       35  (0.00876534); expected 79.9 (0.02)
Passed Vit filter:                         4  (0.00100175); expected 4.0 (0.001)
Passed Fwd filter:                         1  (0.000250438); expected 0.0 (1e-05)
Initial search space (Z):               3993  [actual number of targets]
Domain search space  (domZ):               1  [number of targets reported over threshold]
# CPU time: 0.02u 0.00s 00:00:00.02 Elapsed: 00:00:00.01
# Mc/sec: 7327.10
//
Query:       TIGR00168  [M=165]
Accession:   TIGR00168
Description: infC: translation initiation factor IF-3
Scores for complete sequences (score includes all domains):
   --- full sequence ---   --- best 1 domain ---    -#dom-
    E-value  score  bias    E-value  score  bias    exp  N  Sequence           Description
    ------- ------ -----    ------- ------ -----   ---- --  --------           -----------
    9.9e-64  211.8   2.9    1.1e-63  211.6   2.9    1.0  1  NZ_CP034767.1_3980  # 4157563 # 4158087 # 1 # ID=1_3980;partial=00;start_type=ATG;rbs_motif=None;rbs_spacer=None;gc_cont=0.594


Domain annotation for each sequence:
>> NZ_CP034767.1_3980  # 4157563 # 4158087 # 1 # ID=1_3980;partial=00;start_type=ATG;rbs_motif=None;rbs_spacer=None;gc_cont=0.594
   #    score  bias  c-Evalue  i-Evalue hmmfrom  hmm to    alifrom  ali to    envfrom  env to     acc
 ---   ------ ----- --------- --------- ------- -------    ------- -------    ------- -------    ----
   1 !  211.6   2.9   2.8e-67   1.1e-63       2     163 ..      14     174 ..      13     174 .. 0.99



Internal pipeline statistics summary:
-------------------------------------
Query model(s):                            1  (165 nodes)
Target sequences:                       3993  (1239840 residues searched)
Passed MSV filter:                        76  (0.0190333); expected 79.9 (0.02)
Passed bias filter:                       66  (0.0165289); expected 79.9 (0.02)
Passed Vit filter:                         9  (0.00225394); expected 4.0 (0.001)
Passed Fwd filter:                         1  (0.000250438); expected 0.0 (1e-05)
Initial search space (Z):               3993  [actual number of targets]
Domain search space  (domZ):               1  [number of targets reported over threshold]
# CPU time: 0.01u 0.01s 00:00:00.02 Elapsed: 00:00:00.01
# Mc/sec: 12116.73
//
Query:       TIGR00186  [M=240]
Accession:   TIGR00186
Description: rRNA_methyl_3: RNA methyltransferase, TrmH family, group 3
Scores for complete sequences (score includes all domains):
   --- full sequence ---   --- best 1 domain ---    -#dom-
    E-value  score  bias    E-value  score  bias    exp  N  Sequence           Description
    ------- ------ -----    ------- ------ -----   ---- --  --------           -----------
    1.5e-52  176.2   0.0    1.8e-52  176.0   0.0    1.0  1  NZ_CP034767.1_1413  # 1447627 # 1448382 # -1 # ID=1_1413;partial=00;start_type=ATG;rbs_motif=4Base/6BMM;rbs_spacer=13-15bp;gc_cont=0.627


Domain annotation for each sequence:
>> NZ_CP034767.1_1413  # 1447627 # 1448382 # -1 # ID=1_1413;partial=00;start_type=ATG;rbs_motif=4Base/6BMM;rbs_spacer=13-15bp;gc_cont=0.627
   #    score  bias  c-Evalue  i-Evalue hmmfrom  hmm to    alifrom  ali to    envfrom  env to     acc
 ---   ------ ----- --------- --------- ------- -------    ------- -------    ------- -------    ----
   1 !  176.0   0.0   4.5e-56   1.8e-52       4     237 ..      20     246 ..      18     249 .. 0.93



Internal pipeline statistics summary:
-------------------------------------
Query model(s):                            1  (240 nodes)
Target sequences:                       3993  (1239840 residues searched)
Passed MSV filter:                        85  (0.0212873); expected 79.9 (0.02)
Passed bias filter:                       82  (0.0205359); expected 79.9 (0.02)
Passed Vit filter:                         7  (0.00175307); expected 4.0 (0.001)
Passed Fwd filter:                         3  (0.000751315); expected 0.0 (1e-05)
Initial search space (Z):               3993  [actual number of targets]
Domain search space  (domZ):               1  [number of targets reported over threshold]
# CPU time: 0.03u 0.00s 00:00:00.03 Elapsed: 00:00:00.04
# Mc/sec: 6663.12
//
Query:       TIGR00194  [M=574]
Accession:   TIGR00194
Description: uvrC: excinuclease ABC subunit C
Scores for complete sequences (score includes all domains):
   --- full sequence ---   --- best 1 domain ---    -#dom-
    E-value  score  bias    E-value  score  bias    exp  N  Sequence           Description
    ------- ------ -----    ------- ------ -----   ---- --  --------           -----------
   2.9e-163  542.4   0.0   3.6e-163  542.1   0.0    1.1  1  NZ_CP034767.1_2386  # 2452541 # 2454436 # 1 # ID=1_2386;partial=00;start_type=ATG;rbs_motif=None;rbs_spacer=None;gc_cont=0.632


Domain annotation for each sequence:
>> NZ_CP034767.1_2386  # 2452541 # 2454436 # 1 # ID=1_2386;partial=00;start_type=ATG;rbs_motif=None;rbs_spacer=None;gc_cont=0.632
   #    score  bias  c-Evalue  i-Evalue hmmfrom  hmm to    alifrom  ali to    envfrom  env to     acc
 ---   ------ ----- --------- --------- ------- -------    ------- -------    ------- -------    ----
   1 !  542.1   0.0  9.1e-167  3.6e-163       5     573 ..      22     607 ..      18     608 .. 0.95



Internal pipeline statistics summary:
-------------------------------------
Query model(s):                            1  (574 nodes)
Target sequences:                       3993  (1239840 residues searched)
Passed MSV filter:                        71  (0.0177811); expected 79.9 (0.02)
Passed bias filter:                       66  (0.0165289); expected 79.9 (0.02)
Passed Vit filter:                        11  (0.00275482); expected 4.0 (0.001)
Passed Fwd filter:                         3  (0.000751315); expected 0.0 (1e-05)
Initial search space (Z):               3993  [actual number of targets]
Domain search space  (domZ):               1  [number of targets reported over threshold]
# CPU time: 0.05u 0.01s 00:00:00.06 Elapsed: 00:00:00.06
# Mc/sec: 11660.31
//
Query:       TIGR00250  [M=130]
Accession:   TIGR00250
Description: RNAse_H_YqgF: putative transcription antitermination factor YqgF
Scores for complete sequences (score includes all domains):
   --- full sequence ---   --- best 1 domain ---    -#dom-
    E-value  score  bias    E-value  score  bias    exp  N  Sequence           Description
    ------- ------ -----    ------- ------ -----   ---- --  --------           -----------
    2.2e-36  122.7   0.0    2.5e-36  122.5   0.0    1.0  1  NZ_CP034767.1_1771  # 1809703 # 1810167 # 1 # ID=1_1771;partial=00;start_type=ATG;rbs_motif=GGAG/GAGG;rbs_spacer=5-10bp;gc_cont=0.634


Domain annotation for each sequence:
>> NZ_CP034767.1_1771  # 1809703 # 1810167 # 1 # ID=1_1771;partial=00;start_type=ATG;rbs_motif=GGAG/GAGG;rbs_spacer=5-10bp;gc_cont=0.634
   #    score  bias  c-Evalue  i-Evalue hmmfrom  hmm to    alifrom  ali to    envfrom  env to     acc
 ---   ------ ----- --------- --------- ------- -------    ------- -------    ------- -------    ----
   1 !  122.5   0.0   6.2e-40   2.5e-36       1     130 []      20     149 ..      20     149 .. 0.99



Internal pipeline statistics summary:
-------------------------------------
Query model(s):                            1  (130 nodes)
Target sequences:                       3993  (1239840 residues searched)
Passed MSV filter:                       106  (0.0265465); expected 79.9 (0.02)
Passed bias filter:                       98  (0.024543); expected 79.9 (0.02)
Passed Vit filter:                         5  (0.00125219); expected 4.0 (0.001)
Passed Fwd filter:                         1  (0.000250438); expected 0.0 (1e-05)
Initial search space (Z):               3993  [actual number of targets]
Domain search space  (domZ):               1  [number of targets reported over threshold]
# CPU time: 0.02u 0.00s 00:00:00.02 Elapsed: 00:00:00.02
# Mc/sec: 6029.78
//
Query:       TIGR00279  [M=172]
Accession:   TIGR00279
Description: uL16_euk_arch: ribosomal protein uL16
Scores for complete sequences (score includes all domains):
   --- full sequence ---   --- best 1 domain ---    -#dom-
    E-value  score  bias    E-value  score  bias    exp  N  Sequence Description
    ------- ------ -----    ------- ------ -----   ---- --  -------- -----------

   [No hits detected that satisfy reporting thresholds]


Domain annotation for each sequence:

   [No targets detected that satisfy reporting thresholds]


Internal pipeline statistics summary:
-------------------------------------
Query model(s):                            1  (172 nodes)
Target sequences:                       3993  (1239840 residues searched)
Passed MSV filter:                        93  (0.0232908); expected 79.9 (0.02)
Passed bias filter:                       76  (0.0190333); expected 79.9 (0.02)
Passed Vit filter:                         4  (0.00100175); expected 4.0 (0.001)
Passed Fwd filter:                         1  (0.000250438); expected 0.0 (1e-05)
Initial search space (Z):               3993  [actual number of targets]
Domain search space  (domZ):               0  [number of targets reported over threshold]
# CPU time: 0.03u 0.00s 00:00:00.03 Elapsed: 00:00:00.02
# Mc/sec: 9646.24
//
Query:       TIGR00291  [M=231]
Accession:   TIGR00291
Description: RNA_SBDS: rRNA metabolism protein, SBDS family
Scores for complete sequences (score includes all domains):
   --- full sequence ---   --- best 1 domain ---    -#dom-
    E-value  score  bias    E-value  score  bias    exp  N  Sequence Description
    ------- ------ -----    ------- ------ -----   ---- --  -------- -----------

   [No hits detected that satisfy reporting thresholds]


Domain annotation for each sequence:

   [No targets detected that satisfy reporting thresholds]


Internal pipeline statistics summary:
-------------------------------------
Query model(s):                            1  (231 nodes)
Target sequences:                       3993  (1239840 residues searched)
Passed MSV filter:                        65  (0.0162785); expected 79.9 (0.02)
Passed bias filter:                       60  (0.0150263); expected 79.9 (0.02)
Passed Vit filter:                         3  (0.000751315); expected 4.0 (0.001)
Passed Fwd filter:                         0  (0); expected 0.0 (1e-05)
Initial search space (Z):               3993  [actual number of targets]
Domain search space  (domZ):               0  [number of targets reported over threshold]
# CPU time: 0.02u 0.00s 00:00:00.02 Elapsed: 00:00:00.02
# Mc/sec: 11422.32
//
Query:       TIGR00323  [M=215]
Accession:   TIGR00323
Description: eIF-6: putative translation initiation factor eIF-6
Scores for complete sequences (score includes all domains):
   --- full sequence ---   --- best 1 domain ---    -#dom-
    E-value  score  bias    E-value  score  bias    exp  N  Sequence Description
    ------- ------ -----    ------- ------ -----   ---- --  -------- -----------

   [No hits detected that satisfy reporting thresholds]


Domain annotation for each sequence:

   [No targets detected that satisfy reporting thresholds]


Internal pipeline statistics summary:
-------------------------------------
Query model(s):                            1  (215 nodes)
Target sequences:                       3993  (1239840 residues searched)
Passed MSV filter:                       108  (0.0270473); expected 79.9 (0.02)
Passed bias filter:                       78  (0.0195342); expected 79.9 (0.02)
Passed Vit filter:                         2  (0.000500877); expected 4.0 (0.001)
Passed Fwd filter:                         0  (0); expected 0.0 (1e-05)
Initial search space (Z):               3993  [actual number of targets]
Domain search space  (domZ):               0  [number of targets reported over threshold]
# CPU time: 0.02u 0.00s 00:00:00.02 Elapsed: 00:00:00.02
# Mc/sec: 10568.83
//
Query:       TIGR00335  [M=324]
Accession:   TIGR00335
Description: primase_sml: putative DNA primase, eukaryotic-type, small subunit
Scores for complete sequences (score includes all domains):
   --- full sequence ---   --- best 1 domain ---    -#dom-
    E-value  score  bias    E-value  score  bias    exp  N  Sequence Description
    ------- ------ -----    ------- ------ -----   ---- --  -------- -----------

   [No hits detected that satisfy reporting thresholds]


Domain annotation for each sequence:

   [No targets detected that satisfy reporting thresholds]


Internal pipeline statistics summary:
-------------------------------------
Query model(s):                            1  (324 nodes)
Target sequences:                       3993  (1239840 residues searched)
Passed MSV filter:                        63  (0.0157776); expected 79.9 (0.02)
Passed bias filter:                       57  (0.014275); expected 79.9 (0.02)
Passed Vit filter:                         6  (0.00150263); expected 4.0 (0.001)
Passed Fwd filter:                         0  (0); expected 0.0 (1e-05)
Initial search space (Z):               3993  [actual number of targets]
Domain search space  (domZ):               0  [number of targets reported over threshold]
# CPU time: 0.02u 0.00s 00:00:00.02 Elapsed: 00:00:00.04
# Mc/sec: 9497.41
//
Query:       TIGR00337  [M=526]
Accession:   TIGR00337
Description: PyrG: CTP synthase
Scores for complete sequences (score includes all domains):
   --- full sequence ---   --- best 1 domain ---    -#dom-
    E-value  score  bias    E-value  score  bias    exp  N  Sequence           Description
    ------- ------ -----    ------- ------ -----   ---- --  --------           -----------
   8.7e-224  741.7   0.0   9.9e-224  741.5   0.0    1.0  1  NZ_CP034767.1_1681  # 1711751 # 1713379 # 1 # ID=1_1681;partial=00;start_type=ATG;rbs_motif=GGA/GAG/AGG;rbs_spacer=5-10bp;gc_cont=0.618


Domain annotation for each sequence:
>> NZ_CP034767.1_1681  # 1711751 # 1713379 # 1 # ID=1_1681;partial=00;start_type=ATG;rbs_motif=GGA/GAG/AGG;rbs_spacer=5-10bp;gc_cont=0.618
   #    score  bias  c-Evalue  i-Evalue hmmfrom  hmm to    alifrom  ali to    envfrom  env to     acc
 ---   ------ ----- --------- --------- ------- -------    ------- -------    ------- -------    ----
   1 !  741.5   0.0  2.5e-227  9.9e-224       3     526 .]       2     534 ..       1     534 [. 0.99



Internal pipeline statistics summary:
-------------------------------------
Query model(s):                            1  (526 nodes)
Target sequences:                       3993  (1239840 residues searched)
Passed MSV filter:                        87  (0.0217881); expected 79.9 (0.02)
Passed bias filter:                       80  (0.0200351); expected 79.9 (0.02)
Passed Vit filter:                        15  (0.00375657); expected 4.0 (0.001)
Passed Fwd filter:                         4  (0.00100175); expected 0.0 (1e-05)
Initial search space (Z):               3993  [actual number of targets]
Domain search space  (domZ):               1  [number of targets reported over threshold]
# CPU time: 0.05u 0.01s 00:00:00.06 Elapsed: 00:00:00.07
# Mc/sec: 8567.26
//
Query:       TIGR00344  [M=847]
Accession:   TIGR00344
Description: alaS: alanine--tRNA ligase
Scores for complete sequences (score includes all domains):
   --- full sequence ---   --- best 1 domain ---    -#dom-
    E-value  score  bias    E-value  score  bias    exp  N  Sequence           Description
    ------- ------ -----    ------- ------ -----   ---- --  --------           -----------
   1.5e-292  970.7   0.0   1.7e-292  970.5   0.0    1.0  1  NZ_CP034767.1_2082  # 2131002 # 2133641 # -1 # ID=1_2082;partial=00;start_type=ATG;rbs_motif=None;rbs_spacer=None;gc_cont=0.631


Domain annotation for each sequence:
>> NZ_CP034767.1_2082  # 2131002 # 2133641 # -1 # ID=1_2082;partial=00;start_type=ATG;rbs_motif=None;rbs_spacer=None;gc_cont=0.631
   #    score  bias  c-Evalue  i-Evalue hmmfrom  hmm to    alifrom  ali to    envfrom  env to     acc
 ---   ------ ----- --------- --------- ------- -------    ------- -------    ------- -------    ----
   1 !  970.5   0.0  4.3e-296  1.7e-292       2     847 .]       7     862 ..       6     862 .. 0.97



Internal pipeline statistics summary:
-------------------------------------
Query model(s):                            1  (847 nodes)
Target sequences:                       3993  (1239840 residues searched)
Passed MSV filter:                        92  (0.0230403); expected 79.9 (0.02)
Passed bias filter:                       74  (0.0185324); expected 79.9 (0.02)
Passed Vit filter:                        13  (0.0032557); expected 4.0 (0.001)
Passed Fwd filter:                         3  (0.000751315); expected 0.0 (1e-05)
Initial search space (Z):               3993  [actual number of targets]
Domain search space  (domZ):               1  [number of targets reported over threshold]
# CPU time: 0.09u 0.02s 00:00:00.11 Elapsed: 00:00:00.11
# Mc/sec: 9492.08
//
Query:       TIGR00362  [M=437]
Accession:   TIGR00362
Description: DnaA: chromosomal replication initiator protein DnaA
Scores for complete sequences (score includes all domains):
   --- full sequence ---   --- best 1 domain ---    -#dom-
    E-value  score  bias    E-value  score  bias    exp  N  Sequence        Description
    ------- ------ -----    ------- ------ -----   ---- --  --------        -----------
   1.3e-134  447.4   0.0   1.4e-134  447.2   0.0    1.0  1  NZ_CP034767.1_1  # 127 # 1686 # 1 # ID=1_1;partial=00;start_type=ATG;rbs_motif=GGxGG;rbs_spacer=5-10bp;gc_cont=0.640


Domain annotation for each sequence:
>> NZ_CP034767.1_1  # 127 # 1686 # 1 # ID=1_1;partial=00;start_type=ATG;rbs_motif=GGxGG;rbs_spacer=5-10bp;gc_cont=0.640
   #    score  bias  c-Evalue  i-Evalue hmmfrom  hmm to    alifrom  ali to    envfrom  env to     acc
 ---   ------ ----- --------- --------- ------- -------    ------- -------    ------- -------    ----
   1 !  447.2   0.0  3.6e-138  1.4e-134       1     437 []      50     517 ..      50     517 .. 0.91



Internal pipeline statistics summary:
-------------------------------------
Query model(s):                            1  (437 nodes)
Target sequences:                       3993  (1239840 residues searched)
Passed MSV filter:                       141  (0.0353118); expected 79.9 (0.02)
Passed bias filter:                      132  (0.0330579); expected 79.9 (0.02)
Passed Vit filter:                        29  (0.00726271); expected 4.0 (0.001)
Passed Fwd filter:                         4  (0.00100175); expected 0.0 (1e-05)
Initial search space (Z):               3993  [actual number of targets]
Domain search space  (domZ):               1  [number of targets reported over threshold]
# CPU time: 0.05u 0.01s 00:00:00.06 Elapsed: 00:00:00.06
# Mc/sec: 8610.62
//
Query:       TIGR00373  [M=162]
Accession:   TIGR00373
Description: TIGR00373: transcription factor E
Scores for complete sequences (score includes all domains):
   --- full sequence ---   --- best 1 domain ---    -#dom-
    E-value  score  bias    E-value  score  bias    exp  N  Sequence Description
    ------- ------ -----    ------- ------ -----   ---- --  -------- -----------

   [No hits detected that satisfy reporting thresholds]


Domain annotation for each sequence:

   [No targets detected that satisfy reporting thresholds]


Internal pipeline statistics summary:
-------------------------------------
Query model(s):                            1  (162 nodes)
Target sequences:                       3993  (1239840 residues searched)
Passed MSV filter:                        79  (0.0197846); expected 79.9 (0.02)
Passed bias filter:                       78  (0.0195342); expected 79.9 (0.02)
Passed Vit filter:                        10  (0.00250438); expected 4.0 (0.001)
Passed Fwd filter:                         0  (0); expected 0.0 (1e-05)
Initial search space (Z):               3993  [actual number of targets]
Domain search space  (domZ):               0  [number of targets reported over threshold]
# CPU time: 0.01u 0.00s 00:00:00.01 Elapsed: 00:00:00.03
# Mc/sec: 6188.95
//
Query:       TIGR00382  [M=414]
Accession:   TIGR00382
Description: clpX: ATP-dependent Clp protease, ATP-binding subunit ClpX
Scores for complete sequences (score includes all domains):
   --- full sequence ---   --- best 1 domain ---    -#dom-
    E-value  score  bias    E-value  score  bias    exp  N  Sequence           Description
    ------- ------ -----    ------- ------ -----   ---- --  --------           -----------
   1.1e-200  664.7   0.4   1.4e-200  664.4   0.4    1.0  1  NZ_CP034767.1_1548  # 1573063 # 1574340 # 1 # ID=1_1548;partial=00;start_type=ATG;rbs_motif=GGAG/GAGG;rbs_spacer=5-10bp;gc_cont=0.594
    1.3e-54  183.6   0.8    7.8e-23   78.9   0.0    3.4  0  NZ_CP034767.1_3827  # 4005167 # 4006477 # -1 # ID=1_3827;partial=00;start_type=ATG;rbs_motif=AGGA/GGAG/GAGG;rbs_spacer=11-12bp;gc_cont=0.633


Domain annotation for each sequence:
>> NZ_CP034767.1_1548  # 1573063 # 1574340 # 1 # ID=1_1548;partial=00;start_type=ATG;rbs_motif=GGAG/GAGG;rbs_spacer=5-10bp;gc_cont=0.594
   #    score  bias  c-Evalue  i-Evalue hmmfrom  hmm to    alifrom  ali to    envfrom  env to     acc
 ---   ------ ----- --------- --------- ------- -------    ------- -------    ------- -------    ----
   1 !  664.4   0.4  6.8e-204  1.4e-200       5     411 ..      11     408 ..       7     411 .. 0.96

>> NZ_CP034767.1_3827  # 4005167 # 4006477 # -1 # ID=1_3827;partial=00;start_type=ATG;rbs_motif=AGGA/GGAG/GAGG;rbs_spacer=11-12bp;gc_cont=0.633
   [No individual domains that satisfy reporting thresholds (although complete target did)]



Internal pipeline statistics summary:
-------------------------------------
Query model(s):                            1  (414 nodes)
Target sequences:                       3993  (1239840 residues searched)
Passed MSV filter:                       217  (0.0543451); expected 79.9 (0.02)
Passed bias filter:                      208  (0.0520912); expected 79.9 (0.02)
Passed Vit filter:                        71  (0.0177811); expected 4.0 (0.001)
Passed Fwd filter:                        12  (0.00300526); expected 0.0 (1e-05)
Initial search space (Z):               3993  [actual number of targets]
Domain search space  (domZ):               2  [number of targets reported over threshold]
# CPU time: 0.10u 0.00s 00:00:00.10 Elapsed: 00:00:00.09
# Mc/sec: 5236.48
//
Query:       TIGR00392  [M=861]
Accession:   TIGR00392
Description: ileS: isoleucine--tRNA ligase
Scores for complete sequences (score includes all domains):
   --- full sequence ---   --- best 1 domain ---    -#dom-
    E-value  score  bias    E-value  score  bias    exp  N  Sequence          Description
    ------- ------ -----    ------- ------ -----   ---- --  --------          -----------
   7.4e-243  806.3   0.0   8.6e-243  806.1   0.0    1.0  1  NZ_CP034767.1_622  # 635552 # 638797 # 1 # ID=1_622;partial=00;start_type=GTG;rbs_motif=GGAG/GAGG;rbs_spacer=5-10bp;gc_cont=0.636


Domain annotation for each sequence:
>> NZ_CP034767.1_622  # 635552 # 638797 # 1 # ID=1_622;partial=00;start_type=GTG;rbs_motif=GGAG/GAGG;rbs_spacer=5-10bp;gc_cont=0.636
   #    score  bias  c-Evalue  i-Evalue hmmfrom  hmm to    alifrom  ali to    envfrom  env to     acc
 ---   ------ ----- --------- --------- ------- -------    ------- -------    ------- -------    ----
   1 !  806.1   0.0  2.1e-246  8.6e-243       1     859 [.     116     989 ..     116     991 .. 0.93



Internal pipeline statistics summary:
-------------------------------------
Query model(s):                            1  (861 nodes)
Target sequences:                       3993  (1239840 residues searched)
Passed MSV filter:                        66  (0.0165289); expected 79.9 (0.02)
Passed bias filter:                       62  (0.0155272); expected 79.9 (0.02)
Passed Vit filter:                        15  (0.00375657); expected 4.0 (0.001)
Passed Fwd filter:                         7  (0.00175307); expected 0.0 (1e-05)
Initial search space (Z):               3993  [actual number of targets]
Domain search space  (domZ):               1  [number of targets reported over threshold]
# CPU time: 0.15u 0.02s 00:00:00.17 Elapsed: 00:00:00.17
# Mc/sec: 6166.68
//
Query:       TIGR00396  [M=843]
Accession:   TIGR00396
Description: leuS_bact: leucine--tRNA ligase
Scores for complete sequences (score includes all domains):
   --- full sequence ---   --- best 1 domain ---    -#dom-
    E-value  score  bias    E-value  score  bias    exp  N  Sequence           Description
    ------- ------ -----    ------- ------ -----   ---- --  --------           -----------
   2.7e-303 1006.1   0.0   3.1e-303 1005.9   0.0    1.0  1  NZ_CP034767.1_3807  # 3986210 # 3988828 # 1 # ID=1_3807;partial=00;start_type=TTG;rbs_motif=AGGA;rbs_spacer=5-10bp;gc_cont=0.632


Domain annotation for each sequence:
>> NZ_CP034767.1_3807  # 3986210 # 3988828 # 1 # ID=1_3807;partial=00;start_type=TTG;rbs_motif=AGGA;rbs_spacer=5-10bp;gc_cont=0.632
   #    score  bias  c-Evalue  i-Evalue hmmfrom  hmm to    alifrom  ali to    envfrom  env to     acc
 ---   ------ ----- --------- --------- ------- -------    ------- -------    ------- -------    ----
   1 ! 1005.9   0.0  7.7e-307  3.1e-303       1     842 [.       6     872 ..       6     872 .. 0.94



Internal pipeline statistics summary:
-------------------------------------
Query model(s):                            1  (843 nodes)
Target sequences:                       3993  (1239840 residues searched)
Passed MSV filter:                        75  (0.0187829); expected 79.9 (0.02)
Passed bias filter:                       73  (0.018282); expected 79.9 (0.02)
Passed Vit filter:                        15  (0.00375657); expected 4.0 (0.001)
Passed Fwd filter:                         5  (0.00125219); expected 0.0 (1e-05)
Initial search space (Z):               3993  [actual number of targets]
Domain search space  (domZ):               1  [number of targets reported over threshold]
# CPU time: 0.12u 0.02s 00:00:00.13 Elapsed: 00:00:00.14
# Mc/sec: 7361.75
//
Query:       TIGR00398  [M=530]
Accession:   TIGR00398
Description: metG: methionine--tRNA ligase
Scores for complete sequences (score includes all domains):
   --- full sequence ---   --- best 1 domain ---    -#dom-
    E-value  score  bias    E-value  score  bias    exp  N  Sequence           Description
    ------- ------ -----    ------- ------ -----   ---- --  --------           -----------
     3e-151  502.5   0.0   1.2e-149  497.2   0.0    2.0  1  NZ_CP034767.1_1696  # 1730330 # 1731877 # 1 # ID=1_1696;partial=00;start_type=ATG;rbs_motif=GGA/GAG/AGG;rbs_spacer=5-10bp;gc_cont=0.626


Domain annotation for each sequence:
>> NZ_CP034767.1_1696  # 1730330 # 1731877 # 1 # ID=1_1696;partial=00;start_type=ATG;rbs_motif=GGA/GAG/AGG;rbs_spacer=5-10bp;gc_cont=0.626
   #    score  bias  c-Evalue  i-Evalue hmmfrom  hmm to    alifrom  ali to    envfrom  env to     acc
 ---   ------ ----- --------- --------- ------- -------    ------- -------    ------- -------    ----
   1 !  497.2   0.0  3.1e-153  1.2e-149       1     506 [.       5     481 ..       5     509 .. 0.95



Internal pipeline statistics summary:
-------------------------------------
Query model(s):                            1  (530 nodes)
Target sequences:                       3993  (1239840 residues searched)
Passed MSV filter:                        62  (0.0155272); expected 79.9 (0.02)
Passed bias filter:                       61  (0.0152767); expected 79.9 (0.02)
Passed Vit filter:                        11  (0.00275482); expected 4.0 (0.001)
Passed Fwd filter:                         7  (0.00175307); expected 0.0 (1e-05)
Initial search space (Z):               3993  [actual number of targets]
Domain search space  (domZ):               1  [number of targets reported over threshold]
# CPU time: 0.09u 0.01s 00:00:00.10 Elapsed: 00:00:00.09
# Mc/sec: 6886.25
//
Query:       TIGR00405  [M=145]
Accession:   TIGR00405
Description: KOW_elon_Spt5: transcription elongation factor Spt5
Scores for complete sequences (score includes all domains):
   --- full sequence ---   --- best 1 domain ---    -#dom-
    E-value  score  bias    E-value  score  bias    exp  N  Sequence Description
    ------- ------ -----    ------- ------ -----   ---- --  -------- -----------

   [No hits detected that satisfy reporting thresholds]


Domain annotation for each sequence:

   [No targets detected that satisfy reporting thresholds]


Internal pipeline statistics summary:
-------------------------------------
Query model(s):                            1  (145 nodes)
Target sequences:                       3993  (1239840 residues searched)
Passed MSV filter:                       105  (0.026296); expected 79.9 (0.02)
Passed bias filter:                       92  (0.0230403); expected 79.9 (0.02)
Passed Vit filter:                         7  (0.00175307); expected 4.0 (0.001)
Passed Fwd filter:                         1  (0.000250438); expected 0.0 (1e-05)
Initial search space (Z):               3993  [actual number of targets]
Domain search space  (domZ):               0  [number of targets reported over threshold]
# CPU time: 0.02u 0.00s 00:00:00.02 Elapsed: 00:00:00.03
# Mc/sec: 5437.40
//
Query:       TIGR00414  [M=418]
Accession:   TIGR00414
Description: serS: serine--tRNA ligase
Scores for complete sequences (score includes all domains):
   --- full sequence ---   --- best 1 domain ---    -#dom-
    E-value  score  bias    E-value  score  bias    exp  N  Sequence           Description
    ------- ------ -----    ------- ------ -----   ---- --  --------           -----------
   1.1e-150  500.1   0.0   1.2e-150  499.9   0.0    1.0  1  NZ_CP034767.1_1143  # 1174765 # 1176093 # 1 # ID=1_1143;partial=00;start_type=ATG;rbs_motif=None;rbs_spacer=None;gc_cont=0.633


Domain annotation for each sequence:
>> NZ_CP034767.1_1143  # 1174765 # 1176093 # 1 # ID=1_1143;partial=00;start_type=ATG;rbs_motif=None;rbs_spacer=None;gc_cont=0.633
   #    score  bias  c-Evalue  i-Evalue hmmfrom  hmm to    alifrom  ali to    envfrom  env to     acc
 ---   ------ ----- --------- --------- ------- -------    ------- -------    ------- -------    ----
   1 !  499.9   0.0    3e-154  1.2e-150       1     418 []       1     433 [.       1     433 [. 0.97



Internal pipeline statistics summary:
-------------------------------------
Query model(s):                            1  (418 nodes)
Target sequences:                       3993  (1239840 residues searched)
Passed MSV filter:                        92  (0.0230403); expected 79.9 (0.02)
Passed bias filter:                       75  (0.0187829); expected 79.9 (0.02)
Passed Vit filter:                         9  (0.00225394); expected 4.0 (0.001)
Passed Fwd filter:                         4  (0.00100175); expected 0.0 (1e-05)
Initial search space (Z):               3993  [actual number of targets]
Domain search space  (domZ):               1  [number of targets reported over threshold]
# CPU time: 0.06u 0.00s 00:00:00.06 Elapsed: 00:00:00.04
# Mc/sec: 10792.15
//
Query:       TIGR00416  [M=454]
Accession:   TIGR00416
Description: sms: DNA repair protein RadA
Scores for complete sequences (score includes all domains):
   --- full sequence ---   --- best 1 domain ---    -#dom-
    E-value  score  bias    E-value  score  bias    exp  N  Sequence           Description
    ------- ------ -----    ------- ------ -----   ---- --  --------           -----------
   6.3e-167  553.7   0.0     7e-167  553.5   0.0    1.0  1  NZ_CP034767.1_3086  # 3194675 # 3196075 # 1 # ID=1_3086;partial=00;start_type=TTG;rbs_motif=AGGA;rbs_spacer=5-10bp;gc_cont=0.669


Domain annotation for each sequence:
>> NZ_CP034767.1_3086  # 3194675 # 3196075 # 1 # ID=1_3086;partial=00;start_type=TTG;rbs_motif=AGGA;rbs_spacer=5-10bp;gc_cont=0.669
   #    score  bias  c-Evalue  i-Evalue hmmfrom  hmm to    alifrom  ali to    envfrom  env to     acc
 ---   ------ ----- --------- --------- ------- -------    ------- -------    ------- -------    ----
   1 !  553.5   0.0  1.7e-170    7e-167       1     429 [.       1     425 [.       1     449 [. 0.94



Internal pipeline statistics summary:
-------------------------------------
Query model(s):                            1  (454 nodes)
Target sequences:                       3993  (1239840 residues searched)
Passed MSV filter:                       213  (0.0533434); expected 79.9 (0.02)
Passed bias filter:                      195  (0.0488355); expected 79.9 (0.02)
Passed Vit filter:                        47  (0.0117706); expected 4.0 (0.001)
Passed Fwd filter:                         8  (0.00200351); expected 0.0 (1e-05)
Initial search space (Z):               3993  [actual number of targets]
Domain search space  (domZ):               1  [number of targets reported over threshold]
# CPU time: 0.09u 0.00s 00:00:00.09 Elapsed: 00:00:00.11
# Mc/sec: 4988.62
//
Query:       TIGR00420  [M=351]
Accession:   TIGR00420
Description: trmU: tRNA (5-methylaminomethyl-2-thiouridylate)-methyltransferase
Scores for complete sequences (score includes all domains):
   --- full sequence ---   --- best 1 domain ---    -#dom-
    E-value  score  bias    E-value  score  bias    exp  N  Sequence           Description
    ------- ------ -----    ------- ------ -----   ---- --  --------           -----------
    6.5e-97  322.3   0.0    7.5e-97  322.1   0.0    1.0  1  NZ_CP034767.1_2607  # 2685373 # 2686524 # -1 # ID=1_2607;partial=00;start_type=ATG;rbs_motif=GGA/GAG/AGG;rbs_spacer=5-10bp;gc_cont=0.640


Domain annotation for each sequence:
>> NZ_CP034767.1_2607  # 2685373 # 2686524 # -1 # ID=1_2607;partial=00;start_type=ATG;rbs_motif=GGA/GAG/AGG;rbs_spacer=5-10bp;gc_cont=0.640
   #    score  bias  c-Evalue  i-Evalue hmmfrom  hmm to    alifrom  ali to    envfrom  env to     acc
 ---   ------ ----- --------- --------- ------- -------    ------- -------    ------- -------    ----
   1 !  322.1   0.0  1.9e-100   7.5e-97       2     351 .]      15     373 ..      14     373 .. 0.93



Internal pipeline statistics summary:
-------------------------------------
Query model(s):                            1  (351 nodes)
Target sequences:                       3993  (1239840 residues searched)
Passed MSV filter:                        50  (0.0125219); expected 79.9 (0.02)
Passed bias filter:                       50  (0.0125219); expected 79.9 (0.02)
Passed Vit filter:                         7  (0.00175307); expected 4.0 (0.001)
Passed Fwd filter:                         3  (0.000751315); expected 0.0 (1e-05)
Initial search space (Z):               3993  [actual number of targets]
Domain search space  (domZ):               1  [number of targets reported over threshold]
# CPU time: 0.03u 0.00s 00:00:00.03 Elapsed: 00:00:00.03
# Mc/sec: 13934.37
//
Query:       TIGR00431  [M=210]
Accession:   TIGR00431
Description: TruB: tRNA pseudouridine(55) synthase
Scores for complete sequences (score includes all domains):
   --- full sequence ---   --- best 1 domain ---    -#dom-
    E-value  score  bias    E-value  score  bias    exp  N  Sequence          Description
    ------- ------ -----    ------- ------ -----   ---- --  --------          -----------
    1.4e-65  218.7   0.0    1.7e-65  218.5   0.0    1.1  1  NZ_CP034767.1_181  # 189859 # 190761 # 1 # ID=1_181;partial=00;start_type=GTG;rbs_motif=AGGA/GGAG/GAGG;rbs_spacer=11-12bp;gc_cont=0.670


Domain annotation for each sequence:
>> NZ_CP034767.1_181  # 189859 # 190761 # 1 # ID=1_181;partial=00;start_type=GTG;rbs_motif=AGGA/GGAG/GAGG;rbs_spacer=11-12bp;gc_cont=0.670
   #    score  bias  c-Evalue  i-Evalue hmmfrom  hmm to    alifrom  ali to    envfrom  env to     acc
 ---   ------ ----- --------- --------- ------- -------    ------- -------    ------- -------    ----
   1 !  218.5   0.0   4.2e-69   1.7e-65       2     210 .]      12     219 ..      11     219 .. 0.99



Internal pipeline statistics summary:
-------------------------------------
Query model(s):                            1  (210 nodes)
Target sequences:                       3993  (1239840 residues searched)
Passed MSV filter:                        61  (0.0152767); expected 79.9 (0.02)
Passed bias filter:                       56  (0.0140245); expected 79.9 (0.02)
Passed Vit filter:                         6  (0.00150263); expected 4.0 (0.001)
Passed Fwd filter:                         1  (0.000250438); expected 0.0 (1e-05)
Initial search space (Z):               3993  [actual number of targets]
Domain search space  (domZ):               1  [number of targets reported over threshold]
# CPU time: 0.02u 0.01s 00:00:00.03 Elapsed: 00:00:00.03
# Mc/sec: 7506.71
//
Query:       TIGR00435  [M=466]
Accession:   TIGR00435
Description: cysS: cysteine--tRNA ligase
Scores for complete sequences (score includes all domains):
   --- full sequence ---   --- best 1 domain ---    -#dom-
    E-value  score  bias    E-value  score  bias    exp  N  Sequence          Description
    ------- ------ -----    ------- ------ -----   ---- --  --------          -----------
   2.2e-128  427.1   0.0   4.4e-128  426.0   0.0    1.4  1  NZ_CP034767.1_925  # 945561 # 947000 # 1 # ID=1_925;partial=00;start_type=ATG;rbs_motif=AGGA;rbs_spacer=5-10bp;gc_cont=0.629


Domain annotation for each sequence:
>> NZ_CP034767.1_925  # 945561 # 947000 # 1 # ID=1_925;partial=00;start_type=ATG;rbs_motif=AGGA;rbs_spacer=5-10bp;gc_cont=0.629
   #    score  bias  c-Evalue  i-Evalue hmmfrom  hmm to    alifrom  ali to    envfrom  env to     acc
 ---   ------ ----- --------- --------- ------- -------    ------- -------    ------- -------    ----
   1 !  426.0   0.0  1.1e-131  4.4e-128       1     459 [.       8     465 ..       8     473 .. 0.89



Internal pipeline statistics summary:
-------------------------------------
Query model(s):                            1  (466 nodes)
Target sequences:                       3993  (1239840 residues searched)
Passed MSV filter:                        60  (0.0150263); expected 79.9 (0.02)
Passed bias filter:                       58  (0.0145254); expected 79.9 (0.02)
Passed Vit filter:                        13  (0.0032557); expected 4.0 (0.001)
Passed Fwd filter:                         8  (0.00200351); expected 0.0 (1e-05)
Initial search space (Z):               3993  [actual number of targets]
Domain search space  (domZ):               1  [number of targets reported over threshold]
# CPU time: 0.07u 0.00s 00:00:00.07 Elapsed: 00:00:00.06
# Mc/sec: 8870.72
//
Query:       TIGR00436  [M=270]
Accession:   TIGR00436
Description: era: GTP-binding protein Era
Scores for complete sequences (score includes all domains):
   --- full sequence ---   --- best 1 domain ---    -#dom-
    E-value  score  bias    E-value  score  bias    exp  N  Sequence           Description
    ------- ------ -----    ------- ------ -----   ---- --  --------           -----------
    2.2e-74  248.0   0.0    2.6e-74  247.8   0.0    1.0  1  NZ_CP034767.1_1033  # 1065166 # 1066086 # 1 # ID=1_1033;partial=00;start_type=ATG;rbs_motif=AGGA;rbs_spacer=5-10bp;gc_cont=0.598
    3.3e-38  129.4   0.0    2.5e-19   67.5   0.0    2.0  0  NZ_CP034767.1_3091  # 3200631 # 3202082 # -1 # ID=1_3091;partial=00;start_type=ATG;rbs_motif=None;rbs_spacer=None;gc_cont=0.640


Domain annotation for each sequence:
>> NZ_CP034767.1_1033  # 1065166 # 1066086 # 1 # ID=1_1033;partial=00;start_type=ATG;rbs_motif=AGGA;rbs_spacer=5-10bp;gc_cont=0.598
   #    score  bias  c-Evalue  i-Evalue hmmfrom  hmm to    alifrom  ali to    envfrom  env to     acc
 ---   ------ ----- --------- --------- ------- -------    ------- -------    ------- -------    ----
   1 !  247.8   0.0   1.3e-77   2.6e-74       1     270 []      12     282 ..      12     282 .. 0.99

>> NZ_CP034767.1_3091  # 3200631 # 3202082 # -1 # ID=1_3091;partial=00;start_type=ATG;rbs_motif=None;rbs_spacer=None;gc_cont=0.640
   [No individual domains that satisfy reporting thresholds (although complete target did)]



Internal pipeline statistics summary:
-------------------------------------
Query model(s):                            1  (270 nodes)
Target sequences:                       3993  (1239840 residues searched)
Passed MSV filter:                       220  (0.0550964); expected 79.9 (0.02)
Passed bias filter:                      217  (0.0543451); expected 79.9 (0.02)
Passed Vit filter:                       120  (0.0300526); expected 4.0 (0.001)
Passed Fwd filter:                        18  (0.00450789); expected 0.0 (1e-05)
Initial search space (Z):               3993  [actual number of targets]
Domain search space  (domZ):               2  [number of targets reported over threshold]
# CPU time: 0.07u 0.00s 00:00:00.07 Elapsed: 00:00:00.07
# Mc/sec: 4310.66
//
Query:       TIGR00442  [M=406]
Accession:   TIGR00442
Description: hisS: histidine--tRNA ligase
Scores for complete sequences (score includes all domains):
   --- full sequence ---   --- best 1 domain ---    -#dom-
    E-value  score  bias    E-value  score  bias    exp  N  Sequence          Description
    ------- ------ -----    ------- ------ -----   ---- --  --------          -----------
   1.3e-112  374.5   0.0   1.6e-112  374.3   0.0    1.1  1  NZ_CP034767.1_607  # 621136 # 622632 # 1 # ID=1_607;partial=00;start_type=ATG;rbs_motif=AGGA;rbs_spacer=5-10bp;gc_cont=0.630


Domain annotation for each sequence:
>> NZ_CP034767.1_607  # 621136 # 622632 # 1 # ID=1_607;partial=00;start_type=ATG;rbs_motif=AGGA;rbs_spacer=5-10bp;gc_cont=0.630
   #    score  bias  c-Evalue  i-Evalue hmmfrom  hmm to    alifrom  ali to    envfrom  env to     acc
 ---   ------ ----- --------- --------- ------- -------    ------- -------    ------- -------    ----
   1 !  374.3   0.0    4e-116  1.6e-112       2     404 ..      12     464 ..      11     466 .. 0.93



Internal pipeline statistics summary:
-------------------------------------
Query model(s):                            1  (406 nodes)
Target sequences:                       3993  (1239840 residues searched)
Passed MSV filter:                        98  (0.024543); expected 79.9 (0.02)
Passed bias filter:                       90  (0.0225394); expected 79.9 (0.02)
Passed Vit filter:                        13  (0.0032557); expected 4.0 (0.001)
Passed Fwd filter:                         6  (0.00150263); expected 0.0 (1e-05)
Initial search space (Z):               3993  [actual number of targets]
Domain search space  (domZ):               1  [number of targets reported over threshold]
# CPU time: 0.05u 0.00s 00:00:00.05 Elapsed: 00:00:00.06
# Mc/sec: 7502.74
//
Query:       TIGR00445  [M=321]
Accession:   TIGR00445
Description: mraY: phospho-N-acetylmuramoyl-pentapeptide-transferase
Scores for complete sequences (score includes all domains):
   --- full sequence ---   --- best 1 domain ---    -#dom-
    E-value  score  bias    E-value  score  bias    exp  N  Sequence           Description
    ------- ------ -----    ------- ------ -----   ---- --  --------           -----------
   1.1e-119  397.4  12.6   1.3e-119  397.2  12.6    1.0  1  NZ_CP034767.1_2220  # 2285430 # 2286515 # -1 # ID=1_2220;partial=00;start_type=ATG;rbs_motif=AGGA/GGAG/GAGG;rbs_spacer=11-12bp;gc_cont=0.606


Domain annotation for each sequence:
>> NZ_CP034767.1_2220  # 2285430 # 2286515 # -1 # ID=1_2220;partial=00;start_type=ATG;rbs_motif=AGGA/GGAG/GAGG;rbs_spacer=11-12bp;gc_cont=0.606
   #    score  bias  c-Evalue  i-Evalue hmmfrom  hmm to    alifrom  ali to    envfrom  env to     acc
 ---   ------ ----- --------- --------- ------- -------    ------- -------    ------- -------    ----
   1 !  397.2  12.6  3.3e-123  1.3e-119       3     321 .]      38     361 ..      36     361 .. 0.96



Internal pipeline statistics summary:
-------------------------------------
Query model(s):                            1  (321 nodes)
Target sequences:                       3993  (1239840 residues searched)
Passed MSV filter:                       197  (0.0493363); expected 79.9 (0.02)
Passed bias filter:                       56  (0.0140245); expected 79.9 (0.02)
Passed Vit filter:                         5  (0.00125219); expected 4.0 (0.001)
Passed Fwd filter:                         2  (0.000500877); expected 0.0 (1e-05)
Initial search space (Z):               3993  [actual number of targets]
Domain search space  (domZ):               1  [number of targets reported over threshold]
# CPU time: 0.02u 0.01s 00:00:00.03 Elapsed: 00:00:00.02
# Mc/sec: 13394.66
//
Query:       TIGR00448  [M=179]
Accession:   TIGR00448
Description: rpoE: DNA-directed RNA polymerase
Scores for complete sequences (score includes all domains):
   --- full sequence ---   --- best 1 domain ---    -#dom-
    E-value  score  bias    E-value  score  bias    exp  N  Sequence Description
    ------- ------ -----    ------- ------ -----   ---- --  -------- -----------

   [No hits detected that satisfy reporting thresholds]


Domain annotation for each sequence:

   [No targets detected that satisfy reporting thresholds]


Internal pipeline statistics summary:
-------------------------------------
Query model(s):                            1  (179 nodes)
Target sequences:                       3993  (1239840 residues searched)
Passed MSV filter:                        72  (0.0180316); expected 79.9 (0.02)
Passed bias filter:                       66  (0.0165289); expected 79.9 (0.02)
Passed Vit filter:                         8  (0.00200351); expected 4.0 (0.001)
Passed Fwd filter:                         4  (0.00100175); expected 0.0 (1e-05)
Initial search space (Z):               3993  [actual number of targets]
Domain search space  (domZ):               0  [number of targets reported over threshold]
# CPU time: 0.03u 0.00s 00:00:00.03 Elapsed: 00:00:00.04
# Mc/sec: 5487.70
//
Query:       TIGR00456  [M=569]
Accession:   TIGR00456
Description: argS: arginine--tRNA ligase
Scores for complete sequences (score includes all domains):
   --- full sequence ---   --- best 1 domain ---    -#dom-
    E-value  score  bias    E-value  score  bias    exp  N  Sequence           Description
    ------- ------ -----    ------- ------ -----   ---- --  --------           -----------
   3.9e-110  366.6   0.0   1.1e-109  365.1   0.0    1.6  1  NZ_CP034767.1_1136  # 1167087 # 1168832 # 1 # ID=1_1136;partial=00;start_type=ATG;rbs_motif=GGA/GAG/AGG;rbs_spacer=5-10bp;gc_cont=0.633


Domain annotation for each sequence:
>> NZ_CP034767.1_1136  # 1167087 # 1168832 # 1 # ID=1_1136;partial=00;start_type=ATG;rbs_motif=GGA/GAG/AGG;rbs_spacer=5-10bp;gc_cont=0.633
   #    score  bias  c-Evalue  i-Evalue hmmfrom  hmm to    alifrom  ali to    envfrom  env to     acc
 ---   ------ ----- --------- --------- ------- -------    ------- -------    ------- -------    ----
   1 !  365.1   0.0  2.8e-113  1.1e-109      14     568 ..      20     579 ..       8     580 .. 0.89



Internal pipeline statistics summary:
-------------------------------------
Query model(s):                            1  (569 nodes)
Target sequences:                       3993  (1239840 residues searched)
Passed MSV filter:                        78  (0.0195342); expected 79.9 (0.02)
Passed bias filter:                       73  (0.018282); expected 79.9 (0.02)
Passed Vit filter:                         9  (0.00225394); expected 4.0 (0.001)
Passed Fwd filter:                         3  (0.000751315); expected 0.0 (1e-05)
Initial search space (Z):               3993  [actual number of targets]
Domain search space  (domZ):               1  [number of targets reported over threshold]
# CPU time: 0.06u 0.00s 00:00:00.06 Elapsed: 00:00:00.06
# Mc/sec: 11425.03
//
Query:       TIGR00459  [M=586]
Accession:   TIGR00459
Description: aspS_bact: aspartate--tRNA ligase
Scores for complete sequences (score includes all domains):
   --- full sequence ---   --- best 1 domain ---    -#dom-
    E-value  score  bias    E-value  score  bias    exp  N  Sequence           Description
    ------- ------ -----    ------- ------ -----   ---- --  --------           -----------
   4.3e-178  591.1   0.0   5.4e-178  590.8   0.0    1.0  1  NZ_CP034767.1_1750  # 1790105 # 1791883 # -1 # ID=1_1750;partial=00;start_type=ATG;rbs_motif=GGA/GAG/AGG;rbs_spacer=5-10bp;gc_cont=0.619


Domain annotation for each sequence:
>> NZ_CP034767.1_1750  # 1790105 # 1791883 # -1 # ID=1_1750;partial=00;start_type=ATG;rbs_motif=GGA/GAG/AGG;rbs_spacer=5-10bp;gc_cont=0.619
   #    score  bias  c-Evalue  i-Evalue hmmfrom  hmm to    alifrom  ali to    envfrom  env to     acc
 ---   ------ ----- --------- --------- ------- -------    ------- -------    ------- -------    ----
   1 !  590.8   0.0  1.3e-181  5.4e-178       3     583 ..       7     588 ..       5     591 .. 0.97



Internal pipeline statistics summary:
-------------------------------------
Query model(s):                            1  (586 nodes)
Target sequences:                       3993  (1239840 residues searched)
Passed MSV filter:                        69  (0.0172802); expected 79.9 (0.02)
Passed bias filter:                       63  (0.0157776); expected 79.9 (0.02)
Passed Vit filter:                         8  (0.00200351); expected 4.0 (0.001)
Passed Fwd filter:                         2  (0.000500877); expected 0.0 (1e-05)
Initial search space (Z):               3993  [actual number of targets]
Domain search space  (domZ):               1  [number of targets reported over threshold]
# CPU time: 0.05u 0.00s 00:00:00.05 Elapsed: 00:00:00.06
# Mc/sec: 12028.80
//
Query:       TIGR00460  [M=315]
Accession:   TIGR00460
Description: fmt: methionyl-tRNA formyltransferase
Scores for complete sequences (score includes all domains):
   --- full sequence ---   --- best 1 domain ---    -#dom-
    E-value  score  bias    E-value  score  bias    exp  N  Sequence          Description
    ------- ------ -----    ------- ------ -----   ---- --  --------          -----------
    1.7e-75  251.8   0.0    2.1e-75  251.6   0.0    1.0  1  NZ_CP034767.1_468  # 482869 # 483789 # -1 # ID=1_468;partial=00;start_type=ATG;rbs_motif=AGGAG;rbs_spacer=5-10bp;gc_cont=0.676


Domain annotation for each sequence:
>> NZ_CP034767.1_468  # 482869 # 483789 # -1 # ID=1_468;partial=00;start_type=ATG;rbs_motif=AGGAG;rbs_spacer=5-10bp;gc_cont=0.676
   #    score  bias  c-Evalue  i-Evalue hmmfrom  hmm to    alifrom  ali to    envfrom  env to     acc
 ---   ------ ----- --------- --------- ------- -------    ------- -------    ------- -------    ----
   1 !  251.6   0.0   5.2e-79   2.1e-75       1     304 [.       1     298 [.       1     304 [. 0.95



Internal pipeline statistics summary:
-------------------------------------
Query model(s):                            1  (315 nodes)
Target sequences:                       3993  (1239840 residues searched)
Passed MSV filter:                        72  (0.0180316); expected 79.9 (0.02)
Passed bias filter:                       66  (0.0165289); expected 79.9 (0.02)
Passed Vit filter:                        10  (0.00250438); expected 4.0 (0.001)
Passed Fwd filter:                         3  (0.000751315); expected 0.0 (1e-05)
Initial search space (Z):               3993  [actual number of targets]
Domain search space  (domZ):               1  [number of targets reported over threshold]
# CPU time: 0.03u 0.00s 00:00:00.03 Elapsed: 00:00:00.03
# Mc/sec: 11108.87
//
Query:       TIGR00468  [M=324]
Accession:   TIGR00468
Description: pheS: phenylalanine--tRNA ligase, alpha subunit
Scores for complete sequences (score includes all domains):
   --- full sequence ---   --- best 1 domain ---    -#dom-
    E-value  score  bias    E-value  score  bias    exp  N  Sequence           Description
    ------- ------ -----    ------- ------ -----   ---- --  --------           -----------
    3.9e-95  316.6   0.0    1.2e-93  311.6   0.0    2.2  1  NZ_CP034767.1_3925  # 4102378 # 4103508 # -1 # ID=1_3925;partial=00;start_type=ATG;rbs_motif=GGA/GAG/AGG;rbs_spacer=5-10bp;gc_cont=0.614


Domain annotation for each sequence:
>> NZ_CP034767.1_3925  # 4102378 # 4103508 # -1 # ID=1_3925;partial=00;start_type=ATG;rbs_motif=GGA/GAG/AGG;rbs_spacer=5-10bp;gc_cont=0.614
   #    score  bias  c-Evalue  i-Evalue hmmfrom  hmm to    alifrom  ali to    envfrom  env to     acc
 ---   ------ ----- --------- --------- ------- -------    ------- -------    ------- -------    ----
   1 !  311.6   0.0   3.1e-97   1.2e-93       7     321 ..      46     359 ..      40     361 .. 0.93



Internal pipeline statistics summary:
-------------------------------------
Query model(s):                            1  (324 nodes)
Target sequences:                       3993  (1239840 residues searched)
Passed MSV filter:                        62  (0.0155272); expected 79.9 (0.02)
Passed bias filter:                       61  (0.0152767); expected 79.9 (0.02)
Passed Vit filter:                         6  (0.00150263); expected 4.0 (0.001)
Passed Fwd filter:                         2  (0.000500877); expected 0.0 (1e-05)
Initial search space (Z):               3993  [actual number of targets]
Domain search space  (domZ):               1  [number of targets reported over threshold]
# CPU time: 0.04u 0.00s 00:00:00.04 Elapsed: 00:00:00.05
# Mc/sec: 7419.06
//
Query:       TIGR00472  [M=798]
Accession:   TIGR00472
Description: pheT_bact: phenylalanine--tRNA ligase, beta subunit
Scores for complete sequences (score includes all domains):
   --- full sequence ---   --- best 1 domain ---    -#dom-
    E-value  score  bias    E-value  score  bias    exp  N  Sequence           Description
    ------- ------ -----    ------- ------ -----   ---- --  --------           -----------
   3.5e-214  711.2   0.0   3.9e-214  711.1   0.0    1.0  1  NZ_CP034767.1_3923  # 4098895 # 4101318 # -1 # ID=1_3923;partial=00;start_type=ATG;rbs_motif=GGA/GAG/AGG;rbs_spacer=5-10bp;gc_cont=0.646


Domain annotation for each sequence:
>> NZ_CP034767.1_3923  # 4098895 # 4101318 # -1 # ID=1_3923;partial=00;start_type=ATG;rbs_motif=GGA/GAG/AGG;rbs_spacer=5-10bp;gc_cont=0.646
   #    score  bias  c-Evalue  i-Evalue hmmfrom  hmm to    alifrom  ali to    envfrom  env to     acc
 ---   ------ ----- --------- --------- ------- -------    ------- -------    ------- -------    ----
   1 !  711.1   0.0  9.8e-218  3.9e-214       1     798 []       1     806 [.       1     806 [. 0.93



Internal pipeline statistics summary:
-------------------------------------
Query model(s):                            1  (798 nodes)
Target sequences:                       3993  (1239840 residues searched)
Passed MSV filter:                        53  (0.0132732); expected 79.9 (0.02)
Passed bias filter:                       49  (0.0122715); expected 79.9 (0.02)
Passed Vit filter:                         8  (0.00200351); expected 4.0 (0.001)
Passed Fwd filter:                         1  (0.000250438); expected 0.0 (1e-05)
Initial search space (Z):               3993  [actual number of targets]
Domain search space  (domZ):               1  [number of targets reported over threshold]
# CPU time: 0.07u 0.01s 00:00:00.08 Elapsed: 00:00:00.07
# Mc/sec: 12869.64
//
Query:       TIGR00483  [M=427]
Accession:   TIGR00483
Description: EF-1_alpha: translation elongation factor EF-1, subunit alpha
Scores for complete sequences (score includes all domains):
   --- full sequence ---   --- best 1 domain ---    -#dom-
    E-value  score  bias    E-value  score  bias    exp  N  Sequence Description
    ------- ------ -----    ------- ------ -----   ---- --  -------- -----------

   [No hits detected that satisfy reporting thresholds]


Domain annotation for each sequence:

   [No targets detected that satisfy reporting thresholds]


Internal pipeline statistics summary:
-------------------------------------
Query model(s):                            1  (427 nodes)
Target sequences:                       3993  (1239840 residues searched)
Passed MSV filter:                        96  (0.0240421); expected 79.9 (0.02)
Passed bias filter:                       86  (0.0215377); expected 79.9 (0.02)
Passed Vit filter:                        16  (0.00400701); expected 4.0 (0.001)
Passed Fwd filter:                         8  (0.00200351); expected 0.0 (1e-05)
Initial search space (Z):               3993  [actual number of targets]
Domain search space  (domZ):               0  [number of targets reported over threshold]
# CPU time: 0.09u 0.00s 00:00:00.09 Elapsed: 00:00:00.08
# Mc/sec: 6406.51
//
Query:       TIGR00487  [M=587]
Accession:   TIGR00487
Description: IF-2: translation initiation factor IF-2
Scores for complete sequences (score includes all domains):
   --- full sequence ---   --- best 1 domain ---    -#dom-
    E-value  score  bias    E-value  score  bias    exp  N  Sequence           Description
    ------- ------ -----    ------- ------ -----   ---- --  --------           -----------
     1e-240  798.3  22.2   1.3e-240  798.0  22.2    1.1  1  NZ_CP034767.1_3894  # 4066713 # 4069616 # -1 # ID=1_3894;partial=00;start_type=ATG;rbs_motif=GGA/GAG/AGG;rbs_spacer=11-12bp;gc_cont=0.646


Domain annotation for each sequence:
>> NZ_CP034767.1_3894  # 4066713 # 4069616 # -1 # ID=1_3894;partial=00;start_type=ATG;rbs_motif=GGA/GAG/AGG;rbs_spacer=11-12bp;gc_cont=0.646
   #    score  bias  c-Evalue  i-Evalue hmmfrom  hmm to    alifrom  ali to    envfrom  env to     acc
 ---   ------ ----- --------- --------- ------- -------    ------- -------    ------- -------    ----
   1 !  798.0  22.2  3.2e-244  1.3e-240       3     586 ..     384     967 ..     382     967 .. 0.98



Internal pipeline statistics summary:
-------------------------------------
Query model(s):                            1  (587 nodes)
Target sequences:                       3993  (1239840 residues searched)
Passed MSV filter:                       124  (0.0310543); expected 79.9 (0.02)
Passed bias filter:                       94  (0.0235412); expected 79.9 (0.02)
Passed Vit filter:                        23  (0.00576008); expected 4.0 (0.001)
Passed Fwd filter:                        10  (0.00250438); expected 0.0 (1e-05)
Initial search space (Z):               3993  [actual number of targets]
Domain search space  (domZ):               1  [number of targets reported over threshold]
# CPU time: 0.10u 0.00s 00:00:00.10 Elapsed: 00:00:00.09
# Mc/sec: 7325.53
//
Query:       TIGR00491  [M=594]
Accession:   TIGR00491
Description: aIF-2: translation initiation factor aIF-2
Scores for complete sequences (score includes all domains):
   --- full sequence ---   --- best 1 domain ---    -#dom-
    E-value  score  bias    E-value  score  bias    exp  N  Sequence Description
    ------- ------ -----    ------- ------ -----   ---- --  -------- -----------

   [No hits detected that satisfy reporting thresholds]


Domain annotation for each sequence:

   [No targets detected that satisfy reporting thresholds]


Internal pipeline statistics summary:
-------------------------------------
Query model(s):                            1  (594 nodes)
Target sequences:                       3993  (1239840 residues searched)
Passed MSV filter:                       107  (0.0267969); expected 79.9 (0.02)
Passed bias filter:                       93  (0.0232908); expected 79.9 (0.02)
Passed Vit filter:                        14  (0.00350614); expected 4.0 (0.001)
Passed Fwd filter:                         8  (0.00200351); expected 0.0 (1e-05)
Initial search space (Z):               3993  [actual number of targets]
Domain search space  (domZ):               0  [number of targets reported over threshold]
# CPU time: 0.10u 0.00s 00:00:00.10 Elapsed: 00:00:00.09
# Mc/sec: 7826.18
//
Query:       TIGR00496  [M=176]
Accession:   TIGR00496
Description: frr: ribosome recycling factor
Scores for complete sequences (score includes all domains):
   --- full sequence ---   --- best 1 domain ---    -#dom-
    E-value  score  bias    E-value  score  bias    exp  N  Sequence           Description
    ------- ------ -----    ------- ------ -----   ---- --  --------           -----------
    8.8e-64  212.1   1.1    9.8e-64  212.0   1.1    1.0  1  NZ_CP034767.1_1653  # 1681040 # 1681597 # 1 # ID=1_1653;partial=00;start_type=ATG;rbs_motif=AGGA;rbs_spacer=5-10bp;gc_cont=0.618


Domain annotation for each sequence:
>> NZ_CP034767.1_1653  # 1681040 # 1681597 # 1 # ID=1_1653;partial=00;start_type=ATG;rbs_motif=AGGA;rbs_spacer=5-10bp;gc_cont=0.618
   #    score  bias  c-Evalue  i-Evalue hmmfrom  hmm to    alifrom  ali to    envfrom  env to     acc
 ---   ------ ----- --------- --------- ------- -------    ------- -------    ------- -------    ----
   1 !  212.0   1.1   2.5e-67   9.8e-64       1     176 []      10     185 ..      10     185 .. 0.99



Internal pipeline statistics summary:
-------------------------------------
Query model(s):                            1  (176 nodes)
Target sequences:                       3993  (1239840 residues searched)
Passed MSV filter:                        65  (0.0162785); expected 79.9 (0.02)
Passed bias filter:                       57  (0.014275); expected 79.9 (0.02)
Passed Vit filter:                         4  (0.00100175); expected 4.0 (0.001)
Passed Fwd filter:                         1  (0.000250438); expected 0.0 (1e-05)
Initial search space (Z):               3993  [actual number of targets]
Domain search space  (domZ):               1  [number of targets reported over threshold]
# CPU time: 0.02u 0.00s 00:00:00.02 Elapsed: 00:00:00.02
# Mc/sec: 9097.26
//
Query:       TIGR00522  [M=258]
Accession:   TIGR00522
Description: dph5: diphthine synthase
Scores for complete sequences (score includes all domains):
   --- full sequence ---   --- best 1 domain ---    -#dom-
    E-value  score  bias    E-value  score  bias    exp  N  Sequence Description
    ------- ------ -----    ------- ------ -----   ---- --  -------- -----------

   [No hits detected that satisfy reporting thresholds]


Domain annotation for each sequence:

   [No targets detected that satisfy reporting thresholds]


Internal pipeline statistics summary:
-------------------------------------
Query model(s):                            1  (258 nodes)
Target sequences:                       3993  (1239840 residues searched)
Passed MSV filter:                        82  (0.0205359); expected 79.9 (0.02)
Passed bias filter:                       77  (0.0192837); expected 79.9 (0.02)
Passed Vit filter:                         2  (0.000500877); expected 4.0 (0.001)
Passed Fwd filter:                         1  (0.000250438); expected 0.0 (1e-05)
Initial search space (Z):               3993  [actual number of targets]
Domain search space  (domZ):               0  [number of targets reported over threshold]
# CPU time: 0.03u 0.00s 00:00:00.03 Elapsed: 00:00:00.04
# Mc/sec: 6810.98
//
Query:       TIGR00539  [M=361]
Accession:   TIGR00539
Description: hemN_rel: putative oxygen-independent coproporphyrinogen III oxidase
Scores for complete sequences (score includes all domains):
   --- full sequence ---   --- best 1 domain ---    -#dom-
    E-value  score  bias    E-value  score  bias    exp  N  Sequence           Description
    ------- ------ -----    ------- ------ -----   ---- --  --------           -----------
    1.6e-86  288.5   0.0    1.9e-86  288.2   0.0    1.0  1  NZ_CP034767.1_3861  # 4031120 # 4032271 # 1 # ID=1_3861;partial=00;start_type=ATG;rbs_motif=GGAG/GAGG;rbs_spacer=5-10bp;gc_cont=0.627


Domain annotation for each sequence:
>> NZ_CP034767.1_3861  # 4031120 # 4032271 # 1 # ID=1_3861;partial=00;start_type=ATG;rbs_motif=GGAG/GAGG;rbs_spacer=5-10bp;gc_cont=0.627
   #    score  bias  c-Evalue  i-Evalue hmmfrom  hmm to    alifrom  ali to    envfrom  env to     acc
 ---   ------ ----- --------- --------- ------- -------    ------- -------    ------- -------    ----
   1 !  288.2   0.0   4.7e-90   1.9e-86       3     334 ..       9     348 ..       7     364 .. 0.92



Internal pipeline statistics summary:
-------------------------------------
Query model(s):                            1  (361 nodes)
Target sequences:                       3993  (1239840 residues searched)
Passed MSV filter:                        73  (0.018282); expected 79.9 (0.02)
Passed bias filter:                       72  (0.0180316); expected 79.9 (0.02)
Passed Vit filter:                        12  (0.00300526); expected 4.0 (0.001)
Passed Fwd filter:                         3  (0.000751315); expected 0.0 (1e-05)
Initial search space (Z):               3993  [actual number of targets]
Domain search space  (domZ):               1  [number of targets reported over threshold]
# CPU time: 0.04u 0.00s 00:00:00.04 Elapsed: 00:00:00.07
# Mc/sec: 6287.18
//
Query:       TIGR00580  [M=923]
Accession:   TIGR00580
Description: mfd: transcription-repair coupling factor
Scores for complete sequences (score includes all domains):
   --- full sequence ---   --- best 1 domain ---    -#dom-
    E-value  score  bias    E-value  score  bias    exp  N  Sequence           Description
    ------- ------ -----    ------- ------ -----   ---- --  --------           -----------
          0 1028.9   0.0          0 1028.6   0.0    1.0  1  NZ_CP034767.1_1191  # 1229544 # 1233035 # 1 # ID=1_1191;partial=00;start_type=ATG;rbs_motif=AGGAG/GGAGG;rbs_spacer=11-12bp;gc_cont=0.631
   6.4e-232  770.4   0.0   3.5e-229  761.4   0.0    2.0  1  NZ_CP034767.1_944   # 968086 # 971394 # 1 # ID=1_944;partial=00;start_type=ATG;rbs_motif=GGA/GAG/AGG;rbs_spacer=5-10bp;gc_cont=0.651


Domain annotation for each sequence:
>> NZ_CP034767.1_1191  # 1229544 # 1233035 # 1 # ID=1_1191;partial=00;start_type=ATG;rbs_motif=AGGAG/GGAGG;rbs_spacer=11-12bp;gc_cont=0.631
   #    score  bias  c-Evalue  i-Evalue hmmfrom  hmm to    alifrom  ali to    envfrom  env to     acc
 ---   ------ ----- --------- --------- ------- -------    ------- -------    ------- -------    ----
   1 ! 1028.6   0.0         0         0       3     922 ..     152    1091 ..     150    1092 .. 0.93

>> NZ_CP034767.1_944  # 968086 # 971394 # 1 # ID=1_944;partial=00;start_type=ATG;rbs_motif=GGA/GAG/AGG;rbs_spacer=5-10bp;gc_cont=0.651
   #    score  bias  c-Evalue  i-Evalue hmmfrom  hmm to    alifrom  ali to    envfrom  env to     acc
 ---   ------ ----- --------- --------- ------- -------    ------- -------    ------- -------    ----
   1 !  761.4   0.0  1.8e-232  3.5e-229       3     923 .]     161    1044 ..     160    1044 .. 0.91



Internal pipeline statistics summary:
-------------------------------------
Query model(s):                            1  (923 nodes)
Target sequences:                       3993  (1239840 residues searched)
Passed MSV filter:                       109  (0.0272978); expected 79.9 (0.02)
Passed bias filter:                       87  (0.0217881); expected 79.9 (0.02)
Passed Vit filter:                        18  (0.00450789); expected 4.0 (0.001)
Passed Fwd filter:                         8  (0.00200351); expected 0.0 (1e-05)
Initial search space (Z):               3993  [actual number of targets]
Domain search space  (domZ):               2  [number of targets reported over threshold]
# CPU time: 0.17u 0.00s 00:00:00.17 Elapsed: 00:00:00.22
# Mc/sec: 5112.46
//
Query:       TIGR00593  [M=890]
Accession:   TIGR00593
Description: pola: DNA polymerase I
Scores for complete sequences (score includes all domains):
   --- full sequence ---   --- best 1 domain ---    -#dom-
    E-value  score  bias    E-value  score  bias    exp  N  Sequence          Description
    ------- ------ -----    ------- ------ -----   ---- --  --------          -----------
   4.2e-268  890.1   0.0   4.9e-268  889.9   0.0    1.0  1  NZ_CP034767.1_232  # 234807 # 237713 # -1 # ID=1_232;partial=00;start_type=ATG;rbs_motif=GGA/GAG/AGG;rbs_spacer=5-10bp;gc_cont=0.643


Domain annotation for each sequence:
>> NZ_CP034767.1_232  # 234807 # 237713 # -1 # ID=1_232;partial=00;start_type=ATG;rbs_motif=GGA/GAG/AGG;rbs_spacer=5-10bp;gc_cont=0.643
   #    score  bias  c-Evalue  i-Evalue hmmfrom  hmm to    alifrom  ali to    envfrom  env to     acc
 ---   ------ ----- --------- --------- ------- -------    ------- -------    ------- -------    ----
   1 !  889.9   0.0  1.2e-271  4.9e-268       1     890 []       3     968 ..       3     968 .. 0.89



Internal pipeline statistics summary:
-------------------------------------
Query model(s):                            1  (890 nodes)
Target sequences:                       3993  (1239840 residues searched)
Passed MSV filter:                        97  (0.0242925); expected 79.9 (0.02)
Passed bias filter:                       75  (0.0187829); expected 79.9 (0.02)
Passed Vit filter:                        12  (0.00300526); expected 4.0 (0.001)
Passed Fwd filter:                         2  (0.000500877); expected 0.0 (1e-05)
Initial search space (Z):               3993  [actual number of targets]
Domain search space  (domZ):               1  [number of targets reported over threshold]
# CPU time: 0.09u 0.00s 00:00:00.09 Elapsed: 00:00:00.09
# Mc/sec: 11893.79
//
Query:       TIGR00615  [M=196]
Accession:   TIGR00615
Description: recR: recombination protein RecR
Scores for complete sequences (score includes all domains):
   --- full sequence ---   --- best 1 domain ---    -#dom-
    E-value  score  bias    E-value  score  bias    exp  N  Sequence          Description
    ------- ------ -----    ------- ------ -----   ---- --  --------          -----------
      2e-56  188.4   0.0    2.3e-56  188.1   0.0    1.0  1  NZ_CP034767.1_477  # 488335 # 488931 # -1 # ID=1_477;partial=00;start_type=ATG;rbs_motif=AGGA;rbs_spacer=5-10bp;gc_cont=0.667


Domain annotation for each sequence:
>> NZ_CP034767.1_477  # 488335 # 488931 # -1 # ID=1_477;partial=00;start_type=ATG;rbs_motif=AGGA;rbs_spacer=5-10bp;gc_cont=0.667
   #    score  bias  c-Evalue  i-Evalue hmmfrom  hmm to    alifrom  ali to    envfrom  env to     acc
 ---   ------ ----- --------- --------- ------- -------    ------- -------    ------- -------    ----
   1 !  188.1   0.0   5.8e-60   2.3e-56       5     195 ..       6     195 ..       3     196 .. 0.97



Internal pipeline statistics summary:
-------------------------------------
Query model(s):                            1  (196 nodes)
Target sequences:                       3993  (1239840 residues searched)
Passed MSV filter:                        85  (0.0212873); expected 79.9 (0.02)
Passed bias filter:                       78  (0.0195342); expected 79.9 (0.02)
Passed Vit filter:                         5  (0.00125219); expected 4.0 (0.001)
Passed Fwd filter:                         1  (0.000250438); expected 0.0 (1e-05)
Initial search space (Z):               3993  [actual number of targets]
Domain search space  (domZ):               1  [number of targets reported over threshold]
# CPU time: 0.02u 0.01s 00:00:00.03 Elapsed: 00:00:00.01
# Mc/sec: 12554.26
//
Query:       TIGR00631  [M=658]
Accession:   TIGR00631
Description: uvrb: excinuclease ABC subunit B
Scores for complete sequences (score includes all domains):
   --- full sequence ---   --- best 1 domain ---    -#dom-
    E-value  score  bias    E-value  score  bias    exp  N  Sequence           Description
    ------- ------ -----    ------- ------ -----   ---- --  --------           -----------
   2.9e-304 1008.2   0.2   4.9e-304 1007.5   0.1    1.4  1  NZ_CP034767.1_2370  # 2437934 # 2440603 # 1 # ID=1_2370;partial=00;start_type=ATG;rbs_motif=GGA/GAG/AGG;rbs_spacer=11-12bp;gc_cont=0.637


Domain annotation for each sequence:
>> NZ_CP034767.1_2370  # 2437934 # 2440603 # 1 # ID=1_2370;partial=00;start_type=ATG;rbs_motif=GGA/GAG/AGG;rbs_spacer=11-12bp;gc_cont=0.637
   #    score  bias  c-Evalue  i-Evalue hmmfrom  hmm to    alifrom  ali to    envfrom  env to     acc
 ---   ------ ----- --------- --------- ------- -------    ------- -------    ------- -------    ----
   1 ! 1007.5   0.1  1.2e-307  4.9e-304       2     658 .]     222     877 ..     221     877 .. 0.98



Internal pipeline statistics summary:
-------------------------------------
Query model(s):                            1  (658 nodes)
Target sequences:                       3993  (1239840 residues searched)
Passed MSV filter:                       129  (0.0323065); expected 79.9 (0.02)
Passed bias filter:                      116  (0.0290508); expected 79.9 (0.02)
Passed Vit filter:                        25  (0.00626096); expected 4.0 (0.001)
Passed Fwd filter:                        12  (0.00300526); expected 0.0 (1e-05)
Initial search space (Z):               3993  [actual number of targets]
Domain search space  (domZ):               1  [number of targets reported over threshold]
# CPU time: 0.11u 0.00s 00:00:00.11 Elapsed: 00:00:00.13
# Mc/sec: 5914.26
//
Query:       TIGR00634  [M=563]
Accession:   TIGR00634
Description: recN: DNA repair protein RecN
Scores for complete sequences (score includes all domains):
   --- full sequence ---   --- best 1 domain ---    -#dom-
    E-value  score  bias    E-value  score  bias    exp  N  Sequence           Description
    ------- ------ -----    ------- ------ -----   ---- --  --------           -----------
   1.4e-131  438.0  10.5   1.6e-131  437.8  10.5    1.0  1  NZ_CP034767.1_2210  # 2272460 # 2274130 # -1 # ID=1_2210;partial=00;start_type=ATG;rbs_motif=GGA/GAG/AGG;rbs_spacer=5-10bp;gc_cont=0.643


Domain annotation for each sequence:
>> NZ_CP034767.1_2210  # 2272460 # 2274130 # -1 # ID=1_2210;partial=00;start_type=ATG;rbs_motif=GGA/GAG/AGG;rbs_spacer=5-10bp;gc_cont=0.643
   #    score  bias  c-Evalue  i-Evalue hmmfrom  hmm to    alifrom  ali to    envfrom  env to     acc
 ---   ------ ----- --------- --------- ------- -------    ------- -------    ------- -------    ----
   1 !  437.8  10.5  3.9e-135  1.6e-131       1     562 [.       1     553 [.       1     554 [. 0.96



Internal pipeline statistics summary:
-------------------------------------
Query model(s):                            1  (563 nodes)
Target sequences:                       3993  (1239840 residues searched)
Passed MSV filter:                       253  (0.0633609); expected 79.9 (0.02)
Passed bias filter:                      176  (0.0440771); expected 79.9 (0.02)
Passed Vit filter:                        40  (0.0100175); expected 4.0 (0.001)
Passed Fwd filter:                         8  (0.00200351); expected 0.0 (1e-05)
Initial search space (Z):               3993  [actual number of targets]
Domain search space  (domZ):               1  [number of targets reported over threshold]
# CPU time: 0.07u 0.01s 00:00:00.08 Elapsed: 00:00:00.08
# Mc/sec: 8194.54
//
Query:       TIGR00635  [M=305]
Accession:   TIGR00635
Description: ruvB: Holliday junction DNA helicase RuvB
Scores for complete sequences (score includes all domains):
   --- full sequence ---   --- best 1 domain ---    -#dom-
    E-value  score  bias    E-value  score  bias    exp  N  Sequence           Description
    ------- ------ -----    ------- ------ -----   ---- --  --------           -----------
   8.5e-134  443.1   0.0   9.8e-134  442.9   0.0    1.0  1  NZ_CP034767.1_2660  # 2738414 # 2739454 # -1 # ID=1_2660;partial=00;start_type=TTG;rbs_motif=GGA/GAG/AGG;rbs_spacer=5-10bp;gc_cont=0.636


Domain annotation for each sequence:
>> NZ_CP034767.1_2660  # 2738414 # 2739454 # -1 # ID=1_2660;partial=00;start_type=TTG;rbs_motif=GGA/GAG/AGG;rbs_spacer=5-10bp;gc_cont=0.636
   #    score  bias  c-Evalue  i-Evalue hmmfrom  hmm to    alifrom  ali to    envfrom  env to     acc
 ---   ------ ----- --------- --------- ------- -------    ------- -------    ------- -------    ----
   1 !  442.9   0.0  2.5e-137  9.8e-134       3     304 ..      24     325 ..      22     326 .. 0.99



Internal pipeline statistics summary:
-------------------------------------
Query model(s):                            1  (305 nodes)
Target sequences:                       3993  (1239840 residues searched)
Passed MSV filter:                       277  (0.0693714); expected 79.9 (0.02)
Passed bias filter:                      246  (0.0616078); expected 79.9 (0.02)
Passed Vit filter:                        99  (0.0247934); expected 4.0 (0.001)
Passed Fwd filter:                        20  (0.00500877); expected 0.0 (1e-05)
Initial search space (Z):               3993  [actual number of targets]
Domain search space  (domZ):               1  [number of targets reported over threshold]
# CPU time: 0.10u 0.00s 00:00:00.10 Elapsed: 00:00:00.10
# Mc/sec: 3661.00
//
Query:       TIGR00643  [M=629]
Accession:   TIGR00643
Description: recG: ATP-dependent DNA helicase RecG
Scores for complete sequences (score includes all domains):
   --- full sequence ---   --- best 1 domain ---    -#dom-
    E-value  score  bias    E-value  score  bias    exp  N  Sequence           Description
    ------- ------ -----    ------- ------ -----   ---- --  --------           -----------
   1.5e-193  642.7   0.0   1.9e-193  642.4   0.0    1.0  1  NZ_CP034767.1_1189  # 1227055 # 1229163 # -1 # ID=1_1189;partial=00;start_type=TTG;rbs_motif=AGGA;rbs_spacer=5-10bp;gc_cont=0.650


Domain annotation for each sequence:
>> NZ_CP034767.1_1189  # 1227055 # 1229163 # -1 # ID=1_1189;partial=00;start_type=TTG;rbs_motif=AGGA;rbs_spacer=5-10bp;gc_cont=0.650
   #    score  bias  c-Evalue  i-Evalue hmmfrom  hmm to    alifrom  ali to    envfrom  env to     acc
 ---   ------ ----- --------- --------- ------- -------    ------- -------    ------- -------    ----
   1 !  642.4   0.0  4.7e-197  1.9e-193       8     629 .]      44     665 ..      39     665 .. 0.96



Internal pipeline statistics summary:
-------------------------------------
Query model(s):                            1  (629 nodes)
Target sequences:                       3993  (1239840 residues searched)
Passed MSV filter:                       144  (0.0360631); expected 79.9 (0.02)
Passed bias filter:                      127  (0.0318057); expected 79.9 (0.02)
Passed Vit filter:                        19  (0.00475833); expected 4.0 (0.001)
Passed Fwd filter:                        10  (0.00250438); expected 0.0 (1e-05)
Initial search space (Z):               3993  [actual number of targets]
Domain search space  (domZ):               1  [number of targets reported over threshold]
# CPU time: 0.11u 0.00s 00:00:00.11 Elapsed: 00:00:00.13
# Mc/sec: 5769.25
//
Query:       TIGR00663  [M=367]
Accession:   TIGR00663
Description: dnan: DNA polymerase III, beta subunit
Scores for complete sequences (score includes all domains):
   --- full sequence ---   --- best 1 domain ---    -#dom-
    E-value  score  bias    E-value  score  bias    exp  N  Sequence        Description
    ------- ------ -----    ------- ------ -----   ---- --  --------        -----------
    5.1e-90  299.8   0.0    5.7e-90  299.7   0.0    1.0  1  NZ_CP034767.1_2  # 1874 # 2995 # 1 # ID=1_2;partial=00;start_type=ATG;rbs_motif=GGA/GAG/AGG;rbs_spacer=5-10bp;gc_cont=0.607


Domain annotation for each sequence:
>> NZ_CP034767.1_2  # 1874 # 2995 # 1 # ID=1_2;partial=00;start_type=ATG;rbs_motif=GGA/GAG/AGG;rbs_spacer=5-10bp;gc_cont=0.607
   #    score  bias  c-Evalue  i-Evalue hmmfrom  hmm to    alifrom  ali to    envfrom  env to     acc
 ---   ------ ----- --------- --------- ------- -------    ------- -------    ------- -------    ----
   1 !  299.7   0.0   1.4e-93   5.7e-90       1     366 [.       1     372 [.       1     373 [. 0.95



Internal pipeline statistics summary:
-------------------------------------
Query model(s):                            1  (367 nodes)
Target sequences:                       3993  (1239840 residues searched)
Passed MSV filter:                        70  (0.0175307); expected 79.9 (0.02)
Passed bias filter:                       69  (0.0172802); expected 79.9 (0.02)
Passed Vit filter:                         6  (0.00150263); expected 4.0 (0.001)
Passed Fwd filter:                         1  (0.000250438); expected 0.0 (1e-05)
Initial search space (Z):               3993  [actual number of targets]
Domain search space  (domZ):               1  [number of targets reported over threshold]
# CPU time: 0.03u 0.00s 00:00:00.03 Elapsed: 00:00:00.04
# Mc/sec: 9755.19
//
Query:       TIGR00717  [M=516]
Accession:   TIGR00717
Description: rpsA: ribosomal protein bS1
Scores for complete sequences (score includes all domains):
   --- full sequence ---   --- best 1 domain ---    -#dom-
    E-value  score  bias    E-value  score  bias    exp  N  Sequence           Description
    ------- ------ -----    ------- ------ -----   ---- --  --------           -----------
   2.2e-190  631.4  13.7   2.5e-190  631.2  13.7    1.0  1  NZ_CP034767.1_3913  # 4090183 # 4091949 # -1 # ID=1_3913;partial=00;start_type=ATG;rbs_motif=None;rbs_spacer=None;gc_cont=0.596


Domain annotation for each sequence:
>> NZ_CP034767.1_3913  # 4090183 # 4091949 # -1 # ID=1_3913;partial=00;start_type=ATG;rbs_motif=None;rbs_spacer=None;gc_cont=0.596
   #    score  bias  c-Evalue  i-Evalue hmmfrom  hmm to    alifrom  ali to    envfrom  env to     acc
 ---   ------ ----- --------- --------- ------- -------    ------- -------    ------- -------    ----
   1 !  631.2  13.7  6.2e-194  2.5e-190       1     516 []      29     551 ..      29     551 .. 0.98



Internal pipeline statistics summary:
-------------------------------------
Query model(s):                            1  (516 nodes)
Target sequences:                       3993  (1239840 residues searched)
Passed MSV filter:                        92  (0.0230403); expected 79.9 (0.02)
Passed bias filter:                       83  (0.0207864); expected 79.9 (0.02)
Passed Vit filter:                        16  (0.00400701); expected 4.0 (0.001)
Passed Fwd filter:                         5  (0.00125219); expected 0.0 (1e-05)
Initial search space (Z):               3993  [actual number of targets]
Domain search space  (domZ):               1  [number of targets reported over threshold]
# CPU time: 0.05u 0.00s 00:00:00.05 Elapsed: 00:00:00.04
# Mc/sec: 13607.49
//
Query:       TIGR00755  [M=256]
Accession:   TIGR00755
Description: ksgA: ribosomal RNA small subunit methyltransferase A
Scores for complete sequences (score includes all domains):
   --- full sequence ---   --- best 1 domain ---    -#dom-
    E-value  score  bias    E-value  score  bias    exp  N  Sequence           Description
    ------- ------ -----    ------- ------ -----   ---- --  --------           -----------
    1.5e-66  222.1   0.0    1.7e-66  221.9   0.0    1.0  1  NZ_CP034767.1_3071  # 3181307 # 3182176 # 1 # ID=1_3071;partial=00;start_type=ATG;rbs_motif=GGA/GAG/AGG;rbs_spacer=5-10bp;gc_cont=0.667


Domain annotation for each sequence:
>> NZ_CP034767.1_3071  # 3181307 # 3182176 # 1 # ID=1_3071;partial=00;start_type=ATG;rbs_motif=GGA/GAG/AGG;rbs_spacer=5-10bp;gc_cont=0.667
   #    score  bias  c-Evalue  i-Evalue hmmfrom  hmm to    alifrom  ali to    envfrom  env to     acc
 ---   ------ ----- --------- --------- ------- -------    ------- -------    ------- -------    ----
   1 !  221.9   0.0   4.3e-70   1.7e-66       2     254 ..      20     274 ..      19     276 .. 0.96



Internal pipeline statistics summary:
-------------------------------------
Query model(s):                            1  (256 nodes)
Target sequences:                       3993  (1239840 residues searched)
Passed MSV filter:                        97  (0.0242925); expected 79.9 (0.02)
Passed bias filter:                       89  (0.022289); expected 79.9 (0.02)
Passed Vit filter:                        12  (0.00300526); expected 4.0 (0.001)
Passed Fwd filter:                         7  (0.00175307); expected 0.0 (1e-05)
Initial search space (Z):               3993  [actual number of targets]
Domain search space  (domZ):               1  [number of targets reported over threshold]
# CPU time: 0.03u 0.00s 00:00:00.03 Elapsed: 00:00:00.03
# Mc/sec: 8011.35
//
Query:       TIGR00810  [M=73]
Accession:   TIGR00810
Description: secG: preprotein translocase, SecG subunit
Scores for complete sequences (score includes all domains):
   --- full sequence ---   --- best 1 domain ---    -#dom-
    E-value  score  bias    E-value  score  bias    exp  N  Sequence           Description
    ------- ------ -----    ------- ------ -----   ---- --  --------           -----------
    5.6e-19   65.8  10.6    8.2e-19   65.3  10.6    1.3  1  NZ_CP034767.1_1680  # 1711127 # 1711642 # 1 # ID=1_1680;partial=00;start_type=ATG;rbs_motif=GGA/GAG/AGG;rbs_spacer=3-4bp;gc_cont=0.686


Domain annotation for each sequence:
>> NZ_CP034767.1_1680  # 1711127 # 1711642 # 1 # ID=1_1680;partial=00;start_type=ATG;rbs_motif=GGA/GAG/AGG;rbs_spacer=3-4bp;gc_cont=0.686
   #    score  bias  c-Evalue  i-Evalue hmmfrom  hmm to    alifrom  ali to    envfrom  env to     acc
 ---   ------ ----- --------- --------- ------- -------    ------- -------    ------- -------    ----
   1 !   65.3  10.6     2e-22   8.2e-19       2      73 .]       3      72 ..       2      72 .. 0.97



Internal pipeline statistics summary:
-------------------------------------
Query model(s):                            1  (73 nodes)
Target sequences:                       3993  (1239840 residues searched)
Passed MSV filter:                       375  (0.0939144); expected 79.9 (0.02)
Passed bias filter:                      102  (0.0255447); expected 79.9 (0.02)
Passed Vit filter:                        12  (0.00300526); expected 4.0 (0.001)
Passed Fwd filter:                         3  (0.000751315); expected 0.0 (1e-05)
Initial search space (Z):               3993  [actual number of targets]
Domain search space  (domZ):               1  [number of targets reported over threshold]
# CPU time: 0.02u 0.00s 00:00:00.02 Elapsed: 00:00:00.02
# Mc/sec: 4406.16
//
Query:       TIGR00922  [M=172]
Accession:   TIGR00922
Description: nusG: transcription termination/antitermination factor NusG
Scores for complete sequences (score includes all domains):
   --- full sequence ---   --- best 1 domain ---    -#dom-
    E-value  score  bias    E-value  score  bias    exp  N  Sequence           Description
    ------- ------ -----    ------- ------ -----   ---- --  --------           -----------
      2e-69  230.7   3.4    2.2e-69  230.5   3.4    1.0  1  NZ_CP034767.1_1459  # 1489537 # 1490067 # 1 # ID=1_1459;partial=00;start_type=ATG;rbs_motif=GGA/GAG/AGG;rbs_spacer=5-10bp;gc_cont=0.580


Domain annotation for each sequence:
>> NZ_CP034767.1_1459  # 1489537 # 1490067 # 1 # ID=1_1459;partial=00;start_type=ATG;rbs_motif=GGA/GAG/AGG;rbs_spacer=5-10bp;gc_cont=0.580
   #    score  bias  c-Evalue  i-Evalue hmmfrom  hmm to    alifrom  ali to    envfrom  env to     acc
 ---   ------ ----- --------- --------- ------- -------    ------- -------    ------- -------    ----
   1 !  230.5   3.4   5.5e-73   2.2e-69       1     172 []       5     176 ..       5     176 .. 1.00



Internal pipeline statistics summary:
-------------------------------------
Query model(s):                            1  (172 nodes)
Target sequences:                       3993  (1239840 residues searched)
Passed MSV filter:                        64  (0.016028); expected 79.9 (0.02)
Passed bias filter:                       55  (0.0137741); expected 79.9 (0.02)
Passed Vit filter:                         5  (0.00125219); expected 4.0 (0.001)
Passed Fwd filter:                         1  (0.000250438); expected 0.0 (1e-05)
Initial search space (Z):               3993  [actual number of targets]
Domain search space  (domZ):               1  [number of targets reported over threshold]
# CPU time: 0.01u 0.01s 00:00:00.02 Elapsed: 00:00:00.02
# Mc/sec: 7990.15
//
Query:       TIGR00928  [M=436]
Accession:   TIGR00928
Description: purB: adenylosuccinate lyase
Scores for complete sequences (score includes all domains):
   --- full sequence ---   --- best 1 domain ---    -#dom-
    E-value  score  bias    E-value  score  bias    exp  N  Sequence           Description
    ------- ------ -----    ------- ------ -----   ---- --  --------           -----------
     1e-146  486.9   0.5   1.2e-146  486.8   0.5    1.0  1  NZ_CP034767.1_2055  # 2105615 # 2106952 # 1 # ID=1_2055;partial=00;start_type=ATG;rbs_motif=GGA/GAG/AGG;rbs_spacer=5-10bp;gc_cont=0.633


Domain annotation for each sequence:
>> NZ_CP034767.1_2055  # 2105615 # 2106952 # 1 # ID=1_2055;partial=00;start_type=ATG;rbs_motif=GGA/GAG/AGG;rbs_spacer=5-10bp;gc_cont=0.633
   #    score  bias  c-Evalue  i-Evalue hmmfrom  hmm to    alifrom  ali to    envfrom  env to     acc
 ---   ------ ----- --------- --------- ------- -------    ------- -------    ------- -------    ----
   1 !  486.8   0.5  2.9e-150  1.2e-146       1     436 []       1     441 [.       1     441 [. 0.95



Internal pipeline statistics summary:
-------------------------------------
Query model(s):                            1  (436 nodes)
Target sequences:                       3993  (1239840 residues searched)
Passed MSV filter:                        79  (0.0197846); expected 79.9 (0.02)
Passed bias filter:                       60  (0.0150263); expected 79.9 (0.02)
Passed Vit filter:                        12  (0.00300526); expected 4.0 (0.001)
Passed Fwd filter:                         8  (0.00200351); expected 0.0 (1e-05)
Initial search space (Z):               3993  [actual number of targets]
Domain search space  (domZ):               1  [number of targets reported over threshold]
# CPU time: 0.05u 0.00s 00:00:00.05 Elapsed: 00:00:00.05
# Mc/sec: 9947.60
//
Query:       TIGR00959  [M=428]
Accession:   TIGR00959
Description: ffh: signal recognition particle protein
Scores for complete sequences (score includes all domains):
   --- full sequence ---   --- best 1 domain ---    -#dom-
    E-value  score  bias    E-value  score  bias    exp  N  Sequence           Description
    ------- ------ -----    ------- ------ -----   ---- --  --------           -----------
   4.3e-181  600.2  15.0   5.7e-181  599.8  15.0    1.1  1  NZ_CP034767.1_3802  # 3981308 # 3982885 # -1 # ID=1_3802;partial=00;start_type=ATG;rbs_motif=AGGA;rbs_spacer=5-10bp;gc_cont=0.641


Domain annotation for each sequence:
>> NZ_CP034767.1_3802  # 3981308 # 3982885 # -1 # ID=1_3802;partial=00;start_type=ATG;rbs_motif=AGGA;rbs_spacer=5-10bp;gc_cont=0.641
   #    score  bias  c-Evalue  i-Evalue hmmfrom  hmm to    alifrom  ali to    envfrom  env to     acc
 ---   ------ ----- --------- --------- ------- -------    ------- -------    ------- -------    ----
   1 !  599.8  15.0  1.4e-184  5.7e-181       1     428 []       2     429 ..       2     429 .. 1.00



Internal pipeline statistics summary:
-------------------------------------
Query model(s):                            1  (428 nodes)
Target sequences:                       3993  (1239840 residues searched)
Passed MSV filter:                       234  (0.0586026); expected 79.9 (0.02)
Passed bias filter:                      189  (0.0473328); expected 79.9 (0.02)
Passed Vit filter:                        37  (0.00926622); expected 4.0 (0.001)
Passed Fwd filter:                         6  (0.00150263); expected 0.0 (1e-05)
Initial search space (Z):               3993  [actual number of targets]
Domain search space  (domZ):               1  [number of targets reported over threshold]
# CPU time: 0.06u 0.00s 00:00:00.06 Elapsed: 00:00:00.07
# Mc/sec: 7067.61
//
Query:       TIGR00963  [M=787]
Accession:   TIGR00963
Description: secA: preprotein translocase, SecA subunit
Scores for complete sequences (score includes all domains):
   --- full sequence ---   --- best 1 domain ---    -#dom-
    E-value  score  bias    E-value  score  bias    exp  N  Sequence           Description
    ------- ------ -----    ------- ------ -----   ---- --  --------           -----------
          0 1085.0   9.5          0 1084.8   9.5    1.0  1  NZ_CP034767.1_3396  # 3553160 # 3555901 # -1 # ID=1_3396;partial=00;start_type=ATG;rbs_motif=AGGA;rbs_spacer=5-10bp;gc_cont=0.613


Domain annotation for each sequence:
>> NZ_CP034767.1_3396  # 3553160 # 3555901 # -1 # ID=1_3396;partial=00;start_type=ATG;rbs_motif=AGGA;rbs_spacer=5-10bp;gc_cont=0.613
   #    score  bias  c-Evalue  i-Evalue hmmfrom  hmm to    alifrom  ali to    envfrom  env to     acc
 ---   ------ ----- --------- --------- ------- -------    ------- -------    ------- -------    ----
   1 ! 1084.8   9.5         0         0       1     786 [.      29     820 ..      29     821 .. 0.94



Internal pipeline statistics summary:
-------------------------------------
Query model(s):                            1  (787 nodes)
Target sequences:                       3993  (1239840 residues searched)
Passed MSV filter:                        91  (0.0227899); expected 79.9 (0.02)
Passed bias filter:                       77  (0.0192837); expected 79.9 (0.02)
Passed Vit filter:                        14  (0.00350614); expected 4.0 (0.001)
Passed Fwd filter:                         1  (0.000250438); expected 0.0 (1e-05)
Initial search space (Z):               3993  [actual number of targets]
Domain search space  (domZ):               1  [number of targets reported over threshold]
# CPU time: 0.07u 0.00s 00:00:00.07 Elapsed: 00:00:00.08
# Mc/sec: 11268.04
//
Query:       TIGR00964  [M=57]
Accession:   TIGR00964
Description: secE_bact: preprotein translocase, SecE subunit
Scores for complete sequences (score includes all domains):
   --- full sequence ---   --- best 1 domain ---    -#dom-
    E-value  score  bias    E-value  score  bias    exp  N  Sequence           Description
    ------- ------ -----    ------- ------ -----   ---- --  --------           -----------
    1.6e-19   67.4   1.8    1.8e-19   67.2   1.8    1.0  1  NZ_CP034767.1_1458  # 1489303 # 1489497 # 1 # ID=1_1458;partial=00;start_type=ATG;rbs_motif=GGA/GAG/AGG;rbs_spacer=11-12bp;gc_cont=0.544


Domain annotation for each sequence:
>> NZ_CP034767.1_1458  # 1489303 # 1489497 # 1 # ID=1_1458;partial=00;start_type=ATG;rbs_motif=GGA/GAG/AGG;rbs_spacer=11-12bp;gc_cont=0.544
   #    score  bias  c-Evalue  i-Evalue hmmfrom  hmm to    alifrom  ali to    envfrom  env to     acc
 ---   ------ ----- --------- --------- ------- -------    ------- -------    ------- -------    ----
   1 !   67.2   1.8   4.4e-23   1.8e-19       2      56 ..       7      61 ..       6      62 .. 0.96



Internal pipeline statistics summary:
-------------------------------------
Query model(s):                            1  (57 nodes)
Target sequences:                       3993  (1239840 residues searched)
Passed MSV filter:                       259  (0.0648635); expected 79.9 (0.02)
Passed bias filter:                      123  (0.0308039); expected 79.9 (0.02)
Passed Vit filter:                        12  (0.00300526); expected 4.0 (0.001)
Passed Fwd filter:                         1  (0.000250438); expected 0.0 (1e-05)
Initial search space (Z):               3993  [actual number of targets]
Domain search space  (domZ):               1  [number of targets reported over threshold]
# CPU time: 0.02u 0.00s 00:00:00.02 Elapsed: 00:00:00.02
# Mc/sec: 3061.20
//
Query:       TIGR00967  [M=414]
Accession:   TIGR00967
Description: 3a0501s007: preprotein translocase, SecY subunit
Scores for complete sequences (score includes all domains):
   --- full sequence ---   --- best 1 domain ---    -#dom-
    E-value  score  bias    E-value  score  bias    exp  N  Sequence           Description
    ------- ------ -----    ------- ------ -----   ---- --  --------           -----------
   4.9e-128  425.3  19.2   5.8e-128  425.1  19.2    1.0  1  NZ_CP034767.1_1492  # 1516188 # 1517525 # 1 # ID=1_1492;partial=00;start_type=ATG;rbs_motif=GGAG/GAGG;rbs_spacer=5-10bp;gc_cont=0.581


Domain annotation for each sequence:
>> NZ_CP034767.1_1492  # 1516188 # 1517525 # 1 # ID=1_1492;partial=00;start_type=ATG;rbs_motif=GGAG/GAGG;rbs_spacer=5-10bp;gc_cont=0.581
   #    score  bias  c-Evalue  i-Evalue hmmfrom  hmm to    alifrom  ali to    envfrom  env to     acc
 ---   ------ ----- --------- --------- ------- -------    ------- -------    ------- -------    ----
   1 !  425.1  19.2  1.5e-131  5.8e-128       2     414 .]      25     430 ..      24     430 .. 0.96



Internal pipeline statistics summary:
-------------------------------------
Query model(s):                            1  (414 nodes)
Target sequences:                       3993  (1239840 residues searched)
Passed MSV filter:                       227  (0.0568495); expected 79.9 (0.02)
Passed bias filter:                       83  (0.0207864); expected 79.9 (0.02)
Passed Vit filter:                         8  (0.00200351); expected 4.0 (0.001)
Passed Fwd filter:                         1  (0.000250438); expected 0.0 (1e-05)
Initial search space (Z):               3993  [actual number of targets]
Domain search space  (domZ):               1  [number of targets reported over threshold]
# CPU time: 0.03u 0.00s 00:00:00.03 Elapsed: 00:00:00.05
# Mc/sec: 8888.10
//
Query:       TIGR00982  [M=139]
Accession:   TIGR00982
Description: uS12_E_A: ribosomal protein uS12
Scores for complete sequences (score includes all domains):
   --- full sequence ---   --- best 1 domain ---    -#dom-
    E-value  score  bias    E-value  score  bias    exp  N  Sequence Description
    ------- ------ -----    ------- ------ -----   ---- --  -------- -----------

   [No hits detected that satisfy reporting thresholds]


Domain annotation for each sequence:

   [No targets detected that satisfy reporting thresholds]


Internal pipeline statistics summary:
-------------------------------------
Query model(s):                            1  (139 nodes)
Target sequences:                       3993  (1239840 residues searched)
Passed MSV filter:                        77  (0.0192837); expected 79.9 (0.02)
Passed bias filter:                       70  (0.0175307); expected 79.9 (0.02)
Passed Vit filter:                         2  (0.000500877); expected 4.0 (0.001)
Passed Fwd filter:                         1  (0.000250438); expected 0.0 (1e-05)
Initial search space (Z):               3993  [actual number of targets]
Domain search space  (domZ):               0  [number of targets reported over threshold]
# CPU time: 0.02u 0.00s 00:00:00.02 Elapsed: 00:00:00.01
# Mc/sec: 9761.03
//
Query:       TIGR01008  [M=195]
Accession:   TIGR01008
Description: uS3_euk_arch: ribosomal protein uS3
Scores for complete sequences (score includes all domains):
   --- full sequence ---   --- best 1 domain ---    -#dom-
    E-value  score  bias    E-value  score  bias    exp  N  Sequence Description
    ------- ------ -----    ------- ------ -----   ---- --  -------- -----------

   [No hits detected that satisfy reporting thresholds]


Domain annotation for each sequence:

   [No targets detected that satisfy reporting thresholds]


Internal pipeline statistics summary:
-------------------------------------
Query model(s):                            1  (195 nodes)
Target sequences:                       3993  (1239840 residues searched)
Passed MSV filter:                       144  (0.0360631); expected 79.9 (0.02)
Passed bias filter:                      119  (0.0298022); expected 79.9 (0.02)
Passed Vit filter:                        11  (0.00275482); expected 4.0 (0.001)
Passed Fwd filter:                         1  (0.000250438); expected 0.0 (1e-05)
Initial search space (Z):               3993  [actual number of targets]
Domain search space  (domZ):               0  [number of targets reported over threshold]
# CPU time: 0.03u 0.00s 00:00:00.03 Elapsed: 00:00:00.04
# Mc/sec: 5796.54
//
Query:       TIGR01009  [M=212]
Accession:   TIGR01009
Description: rpsC_bact: ribosomal protein uS3
Scores for complete sequences (score includes all domains):
   --- full sequence ---   --- best 1 domain ---    -#dom-
    E-value  score  bias    E-value  score  bias    exp  N  Sequence           Description
    ------- ------ -----    ------- ------ -----   ---- --  --------           -----------
      1e-96  320.6   2.5    1.1e-96  320.4   2.5    1.0  1  NZ_CP034767.1_1478  # 1510271 # 1511020 # 1 # ID=1_1478;partial=00;start_type=ATG;rbs_motif=AGGAG;rbs_spacer=5-10bp;gc_cont=0.612


Domain annotation for each sequence:
>> NZ_CP034767.1_1478  # 1510271 # 1511020 # 1 # ID=1_1478;partial=00;start_type=ATG;rbs_motif=AGGAG;rbs_spacer=5-10bp;gc_cont=0.612
   #    score  bias  c-Evalue  i-Evalue hmmfrom  hmm to    alifrom  ali to    envfrom  env to     acc
 ---   ------ ----- --------- --------- ------- -------    ------- -------    ------- -------    ----
   1 !  320.4   2.5  2.9e-100   1.1e-96       1     210 [.       1     209 [.       1     211 [. 0.99



Internal pipeline statistics summary:
-------------------------------------
Query model(s):                            1  (212 nodes)
Target sequences:                       3993  (1239840 residues searched)
Passed MSV filter:                       116  (0.0290508); expected 79.9 (0.02)
Passed bias filter:                       98  (0.024543); expected 79.9 (0.02)
Passed Vit filter:                         9  (0.00225394); expected 4.0 (0.001)
Passed Fwd filter:                         2  (0.000500877); expected 0.0 (1e-05)
Initial search space (Z):               3993  [actual number of targets]
Domain search space  (domZ):               1  [number of targets reported over threshold]
# CPU time: 0.02u 0.00s 00:00:00.02 Elapsed: 00:00:00.03
# Mc/sec: 6696.65
//
Query:       TIGR01011  [M=225]
Accession:   TIGR01011
Description: rpsB_bact: ribosomal protein uS2
Scores for complete sequences (score includes all domains):
   --- full sequence ---   --- best 1 domain ---    -#dom-
    E-value  score  bias    E-value  score  bias    exp  N  Sequence           Description
    ------- ------ -----    ------- ------ -----   ---- --  --------           -----------
    2.2e-98  325.8   0.0    2.6e-98  325.6   0.0    1.0  1  NZ_CP034767.1_1650  # 1678358 # 1679128 # 1 # ID=1_1650;partial=00;start_type=ATG;rbs_motif=AGGAG;rbs_spacer=5-10bp;gc_cont=0.611


Domain annotation for each sequence:
>> NZ_CP034767.1_1650  # 1678358 # 1679128 # 1 # ID=1_1650;partial=00;start_type=ATG;rbs_motif=AGGAG;rbs_spacer=5-10bp;gc_cont=0.611
   #    score  bias  c-Evalue  i-Evalue hmmfrom  hmm to    alifrom  ali to    envfrom  env to     acc
 ---   ------ ----- --------- --------- ------- -------    ------- -------    ------- -------    ----
   1 !  325.6   0.0  6.5e-102   2.6e-98       3     222 ..       7     225 ..       5     228 .. 0.98



Internal pipeline statistics summary:
-------------------------------------
Query model(s):                            1  (225 nodes)
Target sequences:                       3993  (1239840 residues searched)
Passed MSV filter:                       106  (0.0265465); expected 79.9 (0.02)
Passed bias filter:                       98  (0.024543); expected 79.9 (0.02)
Passed Vit filter:                        10  (0.00250438); expected 4.0 (0.001)
Passed Fwd filter:                         1  (0.000250438); expected 0.0 (1e-05)
Initial search space (Z):               3993  [actual number of targets]
Domain search space  (domZ):               1  [number of targets reported over threshold]
# CPU time: 0.03u 0.00s 00:00:00.03 Elapsed: 00:00:00.03
# Mc/sec: 8797.98
//
Query:       TIGR01012  [M=196]
Accession:   TIGR01012
Description: uS2_euk_arch: ribosomal protein uS2
Scores for complete sequences (score includes all domains):
   --- full sequence ---   --- best 1 domain ---    -#dom-
    E-value  score  bias    E-value  score  bias    exp  N  Sequence Description
    ------- ------ -----    ------- ------ -----   ---- --  -------- -----------

   [No hits detected that satisfy reporting thresholds]


Domain annotation for each sequence:

   [No targets detected that satisfy reporting thresholds]


Internal pipeline statistics summary:
-------------------------------------
Query model(s):                            1  (196 nodes)
Target sequences:                       3993  (1239840 residues searched)
Passed MSV filter:                       116  (0.0290508); expected 79.9 (0.02)
Passed bias filter:                      112  (0.0280491); expected 79.9 (0.02)
Passed Vit filter:                         5  (0.00125219); expected 4.0 (0.001)
Passed Fwd filter:                         1  (0.000250438); expected 0.0 (1e-05)
Initial search space (Z):               3993  [actual number of targets]
Domain search space  (domZ):               0  [number of targets reported over threshold]
# CPU time: 0.02u 0.00s 00:00:00.02 Elapsed: 00:00:00.04
# Mc/sec: 5280.37
//
Query:       TIGR01017  [M=200]
Accession:   TIGR01017
Description: rpsD_bact: ribosomal protein uS4
Scores for complete sequences (score includes all domains):
   --- full sequence ---   --- best 1 domain ---    -#dom-
    E-value  score  bias    E-value  score  bias    exp  N  Sequence           Description
    ------- ------ -----    ------- ------ -----   ---- --  --------           -----------
    6.2e-71  236.0   0.1      7e-71  235.9   0.1    1.0  1  NZ_CP034767.1_2072  # 2121118 # 2121735 # -1 # ID=1_2072;partial=00;start_type=ATG;rbs_motif=AGGA;rbs_spacer=5-10bp;gc_cont=0.591


Domain annotation for each sequence:
>> NZ_CP034767.1_2072  # 2121118 # 2121735 # -1 # ID=1_2072;partial=00;start_type=ATG;rbs_motif=AGGA;rbs_spacer=5-10bp;gc_cont=0.591
   #    score  bias  c-Evalue  i-Evalue hmmfrom  hmm to    alifrom  ali to    envfrom  env to     acc
 ---   ------ ----- --------- --------- ------- -------    ------- -------    ------- -------    ----
   1 !  235.9   0.1   1.7e-74     7e-71       3     200 .]       5     205 ..       3     205 .. 0.95



Internal pipeline statistics summary:
-------------------------------------
Query model(s):                            1  (200 nodes)
Target sequences:                       3993  (1239840 residues searched)
Passed MSV filter:                        64  (0.016028); expected 79.9 (0.02)
Passed bias filter:                       60  (0.0150263); expected 79.9 (0.02)
Passed Vit filter:                        12  (0.00300526); expected 4.0 (0.001)
Passed Fwd filter:                         3  (0.000751315); expected 0.0 (1e-05)
Initial search space (Z):               3993  [actual number of targets]
Domain search space  (domZ):               1  [number of targets reported over threshold]
# CPU time: 0.02u 0.01s 00:00:00.03 Elapsed: 00:00:00.01
# Mc/sec: 12574.83
//
Query:       TIGR01018  [M=162]
Accession:   TIGR01018
Description: uS4_arch: ribosomal protein uS4
Scores for complete sequences (score includes all domains):
   --- full sequence ---   --- best 1 domain ---    -#dom-
    E-value  score  bias    E-value  score  bias    exp  N  Sequence Description
    ------- ------ -----    ------- ------ -----   ---- --  -------- -----------

   [No hits detected that satisfy reporting thresholds]


Domain annotation for each sequence:

   [No targets detected that satisfy reporting thresholds]


Internal pipeline statistics summary:
-------------------------------------
Query model(s):                            1  (162 nodes)
Target sequences:                       3993  (1239840 residues searched)
Passed MSV filter:                        73  (0.018282); expected 79.9 (0.02)
Passed bias filter:                       66  (0.0165289); expected 79.9 (0.02)
Passed Vit filter:                         6  (0.00150263); expected 4.0 (0.001)
Passed Fwd filter:                         2  (0.000500877); expected 0.0 (1e-05)
Initial search space (Z):               3993  [actual number of targets]
Domain search space  (domZ):               0  [number of targets reported over threshold]
# CPU time: 0.02u 0.00s 00:00:00.02 Elapsed: 00:00:00.01
# Mc/sec: 10049.47
//
Query:       TIGR01020  [M=212]
Accession:   TIGR01020
Description: uS5_euk_arch: ribosomal protein uS5
Scores for complete sequences (score includes all domains):
   --- full sequence ---   --- best 1 domain ---    -#dom-
    E-value  score  bias    E-value  score  bias    exp  N  Sequence Description
    ------- ------ -----    ------- ------ -----   ---- --  -------- -----------

   [No hits detected that satisfy reporting thresholds]


Domain annotation for each sequence:

   [No targets detected that satisfy reporting thresholds]


Internal pipeline statistics summary:
-------------------------------------
Query model(s):                            1  (212 nodes)
Target sequences:                       3993  (1239840 residues searched)
Passed MSV filter:                        88  (0.0220386); expected 79.9 (0.02)
Passed bias filter:                       77  (0.0192837); expected 79.9 (0.02)
Passed Vit filter:                         2  (0.000500877); expected 4.0 (0.001)
Passed Fwd filter:                         1  (0.000250438); expected 0.0 (1e-05)
Initial search space (Z):               3993  [actual number of targets]
Domain search space  (domZ):               0  [number of targets reported over threshold]
# CPU time: 0.03u 0.00s 00:00:00.03 Elapsed: 00:00:00.02
# Mc/sec: 9470.84
//
Query:       TIGR01021  [M=156]
Accession:   TIGR01021
Description: rpsE_bact: ribosomal protein uS5
Scores for complete sequences (score includes all domains):
   --- full sequence ---   --- best 1 domain ---    -#dom-
    E-value  score  bias    E-value  score  bias    exp  N  Sequence           Description
    ------- ------ -----    ------- ------ -----   ---- --  --------           -----------
    2.2e-66  220.3   2.9    2.5e-66  220.1   2.9    1.0  1  NZ_CP034767.1_1489  # 1514878 # 1515411 # 1 # ID=1_1489;partial=00;start_type=ATG;rbs_motif=AGGA;rbs_spacer=5-10bp;gc_cont=0.620


Domain annotation for each sequence:
>> NZ_CP034767.1_1489  # 1514878 # 1515411 # 1 # ID=1_1489;partial=00;start_type=ATG;rbs_motif=AGGA;rbs_spacer=5-10bp;gc_cont=0.620
   #    score  bias  c-Evalue  i-Evalue hmmfrom  hmm to    alifrom  ali to    envfrom  env to     acc
 ---   ------ ----- --------- --------- ------- -------    ------- -------    ------- -------    ----
   1 !  220.1   2.9   6.4e-70   2.5e-66       2     156 .]      10     165 ..       9     165 .. 0.98



Internal pipeline statistics summary:
-------------------------------------
Query model(s):                            1  (156 nodes)
Target sequences:                       3993  (1239840 residues searched)
Passed MSV filter:                       150  (0.0375657); expected 79.9 (0.02)
Passed bias filter:                      116  (0.0290508); expected 79.9 (0.02)
Passed Vit filter:                         9  (0.00225394); expected 4.0 (0.001)
Passed Fwd filter:                         1  (0.000250438); expected 0.0 (1e-05)
Initial search space (Z):               3993  [actual number of targets]
Domain search space  (domZ):               1  [number of targets reported over threshold]
# CPU time: 0.02u 0.00s 00:00:00.02 Elapsed: 00:00:00.02
# Mc/sec: 8668.23
//
Query:       TIGR01028  [M=186]
Accession:   TIGR01028
Description: uS7_euk_arch: ribosomal protein uS7
Scores for complete sequences (score includes all domains):
   --- full sequence ---   --- best 1 domain ---    -#dom-
    E-value  score  bias    E-value  score  bias    exp  N  Sequence Description
    ------- ------ -----    ------- ------ -----   ---- --  -------- -----------

   [No hits detected that satisfy reporting thresholds]


Domain annotation for each sequence:

   [No targets detected that satisfy reporting thresholds]


Internal pipeline statistics summary:
-------------------------------------
Query model(s):                            1  (186 nodes)
Target sequences:                       3993  (1239840 residues searched)
Passed MSV filter:                        65  (0.0162785); expected 79.9 (0.02)
Passed bias filter:                       53  (0.0132732); expected 79.9 (0.02)
Passed Vit filter:                         4  (0.00100175); expected 4.0 (0.001)
Passed Fwd filter:                         1  (0.000250438); expected 0.0 (1e-05)
Initial search space (Z):               3993  [actual number of targets]
Domain search space  (domZ):               0  [number of targets reported over threshold]
# CPU time: 0.02u 0.00s 00:00:00.02 Elapsed: 00:00:00.02
# Mc/sec: 10884.19
//
Query:       TIGR01029  [M=154]
Accession:   TIGR01029
Description: rpsG_bact: ribosomal protein uS7
Scores for complete sequences (score includes all domains):
   --- full sequence ---   --- best 1 domain ---    -#dom-
    E-value  score  bias    E-value  score  bias    exp  N  Sequence           Description
    ------- ------ -----    ------- ------ -----   ---- --  --------           -----------
    4.8e-69  229.0   0.2    5.4e-69  228.8   0.2    1.0  1  NZ_CP034767.1_1468  # 1502859 # 1503329 # 1 # ID=1_1468;partial=00;start_type=ATG;rbs_motif=AGGAG;rbs_spacer=5-10bp;gc_cont=0.594


Domain annotation for each sequence:
>> NZ_CP034767.1_1468  # 1502859 # 1503329 # 1 # ID=1_1468;partial=00;start_type=ATG;rbs_motif=AGGAG;rbs_spacer=5-10bp;gc_cont=0.594
   #    score  bias  c-Evalue  i-Evalue hmmfrom  hmm to    alifrom  ali to    envfrom  env to     acc
 ---   ------ ----- --------- --------- ------- -------    ------- -------    ------- -------    ----
   1 !  228.8   0.2   1.4e-72   5.4e-69       1     154 []       3     156 ..       3     156 .. 1.00



Internal pipeline statistics summary:
-------------------------------------
Query model(s):                            1  (154 nodes)
Target sequences:                       3993  (1239840 residues searched)
Passed MSV filter:                        57  (0.014275); expected 79.9 (0.02)
Passed bias filter:                       50  (0.0125219); expected 79.9 (0.02)
Passed Vit filter:                         4  (0.00100175); expected 4.0 (0.001)
Passed Fwd filter:                         1  (0.000250438); expected 0.0 (1e-05)
Initial search space (Z):               3993  [actual number of targets]
Domain search space  (domZ):               1  [number of targets reported over threshold]
# CPU time: 0.01u 0.00s 00:00:00.01 Elapsed: 00:00:00.02
# Mc/sec: 8512.08
//
Query:       TIGR01032  [M=114]
Accession:   TIGR01032
Description: rplT_bact: ribosomal protein bL20
Scores for complete sequences (score includes all domains):
   --- full sequence ---   --- best 1 domain ---    -#dom-
    E-value  score  bias    E-value  score  bias    exp  N  Sequence           Description
    ------- ------ -----    ------- ------ -----   ---- --  --------           -----------
    3.4e-48  160.5   4.9      4e-48  160.3   4.9    1.0  1  NZ_CP034767.1_3926  # 4103614 # 4104015 # -1 # ID=1_3926;partial=00;start_type=ATG;rbs_motif=AGGA;rbs_spacer=5-10bp;gc_cont=0.592


Domain annotation for each sequence:
>> NZ_CP034767.1_3926  # 4103614 # 4104015 # -1 # ID=1_3926;partial=00;start_type=ATG;rbs_motif=AGGA;rbs_spacer=5-10bp;gc_cont=0.592
   #    score  bias  c-Evalue  i-Evalue hmmfrom  hmm to    alifrom  ali to    envfrom  env to     acc
 ---   ------ ----- --------- --------- ------- -------    ------- -------    ------- -------    ----
   1 !  160.3   4.9     1e-51     4e-48       1     114 []       1     114 [.       1     114 [. 0.99



Internal pipeline statistics summary:
-------------------------------------
Query model(s):                            1  (114 nodes)
Target sequences:                       3993  (1239840 residues searched)
Passed MSV filter:                        79  (0.0197846); expected 79.9 (0.02)
Passed bias filter:                       65  (0.0162785); expected 79.9 (0.02)
Passed Vit filter:                         5  (0.00125219); expected 4.0 (0.001)
Passed Fwd filter:                         1  (0.000250438); expected 0.0 (1e-05)
Initial search space (Z):               3993  [actual number of targets]
Domain search space  (domZ):               1  [number of targets reported over threshold]
# CPU time: 0.02u 0.00s 00:00:00.02 Elapsed: 00:00:00.01
# Mc/sec: 7820.44
//
Query:       TIGR01039  [M=462]
Accession:   TIGR01039
Description: atpD: ATP synthase F1, beta subunit
Scores for complete sequences (score includes all domains):
   --- full sequence ---   --- best 1 domain ---    -#dom-
    E-value  score  bias    E-value  score  bias    exp  N  Sequence           Description
    ------- ------ -----    ------- ------ -----   ---- --  --------           -----------
   3.5e-243  805.2   4.3     4e-243  805.0   4.3    1.0  1  NZ_CP034767.1_2938  # 3043500 # 3044939 # 1 # ID=1_2938;partial=00;start_type=ATG;rbs_motif=GGAG/GAGG;rbs_spacer=5-10bp;gc_cont=0.628


Domain annotation for each sequence:
>> NZ_CP034767.1_2938  # 3043500 # 3044939 # 1 # ID=1_2938;partial=00;start_type=ATG;rbs_motif=GGAG/GAGG;rbs_spacer=5-10bp;gc_cont=0.628
   #    score  bias  c-Evalue  i-Evalue hmmfrom  hmm to    alifrom  ali to    envfrom  env to     acc
 ---   ------ ----- --------- --------- ------- -------    ------- -------    ------- -------    ----
   1 !  805.0   4.3    1e-246    4e-243       2     462 .]       6     474 ..       5     474 .. 0.99



Internal pipeline statistics summary:
-------------------------------------
Query model(s):                            1  (462 nodes)
Target sequences:                       3993  (1239840 residues searched)
Passed MSV filter:                       145  (0.0363135); expected 79.9 (0.02)
Passed bias filter:                      122  (0.0305535); expected 79.9 (0.02)
Passed Vit filter:                        19  (0.00475833); expected 4.0 (0.001)
Passed Fwd filter:                         5  (0.00125219); expected 0.0 (1e-05)
Initial search space (Z):               3993  [actual number of targets]
Domain search space  (domZ):               1  [number of targets reported over threshold]
# CPU time: 0.07u 0.00s 00:00:00.07 Elapsed: 00:00:00.07
# Mc/sec: 7673.37
//
Query:       TIGR01044  [M=103]
Accession:   TIGR01044
Description: rplV_bact: ribosomal protein uL22
Scores for complete sequences (score includes all domains):
   --- full sequence ---   --- best 1 domain ---    -#dom-
    E-value  score  bias    E-value  score  bias    exp  N  Sequence           Description
    ------- ------ -----    ------- ------ -----   ---- --  --------           -----------
    2.5e-34  115.4   0.4    3.1e-34  115.2   0.4    1.0  1  NZ_CP034767.1_1477  # 1509891 # 1510271 # 1 # ID=1_1477;partial=00;start_type=ATG;rbs_motif=GGAG/GAGG;rbs_spacer=5-10bp;gc_cont=0.612


Domain annotation for each sequence:
>> NZ_CP034767.1_1477  # 1509891 # 1510271 # 1 # ID=1_1477;partial=00;start_type=ATG;rbs_motif=GGAG/GAGG;rbs_spacer=5-10bp;gc_cont=0.612
   #    score  bias  c-Evalue  i-Evalue hmmfrom  hmm to    alifrom  ali to    envfrom  env to     acc
 ---   ------ ----- --------- --------- ------- -------    ------- -------    ------- -------    ----
   1 !  115.2   0.4   7.6e-38   3.1e-34       1     103 []      17     119 ..      17     119 .. 0.99



Internal pipeline statistics summary:
-------------------------------------
Query model(s):                            1  (103 nodes)
Target sequences:                       3993  (1239840 residues searched)
Passed MSV filter:                       105  (0.026296); expected 79.9 (0.02)
Passed bias filter:                       79  (0.0197846); expected 79.9 (0.02)
Passed Vit filter:                         9  (0.00225394); expected 4.0 (0.001)
Passed Fwd filter:                         1  (0.000250438); expected 0.0 (1e-05)
Initial search space (Z):               3993  [actual number of targets]
Domain search space  (domZ):               1  [number of targets reported over threshold]
# CPU time: 0.02u 0.00s 00:00:00.02 Elapsed: 00:00:00.01
# Mc/sec: 6638.09
//
Query:       TIGR01046  [M=99]
Accession:   TIGR01046
Description: uS10_euk_arch: ribosomal protein uS10
Scores for complete sequences (score includes all domains):
   --- full sequence ---   --- best 1 domain ---    -#dom-
    E-value  score  bias    E-value  score  bias    exp  N  Sequence Description
    ------- ------ -----    ------- ------ -----   ---- --  -------- -----------

   [No hits detected that satisfy reporting thresholds]


Domain annotation for each sequence:

   [No targets detected that satisfy reporting thresholds]


Internal pipeline statistics summary:
-------------------------------------
Query model(s):                            1  (99 nodes)
Target sequences:                       3993  (1239840 residues searched)
Passed MSV filter:                        67  (0.0167794); expected 79.9 (0.02)
Passed bias filter:                       62  (0.0155272); expected 79.9 (0.02)
Passed Vit filter:                         3  (0.000751315); expected 4.0 (0.001)
Passed Fwd filter:                         1  (0.000250438); expected 0.0 (1e-05)
Initial search space (Z):               3993  [actual number of targets]
Domain search space  (domZ):               0  [number of targets reported over threshold]
# CPU time: 0.01u 0.00s 00:00:00.01 Elapsed: 00:00:00.01
# Mc/sec: 7159.70
//
Query:       TIGR01052  [M=488]
Accession:   TIGR01052
Description: top6b: DNA topoisomerase VI, B subunit
Scores for complete sequences (score includes all domains):
   --- full sequence ---   --- best 1 domain ---    -#dom-
    E-value  score  bias    E-value  score  bias    exp  N  Sequence Description
    ------- ------ -----    ------- ------ -----   ---- --  -------- -----------

   [No hits detected that satisfy reporting thresholds]


Domain annotation for each sequence:

   [No targets detected that satisfy reporting thresholds]


Internal pipeline statistics summary:
-------------------------------------
Query model(s):                            1  (488 nodes)
Target sequences:                       3993  (1239840 residues searched)
Passed MSV filter:                        93  (0.0232908); expected 79.9 (0.02)
Passed bias filter:                       88  (0.0220386); expected 79.9 (0.02)
Passed Vit filter:                        18  (0.00450789); expected 4.0 (0.001)
Passed Fwd filter:                         5  (0.00125219); expected 0.0 (1e-05)
Initial search space (Z):               3993  [actual number of targets]
Domain search space  (domZ):               0  [number of targets reported over threshold]
# CPU time: 0.06u 0.00s 00:00:00.06 Elapsed: 00:00:00.06
# Mc/sec: 9936.18
//
Query:       TIGR01059  [M=639]
Accession:   TIGR01059
Description: gyrB: DNA gyrase, B subunit
Scores for complete sequences (score includes all domains):
   --- full sequence ---   --- best 1 domain ---    -#dom-
    E-value  score  bias    E-value  score  bias    exp  N  Sequence        Description
    ------- ------ -----    ------- ------ -----   ---- --  --------        -----------
   2.1e-294  975.7   0.0   2.5e-294  975.5   0.0    1.0  1  NZ_CP034767.1_4  # 4286 # 6739 # 1 # ID=1_4;partial=00;start_type=ATG;rbs_motif=GGA/GAG/AGG;rbs_spacer=3-4bp;gc_cont=0.625


Domain annotation for each sequence:
>> NZ_CP034767.1_4  # 4286 # 6739 # 1 # ID=1_4;partial=00;start_type=ATG;rbs_motif=GGA/GAG/AGG;rbs_spacer=3-4bp;gc_cont=0.625
   #    score  bias  c-Evalue  i-Evalue hmmfrom  hmm to    alifrom  ali to    envfrom  env to     acc
 ---   ------ ----- --------- --------- ------- -------    ------- -------    ------- -------    ----
   1 !  975.5   0.0  6.3e-298  2.5e-294       1     639 []      12     817 ..      12     817 .. 0.92



Internal pipeline statistics summary:
-------------------------------------
Query model(s):                            1  (639 nodes)
Target sequences:                       3993  (1239840 residues searched)
Passed MSV filter:                        85  (0.0212873); expected 79.9 (0.02)
Passed bias filter:                       79  (0.0197846); expected 79.9 (0.02)
Passed Vit filter:                        10  (0.00250438); expected 4.0 (0.001)
Passed Fwd filter:                         2  (0.000500877); expected 0.0 (1e-05)
Initial search space (Z):               3993  [actual number of targets]
Domain search space  (domZ):               1  [number of targets reported over threshold]
# CPU time: 0.07u 0.00s 00:00:00.07 Elapsed: 00:00:00.08
# Mc/sec: 9076.00
//
Query:       TIGR01063  [M=800]
Accession:   TIGR01063
Description: gyrA: DNA gyrase, A subunit
Scores for complete sequences (score includes all domains):
   --- full sequence ---   --- best 1 domain ---    -#dom-
    E-value  score  bias    E-value  score  bias    exp  N  Sequence           Description
    ------- ------ -----    ------- ------ -----   ---- --  --------           -----------
          0 1124.9   0.4          0 1124.7   0.4    1.0  1  NZ_CP034767.1_1174  # 1210331 # 1213108 # 1 # ID=1_1174;partial=00;start_type=GTG;rbs_motif=None;rbs_spacer=None;gc_cont=0.645


Domain annotation for each sequence:
>> NZ_CP034767.1_1174  # 1210331 # 1213108 # 1 # ID=1_1174;partial=00;start_type=GTG;rbs_motif=None;rbs_spacer=None;gc_cont=0.645
   #    score  bias  c-Evalue  i-Evalue hmmfrom  hmm to    alifrom  ali to    envfrom  env to     acc
 ---   ------ ----- --------- --------- ------- -------    ------- -------    ------- -------    ----
   1 ! 1124.7   0.4         0         0       3     799 ..      20     904 ..      18     905 .. 0.99



Internal pipeline statistics summary:
-------------------------------------
Query model(s):                            1  (800 nodes)
Target sequences:                       3993  (1239840 residues searched)
Passed MSV filter:                        73  (0.018282); expected 79.9 (0.02)
Passed bias filter:                       63  (0.0157776); expected 79.9 (0.02)
Passed Vit filter:                        12  (0.00300526); expected 4.0 (0.001)
Passed Fwd filter:                         2  (0.000500877); expected 0.0 (1e-05)
Initial search space (Z):               3993  [actual number of targets]
Domain search space  (domZ):               1  [number of targets reported over threshold]
# CPU time: 0.07u 0.01s 00:00:00.08 Elapsed: 00:00:00.08
# Mc/sec: 11272.06
//
Query:       TIGR01066  [M=141]
Accession:   TIGR01066
Description: rplM_bact: ribosomal protein uL13
Scores for complete sequences (score includes all domains):
   --- full sequence ---   --- best 1 domain ---    -#dom-
    E-value  score  bias    E-value  score  bias    exp  N  Sequence           Description
    ------- ------ -----    ------- ------ -----   ---- --  --------           -----------
    3.9e-58  193.1   0.0    4.4e-58  192.9   0.0    1.0  1  NZ_CP034767.1_1071  # 1098312 # 1098776 # 1 # ID=1_1071;partial=00;start_type=ATG;rbs_motif=AGGA;rbs_spacer=5-10bp;gc_cont=0.619


Domain annotation for each sequence:
>> NZ_CP034767.1_1071  # 1098312 # 1098776 # 1 # ID=1_1071;partial=00;start_type=ATG;rbs_motif=AGGA;rbs_spacer=5-10bp;gc_cont=0.619
   #    score  bias  c-Evalue  i-Evalue hmmfrom  hmm to    alifrom  ali to    envfrom  env to     acc
 ---   ------ ----- --------- --------- ------- -------    ------- -------    ------- -------    ----
   1 !  192.9   0.0   1.1e-61   4.4e-58       2     140 ..       4     142 ..       2     143 .. 0.96



Internal pipeline statistics summary:
-------------------------------------
Query model(s):                            1  (141 nodes)
Target sequences:                       3993  (1239840 residues searched)
Passed MSV filter:                        68  (0.0170298); expected 79.9 (0.02)
Passed bias filter:                       63  (0.0157776); expected 79.9 (0.02)
Passed Vit filter:                         6  (0.00150263); expected 4.0 (0.001)
Passed Fwd filter:                         1  (0.000250438); expected 0.0 (1e-05)
Initial search space (Z):               3993  [actual number of targets]
Domain search space  (domZ):               1  [number of targets reported over threshold]
# CPU time: 0.02u 0.00s 00:00:00.02 Elapsed: 00:00:00.02
# Mc/sec: 6299.62
//
Query:       TIGR01071  [M=144]
Accession:   TIGR01071
Description: rplO_bact: ribosomal protein uL15
Scores for complete sequences (score includes all domains):
   --- full sequence ---   --- best 1 domain ---    -#dom-
    E-value  score  bias    E-value  score  bias    exp  N  Sequence           Description
    ------- ------ -----    ------- ------ -----   ---- --  --------           -----------
    5.7e-42  140.8   1.6    6.6e-42  140.6   1.6    1.0  1  NZ_CP034767.1_1491  # 1515642 # 1516139 # 1 # ID=1_1491;partial=00;start_type=ATG;rbs_motif=AGxAGG/AGGxGG;rbs_spacer=5-10bp;gc_cont=0.596


Domain annotation for each sequence:
>> NZ_CP034767.1_1491  # 1515642 # 1516139 # 1 # ID=1_1491;partial=00;start_type=ATG;rbs_motif=AGxAGG/AGGxGG;rbs_spacer=5-10bp;gc_cont=0.596
   #    score  bias  c-Evalue  i-Evalue hmmfrom  hmm to    alifrom  ali to    envfrom  env to     acc
 ---   ------ ----- --------- --------- ------- -------    ------- -------    ------- -------    ----
   1 !  140.6   1.6   1.6e-45   6.6e-42       1     143 [.       3     150 ..       3     151 .. 0.96



Internal pipeline statistics summary:
-------------------------------------
Query model(s):                            1  (144 nodes)
Target sequences:                       3993  (1239840 residues searched)
Passed MSV filter:                        64  (0.016028); expected 79.9 (0.02)
Passed bias filter:                       50  (0.0125219); expected 79.9 (0.02)
Passed Vit filter:                         6  (0.00150263); expected 4.0 (0.001)
Passed Fwd filter:                         2  (0.000500877); expected 0.0 (1e-05)
Initial search space (Z):               3993  [actual number of targets]
Domain search space  (domZ):               1  [number of targets reported over threshold]
# CPU time: 0.01u 0.00s 00:00:00.01 Elapsed: 00:00:00.02
# Mc/sec: 6335.85
//
Query:       TIGR01079  [M=104]
Accession:   TIGR01079
Description: rplX_bact: ribosomal protein uL24
Scores for complete sequences (score includes all domains):
   --- full sequence ---   --- best 1 domain ---    -#dom-
    E-value  score  bias    E-value  score  bias    exp  N  Sequence           Description
    ------- ------ -----    ------- ------ -----   ---- --  --------           -----------
    2.2e-34  115.8   3.1    2.5e-34  115.7   3.1    1.0  1  NZ_CP034767.1_1483  # 1512287 # 1512598 # 1 # ID=1_1483;partial=00;start_type=ATG;rbs_motif=GGAG/GAGG;rbs_spacer=5-10bp;gc_cont=0.599


Domain annotation for each sequence:
>> NZ_CP034767.1_1483  # 1512287 # 1512598 # 1 # ID=1_1483;partial=00;start_type=ATG;rbs_motif=GGAG/GAGG;rbs_spacer=5-10bp;gc_cont=0.599
   #    score  bias  c-Evalue  i-Evalue hmmfrom  hmm to    alifrom  ali to    envfrom  env to     acc
 ---   ------ ----- --------- --------- ------- -------    ------- -------    ------- -------    ----
   1 !  115.7   3.1   6.2e-38   2.5e-34       2     104 .]       3     101 ..       2     101 .. 0.95



Internal pipeline statistics summary:
-------------------------------------
Query model(s):                            1  (104 nodes)
Target sequences:                       3993  (1239840 residues searched)
Passed MSV filter:                        66  (0.0165289); expected 79.9 (0.02)
Passed bias filter:                       59  (0.0147759); expected 79.9 (0.02)
Passed Vit filter:                         4  (0.00100175); expected 4.0 (0.001)
Passed Fwd filter:                         1  (0.000250438); expected 0.0 (1e-05)
Initial search space (Z):               3993  [actual number of targets]
Domain search space  (domZ):               1  [number of targets reported over threshold]
# CPU time: 0.02u 0.00s 00:00:00.02 Elapsed: 00:00:00.02
# Mc/sec: 5641.04
//
Query:       TIGR01082  [M=449]
Accession:   TIGR01082
Description: murC: UDP-N-acetylmuramate--L-alanine ligase
Scores for complete sequences (score includes all domains):
   --- full sequence ---   --- best 1 domain ---    -#dom-
    E-value  score  bias    E-value  score  bias    exp  N  Sequence           Description
    ------- ------ -----    ------- ------ -----   ---- --  --------           -----------
   3.4e-160  531.8   0.0   3.8e-160  531.6   0.0    1.0  1  NZ_CP034767.1_2217  # 2281614 # 2283032 # -1 # ID=1_2217;partial=00;start_type=ATG;rbs_motif=GGA/GAG/AGG;rbs_spacer=5-10bp;gc_cont=0.649


Domain annotation for each sequence:
>> NZ_CP034767.1_2217  # 2281614 # 2283032 # -1 # ID=1_2217;partial=00;start_type=ATG;rbs_motif=GGA/GAG/AGG;rbs_spacer=5-10bp;gc_cont=0.649
   #    score  bias  c-Evalue  i-Evalue hmmfrom  hmm to    alifrom  ali to    envfrom  env to     acc
 ---   ------ ----- --------- --------- ------- -------    ------- -------    ------- -------    ----
   1 !  531.6   0.0  9.5e-164  3.8e-160       2     447 ..      10     458 ..       9     460 .. 0.98



Internal pipeline statistics summary:
-------------------------------------
Query model(s):                            1  (449 nodes)
Target sequences:                       3993  (1239840 residues searched)
Passed MSV filter:                       147  (0.0368144); expected 79.9 (0.02)
Passed bias filter:                      133  (0.0333083); expected 79.9 (0.02)
Passed Vit filter:                        17  (0.00425745); expected 4.0 (0.001)
Passed Fwd filter:                         5  (0.00125219); expected 0.0 (1e-05)
Initial search space (Z):               3993  [actual number of targets]
Domain search space  (domZ):               1  [number of targets reported over threshold]
# CPU time: 0.06u 0.01s 00:00:00.06 Elapsed: 00:00:00.05
# Mc/sec: 9909.41
//
Query:       TIGR01087  [M=441]
Accession:   TIGR01087
Description: murD: UDP-N-acetylmuramoylalanine--D-glutamate ligase
Scores for complete sequences (score includes all domains):
   --- full sequence ---   --- best 1 domain ---    -#dom-
    E-value  score  bias    E-value  score  bias    exp  N  Sequence           Description
    ------- ------ -----    ------- ------ -----   ---- --  --------           -----------
    9.3e-82  273.2   0.0      3e-81  271.5   0.0    1.7  1  NZ_CP034767.1_2424  # 2483565 # 2484860 # 1 # ID=1_2424;partial=00;start_type=ATG;rbs_motif=None;rbs_spacer=None;gc_cont=0.676


Domain annotation for each sequence:
>> NZ_CP034767.1_2424  # 2483565 # 2484860 # 1 # ID=1_2424;partial=00;start_type=ATG;rbs_motif=None;rbs_spacer=None;gc_cont=0.676
   #    score  bias  c-Evalue  i-Evalue hmmfrom  hmm to    alifrom  ali to    envfrom  env to     acc
 ---   ------ ----- --------- --------- ------- -------    ------- -------    ------- -------    ----
   1 !  271.5   0.0   7.4e-85     3e-81       2     440 ..       7     425 ..       6     426 .. 0.86



Internal pipeline statistics summary:
-------------------------------------
Query model(s):                            1  (441 nodes)
Target sequences:                       3993  (1239840 residues searched)
Passed MSV filter:                       208  (0.0520912); expected 79.9 (0.02)
Passed bias filter:                      191  (0.0478337); expected 79.9 (0.02)
Passed Vit filter:                        42  (0.0105184); expected 4.0 (0.001)
Passed Fwd filter:                         6  (0.00150263); expected 0.0 (1e-05)
Initial search space (Z):               3993  [actual number of targets]
Domain search space  (domZ):               1  [number of targets reported over threshold]
# CPU time: 0.09u 0.00s 00:00:00.09 Elapsed: 00:00:00.09
# Mc/sec: 5662.40
//
Query:       TIGR01128  [M=314]
Accession:   TIGR01128
Description: holA: DNA polymerase III, delta subunit
Scores for complete sequences (score includes all domains):
   --- full sequence ---   --- best 1 domain ---    -#dom-
    E-value  score  bias    E-value  score  bias    exp  N  Sequence           Description
    ------- ------ -----    ------- ------ -----   ---- --  --------           -----------
    2.8e-36  123.2   0.0    3.5e-36  122.9   0.0    1.0  1  NZ_CP034767.1_3809  # 3989319 # 3990341 # 1 # ID=1_3809;partial=00;start_type=ATG;rbs_motif=None;rbs_spacer=None;gc_cont=0.652


Domain annotation for each sequence:
>> NZ_CP034767.1_3809  # 3989319 # 3990341 # 1 # ID=1_3809;partial=00;start_type=ATG;rbs_motif=None;rbs_spacer=None;gc_cont=0.652
   #    score  bias  c-Evalue  i-Evalue hmmfrom  hmm to    alifrom  ali to    envfrom  env to     acc
 ---   ------ ----- --------- --------- ------- -------    ------- -------    ------- -------    ----
   1 !  122.9   0.0   8.7e-40   3.5e-36       4     314 .]      22     334 ..      20     334 .. 0.95



Internal pipeline statistics summary:
-------------------------------------
Query model(s):                            1  (314 nodes)
Target sequences:                       3993  (1239840 residues searched)
Passed MSV filter:                       123  (0.0308039); expected 79.9 (0.02)
Passed bias filter:                      107  (0.0267969); expected 79.9 (0.02)
Passed Vit filter:                        13  (0.0032557); expected 4.0 (0.001)
Passed Fwd filter:                         3  (0.000751315); expected 0.0 (1e-05)
Initial search space (Z):               3993  [actual number of targets]
Domain search space  (domZ):               1  [number of targets reported over threshold]
# CPU time: 0.03u 0.01s 00:00:00.04 Elapsed: 00:00:00.03
# Mc/sec: 10401.99
//
Query:       TIGR01146  [M=286]
Accession:   TIGR01146
Description: ATPsyn_F1gamma: ATP synthase F1, gamma subunit
Scores for complete sequences (score includes all domains):
   --- full sequence ---   --- best 1 domain ---    -#dom-
    E-value  score  bias    E-value  score  bias    exp  N  Sequence           Description
    ------- ------ -----    ------- ------ -----   ---- --  --------           -----------
    5.1e-96  319.6   0.3    5.7e-96  319.4   0.3    1.0  1  NZ_CP034767.1_2937  # 3042588 # 3043478 # 1 # ID=1_2937;partial=00;start_type=ATG;rbs_motif=AGGAG/GGAGG;rbs_spacer=11-12bp;gc_cont=0.635


Domain annotation for each sequence:
>> NZ_CP034767.1_2937  # 3042588 # 3043478 # 1 # ID=1_2937;partial=00;start_type=ATG;rbs_motif=AGGAG/GGAGG;rbs_spacer=11-12bp;gc_cont=0.635
   #    score  bias  c-Evalue  i-Evalue hmmfrom  hmm to    alifrom  ali to    envfrom  env to     acc
 ---   ------ ----- --------- --------- ------- -------    ------- -------    ------- -------    ----
   1 !  319.4   0.3   1.4e-99   5.7e-96       1     286 []       1     296 [.       1     296 [. 0.94



Internal pipeline statistics summary:
-------------------------------------
Query model(s):                            1  (286 nodes)
Target sequences:                       3993  (1239840 residues searched)
Passed MSV filter:                        82  (0.0205359); expected 79.9 (0.02)
Passed bias filter:                       62  (0.0155272); expected 79.9 (0.02)
Passed Vit filter:                         7  (0.00175307); expected 4.0 (0.001)
Passed Fwd filter:                         1  (0.000250438); expected 0.0 (1e-05)
Initial search space (Z):               3993  [actual number of targets]
Domain search space  (domZ):               1  [number of targets reported over threshold]
# CPU time: 0.03u 0.00s 00:00:00.03 Elapsed: 00:00:00.03
# Mc/sec: 10458.45
//
Query:       TIGR01164  [M=126]
Accession:   TIGR01164
Description: rplP_bact: ribosomal protein uL16
Scores for complete sequences (score includes all domains):
   --- full sequence ---   --- best 1 domain ---    -#dom-
    E-value  score  bias    E-value  score  bias    exp  N  Sequence           Description
    ------- ------ -----    ------- ------ -----   ---- --  --------           -----------
    2.1e-58  193.7   2.2    2.4e-58  193.5   2.2    1.0  1  NZ_CP034767.1_1479  # 1511036 # 1511449 # 1 # ID=1_1479;partial=00;start_type=ATG;rbs_motif=AGxAGG/AGGxGG;rbs_spacer=5-10bp;gc_cont=0.592


Domain annotation for each sequence:
>> NZ_CP034767.1_1479  # 1511036 # 1511449 # 1 # ID=1_1479;partial=00;start_type=ATG;rbs_motif=AGxAGG/AGGxGG;rbs_spacer=5-10bp;gc_cont=0.592
   #    score  bias  c-Evalue  i-Evalue hmmfrom  hmm to    alifrom  ali to    envfrom  env to     acc
 ---   ------ ----- --------- --------- ------- -------    ------- -------    ------- -------    ----
   1 !  193.5   2.2     6e-62   2.4e-58       1     126 []       2     127 ..       2     127 .. 0.99



Internal pipeline statistics summary:
-------------------------------------
Query model(s):                            1  (126 nodes)
Target sequences:                       3993  (1239840 residues searched)
Passed MSV filter:                        71  (0.0177811); expected 79.9 (0.02)
Passed bias filter:                       66  (0.0165289); expected 79.9 (0.02)
Passed Vit filter:                         6  (0.00150263); expected 4.0 (0.001)
Passed Fwd filter:                         1  (0.000250438); expected 0.0 (1e-05)
Initial search space (Z):               3993  [actual number of targets]
Domain search space  (domZ):               1  [number of targets reported over threshold]
# CPU time: 0.02u 0.00s 00:00:00.02 Elapsed: 00:00:00.02
# Mc/sec: 6593.13
//
Query:       TIGR01169  [M=227]
Accession:   TIGR01169
Description: rplA_bact: ribosomal protein uL1
Scores for complete sequences (score includes all domains):
   --- full sequence ---   --- best 1 domain ---    -#dom-
    E-value  score  bias    E-value  score  bias    exp  N  Sequence           Description
    ------- ------ -----    ------- ------ -----   ---- --  --------           -----------
   5.3e-103  341.1   3.8     6e-103  340.9   3.8    1.0  1  NZ_CP034767.1_1461  # 1490673 # 1491365 # 1 # ID=1_1461;partial=00;start_type=ATG;rbs_motif=GGAG/GAGG;rbs_spacer=5-10bp;gc_cont=0.615


Domain annotation for each sequence:
>> NZ_CP034767.1_1461  # 1490673 # 1491365 # 1 # ID=1_1461;partial=00;start_type=ATG;rbs_motif=GGAG/GAGG;rbs_spacer=5-10bp;gc_cont=0.615
   #    score  bias  c-Evalue  i-Evalue hmmfrom  hmm to    alifrom  ali to    envfrom  env to     acc
 ---   ------ ----- --------- --------- ------- -------    ------- -------    ------- -------    ----
   1 !  340.9   3.8  1.5e-106    6e-103       2     224 ..       4     226 ..       3     229 .. 0.99



Internal pipeline statistics summary:
-------------------------------------
Query model(s):                            1  (227 nodes)
Target sequences:                       3993  (1239840 residues searched)
Passed MSV filter:                       100  (0.0250438); expected 79.9 (0.02)
Passed bias filter:                       83  (0.0207864); expected 79.9 (0.02)
Passed Vit filter:                         6  (0.00150263); expected 4.0 (0.001)
Passed Fwd filter:                         1  (0.000250438); expected 0.0 (1e-05)
Initial search space (Z):               3993  [actual number of targets]
Domain search space  (domZ):               1  [number of targets reported over threshold]
# CPU time: 0.02u 0.00s 00:00:00.02 Elapsed: 00:00:00.03
# Mc/sec: 9044.82
//
Query:       TIGR01171  [M=275]
Accession:   TIGR01171
Description: rplB_bact: ribosomal protein uL2
Scores for complete sequences (score includes all domains):
   --- full sequence ---   --- best 1 domain ---    -#dom-
    E-value  score  bias    E-value  score  bias    exp  N  Sequence           Description
    ------- ------ -----    ------- ------ -----   ---- --  --------           -----------
   2.8e-121  401.9   6.3   3.2e-121  401.7   6.3    1.0  1  NZ_CP034767.1_1475  # 1508768 # 1509607 # 1 # ID=1_1475;partial=00;start_type=ATG;rbs_motif=GGA/GAG/AGG;rbs_spacer=5-10bp;gc_cont=0.613


Domain annotation for each sequence:
>> NZ_CP034767.1_1475  # 1508768 # 1509607 # 1 # ID=1_1475;partial=00;start_type=ATG;rbs_motif=GGA/GAG/AGG;rbs_spacer=5-10bp;gc_cont=0.613
   #    score  bias  c-Evalue  i-Evalue hmmfrom  hmm to    alifrom  ali to    envfrom  env to     acc
 ---   ------ ----- --------- --------- ------- -------    ------- -------    ------- -------    ----
   1 !  401.7   6.3  8.1e-125  3.2e-121       1     274 [.       3     274 ..       3     275 .. 0.98



Internal pipeline statistics summary:
-------------------------------------
Query model(s):                            1  (275 nodes)
Target sequences:                       3993  (1239840 residues searched)
Passed MSV filter:                        74  (0.0185324); expected 79.9 (0.02)
Passed bias filter:                       69  (0.0172802); expected 79.9 (0.02)
Passed Vit filter:                         9  (0.00225394); expected 4.0 (0.001)
Passed Fwd filter:                         1  (0.000250438); expected 0.0 (1e-05)
Initial search space (Z):               3993  [actual number of targets]
Domain search space  (domZ):               1  [number of targets reported over threshold]
# CPU time: 0.03u 0.01s 00:00:00.04 Elapsed: 00:00:00.04
# Mc/sec: 7969.48
//
Query:       TIGR01213  [M=387]
Accession:   TIGR01213
Description: pseudo_Pus10arc: tRNA pseudouridine(54/55) synthase
Scores for complete sequences (score includes all domains):
   --- full sequence ---   --- best 1 domain ---    -#dom-
    E-value  score  bias    E-value  score  bias    exp  N  Sequence Description
    ------- ------ -----    ------- ------ -----   ---- --  -------- -----------

   [No hits detected that satisfy reporting thresholds]


Domain annotation for each sequence:

   [No targets detected that satisfy reporting thresholds]


Internal pipeline statistics summary:
-------------------------------------
Query model(s):                            1  (387 nodes)
Target sequences:                       3993  (1239840 residues searched)
Passed MSV filter:                        86  (0.0215377); expected 79.9 (0.02)
Passed bias filter:                       74  (0.0185324); expected 79.9 (0.02)
Passed Vit filter:                         8  (0.00200351); expected 4.0 (0.001)
Passed Fwd filter:                         0  (0); expected 0.0 (1e-05)
Initial search space (Z):               3993  [actual number of targets]
Domain search space  (domZ):               0  [number of targets reported over threshold]
# CPU time: 0.03u 0.00s 00:00:00.03 Elapsed: 00:00:00.04
# Mc/sec: 11199.99
//
Query:       TIGR01302  [M=450]
Accession:   TIGR01302
Description: IMP_dehydrog: inosine-5'-monophosphate dehydrogenase
Scores for complete sequences (score includes all domains):
   --- full sequence ---   --- best 1 domain ---    -#dom-
    E-value  score  bias    E-value  score  bias    exp  N  Sequence           Description
    ------- ------ -----    ------- ------ -----   ---- --  --------           -----------
   2.1e-190  631.1  10.7   2.5e-190  630.9  10.7    1.0  1  NZ_CP034767.1_3098  # 3207452 # 3209071 # -1 # ID=1_3098;partial=00;start_type=ATG;rbs_motif=None;rbs_spacer=None;gc_cont=0.641


Domain annotation for each sequence:
>> NZ_CP034767.1_3098  # 3207452 # 3209071 # -1 # ID=1_3098;partial=00;start_type=ATG;rbs_motif=None;rbs_spacer=None;gc_cont=0.641
   #    score  bias  c-Evalue  i-Evalue hmmfrom  hmm to    alifrom  ali to    envfrom  env to     acc
 ---   ------ ----- --------- --------- ------- -------    ------- -------    ------- -------    ----
   1 !  630.9  10.7  6.1e-194  2.5e-190       1     449 [.      52     505 ..      52     506 .. 0.98



Internal pipeline statistics summary:
-------------------------------------
Query model(s):                            1  (450 nodes)
Target sequences:                       3993  (1239840 residues searched)
Passed MSV filter:                       165  (0.0413223); expected 79.9 (0.02)
Passed bias filter:                      109  (0.0272978); expected 79.9 (0.02)
Passed Vit filter:                        23  (0.00576008); expected 4.0 (0.001)
Passed Fwd filter:                         7  (0.00175307); expected 0.0 (1e-05)
Initial search space (Z):               3993  [actual number of targets]
Domain search space  (domZ):               1  [number of targets reported over threshold]
# CPU time: 0.07u 0.00s 00:00:00.07 Elapsed: 00:00:00.07
# Mc/sec: 7048.21
//
Query:       TIGR01391  [M=414]
Accession:   TIGR01391
Description: dnaG: DNA primase
Scores for complete sequences (score includes all domains):
   --- full sequence ---   --- best 1 domain ---    -#dom-
    E-value  score  bias    E-value  score  bias    exp  N  Sequence           Description
    ------- ------ -----    ------- ------ -----   ---- --  --------           -----------
   1.5e-124  413.8   0.0   1.9e-124  413.5   0.0    1.1  1  NZ_CP034767.1_2323  # 2395551 # 2397494 # -1 # ID=1_2323;partial=00;start_type=ATG;rbs_motif=None;rbs_spacer=None;gc_cont=0.627


Domain annotation for each sequence:
>> NZ_CP034767.1_2323  # 2395551 # 2397494 # -1 # ID=1_2323;partial=00;start_type=ATG;rbs_motif=None;rbs_spacer=None;gc_cont=0.627
   #    score  bias  c-Evalue  i-Evalue hmmfrom  hmm to    alifrom  ali to    envfrom  env to     acc
 ---   ------ ----- --------- --------- ------- -------    ------- -------    ------- -------    ----
   1 !  413.5   0.0  4.7e-128  1.9e-124       2     413 ..       3     421 ..       2     422 .. 0.96



Internal pipeline statistics summary:
-------------------------------------
Query model(s):                            1  (414 nodes)
Target sequences:                       3993  (1239840 residues searched)
Passed MSV filter:                        93  (0.0232908); expected 79.9 (0.02)
Passed bias filter:                       84  (0.0210368); expected 79.9 (0.02)
Passed Vit filter:                         9  (0.00225394); expected 4.0 (0.001)
Passed Fwd filter:                         1  (0.000250438); expected 0.0 (1e-05)
Initial search space (Z):               3993  [actual number of targets]
Domain search space  (domZ):               1  [number of targets reported over threshold]
# CPU time: 0.03u 0.00s 00:00:00.03 Elapsed: 00:00:00.05
# Mc/sec: 9967.71
//
Query:       TIGR01393  [M=595]
Accession:   TIGR01393
Description: lepA: elongation factor 4
Scores for complete sequences (score includes all domains):
   --- full sequence ---   --- best 1 domain ---    -#dom-
    E-value  score  bias    E-value  score  bias    exp  N  Sequence          Description
    ------- ------ -----    ------- ------ -----   ---- --  --------          -----------
   1.4e-291  965.9   0.0   1.6e-291  965.7   0.0    1.0  1  NZ_CP034767.1_152  # 167623 # 169428 # -1 # ID=1_152;partial=00;start_type=ATG;rbs_motif=None;rbs_spacer=None;gc_cont=0.620


Domain annotation for each sequence:
>> NZ_CP034767.1_152  # 167623 # 169428 # -1 # ID=1_152;partial=00;start_type=ATG;rbs_motif=None;rbs_spacer=None;gc_cont=0.620
   #    score  bias  c-Evalue  i-Evalue hmmfrom  hmm to    alifrom  ali to    envfrom  env to     acc
 ---   ------ ----- --------- --------- ------- -------    ------- -------    ------- -------    ----
   1 !  965.7   0.0  4.1e-295  1.6e-291       2     594 ..       7     598 ..       6     599 .. 1.00



Internal pipeline statistics summary:
-------------------------------------
Query model(s):                            1  (595 nodes)
Target sequences:                       3993  (1239840 residues searched)
Passed MSV filter:                        68  (0.0170298); expected 79.9 (0.02)
Passed bias filter:                       64  (0.016028); expected 79.9 (0.02)
Passed Vit filter:                        15  (0.00375657); expected 4.0 (0.001)
Passed Fwd filter:                        10  (0.00250438); expected 0.0 (1e-05)
Initial search space (Z):               3993  [actual number of targets]
Domain search space  (domZ):               1  [number of targets reported over threshold]
# CPU time: 0.11u 0.00s 00:00:00.11 Elapsed: 00:00:00.10
# Mc/sec: 6811.98
//
Query:       TIGR01394  [M=594]
Accession:   TIGR01394
Description: TypA_BipA: GTP-binding protein TypA/BipA
Scores for complete sequences (score includes all domains):
   --- full sequence ---   --- best 1 domain ---    -#dom-
    E-value  score  bias    E-value  score  bias    exp  N  Sequence           Description
    ------- ------ -----    ------- ------ -----   ---- --  --------           -----------
   1.1e-269  893.5   0.5   1.3e-269  893.3   0.5    1.0  1  NZ_CP034767.1_3542  # 3707436 # 3709247 # -1 # ID=1_3542;partial=00;start_type=ATG;rbs_motif=GGA/GAG/AGG;rbs_spacer=11-12bp;gc_cont=0.618


Domain annotation for each sequence:
>> NZ_CP034767.1_3542  # 3707436 # 3709247 # -1 # ID=1_3542;partial=00;start_type=ATG;rbs_motif=GGA/GAG/AGG;rbs_spacer=11-12bp;gc_cont=0.618
   #    score  bias  c-Evalue  i-Evalue hmmfrom  hmm to    alifrom  ali to    envfrom  env to     acc
 ---   ------ ----- --------- --------- ------- -------    ------- -------    ------- -------    ----
   1 !  893.3   0.5  3.2e-273  1.3e-269       1     594 []       3     596 ..       3     596 .. 0.99



Internal pipeline statistics summary:
-------------------------------------
Query model(s):                            1  (594 nodes)
Target sequences:                       3993  (1239840 residues searched)
Passed MSV filter:                        85  (0.0212873); expected 79.9 (0.02)
Passed bias filter:                       67  (0.0167794); expected 79.9 (0.02)
Passed Vit filter:                        13  (0.0032557); expected 4.0 (0.001)
Passed Fwd filter:                         7  (0.00175307); expected 0.0 (1e-05)
Initial search space (Z):               3993  [actual number of targets]
Domain search space  (domZ):               1  [number of targets reported over threshold]
# CPU time: 0.10u 0.00s 00:00:00.10 Elapsed: 00:00:00.10
# Mc/sec: 6850.15
//
Query:       TIGR01510  [M=155]
Accession:   TIGR01510
Description: coaD_prev_kdtB: pantetheine-phosphate adenylyltransferase
Scores for complete sequences (score includes all domains):
   --- full sequence ---   --- best 1 domain ---    -#dom-
    E-value  score  bias    E-value  score  bias    exp  N  Sequence           Description
    ------- ------ -----    ------- ------ -----   ---- --  --------           -----------
    4.7e-53  177.2   0.0    5.2e-53  177.0   0.0    1.0  1  NZ_CP034767.1_1176  # 1214360 # 1214854 # 1 # ID=1_1176;partial=00;start_type=ATG;rbs_motif=GGAGG;rbs_spacer=5-10bp;gc_cont=0.608


Domain annotation for each sequence:
>> NZ_CP034767.1_1176  # 1214360 # 1214854 # 1 # ID=1_1176;partial=00;start_type=ATG;rbs_motif=GGAGG;rbs_spacer=5-10bp;gc_cont=0.608
   #    score  bias  c-Evalue  i-Evalue hmmfrom  hmm to    alifrom  ali to    envfrom  env to     acc
 ---   ------ ----- --------- --------- ------- -------    ------- -------    ------- -------    ----
   1 !  177.0   0.0   1.3e-56   5.2e-53       2     153 ..       6     163 ..       5     164 .. 0.96



Internal pipeline statistics summary:
-------------------------------------
Query model(s):                            1  (155 nodes)
Target sequences:                       3993  (1239840 residues searched)
Passed MSV filter:                        56  (0.0140245); expected 79.9 (0.02)
Passed bias filter:                       52  (0.0130228); expected 79.9 (0.02)
Passed Vit filter:                         6  (0.00150263); expected 4.0 (0.001)
Passed Fwd filter:                         2  (0.000500877); expected 0.0 (1e-05)
Initial search space (Z):               3993  [actual number of targets]
Domain search space  (domZ):               1  [number of targets reported over threshold]
# CPU time: 0.02u 0.00s 00:00:00.02 Elapsed: 00:00:00.01
# Mc/sec: 11605.85
//
Query:       TIGR01632  [M=140]
Accession:   TIGR01632
Description: L11_bact: ribosomal protein uL11
Scores for complete sequences (score includes all domains):
   --- full sequence ---   --- best 1 domain ---    -#dom-
    E-value  score  bias    E-value  score  bias    exp  N  Sequence           Description
    ------- ------ -----    ------- ------ -----   ---- --  --------           -----------
    2.8e-64  213.1   1.2    3.1e-64  213.0   1.2    1.0  1  NZ_CP034767.1_1460  # 1490241 # 1490669 # 1 # ID=1_1460;partial=00;start_type=ATG;rbs_motif=AGGA;rbs_spacer=5-10bp;gc_cont=0.573


Domain annotation for each sequence:
>> NZ_CP034767.1_1460  # 1490241 # 1490669 # 1 # ID=1_1460;partial=00;start_type=ATG;rbs_motif=AGGA;rbs_spacer=5-10bp;gc_cont=0.573
   #    score  bias  c-Evalue  i-Evalue hmmfrom  hmm to    alifrom  ali to    envfrom  env to     acc
 ---   ------ ----- --------- --------- ------- -------    ------- -------    ------- -------    ----
   1 !  213.0   1.2   7.7e-68   3.1e-64       1     139 [.       3     141 ..       3     142 .. 0.99



Internal pipeline statistics summary:
-------------------------------------
Query model(s):                            1  (140 nodes)
Target sequences:                       3993  (1239840 residues searched)
Passed MSV filter:                        93  (0.0232908); expected 79.9 (0.02)
Passed bias filter:                       80  (0.0200351); expected 79.9 (0.02)
Passed Vit filter:                         8  (0.00200351); expected 4.0 (0.001)
Passed Fwd filter:                         1  (0.000250438); expected 0.0 (1e-05)
Initial search space (Z):               3993  [actual number of targets]
Domain search space  (domZ):               1  [number of targets reported over threshold]
# CPU time: 0.02u 0.00s 00:00:00.02 Elapsed: 00:00:00.01
# Mc/sec: 12363.52
//
Query:       TIGR01951  [M=131]
Accession:   TIGR01951
Description: nusB: transcription antitermination factor NusB
Scores for complete sequences (score includes all domains):
   --- full sequence ---   --- best 1 domain ---    -#dom-
    E-value  score  bias    E-value  score  bias    exp  N  Sequence           Description
    ------- ------ -----    ------- ------ -----   ---- --  --------           -----------
    2.8e-37  125.7   0.0    3.2e-37  125.6   0.0    1.0  1  NZ_CP034767.1_1051  # 1079079 # 1079573 # 1 # ID=1_1051;partial=00;start_type=ATG;rbs_motif=GGA/GAG/AGG;rbs_spacer=5-10bp;gc_cont=0.644


Domain annotation for each sequence:
>> NZ_CP034767.1_1051  # 1079079 # 1079573 # 1 # ID=1_1051;partial=00;start_type=ATG;rbs_motif=GGA/GAG/AGG;rbs_spacer=5-10bp;gc_cont=0.644
   #    score  bias  c-Evalue  i-Evalue hmmfrom  hmm to    alifrom  ali to    envfrom  env to     acc
 ---   ------ ----- --------- --------- ------- -------    ------- -------    ------- -------    ----
   1 !  125.6   0.0   7.9e-41   3.2e-37       2     130 ..      18     155 ..      16     156 .. 0.94



Internal pipeline statistics summary:
-------------------------------------
Query model(s):                            1  (131 nodes)
Target sequences:                       3993  (1239840 residues searched)
Passed MSV filter:                        91  (0.0227899); expected 79.9 (0.02)
Passed bias filter:                       69  (0.0172802); expected 79.9 (0.02)
Passed Vit filter:                         7  (0.00175307); expected 4.0 (0.001)
Passed Fwd filter:                         1  (0.000250438); expected 0.0 (1e-05)
Initial search space (Z):               3993  [actual number of targets]
Domain search space  (domZ):               1  [number of targets reported over threshold]
# CPU time: 0.02u 0.00s 00:00:00.02 Elapsed: 00:00:00.02
# Mc/sec: 7661.09
//
Query:       TIGR01952  [M=141]
Accession:   TIGR01952
Description: nusA_arch: NusA family KH domain protein, archaeal
Scores for complete sequences (score includes all domains):
   --- full sequence ---   --- best 1 domain ---    -#dom-
    E-value  score  bias    E-value  score  bias    exp  N  Sequence Description
    ------- ------ -----    ------- ------ -----   ---- --  -------- -----------

   [No hits detected that satisfy reporting thresholds]


Domain annotation for each sequence:

   [No targets detected that satisfy reporting thresholds]


Internal pipeline statistics summary:
-------------------------------------
Query model(s):                            1  (141 nodes)
Target sequences:                       3993  (1239840 residues searched)
Passed MSV filter:                        92  (0.0230403); expected 79.9 (0.02)
Passed bias filter:                       76  (0.0190333); expected 79.9 (0.02)
Passed Vit filter:                         4  (0.00100175); expected 4.0 (0.001)
Passed Fwd filter:                         2  (0.000500877); expected 0.0 (1e-05)
Initial search space (Z):               3993  [actual number of targets]
Domain search space  (domZ):               0  [number of targets reported over threshold]
# CPU time: 0.02u 0.00s 00:00:00.02 Elapsed: 00:00:00.03
# Mc/sec: 4580.32
//
Query:       TIGR01953  [M=340]
Accession:   TIGR01953
Description: NusA: transcription termination factor NusA
Scores for complete sequences (score includes all domains):
   --- full sequence ---   --- best 1 domain ---    -#dom-
    E-value  score  bias    E-value  score  bias    exp  N  Sequence           Description
    ------- ------ -----    ------- ------ -----   ---- --  --------           -----------
   2.4e-133  442.1   2.4   3.2e-133  441.7   2.4    1.1  1  NZ_CP034767.1_3896  # 4070338 # 4071945 # -1 # ID=1_3896;partial=00;start_type=ATG;rbs_motif=AGGAG;rbs_spacer=5-10bp;gc_cont=0.601


Domain annotation for each sequence:
>> NZ_CP034767.1_3896  # 4070338 # 4071945 # -1 # ID=1_3896;partial=00;start_type=ATG;rbs_motif=AGGAG;rbs_spacer=5-10bp;gc_cont=0.601
   #    score  bias  c-Evalue  i-Evalue hmmfrom  hmm to    alifrom  ali to    envfrom  env to     acc
 ---   ------ ----- --------- --------- ------- -------    ------- -------    ------- -------    ----
   1 !  441.7   2.4  7.9e-137  3.2e-133       1     339 [.       9     346 ..       9     347 .. 0.99



Internal pipeline statistics summary:
-------------------------------------
Query model(s):                            1  (340 nodes)
Target sequences:                       3993  (1239840 residues searched)
Passed MSV filter:                        76  (0.0190333); expected 79.9 (0.02)
Passed bias filter:                       61  (0.0152767); expected 79.9 (0.02)
Passed Vit filter:                         2  (0.000500877); expected 4.0 (0.001)
Passed Fwd filter:                         1  (0.000250438); expected 0.0 (1e-05)
Initial search space (Z):               3993  [actual number of targets]
Domain search space  (domZ):               1  [number of targets reported over threshold]
# CPU time: 0.03u 0.00s 00:00:00.03 Elapsed: 00:00:00.03
# Mc/sec: 11671.09
//
Query:       TIGR02012  [M=321]
Accession:   TIGR02012
Description: tigrfam_recA: protein RecA
Scores for complete sequences (score includes all domains):
   --- full sequence ---   --- best 1 domain ---    -#dom-
    E-value  score  bias    E-value  score  bias    exp  N  Sequence           Description
    ------- ------ -----    ------- ------ -----   ---- --  --------           -----------
   6.9e-174  575.4   1.2   7.8e-174  575.2   1.2    1.0  1  NZ_CP034767.1_2083  # 2133931 # 2135004 # -1 # ID=1_2083;partial=00;start_type=ATG;rbs_motif=AGGAG;rbs_spacer=5-10bp;gc_cont=0.607


Domain annotation for each sequence:
>> NZ_CP034767.1_2083  # 2133931 # 2135004 # -1 # ID=1_2083;partial=00;start_type=ATG;rbs_motif=AGGAG;rbs_spacer=5-10bp;gc_cont=0.607
   #    score  bias  c-Evalue  i-Evalue hmmfrom  hmm to    alifrom  ali to    envfrom  env to     acc
 ---   ------ ----- --------- --------- ------- -------    ------- -------    ------- -------    ----
   1 !  575.2   1.2    2e-177  7.8e-174       1     321 []      15     335 ..      15     335 .. 1.00



Internal pipeline statistics summary:
-------------------------------------
Query model(s):                            1  (321 nodes)
Target sequences:                       3993  (1239840 residues searched)
Passed MSV filter:                       203  (0.050839); expected 79.9 (0.02)
Passed bias filter:                      176  (0.0440771); expected 79.9 (0.02)
Passed Vit filter:                        38  (0.00951665); expected 4.0 (0.001)
Passed Fwd filter:                         3  (0.000751315); expected 0.0 (1e-05)
Initial search space (Z):               3993  [actual number of targets]
Domain search space  (domZ):               1  [number of targets reported over threshold]
# CPU time: 0.05u 0.00s 00:00:00.05 Elapsed: 00:00:00.04
# Mc/sec: 8240.26
//
Query:       TIGR02013  [M=1238]
Accession:   TIGR02013
Description: rpoB: DNA-directed RNA polymerase, beta subunit
Scores for complete sequences (score includes all domains):
   --- full sequence ---   --- best 1 domain ---    -#dom-
    E-value  score  bias    E-value  score  bias    exp  N  Sequence           Description
    ------- ------ -----    ------- ------ -----   ---- --  --------           -----------
          0 1939.1   0.9          0 1938.9   0.9    1.0  1  NZ_CP034767.1_1464  # 1493003 # 1497145 # 1 # ID=1_1464;partial=00;start_type=ATG;rbs_motif=AGGAG;rbs_spacer=5-10bp;gc_cont=0.599


Domain annotation for each sequence:
>> NZ_CP034767.1_1464  # 1493003 # 1497145 # 1 # ID=1_1464;partial=00;start_type=ATG;rbs_motif=AGGAG;rbs_spacer=5-10bp;gc_cont=0.599
   #    score  bias  c-Evalue  i-Evalue hmmfrom  hmm to    alifrom  ali to    envfrom  env to     acc
 ---   ------ ----- --------- --------- ------- -------    ------- -------    ------- -------    ----
   1 ! 1938.9   0.9         0         0       3    1238 .]      10    1356 ..       8    1356 .. 0.96



Internal pipeline statistics summary:
-------------------------------------
Query model(s):                            1  (1238 nodes)
Target sequences:                       3993  (1239840 residues searched)
Passed MSV filter:                       101  (0.0252943); expected 79.9 (0.02)
Passed bias filter:                       80  (0.0200351); expected 79.9 (0.02)
Passed Vit filter:                         7  (0.00175307); expected 4.0 (0.001)
Passed Fwd filter:                         1  (0.000250438); expected 0.0 (1e-05)
Initial search space (Z):               3993  [actual number of targets]
Domain search space  (domZ):               1  [number of targets reported over threshold]
# CPU time: 0.12u 0.03s 00:00:00.15 Elapsed: 00:00:00.14
# Mc/sec: 10465.92
//
Query:       TIGR02027  [M=298]
Accession:   TIGR02027
Description: rpoA: DNA-directed RNA polymerase, alpha subunit
Scores for complete sequences (score includes all domains):
   --- full sequence ---   --- best 1 domain ---    -#dom-
    E-value  score  bias    E-value  score  bias    exp  N  Sequence           Description
    ------- ------ -----    ------- ------ -----   ---- --  --------           -----------
   3.1e-115  382.2   0.0   3.6e-115  382.0   0.0    1.0  1  NZ_CP034767.1_1496  # 1519212 # 1520231 # 1 # ID=1_1496;partial=00;start_type=GTG;rbs_motif=AGGA;rbs_spacer=5-10bp;gc_cont=0.590


Domain annotation for each sequence:
>> NZ_CP034767.1_1496  # 1519212 # 1520231 # 1 # ID=1_1496;partial=00;start_type=GTG;rbs_motif=AGGA;rbs_spacer=5-10bp;gc_cont=0.590
   #    score  bias  c-Evalue  i-Evalue hmmfrom  hmm to    alifrom  ali to    envfrom  env to     acc
 ---   ------ ----- --------- --------- ------- -------    ------- -------    ------- -------    ----
   1 !  382.0   0.0  9.1e-119  3.6e-115       2     298 .]      28     319 ..      27     319 .. 0.97



Internal pipeline statistics summary:
-------------------------------------
Query model(s):                            1  (298 nodes)
Target sequences:                       3993  (1239840 residues searched)
Passed MSV filter:                        68  (0.0170298); expected 79.9 (0.02)
Passed bias filter:                       58  (0.0145254); expected 79.9 (0.02)
Passed Vit filter:                         6  (0.00150263); expected 4.0 (0.001)
Passed Fwd filter:                         2  (0.000500877); expected 0.0 (1e-05)
Initial search space (Z):               3993  [actual number of targets]
Domain search space  (domZ):               1  [number of targets reported over threshold]
# CPU time: 0.03u 0.00s 00:00:00.03 Elapsed: 00:00:00.03
# Mc/sec: 11729.40
//
Query:       TIGR02075  [M=233]
Accession:   TIGR02075
Description: pyrH_bact: UMP kinase
Scores for complete sequences (score includes all domains):
   --- full sequence ---   --- best 1 domain ---    -#dom-
    E-value  score  bias    E-value  score  bias    exp  N  Sequence           Description
    ------- ------ -----    ------- ------ -----   ---- --  --------           -----------
    5.1e-90  298.9   0.2    5.8e-90  298.8   0.2    1.0  1  NZ_CP034767.1_1652  # 1680305 # 1681021 # 1 # ID=1_1652;partial=00;start_type=ATG;rbs_motif=AGGA;rbs_spacer=5-10bp;gc_cont=0.586


Domain annotation for each sequence:
>> NZ_CP034767.1_1652  # 1680305 # 1681021 # 1 # ID=1_1652;partial=00;start_type=ATG;rbs_motif=AGGA;rbs_spacer=5-10bp;gc_cont=0.586
   #    score  bias  c-Evalue  i-Evalue hmmfrom  hmm to    alifrom  ali to    envfrom  env to     acc
 ---   ------ ----- --------- --------- ------- -------    ------- -------    ------- -------    ----
   1 !  298.8   0.2   1.5e-93   5.8e-90       1     232 [.       4     234 ..       4     235 .. 0.99



Internal pipeline statistics summary:
-------------------------------------
Query model(s):                            1  (233 nodes)
Target sequences:                       3993  (1239840 residues searched)
Passed MSV filter:                       109  (0.0272978); expected 79.9 (0.02)
Passed bias filter:                       93  (0.0232908); expected 79.9 (0.02)
Passed Vit filter:                        11  (0.00275482); expected 4.0 (0.001)
Passed Fwd filter:                         3  (0.000751315); expected 0.0 (1e-05)
Initial search space (Z):               3993  [actual number of targets]
Domain search space  (domZ):               1  [number of targets reported over threshold]
# CPU time: 0.03u 0.00s 00:00:00.03 Elapsed: 00:00:00.03
# Mc/sec: 8512.37
//
Query:       TIGR02191  [M=219]
Accession:   TIGR02191
Description: RNaseIII: ribonuclease III
Scores for complete sequences (score includes all domains):
   --- full sequence ---   --- best 1 domain ---    -#dom-
    E-value  score  bias    E-value  score  bias    exp  N  Sequence           Description
    ------- ------ -----    ------- ------ -----   ---- --  --------           -----------
    1.3e-70  235.2   0.0    1.6e-70  234.9   0.0    1.0  1  NZ_CP034767.1_1032  # 1064462 # 1065169 # 1 # ID=1_1032;partial=00;start_type=ATG;rbs_motif=None;rbs_spacer=None;gc_cont=0.630


Domain annotation for each sequence:
>> NZ_CP034767.1_1032  # 1064462 # 1065169 # 1 # ID=1_1032;partial=00;start_type=ATG;rbs_motif=None;rbs_spacer=None;gc_cont=0.630
   #    score  bias  c-Evalue  i-Evalue hmmfrom  hmm to    alifrom  ali to    envfrom  env to     acc
 ---   ------ ----- --------- --------- ------- -------    ------- -------    ------- -------    ----
   1 !  234.9   0.0   3.9e-74   1.6e-70       2     215 ..      12     224 ..      11     227 .. 0.95



Internal pipeline statistics summary:
-------------------------------------
Query model(s):                            1  (219 nodes)
Target sequences:                       3993  (1239840 residues searched)
Passed MSV filter:                        57  (0.014275); expected 79.9 (0.02)
Passed bias filter:                       47  (0.0117706); expected 79.9 (0.02)
Passed Vit filter:                         1  (0.000250438); expected 4.0 (0.001)
Passed Fwd filter:                         1  (0.000250438); expected 0.0 (1e-05)
Initial search space (Z):               3993  [actual number of targets]
Domain search space  (domZ):               1  [number of targets reported over threshold]
# CPU time: 0.02u 0.00s 00:00:00.02 Elapsed: 00:00:00.03
# Mc/sec: 6950.61
//
Query:       TIGR02236  [M=311]
Accession:   TIGR02236
Description: recomb_radA: DNA repair and recombination protein RadA
Scores for complete sequences (score includes all domains):
   --- full sequence ---   --- best 1 domain ---    -#dom-
    E-value  score  bias    E-value  score  bias    exp  N  Sequence Description
    ------- ------ -----    ------- ------ -----   ---- --  -------- -----------

   [No hits detected that satisfy reporting thresholds]


Domain annotation for each sequence:

   [No targets detected that satisfy reporting thresholds]


Internal pipeline statistics summary:
-------------------------------------
Query model(s):                            1  (311 nodes)
Target sequences:                       3993  (1239840 residues searched)
Passed MSV filter:                       160  (0.0400701); expected 79.9 (0.02)
Passed bias filter:                      127  (0.0318057); expected 79.9 (0.02)
Passed Vit filter:                        13  (0.0032557); expected 4.0 (0.001)
Passed Fwd filter:                         4  (0.00100175); expected 0.0 (1e-05)
Initial search space (Z):               3993  [actual number of targets]
Domain search space  (domZ):               0  [number of targets reported over threshold]
# CPU time: 0.05u 0.00s 00:00:00.05 Elapsed: 00:00:00.05
# Mc/sec: 7522.64
//
Query:       TIGR02273  [M=166]
Accession:   TIGR02273
Description: 16S_RimM: 16S rRNA processing protein RimM
Scores for complete sequences (score includes all domains):
   --- full sequence ---   --- best 1 domain ---    -#dom-
    E-value  score  bias    E-value  score  bias    exp  N  Sequence           Description
    ------- ------ -----    ------- ------ -----   ---- --  --------           -----------
    6.6e-40  134.0   0.0    7.4e-40  133.9   0.0    1.0  1  NZ_CP034767.1_3574  # 3737176 # 3737712 # 1 # ID=1_3574;partial=00;start_type=ATG;rbs_motif=GGAG/GAGG;rbs_spacer=5-10bp;gc_cont=0.635


Domain annotation for each sequence:
>> NZ_CP034767.1_3574  # 3737176 # 3737712 # 1 # ID=1_3574;partial=00;start_type=ATG;rbs_motif=GGAG/GAGG;rbs_spacer=5-10bp;gc_cont=0.635
   #    score  bias  c-Evalue  i-Evalue hmmfrom  hmm to    alifrom  ali to    envfrom  env to     acc
 ---   ------ ----- --------- --------- ------- -------    ------- -------    ------- -------    ----
   1 !  133.9   0.0   1.9e-43   7.4e-40       2     160 ..       8     164 ..       7     170 .. 0.94



Internal pipeline statistics summary:
-------------------------------------
Query model(s):                            1  (166 nodes)
Target sequences:                       3993  (1239840 residues searched)
Passed MSV filter:                        62  (0.0155272); expected 79.9 (0.02)
Passed bias filter:                       61  (0.0152767); expected 79.9 (0.02)
Passed Vit filter:                         5  (0.00125219); expected 4.0 (0.001)
Passed Fwd filter:                         2  (0.000500877); expected 0.0 (1e-05)
Initial search space (Z):               3993  [actual number of targets]
Domain search space  (domZ):               1  [number of targets reported over threshold]
# CPU time: 0.02u 0.00s 00:00:00.02 Elapsed: 00:00:00.03
# Mc/sec: 5255.78
//
Query:       TIGR02338  [M=110]
Accession:   TIGR02338
Description: gimC_beta: prefoldin, beta subunit
Scores for complete sequences (score includes all domains):
   --- full sequence ---   --- best 1 domain ---    -#dom-
    E-value  score  bias    E-value  score  bias    exp  N  Sequence Description
    ------- ------ -----    ------- ------ -----   ---- --  -------- -----------

   [No hits detected that satisfy reporting thresholds]


Domain annotation for each sequence:

   [No targets detected that satisfy reporting thresholds]


Internal pipeline statistics summary:
-------------------------------------
Query model(s):                            1  (110 nodes)
Target sequences:                       3993  (1239840 residues searched)
Passed MSV filter:                       115  (0.0288004); expected 79.9 (0.02)
Passed bias filter:                       72  (0.0180316); expected 79.9 (0.02)
Passed Vit filter:                         8  (0.00200351); expected 4.0 (0.001)
Passed Fwd filter:                         1  (0.000250438); expected 0.0 (1e-05)
Initial search space (Z):               3993  [actual number of targets]
Domain search space  (domZ):               0  [number of targets reported over threshold]
# CPU time: 0.02u 0.00s 00:00:00.02 Elapsed: 00:00:00.01
# Mc/sec: 8133.52
//
Query:       TIGR02350  [M=596]
Accession:   TIGR02350
Description: prok_dnaK: chaperone protein DnaK
Scores for complete sequences (score includes all domains):
   --- full sequence ---   --- best 1 domain ---    -#dom-
    E-value  score  bias    E-value  score  bias    exp  N  Sequence           Description
    ------- ------ -----    ------- ------ -----   ---- --  --------           -----------
   4.8e-302 1000.5  18.0   5.5e-302 1000.3  18.0    1.0  1  NZ_CP034767.1_3853  # 4022956 # 4024866 # -1 # ID=1_3853;partial=00;start_type=ATG;rbs_motif=GGAG/GAGG;rbs_spacer=5-10bp;gc_cont=0.609


Domain annotation for each sequence:
>> NZ_CP034767.1_3853  # 4022956 # 4024866 # -1 # ID=1_3853;partial=00;start_type=ATG;rbs_motif=GGAG/GAGG;rbs_spacer=5-10bp;gc_cont=0.609
   #    score  bias  c-Evalue  i-Evalue hmmfrom  hmm to    alifrom  ali to    envfrom  env to     acc
 ---   ------ ----- --------- --------- ------- -------    ------- -------    ------- -------    ----
   1 ! 1000.3  18.0  1.4e-305  5.5e-302       1     596 []       3     599 ..       3     599 .. 0.99



Internal pipeline statistics summary:
-------------------------------------
Query model(s):                            1  (596 nodes)
Target sequences:                       3993  (1239840 residues searched)
Passed MSV filter:                       130  (0.032557); expected 79.9 (0.02)
Passed bias filter:                       90  (0.0225394); expected 79.9 (0.02)
Passed Vit filter:                        13  (0.0032557); expected 4.0 (0.001)
Passed Fwd filter:                         2  (0.000500877); expected 0.0 (1e-05)
Initial search space (Z):               3993  [actual number of targets]
Domain search space  (domZ):               1  [number of targets reported over threshold]
# CPU time: 0.07u 0.00s 00:00:00.07 Elapsed: 00:00:00.07
# Mc/sec: 9578.10
//
Query:       TIGR02386  [M=1147]
Accession:   TIGR02386
Description: rpoC_TIGR: DNA-directed RNA polymerase, beta' subunit
Scores for complete sequences (score includes all domains):
   --- full sequence ---   --- best 1 domain ---    -#dom-
    E-value  score  bias    E-value  score  bias    exp  N  Sequence           Description
    ------- ------ -----    ------- ------ -----   ---- --  --------           -----------
          0 1785.3   0.1          0 1474.7   0.0    2.1  1  NZ_CP034767.1_1465  # 1497226 # 1501413 # 1 # ID=1_1465;partial=00;start_type=ATG;rbs_motif=AGGAG;rbs_spacer=5-10bp;gc_cont=0.599


Domain annotation for each sequence:
>> NZ_CP034767.1_1465  # 1497226 # 1501413 # 1 # ID=1_1465;partial=00;start_type=ATG;rbs_motif=AGGAG;rbs_spacer=5-10bp;gc_cont=0.599
   #    score  bias  c-Evalue  i-Evalue hmmfrom  hmm to    alifrom  ali to    envfrom  env to     acc
 ---   ------ ----- --------- --------- ------- -------    ------- -------    ------- -------    ----
   1 ! 1474.7   0.0         0         0       2    1000 ..      23    1026 ..      22    1042 .. 0.96



Internal pipeline statistics summary:
-------------------------------------
Query model(s):                            1  (1147 nodes)
Target sequences:                       3993  (1239840 residues searched)
Passed MSV filter:                        59  (0.0147759); expected 79.9 (0.02)
Passed bias filter:                       55  (0.0137741); expected 79.9 (0.02)
Passed Vit filter:                         5  (0.00125219); expected 4.0 (0.001)
Passed Fwd filter:                         1  (0.000250438); expected 0.0 (1e-05)
Initial search space (Z):               3993  [actual number of targets]
Domain search space  (domZ):               1  [number of targets reported over threshold]
# CPU time: 0.11u 0.01s 00:00:00.12 Elapsed: 00:00:00.11
# Mc/sec: 12392.05
//
Query:       TIGR02389  [M=367]
Accession:   TIGR02389
Description: RNA_pol_rpoA2: DNA-directed RNA polymerase, subunit A''
Scores for complete sequences (score includes all domains):
   --- full sequence ---   --- best 1 domain ---    -#dom-
    E-value  score  bias    E-value  score  bias    exp  N  Sequence Description
    ------- ------ -----    ------- ------ -----   ---- --  -------- -----------

   [No hits detected that satisfy reporting thresholds]


Domain annotation for each sequence:

   [No targets detected that satisfy reporting thresholds]


Internal pipeline statistics summary:
-------------------------------------
Query model(s):                            1  (367 nodes)
Target sequences:                       3993  (1239840 residues searched)
Passed MSV filter:                       101  (0.0252943); expected 79.9 (0.02)
Passed bias filter:                       83  (0.0207864); expected 79.9 (0.02)
Passed Vit filter:                         9  (0.00225394); expected 4.0 (0.001)
Passed Fwd filter:                         1  (0.000250438); expected 0.0 (1e-05)
Initial search space (Z):               3993  [actual number of targets]
Domain search space  (domZ):               0  [number of targets reported over threshold]
# CPU time: 0.04u 0.00s 00:00:00.04 Elapsed: 00:00:00.04
# Mc/sec: 11240.19
//
Query:       TIGR02390  [M=867]
Accession:   TIGR02390
Description: RNA_pol_rpoA1: DNA-directed RNA polymerase subunit A'
Scores for complete sequences (score includes all domains):
   --- full sequence ---   --- best 1 domain ---    -#dom-
    E-value  score  bias    E-value  score  bias    exp  N  Sequence Description
    ------- ------ -----    ------- ------ -----   ---- --  -------- -----------

   [No hits detected that satisfy reporting thresholds]


Domain annotation for each sequence:

   [No targets detected that satisfy reporting thresholds]


Internal pipeline statistics summary:
-------------------------------------
Query model(s):                            1  (867 nodes)
Target sequences:                       3993  (1239840 residues searched)
Passed MSV filter:                        55  (0.0137741); expected 79.9 (0.02)
Passed bias filter:                       48  (0.012021); expected 79.9 (0.02)
Passed Vit filter:                         6  (0.00150263); expected 4.0 (0.001)
Passed Fwd filter:                         1  (0.000250438); expected 0.0 (1e-05)
Initial search space (Z):               3993  [actual number of targets]
Domain search space  (domZ):               0  [number of targets reported over threshold]
# CPU time: 0.09u 0.00s 00:00:00.09 Elapsed: 00:00:00.09
# Mc/sec: 11213.84
//
Query:       TIGR02397  [M=355]
Accession:   TIGR02397
Description: dnaX_nterm: DNA polymerase III, subunit gamma and tau
Scores for complete sequences (score includes all domains):
   --- full sequence ---   --- best 1 domain ---    -#dom-
    E-value  score  bias    E-value  score  bias    exp  N  Sequence          Description
    ------- ------ -----    ------- ------ -----   ---- --  --------          -----------
   6.5e-119  395.1   0.0   7.8e-119  394.8   0.0    1.1  1  NZ_CP034767.1_479  # 489356 # 491176 # -1 # ID=1_479;partial=00;start_type=ATG;rbs_motif=GGAGG;rbs_spacer=5-10bp;gc_cont=0.658


Domain annotation for each sequence:
>> NZ_CP034767.1_479  # 489356 # 491176 # -1 # ID=1_479;partial=00;start_type=ATG;rbs_motif=GGAGG;rbs_spacer=5-10bp;gc_cont=0.658
   #    score  bias  c-Evalue  i-Evalue hmmfrom  hmm to    alifrom  ali to    envfrom  env to     acc
 ---   ------ ----- --------- --------- ------- -------    ------- -------    ------- -------    ----
   1 !  394.8   0.0    2e-122  7.8e-119       1     354 [.       9     368 ..       9     369 .. 0.97



Internal pipeline statistics summary:
-------------------------------------
Query model(s):                            1  (355 nodes)
Target sequences:                       3993  (1239840 residues searched)
Passed MSV filter:                       269  (0.0673679); expected 79.9 (0.02)
Passed bias filter:                      260  (0.0651139); expected 79.9 (0.02)
Passed Vit filter:                       111  (0.0277986); expected 4.0 (0.001)
Passed Fwd filter:                        11  (0.00275482); expected 0.0 (1e-05)
Initial search space (Z):               3993  [actual number of targets]
Domain search space  (domZ):               1  [number of targets reported over threshold]
# CPU time: 0.08u 0.00s 00:00:00.08 Elapsed: 00:00:00.09
# Mc/sec: 4705.27
//
Query:       TIGR02432  [M=189]
Accession:   TIGR02432
Description: lysidine_TilS_N: tRNA(Ile)-lysidine synthetase
Scores for complete sequences (score includes all domains):
   --- full sequence ---   --- best 1 domain ---    -#dom-
    E-value  score  bias    E-value  score  bias    exp  N  Sequence           Description
    ------- ------ -----    ------- ------ -----   ---- --  --------           -----------
    3.5e-40  135.7   0.0    4.5e-40  135.4   0.0    1.1  1  NZ_CP034767.1_2652  # 2730823 # 2732100 # -1 # ID=1_2652;partial=00;start_type=ATG;rbs_motif=GGA/GAG/AGG;rbs_spacer=3-4bp;gc_cont=0.671


Domain annotation for each sequence:
>> NZ_CP034767.1_2652  # 2730823 # 2732100 # -1 # ID=1_2652;partial=00;start_type=ATG;rbs_motif=GGA/GAG/AGG;rbs_spacer=3-4bp;gc_cont=0.671
   #    score  bias  c-Evalue  i-Evalue hmmfrom  hmm to    alifrom  ali to    envfrom  env to     acc
 ---   ------ ----- --------- --------- ------- -------    ------- -------    ------- -------    ----
   1 !  135.4   0.0   1.1e-43   4.5e-40       3     186 ..      29     210 ..      27     213 .. 0.95



Internal pipeline statistics summary:
-------------------------------------
Query model(s):                            1  (189 nodes)
Target sequences:                       3993  (1239840 residues searched)
Passed MSV filter:                        74  (0.0185324); expected 79.9 (0.02)
Passed bias filter:                       66  (0.0165289); expected 79.9 (0.02)
Passed Vit filter:                        14  (0.00350614); expected 4.0 (0.001)
Passed Fwd filter:                         6  (0.00150263); expected 0.0 (1e-05)
Initial search space (Z):               3993  [actual number of targets]
Domain search space  (domZ):               1  [number of targets reported over threshold]
# CPU time: 0.02u 0.00s 00:00:00.02 Elapsed: 00:00:00.02
# Mc/sec: 8157.32
//
Query:       TIGR02729  [M=329]
Accession:   TIGR02729
Description: Obg_CgtA: Obg family GTPase CgtA
Scores for complete sequences (score includes all domains):
   --- full sequence ---   --- best 1 domain ---    -#dom-
    E-value  score  bias    E-value  score  bias    exp  N  Sequence           Description
    ------- ------ -----    ------- ------ -----   ---- --  --------           -----------
   6.4e-136  450.5   2.3   7.2e-136  450.3   2.3    1.0  1  NZ_CP034767.1_2950  # 3055548 # 3056591 # -1 # ID=1_2950;partial=00;start_type=ATG;rbs_motif=GGA/GAG/AGG;rbs_spacer=5-10bp;gc_cont=0.619


Domain annotation for each sequence:
>> NZ_CP034767.1_2950  # 3055548 # 3056591 # -1 # ID=1_2950;partial=00;start_type=ATG;rbs_motif=GGA/GAG/AGG;rbs_spacer=5-10bp;gc_cont=0.619
   #    score  bias  c-Evalue  i-Evalue hmmfrom  hmm to    alifrom  ali to    envfrom  env to     acc
 ---   ------ ----- --------- --------- ------- -------    ------- -------    ------- -------    ----
   1 !  450.3   2.3  1.8e-139  7.2e-136       1     327 [.       3     325 ..       3     327 .. 0.99



Internal pipeline statistics summary:
-------------------------------------
Query model(s):                            1  (329 nodes)
Target sequences:                       3993  (1239840 residues searched)
Passed MSV filter:                       267  (0.066867); expected 79.9 (0.02)
Passed bias filter:                      237  (0.0593539); expected 79.9 (0.02)
Passed Vit filter:                        72  (0.0180316); expected 4.0 (0.001)
Passed Fwd filter:                         9  (0.00225394); expected 0.0 (1e-05)
Initial search space (Z):               3993  [actual number of targets]
Domain search space  (domZ):               1  [number of targets reported over threshold]
# CPU time: 0.08u 0.00s 00:00:00.08 Elapsed: 00:00:00.09
# Mc/sec: 4119.45
//
Query:       TIGR03263  [M=180]
Accession:   TIGR03263
Description: guanyl_kin: guanylate kinase
Scores for complete sequences (score includes all domains):
   --- full sequence ---   --- best 1 domain ---    -#dom-
    E-value  score  bias    E-value  score  bias    exp  N  Sequence           Description
    ------- ------ -----    ------- ------ -----   ---- --  --------           -----------
    5.7e-67  222.6   0.1    6.7e-67  222.4   0.1    1.0  1  NZ_CP034767.1_3073  # 3183477 # 3184115 # -1 # ID=1_3073;partial=00;start_type=ATG;rbs_motif=GGA/GAG/AGG;rbs_spacer=5-10bp;gc_cont=0.603


Domain annotation for each sequence:
>> NZ_CP034767.1_3073  # 3183477 # 3184115 # -1 # ID=1_3073;partial=00;start_type=ATG;rbs_motif=GGA/GAG/AGG;rbs_spacer=5-10bp;gc_cont=0.603
   #    score  bias  c-Evalue  i-Evalue hmmfrom  hmm to    alifrom  ali to    envfrom  env to     acc
 ---   ------ ----- --------- --------- ------- -------    ------- -------    ------- -------    ----
   1 !  222.4   0.1   1.7e-70   6.7e-67       2     179 ..       8     186 ..       7     187 .. 0.98



Internal pipeline statistics summary:
-------------------------------------
Query model(s):                            1  (180 nodes)
Target sequences:                       3993  (1239840 residues searched)
Passed MSV filter:                       310  (0.0776359); expected 79.9 (0.02)
Passed bias filter:                      297  (0.0743802); expected 79.9 (0.02)
Passed Vit filter:                       152  (0.0380666); expected 4.0 (0.001)
Passed Fwd filter:                        36  (0.00901578); expected 0.0 (1e-05)
Initial search space (Z):               3993  [actual number of targets]
Domain search space  (domZ):               1  [number of targets reported over threshold]
# CPU time: 0.07u 0.00s 00:00:00.07 Elapsed: 00:00:00.07
# Mc/sec: 2804.86
//
Query:       TIGR03594  [M=432]
Accession:   TIGR03594
Description: GTPase_EngA: ribosome-associated GTPase EngA
Scores for complete sequences (score includes all domains):
   --- full sequence ---   --- best 1 domain ---    -#dom-
    E-value  score  bias    E-value  score  bias    exp  N  Sequence           Description
    ------- ------ -----    ------- ------ -----   ---- --  --------           -----------
   4.2e-163  541.1   0.0   4.8e-163  541.0   0.0    1.0  1  NZ_CP034767.1_3091  # 3200631 # 3202082 # -1 # ID=1_3091;partial=00;start_type=ATG;rbs_motif=None;rbs_spacer=None;gc_cont=0.640


Domain annotation for each sequence:
>> NZ_CP034767.1_3091  # 3200631 # 3202082 # -1 # ID=1_3091;partial=00;start_type=ATG;rbs_motif=None;rbs_spacer=None;gc_cont=0.640
   #    score  bias  c-Evalue  i-Evalue hmmfrom  hmm to    alifrom  ali to    envfrom  env to     acc
 ---   ------ ----- --------- --------- ------- -------    ------- -------    ------- -------    ----
   1 !  541.0   0.0  1.2e-166  4.8e-163       2     432 .]       4     467 ..       3     467 .. 0.96



Internal pipeline statistics summary:
-------------------------------------
Query model(s):                            1  (432 nodes)
Target sequences:                       3993  (1239840 residues searched)
Passed MSV filter:                       249  (0.0623591); expected 79.9 (0.02)
Passed bias filter:                      233  (0.0583521); expected 79.9 (0.02)
Passed Vit filter:                        89  (0.022289); expected 4.0 (0.001)
Passed Fwd filter:                        22  (0.00550964); expected 0.0 (1e-05)
Initial search space (Z):               3993  [actual number of targets]
Domain search space  (domZ):               1  [number of targets reported over threshold]
# CPU time: 0.14u 0.00s 00:00:00.14 Elapsed: 00:00:00.17
# Mc/sec: 3036.82
//
Query:       TIGR03625  [M=202]
Accession:   TIGR03625
Description: L3_bact: 50S ribosomal protein uL3
Scores for complete sequences (score includes all domains):
   --- full sequence ---   --- best 1 domain ---    -#dom-
    E-value  score  bias    E-value  score  bias    exp  N  Sequence           Description
    ------- ------ -----    ------- ------ -----   ---- --  --------           -----------
    1.1e-84  281.1   7.4    1.2e-84  281.0   7.4    1.0  1  NZ_CP034767.1_1472  # 1507140 # 1507841 # 1 # ID=1_1472;partial=00;start_type=ATG;rbs_motif=GGA/GAG/AGG;rbs_spacer=5-10bp;gc_cont=0.610


Domain annotation for each sequence:
>> NZ_CP034767.1_1472  # 1507140 # 1507841 # 1 # ID=1_1472;partial=00;start_type=ATG;rbs_motif=GGA/GAG/AGG;rbs_spacer=5-10bp;gc_cont=0.610
   #    score  bias  c-Evalue  i-Evalue hmmfrom  hmm to    alifrom  ali to    envfrom  env to     acc
 ---   ------ ----- --------- --------- ------- -------    ------- -------    ------- -------    ----
   1 !  281.0   7.4   3.1e-88   1.2e-84       1     202 []       4     205 ..       4     205 .. 0.99



Internal pipeline statistics summary:
-------------------------------------
Query model(s):                            1  (202 nodes)
Target sequences:                       3993  (1239840 residues searched)
Passed MSV filter:                        65  (0.0162785); expected 79.9 (0.02)
Passed bias filter:                       58  (0.0145254); expected 79.9 (0.02)
Passed Vit filter:                         5  (0.00125219); expected 4.0 (0.001)
Passed Fwd filter:                         1  (0.000250438); expected 0.0 (1e-05)
Initial search space (Z):               3993  [actual number of targets]
Domain search space  (domZ):               1  [number of targets reported over threshold]
# CPU time: 0.02u 0.00s 00:00:00.02 Elapsed: 00:00:00.03
# Mc/sec: 7952.64
//
Query:       TIGR03626  [M=331]
Accession:   TIGR03626
Description: L3_arch: ribosomal protein uL3
Scores for complete sequences (score includes all domains):
   --- full sequence ---   --- best 1 domain ---    -#dom-
    E-value  score  bias    E-value  score  bias    exp  N  Sequence Description
    ------- ------ -----    ------- ------ -----   ---- --  -------- -----------

   [No hits detected that satisfy reporting thresholds]


Domain annotation for each sequence:

   [No targets detected that satisfy reporting thresholds]


Internal pipeline statistics summary:
-------------------------------------
Query model(s):                            1  (331 nodes)
Target sequences:                       3993  (1239840 residues searched)
Passed MSV filter:                        73  (0.018282); expected 79.9 (0.02)
Passed bias filter:                       64  (0.016028); expected 79.9 (0.02)
Passed Vit filter:                         6  (0.00150263); expected 4.0 (0.001)
Passed Fwd filter:                         1  (0.000250438); expected 0.0 (1e-05)
Initial search space (Z):               3993  [actual number of targets]
Domain search space  (domZ):               0  [number of targets reported over threshold]
# CPU time: 0.04u 0.00s 00:00:00.04 Elapsed: 00:00:00.04
# Mc/sec: 8950.14
//
Query:       TIGR03627  [M=130]
Accession:   TIGR03627
Description: uS9_arch: ribosomal protein uS9
Scores for complete sequences (score includes all domains):
   --- full sequence ---   --- best 1 domain ---    -#dom-
    E-value  score  bias    E-value  score  bias    exp  N  Sequence Description
    ------- ------ -----    ------- ------ -----   ---- --  -------- -----------

   [No hits detected that satisfy reporting thresholds]


Domain annotation for each sequence:

   [No targets detected that satisfy reporting thresholds]


Internal pipeline statistics summary:
-------------------------------------
Query model(s):                            1  (130 nodes)
Target sequences:                       3993  (1239840 residues searched)
Passed MSV filter:                       165  (0.0413223); expected 79.9 (0.02)
Passed bias filter:                      144  (0.0360631); expected 79.9 (0.02)
Passed Vit filter:                        10  (0.00250438); expected 4.0 (0.001)
Passed Fwd filter:                         1  (0.000250438); expected 0.0 (1e-05)
Initial search space (Z):               3993  [actual number of targets]
Domain search space  (domZ):               0  [number of targets reported over threshold]
# CPU time: 0.02u 0.00s 00:00:00.02 Elapsed: 00:00:00.02
# Mc/sec: 6719.24
//
Query:       TIGR03628  [M=117]
Accession:   TIGR03628
Description: arch_S11P: ribosomal protein uS11
Scores for complete sequences (score includes all domains):
   --- full sequence ---   --- best 1 domain ---    -#dom-
    E-value  score  bias    E-value  score  bias    exp  N  Sequence Description
    ------- ------ -----    ------- ------ -----   ---- --  -------- -----------

   [No hits detected that satisfy reporting thresholds]


Domain annotation for each sequence:

   [No targets detected that satisfy reporting thresholds]


Internal pipeline statistics summary:
-------------------------------------
Query model(s):                            1  (117 nodes)
Target sequences:                       3993  (1239840 residues searched)
Passed MSV filter:                       176  (0.0440771); expected 79.9 (0.02)
Passed bias filter:                      123  (0.0308039); expected 79.9 (0.02)
Passed Vit filter:                         5  (0.00125219); expected 4.0 (0.001)
Passed Fwd filter:                         1  (0.000250438); expected 0.0 (1e-05)
Initial search space (Z):               3993  [actual number of targets]
Domain search space  (domZ):               0  [number of targets reported over threshold]
# CPU time: 0.02u 0.01s 00:00:00.03 Elapsed: 00:00:00.03
# Mc/sec: 3688.79
//
Query:       TIGR03629  [M=144]
Accession:   TIGR03629
Description: uS13_arch: ribosomal protein uS13
Scores for complete sequences (score includes all domains):
   --- full sequence ---   --- best 1 domain ---    -#dom-
    E-value  score  bias    E-value  score  bias    exp  N  Sequence Description
    ------- ------ -----    ------- ------ -----   ---- --  -------- -----------

   [No hits detected that satisfy reporting thresholds]


Domain annotation for each sequence:

   [No targets detected that satisfy reporting thresholds]


Internal pipeline statistics summary:
-------------------------------------
Query model(s):                            1  (144 nodes)
Target sequences:                       3993  (1239840 residues searched)
Passed MSV filter:                        99  (0.0247934); expected 79.9 (0.02)
Passed bias filter:                       90  (0.0225394); expected 79.9 (0.02)
Passed Vit filter:                         4  (0.00100175); expected 4.0 (0.001)
Passed Fwd filter:                         1  (0.000250438); expected 0.0 (1e-05)
Initial search space (Z):               3993  [actual number of targets]
Domain search space  (domZ):               0  [number of targets reported over threshold]
# CPU time: 0.02u 0.00s 00:00:00.02 Elapsed: 00:00:00.03
# Mc/sec: 5158.74
//
Query:       TIGR03632  [M=117]
Accession:   TIGR03632
Description: uS11_bact: ribosomal protein uS11
Scores for complete sequences (score includes all domains):
   --- full sequence ---   --- best 1 domain ---    -#dom-
    E-value  score  bias    E-value  score  bias    exp  N  Sequence           Description
    ------- ------ -----    ------- ------ -----   ---- --  --------           -----------
    2.1e-59  196.9   1.5    2.5e-59  196.7   1.5    1.0  1  NZ_CP034767.1_1495  # 1518720 # 1519112 # 1 # ID=1_1495;partial=00;start_type=ATG;rbs_motif=GGAG/GAGG;rbs_spacer=5-10bp;gc_cont=0.603


Domain annotation for each sequence:
>> NZ_CP034767.1_1495  # 1518720 # 1519112 # 1 # ID=1_1495;partial=00;start_type=ATG;rbs_motif=GGAG/GAGG;rbs_spacer=5-10bp;gc_cont=0.603
   #    score  bias  c-Evalue  i-Evalue hmmfrom  hmm to    alifrom  ali to    envfrom  env to     acc
 ---   ------ ----- --------- --------- ------- -------    ------- -------    ------- -------    ----
   1 !  196.7   1.5   6.2e-63   2.5e-59       1     117 []      11     127 ..      11     127 .. 0.99



Internal pipeline statistics summary:
-------------------------------------
Query model(s):                            1  (117 nodes)
Target sequences:                       3993  (1239840 residues searched)
Passed MSV filter:                       133  (0.0333083); expected 79.9 (0.02)
Passed bias filter:                      115  (0.0288004); expected 79.9 (0.02)
Passed Vit filter:                         6  (0.00150263); expected 4.0 (0.001)
Passed Fwd filter:                         1  (0.000250438); expected 0.0 (1e-05)
Initial search space (Z):               3993  [actual number of targets]
Domain search space  (domZ):               1  [number of targets reported over threshold]
# CPU time: 0.02u 0.00s 00:00:00.02 Elapsed: 00:00:00.02
# Mc/sec: 6840.95
//
Query:       TIGR03654  [M=175]
Accession:   TIGR03654
Description: L6_bact: ribosomal protein uL6
Scores for complete sequences (score includes all domains):
   --- full sequence ---   --- best 1 domain ---    -#dom-
    E-value  score  bias    E-value  score  bias    exp  N  Sequence           Description
    ------- ------ -----    ------- ------ -----   ---- --  --------           -----------
    2.2e-72  240.3   0.5    2.5e-72  240.1   0.5    1.0  1  NZ_CP034767.1_1487  # 1513948 # 1514481 # 1 # ID=1_1487;partial=00;start_type=ATG;rbs_motif=AGGA/GGAG/GAGG;rbs_spacer=11-12bp;gc_cont=0.607


Domain annotation for each sequence:
>> NZ_CP034767.1_1487  # 1513948 # 1514481 # 1 # ID=1_1487;partial=00;start_type=ATG;rbs_motif=AGGA/GGAG/GAGG;rbs_spacer=11-12bp;gc_cont=0.607
   #    score  bias  c-Evalue  i-Evalue hmmfrom  hmm to    alifrom  ali to    envfrom  env to     acc
 ---   ------ ----- --------- --------- ------- -------    ------- -------    ------- -------    ----
   1 !  240.1   0.5   6.1e-76   2.5e-72       1     175 []       2     176 ..       2     176 .. 1.00



Internal pipeline statistics summary:
-------------------------------------
Query model(s):                            1  (175 nodes)
Target sequences:                       3993  (1239840 residues searched)
Passed MSV filter:                        69  (0.0172802); expected 79.9 (0.02)
Passed bias filter:                       62  (0.0155272); expected 79.9 (0.02)
Passed Vit filter:                         5  (0.00125219); expected 4.0 (0.001)
Passed Fwd filter:                         1  (0.000250438); expected 0.0 (1e-05)
Initial search space (Z):               3993  [actual number of targets]
Domain search space  (domZ):               1  [number of targets reported over threshold]
# CPU time: 0.02u 0.00s 00:00:00.02 Elapsed: 00:00:00.02
# Mc/sec: 9146.52
//
Query:       TIGR03670  [M=599]
Accession:   TIGR03670
Description: rpoB_arch: DNA-directed RNA polymerase subunit B
Scores for complete sequences (score includes all domains):
   --- full sequence ---   --- best 1 domain ---    -#dom-
    E-value  score  bias    E-value  score  bias    exp  N  Sequence Description
    ------- ------ -----    ------- ------ -----   ---- --  -------- -----------

   [No hits detected that satisfy reporting thresholds]


Domain annotation for each sequence:

   [No targets detected that satisfy reporting thresholds]


Internal pipeline statistics summary:
-------------------------------------
Query model(s):                            1  (599 nodes)
Target sequences:                       3993  (1239840 residues searched)
Passed MSV filter:                        66  (0.0165289); expected 79.9 (0.02)
Passed bias filter:                       62  (0.0155272); expected 79.9 (0.02)
Passed Vit filter:                         5  (0.00125219); expected 4.0 (0.001)
Passed Fwd filter:                         1  (0.000250438); expected 0.0 (1e-05)
Initial search space (Z):               3993  [actual number of targets]
Domain search space  (domZ):               0  [number of targets reported over threshold]
# CPU time: 0.06u 0.00s 00:00:00.06 Elapsed: 00:00:00.06
# Mc/sec: 11004.30
//
Query:       TIGR03671  [M=410]
Accession:   TIGR03671
Description: cca_archaeal: CCA-adding enzyme
Scores for complete sequences (score includes all domains):
   --- full sequence ---   --- best 1 domain ---    -#dom-
    E-value  score  bias    E-value  score  bias    exp  N  Sequence Description
    ------- ------ -----    ------- ------ -----   ---- --  -------- -----------

   [No hits detected that satisfy reporting thresholds]


Domain annotation for each sequence:

   [No targets detected that satisfy reporting thresholds]


Internal pipeline statistics summary:
-------------------------------------
Query model(s):                            1  (410 nodes)
Target sequences:                       3993  (1239840 residues searched)
Passed MSV filter:                        68  (0.0170298); expected 79.9 (0.02)
Passed bias filter:                       65  (0.0162785); expected 79.9 (0.02)
Passed Vit filter:                        10  (0.00250438); expected 4.0 (0.001)
Passed Fwd filter:                         0  (0); expected 0.0 (1e-05)
Initial search space (Z):               3993  [actual number of targets]
Domain search space  (domZ):               0  [number of targets reported over threshold]
# CPU time: 0.03u 0.00s 00:00:00.03 Elapsed: 00:00:00.03
# Mc/sec: 16247.81
//
Query:       TIGR03672  [M=251]
Accession:   TIGR03672
Description: rpl4p_arch: 50S ribosomal protein uL4
Scores for complete sequences (score includes all domains):
   --- full sequence ---   --- best 1 domain ---    -#dom-
    E-value  score  bias    E-value  score  bias    exp  N  Sequence Description
    ------- ------ -----    ------- ------ -----   ---- --  -------- -----------

   [No hits detected that satisfy reporting thresholds]


Domain annotation for each sequence:

   [No targets detected that satisfy reporting thresholds]


Internal pipeline statistics summary:
-------------------------------------
Query model(s):                            1  (251 nodes)
Target sequences:                       3993  (1239840 residues searched)
Passed MSV filter:                       103  (0.0257951); expected 79.9 (0.02)
Passed bias filter:                       73  (0.018282); expected 79.9 (0.02)
Passed Vit filter:                         6  (0.00150263); expected 4.0 (0.001)
Passed Fwd filter:                         1  (0.000250438); expected 0.0 (1e-05)
Initial search space (Z):               3993  [actual number of targets]
Domain search space  (domZ):               0  [number of targets reported over threshold]
# CPU time: 0.02u 0.00s 00:00:00.02 Elapsed: 00:00:00.03
# Mc/sec: 10052.37
//
Query:       TIGR03673  [M=131]
Accession:   TIGR03673
Description: uL14_arch: 50S ribosomal protein uL14
Scores for complete sequences (score includes all domains):
   --- full sequence ---   --- best 1 domain ---    -#dom-
    E-value  score  bias    E-value  score  bias    exp  N  Sequence Description
    ------- ------ -----    ------- ------ -----   ---- --  -------- -----------

   [No hits detected that satisfy reporting thresholds]


Domain annotation for each sequence:

   [No targets detected that satisfy reporting thresholds]


Internal pipeline statistics summary:
-------------------------------------
Query model(s):                            1  (131 nodes)
Target sequences:                       3993  (1239840 residues searched)
Passed MSV filter:                       102  (0.0255447); expected 79.9 (0.02)
Passed bias filter:                       80  (0.0200351); expected 79.9 (0.02)
Passed Vit filter:                         4  (0.00100175); expected 4.0 (0.001)
Passed Fwd filter:                         1  (0.000250438); expected 0.0 (1e-05)
Initial search space (Z):               3993  [actual number of targets]
Domain search space  (domZ):               0  [number of targets reported over threshold]
# CPU time: 0.02u 0.00s 00:00:00.02 Elapsed: 00:00:00.01
# Mc/sec: 10378.79
//
Query:       TIGR03674  [M=338]
Accession:   TIGR03674
Description: fen_arch: flap structure-specific endonuclease
Scores for complete sequences (score includes all domains):
   --- full sequence ---   --- best 1 domain ---    -#dom-
    E-value  score  bias    E-value  score  bias    exp  N  Sequence Description
    ------- ------ -----    ------- ------ -----   ---- --  -------- -----------

   [No hits detected that satisfy reporting thresholds]


Domain annotation for each sequence:

   [No targets detected that satisfy reporting thresholds]


Internal pipeline statistics summary:
-------------------------------------
Query model(s):                            1  (338 nodes)
Target sequences:                       3993  (1239840 residues searched)
Passed MSV filter:                        88  (0.0220386); expected 79.9 (0.02)
Passed bias filter:                       71  (0.0177811); expected 79.9 (0.02)
Passed Vit filter:                         6  (0.00150263); expected 4.0 (0.001)
Passed Fwd filter:                         1  (0.000250438); expected 0.0 (1e-05)
Initial search space (Z):               3993  [actual number of targets]
Domain search space  (domZ):               0  [number of targets reported over threshold]
# CPU time: 0.03u 0.00s 00:00:00.03 Elapsed: 00:00:00.04
# Mc/sec: 9768.15
//
Query:       TIGR03676  [M=403]
Accession:   TIGR03676
Description: aRF1/eRF1: peptide chain release factor 1, archaeal and eukaryotic forms
Scores for complete sequences (score includes all domains):
   --- full sequence ---   --- best 1 domain ---    -#dom-
    E-value  score  bias    E-value  score  bias    exp  N  Sequence Description
    ------- ------ -----    ------- ------ -----   ---- --  -------- -----------

   [No hits detected that satisfy reporting thresholds]


Domain annotation for each sequence:

   [No targets detected that satisfy reporting thresholds]


Internal pipeline statistics summary:
-------------------------------------
Query model(s):                            1  (403 nodes)
Target sequences:                       3993  (1239840 residues searched)
Passed MSV filter:                        89  (0.022289); expected 79.9 (0.02)
Passed bias filter:                       80  (0.0200351); expected 79.9 (0.02)
Passed Vit filter:                         6  (0.00150263); expected 4.0 (0.001)
Passed Fwd filter:                         0  (0); expected 0.0 (1e-05)
Initial search space (Z):               3993  [actual number of targets]
Domain search space  (domZ):               0  [number of targets reported over threshold]
# CPU time: 0.04u 0.00s 00:00:00.04 Elapsed: 00:00:00.06
# Mc/sec: 8193.38
//
Query:       TIGR03680  [M=407]
Accession:   TIGR03680
Description: eif2g_arch: translation initiation factor 2, gamma subunit
Scores for complete sequences (score includes all domains):
   --- full sequence ---   --- best 1 domain ---    -#dom-
    E-value  score  bias    E-value  score  bias    exp  N  Sequence Description
    ------- ------ -----    ------- ------ -----   ---- --  -------- -----------

   [No hits detected that satisfy reporting thresholds]


Domain annotation for each sequence:

   [No targets detected that satisfy reporting thresholds]


Internal pipeline statistics summary:
-------------------------------------
Query model(s):                            1  (407 nodes)
Target sequences:                       3993  (1239840 residues searched)
Passed MSV filter:                       143  (0.0358127); expected 79.9 (0.02)
Passed bias filter:                      125  (0.0313048); expected 79.9 (0.02)
Passed Vit filter:                        19  (0.00475833); expected 4.0 (0.001)
Passed Fwd filter:                         8  (0.00200351); expected 0.0 (1e-05)
Initial search space (Z):               3993  [actual number of targets]
Domain search space  (domZ):               0  [number of targets reported over threshold]
# CPU time: 0.08u 0.00s 00:00:00.08 Elapsed: 00:00:00.08
# Mc/sec: 5625.91
//
Query:       TIGR03723  [M=314]
Accession:   TIGR03723
Description: T6A_TsaD_YgjD: tRNA threonylcarbamoyl adenosine modification protein TsaD
Scores for complete sequences (score includes all domains):
   --- full sequence ---   --- best 1 domain ---    -#dom-
    E-value  score  bias    E-value  score  bias    exp  N  Sequence           Description
    ------- ------ -----    ------- ------ -----   ---- --  --------           -----------
   1.5e-120  399.9   0.3   1.7e-120  399.7   0.3    1.0  1  NZ_CP034767.1_3510  # 3671032 # 3672111 # -1 # ID=1_3510;partial=00;start_type=GTG;rbs_motif=4Base/6BMM;rbs_spacer=13-15bp;gc_cont=0.689


Domain annotation for each sequence:
>> NZ_CP034767.1_3510  # 3671032 # 3672111 # -1 # ID=1_3510;partial=00;start_type=GTG;rbs_motif=4Base/6BMM;rbs_spacer=13-15bp;gc_cont=0.689
   #    score  bias  c-Evalue  i-Evalue hmmfrom  hmm to    alifrom  ali to    envfrom  env to     acc
 ---   ------ ----- --------- --------- ------- -------    ------- -------    ------- -------    ----
   1 !  399.7   0.3  4.2e-124  1.7e-120       1     313 [.       9     329 ..       9     330 .. 0.96



Internal pipeline statistics summary:
-------------------------------------
Query model(s):                            1  (314 nodes)
Target sequences:                       3993  (1239840 residues searched)
Passed MSV filter:                       112  (0.0280491); expected 79.9 (0.02)
Passed bias filter:                       82  (0.0205359); expected 79.9 (0.02)
Passed Vit filter:                         8  (0.00200351); expected 4.0 (0.001)
Passed Fwd filter:                         2  (0.000500877); expected 0.0 (1e-05)
Initial search space (Z):               3993  [actual number of targets]
Domain search space  (domZ):               1  [number of targets reported over threshold]
# CPU time: 0.04u 0.00s 00:00:00.04 Elapsed: 00:00:00.03
# Mc/sec: 10136.80
//
Query:       TIGR03725  [M=212]
Accession:   TIGR03725
Description: T6A_YeaZ: tRNA threonylcarbamoyl adenosine modification protein YeaZ
Scores for complete sequences (score includes all domains):
   --- full sequence ---   --- best 1 domain ---    -#dom-
    E-value  score  bias    E-value  score  bias    exp  N  Sequence           Description
    ------- ------ -----    ------- ------ -----   ---- --  --------           -----------
    7.1e-39  131.8   2.2    7.7e-39  131.6   2.2    1.0  1  NZ_CP034767.1_3921  # 4096519 # 4097136 # -1 # ID=1_3921;partial=00;start_type=ATG;rbs_motif=GGA/GAG/AGG;rbs_spacer=5-10bp;gc_cont=0.667


Domain annotation for each sequence:
>> NZ_CP034767.1_3921  # 4096519 # 4097136 # -1 # ID=1_3921;partial=00;start_type=ATG;rbs_motif=GGA/GAG/AGG;rbs_spacer=5-10bp;gc_cont=0.667
   #    score  bias  c-Evalue  i-Evalue hmmfrom  hmm to    alifrom  ali to    envfrom  env to     acc
 ---   ------ ----- --------- --------- ------- -------    ------- -------    ------- -------    ----
   1 !  131.6   2.2   1.9e-42   7.7e-39       2     198 ..       8     197 ..       7     205 .. 0.85



Internal pipeline statistics summary:
-------------------------------------
Query model(s):                            1  (212 nodes)
Target sequences:                       3993  (1239840 residues searched)
Passed MSV filter:                       170  (0.0425745); expected 79.9 (0.02)
Passed bias filter:                      104  (0.0260456); expected 79.9 (0.02)
Passed Vit filter:                         9  (0.00225394); expected 4.0 (0.001)
Passed Fwd filter:                         2  (0.000500877); expected 0.0 (1e-05)
Initial search space (Z):               3993  [actual number of targets]
Domain search space  (domZ):               1  [number of targets reported over threshold]
# CPU time: 0.03u 0.00s 00:00:00.03 Elapsed: 00:00:00.02
# Mc/sec: 8908.95
//
Query:       TIGR03953  [M=188]
Accession:   TIGR03953
Description: rplD_bact: 50S ribosomal protein uL4
Scores for complete sequences (score includes all domains):
   --- full sequence ---   --- best 1 domain ---    -#dom-
    E-value  score  bias    E-value  score  bias    exp  N  Sequence           Description
    ------- ------ -----    ------- ------ -----   ---- --  --------           -----------
    8.6e-65  215.4   0.1    9.7e-65  215.2   0.1    1.0  1  NZ_CP034767.1_1473  # 1507842 # 1508462 # 1 # ID=1_1473;partial=00;start_type=ATG;rbs_motif=GGAGG;rbs_spacer=5-10bp;gc_cont=0.615


Domain annotation for each sequence:
>> NZ_CP034767.1_1473  # 1507842 # 1508462 # 1 # ID=1_1473;partial=00;start_type=ATG;rbs_motif=GGAGG;rbs_spacer=5-10bp;gc_cont=0.615
   #    score  bias  c-Evalue  i-Evalue hmmfrom  hmm to    alifrom  ali to    envfrom  env to     acc
 ---   ------ ----- --------- --------- ------- -------    ------- -------    ------- -------    ----
   1 !  215.2   0.1   2.4e-68   9.7e-65       1     187 [.      16     202 ..      16     203 .. 0.99



Internal pipeline statistics summary:
-------------------------------------
Query model(s):                            1  (188 nodes)
Target sequences:                       3993  (1239840 residues searched)
Passed MSV filter:                        68  (0.0170298); expected 79.9 (0.02)
Passed bias filter:                       61  (0.0152767); expected 79.9 (0.02)
Passed Vit filter:                         6  (0.00150263); expected 4.0 (0.001)
Passed Fwd filter:                         1  (0.000250438); expected 0.0 (1e-05)
Initial search space (Z):               3993  [actual number of targets]
Domain search space  (domZ):               1  [number of targets reported over threshold]
# CPU time: 0.02u 0.00s 00:00:00.02 Elapsed: 00:00:00.02
# Mc/sec: 8259.82
//
[ok]
