# hmmsearch :: search profile(s) against a sequence database
# HMMER 3.4 (Aug 2023); http://hmmer.org/
# Copyright (C) 2023 Howard Hughes Medical Institute.
# Freely distributed under the BSD open source license.
# - - - - - - - - - - - - - - - - - - - - - - - - - - - - - - - - - - - -
# query HMM file:                  /dgxb_home/se26plsc001/arvind/Devosia_BGC/data/databases/gtdbtk_r232/release232/markers/tigrfam/tigrfam.hmm
# target sequence database:        results/05_phylogeny/identify_all/identify/intermediate_results/marker_genes/query_GCF_016457235.1/query_GCF_016457235.1_protein.faa
# output directed to file:         results/05_phylogeny/identify_all/identify/intermediate_results/marker_genes/query_GCF_016457235.1/query_GCF_016457235.1_tigrfam.out
# per-seq hits tabular output:     results/05_phylogeny/identify_all/identify/intermediate_results/marker_genes/query_GCF_016457235.1/query_GCF_016457235.1_tigrfam.tsv
# show alignments in output:       no
# max ASCII text line length:      unlimited
# model-specific thresholding:     NC cutoffs
# number of worker threads:        1
# - - - - - - - - - - - - - - - - - - - - - - - - - - - - - - - - - - - -

Query:       TIGR00006  [M=310]
Accession:   TIGR00006
Description: TIGR00006: 16S rRNA (cytosine(1402)-N(4))-methyltransferase
Scores for complete sequences (score includes all domains):
   --- full sequence ---   --- best 1 domain ---    -#dom-
    E-value  score  bias    E-value  score  bias    exp  N  Sequence                 Description
    ------- ------ -----    ------- ------ -----   ---- --  --------                 -----------
    7.1e-83  276.2   0.0    8.6e-83  275.9   0.0    1.0  1  NZ_JAEMEB010000003.1_164  # 180295 # 181293 # -1 # ID=32_164;partial=00;start_type=ATG;rbs_motif=AGGA/GGAG/GAGG;rbs_spacer=11-12bp;gc_cont=0.609


Domain annotation for each sequence:
>> NZ_JAEMEB010000003.1_164  # 180295 # 181293 # -1 # ID=32_164;partial=00;start_type=ATG;rbs_motif=AGGA/GGAG/GAGG;rbs_spacer=11-12bp;gc_cont=0.609
   #    score  bias  c-Evalue  i-Evalue hmmfrom  hmm to    alifrom  ali to    envfrom  env to     acc
 ---   ------ ----- --------- --------- ------- -------    ------- -------    ------- -------    ----
   1 !  275.9   0.0   2.4e-86   8.6e-83       6     309 ..      15     311 ..      11     312 .. 0.94



Internal pipeline statistics summary:
-------------------------------------
Query model(s):                            1  (310 nodes)
Target sequences:                       3623  (1111147 residues searched)
Passed MSV filter:                        70  (0.019321); expected 72.5 (0.02)
Passed bias filter:                       57  (0.0157328); expected 72.5 (0.02)
Passed Vit filter:                         6  (0.00165609); expected 3.6 (0.001)
Passed Fwd filter:                         2  (0.000552029); expected 0.0 (1e-05)
Initial search space (Z):               3623  [actual number of targets]
Domain search space  (domZ):               1  [number of targets reported over threshold]
# CPU time: 0.02u 0.00s 00:00:00.02 Elapsed: 00:00:00.02
# Mc/sec: 14650.11
//
Query:       TIGR00019  [M=361]
Accession:   TIGR00019
Description: prfA: peptide chain release factor 1
Scores for complete sequences (score includes all domains):
   --- full sequence ---   --- best 1 domain ---    -#dom-
    E-value  score  bias    E-value  score  bias    exp  N  Sequence                Description
    ------- ------ -----    ------- ------ -----   ---- --  --------                -----------
   1.1e-150  499.2   2.0   1.3e-150  498.9   2.0    1.0  1  NZ_JAEMEB010000026.1_24  # 23923 # 24999 # 1 # ID=18_24;partial=00;start_type=ATG;rbs_motif=GGA/GAG/AGG;rbs_spacer=11-12bp;gc_cont=0.580


Domain annotation for each sequence:
>> NZ_JAEMEB010000026.1_24  # 23923 # 24999 # 1 # ID=18_24;partial=00;start_type=ATG;rbs_motif=GGA/GAG/AGG;rbs_spacer=11-12bp;gc_cont=0.580
   #    score  bias  c-Evalue  i-Evalue hmmfrom  hmm to    alifrom  ali to    envfrom  env to     acc
 ---   ------ ----- --------- --------- ------- -------    ------- -------    ------- -------    ----
   1 !  498.9   2.0  3.7e-154  1.3e-150       8     359 ..       7     355 ..       3     357 .. 0.98



Internal pipeline statistics summary:
-------------------------------------
Query model(s):                            1  (361 nodes)
Target sequences:                       3623  (1111147 residues searched)
Passed MSV filter:                        95  (0.0262214); expected 72.5 (0.02)
Passed bias filter:                       71  (0.019597); expected 72.5 (0.02)
Passed Vit filter:                        11  (0.00303616); expected 3.6 (0.001)
Passed Fwd filter:                         3  (0.000828043); expected 0.0 (1e-05)
Initial search space (Z):               3623  [actual number of targets]
Domain search space  (domZ):               1  [number of targets reported over threshold]
# CPU time: 0.03u 0.01s 00:00:00.04 Elapsed: 00:00:00.02
# Mc/sec: 16037.86
//
Query:       TIGR00020  [M=365]
Accession:   TIGR00020
Description: prfB: peptide chain release factor 2
Scores for complete sequences (score includes all domains):
   --- full sequence ---   --- best 1 domain ---    -#dom-
    E-value  score  bias    E-value  score  bias    exp  N  Sequence                 Description
    ------- ------ -----    ------- ------ -----   ---- --  --------                 -----------
   5.3e-142  470.7   4.8   5.9e-142  470.6   4.8    1.0  1  NZ_JAEMEB010000004.1_265  # 247300 # 248259 # 1 # ID=33_265;partial=00;start_type=ATG;rbs_motif=GGA/GAG/AGG;rbs_spacer=11-12bp;gc_cont=0.572


Domain annotation for each sequence:
>> NZ_JAEMEB010000004.1_265  # 247300 # 248259 # 1 # ID=33_265;partial=00;start_type=ATG;rbs_motif=GGA/GAG/AGG;rbs_spacer=11-12bp;gc_cont=0.572
   #    score  bias  c-Evalue  i-Evalue hmmfrom  hmm to    alifrom  ali to    envfrom  env to     acc
 ---   ------ ----- --------- --------- ------- -------    ------- -------    ------- -------    ----
   1 !  470.6   4.8  1.6e-145  5.9e-142      57     363 ..       2     308 ..       1     310 [. 0.99



Internal pipeline statistics summary:
-------------------------------------
Query model(s):                            1  (365 nodes)
Target sequences:                       3623  (1111147 residues searched)
Passed MSV filter:                        85  (0.0234612); expected 72.5 (0.02)
Passed bias filter:                       62  (0.0171129); expected 72.5 (0.02)
Passed Vit filter:                         8  (0.00220811); expected 3.6 (0.001)
Passed Fwd filter:                         3  (0.000828043); expected 0.0 (1e-05)
Initial search space (Z):               3623  [actual number of targets]
Domain search space  (domZ):               1  [number of targets reported over threshold]
# CPU time: 0.03u 0.00s 00:00:00.03 Elapsed: 00:00:00.04
# Mc/sec: 9152.49
//
Query:       TIGR00029  [M=87]
Accession:   TIGR00029
Description: S20: ribosomal protein bS20
Scores for complete sequences (score includes all domains):
   --- full sequence ---   --- best 1 domain ---    -#dom-
    E-value  score  bias    E-value  score  bias    exp  N  Sequence                 Description
    ------- ------ -----    ------- ------ -----   ---- --  --------                 -----------
    1.1e-20   71.6   9.4    1.2e-20   71.5   9.4    1.0  1  NZ_JAEMEB010000005.1_135  # 145613 # 145879 # 1 # ID=34_135;partial=00;start_type=ATG;rbs_motif=GGAG/GAGG;rbs_spacer=5-10bp;gc_cont=0.566


Domain annotation for each sequence:
>> NZ_JAEMEB010000005.1_135  # 145613 # 145879 # 1 # ID=34_135;partial=00;start_type=ATG;rbs_motif=GGAG/GAGG;rbs_spacer=5-10bp;gc_cont=0.566
   #    score  bias  c-Evalue  i-Evalue hmmfrom  hmm to    alifrom  ali to    envfrom  env to     acc
 ---   ------ ----- --------- --------- ------- -------    ------- -------    ------- -------    ----
   1 !   71.5   9.4   3.4e-24   1.2e-20       1      86 [.       1      86 [.       1      87 [. 0.98



Internal pipeline statistics summary:
-------------------------------------
Query model(s):                            1  (87 nodes)
Target sequences:                       3623  (1111147 residues searched)
Passed MSV filter:                       114  (0.0314656); expected 72.5 (0.02)
Passed bias filter:                       92  (0.0253933); expected 72.5 (0.02)
Passed Vit filter:                        11  (0.00303616); expected 3.6 (0.001)
Passed Fwd filter:                         1  (0.000276014); expected 0.0 (1e-05)
Initial search space (Z):               3623  [actual number of targets]
Domain search space  (domZ):               1  [number of targets reported over threshold]
# CPU time: 0.01u 0.00s 00:00:00.01 Elapsed: 00:00:00.02
# Mc/sec: 3243.85
//
Query:       TIGR00037  [M=130]
Accession:   TIGR00037
Description: eIF_5A: translation elongation factor IF5A
Scores for complete sequences (score includes all domains):
   --- full sequence ---   --- best 1 domain ---    -#dom-
    E-value  score  bias    E-value  score  bias    exp  N  Sequence Description
    ------- ------ -----    ------- ------ -----   ---- --  -------- -----------

   [No hits detected that satisfy reporting thresholds]


Domain annotation for each sequence:

   [No targets detected that satisfy reporting thresholds]


Internal pipeline statistics summary:
-------------------------------------
Query model(s):                            1  (130 nodes)
Target sequences:                       3623  (1111147 residues searched)
Passed MSV filter:                        62  (0.0171129); expected 72.5 (0.02)
Passed bias filter:                       56  (0.0154568); expected 72.5 (0.02)
Passed Vit filter:                         3  (0.000828043); expected 3.6 (0.001)
Passed Fwd filter:                         0  (0); expected 0.0 (1e-05)
Initial search space (Z):               3623  [actual number of targets]
Domain search space  (domZ):               0  [number of targets reported over threshold]
# CPU time: 0.02u 0.00s 00:00:00.02 Elapsed: 00:00:00.02
# Mc/sec: 6158.96
//
Query:       TIGR00043  [M=111]
Accession:   TIGR00043
Description: TIGR00043: rRNA maturation RNase YbeY
Scores for complete sequences (score includes all domains):
   --- full sequence ---   --- best 1 domain ---    -#dom-
    E-value  score  bias    E-value  score  bias    exp  N  Sequence                Description
    ------- ------ -----    ------- ------ -----   ---- --  --------                -----------
    9.7e-34  113.5   0.0    1.2e-33  113.2   0.0    1.1  1  NZ_JAEMEB010000005.1_93  # 102284 # 102736 # 1 # ID=34_93;partial=00;start_type=GTG;rbs_motif=None;rbs_spacer=None;gc_cont=0.510


Domain annotation for each sequence:
>> NZ_JAEMEB010000005.1_93  # 102284 # 102736 # 1 # ID=34_93;partial=00;start_type=GTG;rbs_motif=None;rbs_spacer=None;gc_cont=0.510
   #    score  bias  c-Evalue  i-Evalue hmmfrom  hmm to    alifrom  ali to    envfrom  env to     acc
 ---   ------ ----- --------- --------- ------- -------    ------- -------    ------- -------    ----
   1 !  113.2   0.0   3.3e-37   1.2e-33       2     110 ..      38     142 ..      37     143 .. 0.94



Internal pipeline statistics summary:
-------------------------------------
Query model(s):                            1  (111 nodes)
Target sequences:                       3623  (1111147 residues searched)
Passed MSV filter:                        58  (0.0160088); expected 72.5 (0.02)
Passed bias filter:                       53  (0.0146288); expected 72.5 (0.02)
Passed Vit filter:                         5  (0.00138007); expected 3.6 (0.001)
Passed Fwd filter:                         1  (0.000276014); expected 0.0 (1e-05)
Initial search space (Z):               3623  [actual number of targets]
Domain search space  (domZ):               1  [number of targets reported over threshold]
# CPU time: 0.01u 0.00s 00:00:00.01 Elapsed: 00:00:00.01
# Mc/sec: 7358.94
//
Query:       TIGR00054  [M=421]
Accession:   TIGR00054
Description: TIGR00054: RIP metalloprotease RseP
Scores for complete sequences (score includes all domains):
   --- full sequence ---   --- best 1 domain ---    -#dom-
    E-value  score  bias    E-value  score  bias    exp  N  Sequence                 Description
    ------- ------ -----    ------- ------ -----   ---- --  --------                 -----------
    1.7e-85  285.1   0.0    4.9e-53  178.1   0.0    2.0  2  NZ_JAEMEB010000002.1_199  # 217750 # 218871 # -1 # ID=22_199;partial=00;start_type=ATG;rbs_motif=AGGA;rbs_spacer=5-10bp;gc_cont=0.534


Domain annotation for each sequence:
>> NZ_JAEMEB010000002.1_199  # 217750 # 218871 # -1 # ID=22_199;partial=00;start_type=ATG;rbs_motif=AGGA;rbs_spacer=5-10bp;gc_cont=0.534
   #    score  bias  c-Evalue  i-Evalue hmmfrom  hmm to    alifrom  ali to    envfrom  env to     acc
 ---   ------ ----- --------- --------- ------- -------    ------- -------    ------- -------    ----
   1 !  105.5   0.0   1.5e-34   5.5e-31       5     121 ..       7     133 ..       3     139 .. 0.84
   2 !  178.1   0.0   1.4e-56   4.9e-53     203     416 ..     138     364 ..     129     367 .. 0.97



Internal pipeline statistics summary:
-------------------------------------
Query model(s):                            1  (421 nodes)
Target sequences:                       3623  (1111147 residues searched)
Passed MSV filter:                       126  (0.0347778); expected 72.5 (0.02)
Passed bias filter:                       95  (0.0262214); expected 72.5 (0.02)
Passed Vit filter:                        17  (0.00469224); expected 3.6 (0.001)
Passed Fwd filter:                         3  (0.000828043); expected 0.0 (1e-05)
Initial search space (Z):               3623  [actual number of targets]
Domain search space  (domZ):               1  [number of targets reported over threshold]
# CPU time: 0.07u 0.00s 00:00:00.07 Elapsed: 00:00:00.06
# Mc/sec: 7201.41
//
Query:       TIGR00059  [M=112]
Accession:   TIGR00059
Description: L17: ribosomal protein bL17
Scores for complete sequences (score includes all domains):
   --- full sequence ---   --- best 1 domain ---    -#dom-
    E-value  score  bias    E-value  score  bias    exp  N  Sequence                 Description
    ------- ------ -----    ------- ------ -----   ---- --  --------                 -----------
    2.4e-45  151.2   0.0    2.9e-45  150.9   0.0    1.0  1  NZ_JAEMEB010000001.1_227  # 244188 # 244607 # -1 # ID=11_227;partial=00;start_type=ATG;rbs_motif=AGGAG;rbs_spacer=5-10bp;gc_cont=0.571


Domain annotation for each sequence:
>> NZ_JAEMEB010000001.1_227  # 244188 # 244607 # -1 # ID=11_227;partial=00;start_type=ATG;rbs_motif=AGGAG;rbs_spacer=5-10bp;gc_cont=0.571
   #    score  bias  c-Evalue  i-Evalue hmmfrom  hmm to    alifrom  ali to    envfrom  env to     acc
 ---   ------ ----- --------- --------- ------- -------    ------- -------    ------- -------    ----
   1 !  150.9   0.0     8e-49   2.9e-45       2     112 .]       7     117 ..       6     117 .. 0.99



Internal pipeline statistics summary:
-------------------------------------
Query model(s):                            1  (112 nodes)
Target sequences:                       3623  (1111147 residues searched)
Passed MSV filter:                        85  (0.0234612); expected 72.5 (0.02)
Passed bias filter:                       68  (0.018769); expected 72.5 (0.02)
Passed Vit filter:                         7  (0.0019321); expected 3.6 (0.001)
Passed Fwd filter:                         1  (0.000276014); expected 0.0 (1e-05)
Initial search space (Z):               3623  [actual number of targets]
Domain search space  (domZ):               1  [number of targets reported over threshold]
# CPU time: 0.01u 0.00s 00:00:00.01 Elapsed: 00:00:00.02
# Mc/sec: 4402.53
//
Query:       TIGR00061  [M=101]
Accession:   TIGR00061
Description: L21: ribosomal protein bL21
Scores for complete sequences (score includes all domains):
   --- full sequence ---   --- best 1 domain ---    -#dom-
    E-value  score  bias    E-value  score  bias    exp  N  Sequence                Description
    ------- ------ -----    ------- ------ -----   ---- --  --------                -----------
    1.1e-32  110.1   1.1    1.7e-32  109.5   1.1    1.3  1  NZ_JAEMEB010000014.1_20  # 25213 # 25707 # 1 # ID=5_20;partial=00;start_type=ATG;rbs_motif=GGA/GAG/AGG;rbs_spacer=5-10bp;gc_cont=0.564


Domain annotation for each sequence:
>> NZ_JAEMEB010000014.1_20  # 25213 # 25707 # 1 # ID=5_20;partial=00;start_type=ATG;rbs_motif=GGA/GAG/AGG;rbs_spacer=5-10bp;gc_cont=0.564
   #    score  bias  c-Evalue  i-Evalue hmmfrom  hmm to    alifrom  ali to    envfrom  env to     acc
 ---   ------ ----- --------- --------- ------- -------    ------- -------    ------- -------    ----
   1 !  109.5   1.1   4.8e-36   1.7e-32       1     100 [.       3      98 ..       3      99 .. 0.97



Internal pipeline statistics summary:
-------------------------------------
Query model(s):                            1  (101 nodes)
Target sequences:                       3623  (1111147 residues searched)
Passed MSV filter:                        51  (0.0140767); expected 72.5 (0.02)
Passed bias filter:                       46  (0.0126967); expected 72.5 (0.02)
Passed Vit filter:                         1  (0.000276014); expected 3.6 (0.001)
Passed Fwd filter:                         1  (0.000276014); expected 0.0 (1e-05)
Initial search space (Z):               3623  [actual number of targets]
Domain search space  (domZ):               1  [number of targets reported over threshold]
# CPU time: 0.02u 0.00s 00:00:00.02 Elapsed: 00:00:00.04
# Mc/sec: 2377.16
//
Query:       TIGR00064  [M=279]
Accession:   TIGR00064
Description: ftsY: signal recognition particle-docking protein FtsY
Scores for complete sequences (score includes all domains):
   --- full sequence ---   --- best 1 domain ---    -#dom-
    E-value  score  bias    E-value  score  bias    exp  N  Sequence                Description
    ------- ------ -----    ------- ------ -----   ---- --  --------                -----------
    6.9e-99  328.2   1.8    8.4e-99  328.0   1.8    1.1  1  NZ_JAEMEB010000015.1_87  # 77978 # 79201 # 1 # ID=6_87;partial=00;start_type=ATG;rbs_motif=GGA/GAG/AGG;rbs_spacer=11-12bp;gc_cont=0.584


Domain annotation for each sequence:
>> NZ_JAEMEB010000015.1_87  # 77978 # 79201 # 1 # ID=6_87;partial=00;start_type=ATG;rbs_motif=GGA/GAG/AGG;rbs_spacer=11-12bp;gc_cont=0.584
   #    score  bias  c-Evalue  i-Evalue hmmfrom  hmm to    alifrom  ali to    envfrom  env to     acc
 ---   ------ ----- --------- --------- ------- -------    ------- -------    ------- -------    ----
   1 !  328.0   1.8  2.3e-102   8.4e-99       3     278 ..     135     403 ..     133     404 .. 0.95



Internal pipeline statistics summary:
-------------------------------------
Query model(s):                            1  (279 nodes)
Target sequences:                       3623  (1111147 residues searched)
Passed MSV filter:                       219  (0.0604471); expected 72.5 (0.02)
Passed bias filter:                      175  (0.0483025); expected 72.5 (0.02)
Passed Vit filter:                        51  (0.0140767); expected 3.6 (0.001)
Passed Fwd filter:                         7  (0.0019321); expected 0.0 (1e-05)
Initial search space (Z):               3623  [actual number of targets]
Domain search space  (domZ):               1  [number of targets reported over threshold]
# CPU time: 0.05u 0.00s 00:00:00.05 Elapsed: 00:00:00.04
# Mc/sec: 6476.18
//
Query:       TIGR00065  [M=353]
Accession:   TIGR00065
Description: ftsZ: cell division protein FtsZ
Scores for complete sequences (score includes all domains):
   --- full sequence ---   --- best 1 domain ---    -#dom-
    E-value  score  bias    E-value  score  bias    exp  N  Sequence                 Description
    ------- ------ -----    ------- ------ -----   ---- --  --------                 -----------
   9.5e-124  410.9   5.4   1.3e-123  410.4   5.4    1.1  1  NZ_JAEMEB010000003.1_152  # 165071 # 166780 # -1 # ID=32_152;partial=00;start_type=ATG;rbs_motif=None;rbs_spacer=None;gc_cont=0.584


Domain annotation for each sequence:
>> NZ_JAEMEB010000003.1_152  # 165071 # 166780 # -1 # ID=32_152;partial=00;start_type=ATG;rbs_motif=None;rbs_spacer=None;gc_cont=0.584
   #    score  bias  c-Evalue  i-Evalue hmmfrom  hmm to    alifrom  ali to    envfrom  env to     acc
 ---   ------ ----- --------- --------- ------- -------    ------- -------    ------- -------    ----
   1 !  410.4   5.4  3.7e-127  1.3e-123      15     334 ..      17     333 ..       7     352 .. 0.96



Internal pipeline statistics summary:
-------------------------------------
Query model(s):                            1  (353 nodes)
Target sequences:                       3623  (1111147 residues searched)
Passed MSV filter:                       148  (0.0408501); expected 72.5 (0.02)
Passed bias filter:                      109  (0.0300856); expected 72.5 (0.02)
Passed Vit filter:                        13  (0.00358819); expected 3.6 (0.001)
Passed Fwd filter:                         2  (0.000552029); expected 0.0 (1e-05)
Initial search space (Z):               3623  [actual number of targets]
Domain search space  (domZ):               1  [number of targets reported over threshold]
# CPU time: 0.03u 0.00s 00:00:00.03 Elapsed: 00:00:00.03
# Mc/sec: 13041.65
//
Query:       TIGR00082  [M=115]
Accession:   TIGR00082
Description: rbfA: ribosome-binding factor A
Scores for complete sequences (score includes all domains):
   --- full sequence ---   --- best 1 domain ---    -#dom-
    E-value  score  bias    E-value  score  bias    exp  N  Sequence                 Description
    ------- ------ -----    ------- ------ -----   ---- --  --------                 -----------
    1.1e-15   55.8   0.0    1.4e-15   55.5   0.0    1.1  1  NZ_JAEMEB010000005.1_166  # 178999 # 179409 # 1 # ID=34_166;partial=00;start_type=ATG;rbs_motif=None;rbs_spacer=None;gc_cont=0.596


Domain annotation for each sequence:
>> NZ_JAEMEB010000005.1_166  # 178999 # 179409 # 1 # ID=34_166;partial=00;start_type=ATG;rbs_motif=None;rbs_spacer=None;gc_cont=0.596
   #    score  bias  c-Evalue  i-Evalue hmmfrom  hmm to    alifrom  ali to    envfrom  env to     acc
 ---   ------ ----- --------- --------- ------- -------    ------- -------    ------- -------    ----
   1 !   55.5   0.0   3.9e-19   1.4e-15       5     110 ..      12     119 ..       9     124 .. 0.93



Internal pipeline statistics summary:
-------------------------------------
Query model(s):                            1  (115 nodes)
Target sequences:                       3623  (1111147 residues searched)
Passed MSV filter:                        55  (0.0151808); expected 72.5 (0.02)
Passed bias filter:                       50  (0.0138007); expected 72.5 (0.02)
Passed Vit filter:                         2  (0.000552029); expected 3.6 (0.001)
Passed Fwd filter:                         1  (0.000276014); expected 0.0 (1e-05)
Initial search space (Z):               3623  [actual number of targets]
Domain search space  (domZ):               1  [number of targets reported over threshold]
# CPU time: 0.02u 0.00s 00:00:00.02 Elapsed: 00:00:00.01
# Mc/sec: 10400.78
//
Query:       TIGR00083  [M=290]
Accession:   TIGR00083
Description: ribF: riboflavin biosynthesis protein RibF
Scores for complete sequences (score includes all domains):
   --- full sequence ---   --- best 1 domain ---    -#dom-
    E-value  score  bias    E-value  score  bias    exp  N  Sequence               Description
    ------- ------ -----    ------- ------ -----   ---- --  --------               -----------
    3.1e-76  254.2   0.0    3.6e-76  254.0   0.0    1.0  1  NZ_JAEMEB010000022.1_7  # 7811 # 8782 # -1 # ID=14_7;partial=00;start_type=GTG;rbs_motif=None;rbs_spacer=None;gc_cont=0.594


Domain annotation for each sequence:
>> NZ_JAEMEB010000022.1_7  # 7811 # 8782 # -1 # ID=14_7;partial=00;start_type=GTG;rbs_motif=None;rbs_spacer=None;gc_cont=0.594
   #    score  bias  c-Evalue  i-Evalue hmmfrom  hmm to    alifrom  ali to    envfrom  env to     acc
 ---   ------ ----- --------- --------- ------- -------    ------- -------    ------- -------    ----
   1 !  254.0   0.0   9.9e-80   3.6e-76       3     289 ..      22     306 ..      20     307 .. 0.94



Internal pipeline statistics summary:
-------------------------------------
Query model(s):                            1  (290 nodes)
Target sequences:                       3623  (1111147 residues searched)
Passed MSV filter:                        59  (0.0162848); expected 72.5 (0.02)
Passed bias filter:                       54  (0.0149048); expected 72.5 (0.02)
Passed Vit filter:                         5  (0.00138007); expected 3.6 (0.001)
Passed Fwd filter:                         1  (0.000276014); expected 0.0 (1e-05)
Initial search space (Z):               3623  [actual number of targets]
Domain search space  (domZ):               1  [number of targets reported over threshold]
# CPU time: 0.02u 0.01s 00:00:00.03 Elapsed: 00:00:00.03
# Mc/sec: 9754.98
//
Query:       TIGR00084  [M=192]
Accession:   TIGR00084
Description: ruvA: Holliday junction DNA helicase RuvA
Scores for complete sequences (score includes all domains):
   --- full sequence ---   --- best 1 domain ---    -#dom-
    E-value  score  bias    E-value  score  bias    exp  N  Sequence                Description
    ------- ------ -----    ------- ------ -----   ---- --  --------                -----------
    8.8e-38  127.4   0.0    9.6e-38  127.3   0.0    1.0  1  NZ_JAEMEB010000010.1_44  # 42384 # 43001 # -1 # ID=1_44;partial=00;start_type=ATG;rbs_motif=GGAG/GAGG;rbs_spacer=5-10bp;gc_cont=0.579


Domain annotation for each sequence:
>> NZ_JAEMEB010000010.1_44  # 42384 # 43001 # -1 # ID=1_44;partial=00;start_type=ATG;rbs_motif=GGAG/GAGG;rbs_spacer=5-10bp;gc_cont=0.579
   #    score  bias  c-Evalue  i-Evalue hmmfrom  hmm to    alifrom  ali to    envfrom  env to     acc
 ---   ------ ----- --------- --------- ------- -------    ------- -------    ------- -------    ----
   1 !  127.3   0.0   2.6e-41   9.6e-38       1     188 [.       1     201 [.       1     205 [. 0.94



Internal pipeline statistics summary:
-------------------------------------
Query model(s):                            1  (192 nodes)
Target sequences:                       3623  (1111147 residues searched)
Passed MSV filter:                        93  (0.0256693); expected 72.5 (0.02)
Passed bias filter:                       88  (0.0242893); expected 72.5 (0.02)
Passed Vit filter:                        12  (0.00331217); expected 3.6 (0.001)
Passed Fwd filter:                         1  (0.000276014); expected 0.0 (1e-05)
Initial search space (Z):               3623  [actual number of targets]
Domain search space  (domZ):               1  [number of targets reported over threshold]
# CPU time: 0.02u 0.00s 00:00:00.02 Elapsed: 00:00:00.03
# Mc/sec: 5545.07
//
Query:       TIGR00086  [M=144]
Accession:   TIGR00086
Description: smpB: SsrA-binding protein
Scores for complete sequences (score includes all domains):
   --- full sequence ---   --- best 1 domain ---    -#dom-
    E-value  score  bias    E-value  score  bias    exp  N  Sequence                Description
    ------- ------ -----    ------- ------ -----   ---- --  --------                -----------
    2.8e-52  174.3   0.1    3.2e-52  174.1   0.1    1.0  1  NZ_JAEMEB010000004.1_27  # 31274 # 31774 # 1 # ID=33_27;partial=00;start_type=ATG;rbs_motif=3Base/5BMM;rbs_spacer=13-15bp;gc_cont=0.551


Domain annotation for each sequence:
>> NZ_JAEMEB010000004.1_27  # 31274 # 31774 # 1 # ID=33_27;partial=00;start_type=ATG;rbs_motif=3Base/5BMM;rbs_spacer=13-15bp;gc_cont=0.551
   #    score  bias  c-Evalue  i-Evalue hmmfrom  hmm to    alifrom  ali to    envfrom  env to     acc
 ---   ------ ----- --------- --------- ------- -------    ------- -------    ------- -------    ----
   1 !  174.1   0.1   8.8e-56   3.2e-52       2     144 .]      19     161 ..      18     161 .. 0.99



Internal pipeline statistics summary:
-------------------------------------
Query model(s):                            1  (144 nodes)
Target sequences:                       3623  (1111147 residues searched)
Passed MSV filter:                        52  (0.0143527); expected 72.5 (0.02)
Passed bias filter:                       49  (0.0135247); expected 72.5 (0.02)
Passed Vit filter:                         5  (0.00138007); expected 3.6 (0.001)
Passed Fwd filter:                         1  (0.000276014); expected 0.0 (1e-05)
Initial search space (Z):               3623  [actual number of targets]
Domain search space  (domZ):               1  [number of targets reported over threshold]
# CPU time: 0.02u 0.00s 00:00:00.02 Elapsed: 00:00:00.01
# Mc/sec: 12515.04
//
Query:       TIGR00088  [M=233]
Accession:   TIGR00088
Description: trmD: tRNA (guanine(37)-N(1))-methyltransferase
Scores for complete sequences (score includes all domains):
   --- full sequence ---   --- best 1 domain ---    -#dom-
    E-value  score  bias    E-value  score  bias    exp  N  Sequence                Description
    ------- ------ -----    ------- ------ -----   ---- --  --------                -----------
    2.6e-80  266.7   0.0    3.1e-80  266.4   0.0    1.0  1  NZ_JAEMEB010000014.1_69  # 71795 # 72475 # -1 # ID=5_69;partial=00;start_type=GTG;rbs_motif=GGAG/GAGG;rbs_spacer=5-10bp;gc_cont=0.596


Domain annotation for each sequence:
>> NZ_JAEMEB010000014.1_69  # 71795 # 72475 # -1 # ID=5_69;partial=00;start_type=GTG;rbs_motif=GGAG/GAGG;rbs_spacer=5-10bp;gc_cont=0.596
   #    score  bias  c-Evalue  i-Evalue hmmfrom  hmm to    alifrom  ali to    envfrom  env to     acc
 ---   ------ ----- --------- --------- ------- -------    ------- -------    ------- -------    ----
   1 !  266.4   0.0   8.6e-84   3.1e-80       4     222 ..       6     226 ..       3     226 .. 0.98



Internal pipeline statistics summary:
-------------------------------------
Query model(s):                            1  (233 nodes)
Target sequences:                       3623  (1111147 residues searched)
Passed MSV filter:                        88  (0.0242893); expected 72.5 (0.02)
Passed bias filter:                       82  (0.0226332); expected 72.5 (0.02)
Passed Vit filter:                         4  (0.00110406); expected 3.6 (0.001)
Passed Fwd filter:                         2  (0.000552029); expected 0.0 (1e-05)
Initial search space (Z):               3623  [actual number of targets]
Domain search space  (domZ):               1  [number of targets reported over threshold]
# CPU time: 0.02u 0.00s 00:00:00.02 Elapsed: 00:00:00.01
# Mc/sec: 14454.49
//
Query:       TIGR00090  [M=99]
Accession:   TIGR00090
Description: rsfS_iojap_ybeB: ribosome silencing factor
Scores for complete sequences (score includes all domains):
   --- full sequence ---   --- best 1 domain ---    -#dom-
    E-value  score  bias    E-value  score  bias    exp  N  Sequence                Description
    ------- ------ -----    ------- ------ -----   ---- --  --------                -----------
    2.6e-34  115.0   0.2    3.1e-34  114.8   0.2    1.1  1  NZ_JAEMEB010000014.1_29  # 32168 # 32557 # 1 # ID=5_29;partial=00;start_type=ATG;rbs_motif=GGA/GAG/AGG;rbs_spacer=5-10bp;gc_cont=0.574


Domain annotation for each sequence:
>> NZ_JAEMEB010000014.1_29  # 32168 # 32557 # 1 # ID=5_29;partial=00;start_type=ATG;rbs_motif=GGA/GAG/AGG;rbs_spacer=5-10bp;gc_cont=0.574
   #    score  bias  c-Evalue  i-Evalue hmmfrom  hmm to    alifrom  ali to    envfrom  env to     acc
 ---   ------ ----- --------- --------- ------- -------    ------- -------    ------- -------    ----
   1 !  114.8   0.2   8.6e-38   3.1e-34       2      99 .]      23     120 ..      22     120 .. 0.99



Internal pipeline statistics summary:
-------------------------------------
Query model(s):                            1  (99 nodes)
Target sequences:                       3623  (1111147 residues searched)
Passed MSV filter:                        66  (0.0182169); expected 72.5 (0.02)
Passed bias filter:                       62  (0.0171129); expected 72.5 (0.02)
Passed Vit filter:                         5  (0.00138007); expected 3.6 (0.001)
Passed Fwd filter:                         1  (0.000276014); expected 0.0 (1e-05)
Initial search space (Z):               3623  [actual number of targets]
Domain search space  (domZ):               1  [number of targets reported over threshold]
# CPU time: 0.01u 0.00s 00:00:00.01 Elapsed: 00:00:00.01
# Mc/sec: 9049.65
//
Query:       TIGR00092  [M=368]
Accession:   TIGR00092
Description: TIGR00092: GTP-binding protein YchF
Scores for complete sequences (score includes all domains):
   --- full sequence ---   --- best 1 domain ---    -#dom-
    E-value  score  bias    E-value  score  bias    exp  N  Sequence                Description
    ------- ------ -----    ------- ------ -----   ---- --  --------                -----------
     2e-147  488.8   0.0   2.3e-147  488.6   0.0    1.0  1  NZ_JAEMEB010000007.1_33  # 28544 # 29641 # -1 # ID=36_33;partial=00;start_type=ATG;rbs_motif=GGAG/GAGG;rbs_spacer=5-10bp;gc_cont=0.564


Domain annotation for each sequence:
>> NZ_JAEMEB010000007.1_33  # 28544 # 29641 # -1 # ID=36_33;partial=00;start_type=ATG;rbs_motif=GGAG/GAGG;rbs_spacer=5-10bp;gc_cont=0.564
   #    score  bias  c-Evalue  i-Evalue hmmfrom  hmm to    alifrom  ali to    envfrom  env to     acc
 ---   ------ ----- --------- --------- ------- -------    ------- -------    ------- -------    ----
   1 !  488.6   0.0  6.2e-151  2.3e-147       1     367 [.       1     364 [.       1     365 [. 0.98



Internal pipeline statistics summary:
-------------------------------------
Query model(s):                            1  (368 nodes)
Target sequences:                       3623  (1111147 residues searched)
Passed MSV filter:                       147  (0.0405741); expected 72.5 (0.02)
Passed bias filter:                      132  (0.0364339); expected 72.5 (0.02)
Passed Vit filter:                        24  (0.00662434); expected 3.6 (0.001)
Passed Fwd filter:                         4  (0.00110406); expected 0.0 (1e-05)
Initial search space (Z):               3623  [actual number of targets]
Domain search space  (domZ):               1  [number of targets reported over threshold]
# CPU time: 0.05u 0.00s 00:00:00.05 Elapsed: 00:00:00.05
# Mc/sec: 6981.64
//
Query:       TIGR00095  [M=194]
Accession:   TIGR00095
Description: TIGR00095: 16S rRNA (guanine(966)-N(2))-methyltransferase RsmD
Scores for complete sequences (score includes all domains):
   --- full sequence ---   --- best 1 domain ---    -#dom-
    E-value  score  bias    E-value  score  bias    exp  N  Sequence               Description
    ------- ------ -----    ------- ------ -----   ---- --  --------               -----------
    1.9e-42  142.8   0.0    2.2e-42  142.5   0.0    1.0  1  NZ_JAEMEB010000022.1_2  # 512 # 1075 # -1 # ID=14_2;partial=00;start_type=ATG;rbs_motif=GGAG/GAGG;rbs_spacer=5-10bp;gc_cont=0.613


Domain annotation for each sequence:
>> NZ_JAEMEB010000022.1_2  # 512 # 1075 # -1 # ID=14_2;partial=00;start_type=ATG;rbs_motif=GGAG/GAGG;rbs_spacer=5-10bp;gc_cont=0.613
   #    score  bias  c-Evalue  i-Evalue hmmfrom  hmm to    alifrom  ali to    envfrom  env to     acc
 ---   ------ ----- --------- --------- ------- -------    ------- -------    ------- -------    ----
   1 !  142.5   0.0   6.2e-46   2.2e-42      13     191 ..       2     181 ..       1     183 [. 0.90



Internal pipeline statistics summary:
-------------------------------------
Query model(s):                            1  (194 nodes)
Target sequences:                       3623  (1111147 residues searched)
Passed MSV filter:                        87  (0.0240132); expected 72.5 (0.02)
Passed bias filter:                       85  (0.0234612); expected 72.5 (0.02)
Passed Vit filter:                        11  (0.00303616); expected 3.6 (0.001)
Passed Fwd filter:                         3  (0.000828043); expected 0.0 (1e-05)
Initial search space (Z):               3623  [actual number of targets]
Domain search space  (domZ):               1  [number of targets reported over threshold]
# CPU time: 0.03u 0.00s 00:00:00.03 Elapsed: 00:00:00.02
# Mc/sec: 8685.99
//
Query:       TIGR00111  [M=351]
Accession:   TIGR00111
Description: pelota: mRNA surveillance protein pelota
Scores for complete sequences (score includes all domains):
   --- full sequence ---   --- best 1 domain ---    -#dom-
    E-value  score  bias    E-value  score  bias    exp  N  Sequence Description
    ------- ------ -----    ------- ------ -----   ---- --  -------- -----------

   [No hits detected that satisfy reporting thresholds]


Domain annotation for each sequence:

   [No targets detected that satisfy reporting thresholds]


Internal pipeline statistics summary:
-------------------------------------
Query model(s):                            1  (351 nodes)
Target sequences:                       3623  (1111147 residues searched)
Passed MSV filter:                        80  (0.0220811); expected 72.5 (0.02)
Passed bias filter:                       70  (0.019321); expected 72.5 (0.02)
Passed Vit filter:                         5  (0.00138007); expected 3.6 (0.001)
Passed Fwd filter:                         0  (0); expected 0.0 (1e-05)
Initial search space (Z):               3623  [actual number of targets]
Domain search space  (domZ):               0  [number of targets reported over threshold]
# CPU time: 0.03u 0.00s 00:00:00.03 Elapsed: 00:00:00.03
# Mc/sec: 11721.80
//
Query:       TIGR00115  [M=410]
Accession:   TIGR00115
Description: tig: trigger factor
Scores for complete sequences (score includes all domains):
   --- full sequence ---   --- best 1 domain ---    -#dom-
    E-value  score  bias    E-value  score  bias    exp  N  Sequence                 Description
    ------- ------ -----    ------- ------ -----   ---- --  --------                 -----------
     1e-119  397.7   4.7   1.2e-119  397.5   4.7    1.1  1  NZ_JAEMEB010000002.1_321  # 350959 # 352338 # 1 # ID=22_321;partial=00;start_type=ATG;rbs_motif=GGA/GAG/AGG;rbs_spacer=5-10bp;gc_cont=0.577


Domain annotation for each sequence:
>> NZ_JAEMEB010000002.1_321  # 350959 # 352338 # 1 # ID=22_321;partial=00;start_type=ATG;rbs_motif=GGA/GAG/AGG;rbs_spacer=5-10bp;gc_cont=0.577
   #    score  bias  c-Evalue  i-Evalue hmmfrom  hmm to    alifrom  ali to    envfrom  env to     acc
 ---   ------ ----- --------- --------- ------- -------    ------- -------    ------- -------    ----
   1 !  397.5   4.7  3.3e-123  1.2e-119       1     410 []      11     427 ..      11     427 .. 0.99



Internal pipeline statistics summary:
-------------------------------------
Query model(s):                            1  (410 nodes)
Target sequences:                       3623  (1111147 residues searched)
Passed MSV filter:                       116  (0.0320177); expected 72.5 (0.02)
Passed bias filter:                       81  (0.0223572); expected 72.5 (0.02)
Passed Vit filter:                         8  (0.00220811); expected 3.6 (0.001)
Passed Fwd filter:                         2  (0.000552029); expected 0.0 (1e-05)
Initial search space (Z):               3623  [actual number of targets]
Domain search space  (domZ):               1  [number of targets reported over threshold]
# CPU time: 0.04u 0.00s 00:00:00.04 Elapsed: 00:00:00.04
# Mc/sec: 9753.88
//
Query:       TIGR00116  [M=293]
Accession:   TIGR00116
Description: tsf: translation elongation factor Ts
Scores for complete sequences (score includes all domains):
   --- full sequence ---   --- best 1 domain ---    -#dom-
    E-value  score  bias    E-value  score  bias    exp  N  Sequence                 Description
    ------- ------ -----    ------- ------ -----   ---- --  --------                 -----------
      8e-91  301.9   8.7    9.9e-91  301.6   8.7    1.0  1  NZ_JAEMEB010000002.1_204  # 222096 # 223022 # -1 # ID=22_204;partial=00;start_type=ATG;rbs_motif=GGAG/GAGG;rbs_spacer=5-10bp;gc_cont=0.563


Domain annotation for each sequence:
>> NZ_JAEMEB010000002.1_204  # 222096 # 223022 # -1 # ID=22_204;partial=00;start_type=ATG;rbs_motif=GGAG/GAGG;rbs_spacer=5-10bp;gc_cont=0.563
   #    score  bias  c-Evalue  i-Evalue hmmfrom  hmm to    alifrom  ali to    envfrom  env to     acc
 ---   ------ ----- --------- --------- ------- -------    ------- -------    ------- -------    ----
   1 !  301.6   8.7   2.7e-94   9.9e-91       2     290 ..       1     304 [.       1     306 [. 0.92



Internal pipeline statistics summary:
-------------------------------------
Query model(s):                            1  (293 nodes)
Target sequences:                       3623  (1111147 residues searched)
Passed MSV filter:                        93  (0.0256693); expected 72.5 (0.02)
Passed bias filter:                       66  (0.0182169); expected 72.5 (0.02)
Passed Vit filter:                        12  (0.00331217); expected 3.6 (0.001)
Passed Fwd filter:                         1  (0.000276014); expected 0.0 (1e-05)
Initial search space (Z):               3623  [actual number of targets]
Domain search space  (domZ):               1  [number of targets reported over threshold]
# CPU time: 0.02u 0.00s 00:00:00.02 Elapsed: 00:00:00.02
# Mc/sec: 12264.23
//
Query:       TIGR00134  [M=622]
Accession:   TIGR00134
Description: gatE_arch: glutamyl-tRNA(Gln) amidotransferase, subunit E
Scores for complete sequences (score includes all domains):
   --- full sequence ---   --- best 1 domain ---    -#dom-
    E-value  score  bias    E-value  score  bias    exp  N  Sequence Description
    ------- ------ -----    ------- ------ -----   ---- --  -------- -----------

   [No hits detected that satisfy reporting thresholds]


Domain annotation for each sequence:

   [No targets detected that satisfy reporting thresholds]


Internal pipeline statistics summary:
-------------------------------------
Query model(s):                            1  (622 nodes)
Target sequences:                       3623  (1111147 residues searched)
Passed MSV filter:                       117  (0.0322937); expected 72.5 (0.02)
Passed bias filter:                       69  (0.019045); expected 72.5 (0.02)
Passed Vit filter:                         5  (0.00138007); expected 3.6 (0.001)
Passed Fwd filter:                         1  (0.000276014); expected 0.0 (1e-05)
Initial search space (Z):               3623  [actual number of targets]
Domain search space  (domZ):               0  [number of targets reported over threshold]
# CPU time: 0.05u 0.00s 00:00:00.05 Elapsed: 00:00:00.05
# Mc/sec: 12986.84
//
Query:       TIGR00138  [M=183]
Accession:   TIGR00138
Description: rsmG_gidB: 16S rRNA (guanine(527)-N(7))-methyltransferase RsmG
Scores for complete sequences (score includes all domains):
   --- full sequence ---   --- best 1 domain ---    -#dom-
    E-value  score  bias    E-value  score  bias    exp  N  Sequence                Description
    ------- ------ -----    ------- ------ -----   ---- --  --------                -----------
    9.7e-39  130.6   0.0    1.2e-38  130.3   0.0    1.1  1  NZ_JAEMEB010000015.1_63  # 52886 # 53533 # 1 # ID=6_63;partial=00;start_type=ATG;rbs_motif=AGxAGG/AGGxGG;rbs_spacer=3-4bp;gc_cont=0.492


Domain annotation for each sequence:
>> NZ_JAEMEB010000015.1_63  # 52886 # 53533 # 1 # ID=6_63;partial=00;start_type=ATG;rbs_motif=AGxAGG/AGGxGG;rbs_spacer=3-4bp;gc_cont=0.492
   #    score  bias  c-Evalue  i-Evalue hmmfrom  hmm to    alifrom  ali to    envfrom  env to     acc
 ---   ------ ----- --------- --------- ------- -------    ------- -------    ------- -------    ----
   1 !  130.3   0.0   3.3e-42   1.2e-38       2     160 ..      26     187 ..      25     200 .. 0.92



Internal pipeline statistics summary:
-------------------------------------
Query model(s):                            1  (183 nodes)
Target sequences:                       3623  (1111147 residues searched)
Passed MSV filter:                        72  (0.019873); expected 72.5 (0.02)
Passed bias filter:                       72  (0.019873); expected 72.5 (0.02)
Passed Vit filter:                        14  (0.0038642); expected 3.6 (0.001)
Passed Fwd filter:                         2  (0.000552029); expected 0.0 (1e-05)
Initial search space (Z):               3623  [actual number of targets]
Domain search space  (domZ):               1  [number of targets reported over threshold]
# CPU time: 0.02u 0.00s 00:00:00.02 Elapsed: 00:00:00.01
# Mc/sec: 10660.69
//
Query:       TIGR00158  [M=148]
Accession:   TIGR00158
Description: L9: ribosomal protein bL9
Scores for complete sequences (score includes all domains):
   --- full sequence ---   --- best 1 domain ---    -#dom-
    E-value  score  bias    E-value  score  bias    exp  N  Sequence                Description
    ------- ------ -----    ------- ------ -----   ---- --  --------                -----------
    2.3e-38  129.7   0.1    3.1e-38  129.2   0.1    1.2  1  NZ_JAEMEB010000018.1_29  # 30315 # 30881 # -1 # ID=9_29;partial=00;start_type=ATG;rbs_motif=AGGA;rbs_spacer=5-10bp;gc_cont=0.582


Domain annotation for each sequence:
>> NZ_JAEMEB010000018.1_29  # 30315 # 30881 # -1 # ID=9_29;partial=00;start_type=ATG;rbs_motif=AGGA;rbs_spacer=5-10bp;gc_cont=0.582
   #    score  bias  c-Evalue  i-Evalue hmmfrom  hmm to    alifrom  ali to    envfrom  env to     acc
 ---   ------ ----- --------- --------- ------- -------    ------- -------    ------- -------    ----
   1 !  129.2   0.1   8.5e-42   3.1e-38       1     146 [.       1     145 [.       1     147 [. 0.99



Internal pipeline statistics summary:
-------------------------------------
Query model(s):                            1  (148 nodes)
Target sequences:                       3623  (1111147 residues searched)
Passed MSV filter:                        69  (0.019045); expected 72.5 (0.02)
Passed bias filter:                       59  (0.0162848); expected 72.5 (0.02)
Passed Vit filter:                         5  (0.00138007); expected 3.6 (0.001)
Passed Fwd filter:                         1  (0.000276014); expected 0.0 (1e-05)
Initial search space (Z):               3623  [actual number of targets]
Domain search space  (domZ):               1  [number of targets reported over threshold]
# CPU time: 0.02u 0.00s 00:00:00.02 Elapsed: 00:00:00.03
# Mc/sec: 4551.50
//
Query:       TIGR00166  [M=95]
Accession:   TIGR00166
Description: S6: ribosomal protein bS6
Scores for complete sequences (score includes all domains):
   --- full sequence ---   --- best 1 domain ---    -#dom-
    E-value  score  bias    E-value  score  bias    exp  N  Sequence                Description
    ------- ------ -----    ------- ------ -----   ---- --  --------                -----------
    5.2e-25   85.2   0.5    6.3e-25   84.9   0.5    1.1  1  NZ_JAEMEB010000018.1_31  # 31253 # 31651 # -1 # ID=9_31;partial=00;start_type=ATG;rbs_motif=AGGA;rbs_spacer=5-10bp;gc_cont=0.576


Domain annotation for each sequence:
>> NZ_JAEMEB010000018.1_31  # 31253 # 31651 # -1 # ID=9_31;partial=00;start_type=ATG;rbs_motif=AGGA;rbs_spacer=5-10bp;gc_cont=0.576
   #    score  bias  c-Evalue  i-Evalue hmmfrom  hmm to    alifrom  ali to    envfrom  env to     acc
 ---   ------ ----- --------- --------- ------- -------    ------- -------    ------- -------    ----
   1 !   84.9   0.5   1.7e-28   6.3e-25       1      94 [.       1      94 [.       1      95 [. 0.97



Internal pipeline statistics summary:
-------------------------------------
Query model(s):                            1  (95 nodes)
Target sequences:                       3623  (1111147 residues searched)
Passed MSV filter:                        72  (0.019873); expected 72.5 (0.02)
Passed bias filter:                       68  (0.018769); expected 72.5 (0.02)
Passed Vit filter:                         5  (0.00138007); expected 3.6 (0.001)
Passed Fwd filter:                         1  (0.000276014); expected 0.0 (1e-05)
Initial search space (Z):               3623  [actual number of targets]
Domain search space  (domZ):               1  [number of targets reported over threshold]
# CPU time: 0.02u 0.00s 00:00:00.02 Elapsed: 00:00:00.03
# Mc/sec: 3314.82
//
Query:       TIGR00168  [M=165]
Accession:   TIGR00168
Description: infC: translation initiation factor IF-3
Scores for complete sequences (score includes all domains):
   --- full sequence ---   --- best 1 domain ---    -#dom-
    E-value  score  bias    E-value  score  bias    exp  N  Sequence                 Description
    ------- ------ -----    ------- ------ -----   ---- --  --------                 -----------
    1.6e-62  207.7   3.8    1.8e-62  207.5   3.8    1.0  1  NZ_JAEMEB010000005.1_127  # 138783 # 139307 # -1 # ID=34_127;partial=00;start_type=ATG;rbs_motif=None;rbs_spacer=None;gc_cont=0.562


Domain annotation for each sequence:
>> NZ_JAEMEB010000005.1_127  # 138783 # 139307 # -1 # ID=34_127;partial=00;start_type=ATG;rbs_motif=None;rbs_spacer=None;gc_cont=0.562
   #    score  bias  c-Evalue  i-Evalue hmmfrom  hmm to    alifrom  ali to    envfrom  env to     acc
 ---   ------ ----- --------- --------- ------- -------    ------- -------    ------- -------    ----
   1 !  207.5   3.8   4.9e-66   1.8e-62       2     163 ..      14     174 ..      13     174 .. 0.99



Internal pipeline statistics summary:
-------------------------------------
Query model(s):                            1  (165 nodes)
Target sequences:                       3623  (1111147 residues searched)
Passed MSV filter:                        76  (0.0209771); expected 72.5 (0.02)
Passed bias filter:                       64  (0.0176649); expected 72.5 (0.02)
Passed Vit filter:                         6  (0.00165609); expected 3.6 (0.001)
Passed Fwd filter:                         1  (0.000276014); expected 0.0 (1e-05)
Initial search space (Z):               3623  [actual number of targets]
Domain search space  (domZ):               1  [number of targets reported over threshold]
# CPU time: 0.01u 0.00s 00:00:00.01 Elapsed: 00:00:00.02
# Mc/sec: 8282.29
//
Query:       TIGR00186  [M=240]
Accession:   TIGR00186
Description: rRNA_methyl_3: RNA methyltransferase, TrmH family, group 3
Scores for complete sequences (score includes all domains):
   --- full sequence ---   --- best 1 domain ---    -#dom-
    E-value  score  bias    E-value  score  bias    exp  N  Sequence                 Description
    ------- ------ -----    ------- ------ -----   ---- --  --------                 -----------
    3.1e-54  181.6   0.0    3.7e-54  181.4   0.0    1.0  1  NZ_JAEMEB010000001.1_271  # 281086 # 281838 # 1 # ID=11_271;partial=00;start_type=ATG;rbs_motif=None;rbs_spacer=None;gc_cont=0.591


Domain annotation for each sequence:
>> NZ_JAEMEB010000001.1_271  # 281086 # 281838 # 1 # ID=11_271;partial=00;start_type=ATG;rbs_motif=None;rbs_spacer=None;gc_cont=0.591
   #    score  bias  c-Evalue  i-Evalue hmmfrom  hmm to    alifrom  ali to    envfrom  env to     acc
 ---   ------ ----- --------- --------- ------- -------    ------- -------    ------- -------    ----
   1 !  181.4   0.0     1e-57   3.7e-54       4     237 ..      20     246 ..      18     249 .. 0.93



Internal pipeline statistics summary:
-------------------------------------
Query model(s):                            1  (240 nodes)
Target sequences:                       3623  (1111147 residues searched)
Passed MSV filter:                        73  (0.020149); expected 72.5 (0.02)
Passed bias filter:                       60  (0.0165609); expected 72.5 (0.02)
Passed Vit filter:                         9  (0.00248413); expected 3.6 (0.001)
Passed Fwd filter:                         4  (0.00110406); expected 0.0 (1e-05)
Initial search space (Z):               3623  [actual number of targets]
Domain search space  (domZ):               1  [number of targets reported over threshold]
# CPU time: 0.03u 0.00s 00:00:00.03 Elapsed: 00:00:00.02
# Mc/sec: 10003.85
//
Query:       TIGR00194  [M=574]
Accession:   TIGR00194
Description: uvrC: excinuclease ABC subunit C
Scores for complete sequences (score includes all domains):
   --- full sequence ---   --- best 1 domain ---    -#dom-
    E-value  score  bias    E-value  score  bias    exp  N  Sequence                Description
    ------- ------ -----    ------- ------ -----   ---- --  --------                -----------
   1.2e-163  543.5   0.0   1.4e-163  543.3   0.0    1.0  1  NZ_JAEMEB010000007.1_14  # 10854 # 12731 # 1 # ID=36_14;partial=00;start_type=ATG;rbs_motif=None;rbs_spacer=None;gc_cont=0.595


Domain annotation for each sequence:
>> NZ_JAEMEB010000007.1_14  # 10854 # 12731 # 1 # ID=36_14;partial=00;start_type=ATG;rbs_motif=None;rbs_spacer=None;gc_cont=0.595
   #    score  bias  c-Evalue  i-Evalue hmmfrom  hmm to    alifrom  ali to    envfrom  env to     acc
 ---   ------ ----- --------- --------- ------- -------    ------- -------    ------- -------    ----
   1 !  543.3   0.0  3.9e-167  1.4e-163       3     573 ..      16     602 ..      14     603 .. 0.94



Internal pipeline statistics summary:
-------------------------------------
Query model(s):                            1  (574 nodes)
Target sequences:                       3623  (1111147 residues searched)
Passed MSV filter:                        60  (0.0165609); expected 72.5 (0.02)
Passed bias filter:                       47  (0.0129727); expected 72.5 (0.02)
Passed Vit filter:                         6  (0.00165609); expected 3.6 (0.001)
Passed Fwd filter:                         3  (0.000828043); expected 0.0 (1e-05)
Initial search space (Z):               3623  [actual number of targets]
Domain search space  (domZ):               1  [number of targets reported over threshold]
# CPU time: 0.05u 0.00s 00:00:00.05 Elapsed: 00:00:00.05
# Mc/sec: 10916.22
//
Query:       TIGR00250  [M=130]
Accession:   TIGR00250
Description: RNAse_H_YqgF: putative transcription antitermination factor YqgF
Scores for complete sequences (score includes all domains):
   --- full sequence ---   --- best 1 domain ---    -#dom-
    E-value  score  bias    E-value  score  bias    exp  N  Sequence                Description
    ------- ------ -----    ------- ------ -----   ---- --  --------                -----------
    1.6e-38  129.4   0.0    1.8e-38  129.3   0.0    1.0  1  NZ_JAEMEB010000002.1_66  # 73253 # 73711 # -1 # ID=22_66;partial=00;start_type=GTG;rbs_motif=GGA/GAG/AGG;rbs_spacer=5-10bp;gc_cont=0.584


Domain annotation for each sequence:
>> NZ_JAEMEB010000002.1_66  # 73253 # 73711 # -1 # ID=22_66;partial=00;start_type=GTG;rbs_motif=GGA/GAG/AGG;rbs_spacer=5-10bp;gc_cont=0.584
   #    score  bias  c-Evalue  i-Evalue hmmfrom  hmm to    alifrom  ali to    envfrom  env to     acc
 ---   ------ ----- --------- --------- ------- -------    ------- -------    ------- -------    ----
   1 !  129.3   0.0   4.8e-42   1.8e-38       1     130 []      18     147 ..      18     147 .. 0.99



Internal pipeline statistics summary:
-------------------------------------
Query model(s):                            1  (130 nodes)
Target sequences:                       3623  (1111147 residues searched)
Passed MSV filter:                        94  (0.0259453); expected 72.5 (0.02)
Passed bias filter:                       77  (0.0212531); expected 72.5 (0.02)
Passed Vit filter:                         8  (0.00220811); expected 3.6 (0.001)
Passed Fwd filter:                         2  (0.000552029); expected 0.0 (1e-05)
Initial search space (Z):               3623  [actual number of targets]
Domain search space  (domZ):               1  [number of targets reported over threshold]
# CPU time: 0.01u 0.01s 00:00:00.02 Elapsed: 00:00:00.02
# Mc/sec: 7121.33
//
Query:       TIGR00279  [M=172]
Accession:   TIGR00279
Description: uL16_euk_arch: ribosomal protein uL16
Scores for complete sequences (score includes all domains):
   --- full sequence ---   --- best 1 domain ---    -#dom-
    E-value  score  bias    E-value  score  bias    exp  N  Sequence Description
    ------- ------ -----    ------- ------ -----   ---- --  -------- -----------

   [No hits detected that satisfy reporting thresholds]


Domain annotation for each sequence:

   [No targets detected that satisfy reporting thresholds]


Internal pipeline statistics summary:
-------------------------------------
Query model(s):                            1  (172 nodes)
Target sequences:                       3623  (1111147 residues searched)
Passed MSV filter:                        76  (0.0209771); expected 72.5 (0.02)
Passed bias filter:                       64  (0.0176649); expected 72.5 (0.02)
Passed Vit filter:                         6  (0.00165609); expected 3.6 (0.001)
Passed Fwd filter:                         1  (0.000276014); expected 0.0 (1e-05)
Initial search space (Z):               3623  [actual number of targets]
Domain search space  (domZ):               0  [number of targets reported over threshold]
# CPU time: 0.02u 0.00s 00:00:00.02 Elapsed: 00:00:00.02
# Mc/sec: 7139.19
//
Query:       TIGR00291  [M=231]
Accession:   TIGR00291
Description: RNA_SBDS: rRNA metabolism protein, SBDS family
Scores for complete sequences (score includes all domains):
   --- full sequence ---   --- best 1 domain ---    -#dom-
    E-value  score  bias    E-value  score  bias    exp  N  Sequence Description
    ------- ------ -----    ------- ------ -----   ---- --  -------- -----------

   [No hits detected that satisfy reporting thresholds]


Domain annotation for each sequence:

   [No targets detected that satisfy reporting thresholds]


Internal pipeline statistics summary:
-------------------------------------
Query model(s):                            1  (231 nodes)
Target sequences:                       3623  (1111147 residues searched)
Passed MSV filter:                        60  (0.0165609); expected 72.5 (0.02)
Passed bias filter:                       51  (0.0140767); expected 72.5 (0.02)
Passed Vit filter:                         6  (0.00165609); expected 3.6 (0.001)
Passed Fwd filter:                         0  (0); expected 0.0 (1e-05)
Initial search space (Z):               3623  [actual number of targets]
Domain search space  (domZ):               0  [number of targets reported over threshold]
# CPU time: 0.03u 0.00s 00:00:00.03 Elapsed: 00:00:00.02
# Mc/sec: 9524.61
//
Query:       TIGR00323  [M=215]
Accession:   TIGR00323
Description: eIF-6: putative translation initiation factor eIF-6
Scores for complete sequences (score includes all domains):
   --- full sequence ---   --- best 1 domain ---    -#dom-
    E-value  score  bias    E-value  score  bias    exp  N  Sequence Description
    ------- ------ -----    ------- ------ -----   ---- --  -------- -----------

   [No hits detected that satisfy reporting thresholds]


Domain annotation for each sequence:

   [No targets detected that satisfy reporting thresholds]


Internal pipeline statistics summary:
-------------------------------------
Query model(s):                            1  (215 nodes)
Target sequences:                       3623  (1111147 residues searched)
Passed MSV filter:                       123  (0.0339498); expected 72.5 (0.02)
Passed bias filter:                       86  (0.0237372); expected 72.5 (0.02)
Passed Vit filter:                         7  (0.0019321); expected 3.6 (0.001)
Passed Fwd filter:                         0  (0); expected 0.0 (1e-05)
Initial search space (Z):               3623  [actual number of targets]
Domain search space  (domZ):               0  [number of targets reported over threshold]
# CPU time: 0.01u 0.00s 00:00:00.01 Elapsed: 00:00:00.01
# Mc/sec: 13042.92
//
Query:       TIGR00335  [M=324]
Accession:   TIGR00335
Description: primase_sml: putative DNA primase, eukaryotic-type, small subunit
Scores for complete sequences (score includes all domains):
   --- full sequence ---   --- best 1 domain ---    -#dom-
    E-value  score  bias    E-value  score  bias    exp  N  Sequence Description
    ------- ------ -----    ------- ------ -----   ---- --  -------- -----------

   [No hits detected that satisfy reporting thresholds]


Domain annotation for each sequence:

   [No targets detected that satisfy reporting thresholds]


Internal pipeline statistics summary:
-------------------------------------
Query model(s):                            1  (324 nodes)
Target sequences:                       3623  (1111147 residues searched)
Passed MSV filter:                        61  (0.0168369); expected 72.5 (0.02)
Passed bias filter:                       47  (0.0129727); expected 72.5 (0.02)
Passed Vit filter:                         3  (0.000828043); expected 3.6 (0.001)
Passed Fwd filter:                         0  (0); expected 0.0 (1e-05)
Initial search space (Z):               3623  [actual number of targets]
Domain search space  (domZ):               0  [number of targets reported over threshold]
# CPU time: 0.03u 0.00s 00:00:00.03 Elapsed: 00:00:00.02
# Mc/sec: 13329.55
//
Query:       TIGR00337  [M=526]
Accession:   TIGR00337
Description: PyrG: CTP synthase
Scores for complete sequences (score includes all domains):
   --- full sequence ---   --- best 1 domain ---    -#dom-
    E-value  score  bias    E-value  score  bias    exp  N  Sequence                 Description
    ------- ------ -----    ------- ------ -----   ---- --  --------                 -----------
   3.4e-221  733.0   0.0   3.9e-221  732.9   0.0    1.0  1  NZ_JAEMEB010000002.1_160  # 175844 # 177472 # -1 # ID=22_160;partial=00;start_type=ATG;rbs_motif=None;rbs_spacer=None;gc_cont=0.571


Domain annotation for each sequence:
>> NZ_JAEMEB010000002.1_160  # 175844 # 177472 # -1 # ID=22_160;partial=00;start_type=ATG;rbs_motif=None;rbs_spacer=None;gc_cont=0.571
   #    score  bias  c-Evalue  i-Evalue hmmfrom  hmm to    alifrom  ali to    envfrom  env to     acc
 ---   ------ ----- --------- --------- ------- -------    ------- -------    ------- -------    ----
   1 !  732.9   0.0  1.1e-224  3.9e-221       3     526 .]       2     534 ..       1     534 [. 0.99



Internal pipeline statistics summary:
-------------------------------------
Query model(s):                            1  (526 nodes)
Target sequences:                       3623  (1111147 residues searched)
Passed MSV filter:                       107  (0.0295335); expected 72.5 (0.02)
Passed bias filter:                      102  (0.0281535); expected 72.5 (0.02)
Passed Vit filter:                        13  (0.00358819); expected 3.6 (0.001)
Passed Fwd filter:                         5  (0.00138007); expected 0.0 (1e-05)
Initial search space (Z):               3623  [actual number of targets]
Domain search space  (domZ):               1  [number of targets reported over threshold]
# CPU time: 0.05u 0.01s 00:00:00.06 Elapsed: 00:00:00.05
# Mc/sec: 11486.56
//
Query:       TIGR00344  [M=847]
Accession:   TIGR00344
Description: alaS: alanine--tRNA ligase
Scores for complete sequences (score includes all domains):
   --- full sequence ---   --- best 1 domain ---    -#dom-
    E-value  score  bias    E-value  score  bias    exp  N  Sequence                Description
    ------- ------ -----    ------- ------ -----   ---- --  --------                -----------
   1.5e-293  973.8   0.0   1.8e-293  973.6   0.0    1.0  1  NZ_JAEMEB010000003.1_28  # 23654 # 26293 # -1 # ID=32_28;partial=00;start_type=ATG;rbs_motif=None;rbs_spacer=None;gc_cont=0.577


Domain annotation for each sequence:
>> NZ_JAEMEB010000003.1_28  # 23654 # 26293 # -1 # ID=32_28;partial=00;start_type=ATG;rbs_motif=None;rbs_spacer=None;gc_cont=0.577
   #    score  bias  c-Evalue  i-Evalue hmmfrom  hmm to    alifrom  ali to    envfrom  env to     acc
 ---   ------ ----- --------- --------- ------- -------    ------- -------    ------- -------    ----
   1 !  973.6   0.0  4.9e-297  1.8e-293       2     847 .]       7     862 ..       6     862 .. 0.97



Internal pipeline statistics summary:
-------------------------------------
Query model(s):                            1  (847 nodes)
Target sequences:                       3623  (1111147 residues searched)
Passed MSV filter:                       103  (0.0284295); expected 72.5 (0.02)
Passed bias filter:                       76  (0.0209771); expected 72.5 (0.02)
Passed Vit filter:                        13  (0.00358819); expected 3.6 (0.001)
Passed Fwd filter:                         2  (0.000552029); expected 0.0 (1e-05)
Initial search space (Z):               3623  [actual number of targets]
Domain search space  (domZ):               1  [number of targets reported over threshold]
# CPU time: 0.08u 0.01s 00:00:00.09 Elapsed: 00:00:00.09
# Mc/sec: 10088.16
//
Query:       TIGR00362  [M=437]
Accession:   TIGR00362
Description: DnaA: chromosomal replication initiator protein DnaA
Scores for complete sequences (score includes all domains):
   --- full sequence ---   --- best 1 domain ---    -#dom-
    E-value  score  bias    E-value  score  bias    exp  N  Sequence                 Description
    ------- ------ -----    ------- ------ -----   ---- --  --------                 -----------
   1.2e-137  457.2   0.0   1.4e-137  457.0   0.0    1.0  1  NZ_JAEMEB010000005.1_136  # 146772 # 148244 # 1 # ID=34_136;partial=00;start_type=ATG;rbs_motif=AGxAGG/AGGxGG;rbs_spacer=5-10bp;gc_cont=0.570


Domain annotation for each sequence:
>> NZ_JAEMEB010000005.1_136  # 146772 # 148244 # 1 # ID=34_136;partial=00;start_type=ATG;rbs_motif=AGxAGG/AGGxGG;rbs_spacer=5-10bp;gc_cont=0.570
   #    score  bias  c-Evalue  i-Evalue hmmfrom  hmm to    alifrom  ali to    envfrom  env to     acc
 ---   ------ ----- --------- --------- ------- -------    ------- -------    ------- -------    ----
   1 !  457.0   0.0  3.8e-141  1.4e-137       1     437 []      15     488 ..      15     488 .. 0.90



Internal pipeline statistics summary:
-------------------------------------
Query model(s):                            1  (437 nodes)
Target sequences:                       3623  (1111147 residues searched)
Passed MSV filter:                       163  (0.0449903); expected 72.5 (0.02)
Passed bias filter:                      136  (0.037538); expected 72.5 (0.02)
Passed Vit filter:                        36  (0.00993652); expected 3.6 (0.001)
Passed Fwd filter:                         6  (0.00165609); expected 0.0 (1e-05)
Initial search space (Z):               3623  [actual number of targets]
Domain search space  (domZ):               1  [number of targets reported over threshold]
# CPU time: 0.05u 0.00s 00:00:00.05 Elapsed: 00:00:00.06
# Mc/sec: 7899.85
//
Query:       TIGR00373  [M=162]
Accession:   TIGR00373
Description: TIGR00373: transcription factor E
Scores for complete sequences (score includes all domains):
   --- full sequence ---   --- best 1 domain ---    -#dom-
    E-value  score  bias    E-value  score  bias    exp  N  Sequence Description
    ------- ------ -----    ------- ------ -----   ---- --  -------- -----------

   [No hits detected that satisfy reporting thresholds]


Domain annotation for each sequence:

   [No targets detected that satisfy reporting thresholds]


Internal pipeline statistics summary:
-------------------------------------
Query model(s):                            1  (162 nodes)
Target sequences:                       3623  (1111147 residues searched)
Passed MSV filter:                        90  (0.0248413); expected 72.5 (0.02)
Passed bias filter:                       86  (0.0237372); expected 72.5 (0.02)
Passed Vit filter:                        10  (0.00276014); expected 3.6 (0.001)
Passed Fwd filter:                         0  (0); expected 0.0 (1e-05)
Initial search space (Z):               3623  [actual number of targets]
Domain search space  (domZ):               0  [number of targets reported over threshold]
# CPU time: 0.02u 0.00s 00:00:00.02 Elapsed: 00:00:00.02
# Mc/sec: 7324.83
//
Query:       TIGR00382  [M=414]
Accession:   TIGR00382
Description: clpX: ATP-dependent Clp protease, ATP-binding subunit ClpX
Scores for complete sequences (score includes all domains):
   --- full sequence ---   --- best 1 domain ---    -#dom-
    E-value  score  bias    E-value  score  bias    exp  N  Sequence                Description
    ------- ------ -----    ------- ------ -----   ---- --  --------                -----------
   9.6e-201  664.8   0.6   1.2e-200  664.5   0.6    1.0  1  NZ_JAEMEB010000004.1_80  # 81993 # 83270 # 1 # ID=33_80;partial=00;start_type=ATG;rbs_motif=GGAG/GAGG;rbs_spacer=5-10bp;gc_cont=0.567


Domain annotation for each sequence:
>> NZ_JAEMEB010000004.1_80  # 81993 # 83270 # 1 # ID=33_80;partial=00;start_type=ATG;rbs_motif=GGAG/GAGG;rbs_spacer=5-10bp;gc_cont=0.567
   #    score  bias  c-Evalue  i-Evalue hmmfrom  hmm to    alifrom  ali to    envfrom  env to     acc
 ---   ------ ----- --------- --------- ------- -------    ------- -------    ------- -------    ----
   1 !  664.5   0.6  3.3e-204  1.2e-200       5     411 ..      11     408 ..       7     411 .. 0.96



Internal pipeline statistics summary:
-------------------------------------
Query model(s):                            1  (414 nodes)
Target sequences:                       3623  (1111147 residues searched)
Passed MSV filter:                       215  (0.0593431); expected 72.5 (0.02)
Passed bias filter:                      205  (0.0565829); expected 72.5 (0.02)
Passed Vit filter:                        56  (0.0154568); expected 3.6 (0.001)
Passed Fwd filter:                        10  (0.00276014); expected 0.0 (1e-05)
Initial search space (Z):               3623  [actual number of targets]
Domain search space  (domZ):               1  [number of targets reported over threshold]
# CPU time: 0.09u 0.00s 00:00:00.09 Elapsed: 00:00:00.08
# Mc/sec: 5426.56
//
Query:       TIGR00392  [M=861]
Accession:   TIGR00392
Description: ileS: isoleucine--tRNA ligase
Scores for complete sequences (score includes all domains):
   --- full sequence ---   --- best 1 domain ---    -#dom-
    E-value  score  bias    E-value  score  bias    exp  N  Sequence               Description
    ------- ------ -----    ------- ------ -----   ---- --  --------               -----------
     1e-247  822.2   0.0   1.3e-247  821.9   0.0    1.0  1  NZ_JAEMEB010000022.1_6  # 4730 # 7654 # -1 # ID=14_6;partial=00;start_type=ATG;rbs_motif=None;rbs_spacer=None;gc_cont=0.590


Domain annotation for each sequence:
>> NZ_JAEMEB010000022.1_6  # 4730 # 7654 # -1 # ID=14_6;partial=00;start_type=ATG;rbs_motif=None;rbs_spacer=None;gc_cont=0.590
   #    score  bias  c-Evalue  i-Evalue hmmfrom  hmm to    alifrom  ali to    envfrom  env to     acc
 ---   ------ ----- --------- --------- ------- -------    ------- -------    ------- -------    ----
   1 !  821.9   0.0  3.5e-251  1.3e-247       2     856 ..      24     879 ..      23     883 .. 0.94



Internal pipeline statistics summary:
-------------------------------------
Query model(s):                            1  (861 nodes)
Target sequences:                       3623  (1111147 residues searched)
Passed MSV filter:                        70  (0.019321); expected 72.5 (0.02)
Passed bias filter:                       67  (0.018493); expected 72.5 (0.02)
Passed Vit filter:                        12  (0.00331217); expected 3.6 (0.001)
Passed Fwd filter:                         7  (0.0019321); expected 0.0 (1e-05)
Initial search space (Z):               3623  [actual number of targets]
Domain search space  (domZ):               1  [number of targets reported over threshold]
# CPU time: 0.16u 0.02s 00:00:00.18 Elapsed: 00:00:00.18
# Mc/sec: 5149.81
//
Query:       TIGR00396  [M=843]
Accession:   TIGR00396
Description: leuS_bact: leucine--tRNA ligase
Scores for complete sequences (score includes all domains):
   --- full sequence ---   --- best 1 domain ---    -#dom-
    E-value  score  bias    E-value  score  bias    exp  N  Sequence                Description
    ------- ------ -----    ------- ------ -----   ---- --  --------                -----------
          0 1016.2   0.0          0 1016.0   0.0    1.0  1  NZ_JAEMEB010000015.1_67  # 56312 # 58918 # -1 # ID=6_67;partial=00;start_type=TTG;rbs_motif=AGGA;rbs_spacer=5-10bp;gc_cont=0.575


Domain annotation for each sequence:
>> NZ_JAEMEB010000015.1_67  # 56312 # 58918 # -1 # ID=6_67;partial=00;start_type=TTG;rbs_motif=AGGA;rbs_spacer=5-10bp;gc_cont=0.575
   #    score  bias  c-Evalue  i-Evalue hmmfrom  hmm to    alifrom  ali to    envfrom  env to     acc
 ---   ------ ----- --------- --------- ------- -------    ------- -------    ------- -------    ----
   1 ! 1016.0   0.0         0         0       1     842 [.       6     868 ..       6     868 .. 0.93



Internal pipeline statistics summary:
-------------------------------------
Query model(s):                            1  (843 nodes)
Target sequences:                       3623  (1111147 residues searched)
Passed MSV filter:                        80  (0.0220811); expected 72.5 (0.02)
Passed bias filter:                       73  (0.020149); expected 72.5 (0.02)
Passed Vit filter:                        13  (0.00358819); expected 3.6 (0.001)
Passed Fwd filter:                         5  (0.00138007); expected 0.0 (1e-05)
Initial search space (Z):               3623  [actual number of targets]
Domain search space  (domZ):               1  [number of targets reported over threshold]
# CPU time: 0.14u 0.01s 00:00:00.15 Elapsed: 00:00:00.14
# Mc/sec: 6641.45
//
Query:       TIGR00398  [M=530]
Accession:   TIGR00398
Description: metG: methionine--tRNA ligase
Scores for complete sequences (score includes all domains):
   --- full sequence ---   --- best 1 domain ---    -#dom-
    E-value  score  bias    E-value  score  bias    exp  N  Sequence                 Description
    ------- ------ -----    ------- ------ -----   ---- --  --------                 -----------
   2.6e-154  512.5   0.0   1.6e-107  358.1   0.0    2.0  1  NZ_JAEMEB010000002.1_146  # 159172 # 160719 # -1 # ID=22_146;partial=00;start_type=ATG;rbs_motif=GGA/GAG/AGG;rbs_spacer=5-10bp;gc_cont=0.559


Domain annotation for each sequence:
>> NZ_JAEMEB010000002.1_146  # 159172 # 160719 # -1 # ID=22_146;partial=00;start_type=ATG;rbs_motif=GGA/GAG/AGG;rbs_spacer=5-10bp;gc_cont=0.559
   #    score  bias  c-Evalue  i-Evalue hmmfrom  hmm to    alifrom  ali to    envfrom  env to     acc
 ---   ------ ----- --------- --------- ------- -------    ------- -------    ------- -------    ----
   1 !  358.1   0.0  4.5e-111  1.6e-107     172     517 ..     152     493 ..     145     510 .. 0.96



Internal pipeline statistics summary:
-------------------------------------
Query model(s):                            1  (530 nodes)
Target sequences:                       3623  (1111147 residues searched)
Passed MSV filter:                        49  (0.0135247); expected 72.5 (0.02)
Passed bias filter:                       47  (0.0129727); expected 72.5 (0.02)
Passed Vit filter:                        12  (0.00331217); expected 3.6 (0.001)
Passed Fwd filter:                         7  (0.0019321); expected 0.0 (1e-05)
Initial search space (Z):               3623  [actual number of targets]
Domain search space  (domZ):               1  [number of targets reported over threshold]
# CPU time: 0.08u 0.00s 00:00:00.08 Elapsed: 00:00:00.09
# Mc/sec: 5993.99
//
Query:       TIGR00405  [M=145]
Accession:   TIGR00405
Description: KOW_elon_Spt5: transcription elongation factor Spt5
Scores for complete sequences (score includes all domains):
   --- full sequence ---   --- best 1 domain ---    -#dom-
    E-value  score  bias    E-value  score  bias    exp  N  Sequence Description
    ------- ------ -----    ------- ------ -----   ---- --  -------- -----------

   [No hits detected that satisfy reporting thresholds]


Domain annotation for each sequence:

   [No targets detected that satisfy reporting thresholds]


Internal pipeline statistics summary:
-------------------------------------
Query model(s):                            1  (145 nodes)
Target sequences:                       3623  (1111147 residues searched)
Passed MSV filter:                        92  (0.0253933); expected 72.5 (0.02)
Passed bias filter:                       79  (0.0218051); expected 72.5 (0.02)
Passed Vit filter:                         6  (0.00165609); expected 3.6 (0.001)
Passed Fwd filter:                         1  (0.000276014); expected 0.0 (1e-05)
Initial search space (Z):               3623  [actual number of targets]
Domain search space  (domZ):               0  [number of targets reported over threshold]
# CPU time: 0.02u 0.01s 00:00:00.03 Elapsed: 00:00:00.04
# Mc/sec: 3540.83
//
Query:       TIGR00414  [M=418]
Accession:   TIGR00414
Description: serS: serine--tRNA ligase
Scores for complete sequences (score includes all domains):
   --- full sequence ---   --- best 1 domain ---    -#dom-
    E-value  score  bias    E-value  score  bias    exp  N  Sequence                 Description
    ------- ------ -----    ------- ------ -----   ---- --  --------                 -----------
   1.8e-154  512.4   0.0     2e-154  512.3   0.0    1.0  1  NZ_JAEMEB010000004.1_232  # 213649 # 214971 # 1 # ID=33_232;partial=00;start_type=ATG;rbs_motif=None;rbs_spacer=None;gc_cont=0.569


Domain annotation for each sequence:
>> NZ_JAEMEB010000004.1_232  # 213649 # 214971 # 1 # ID=33_232;partial=00;start_type=ATG;rbs_motif=None;rbs_spacer=None;gc_cont=0.569
   #    score  bias  c-Evalue  i-Evalue hmmfrom  hmm to    alifrom  ali to    envfrom  env to     acc
 ---   ------ ----- --------- --------- ------- -------    ------- -------    ------- -------    ----
   1 !  512.3   0.0  5.5e-158    2e-154       1     418 []       1     432 [.       1     432 [. 0.97



Internal pipeline statistics summary:
-------------------------------------
Query model(s):                            1  (418 nodes)
Target sequences:                       3623  (1111147 residues searched)
Passed MSV filter:                        95  (0.0262214); expected 72.5 (0.02)
Passed bias filter:                       72  (0.019873); expected 72.5 (0.02)
Passed Vit filter:                         7  (0.0019321); expected 3.6 (0.001)
Passed Fwd filter:                         3  (0.000828043); expected 0.0 (1e-05)
Initial search space (Z):               3623  [actual number of targets]
Domain search space  (domZ):               1  [number of targets reported over threshold]
# CPU time: 0.04u 0.00s 00:00:00.04 Elapsed: 00:00:00.06
# Mc/sec: 6786.84
//
Query:       TIGR00416  [M=454]
Accession:   TIGR00416
Description: sms: DNA repair protein RadA
Scores for complete sequences (score includes all domains):
   --- full sequence ---   --- best 1 domain ---    -#dom-
    E-value  score  bias    E-value  score  bias    exp  N  Sequence                Description
    ------- ------ -----    ------- ------ -----   ---- --  --------                -----------
   1.2e-167  555.9   0.3   1.4e-167  555.7   0.3    1.0  1  NZ_JAEMEB010000018.1_26  # 25816 # 27348 # -1 # ID=9_26;partial=00;start_type=TTG;rbs_motif=AGxAGG/AGGxGG;rbs_spacer=5-10bp;gc_cont=0.611


Domain annotation for each sequence:
>> NZ_JAEMEB010000018.1_26  # 25816 # 27348 # -1 # ID=9_26;partial=00;start_type=TTG;rbs_motif=AGxAGG/AGGxGG;rbs_spacer=5-10bp;gc_cont=0.611
   #    score  bias  c-Evalue  i-Evalue hmmfrom  hmm to    alifrom  ali to    envfrom  env to     acc
 ---   ------ ----- --------- --------- ------- -------    ------- -------    ------- -------    ----
   1 !  555.7   0.3  3.9e-171  1.4e-167       1     453 [.      43     490 ..      43     491 .. 0.94



Internal pipeline statistics summary:
-------------------------------------
Query model(s):                            1  (454 nodes)
Target sequences:                       3623  (1111147 residues searched)
Passed MSV filter:                       181  (0.0499586); expected 72.5 (0.02)
Passed bias filter:                      168  (0.0463704); expected 72.5 (0.02)
Passed Vit filter:                        38  (0.0104885); expected 3.6 (0.001)
Passed Fwd filter:                         9  (0.00248413); expected 0.0 (1e-05)
Initial search space (Z):               3623  [actual number of targets]
Domain search space  (domZ):               1  [number of targets reported over threshold]
# CPU time: 0.07u 0.00s 00:00:00.07 Elapsed: 00:00:00.07
# Mc/sec: 6650.66
//
Query:       TIGR00420  [M=351]
Accession:   TIGR00420
Description: trmU: tRNA (5-methylaminomethyl-2-thiouridylate)-methyltransferase
Scores for complete sequences (score includes all domains):
   --- full sequence ---   --- best 1 domain ---    -#dom-
    E-value  score  bias    E-value  score  bias    exp  N  Sequence               Description
    ------- ------ -----    ------- ------ -----   ---- --  --------               -----------
    6.1e-99  328.8   0.0      7e-99  328.6   0.0    1.0  1  NZ_JAEMEB010000016.1_8  # 4969 # 6120 # -1 # ID=7_8;partial=00;start_type=ATG;rbs_motif=GGA/GAG/AGG;rbs_spacer=11-12bp;gc_cont=0.593


Domain annotation for each sequence:
>> NZ_JAEMEB010000016.1_8  # 4969 # 6120 # -1 # ID=7_8;partial=00;start_type=ATG;rbs_motif=GGA/GAG/AGG;rbs_spacer=11-12bp;gc_cont=0.593
   #    score  bias  c-Evalue  i-Evalue hmmfrom  hmm to    alifrom  ali to    envfrom  env to     acc
 ---   ------ ----- --------- --------- ------- -------    ------- -------    ------- -------    ----
   1 !  328.6   0.0  1.9e-102     7e-99       2     351 .]      15     373 ..      14     373 .. 0.93



Internal pipeline statistics summary:
-------------------------------------
Query model(s):                            1  (351 nodes)
Target sequences:                       3623  (1111147 residues searched)
Passed MSV filter:                        52  (0.0143527); expected 72.5 (0.02)
Passed bias filter:                       49  (0.0135247); expected 72.5 (0.02)
Passed Vit filter:                        11  (0.00303616); expected 3.6 (0.001)
Passed Fwd filter:                         3  (0.000828043); expected 0.0 (1e-05)
Initial search space (Z):               3623  [actual number of targets]
Domain search space  (domZ):               1  [number of targets reported over threshold]
# CPU time: 0.03u 0.00s 00:00:00.03 Elapsed: 00:00:00.03
# Mc/sec: 10041.46
//
Query:       TIGR00431  [M=210]
Accession:   TIGR00431
Description: TruB: tRNA pseudouridine(55) synthase
Scores for complete sequences (score includes all domains):
   --- full sequence ---   --- best 1 domain ---    -#dom-
    E-value  score  bias    E-value  score  bias    exp  N  Sequence                 Description
    ------- ------ -----    ------- ------ -----   ---- --  --------                 -----------
    1.1e-64  215.6   0.0    1.4e-64  215.4   0.0    1.1  1  NZ_JAEMEB010000005.1_167  # 179413 # 180321 # 1 # ID=34_167;partial=00;start_type=TTG;rbs_motif=None;rbs_spacer=None;gc_cont=0.602


Domain annotation for each sequence:
>> NZ_JAEMEB010000005.1_167  # 179413 # 180321 # 1 # ID=34_167;partial=00;start_type=TTG;rbs_motif=None;rbs_spacer=None;gc_cont=0.602
   #    score  bias  c-Evalue  i-Evalue hmmfrom  hmm to    alifrom  ali to    envfrom  env to     acc
 ---   ------ ----- --------- --------- ------- -------    ------- -------    ------- -------    ----
   1 !  215.4   0.0   3.7e-68   1.4e-64       2     210 .]      12     219 ..      11     219 .. 0.98



Internal pipeline statistics summary:
-------------------------------------
Query model(s):                            1  (210 nodes)
Target sequences:                       3623  (1111147 residues searched)
Passed MSV filter:                        80  (0.0220811); expected 72.5 (0.02)
Passed bias filter:                       74  (0.0204251); expected 72.5 (0.02)
Passed Vit filter:                         7  (0.0019321); expected 3.6 (0.001)
Passed Fwd filter:                         1  (0.000276014); expected 0.0 (1e-05)
Initial search space (Z):               3623  [actual number of targets]
Domain search space  (domZ):               1  [number of targets reported over threshold]
# CPU time: 0.02u 0.00s 00:00:00.02 Elapsed: 00:00:00.02
# Mc/sec: 8525.04
//
Query:       TIGR00435  [M=466]
Accession:   TIGR00435
Description: cysS: cysteine--tRNA ligase
Scores for complete sequences (score includes all domains):
   --- full sequence ---   --- best 1 domain ---    -#dom-
    E-value  score  bias    E-value  score  bias    exp  N  Sequence                Description
    ------- ------ -----    ------- ------ -----   ---- --  --------                -----------
   3.5e-137  455.9   0.0   7.7e-137  454.8   0.0    1.5  1  NZ_JAEMEB010000006.1_55  # 63323 # 64762 # 1 # ID=35_55;partial=00;start_type=ATG;rbs_motif=AGGA;rbs_spacer=5-10bp;gc_cont=0.559


Domain annotation for each sequence:
>> NZ_JAEMEB010000006.1_55  # 63323 # 64762 # 1 # ID=35_55;partial=00;start_type=ATG;rbs_motif=AGGA;rbs_spacer=5-10bp;gc_cont=0.559
   #    score  bias  c-Evalue  i-Evalue hmmfrom  hmm to    alifrom  ali to    envfrom  env to     acc
 ---   ------ ----- --------- --------- ------- -------    ------- -------    ------- -------    ----
   1 !  454.8   0.0  2.1e-140  7.7e-137       1     459 [.       8     466 ..       8     476 .. 0.87



Internal pipeline statistics summary:
-------------------------------------
Query model(s):                            1  (466 nodes)
Target sequences:                       3623  (1111147 residues searched)
Passed MSV filter:                        81  (0.0223572); expected 72.5 (0.02)
Passed bias filter:                       73  (0.020149); expected 72.5 (0.02)
Passed Vit filter:                        13  (0.00358819); expected 3.6 (0.001)
Passed Fwd filter:                         7  (0.0019321); expected 0.0 (1e-05)
Initial search space (Z):               3623  [actual number of targets]
Domain search space  (domZ):               1  [number of targets reported over threshold]
# CPU time: 0.07u 0.00s 00:00:00.07 Elapsed: 00:00:00.07
# Mc/sec: 6892.15
//
Query:       TIGR00436  [M=270]
Accession:   TIGR00436
Description: era: GTP-binding protein Era
Scores for complete sequences (score includes all domains):
   --- full sequence ---   --- best 1 domain ---    -#dom-
    E-value  score  bias    E-value  score  bias    exp  N  Sequence                Description
    ------- ------ -----    ------- ------ -----   ---- --  --------                -----------
    1.6e-73  245.0   0.0    1.9e-73  244.8   0.0    1.0  1  NZ_JAEMEB010000004.1_35  # 37953 # 38876 # 1 # ID=33_35;partial=00;start_type=ATG;rbs_motif=AGGA;rbs_spacer=5-10bp;gc_cont=0.566
    4.9e-40  135.2   0.0    1.5e-20   71.3   0.0    2.0  0  NZ_JAEMEB010000018.1_21  # 19709 # 21163 # 1 # ID=9_21;partial=00;start_type=ATG;rbs_motif=GGA/GAG/AGG;rbs_spacer=5-10bp;gc_cont=0.570


Domain annotation for each sequence:
>> NZ_JAEMEB010000004.1_35  # 37953 # 38876 # 1 # ID=33_35;partial=00;start_type=ATG;rbs_motif=AGGA;rbs_spacer=5-10bp;gc_cont=0.566
   #    score  bias  c-Evalue  i-Evalue hmmfrom  hmm to    alifrom  ali to    envfrom  env to     acc
 ---   ------ ----- --------- --------- ------- -------    ------- -------    ------- -------    ----
   1 !  244.8   0.0     1e-76   1.9e-73       1     270 []      13     283 ..      13     283 .. 0.99

>> NZ_JAEMEB010000018.1_21  # 19709 # 21163 # 1 # ID=9_21;partial=00;start_type=ATG;rbs_motif=GGA/GAG/AGG;rbs_spacer=5-10bp;gc_cont=0.570
   [No individual domains that satisfy reporting thresholds (although complete target did)]



Internal pipeline statistics summary:
-------------------------------------
Query model(s):                            1  (270 nodes)
Target sequences:                       3623  (1111147 residues searched)
Passed MSV filter:                       213  (0.0587911); expected 72.5 (0.02)
Passed bias filter:                      205  (0.0565829); expected 72.5 (0.02)
Passed Vit filter:                        97  (0.0267734); expected 3.6 (0.001)
Passed Fwd filter:                        14  (0.0038642); expected 0.0 (1e-05)
Initial search space (Z):               3623  [actual number of targets]
Domain search space  (domZ):               2  [number of targets reported over threshold]
# CPU time: 0.06u 0.00s 00:00:00.06 Elapsed: 00:00:00.10
# Mc/sec: 2750.13
//
Query:       TIGR00442  [M=406]
Accession:   TIGR00442
Description: hisS: histidine--tRNA ligase
Scores for complete sequences (score includes all domains):
   --- full sequence ---   --- best 1 domain ---    -#dom-
    E-value  score  bias    E-value  score  bias    exp  N  Sequence                Description
    ------- ------ -----    ------- ------ -----   ---- --  --------                -----------
   2.1e-112  373.7   0.0   2.6e-112  373.4   0.0    1.1  1  NZ_JAEMEB010000022.1_25  # 21421 # 22917 # -1 # ID=14_25;partial=00;start_type=ATG;rbs_motif=GGA/GAG/AGG;rbs_spacer=5-10bp;gc_cont=0.587


Domain annotation for each sequence:
>> NZ_JAEMEB010000022.1_25  # 21421 # 22917 # -1 # ID=14_25;partial=00;start_type=ATG;rbs_motif=GGA/GAG/AGG;rbs_spacer=5-10bp;gc_cont=0.587
   #    score  bias  c-Evalue  i-Evalue hmmfrom  hmm to    alifrom  ali to    envfrom  env to     acc
 ---   ------ ----- --------- --------- ------- -------    ------- -------    ------- -------    ----
   1 !  373.4   0.0  7.1e-116  2.6e-112       2     402 ..      12     462 ..      11     466 .. 0.91



Internal pipeline statistics summary:
-------------------------------------
Query model(s):                            1  (406 nodes)
Target sequences:                       3623  (1111147 residues searched)
Passed MSV filter:                       101  (0.0278774); expected 72.5 (0.02)
Passed bias filter:                       83  (0.0229092); expected 72.5 (0.02)
Passed Vit filter:                        16  (0.00441623); expected 3.6 (0.001)
Passed Fwd filter:                         6  (0.00165609); expected 0.0 (1e-05)
Initial search space (Z):               3623  [actual number of targets]
Domain search space  (domZ):               1  [number of targets reported over threshold]
# CPU time: 0.06u 0.00s 00:00:00.06 Elapsed: 00:00:00.05
# Mc/sec: 7656.53
//
Query:       TIGR00445  [M=321]
Accession:   TIGR00445
Description: mraY: phospho-N-acetylmuramoyl-pentapeptide-transferase
Scores for complete sequences (score includes all domains):
   --- full sequence ---   --- best 1 domain ---    -#dom-
    E-value  score  bias    E-value  score  bias    exp  N  Sequence                 Description
    ------- ------ -----    ------- ------ -----   ---- --  --------                 -----------
   8.5e-122  404.3  12.7     1e-121  404.0  12.7    1.0  1  NZ_JAEMEB010000003.1_159  # 174076 # 175161 # -1 # ID=32_159;partial=00;start_type=ATG;rbs_motif=GGA/GAG/AGG;rbs_spacer=5-10bp;gc_cont=0.559


Domain annotation for each sequence:
>> NZ_JAEMEB010000003.1_159  # 174076 # 175161 # -1 # ID=32_159;partial=00;start_type=ATG;rbs_motif=GGA/GAG/AGG;rbs_spacer=5-10bp;gc_cont=0.559
   #    score  bias  c-Evalue  i-Evalue hmmfrom  hmm to    alifrom  ali to    envfrom  env to     acc
 ---   ------ ----- --------- --------- ------- -------    ------- -------    ------- -------    ----
   1 !  404.0  12.7  2.8e-125    1e-121       3     321 .]      38     361 ..      36     361 .. 0.94



Internal pipeline statistics summary:
-------------------------------------
Query model(s):                            1  (321 nodes)
Target sequences:                       3623  (1111147 residues searched)
Passed MSV filter:                       176  (0.0485785); expected 72.5 (0.02)
Passed bias filter:                       53  (0.0146288); expected 72.5 (0.02)
Passed Vit filter:                         4  (0.00110406); expected 3.6 (0.001)
Passed Fwd filter:                         1  (0.000276014); expected 0.0 (1e-05)
Initial search space (Z):               3623  [actual number of targets]
Domain search space  (domZ):               1  [number of targets reported over threshold]
# CPU time: 0.03u 0.00s 00:00:00.03 Elapsed: 00:00:00.04
# Mc/sec: 7365.71
//
Query:       TIGR00448  [M=179]
Accession:   TIGR00448
Description: rpoE: DNA-directed RNA polymerase
Scores for complete sequences (score includes all domains):
   --- full sequence ---   --- best 1 domain ---    -#dom-
    E-value  score  bias    E-value  score  bias    exp  N  Sequence Description
    ------- ------ -----    ------- ------ -----   ---- --  -------- -----------

   [No hits detected that satisfy reporting thresholds]


Domain annotation for each sequence:

   [No targets detected that satisfy reporting thresholds]


Internal pipeline statistics summary:
-------------------------------------
Query model(s):                            1  (179 nodes)
Target sequences:                       3623  (1111147 residues searched)
Passed MSV filter:                        89  (0.0245653); expected 72.5 (0.02)
Passed bias filter:                       85  (0.0234612); expected 72.5 (0.02)
Passed Vit filter:                         8  (0.00220811); expected 3.6 (0.001)
Passed Fwd filter:                         4  (0.00110406); expected 0.0 (1e-05)
Initial search space (Z):               3623  [actual number of targets]
Domain search space  (domZ):               0  [number of targets reported over threshold]
# CPU time: 0.03u 0.00s 00:00:00.03 Elapsed: 00:00:00.03
# Mc/sec: 5420.36
//
Query:       TIGR00456  [M=569]
Accession:   TIGR00456
Description: argS: arginine--tRNA ligase
Scores for complete sequences (score includes all domains):
   --- full sequence ---   --- best 1 domain ---    -#dom-
    E-value  score  bias    E-value  score  bias    exp  N  Sequence                 Description
    ------- ------ -----    ------- ------ -----   ---- --  --------                 -----------
   7.1e-111  368.9   0.0   2.4e-110  367.2   0.0    1.7  1  NZ_JAEMEB010000004.1_225  # 205926 # 207671 # 1 # ID=33_225;partial=00;start_type=ATG;rbs_motif=GGA/GAG/AGG;rbs_spacer=5-10bp;gc_cont=0.566


Domain annotation for each sequence:
>> NZ_JAEMEB010000004.1_225  # 205926 # 207671 # 1 # ID=33_225;partial=00;start_type=ATG;rbs_motif=GGA/GAG/AGG;rbs_spacer=5-10bp;gc_cont=0.566
   #    score  bias  c-Evalue  i-Evalue hmmfrom  hmm to    alifrom  ali to    envfrom  env to     acc
 ---   ------ ----- --------- --------- ------- -------    ------- -------    ------- -------    ----
   1 !  367.2   0.0  6.5e-114  2.4e-110      24     567 ..      30     578 ..       9     580 .. 0.91



Internal pipeline statistics summary:
-------------------------------------
Query model(s):                            1  (569 nodes)
Target sequences:                       3623  (1111147 residues searched)
Passed MSV filter:                        79  (0.0218051); expected 72.5 (0.02)
Passed bias filter:                       69  (0.019045); expected 72.5 (0.02)
Passed Vit filter:                        11  (0.00303616); expected 3.6 (0.001)
Passed Fwd filter:                         3  (0.000828043); expected 0.0 (1e-05)
Initial search space (Z):               3623  [actual number of targets]
Domain search space  (domZ):               1  [number of targets reported over threshold]
# CPU time: 0.06u 0.00s 00:00:00.06 Elapsed: 00:00:00.06
# Mc/sec: 9397.85
//
Query:       TIGR00459  [M=586]
Accession:   TIGR00459
Description: aspS_bact: aspartate--tRNA ligase
Scores for complete sequences (score includes all domains):
   --- full sequence ---   --- best 1 domain ---    -#dom-
    E-value  score  bias    E-value  score  bias    exp  N  Sequence                Description
    ------- ------ -----    ------- ------ -----   ---- --  --------                -----------
   4.8e-182  604.0   0.0   5.6e-182  603.8   0.0    1.0  1  NZ_JAEMEB010000002.1_85  # 89833 # 91680 # 1 # ID=22_85;partial=00;start_type=ATG;rbs_motif=GGAG/GAGG;rbs_spacer=5-10bp;gc_cont=0.566


Domain annotation for each sequence:
>> NZ_JAEMEB010000002.1_85  # 89833 # 91680 # 1 # ID=22_85;partial=00;start_type=ATG;rbs_motif=GGAG/GAGG;rbs_spacer=5-10bp;gc_cont=0.566
   #    score  bias  c-Evalue  i-Evalue hmmfrom  hmm to    alifrom  ali to    envfrom  env to     acc
 ---   ------ ----- --------- --------- ------- -------    ------- -------    ------- -------    ----
   1 !  603.8   0.0  1.5e-185  5.6e-182       3     583 ..      26     612 ..      24     615 .. 0.96



Internal pipeline statistics summary:
-------------------------------------
Query model(s):                            1  (586 nodes)
Target sequences:                       3623  (1111147 residues searched)
Passed MSV filter:                        81  (0.0223572); expected 72.5 (0.02)
Passed bias filter:                       68  (0.018769); expected 72.5 (0.02)
Passed Vit filter:                        10  (0.00276014); expected 3.6 (0.001)
Passed Fwd filter:                         3  (0.000828043); expected 0.0 (1e-05)
Initial search space (Z):               3623  [actual number of targets]
Domain search space  (domZ):               1  [number of targets reported over threshold]
# CPU time: 0.05u 0.01s 00:00:00.06 Elapsed: 00:00:00.06
# Mc/sec: 10278.60
//
Query:       TIGR00460  [M=315]
Accession:   TIGR00460
Description: fmt: methionyl-tRNA formyltransferase
Scores for complete sequences (score includes all domains):
   --- full sequence ---   --- best 1 domain ---    -#dom-
    E-value  score  bias    E-value  score  bias    exp  N  Sequence                Description
    ------- ------ -----    ------- ------ -----   ---- --  --------                -----------
    5.9e-83  276.2   0.0    7.3e-83  275.9   0.0    1.0  1  NZ_JAEMEB010000017.1_54  # 50319 # 51242 # 1 # ID=8_54;partial=00;start_type=ATG;rbs_motif=GGAG/GAGG;rbs_spacer=5-10bp;gc_cont=0.609


Domain annotation for each sequence:
>> NZ_JAEMEB010000017.1_54  # 50319 # 51242 # 1 # ID=8_54;partial=00;start_type=ATG;rbs_motif=GGAG/GAGG;rbs_spacer=5-10bp;gc_cont=0.609
   #    score  bias  c-Evalue  i-Evalue hmmfrom  hmm to    alifrom  ali to    envfrom  env to     acc
 ---   ------ ----- --------- --------- ------- -------    ------- -------    ------- -------    ----
   1 !  275.9   0.0     2e-86   7.3e-83       1     304 [.       1     299 [.       1     304 [. 0.95



Internal pipeline statistics summary:
-------------------------------------
Query model(s):                            1  (315 nodes)
Target sequences:                       3623  (1111147 residues searched)
Passed MSV filter:                        68  (0.018769); expected 72.5 (0.02)
Passed bias filter:                       64  (0.0176649); expected 72.5 (0.02)
Passed Vit filter:                         3  (0.000828043); expected 3.6 (0.001)
Passed Fwd filter:                         3  (0.000828043); expected 0.0 (1e-05)
Initial search space (Z):               3623  [actual number of targets]
Domain search space  (domZ):               1  [number of targets reported over threshold]
# CPU time: 0.03u 0.00s 00:00:00.03 Elapsed: 00:00:00.04
# Mc/sec: 8054.45
//
Query:       TIGR00468  [M=324]
Accession:   TIGR00468
Description: pheS: phenylalanine--tRNA ligase, alpha subunit
Scores for complete sequences (score includes all domains):
   --- full sequence ---   --- best 1 domain ---    -#dom-
    E-value  score  bias    E-value  score  bias    exp  N  Sequence                Description
    ------- ------ -----    ------- ------ -----   ---- --  --------                -----------
    7.8e-96  318.7   0.0    2.2e-94  314.0   0.0    2.2  1  NZ_JAEMEB010000005.1_64  # 70985 # 72115 # -1 # ID=34_64;partial=00;start_type=ATG;rbs_motif=GGA/GAG/AGG;rbs_spacer=5-10bp;gc_cont=0.592


Domain annotation for each sequence:
>> NZ_JAEMEB010000005.1_64  # 70985 # 72115 # -1 # ID=34_64;partial=00;start_type=ATG;rbs_motif=GGA/GAG/AGG;rbs_spacer=5-10bp;gc_cont=0.592
   #    score  bias  c-Evalue  i-Evalue hmmfrom  hmm to    alifrom  ali to    envfrom  env to     acc
 ---   ------ ----- --------- --------- ------- -------    ------- -------    ------- -------    ----
   1 !  314.0   0.0     6e-98   2.2e-94       7     321 ..      46     359 ..      40     361 .. 0.93



Internal pipeline statistics summary:
-------------------------------------
Query model(s):                            1  (324 nodes)
Target sequences:                       3623  (1111147 residues searched)
Passed MSV filter:                        88  (0.0242893); expected 72.5 (0.02)
Passed bias filter:                       84  (0.0231852); expected 72.5 (0.02)
Passed Vit filter:                         8  (0.00220811); expected 3.6 (0.001)
Passed Fwd filter:                         2  (0.000552029); expected 0.0 (1e-05)
Initial search space (Z):               3623  [actual number of targets]
Domain search space  (domZ):               1  [number of targets reported over threshold]
# CPU time: 0.04u 0.00s 00:00:00.04 Elapsed: 00:00:00.05
# Mc/sec: 6796.27
//
Query:       TIGR00472  [M=798]
Accession:   TIGR00472
Description: pheT_bact: phenylalanine--tRNA ligase, beta subunit
Scores for complete sequences (score includes all domains):
   --- full sequence ---   --- best 1 domain ---    -#dom-
    E-value  score  bias    E-value  score  bias    exp  N  Sequence                Description
    ------- ------ -----    ------- ------ -----   ---- --  --------                -----------
   4.3e-213  707.5   0.0   4.8e-213  707.3   0.0    1.0  1  NZ_JAEMEB010000005.1_63  # 68526 # 70949 # -1 # ID=34_63;partial=00;start_type=ATG;rbs_motif=AGxAG;rbs_spacer=5-10bp;gc_cont=0.590


Domain annotation for each sequence:
>> NZ_JAEMEB010000005.1_63  # 68526 # 70949 # -1 # ID=34_63;partial=00;start_type=ATG;rbs_motif=AGxAG;rbs_spacer=5-10bp;gc_cont=0.590
   #    score  bias  c-Evalue  i-Evalue hmmfrom  hmm to    alifrom  ali to    envfrom  env to     acc
 ---   ------ ----- --------- --------- ------- -------    ------- -------    ------- -------    ----
   1 !  707.3   0.0  1.3e-216  4.8e-213       1     798 []       1     806 [.       1     806 [. 0.94



Internal pipeline statistics summary:
-------------------------------------
Query model(s):                            1  (798 nodes)
Target sequences:                       3623  (1111147 residues searched)
Passed MSV filter:                        61  (0.0168369); expected 72.5 (0.02)
Passed bias filter:                       55  (0.0151808); expected 72.5 (0.02)
Passed Vit filter:                         5  (0.00138007); expected 3.6 (0.001)
Passed Fwd filter:                         1  (0.000276014); expected 0.0 (1e-05)
Initial search space (Z):               3623  [actual number of targets]
Domain search space  (domZ):               1  [number of targets reported over threshold]
# CPU time: 0.07u 0.00s 00:00:00.07 Elapsed: 00:00:00.08
# Mc/sec: 10029.44
//
Query:       TIGR00483  [M=427]
Accession:   TIGR00483
Description: EF-1_alpha: translation elongation factor EF-1, subunit alpha
Scores for complete sequences (score includes all domains):
   --- full sequence ---   --- best 1 domain ---    -#dom-
    E-value  score  bias    E-value  score  bias    exp  N  Sequence Description
    ------- ------ -----    ------- ------ -----   ---- --  -------- -----------

   [No hits detected that satisfy reporting thresholds]


Domain annotation for each sequence:

   [No targets detected that satisfy reporting thresholds]


Internal pipeline statistics summary:
-------------------------------------
Query model(s):                            1  (427 nodes)
Target sequences:                       3623  (1111147 residues searched)
Passed MSV filter:                        80  (0.0220811); expected 72.5 (0.02)
Passed bias filter:                       66  (0.0182169); expected 72.5 (0.02)
Passed Vit filter:                         9  (0.00248413); expected 3.6 (0.001)
Passed Fwd filter:                         8  (0.00220811); expected 0.0 (1e-05)
Initial search space (Z):               3623  [actual number of targets]
Domain search space  (domZ):               0  [number of targets reported over threshold]
# CPU time: 0.07u 0.00s 00:00:00.07 Elapsed: 00:00:00.09
# Mc/sec: 5244.09
//
Query:       TIGR00487  [M=587]
Accession:   TIGR00487
Description: IF-2: translation initiation factor IF-2
Scores for complete sequences (score includes all domains):
   --- full sequence ---   --- best 1 domain ---    -#dom-
    E-value  score  bias    E-value  score  bias    exp  N  Sequence                Description
    ------- ------ -----    ------- ------ -----   ---- --  --------                -----------
   3.9e-238  789.6  24.8   4.9e-238  789.3  24.8    1.1  1  NZ_JAEMEB010000005.1_85  # 90215 # 93055 # 1 # ID=34_85;partial=00;start_type=ATG;rbs_motif=GGA/GAG/AGG;rbs_spacer=3-4bp;gc_cont=0.603


Domain annotation for each sequence:
>> NZ_JAEMEB010000005.1_85  # 90215 # 93055 # 1 # ID=34_85;partial=00;start_type=ATG;rbs_motif=GGA/GAG/AGG;rbs_spacer=3-4bp;gc_cont=0.603
   #    score  bias  c-Evalue  i-Evalue hmmfrom  hmm to    alifrom  ali to    envfrom  env to     acc
 ---   ------ ----- --------- --------- ------- -------    ------- -------    ------- -------    ----
   1 !  789.3  24.8  1.4e-241  4.9e-238       2     586 ..     362     946 ..     361     946 .. 0.98



Internal pipeline statistics summary:
-------------------------------------
Query model(s):                            1  (587 nodes)
Target sequences:                       3623  (1111147 residues searched)
Passed MSV filter:                       142  (0.039194); expected 72.5 (0.02)
Passed bias filter:                       88  (0.0242893); expected 72.5 (0.02)
Passed Vit filter:                        22  (0.00607232); expected 3.6 (0.001)
Passed Fwd filter:                        12  (0.00331217); expected 0.0 (1e-05)
Initial search space (Z):               3623  [actual number of targets]
Domain search space  (domZ):               1  [number of targets reported over threshold]
# CPU time: 0.11u 0.01s 00:00:00.12 Elapsed: 00:00:00.12
# Mc/sec: 5298.11
//
Query:       TIGR00491  [M=594]
Accession:   TIGR00491
Description: aIF-2: translation initiation factor aIF-2
Scores for complete sequences (score includes all domains):
   --- full sequence ---   --- best 1 domain ---    -#dom-
    E-value  score  bias    E-value  score  bias    exp  N  Sequence Description
    ------- ------ -----    ------- ------ -----   ---- --  -------- -----------

   [No hits detected that satisfy reporting thresholds]


Domain annotation for each sequence:

   [No targets detected that satisfy reporting thresholds]


Internal pipeline statistics summary:
-------------------------------------
Query model(s):                            1  (594 nodes)
Target sequences:                       3623  (1111147 residues searched)
Passed MSV filter:                       112  (0.0309136); expected 72.5 (0.02)
Passed bias filter:                       87  (0.0240132); expected 72.5 (0.02)
Passed Vit filter:                        20  (0.00552029); expected 3.6 (0.001)
Passed Fwd filter:                         8  (0.00220811); expected 0.0 (1e-05)
Initial search space (Z):               3623  [actual number of targets]
Domain search space  (domZ):               0  [number of targets reported over threshold]
# CPU time: 0.10u 0.00s 00:00:00.10 Elapsed: 00:00:00.11
# Mc/sec: 5841.67
//
Query:       TIGR00496  [M=176]
Accession:   TIGR00496
Description: frr: ribosome recycling factor
Scores for complete sequences (score includes all domains):
   --- full sequence ---   --- best 1 domain ---    -#dom-
    E-value  score  bias    E-value  score  bias    exp  N  Sequence                 Description
    ------- ------ -----    ------- ------ -----   ---- --  --------                 -----------
    1.9e-63  210.9   1.2    2.2e-63  210.7   1.2    1.0  1  NZ_JAEMEB010000002.1_202  # 220548 # 221108 # -1 # ID=22_202;partial=00;start_type=ATG;rbs_motif=AGGA;rbs_spacer=5-10bp;gc_cont=0.551


Domain annotation for each sequence:
>> NZ_JAEMEB010000002.1_202  # 220548 # 221108 # -1 # ID=22_202;partial=00;start_type=ATG;rbs_motif=AGGA;rbs_spacer=5-10bp;gc_cont=0.551
   #    score  bias  c-Evalue  i-Evalue hmmfrom  hmm to    alifrom  ali to    envfrom  env to     acc
 ---   ------ ----- --------- --------- ------- -------    ------- -------    ------- -------    ----
   1 !  210.7   1.2   5.9e-67   2.2e-63       1     176 []      11     186 ..      11     186 .. 0.99



Internal pipeline statistics summary:
-------------------------------------
Query model(s):                            1  (176 nodes)
Target sequences:                       3623  (1111147 residues searched)
Passed MSV filter:                        85  (0.0234612); expected 72.5 (0.02)
Passed bias filter:                       59  (0.0162848); expected 72.5 (0.02)
Passed Vit filter:                         7  (0.0019321); expected 3.6 (0.001)
Passed Fwd filter:                         1  (0.000276014); expected 0.0 (1e-05)
Initial search space (Z):               3623  [actual number of targets]
Domain search space  (domZ):               1  [number of targets reported over threshold]
# CPU time: 0.02u 0.00s 00:00:00.02 Elapsed: 00:00:00.02
# Mc/sec: 8195.24
//
Query:       TIGR00522  [M=258]
Accession:   TIGR00522
Description: dph5: diphthine synthase
Scores for complete sequences (score includes all domains):
   --- full sequence ---   --- best 1 domain ---    -#dom-
    E-value  score  bias    E-value  score  bias    exp  N  Sequence Description
    ------- ------ -----    ------- ------ -----   ---- --  -------- -----------

   [No hits detected that satisfy reporting thresholds]


Domain annotation for each sequence:

   [No targets detected that satisfy reporting thresholds]


Internal pipeline statistics summary:
-------------------------------------
Query model(s):                            1  (258 nodes)
Target sequences:                       3623  (1111147 residues searched)
Passed MSV filter:                        84  (0.0231852); expected 72.5 (0.02)
Passed bias filter:                       76  (0.0209771); expected 72.5 (0.02)
Passed Vit filter:                         7  (0.0019321); expected 3.6 (0.001)
Passed Fwd filter:                         0  (0); expected 0.0 (1e-05)
Initial search space (Z):               3623  [actual number of targets]
Domain search space  (domZ):               0  [number of targets reported over threshold]
# CPU time: 0.03u 0.00s 00:00:00.03 Elapsed: 00:00:00.02
# Mc/sec: 9682.51
//
Query:       TIGR00539  [M=361]
Accession:   TIGR00539
Description: hemN_rel: putative oxygen-independent coproporphyrinogen III oxidase
Scores for complete sequences (score includes all domains):
   --- full sequence ---   --- best 1 domain ---    -#dom-
    E-value  score  bias    E-value  score  bias    exp  N  Sequence                Description
    ------- ------ -----    ------- ------ -----   ---- --  --------                -----------
    1.8e-82  275.0   0.0    2.2e-82  274.7   0.0    1.0  1  NZ_JAEMEB010000015.1_15  # 12770 # 13921 # -1 # ID=6_15;partial=00;start_type=ATG;rbs_motif=GGAG/GAGG;rbs_spacer=5-10bp;gc_cont=0.564


Domain annotation for each sequence:
>> NZ_JAEMEB010000015.1_15  # 12770 # 13921 # -1 # ID=6_15;partial=00;start_type=ATG;rbs_motif=GGAG/GAGG;rbs_spacer=5-10bp;gc_cont=0.564
   #    score  bias  c-Evalue  i-Evalue hmmfrom  hmm to    alifrom  ali to    envfrom  env to     acc
 ---   ------ ----- --------- --------- ------- -------    ------- -------    ------- -------    ----
   1 !  274.7   0.0     6e-86   2.2e-82       3     337 ..       9     351 ..       7     366 .. 0.92



Internal pipeline statistics summary:
-------------------------------------
Query model(s):                            1  (361 nodes)
Target sequences:                       3623  (1111147 residues searched)
Passed MSV filter:                        77  (0.0212531); expected 72.5 (0.02)
Passed bias filter:                       75  (0.0207011); expected 72.5 (0.02)
Passed Vit filter:                        14  (0.0038642); expected 3.6 (0.001)
Passed Fwd filter:                         4  (0.00110406); expected 0.0 (1e-05)
Initial search space (Z):               3623  [actual number of targets]
Domain search space  (domZ):               1  [number of targets reported over threshold]
# CPU time: 0.03u 0.00s 00:00:00.03 Elapsed: 00:00:00.03
# Mc/sec: 11858.35
//
Query:       TIGR00580  [M=923]
Accession:   TIGR00580
Description: mfd: transcription-repair coupling factor
Scores for complete sequences (score includes all domains):
   --- full sequence ---   --- best 1 domain ---    -#dom-
    E-value  score  bias    E-value  score  bias    exp  N  Sequence                 Description
    ------- ------ -----    ------- ------ -----   ---- --  --------                 -----------
          0 1028.0   0.0          0 1027.8   0.0    1.0  1  NZ_JAEMEB010000001.1_170  # 186943 # 190431 # -1 # ID=11_170;partial=00;start_type=ATG;rbs_motif=4Base/6BMM;rbs_spacer=13-15bp;gc_cont=0.592


Domain annotation for each sequence:
>> NZ_JAEMEB010000001.1_170  # 186943 # 190431 # -1 # ID=11_170;partial=00;start_type=ATG;rbs_motif=4Base/6BMM;rbs_spacer=13-15bp;gc_cont=0.592
   #    score  bias  c-Evalue  i-Evalue hmmfrom  hmm to    alifrom  ali to    envfrom  env to     acc
 ---   ------ ----- --------- --------- ------- -------    ------- -------    ------- -------    ----
   1 ! 1027.8   0.0         0         0       3     922 ..     150    1090 ..     148    1091 .. 0.92



Internal pipeline statistics summary:
-------------------------------------
Query model(s):                            1  (923 nodes)
Target sequences:                       3623  (1111147 residues searched)
Passed MSV filter:                       111  (0.0306376); expected 72.5 (0.02)
Passed bias filter:                       77  (0.0212531); expected 72.5 (0.02)
Passed Vit filter:                        18  (0.00496826); expected 3.6 (0.001)
Passed Fwd filter:                         6  (0.00165609); expected 0.0 (1e-05)
Initial search space (Z):               3623  [actual number of targets]
Domain search space  (domZ):               1  [number of targets reported over threshold]
# CPU time: 0.12u 0.02s 00:00:00.13 Elapsed: 00:00:00.16
# Mc/sec: 6270.64
//
Query:       TIGR00593  [M=890]
Accession:   TIGR00593
Description: pola: DNA polymerase I
Scores for complete sequences (score includes all domains):
   --- full sequence ---   --- best 1 domain ---    -#dom-
    E-value  score  bias    E-value  score  bias    exp  N  Sequence                Description
    ------- ------ -----    ------- ------ -----   ---- --  --------                -----------
   5.4e-278  922.7   0.0   6.2e-278  922.5   0.0    1.0  1  NZ_JAEMEB010000021.1_15  # 18529 # 21450 # -1 # ID=13_15;partial=00;start_type=ATG;rbs_motif=GGA/GAG/AGG;rbs_spacer=5-10bp;gc_cont=0.590


Domain annotation for each sequence:
>> NZ_JAEMEB010000021.1_15  # 18529 # 21450 # -1 # ID=13_15;partial=00;start_type=ATG;rbs_motif=GGA/GAG/AGG;rbs_spacer=5-10bp;gc_cont=0.590
   #    score  bias  c-Evalue  i-Evalue hmmfrom  hmm to    alifrom  ali to    envfrom  env to     acc
 ---   ------ ----- --------- --------- ------- -------    ------- -------    ------- -------    ----
   1 !  922.5   0.0  1.7e-281  6.2e-278       1     890 []       3     973 ..       3     973 .. 0.90



Internal pipeline statistics summary:
-------------------------------------
Query model(s):                            1  (890 nodes)
Target sequences:                       3623  (1111147 residues searched)
Passed MSV filter:                       105  (0.0289815); expected 72.5 (0.02)
Passed bias filter:                       68  (0.018769); expected 72.5 (0.02)
Passed Vit filter:                         6  (0.00165609); expected 3.6 (0.001)
Passed Fwd filter:                         2  (0.000552029); expected 0.0 (1e-05)
Initial search space (Z):               3623  [actual number of targets]
Domain search space  (domZ):               1  [number of targets reported over threshold]
# CPU time: 0.07u 0.00s 00:00:00.07 Elapsed: 00:00:00.09
# Mc/sec: 10719.60
//
Query:       TIGR00615  [M=196]
Accession:   TIGR00615
Description: recR: recombination protein RecR
Scores for complete sequences (score includes all domains):
   --- full sequence ---   --- best 1 domain ---    -#dom-
    E-value  score  bias    E-value  score  bias    exp  N  Sequence                Description
    ------- ------ -----    ------- ------ -----   ---- --  --------                -----------
    5.1e-54  180.4   0.0    6.2e-54  180.1   0.0    1.0  1  NZ_JAEMEB010000017.1_50  # 46990 # 47589 # 1 # ID=8_50;partial=00;start_type=ATG;rbs_motif=GGA/GAG/AGG;rbs_spacer=5-10bp;gc_cont=0.610


Domain annotation for each sequence:
>> NZ_JAEMEB010000017.1_50  # 46990 # 47589 # 1 # ID=8_50;partial=00;start_type=ATG;rbs_motif=GGA/GAG/AGG;rbs_spacer=5-10bp;gc_cont=0.610
   #    score  bias  c-Evalue  i-Evalue hmmfrom  hmm to    alifrom  ali to    envfrom  env to     acc
 ---   ------ ----- --------- --------- ------- -------    ------- -------    ------- -------    ----
   1 !  180.1   0.0   1.7e-57   6.2e-54       6     195 ..       8     196 ..       4     197 .. 0.96



Internal pipeline statistics summary:
-------------------------------------
Query model(s):                            1  (196 nodes)
Target sequences:                       3623  (1111147 residues searched)
Passed MSV filter:                        95  (0.0262214); expected 72.5 (0.02)
Passed bias filter:                       85  (0.0234612); expected 72.5 (0.02)
Passed Vit filter:                         9  (0.00248413); expected 3.6 (0.001)
Passed Fwd filter:                         1  (0.000276014); expected 0.0 (1e-05)
Initial search space (Z):               3623  [actual number of targets]
Domain search space  (domZ):               1  [number of targets reported over threshold]
# CPU time: 0.02u 0.01s 00:00:00.03 Elapsed: 00:00:00.03
# Mc/sec: 6261.65
//
Query:       TIGR00631  [M=658]
Accession:   TIGR00631
Description: uvrb: excinuclease ABC subunit B
Scores for complete sequences (score includes all domains):
   --- full sequence ---   --- best 1 domain ---    -#dom-
    E-value  score  bias    E-value  score  bias    exp  N  Sequence                 Description
    ------- ------ -----    ------- ------ -----   ---- --  --------                 -----------
   2.6e-303 1004.9   0.1   2.6e-303 1004.9   0.1    2.0  1  NZ_JAEMEB010000003.1_323  # 342869 # 345511 # 1 # ID=32_323;partial=00;start_type=ATG;rbs_motif=GGA/GAG/AGG;rbs_spacer=5-10bp;gc_cont=0.602


Domain annotation for each sequence:
>> NZ_JAEMEB010000003.1_323  # 342869 # 345511 # 1 # ID=32_323;partial=00;start_type=ATG;rbs_motif=GGA/GAG/AGG;rbs_spacer=5-10bp;gc_cont=0.602
   #    score  bias  c-Evalue  i-Evalue hmmfrom  hmm to    alifrom  ali to    envfrom  env to     acc
 ---   ------ ----- --------- --------- ------- -------    ------- -------    ------- -------    ----
   1 ! 1004.9   0.1  7.3e-307  2.6e-303       2     658 .]     210     865 ..     209     865 .. 0.98



Internal pipeline statistics summary:
-------------------------------------
Query model(s):                            1  (658 nodes)
Target sequences:                       3623  (1111147 residues searched)
Passed MSV filter:                       104  (0.0287055); expected 72.5 (0.02)
Passed bias filter:                       83  (0.0229092); expected 72.5 (0.02)
Passed Vit filter:                        22  (0.00607232); expected 3.6 (0.001)
Passed Fwd filter:                        10  (0.00276014); expected 0.0 (1e-05)
Initial search space (Z):               3623  [actual number of targets]
Domain search space  (domZ):               1  [number of targets reported over threshold]
# CPU time: 0.09u 0.00s 00:00:00.09 Elapsed: 00:00:00.11
# Mc/sec: 6463.71
//
Query:       TIGR00634  [M=563]
Accession:   TIGR00634
Description: recN: DNA repair protein RecN
Scores for complete sequences (score includes all domains):
   --- full sequence ---   --- best 1 domain ---    -#dom-
    E-value  score  bias    E-value  score  bias    exp  N  Sequence                 Description
    ------- ------ -----    ------- ------ -----   ---- --  --------                 -----------
   1.1e-138  461.4  16.9   1.2e-138  461.2  16.9    1.0  1  NZ_JAEMEB010000003.1_149  # 161192 # 162862 # -1 # ID=32_149;partial=00;start_type=ATG;rbs_motif=GGA/GAG/AGG;rbs_spacer=5-10bp;gc_cont=0.616


Domain annotation for each sequence:
>> NZ_JAEMEB010000003.1_149  # 161192 # 162862 # -1 # ID=32_149;partial=00;start_type=ATG;rbs_motif=GGA/GAG/AGG;rbs_spacer=5-10bp;gc_cont=0.616
   #    score  bias  c-Evalue  i-Evalue hmmfrom  hmm to    alifrom  ali to    envfrom  env to     acc
 ---   ------ ----- --------- --------- ------- -------    ------- -------    ------- -------    ----
   1 !  461.2  16.9  3.3e-142  1.2e-138       1     561 [.       1     552 [.       1     554 [. 0.96



Internal pipeline statistics summary:
-------------------------------------
Query model(s):                            1  (563 nodes)
Target sequences:                       3623  (1111147 residues searched)
Passed MSV filter:                       239  (0.0659674); expected 72.5 (0.02)
Passed bias filter:                      152  (0.0419542); expected 72.5 (0.02)
Passed Vit filter:                        44  (0.0121446); expected 3.6 (0.001)
Passed Fwd filter:                         7  (0.0019321); expected 0.0 (1e-05)
Initial search space (Z):               3623  [actual number of targets]
Domain search space  (domZ):               1  [number of targets reported over threshold]
# CPU time: 0.08u 0.00s 00:00:00.08 Elapsed: 00:00:00.10
# Mc/sec: 5963.10
//
Query:       TIGR00635  [M=305]
Accession:   TIGR00635
Description: ruvB: Holliday junction DNA helicase RuvB
Scores for complete sequences (score includes all domains):
   --- full sequence ---   --- best 1 domain ---    -#dom-
    E-value  score  bias    E-value  score  bias    exp  N  Sequence                Description
    ------- ------ -----    ------- ------ -----   ---- --  --------                -----------
   4.5e-134  443.9   0.0   5.1e-134  443.7   0.0    1.0  1  NZ_JAEMEB010000010.1_42  # 41007 # 42044 # -1 # ID=1_42;partial=00;start_type=GTG;rbs_motif=None;rbs_spacer=None;gc_cont=0.592


Domain annotation for each sequence:
>> NZ_JAEMEB010000010.1_42  # 41007 # 42044 # -1 # ID=1_42;partial=00;start_type=GTG;rbs_motif=None;rbs_spacer=None;gc_cont=0.592
   #    score  bias  c-Evalue  i-Evalue hmmfrom  hmm to    alifrom  ali to    envfrom  env to     acc
 ---   ------ ----- --------- --------- ------- -------    ------- -------    ------- -------    ----
   1 !  443.7   0.0  1.4e-137  5.1e-134       3     304 ..      24     325 ..      22     326 .. 0.99



Internal pipeline statistics summary:
-------------------------------------
Query model(s):                            1  (305 nodes)
Target sequences:                       3623  (1111147 residues searched)
Passed MSV filter:                       240  (0.0662434); expected 72.5 (0.02)
Passed bias filter:                      212  (0.058515); expected 72.5 (0.02)
Passed Vit filter:                        88  (0.0242893); expected 3.6 (0.001)
Passed Fwd filter:                        17  (0.00469224); expected 0.0 (1e-05)
Initial search space (Z):               3623  [actual number of targets]
Domain search space  (domZ):               1  [number of targets reported over threshold]
# CPU time: 0.09u 0.00s 00:00:00.09 Elapsed: 00:00:00.08
# Mc/sec: 3847.55
//
Query:       TIGR00643  [M=629]
Accession:   TIGR00643
Description: recG: ATP-dependent DNA helicase RecG
Scores for complete sequences (score includes all domains):
   --- full sequence ---   --- best 1 domain ---    -#dom-
    E-value  score  bias    E-value  score  bias    exp  N  Sequence                 Description
    ------- ------ -----    ------- ------ -----   ---- --  --------                 -----------
   1.6e-197  655.7   0.0   1.9e-197  655.4   0.0    1.0  1  NZ_JAEMEB010000001.1_172  # 190892 # 193000 # 1 # ID=11_172;partial=00;start_type=TTG;rbs_motif=AGGAG;rbs_spacer=5-10bp;gc_cont=0.591


Domain annotation for each sequence:
>> NZ_JAEMEB010000001.1_172  # 190892 # 193000 # 1 # ID=11_172;partial=00;start_type=TTG;rbs_motif=AGGAG;rbs_spacer=5-10bp;gc_cont=0.591
   #    score  bias  c-Evalue  i-Evalue hmmfrom  hmm to    alifrom  ali to    envfrom  env to     acc
 ---   ------ ----- --------- --------- ------- -------    ------- -------    ------- -------    ----
   1 !  655.4   0.0  5.3e-201  1.9e-197       6     629 .]      42     665 ..      38     665 .. 0.96



Internal pipeline statistics summary:
-------------------------------------
Query model(s):                            1  (629 nodes)
Target sequences:                       3623  (1111147 residues searched)
Passed MSV filter:                       117  (0.0322937); expected 72.5 (0.02)
Passed bias filter:                       98  (0.0270494); expected 72.5 (0.02)
Passed Vit filter:                        15  (0.00414022); expected 3.6 (0.001)
Passed Fwd filter:                         8  (0.00220811); expected 0.0 (1e-05)
Initial search space (Z):               3623  [actual number of targets]
Domain search space  (domZ):               1  [number of targets reported over threshold]
# CPU time: 0.10u 0.00s 00:00:00.10 Elapsed: 00:00:00.10
# Mc/sec: 6533.88
//
Query:       TIGR00663  [M=367]
Accession:   TIGR00663
Description: dnan: DNA polymerase III, beta subunit
Scores for complete sequences (score includes all domains):
   --- full sequence ---   --- best 1 domain ---    -#dom-
    E-value  score  bias    E-value  score  bias    exp  N  Sequence                 Description
    ------- ------ -----    ------- ------ -----   ---- --  --------                 -----------
    1.4e-94  314.7   0.0    1.6e-94  314.5   0.0    1.0  1  NZ_JAEMEB010000005.1_137  # 148447 # 149568 # 1 # ID=34_137;partial=00;start_type=ATG;rbs_motif=AGGA;rbs_spacer=5-10bp;gc_cont=0.555


Domain annotation for each sequence:
>> NZ_JAEMEB010000005.1_137  # 148447 # 149568 # 1 # ID=34_137;partial=00;start_type=ATG;rbs_motif=AGGA;rbs_spacer=5-10bp;gc_cont=0.555
   #    score  bias  c-Evalue  i-Evalue hmmfrom  hmm to    alifrom  ali to    envfrom  env to     acc
 ---   ------ ----- --------- --------- ------- -------    ------- -------    ------- -------    ----
   1 !  314.5   0.0   4.4e-98   1.6e-94       1     366 [.       1     372 [.       1     373 [. 0.94



Internal pipeline statistics summary:
-------------------------------------
Query model(s):                            1  (367 nodes)
Target sequences:                       3623  (1111147 residues searched)
Passed MSV filter:                        75  (0.0207011); expected 72.5 (0.02)
Passed bias filter:                       67  (0.018493); expected 72.5 (0.02)
Passed Vit filter:                         6  (0.00165609); expected 3.6 (0.001)
Passed Fwd filter:                         1  (0.000276014); expected 0.0 (1e-05)
Initial search space (Z):               3623  [actual number of targets]
Domain search space  (domZ):               1  [number of targets reported over threshold]
# CPU time: 0.03u 0.00s 00:00:00.03 Elapsed: 00:00:00.03
# Mc/sec: 11615.19
//
Query:       TIGR00717  [M=516]
Accession:   TIGR00717
Description: rpsA: ribosomal protein bS1
Scores for complete sequences (score includes all domains):
   --- full sequence ---   --- best 1 domain ---    -#dom-
    E-value  score  bias    E-value  score  bias    exp  N  Sequence                Description
    ------- ------ -----    ------- ------ -----   ---- --  --------                -----------
   9.2e-189  625.9  14.9     1e-188  625.7  14.9    1.0  1  NZ_JAEMEB010000005.1_49  # 50386 # 52200 # 1 # ID=34_49;partial=00;start_type=ATG;rbs_motif=None;rbs_spacer=None;gc_cont=0.566


Domain annotation for each sequence:
>> NZ_JAEMEB010000005.1_49  # 50386 # 52200 # 1 # ID=34_49;partial=00;start_type=ATG;rbs_motif=None;rbs_spacer=None;gc_cont=0.566
   #    score  bias  c-Evalue  i-Evalue hmmfrom  hmm to    alifrom  ali to    envfrom  env to     acc
 ---   ------ ----- --------- --------- ------- -------    ------- -------    ------- -------    ----
   1 !  625.7  14.9  2.9e-192    1e-188       2     516 .]      44     567 ..      43     567 .. 0.97



Internal pipeline statistics summary:
-------------------------------------
Query model(s):                            1  (516 nodes)
Target sequences:                       3623  (1111147 residues searched)
Passed MSV filter:                       107  (0.0295335); expected 72.5 (0.02)
Passed bias filter:                       94  (0.0259453); expected 72.5 (0.02)
Passed Vit filter:                        10  (0.00276014); expected 3.6 (0.001)
Passed Fwd filter:                         5  (0.00138007); expected 0.0 (1e-05)
Initial search space (Z):               3623  [actual number of targets]
Domain search space  (domZ):               1  [number of targets reported over threshold]
# CPU time: 0.06u 0.00s 00:00:00.06 Elapsed: 00:00:00.06
# Mc/sec: 8589.22
//
Query:       TIGR00755  [M=256]
Accession:   TIGR00755
Description: ksgA: ribosomal RNA small subunit methyltransferase A
Scores for complete sequences (score includes all domains):
   --- full sequence ---   --- best 1 domain ---    -#dom-
    E-value  score  bias    E-value  score  bias    exp  N  Sequence                Description
    ------- ------ -----    ------- ------ -----   ---- --  --------                -----------
    1.7e-68  228.3   0.0    1.9e-68  228.2   0.0    1.0  1  NZ_JAEMEB010000018.1_39  # 39137 # 39991 # -1 # ID=9_39;partial=00;start_type=ATG;rbs_motif=None;rbs_spacer=None;gc_cont=0.629


Domain annotation for each sequence:
>> NZ_JAEMEB010000018.1_39  # 39137 # 39991 # -1 # ID=9_39;partial=00;start_type=ATG;rbs_motif=None;rbs_spacer=None;gc_cont=0.629
   #    score  bias  c-Evalue  i-Evalue hmmfrom  hmm to    alifrom  ali to    envfrom  env to     acc
 ---   ------ ----- --------- --------- ------- -------    ------- -------    ------- -------    ----
   1 !  228.2   0.0   5.4e-72   1.9e-68       2     255 ..      20     277 ..      19     278 .. 0.96



Internal pipeline statistics summary:
-------------------------------------
Query model(s):                            1  (256 nodes)
Target sequences:                       3623  (1111147 residues searched)
Passed MSV filter:                        98  (0.0270494); expected 72.5 (0.02)
Passed bias filter:                       87  (0.0240132); expected 72.5 (0.02)
Passed Vit filter:                        17  (0.00469224); expected 3.6 (0.001)
Passed Fwd filter:                         8  (0.00220811); expected 0.0 (1e-05)
Initial search space (Z):               3623  [actual number of targets]
Domain search space  (domZ):               1  [number of targets reported over threshold]
# CPU time: 0.03u 0.00s 00:00:00.03 Elapsed: 00:00:00.04
# Mc/sec: 6295.68
//
Query:       TIGR00810  [M=73]
Accession:   TIGR00810
Description: secG: preprotein translocase, SecG subunit
Scores for complete sequences (score includes all domains):
   --- full sequence ---   --- best 1 domain ---    -#dom-
    E-value  score  bias    E-value  score  bias    exp  N  Sequence                 Description
    ------- ------ -----    ------- ------ -----   ---- --  --------                 -----------
    7.3e-18   62.1  11.1      1e-17   61.6  11.1    1.2  1  NZ_JAEMEB010000002.1_161  # 177586 # 178005 # -1 # ID=22_161;partial=00;start_type=ATG;rbs_motif=AGxAG;rbs_spacer=3-4bp;gc_cont=0.593


Domain annotation for each sequence:
>> NZ_JAEMEB010000002.1_161  # 177586 # 178005 # -1 # ID=22_161;partial=00;start_type=ATG;rbs_motif=AGxAG;rbs_spacer=3-4bp;gc_cont=0.593
   #    score  bias  c-Evalue  i-Evalue hmmfrom  hmm to    alifrom  ali to    envfrom  env to     acc
 ---   ------ ----- --------- --------- ------- -------    ------- -------    ------- -------    ----
   1 !   61.6  11.1   2.8e-21     1e-17       2      72 ..       3      72 ..       2      73 .. 0.89



Internal pipeline statistics summary:
-------------------------------------
Query model(s):                            1  (73 nodes)
Target sequences:                       3623  (1111147 residues searched)
Passed MSV filter:                       337  (0.0930168); expected 72.5 (0.02)
Passed bias filter:                       86  (0.0237372); expected 72.5 (0.02)
Passed Vit filter:                         6  (0.00165609); expected 3.6 (0.001)
Passed Fwd filter:                         2  (0.000552029); expected 0.0 (1e-05)
Initial search space (Z):               3623  [actual number of targets]
Domain search space  (domZ):               1  [number of targets reported over threshold]
# CPU time: 0.02u 0.00s 00:00:00.02 Elapsed: 00:00:00.01
# Mc/sec: 4566.67
//
Query:       TIGR00922  [M=172]
Accession:   TIGR00922
Description: nusG: transcription termination/antitermination factor NusG
Scores for complete sequences (score includes all domains):
   --- full sequence ---   --- best 1 domain ---    -#dom-
    E-value  score  bias    E-value  score  bias    exp  N  Sequence                 Description
    ------- ------ -----    ------- ------ -----   ---- --  --------                 -----------
    2.7e-69  230.1   4.1      3e-69  229.9   4.1    1.0  1  NZ_JAEMEB010000001.1_265  # 275583 # 276113 # -1 # ID=11_265;partial=00;start_type=ATG;rbs_motif=AGGA/GGAG/GAGG;rbs_spacer=11-12bp;gc_cont=0.529


Domain annotation for each sequence:
>> NZ_JAEMEB010000001.1_265  # 275583 # 276113 # -1 # ID=11_265;partial=00;start_type=ATG;rbs_motif=AGGA/GGAG/GAGG;rbs_spacer=11-12bp;gc_cont=0.529
   #    score  bias  c-Evalue  i-Evalue hmmfrom  hmm to    alifrom  ali to    envfrom  env to     acc
 ---   ------ ----- --------- --------- ------- -------    ------- -------    ------- -------    ----
   1 !  229.9   4.1   8.4e-73     3e-69       1     172 []       5     176 ..       5     176 .. 1.00



Internal pipeline statistics summary:
-------------------------------------
Query model(s):                            1  (172 nodes)
Target sequences:                       3623  (1111147 residues searched)
Passed MSV filter:                        62  (0.0171129); expected 72.5 (0.02)
Passed bias filter:                       58  (0.0160088); expected 72.5 (0.02)
Passed Vit filter:                         4  (0.00110406); expected 3.6 (0.001)
Passed Fwd filter:                         1  (0.000276014); expected 0.0 (1e-05)
Initial search space (Z):               3623  [actual number of targets]
Domain search space  (domZ):               1  [number of targets reported over threshold]
# CPU time: 0.02u 0.00s 00:00:00.02 Elapsed: 00:00:00.02
# Mc/sec: 6749.09
//
Query:       TIGR00928  [M=436]
Accession:   TIGR00928
Description: purB: adenylosuccinate lyase
Scores for complete sequences (score includes all domains):
   --- full sequence ---   --- best 1 domain ---    -#dom-
    E-value  score  bias    E-value  score  bias    exp  N  Sequence                 Description
    ------- ------ -----    ------- ------ -----   ---- --  --------                 -----------
   1.6e-145  482.9   0.2   1.7e-145  482.7   0.2    1.0  1  NZ_JAEMEB010000001.1_389  # 385633 # 386964 # 1 # ID=11_389;partial=00;start_type=ATG;rbs_motif=GGA/GAG/AGG;rbs_spacer=5-10bp;gc_cont=0.604


Domain annotation for each sequence:
>> NZ_JAEMEB010000001.1_389  # 385633 # 386964 # 1 # ID=11_389;partial=00;start_type=ATG;rbs_motif=GGA/GAG/AGG;rbs_spacer=5-10bp;gc_cont=0.604
   #    score  bias  c-Evalue  i-Evalue hmmfrom  hmm to    alifrom  ali to    envfrom  env to     acc
 ---   ------ ----- --------- --------- ------- -------    ------- -------    ------- -------    ----
   1 !  482.7   0.2  4.8e-149  1.7e-145       1     436 []       1     441 [.       1     441 [. 0.95



Internal pipeline statistics summary:
-------------------------------------
Query model(s):                            1  (436 nodes)
Target sequences:                       3623  (1111147 residues searched)
Passed MSV filter:                        74  (0.0204251); expected 72.5 (0.02)
Passed bias filter:                       60  (0.0165609); expected 72.5 (0.02)
Passed Vit filter:                         7  (0.0019321); expected 3.6 (0.001)
Passed Fwd filter:                         5  (0.00138007); expected 0.0 (1e-05)
Initial search space (Z):               3623  [actual number of targets]
Domain search space  (domZ):               1  [number of targets reported over threshold]
# CPU time: 0.05u 0.00s 00:00:00.05 Elapsed: 00:00:00.05
# Mc/sec: 9201.88
//
Query:       TIGR00959  [M=428]
Accession:   TIGR00959
Description: ffh: signal recognition particle protein
Scores for complete sequences (score includes all domains):
   --- full sequence ---   --- best 1 domain ---    -#dom-
    E-value  score  bias    E-value  score  bias    exp  N  Sequence                Description
    ------- ------ -----    ------- ------ -----   ---- --  --------                -----------
   4.6e-182  603.2  15.3   5.6e-182  603.0  15.3    1.1  1  NZ_JAEMEB010000015.1_82  # 71638 # 73221 # -1 # ID=6_82;partial=00;start_type=ATG;rbs_motif=AGGA;rbs_spacer=5-10bp;gc_cont=0.590


Domain annotation for each sequence:
>> NZ_JAEMEB010000015.1_82  # 71638 # 73221 # -1 # ID=6_82;partial=00;start_type=ATG;rbs_motif=AGGA;rbs_spacer=5-10bp;gc_cont=0.590
   #    score  bias  c-Evalue  i-Evalue hmmfrom  hmm to    alifrom  ali to    envfrom  env to     acc
 ---   ------ ----- --------- --------- ------- -------    ------- -------    ------- -------    ----
   1 !  603.0  15.3  1.5e-185  5.6e-182       1     428 []       2     429 ..       2     429 .. 1.00



Internal pipeline statistics summary:
-------------------------------------
Query model(s):                            1  (428 nodes)
Target sequences:                       3623  (1111147 residues searched)
Passed MSV filter:                       220  (0.0607232); expected 72.5 (0.02)
Passed bias filter:                      170  (0.0469224); expected 72.5 (0.02)
Passed Vit filter:                        23  (0.00634833); expected 3.6 (0.001)
Passed Fwd filter:                         6  (0.00165609); expected 0.0 (1e-05)
Initial search space (Z):               3623  [actual number of targets]
Domain search space  (domZ):               1  [number of targets reported over threshold]
# CPU time: 0.06u 0.00s 00:00:00.06 Elapsed: 00:00:00.06
# Mc/sec: 7120.86
//
Query:       TIGR00963  [M=787]
Accession:   TIGR00963
Description: secA: preprotein translocase, SecA subunit
Scores for complete sequences (score includes all domains):
   --- full sequence ---   --- best 1 domain ---    -#dom-
    E-value  score  bias    E-value  score  bias    exp  N  Sequence                Description
    ------- ------ -----    ------- ------ -----   ---- --  --------                -----------
          0 1068.2   7.9          0 1068.0   7.9    1.0  1  NZ_JAEMEB010000008.1_27  # 22953 # 25649 # -1 # ID=37_27;partial=00;start_type=ATG;rbs_motif=AGGA;rbs_spacer=5-10bp;gc_cont=0.573


Domain annotation for each sequence:
>> NZ_JAEMEB010000008.1_27  # 22953 # 25649 # -1 # ID=37_27;partial=00;start_type=ATG;rbs_motif=AGGA;rbs_spacer=5-10bp;gc_cont=0.573
   #    score  bias  c-Evalue  i-Evalue hmmfrom  hmm to    alifrom  ali to    envfrom  env to     acc
 ---   ------ ----- --------- --------- ------- -------    ------- -------    ------- -------    ----
   1 ! 1068.0   7.9         0         0       1     786 [.      29     810 ..      29     811 .. 0.97



Internal pipeline statistics summary:
-------------------------------------
Query model(s):                            1  (787 nodes)
Target sequences:                       3623  (1111147 residues searched)
Passed MSV filter:                        82  (0.0226332); expected 72.5 (0.02)
Passed bias filter:                       62  (0.0171129); expected 72.5 (0.02)
Passed Vit filter:                         7  (0.0019321); expected 3.6 (0.001)
Passed Fwd filter:                         1  (0.000276014); expected 0.0 (1e-05)
Initial search space (Z):               3623  [actual number of targets]
Domain search space  (domZ):               1  [number of targets reported over threshold]
# CPU time: 0.07u 0.01s 00:00:00.08 Elapsed: 00:00:00.07
# Mc/sec: 11929.54
//
Query:       TIGR00964  [M=57]
Accession:   TIGR00964
Description: secE_bact: preprotein translocase, SecE subunit
Scores for complete sequences (score includes all domains):
   --- full sequence ---   --- best 1 domain ---    -#dom-
    E-value  score  bias    E-value  score  bias    exp  N  Sequence                 Description
    ------- ------ -----    ------- ------ -----   ---- --  --------                 -----------
    6.5e-21   71.7   3.3    7.1e-21   71.6   3.3    1.0  1  NZ_JAEMEB010000001.1_266  # 276153 # 276347 # -1 # ID=11_266;partial=00;start_type=ATG;rbs_motif=GGA/GAG/AGG;rbs_spacer=5-10bp;gc_cont=0.528


Domain annotation for each sequence:
>> NZ_JAEMEB010000001.1_266  # 276153 # 276347 # -1 # ID=11_266;partial=00;start_type=ATG;rbs_motif=GGA/GAG/AGG;rbs_spacer=5-10bp;gc_cont=0.528
   #    score  bias  c-Evalue  i-Evalue hmmfrom  hmm to    alifrom  ali to    envfrom  env to     acc
 ---   ------ ----- --------- --------- ------- -------    ------- -------    ------- -------    ----
   1 !   71.6   3.3     2e-24   7.1e-21       2      56 ..       7      61 ..       6      62 .. 0.96



Internal pipeline statistics summary:
-------------------------------------
Query model(s):                            1  (57 nodes)
Target sequences:                       3623  (1111147 residues searched)
Passed MSV filter:                       250  (0.0690036); expected 72.5 (0.02)
Passed bias filter:                      128  (0.0353298); expected 72.5 (0.02)
Passed Vit filter:                        13  (0.00358819); expected 3.6 (0.001)
Passed Fwd filter:                         1  (0.000276014); expected 0.0 (1e-05)
Initial search space (Z):               3623  [actual number of targets]
Domain search space  (domZ):               1  [number of targets reported over threshold]
# CPU time: 0.02u 0.00s 00:00:00.02 Elapsed: 00:00:00.01
# Mc/sec: 3709.93
//
Query:       TIGR00967  [M=414]
Accession:   TIGR00967
Description: 3a0501s007: preprotein translocase, SecY subunit
Scores for complete sequences (score includes all domains):
   --- full sequence ---   --- best 1 domain ---    -#dom-
    E-value  score  bias    E-value  score  bias    exp  N  Sequence                 Description
    ------- ------ -----    ------- ------ -----   ---- --  --------                 -----------
   1.7e-124  413.5  16.6     2e-124  413.3  16.6    1.0  1  NZ_JAEMEB010000001.1_232  # 247391 # 248725 # -1 # ID=11_232;partial=00;start_type=ATG;rbs_motif=AGGAG;rbs_spacer=5-10bp;gc_cont=0.563


Domain annotation for each sequence:
>> NZ_JAEMEB010000001.1_232  # 247391 # 248725 # -1 # ID=11_232;partial=00;start_type=ATG;rbs_motif=AGGAG;rbs_spacer=5-10bp;gc_cont=0.563
   #    score  bias  c-Evalue  i-Evalue hmmfrom  hmm to    alifrom  ali to    envfrom  env to     acc
 ---   ------ ----- --------- --------- ------- -------    ------- -------    ------- -------    ----
   1 !  413.3  16.6  5.5e-128    2e-124       2     414 .]      25     430 ..      24     430 .. 0.95



Internal pipeline statistics summary:
-------------------------------------
Query model(s):                            1  (414 nodes)
Target sequences:                       3623  (1111147 residues searched)
Passed MSV filter:                       221  (0.0609992); expected 72.5 (0.02)
Passed bias filter:                       68  (0.018769); expected 72.5 (0.02)
Passed Vit filter:                         4  (0.00110406); expected 3.6 (0.001)
Passed Fwd filter:                         1  (0.000276014); expected 0.0 (1e-05)
Initial search space (Z):               3623  [actual number of targets]
Domain search space  (domZ):               1  [number of targets reported over threshold]
# CPU time: 0.03u 0.00s 00:00:00.03 Elapsed: 00:00:00.03
# Mc/sec: 11742.71
//
Query:       TIGR00982  [M=139]
Accession:   TIGR00982
Description: uS12_E_A: ribosomal protein uS12
Scores for complete sequences (score includes all domains):
   --- full sequence ---   --- best 1 domain ---    -#dom-
    E-value  score  bias    E-value  score  bias    exp  N  Sequence Description
    ------- ------ -----    ------- ------ -----   ---- --  -------- -----------

   [No hits detected that satisfy reporting thresholds]


Domain annotation for each sequence:

   [No targets detected that satisfy reporting thresholds]


Internal pipeline statistics summary:
-------------------------------------
Query model(s):                            1  (139 nodes)
Target sequences:                       3623  (1111147 residues searched)
Passed MSV filter:                        80  (0.0220811); expected 72.5 (0.02)
Passed bias filter:                       76  (0.0209771); expected 72.5 (0.02)
Passed Vit filter:                         7  (0.0019321); expected 3.6 (0.001)
Passed Fwd filter:                         1  (0.000276014); expected 0.0 (1e-05)
Initial search space (Z):               3623  [actual number of targets]
Domain search space  (domZ):               0  [number of targets reported over threshold]
# CPU time: 0.02u 0.00s 00:00:00.02 Elapsed: 00:00:00.02
# Mc/sec: 5305.68
//
Query:       TIGR01008  [M=195]
Accession:   TIGR01008
Description: uS3_euk_arch: ribosomal protein uS3
Scores for complete sequences (score includes all domains):
   --- full sequence ---   --- best 1 domain ---    -#dom-
    E-value  score  bias    E-value  score  bias    exp  N  Sequence Description
    ------- ------ -----    ------- ------ -----   ---- --  -------- -----------

   [No hits detected that satisfy reporting thresholds]


Domain annotation for each sequence:

   [No targets detected that satisfy reporting thresholds]


Internal pipeline statistics summary:
-------------------------------------
Query model(s):                            1  (195 nodes)
Target sequences:                       3623  (1111147 residues searched)
Passed MSV filter:                       123  (0.0339498); expected 72.5 (0.02)
Passed bias filter:                      104  (0.0287055); expected 72.5 (0.02)
Passed Vit filter:                         5  (0.00138007); expected 3.6 (0.001)
Passed Fwd filter:                         1  (0.000276014); expected 0.0 (1e-05)
Initial search space (Z):               3623  [actual number of targets]
Domain search space  (domZ):               0  [number of targets reported over threshold]
# CPU time: 0.02u 0.00s 00:00:00.02 Elapsed: 00:00:00.03
# Mc/sec: 7200.64
//
Query:       TIGR01009  [M=212]
Accession:   TIGR01009
Description: rpsC_bact: ribosomal protein uS3
Scores for complete sequences (score includes all domains):
   --- full sequence ---   --- best 1 domain ---    -#dom-
    E-value  score  bias    E-value  score  bias    exp  N  Sequence                 Description
    ------- ------ -----    ------- ------ -----   ---- --  --------                 -----------
    8.3e-97  320.7   3.0    9.5e-97  320.5   3.0    1.0  1  NZ_JAEMEB010000001.1_246  # 254036 # 254767 # -1 # ID=11_246;partial=00;start_type=ATG;rbs_motif=AGGAGG;rbs_spacer=5-10bp;gc_cont=0.585


Domain annotation for each sequence:
>> NZ_JAEMEB010000001.1_246  # 254036 # 254767 # -1 # ID=11_246;partial=00;start_type=ATG;rbs_motif=AGGAGG;rbs_spacer=5-10bp;gc_cont=0.585
   #    score  bias  c-Evalue  i-Evalue hmmfrom  hmm to    alifrom  ali to    envfrom  env to     acc
 ---   ------ ----- --------- --------- ------- -------    ------- -------    ------- -------    ----
   1 !  320.5   3.0  2.6e-100   9.5e-97       1     210 [.       1     209 [.       1     211 [. 0.99



Internal pipeline statistics summary:
-------------------------------------
Query model(s):                            1  (212 nodes)
Target sequences:                       3623  (1111147 residues searched)
Passed MSV filter:                       100  (0.0276014); expected 72.5 (0.02)
Passed bias filter:                       80  (0.0220811); expected 72.5 (0.02)
Passed Vit filter:                         7  (0.0019321); expected 3.6 (0.001)
Passed Fwd filter:                         2  (0.000552029); expected 0.0 (1e-05)
Initial search space (Z):               3623  [actual number of targets]
Domain search space  (domZ):               1  [number of targets reported over threshold]
# CPU time: 0.03u 0.00s 00:00:00.03 Elapsed: 00:00:00.02
# Mc/sec: 11423.09
//
Query:       TIGR01011  [M=225]
Accession:   TIGR01011
Description: rpsB_bact: ribosomal protein uS2
Scores for complete sequences (score includes all domains):
   --- full sequence ---   --- best 1 domain ---    -#dom-
    E-value  score  bias    E-value  score  bias    exp  N  Sequence                 Description
    ------- ------ -----    ------- ------ -----   ---- --  --------                 -----------
    6.3e-99  327.4   0.0    7.2e-99  327.2   0.0    1.0  1  NZ_JAEMEB010000002.1_205  # 223134 # 223886 # -1 # ID=22_205;partial=00;start_type=ATG;rbs_motif=AGGA;rbs_spacer=5-10bp;gc_cont=0.578


Domain annotation for each sequence:
>> NZ_JAEMEB010000002.1_205  # 223134 # 223886 # -1 # ID=22_205;partial=00;start_type=ATG;rbs_motif=AGGA;rbs_spacer=5-10bp;gc_cont=0.578
   #    score  bias  c-Evalue  i-Evalue hmmfrom  hmm to    alifrom  ali to    envfrom  env to     acc
 ---   ------ ----- --------- --------- ------- -------    ------- -------    ------- -------    ----
   1 !  327.2   0.0    2e-102   7.2e-99       3     222 ..       7     225 ..       5     228 .. 0.98



Internal pipeline statistics summary:
-------------------------------------
Query model(s):                            1  (225 nodes)
Target sequences:                       3623  (1111147 residues searched)
Passed MSV filter:                       103  (0.0284295); expected 72.5 (0.02)
Passed bias filter:                       91  (0.0251173); expected 72.5 (0.02)
Passed Vit filter:                         7  (0.0019321); expected 3.6 (0.001)
Passed Fwd filter:                         1  (0.000276014); expected 0.0 (1e-05)
Initial search space (Z):               3623  [actual number of targets]
Domain search space  (domZ):               1  [number of targets reported over threshold]
# CPU time: 0.02u 0.00s 00:00:00.02 Elapsed: 00:00:00.02
# Mc/sec: 9459.62
//
Query:       TIGR01012  [M=196]
Accession:   TIGR01012
Description: uS2_euk_arch: ribosomal protein uS2
Scores for complete sequences (score includes all domains):
   --- full sequence ---   --- best 1 domain ---    -#dom-
    E-value  score  bias    E-value  score  bias    exp  N  Sequence Description
    ------- ------ -----    ------- ------ -----   ---- --  -------- -----------

   [No hits detected that satisfy reporting thresholds]


Domain annotation for each sequence:

   [No targets detected that satisfy reporting thresholds]


Internal pipeline statistics summary:
-------------------------------------
Query model(s):                            1  (196 nodes)
Target sequences:                       3623  (1111147 residues searched)
Passed MSV filter:                        96  (0.0264974); expected 72.5 (0.02)
Passed bias filter:                       92  (0.0253933); expected 72.5 (0.02)
Passed Vit filter:                         4  (0.00110406); expected 3.6 (0.001)
Passed Fwd filter:                         1  (0.000276014); expected 0.0 (1e-05)
Initial search space (Z):               3623  [actual number of targets]
Domain search space  (domZ):               0  [number of targets reported over threshold]
# CPU time: 0.02u 0.00s 00:00:00.02 Elapsed: 00:00:00.01
# Mc/sec: 14876.50
//
Query:       TIGR01017  [M=200]
Accession:   TIGR01017
Description: rpsD_bact: ribosomal protein uS4
Scores for complete sequences (score includes all domains):
   --- full sequence ---   --- best 1 domain ---    -#dom-
    E-value  score  bias    E-value  score  bias    exp  N  Sequence                Description
    ------- ------ -----    ------- ------ -----   ---- --  --------                -----------
    7.1e-71  235.7   0.1    7.9e-71  235.6   0.1    1.0  1  NZ_JAEMEB010000003.1_18  # 13877 # 14494 # -1 # ID=32_18;partial=00;start_type=ATG;rbs_motif=AGGA;rbs_spacer=5-10bp;gc_cont=0.557


Domain annotation for each sequence:
>> NZ_JAEMEB010000003.1_18  # 13877 # 14494 # -1 # ID=32_18;partial=00;start_type=ATG;rbs_motif=AGGA;rbs_spacer=5-10bp;gc_cont=0.557
   #    score  bias  c-Evalue  i-Evalue hmmfrom  hmm to    alifrom  ali to    envfrom  env to     acc
 ---   ------ ----- --------- --------- ------- -------    ------- -------    ------- -------    ----
   1 !  235.6   0.1   2.2e-74   7.9e-71       5     200 .]       7     205 ..       3     205 .. 0.95



Internal pipeline statistics summary:
-------------------------------------
Query model(s):                            1  (200 nodes)
Target sequences:                       3623  (1111147 residues searched)
Passed MSV filter:                        61  (0.0168369); expected 72.5 (0.02)
Passed bias filter:                       59  (0.0162848); expected 72.5 (0.02)
Passed Vit filter:                         7  (0.0019321); expected 3.6 (0.001)
Passed Fwd filter:                         4  (0.00110406); expected 0.0 (1e-05)
Initial search space (Z):               3623  [actual number of targets]
Domain search space  (domZ):               1  [number of targets reported over threshold]
# CPU time: 0.02u 0.00s 00:00:00.02 Elapsed: 00:00:00.01
# Mc/sec: 15204.07
//
Query:       TIGR01018  [M=162]
Accession:   TIGR01018
Description: uS4_arch: ribosomal protein uS4
Scores for complete sequences (score includes all domains):
   --- full sequence ---   --- best 1 domain ---    -#dom-
    E-value  score  bias    E-value  score  bias    exp  N  Sequence Description
    ------- ------ -----    ------- ------ -----   ---- --  -------- -----------

   [No hits detected that satisfy reporting thresholds]


Domain annotation for each sequence:

   [No targets detected that satisfy reporting thresholds]


Internal pipeline statistics summary:
-------------------------------------
Query model(s):                            1  (162 nodes)
Target sequences:                       3623  (1111147 residues searched)
Passed MSV filter:                        65  (0.0179409); expected 72.5 (0.02)
Passed bias filter:                       57  (0.0157328); expected 72.5 (0.02)
Passed Vit filter:                         6  (0.00165609); expected 3.6 (0.001)
Passed Fwd filter:                         1  (0.000276014); expected 0.0 (1e-05)
Initial search space (Z):               3623  [actual number of targets]
Domain search space  (domZ):               0  [number of targets reported over threshold]
# CPU time: 0.01u 0.01s 00:00:00.02 Elapsed: 00:00:00.01
# Mc/sec: 9951.24
//
Query:       TIGR01020  [M=212]
Accession:   TIGR01020
Description: uS5_euk_arch: ribosomal protein uS5
Scores for complete sequences (score includes all domains):
   --- full sequence ---   --- best 1 domain ---    -#dom-
    E-value  score  bias    E-value  score  bias    exp  N  Sequence Description
    ------- ------ -----    ------- ------ -----   ---- --  -------- -----------

   [No hits detected that satisfy reporting thresholds]


Domain annotation for each sequence:

   [No targets detected that satisfy reporting thresholds]


Internal pipeline statistics summary:
-------------------------------------
Query model(s):                            1  (212 nodes)
Target sequences:                       3623  (1111147 residues searched)
Passed MSV filter:                        86  (0.0237372); expected 72.5 (0.02)
Passed bias filter:                       73  (0.020149); expected 72.5 (0.02)
Passed Vit filter:                         7  (0.0019321); expected 3.6 (0.001)
Passed Fwd filter:                         1  (0.000276014); expected 0.0 (1e-05)
Initial search space (Z):               3623  [actual number of targets]
Domain search space  (domZ):               0  [number of targets reported over threshold]
# CPU time: 0.02u 0.00s 00:00:00.02 Elapsed: 00:00:00.05
# Mc/sec: 4578.75
//
Query:       TIGR01021  [M=156]
Accession:   TIGR01021
Description: rpsE_bact: ribosomal protein uS5
Scores for complete sequences (score includes all domains):
   --- full sequence ---   --- best 1 domain ---    -#dom-
    E-value  score  bias    E-value  score  bias    exp  N  Sequence                 Description
    ------- ------ -----    ------- ------ -----   ---- --  --------                 -----------
    3.5e-66  219.5   3.2    4.1e-66  219.3   3.2    1.0  1  NZ_JAEMEB010000001.1_235  # 249583 # 250116 # -1 # ID=11_235;partial=00;start_type=ATG;rbs_motif=AGGA;rbs_spacer=5-10bp;gc_cont=0.590


Domain annotation for each sequence:
>> NZ_JAEMEB010000001.1_235  # 249583 # 250116 # -1 # ID=11_235;partial=00;start_type=ATG;rbs_motif=AGGA;rbs_spacer=5-10bp;gc_cont=0.590
   #    score  bias  c-Evalue  i-Evalue hmmfrom  hmm to    alifrom  ali to    envfrom  env to     acc
 ---   ------ ----- --------- --------- ------- -------    ------- -------    ------- -------    ----
   1 !  219.3   3.2   1.1e-69   4.1e-66       2     156 .]      10     165 ..       9     165 .. 0.98



Internal pipeline statistics summary:
-------------------------------------
Query model(s):                            1  (156 nodes)
Target sequences:                       3623  (1111147 residues searched)
Passed MSV filter:                       142  (0.039194); expected 72.5 (0.02)
Passed bias filter:                      101  (0.0278774); expected 72.5 (0.02)
Passed Vit filter:                        11  (0.00303616); expected 3.6 (0.001)
Passed Fwd filter:                         1  (0.000276014); expected 0.0 (1e-05)
Initial search space (Z):               3623  [actual number of targets]
Domain search space  (domZ):               1  [number of targets reported over threshold]
# CPU time: 0.02u 0.00s 00:00:00.02 Elapsed: 00:00:00.04
# Mc/sec: 3635.22
//
Query:       TIGR01028  [M=186]
Accession:   TIGR01028
Description: uS7_euk_arch: ribosomal protein uS7
Scores for complete sequences (score includes all domains):
   --- full sequence ---   --- best 1 domain ---    -#dom-
    E-value  score  bias    E-value  score  bias    exp  N  Sequence Description
    ------- ------ -----    ------- ------ -----   ---- --  -------- -----------

   [No hits detected that satisfy reporting thresholds]


Domain annotation for each sequence:

   [No targets detected that satisfy reporting thresholds]


Internal pipeline statistics summary:
-------------------------------------
Query model(s):                            1  (186 nodes)
Target sequences:                       3623  (1111147 residues searched)
Passed MSV filter:                        71  (0.019597); expected 72.5 (0.02)
Passed bias filter:                       54  (0.0149048); expected 72.5 (0.02)
Passed Vit filter:                         7  (0.0019321); expected 3.6 (0.001)
Passed Fwd filter:                         1  (0.000276014); expected 0.0 (1e-05)
Initial search space (Z):               3623  [actual number of targets]
Domain search space  (domZ):               0  [number of targets reported over threshold]
# CPU time: 0.02u 0.00s 00:00:00.02 Elapsed: 00:00:00.03
# Mc/sec: 5337.12
//
Query:       TIGR01029  [M=154]
Accession:   TIGR01029
Description: rpsG_bact: ribosomal protein uS7
Scores for complete sequences (score includes all domains):
   --- full sequence ---   --- best 1 domain ---    -#dom-
    E-value  score  bias    E-value  score  bias    exp  N  Sequence                 Description
    ------- ------ -----    ------- ------ -----   ---- --  --------                 -----------
    4.4e-69  229.0   0.1    4.9e-69  228.8   0.1    1.0  1  NZ_JAEMEB010000001.1_256  # 261716 # 262186 # -1 # ID=11_256;partial=00;start_type=ATG;rbs_motif=AGGAG;rbs_spacer=5-10bp;gc_cont=0.573


Domain annotation for each sequence:
>> NZ_JAEMEB010000001.1_256  # 261716 # 262186 # -1 # ID=11_256;partial=00;start_type=ATG;rbs_motif=AGGAG;rbs_spacer=5-10bp;gc_cont=0.573
   #    score  bias  c-Evalue  i-Evalue hmmfrom  hmm to    alifrom  ali to    envfrom  env to     acc
 ---   ------ ----- --------- --------- ------- -------    ------- -------    ------- -------    ----
   1 !  228.8   0.1   1.4e-72   4.9e-69       1     154 []       3     156 ..       3     156 .. 1.00



Internal pipeline statistics summary:
-------------------------------------
Query model(s):                            1  (154 nodes)
Target sequences:                       3623  (1111147 residues searched)
Passed MSV filter:                        54  (0.0149048); expected 72.5 (0.02)
Passed bias filter:                       46  (0.0126967); expected 72.5 (0.02)
Passed Vit filter:                         3  (0.000828043); expected 3.6 (0.001)
Passed Fwd filter:                         1  (0.000276014); expected 0.0 (1e-05)
Initial search space (Z):               3623  [actual number of targets]
Domain search space  (domZ):               1  [number of targets reported over threshold]
# CPU time: 0.02u 0.00s 00:00:00.02 Elapsed: 00:00:00.01
# Mc/sec: 9483.46
//
Query:       TIGR01032  [M=114]
Accession:   TIGR01032
Description: rplT_bact: ribosomal protein bL20
Scores for complete sequences (score includes all domains):
   --- full sequence ---   --- best 1 domain ---    -#dom-
    E-value  score  bias    E-value  score  bias    exp  N  Sequence                Description
    ------- ------ -----    ------- ------ -----   ---- --  --------                -----------
    2.7e-47  157.5   7.2    3.1e-47  157.2   7.2    1.0  1  NZ_JAEMEB010000005.1_65  # 72224 # 72625 # -1 # ID=34_65;partial=00;start_type=ATG;rbs_motif=AGGA;rbs_spacer=5-10bp;gc_cont=0.585


Domain annotation for each sequence:
>> NZ_JAEMEB010000005.1_65  # 72224 # 72625 # -1 # ID=34_65;partial=00;start_type=ATG;rbs_motif=AGGA;rbs_spacer=5-10bp;gc_cont=0.585
   #    score  bias  c-Evalue  i-Evalue hmmfrom  hmm to    alifrom  ali to    envfrom  env to     acc
 ---   ------ ----- --------- --------- ------- -------    ------- -------    ------- -------    ----
   1 !  157.2   7.2   8.6e-51   3.1e-47       1     114 []       1     114 [.       1     114 [. 0.99



Internal pipeline statistics summary:
-------------------------------------
Query model(s):                            1  (114 nodes)
Target sequences:                       3623  (1111147 residues searched)
Passed MSV filter:                        78  (0.0215291); expected 72.5 (0.02)
Passed bias filter:                       67  (0.018493); expected 72.5 (0.02)
Passed Vit filter:                         5  (0.00138007); expected 3.6 (0.001)
Passed Fwd filter:                         1  (0.000276014); expected 0.0 (1e-05)
Initial search space (Z):               3623  [actual number of targets]
Domain search space  (domZ):               1  [number of targets reported over threshold]
# CPU time: 0.01u 0.00s 00:00:00.01 Elapsed: 00:00:00.01
# Mc/sec: 6567.53
//
Query:       TIGR01039  [M=462]
Accession:   TIGR01039
Description: atpD: ATP synthase F1, beta subunit
Scores for complete sequences (score includes all domains):
   --- full sequence ---   --- best 1 domain ---    -#dom-
    E-value  score  bias    E-value  score  bias    exp  N  Sequence                Description
    ------- ------ -----    ------- ------ -----   ---- --  --------                -----------
   2.4e-244  808.9   4.1   2.8e-244  808.7   4.1    1.0  1  NZ_JAEMEB010000014.1_37  # 39060 # 40499 # -1 # ID=5_37;partial=00;start_type=ATG;rbs_motif=GGAG/GAGG;rbs_spacer=5-10bp;gc_cont=0.576


Domain annotation for each sequence:
>> NZ_JAEMEB010000014.1_37  # 39060 # 40499 # -1 # ID=5_37;partial=00;start_type=ATG;rbs_motif=GGAG/GAGG;rbs_spacer=5-10bp;gc_cont=0.576
   #    score  bias  c-Evalue  i-Evalue hmmfrom  hmm to    alifrom  ali to    envfrom  env to     acc
 ---   ------ ----- --------- --------- ------- -------    ------- -------    ------- -------    ----
   1 !  808.7   4.1  7.6e-248  2.8e-244       2     462 .]       6     474 ..       5     474 .. 0.99



Internal pipeline statistics summary:
-------------------------------------
Query model(s):                            1  (462 nodes)
Target sequences:                       3623  (1111147 residues searched)
Passed MSV filter:                       134  (0.0369859); expected 72.5 (0.02)
Passed bias filter:                      104  (0.0287055); expected 72.5 (0.02)
Passed Vit filter:                        19  (0.00524427); expected 3.6 (0.001)
Passed Fwd filter:                         4  (0.00110406); expected 0.0 (1e-05)
Initial search space (Z):               3623  [actual number of targets]
Domain search space  (domZ):               1  [number of targets reported over threshold]
# CPU time: 0.06u 0.00s 00:00:00.06 Elapsed: 00:00:00.06
# Mc/sec: 8536.83
//
Query:       TIGR01044  [M=103]
Accession:   TIGR01044
Description: rplV_bact: ribosomal protein uL22
Scores for complete sequences (score includes all domains):
   --- full sequence ---   --- best 1 domain ---    -#dom-
    E-value  score  bias    E-value  score  bias    exp  N  Sequence                 Description
    ------- ------ -----    ------- ------ -----   ---- --  --------                 -----------
    6.3e-34  114.0   0.7    7.5e-34  113.8   0.7    1.0  1  NZ_JAEMEB010000001.1_247  # 254767 # 255147 # -1 # ID=11_247;partial=00;start_type=ATG;rbs_motif=GGAG/GAGG;rbs_spacer=5-10bp;gc_cont=0.577


Domain annotation for each sequence:
>> NZ_JAEMEB010000001.1_247  # 254767 # 255147 # -1 # ID=11_247;partial=00;start_type=ATG;rbs_motif=GGAG/GAGG;rbs_spacer=5-10bp;gc_cont=0.577
   #    score  bias  c-Evalue  i-Evalue hmmfrom  hmm to    alifrom  ali to    envfrom  env to     acc
 ---   ------ ----- --------- --------- ------- -------    ------- -------    ------- -------    ----
   1 !  113.8   0.7   2.1e-37   7.5e-34       1     103 []      17     119 ..      17     119 .. 0.99



Internal pipeline statistics summary:
-------------------------------------
Query model(s):                            1  (103 nodes)
Target sequences:                       3623  (1111147 residues searched)
Passed MSV filter:                       109  (0.0300856); expected 72.5 (0.02)
Passed bias filter:                       76  (0.0209771); expected 72.5 (0.02)
Passed Vit filter:                         9  (0.00248413); expected 3.6 (0.001)
Passed Fwd filter:                         2  (0.000552029); expected 0.0 (1e-05)
Initial search space (Z):               3623  [actual number of targets]
Domain search space  (domZ):               1  [number of targets reported over threshold]
# CPU time: 0.02u 0.00s 00:00:00.02 Elapsed: 00:00:00.01
# Mc/sec: 5913.94
//
Query:       TIGR01046  [M=99]
Accession:   TIGR01046
Description: uS10_euk_arch: ribosomal protein uS10
Scores for complete sequences (score includes all domains):
   --- full sequence ---   --- best 1 domain ---    -#dom-
    E-value  score  bias    E-value  score  bias    exp  N  Sequence Description
    ------- ------ -----    ------- ------ -----   ---- --  -------- -----------

   [No hits detected that satisfy reporting thresholds]


Domain annotation for each sequence:

   [No targets detected that satisfy reporting thresholds]


Internal pipeline statistics summary:
-------------------------------------
Query model(s):                            1  (99 nodes)
Target sequences:                       3623  (1111147 residues searched)
Passed MSV filter:                        56  (0.0154568); expected 72.5 (0.02)
Passed bias filter:                       53  (0.0146288); expected 72.5 (0.02)
Passed Vit filter:                         2  (0.000552029); expected 3.6 (0.001)
Passed Fwd filter:                         1  (0.000276014); expected 0.0 (1e-05)
Initial search space (Z):               3623  [actual number of targets]
Domain search space  (domZ):               0  [number of targets reported over threshold]
# CPU time: 0.01u 0.00s 00:00:00.01 Elapsed: 00:00:00.02
# Mc/sec: 4957.52
//
Query:       TIGR01052  [M=488]
Accession:   TIGR01052
Description: top6b: DNA topoisomerase VI, B subunit
Scores for complete sequences (score includes all domains):
   --- full sequence ---   --- best 1 domain ---    -#dom-
    E-value  score  bias    E-value  score  bias    exp  N  Sequence Description
    ------- ------ -----    ------- ------ -----   ---- --  -------- -----------

   [No hits detected that satisfy reporting thresholds]


Domain annotation for each sequence:

   [No targets detected that satisfy reporting thresholds]


Internal pipeline statistics summary:
-------------------------------------
Query model(s):                            1  (488 nodes)
Target sequences:                       3623  (1111147 residues searched)
Passed MSV filter:                        75  (0.0207011); expected 72.5 (0.02)
Passed bias filter:                       73  (0.020149); expected 72.5 (0.02)
Passed Vit filter:                        18  (0.00496826); expected 3.6 (0.001)
Passed Fwd filter:                         7  (0.0019321); expected 0.0 (1e-05)
Initial search space (Z):               3623  [actual number of targets]
Domain search space  (domZ):               0  [number of targets reported over threshold]
# CPU time: 0.05u 0.01s 00:00:00.06 Elapsed: 00:00:00.06
# Mc/sec: 7947.41
//
Query:       TIGR01059  [M=639]
Accession:   TIGR01059
Description: gyrB: DNA gyrase, B subunit
Scores for complete sequences (score includes all domains):
   --- full sequence ---   --- best 1 domain ---    -#dom-
    E-value  score  bias    E-value  score  bias    exp  N  Sequence                 Description
    ------- ------ -----    ------- ------ -----   ---- --  --------                 -----------
   4.2e-297  984.5   0.0   4.9e-297  984.3   0.0    1.0  1  NZ_JAEMEB010000005.1_139  # 150912 # 153341 # 1 # ID=34_139;partial=00;start_type=ATG;rbs_motif=3Base/5BMM;rbs_spacer=13-15bp;gc_cont=0.574


Domain annotation for each sequence:
>> NZ_JAEMEB010000005.1_139  # 150912 # 153341 # 1 # ID=34_139;partial=00;start_type=ATG;rbs_motif=3Base/5BMM;rbs_spacer=13-15bp;gc_cont=0.574
   #    score  bias  c-Evalue  i-Evalue hmmfrom  hmm to    alifrom  ali to    envfrom  env to     acc
 ---   ------ ----- --------- --------- ------- -------    ------- -------    ------- -------    ----
   1 !  984.3   0.0  1.3e-300  4.9e-297       1     639 []      12     809 ..      12     809 .. 0.92



Internal pipeline statistics summary:
-------------------------------------
Query model(s):                            1  (639 nodes)
Target sequences:                       3623  (1111147 residues searched)
Passed MSV filter:                        65  (0.0179409); expected 72.5 (0.02)
Passed bias filter:                       57  (0.0157328); expected 72.5 (0.02)
Passed Vit filter:                         7  (0.0019321); expected 3.6 (0.001)
Passed Fwd filter:                         3  (0.000828043); expected 0.0 (1e-05)
Initial search space (Z):               3623  [actual number of targets]
Domain search space  (domZ):               1  [number of targets reported over threshold]
# CPU time: 0.07u 0.01s 00:00:00.08 Elapsed: 00:00:00.08
# Mc/sec: 8134.93
//
Query:       TIGR01063  [M=800]
Accession:   TIGR01063
Description: gyrA: DNA gyrase, A subunit
Scores for complete sequences (score includes all domains):
   --- full sequence ---   --- best 1 domain ---    -#dom-
    E-value  score  bias    E-value  score  bias    exp  N  Sequence                 Description
    ------- ------ -----    ------- ------ -----   ---- --  --------                 -----------
          0 1142.5   2.5          0 1142.3   2.5    1.0  1  NZ_JAEMEB010000001.1_191  # 208054 # 210876 # -1 # ID=11_191;partial=00;start_type=GTG;rbs_motif=None;rbs_spacer=None;gc_cont=0.584


Domain annotation for each sequence:
>> NZ_JAEMEB010000001.1_191  # 208054 # 210876 # -1 # ID=11_191;partial=00;start_type=GTG;rbs_motif=None;rbs_spacer=None;gc_cont=0.584
   #    score  bias  c-Evalue  i-Evalue hmmfrom  hmm to    alifrom  ali to    envfrom  env to     acc
 ---   ------ ----- --------- --------- ------- -------    ------- -------    ------- -------    ----
   1 ! 1142.3   2.5         0         0       1     799 [.      17     897 ..      17     898 .. 0.99



Internal pipeline statistics summary:
-------------------------------------
Query model(s):                            1  (800 nodes)
Target sequences:                       3623  (1111147 residues searched)
Passed MSV filter:                        80  (0.0220811); expected 72.5 (0.02)
Passed bias filter:                       63  (0.0173889); expected 72.5 (0.02)
Passed Vit filter:                         8  (0.00220811); expected 3.6 (0.001)
Passed Fwd filter:                         2  (0.000552029); expected 0.0 (1e-05)
Initial search space (Z):               3623  [actual number of targets]
Domain search space  (domZ):               1  [number of targets reported over threshold]
# CPU time: 0.07u 0.02s 00:00:00.09 Elapsed: 00:00:00.08
# Mc/sec: 10573.57
//
Query:       TIGR01066  [M=141]
Accession:   TIGR01066
Description: rplM_bact: ribosomal protein uL13
Scores for complete sequences (score includes all domains):
   --- full sequence ---   --- best 1 domain ---    -#dom-
    E-value  score  bias    E-value  score  bias    exp  N  Sequence                Description
    ------- ------ -----    ------- ------ -----   ---- --  --------                -----------
    1.6e-57  191.0   0.0    1.8e-57  190.8   0.0    1.0  1  NZ_JAEMEB010000004.1_73  # 75938 # 76402 # 1 # ID=33_73;partial=00;start_type=ATG;rbs_motif=GGA/GAG/AGG;rbs_spacer=5-10bp;gc_cont=0.581


Domain annotation for each sequence:
>> NZ_JAEMEB010000004.1_73  # 75938 # 76402 # 1 # ID=33_73;partial=00;start_type=ATG;rbs_motif=GGA/GAG/AGG;rbs_spacer=5-10bp;gc_cont=0.581
   #    score  bias  c-Evalue  i-Evalue hmmfrom  hmm to    alifrom  ali to    envfrom  env to     acc
 ---   ------ ----- --------- --------- ------- -------    ------- -------    ------- -------    ----
   1 !  190.8   0.0   4.9e-61   1.8e-57       2     140 ..       3     142 ..       2     143 .. 0.97



Internal pipeline statistics summary:
-------------------------------------
Query model(s):                            1  (141 nodes)
Target sequences:                       3623  (1111147 residues searched)
Passed MSV filter:                        56  (0.0154568); expected 72.5 (0.02)
Passed bias filter:                       51  (0.0140767); expected 72.5 (0.02)
Passed Vit filter:                         5  (0.00138007); expected 3.6 (0.001)
Passed Fwd filter:                         1  (0.000276014); expected 0.0 (1e-05)
Initial search space (Z):               3623  [actual number of targets]
Domain search space  (domZ):               1  [number of targets reported over threshold]
# CPU time: 0.01u 0.00s 00:00:00.01 Elapsed: 00:00:00.01
# Mc/sec: 13330.59
//
Query:       TIGR01071  [M=144]
Accession:   TIGR01071
Description: rplO_bact: ribosomal protein uL15
Scores for complete sequences (score includes all domains):
   --- full sequence ---   --- best 1 domain ---    -#dom-
    E-value  score  bias    E-value  score  bias    exp  N  Sequence                 Description
    ------- ------ -----    ------- ------ -----   ---- --  --------                 -----------
    7.1e-41  137.1   1.5    8.1e-41  136.9   1.5    1.0  1  NZ_JAEMEB010000001.1_233  # 248854 # 249354 # -1 # ID=11_233;partial=00;start_type=ATG;rbs_motif=AGxAG;rbs_spacer=11-12bp;gc_cont=0.569


Domain annotation for each sequence:
>> NZ_JAEMEB010000001.1_233  # 248854 # 249354 # -1 # ID=11_233;partial=00;start_type=ATG;rbs_motif=AGxAG;rbs_spacer=11-12bp;gc_cont=0.569
   #    score  bias  c-Evalue  i-Evalue hmmfrom  hmm to    alifrom  ali to    envfrom  env to     acc
 ---   ------ ----- --------- --------- ------- -------    ------- -------    ------- -------    ----
   1 !  136.9   1.5   2.2e-44   8.1e-41       1     144 []       3     151 ..       3     151 .. 0.96



Internal pipeline statistics summary:
-------------------------------------
Query model(s):                            1  (144 nodes)
Target sequences:                       3623  (1111147 residues searched)
Passed MSV filter:                        50  (0.0138007); expected 72.5 (0.02)
Passed bias filter:                       42  (0.0115926); expected 72.5 (0.02)
Passed Vit filter:                         5  (0.00138007); expected 3.6 (0.001)
Passed Fwd filter:                         1  (0.000276014); expected 0.0 (1e-05)
Initial search space (Z):               3623  [actual number of targets]
Domain search space  (domZ):               1  [number of targets reported over threshold]
# CPU time: 0.01u 0.00s 00:00:00.01 Elapsed: 00:00:00.02
# Mc/sec: 7412.85
//
Query:       TIGR01079  [M=104]
Accession:   TIGR01079
Description: rplX_bact: ribosomal protein uL24
Scores for complete sequences (score includes all domains):
   --- full sequence ---   --- best 1 domain ---    -#dom-
    E-value  score  bias    E-value  score  bias    exp  N  Sequence                 Description
    ------- ------ -----    ------- ------ -----   ---- --  --------                 -----------
    1.7e-34  116.1   1.1    1.8e-34  115.9   1.1    1.0  1  NZ_JAEMEB010000001.1_241  # 252391 # 252702 # -1 # ID=11_241;partial=00;start_type=ATG;rbs_motif=GGAG/GAGG;rbs_spacer=5-10bp;gc_cont=0.542


Domain annotation for each sequence:
>> NZ_JAEMEB010000001.1_241  # 252391 # 252702 # -1 # ID=11_241;partial=00;start_type=ATG;rbs_motif=GGAG/GAGG;rbs_spacer=5-10bp;gc_cont=0.542
   #    score  bias  c-Evalue  i-Evalue hmmfrom  hmm to    alifrom  ali to    envfrom  env to     acc
 ---   ------ ----- --------- --------- ------- -------    ------- -------    ------- -------    ----
   1 !  115.9   1.1   5.1e-38   1.8e-34       2     104 .]       3     101 ..       2     101 .. 0.96



Internal pipeline statistics summary:
-------------------------------------
Query model(s):                            1  (104 nodes)
Target sequences:                       3623  (1111147 residues searched)
Passed MSV filter:                        69  (0.019045); expected 72.5 (0.02)
Passed bias filter:                       63  (0.0173889); expected 72.5 (0.02)
Passed Vit filter:                         2  (0.000552029); expected 3.6 (0.001)
Passed Fwd filter:                         1  (0.000276014); expected 0.0 (1e-05)
Initial search space (Z):               3623  [actual number of targets]
Domain search space  (domZ):               1  [number of targets reported over threshold]
# CPU time: 0.02u 0.00s 00:00:00.02 Elapsed: 00:00:00.01
# Mc/sec: 7761.98
//
Query:       TIGR01082  [M=449]
Accession:   TIGR01082
Description: murC: UDP-N-acetylmuramate--L-alanine ligase
Scores for complete sequences (score includes all domains):
   --- full sequence ---   --- best 1 domain ---    -#dom-
    E-value  score  bias    E-value  score  bias    exp  N  Sequence                 Description
    ------- ------ -----    ------- ------ -----   ---- --  --------                 -----------
   4.3e-161  534.6   0.1   4.9e-161  534.4   0.1    1.0  1  NZ_JAEMEB010000003.1_156  # 170224 # 171642 # -1 # ID=32_156;partial=00;start_type=ATG;rbs_motif=AGGA;rbs_spacer=5-10bp;gc_cont=0.584


Domain annotation for each sequence:
>> NZ_JAEMEB010000003.1_156  # 170224 # 171642 # -1 # ID=32_156;partial=00;start_type=ATG;rbs_motif=AGGA;rbs_spacer=5-10bp;gc_cont=0.584
   #    score  bias  c-Evalue  i-Evalue hmmfrom  hmm to    alifrom  ali to    envfrom  env to     acc
 ---   ------ ----- --------- --------- ------- -------    ------- -------    ------- -------    ----
   1 !  534.4   0.1  1.3e-164  4.9e-161       2     447 ..      10     458 ..       9     460 .. 0.98



Internal pipeline statistics summary:
-------------------------------------
Query model(s):                            1  (449 nodes)
Target sequences:                       3623  (1111147 residues searched)
Passed MSV filter:                       155  (0.0427822); expected 72.5 (0.02)
Passed bias filter:                      135  (0.0372619); expected 72.5 (0.02)
Passed Vit filter:                        15  (0.00414022); expected 3.6 (0.001)
Passed Fwd filter:                         5  (0.00138007); expected 0.0 (1e-05)
Initial search space (Z):               3623  [actual number of targets]
Domain search space  (domZ):               1  [number of targets reported over threshold]
# CPU time: 0.07u 0.00s 00:00:00.07 Elapsed: 00:00:00.08
# Mc/sec: 5848.33
//
Query:       TIGR01087  [M=441]
Accession:   TIGR01087
Description: murD: UDP-N-acetylmuramoylalanine--D-glutamate ligase
Scores for complete sequences (score includes all domains):
   --- full sequence ---   --- best 1 domain ---    -#dom-
    E-value  score  bias    E-value  score  bias    exp  N  Sequence                Description
    ------- ------ -----    ------- ------ -----   ---- --  --------                -----------
    3.9e-81  271.0   0.0    4.6e-81  270.8   0.0    1.1  1  NZ_JAEMEB010000007.1_69  # 59703 # 60998 # 1 # ID=36_69;partial=00;start_type=ATG;rbs_motif=GGA/GAG/AGG;rbs_spacer=5-10bp;gc_cont=0.606


Domain annotation for each sequence:
>> NZ_JAEMEB010000007.1_69  # 59703 # 60998 # 1 # ID=36_69;partial=00;start_type=ATG;rbs_motif=GGA/GAG/AGG;rbs_spacer=5-10bp;gc_cont=0.606
   #    score  bias  c-Evalue  i-Evalue hmmfrom  hmm to    alifrom  ali to    envfrom  env to     acc
 ---   ------ ----- --------- --------- ------- -------    ------- -------    ------- -------    ----
   1 !  270.8   0.0   1.3e-84   4.6e-81       2     440 ..       7     425 ..       6     426 .. 0.85



Internal pipeline statistics summary:
-------------------------------------
Query model(s):                            1  (441 nodes)
Target sequences:                       3623  (1111147 residues searched)
Passed MSV filter:                       187  (0.0516147); expected 72.5 (0.02)
Passed bias filter:                      155  (0.0427822); expected 72.5 (0.02)
Passed Vit filter:                        34  (0.00938449); expected 3.6 (0.001)
Passed Fwd filter:                         6  (0.00165609); expected 0.0 (1e-05)
Initial search space (Z):               3623  [actual number of targets]
Domain search space  (domZ):               1  [number of targets reported over threshold]
# CPU time: 0.07u 0.00s 00:00:00.07 Elapsed: 00:00:00.07
# Mc/sec: 6228.68
//
Query:       TIGR01128  [M=314]
Accession:   TIGR01128
Description: holA: DNA polymerase III, delta subunit
Scores for complete sequences (score includes all domains):
   --- full sequence ---   --- best 1 domain ---    -#dom-
    E-value  score  bias    E-value  score  bias    exp  N  Sequence                Description
    ------- ------ -----    ------- ------ -----   ---- --  --------                -----------
    9.3e-37  124.6   0.0    1.2e-36  124.3   0.0    1.0  1  NZ_JAEMEB010000015.1_66  # 55293 # 56315 # -1 # ID=6_66;partial=00;start_type=ATG;rbs_motif=None;rbs_spacer=None;gc_cont=0.570


Domain annotation for each sequence:
>> NZ_JAEMEB010000015.1_66  # 55293 # 56315 # -1 # ID=6_66;partial=00;start_type=ATG;rbs_motif=None;rbs_spacer=None;gc_cont=0.570
   #    score  bias  c-Evalue  i-Evalue hmmfrom  hmm to    alifrom  ali to    envfrom  env to     acc
 ---   ------ ----- --------- --------- ------- -------    ------- -------    ------- -------    ----
   1 !  124.3   0.0   3.2e-40   1.2e-36       4     314 .]      22     334 ..      20     334 .. 0.96



Internal pipeline statistics summary:
-------------------------------------
Query model(s):                            1  (314 nodes)
Target sequences:                       3623  (1111147 residues searched)
Passed MSV filter:                       116  (0.0320177); expected 72.5 (0.02)
Passed bias filter:                       93  (0.0256693); expected 72.5 (0.02)
Passed Vit filter:                         8  (0.00220811); expected 3.6 (0.001)
Passed Fwd filter:                         3  (0.000828043); expected 0.0 (1e-05)
Initial search space (Z):               3623  [actual number of targets]
Domain search space  (domZ):               1  [number of targets reported over threshold]
# CPU time: 0.03u 0.00s 00:00:00.03 Elapsed: 00:00:00.03
# Mc/sec: 9265.51
//
Query:       TIGR01146  [M=286]
Accession:   TIGR01146
Description: ATPsyn_F1gamma: ATP synthase F1, gamma subunit
Scores for complete sequences (score includes all domains):
   --- full sequence ---   --- best 1 domain ---    -#dom-
    E-value  score  bias    E-value  score  bias    exp  N  Sequence                Description
    ------- ------ -----    ------- ------ -----   ---- --  --------                -----------
    4.6e-93  309.8   2.8    5.1e-93  309.6   2.8    1.0  1  NZ_JAEMEB010000014.1_38  # 40521 # 41408 # -1 # ID=5_38;partial=00;start_type=ATG;rbs_motif=AGGAG;rbs_spacer=5-10bp;gc_cont=0.562


Domain annotation for each sequence:
>> NZ_JAEMEB010000014.1_38  # 40521 # 41408 # -1 # ID=5_38;partial=00;start_type=ATG;rbs_motif=AGGAG;rbs_spacer=5-10bp;gc_cont=0.562
   #    score  bias  c-Evalue  i-Evalue hmmfrom  hmm to    alifrom  ali to    envfrom  env to     acc
 ---   ------ ----- --------- --------- ------- -------    ------- -------    ------- -------    ----
   1 !  309.6   2.8   1.4e-96   5.1e-93       1     286 []       1     295 [.       1     295 [. 0.93



Internal pipeline statistics summary:
-------------------------------------
Query model(s):                            1  (286 nodes)
Target sequences:                       3623  (1111147 residues searched)
Passed MSV filter:                        93  (0.0256693); expected 72.5 (0.02)
Passed bias filter:                       63  (0.0173889); expected 72.5 (0.02)
Passed Vit filter:                         5  (0.00138007); expected 3.6 (0.001)
Passed Fwd filter:                         1  (0.000276014); expected 0.0 (1e-05)
Initial search space (Z):               3623  [actual number of targets]
Domain search space  (domZ):               1  [number of targets reported over threshold]
# CPU time: 0.02u 0.00s 00:00:00.02 Elapsed: 00:00:00.03
# Mc/sec: 10069.07
//
Query:       TIGR01164  [M=126]
Accession:   TIGR01164
Description: rplP_bact: ribosomal protein uL16
Scores for complete sequences (score includes all domains):
   --- full sequence ---   --- best 1 domain ---    -#dom-
    E-value  score  bias    E-value  score  bias    exp  N  Sequence                 Description
    ------- ------ -----    ------- ------ -----   ---- --  --------                 -----------
    2.5e-59  196.6   1.7    2.8e-59  196.4   1.7    1.0  1  NZ_JAEMEB010000001.1_245  # 253607 # 254020 # -1 # ID=11_245;partial=00;start_type=ATG;rbs_motif=AGxAGG/AGGxGG;rbs_spacer=5-10bp;gc_cont=0.551


Domain annotation for each sequence:
>> NZ_JAEMEB010000001.1_245  # 253607 # 254020 # -1 # ID=11_245;partial=00;start_type=ATG;rbs_motif=AGxAGG/AGGxGG;rbs_spacer=5-10bp;gc_cont=0.551
   #    score  bias  c-Evalue  i-Evalue hmmfrom  hmm to    alifrom  ali to    envfrom  env to     acc
 ---   ------ ----- --------- --------- ------- -------    ------- -------    ------- -------    ----
   1 !  196.4   1.7   7.8e-63   2.8e-59       1     126 []       2     127 ..       2     127 .. 0.99



Internal pipeline statistics summary:
-------------------------------------
Query model(s):                            1  (126 nodes)
Target sequences:                       3623  (1111147 residues searched)
Passed MSV filter:                        79  (0.0218051); expected 72.5 (0.02)
Passed bias filter:                       70  (0.019321); expected 72.5 (0.02)
Passed Vit filter:                         6  (0.00165609); expected 3.6 (0.001)
Passed Fwd filter:                         1  (0.000276014); expected 0.0 (1e-05)
Initial search space (Z):               3623  [actual number of targets]
Domain search space  (domZ):               1  [number of targets reported over threshold]
# CPU time: 0.02u 0.00s 00:00:00.02 Elapsed: 00:00:00.03
# Mc/sec: 3624.50
//
Query:       TIGR01169  [M=227]
Accession:   TIGR01169
Description: rplA_bact: ribosomal protein uL1
Scores for complete sequences (score includes all domains):
   --- full sequence ---   --- best 1 domain ---    -#dom-
    E-value  score  bias    E-value  score  bias    exp  N  Sequence                 Description
    ------- ------ -----    ------- ------ -----   ---- --  --------                 -----------
   2.3e-101  335.6   2.8   2.6e-101  335.4   2.8    1.0  1  NZ_JAEMEB010000001.1_263  # 274355 # 275050 # -1 # ID=11_263;partial=00;start_type=ATG;rbs_motif=GGAG/GAGG;rbs_spacer=5-10bp;gc_cont=0.553


Domain annotation for each sequence:
>> NZ_JAEMEB010000001.1_263  # 274355 # 275050 # -1 # ID=11_263;partial=00;start_type=ATG;rbs_motif=GGAG/GAGG;rbs_spacer=5-10bp;gc_cont=0.553
   #    score  bias  c-Evalue  i-Evalue hmmfrom  hmm to    alifrom  ali to    envfrom  env to     acc
 ---   ------ ----- --------- --------- ------- -------    ------- -------    ------- -------    ----
   1 !  335.4   2.8  7.1e-105  2.6e-101       1     224 [.       3     226 ..       3     229 .. 0.99



Internal pipeline statistics summary:
-------------------------------------
Query model(s):                            1  (227 nodes)
Target sequences:                       3623  (1111147 residues searched)
Passed MSV filter:                        97  (0.0267734); expected 72.5 (0.02)
Passed bias filter:                       75  (0.0207011); expected 72.5 (0.02)
Passed Vit filter:                        13  (0.00358819); expected 3.6 (0.001)
Passed Fwd filter:                         1  (0.000276014); expected 0.0 (1e-05)
Initial search space (Z):               3623  [actual number of targets]
Domain search space  (domZ):               1  [number of targets reported over threshold]
# CPU time: 0.03u 0.00s 00:00:00.03 Elapsed: 00:00:00.02
# Mc/sec: 11615.20
//
Query:       TIGR01171  [M=275]
Accession:   TIGR01171
Description: rplB_bact: ribosomal protein uL2
Scores for complete sequences (score includes all domains):
   --- full sequence ---   --- best 1 domain ---    -#dom-
    E-value  score  bias    E-value  score  bias    exp  N  Sequence                 Description
    ------- ------ -----    ------- ------ -----   ---- --  --------                 -----------
   2.7e-119  395.2   4.8   3.2e-119  395.0   4.8    1.0  1  NZ_JAEMEB010000001.1_249  # 255432 # 256271 # -1 # ID=11_249;partial=00;start_type=ATG;rbs_motif=GGA/GAG/AGG;rbs_spacer=5-10bp;gc_cont=0.575


Domain annotation for each sequence:
>> NZ_JAEMEB010000001.1_249  # 255432 # 256271 # -1 # ID=11_249;partial=00;start_type=ATG;rbs_motif=GGA/GAG/AGG;rbs_spacer=5-10bp;gc_cont=0.575
   #    score  bias  c-Evalue  i-Evalue hmmfrom  hmm to    alifrom  ali to    envfrom  env to     acc
 ---   ------ ----- --------- --------- ------- -------    ------- -------    ------- -------    ----
   1 !  395.0   4.8  8.7e-123  3.2e-119       1     274 [.       3     274 ..       3     275 .. 0.98



Internal pipeline statistics summary:
-------------------------------------
Query model(s):                            1  (275 nodes)
Target sequences:                       3623  (1111147 residues searched)
Passed MSV filter:                        43  (0.0118686); expected 72.5 (0.02)
Passed bias filter:                       39  (0.0107646); expected 72.5 (0.02)
Passed Vit filter:                         2  (0.000552029); expected 3.6 (0.001)
Passed Fwd filter:                         1  (0.000276014); expected 0.0 (1e-05)
Initial search space (Z):               3623  [actual number of targets]
Domain search space  (domZ):               1  [number of targets reported over threshold]
# CPU time: 0.02u 0.00s 00:00:00.02 Elapsed: 00:00:00.02
# Mc/sec: 13360.64
//
Query:       TIGR01213  [M=387]
Accession:   TIGR01213
Description: pseudo_Pus10arc: tRNA pseudouridine(54/55) synthase
Scores for complete sequences (score includes all domains):
   --- full sequence ---   --- best 1 domain ---    -#dom-
    E-value  score  bias    E-value  score  bias    exp  N  Sequence Description
    ------- ------ -----    ------- ------ -----   ---- --  -------- -----------

   [No hits detected that satisfy reporting thresholds]


Domain annotation for each sequence:

   [No targets detected that satisfy reporting thresholds]


Internal pipeline statistics summary:
-------------------------------------
Query model(s):                            1  (387 nodes)
Target sequences:                       3623  (1111147 residues searched)
Passed MSV filter:                       100  (0.0276014); expected 72.5 (0.02)
Passed bias filter:                       82  (0.0226332); expected 72.5 (0.02)
Passed Vit filter:                         7  (0.0019321); expected 3.6 (0.001)
Passed Fwd filter:                         0  (0); expected 0.0 (1e-05)
Initial search space (Z):               3623  [actual number of targets]
Domain search space  (domZ):               0  [number of targets reported over threshold]
# CPU time: 0.03u 0.00s 00:00:00.03 Elapsed: 00:00:00.03
# Mc/sec: 11393.36
//
Query:       TIGR01302  [M=450]
Accession:   TIGR01302
Description: IMP_dehydrog: inosine-5'-monophosphate dehydrogenase
Scores for complete sequences (score includes all domains):
   --- full sequence ---   --- best 1 domain ---    -#dom-
    E-value  score  bias    E-value  score  bias    exp  N  Sequence                Description
    ------- ------ -----    ------- ------ -----   ---- --  --------                -----------
   3.4e-191  633.6  10.4   3.9e-191  633.4  10.4    1.0  1  NZ_JAEMEB010000018.1_11  # 10855 # 12357 # 1 # ID=9_11;partial=00;start_type=TTG;rbs_motif=GGA/GAG/AGG;rbs_spacer=5-10bp;gc_cont=0.593


Domain annotation for each sequence:
>> NZ_JAEMEB010000018.1_11  # 10855 # 12357 # 1 # ID=9_11;partial=00;start_type=TTG;rbs_motif=GGA/GAG/AGG;rbs_spacer=5-10bp;gc_cont=0.593
   #    score  bias  c-Evalue  i-Evalue hmmfrom  hmm to    alifrom  ali to    envfrom  env to     acc
 ---   ------ ----- --------- --------- ------- -------    ------- -------    ------- -------    ----
   1 !  633.4  10.4  1.1e-194  3.9e-191       1     450 []      13     467 ..      13     467 .. 0.99



Internal pipeline statistics summary:
-------------------------------------
Query model(s):                            1  (450 nodes)
Target sequences:                       3623  (1111147 residues searched)
Passed MSV filter:                       165  (0.0455424); expected 72.5 (0.02)
Passed bias filter:                       95  (0.0262214); expected 72.5 (0.02)
Passed Vit filter:                        17  (0.00469224); expected 3.6 (0.001)
Passed Fwd filter:                        10  (0.00276014); expected 0.0 (1e-05)
Initial search space (Z):               3623  [actual number of targets]
Domain search space  (domZ):               1  [number of targets reported over threshold]
# CPU time: 0.07u 0.00s 00:00:00.07 Elapsed: 00:00:00.05
# Mc/sec: 8434.11
//
Query:       TIGR01391  [M=414]
Accession:   TIGR01391
Description: dnaG: DNA primase
Scores for complete sequences (score includes all domains):
   --- full sequence ---   --- best 1 domain ---    -#dom-
    E-value  score  bias    E-value  score  bias    exp  N  Sequence                 Description
    ------- ------ -----    ------- ------ -----   ---- --  --------                 -----------
   1.4e-122  407.2   0.0   1.8e-122  406.8   0.0    1.1  1  NZ_JAEMEB010000003.1_263  # 285186 # 287132 # -1 # ID=32_263;partial=00;start_type=ATG;rbs_motif=None;rbs_spacer=None;gc_cont=0.580


Domain annotation for each sequence:
>> NZ_JAEMEB010000003.1_263  # 285186 # 287132 # -1 # ID=32_263;partial=00;start_type=ATG;rbs_motif=None;rbs_spacer=None;gc_cont=0.580
   #    score  bias  c-Evalue  i-Evalue hmmfrom  hmm to    alifrom  ali to    envfrom  env to     acc
 ---   ------ ----- --------- --------- ------- -------    ------- -------    ------- -------    ----
   1 !  406.8   0.0  4.9e-126  1.8e-122       2     414 .]       3     422 ..       2     422 .. 0.96



Internal pipeline statistics summary:
-------------------------------------
Query model(s):                            1  (414 nodes)
Target sequences:                       3623  (1111147 residues searched)
Passed MSV filter:                        95  (0.0262214); expected 72.5 (0.02)
Passed bias filter:                       87  (0.0240132); expected 72.5 (0.02)
Passed Vit filter:                         9  (0.00248413); expected 3.6 (0.001)
Passed Fwd filter:                         1  (0.000276014); expected 0.0 (1e-05)
Initial search space (Z):               3623  [actual number of targets]
Domain search space  (domZ):               1  [number of targets reported over threshold]
# CPU time: 0.03u 0.01s 00:00:00.04 Elapsed: 00:00:00.04
# Mc/sec: 10273.64
//
Query:       TIGR01393  [M=595]
Accession:   TIGR01393
Description: lepA: elongation factor 4
Scores for complete sequences (score includes all domains):
   --- full sequence ---   --- best 1 domain ---    -#dom-
    E-value  score  bias    E-value  score  bias    exp  N  Sequence                 Description
    ------- ------ -----    ------- ------ -----   ---- --  --------                 -----------
     3e-290  961.4   0.1   3.5e-290  961.2   0.1    1.0  1  NZ_JAEMEB010000005.1_179  # 189353 # 191158 # 1 # ID=34_179;partial=00;start_type=ATG;rbs_motif=None;rbs_spacer=None;gc_cont=0.570


Domain annotation for each sequence:
>> NZ_JAEMEB010000005.1_179  # 189353 # 191158 # 1 # ID=34_179;partial=00;start_type=ATG;rbs_motif=None;rbs_spacer=None;gc_cont=0.570
   #    score  bias  c-Evalue  i-Evalue hmmfrom  hmm to    alifrom  ali to    envfrom  env to     acc
 ---   ------ ----- --------- --------- ------- -------    ------- -------    ------- -------    ----
   1 !  961.2   0.1  9.6e-294  3.5e-290       1     594 [.       6     598 ..       6     599 .. 1.00



Internal pipeline statistics summary:
-------------------------------------
Query model(s):                            1  (595 nodes)
Target sequences:                       3623  (1111147 residues searched)
Passed MSV filter:                        72  (0.019873); expected 72.5 (0.02)
Passed bias filter:                       60  (0.0165609); expected 72.5 (0.02)
Passed Vit filter:                        13  (0.00358819); expected 3.6 (0.001)
Passed Fwd filter:                         9  (0.00248413); expected 0.0 (1e-05)
Initial search space (Z):               3623  [actual number of targets]
Domain search space  (domZ):               1  [number of targets reported over threshold]
# CPU time: 0.10u 0.00s 00:00:00.10 Elapsed: 00:00:00.10
# Mc/sec: 6296.43
//
Query:       TIGR01394  [M=594]
Accession:   TIGR01394
Description: TypA_BipA: GTP-binding protein TypA/BipA
Scores for complete sequences (score includes all domains):
   --- full sequence ---   --- best 1 domain ---    -#dom-
    E-value  score  bias    E-value  score  bias    exp  N  Sequence                 Description
    ------- ------ -----    ------- ------ -----   ---- --  --------                 -----------
   2.9e-269  892.0   0.5   3.3e-269  891.8   0.5    1.0  1  NZ_JAEMEB010000014.1_103  # 102442 # 104358 # 1 # ID=5_103;partial=00;start_type=TTG;rbs_motif=GGA/GAG/AGG;rbs_spacer=5-10bp;gc_cont=0.571


Domain annotation for each sequence:
>> NZ_JAEMEB010000014.1_103  # 102442 # 104358 # 1 # ID=5_103;partial=00;start_type=TTG;rbs_motif=GGA/GAG/AGG;rbs_spacer=5-10bp;gc_cont=0.571
   #    score  bias  c-Evalue  i-Evalue hmmfrom  hmm to    alifrom  ali to    envfrom  env to     acc
 ---   ------ ----- --------- --------- ------- -------    ------- -------    ------- -------    ----
   1 !  891.8   0.5  9.2e-273  3.3e-269       1     594 []      37     630 ..      37     630 .. 0.99



Internal pipeline statistics summary:
-------------------------------------
Query model(s):                            1  (594 nodes)
Target sequences:                       3623  (1111147 residues searched)
Passed MSV filter:                        86  (0.0237372); expected 72.5 (0.02)
Passed bias filter:                       65  (0.0179409); expected 72.5 (0.02)
Passed Vit filter:                        13  (0.00358819); expected 3.6 (0.001)
Passed Fwd filter:                         7  (0.0019321); expected 0.0 (1e-05)
Initial search space (Z):               3623  [actual number of targets]
Domain search space  (domZ):               1  [number of targets reported over threshold]
# CPU time: 0.09u 0.00s 00:00:00.09 Elapsed: 00:00:00.09
# Mc/sec: 6718.46
//
Query:       TIGR01510  [M=155]
Accession:   TIGR01510
Description: coaD_prev_kdtB: pantetheine-phosphate adenylyltransferase
Scores for complete sequences (score includes all domains):
   --- full sequence ---   --- best 1 domain ---    -#dom-
    E-value  score  bias    E-value  score  bias    exp  N  Sequence                 Description
    ------- ------ -----    ------- ------ -----   ---- --  --------                 -----------
    8.4e-52  173.0   0.0    9.4e-52  172.8   0.0    1.0  1  NZ_JAEMEB010000001.1_187  # 205906 # 206400 # -1 # ID=11_187;partial=00;start_type=GTG;rbs_motif=GGAGG;rbs_spacer=5-10bp;gc_cont=0.525


Domain annotation for each sequence:
>> NZ_JAEMEB010000001.1_187  # 205906 # 206400 # -1 # ID=11_187;partial=00;start_type=GTG;rbs_motif=GGAGG;rbs_spacer=5-10bp;gc_cont=0.525
   #    score  bias  c-Evalue  i-Evalue hmmfrom  hmm to    alifrom  ali to    envfrom  env to     acc
 ---   ------ ----- --------- --------- ------- -------    ------- -------    ------- -------    ----
   1 !  172.8   0.0   2.6e-55   9.4e-52       2     154 ..       6     164 ..       5     164 .. 0.95



Internal pipeline statistics summary:
-------------------------------------
Query model(s):                            1  (155 nodes)
Target sequences:                       3623  (1111147 residues searched)
Passed MSV filter:                        65  (0.0179409); expected 72.5 (0.02)
Passed bias filter:                       61  (0.0168369); expected 72.5 (0.02)
Passed Vit filter:                         5  (0.00138007); expected 3.6 (0.001)
Passed Fwd filter:                         2  (0.000552029); expected 0.0 (1e-05)
Initial search space (Z):               3623  [actual number of targets]
Domain search space  (domZ):               1  [number of targets reported over threshold]
# CPU time: 0.02u 0.00s 00:00:00.02 Elapsed: 00:00:00.02
# Mc/sec: 7031.46
//
Query:       TIGR01632  [M=140]
Accession:   TIGR01632
Description: L11_bact: ribosomal protein uL11
Scores for complete sequences (score includes all domains):
   --- full sequence ---   --- best 1 domain ---    -#dom-
    E-value  score  bias    E-value  score  bias    exp  N  Sequence                 Description
    ------- ------ -----    ------- ------ -----   ---- --  --------                 -----------
      7e-65  214.9   1.7    7.8e-65  214.8   1.7    1.0  1  NZ_JAEMEB010000001.1_264  # 275056 # 275484 # -1 # ID=11_264;partial=00;start_type=ATG;rbs_motif=AGGA;rbs_spacer=5-10bp;gc_cont=0.541


Domain annotation for each sequence:
>> NZ_JAEMEB010000001.1_264  # 275056 # 275484 # -1 # ID=11_264;partial=00;start_type=ATG;rbs_motif=AGGA;rbs_spacer=5-10bp;gc_cont=0.541
   #    score  bias  c-Evalue  i-Evalue hmmfrom  hmm to    alifrom  ali to    envfrom  env to     acc
 ---   ------ ----- --------- --------- ------- -------    ------- -------    ------- -------    ----
   1 !  214.8   1.7   2.2e-68   7.8e-65       1     139 [.       3     141 ..       3     142 .. 0.99



Internal pipeline statistics summary:
-------------------------------------
Query model(s):                            1  (140 nodes)
Target sequences:                       3623  (1111147 residues searched)
Passed MSV filter:                        79  (0.0218051); expected 72.5 (0.02)
Passed bias filter:                       67  (0.018493); expected 72.5 (0.02)
Passed Vit filter:                         5  (0.00138007); expected 3.6 (0.001)
Passed Fwd filter:                         1  (0.000276014); expected 0.0 (1e-05)
Initial search space (Z):               3623  [actual number of targets]
Domain search space  (domZ):               1  [number of targets reported over threshold]
# CPU time: 0.02u 0.00s 00:00:00.02 Elapsed: 00:00:00.02
# Mc/sec: 6143.86
//
Query:       TIGR01951  [M=131]
Accession:   TIGR01951
Description: nusB: transcription antitermination factor NusB
Scores for complete sequences (score includes all domains):
   --- full sequence ---   --- best 1 domain ---    -#dom-
    E-value  score  bias    E-value  score  bias    exp  N  Sequence                Description
    ------- ------ -----    ------- ------ -----   ---- --  --------                -----------
    1.1e-37  127.0   0.0    1.2e-37  126.8   0.0    1.0  1  NZ_JAEMEB010000004.1_54  # 58779 # 59261 # 1 # ID=33_54;partial=00;start_type=ATG;rbs_motif=None;rbs_spacer=None;gc_cont=0.609


Domain annotation for each sequence:
>> NZ_JAEMEB010000004.1_54  # 58779 # 59261 # 1 # ID=33_54;partial=00;start_type=ATG;rbs_motif=None;rbs_spacer=None;gc_cont=0.609
   #    score  bias  c-Evalue  i-Evalue hmmfrom  hmm to    alifrom  ali to    envfrom  env to     acc
 ---   ------ ----- --------- --------- ------- -------    ------- -------    ------- -------    ----
   1 !  126.8   0.0   3.3e-41   1.2e-37       2     130 ..      18     155 ..      16     156 .. 0.93



Internal pipeline statistics summary:
-------------------------------------
Query model(s):                            1  (131 nodes)
Target sequences:                       3623  (1111147 residues searched)
Passed MSV filter:                        82  (0.0226332); expected 72.5 (0.02)
Passed bias filter:                       67  (0.018493); expected 72.5 (0.02)
Passed Vit filter:                         8  (0.00220811); expected 3.6 (0.001)
Passed Fwd filter:                         2  (0.000552029); expected 0.0 (1e-05)
Initial search space (Z):               3623  [actual number of targets]
Domain search space  (domZ):               1  [number of targets reported over threshold]
# CPU time: 0.01u 0.00s 00:00:00.01 Elapsed: 00:00:00.03
# Mc/sec: 4211.17
//
Query:       TIGR01952  [M=141]
Accession:   TIGR01952
Description: nusA_arch: NusA family KH domain protein, archaeal
Scores for complete sequences (score includes all domains):
   --- full sequence ---   --- best 1 domain ---    -#dom-
    E-value  score  bias    E-value  score  bias    exp  N  Sequence Description
    ------- ------ -----    ------- ------ -----   ---- --  -------- -----------

   [No hits detected that satisfy reporting thresholds]


Domain annotation for each sequence:

   [No targets detected that satisfy reporting thresholds]


Internal pipeline statistics summary:
-------------------------------------
Query model(s):                            1  (141 nodes)
Target sequences:                       3623  (1111147 residues searched)
Passed MSV filter:                        92  (0.0253933); expected 72.5 (0.02)
Passed bias filter:                       80  (0.0220811); expected 72.5 (0.02)
Passed Vit filter:                        12  (0.00331217); expected 3.6 (0.001)
Passed Fwd filter:                         2  (0.000552029); expected 0.0 (1e-05)
Initial search space (Z):               3623  [actual number of targets]
Domain search space  (domZ):               0  [number of targets reported over threshold]
# CPU time: 0.03u 0.00s 00:00:00.03 Elapsed: 00:00:00.03
# Mc/sec: 5003.96
//
Query:       TIGR01953  [M=340]
Accession:   TIGR01953
Description: NusA: transcription termination factor NusA
Scores for complete sequences (score includes all domains):
   --- full sequence ---   --- best 1 domain ---    -#dom-
    E-value  score  bias    E-value  score  bias    exp  N  Sequence                Description
    ------- ------ -----    ------- ------ -----   ---- --  --------                -----------
   1.2e-131  436.4   1.7   1.6e-131  436.0   1.7    1.1  1  NZ_JAEMEB010000005.1_83  # 87894 # 89489 # 1 # ID=34_83;partial=00;start_type=ATG;rbs_motif=AGGAG;rbs_spacer=5-10bp;gc_cont=0.559


Domain annotation for each sequence:
>> NZ_JAEMEB010000005.1_83  # 87894 # 89489 # 1 # ID=34_83;partial=00;start_type=ATG;rbs_motif=AGGAG;rbs_spacer=5-10bp;gc_cont=0.559
   #    score  bias  c-Evalue  i-Evalue hmmfrom  hmm to    alifrom  ali to    envfrom  env to     acc
 ---   ------ ----- --------- --------- ------- -------    ------- -------    ------- -------    ----
   1 !  436.0   1.7  4.4e-135  1.6e-131       1     339 [.       9     346 ..       9     347 .. 0.99



Internal pipeline statistics summary:
-------------------------------------
Query model(s):                            1  (340 nodes)
Target sequences:                       3623  (1111147 residues searched)
Passed MSV filter:                        90  (0.0248413); expected 72.5 (0.02)
Passed bias filter:                       69  (0.019045); expected 72.5 (0.02)
Passed Vit filter:                         7  (0.0019321); expected 3.6 (0.001)
Passed Fwd filter:                         1  (0.000276014); expected 0.0 (1e-05)
Initial search space (Z):               3623  [actual number of targets]
Domain search space  (domZ):               1  [number of targets reported over threshold]
# CPU time: 0.02u 0.01s 00:00:00.03 Elapsed: 00:00:00.03
# Mc/sec: 12219.10
//
Query:       TIGR02012  [M=321]
Accession:   TIGR02012
Description: tigrfam_recA: protein RecA
Scores for complete sequences (score includes all domains):
   --- full sequence ---   --- best 1 domain ---    -#dom-
    E-value  score  bias    E-value  score  bias    exp  N  Sequence                Description
    ------- ------ -----    ------- ------ -----   ---- --  --------                -----------
   7.6e-175  578.4   0.7   8.7e-175  578.2   0.7    1.0  1  NZ_JAEMEB010000003.1_29  # 26530 # 27603 # -1 # ID=32_29;partial=00;start_type=ATG;rbs_motif=AGGAG;rbs_spacer=5-10bp;gc_cont=0.561


Domain annotation for each sequence:
>> NZ_JAEMEB010000003.1_29  # 26530 # 27603 # -1 # ID=32_29;partial=00;start_type=ATG;rbs_motif=AGGAG;rbs_spacer=5-10bp;gc_cont=0.561
   #    score  bias  c-Evalue  i-Evalue hmmfrom  hmm to    alifrom  ali to    envfrom  env to     acc
 ---   ------ ----- --------- --------- ------- -------    ------- -------    ------- -------    ----
   1 !  578.2   0.7  2.4e-178  8.7e-175       1     321 []      15     335 ..      15     335 .. 1.00



Internal pipeline statistics summary:
-------------------------------------
Query model(s):                            1  (321 nodes)
Target sequences:                       3623  (1111147 residues searched)
Passed MSV filter:                       187  (0.0516147); expected 72.5 (0.02)
Passed bias filter:                      150  (0.0414022); expected 72.5 (0.02)
Passed Vit filter:                        27  (0.00745239); expected 3.6 (0.001)
Passed Fwd filter:                         2  (0.000552029); expected 0.0 (1e-05)
Initial search space (Z):               3623  [actual number of targets]
Domain search space  (domZ):               1  [number of targets reported over threshold]
# CPU time: 0.04u 0.00s 00:00:00.04 Elapsed: 00:00:00.05
# Mc/sec: 7002.11
//
Query:       TIGR02013  [M=1238]
Accession:   TIGR02013
Description: rpoB: DNA-directed RNA polymerase, beta subunit
Scores for complete sequences (score includes all domains):
   --- full sequence ---   --- best 1 domain ---    -#dom-
    E-value  score  bias    E-value  score  bias    exp  N  Sequence                 Description
    ------- ------ -----    ------- ------ -----   ---- --  --------                 -----------
          0 1936.5   1.0          0 1936.3   1.0    1.0  1  NZ_JAEMEB010000001.1_260  # 268561 # 272700 # -1 # ID=11_260;partial=00;start_type=ATG;rbs_motif=AGGAG;rbs_spacer=5-10bp;gc_cont=0.563


Domain annotation for each sequence:
>> NZ_JAEMEB010000001.1_260  # 268561 # 272700 # -1 # ID=11_260;partial=00;start_type=ATG;rbs_motif=AGGAG;rbs_spacer=5-10bp;gc_cont=0.563
   #    score  bias  c-Evalue  i-Evalue hmmfrom  hmm to    alifrom  ali to    envfrom  env to     acc
 ---   ------ ----- --------- --------- ------- -------    ------- -------    ------- -------    ----
   1 ! 1936.3   1.0         0         0       3    1238 .]      10    1356 ..       8    1356 .. 0.96



Internal pipeline statistics summary:
-------------------------------------
Query model(s):                            1  (1238 nodes)
Target sequences:                       3623  (1111147 residues searched)
Passed MSV filter:                        85  (0.0234612); expected 72.5 (0.02)
Passed bias filter:                       58  (0.0160088); expected 72.5 (0.02)
Passed Vit filter:                         7  (0.0019321); expected 3.6 (0.001)
Passed Fwd filter:                         1  (0.000276014); expected 0.0 (1e-05)
Initial search space (Z):               3623  [actual number of targets]
Domain search space  (domZ):               1  [number of targets reported over threshold]
# CPU time: 0.11u 0.03s 00:00:00.14 Elapsed: 00:00:00.14
# Mc/sec: 9497.49
//
Query:       TIGR02027  [M=298]
Accession:   TIGR02027
Description: rpoA: DNA-directed RNA polymerase, alpha subunit
Scores for complete sequences (score includes all domains):
   --- full sequence ---   --- best 1 domain ---    -#dom-
    E-value  score  bias    E-value  score  bias    exp  N  Sequence                 Description
    ------- ------ -----    ------- ------ -----   ---- --  --------                 -----------
   5.9e-116  384.5   0.0   6.8e-116  384.3   0.0    1.0  1  NZ_JAEMEB010000001.1_228  # 244640 # 245659 # -1 # ID=11_228;partial=00;start_type=GTG;rbs_motif=AGGA;rbs_spacer=5-10bp;gc_cont=0.570


Domain annotation for each sequence:
>> NZ_JAEMEB010000001.1_228  # 244640 # 245659 # -1 # ID=11_228;partial=00;start_type=GTG;rbs_motif=AGGA;rbs_spacer=5-10bp;gc_cont=0.570
   #    score  bias  c-Evalue  i-Evalue hmmfrom  hmm to    alifrom  ali to    envfrom  env to     acc
 ---   ------ ----- --------- --------- ------- -------    ------- -------    ------- -------    ----
   1 !  384.3   0.0  1.9e-119  6.8e-116       2     298 .]      28     319 ..      27     319 .. 0.97



Internal pipeline statistics summary:
-------------------------------------
Query model(s):                            1  (298 nodes)
Target sequences:                       3623  (1111147 residues searched)
Passed MSV filter:                        69  (0.019045); expected 72.5 (0.02)
Passed bias filter:                       58  (0.0160088); expected 72.5 (0.02)
Passed Vit filter:                         2  (0.000552029); expected 3.6 (0.001)
Passed Fwd filter:                         1  (0.000276014); expected 0.0 (1e-05)
Initial search space (Z):               3623  [actual number of targets]
Domain search space  (domZ):               1  [number of targets reported over threshold]
# CPU time: 0.03u 0.01s 00:00:00.04 Elapsed: 00:00:00.04
# Mc/sec: 8154.17
//
Query:       TIGR02075  [M=233]
Accession:   TIGR02075
Description: pyrH_bact: UMP kinase
Scores for complete sequences (score includes all domains):
   --- full sequence ---   --- best 1 domain ---    -#dom-
    E-value  score  bias    E-value  score  bias    exp  N  Sequence                 Description
    ------- ------ -----    ------- ------ -----   ---- --  --------                 -----------
      1e-89  297.8   0.2    1.2e-89  297.6   0.2    1.0  1  NZ_JAEMEB010000002.1_203  # 221181 # 221900 # -1 # ID=22_203;partial=00;start_type=ATG;rbs_motif=GGA/GAG/AGG;rbs_spacer=5-10bp;gc_cont=0.562


Domain annotation for each sequence:
>> NZ_JAEMEB010000002.1_203  # 221181 # 221900 # -1 # ID=22_203;partial=00;start_type=ATG;rbs_motif=GGA/GAG/AGG;rbs_spacer=5-10bp;gc_cont=0.562
   #    score  bias  c-Evalue  i-Evalue hmmfrom  hmm to    alifrom  ali to    envfrom  env to     acc
 ---   ------ ----- --------- --------- ------- -------    ------- -------    ------- -------    ----
   1 !  297.6   0.2   3.2e-93   1.2e-89       1     232 [.       5     235 ..       5     236 .. 0.99



Internal pipeline statistics summary:
-------------------------------------
Query model(s):                            1  (233 nodes)
Target sequences:                       3623  (1111147 residues searched)
Passed MSV filter:                       107  (0.0295335); expected 72.5 (0.02)
Passed bias filter:                       86  (0.0237372); expected 72.5 (0.02)
Passed Vit filter:                        14  (0.0038642); expected 3.6 (0.001)
Passed Fwd filter:                         4  (0.00110406); expected 0.0 (1e-05)
Initial search space (Z):               3623  [actual number of targets]
Domain search space  (domZ):               1  [number of targets reported over threshold]
# CPU time: 0.04u 0.00s 00:00:00.04 Elapsed: 00:00:00.04
# Mc/sec: 5730.06
//
Query:       TIGR02191  [M=219]
Accession:   TIGR02191
Description: RNaseIII: ribonuclease III
Scores for complete sequences (score includes all domains):
   --- full sequence ---   --- best 1 domain ---    -#dom-
    E-value  score  bias    E-value  score  bias    exp  N  Sequence                Description
    ------- ------ -----    ------- ------ -----   ---- --  --------                -----------
    1.3e-70  235.0   0.0    1.7e-70  234.7   0.0    1.0  1  NZ_JAEMEB010000004.1_34  # 37249 # 37956 # 1 # ID=33_34;partial=00;start_type=ATG;rbs_motif=None;rbs_spacer=None;gc_cont=0.578


Domain annotation for each sequence:
>> NZ_JAEMEB010000004.1_34  # 37249 # 37956 # 1 # ID=33_34;partial=00;start_type=ATG;rbs_motif=None;rbs_spacer=None;gc_cont=0.578
   #    score  bias  c-Evalue  i-Evalue hmmfrom  hmm to    alifrom  ali to    envfrom  env to     acc
 ---   ------ ----- --------- --------- ------- -------    ------- -------    ------- -------    ----
   1 !  234.7   0.0   4.6e-74   1.7e-70       1     216 [.      11     225 ..      11     227 .. 0.96



Internal pipeline statistics summary:
-------------------------------------
Query model(s):                            1  (219 nodes)
Target sequences:                       3623  (1111147 residues searched)
Passed MSV filter:                        72  (0.019873); expected 72.5 (0.02)
Passed bias filter:                       59  (0.0162848); expected 72.5 (0.02)
Passed Vit filter:                         3  (0.000828043); expected 3.6 (0.001)
Passed Fwd filter:                         1  (0.000276014); expected 0.0 (1e-05)
Initial search space (Z):               3623  [actual number of targets]
Domain search space  (domZ):               1  [number of targets reported over threshold]
# CPU time: 0.01u 0.00s 00:00:00.01 Elapsed: 00:00:00.02
# Mc/sec: 8389.98
//
Query:       TIGR02236  [M=311]
Accession:   TIGR02236
Description: recomb_radA: DNA repair and recombination protein RadA
Scores for complete sequences (score includes all domains):
   --- full sequence ---   --- best 1 domain ---    -#dom-
    E-value  score  bias    E-value  score  bias    exp  N  Sequence Description
    ------- ------ -----    ------- ------ -----   ---- --  -------- -----------

   [No hits detected that satisfy reporting thresholds]


Domain annotation for each sequence:

   [No targets detected that satisfy reporting thresholds]


Internal pipeline statistics summary:
-------------------------------------
Query model(s):                            1  (311 nodes)
Target sequences:                       3623  (1111147 residues searched)
Passed MSV filter:                       145  (0.0400221); expected 72.5 (0.02)
Passed bias filter:                      103  (0.0284295); expected 72.5 (0.02)
Passed Vit filter:                        12  (0.00331217); expected 3.6 (0.001)
Passed Fwd filter:                         1  (0.000276014); expected 0.0 (1e-05)
Initial search space (Z):               3623  [actual number of targets]
Domain search space  (domZ):               0  [number of targets reported over threshold]
# CPU time: 0.04u 0.00s 00:00:00.04 Elapsed: 00:00:00.04
# Mc/sec: 7207.71
//
Query:       TIGR02273  [M=166]
Accession:   TIGR02273
Description: 16S_RimM: 16S rRNA processing protein RimM
Scores for complete sequences (score includes all domains):
   --- full sequence ---   --- best 1 domain ---    -#dom-
    E-value  score  bias    E-value  score  bias    exp  N  Sequence                Description
    ------- ------ -----    ------- ------ -----   ---- --  --------                -----------
    3.9e-41  137.9   0.0    4.4e-41  137.7   0.0    1.0  1  NZ_JAEMEB010000014.1_70  # 72472 # 73008 # -1 # ID=5_70;partial=00;start_type=ATG;rbs_motif=GGA/GAG/AGG;rbs_spacer=5-10bp;gc_cont=0.570


Domain annotation for each sequence:
>> NZ_JAEMEB010000014.1_70  # 72472 # 73008 # -1 # ID=5_70;partial=00;start_type=ATG;rbs_motif=GGA/GAG/AGG;rbs_spacer=5-10bp;gc_cont=0.570
   #    score  bias  c-Evalue  i-Evalue hmmfrom  hmm to    alifrom  ali to    envfrom  env to     acc
 ---   ------ ----- --------- --------- ------- -------    ------- -------    ------- -------    ----
   1 !  137.7   0.0   1.2e-44   4.4e-41       2     163 ..       8     167 ..       7     170 .. 0.94



Internal pipeline statistics summary:
-------------------------------------
Query model(s):                            1  (166 nodes)
Target sequences:                       3623  (1111147 residues searched)
Passed MSV filter:                        68  (0.018769); expected 72.5 (0.02)
Passed bias filter:                       66  (0.0182169); expected 72.5 (0.02)
Passed Vit filter:                         8  (0.00220811); expected 3.6 (0.001)
Passed Fwd filter:                         1  (0.000276014); expected 0.0 (1e-05)
Initial search space (Z):               3623  [actual number of targets]
Domain search space  (domZ):               1  [number of targets reported over threshold]
# CPU time: 0.02u 0.00s 00:00:00.02 Elapsed: 00:00:00.02
# Mc/sec: 6962.07
//
Query:       TIGR02338  [M=110]
Accession:   TIGR02338
Description: gimC_beta: prefoldin, beta subunit
Scores for complete sequences (score includes all domains):
   --- full sequence ---   --- best 1 domain ---    -#dom-
    E-value  score  bias    E-value  score  bias    exp  N  Sequence Description
    ------- ------ -----    ------- ------ -----   ---- --  -------- -----------

   [No hits detected that satisfy reporting thresholds]


Domain annotation for each sequence:

   [No targets detected that satisfy reporting thresholds]


Internal pipeline statistics summary:
-------------------------------------
Query model(s):                            1  (110 nodes)
Target sequences:                       3623  (1111147 residues searched)
Passed MSV filter:                       135  (0.0372619); expected 72.5 (0.02)
Passed bias filter:                       84  (0.0231852); expected 72.5 (0.02)
Passed Vit filter:                         3  (0.000828043); expected 3.6 (0.001)
Passed Fwd filter:                         0  (0); expected 0.0 (1e-05)
Initial search space (Z):               3623  [actual number of targets]
Domain search space  (domZ):               0  [number of targets reported over threshold]
# CPU time: 0.02u 0.00s 00:00:00.02 Elapsed: 00:00:00.02
# Mc/sec: 5162.95
//
Query:       TIGR02350  [M=596]
Accession:   TIGR02350
Description: prok_dnaK: chaperone protein DnaK
Scores for complete sequences (score includes all domains):
   --- full sequence ---   --- best 1 domain ---    -#dom-
    E-value  score  bias    E-value  score  bias    exp  N  Sequence                Description
    ------- ------ -----    ------- ------ -----   ---- --  --------                -----------
   2.6e-302 1001.2  14.7     3e-302 1001.0  14.7    1.0  1  NZ_JAEMEB010000015.1_24  # 20792 # 22699 # 1 # ID=6_24;partial=00;start_type=ATG;rbs_motif=GGAG/GAGG;rbs_spacer=5-10bp;gc_cont=0.573


Domain annotation for each sequence:
>> NZ_JAEMEB010000015.1_24  # 20792 # 22699 # 1 # ID=6_24;partial=00;start_type=ATG;rbs_motif=GGAG/GAGG;rbs_spacer=5-10bp;gc_cont=0.573
   #    score  bias  c-Evalue  i-Evalue hmmfrom  hmm to    alifrom  ali to    envfrom  env to     acc
 ---   ------ ----- --------- --------- ------- -------    ------- -------    ------- -------    ----
   1 ! 1001.0  14.7  8.3e-306    3e-302       1     596 []       3     599 ..       3     599 .. 0.99



Internal pipeline statistics summary:
-------------------------------------
Query model(s):                            1  (596 nodes)
Target sequences:                       3623  (1111147 residues searched)
Passed MSV filter:                       133  (0.0367099); expected 72.5 (0.02)
Passed bias filter:                       92  (0.0253933); expected 72.5 (0.02)
Passed Vit filter:                        16  (0.00441623); expected 3.6 (0.001)
Passed Fwd filter:                         3  (0.000828043); expected 0.0 (1e-05)
Initial search space (Z):               3623  [actual number of targets]
Domain search space  (domZ):               1  [number of targets reported over threshold]
# CPU time: 0.06u 0.00s 00:00:00.06 Elapsed: 00:00:00.06
# Mc/sec: 10256.50
//
Query:       TIGR02386  [M=1147]
Accession:   TIGR02386
Description: rpoC_TIGR: DNA-directed RNA polymerase, beta' subunit
Scores for complete sequences (score includes all domains):
   --- full sequence ---   --- best 1 domain ---    -#dom-
    E-value  score  bias    E-value  score  bias    exp  N  Sequence                 Description
    ------- ------ -----    ------- ------ -----   ---- --  --------                 -----------
          0 1782.1   0.1          0 1468.6   0.0    2.1  1  NZ_JAEMEB010000001.1_259  # 264303 # 268484 # -1 # ID=11_259;partial=00;start_type=ATG;rbs_motif=AGGAG;rbs_spacer=5-10bp;gc_cont=0.557


Domain annotation for each sequence:
>> NZ_JAEMEB010000001.1_259  # 264303 # 268484 # -1 # ID=11_259;partial=00;start_type=ATG;rbs_motif=AGGAG;rbs_spacer=5-10bp;gc_cont=0.557
   #    score  bias  c-Evalue  i-Evalue hmmfrom  hmm to    alifrom  ali to    envfrom  env to     acc
 ---   ------ ----- --------- --------- ------- -------    ------- -------    ------- -------    ----
   1 ! 1468.6   0.0         0         0       2    1000 ..      23    1026 ..      22    1037 .. 0.96



Internal pipeline statistics summary:
-------------------------------------
Query model(s):                            1  (1147 nodes)
Target sequences:                       3623  (1111147 residues searched)
Passed MSV filter:                        64  (0.0176649); expected 72.5 (0.02)
Passed bias filter:                       55  (0.0151808); expected 72.5 (0.02)
Passed Vit filter:                         4  (0.00110406); expected 3.6 (0.001)
Passed Fwd filter:                         1  (0.000276014); expected 0.0 (1e-05)
Initial search space (Z):               3623  [actual number of targets]
Domain search space  (domZ):               1  [number of targets reported over threshold]
# CPU time: 0.11u 0.01s 00:00:00.12 Elapsed: 00:00:00.12
# Mc/sec: 10440.62
//
Query:       TIGR02389  [M=367]
Accession:   TIGR02389
Description: RNA_pol_rpoA2: DNA-directed RNA polymerase, subunit A''
Scores for complete sequences (score includes all domains):
   --- full sequence ---   --- best 1 domain ---    -#dom-
    E-value  score  bias    E-value  score  bias    exp  N  Sequence Description
    ------- ------ -----    ------- ------ -----   ---- --  -------- -----------

   [No hits detected that satisfy reporting thresholds]


Domain annotation for each sequence:

   [No targets detected that satisfy reporting thresholds]


Internal pipeline statistics summary:
-------------------------------------
Query model(s):                            1  (367 nodes)
Target sequences:                       3623  (1111147 residues searched)
Passed MSV filter:                       105  (0.0289815); expected 72.5 (0.02)
Passed bias filter:                       85  (0.0234612); expected 72.5 (0.02)
Passed Vit filter:                         8  (0.00220811); expected 3.6 (0.001)
Passed Fwd filter:                         1  (0.000276014); expected 0.0 (1e-05)
Initial search space (Z):               3623  [actual number of targets]
Domain search space  (domZ):               0  [number of targets reported over threshold]
# CPU time: 0.03u 0.00s 00:00:00.03 Elapsed: 00:00:00.03
# Mc/sec: 10825.78
//
Query:       TIGR02390  [M=867]
Accession:   TIGR02390
Description: RNA_pol_rpoA1: DNA-directed RNA polymerase subunit A'
Scores for complete sequences (score includes all domains):
   --- full sequence ---   --- best 1 domain ---    -#dom-
    E-value  score  bias    E-value  score  bias    exp  N  Sequence Description
    ------- ------ -----    ------- ------ -----   ---- --  -------- -----------

   [No hits detected that satisfy reporting thresholds]


Domain annotation for each sequence:

   [No targets detected that satisfy reporting thresholds]


Internal pipeline statistics summary:
-------------------------------------
Query model(s):                            1  (867 nodes)
Target sequences:                       3623  (1111147 residues searched)
Passed MSV filter:                        47  (0.0129727); expected 72.5 (0.02)
Passed bias filter:                       43  (0.0118686); expected 72.5 (0.02)
Passed Vit filter:                         9  (0.00248413); expected 3.6 (0.001)
Passed Fwd filter:                         1  (0.000276014); expected 0.0 (1e-05)
Initial search space (Z):               3623  [actual number of targets]
Domain search space  (domZ):               0  [number of targets reported over threshold]
# CPU time: 0.08u 0.00s 00:00:00.08 Elapsed: 00:00:00.10
# Mc/sec: 9257.10
//
Query:       TIGR02397  [M=355]
Accession:   TIGR02397
Description: dnaX_nterm: DNA polymerase III, subunit gamma and tau
Scores for complete sequences (score includes all domains):
   --- full sequence ---   --- best 1 domain ---    -#dom-
    E-value  score  bias    E-value  score  bias    exp  N  Sequence                Description
    ------- ------ -----    ------- ------ -----   ---- --  --------                -----------
   2.4e-121  403.0   0.0   2.9e-121  402.7   0.0    1.1  1  NZ_JAEMEB010000017.1_48  # 44800 # 46569 # 1 # ID=8_48;partial=00;start_type=ATG;rbs_motif=GGA/GAG/AGG;rbs_spacer=5-10bp;gc_cont=0.595


Domain annotation for each sequence:
>> NZ_JAEMEB010000017.1_48  # 44800 # 46569 # 1 # ID=8_48;partial=00;start_type=ATG;rbs_motif=GGA/GAG/AGG;rbs_spacer=5-10bp;gc_cont=0.595
   #    score  bias  c-Evalue  i-Evalue hmmfrom  hmm to    alifrom  ali to    envfrom  env to     acc
 ---   ------ ----- --------- --------- ------- -------    ------- -------    ------- -------    ----
   1 !  402.7   0.0  8.1e-125  2.9e-121       1     354 [.       9     368 ..       9     369 .. 0.97



Internal pipeline statistics summary:
-------------------------------------
Query model(s):                            1  (355 nodes)
Target sequences:                       3623  (1111147 residues searched)
Passed MSV filter:                       250  (0.0690036); expected 72.5 (0.02)
Passed bias filter:                      231  (0.0637593); expected 72.5 (0.02)
Passed Vit filter:                        90  (0.0248413); expected 3.6 (0.001)
Passed Fwd filter:                         7  (0.0019321); expected 0.0 (1e-05)
Initial search space (Z):               3623  [actual number of targets]
Domain search space  (domZ):               1  [number of targets reported over threshold]
# CPU time: 0.09u 0.00s 00:00:00.09 Elapsed: 00:00:00.10
# Mc/sec: 3846.07
//
Query:       TIGR02432  [M=189]
Accession:   TIGR02432
Description: lysidine_TilS_N: tRNA(Ile)-lysidine synthetase
Scores for complete sequences (score includes all domains):
   --- full sequence ---   --- best 1 domain ---    -#dom-
    E-value  score  bias    E-value  score  bias    exp  N  Sequence                Description
    ------- ------ -----    ------- ------ -----   ---- --  --------                -----------
    1.4e-42  143.4   0.0    1.9e-42  143.0   0.0    1.1  1  NZ_JAEMEB010000010.1_66  # 63487 # 64761 # 1 # ID=1_66;partial=00;start_type=ATG;rbs_motif=GGA/GAG/AGG;rbs_spacer=3-4bp;gc_cont=0.598


Domain annotation for each sequence:
>> NZ_JAEMEB010000010.1_66  # 63487 # 64761 # 1 # ID=1_66;partial=00;start_type=ATG;rbs_motif=GGA/GAG/AGG;rbs_spacer=3-4bp;gc_cont=0.598
   #    score  bias  c-Evalue  i-Evalue hmmfrom  hmm to    alifrom  ali to    envfrom  env to     acc
 ---   ------ ----- --------- --------- ------- -------    ------- -------    ------- -------    ----
   1 !  143.0   0.0   5.2e-46   1.9e-42       2     185 ..      28     208 ..      27     211 .. 0.95



Internal pipeline statistics summary:
-------------------------------------
Query model(s):                            1  (189 nodes)
Target sequences:                       3623  (1111147 residues searched)
Passed MSV filter:                        78  (0.0215291); expected 72.5 (0.02)
Passed bias filter:                       72  (0.019873); expected 72.5 (0.02)
Passed Vit filter:                        16  (0.00441623); expected 3.6 (0.001)
Passed Fwd filter:                         4  (0.00110406); expected 0.0 (1e-05)
Initial search space (Z):               3623  [actual number of targets]
Domain search space  (domZ):               1  [number of targets reported over threshold]
# CPU time: 0.03u 0.00s 00:00:00.03 Elapsed: 00:00:00.03
# Mc/sec: 5950.19
//
Query:       TIGR02729  [M=329]
Accession:   TIGR02729
Description: Obg_CgtA: Obg family GTPase CgtA
Scores for complete sequences (score includes all domains):
   --- full sequence ---   --- best 1 domain ---    -#dom-
    E-value  score  bias    E-value  score  bias    exp  N  Sequence                Description
    ------- ------ -----    ------- ------ -----   ---- --  --------                -----------
     5e-133  440.8   2.4   5.7e-133  440.6   2.4    1.0  1  NZ_JAEMEB010000014.1_25  # 27719 # 28756 # 1 # ID=5_25;partial=00;start_type=ATG;rbs_motif=GGA/GAG/AGG;rbs_spacer=5-10bp;gc_cont=0.585


Domain annotation for each sequence:
>> NZ_JAEMEB010000014.1_25  # 27719 # 28756 # 1 # ID=5_25;partial=00;start_type=ATG;rbs_motif=GGA/GAG/AGG;rbs_spacer=5-10bp;gc_cont=0.585
   #    score  bias  c-Evalue  i-Evalue hmmfrom  hmm to    alifrom  ali to    envfrom  env to     acc
 ---   ------ ----- --------- --------- ------- -------    ------- -------    ------- -------    ----
   1 !  440.6   2.4  1.6e-136  5.7e-133       1     328 [.       3     326 ..       3     327 .. 0.99



Internal pipeline statistics summary:
-------------------------------------
Query model(s):                            1  (329 nodes)
Target sequences:                       3623  (1111147 residues searched)
Passed MSV filter:                       225  (0.0621032); expected 72.5 (0.02)
Passed bias filter:                      190  (0.0524427); expected 72.5 (0.02)
Passed Vit filter:                        58  (0.0160088); expected 3.6 (0.001)
Passed Fwd filter:                         7  (0.0019321); expected 0.0 (1e-05)
Initial search space (Z):               3623  [actual number of targets]
Domain search space  (domZ):               1  [number of targets reported over threshold]
# CPU time: 0.07u 0.01s 00:00:00.08 Elapsed: 00:00:00.09
# Mc/sec: 3720.98
//
Query:       TIGR03263  [M=180]
Accession:   TIGR03263
Description: guanyl_kin: guanylate kinase
Scores for complete sequences (score includes all domains):
   --- full sequence ---   --- best 1 domain ---    -#dom-
    E-value  score  bias    E-value  score  bias    exp  N  Sequence                Description
    ------- ------ -----    ------- ------ -----   ---- --  --------                -----------
    3.7e-68  226.3   0.0    4.4e-68  226.1   0.0    1.0  1  NZ_JAEMEB010000018.1_38  # 38412 # 39047 # 1 # ID=9_38;partial=00;start_type=ATG;rbs_motif=GGA/GAG/AGG;rbs_spacer=5-10bp;gc_cont=0.574


Domain annotation for each sequence:
>> NZ_JAEMEB010000018.1_38  # 38412 # 39047 # 1 # ID=9_38;partial=00;start_type=ATG;rbs_motif=GGA/GAG/AGG;rbs_spacer=5-10bp;gc_cont=0.574
   #    score  bias  c-Evalue  i-Evalue hmmfrom  hmm to    alifrom  ali to    envfrom  env to     acc
 ---   ------ ----- --------- --------- ------- -------    ------- -------    ------- -------    ----
   1 !  226.1   0.0   1.2e-71   4.4e-68       2     179 ..       8     186 ..       7     187 .. 0.98



Internal pipeline statistics summary:
-------------------------------------
Query model(s):                            1  (180 nodes)
Target sequences:                       3623  (1111147 residues searched)
Passed MSV filter:                       268  (0.0739718); expected 72.5 (0.02)
Passed bias filter:                      253  (0.0698316); expected 72.5 (0.02)
Passed Vit filter:                       130  (0.0358819); expected 3.6 (0.001)
Passed Fwd filter:                        28  (0.0077284); expected 0.0 (1e-05)
Initial search space (Z):               3623  [actual number of targets]
Domain search space  (domZ):               1  [number of targets reported over threshold]
# CPU time: 0.06u 0.00s 00:00:00.06 Elapsed: 00:00:00.05
# Mc/sec: 3442.42
//
Query:       TIGR03594  [M=432]
Accession:   TIGR03594
Description: GTPase_EngA: ribosome-associated GTPase EngA
Scores for complete sequences (score includes all domains):
   --- full sequence ---   --- best 1 domain ---    -#dom-
    E-value  score  bias    E-value  score  bias    exp  N  Sequence                Description
    ------- ------ -----    ------- ------ -----   ---- --  --------                -----------
   2.9e-164  544.8   0.0   3.3e-164  544.6   0.0    1.0  1  NZ_JAEMEB010000018.1_21  # 19709 # 21163 # 1 # ID=9_21;partial=00;start_type=ATG;rbs_motif=GGA/GAG/AGG;rbs_spacer=5-10bp;gc_cont=0.570


Domain annotation for each sequence:
>> NZ_JAEMEB010000018.1_21  # 19709 # 21163 # 1 # ID=9_21;partial=00;start_type=ATG;rbs_motif=GGA/GAG/AGG;rbs_spacer=5-10bp;gc_cont=0.570
   #    score  bias  c-Evalue  i-Evalue hmmfrom  hmm to    alifrom  ali to    envfrom  env to     acc
 ---   ------ ----- --------- --------- ------- -------    ------- -------    ------- -------    ----
   1 !  544.6   0.0  9.2e-168  3.3e-164       2     432 .]       4     474 ..       3     474 .. 0.97



Internal pipeline statistics summary:
-------------------------------------
Query model(s):                            1  (432 nodes)
Target sequences:                       3623  (1111147 residues searched)
Passed MSV filter:                       232  (0.0640353); expected 72.5 (0.02)
Passed bias filter:                      211  (0.058239); expected 72.5 (0.02)
Passed Vit filter:                        69  (0.019045); expected 3.6 (0.001)
Passed Fwd filter:                        22  (0.00607232); expected 0.0 (1e-05)
Initial search space (Z):               3623  [actual number of targets]
Domain search space  (domZ):               1  [number of targets reported over threshold]
# CPU time: 0.12u 0.00s 00:00:00.12 Elapsed: 00:00:00.13
# Mc/sec: 3601.33
//
Query:       TIGR03625  [M=202]
Accession:   TIGR03625
Description: L3_bact: 50S ribosomal protein uL3
Scores for complete sequences (score includes all domains):
   --- full sequence ---   --- best 1 domain ---    -#dom-
    E-value  score  bias    E-value  score  bias    exp  N  Sequence                 Description
    ------- ------ -----    ------- ------ -----   ---- --  --------                 -----------
    3.5e-85  282.6   5.9      4e-85  282.4   5.9    1.0  1  NZ_JAEMEB010000001.1_252  # 257199 # 257894 # -1 # ID=11_252;partial=00;start_type=ATG;rbs_motif=GGA/GAG/AGG;rbs_spacer=5-10bp;gc_cont=0.595


Domain annotation for each sequence:
>> NZ_JAEMEB010000001.1_252  # 257199 # 257894 # -1 # ID=11_252;partial=00;start_type=ATG;rbs_motif=GGA/GAG/AGG;rbs_spacer=5-10bp;gc_cont=0.595
   #    score  bias  c-Evalue  i-Evalue hmmfrom  hmm to    alifrom  ali to    envfrom  env to     acc
 ---   ------ ----- --------- --------- ------- -------    ------- -------    ------- -------    ----
   1 !  282.4   5.9   1.1e-88     4e-85       1     202 []       4     205 ..       4     205 .. 0.99



Internal pipeline statistics summary:
-------------------------------------
Query model(s):                            1  (202 nodes)
Target sequences:                       3623  (1111147 residues searched)
Passed MSV filter:                        59  (0.0162848); expected 72.5 (0.02)
Passed bias filter:                       45  (0.0124206); expected 72.5 (0.02)
Passed Vit filter:                         7  (0.0019321); expected 3.6 (0.001)
Passed Fwd filter:                         1  (0.000276014); expected 0.0 (1e-05)
Initial search space (Z):               3623  [actual number of targets]
Domain search space  (domZ):               1  [number of targets reported over threshold]
# CPU time: 0.02u 0.00s 00:00:00.02 Elapsed: 00:00:00.03
# Mc/sec: 5784.63
//
Query:       TIGR03626  [M=331]
Accession:   TIGR03626
Description: L3_arch: ribosomal protein uL3
Scores for complete sequences (score includes all domains):
   --- full sequence ---   --- best 1 domain ---    -#dom-
    E-value  score  bias    E-value  score  bias    exp  N  Sequence Description
    ------- ------ -----    ------- ------ -----   ---- --  -------- -----------

   [No hits detected that satisfy reporting thresholds]


Domain annotation for each sequence:

   [No targets detected that satisfy reporting thresholds]


Internal pipeline statistics summary:
-------------------------------------
Query model(s):                            1  (331 nodes)
Target sequences:                       3623  (1111147 residues searched)
Passed MSV filter:                        68  (0.018769); expected 72.5 (0.02)
Passed bias filter:                       56  (0.0154568); expected 72.5 (0.02)
Passed Vit filter:                         5  (0.00138007); expected 3.6 (0.001)
Passed Fwd filter:                         1  (0.000276014); expected 0.0 (1e-05)
Initial search space (Z):               3623  [actual number of targets]
Domain search space  (domZ):               0  [number of targets reported over threshold]
# CPU time: 0.03u 0.00s 00:00:00.03 Elapsed: 00:00:00.03
# Mc/sec: 11773.46
//
Query:       TIGR03627  [M=130]
Accession:   TIGR03627
Description: uS9_arch: ribosomal protein uS9
Scores for complete sequences (score includes all domains):
   --- full sequence ---   --- best 1 domain ---    -#dom-
    E-value  score  bias    E-value  score  bias    exp  N  Sequence Description
    ------- ------ -----    ------- ------ -----   ---- --  -------- -----------

   [No hits detected that satisfy reporting thresholds]


Domain annotation for each sequence:

   [No targets detected that satisfy reporting thresholds]


Internal pipeline statistics summary:
-------------------------------------
Query model(s):                            1  (130 nodes)
Target sequences:                       3623  (1111147 residues searched)
Passed MSV filter:                       164  (0.0452664); expected 72.5 (0.02)
Passed bias filter:                      139  (0.038366); expected 72.5 (0.02)
Passed Vit filter:                        10  (0.00276014); expected 3.6 (0.001)
Passed Fwd filter:                         2  (0.000552029); expected 0.0 (1e-05)
Initial search space (Z):               3623  [actual number of targets]
Domain search space  (domZ):               0  [number of targets reported over threshold]
# CPU time: 0.02u 0.00s 00:00:00.02 Elapsed: 00:00:00.02
# Mc/sec: 5104.14
//
Query:       TIGR03628  [M=117]
Accession:   TIGR03628
Description: arch_S11P: ribosomal protein uS11
Scores for complete sequences (score includes all domains):
   --- full sequence ---   --- best 1 domain ---    -#dom-
    E-value  score  bias    E-value  score  bias    exp  N  Sequence Description
    ------- ------ -----    ------- ------ -----   ---- --  -------- -----------

   [No hits detected that satisfy reporting thresholds]


Domain annotation for each sequence:

   [No targets detected that satisfy reporting thresholds]


Internal pipeline statistics summary:
-------------------------------------
Query model(s):                            1  (117 nodes)
Target sequences:                       3623  (1111147 residues searched)
Passed MSV filter:                       157  (0.0433343); expected 72.5 (0.02)
Passed bias filter:                      111  (0.0306376); expected 72.5 (0.02)
Passed Vit filter:                         6  (0.00165609); expected 3.6 (0.001)
Passed Fwd filter:                         1  (0.000276014); expected 0.0 (1e-05)
Initial search space (Z):               3623  [actual number of targets]
Domain search space  (domZ):               0  [number of targets reported over threshold]
# CPU time: 0.02u 0.00s 00:00:00.02 Elapsed: 00:00:00.03
# Mc/sec: 3813.87
//
Query:       TIGR03629  [M=144]
Accession:   TIGR03629
Description: uS13_arch: ribosomal protein uS13
Scores for complete sequences (score includes all domains):
   --- full sequence ---   --- best 1 domain ---    -#dom-
    E-value  score  bias    E-value  score  bias    exp  N  Sequence Description
    ------- ------ -----    ------- ------ -----   ---- --  -------- -----------

   [No hits detected that satisfy reporting thresholds]


Domain annotation for each sequence:

   [No targets detected that satisfy reporting thresholds]


Internal pipeline statistics summary:
-------------------------------------
Query model(s):                            1  (144 nodes)
Target sequences:                       3623  (1111147 residues searched)
Passed MSV filter:                        88  (0.0242893); expected 72.5 (0.02)
Passed bias filter:                       73  (0.020149); expected 72.5 (0.02)
Passed Vit filter:                         6  (0.00165609); expected 3.6 (0.001)
Passed Fwd filter:                         1  (0.000276014); expected 0.0 (1e-05)
Initial search space (Z):               3623  [actual number of targets]
Domain search space  (domZ):               0  [number of targets reported over threshold]
# CPU time: 0.02u 0.00s 00:00:00.02 Elapsed: 00:00:00.02
# Mc/sec: 7965.74
//
Query:       TIGR03632  [M=117]
Accession:   TIGR03632
Description: uS11_bact: ribosomal protein uS11
Scores for complete sequences (score includes all domains):
   --- full sequence ---   --- best 1 domain ---    -#dom-
    E-value  score  bias    E-value  score  bias    exp  N  Sequence                 Description
    ------- ------ -----    ------- ------ -----   ---- --  --------                 -----------
    1.9e-59  196.9   1.5    2.3e-59  196.7   1.5    1.0  1  NZ_JAEMEB010000001.1_229  # 245758 # 246150 # -1 # ID=11_229;partial=00;start_type=ATG;rbs_motif=GGAG/GAGG;rbs_spacer=5-10bp;gc_cont=0.580


Domain annotation for each sequence:
>> NZ_JAEMEB010000001.1_229  # 245758 # 246150 # -1 # ID=11_229;partial=00;start_type=ATG;rbs_motif=GGAG/GAGG;rbs_spacer=5-10bp;gc_cont=0.580
   #    score  bias  c-Evalue  i-Evalue hmmfrom  hmm to    alifrom  ali to    envfrom  env to     acc
 ---   ------ ----- --------- --------- ------- -------    ------- -------    ------- -------    ----
   1 !  196.7   1.5   6.2e-63   2.3e-59       1     117 []      11     127 ..      11     127 .. 0.99



Internal pipeline statistics summary:
-------------------------------------
Query model(s):                            1  (117 nodes)
Target sequences:                       3623  (1111147 residues searched)
Passed MSV filter:                       148  (0.0408501); expected 72.5 (0.02)
Passed bias filter:                      128  (0.0353298); expected 72.5 (0.02)
Passed Vit filter:                        10  (0.00276014); expected 3.6 (0.001)
Passed Fwd filter:                         1  (0.000276014); expected 0.0 (1e-05)
Initial search space (Z):               3623  [actual number of targets]
Domain search space  (domZ):               1  [number of targets reported over threshold]
# CPU time: 0.02u 0.00s 00:00:00.02 Elapsed: 00:00:00.01
# Mc/sec: 7207.75
//
Query:       TIGR03654  [M=175]
Accession:   TIGR03654
Description: L6_bact: ribosomal protein uL6
Scores for complete sequences (score includes all domains):
   --- full sequence ---   --- best 1 domain ---    -#dom-
    E-value  score  bias    E-value  score  bias    exp  N  Sequence                 Description
    ------- ------ -----    ------- ------ -----   ---- --  --------                 -----------
    1.1e-72  241.1   0.4    1.2e-72  240.9   0.4    1.0  1  NZ_JAEMEB010000001.1_237  # 250513 # 251046 # -1 # ID=11_237;partial=00;start_type=ATG;rbs_motif=AGGA;rbs_spacer=5-10bp;gc_cont=0.584


Domain annotation for each sequence:
>> NZ_JAEMEB010000001.1_237  # 250513 # 251046 # -1 # ID=11_237;partial=00;start_type=ATG;rbs_motif=AGGA;rbs_spacer=5-10bp;gc_cont=0.584
   #    score  bias  c-Evalue  i-Evalue hmmfrom  hmm to    alifrom  ali to    envfrom  env to     acc
 ---   ------ ----- --------- --------- ------- -------    ------- -------    ------- -------    ----
   1 !  240.9   0.4   3.4e-76   1.2e-72       1     175 []       2     176 ..       2     176 .. 1.00



Internal pipeline statistics summary:
-------------------------------------
Query model(s):                            1  (175 nodes)
Target sequences:                       3623  (1111147 residues searched)
Passed MSV filter:                        66  (0.0182169); expected 72.5 (0.02)
Passed bias filter:                       57  (0.0157328); expected 72.5 (0.02)
Passed Vit filter:                         2  (0.000552029); expected 3.6 (0.001)
Passed Fwd filter:                         1  (0.000276014); expected 0.0 (1e-05)
Initial search space (Z):               3623  [actual number of targets]
Domain search space  (domZ):               1  [number of targets reported over threshold]
# CPU time: 0.01u 0.01s 00:00:00.02 Elapsed: 00:00:00.02
# Mc/sec: 6601.42
//
Query:       TIGR03670  [M=599]
Accession:   TIGR03670
Description: rpoB_arch: DNA-directed RNA polymerase subunit B
Scores for complete sequences (score includes all domains):
   --- full sequence ---   --- best 1 domain ---    -#dom-
    E-value  score  bias    E-value  score  bias    exp  N  Sequence Description
    ------- ------ -----    ------- ------ -----   ---- --  -------- -----------

   [No hits detected that satisfy reporting thresholds]


Domain annotation for each sequence:

   [No targets detected that satisfy reporting thresholds]


Internal pipeline statistics summary:
-------------------------------------
Query model(s):                            1  (599 nodes)
Target sequences:                       3623  (1111147 residues searched)
Passed MSV filter:                        64  (0.0176649); expected 72.5 (0.02)
Passed bias filter:                       57  (0.0157328); expected 72.5 (0.02)
Passed Vit filter:                         6  (0.00165609); expected 3.6 (0.001)
Passed Fwd filter:                         1  (0.000276014); expected 0.0 (1e-05)
Initial search space (Z):               3623  [actual number of targets]
Domain search space  (domZ):               0  [number of targets reported over threshold]
# CPU time: 0.05u 0.00s 00:00:00.05 Elapsed: 00:00:00.05
# Mc/sec: 11865.16
//
Query:       TIGR03671  [M=410]
Accession:   TIGR03671
Description: cca_archaeal: CCA-adding enzyme
Scores for complete sequences (score includes all domains):
   --- full sequence ---   --- best 1 domain ---    -#dom-
    E-value  score  bias    E-value  score  bias    exp  N  Sequence Description
    ------- ------ -----    ------- ------ -----   ---- --  -------- -----------

   [No hits detected that satisfy reporting thresholds]


Domain annotation for each sequence:

   [No targets detected that satisfy reporting thresholds]


Internal pipeline statistics summary:
-------------------------------------
Query model(s):                            1  (410 nodes)
Target sequences:                       3623  (1111147 residues searched)
Passed MSV filter:                        68  (0.018769); expected 72.5 (0.02)
Passed bias filter:                       64  (0.0176649); expected 72.5 (0.02)
Passed Vit filter:                         7  (0.0019321); expected 3.6 (0.001)
Passed Fwd filter:                         0  (0); expected 0.0 (1e-05)
Initial search space (Z):               3623  [actual number of targets]
Domain search space  (domZ):               0  [number of targets reported over threshold]
# CPU time: 0.03u 0.00s 00:00:00.03 Elapsed: 00:00:00.02
# Mc/sec: 18878.55
//
Query:       TIGR03672  [M=251]
Accession:   TIGR03672
Description: rpl4p_arch: 50S ribosomal protein uL4
Scores for complete sequences (score includes all domains):
   --- full sequence ---   --- best 1 domain ---    -#dom-
    E-value  score  bias    E-value  score  bias    exp  N  Sequence Description
    ------- ------ -----    ------- ------ -----   ---- --  -------- -----------

   [No hits detected that satisfy reporting thresholds]


Domain annotation for each sequence:

   [No targets detected that satisfy reporting thresholds]


Internal pipeline statistics summary:
-------------------------------------
Query model(s):                            1  (251 nodes)
Target sequences:                       3623  (1111147 residues searched)
Passed MSV filter:                       102  (0.0281535); expected 72.5 (0.02)
Passed bias filter:                       68  (0.018769); expected 72.5 (0.02)
Passed Vit filter:                         4  (0.00110406); expected 3.6 (0.001)
Passed Fwd filter:                         1  (0.000276014); expected 0.0 (1e-05)
Initial search space (Z):               3623  [actual number of targets]
Domain search space  (domZ):               0  [number of targets reported over threshold]
# CPU time: 0.02u 0.00s 00:00:00.02 Elapsed: 00:00:00.02
# Mc/sec: 10887.30
//
Query:       TIGR03673  [M=131]
Accession:   TIGR03673
Description: uL14_arch: 50S ribosomal protein uL14
Scores for complete sequences (score includes all domains):
   --- full sequence ---   --- best 1 domain ---    -#dom-
    E-value  score  bias    E-value  score  bias    exp  N  Sequence Description
    ------- ------ -----    ------- ------ -----   ---- --  -------- -----------

   [No hits detected that satisfy reporting thresholds]


Domain annotation for each sequence:

   [No targets detected that satisfy reporting thresholds]


Internal pipeline statistics summary:
-------------------------------------
Query model(s):                            1  (131 nodes)
Target sequences:                       3623  (1111147 residues searched)
Passed MSV filter:                        94  (0.0259453); expected 72.5 (0.02)
Passed bias filter:                       64  (0.0176649); expected 72.5 (0.02)
Passed Vit filter:                         4  (0.00110406); expected 3.6 (0.001)
Passed Fwd filter:                         1  (0.000276014); expected 0.0 (1e-05)
Initial search space (Z):               3623  [actual number of targets]
Domain search space  (domZ):               0  [number of targets reported over threshold]
# CPU time: 0.02u 0.00s 00:00:00.02 Elapsed: 00:00:00.03
# Mc/sec: 4323.88
//
Query:       TIGR03674  [M=338]
Accession:   TIGR03674
Description: fen_arch: flap structure-specific endonuclease
Scores for complete sequences (score includes all domains):
   --- full sequence ---   --- best 1 domain ---    -#dom-
    E-value  score  bias    E-value  score  bias    exp  N  Sequence Description
    ------- ------ -----    ------- ------ -----   ---- --  -------- -----------

   [No hits detected that satisfy reporting thresholds]


Domain annotation for each sequence:

   [No targets detected that satisfy reporting thresholds]


Internal pipeline statistics summary:
-------------------------------------
Query model(s):                            1  (338 nodes)
Target sequences:                       3623  (1111147 residues searched)
Passed MSV filter:                        88  (0.0242893); expected 72.5 (0.02)
Passed bias filter:                       75  (0.0207011); expected 72.5 (0.02)
Passed Vit filter:                         6  (0.00165609); expected 3.6 (0.001)
Passed Fwd filter:                         1  (0.000276014); expected 0.0 (1e-05)
Initial search space (Z):               3623  [actual number of targets]
Domain search space  (domZ):               0  [number of targets reported over threshold]
# CPU time: 0.03u 0.00s 00:00:00.03 Elapsed: 00:00:00.03
# Mc/sec: 10022.67
//
Query:       TIGR03676  [M=403]
Accession:   TIGR03676
Description: aRF1/eRF1: peptide chain release factor 1, archaeal and eukaryotic forms
Scores for complete sequences (score includes all domains):
   --- full sequence ---   --- best 1 domain ---    -#dom-
    E-value  score  bias    E-value  score  bias    exp  N  Sequence Description
    ------- ------ -----    ------- ------ -----   ---- --  -------- -----------

   [No hits detected that satisfy reporting thresholds]


Domain annotation for each sequence:

   [No targets detected that satisfy reporting thresholds]


Internal pipeline statistics summary:
-------------------------------------
Query model(s):                            1  (403 nodes)
Target sequences:                       3623  (1111147 residues searched)
Passed MSV filter:                        91  (0.0251173); expected 72.5 (0.02)
Passed bias filter:                       79  (0.0218051); expected 72.5 (0.02)
Passed Vit filter:                        15  (0.00414022); expected 3.6 (0.001)
Passed Fwd filter:                         0  (0); expected 0.0 (1e-05)
Initial search space (Z):               3623  [actual number of targets]
Domain search space  (domZ):               0  [number of targets reported over threshold]
# CPU time: 0.03u 0.00s 00:00:00.03 Elapsed: 00:00:00.04
# Mc/sec: 9652.76
//
Query:       TIGR03680  [M=407]
Accession:   TIGR03680
Description: eif2g_arch: translation initiation factor 2, gamma subunit
Scores for complete sequences (score includes all domains):
   --- full sequence ---   --- best 1 domain ---    -#dom-
    E-value  score  bias    E-value  score  bias    exp  N  Sequence Description
    ------- ------ -----    ------- ------ -----   ---- --  -------- -----------

   [No hits detected that satisfy reporting thresholds]


Domain annotation for each sequence:

   [No targets detected that satisfy reporting thresholds]


Internal pipeline statistics summary:
-------------------------------------
Query model(s):                            1  (407 nodes)
Target sequences:                       3623  (1111147 residues searched)
Passed MSV filter:                       119  (0.0328457); expected 72.5 (0.02)
Passed bias filter:                      101  (0.0278774); expected 72.5 (0.02)
Passed Vit filter:                        23  (0.00634833); expected 3.6 (0.001)
Passed Fwd filter:                         9  (0.00248413); expected 0.0 (1e-05)
Initial search space (Z):               3623  [actual number of targets]
Domain search space  (domZ):               0  [number of targets reported over threshold]
# CPU time: 0.07u 0.00s 00:00:00.07 Elapsed: 00:00:00.07
# Mc/sec: 6421.76
//
Query:       TIGR03723  [M=314]
Accession:   TIGR03723
Description: T6A_TsaD_YgjD: tRNA threonylcarbamoyl adenosine modification protein TsaD
Scores for complete sequences (score includes all domains):
   --- full sequence ---   --- best 1 domain ---    -#dom-
    E-value  score  bias    E-value  score  bias    exp  N  Sequence                Description
    ------- ------ -----    ------- ------ -----   ---- --  --------                -----------
   2.3e-124  412.2   0.2   2.7e-124  412.0   0.2    1.0  1  NZ_JAEMEB010000015.1_92  # 81672 # 82751 # -1 # ID=6_92;partial=00;start_type=GTG;rbs_motif=AGxAG;rbs_spacer=5-10bp;gc_cont=0.592


Domain annotation for each sequence:
>> NZ_JAEMEB010000015.1_92  # 81672 # 82751 # -1 # ID=6_92;partial=00;start_type=GTG;rbs_motif=AGxAG;rbs_spacer=5-10bp;gc_cont=0.592
   #    score  bias  c-Evalue  i-Evalue hmmfrom  hmm to    alifrom  ali to    envfrom  env to     acc
 ---   ------ ----- --------- --------- ------- -------    ------- -------    ------- -------    ----
   1 !  412.0   0.2  7.4e-128  2.7e-124       1     313 [.       9     329 ..       9     330 .. 0.96



Internal pipeline statistics summary:
-------------------------------------
Query model(s):                            1  (314 nodes)
Target sequences:                       3623  (1111147 residues searched)
Passed MSV filter:                       112  (0.0309136); expected 72.5 (0.02)
Passed bias filter:                       77  (0.0212531); expected 72.5 (0.02)
Passed Vit filter:                        10  (0.00276014); expected 3.6 (0.001)
Passed Fwd filter:                         2  (0.000552029); expected 0.0 (1e-05)
Initial search space (Z):               3623  [actual number of targets]
Domain search space  (domZ):               1  [number of targets reported over threshold]
# CPU time: 0.03u 0.00s 00:00:00.03 Elapsed: 00:00:00.03
# Mc/sec: 9125.01
//
Query:       TIGR03725  [M=212]
Accession:   TIGR03725
Description: T6A_YeaZ: tRNA threonylcarbamoyl adenosine modification protein YeaZ
Scores for complete sequences (score includes all domains):
   --- full sequence ---   --- best 1 domain ---    -#dom-
    E-value  score  bias    E-value  score  bias    exp  N  Sequence                Description
    ------- ------ -----    ------- ------ -----   ---- --  --------                -----------
      1e-39  134.4   0.2    1.2e-39  134.1   0.2    1.0  1  NZ_JAEMEB010000005.1_40  # 43230 # 43835 # 1 # ID=34_40;partial=00;start_type=TTG;rbs_motif=GGAG/GAGG;rbs_spacer=5-10bp;gc_cont=0.601


Domain annotation for each sequence:
>> NZ_JAEMEB010000005.1_40  # 43230 # 43835 # 1 # ID=34_40;partial=00;start_type=TTG;rbs_motif=GGAG/GAGG;rbs_spacer=5-10bp;gc_cont=0.601
   #    score  bias  c-Evalue  i-Evalue hmmfrom  hmm to    alifrom  ali to    envfrom  env to     acc
 ---   ------ ----- --------- --------- ------- -------    ------- -------    ------- -------    ----
   1 !  134.1   0.2   3.3e-43   1.2e-39       2     191 ..       6     187 ..       5     198 .. 0.84



Internal pipeline statistics summary:
-------------------------------------
Query model(s):                            1  (212 nodes)
Target sequences:                       3623  (1111147 residues searched)
Passed MSV filter:                       145  (0.0400221); expected 72.5 (0.02)
Passed bias filter:                       96  (0.0264974); expected 72.5 (0.02)
Passed Vit filter:                         9  (0.00248413); expected 3.6 (0.001)
Passed Fwd filter:                         2  (0.000552029); expected 0.0 (1e-05)
Initial search space (Z):               3623  [actual number of targets]
Domain search space  (domZ):               1  [number of targets reported over threshold]
# CPU time: 0.02u 0.00s 00:00:00.02 Elapsed: 00:00:00.03
# Mc/sec: 6830.25
//
Query:       TIGR03953  [M=188]
Accession:   TIGR03953
Description: rplD_bact: 50S ribosomal protein uL4
Scores for complete sequences (score includes all domains):
   --- full sequence ---   --- best 1 domain ---    -#dom-
    E-value  score  bias    E-value  score  bias    exp  N  Sequence                 Description
    ------- ------ -----    ------- ------ -----   ---- --  --------                 -----------
    2.5e-64  213.8   0.3    2.8e-64  213.6   0.3    1.0  1  NZ_JAEMEB010000001.1_251  # 256578 # 257198 # -1 # ID=11_251;partial=00;start_type=ATG;rbs_motif=GGA/GAG/AGG;rbs_spacer=5-10bp;gc_cont=0.568


Domain annotation for each sequence:
>> NZ_JAEMEB010000001.1_251  # 256578 # 257198 # -1 # ID=11_251;partial=00;start_type=ATG;rbs_motif=GGA/GAG/AGG;rbs_spacer=5-10bp;gc_cont=0.568
   #    score  bias  c-Evalue  i-Evalue hmmfrom  hmm to    alifrom  ali to    envfrom  env to     acc
 ---   ------ ----- --------- --------- ------- -------    ------- -------    ------- -------    ----
   1 !  213.6   0.3   7.7e-68   2.8e-64       1     187 [.      16     202 ..      16     203 .. 0.99



Internal pipeline statistics summary:
-------------------------------------
Query model(s):                            1  (188 nodes)
Target sequences:                       3623  (1111147 residues searched)
Passed MSV filter:                        67  (0.018493); expected 72.5 (0.02)
Passed bias filter:                       53  (0.0146288); expected 72.5 (0.02)
Passed Vit filter:                         3  (0.000828043); expected 3.6 (0.001)
Passed Fwd filter:                         2  (0.000552029); expected 0.0 (1e-05)
Initial search space (Z):               3623  [actual number of targets]
Domain search space  (domZ):               1  [number of targets reported over threshold]
# CPU time: 0.02u 0.00s 00:00:00.02 Elapsed: 00:00:00.02
# Mc/sec: 7838.14
//
[ok]
