# hmmsearch :: search profile(s) against a sequence database
# HMMER 3.4 (Aug 2023); http://hmmer.org/
# Copyright (C) 2023 Howard Hughes Medical Institute.
# Freely distributed under the BSD open source license.
# - - - - - - - - - - - - - - - - - - - - - - - - - - - - - - - - - - - -
# query HMM file:                  /dgxb_home/se26plsc001/arvind/Devosia_BGC/data/databases/gtdbtk_r232/release232/markers/tigrfam/tigrfam.hmm
# target sequence database:        results/05_phylogeny/identify_all/identify/intermediate_results/marker_genes/query_GCF_900119845.1/query_GCF_900119845.1_protein.faa
# output directed to file:         results/05_phylogeny/identify_all/identify/intermediate_results/marker_genes/query_GCF_900119845.1/query_GCF_900119845.1_tigrfam.out
# per-seq hits tabular output:     results/05_phylogeny/identify_all/identify/intermediate_results/marker_genes/query_GCF_900119845.1/query_GCF_900119845.1_tigrfam.tsv
# show alignments in output:       no
# max ASCII text line length:      unlimited
# model-specific thresholding:     NC cutoffs
# number of worker threads:        1
# - - - - - - - - - - - - - - - - - - - - - - - - - - - - - - - - - - - -

Query:       TIGR00006  [M=310]
Accession:   TIGR00006
Description: TIGR00006: 16S rRNA (cytosine(1402)-N(4))-methyltransferase
Scores for complete sequences (score includes all domains):
   --- full sequence ---   --- best 1 domain ---    -#dom-
    E-value  score  bias    E-value  score  bias    exp  N  Sequence               Description
    ------- ------ -----    ------- ------ -----   ---- --  --------               -----------
    2.8e-84  281.0   0.0    3.2e-84  280.8   0.0    1.0  1  NZ_FPKU01000001.1_1303  # 1346777 # 1347802 # -1 # ID=5_1303;partial=00;start_type=ATG;rbs_motif=GGA/GAG/AGG;rbs_spacer=5-10bp;gc_cont=0.704


Domain annotation for each sequence:
>> NZ_FPKU01000001.1_1303  # 1346777 # 1347802 # -1 # ID=5_1303;partial=00;start_type=ATG;rbs_motif=GGA/GAG/AGG;rbs_spacer=5-10bp;gc_cont=0.704
   #    score  bias  c-Evalue  i-Evalue hmmfrom  hmm to    alifrom  ali to    envfrom  env to     acc
 ---   ------ ----- --------- --------- ------- -------    ------- -------    ------- -------    ----
   1 !  280.8   0.0   7.9e-88   3.2e-84       5     309 ..      24     319 ..      20     320 .. 0.93



Internal pipeline statistics summary:
-------------------------------------
Query model(s):                            1  (310 nodes)
Target sequences:                       4014  (1268018 residues searched)
Passed MSV filter:                        71  (0.0176881); expected 80.3 (0.02)
Passed bias filter:                       66  (0.0164425); expected 80.3 (0.02)
Passed Vit filter:                         7  (0.0017439); expected 4.0 (0.001)
Passed Fwd filter:                         1  (0.000249128); expected 0.0 (1e-05)
Initial search space (Z):               4014  [actual number of targets]
Domain search space  (domZ):               1  [number of targets reported over threshold]
# CPU time: 0.03u 0.00s 00:00:00.03 Elapsed: 00:00:00.02
# Mc/sec: 13470.67
//
Query:       TIGR00019  [M=361]
Accession:   TIGR00019
Description: prfA: peptide chain release factor 1
Scores for complete sequences (score includes all domains):
   --- full sequence ---   --- best 1 domain ---    -#dom-
    E-value  score  bias    E-value  score  bias    exp  N  Sequence               Description
    ------- ------ -----    ------- ------ -----   ---- --  --------               -----------
   1.8e-150  498.7   0.1   2.1e-150  498.4   0.1    1.0  1  NZ_FPKU01000002.1_1095  # 1151481 # 1152557 # 1 # ID=4_1095;partial=00;start_type=ATG;rbs_motif=GGA/GAG/AGG;rbs_spacer=5-10bp;gc_cont=0.673


Domain annotation for each sequence:
>> NZ_FPKU01000002.1_1095  # 1151481 # 1152557 # 1 # ID=4_1095;partial=00;start_type=ATG;rbs_motif=GGA/GAG/AGG;rbs_spacer=5-10bp;gc_cont=0.673
   #    score  bias  c-Evalue  i-Evalue hmmfrom  hmm to    alifrom  ali to    envfrom  env to     acc
 ---   ------ ----- --------- --------- ------- -------    ------- -------    ------- -------    ----
   1 !  498.4   0.1  5.3e-154  2.1e-150       8     358 ..       7     354 ..       2     357 .. 0.98



Internal pipeline statistics summary:
-------------------------------------
Query model(s):                            1  (361 nodes)
Target sequences:                       4014  (1268018 residues searched)
Passed MSV filter:                        80  (0.0199302); expected 80.3 (0.02)
Passed bias filter:                       67  (0.0166916); expected 80.3 (0.02)
Passed Vit filter:                        10  (0.00249128); expected 4.0 (0.001)
Passed Fwd filter:                         3  (0.000747384); expected 0.0 (1e-05)
Initial search space (Z):               4014  [actual number of targets]
Domain search space  (domZ):               1  [number of targets reported over threshold]
# CPU time: 0.04u 0.00s 00:00:00.04 Elapsed: 00:00:00.04
# Mc/sec: 10272.66
//
Query:       TIGR00020  [M=365]
Accession:   TIGR00020
Description: prfB: peptide chain release factor 2
Scores for complete sequences (score includes all domains):
   --- full sequence ---   --- best 1 domain ---    -#dom-
    E-value  score  bias    E-value  score  bias    exp  N  Sequence               Description
    ------- ------ -----    ------- ------ -----   ---- --  --------               -----------
   2.5e-145  481.8   4.7   2.8e-145  481.6   4.7    1.0  1  NZ_FPKU01000001.1_1203  # 1232943 # 1233899 # -1 # ID=5_1203;partial=00;start_type=ATG;rbs_motif=GGA/GAG/AGG;rbs_spacer=11-12bp;gc_cont=0.641


Domain annotation for each sequence:
>> NZ_FPKU01000001.1_1203  # 1232943 # 1233899 # -1 # ID=5_1203;partial=00;start_type=ATG;rbs_motif=GGA/GAG/AGG;rbs_spacer=11-12bp;gc_cont=0.641
   #    score  bias  c-Evalue  i-Evalue hmmfrom  hmm to    alifrom  ali to    envfrom  env to     acc
 ---   ------ ----- --------- --------- ------- -------    ------- -------    ------- -------    ----
   1 !  481.6   4.7    7e-149  2.8e-145      58     364 ..       3     309 ..       1     310 [. 0.98



Internal pipeline statistics summary:
-------------------------------------
Query model(s):                            1  (365 nodes)
Target sequences:                       4014  (1268018 residues searched)
Passed MSV filter:                        69  (0.0171898); expected 80.3 (0.02)
Passed bias filter:                       58  (0.0144494); expected 80.3 (0.02)
Passed Vit filter:                        10  (0.00249128); expected 4.0 (0.001)
Passed Fwd filter:                         3  (0.000747384); expected 0.0 (1e-05)
Initial search space (Z):               4014  [actual number of targets]
Domain search space  (domZ):               1  [number of targets reported over threshold]
# CPU time: 0.04u 0.00s 00:00:00.04 Elapsed: 00:00:00.03
# Mc/sec: 13492.72
//
Query:       TIGR00029  [M=87]
Accession:   TIGR00029
Description: S20: ribosomal protein bS20
Scores for complete sequences (score includes all domains):
   --- full sequence ---   --- best 1 domain ---    -#dom-
    E-value  score  bias    E-value  score  bias    exp  N  Sequence              Description
    ------- ------ -----    ------- ------ -----   ---- --  --------              -----------
    1.4e-21   74.6  10.0    1.6e-21   74.5  10.0    1.0  1  NZ_FPKU01000002.1_444  # 466947 # 467213 # 1 # ID=4_444;partial=00;start_type=ATG;rbs_motif=GGAG/GAGG;rbs_spacer=5-10bp;gc_cont=0.685


Domain annotation for each sequence:
>> NZ_FPKU01000002.1_444  # 466947 # 467213 # 1 # ID=4_444;partial=00;start_type=ATG;rbs_motif=GGAG/GAGG;rbs_spacer=5-10bp;gc_cont=0.685
   #    score  bias  c-Evalue  i-Evalue hmmfrom  hmm to    alifrom  ali to    envfrom  env to     acc
 ---   ------ ----- --------- --------- ------- -------    ------- -------    ------- -------    ----
   1 !   74.5  10.0   3.9e-25   1.6e-21       1      86 [.       1      86 [.       1      87 [. 0.98



Internal pipeline statistics summary:
-------------------------------------
Query model(s):                            1  (87 nodes)
Target sequences:                       4014  (1268018 residues searched)
Passed MSV filter:                        75  (0.0186846); expected 80.3 (0.02)
Passed bias filter:                       52  (0.0129547); expected 80.3 (0.02)
Passed Vit filter:                         4  (0.000996512); expected 4.0 (0.001)
Passed Fwd filter:                         1  (0.000249128); expected 0.0 (1e-05)
Initial search space (Z):               4014  [actual number of targets]
Domain search space  (domZ):               1  [number of targets reported over threshold]
# CPU time: 0.01u 0.00s 00:00:00.01 Elapsed: 00:00:00.02
# Mc/sec: 3823.07
//
Query:       TIGR00037  [M=130]
Accession:   TIGR00037
Description: eIF_5A: translation elongation factor IF5A
Scores for complete sequences (score includes all domains):
   --- full sequence ---   --- best 1 domain ---    -#dom-
    E-value  score  bias    E-value  score  bias    exp  N  Sequence Description
    ------- ------ -----    ------- ------ -----   ---- --  -------- -----------

   [No hits detected that satisfy reporting thresholds]


Domain annotation for each sequence:

   [No targets detected that satisfy reporting thresholds]


Internal pipeline statistics summary:
-------------------------------------
Query model(s):                            1  (130 nodes)
Target sequences:                       4014  (1268018 residues searched)
Passed MSV filter:                        51  (0.0127055); expected 80.3 (0.02)
Passed bias filter:                       43  (0.0107125); expected 80.3 (0.02)
Passed Vit filter:                         4  (0.000996512); expected 4.0 (0.001)
Passed Fwd filter:                         0  (0); expected 0.0 (1e-05)
Initial search space (Z):               4014  [actual number of targets]
Domain search space  (domZ):               0  [number of targets reported over threshold]
# CPU time: 0.02u 0.00s 00:00:00.02 Elapsed: 00:00:00.00
# Mc/sec: 16728.88
//
Query:       TIGR00043  [M=111]
Accession:   TIGR00043
Description: TIGR00043: rRNA maturation RNase YbeY
Scores for complete sequences (score includes all domains):
   --- full sequence ---   --- best 1 domain ---    -#dom-
    E-value  score  bias    E-value  score  bias    exp  N  Sequence              Description
    ------- ------ -----    ------- ------ -----   ---- --  --------              -----------
    5.5e-32  108.0   0.0    6.2e-32  107.8   0.0    1.0  1  NZ_FPKU01000002.1_406  # 427441 # 427809 # 1 # ID=4_406;partial=00;start_type=GTG;rbs_motif=GGA/GAG/AGG;rbs_spacer=5-10bp;gc_cont=0.602


Domain annotation for each sequence:
>> NZ_FPKU01000002.1_406  # 427441 # 427809 # 1 # ID=4_406;partial=00;start_type=GTG;rbs_motif=GGA/GAG/AGG;rbs_spacer=5-10bp;gc_cont=0.602
   #    score  bias  c-Evalue  i-Evalue hmmfrom  hmm to    alifrom  ali to    envfrom  env to     acc
 ---   ------ ----- --------- --------- ------- -------    ------- -------    ------- -------    ----
   1 !  107.8   0.0   1.5e-35   6.2e-32       6     111 .]       2     103 ..       1     103 [. 0.94



Internal pipeline statistics summary:
-------------------------------------
Query model(s):                            1  (111 nodes)
Target sequences:                       4014  (1268018 residues searched)
Passed MSV filter:                        54  (0.0134529); expected 80.3 (0.02)
Passed bias filter:                       53  (0.0132038); expected 80.3 (0.02)
Passed Vit filter:                         3  (0.000747384); expected 4.0 (0.001)
Passed Fwd filter:                         1  (0.000249128); expected 0.0 (1e-05)
Initial search space (Z):               4014  [actual number of targets]
Domain search space  (domZ):               1  [number of targets reported over threshold]
# CPU time: 0.02u 0.00s 00:00:00.02 Elapsed: 00:00:00.03
# Mc/sec: 4561.30
//
Query:       TIGR00054  [M=421]
Accession:   TIGR00054
Description: TIGR00054: RIP metalloprotease RseP
Scores for complete sequences (score includes all domains):
   --- full sequence ---   --- best 1 domain ---    -#dom-
    E-value  score  bias    E-value  score  bias    exp  N  Sequence              Description
    ------- ------ -----    ------- ------ -----   ---- --  --------              -----------
      2e-82  275.1   0.0    7.4e-49  164.5   0.0    2.0  2  NZ_FPKU01000001.1_836  # 854649 # 855884 # 1 # ID=5_836;partial=00;start_type=TTG;rbs_motif=None;rbs_spacer=None;gc_cont=0.641


Domain annotation for each sequence:
>> NZ_FPKU01000001.1_836  # 854649 # 855884 # 1 # ID=5_836;partial=00;start_type=TTG;rbs_motif=None;rbs_spacer=None;gc_cont=0.641
   #    score  bias  c-Evalue  i-Evalue hmmfrom  hmm to    alifrom  ali to    envfrom  env to     acc
 ---   ------ ----- --------- --------- ------- -------    ------- -------    ------- -------    ----
   1 !  112.7   0.0     1e-36     4e-33       2     138 ..      40     186 ..      39     188 .. 0.89
   2 !  164.5   0.0   1.8e-52   7.4e-49     204     416 ..     177     402 ..     171     405 .. 0.96



Internal pipeline statistics summary:
-------------------------------------
Query model(s):                            1  (421 nodes)
Target sequences:                       4014  (1268018 residues searched)
Passed MSV filter:                       101  (0.0251619); expected 80.3 (0.02)
Passed bias filter:                       78  (0.019432); expected 80.3 (0.02)
Passed Vit filter:                        10  (0.00249128); expected 4.0 (0.001)
Passed Fwd filter:                         4  (0.000996512); expected 0.0 (1e-05)
Initial search space (Z):               4014  [actual number of targets]
Domain search space  (domZ):               1  [number of targets reported over threshold]
# CPU time: 0.05u 0.01s 00:00:00.06 Elapsed: 00:00:00.07
# Mc/sec: 7343.72
//
Query:       TIGR00059  [M=112]
Accession:   TIGR00059
Description: L17: ribosomal protein bL17
Scores for complete sequences (score includes all domains):
   --- full sequence ---   --- best 1 domain ---    -#dom-
    E-value  score  bias    E-value  score  bias    exp  N  Sequence              Description
    ------- ------ -----    ------- ------ -----   ---- --  --------              -----------
    3.2e-46  154.1   0.6    3.9e-46  153.8   0.6    1.0  1  NZ_FPKU01000001.1_324  # 326803 # 327231 # 1 # ID=5_324;partial=00;start_type=ATG;rbs_motif=GGAG/GAGG;rbs_spacer=5-10bp;gc_cont=0.648


Domain annotation for each sequence:
>> NZ_FPKU01000001.1_324  # 326803 # 327231 # 1 # ID=5_324;partial=00;start_type=ATG;rbs_motif=GGAG/GAGG;rbs_spacer=5-10bp;gc_cont=0.648
   #    score  bias  c-Evalue  i-Evalue hmmfrom  hmm to    alifrom  ali to    envfrom  env to     acc
 ---   ------ ----- --------- --------- ------- -------    ------- -------    ------- -------    ----
   1 !  153.8   0.6   9.7e-50   3.9e-46       3     112 .]       8     117 ..       5     117 .. 0.99



Internal pipeline statistics summary:
-------------------------------------
Query model(s):                            1  (112 nodes)
Target sequences:                       4014  (1268018 residues searched)
Passed MSV filter:                        85  (0.0211759); expected 80.3 (0.02)
Passed bias filter:                       69  (0.0171898); expected 80.3 (0.02)
Passed Vit filter:                         3  (0.000747384); expected 4.0 (0.001)
Passed Fwd filter:                         1  (0.000249128); expected 0.0 (1e-05)
Initial search space (Z):               4014  [actual number of targets]
Domain search space  (domZ):               1  [number of targets reported over threshold]
# CPU time: 0.02u 0.00s 00:00:00.02 Elapsed: 00:00:00.01
# Mc/sec: 9710.36
//
Query:       TIGR00061  [M=101]
Accession:   TIGR00061
Description: L21: ribosomal protein bL21
Scores for complete sequences (score includes all domains):
   --- full sequence ---   --- best 1 domain ---    -#dom-
    E-value  score  bias    E-value  score  bias    exp  N  Sequence              Description
    ------- ------ -----    ------- ------ -----   ---- --  --------              -----------
    5.1e-32  108.1   0.8    8.5e-32  107.4   0.8    1.4  1  NZ_FPKU01000004.1_124  # 139976 # 140665 # 1 # ID=1_124;partial=00;start_type=ATG;rbs_motif=None;rbs_spacer=None;gc_cont=0.658


Domain annotation for each sequence:
>> NZ_FPKU01000004.1_124  # 139976 # 140665 # 1 # ID=1_124;partial=00;start_type=ATG;rbs_motif=None;rbs_spacer=None;gc_cont=0.658
   #    score  bias  c-Evalue  i-Evalue hmmfrom  hmm to    alifrom  ali to    envfrom  env to     acc
 ---   ------ ----- --------- --------- ------- -------    ------- -------    ------- -------    ----
   1 !  107.4   0.8   2.1e-35   8.5e-32       1     100 [.       3     102 ..       3     103 .. 0.99



Internal pipeline statistics summary:
-------------------------------------
Query model(s):                            1  (101 nodes)
Target sequences:                       4014  (1268018 residues searched)
Passed MSV filter:                        53  (0.0132038); expected 80.3 (0.02)
Passed bias filter:                       49  (0.0122073); expected 80.3 (0.02)
Passed Vit filter:                         5  (0.00124564); expected 4.0 (0.001)
Passed Fwd filter:                         1  (0.000249128); expected 0.0 (1e-05)
Initial search space (Z):               4014  [actual number of targets]
Domain search space  (domZ):               1  [number of targets reported over threshold]
# CPU time: 0.02u 0.00s 00:00:00.02 Elapsed: 00:00:00.02
# Mc/sec: 5611.68
//
Query:       TIGR00064  [M=279]
Accession:   TIGR00064
Description: ftsY: signal recognition particle-docking protein FtsY
Scores for complete sequences (score includes all domains):
   --- full sequence ---   --- best 1 domain ---    -#dom-
    E-value  score  bias    E-value  score  bias    exp  N  Sequence              Description
    ------- ------ -----    ------- ------ -----   ---- --  --------              -----------
    2.2e-96  320.2   0.5    2.6e-96  319.9   0.5    1.0  1  NZ_FPKU01000002.1_565  # 588849 # 590087 # 1 # ID=4_565;partial=00;start_type=ATG;rbs_motif=None;rbs_spacer=None;gc_cont=0.678


Domain annotation for each sequence:
>> NZ_FPKU01000002.1_565  # 588849 # 590087 # 1 # ID=4_565;partial=00;start_type=ATG;rbs_motif=None;rbs_spacer=None;gc_cont=0.678
   #    score  bias  c-Evalue  i-Evalue hmmfrom  hmm to    alifrom  ali to    envfrom  env to     acc
 ---   ------ ----- --------- --------- ------- -------    ------- -------    ------- -------    ----
   1 !  319.9   0.5  6.6e-100   2.6e-96       2     278 ..     137     406 ..     136     407 .. 0.96



Internal pipeline statistics summary:
-------------------------------------
Query model(s):                            1  (279 nodes)
Target sequences:                       4014  (1268018 residues searched)
Passed MSV filter:                       198  (0.0493274); expected 80.3 (0.02)
Passed bias filter:                      181  (0.0450922); expected 80.3 (0.02)
Passed Vit filter:                        49  (0.0122073); expected 4.0 (0.001)
Passed Fwd filter:                         7  (0.0017439); expected 0.0 (1e-05)
Initial search space (Z):               4014  [actual number of targets]
Domain search space  (domZ):               1  [number of targets reported over threshold]
# CPU time: 0.04u 0.00s 00:00:00.04 Elapsed: 00:00:00.03
# Mc/sec: 10183.85
//
Query:       TIGR00065  [M=353]
Accession:   TIGR00065
Description: ftsZ: cell division protein FtsZ
Scores for complete sequences (score includes all domains):
   --- full sequence ---   --- best 1 domain ---    -#dom-
    E-value  score  bias    E-value  score  bias    exp  N  Sequence               Description
    ------- ------ -----    ------- ------ -----   ---- --  --------               -----------
   2.9e-122  406.2   7.4   3.9e-122  405.7   7.4    1.1  1  NZ_FPKU01000001.1_1289  # 1330368 # 1332041 # -1 # ID=5_1289;partial=00;start_type=ATG;rbs_motif=3Base/5BMM;rbs_spacer=13-15bp;gc_cont=0.676


Domain annotation for each sequence:
>> NZ_FPKU01000001.1_1289  # 1330368 # 1332041 # -1 # ID=5_1289;partial=00;start_type=ATG;rbs_motif=3Base/5BMM;rbs_spacer=13-15bp;gc_cont=0.676
   #    score  bias  c-Evalue  i-Evalue hmmfrom  hmm to    alifrom  ali to    envfrom  env to     acc
 ---   ------ ----- --------- --------- ------- -------    ------- -------    ------- -------    ----
   1 !  405.7   7.4  9.8e-126  3.9e-122      14     329 ..      16     328 ..       6     347 .. 0.96



Internal pipeline statistics summary:
-------------------------------------
Query model(s):                            1  (353 nodes)
Target sequences:                       4014  (1268018 residues searched)
Passed MSV filter:                       137  (0.0341305); expected 80.3 (0.02)
Passed bias filter:                      106  (0.0264076); expected 80.3 (0.02)
Passed Vit filter:                         9  (0.00224215); expected 4.0 (0.001)
Passed Fwd filter:                         1  (0.000249128); expected 0.0 (1e-05)
Initial search space (Z):               4014  [actual number of targets]
Domain search space  (domZ):               1  [number of targets reported over threshold]
# CPU time: 0.03u 0.01s 00:00:00.04 Elapsed: 00:00:00.04
# Mc/sec: 10929.11
//
Query:       TIGR00082  [M=115]
Accession:   TIGR00082
Description: rbfA: ribosome-binding factor A
Scores for complete sequences (score includes all domains):
   --- full sequence ---   --- best 1 domain ---    -#dom-
    E-value  score  bias    E-value  score  bias    exp  N  Sequence              Description
    ------- ------ -----    ------- ------ -----   ---- --  --------              -----------
      2e-13   48.7   0.0    2.6e-13   48.3   0.0    1.1  1  NZ_FPKU01000002.1_421  # 444511 # 444951 # 1 # ID=4_421;partial=00;start_type=ATG;rbs_motif=None;rbs_spacer=None;gc_cont=0.692


Domain annotation for each sequence:
>> NZ_FPKU01000002.1_421  # 444511 # 444951 # 1 # ID=4_421;partial=00;start_type=ATG;rbs_motif=None;rbs_spacer=None;gc_cont=0.692
   #    score  bias  c-Evalue  i-Evalue hmmfrom  hmm to    alifrom  ali to    envfrom  env to     acc
 ---   ------ ----- --------- --------- ------- -------    ------- -------    ------- -------    ----
   1 !   48.3   0.0   6.5e-17   2.6e-13       6     110 ..      17     123 ..      14     127 .. 0.92



Internal pipeline statistics summary:
-------------------------------------
Query model(s):                            1  (115 nodes)
Target sequences:                       4014  (1268018 residues searched)
Passed MSV filter:                        53  (0.0132038); expected 80.3 (0.02)
Passed bias filter:                       50  (0.0124564); expected 80.3 (0.02)
Passed Vit filter:                         2  (0.000498256); expected 4.0 (0.001)
Passed Fwd filter:                         1  (0.000249128); expected 0.0 (1e-05)
Initial search space (Z):               4014  [actual number of targets]
Domain search space  (domZ):               1  [number of targets reported over threshold]
# CPU time: 0.01u 0.00s 00:00:00.01 Elapsed: 00:00:00.02
# Mc/sec: 6545.33
//
Query:       TIGR00083  [M=290]
Accession:   TIGR00083
Description: ribF: riboflavin biosynthesis protein RibF
Scores for complete sequences (score includes all domains):
   --- full sequence ---   --- best 1 domain ---    -#dom-
    E-value  score  bias    E-value  score  bias    exp  N  Sequence              Description
    ------- ------ -----    ------- ------ -----   ---- --  --------              -----------
    1.6e-69  232.3   0.0    1.9e-69  232.1   0.0    1.0  1  NZ_FPKU01000003.1_347  # 334671 # 335645 # -1 # ID=3_347;partial=00;start_type=ATG;rbs_motif=None;rbs_spacer=None;gc_cont=0.682


Domain annotation for each sequence:
>> NZ_FPKU01000003.1_347  # 334671 # 335645 # -1 # ID=3_347;partial=00;start_type=ATG;rbs_motif=None;rbs_spacer=None;gc_cont=0.682
   #    score  bias  c-Evalue  i-Evalue hmmfrom  hmm to    alifrom  ali to    envfrom  env to     acc
 ---   ------ ----- --------- --------- ------- -------    ------- -------    ------- -------    ----
   1 !  232.1   0.0   4.8e-73   1.9e-69       2     289 ..      22     307 ..      21     308 .. 0.96



Internal pipeline statistics summary:
-------------------------------------
Query model(s):                            1  (290 nodes)
Target sequences:                       4014  (1268018 residues searched)
Passed MSV filter:                        64  (0.0159442); expected 80.3 (0.02)
Passed bias filter:                       62  (0.0154459); expected 80.3 (0.02)
Passed Vit filter:                         3  (0.000747384); expected 4.0 (0.001)
Passed Fwd filter:                         1  (0.000249128); expected 0.0 (1e-05)
Initial search space (Z):               4014  [actual number of targets]
Domain search space  (domZ):               1  [number of targets reported over threshold]
# CPU time: 0.03u 0.00s 00:00:00.03 Elapsed: 00:00:00.03
# Mc/sec: 10789.52
//
Query:       TIGR00084  [M=192]
Accession:   TIGR00084
Description: ruvA: Holliday junction DNA helicase RuvA
Scores for complete sequences (score includes all domains):
   --- full sequence ---   --- best 1 domain ---    -#dom-
    E-value  score  bias    E-value  score  bias    exp  N  Sequence               Description
    ------- ------ -----    ------- ------ -----   ---- --  --------               -----------
    8.6e-38  127.6   0.0    9.6e-38  127.4   0.0    1.0  1  NZ_FPKU01000001.1_1715  # 1791283 # 1791900 # -1 # ID=5_1715;partial=00;start_type=ATG;rbs_motif=AGxAGG/AGGxGG;rbs_spacer=5-10bp;gc_cont=0.667


Domain annotation for each sequence:
>> NZ_FPKU01000001.1_1715  # 1791283 # 1791900 # -1 # ID=5_1715;partial=00;start_type=ATG;rbs_motif=AGxAGG/AGGxGG;rbs_spacer=5-10bp;gc_cont=0.667
   #    score  bias  c-Evalue  i-Evalue hmmfrom  hmm to    alifrom  ali to    envfrom  env to     acc
 ---   ------ ----- --------- --------- ------- -------    ------- -------    ------- -------    ----
   1 !  127.4   0.0   2.4e-41   9.6e-38       1     189 [.       1     202 [.       1     205 [. 0.94



Internal pipeline statistics summary:
-------------------------------------
Query model(s):                            1  (192 nodes)
Target sequences:                       4014  (1268018 residues searched)
Passed MSV filter:                       103  (0.0256602); expected 80.3 (0.02)
Passed bias filter:                       96  (0.0239163); expected 80.3 (0.02)
Passed Vit filter:                         8  (0.00199302); expected 4.0 (0.001)
Passed Fwd filter:                         1  (0.000249128); expected 0.0 (1e-05)
Initial search space (Z):               4014  [actual number of targets]
Domain search space  (domZ):               1  [number of targets reported over threshold]
# CPU time: 0.02u 0.00s 00:00:00.02 Elapsed: 00:00:00.02
# Mc/sec: 9992.02
//
Query:       TIGR00086  [M=144]
Accession:   TIGR00086
Description: smpB: SsrA-binding protein
Scores for complete sequences (score includes all domains):
   --- full sequence ---   --- best 1 domain ---    -#dom-
    E-value  score  bias    E-value  score  bias    exp  N  Sequence              Description
    ------- ------ -----    ------- ------ -----   ---- --  --------              -----------
    3.5e-55  183.8   0.2    3.9e-55  183.7   0.2    1.0  1  NZ_FPKU01000001.1_412  # 424251 # 424733 # 1 # ID=5_412;partial=00;start_type=ATG;rbs_motif=None;rbs_spacer=None;gc_cont=0.613


Domain annotation for each sequence:
>> NZ_FPKU01000001.1_412  # 424251 # 424733 # 1 # ID=5_412;partial=00;start_type=ATG;rbs_motif=None;rbs_spacer=None;gc_cont=0.613
   #    score  bias  c-Evalue  i-Evalue hmmfrom  hmm to    alifrom  ali to    envfrom  env to     acc
 ---   ------ ----- --------- --------- ------- -------    ------- -------    ------- -------    ----
   1 !  183.7   0.2   9.8e-59   3.9e-55       2     144 .]      16     158 ..      15     158 .. 0.99



Internal pipeline statistics summary:
-------------------------------------
Query model(s):                            1  (144 nodes)
Target sequences:                       4014  (1268018 residues searched)
Passed MSV filter:                        43  (0.0107125); expected 80.3 (0.02)
Passed bias filter:                       39  (0.00971599); expected 80.3 (0.02)
Passed Vit filter:                         5  (0.00124564); expected 4.0 (0.001)
Passed Fwd filter:                         1  (0.000249128); expected 0.0 (1e-05)
Initial search space (Z):               4014  [actual number of targets]
Domain search space  (domZ):               1  [number of targets reported over threshold]
# CPU time: 0.01u 0.00s 00:00:00.01 Elapsed: 00:00:00.01
# Mc/sec: 14745.91
//
Query:       TIGR00088  [M=233]
Accession:   TIGR00088
Description: trmD: tRNA (guanine(37)-N(1))-methyltransferase
Scores for complete sequences (score includes all domains):
   --- full sequence ---   --- best 1 domain ---    -#dom-
    E-value  score  bias    E-value  score  bias    exp  N  Sequence              Description
    ------- ------ -----    ------- ------ -----   ---- --  --------              -----------
    1.2e-76  254.8   0.0    1.6e-76  254.4   0.0    1.0  1  NZ_FPKU01000002.1_556  # 582010 # 582714 # -1 # ID=4_556;partial=00;start_type=TTG;rbs_motif=GGAGG;rbs_spacer=5-10bp;gc_cont=0.704


Domain annotation for each sequence:
>> NZ_FPKU01000002.1_556  # 582010 # 582714 # -1 # ID=4_556;partial=00;start_type=TTG;rbs_motif=GGAGG;rbs_spacer=5-10bp;gc_cont=0.704
   #    score  bias  c-Evalue  i-Evalue hmmfrom  hmm to    alifrom  ali to    envfrom  env to     acc
 ---   ------ ----- --------- --------- ------- -------    ------- -------    ------- -------    ----
   1 !  254.4   0.0     4e-80   1.6e-76       4     223 ..       6     227 ..       3     232 .. 0.98



Internal pipeline statistics summary:
-------------------------------------
Query model(s):                            1  (233 nodes)
Target sequences:                       4014  (1268018 residues searched)
Passed MSV filter:                        82  (0.0204285); expected 80.3 (0.02)
Passed bias filter:                       81  (0.0201794); expected 80.3 (0.02)
Passed Vit filter:                         6  (0.00149477); expected 4.0 (0.001)
Passed Fwd filter:                         1  (0.000249128); expected 0.0 (1e-05)
Initial search space (Z):               4014  [actual number of targets]
Domain search space  (domZ):               1  [number of targets reported over threshold]
# CPU time: 0.02u 0.00s 00:00:00.02 Elapsed: 00:00:00.02
# Mc/sec: 13925.06
//
Query:       TIGR00090  [M=99]
Accession:   TIGR00090
Description: rsfS_iojap_ybeB: ribosome silencing factor
Scores for complete sequences (score includes all domains):
   --- full sequence ---   --- best 1 domain ---    -#dom-
    E-value  score  bias    E-value  score  bias    exp  N  Sequence              Description
    ------- ------ -----    ------- ------ -----   ---- --  --------              -----------
    3.2e-33  111.7   0.0    3.7e-33  111.5   0.0    1.1  1  NZ_FPKU01000004.1_131  # 146069 # 146467 # 1 # ID=1_131;partial=00;start_type=ATG;rbs_motif=GGA/GAG/AGG;rbs_spacer=5-10bp;gc_cont=0.647


Domain annotation for each sequence:
>> NZ_FPKU01000004.1_131  # 146069 # 146467 # 1 # ID=1_131;partial=00;start_type=ATG;rbs_motif=GGA/GAG/AGG;rbs_spacer=5-10bp;gc_cont=0.647
   #    score  bias  c-Evalue  i-Evalue hmmfrom  hmm to    alifrom  ali to    envfrom  env to     acc
 ---   ------ ----- --------- --------- ------- -------    ------- -------    ------- -------    ----
   1 !  111.5   0.0   9.3e-37   3.7e-33       3      99 .]      30     126 ..      28     126 .. 0.98



Internal pipeline statistics summary:
-------------------------------------
Query model(s):                            1  (99 nodes)
Target sequences:                       4014  (1268018 residues searched)
Passed MSV filter:                        51  (0.0127055); expected 80.3 (0.02)
Passed bias filter:                       48  (0.0119581); expected 80.3 (0.02)
Passed Vit filter:                         3  (0.000747384); expected 4.0 (0.001)
Passed Fwd filter:                         1  (0.000249128); expected 0.0 (1e-05)
Initial search space (Z):               4014  [actual number of targets]
Domain search space  (domZ):               1  [number of targets reported over threshold]
# CPU time: 0.02u 0.00s 00:00:00.02 Elapsed: 00:00:00.01
# Mc/sec: 6768.53
//
Query:       TIGR00092  [M=368]
Accession:   TIGR00092
Description: TIGR00092: GTP-binding protein YchF
Scores for complete sequences (score includes all domains):
   --- full sequence ---   --- best 1 domain ---    -#dom-
    E-value  score  bias    E-value  score  bias    exp  N  Sequence               Description
    ------- ------ -----    ------- ------ -----   ---- --  --------               -----------
   6.3e-148  490.6   0.0     7e-148  490.4   0.0    1.0  1  NZ_FPKU01000001.1_1434  # 1488061 # 1489158 # 1 # ID=5_1434;partial=00;start_type=ATG;rbs_motif=GGAG/GAGG;rbs_spacer=5-10bp;gc_cont=0.633


Domain annotation for each sequence:
>> NZ_FPKU01000001.1_1434  # 1488061 # 1489158 # 1 # ID=5_1434;partial=00;start_type=ATG;rbs_motif=GGAG/GAGG;rbs_spacer=5-10bp;gc_cont=0.633
   #    score  bias  c-Evalue  i-Evalue hmmfrom  hmm to    alifrom  ali to    envfrom  env to     acc
 ---   ------ ----- --------- --------- ------- -------    ------- -------    ------- -------    ----
   1 !  490.4   0.0  1.7e-151    7e-148       1     367 [.       1     364 [.       1     365 [. 0.98



Internal pipeline statistics summary:
-------------------------------------
Query model(s):                            1  (368 nodes)
Target sequences:                       4014  (1268018 residues searched)
Passed MSV filter:                       153  (0.0381166); expected 80.3 (0.02)
Passed bias filter:                      145  (0.0361236); expected 80.3 (0.02)
Passed Vit filter:                        32  (0.0079721); expected 4.0 (0.001)
Passed Fwd filter:                         5  (0.00124564); expected 0.0 (1e-05)
Initial search space (Z):               4014  [actual number of targets]
Domain search space  (domZ):               1  [number of targets reported over threshold]
# CPU time: 0.05u 0.00s 00:00:00.05 Elapsed: 00:00:00.04
# Mc/sec: 10111.68
//
Query:       TIGR00095  [M=194]
Accession:   TIGR00095
Description: TIGR00095: 16S rRNA (guanine(966)-N(2))-methyltransferase RsmD
Scores for complete sequences (score includes all domains):
   --- full sequence ---   --- best 1 domain ---    -#dom-
    E-value  score  bias    E-value  score  bias    exp  N  Sequence              Description
    ------- ------ -----    ------- ------ -----   ---- --  --------              -----------
      1e-43  147.1   0.0    1.2e-43  146.8   0.0    1.0  1  NZ_FPKU01000002.1_922  # 976086 # 976655 # 1 # ID=4_922;partial=00;start_type=ATG;rbs_motif=None;rbs_spacer=None;gc_cont=0.679


Domain annotation for each sequence:
>> NZ_FPKU01000002.1_922  # 976086 # 976655 # 1 # ID=4_922;partial=00;start_type=ATG;rbs_motif=None;rbs_spacer=None;gc_cont=0.679
   #    score  bias  c-Evalue  i-Evalue hmmfrom  hmm to    alifrom  ali to    envfrom  env to     acc
 ---   ------ ----- --------- --------- ------- -------    ------- -------    ------- -------    ----
   1 !  146.8   0.0     3e-47   1.2e-43      13     190 ..       2     180 ..       1     183 [. 0.90



Internal pipeline statistics summary:
-------------------------------------
Query model(s):                            1  (194 nodes)
Target sequences:                       4014  (1268018 residues searched)
Passed MSV filter:                        81  (0.0201794); expected 80.3 (0.02)
Passed bias filter:                       81  (0.0201794); expected 80.3 (0.02)
Passed Vit filter:                        12  (0.00298954); expected 4.0 (0.001)
Passed Fwd filter:                         4  (0.000996512); expected 0.0 (1e-05)
Initial search space (Z):               4014  [actual number of targets]
Domain search space  (domZ):               1  [number of targets reported over threshold]
# CPU time: 0.02u 0.01s 00:00:00.03 Elapsed: 00:00:00.01
# Mc/sec: 12464.39
//
Query:       TIGR00111  [M=351]
Accession:   TIGR00111
Description: pelota: mRNA surveillance protein pelota
Scores for complete sequences (score includes all domains):
   --- full sequence ---   --- best 1 domain ---    -#dom-
    E-value  score  bias    E-value  score  bias    exp  N  Sequence Description
    ------- ------ -----    ------- ------ -----   ---- --  -------- -----------

   [No hits detected that satisfy reporting thresholds]


Domain annotation for each sequence:

   [No targets detected that satisfy reporting thresholds]


Internal pipeline statistics summary:
-------------------------------------
Query model(s):                            1  (351 nodes)
Target sequences:                       4014  (1268018 residues searched)
Passed MSV filter:                        73  (0.0181863); expected 80.3 (0.02)
Passed bias filter:                       67  (0.0166916); expected 80.3 (0.02)
Passed Vit filter:                         5  (0.00124564); expected 4.0 (0.001)
Passed Fwd filter:                         0  (0); expected 0.0 (1e-05)
Initial search space (Z):               4014  [actual number of targets]
Domain search space  (domZ):               0  [number of targets reported over threshold]
# CPU time: 0.04u 0.00s 00:00:00.04 Elapsed: 00:00:00.02
# Mc/sec: 14884.99
//
Query:       TIGR00115  [M=410]
Accession:   TIGR00115
Description: tig: trigger factor
Scores for complete sequences (score includes all domains):
   --- full sequence ---   --- best 1 domain ---    -#dom-
    E-value  score  bias    E-value  score  bias    exp  N  Sequence               Description
    ------- ------ -----    ------- ------ -----   ---- --  --------               -----------
   3.4e-122  406.0   5.5   3.9e-122  405.8   5.5    1.0  1  NZ_FPKU01000001.1_1181  # 1207322 # 1208725 # -1 # ID=5_1181;partial=00;start_type=ATG;rbs_motif=GGA/GAG/AGG;rbs_spacer=5-10bp;gc_cont=0.641


Domain annotation for each sequence:
>> NZ_FPKU01000001.1_1181  # 1207322 # 1208725 # -1 # ID=5_1181;partial=00;start_type=ATG;rbs_motif=GGA/GAG/AGG;rbs_spacer=5-10bp;gc_cont=0.641
   #    score  bias  c-Evalue  i-Evalue hmmfrom  hmm to    alifrom  ali to    envfrom  env to     acc
 ---   ------ ----- --------- --------- ------- -------    ------- -------    ------- -------    ----
   1 !  405.8   5.5  9.7e-126  3.9e-122       1     409 [.      11     426 ..      11     427 .. 0.99



Internal pipeline statistics summary:
-------------------------------------
Query model(s):                            1  (410 nodes)
Target sequences:                       4014  (1268018 residues searched)
Passed MSV filter:                       115  (0.0286497); expected 80.3 (0.02)
Passed bias filter:                       90  (0.0224215); expected 80.3 (0.02)
Passed Vit filter:                        12  (0.00298954); expected 4.0 (0.001)
Passed Fwd filter:                         2  (0.000498256); expected 0.0 (1e-05)
Initial search space (Z):               4014  [actual number of targets]
Domain search space  (domZ):               1  [number of targets reported over threshold]
# CPU time: 0.03u 0.00s 00:00:00.03 Elapsed: 00:00:00.04
# Mc/sec: 11685.62
//
Query:       TIGR00116  [M=293]
Accession:   TIGR00116
Description: tsf: translation elongation factor Ts
Scores for complete sequences (score includes all domains):
   --- full sequence ---   --- best 1 domain ---    -#dom-
    E-value  score  bias    E-value  score  bias    exp  N  Sequence              Description
    ------- ------ -----    ------- ------ -----   ---- --  --------              -----------
    1.5e-92  307.7   1.6    1.8e-92  307.4   1.6    1.0  1  NZ_FPKU01000001.1_831  # 850620 # 851546 # 1 # ID=5_831;partial=00;start_type=ATG;rbs_motif=GGAG/GAGG;rbs_spacer=5-10bp;gc_cont=0.655


Domain annotation for each sequence:
>> NZ_FPKU01000001.1_831  # 850620 # 851546 # 1 # ID=5_831;partial=00;start_type=ATG;rbs_motif=GGAG/GAGG;rbs_spacer=5-10bp;gc_cont=0.655
   #    score  bias  c-Evalue  i-Evalue hmmfrom  hmm to    alifrom  ali to    envfrom  env to     acc
 ---   ------ ----- --------- --------- ------- -------    ------- -------    ------- -------    ----
   1 !  307.4   1.6   4.6e-96   1.8e-92       2     290 ..       1     304 [.       1     306 [. 0.92



Internal pipeline statistics summary:
-------------------------------------
Query model(s):                            1  (293 nodes)
Target sequences:                       4014  (1268018 residues searched)
Passed MSV filter:                        85  (0.0211759); expected 80.3 (0.02)
Passed bias filter:                       70  (0.017439); expected 80.3 (0.02)
Passed Vit filter:                         6  (0.00149477); expected 4.0 (0.001)
Passed Fwd filter:                         1  (0.000249128); expected 0.0 (1e-05)
Initial search space (Z):               4014  [actual number of targets]
Domain search space  (domZ):               1  [number of targets reported over threshold]
# CPU time: 0.03u 0.01s 00:00:00.04 Elapsed: 00:00:00.02
# Mc/sec: 12521.99
//
Query:       TIGR00134  [M=622]
Accession:   TIGR00134
Description: gatE_arch: glutamyl-tRNA(Gln) amidotransferase, subunit E
Scores for complete sequences (score includes all domains):
   --- full sequence ---   --- best 1 domain ---    -#dom-
    E-value  score  bias    E-value  score  bias    exp  N  Sequence Description
    ------- ------ -----    ------- ------ -----   ---- --  -------- -----------

   [No hits detected that satisfy reporting thresholds]


Domain annotation for each sequence:

   [No targets detected that satisfy reporting thresholds]


Internal pipeline statistics summary:
-------------------------------------
Query model(s):                            1  (622 nodes)
Target sequences:                       4014  (1268018 residues searched)
Passed MSV filter:                       124  (0.0308919); expected 80.3 (0.02)
Passed bias filter:                       98  (0.0244145); expected 80.3 (0.02)
Passed Vit filter:                         9  (0.00224215); expected 4.0 (0.001)
Passed Fwd filter:                         1  (0.000249128); expected 0.0 (1e-05)
Initial search space (Z):               4014  [actual number of targets]
Domain search space  (domZ):               0  [number of targets reported over threshold]
# CPU time: 0.07u 0.00s 00:00:00.07 Elapsed: 00:00:00.07
# Mc/sec: 10537.15
//
Query:       TIGR00138  [M=183]
Accession:   TIGR00138
Description: rsmG_gidB: 16S rRNA (guanine(527)-N(7))-methyltransferase RsmG
Scores for complete sequences (score includes all domains):
   --- full sequence ---   --- best 1 domain ---    -#dom-
    E-value  score  bias    E-value  score  bias    exp  N  Sequence              Description
    ------- ------ -----    ------- ------ -----   ---- --  --------              -----------
      3e-38  129.1   0.0    3.5e-38  128.9   0.0    1.0  1  NZ_FPKU01000002.1_506  # 526602 # 527222 # 1 # ID=4_506;partial=00;start_type=GTG;rbs_motif=AGGA/GGAG/GAGG;rbs_spacer=11-12bp;gc_cont=0.607


Domain annotation for each sequence:
>> NZ_FPKU01000002.1_506  # 526602 # 527222 # 1 # ID=4_506;partial=00;start_type=GTG;rbs_motif=AGGA/GGAG/GAGG;rbs_spacer=11-12bp;gc_cont=0.607
   #    score  bias  c-Evalue  i-Evalue hmmfrom  hmm to    alifrom  ali to    envfrom  env to     acc
 ---   ------ ----- --------- --------- ------- -------    ------- -------    ------- -------    ----
   1 !  128.9   0.0   8.7e-42   3.5e-38       2     167 ..      24     185 ..      23     199 .. 0.92



Internal pipeline statistics summary:
-------------------------------------
Query model(s):                            1  (183 nodes)
Target sequences:                       4014  (1268018 residues searched)
Passed MSV filter:                        86  (0.021425); expected 80.3 (0.02)
Passed bias filter:                       85  (0.0211759); expected 80.3 (0.02)
Passed Vit filter:                        15  (0.00373692); expected 4.0 (0.001)
Passed Fwd filter:                         2  (0.000498256); expected 0.0 (1e-05)
Initial search space (Z):               4014  [actual number of targets]
Domain search space  (domZ):               1  [number of targets reported over threshold]
# CPU time: 0.02u 0.00s 00:00:00.02 Elapsed: 00:00:00.02
# Mc/sec: 8629.75
//
Query:       TIGR00158  [M=148]
Accession:   TIGR00158
Description: L9: ribosomal protein bL9
Scores for complete sequences (score includes all domains):
   --- full sequence ---   --- best 1 domain ---    -#dom-
    E-value  score  bias    E-value  score  bias    exp  N  Sequence              Description
    ------- ------ -----    ------- ------ -----   ---- --  --------              -----------
    1.7e-39  133.5   0.1    1.7e-39  133.5   0.1    1.3  1  NZ_FPKU01000001.1_568  # 576317 # 576886 # -1 # ID=5_568;partial=00;start_type=ATG;rbs_motif=AGGA;rbs_spacer=5-10bp;gc_cont=0.670


Domain annotation for each sequence:
>> NZ_FPKU01000001.1_568  # 576317 # 576886 # -1 # ID=5_568;partial=00;start_type=ATG;rbs_motif=AGGA;rbs_spacer=5-10bp;gc_cont=0.670
   #    score  bias  c-Evalue  i-Evalue hmmfrom  hmm to    alifrom  ali to    envfrom  env to     acc
 ---   ------ ----- --------- --------- ------- -------    ------- -------    ------- -------    ----
   1 !  133.5   0.1   4.2e-43   1.7e-39       1     146 [.       1     145 [.       1     147 [. 0.99



Internal pipeline statistics summary:
-------------------------------------
Query model(s):                            1  (148 nodes)
Target sequences:                       4014  (1268018 residues searched)
Passed MSV filter:                        59  (0.0146986); expected 80.3 (0.02)
Passed bias filter:                       52  (0.0129547); expected 80.3 (0.02)
Passed Vit filter:                         4  (0.000996512); expected 4.0 (0.001)
Passed Fwd filter:                         1  (0.000249128); expected 0.0 (1e-05)
Initial search space (Z):               4014  [actual number of targets]
Domain search space  (domZ):               1  [number of targets reported over threshold]
# CPU time: 0.02u 0.00s 00:00:00.02 Elapsed: 00:00:00.02
# Mc/sec: 8428.30
//
Query:       TIGR00166  [M=95]
Accession:   TIGR00166
Description: S6: ribosomal protein bS6
Scores for complete sequences (score includes all domains):
   --- full sequence ---   --- best 1 domain ---    -#dom-
    E-value  score  bias    E-value  score  bias    exp  N  Sequence              Description
    ------- ------ -----    ------- ------ -----   ---- --  --------              -----------
    1.2e-24   84.2   0.1    1.4e-24   83.9   0.1    1.1  1  NZ_FPKU01000001.1_570  # 577300 # 577692 # -1 # ID=5_570;partial=00;start_type=ATG;rbs_motif=AGGA;rbs_spacer=5-10bp;gc_cont=0.639


Domain annotation for each sequence:
>> NZ_FPKU01000001.1_570  # 577300 # 577692 # -1 # ID=5_570;partial=00;start_type=ATG;rbs_motif=AGGA;rbs_spacer=5-10bp;gc_cont=0.639
   #    score  bias  c-Evalue  i-Evalue hmmfrom  hmm to    alifrom  ali to    envfrom  env to     acc
 ---   ------ ----- --------- --------- ------- -------    ------- -------    ------- -------    ----
   1 !   83.9   0.1   3.6e-28   1.4e-24       1      94 [.       1      94 [.       1      95 [. 0.98



Internal pipeline statistics summary:
-------------------------------------
Query model(s):                            1  (95 nodes)
Target sequences:                       4014  (1268018 residues searched)
Passed MSV filter:                        42  (0.0104634); expected 80.3 (0.02)
Passed bias filter:                       37  (0.00921774); expected 80.3 (0.02)
Passed Vit filter:                         3  (0.000747384); expected 4.0 (0.001)
Passed Fwd filter:                         1  (0.000249128); expected 0.0 (1e-05)
Initial search space (Z):               4014  [actual number of targets]
Domain search space  (domZ):               1  [number of targets reported over threshold]
# CPU time: 0.02u 0.00s 00:00:00.02 Elapsed: 00:00:00.01
# Mc/sec: 6244.73
//
Query:       TIGR00168  [M=165]
Accession:   TIGR00168
Description: infC: translation initiation factor IF-3
Scores for complete sequences (score includes all domains):
   --- full sequence ---   --- best 1 domain ---    -#dom-
    E-value  score  bias    E-value  score  bias    exp  N  Sequence              Description
    ------- ------ -----    ------- ------ -----   ---- --  --------              -----------
    3.8e-61  203.4   0.7    4.3e-61  203.2   0.7    1.0  1  NZ_FPKU01000003.1_748  # 761805 # 762329 # 1 # ID=3_748;partial=00;start_type=ATG;rbs_motif=None;rbs_spacer=None;gc_cont=0.613


Domain annotation for each sequence:
>> NZ_FPKU01000003.1_748  # 761805 # 762329 # 1 # ID=3_748;partial=00;start_type=ATG;rbs_motif=None;rbs_spacer=None;gc_cont=0.613
   #    score  bias  c-Evalue  i-Evalue hmmfrom  hmm to    alifrom  ali to    envfrom  env to     acc
 ---   ------ ----- --------- --------- ------- -------    ------- -------    ------- -------    ----
   1 !  203.2   0.7   1.1e-64   4.3e-61       2     163 ..      14     174 ..      13     174 .. 0.99



Internal pipeline statistics summary:
-------------------------------------
Query model(s):                            1  (165 nodes)
Target sequences:                       4014  (1268018 residues searched)
Passed MSV filter:                        74  (0.0184355); expected 80.3 (0.02)
Passed bias filter:                       67  (0.0166916); expected 80.3 (0.02)
Passed Vit filter:                        11  (0.00274041); expected 4.0 (0.001)
Passed Fwd filter:                         1  (0.000249128); expected 0.0 (1e-05)
Initial search space (Z):               4014  [actual number of targets]
Domain search space  (domZ):               1  [number of targets reported over threshold]
# CPU time: 0.02u 0.00s 00:00:00.02 Elapsed: 00:00:00.01
# Mc/sec: 12321.29
//
Query:       TIGR00186  [M=240]
Accession:   TIGR00186
Description: rRNA_methyl_3: RNA methyltransferase, TrmH family, group 3
Scores for complete sequences (score includes all domains):
   --- full sequence ---   --- best 1 domain ---    -#dom-
    E-value  score  bias    E-value  score  bias    exp  N  Sequence              Description
    ------- ------ -----    ------- ------ -----   ---- --  --------              -----------
    2.2e-49  165.9   0.0    2.7e-49  165.6   0.0    1.0  1  NZ_FPKU01000001.1_271  # 281677 # 282429 # -1 # ID=5_271;partial=00;start_type=ATG;rbs_motif=3Base/5BMM;rbs_spacer=13-15bp;gc_cont=0.685


Domain annotation for each sequence:
>> NZ_FPKU01000001.1_271  # 281677 # 282429 # -1 # ID=5_271;partial=00;start_type=ATG;rbs_motif=3Base/5BMM;rbs_spacer=13-15bp;gc_cont=0.685
   #    score  bias  c-Evalue  i-Evalue hmmfrom  hmm to    alifrom  ali to    envfrom  env to     acc
 ---   ------ ----- --------- --------- ------- -------    ------- -------    ------- -------    ----
   1 !  165.6   0.0   6.7e-53   2.7e-49       4     237 ..      20     246 ..      18     249 .. 0.92



Internal pipeline statistics summary:
-------------------------------------
Query model(s):                            1  (240 nodes)
Target sequences:                       4014  (1268018 residues searched)
Passed MSV filter:                        74  (0.0184355); expected 80.3 (0.02)
Passed bias filter:                       71  (0.0176881); expected 80.3 (0.02)
Passed Vit filter:                         7  (0.0017439); expected 4.0 (0.001)
Passed Fwd filter:                         3  (0.000747384); expected 0.0 (1e-05)
Initial search space (Z):               4014  [actual number of targets]
Domain search space  (domZ):               1  [number of targets reported over threshold]
# CPU time: 0.02u 0.00s 00:00:00.02 Elapsed: 00:00:00.02
# Mc/sec: 11351.69
//
Query:       TIGR00194  [M=574]
Accession:   TIGR00194
Description: uvrC: excinuclease ABC subunit C
Scores for complete sequences (score includes all domains):
   --- full sequence ---   --- best 1 domain ---    -#dom-
    E-value  score  bias    E-value  score  bias    exp  N  Sequence              Description
    ------- ------ -----    ------- ------ -----   ---- --  --------              -----------
   1.9e-161  536.4   0.0   2.3e-161  536.2   0.0    1.1  1  NZ_FPKU01000001.1_461  # 464600 # 466501 # -1 # ID=5_461;partial=00;start_type=ATG;rbs_motif=None;rbs_spacer=None;gc_cont=0.659


Domain annotation for each sequence:
>> NZ_FPKU01000001.1_461  # 464600 # 466501 # -1 # ID=5_461;partial=00;start_type=ATG;rbs_motif=None;rbs_spacer=None;gc_cont=0.659
   #    score  bias  c-Evalue  i-Evalue hmmfrom  hmm to    alifrom  ali to    envfrom  env to     acc
 ---   ------ ----- --------- --------- ------- -------    ------- -------    ------- -------    ----
   1 !  536.2   0.0  5.7e-165  2.3e-161       4     573 ..      23     609 ..      20     610 .. 0.95



Internal pipeline statistics summary:
-------------------------------------
Query model(s):                            1  (574 nodes)
Target sequences:                       4014  (1268018 residues searched)
Passed MSV filter:                        51  (0.0127055); expected 80.3 (0.02)
Passed bias filter:                       46  (0.0114599); expected 80.3 (0.02)
Passed Vit filter:                         6  (0.00149477); expected 4.0 (0.001)
Passed Fwd filter:                         3  (0.000747384); expected 0.0 (1e-05)
Initial search space (Z):               4014  [actual number of targets]
Domain search space  (domZ):               1  [number of targets reported over threshold]
# CPU time: 0.04u 0.01s 00:00:00.05 Elapsed: 00:00:00.06
# Mc/sec: 11061.90
//
Query:       TIGR00250  [M=130]
Accession:   TIGR00250
Description: RNAse_H_YqgF: putative transcription antitermination factor YqgF
Scores for complete sequences (score includes all domains):
   --- full sequence ---   --- best 1 domain ---    -#dom-
    E-value  score  bias    E-value  score  bias    exp  N  Sequence              Description
    ------- ------ -----    ------- ------ -----   ---- --  --------              -----------
      2e-36  122.8   0.0    2.3e-36  122.6   0.0    1.0  1  NZ_FPKU01000001.1_796  # 809984 # 810436 # -1 # ID=5_796;partial=00;start_type=ATG;rbs_motif=GGA/GAG/AGG;rbs_spacer=5-10bp;gc_cont=0.649


Domain annotation for each sequence:
>> NZ_FPKU01000001.1_796  # 809984 # 810436 # -1 # ID=5_796;partial=00;start_type=ATG;rbs_motif=GGA/GAG/AGG;rbs_spacer=5-10bp;gc_cont=0.649
   #    score  bias  c-Evalue  i-Evalue hmmfrom  hmm to    alifrom  ali to    envfrom  env to     acc
 ---   ------ ----- --------- --------- ------- -------    ------- -------    ------- -------    ----
   1 !  122.6   0.0   5.7e-40   2.3e-36       1     130 []      16     145 ..      16     145 .. 0.99



Internal pipeline statistics summary:
-------------------------------------
Query model(s):                            1  (130 nodes)
Target sequences:                       4014  (1268018 residues searched)
Passed MSV filter:                        97  (0.0241654); expected 80.3 (0.02)
Passed bias filter:                       91  (0.0226707); expected 80.3 (0.02)
Passed Vit filter:                        12  (0.00298954); expected 4.0 (0.001)
Passed Fwd filter:                         2  (0.000498256); expected 0.0 (1e-05)
Initial search space (Z):               4014  [actual number of targets]
Domain search space  (domZ):               1  [number of targets reported over threshold]
# CPU time: 0.02u 0.01s 00:00:00.03 Elapsed: 00:00:00.02
# Mc/sec: 5661.52
//
Query:       TIGR00279  [M=172]
Accession:   TIGR00279
Description: uL16_euk_arch: ribosomal protein uL16
Scores for complete sequences (score includes all domains):
   --- full sequence ---   --- best 1 domain ---    -#dom-
    E-value  score  bias    E-value  score  bias    exp  N  Sequence Description
    ------- ------ -----    ------- ------ -----   ---- --  -------- -----------

   [No hits detected that satisfy reporting thresholds]


Domain annotation for each sequence:

   [No targets detected that satisfy reporting thresholds]


Internal pipeline statistics summary:
-------------------------------------
Query model(s):                            1  (172 nodes)
Target sequences:                       4014  (1268018 residues searched)
Passed MSV filter:                        87  (0.0216741); expected 80.3 (0.02)
Passed bias filter:                       75  (0.0186846); expected 80.3 (0.02)
Passed Vit filter:                         5  (0.00124564); expected 4.0 (0.001)
Passed Fwd filter:                         1  (0.000249128); expected 0.0 (1e-05)
Initial search space (Z):               4014  [actual number of targets]
Domain search space  (domZ):               0  [number of targets reported over threshold]
# CPU time: 0.02u 0.00s 00:00:00.02 Elapsed: 00:00:00.01
# Mc/sec: 13879.68
//
Query:       TIGR00291  [M=231]
Accession:   TIGR00291
Description: RNA_SBDS: rRNA metabolism protein, SBDS family
Scores for complete sequences (score includes all domains):
   --- full sequence ---   --- best 1 domain ---    -#dom-
    E-value  score  bias    E-value  score  bias    exp  N  Sequence Description
    ------- ------ -----    ------- ------ -----   ---- --  -------- -----------

   [No hits detected that satisfy reporting thresholds]


Domain annotation for each sequence:

   [No targets detected that satisfy reporting thresholds]


Internal pipeline statistics summary:
-------------------------------------
Query model(s):                            1  (231 nodes)
Target sequences:                       4014  (1268018 residues searched)
Passed MSV filter:                        57  (0.0142003); expected 80.3 (0.02)
Passed bias filter:                       46  (0.0114599); expected 80.3 (0.02)
Passed Vit filter:                         4  (0.000996512); expected 4.0 (0.001)
Passed Fwd filter:                         0  (0); expected 0.0 (1e-05)
Initial search space (Z):               4014  [actual number of targets]
Domain search space  (domZ):               0  [number of targets reported over threshold]
# CPU time: 0.03u 0.00s 00:00:00.03 Elapsed: 00:00:00.01
# Mc/sec: 14792.10
//
Query:       TIGR00323  [M=215]
Accession:   TIGR00323
Description: eIF-6: putative translation initiation factor eIF-6
Scores for complete sequences (score includes all domains):
   --- full sequence ---   --- best 1 domain ---    -#dom-
    E-value  score  bias    E-value  score  bias    exp  N  Sequence Description
    ------- ------ -----    ------- ------ -----   ---- --  -------- -----------

   [No hits detected that satisfy reporting thresholds]


Domain annotation for each sequence:

   [No targets detected that satisfy reporting thresholds]


Internal pipeline statistics summary:
-------------------------------------
Query model(s):                            1  (215 nodes)
Target sequences:                       4014  (1268018 residues searched)
Passed MSV filter:                       102  (0.0254111); expected 80.3 (0.02)
Passed bias filter:                       77  (0.0191829); expected 80.3 (0.02)
Passed Vit filter:                         5  (0.00124564); expected 4.0 (0.001)
Passed Fwd filter:                         1  (0.000249128); expected 0.0 (1e-05)
Initial search space (Z):               4014  [actual number of targets]
Domain search space  (domZ):               0  [number of targets reported over threshold]
# CPU time: 0.02u 0.00s 00:00:00.02 Elapsed: 00:00:00.02
# Mc/sec: 12481.86
//
Query:       TIGR00335  [M=324]
Accession:   TIGR00335
Description: primase_sml: putative DNA primase, eukaryotic-type, small subunit
Scores for complete sequences (score includes all domains):
   --- full sequence ---   --- best 1 domain ---    -#dom-
    E-value  score  bias    E-value  score  bias    exp  N  Sequence Description
    ------- ------ -----    ------- ------ -----   ---- --  -------- -----------

   [No hits detected that satisfy reporting thresholds]


Domain annotation for each sequence:

   [No targets detected that satisfy reporting thresholds]


Internal pipeline statistics summary:
-------------------------------------
Query model(s):                            1  (324 nodes)
Target sequences:                       4014  (1268018 residues searched)
Passed MSV filter:                        59  (0.0146986); expected 80.3 (0.02)
Passed bias filter:                       54  (0.0134529); expected 80.3 (0.02)
Passed Vit filter:                         3  (0.000747384); expected 4.0 (0.001)
Passed Fwd filter:                         1  (0.000249128); expected 0.0 (1e-05)
Initial search space (Z):               4014  [actual number of targets]
Domain search space  (domZ):               0  [number of targets reported over threshold]
# CPU time: 0.02u 0.00s 00:00:00.02 Elapsed: 00:00:00.02
# Mc/sec: 14550.86
//
Query:       TIGR00337  [M=526]
Accession:   TIGR00337
Description: PyrG: CTP synthase
Scores for complete sequences (score includes all domains):
   --- full sequence ---   --- best 1 domain ---    -#dom-
    E-value  score  bias    E-value  score  bias    exp  N  Sequence              Description
    ------- ------ -----    ------- ------ -----   ---- --  --------              -----------
   1.6e-222  737.6   0.0   1.8e-222  737.4   0.0    1.0  1  NZ_FPKU01000001.1_897  # 922183 # 923811 # -1 # ID=5_897;partial=00;start_type=ATG;rbs_motif=GGA/GAG/AGG;rbs_spacer=5-10bp;gc_cont=0.641


Domain annotation for each sequence:
>> NZ_FPKU01000001.1_897  # 922183 # 923811 # -1 # ID=5_897;partial=00;start_type=ATG;rbs_motif=GGA/GAG/AGG;rbs_spacer=5-10bp;gc_cont=0.641
   #    score  bias  c-Evalue  i-Evalue hmmfrom  hmm to    alifrom  ali to    envfrom  env to     acc
 ---   ------ ----- --------- --------- ------- -------    ------- -------    ------- -------    ----
   1 !  737.4   0.0  4.5e-226  1.8e-222       3     526 .]       2     534 ..       1     534 [. 0.99



Internal pipeline statistics summary:
-------------------------------------
Query model(s):                            1  (526 nodes)
Target sequences:                       4014  (1268018 residues searched)
Passed MSV filter:                        96  (0.0239163); expected 80.3 (0.02)
Passed bias filter:                       90  (0.0224215); expected 80.3 (0.02)
Passed Vit filter:                        14  (0.00348779); expected 4.0 (0.001)
Passed Fwd filter:                         4  (0.000996512); expected 0.0 (1e-05)
Initial search space (Z):               4014  [actual number of targets]
Domain search space  (domZ):               1  [number of targets reported over threshold]
# CPU time: 0.05u 0.00s 00:00:00.05 Elapsed: 00:00:00.05
# Mc/sec: 11140.92
//
Query:       TIGR00344  [M=847]
Accession:   TIGR00344
Description: alaS: alanine--tRNA ligase
Scores for complete sequences (score includes all domains):
   --- full sequence ---   --- best 1 domain ---    -#dom-
    E-value  score  bias    E-value  score  bias    exp  N  Sequence              Description
    ------- ------ -----    ------- ------ -----   ---- --  --------              -----------
     1e-281  934.9   0.0   1.1e-281  934.7   0.0    1.0  1  NZ_FPKU01000001.1_267  # 275290 # 277935 # 1 # ID=5_267;partial=00;start_type=ATG;rbs_motif=GGA/GAG/AGG;rbs_spacer=5-10bp;gc_cont=0.649


Domain annotation for each sequence:
>> NZ_FPKU01000001.1_267  # 275290 # 277935 # 1 # ID=5_267;partial=00;start_type=ATG;rbs_motif=GGA/GAG/AGG;rbs_spacer=5-10bp;gc_cont=0.649
   #    score  bias  c-Evalue  i-Evalue hmmfrom  hmm to    alifrom  ali to    envfrom  env to     acc
 ---   ------ ----- --------- --------- ------- -------    ------- -------    ------- -------    ----
   1 !  934.7   0.0  2.9e-285  1.1e-281       1     847 []       6     862 ..       6     862 .. 0.96



Internal pipeline statistics summary:
-------------------------------------
Query model(s):                            1  (847 nodes)
Target sequences:                       4014  (1268018 residues searched)
Passed MSV filter:                        70  (0.017439); expected 80.3 (0.02)
Passed bias filter:                       55  (0.013702); expected 80.3 (0.02)
Passed Vit filter:                        10  (0.00249128); expected 4.0 (0.001)
Passed Fwd filter:                         3  (0.000747384); expected 0.0 (1e-05)
Initial search space (Z):               4014  [actual number of targets]
Domain search space  (domZ):               1  [number of targets reported over threshold]
# CPU time: 0.09u 0.02s 00:00:00.11 Elapsed: 00:00:00.09
# Mc/sec: 11314.85
//
Query:       TIGR00362  [M=437]
Accession:   TIGR00362
Description: DnaA: chromosomal replication initiator protein DnaA
Scores for complete sequences (score includes all domains):
   --- full sequence ---   --- best 1 domain ---    -#dom-
    E-value  score  bias    E-value  score  bias    exp  N  Sequence              Description
    ------- ------ -----    ------- ------ -----   ---- --  --------              -----------
   4.6e-135  448.9   0.0   5.2e-135  448.7   0.0    1.0  1  NZ_FPKU01000002.1_445  # 468065 # 469606 # 1 # ID=4_445;partial=00;start_type=ATG;rbs_motif=GGA/GAG/AGG;rbs_spacer=5-10bp;gc_cont=0.676


Domain annotation for each sequence:
>> NZ_FPKU01000002.1_445  # 468065 # 469606 # 1 # ID=4_445;partial=00;start_type=ATG;rbs_motif=GGA/GAG/AGG;rbs_spacer=5-10bp;gc_cont=0.676
   #    score  bias  c-Evalue  i-Evalue hmmfrom  hmm to    alifrom  ali to    envfrom  env to     acc
 ---   ------ ----- --------- --------- ------- -------    ------- -------    ------- -------    ----
   1 !  448.7   0.0  1.3e-138  5.2e-135       3     437 .]      49     511 ..      47     511 .. 0.93



Internal pipeline statistics summary:
-------------------------------------
Query model(s):                            1  (437 nodes)
Target sequences:                       4014  (1268018 residues searched)
Passed MSV filter:                       133  (0.033134); expected 80.3 (0.02)
Passed bias filter:                      125  (0.031141); expected 80.3 (0.02)
Passed Vit filter:                        31  (0.00772297); expected 4.0 (0.001)
Passed Fwd filter:                         7  (0.0017439); expected 0.0 (1e-05)
Initial search space (Z):               4014  [actual number of targets]
Domain search space  (domZ):               1  [number of targets reported over threshold]
# CPU time: 0.05u 0.00s 00:00:00.05 Elapsed: 00:00:00.05
# Mc/sec: 11033.77
//
Query:       TIGR00373  [M=162]
Accession:   TIGR00373
Description: TIGR00373: transcription factor E
Scores for complete sequences (score includes all domains):
   --- full sequence ---   --- best 1 domain ---    -#dom-
    E-value  score  bias    E-value  score  bias    exp  N  Sequence Description
    ------- ------ -----    ------- ------ -----   ---- --  -------- -----------

   [No hits detected that satisfy reporting thresholds]


Domain annotation for each sequence:

   [No targets detected that satisfy reporting thresholds]


Internal pipeline statistics summary:
-------------------------------------
Query model(s):                            1  (162 nodes)
Target sequences:                       4014  (1268018 residues searched)
Passed MSV filter:                        81  (0.0201794); expected 80.3 (0.02)
Passed bias filter:                       79  (0.0196811); expected 80.3 (0.02)
Passed Vit filter:                         7  (0.0017439); expected 4.0 (0.001)
Passed Fwd filter:                         0  (0); expected 0.0 (1e-05)
Initial search space (Z):               4014  [actual number of targets]
Domain search space  (domZ):               0  [number of targets reported over threshold]
# CPU time: 0.03u 0.00s 00:00:00.03 Elapsed: 00:00:00.02
# Mc/sec: 7713.54
//
Query:       TIGR00382  [M=414]
Accession:   TIGR00382
Description: clpX: ATP-dependent Clp protease, ATP-binding subunit ClpX
Scores for complete sequences (score includes all domains):
   --- full sequence ---   --- best 1 domain ---    -#dom-
    E-value  score  bias    E-value  score  bias    exp  N  Sequence               Description
    ------- ------ -----    ------- ------ -----   ---- --  --------               -----------
   4.1e-202  669.5   0.5   5.1e-202  669.1   0.5    1.0  1  NZ_FPKU01000001.1_1176  # 1201878 # 1203158 # -1 # ID=5_1176;partial=00;start_type=ATG;rbs_motif=GGAG/GAGG;rbs_spacer=5-10bp;gc_cont=0.627
    3.3e-53  179.0   1.5    2.7e-24   83.7   0.0    3.4  0  NZ_FPKU01000002.1_491   # 512995 # 514302 # 1 # ID=4_491;partial=00;start_type=GTG;rbs_motif=AGGA;rbs_spacer=5-10bp;gc_cont=0.642


Domain annotation for each sequence:
>> NZ_FPKU01000001.1_1176  # 1201878 # 1203158 # -1 # ID=5_1176;partial=00;start_type=ATG;rbs_motif=GGAG/GAGG;rbs_spacer=5-10bp;gc_cont=0.627
   #    score  bias  c-Evalue  i-Evalue hmmfrom  hmm to    alifrom  ali to    envfrom  env to     acc
 ---   ------ ----- --------- --------- ------- -------    ------- -------    ------- -------    ----
   1 !  669.1   0.5  2.5e-205  5.1e-202       5     411 ..      11     408 ..       7     411 .. 0.96

>> NZ_FPKU01000002.1_491  # 512995 # 514302 # 1 # ID=4_491;partial=00;start_type=GTG;rbs_motif=AGGA;rbs_spacer=5-10bp;gc_cont=0.642
   [No individual domains that satisfy reporting thresholds (although complete target did)]



Internal pipeline statistics summary:
-------------------------------------
Query model(s):                            1  (414 nodes)
Target sequences:                       4014  (1268018 residues searched)
Passed MSV filter:                       183  (0.0455904); expected 80.3 (0.02)
Passed bias filter:                      179  (0.0445939); expected 80.3 (0.02)
Passed Vit filter:                        62  (0.0154459); expected 4.0 (0.001)
Passed Fwd filter:                         8  (0.00199302); expected 0.0 (1e-05)
Initial search space (Z):               4014  [actual number of targets]
Domain search space  (domZ):               2  [number of targets reported over threshold]
# CPU time: 0.07u 0.00s 00:00:00.07 Elapsed: 00:00:00.08
# Mc/sec: 6126.14
//
Query:       TIGR00392  [M=861]
Accession:   TIGR00392
Description: ileS: isoleucine--tRNA ligase
Scores for complete sequences (score includes all domains):
   --- full sequence ---   --- best 1 domain ---    -#dom-
    E-value  score  bias    E-value  score  bias    exp  N  Sequence              Description
    ------- ------ -----    ------- ------ -----   ---- --  --------              -----------
   5.1e-237  787.0   0.0   6.7e-237  786.6   0.0    1.1  1  NZ_FPKU01000002.1_918  # 969511 # 972660 # 1 # ID=4_918;partial=00;start_type=ATG;rbs_motif=GGA/GAG/AGG;rbs_spacer=5-10bp;gc_cont=0.640


Domain annotation for each sequence:
>> NZ_FPKU01000002.1_918  # 969511 # 972660 # 1 # ID=4_918;partial=00;start_type=ATG;rbs_motif=GGA/GAG/AGG;rbs_spacer=5-10bp;gc_cont=0.640
   #    score  bias  c-Evalue  i-Evalue hmmfrom  hmm to    alifrom  ali to    envfrom  env to     acc
 ---   ------ ----- --------- --------- ------- -------    ------- -------    ------- -------    ----
   1 !  786.6   0.0  1.7e-240  6.7e-237       1     855 [.      23     953 ..      23     958 .. 0.92



Internal pipeline statistics summary:
-------------------------------------
Query model(s):                            1  (861 nodes)
Target sequences:                       4014  (1268018 residues searched)
Passed MSV filter:                        59  (0.0146986); expected 80.3 (0.02)
Passed bias filter:                       58  (0.0144494); expected 80.3 (0.02)
Passed Vit filter:                        16  (0.00398605); expected 4.0 (0.001)
Passed Fwd filter:                         7  (0.0017439); expected 0.0 (1e-05)
Initial search space (Z):               4014  [actual number of targets]
Domain search space  (domZ):               1  [number of targets reported over threshold]
# CPU time: 0.18u 0.02s 00:00:00.20 Elapsed: 00:00:00.20
# Mc/sec: 5456.24
//
Query:       TIGR00396  [M=843]
Accession:   TIGR00396
Description: leuS_bact: leucine--tRNA ligase
Scores for complete sequences (score includes all domains):
   --- full sequence ---   --- best 1 domain ---    -#dom-
    E-value  score  bias    E-value  score  bias    exp  N  Sequence              Description
    ------- ------ -----    ------- ------ -----   ---- --  --------              -----------
   4.2e-297  985.6   0.0   4.7e-297  985.4   0.0    1.0  1  NZ_FPKU01000002.1_511  # 530944 # 533559 # -1 # ID=4_511;partial=00;start_type=GTG;rbs_motif=AGGA;rbs_spacer=5-10bp;gc_cont=0.656


Domain annotation for each sequence:
>> NZ_FPKU01000002.1_511  # 530944 # 533559 # -1 # ID=4_511;partial=00;start_type=GTG;rbs_motif=AGGA;rbs_spacer=5-10bp;gc_cont=0.656
   #    score  bias  c-Evalue  i-Evalue hmmfrom  hmm to    alifrom  ali to    envfrom  env to     acc
 ---   ------ ----- --------- --------- ------- -------    ------- -------    ------- -------    ----
   1 !  985.4   0.0  1.2e-300  4.7e-297       5     842 ..      13     871 ..       9     871 .. 0.94



Internal pipeline statistics summary:
-------------------------------------
Query model(s):                            1  (843 nodes)
Target sequences:                       4014  (1268018 residues searched)
Passed MSV filter:                        71  (0.0176881); expected 80.3 (0.02)
Passed bias filter:                       67  (0.0166916); expected 80.3 (0.02)
Passed Vit filter:                        14  (0.00348779); expected 4.0 (0.001)
Passed Fwd filter:                         5  (0.00124564); expected 0.0 (1e-05)
Initial search space (Z):               4014  [actual number of targets]
Domain search space  (domZ):               1  [number of targets reported over threshold]
# CPU time: 0.11u 0.02s 00:00:00.13 Elapsed: 00:00:00.16
# Mc/sec: 6314.21
//
Query:       TIGR00398  [M=530]
Accession:   TIGR00398
Description: metG: methionine--tRNA ligase
Scores for complete sequences (score includes all domains):
   --- full sequence ---   --- best 1 domain ---    -#dom-
    E-value  score  bias    E-value  score  bias    exp  N  Sequence              Description
    ------- ------ -----    ------- ------ -----   ---- --  --------              -----------
   3.6e-150  499.0   0.0   1.4e-148  493.7   0.0    2.0  1  NZ_FPKU01000001.1_865  # 890068 # 891615 # -1 # ID=5_865;partial=00;start_type=ATG;rbs_motif=GGA/GAG/AGG;rbs_spacer=5-10bp;gc_cont=0.643


Domain annotation for each sequence:
>> NZ_FPKU01000001.1_865  # 890068 # 891615 # -1 # ID=5_865;partial=00;start_type=ATG;rbs_motif=GGA/GAG/AGG;rbs_spacer=5-10bp;gc_cont=0.643
   #    score  bias  c-Evalue  i-Evalue hmmfrom  hmm to    alifrom  ali to    envfrom  env to     acc
 ---   ------ ----- --------- --------- ------- -------    ------- -------    ------- -------    ----
   1 !  493.7   0.0  3.5e-152  1.4e-148       1     510 [.       6     484 ..       6     511 .. 0.94



Internal pipeline statistics summary:
-------------------------------------
Query model(s):                            1  (530 nodes)
Target sequences:                       4014  (1268018 residues searched)
Passed MSV filter:                        49  (0.0122073); expected 80.3 (0.02)
Passed bias filter:                       48  (0.0119581); expected 80.3 (0.02)
Passed Vit filter:                        10  (0.00249128); expected 4.0 (0.001)
Passed Fwd filter:                         7  (0.0017439); expected 0.0 (1e-05)
Initial search space (Z):               4014  [actual number of targets]
Domain search space  (domZ):               1  [number of targets reported over threshold]
# CPU time: 0.09u 0.01s 00:00:00.10 Elapsed: 00:00:00.10
# Mc/sec: 6537.14
//
Query:       TIGR00405  [M=145]
Accession:   TIGR00405
Description: KOW_elon_Spt5: transcription elongation factor Spt5
Scores for complete sequences (score includes all domains):
   --- full sequence ---   --- best 1 domain ---    -#dom-
    E-value  score  bias    E-value  score  bias    exp  N  Sequence Description
    ------- ------ -----    ------- ------ -----   ---- --  -------- -----------

   [No hits detected that satisfy reporting thresholds]


Domain annotation for each sequence:

   [No targets detected that satisfy reporting thresholds]


Internal pipeline statistics summary:
-------------------------------------
Query model(s):                            1  (145 nodes)
Target sequences:                       4014  (1268018 residues searched)
Passed MSV filter:                        93  (0.0231689); expected 80.3 (0.02)
Passed bias filter:                       82  (0.0204285); expected 80.3 (0.02)
Passed Vit filter:                         6  (0.00149477); expected 4.0 (0.001)
Passed Fwd filter:                         2  (0.000498256); expected 0.0 (1e-05)
Initial search space (Z):               4014  [actual number of targets]
Domain search space  (domZ):               0  [number of targets reported over threshold]
# CPU time: 0.02u 0.00s 00:00:00.02 Elapsed: 00:00:00.03
# Mc/sec: 6068.12
//
Query:       TIGR00414  [M=418]
Accession:   TIGR00414
Description: serS: serine--tRNA ligase
Scores for complete sequences (score includes all domains):
   --- full sequence ---   --- best 1 domain ---    -#dom-
    E-value  score  bias    E-value  score  bias    exp  N  Sequence               Description
    ------- ------ -----    ------- ------ -----   ---- --  --------               -----------
   3.7e-149  495.1   0.0   4.1e-149  494.9   0.0    1.0  1  NZ_FPKU01000001.1_1017  # 1041819 # 1043144 # -1 # ID=5_1017;partial=00;start_type=ATG;rbs_motif=GGAG/GAGG;rbs_spacer=5-10bp;gc_cont=0.645


Domain annotation for each sequence:
>> NZ_FPKU01000001.1_1017  # 1041819 # 1043144 # -1 # ID=5_1017;partial=00;start_type=ATG;rbs_motif=GGAG/GAGG;rbs_spacer=5-10bp;gc_cont=0.645
   #    score  bias  c-Evalue  i-Evalue hmmfrom  hmm to    alifrom  ali to    envfrom  env to     acc
 ---   ------ ----- --------- --------- ------- -------    ------- -------    ------- -------    ----
   1 !  494.9   0.0    1e-152  4.1e-149       1     418 []       1     431 [.       1     431 [. 0.96



Internal pipeline statistics summary:
-------------------------------------
Query model(s):                            1  (418 nodes)
Target sequences:                       4014  (1268018 residues searched)
Passed MSV filter:                        86  (0.021425); expected 80.3 (0.02)
Passed bias filter:                       71  (0.0176881); expected 80.3 (0.02)
Passed Vit filter:                        11  (0.00274041); expected 4.0 (0.001)
Passed Fwd filter:                         2  (0.000498256); expected 0.0 (1e-05)
Initial search space (Z):               4014  [actual number of targets]
Domain search space  (domZ):               1  [number of targets reported over threshold]
# CPU time: 0.04u 0.00s 00:00:00.04 Elapsed: 00:00:00.05
# Mc/sec: 10003.79
//
Query:       TIGR00416  [M=454]
Accession:   TIGR00416
Description: sms: DNA repair protein RadA
Scores for complete sequences (score includes all domains):
   --- full sequence ---   --- best 1 domain ---    -#dom-
    E-value  score  bias    E-value  score  bias    exp  N  Sequence              Description
    ------- ------ -----    ------- ------ -----   ---- --  --------              -----------
   4.2e-164  544.4   0.1   5.2e-164  544.1   0.1    1.0  1  NZ_FPKU01000001.1_565  # 571996 # 573384 # -1 # ID=5_565;partial=00;start_type=ATG;rbs_motif=GGAG/GAGG;rbs_spacer=5-10bp;gc_cont=0.686


Domain annotation for each sequence:
>> NZ_FPKU01000001.1_565  # 571996 # 573384 # -1 # ID=5_565;partial=00;start_type=ATG;rbs_motif=GGAG/GAGG;rbs_spacer=5-10bp;gc_cont=0.686
   #    score  bias  c-Evalue  i-Evalue hmmfrom  hmm to    alifrom  ali to    envfrom  env to     acc
 ---   ------ ----- --------- --------- ------- -------    ------- -------    ------- -------    ----
   1 !  544.1   0.1  1.3e-167  5.2e-164       1     426 [.       1     422 [.       1     427 [. 0.96



Internal pipeline statistics summary:
-------------------------------------
Query model(s):                            1  (454 nodes)
Target sequences:                       4014  (1268018 residues searched)
Passed MSV filter:                       203  (0.050573); expected 80.3 (0.02)
Passed bias filter:                      185  (0.0460887); expected 80.3 (0.02)
Passed Vit filter:                        48  (0.0119581); expected 4.0 (0.001)
Passed Fwd filter:                        10  (0.00249128); expected 0.0 (1e-05)
Initial search space (Z):               4014  [actual number of targets]
Domain search space  (domZ):               1  [number of targets reported over threshold]
# CPU time: 0.09u 0.00s 00:00:00.09 Elapsed: 00:00:00.10
# Mc/sec: 5623.81
//
Query:       TIGR00420  [M=351]
Accession:   TIGR00420
Description: trmU: tRNA (5-methylaminomethyl-2-thiouridylate)-methyltransferase
Scores for complete sequences (score includes all domains):
   --- full sequence ---   --- best 1 domain ---    -#dom-
    E-value  score  bias    E-value  score  bias    exp  N  Sequence               Description
    ------- ------ -----    ------- ------ -----   ---- --  --------               -----------
    3.3e-96  320.0   0.0    3.7e-96  319.8   0.0    1.0  1  NZ_FPKU01000001.1_1649  # 1723027 # 1724181 # -1 # ID=5_1649;partial=00;start_type=ATG;rbs_motif=GGA/GAG/AGG;rbs_spacer=5-10bp;gc_cont=0.678


Domain annotation for each sequence:
>> NZ_FPKU01000001.1_1649  # 1723027 # 1724181 # -1 # ID=5_1649;partial=00;start_type=ATG;rbs_motif=GGA/GAG/AGG;rbs_spacer=5-10bp;gc_cont=0.678
   #    score  bias  c-Evalue  i-Evalue hmmfrom  hmm to    alifrom  ali to    envfrom  env to     acc
 ---   ------ ----- --------- --------- ------- -------    ------- -------    ------- -------    ----
   1 !  319.8   0.0  9.3e-100   3.7e-96       2     351 .]      16     373 ..      15     373 .. 0.93



Internal pipeline statistics summary:
-------------------------------------
Query model(s):                            1  (351 nodes)
Target sequences:                       4014  (1268018 residues searched)
Passed MSV filter:                        48  (0.0119581); expected 80.3 (0.02)
Passed bias filter:                       46  (0.0114599); expected 80.3 (0.02)
Passed Vit filter:                        10  (0.00249128); expected 4.0 (0.001)
Passed Fwd filter:                         3  (0.000747384); expected 0.0 (1e-05)
Initial search space (Z):               4014  [actual number of targets]
Domain search space  (domZ):               1  [number of targets reported over threshold]
# CPU time: 0.03u 0.00s 00:00:00.03 Elapsed: 00:00:00.03
# Mc/sec: 11183.87
//
Query:       TIGR00431  [M=210]
Accession:   TIGR00431
Description: TruB: tRNA pseudouridine(55) synthase
Scores for complete sequences (score includes all domains):
   --- full sequence ---   --- best 1 domain ---    -#dom-
    E-value  score  bias    E-value  score  bias    exp  N  Sequence              Description
    ------- ------ -----    ------- ------ -----   ---- --  --------              -----------
      8e-64  213.0   0.0    9.8e-64  212.7   0.0    1.1  1  NZ_FPKU01000002.1_422  # 445048 # 445956 # 1 # ID=4_422;partial=00;start_type=GTG;rbs_motif=AGGA;rbs_spacer=5-10bp;gc_cont=0.689


Domain annotation for each sequence:
>> NZ_FPKU01000002.1_422  # 445048 # 445956 # 1 # ID=4_422;partial=00;start_type=GTG;rbs_motif=AGGA;rbs_spacer=5-10bp;gc_cont=0.689
   #    score  bias  c-Evalue  i-Evalue hmmfrom  hmm to    alifrom  ali to    envfrom  env to     acc
 ---   ------ ----- --------- --------- ------- -------    ------- -------    ------- -------    ----
   1 !  212.7   0.0   2.4e-67   9.8e-64       2     209 ..      12     218 ..      11     219 .. 0.98



Internal pipeline statistics summary:
-------------------------------------
Query model(s):                            1  (210 nodes)
Target sequences:                       4014  (1268018 residues searched)
Passed MSV filter:                        65  (0.0161933); expected 80.3 (0.02)
Passed bias filter:                       62  (0.0154459); expected 80.3 (0.02)
Passed Vit filter:                         5  (0.00124564); expected 4.0 (0.001)
Passed Fwd filter:                         1  (0.000249128); expected 0.0 (1e-05)
Initial search space (Z):               4014  [actual number of targets]
Domain search space  (domZ):               1  [number of targets reported over threshold]
# CPU time: 0.03u 0.00s 00:00:00.03 Elapsed: 00:00:00.02
# Mc/sec: 10911.98
//
Query:       TIGR00435  [M=466]
Accession:   TIGR00435
Description: cysS: cysteine--tRNA ligase
Scores for complete sequences (score includes all domains):
   --- full sequence ---   --- best 1 domain ---    -#dom-
    E-value  score  bias    E-value  score  bias    exp  N  Sequence              Description
    ------- ------ -----    ------- ------ -----   ---- --  --------              -----------
   1.7e-125  417.5   0.0   2.1e-125  417.2   0.0    1.0  1  NZ_FPKU01000001.1_713  # 718432 # 719934 # 1 # ID=5_713;partial=00;start_type=ATG;rbs_motif=GGAG/GAGG;rbs_spacer=5-10bp;gc_cont=0.593


Domain annotation for each sequence:
>> NZ_FPKU01000001.1_713  # 718432 # 719934 # 1 # ID=5_713;partial=00;start_type=ATG;rbs_motif=GGAG/GAGG;rbs_spacer=5-10bp;gc_cont=0.593
   #    score  bias  c-Evalue  i-Evalue hmmfrom  hmm to    alifrom  ali to    envfrom  env to     acc
 ---   ------ ----- --------- --------- ------- -------    ------- -------    ------- -------    ----
   1 !  417.2   0.0  5.2e-129  2.1e-125       1     459 [.       7     486 ..       7     494 .. 0.87



Internal pipeline statistics summary:
-------------------------------------
Query model(s):                            1  (466 nodes)
Target sequences:                       4014  (1268018 residues searched)
Passed MSV filter:                        65  (0.0161933); expected 80.3 (0.02)
Passed bias filter:                       60  (0.0149477); expected 80.3 (0.02)
Passed Vit filter:                        11  (0.00274041); expected 4.0 (0.001)
Passed Fwd filter:                         7  (0.0017439); expected 0.0 (1e-05)
Initial search space (Z):               4014  [actual number of targets]
Domain search space  (domZ):               1  [number of targets reported over threshold]
# CPU time: 0.05u 0.01s 00:00:00.06 Elapsed: 00:00:00.07
# Mc/sec: 7885.13
//
Query:       TIGR00436  [M=270]
Accession:   TIGR00436
Description: era: GTP-binding protein Era
Scores for complete sequences (score includes all domains):
   --- full sequence ---   --- best 1 domain ---    -#dom-
    E-value  score  bias    E-value  score  bias    exp  N  Sequence              Description
    ------- ------ -----    ------- ------ -----   ---- --  --------              -----------
    1.8e-74  248.3   0.0    2.1e-74  248.1   0.0    1.0  1  NZ_FPKU01000001.1_421  # 431541 # 432476 # 1 # ID=5_421;partial=00;start_type=ATG;rbs_motif=GGA/GAG/AGG;rbs_spacer=5-10bp;gc_cont=0.635
    2.1e-37  126.7   0.0    7.8e-18   62.6   0.0    2.1  0  NZ_FPKU01000001.1_560  # 565998 # 567431 # 1 # ID=5_560;partial=00;start_type=ATG;rbs_motif=GGAG/GAGG;rbs_spacer=5-10bp;gc_cont=0.655


Domain annotation for each sequence:
>> NZ_FPKU01000001.1_421  # 431541 # 432476 # 1 # ID=5_421;partial=00;start_type=ATG;rbs_motif=GGA/GAG/AGG;rbs_spacer=5-10bp;gc_cont=0.635
   #    score  bias  c-Evalue  i-Evalue hmmfrom  hmm to    alifrom  ali to    envfrom  env to     acc
 ---   ------ ----- --------- --------- ------- -------    ------- -------    ------- -------    ----
   1 !  248.1   0.0     1e-77   2.1e-74       1     270 []      17     287 ..      17     287 .. 0.99

>> NZ_FPKU01000001.1_560  # 565998 # 567431 # 1 # ID=5_560;partial=00;start_type=ATG;rbs_motif=GGAG/GAGG;rbs_spacer=5-10bp;gc_cont=0.655
   [No individual domains that satisfy reporting thresholds (although complete target did)]



Internal pipeline statistics summary:
-------------------------------------
Query model(s):                            1  (270 nodes)
Target sequences:                       4014  (1268018 residues searched)
Passed MSV filter:                       187  (0.0465869); expected 80.3 (0.02)
Passed bias filter:                      186  (0.0463378); expected 80.3 (0.02)
Passed Vit filter:                        87  (0.0216741); expected 4.0 (0.001)
Passed Fwd filter:                        17  (0.00423518); expected 0.0 (1e-05)
Initial search space (Z):               4014  [actual number of targets]
Domain search space  (domZ):               2  [number of targets reported over threshold]
# CPU time: 0.07u 0.00s 00:00:00.07 Elapsed: 00:00:00.07
# Mc/sec: 4863.42
//
Query:       TIGR00442  [M=406]
Accession:   TIGR00442
Description: hisS: histidine--tRNA ligase
Scores for complete sequences (score includes all domains):
   --- full sequence ---   --- best 1 domain ---    -#dom-
    E-value  score  bias    E-value  score  bias    exp  N  Sequence              Description
    ------- ------ -----    ------- ------ -----   ---- --  --------              -----------
   3.6e-117  389.5   0.0   4.2e-117  389.3   0.0    1.0  1  NZ_FPKU01000003.1_597  # 601880 # 603322 # -1 # ID=3_597;partial=00;start_type=ATG;rbs_motif=None;rbs_spacer=None;gc_cont=0.658


Domain annotation for each sequence:
>> NZ_FPKU01000003.1_597  # 601880 # 603322 # -1 # ID=3_597;partial=00;start_type=ATG;rbs_motif=None;rbs_spacer=None;gc_cont=0.658
   #    score  bias  c-Evalue  i-Evalue hmmfrom  hmm to    alifrom  ali to    envfrom  env to     acc
 ---   ------ ----- --------- --------- ------- -------    ------- -------    ------- -------    ----
   1 !  389.3   0.0    1e-120  4.2e-117       2     402 ..      12     441 ..      11     445 .. 0.94



Internal pipeline statistics summary:
-------------------------------------
Query model(s):                            1  (406 nodes)
Target sequences:                       4014  (1268018 residues searched)
Passed MSV filter:                       100  (0.0249128); expected 80.3 (0.02)
Passed bias filter:                       87  (0.0216741); expected 80.3 (0.02)
Passed Vit filter:                        17  (0.00423518); expected 4.0 (0.001)
Passed Fwd filter:                         6  (0.00149477); expected 0.0 (1e-05)
Initial search space (Z):               4014  [actual number of targets]
Domain search space  (domZ):               1  [number of targets reported over threshold]
# CPU time: 0.06u 0.00s 00:00:00.06 Elapsed: 00:00:00.05
# Mc/sec: 8950.64
//
Query:       TIGR00445  [M=321]
Accession:   TIGR00445
Description: mraY: phospho-N-acetylmuramoyl-pentapeptide-transferase
Scores for complete sequences (score includes all domains):
   --- full sequence ---   --- best 1 domain ---    -#dom-
    E-value  score  bias    E-value  score  bias    exp  N  Sequence               Description
    ------- ------ -----    ------- ------ -----   ---- --  --------               -----------
   2.5e-119  396.3  12.7     3e-119  396.0  12.7    1.0  1  NZ_FPKU01000001.1_1298  # 1340681 # 1341766 # -1 # ID=5_1298;partial=00;start_type=ATG;rbs_motif=AGGA;rbs_spacer=5-10bp;gc_cont=0.634


Domain annotation for each sequence:
>> NZ_FPKU01000001.1_1298  # 1340681 # 1341766 # -1 # ID=5_1298;partial=00;start_type=ATG;rbs_motif=AGGA;rbs_spacer=5-10bp;gc_cont=0.634
   #    score  bias  c-Evalue  i-Evalue hmmfrom  hmm to    alifrom  ali to    envfrom  env to     acc
 ---   ------ ----- --------- --------- ------- -------    ------- -------    ------- -------    ----
   1 !  396.0  12.7  7.4e-123    3e-119       3     321 .]      38     361 ..      36     361 .. 0.97



Internal pipeline statistics summary:
-------------------------------------
Query model(s):                            1  (321 nodes)
Target sequences:                       4014  (1268018 residues searched)
Passed MSV filter:                       159  (0.0396114); expected 80.3 (0.02)
Passed bias filter:                       51  (0.0127055); expected 80.3 (0.02)
Passed Vit filter:                         4  (0.000996512); expected 4.0 (0.001)
Passed Fwd filter:                         1  (0.000249128); expected 0.0 (1e-05)
Initial search space (Z):               4014  [actual number of targets]
Domain search space  (domZ):               1  [number of targets reported over threshold]
# CPU time: 0.03u 0.00s 00:00:00.03 Elapsed: 00:00:00.04
# Mc/sec: 9110.62
//
Query:       TIGR00448  [M=179]
Accession:   TIGR00448
Description: rpoE: DNA-directed RNA polymerase
Scores for complete sequences (score includes all domains):
   --- full sequence ---   --- best 1 domain ---    -#dom-
    E-value  score  bias    E-value  score  bias    exp  N  Sequence Description
    ------- ------ -----    ------- ------ -----   ---- --  -------- -----------

   [No hits detected that satisfy reporting thresholds]


Domain annotation for each sequence:

   [No targets detected that satisfy reporting thresholds]


Internal pipeline statistics summary:
-------------------------------------
Query model(s):                            1  (179 nodes)
Target sequences:                       4014  (1268018 residues searched)
Passed MSV filter:                        80  (0.0199302); expected 80.3 (0.02)
Passed bias filter:                       74  (0.0184355); expected 80.3 (0.02)
Passed Vit filter:                         9  (0.00224215); expected 4.0 (0.001)
Passed Fwd filter:                         3  (0.000747384); expected 0.0 (1e-05)
Initial search space (Z):               4014  [actual number of targets]
Domain search space  (domZ):               0  [number of targets reported over threshold]
# CPU time: 0.03u 0.00s 00:00:00.03 Elapsed: 00:00:00.03
# Mc/sec: 5682.13
//
Query:       TIGR00456  [M=569]
Accession:   TIGR00456
Description: argS: arginine--tRNA ligase
Scores for complete sequences (score includes all domains):
   --- full sequence ---   --- best 1 domain ---    -#dom-
    E-value  score  bias    E-value  score  bias    exp  N  Sequence               Description
    ------- ------ -----    ------- ------ -----   ---- --  --------               -----------
   5.9e-105  349.5   0.0   1.8e-104  347.9   0.0    1.7  1  NZ_FPKU01000001.1_1025  # 1050690 # 1052435 # -1 # ID=5_1025;partial=00;start_type=ATG;rbs_motif=AGxAGG/AGGxGG;rbs_spacer=5-10bp;gc_cont=0.643


Domain annotation for each sequence:
>> NZ_FPKU01000001.1_1025  # 1050690 # 1052435 # -1 # ID=5_1025;partial=00;start_type=ATG;rbs_motif=AGxAGG/AGGxGG;rbs_spacer=5-10bp;gc_cont=0.643
   #    score  bias  c-Evalue  i-Evalue hmmfrom  hmm to    alifrom  ali to    envfrom  env to     acc
 ---   ------ ----- --------- --------- ------- -------    ------- -------    ------- -------    ----
   1 !  347.9   0.0  4.5e-108  1.8e-104      24     567 ..      30     578 ..       9     580 .. 0.90



Internal pipeline statistics summary:
-------------------------------------
Query model(s):                            1  (569 nodes)
Target sequences:                       4014  (1268018 residues searched)
Passed MSV filter:                        77  (0.0191829); expected 80.3 (0.02)
Passed bias filter:                       72  (0.0179372); expected 80.3 (0.02)
Passed Vit filter:                        16  (0.00398605); expected 4.0 (0.001)
Passed Fwd filter:                         4  (0.000996512); expected 0.0 (1e-05)
Initial search space (Z):               4014  [actual number of targets]
Domain search space  (domZ):               1  [number of targets reported over threshold]
# CPU time: 0.07u 0.00s 00:00:00.07 Elapsed: 00:00:00.07
# Mc/sec: 10237.11
//
Query:       TIGR00459  [M=586]
Accession:   TIGR00459
Description: aspS_bact: aspartate--tRNA ligase
Scores for complete sequences (score includes all domains):
   --- full sequence ---   --- best 1 domain ---    -#dom-
    E-value  score  bias    E-value  score  bias    exp  N  Sequence              Description
    ------- ------ -----    ------- ------ -----   ---- --  --------              -----------
   2.6e-179  595.1   0.0   3.4e-179  594.7   0.0    1.0  1  NZ_FPKU01000001.1_816  # 827525 # 829297 # 1 # ID=5_816;partial=00;start_type=ATG;rbs_motif=GGA/GAG/AGG;rbs_spacer=5-10bp;gc_cont=0.649


Domain annotation for each sequence:
>> NZ_FPKU01000001.1_816  # 827525 # 829297 # 1 # ID=5_816;partial=00;start_type=ATG;rbs_motif=GGA/GAG/AGG;rbs_spacer=5-10bp;gc_cont=0.649
   #    score  bias  c-Evalue  i-Evalue hmmfrom  hmm to    alifrom  ali to    envfrom  env to     acc
 ---   ------ ----- --------- --------- ------- -------    ------- -------    ------- -------    ----
   1 !  594.7   0.0  8.4e-183  3.4e-179       3     582 ..       5     584 ..       3     588 .. 0.97



Internal pipeline statistics summary:
-------------------------------------
Query model(s):                            1  (586 nodes)
Target sequences:                       4014  (1268018 residues searched)
Passed MSV filter:                        66  (0.0164425); expected 80.3 (0.02)
Passed bias filter:                       62  (0.0154459); expected 80.3 (0.02)
Passed Vit filter:                         7  (0.0017439); expected 4.0 (0.001)
Passed Fwd filter:                         2  (0.000498256); expected 0.0 (1e-05)
Initial search space (Z):               4014  [actual number of targets]
Domain search space  (domZ):               1  [number of targets reported over threshold]
# CPU time: 0.05u 0.01s 00:00:00.06 Elapsed: 00:00:00.05
# Mc/sec: 14779.72
//
Query:       TIGR00460  [M=315]
Accession:   TIGR00460
Description: fmt: methionyl-tRNA formyltransferase
Scores for complete sequences (score includes all domains):
   --- full sequence ---   --- best 1 domain ---    -#dom-
    E-value  score  bias    E-value  score  bias    exp  N  Sequence              Description
    ------- ------ -----    ------- ------ -----   ---- --  --------              -----------
    1.6e-76  255.2   0.0    1.9e-76  254.9   0.0    1.0  1  NZ_FPKU01000003.1_603  # 607711 # 608637 # -1 # ID=3_603;partial=00;start_type=ATG;rbs_motif=GGAG/GAGG;rbs_spacer=5-10bp;gc_cont=0.695


Domain annotation for each sequence:
>> NZ_FPKU01000003.1_603  # 607711 # 608637 # -1 # ID=3_603;partial=00;start_type=ATG;rbs_motif=GGAG/GAGG;rbs_spacer=5-10bp;gc_cont=0.695
   #    score  bias  c-Evalue  i-Evalue hmmfrom  hmm to    alifrom  ali to    envfrom  env to     acc
 ---   ------ ----- --------- --------- ------- -------    ------- -------    ------- -------    ----
   1 !  254.9   0.0   4.9e-80   1.9e-76       1     303 [.       1     299 [.       1     306 [. 0.95



Internal pipeline statistics summary:
-------------------------------------
Query model(s):                            1  (315 nodes)
Target sequences:                       4014  (1268018 residues searched)
Passed MSV filter:                        59  (0.0146986); expected 80.3 (0.02)
Passed bias filter:                       57  (0.0142003); expected 80.3 (0.02)
Passed Vit filter:                        10  (0.00249128); expected 4.0 (0.001)
Passed Fwd filter:                         3  (0.000747384); expected 0.0 (1e-05)
Initial search space (Z):               4014  [actual number of targets]
Domain search space  (domZ):               1  [number of targets reported over threshold]
# CPU time: 0.03u 0.00s 00:00:00.03 Elapsed: 00:00:00.02
# Mc/sec: 13891.67
//
Query:       TIGR00468  [M=324]
Accession:   TIGR00468
Description: pheS: phenylalanine--tRNA ligase, alpha subunit
Scores for complete sequences (score includes all domains):
   --- full sequence ---   --- best 1 domain ---    -#dom-
    E-value  score  bias    E-value  score  bias    exp  N  Sequence              Description
    ------- ------ -----    ------- ------ -----   ---- --  --------              -----------
    2.4e-96  320.6   0.0    6.4e-95  315.9   0.0    2.0  1  NZ_FPKU01000003.1_752  # 764175 # 765308 # 1 # ID=3_752;partial=00;start_type=ATG;rbs_motif=GGA/GAG/AGG;rbs_spacer=5-10bp;gc_cont=0.663


Domain annotation for each sequence:
>> NZ_FPKU01000003.1_752  # 764175 # 765308 # 1 # ID=3_752;partial=00;start_type=ATG;rbs_motif=GGA/GAG/AGG;rbs_spacer=5-10bp;gc_cont=0.663
   #    score  bias  c-Evalue  i-Evalue hmmfrom  hmm to    alifrom  ali to    envfrom  env to     acc
 ---   ------ ----- --------- --------- ------- -------    ------- -------    ------- -------    ----
   1 !  315.9   0.0   1.6e-98   6.4e-95       6     321 ..      46     360 ..      41     362 .. 0.93



Internal pipeline statistics summary:
-------------------------------------
Query model(s):                            1  (324 nodes)
Target sequences:                       4014  (1268018 residues searched)
Passed MSV filter:                        67  (0.0166916); expected 80.3 (0.02)
Passed bias filter:                       65  (0.0161933); expected 80.3 (0.02)
Passed Vit filter:                        14  (0.00348779); expected 4.0 (0.001)
Passed Fwd filter:                         2  (0.000498256); expected 0.0 (1e-05)
Initial search space (Z):               4014  [actual number of targets]
Domain search space  (domZ):               1  [number of targets reported over threshold]
# CPU time: 0.05u 0.00s 00:00:00.05 Elapsed: 00:00:00.04
# Mc/sec: 9718.38
//
Query:       TIGR00472  [M=798]
Accession:   TIGR00472
Description: pheT_bact: phenylalanine--tRNA ligase, beta subunit
Scores for complete sequences (score includes all domains):
   --- full sequence ---   --- best 1 domain ---    -#dom-
    E-value  score  bias    E-value  score  bias    exp  N  Sequence              Description
    ------- ------ -----    ------- ------ -----   ---- --  --------              -----------
   1.2e-203  676.4   0.0   1.3e-203  676.3   0.0    1.0  1  NZ_FPKU01000003.1_755  # 766441 # 768864 # 1 # ID=3_755;partial=00;start_type=ATG;rbs_motif=3Base/5BMM;rbs_spacer=13-15bp;gc_cont=0.685


Domain annotation for each sequence:
>> NZ_FPKU01000003.1_755  # 766441 # 768864 # 1 # ID=3_755;partial=00;start_type=ATG;rbs_motif=3Base/5BMM;rbs_spacer=13-15bp;gc_cont=0.685
   #    score  bias  c-Evalue  i-Evalue hmmfrom  hmm to    alifrom  ali to    envfrom  env to     acc
 ---   ------ ----- --------- --------- ------- -------    ------- -------    ------- -------    ----
   1 !  676.3   0.0  3.3e-207  1.3e-203       1     798 []       1     806 [.       1     806 [. 0.94



Internal pipeline statistics summary:
-------------------------------------
Query model(s):                            1  (798 nodes)
Target sequences:                       4014  (1268018 residues searched)
Passed MSV filter:                        54  (0.0134529); expected 80.3 (0.02)
Passed bias filter:                       48  (0.0119581); expected 80.3 (0.02)
Passed Vit filter:                        10  (0.00249128); expected 4.0 (0.001)
Passed Fwd filter:                         1  (0.000249128); expected 0.0 (1e-05)
Initial search space (Z):               4014  [actual number of targets]
Domain search space  (domZ):               1  [number of targets reported over threshold]
# CPU time: 0.07u 0.00s 00:00:00.07 Elapsed: 00:00:00.14
# Mc/sec: 6957.93
//
Query:       TIGR00483  [M=427]
Accession:   TIGR00483
Description: EF-1_alpha: translation elongation factor EF-1, subunit alpha
Scores for complete sequences (score includes all domains):
   --- full sequence ---   --- best 1 domain ---    -#dom-
    E-value  score  bias    E-value  score  bias    exp  N  Sequence Description
    ------- ------ -----    ------- ------ -----   ---- --  -------- -----------

   [No hits detected that satisfy reporting thresholds]


Domain annotation for each sequence:

   [No targets detected that satisfy reporting thresholds]


Internal pipeline statistics summary:
-------------------------------------
Query model(s):                            1  (427 nodes)
Target sequences:                       4014  (1268018 residues searched)
Passed MSV filter:                        81  (0.0201794); expected 80.3 (0.02)
Passed bias filter:                       77  (0.0191829); expected 80.3 (0.02)
Passed Vit filter:                        17  (0.00423518); expected 4.0 (0.001)
Passed Fwd filter:                         8  (0.00199302); expected 0.0 (1e-05)
Initial search space (Z):               4014  [actual number of targets]
Domain search space  (domZ):               0  [number of targets reported over threshold]
# CPU time: 0.09u 0.00s 00:00:00.09 Elapsed: 00:00:00.08
# Mc/sec: 6733.52
//
Query:       TIGR00487  [M=587]
Accession:   TIGR00487
Description: IF-2: translation initiation factor IF-2
Scores for complete sequences (score includes all domains):
   --- full sequence ---   --- best 1 domain ---    -#dom-
    E-value  score  bias    E-value  score  bias    exp  N  Sequence              Description
    ------- ------ -----    ------- ------ -----   ---- --  --------              -----------
     1e-242  804.9  21.8   1.3e-242  804.5  21.8    1.1  1  NZ_FPKU01000002.1_415  # 436767 # 439508 # 1 # ID=4_415;partial=00;start_type=ATG;rbs_motif=GGA/GAG/AGG;rbs_spacer=11-12bp;gc_cont=0.692


Domain annotation for each sequence:
>> NZ_FPKU01000002.1_415  # 436767 # 439508 # 1 # ID=4_415;partial=00;start_type=ATG;rbs_motif=GGA/GAG/AGG;rbs_spacer=11-12bp;gc_cont=0.692
   #    score  bias  c-Evalue  i-Evalue hmmfrom  hmm to    alifrom  ali to    envfrom  env to     acc
 ---   ------ ----- --------- --------- ------- -------    ------- -------    ------- -------    ----
   1 !  804.5  21.8  3.3e-246  1.3e-242       3     586 ..     330     913 ..     328     913 .. 0.98



Internal pipeline statistics summary:
-------------------------------------
Query model(s):                            1  (587 nodes)
Target sequences:                       4014  (1268018 residues searched)
Passed MSV filter:                       107  (0.0266567); expected 80.3 (0.02)
Passed bias filter:                       93  (0.0231689); expected 80.3 (0.02)
Passed Vit filter:                        21  (0.00523169); expected 4.0 (0.001)
Passed Fwd filter:                        12  (0.00298954); expected 0.0 (1e-05)
Initial search space (Z):               4014  [actual number of targets]
Domain search space  (domZ):               1  [number of targets reported over threshold]
# CPU time: 0.11u 0.00s 00:00:00.11 Elapsed: 00:00:00.11
# Mc/sec: 6539.40
//
Query:       TIGR00491  [M=594]
Accession:   TIGR00491
Description: aIF-2: translation initiation factor aIF-2
Scores for complete sequences (score includes all domains):
   --- full sequence ---   --- best 1 domain ---    -#dom-
    E-value  score  bias    E-value  score  bias    exp  N  Sequence Description
    ------- ------ -----    ------- ------ -----   ---- --  -------- -----------

   [No hits detected that satisfy reporting thresholds]


Domain annotation for each sequence:

   [No targets detected that satisfy reporting thresholds]


Internal pipeline statistics summary:
-------------------------------------
Query model(s):                            1  (594 nodes)
Target sequences:                       4014  (1268018 residues searched)
Passed MSV filter:                       125  (0.031141); expected 80.3 (0.02)
Passed bias filter:                      112  (0.0279023); expected 80.3 (0.02)
Passed Vit filter:                        18  (0.0044843); expected 4.0 (0.001)
Passed Fwd filter:                         8  (0.00199302); expected 0.0 (1e-05)
Initial search space (Z):               4014  [actual number of targets]
Domain search space  (domZ):               0  [number of targets reported over threshold]
# CPU time: 0.10u 0.00s 00:00:00.10 Elapsed: 00:00:00.12
# Mc/sec: 5846.41
//
Query:       TIGR00496  [M=176]
Accession:   TIGR00496
Description: frr: ribosome recycling factor
Scores for complete sequences (score includes all domains):
   --- full sequence ---   --- best 1 domain ---    -#dom-
    E-value  score  bias    E-value  score  bias    exp  N  Sequence              Description
    ------- ------ -----    ------- ------ -----   ---- --  --------              -----------
      2e-61  204.4   0.1    2.3e-61  204.3   0.1    1.0  1  NZ_FPKU01000001.1_833  # 852417 # 852977 # 1 # ID=5_833;partial=00;start_type=GTG;rbs_motif=GGAG/GAGG;rbs_spacer=5-10bp;gc_cont=0.640


Domain annotation for each sequence:
>> NZ_FPKU01000001.1_833  # 852417 # 852977 # 1 # ID=5_833;partial=00;start_type=GTG;rbs_motif=GGAG/GAGG;rbs_spacer=5-10bp;gc_cont=0.640
   #    score  bias  c-Evalue  i-Evalue hmmfrom  hmm to    alifrom  ali to    envfrom  env to     acc
 ---   ------ ----- --------- --------- ------- -------    ------- -------    ------- -------    ----
   1 !  204.3   0.1   5.7e-65   2.3e-61       1     176 []      11     186 ..      11     186 .. 0.99



Internal pipeline statistics summary:
-------------------------------------
Query model(s):                            1  (176 nodes)
Target sequences:                       4014  (1268018 residues searched)
Passed MSV filter:                        60  (0.0149477); expected 80.3 (0.02)
Passed bias filter:                       48  (0.0119581); expected 80.3 (0.02)
Passed Vit filter:                         4  (0.000996512); expected 4.0 (0.001)
Passed Fwd filter:                         1  (0.000249128); expected 0.0 (1e-05)
Initial search space (Z):               4014  [actual number of targets]
Domain search space  (domZ):               1  [number of targets reported over threshold]
# CPU time: 0.02u 0.00s 00:00:00.02 Elapsed: 00:00:00.02
# Mc/sec: 10078.46
//
Query:       TIGR00522  [M=258]
Accession:   TIGR00522
Description: dph5: diphthine synthase
Scores for complete sequences (score includes all domains):
   --- full sequence ---   --- best 1 domain ---    -#dom-
    E-value  score  bias    E-value  score  bias    exp  N  Sequence Description
    ------- ------ -----    ------- ------ -----   ---- --  -------- -----------

   [No hits detected that satisfy reporting thresholds]


Domain annotation for each sequence:

   [No targets detected that satisfy reporting thresholds]


Internal pipeline statistics summary:
-------------------------------------
Query model(s):                            1  (258 nodes)
Target sequences:                       4014  (1268018 residues searched)
Passed MSV filter:                        70  (0.017439); expected 80.3 (0.02)
Passed bias filter:                       69  (0.0171898); expected 80.3 (0.02)
Passed Vit filter:                         4  (0.000996512); expected 4.0 (0.001)
Passed Fwd filter:                         0  (0); expected 0.0 (1e-05)
Initial search space (Z):               4014  [actual number of targets]
Domain search space  (domZ):               0  [number of targets reported over threshold]
# CPU time: 0.02u 0.00s 00:00:00.02 Elapsed: 00:00:00.03
# Mc/sec: 10266.90
//
Query:       TIGR00539  [M=361]
Accession:   TIGR00539
Description: hemN_rel: putative oxygen-independent coproporphyrinogen III oxidase
Scores for complete sequences (score includes all domains):
   --- full sequence ---   --- best 1 domain ---    -#dom-
    E-value  score  bias    E-value  score  bias    exp  N  Sequence              Description
    ------- ------ -----    ------- ------ -----   ---- --  --------              -----------
    5.5e-87  290.0   0.0    6.7e-87  289.7   0.0    1.0  1  NZ_FPKU01000002.1_427  # 451456 # 452646 # -1 # ID=4_427;partial=00;start_type=TTG;rbs_motif=GGAGG;rbs_spacer=5-10bp;gc_cont=0.667


Domain annotation for each sequence:
>> NZ_FPKU01000002.1_427  # 451456 # 452646 # -1 # ID=4_427;partial=00;start_type=TTG;rbs_motif=GGAGG;rbs_spacer=5-10bp;gc_cont=0.667
   #    score  bias  c-Evalue  i-Evalue hmmfrom  hmm to    alifrom  ali to    envfrom  env to     acc
 ---   ------ ----- --------- --------- ------- -------    ------- -------    ------- -------    ----
   1 !  289.7   0.0   1.7e-90   6.7e-87       3     334 ..      22     361 ..      20     375 .. 0.91



Internal pipeline statistics summary:
-------------------------------------
Query model(s):                            1  (361 nodes)
Target sequences:                       4014  (1268018 residues searched)
Passed MSV filter:                        75  (0.0186846); expected 80.3 (0.02)
Passed bias filter:                       73  (0.0181863); expected 80.3 (0.02)
Passed Vit filter:                         6  (0.00149477); expected 4.0 (0.001)
Passed Fwd filter:                         3  (0.000747384); expected 0.0 (1e-05)
Initial search space (Z):               4014  [actual number of targets]
Domain search space  (domZ):               1  [number of targets reported over threshold]
# CPU time: 0.04u 0.00s 00:00:00.04 Elapsed: 00:00:00.04
# Mc/sec: 10325.41
//
Query:       TIGR00580  [M=923]
Accession:   TIGR00580
Description: mfd: transcription-repair coupling factor
Scores for complete sequences (score includes all domains):
   --- full sequence ---   --- best 1 domain ---    -#dom-
    E-value  score  bias    E-value  score  bias    exp  N  Sequence              Description
    ------- ------ -----    ------- ------ -----   ---- --  --------              -----------
          0 1020.8   0.0          0 1020.5   0.0    1.0  1  NZ_FPKU01000001.1_821  # 835941 # 839426 # 1 # ID=5_821;partial=00;start_type=ATG;rbs_motif=GGA/GAG/AGG;rbs_spacer=5-10bp;gc_cont=0.658
   4.6e-233  774.2   0.0   1.8e-219  729.2   0.0    2.0  1  NZ_FPKU01000002.1_747  # 782406 # 785678 # 1 # ID=4_747;partial=00;start_type=ATG;rbs_motif=GGA/GAG/AGG;rbs_spacer=11-12bp;gc_cont=0.693


Domain annotation for each sequence:
>> NZ_FPKU01000001.1_821  # 835941 # 839426 # 1 # ID=5_821;partial=00;start_type=ATG;rbs_motif=GGA/GAG/AGG;rbs_spacer=5-10bp;gc_cont=0.658
   #    score  bias  c-Evalue  i-Evalue hmmfrom  hmm to    alifrom  ali to    envfrom  env to     acc
 ---   ------ ----- --------- --------- ------- -------    ------- -------    ------- -------    ----
   1 ! 1020.5   0.0         0         0       3     922 ..     151    1088 ..     149    1089 .. 0.91

>> NZ_FPKU01000002.1_747  # 782406 # 785678 # 1 # ID=4_747;partial=00;start_type=ATG;rbs_motif=GGA/GAG/AGG;rbs_spacer=11-12bp;gc_cont=0.693
   #    score  bias  c-Evalue  i-Evalue hmmfrom  hmm to    alifrom  ali to    envfrom  env to     acc
 ---   ------ ----- --------- --------- ------- -------    ------- -------    ------- -------    ----
   1 !  729.2   0.0    9e-223  1.8e-219     235     922 ..     353    1035 ..     335    1036 .. 0.96



Internal pipeline statistics summary:
-------------------------------------
Query model(s):                            1  (923 nodes)
Target sequences:                       4014  (1268018 residues searched)
Passed MSV filter:                       109  (0.027155); expected 80.3 (0.02)
Passed bias filter:                       97  (0.0241654); expected 80.3 (0.02)
Passed Vit filter:                        22  (0.00548082); expected 4.0 (0.001)
Passed Fwd filter:                        10  (0.00249128); expected 0.0 (1e-05)
Initial search space (Z):               4014  [actual number of targets]
Domain search space  (domZ):               2  [number of targets reported over threshold]
# CPU time: 0.18u 0.01s 00:00:00.19 Elapsed: 00:00:00.18
# Mc/sec: 6250.95
//
Query:       TIGR00593  [M=890]
Accession:   TIGR00593
Description: pola: DNA polymerase I
Scores for complete sequences (score includes all domains):
   --- full sequence ---   --- best 1 domain ---    -#dom-
    E-value  score  bias    E-value  score  bias    exp  N  Sequence              Description
    ------- ------ -----    ------- ------ -----   ---- --  --------              -----------
     7e-264  876.1   0.0   8.1e-264  875.9   0.0    1.0  1  NZ_FPKU01000004.1_188  # 216079 # 219006 # -1 # ID=1_188;partial=00;start_type=ATG;rbs_motif=GGA/GAG/AGG;rbs_spacer=5-10bp;gc_cont=0.673


Domain annotation for each sequence:
>> NZ_FPKU01000004.1_188  # 216079 # 219006 # -1 # ID=1_188;partial=00;start_type=ATG;rbs_motif=GGA/GAG/AGG;rbs_spacer=5-10bp;gc_cont=0.673
   #    score  bias  c-Evalue  i-Evalue hmmfrom  hmm to    alifrom  ali to    envfrom  env to     acc
 ---   ------ ----- --------- --------- ------- -------    ------- -------    ------- -------    ----
   1 !  875.9   0.0    2e-267  8.1e-264       1     890 []       3     975 ..       3     975 .. 0.88



Internal pipeline statistics summary:
-------------------------------------
Query model(s):                            1  (890 nodes)
Target sequences:                       4014  (1268018 residues searched)
Passed MSV filter:                        96  (0.0239163); expected 80.3 (0.02)
Passed bias filter:                       72  (0.0179372); expected 80.3 (0.02)
Passed Vit filter:                        12  (0.00298954); expected 4.0 (0.001)
Passed Fwd filter:                         4  (0.000996512); expected 0.0 (1e-05)
Initial search space (Z):               4014  [actual number of targets]
Domain search space  (domZ):               1  [number of targets reported over threshold]
# CPU time: 0.12u 0.00s 00:00:00.12 Elapsed: 00:00:00.15
# Mc/sec: 7461.13
//
Query:       TIGR00615  [M=196]
Accession:   TIGR00615
Description: recR: recombination protein RecR
Scores for complete sequences (score includes all domains):
   --- full sequence ---   --- best 1 domain ---    -#dom-
    E-value  score  bias    E-value  score  bias    exp  N  Sequence              Description
    ------- ------ -----    ------- ------ -----   ---- --  --------              -----------
    1.1e-57  192.4   0.0    1.3e-57  192.2   0.0    1.0  1  NZ_FPKU01000003.1_620  # 627369 # 627965 # -1 # ID=3_620;partial=00;start_type=ATG;rbs_motif=GGA/GAG/AGG;rbs_spacer=5-10bp;gc_cont=0.693


Domain annotation for each sequence:
>> NZ_FPKU01000003.1_620  # 627369 # 627965 # -1 # ID=3_620;partial=00;start_type=ATG;rbs_motif=GGA/GAG/AGG;rbs_spacer=5-10bp;gc_cont=0.693
   #    score  bias  c-Evalue  i-Evalue hmmfrom  hmm to    alifrom  ali to    envfrom  env to     acc
 ---   ------ ----- --------- --------- ------- -------    ------- -------    ------- -------    ----
   1 !  192.2   0.0   3.4e-61   1.3e-57       5     195 ..       6     195 ..       3     196 .. 0.97



Internal pipeline statistics summary:
-------------------------------------
Query model(s):                            1  (196 nodes)
Target sequences:                       4014  (1268018 residues searched)
Passed MSV filter:                        70  (0.017439); expected 80.3 (0.02)
Passed bias filter:                       65  (0.0161933); expected 80.3 (0.02)
Passed Vit filter:                        14  (0.00348779); expected 4.0 (0.001)
Passed Fwd filter:                         2  (0.000498256); expected 0.0 (1e-05)
Initial search space (Z):               4014  [actual number of targets]
Domain search space  (domZ):               1  [number of targets reported over threshold]
# CPU time: 0.02u 0.01s 00:00:00.03 Elapsed: 00:00:00.03
# Mc/sec: 7324.92
//
Query:       TIGR00631  [M=658]
Accession:   TIGR00631
Description: uvrb: excinuclease ABC subunit B
Scores for complete sequences (score includes all domains):
   --- full sequence ---   --- best 1 domain ---    -#dom-
    E-value  score  bias    E-value  score  bias    exp  N  Sequence               Description
    ------- ------ -----    ------- ------ -----   ---- --  --------               -----------
   1.7e-304 1009.0   0.0     2e-304 1008.8   0.0    1.0  1  NZ_FPKU01000001.1_1376  # 1422383 # 1425142 # 1 # ID=5_1376;partial=00;start_type=ATG;rbs_motif=GGAG/GAGG;rbs_spacer=5-10bp;gc_cont=0.655


Domain annotation for each sequence:
>> NZ_FPKU01000001.1_1376  # 1422383 # 1425142 # 1 # ID=5_1376;partial=00;start_type=ATG;rbs_motif=GGAG/GAGG;rbs_spacer=5-10bp;gc_cont=0.655
   #    score  bias  c-Evalue  i-Evalue hmmfrom  hmm to    alifrom  ali to    envfrom  env to     acc
 ---   ------ ----- --------- --------- ------- -------    ------- -------    ------- -------    ----
   1 ! 1008.8   0.0    5e-308    2e-304       2     658 .]     252     907 ..     251     907 .. 0.98



Internal pipeline statistics summary:
-------------------------------------
Query model(s):                            1  (658 nodes)
Target sequences:                       4014  (1268018 residues searched)
Passed MSV filter:                       125  (0.031141); expected 80.3 (0.02)
Passed bias filter:                      112  (0.0279023); expected 80.3 (0.02)
Passed Vit filter:                        24  (0.00597907); expected 4.0 (0.001)
Passed Fwd filter:                        12  (0.00298954); expected 0.0 (1e-05)
Initial search space (Z):               4014  [actual number of targets]
Domain search space  (domZ):               1  [number of targets reported over threshold]
# CPU time: 0.10u 0.01s 00:00:00.11 Elapsed: 00:00:00.11
# Mc/sec: 7114.07
//
Query:       TIGR00634  [M=563]
Accession:   TIGR00634
Description: recN: DNA repair protein RecN
Scores for complete sequences (score includes all domains):
   --- full sequence ---   --- best 1 domain ---    -#dom-
    E-value  score  bias    E-value  score  bias    exp  N  Sequence               Description
    ------- ------ -----    ------- ------ -----   ---- --  --------               -----------
   9.8e-136  451.7   9.2   1.1e-135  451.5   9.2    1.0  1  NZ_FPKU01000001.1_1286  # 1326623 # 1328296 # -1 # ID=5_1286;partial=00;start_type=ATG;rbs_motif=GGA/GAG/AGG;rbs_spacer=5-10bp;gc_cont=0.694


Domain annotation for each sequence:
>> NZ_FPKU01000001.1_1286  # 1326623 # 1328296 # -1 # ID=5_1286;partial=00;start_type=ATG;rbs_motif=GGA/GAG/AGG;rbs_spacer=5-10bp;gc_cont=0.694
   #    score  bias  c-Evalue  i-Evalue hmmfrom  hmm to    alifrom  ali to    envfrom  env to     acc
 ---   ------ ----- --------- --------- ------- -------    ------- -------    ------- -------    ----
   1 !  451.5   9.2  2.7e-139  1.1e-135       1     562 [.       1     553 [.       1     554 [. 0.95



Internal pipeline statistics summary:
-------------------------------------
Query model(s):                            1  (563 nodes)
Target sequences:                       4014  (1268018 residues searched)
Passed MSV filter:                       254  (0.0632785); expected 80.3 (0.02)
Passed bias filter:                      189  (0.0470852); expected 80.3 (0.02)
Passed Vit filter:                        41  (0.0102143); expected 4.0 (0.001)
Passed Fwd filter:                         9  (0.00224215); expected 0.0 (1e-05)
Initial search space (Z):               4014  [actual number of targets]
Domain search space  (domZ):               1  [number of targets reported over threshold]
# CPU time: 0.09u 0.01s 00:00:00.10 Elapsed: 00:00:00.10
# Mc/sec: 6830.38
//
Query:       TIGR00635  [M=305]
Accession:   TIGR00635
Description: ruvB: Holliday junction DNA helicase RuvB
Scores for complete sequences (score includes all domains):
   --- full sequence ---   --- best 1 domain ---    -#dom-
    E-value  score  bias    E-value  score  bias    exp  N  Sequence               Description
    ------- ------ -----    ------- ------ -----   ---- --  --------               -----------
     2e-134  445.2   0.1   2.3e-134  445.0   0.1    1.0  1  NZ_FPKU01000001.1_1712  # 1789525 # 1790571 # -1 # ID=5_1712;partial=00;start_type=TTG;rbs_motif=GGAG/GAGG;rbs_spacer=5-10bp;gc_cont=0.671


Domain annotation for each sequence:
>> NZ_FPKU01000001.1_1712  # 1789525 # 1790571 # -1 # ID=5_1712;partial=00;start_type=TTG;rbs_motif=GGAG/GAGG;rbs_spacer=5-10bp;gc_cont=0.671
   #    score  bias  c-Evalue  i-Evalue hmmfrom  hmm to    alifrom  ali to    envfrom  env to     acc
 ---   ------ ----- --------- --------- ------- -------    ------- -------    ------- -------    ----
   1 !  445.0   0.1  5.7e-138  2.3e-134       3     304 ..      24     325 ..      22     326 .. 0.99



Internal pipeline statistics summary:
-------------------------------------
Query model(s):                            1  (305 nodes)
Target sequences:                       4014  (1268018 residues searched)
Passed MSV filter:                       251  (0.0625311); expected 80.3 (0.02)
Passed bias filter:                      229  (0.0570503); expected 80.3 (0.02)
Passed Vit filter:                        77  (0.0191829); expected 4.0 (0.001)
Passed Fwd filter:                        17  (0.00423518); expected 0.0 (1e-05)
Initial search space (Z):               4014  [actual number of targets]
Domain search space  (domZ):               1  [number of targets reported over threshold]
# CPU time: 0.08u 0.00s 00:00:00.08 Elapsed: 00:00:00.09
# Mc/sec: 3975.57
//
Query:       TIGR00643  [M=629]
Accession:   TIGR00643
Description: recG: ATP-dependent DNA helicase RecG
Scores for complete sequences (score includes all domains):
   --- full sequence ---   --- best 1 domain ---    -#dom-
    E-value  score  bias    E-value  score  bias    exp  N  Sequence              Description
    ------- ------ -----    ------- ------ -----   ---- --  --------              -----------
   6.2e-192  637.4   0.0   7.5e-192  637.1   0.0    1.0  1  NZ_FPKU01000001.1_819  # 833387 # 835495 # -1 # ID=5_819;partial=00;start_type=ATG;rbs_motif=None;rbs_spacer=None;gc_cont=0.671


Domain annotation for each sequence:
>> NZ_FPKU01000001.1_819  # 833387 # 835495 # -1 # ID=5_819;partial=00;start_type=ATG;rbs_motif=None;rbs_spacer=None;gc_cont=0.671
   #    score  bias  c-Evalue  i-Evalue hmmfrom  hmm to    alifrom  ali to    envfrom  env to     acc
 ---   ------ ----- --------- --------- ------- -------    ------- -------    ------- -------    ----
   1 !  637.1   0.0  1.9e-195  7.5e-192       6     629 .]      42     665 ..      38     665 .. 0.96



Internal pipeline statistics summary:
-------------------------------------
Query model(s):                            1  (629 nodes)
Target sequences:                       4014  (1268018 residues searched)
Passed MSV filter:                       134  (0.0333832); expected 80.3 (0.02)
Passed bias filter:                      126  (0.0313901); expected 80.3 (0.02)
Passed Vit filter:                        27  (0.00672646); expected 4.0 (0.001)
Passed Fwd filter:                        12  (0.00298954); expected 0.0 (1e-05)
Initial search space (Z):               4014  [actual number of targets]
Domain search space  (domZ):               1  [number of targets reported over threshold]
# CPU time: 0.13u 0.00s 00:00:00.13 Elapsed: 00:00:00.13
# Mc/sec: 5717.77
//
Query:       TIGR00663  [M=367]
Accession:   TIGR00663
Description: dnan: DNA polymerase III, beta subunit
Scores for complete sequences (score includes all domains):
   --- full sequence ---   --- best 1 domain ---    -#dom-
    E-value  score  bias    E-value  score  bias    exp  N  Sequence              Description
    ------- ------ -----    ------- ------ -----   ---- --  --------              -----------
    1.6e-91  304.8   0.0    1.8e-91  304.7   0.0    1.0  1  NZ_FPKU01000002.1_446  # 469736 # 470854 # 1 # ID=4_446;partial=00;start_type=ATG;rbs_motif=GGA/GAG/AGG;rbs_spacer=5-10bp;gc_cont=0.647


Domain annotation for each sequence:
>> NZ_FPKU01000002.1_446  # 469736 # 470854 # 1 # ID=4_446;partial=00;start_type=ATG;rbs_motif=GGA/GAG/AGG;rbs_spacer=5-10bp;gc_cont=0.647
   #    score  bias  c-Evalue  i-Evalue hmmfrom  hmm to    alifrom  ali to    envfrom  env to     acc
 ---   ------ ----- --------- --------- ------- -------    ------- -------    ------- -------    ----
   1 !  304.7   0.0   4.4e-95   1.8e-91       1     366 [.       1     371 [.       1     372 [. 0.95



Internal pipeline statistics summary:
-------------------------------------
Query model(s):                            1  (367 nodes)
Target sequences:                       4014  (1268018 residues searched)
Passed MSV filter:                        63  (0.0156951); expected 80.3 (0.02)
Passed bias filter:                       62  (0.0154459); expected 80.3 (0.02)
Passed Vit filter:                         4  (0.000996512); expected 4.0 (0.001)
Passed Fwd filter:                         1  (0.000249128); expected 0.0 (1e-05)
Initial search space (Z):               4014  [actual number of targets]
Domain search space  (domZ):               1  [number of targets reported over threshold]
# CPU time: 0.04u 0.01s 00:00:00.05 Elapsed: 00:00:00.03
# Mc/sec: 12400.01
//
Query:       TIGR00717  [M=516]
Accession:   TIGR00717
Description: rpsA: ribosomal protein bS1
Scores for complete sequences (score includes all domains):
   --- full sequence ---   --- best 1 domain ---    -#dom-
    E-value  score  bias    E-value  score  bias    exp  N  Sequence              Description
    ------- ------ -----    ------- ------ -----   ---- --  --------              -----------
   1.3e-192  638.7  13.8   1.5e-192  638.6  13.8    1.0  1  NZ_FPKU01000002.1_359  # 376975 # 378672 # -1 # ID=4_359;partial=00;start_type=TTG;rbs_motif=GGAG/GAGG;rbs_spacer=5-10bp;gc_cont=0.629


Domain annotation for each sequence:
>> NZ_FPKU01000002.1_359  # 376975 # 378672 # -1 # ID=4_359;partial=00;start_type=TTG;rbs_motif=GGAG/GAGG;rbs_spacer=5-10bp;gc_cont=0.629
   #    score  bias  c-Evalue  i-Evalue hmmfrom  hmm to    alifrom  ali to    envfrom  env to     acc
 ---   ------ ----- --------- --------- ------- -------    ------- -------    ------- -------    ----
   1 !  638.6  13.8  3.7e-196  1.5e-192       2     516 .]      10     528 ..       9     528 .. 0.98



Internal pipeline statistics summary:
-------------------------------------
Query model(s):                            1  (516 nodes)
Target sequences:                       4014  (1268018 residues searched)
Passed MSV filter:                        83  (0.0206776); expected 80.3 (0.02)
Passed bias filter:                       75  (0.0186846); expected 80.3 (0.02)
Passed Vit filter:                        13  (0.00323866); expected 4.0 (0.001)
Passed Fwd filter:                         5  (0.00124564); expected 0.0 (1e-05)
Initial search space (Z):               4014  [actual number of targets]
Domain search space  (domZ):               1  [number of targets reported over threshold]
# CPU time: 0.05u 0.00s 00:00:00.05 Elapsed: 00:00:00.06
# Mc/sec: 9473.89
//
Query:       TIGR00755  [M=256]
Accession:   TIGR00755
Description: ksgA: ribosomal RNA small subunit methyltransferase A
Scores for complete sequences (score includes all domains):
   --- full sequence ---   --- best 1 domain ---    -#dom-
    E-value  score  bias    E-value  score  bias    exp  N  Sequence              Description
    ------- ------ -----    ------- ------ -----   ---- --  --------              -----------
    1.4e-68  228.8   0.0    1.6e-68  228.6   0.0    1.0  1  NZ_FPKU01000001.1_184  # 202397 # 203257 # -1 # ID=5_184;partial=00;start_type=ATG;rbs_motif=GGA/GAG/AGG;rbs_spacer=11-12bp;gc_cont=0.702


Domain annotation for each sequence:
>> NZ_FPKU01000001.1_184  # 202397 # 203257 # -1 # ID=5_184;partial=00;start_type=ATG;rbs_motif=GGA/GAG/AGG;rbs_spacer=11-12bp;gc_cont=0.702
   #    score  bias  c-Evalue  i-Evalue hmmfrom  hmm to    alifrom  ali to    envfrom  env to     acc
 ---   ------ ----- --------- --------- ------- -------    ------- -------    ------- -------    ----
   1 !  228.6   0.0     4e-72   1.6e-68       2     255 ..      20     275 ..      19     276 .. 0.96



Internal pipeline statistics summary:
-------------------------------------
Query model(s):                            1  (256 nodes)
Target sequences:                       4014  (1268018 residues searched)
Passed MSV filter:                        99  (0.0246637); expected 80.3 (0.02)
Passed bias filter:                       97  (0.0241654); expected 80.3 (0.02)
Passed Vit filter:                        24  (0.00597907); expected 4.0 (0.001)
Passed Fwd filter:                         9  (0.00224215); expected 0.0 (1e-05)
Initial search space (Z):               4014  [actual number of targets]
Domain search space  (domZ):               1  [number of targets reported over threshold]
# CPU time: 0.04u 0.00s 00:00:00.04 Elapsed: 00:00:00.06
# Mc/sec: 4826.46
//
Query:       TIGR00810  [M=73]
Accession:   TIGR00810
Description: secG: preprotein translocase, SecG subunit
Scores for complete sequences (score includes all domains):
   --- full sequence ---   --- best 1 domain ---    -#dom-
    E-value  score  bias    E-value  score  bias    exp  N  Sequence              Description
    ------- ------ -----    ------- ------ -----   ---- --  --------              -----------
    4.7e-18   62.8  11.1    4.7e-18   62.8  11.1    1.6  1  NZ_FPKU01000001.1_898  # 923918 # 924373 # -1 # ID=5_898;partial=00;start_type=ATG;rbs_motif=GGA/GAG/AGG;rbs_spacer=5-10bp;gc_cont=0.664


Domain annotation for each sequence:
>> NZ_FPKU01000001.1_898  # 923918 # 924373 # -1 # ID=5_898;partial=00;start_type=ATG;rbs_motif=GGA/GAG/AGG;rbs_spacer=5-10bp;gc_cont=0.664
   #    score  bias  c-Evalue  i-Evalue hmmfrom  hmm to    alifrom  ali to    envfrom  env to     acc
 ---   ------ ----- --------- --------- ------- -------    ------- -------    ------- -------    ----
   1 !   62.8  11.1   1.2e-21   4.7e-18       2      72 ..       3      71 ..       2      72 .. 0.97



Internal pipeline statistics summary:
-------------------------------------
Query model(s):                            1  (73 nodes)
Target sequences:                       4014  (1268018 residues searched)
Passed MSV filter:                       357  (0.0889387); expected 80.3 (0.02)
Passed bias filter:                       95  (0.0236672); expected 80.3 (0.02)
Passed Vit filter:                         9  (0.00224215); expected 4.0 (0.001)
Passed Fwd filter:                         5  (0.00124564); expected 0.0 (1e-05)
Initial search space (Z):               4014  [actual number of targets]
Domain search space  (domZ):               1  [number of targets reported over threshold]
# CPU time: 0.02u 0.00s 00:00:00.02 Elapsed: 00:00:00.03
# Mc/sec: 2733.46
//
Query:       TIGR00922  [M=172]
Accession:   TIGR00922
Description: nusG: transcription termination/antitermination factor NusG
Scores for complete sequences (score includes all domains):
   --- full sequence ---   --- best 1 domain ---    -#dom-
    E-value  score  bias    E-value  score  bias    exp  N  Sequence              Description
    ------- ------ -----    ------- ------ -----   ---- --  --------              -----------
    2.1e-69  230.5   4.2    2.4e-69  230.4   4.2    1.0  1  NZ_FPKU01000001.1_286  # 295968 # 296498 # 1 # ID=5_286;partial=00;start_type=ATG;rbs_motif=GGA/GAG/AGG;rbs_spacer=5-10bp;gc_cont=0.612


Domain annotation for each sequence:
>> NZ_FPKU01000001.1_286  # 295968 # 296498 # 1 # ID=5_286;partial=00;start_type=ATG;rbs_motif=GGA/GAG/AGG;rbs_spacer=5-10bp;gc_cont=0.612
   #    score  bias  c-Evalue  i-Evalue hmmfrom  hmm to    alifrom  ali to    envfrom  env to     acc
 ---   ------ ----- --------- --------- ------- -------    ------- -------    ------- -------    ----
   1 !  230.4   4.2   5.9e-73   2.4e-69       1     172 []       5     176 ..       5     176 .. 1.00



Internal pipeline statistics summary:
-------------------------------------
Query model(s):                            1  (172 nodes)
Target sequences:                       4014  (1268018 residues searched)
Passed MSV filter:                        51  (0.0127055); expected 80.3 (0.02)
Passed bias filter:                       51  (0.0127055); expected 80.3 (0.02)
Passed Vit filter:                         3  (0.000747384); expected 4.0 (0.001)
Passed Fwd filter:                         1  (0.000249128); expected 0.0 (1e-05)
Initial search space (Z):               4014  [actual number of targets]
Domain search space  (domZ):               1  [number of targets reported over threshold]
# CPU time: 0.02u 0.00s 00:00:00.02 Elapsed: 00:00:00.03
# Mc/sec: 6910.47
//
Query:       TIGR00928  [M=436]
Accession:   TIGR00928
Description: purB: adenylosuccinate lyase
Scores for complete sequences (score includes all domains):
   --- full sequence ---   --- best 1 domain ---    -#dom-
    E-value  score  bias    E-value  score  bias    exp  N  Sequence              Description
    ------- ------ -----    ------- ------ -----   ---- --  --------              -----------
   6.7e-151  500.7   0.1   7.5e-151  500.6   0.1    1.0  1  NZ_FPKU01000001.1_237  # 248382 # 249698 # -1 # ID=5_237;partial=00;start_type=ATG;rbs_motif=GGA/GAG/AGG;rbs_spacer=5-10bp;gc_cont=0.662


Domain annotation for each sequence:
>> NZ_FPKU01000001.1_237  # 248382 # 249698 # -1 # ID=5_237;partial=00;start_type=ATG;rbs_motif=GGA/GAG/AGG;rbs_spacer=5-10bp;gc_cont=0.662
   #    score  bias  c-Evalue  i-Evalue hmmfrom  hmm to    alifrom  ali to    envfrom  env to     acc
 ---   ------ ----- --------- --------- ------- -------    ------- -------    ------- -------    ----
   1 !  500.6   0.1  1.9e-154  7.5e-151       1     436 []       1     436 [.       1     436 [. 0.98



Internal pipeline statistics summary:
-------------------------------------
Query model(s):                            1  (436 nodes)
Target sequences:                       4014  (1268018 residues searched)
Passed MSV filter:                        79  (0.0196811); expected 80.3 (0.02)
Passed bias filter:                       63  (0.0156951); expected 80.3 (0.02)
Passed Vit filter:                         8  (0.00199302); expected 4.0 (0.001)
Passed Fwd filter:                         5  (0.00124564); expected 0.0 (1e-05)
Initial search space (Z):               4014  [actual number of targets]
Domain search space  (domZ):               1  [number of targets reported over threshold]
# CPU time: 0.05u 0.00s 00:00:00.05 Elapsed: 00:00:00.06
# Mc/sec: 8147.64
//
Query:       TIGR00959  [M=428]
Accession:   TIGR00959
Description: ffh: signal recognition particle protein
Scores for complete sequences (score includes all domains):
   --- full sequence ---   --- best 1 domain ---    -#dom-
    E-value  score  bias    E-value  score  bias    exp  N  Sequence              Description
    ------- ------ -----    ------- ------ -----   ---- --  --------              -----------
   3.4e-180  597.2  13.4     4e-180  597.0  13.4    1.0  1  NZ_FPKU01000002.1_559  # 583724 # 585334 # -1 # ID=4_559;partial=00;start_type=ATG;rbs_motif=AGGA;rbs_spacer=5-10bp;gc_cont=0.671


Domain annotation for each sequence:
>> NZ_FPKU01000002.1_559  # 583724 # 585334 # -1 # ID=4_559;partial=00;start_type=ATG;rbs_motif=AGGA;rbs_spacer=5-10bp;gc_cont=0.671
   #    score  bias  c-Evalue  i-Evalue hmmfrom  hmm to    alifrom  ali to    envfrom  env to     acc
 ---   ------ ----- --------- --------- ------- -------    ------- -------    ------- -------    ----
   1 !  597.0  13.4    1e-183    4e-180       1     428 []       2     429 ..       2     429 .. 1.00



Internal pipeline statistics summary:
-------------------------------------
Query model(s):                            1  (428 nodes)
Target sequences:                       4014  (1268018 residues searched)
Passed MSV filter:                       196  (0.0488291); expected 80.3 (0.02)
Passed bias filter:                      171  (0.0426009); expected 80.3 (0.02)
Passed Vit filter:                        31  (0.00772297); expected 4.0 (0.001)
Passed Fwd filter:                         4  (0.000996512); expected 0.0 (1e-05)
Initial search space (Z):               4014  [actual number of targets]
Domain search space  (domZ):               1  [number of targets reported over threshold]
# CPU time: 0.07u 0.00s 00:00:00.07 Elapsed: 00:00:00.07
# Mc/sec: 7468.20
//
Query:       TIGR00963  [M=787]
Accession:   TIGR00963
Description: secA: preprotein translocase, SecA subunit
Scores for complete sequences (score includes all domains):
   --- full sequence ---   --- best 1 domain ---    -#dom-
    E-value  score  bias    E-value  score  bias    exp  N  Sequence               Description
    ------- ------ -----    ------- ------ -----   ---- --  --------               -----------
          0 1083.7   9.9          0 1083.5   9.9    1.0  1  NZ_FPKU01000002.1_1081  # 1135592 # 1138285 # -1 # ID=4_1081;partial=00;start_type=ATG;rbs_motif=AGGA;rbs_spacer=5-10bp;gc_cont=0.645


Domain annotation for each sequence:
>> NZ_FPKU01000002.1_1081  # 1135592 # 1138285 # -1 # ID=4_1081;partial=00;start_type=ATG;rbs_motif=AGGA;rbs_spacer=5-10bp;gc_cont=0.645
   #    score  bias  c-Evalue  i-Evalue hmmfrom  hmm to    alifrom  ali to    envfrom  env to     acc
 ---   ------ ----- --------- --------- ------- -------    ------- -------    ------- -------    ----
   1 ! 1083.5   9.9         0         0       1     786 [.      29     810 ..      29     811 .. 0.96



Internal pipeline statistics summary:
-------------------------------------
Query model(s):                            1  (787 nodes)
Target sequences:                       4014  (1268018 residues searched)
Passed MSV filter:                        99  (0.0246637); expected 80.3 (0.02)
Passed bias filter:                       91  (0.0226707); expected 80.3 (0.02)
Passed Vit filter:                        13  (0.00323866); expected 4.0 (0.001)
Passed Fwd filter:                         1  (0.000249128); expected 0.0 (1e-05)
Initial search space (Z):               4014  [actual number of targets]
Domain search space  (domZ):               1  [number of targets reported over threshold]
# CPU time: 0.08u 0.00s 00:00:00.08 Elapsed: 00:00:00.09
# Mc/sec: 10246.98
//
Query:       TIGR00964  [M=57]
Accession:   TIGR00964
Description: secE_bact: preprotein translocase, SecE subunit
Scores for complete sequences (score includes all domains):
   --- full sequence ---   --- best 1 domain ---    -#dom-
    E-value  score  bias    E-value  score  bias    exp  N  Sequence              Description
    ------- ------ -----    ------- ------ -----   ---- --  --------              -----------
    3.1e-19   66.5   2.8    3.4e-19   66.3   2.8    1.0  1  NZ_FPKU01000001.1_285  # 295732 # 295926 # 1 # ID=5_285;partial=00;start_type=ATG;rbs_motif=3Base/5BMM;rbs_spacer=13-15bp;gc_cont=0.600


Domain annotation for each sequence:
>> NZ_FPKU01000001.1_285  # 295732 # 295926 # 1 # ID=5_285;partial=00;start_type=ATG;rbs_motif=3Base/5BMM;rbs_spacer=13-15bp;gc_cont=0.600
   #    score  bias  c-Evalue  i-Evalue hmmfrom  hmm to    alifrom  ali to    envfrom  env to     acc
 ---   ------ ----- --------- --------- ------- -------    ------- -------    ------- -------    ----
   1 !   66.3   2.8   8.4e-23   3.4e-19       2      55 ..       7      60 ..       6      62 .. 0.97



Internal pipeline statistics summary:
-------------------------------------
Query model(s):                            1  (57 nodes)
Target sequences:                       4014  (1268018 residues searched)
Passed MSV filter:                       238  (0.0592925); expected 80.3 (0.02)
Passed bias filter:                      129  (0.0321375); expected 80.3 (0.02)
Passed Vit filter:                        11  (0.00274041); expected 4.0 (0.001)
Passed Fwd filter:                         1  (0.000249128); expected 0.0 (1e-05)
Initial search space (Z):               4014  [actual number of targets]
Domain search space  (domZ):               1  [number of targets reported over threshold]
# CPU time: 0.01u 0.01s 00:00:00.02 Elapsed: 00:00:00.01
# Mc/sec: 4952.95
//
Query:       TIGR00967  [M=414]
Accession:   TIGR00967
Description: 3a0501s007: preprotein translocase, SecY subunit
Scores for complete sequences (score includes all domains):
   --- full sequence ---   --- best 1 domain ---    -#dom-
    E-value  score  bias    E-value  score  bias    exp  N  Sequence              Description
    ------- ------ -----    ------- ------ -----   ---- --  --------              -----------
     2e-127  423.3  17.3   2.3e-127  423.1  17.3    1.0  1  NZ_FPKU01000001.1_319  # 322574 # 323908 # 1 # ID=5_319;partial=00;start_type=ATG;rbs_motif=AGGA;rbs_spacer=5-10bp;gc_cont=0.627


Domain annotation for each sequence:
>> NZ_FPKU01000001.1_319  # 322574 # 323908 # 1 # ID=5_319;partial=00;start_type=ATG;rbs_motif=AGGA;rbs_spacer=5-10bp;gc_cont=0.627
   #    score  bias  c-Evalue  i-Evalue hmmfrom  hmm to    alifrom  ali to    envfrom  env to     acc
 ---   ------ ----- --------- --------- ------- -------    ------- -------    ------- -------    ----
   1 !  423.1  17.3  5.8e-131  2.3e-127       2     414 .]      25     430 ..      24     430 .. 0.96



Internal pipeline statistics summary:
-------------------------------------
Query model(s):                            1  (414 nodes)
Target sequences:                       4014  (1268018 residues searched)
Passed MSV filter:                       189  (0.0470852); expected 80.3 (0.02)
Passed bias filter:                       79  (0.0196811); expected 80.3 (0.02)
Passed Vit filter:                         6  (0.00149477); expected 4.0 (0.001)
Passed Fwd filter:                         1  (0.000249128); expected 0.0 (1e-05)
Initial search space (Z):               4014  [actual number of targets]
Domain search space  (domZ):               1  [number of targets reported over threshold]
# CPU time: 0.03u 0.00s 00:00:00.03 Elapsed: 00:00:00.04
# Mc/sec: 11943.67
//
Query:       TIGR00982  [M=139]
Accession:   TIGR00982
Description: uS12_E_A: ribosomal protein uS12
Scores for complete sequences (score includes all domains):
   --- full sequence ---   --- best 1 domain ---    -#dom-
    E-value  score  bias    E-value  score  bias    exp  N  Sequence Description
    ------- ------ -----    ------- ------ -----   ---- --  -------- -----------

   [No hits detected that satisfy reporting thresholds]


Domain annotation for each sequence:

   [No targets detected that satisfy reporting thresholds]


Internal pipeline statistics summary:
-------------------------------------
Query model(s):                            1  (139 nodes)
Target sequences:                       4014  (1268018 residues searched)
Passed MSV filter:                        86  (0.021425); expected 80.3 (0.02)
Passed bias filter:                       79  (0.0196811); expected 80.3 (0.02)
Passed Vit filter:                         3  (0.000747384); expected 4.0 (0.001)
Passed Fwd filter:                         1  (0.000249128); expected 0.0 (1e-05)
Initial search space (Z):               4014  [actual number of targets]
Domain search space  (domZ):               0  [number of targets reported over threshold]
# CPU time: 0.02u 0.00s 00:00:00.02 Elapsed: 00:00:00.01
# Mc/sec: 13381.08
//
Query:       TIGR01008  [M=195]
Accession:   TIGR01008
Description: uS3_euk_arch: ribosomal protein uS3
Scores for complete sequences (score includes all domains):
   --- full sequence ---   --- best 1 domain ---    -#dom-
    E-value  score  bias    E-value  score  bias    exp  N  Sequence Description
    ------- ------ -----    ------- ------ -----   ---- --  -------- -----------

   [No hits detected that satisfy reporting thresholds]


Domain annotation for each sequence:

   [No targets detected that satisfy reporting thresholds]


Internal pipeline statistics summary:
-------------------------------------
Query model(s):                            1  (195 nodes)
Target sequences:                       4014  (1268018 residues searched)
Passed MSV filter:                       129  (0.0321375); expected 80.3 (0.02)
Passed bias filter:                      105  (0.0261584); expected 80.3 (0.02)
Passed Vit filter:                         4  (0.000996512); expected 4.0 (0.001)
Passed Fwd filter:                         1  (0.000249128); expected 0.0 (1e-05)
Initial search space (Z):               4014  [actual number of targets]
Domain search space  (domZ):               0  [number of targets reported over threshold]
# CPU time: 0.03u 0.00s 00:00:00.03 Elapsed: 00:00:00.02
# Mc/sec: 9124.17
//
Query:       TIGR01009  [M=212]
Accession:   TIGR01009
Description: rpsC_bact: ribosomal protein uS3
Scores for complete sequences (score includes all domains):
   --- full sequence ---   --- best 1 domain ---    -#dom-
    E-value  score  bias    E-value  score  bias    exp  N  Sequence              Description
    ------- ------ -----    ------- ------ -----   ---- --  --------              -----------
    2.7e-97  322.4   3.5    3.1e-97  322.2   3.5    1.0  1  NZ_FPKU01000001.1_305  # 316587 # 317300 # 1 # ID=5_305;partial=00;start_type=ATG;rbs_motif=AGGAG;rbs_spacer=5-10bp;gc_cont=0.647


Domain annotation for each sequence:
>> NZ_FPKU01000001.1_305  # 316587 # 317300 # 1 # ID=5_305;partial=00;start_type=ATG;rbs_motif=AGGAG;rbs_spacer=5-10bp;gc_cont=0.647
   #    score  bias  c-Evalue  i-Evalue hmmfrom  hmm to    alifrom  ali to    envfrom  env to     acc
 ---   ------ ----- --------- --------- ------- -------    ------- -------    ------- -------    ----
   1 !  322.2   3.5  7.7e-101   3.1e-97       1     210 [.       1     209 [.       1     211 [. 0.99



Internal pipeline statistics summary:
-------------------------------------
Query model(s):                            1  (212 nodes)
Target sequences:                       4014  (1268018 residues searched)
Passed MSV filter:                       101  (0.0251619); expected 80.3 (0.02)
Passed bias filter:                       85  (0.0211759); expected 80.3 (0.02)
Passed Vit filter:                         9  (0.00224215); expected 4.0 (0.001)
Passed Fwd filter:                         2  (0.000498256); expected 0.0 (1e-05)
Initial search space (Z):               4014  [actual number of targets]
Domain search space  (domZ):               1  [number of targets reported over threshold]
# CPU time: 0.02u 0.00s 00:00:00.02 Elapsed: 00:00:00.02
# Mc/sec: 13379.84
//
Query:       TIGR01011  [M=225]
Accession:   TIGR01011
Description: rpsB_bact: ribosomal protein uS2
Scores for complete sequences (score includes all domains):
   --- full sequence ---   --- best 1 domain ---    -#dom-
    E-value  score  bias    E-value  score  bias    exp  N  Sequence              Description
    ------- ------ -----    ------- ------ -----   ---- --  --------              -----------
    4.2e-96  318.4   0.0    4.9e-96  318.1   0.0    1.0  1  NZ_FPKU01000001.1_830  # 849753 # 850526 # 1 # ID=5_830;partial=00;start_type=ATG;rbs_motif=AGGA;rbs_spacer=5-10bp;gc_cont=0.650


Domain annotation for each sequence:
>> NZ_FPKU01000001.1_830  # 849753 # 850526 # 1 # ID=5_830;partial=00;start_type=ATG;rbs_motif=AGGA;rbs_spacer=5-10bp;gc_cont=0.650
   #    score  bias  c-Evalue  i-Evalue hmmfrom  hmm to    alifrom  ali to    envfrom  env to     acc
 ---   ------ ----- --------- --------- ------- -------    ------- -------    ------- -------    ----
   1 !  318.1   0.0   1.2e-99   4.9e-96       3     222 ..       7     225 ..       5     228 .. 0.99



Internal pipeline statistics summary:
-------------------------------------
Query model(s):                            1  (225 nodes)
Target sequences:                       4014  (1268018 residues searched)
Passed MSV filter:                        75  (0.0186846); expected 80.3 (0.02)
Passed bias filter:                       69  (0.0171898); expected 80.3 (0.02)
Passed Vit filter:                        10  (0.00249128); expected 4.0 (0.001)
Passed Fwd filter:                         1  (0.000249128); expected 0.0 (1e-05)
Initial search space (Z):               4014  [actual number of targets]
Domain search space  (domZ):               1  [number of targets reported over threshold]
# CPU time: 0.03u 0.00s 00:00:00.03 Elapsed: 00:00:00.04
# Mc/sec: 6102.50
//
Query:       TIGR01012  [M=196]
Accession:   TIGR01012
Description: uS2_euk_arch: ribosomal protein uS2
Scores for complete sequences (score includes all domains):
   --- full sequence ---   --- best 1 domain ---    -#dom-
    E-value  score  bias    E-value  score  bias    exp  N  Sequence Description
    ------- ------ -----    ------- ------ -----   ---- --  -------- -----------

   [No hits detected that satisfy reporting thresholds]


Domain annotation for each sequence:

   [No targets detected that satisfy reporting thresholds]


Internal pipeline statistics summary:
-------------------------------------
Query model(s):                            1  (196 nodes)
Target sequences:                       4014  (1268018 residues searched)
Passed MSV filter:                       101  (0.0251619); expected 80.3 (0.02)
Passed bias filter:                       98  (0.0244145); expected 80.3 (0.02)
Passed Vit filter:                         6  (0.00149477); expected 4.0 (0.001)
Passed Fwd filter:                         1  (0.000249128); expected 0.0 (1e-05)
Initial search space (Z):               4014  [actual number of targets]
Domain search space  (domZ):               0  [number of targets reported over threshold]
# CPU time: 0.01u 0.01s 00:00:00.02 Elapsed: 00:00:00.02
# Mc/sec: 10936.58
//
Query:       TIGR01017  [M=200]
Accession:   TIGR01017
Description: rpsD_bact: ribosomal protein uS4
Scores for complete sequences (score includes all domains):
   --- full sequence ---   --- best 1 domain ---    -#dom-
    E-value  score  bias    E-value  score  bias    exp  N  Sequence              Description
    ------- ------ -----    ------- ------ -----   ---- --  --------              -----------
    1.1e-71  238.5   0.0    1.2e-71  238.4   0.0    1.0  1  NZ_FPKU01000001.1_213  # 229425 # 230042 # 1 # ID=5_213;partial=00;start_type=ATG;rbs_motif=AGGA;rbs_spacer=5-10bp;gc_cont=0.629


Domain annotation for each sequence:
>> NZ_FPKU01000001.1_213  # 229425 # 230042 # 1 # ID=5_213;partial=00;start_type=ATG;rbs_motif=AGGA;rbs_spacer=5-10bp;gc_cont=0.629
   #    score  bias  c-Evalue  i-Evalue hmmfrom  hmm to    alifrom  ali to    envfrom  env to     acc
 ---   ------ ----- --------- --------- ------- -------    ------- -------    ------- -------    ----
   1 !  238.4   0.0     3e-75   1.2e-71       4     200 .]       6     205 ..       3     205 .. 0.95



Internal pipeline statistics summary:
-------------------------------------
Query model(s):                            1  (200 nodes)
Target sequences:                       4014  (1268018 residues searched)
Passed MSV filter:                        56  (0.0139512); expected 80.3 (0.02)
Passed bias filter:                       54  (0.0134529); expected 80.3 (0.02)
Passed Vit filter:                         7  (0.0017439); expected 4.0 (0.001)
Passed Fwd filter:                         2  (0.000498256); expected 0.0 (1e-05)
Initial search space (Z):               4014  [actual number of targets]
Domain search space  (domZ):               1  [number of targets reported over threshold]
# CPU time: 0.02u 0.00s 00:00:00.02 Elapsed: 00:00:00.01
# Mc/sec: 18179.15
//
Query:       TIGR01018  [M=162]
Accession:   TIGR01018
Description: uS4_arch: ribosomal protein uS4
Scores for complete sequences (score includes all domains):
   --- full sequence ---   --- best 1 domain ---    -#dom-
    E-value  score  bias    E-value  score  bias    exp  N  Sequence Description
    ------- ------ -----    ------- ------ -----   ---- --  -------- -----------

   [No hits detected that satisfy reporting thresholds]


Domain annotation for each sequence:

   [No targets detected that satisfy reporting thresholds]


Internal pipeline statistics summary:
-------------------------------------
Query model(s):                            1  (162 nodes)
Target sequences:                       4014  (1268018 residues searched)
Passed MSV filter:                        85  (0.0211759); expected 80.3 (0.02)
Passed bias filter:                       74  (0.0184355); expected 80.3 (0.02)
Passed Vit filter:                         6  (0.00149477); expected 4.0 (0.001)
Passed Fwd filter:                         1  (0.000249128); expected 0.0 (1e-05)
Initial search space (Z):               4014  [actual number of targets]
Domain search space  (domZ):               0  [number of targets reported over threshold]
# CPU time: 0.02u 0.00s 00:00:00.02 Elapsed: 00:00:00.01
# Mc/sec: 11721.32
//
Query:       TIGR01020  [M=212]
Accession:   TIGR01020
Description: uS5_euk_arch: ribosomal protein uS5
Scores for complete sequences (score includes all domains):
   --- full sequence ---   --- best 1 domain ---    -#dom-
    E-value  score  bias    E-value  score  bias    exp  N  Sequence Description
    ------- ------ -----    ------- ------ -----   ---- --  -------- -----------

   [No hits detected that satisfy reporting thresholds]


Domain annotation for each sequence:

   [No targets detected that satisfy reporting thresholds]


Internal pipeline statistics summary:
-------------------------------------
Query model(s):                            1  (212 nodes)
Target sequences:                       4014  (1268018 residues searched)
Passed MSV filter:                        86  (0.021425); expected 80.3 (0.02)
Passed bias filter:                       67  (0.0166916); expected 80.3 (0.02)
Passed Vit filter:                         3  (0.000747384); expected 4.0 (0.001)
Passed Fwd filter:                         1  (0.000249128); expected 0.0 (1e-05)
Initial search space (Z):               4014  [actual number of targets]
Domain search space  (domZ):               0  [number of targets reported over threshold]
# CPU time: 0.02u 0.00s 00:00:00.02 Elapsed: 00:00:00.02
# Mc/sec: 10534.73
//
Query:       TIGR01021  [M=156]
Accession:   TIGR01021
Description: rpsE_bact: ribosomal protein uS5
Scores for complete sequences (score includes all domains):
   --- full sequence ---   --- best 1 domain ---    -#dom-
    E-value  score  bias    E-value  score  bias    exp  N  Sequence              Description
    ------- ------ -----    ------- ------ -----   ---- --  --------              -----------
    3.8e-66  219.5   3.0    4.4e-66  219.3   3.0    1.0  1  NZ_FPKU01000001.1_316  # 321196 # 321726 # 1 # ID=5_316;partial=00;start_type=ATG;rbs_motif=GGA/GAG/AGG;rbs_spacer=5-10bp;gc_cont=0.672


Domain annotation for each sequence:
>> NZ_FPKU01000001.1_316  # 321196 # 321726 # 1 # ID=5_316;partial=00;start_type=ATG;rbs_motif=GGA/GAG/AGG;rbs_spacer=5-10bp;gc_cont=0.672
   #    score  bias  c-Evalue  i-Evalue hmmfrom  hmm to    alifrom  ali to    envfrom  env to     acc
 ---   ------ ----- --------- --------- ------- -------    ------- -------    ------- -------    ----
   1 !  219.3   3.0   1.1e-69   4.4e-66       2     156 .]       9     164 ..       8     164 .. 0.98



Internal pipeline statistics summary:
-------------------------------------
Query model(s):                            1  (156 nodes)
Target sequences:                       4014  (1268018 residues searched)
Passed MSV filter:                       154  (0.0383657); expected 80.3 (0.02)
Passed bias filter:                      121  (0.0301445); expected 80.3 (0.02)
Passed Vit filter:                         7  (0.0017439); expected 4.0 (0.001)
Passed Fwd filter:                         1  (0.000249128); expected 0.0 (1e-05)
Initial search space (Z):               4014  [actual number of targets]
Domain search space  (domZ):               1  [number of targets reported over threshold]
# CPU time: 0.02u 0.01s 00:00:00.03 Elapsed: 00:00:00.01
# Mc/sec: 9937.78
//
Query:       TIGR01028  [M=186]
Accession:   TIGR01028
Description: uS7_euk_arch: ribosomal protein uS7
Scores for complete sequences (score includes all domains):
   --- full sequence ---   --- best 1 domain ---    -#dom-
    E-value  score  bias    E-value  score  bias    exp  N  Sequence Description
    ------- ------ -----    ------- ------ -----   ---- --  -------- -----------

   [No hits detected that satisfy reporting thresholds]


Domain annotation for each sequence:

   [No targets detected that satisfy reporting thresholds]


Internal pipeline statistics summary:
-------------------------------------
Query model(s):                            1  (186 nodes)
Target sequences:                       4014  (1268018 residues searched)
Passed MSV filter:                        67  (0.0166916); expected 80.3 (0.02)
Passed bias filter:                       56  (0.0139512); expected 80.3 (0.02)
Passed Vit filter:                         8  (0.00199302); expected 4.0 (0.001)
Passed Fwd filter:                         1  (0.000249128); expected 0.0 (1e-05)
Initial search space (Z):               4014  [actual number of targets]
Domain search space  (domZ):               0  [number of targets reported over threshold]
# CPU time: 0.02u 0.00s 00:00:00.02 Elapsed: 00:00:00.02
# Mc/sec: 10327.82
//
Query:       TIGR01029  [M=154]
Accession:   TIGR01029
Description: rpsG_bact: ribosomal protein uS7
Scores for complete sequences (score includes all domains):
   --- full sequence ---   --- best 1 domain ---    -#dom-
    E-value  score  bias    E-value  score  bias    exp  N  Sequence              Description
    ------- ------ -----    ------- ------ -----   ---- --  --------              -----------
    4.5e-70  232.3   0.2    5.1e-70  232.2   0.2    1.0  1  NZ_FPKU01000001.1_295  # 309117 # 309587 # 1 # ID=5_295;partial=00;start_type=ATG;rbs_motif=AGGAG;rbs_spacer=5-10bp;gc_cont=0.635


Domain annotation for each sequence:
>> NZ_FPKU01000001.1_295  # 309117 # 309587 # 1 # ID=5_295;partial=00;start_type=ATG;rbs_motif=AGGAG;rbs_spacer=5-10bp;gc_cont=0.635
   #    score  bias  c-Evalue  i-Evalue hmmfrom  hmm to    alifrom  ali to    envfrom  env to     acc
 ---   ------ ----- --------- --------- ------- -------    ------- -------    ------- -------    ----
   1 !  232.2   0.2   1.3e-73   5.1e-70       1     154 []       3     156 ..       3     156 .. 1.00



Internal pipeline statistics summary:
-------------------------------------
Query model(s):                            1  (154 nodes)
Target sequences:                       4014  (1268018 residues searched)
Passed MSV filter:                        67  (0.0166916); expected 80.3 (0.02)
Passed bias filter:                       64  (0.0159442); expected 80.3 (0.02)
Passed Vit filter:                        11  (0.00274041); expected 4.0 (0.001)
Passed Fwd filter:                         1  (0.000249128); expected 0.0 (1e-05)
Initial search space (Z):               4014  [actual number of targets]
Domain search space  (domZ):               1  [number of targets reported over threshold]
# CPU time: 0.02u 0.00s 00:00:00.02 Elapsed: 00:00:00.02
# Mc/sec: 7233.39
//
Query:       TIGR01032  [M=114]
Accession:   TIGR01032
Description: rplT_bact: ribosomal protein bL20
Scores for complete sequences (score includes all domains):
   --- full sequence ---   --- best 1 domain ---    -#dom-
    E-value  score  bias    E-value  score  bias    exp  N  Sequence              Description
    ------- ------ -----    ------- ------ -----   ---- --  --------              -----------
    1.1e-47  158.8   5.5    1.4e-47  158.5   5.5    1.1  1  NZ_FPKU01000003.1_751  # 763664 # 764065 # 1 # ID=3_751;partial=00;start_type=ATG;rbs_motif=AGGA;rbs_spacer=5-10bp;gc_cont=0.634


Domain annotation for each sequence:
>> NZ_FPKU01000003.1_751  # 763664 # 764065 # 1 # ID=3_751;partial=00;start_type=ATG;rbs_motif=AGGA;rbs_spacer=5-10bp;gc_cont=0.634
   #    score  bias  c-Evalue  i-Evalue hmmfrom  hmm to    alifrom  ali to    envfrom  env to     acc
 ---   ------ ----- --------- --------- ------- -------    ------- -------    ------- -------    ----
   1 !  158.5   5.5   3.4e-51   1.4e-47       1     114 []       1     114 [.       1     114 [. 0.99



Internal pipeline statistics summary:
-------------------------------------
Query model(s):                            1  (114 nodes)
Target sequences:                       4014  (1268018 residues searched)
Passed MSV filter:                        87  (0.0216741); expected 80.3 (0.02)
Passed bias filter:                       64  (0.0159442); expected 80.3 (0.02)
Passed Vit filter:                         3  (0.000747384); expected 4.0 (0.001)
Passed Fwd filter:                         1  (0.000249128); expected 0.0 (1e-05)
Initial search space (Z):               4014  [actual number of targets]
Domain search space  (domZ):               1  [number of targets reported over threshold]
# CPU time: 0.01u 0.00s 00:00:00.01 Elapsed: 00:00:00.02
# Mc/sec: 6871.90
//
Query:       TIGR01039  [M=462]
Accession:   TIGR01039
Description: atpD: ATP synthase F1, beta subunit
Scores for complete sequences (score includes all domains):
   --- full sequence ---   --- best 1 domain ---    -#dom-
    E-value  score  bias    E-value  score  bias    exp  N  Sequence              Description
    ------- ------ -----    ------- ------ -----   ---- --  --------              -----------
   3.9e-246  815.0   4.4   4.4e-246  814.8   4.4    1.0  1  NZ_FPKU01000002.1_664  # 683823 # 685283 # -1 # ID=4_664;partial=00;start_type=ATG;rbs_motif=GGAG/GAGG;rbs_spacer=5-10bp;gc_cont=0.661


Domain annotation for each sequence:
>> NZ_FPKU01000002.1_664  # 683823 # 685283 # -1 # ID=4_664;partial=00;start_type=ATG;rbs_motif=GGAG/GAGG;rbs_spacer=5-10bp;gc_cont=0.661
   #    score  bias  c-Evalue  i-Evalue hmmfrom  hmm to    alifrom  ali to    envfrom  env to     acc
 ---   ------ ----- --------- --------- ------- -------    ------- -------    ------- -------    ----
   1 !  814.8   4.4  1.1e-249  4.4e-246       2     462 .]      13     481 ..      12     481 .. 0.99



Internal pipeline statistics summary:
-------------------------------------
Query model(s):                            1  (462 nodes)
Target sequences:                       4014  (1268018 residues searched)
Passed MSV filter:                       131  (0.0326358); expected 80.3 (0.02)
Passed bias filter:                      114  (0.0284006); expected 80.3 (0.02)
Passed Vit filter:                        16  (0.00398605); expected 4.0 (0.001)
Passed Fwd filter:                         4  (0.000996512); expected 0.0 (1e-05)
Initial search space (Z):               4014  [actual number of targets]
Domain search space  (domZ):               1  [number of targets reported over threshold]
# CPU time: 0.07u 0.01s 00:00:00.08 Elapsed: 00:00:00.09
# Mc/sec: 6080.00
//
Query:       TIGR01044  [M=103]
Accession:   TIGR01044
Description: rplV_bact: ribosomal protein uL22
Scores for complete sequences (score includes all domains):
   --- full sequence ---   --- best 1 domain ---    -#dom-
    E-value  score  bias    E-value  score  bias    exp  N  Sequence              Description
    ------- ------ -----    ------- ------ -----   ---- --  --------              -----------
    2.5e-32  109.0   0.4      3e-32  108.8   0.4    1.0  1  NZ_FPKU01000001.1_304  # 316207 # 316587 # 1 # ID=5_304;partial=00;start_type=ATG;rbs_motif=GGAG/GAGG;rbs_spacer=5-10bp;gc_cont=0.654


Domain annotation for each sequence:
>> NZ_FPKU01000001.1_304  # 316207 # 316587 # 1 # ID=5_304;partial=00;start_type=ATG;rbs_motif=GGAG/GAGG;rbs_spacer=5-10bp;gc_cont=0.654
   #    score  bias  c-Evalue  i-Evalue hmmfrom  hmm to    alifrom  ali to    envfrom  env to     acc
 ---   ------ ----- --------- --------- ------- -------    ------- -------    ------- -------    ----
   1 !  108.8   0.4   7.5e-36     3e-32       1     103 []      17     119 ..      17     119 .. 0.99



Internal pipeline statistics summary:
-------------------------------------
Query model(s):                            1  (103 nodes)
Target sequences:                       4014  (1268018 residues searched)
Passed MSV filter:                        95  (0.0236672); expected 80.3 (0.02)
Passed bias filter:                       62  (0.0154459); expected 80.3 (0.02)
Passed Vit filter:                         2  (0.000498256); expected 4.0 (0.001)
Passed Fwd filter:                         1  (0.000249128); expected 0.0 (1e-05)
Initial search space (Z):               4014  [actual number of targets]
Domain search space  (domZ):               1  [number of targets reported over threshold]
# CPU time: 0.02u 0.00s 00:00:00.02 Elapsed: 00:00:00.01
# Mc/sec: 7672.32
//
Query:       TIGR01046  [M=99]
Accession:   TIGR01046
Description: uS10_euk_arch: ribosomal protein uS10
Scores for complete sequences (score includes all domains):
   --- full sequence ---   --- best 1 domain ---    -#dom-
    E-value  score  bias    E-value  score  bias    exp  N  Sequence Description
    ------- ------ -----    ------- ------ -----   ---- --  -------- -----------

   [No hits detected that satisfy reporting thresholds]


Domain annotation for each sequence:

   [No targets detected that satisfy reporting thresholds]


Internal pipeline statistics summary:
-------------------------------------
Query model(s):                            1  (99 nodes)
Target sequences:                       4014  (1268018 residues searched)
Passed MSV filter:                        67  (0.0166916); expected 80.3 (0.02)
Passed bias filter:                       62  (0.0154459); expected 80.3 (0.02)
Passed Vit filter:                         8  (0.00199302); expected 4.0 (0.001)
Passed Fwd filter:                         1  (0.000249128); expected 0.0 (1e-05)
Initial search space (Z):               4014  [actual number of targets]
Domain search space  (domZ):               0  [number of targets reported over threshold]
# CPU time: 0.01u 0.00s 00:00:00.01 Elapsed: 00:00:00.03
# Mc/sec: 4094.23
//
Query:       TIGR01052  [M=488]
Accession:   TIGR01052
Description: top6b: DNA topoisomerase VI, B subunit
Scores for complete sequences (score includes all domains):
   --- full sequence ---   --- best 1 domain ---    -#dom-
    E-value  score  bias    E-value  score  bias    exp  N  Sequence Description
    ------- ------ -----    ------- ------ -----   ---- --  -------- -----------

   [No hits detected that satisfy reporting thresholds]


Domain annotation for each sequence:

   [No targets detected that satisfy reporting thresholds]


Internal pipeline statistics summary:
-------------------------------------
Query model(s):                            1  (488 nodes)
Target sequences:                       4014  (1268018 residues searched)
Passed MSV filter:                        73  (0.0181863); expected 80.3 (0.02)
Passed bias filter:                       70  (0.017439); expected 80.3 (0.02)
Passed Vit filter:                        16  (0.00398605); expected 4.0 (0.001)
Passed Fwd filter:                         6  (0.00149477); expected 0.0 (1e-05)
Initial search space (Z):               4014  [actual number of targets]
Domain search space  (domZ):               0  [number of targets reported over threshold]
# CPU time: 0.06u 0.01s 00:00:00.06 Elapsed: 00:00:00.06
# Mc/sec: 8866.22
//
Query:       TIGR01059  [M=639]
Accession:   TIGR01059
Description: gyrB: DNA gyrase, B subunit
Scores for complete sequences (score includes all domains):
   --- full sequence ---   --- best 1 domain ---    -#dom-
    E-value  score  bias    E-value  score  bias    exp  N  Sequence              Description
    ------- ------ -----    ------- ------ -----   ---- --  --------              -----------
   3.8e-293  971.6   0.0   4.4e-293  971.4   0.0    1.0  1  NZ_FPKU01000002.1_448  # 472216 # 474669 # 1 # ID=4_448;partial=00;start_type=ATG;rbs_motif=None;rbs_spacer=None;gc_cont=0.652


Domain annotation for each sequence:
>> NZ_FPKU01000002.1_448  # 472216 # 474669 # 1 # ID=4_448;partial=00;start_type=ATG;rbs_motif=None;rbs_spacer=None;gc_cont=0.652
   #    score  bias  c-Evalue  i-Evalue hmmfrom  hmm to    alifrom  ali to    envfrom  env to     acc
 ---   ------ ----- --------- --------- ------- -------    ------- -------    ------- -------    ----
   1 !  971.4   0.0  1.1e-296  4.4e-293       1     639 []      12     817 ..      12     817 .. 0.92



Internal pipeline statistics summary:
-------------------------------------
Query model(s):                            1  (639 nodes)
Target sequences:                       4014  (1268018 residues searched)
Passed MSV filter:                        86  (0.021425); expected 80.3 (0.02)
Passed bias filter:                       80  (0.0199302); expected 80.3 (0.02)
Passed Vit filter:                         8  (0.00199302); expected 4.0 (0.001)
Passed Fwd filter:                         2  (0.000498256); expected 0.0 (1e-05)
Initial search space (Z):               4014  [actual number of targets]
Domain search space  (domZ):               1  [number of targets reported over threshold]
# CPU time: 0.07u 0.00s 00:00:00.07 Elapsed: 00:00:00.07
# Mc/sec: 10413.34
//
Query:       TIGR01063  [M=800]
Accession:   TIGR01063
Description: gyrA: DNA gyrase, A subunit
Scores for complete sequences (score includes all domains):
   --- full sequence ---   --- best 1 domain ---    -#dom-
    E-value  score  bias    E-value  score  bias    exp  N  Sequence              Description
    ------- ------ -----    ------- ------ -----   ---- --  --------              -----------
          0 1100.7   0.0          0 1100.5   0.0    1.0  1  NZ_FPKU01000001.1_996  # 1015558 # 1018329 # -1 # ID=5_996;partial=00;start_type=GTG;rbs_motif=AGGA;rbs_spacer=5-10bp;gc_cont=0.660


Domain annotation for each sequence:
>> NZ_FPKU01000001.1_996  # 1015558 # 1018329 # -1 # ID=5_996;partial=00;start_type=GTG;rbs_motif=AGGA;rbs_spacer=5-10bp;gc_cont=0.660
   #    score  bias  c-Evalue  i-Evalue hmmfrom  hmm to    alifrom  ali to    envfrom  env to     acc
 ---   ------ ----- --------- --------- ------- -------    ------- -------    ------- -------    ----
   1 ! 1100.5   0.0         0         0       1     799 [.      17     909 ..      17     910 .. 0.98



Internal pipeline statistics summary:
-------------------------------------
Query model(s):                            1  (800 nodes)
Target sequences:                       4014  (1268018 residues searched)
Passed MSV filter:                        84  (0.0209268); expected 80.3 (0.02)
Passed bias filter:                       73  (0.0181863); expected 80.3 (0.02)
Passed Vit filter:                         8  (0.00199302); expected 4.0 (0.001)
Passed Fwd filter:                         2  (0.000498256); expected 0.0 (1e-05)
Initial search space (Z):               4014  [actual number of targets]
Domain search space  (domZ):               1  [number of targets reported over threshold]
# CPU time: 0.08u 0.00s 00:00:00.08 Elapsed: 00:00:00.09
# Mc/sec: 10267.06
//
Query:       TIGR01066  [M=141]
Accession:   TIGR01066
Description: rplM_bact: ribosomal protein uL13
Scores for complete sequences (score includes all domains):
   --- full sequence ---   --- best 1 domain ---    -#dom-
    E-value  score  bias    E-value  score  bias    exp  N  Sequence              Description
    ------- ------ -----    ------- ------ -----   ---- --  --------              -----------
    1.2e-56  188.3   0.0    1.5e-56  188.0   0.0    1.0  1  NZ_FPKU01000001.1_933  # 954085 # 954549 # -1 # ID=5_933;partial=00;start_type=ATG;rbs_motif=AGGA;rbs_spacer=5-10bp;gc_cont=0.643


Domain annotation for each sequence:
>> NZ_FPKU01000001.1_933  # 954085 # 954549 # -1 # ID=5_933;partial=00;start_type=ATG;rbs_motif=AGGA;rbs_spacer=5-10bp;gc_cont=0.643
   #    score  bias  c-Evalue  i-Evalue hmmfrom  hmm to    alifrom  ali to    envfrom  env to     acc
 ---   ------ ----- --------- --------- ------- -------    ------- -------    ------- -------    ----
   1 !  188.0   0.0   3.6e-60   1.5e-56       2     140 ..       4     142 ..       3     143 .. 0.97



Internal pipeline statistics summary:
-------------------------------------
Query model(s):                            1  (141 nodes)
Target sequences:                       4014  (1268018 residues searched)
Passed MSV filter:                        58  (0.0144494); expected 80.3 (0.02)
Passed bias filter:                       58  (0.0144494); expected 80.3 (0.02)
Passed Vit filter:                         9  (0.00224215); expected 4.0 (0.001)
Passed Fwd filter:                         1  (0.000249128); expected 0.0 (1e-05)
Initial search space (Z):               4014  [actual number of targets]
Domain search space  (domZ):               1  [number of targets reported over threshold]
# CPU time: 0.02u 0.00s 00:00:00.02 Elapsed: 00:00:00.02
# Mc/sec: 7977.40
//
Query:       TIGR01071  [M=144]
Accession:   TIGR01071
Description: rplO_bact: ribosomal protein uL15
Scores for complete sequences (score includes all domains):
   --- full sequence ---   --- best 1 domain ---    -#dom-
    E-value  score  bias    E-value  score  bias    exp  N  Sequence              Description
    ------- ------ -----    ------- ------ -----   ---- --  --------              -----------
    8.3e-42  140.2   2.3    9.4e-42  140.1   2.3    1.0  1  NZ_FPKU01000001.1_318  # 321998 # 322483 # 1 # ID=5_318;partial=00;start_type=ATG;rbs_motif=GGA/GAG/AGG;rbs_spacer=5-10bp;gc_cont=0.660


Domain annotation for each sequence:
>> NZ_FPKU01000001.1_318  # 321998 # 322483 # 1 # ID=5_318;partial=00;start_type=ATG;rbs_motif=GGA/GAG/AGG;rbs_spacer=5-10bp;gc_cont=0.660
   #    score  bias  c-Evalue  i-Evalue hmmfrom  hmm to    alifrom  ali to    envfrom  env to     acc
 ---   ------ ----- --------- --------- ------- -------    ------- -------    ------- -------    ----
   1 !  140.1   2.3   2.3e-45   9.4e-42       1     143 [.       3     150 ..       3     151 .. 0.95



Internal pipeline statistics summary:
-------------------------------------
Query model(s):                            1  (144 nodes)
Target sequences:                       4014  (1268018 residues searched)
Passed MSV filter:                        60  (0.0149477); expected 80.3 (0.02)
Passed bias filter:                       43  (0.0107125); expected 80.3 (0.02)
Passed Vit filter:                         3  (0.000747384); expected 4.0 (0.001)
Passed Fwd filter:                         1  (0.000249128); expected 0.0 (1e-05)
Initial search space (Z):               4014  [actual number of targets]
Domain search space  (domZ):               1  [number of targets reported over threshold]
# CPU time: 0.02u 0.00s 00:00:00.02 Elapsed: 00:00:00.01
# Mc/sec: 9640.12
//
Query:       TIGR01079  [M=104]
Accession:   TIGR01079
Description: rplX_bact: ribosomal protein uL24
Scores for complete sequences (score includes all domains):
   --- full sequence ---   --- best 1 domain ---    -#dom-
    E-value  score  bias    E-value  score  bias    exp  N  Sequence              Description
    ------- ------ -----    ------- ------ -----   ---- --  --------              -----------
    4.7e-34  114.8   2.6    5.2e-34  114.6   2.6    1.0  1  NZ_FPKU01000001.1_310  # 318607 # 318918 # 1 # ID=5_310;partial=00;start_type=ATG;rbs_motif=GGAGG;rbs_spacer=5-10bp;gc_cont=0.606


Domain annotation for each sequence:
>> NZ_FPKU01000001.1_310  # 318607 # 318918 # 1 # ID=5_310;partial=00;start_type=ATG;rbs_motif=GGAGG;rbs_spacer=5-10bp;gc_cont=0.606
   #    score  bias  c-Evalue  i-Evalue hmmfrom  hmm to    alifrom  ali to    envfrom  env to     acc
 ---   ------ ----- --------- --------- ------- -------    ------- -------    ------- -------    ----
   1 !  114.6   2.6   1.3e-37   5.2e-34       2     104 .]       3     101 ..       2     101 .. 0.95



Internal pipeline statistics summary:
-------------------------------------
Query model(s):                            1  (104 nodes)
Target sequences:                       4014  (1268018 residues searched)
Passed MSV filter:                        51  (0.0127055); expected 80.3 (0.02)
Passed bias filter:                       47  (0.011709); expected 80.3 (0.02)
Passed Vit filter:                         3  (0.000747384); expected 4.0 (0.001)
Passed Fwd filter:                         1  (0.000249128); expected 0.0 (1e-05)
Initial search space (Z):               4014  [actual number of targets]
Domain search space  (domZ):               1  [number of targets reported over threshold]
# CPU time: 0.01u 0.00s 00:00:00.01 Elapsed: 00:00:00.02
# Mc/sec: 4836.44
//
Query:       TIGR01082  [M=449]
Accession:   TIGR01082
Description: murC: UDP-N-acetylmuramate--L-alanine ligase
Scores for complete sequences (score includes all domains):
   --- full sequence ---   --- best 1 domain ---    -#dom-
    E-value  score  bias    E-value  score  bias    exp  N  Sequence               Description
    ------- ------ -----    ------- ------ -----   ---- --  --------               -----------
   6.4e-159  527.6   0.0   7.3e-159  527.4   0.0    1.0  1  NZ_FPKU01000001.1_1295  # 1336872 # 1338293 # -1 # ID=5_1295;partial=00;start_type=ATG;rbs_motif=GGAG/GAGG;rbs_spacer=5-10bp;gc_cont=0.665


Domain annotation for each sequence:
>> NZ_FPKU01000001.1_1295  # 1336872 # 1338293 # -1 # ID=5_1295;partial=00;start_type=ATG;rbs_motif=GGAG/GAGG;rbs_spacer=5-10bp;gc_cont=0.665
   #    score  bias  c-Evalue  i-Evalue hmmfrom  hmm to    alifrom  ali to    envfrom  env to     acc
 ---   ------ ----- --------- --------- ------- -------    ------- -------    ------- -------    ----
   1 !  527.4   0.0  1.8e-162  7.3e-159       2     447 ..      10     458 ..       9     460 .. 0.98



Internal pipeline statistics summary:
-------------------------------------
Query model(s):                            1  (449 nodes)
Target sequences:                       4014  (1268018 residues searched)
Passed MSV filter:                       144  (0.0358744); expected 80.3 (0.02)
Passed bias filter:                      129  (0.0321375); expected 80.3 (0.02)
Passed Vit filter:                        15  (0.00373692); expected 4.0 (0.001)
Passed Fwd filter:                         5  (0.00124564); expected 0.0 (1e-05)
Initial search space (Z):               4014  [actual number of targets]
Domain search space  (domZ):               1  [number of targets reported over threshold]
# CPU time: 0.08u 0.00s 00:00:00.08 Elapsed: 00:00:00.09
# Mc/sec: 6112.21
//
Query:       TIGR01087  [M=441]
Accession:   TIGR01087
Description: murD: UDP-N-acetylmuramoylalanine--D-glutamate ligase
Scores for complete sequences (score includes all domains):
   --- full sequence ---   --- best 1 domain ---    -#dom-
    E-value  score  bias    E-value  score  bias    exp  N  Sequence               Description
    ------- ------ -----    ------- ------ -----   ---- --  --------               -----------
      7e-73  244.0   0.0    3.2e-72  241.8   0.0    1.8  1  NZ_FPKU01000001.1_1455  # 1504516 # 1505832 # 1 # ID=5_1455;partial=00;start_type=ATG;rbs_motif=GGAGG;rbs_spacer=5-10bp;gc_cont=0.685


Domain annotation for each sequence:
>> NZ_FPKU01000001.1_1455  # 1504516 # 1505832 # 1 # ID=5_1455;partial=00;start_type=ATG;rbs_motif=GGAGG;rbs_spacer=5-10bp;gc_cont=0.685
   #    score  bias  c-Evalue  i-Evalue hmmfrom  hmm to    alifrom  ali to    envfrom  env to     acc
 ---   ------ ----- --------- --------- ------- -------    ------- -------    ------- -------    ----
   1 !  241.8   0.0     8e-76   3.2e-72       2     440 ..       7     432 ..       6     433 .. 0.85



Internal pipeline statistics summary:
-------------------------------------
Query model(s):                            1  (441 nodes)
Target sequences:                       4014  (1268018 residues searched)
Passed MSV filter:                       186  (0.0463378); expected 80.3 (0.02)
Passed bias filter:                      176  (0.0438465); expected 80.3 (0.02)
Passed Vit filter:                        51  (0.0127055); expected 4.0 (0.001)
Passed Fwd filter:                         6  (0.00149477); expected 0.0 (1e-05)
Initial search space (Z):               4014  [actual number of targets]
Domain search space  (domZ):               1  [number of targets reported over threshold]
# CPU time: 0.09u 0.00s 00:00:00.09 Elapsed: 00:00:00.10
# Mc/sec: 5294.46
//
Query:       TIGR01128  [M=314]
Accession:   TIGR01128
Description: holA: DNA polymerase III, delta subunit
Scores for complete sequences (score includes all domains):
   --- full sequence ---   --- best 1 domain ---    -#dom-
    E-value  score  bias    E-value  score  bias    exp  N  Sequence              Description
    ------- ------ -----    ------- ------ -----   ---- --  --------              -----------
    3.8e-36  122.8   0.0    4.5e-36  122.5   0.0    1.0  1  NZ_FPKU01000002.1_509  # 529047 # 530066 # -1 # ID=4_509;partial=00;start_type=ATG;rbs_motif=GGA/GAG/AGG;rbs_spacer=5-10bp;gc_cont=0.653


Domain annotation for each sequence:
>> NZ_FPKU01000002.1_509  # 529047 # 530066 # -1 # ID=4_509;partial=00;start_type=ATG;rbs_motif=GGA/GAG/AGG;rbs_spacer=5-10bp;gc_cont=0.653
   #    score  bias  c-Evalue  i-Evalue hmmfrom  hmm to    alifrom  ali to    envfrom  env to     acc
 ---   ------ ----- --------- --------- ------- -------    ------- -------    ------- -------    ----
   1 !  122.5   0.0   1.1e-39   4.5e-36       4     287 ..      22     307 ..      21     333 .. 0.95



Internal pipeline statistics summary:
-------------------------------------
Query model(s):                            1  (314 nodes)
Target sequences:                       4014  (1268018 residues searched)
Passed MSV filter:                        96  (0.0239163); expected 80.3 (0.02)
Passed bias filter:                       82  (0.0204285); expected 80.3 (0.02)
Passed Vit filter:                        11  (0.00274041); expected 4.0 (0.001)
Passed Fwd filter:                         2  (0.000498256); expected 0.0 (1e-05)
Initial search space (Z):               4014  [actual number of targets]
Domain search space  (domZ):               1  [number of targets reported over threshold]
# CPU time: 0.04u 0.00s 00:00:00.04 Elapsed: 00:00:00.03
# Mc/sec: 12044.66
//
Query:       TIGR01146  [M=286]
Accession:   TIGR01146
Description: ATPsyn_F1gamma: ATP synthase F1, gamma subunit
Scores for complete sequences (score includes all domains):
   --- full sequence ---   --- best 1 domain ---    -#dom-
    E-value  score  bias    E-value  score  bias    exp  N  Sequence              Description
    ------- ------ -----    ------- ------ -----   ---- --  --------              -----------
    3.4e-96  320.2   0.3    3.8e-96  320.0   0.3    1.0  1  NZ_FPKU01000002.1_665  # 685303 # 686187 # -1 # ID=4_665;partial=00;start_type=ATG;rbs_motif=AGGA/GGAG/GAGG;rbs_spacer=11-12bp;gc_cont=0.656


Domain annotation for each sequence:
>> NZ_FPKU01000002.1_665  # 685303 # 686187 # -1 # ID=4_665;partial=00;start_type=ATG;rbs_motif=AGGA/GGAG/GAGG;rbs_spacer=11-12bp;gc_cont=0.656
   #    score  bias  c-Evalue  i-Evalue hmmfrom  hmm to    alifrom  ali to    envfrom  env to     acc
 ---   ------ ----- --------- --------- ------- -------    ------- -------    ------- -------    ----
   1 !  320.0   0.3  9.6e-100   3.8e-96       1     286 []       1     294 [.       1     294 [. 0.94



Internal pipeline statistics summary:
-------------------------------------
Query model(s):                            1  (286 nodes)
Target sequences:                       4014  (1268018 residues searched)
Passed MSV filter:                        78  (0.019432); expected 80.3 (0.02)
Passed bias filter:                       57  (0.0142003); expected 80.3 (0.02)
Passed Vit filter:                         6  (0.00149477); expected 4.0 (0.001)
Passed Fwd filter:                         1  (0.000249128); expected 0.0 (1e-05)
Initial search space (Z):               4014  [actual number of targets]
Domain search space  (domZ):               1  [number of targets reported over threshold]
# CPU time: 0.03u 0.00s 00:00:00.03 Elapsed: 00:00:00.03
# Mc/sec: 9304.80
//
Query:       TIGR01164  [M=126]
Accession:   TIGR01164
Description: rplP_bact: ribosomal protein uL16
Scores for complete sequences (score includes all domains):
   --- full sequence ---   --- best 1 domain ---    -#dom-
    E-value  score  bias    E-value  score  bias    exp  N  Sequence              Description
    ------- ------ -----    ------- ------ -----   ---- --  --------              -----------
    2.5e-58  193.5   2.2    2.9e-58  193.3   2.2    1.0  1  NZ_FPKU01000001.1_306  # 317316 # 317729 # 1 # ID=5_306;partial=00;start_type=ATG;rbs_motif=AGxAGG/AGGxGG;rbs_spacer=5-10bp;gc_cont=0.650


Domain annotation for each sequence:
>> NZ_FPKU01000001.1_306  # 317316 # 317729 # 1 # ID=5_306;partial=00;start_type=ATG;rbs_motif=AGxAGG/AGGxGG;rbs_spacer=5-10bp;gc_cont=0.650
   #    score  bias  c-Evalue  i-Evalue hmmfrom  hmm to    alifrom  ali to    envfrom  env to     acc
 ---   ------ ----- --------- --------- ------- -------    ------- -------    ------- -------    ----
   1 !  193.3   2.2   7.1e-62   2.9e-58       1     126 []       2     127 ..       2     127 .. 0.99



Internal pipeline statistics summary:
-------------------------------------
Query model(s):                            1  (126 nodes)
Target sequences:                       4014  (1268018 residues searched)
Passed MSV filter:                        73  (0.0181863); expected 80.3 (0.02)
Passed bias filter:                       64  (0.0159442); expected 80.3 (0.02)
Passed Vit filter:                         9  (0.00224215); expected 4.0 (0.001)
Passed Fwd filter:                         1  (0.000249128); expected 0.0 (1e-05)
Initial search space (Z):               4014  [actual number of targets]
Domain search space  (domZ):               1  [number of targets reported over threshold]
# CPU time: 0.01u 0.00s 00:00:00.01 Elapsed: 00:00:00.02
# Mc/sec: 5327.63
//
Query:       TIGR01169  [M=227]
Accession:   TIGR01169
Description: rplA_bact: ribosomal protein uL1
Scores for complete sequences (score includes all domains):
   --- full sequence ---   --- best 1 domain ---    -#dom-
    E-value  score  bias    E-value  score  bias    exp  N  Sequence              Description
    ------- ------ -----    ------- ------ -----   ---- --  --------              -----------
   1.6e-101  336.2   0.6   1.9e-101  336.0   0.6    1.0  1  NZ_FPKU01000001.1_288  # 297102 # 297794 # 1 # ID=5_288;partial=00;start_type=ATG;rbs_motif=GGAGG;rbs_spacer=5-10bp;gc_cont=0.671


Domain annotation for each sequence:
>> NZ_FPKU01000001.1_288  # 297102 # 297794 # 1 # ID=5_288;partial=00;start_type=ATG;rbs_motif=GGAGG;rbs_spacer=5-10bp;gc_cont=0.671
   #    score  bias  c-Evalue  i-Evalue hmmfrom  hmm to    alifrom  ali to    envfrom  env to     acc
 ---   ------ ----- --------- --------- ------- -------    ------- -------    ------- -------    ----
   1 !  336.0   0.6  4.6e-105  1.9e-101       2     226 ..       4     228 ..       3     229 .. 0.99



Internal pipeline statistics summary:
-------------------------------------
Query model(s):                            1  (227 nodes)
Target sequences:                       4014  (1268018 residues searched)
Passed MSV filter:                        99  (0.0246637); expected 80.3 (0.02)
Passed bias filter:                       85  (0.0211759); expected 80.3 (0.02)
Passed Vit filter:                         4  (0.000996512); expected 4.0 (0.001)
Passed Fwd filter:                         1  (0.000249128); expected 0.0 (1e-05)
Initial search space (Z):               4014  [actual number of targets]
Domain search space  (domZ):               1  [number of targets reported over threshold]
# CPU time: 0.03u 0.00s 00:00:00.03 Elapsed: 00:00:00.02
# Mc/sec: 14308.45
//
Query:       TIGR01171  [M=275]
Accession:   TIGR01171
Description: rplB_bact: ribosomal protein uL2
Scores for complete sequences (score includes all domains):
   --- full sequence ---   --- best 1 domain ---    -#dom-
    E-value  score  bias    E-value  score  bias    exp  N  Sequence              Description
    ------- ------ -----    ------- ------ -----   ---- --  --------              -----------
   8.2e-120  397.1   5.8   9.5e-120  396.9   5.8    1.0  1  NZ_FPKU01000001.1_302  # 315083 # 315922 # 1 # ID=5_302;partial=00;start_type=ATG;rbs_motif=GGAG/GAGG;rbs_spacer=5-10bp;gc_cont=0.644


Domain annotation for each sequence:
>> NZ_FPKU01000001.1_302  # 315083 # 315922 # 1 # ID=5_302;partial=00;start_type=ATG;rbs_motif=GGAG/GAGG;rbs_spacer=5-10bp;gc_cont=0.644
   #    score  bias  c-Evalue  i-Evalue hmmfrom  hmm to    alifrom  ali to    envfrom  env to     acc
 ---   ------ ----- --------- --------- ------- -------    ------- -------    ------- -------    ----
   1 !  396.9   5.8  2.4e-123  9.5e-120       1     274 [.       3     274 ..       3     275 .. 0.98



Internal pipeline statistics summary:
-------------------------------------
Query model(s):                            1  (275 nodes)
Target sequences:                       4014  (1268018 residues searched)
Passed MSV filter:                        64  (0.0159442); expected 80.3 (0.02)
Passed bias filter:                       59  (0.0146986); expected 80.3 (0.02)
Passed Vit filter:                         6  (0.00149477); expected 4.0 (0.001)
Passed Fwd filter:                         1  (0.000249128); expected 0.0 (1e-05)
Initial search space (Z):               4014  [actual number of targets]
Domain search space  (domZ):               1  [number of targets reported over threshold]
# CPU time: 0.03u 0.00s 00:00:00.03 Elapsed: 00:00:00.04
# Mc/sec: 7886.97
//
Query:       TIGR01213  [M=387]
Accession:   TIGR01213
Description: pseudo_Pus10arc: tRNA pseudouridine(54/55) synthase
Scores for complete sequences (score includes all domains):
   --- full sequence ---   --- best 1 domain ---    -#dom-
    E-value  score  bias    E-value  score  bias    exp  N  Sequence Description
    ------- ------ -----    ------- ------ -----   ---- --  -------- -----------

   [No hits detected that satisfy reporting thresholds]


Domain annotation for each sequence:

   [No targets detected that satisfy reporting thresholds]


Internal pipeline statistics summary:
-------------------------------------
Query model(s):                            1  (387 nodes)
Target sequences:                       4014  (1268018 residues searched)
Passed MSV filter:                       102  (0.0254111); expected 80.3 (0.02)
Passed bias filter:                       88  (0.0219233); expected 80.3 (0.02)
Passed Vit filter:                         5  (0.00124564); expected 4.0 (0.001)
Passed Fwd filter:                         0  (0); expected 0.0 (1e-05)
Initial search space (Z):               4014  [actual number of targets]
Domain search space  (domZ):               0  [number of targets reported over threshold]
# CPU time: 0.03u 0.00s 00:00:00.03 Elapsed: 00:00:00.03
# Mc/sec: 13440.81
//
Query:       TIGR01302  [M=450]
Accession:   TIGR01302
Description: IMP_dehydrog: inosine-5'-monophosphate dehydrogenase
Scores for complete sequences (score includes all domains):
   --- full sequence ---   --- best 1 domain ---    -#dom-
    E-value  score  bias    E-value  score  bias    exp  N  Sequence              Description
    ------- ------ -----    ------- ------ -----   ---- --  --------              -----------
   3.2e-194  643.7   7.2   3.7e-194  643.5   7.2    1.0  1  NZ_FPKU01000001.1_643  # 639207 # 640709 # 1 # ID=5_643;partial=00;start_type=TTG;rbs_motif=GGA/GAG/AGG;rbs_spacer=5-10bp;gc_cont=0.652


Domain annotation for each sequence:
>> NZ_FPKU01000001.1_643  # 639207 # 640709 # 1 # ID=5_643;partial=00;start_type=TTG;rbs_motif=GGA/GAG/AGG;rbs_spacer=5-10bp;gc_cont=0.652
   #    score  bias  c-Evalue  i-Evalue hmmfrom  hmm to    alifrom  ali to    envfrom  env to     acc
 ---   ------ ----- --------- --------- ------- -------    ------- -------    ------- -------    ----
   1 !  643.5   7.2  9.2e-198  3.7e-194       1     449 [.      13     466 ..      13     467 .. 0.99



Internal pipeline statistics summary:
-------------------------------------
Query model(s):                            1  (450 nodes)
Target sequences:                       4014  (1268018 residues searched)
Passed MSV filter:                       184  (0.0458396); expected 80.3 (0.02)
Passed bias filter:                      139  (0.0346288); expected 80.3 (0.02)
Passed Vit filter:                        23  (0.00572995); expected 4.0 (0.001)
Passed Fwd filter:                        13  (0.00323866); expected 0.0 (1e-05)
Initial search space (Z):               4014  [actual number of targets]
Domain search space  (domZ):               1  [number of targets reported over threshold]
# CPU time: 0.08u 0.00s 00:00:00.08 Elapsed: 00:00:00.07
# Mc/sec: 7145.83
//
Query:       TIGR01391  [M=414]
Accession:   TIGR01391
Description: dnaG: DNA primase
Scores for complete sequences (score includes all domains):
   --- full sequence ---   --- best 1 domain ---    -#dom-
    E-value  score  bias    E-value  score  bias    exp  N  Sequence              Description
    ------- ------ -----    ------- ------ -----   ---- --  --------              -----------
   1.3e-123  410.8   0.0   1.6e-123  410.4   0.0    1.1  1  NZ_FPKU01000001.1_994  # 1012147 # 1014093 # -1 # ID=5_994;partial=00;start_type=ATG;rbs_motif=3Base/5BMM;rbs_spacer=13-15bp;gc_cont=0.674


Domain annotation for each sequence:
>> NZ_FPKU01000001.1_994  # 1012147 # 1014093 # -1 # ID=5_994;partial=00;start_type=ATG;rbs_motif=3Base/5BMM;rbs_spacer=13-15bp;gc_cont=0.674
   #    score  bias  c-Evalue  i-Evalue hmmfrom  hmm to    alifrom  ali to    envfrom  env to     acc
 ---   ------ ----- --------- --------- ------- -------    ------- -------    ------- -------    ----
   1 !  410.4   0.0    4e-127  1.6e-123       2     414 .]       3     422 ..       2     422 .. 0.96



Internal pipeline statistics summary:
-------------------------------------
Query model(s):                            1  (414 nodes)
Target sequences:                       4014  (1268018 residues searched)
Passed MSV filter:                        77  (0.0191829); expected 80.3 (0.02)
Passed bias filter:                       71  (0.0176881); expected 80.3 (0.02)
Passed Vit filter:                         7  (0.0017439); expected 4.0 (0.001)
Passed Fwd filter:                         2  (0.000498256); expected 0.0 (1e-05)
Initial search space (Z):               4014  [actual number of targets]
Domain search space  (domZ):               1  [number of targets reported over threshold]
# CPU time: 0.04u 0.00s 00:00:00.04 Elapsed: 00:00:00.04
# Mc/sec: 12118.77
//
Query:       TIGR01393  [M=595]
Accession:   TIGR01393
Description: lepA: elongation factor 4
Scores for complete sequences (score includes all domains):
   --- full sequence ---   --- best 1 domain ---    -#dom-
    E-value  score  bias    E-value  score  bias    exp  N  Sequence            Description
    ------- ------ -----    ------- ------ -----   ---- --  --------            -----------
   1.4e-294  975.9   0.1   1.6e-294  975.7   0.1    1.0  1  NZ_FPKU01000002.1_8  # 11059 # 12864 # 1 # ID=4_8;partial=00;start_type=ATG;rbs_motif=None;rbs_spacer=None;gc_cont=0.630


Domain annotation for each sequence:
>> NZ_FPKU01000002.1_8  # 11059 # 12864 # 1 # ID=4_8;partial=00;start_type=ATG;rbs_motif=None;rbs_spacer=None;gc_cont=0.630
   #    score  bias  c-Evalue  i-Evalue hmmfrom  hmm to    alifrom  ali to    envfrom  env to     acc
 ---   ------ ----- --------- --------- ------- -------    ------- -------    ------- -------    ----
   1 !  975.7   0.1  3.9e-298  1.6e-294       1     595 []       6     599 ..       6     599 .. 1.00



Internal pipeline statistics summary:
-------------------------------------
Query model(s):                            1  (595 nodes)
Target sequences:                       4014  (1268018 residues searched)
Passed MSV filter:                        65  (0.0161933); expected 80.3 (0.02)
Passed bias filter:                       60  (0.0149477); expected 80.3 (0.02)
Passed Vit filter:                        16  (0.00398605); expected 4.0 (0.001)
Passed Fwd filter:                        10  (0.00249128); expected 0.0 (1e-05)
Initial search space (Z):               4014  [actual number of targets]
Domain search space  (domZ):               1  [number of targets reported over threshold]
# CPU time: 0.10u 0.00s 00:00:00.10 Elapsed: 00:00:00.10
# Mc/sec: 7014.43
//
Query:       TIGR01394  [M=594]
Accession:   TIGR01394
Description: TypA_BipA: GTP-binding protein TypA/BipA
Scores for complete sequences (score includes all domains):
   --- full sequence ---   --- best 1 domain ---    -#dom-
    E-value  score  bias    E-value  score  bias    exp  N  Sequence              Description
    ------- ------ -----    ------- ------ -----   ---- --  --------              -----------
   1.6e-276  916.1   0.1   1.8e-276  915.9   0.1    1.0  1  NZ_FPKU01000002.1_644  # 664591 # 666405 # -1 # ID=4_644;partial=00;start_type=ATG;rbs_motif=GGA/GAG/AGG;rbs_spacer=5-10bp;gc_cont=0.655


Domain annotation for each sequence:
>> NZ_FPKU01000002.1_644  # 664591 # 666405 # -1 # ID=4_644;partial=00;start_type=ATG;rbs_motif=GGA/GAG/AGG;rbs_spacer=5-10bp;gc_cont=0.655
   #    score  bias  c-Evalue  i-Evalue hmmfrom  hmm to    alifrom  ali to    envfrom  env to     acc
 ---   ------ ----- --------- --------- ------- -------    ------- -------    ------- -------    ----
   1 !  915.9   0.1  4.5e-280  1.8e-276       1     594 []       3     596 ..       3     596 .. 1.00



Internal pipeline statistics summary:
-------------------------------------
Query model(s):                            1  (594 nodes)
Target sequences:                       4014  (1268018 residues searched)
Passed MSV filter:                        78  (0.019432); expected 80.3 (0.02)
Passed bias filter:                       63  (0.0156951); expected 80.3 (0.02)
Passed Vit filter:                        12  (0.00298954); expected 4.0 (0.001)
Passed Fwd filter:                         7  (0.0017439); expected 0.0 (1e-05)
Initial search space (Z):               4014  [actual number of targets]
Domain search space  (domZ):               1  [number of targets reported over threshold]
# CPU time: 0.11u 0.00s 00:00:00.11 Elapsed: 00:00:00.11
# Mc/sec: 6572.85
//
Query:       TIGR01510  [M=155]
Accession:   TIGR01510
Description: coaD_prev_kdtB: pantetheine-phosphate adenylyltransferase
Scores for complete sequences (score includes all domains):
   --- full sequence ---   --- best 1 domain ---    -#dom-
    E-value  score  bias    E-value  score  bias    exp  N  Sequence              Description
    ------- ------ -----    ------- ------ -----   ---- --  --------              -----------
    9.6e-54  179.4   0.0    1.1e-53  179.3   0.0    1.0  1  NZ_FPKU01000001.1_947  # 968948 # 969439 # -1 # ID=5_947;partial=00;start_type=ATG;rbs_motif=GGA/GAG/AGG;rbs_spacer=5-10bp;gc_cont=0.630


Domain annotation for each sequence:
>> NZ_FPKU01000001.1_947  # 968948 # 969439 # -1 # ID=5_947;partial=00;start_type=ATG;rbs_motif=GGA/GAG/AGG;rbs_spacer=5-10bp;gc_cont=0.630
   #    score  bias  c-Evalue  i-Evalue hmmfrom  hmm to    alifrom  ali to    envfrom  env to     acc
 ---   ------ ----- --------- --------- ------- -------    ------- -------    ------- -------    ----
   1 !  179.3   0.0   2.7e-57   1.1e-53       2     152 ..       6     161 ..       5     163 .. 0.96



Internal pipeline statistics summary:
-------------------------------------
Query model(s):                            1  (155 nodes)
Target sequences:                       4014  (1268018 residues searched)
Passed MSV filter:                        54  (0.0134529); expected 80.3 (0.02)
Passed bias filter:                       48  (0.0119581); expected 80.3 (0.02)
Passed Vit filter:                         7  (0.0017439); expected 4.0 (0.001)
Passed Fwd filter:                         3  (0.000747384); expected 0.0 (1e-05)
Initial search space (Z):               4014  [actual number of targets]
Domain search space  (domZ):               1  [number of targets reported over threshold]
# CPU time: 0.02u 0.00s 00:00:00.02 Elapsed: 00:00:00.03
# Mc/sec: 5762.71
//
Query:       TIGR01632  [M=140]
Accession:   TIGR01632
Description: L11_bact: ribosomal protein uL11
Scores for complete sequences (score includes all domains):
   --- full sequence ---   --- best 1 domain ---    -#dom-
    E-value  score  bias    E-value  score  bias    exp  N  Sequence              Description
    ------- ------ -----    ------- ------ -----   ---- --  --------              -----------
    1.3e-63  210.9   0.8    1.5e-63  210.8   0.8    1.0  1  NZ_FPKU01000001.1_287  # 296671 # 297099 # 1 # ID=5_287;partial=00;start_type=ATG;rbs_motif=AGGA;rbs_spacer=5-10bp;gc_cont=0.634


Domain annotation for each sequence:
>> NZ_FPKU01000001.1_287  # 296671 # 297099 # 1 # ID=5_287;partial=00;start_type=ATG;rbs_motif=AGGA;rbs_spacer=5-10bp;gc_cont=0.634
   #    score  bias  c-Evalue  i-Evalue hmmfrom  hmm to    alifrom  ali to    envfrom  env to     acc
 ---   ------ ----- --------- --------- ------- -------    ------- -------    ------- -------    ----
   1 !  210.8   0.8   3.7e-67   1.5e-63       1     139 [.       3     141 ..       3     142 .. 0.99



Internal pipeline statistics summary:
-------------------------------------
Query model(s):                            1  (140 nodes)
Target sequences:                       4014  (1268018 residues searched)
Passed MSV filter:                        68  (0.0169407); expected 80.3 (0.02)
Passed bias filter:                       62  (0.0154459); expected 80.3 (0.02)
Passed Vit filter:                         5  (0.00124564); expected 4.0 (0.001)
Passed Fwd filter:                         1  (0.000249128); expected 0.0 (1e-05)
Initial search space (Z):               4014  [actual number of targets]
Domain search space  (domZ):               1  [number of targets reported over threshold]
# CPU time: 0.02u 0.00s 00:00:00.02 Elapsed: 00:00:00.02
# Mc/sec: 7404.90
//
Query:       TIGR01951  [M=131]
Accession:   TIGR01951
Description: nusB: transcription antitermination factor NusB
Scores for complete sequences (score includes all domains):
   --- full sequence ---   --- best 1 domain ---    -#dom-
    E-value  score  bias    E-value  score  bias    exp  N  Sequence              Description
    ------- ------ -----    ------- ------ -----   ---- --  --------              -----------
    3.9e-40  135.0   0.0    4.5e-40  134.8   0.0    1.0  1  NZ_FPKU01000001.1_439  # 447756 # 448289 # 1 # ID=5_439;partial=00;start_type=GTG;rbs_motif=GGAGG;rbs_spacer=5-10bp;gc_cont=0.669


Domain annotation for each sequence:
>> NZ_FPKU01000001.1_439  # 447756 # 448289 # 1 # ID=5_439;partial=00;start_type=GTG;rbs_motif=GGAGG;rbs_spacer=5-10bp;gc_cont=0.669
   #    score  bias  c-Evalue  i-Evalue hmmfrom  hmm to    alifrom  ali to    envfrom  env to     acc
 ---   ------ ----- --------- --------- ------- -------    ------- -------    ------- -------    ----
   1 !  134.8   0.0   1.1e-43   4.5e-40       2     130 ..      31     168 ..      29     169 .. 0.94



Internal pipeline statistics summary:
-------------------------------------
Query model(s):                            1  (131 nodes)
Target sequences:                       4014  (1268018 residues searched)
Passed MSV filter:                        86  (0.021425); expected 80.3 (0.02)
Passed bias filter:                       72  (0.0179372); expected 80.3 (0.02)
Passed Vit filter:                        10  (0.00249128); expected 4.0 (0.001)
Passed Fwd filter:                         1  (0.000249128); expected 0.0 (1e-05)
Initial search space (Z):               4014  [actual number of targets]
Domain search space  (domZ):               1  [number of targets reported over threshold]
# CPU time: 0.02u 0.00s 00:00:00.02 Elapsed: 00:00:00.04
# Mc/sec: 3527.15
//
Query:       TIGR01952  [M=141]
Accession:   TIGR01952
Description: nusA_arch: NusA family KH domain protein, archaeal
Scores for complete sequences (score includes all domains):
   --- full sequence ---   --- best 1 domain ---    -#dom-
    E-value  score  bias    E-value  score  bias    exp  N  Sequence Description
    ------- ------ -----    ------- ------ -----   ---- --  -------- -----------

   [No hits detected that satisfy reporting thresholds]


Domain annotation for each sequence:

   [No targets detected that satisfy reporting thresholds]


Internal pipeline statistics summary:
-------------------------------------
Query model(s):                            1  (141 nodes)
Target sequences:                       4014  (1268018 residues searched)
Passed MSV filter:                        90  (0.0224215); expected 80.3 (0.02)
Passed bias filter:                       80  (0.0199302); expected 80.3 (0.02)
Passed Vit filter:                         5  (0.00124564); expected 4.0 (0.001)
Passed Fwd filter:                         2  (0.000498256); expected 0.0 (1e-05)
Initial search space (Z):               4014  [actual number of targets]
Domain search space  (domZ):               0  [number of targets reported over threshold]
# CPU time: 0.02u 0.00s 00:00:00.02 Elapsed: 00:00:00.03
# Mc/sec: 4940.16
//
Query:       TIGR01953  [M=340]
Accession:   TIGR01953
Description: NusA: transcription termination factor NusA
Scores for complete sequences (score includes all domains):
   --- full sequence ---   --- best 1 domain ---    -#dom-
    E-value  score  bias    E-value  score  bias    exp  N  Sequence              Description
    ------- ------ -----    ------- ------ -----   ---- --  --------              -----------
   9.8e-134  443.4   1.5   1.3e-133  443.0   1.5    1.1  1  NZ_FPKU01000002.1_413  # 434503 # 436110 # 1 # ID=4_413;partial=00;start_type=ATG;rbs_motif=AGGAG;rbs_spacer=5-10bp;gc_cont=0.655


Domain annotation for each sequence:
>> NZ_FPKU01000002.1_413  # 434503 # 436110 # 1 # ID=4_413;partial=00;start_type=ATG;rbs_motif=AGGAG;rbs_spacer=5-10bp;gc_cont=0.655
   #    score  bias  c-Evalue  i-Evalue hmmfrom  hmm to    alifrom  ali to    envfrom  env to     acc
 ---   ------ ----- --------- --------- ------- -------    ------- -------    ------- -------    ----
   1 !  443.0   1.5  3.2e-137  1.3e-133       1     339 [.       9     346 ..       9     347 .. 0.99



Internal pipeline statistics summary:
-------------------------------------
Query model(s):                            1  (340 nodes)
Target sequences:                       4014  (1268018 residues searched)
Passed MSV filter:                        66  (0.0164425); expected 80.3 (0.02)
Passed bias filter:                       47  (0.011709); expected 80.3 (0.02)
Passed Vit filter:                         2  (0.000498256); expected 4.0 (0.001)
Passed Fwd filter:                         2  (0.000498256); expected 0.0 (1e-05)
Initial search space (Z):               4014  [actual number of targets]
Domain search space  (domZ):               1  [number of targets reported over threshold]
# CPU time: 0.04u 0.00s 00:00:00.04 Elapsed: 00:00:00.04
# Mc/sec: 10198.56
//
Query:       TIGR02012  [M=321]
Accession:   TIGR02012
Description: tigrfam_recA: protein RecA
Scores for complete sequences (score includes all domains):
   --- full sequence ---   --- best 1 domain ---    -#dom-
    E-value  score  bias    E-value  score  bias    exp  N  Sequence              Description
    ------- ------ -----    ------- ------ -----   ---- --  --------              -----------
   4.4e-173  572.8   1.2     5e-173  572.6   1.2    1.0  1  NZ_FPKU01000001.1_266  # 274097 # 275170 # 1 # ID=5_266;partial=00;start_type=ATG;rbs_motif=AGGAG;rbs_spacer=5-10bp;gc_cont=0.629


Domain annotation for each sequence:
>> NZ_FPKU01000001.1_266  # 274097 # 275170 # 1 # ID=5_266;partial=00;start_type=ATG;rbs_motif=AGGAG;rbs_spacer=5-10bp;gc_cont=0.629
   #    score  bias  c-Evalue  i-Evalue hmmfrom  hmm to    alifrom  ali to    envfrom  env to     acc
 ---   ------ ----- --------- --------- ------- -------    ------- -------    ------- -------    ----
   1 !  572.6   1.2  1.3e-176    5e-173       1     321 []      16     336 ..      16     336 .. 1.00



Internal pipeline statistics summary:
-------------------------------------
Query model(s):                            1  (321 nodes)
Target sequences:                       4014  (1268018 residues searched)
Passed MSV filter:                       205  (0.0510713); expected 80.3 (0.02)
Passed bias filter:                      186  (0.0463378); expected 80.3 (0.02)
Passed Vit filter:                        26  (0.00647733); expected 4.0 (0.001)
Passed Fwd filter:                         2  (0.000498256); expected 0.0 (1e-05)
Initial search space (Z):               4014  [actual number of targets]
Domain search space  (domZ):               1  [number of targets reported over threshold]
# CPU time: 0.05u 0.00s 00:00:00.05 Elapsed: 00:00:00.05
# Mc/sec: 7212.93
//
Query:       TIGR02013  [M=1238]
Accession:   TIGR02013
Description: rpoB: DNA-directed RNA polymerase, beta subunit
Scores for complete sequences (score includes all domains):
   --- full sequence ---   --- best 1 domain ---    -#dom-
    E-value  score  bias    E-value  score  bias    exp  N  Sequence              Description
    ------- ------ -----    ------- ------ -----   ---- --  --------              -----------
          0 1949.2   1.3          0 1949.0   1.3    1.0  1  NZ_FPKU01000001.1_291  # 299310 # 303467 # 1 # ID=5_291;partial=00;start_type=ATG;rbs_motif=AGGAG;rbs_spacer=5-10bp;gc_cont=0.636


Domain annotation for each sequence:
>> NZ_FPKU01000001.1_291  # 299310 # 303467 # 1 # ID=5_291;partial=00;start_type=ATG;rbs_motif=AGGAG;rbs_spacer=5-10bp;gc_cont=0.636
   #    score  bias  c-Evalue  i-Evalue hmmfrom  hmm to    alifrom  ali to    envfrom  env to     acc
 ---   ------ ----- --------- --------- ------- -------    ------- -------    ------- -------    ----
   1 ! 1949.0   1.3         0         0       3    1238 .]      10    1357 ..       8    1357 .. 0.94



Internal pipeline statistics summary:
-------------------------------------
Query model(s):                            1  (1238 nodes)
Target sequences:                       4014  (1268018 residues searched)
Passed MSV filter:                        84  (0.0209268); expected 80.3 (0.02)
Passed bias filter:                       74  (0.0184355); expected 80.3 (0.02)
Passed Vit filter:                        13  (0.00323866); expected 4.0 (0.001)
Passed Fwd filter:                         1  (0.000249128); expected 0.0 (1e-05)
Initial search space (Z):               4014  [actual number of targets]
Domain search space  (domZ):               1  [number of targets reported over threshold]
# CPU time: 0.13u 0.03s 00:00:00.16 Elapsed: 00:00:00.15
# Mc/sec: 9891.69
//
Query:       TIGR02027  [M=298]
Accession:   TIGR02027
Description: rpoA: DNA-directed RNA polymerase, alpha subunit
Scores for complete sequences (score includes all domains):
   --- full sequence ---   --- best 1 domain ---    -#dom-
    E-value  score  bias    E-value  score  bias    exp  N  Sequence              Description
    ------- ------ -----    ------- ------ -----   ---- --  --------              -----------
     6e-116  384.6   0.0   6.9e-116  384.4   0.0    1.0  1  NZ_FPKU01000001.1_323  # 325722 # 326741 # 1 # ID=5_323;partial=00;start_type=GTG;rbs_motif=AGGA;rbs_spacer=5-10bp;gc_cont=0.614


Domain annotation for each sequence:
>> NZ_FPKU01000001.1_323  # 325722 # 326741 # 1 # ID=5_323;partial=00;start_type=GTG;rbs_motif=AGGA;rbs_spacer=5-10bp;gc_cont=0.614
   #    score  bias  c-Evalue  i-Evalue hmmfrom  hmm to    alifrom  ali to    envfrom  env to     acc
 ---   ------ ----- --------- --------- ------- -------    ------- -------    ------- -------    ----
   1 !  384.4   0.0  1.7e-119  6.9e-116       2     298 .]      28     319 ..      27     319 .. 0.97



Internal pipeline statistics summary:
-------------------------------------
Query model(s):                            1  (298 nodes)
Target sequences:                       4014  (1268018 residues searched)
Passed MSV filter:                        58  (0.0144494); expected 80.3 (0.02)
Passed bias filter:                       53  (0.0132038); expected 80.3 (0.02)
Passed Vit filter:                         7  (0.0017439); expected 4.0 (0.001)
Passed Fwd filter:                         1  (0.000249128); expected 0.0 (1e-05)
Initial search space (Z):               4014  [actual number of targets]
Domain search space  (domZ):               1  [number of targets reported over threshold]
# CPU time: 0.03u 0.00s 00:00:00.03 Elapsed: 00:00:00.02
# Mc/sec: 13108.22
//
Query:       TIGR02075  [M=233]
Accession:   TIGR02075
Description: pyrH_bact: UMP kinase
Scores for complete sequences (score includes all domains):
   --- full sequence ---   --- best 1 domain ---    -#dom-
    E-value  score  bias    E-value  score  bias    exp  N  Sequence              Description
    ------- ------ -----    ------- ------ -----   ---- --  --------              -----------
    1.4e-86  287.7   0.0    1.6e-86  287.5   0.0    1.0  1  NZ_FPKU01000001.1_832  # 851678 # 852391 # 1 # ID=5_832;partial=00;start_type=ATG;rbs_motif=GGAG/GAGG;rbs_spacer=5-10bp;gc_cont=0.646


Domain annotation for each sequence:
>> NZ_FPKU01000001.1_832  # 851678 # 852391 # 1 # ID=5_832;partial=00;start_type=ATG;rbs_motif=GGAG/GAGG;rbs_spacer=5-10bp;gc_cont=0.646
   #    score  bias  c-Evalue  i-Evalue hmmfrom  hmm to    alifrom  ali to    envfrom  env to     acc
 ---   ------ ----- --------- --------- ------- -------    ------- -------    ------- -------    ----
   1 !  287.5   0.0   3.9e-90   1.6e-86       1     232 [.       6     236 ..       6     237 .. 0.99



Internal pipeline statistics summary:
-------------------------------------
Query model(s):                            1  (233 nodes)
Target sequences:                       4014  (1268018 residues searched)
Passed MSV filter:                        94  (0.023418); expected 80.3 (0.02)
Passed bias filter:                       82  (0.0204285); expected 80.3 (0.02)
Passed Vit filter:                         9  (0.00224215); expected 4.0 (0.001)
Passed Fwd filter:                         3  (0.000747384); expected 0.0 (1e-05)
Initial search space (Z):               4014  [actual number of targets]
Domain search space  (domZ):               1  [number of targets reported over threshold]
# CPU time: 0.03u 0.00s 00:00:00.03 Elapsed: 00:00:00.04
# Mc/sec: 6780.74
//
Query:       TIGR02191  [M=219]
Accession:   TIGR02191
Description: RNaseIII: ribonuclease III
Scores for complete sequences (score includes all domains):
   --- full sequence ---   --- best 1 domain ---    -#dom-
    E-value  score  bias    E-value  score  bias    exp  N  Sequence              Description
    ------- ------ -----    ------- ------ -----   ---- --  --------              -----------
    2.4e-71  237.5   0.0    2.8e-71  237.4   0.0    1.0  1  NZ_FPKU01000001.1_420  # 430837 # 431544 # 1 # ID=5_420;partial=00;start_type=ATG;rbs_motif=None;rbs_spacer=None;gc_cont=0.641


Domain annotation for each sequence:
>> NZ_FPKU01000001.1_420  # 430837 # 431544 # 1 # ID=5_420;partial=00;start_type=ATG;rbs_motif=None;rbs_spacer=None;gc_cont=0.641
   #    score  bias  c-Evalue  i-Evalue hmmfrom  hmm to    alifrom  ali to    envfrom  env to     acc
 ---   ------ ----- --------- --------- ------- -------    ------- -------    ------- -------    ----
   1 !  237.4   0.0   6.9e-75   2.8e-71       2     216 ..      12     225 ..      11     228 .. 0.95



Internal pipeline statistics summary:
-------------------------------------
Query model(s):                            1  (219 nodes)
Target sequences:                       4014  (1268018 residues searched)
Passed MSV filter:                        57  (0.0142003); expected 80.3 (0.02)
Passed bias filter:                       48  (0.0119581); expected 80.3 (0.02)
Passed Vit filter:                         5  (0.00124564); expected 4.0 (0.001)
Passed Fwd filter:                         1  (0.000249128); expected 0.0 (1e-05)
Initial search space (Z):               4014  [actual number of targets]
Domain search space  (domZ):               1  [number of targets reported over threshold]
# CPU time: 0.03u 0.00s 00:00:00.03 Elapsed: 00:00:00.01
# Mc/sec: 16577.60
//
Query:       TIGR02236  [M=311]
Accession:   TIGR02236
Description: recomb_radA: DNA repair and recombination protein RadA
Scores for complete sequences (score includes all domains):
   --- full sequence ---   --- best 1 domain ---    -#dom-
    E-value  score  bias    E-value  score  bias    exp  N  Sequence Description
    ------- ------ -----    ------- ------ -----   ---- --  -------- -----------

   [No hits detected that satisfy reporting thresholds]


Domain annotation for each sequence:

   [No targets detected that satisfy reporting thresholds]


Internal pipeline statistics summary:
-------------------------------------
Query model(s):                            1  (311 nodes)
Target sequences:                       4014  (1268018 residues searched)
Passed MSV filter:                       154  (0.0383657); expected 80.3 (0.02)
Passed bias filter:                      127  (0.0316393); expected 80.3 (0.02)
Passed Vit filter:                        11  (0.00274041); expected 4.0 (0.001)
Passed Fwd filter:                         2  (0.000498256); expected 0.0 (1e-05)
Initial search space (Z):               4014  [actual number of targets]
Domain search space  (domZ):               0  [number of targets reported over threshold]
# CPU time: 0.04u 0.00s 00:00:00.04 Elapsed: 00:00:00.05
# Mc/sec: 7572.75
//
Query:       TIGR02273  [M=166]
Accession:   TIGR02273
Description: 16S_RimM: 16S rRNA processing protein RimM
Scores for complete sequences (score includes all domains):
   --- full sequence ---   --- best 1 domain ---    -#dom-
    E-value  score  bias    E-value  score  bias    exp  N  Sequence              Description
    ------- ------ -----    ------- ------ -----   ---- --  --------              -----------
    3.7e-38  128.4   0.0    4.3e-38  128.2   0.0    1.0  1  NZ_FPKU01000002.1_557  # 582711 # 583322 # -1 # ID=4_557;partial=00;start_type=ATG;rbs_motif=None;rbs_spacer=None;gc_cont=0.670


Domain annotation for each sequence:
>> NZ_FPKU01000002.1_557  # 582711 # 583322 # -1 # ID=4_557;partial=00;start_type=ATG;rbs_motif=None;rbs_spacer=None;gc_cont=0.670
   #    score  bias  c-Evalue  i-Evalue hmmfrom  hmm to    alifrom  ali to    envfrom  env to     acc
 ---   ------ ----- --------- --------- ------- -------    ------- -------    ------- -------    ----
   1 !  128.2   0.0   1.1e-41   4.3e-38       2     163 ..      18     177 ..      17     180 .. 0.93



Internal pipeline statistics summary:
-------------------------------------
Query model(s):                            1  (166 nodes)
Target sequences:                       4014  (1268018 residues searched)
Passed MSV filter:                        55  (0.013702); expected 80.3 (0.02)
Passed bias filter:                       54  (0.0134529); expected 80.3 (0.02)
Passed Vit filter:                         5  (0.00124564); expected 4.0 (0.001)
Passed Fwd filter:                         2  (0.000498256); expected 0.0 (1e-05)
Initial search space (Z):               4014  [actual number of targets]
Domain search space  (domZ):               1  [number of targets reported over threshold]
# CPU time: 0.02u 0.00s 00:00:00.02 Elapsed: 00:00:00.01
# Mc/sec: 13316.96
//
Query:       TIGR02338  [M=110]
Accession:   TIGR02338
Description: gimC_beta: prefoldin, beta subunit
Scores for complete sequences (score includes all domains):
   --- full sequence ---   --- best 1 domain ---    -#dom-
    E-value  score  bias    E-value  score  bias    exp  N  Sequence Description
    ------- ------ -----    ------- ------ -----   ---- --  -------- -----------

   [No hits detected that satisfy reporting thresholds]


Domain annotation for each sequence:

   [No targets detected that satisfy reporting thresholds]


Internal pipeline statistics summary:
-------------------------------------
Query model(s):                            1  (110 nodes)
Target sequences:                       4014  (1268018 residues searched)
Passed MSV filter:                       117  (0.029148); expected 80.3 (0.02)
Passed bias filter:                       84  (0.0209268); expected 80.3 (0.02)
Passed Vit filter:                         5  (0.00124564); expected 4.0 (0.001)
Passed Fwd filter:                         0  (0); expected 0.0 (1e-05)
Initial search space (Z):               4014  [actual number of targets]
Domain search space  (domZ):               0  [number of targets reported over threshold]
# CPU time: 0.02u 0.00s 00:00:00.02 Elapsed: 00:00:00.03
# Mc/sec: 4099.79
//
Query:       TIGR02350  [M=596]
Accession:   TIGR02350
Description: prok_dnaK: chaperone protein DnaK
Scores for complete sequences (score includes all domains):
   --- full sequence ---   --- best 1 domain ---    -#dom-
    E-value  score  bias    E-value  score  bias    exp  N  Sequence              Description
    ------- ------ -----    ------- ------ -----   ---- --  --------              -----------
   1.3e-302 1002.3  16.6   1.5e-302 1002.1  16.6    1.0  1  NZ_FPKU01000002.1_469  # 494230 # 496134 # 1 # ID=4_469;partial=00;start_type=ATG;rbs_motif=GGAG/GAGG;rbs_spacer=5-10bp;gc_cont=0.634


Domain annotation for each sequence:
>> NZ_FPKU01000002.1_469  # 494230 # 496134 # 1 # ID=4_469;partial=00;start_type=ATG;rbs_motif=GGAG/GAGG;rbs_spacer=5-10bp;gc_cont=0.634
   #    score  bias  c-Evalue  i-Evalue hmmfrom  hmm to    alifrom  ali to    envfrom  env to     acc
 ---   ------ ----- --------- --------- ------- -------    ------- -------    ------- -------    ----
   1 ! 1002.1  16.6  3.8e-306  1.5e-302       1     596 []       3     599 ..       3     599 .. 0.99



Internal pipeline statistics summary:
-------------------------------------
Query model(s):                            1  (596 nodes)
Target sequences:                       4014  (1268018 residues searched)
Passed MSV filter:                       118  (0.0293971); expected 80.3 (0.02)
Passed bias filter:                       95  (0.0236672); expected 80.3 (0.02)
Passed Vit filter:                         6  (0.00149477); expected 4.0 (0.001)
Passed Fwd filter:                         2  (0.000498256); expected 0.0 (1e-05)
Initial search space (Z):               4014  [actual number of targets]
Domain search space  (domZ):               1  [number of targets reported over threshold]
# CPU time: 0.07u 0.00s 00:00:00.07 Elapsed: 00:00:00.07
# Mc/sec: 10049.64
//
Query:       TIGR02386  [M=1147]
Accession:   TIGR02386
Description: rpoC_TIGR: DNA-directed RNA polymerase, beta' subunit
Scores for complete sequences (score includes all domains):
   --- full sequence ---   --- best 1 domain ---    -#dom-
    E-value  score  bias    E-value  score  bias    exp  N  Sequence              Description
    ------- ------ -----    ------- ------ -----   ---- --  --------              -----------
          0 1778.1   0.1          0 1466.4   0.0    2.1  1  NZ_FPKU01000001.1_292  # 303557 # 307747 # 1 # ID=5_292;partial=00;start_type=ATG;rbs_motif=AGGAG;rbs_spacer=5-10bp;gc_cont=0.637


Domain annotation for each sequence:
>> NZ_FPKU01000001.1_292  # 303557 # 307747 # 1 # ID=5_292;partial=00;start_type=ATG;rbs_motif=AGGAG;rbs_spacer=5-10bp;gc_cont=0.637
   #    score  bias  c-Evalue  i-Evalue hmmfrom  hmm to    alifrom  ali to    envfrom  env to     acc
 ---   ------ ----- --------- --------- ------- -------    ------- -------    ------- -------    ----
   1 ! 1466.4   0.0         0         0       2    1000 ..      23    1026 ..      22    1040 .. 0.95



Internal pipeline statistics summary:
-------------------------------------
Query model(s):                            1  (1147 nodes)
Target sequences:                       4014  (1268018 residues searched)
Passed MSV filter:                        60  (0.0149477); expected 80.3 (0.02)
Passed bias filter:                       58  (0.0144494); expected 80.3 (0.02)
Passed Vit filter:                         5  (0.00124564); expected 4.0 (0.001)
Passed Fwd filter:                         1  (0.000249128); expected 0.0 (1e-05)
Initial search space (Z):               4014  [actual number of targets]
Domain search space  (domZ):               1  [number of targets reported over threshold]
# CPU time: 0.11u 0.00s 00:00:00.11 Elapsed: 00:00:00.12
# Mc/sec: 11337.09
//
Query:       TIGR02389  [M=367]
Accession:   TIGR02389
Description: RNA_pol_rpoA2: DNA-directed RNA polymerase, subunit A''
Scores for complete sequences (score includes all domains):
   --- full sequence ---   --- best 1 domain ---    -#dom-
    E-value  score  bias    E-value  score  bias    exp  N  Sequence Description
    ------- ------ -----    ------- ------ -----   ---- --  -------- -----------

   [No hits detected that satisfy reporting thresholds]


Domain annotation for each sequence:

   [No targets detected that satisfy reporting thresholds]


Internal pipeline statistics summary:
-------------------------------------
Query model(s):                            1  (367 nodes)
Target sequences:                       4014  (1268018 residues searched)
Passed MSV filter:                       107  (0.0266567); expected 80.3 (0.02)
Passed bias filter:                       88  (0.0219233); expected 80.3 (0.02)
Passed Vit filter:                         5  (0.00124564); expected 4.0 (0.001)
Passed Fwd filter:                         1  (0.000249128); expected 0.0 (1e-05)
Initial search space (Z):               4014  [actual number of targets]
Domain search space  (domZ):               0  [number of targets reported over threshold]
# CPU time: 0.03u 0.00s 00:00:00.03 Elapsed: 00:00:00.02
# Mc/sec: 16542.38
//
Query:       TIGR02390  [M=867]
Accession:   TIGR02390
Description: RNA_pol_rpoA1: DNA-directed RNA polymerase subunit A'
Scores for complete sequences (score includes all domains):
   --- full sequence ---   --- best 1 domain ---    -#dom-
    E-value  score  bias    E-value  score  bias    exp  N  Sequence Description
    ------- ------ -----    ------- ------ -----   ---- --  -------- -----------

   [No hits detected that satisfy reporting thresholds]


Domain annotation for each sequence:

   [No targets detected that satisfy reporting thresholds]


Internal pipeline statistics summary:
-------------------------------------
Query model(s):                            1  (867 nodes)
Target sequences:                       4014  (1268018 residues searched)
Passed MSV filter:                        66  (0.0164425); expected 80.3 (0.02)
Passed bias filter:                       61  (0.0151968); expected 80.3 (0.02)
Passed Vit filter:                         4  (0.000996512); expected 4.0 (0.001)
Passed Fwd filter:                         1  (0.000249128); expected 0.0 (1e-05)
Initial search space (Z):               4014  [actual number of targets]
Domain search space  (domZ):               0  [number of targets reported over threshold]
# CPU time: 0.09u 0.02s 00:00:00.11 Elapsed: 00:00:00.11
# Mc/sec: 9473.38
//
Query:       TIGR02397  [M=355]
Accession:   TIGR02397
Description: dnaX_nterm: DNA polymerase III, subunit gamma and tau
Scores for complete sequences (score includes all domains):
   --- full sequence ---   --- best 1 domain ---    -#dom-
    E-value  score  bias    E-value  score  bias    exp  N  Sequence              Description
    ------- ------ -----    ------- ------ -----   ---- --  --------              -----------
   1.4e-114  380.8   0.0   1.7e-114  380.6   0.0    1.1  1  NZ_FPKU01000003.1_622  # 628478 # 630223 # -1 # ID=3_622;partial=00;start_type=ATG;rbs_motif=GGA/GAG/AGG;rbs_spacer=5-10bp;gc_cont=0.674


Domain annotation for each sequence:
>> NZ_FPKU01000003.1_622  # 628478 # 630223 # -1 # ID=3_622;partial=00;start_type=ATG;rbs_motif=GGA/GAG/AGG;rbs_spacer=5-10bp;gc_cont=0.674
   #    score  bias  c-Evalue  i-Evalue hmmfrom  hmm to    alifrom  ali to    envfrom  env to     acc
 ---   ------ ----- --------- --------- ------- -------    ------- -------    ------- -------    ----
   1 !  380.6   0.0  4.3e-118  1.7e-114       1     354 [.      11     370 ..      11     371 .. 0.97



Internal pipeline statistics summary:
-------------------------------------
Query model(s):                            1  (355 nodes)
Target sequences:                       4014  (1268018 residues searched)
Passed MSV filter:                       224  (0.0558047); expected 80.3 (0.02)
Passed bias filter:                      221  (0.0550573); expected 80.3 (0.02)
Passed Vit filter:                       100  (0.0249128); expected 4.0 (0.001)
Passed Fwd filter:                        10  (0.00249128); expected 0.0 (1e-05)
Initial search space (Z):               4014  [actual number of targets]
Domain search space  (domZ):               1  [number of targets reported over threshold]
# CPU time: 0.08u 0.00s 00:00:00.08 Elapsed: 00:00:00.13
# Mc/sec: 3336.44
//
Query:       TIGR02432  [M=189]
Accession:   TIGR02432
Description: lysidine_TilS_N: tRNA(Ile)-lysidine synthetase
Scores for complete sequences (score includes all domains):
   --- full sequence ---   --- best 1 domain ---    -#dom-
    E-value  score  bias    E-value  score  bias    exp  N  Sequence               Description
    ------- ------ -----    ------- ------ -----   ---- --  --------               -----------
    3.2e-41  139.2   0.0    4.2e-41  138.8   0.0    1.1  1  NZ_FPKU01000001.1_1702  # 1781343 # 1782356 # -1 # ID=5_1702;partial=00;start_type=ATG;rbs_motif=None;rbs_spacer=None;gc_cont=0.700


Domain annotation for each sequence:
>> NZ_FPKU01000001.1_1702  # 1781343 # 1782356 # -1 # ID=5_1702;partial=00;start_type=ATG;rbs_motif=None;rbs_spacer=None;gc_cont=0.700
   #    score  bias  c-Evalue  i-Evalue hmmfrom  hmm to    alifrom  ali to    envfrom  env to     acc
 ---   ------ ----- --------- --------- ------- -------    ------- -------    ------- -------    ----
   1 !  138.8   0.0     1e-44   4.2e-41       2     186 ..      21     202 ..      20     205 .. 0.95



Internal pipeline statistics summary:
-------------------------------------
Query model(s):                            1  (189 nodes)
Target sequences:                       4014  (1268018 residues searched)
Passed MSV filter:                        73  (0.0181863); expected 80.3 (0.02)
Passed bias filter:                       68  (0.0169407); expected 80.3 (0.02)
Passed Vit filter:                        15  (0.00373692); expected 4.0 (0.001)
Passed Fwd filter:                         6  (0.00149477); expected 0.0 (1e-05)
Initial search space (Z):               4014  [actual number of targets]
Domain search space  (domZ):               1  [number of targets reported over threshold]
# CPU time: 0.03u 0.00s 00:00:00.03 Elapsed: 00:00:00.03
# Mc/sec: 6453.95
//
Query:       TIGR02729  [M=329]
Accession:   TIGR02729
Description: Obg_CgtA: Obg family GTPase CgtA
Scores for complete sequences (score includes all domains):
   --- full sequence ---   --- best 1 domain ---    -#dom-
    E-value  score  bias    E-value  score  bias    exp  N  Sequence              Description
    ------- ------ -----    ------- ------ -----   ---- --  --------              -----------
   4.9e-134  444.3   2.6   5.6e-134  444.1   2.6    1.0  1  NZ_FPKU01000004.1_127  # 141786 # 142829 # 1 # ID=1_127;partial=00;start_type=ATG;rbs_motif=GGA/GAG/AGG;rbs_spacer=5-10bp;gc_cont=0.669


Domain annotation for each sequence:
>> NZ_FPKU01000004.1_127  # 141786 # 142829 # 1 # ID=1_127;partial=00;start_type=ATG;rbs_motif=GGA/GAG/AGG;rbs_spacer=5-10bp;gc_cont=0.669
   #    score  bias  c-Evalue  i-Evalue hmmfrom  hmm to    alifrom  ali to    envfrom  env to     acc
 ---   ------ ----- --------- --------- ------- -------    ------- -------    ------- -------    ----
   1 !  444.1   2.6  1.4e-137  5.6e-134       1     327 [.       3     325 ..       3     327 .. 0.99



Internal pipeline statistics summary:
-------------------------------------
Query model(s):                            1  (329 nodes)
Target sequences:                       4014  (1268018 residues searched)
Passed MSV filter:                       221  (0.0550573); expected 80.3 (0.02)
Passed bias filter:                      196  (0.0488291); expected 80.3 (0.02)
Passed Vit filter:                        52  (0.0129547); expected 4.0 (0.001)
Passed Fwd filter:                         6  (0.00149477); expected 0.0 (1e-05)
Initial search space (Z):               4014  [actual number of targets]
Domain search space  (domZ):               1  [number of targets reported over threshold]
# CPU time: 0.07u 0.00s 00:00:00.07 Elapsed: 00:00:00.06
# Mc/sec: 6485.69
//
Query:       TIGR03263  [M=180]
Accession:   TIGR03263
Description: guanyl_kin: guanylate kinase
Scores for complete sequences (score includes all domains):
   --- full sequence ---   --- best 1 domain ---    -#dom-
    E-value  score  bias    E-value  score  bias    exp  N  Sequence              Description
    ------- ------ -----    ------- ------ -----   ---- --  --------              -----------
    6.5e-68  225.7   0.0    7.7e-68  225.5   0.0    1.0  1  NZ_FPKU01000001.1_178  # 196641 # 197279 # 1 # ID=5_178;partial=00;start_type=ATG;rbs_motif=None;rbs_spacer=None;gc_cont=0.624


Domain annotation for each sequence:
>> NZ_FPKU01000001.1_178  # 196641 # 197279 # 1 # ID=5_178;partial=00;start_type=ATG;rbs_motif=None;rbs_spacer=None;gc_cont=0.624
   #    score  bias  c-Evalue  i-Evalue hmmfrom  hmm to    alifrom  ali to    envfrom  env to     acc
 ---   ------ ----- --------- --------- ------- -------    ------- -------    ------- -------    ----
   1 !  225.5   0.0   1.9e-71   7.7e-68       2     179 ..       8     186 ..       7     187 .. 0.98



Internal pipeline statistics summary:
-------------------------------------
Query model(s):                            1  (180 nodes)
Target sequences:                       4014  (1268018 residues searched)
Passed MSV filter:                       263  (0.0655207); expected 80.3 (0.02)
Passed bias filter:                      257  (0.0640259); expected 80.3 (0.02)
Passed Vit filter:                       132  (0.0328849); expected 4.0 (0.001)
Passed Fwd filter:                        18  (0.0044843); expected 0.0 (1e-05)
Initial search space (Z):               4014  [actual number of targets]
Domain search space  (domZ):               1  [number of targets reported over threshold]
# CPU time: 0.05u 0.00s 00:00:00.05 Elapsed: 00:00:00.05
# Mc/sec: 4286.53
//
Query:       TIGR03594  [M=432]
Accession:   TIGR03594
Description: GTPase_EngA: ribosome-associated GTPase EngA
Scores for complete sequences (score includes all domains):
   --- full sequence ---   --- best 1 domain ---    -#dom-
    E-value  score  bias    E-value  score  bias    exp  N  Sequence              Description
    ------- ------ -----    ------- ------ -----   ---- --  --------              -----------
   5.9e-163  540.7   0.0   6.8e-163  540.5   0.0    1.0  1  NZ_FPKU01000001.1_560  # 565998 # 567431 # 1 # ID=5_560;partial=00;start_type=ATG;rbs_motif=GGAG/GAGG;rbs_spacer=5-10bp;gc_cont=0.655


Domain annotation for each sequence:
>> NZ_FPKU01000001.1_560  # 565998 # 567431 # 1 # ID=5_560;partial=00;start_type=ATG;rbs_motif=GGAG/GAGG;rbs_spacer=5-10bp;gc_cont=0.655
   #    score  bias  c-Evalue  i-Evalue hmmfrom  hmm to    alifrom  ali to    envfrom  env to     acc
 ---   ------ ----- --------- --------- ------- -------    ------- -------    ------- -------    ----
   1 !  540.5   0.0  1.7e-166  6.8e-163       2     432 .]       4     466 ..       3     466 .. 0.94



Internal pipeline statistics summary:
-------------------------------------
Query model(s):                            1  (432 nodes)
Target sequences:                       4014  (1268018 residues searched)
Passed MSV filter:                       191  (0.0475835); expected 80.3 (0.02)
Passed bias filter:                      185  (0.0460887); expected 80.3 (0.02)
Passed Vit filter:                        71  (0.0176881); expected 4.0 (0.001)
Passed Fwd filter:                        21  (0.00523169); expected 0.0 (1e-05)
Initial search space (Z):               4014  [actual number of targets]
Domain search space  (domZ):               1  [number of targets reported over threshold]
# CPU time: 0.12u 0.00s 00:00:00.12 Elapsed: 00:00:00.15
# Mc/sec: 3545.01
//
Query:       TIGR03625  [M=202]
Accession:   TIGR03625
Description: L3_bact: 50S ribosomal protein uL3
Scores for complete sequences (score includes all domains):
   --- full sequence ---   --- best 1 domain ---    -#dom-
    E-value  score  bias    E-value  score  bias    exp  N  Sequence              Description
    ------- ------ -----    ------- ------ -----   ---- --  --------              -----------
    6.7e-85  281.8   8.6    7.7e-85  281.6   8.6    1.0  1  NZ_FPKU01000001.1_299  # 313453 # 314154 # 1 # ID=5_299;partial=00;start_type=ATG;rbs_motif=AGxAGG/AGGxGG;rbs_spacer=5-10bp;gc_cont=0.647


Domain annotation for each sequence:
>> NZ_FPKU01000001.1_299  # 313453 # 314154 # 1 # ID=5_299;partial=00;start_type=ATG;rbs_motif=AGxAGG/AGGxGG;rbs_spacer=5-10bp;gc_cont=0.647
   #    score  bias  c-Evalue  i-Evalue hmmfrom  hmm to    alifrom  ali to    envfrom  env to     acc
 ---   ------ ----- --------- --------- ------- -------    ------- -------    ------- -------    ----
   1 !  281.6   8.6   1.9e-88   7.7e-85       1     202 []       4     205 ..       4     205 .. 0.99



Internal pipeline statistics summary:
-------------------------------------
Query model(s):                            1  (202 nodes)
Target sequences:                       4014  (1268018 residues searched)
Passed MSV filter:                        54  (0.0134529); expected 80.3 (0.02)
Passed bias filter:                       48  (0.0119581); expected 80.3 (0.02)
Passed Vit filter:                         5  (0.00124564); expected 4.0 (0.001)
Passed Fwd filter:                         1  (0.000249128); expected 0.0 (1e-05)
Initial search space (Z):               4014  [actual number of targets]
Domain search space  (domZ):               1  [number of targets reported over threshold]
# CPU time: 0.03u 0.00s 00:00:00.03 Elapsed: 00:00:00.02
# Mc/sec: 10758.03
//
Query:       TIGR03626  [M=331]
Accession:   TIGR03626
Description: L3_arch: ribosomal protein uL3
Scores for complete sequences (score includes all domains):
   --- full sequence ---   --- best 1 domain ---    -#dom-
    E-value  score  bias    E-value  score  bias    exp  N  Sequence Description
    ------- ------ -----    ------- ------ -----   ---- --  -------- -----------

   [No hits detected that satisfy reporting thresholds]


Domain annotation for each sequence:

   [No targets detected that satisfy reporting thresholds]


Internal pipeline statistics summary:
-------------------------------------
Query model(s):                            1  (331 nodes)
Target sequences:                       4014  (1268018 residues searched)
Passed MSV filter:                        74  (0.0184355); expected 80.3 (0.02)
Passed bias filter:                       68  (0.0169407); expected 80.3 (0.02)
Passed Vit filter:                         6  (0.00149477); expected 4.0 (0.001)
Passed Fwd filter:                         1  (0.000249128); expected 0.0 (1e-05)
Initial search space (Z):               4014  [actual number of targets]
Domain search space  (domZ):               0  [number of targets reported over threshold]
# CPU time: 0.04u 0.00s 00:00:00.04 Elapsed: 00:00:00.03
# Mc/sec: 10619.55
//
Query:       TIGR03627  [M=130]
Accession:   TIGR03627
Description: uS9_arch: ribosomal protein uS9
Scores for complete sequences (score includes all domains):
   --- full sequence ---   --- best 1 domain ---    -#dom-
    E-value  score  bias    E-value  score  bias    exp  N  Sequence Description
    ------- ------ -----    ------- ------ -----   ---- --  -------- -----------

   [No hits detected that satisfy reporting thresholds]


Domain annotation for each sequence:

   [No targets detected that satisfy reporting thresholds]


Internal pipeline statistics summary:
-------------------------------------
Query model(s):                            1  (130 nodes)
Target sequences:                       4014  (1268018 residues searched)
Passed MSV filter:                       174  (0.0433483); expected 80.3 (0.02)
Passed bias filter:                      149  (0.0371201); expected 80.3 (0.02)
Passed Vit filter:                        10  (0.00249128); expected 4.0 (0.001)
Passed Fwd filter:                         1  (0.000249128); expected 0.0 (1e-05)
Initial search space (Z):               4014  [actual number of targets]
Domain search space  (domZ):               0  [number of targets reported over threshold]
# CPU time: 0.02u 0.00s 00:00:00.02 Elapsed: 00:00:00.02
# Mc/sec: 6001.76
//
Query:       TIGR03628  [M=117]
Accession:   TIGR03628
Description: arch_S11P: ribosomal protein uS11
Scores for complete sequences (score includes all domains):
   --- full sequence ---   --- best 1 domain ---    -#dom-
    E-value  score  bias    E-value  score  bias    exp  N  Sequence Description
    ------- ------ -----    ------- ------ -----   ---- --  -------- -----------

   [No hits detected that satisfy reporting thresholds]


Domain annotation for each sequence:

   [No targets detected that satisfy reporting thresholds]


Internal pipeline statistics summary:
-------------------------------------
Query model(s):                            1  (117 nodes)
Target sequences:                       4014  (1268018 residues searched)
Passed MSV filter:                       192  (0.0478326); expected 80.3 (0.02)
Passed bias filter:                      123  (0.0306428); expected 80.3 (0.02)
Passed Vit filter:                         9  (0.00224215); expected 4.0 (0.001)
Passed Fwd filter:                         1  (0.000249128); expected 0.0 (1e-05)
Initial search space (Z):               4014  [actual number of targets]
Domain search space  (domZ):               0  [number of targets reported over threshold]
# CPU time: 0.02u 0.00s 00:00:00.02 Elapsed: 00:00:00.03
# Mc/sec: 4788.72
//
Query:       TIGR03629  [M=144]
Accession:   TIGR03629
Description: uS13_arch: ribosomal protein uS13
Scores for complete sequences (score includes all domains):
   --- full sequence ---   --- best 1 domain ---    -#dom-
    E-value  score  bias    E-value  score  bias    exp  N  Sequence Description
    ------- ------ -----    ------- ------ -----   ---- --  -------- -----------

   [No hits detected that satisfy reporting thresholds]


Domain annotation for each sequence:

   [No targets detected that satisfy reporting thresholds]


Internal pipeline statistics summary:
-------------------------------------
Query model(s):                            1  (144 nodes)
Target sequences:                       4014  (1268018 residues searched)
Passed MSV filter:                        83  (0.0206776); expected 80.3 (0.02)
Passed bias filter:                       73  (0.0181863); expected 80.3 (0.02)
Passed Vit filter:                         7  (0.0017439); expected 4.0 (0.001)
Passed Fwd filter:                         1  (0.000249128); expected 0.0 (1e-05)
Initial search space (Z):               4014  [actual number of targets]
Domain search space  (domZ):               0  [number of targets reported over threshold]
# CPU time: 0.02u 0.00s 00:00:00.02 Elapsed: 00:00:00.03
# Mc/sec: 5392.34
//
Query:       TIGR03632  [M=117]
Accession:   TIGR03632
Description: uS11_bact: ribosomal protein uS11
Scores for complete sequences (score includes all domains):
   --- full sequence ---   --- best 1 domain ---    -#dom-
    E-value  score  bias    E-value  score  bias    exp  N  Sequence              Description
    ------- ------ -----    ------- ------ -----   ---- --  --------              -----------
    1.6e-59  197.3   1.5    1.9e-59  197.0   1.5    1.0  1  NZ_FPKU01000001.1_322  # 325236 # 325628 # 1 # ID=5_322;partial=00;start_type=TTG;rbs_motif=GGAG/GAGG;rbs_spacer=5-10bp;gc_cont=0.626


Domain annotation for each sequence:
>> NZ_FPKU01000001.1_322  # 325236 # 325628 # 1 # ID=5_322;partial=00;start_type=TTG;rbs_motif=GGAG/GAGG;rbs_spacer=5-10bp;gc_cont=0.626
   #    score  bias  c-Evalue  i-Evalue hmmfrom  hmm to    alifrom  ali to    envfrom  env to     acc
 ---   ------ ----- --------- --------- ------- -------    ------- -------    ------- -------    ----
   1 !  197.0   1.5   4.8e-63   1.9e-59       1     117 []      11     127 ..      11     127 .. 0.99



Internal pipeline statistics summary:
-------------------------------------
Query model(s):                            1  (117 nodes)
Target sequences:                       4014  (1268018 residues searched)
Passed MSV filter:                       144  (0.0358744); expected 80.3 (0.02)
Passed bias filter:                      127  (0.0316393); expected 80.3 (0.02)
Passed Vit filter:                        14  (0.00348779); expected 4.0 (0.001)
Passed Fwd filter:                         1  (0.000249128); expected 0.0 (1e-05)
Initial search space (Z):               4014  [actual number of targets]
Domain search space  (domZ):               1  [number of targets reported over threshold]
# CPU time: 0.02u 0.00s 00:00:00.02 Elapsed: 00:00:00.01
# Mc/sec: 7616.40
//
Query:       TIGR03654  [M=175]
Accession:   TIGR03654
Description: L6_bact: ribosomal protein uL6
Scores for complete sequences (score includes all domains):
   --- full sequence ---   --- best 1 domain ---    -#dom-
    E-value  score  bias    E-value  score  bias    exp  N  Sequence              Description
    ------- ------ -----    ------- ------ -----   ---- --  --------              -----------
    8.2e-72  238.4   1.1    9.2e-72  238.2   1.1    1.0  1  NZ_FPKU01000001.1_314  # 320259 # 320792 # 1 # ID=5_314;partial=00;start_type=ATG;rbs_motif=GGA/GAG/AGG;rbs_spacer=5-10bp;gc_cont=0.610


Domain annotation for each sequence:
>> NZ_FPKU01000001.1_314  # 320259 # 320792 # 1 # ID=5_314;partial=00;start_type=ATG;rbs_motif=GGA/GAG/AGG;rbs_spacer=5-10bp;gc_cont=0.610
   #    score  bias  c-Evalue  i-Evalue hmmfrom  hmm to    alifrom  ali to    envfrom  env to     acc
 ---   ------ ----- --------- --------- ------- -------    ------- -------    ------- -------    ----
   1 !  238.2   1.1   2.3e-75   9.2e-72       1     175 []       2     176 ..       2     176 .. 1.00



Internal pipeline statistics summary:
-------------------------------------
Query model(s):                            1  (175 nodes)
Target sequences:                       4014  (1268018 residues searched)
Passed MSV filter:                        70  (0.017439); expected 80.3 (0.02)
Passed bias filter:                       66  (0.0164425); expected 80.3 (0.02)
Passed Vit filter:                         3  (0.000747384); expected 4.0 (0.001)
Passed Fwd filter:                         1  (0.000249128); expected 0.0 (1e-05)
Initial search space (Z):               4014  [actual number of targets]
Domain search space  (domZ):               1  [number of targets reported over threshold]
# CPU time: 0.02u 0.00s 00:00:00.02 Elapsed: 00:00:00.02
# Mc/sec: 7846.18
//
Query:       TIGR03670  [M=599]
Accession:   TIGR03670
Description: rpoB_arch: DNA-directed RNA polymerase subunit B
Scores for complete sequences (score includes all domains):
   --- full sequence ---   --- best 1 domain ---    -#dom-
    E-value  score  bias    E-value  score  bias    exp  N  Sequence Description
    ------- ------ -----    ------- ------ -----   ---- --  -------- -----------

   [No hits detected that satisfy reporting thresholds]


Domain annotation for each sequence:

   [No targets detected that satisfy reporting thresholds]


Internal pipeline statistics summary:
-------------------------------------
Query model(s):                            1  (599 nodes)
Target sequences:                       4014  (1268018 residues searched)
Passed MSV filter:                        69  (0.0171898); expected 80.3 (0.02)
Passed bias filter:                       60  (0.0149477); expected 80.3 (0.02)
Passed Vit filter:                         2  (0.000498256); expected 4.0 (0.001)
Passed Fwd filter:                         1  (0.000249128); expected 0.0 (1e-05)
Initial search space (Z):               4014  [actual number of targets]
Domain search space  (domZ):               0  [number of targets reported over threshold]
# CPU time: 0.06u 0.00s 00:00:00.06 Elapsed: 00:00:00.05
# Mc/sec: 15048.10
//
Query:       TIGR03671  [M=410]
Accession:   TIGR03671
Description: cca_archaeal: CCA-adding enzyme
Scores for complete sequences (score includes all domains):
   --- full sequence ---   --- best 1 domain ---    -#dom-
    E-value  score  bias    E-value  score  bias    exp  N  Sequence Description
    ------- ------ -----    ------- ------ -----   ---- --  -------- -----------

   [No hits detected that satisfy reporting thresholds]


Domain annotation for each sequence:

   [No targets detected that satisfy reporting thresholds]


Internal pipeline statistics summary:
-------------------------------------
Query model(s):                            1  (410 nodes)
Target sequences:                       4014  (1268018 residues searched)
Passed MSV filter:                        64  (0.0159442); expected 80.3 (0.02)
Passed bias filter:                       57  (0.0142003); expected 80.3 (0.02)
Passed Vit filter:                         5  (0.00124564); expected 4.0 (0.001)
Passed Fwd filter:                         0  (0); expected 0.0 (1e-05)
Initial search space (Z):               4014  [actual number of targets]
Domain search space  (domZ):               0  [number of targets reported over threshold]
# CPU time: 0.03u 0.00s 00:00:00.03 Elapsed: 00:00:00.03
# Mc/sec: 14009.39
//
Query:       TIGR03672  [M=251]
Accession:   TIGR03672
Description: rpl4p_arch: 50S ribosomal protein uL4
Scores for complete sequences (score includes all domains):
   --- full sequence ---   --- best 1 domain ---    -#dom-
    E-value  score  bias    E-value  score  bias    exp  N  Sequence Description
    ------- ------ -----    ------- ------ -----   ---- --  -------- -----------

   [No hits detected that satisfy reporting thresholds]


Domain annotation for each sequence:

   [No targets detected that satisfy reporting thresholds]


Internal pipeline statistics summary:
-------------------------------------
Query model(s):                            1  (251 nodes)
Target sequences:                       4014  (1268018 residues searched)
Passed MSV filter:                       121  (0.0301445); expected 80.3 (0.02)
Passed bias filter:                       85  (0.0211759); expected 80.3 (0.02)
Passed Vit filter:                         5  (0.00124564); expected 4.0 (0.001)
Passed Fwd filter:                         1  (0.000249128); expected 0.0 (1e-05)
Initial search space (Z):               4014  [actual number of targets]
Domain search space  (domZ):               0  [number of targets reported over threshold]
# CPU time: 0.02u 0.00s 00:00:00.02 Elapsed: 00:00:00.02
# Mc/sec: 10643.78
//
Query:       TIGR03673  [M=131]
Accession:   TIGR03673
Description: uL14_arch: 50S ribosomal protein uL14
Scores for complete sequences (score includes all domains):
   --- full sequence ---   --- best 1 domain ---    -#dom-
    E-value  score  bias    E-value  score  bias    exp  N  Sequence Description
    ------- ------ -----    ------- ------ -----   ---- --  -------- -----------

   [No hits detected that satisfy reporting thresholds]


Domain annotation for each sequence:

   [No targets detected that satisfy reporting thresholds]


Internal pipeline statistics summary:
-------------------------------------
Query model(s):                            1  (131 nodes)
Target sequences:                       4014  (1268018 residues searched)
Passed MSV filter:                       132  (0.0328849); expected 80.3 (0.02)
Passed bias filter:                       96  (0.0239163); expected 80.3 (0.02)
Passed Vit filter:                         6  (0.00149477); expected 4.0 (0.001)
Passed Fwd filter:                         1  (0.000249128); expected 0.0 (1e-05)
Initial search space (Z):               4014  [actual number of targets]
Domain search space  (domZ):               0  [number of targets reported over threshold]
# CPU time: 0.02u 0.00s 00:00:00.02 Elapsed: 00:00:00.01
# Mc/sec: 10117.72
//
Query:       TIGR03674  [M=338]
Accession:   TIGR03674
Description: fen_arch: flap structure-specific endonuclease
Scores for complete sequences (score includes all domains):
   --- full sequence ---   --- best 1 domain ---    -#dom-
    E-value  score  bias    E-value  score  bias    exp  N  Sequence Description
    ------- ------ -----    ------- ------ -----   ---- --  -------- -----------

   [No hits detected that satisfy reporting thresholds]


Domain annotation for each sequence:

   [No targets detected that satisfy reporting thresholds]


Internal pipeline statistics summary:
-------------------------------------
Query model(s):                            1  (338 nodes)
Target sequences:                       4014  (1268018 residues searched)
Passed MSV filter:                        99  (0.0246637); expected 80.3 (0.02)
Passed bias filter:                       85  (0.0211759); expected 80.3 (0.02)
Passed Vit filter:                        13  (0.00323866); expected 4.0 (0.001)
Passed Fwd filter:                         1  (0.000249128); expected 0.0 (1e-05)
Initial search space (Z):               4014  [actual number of targets]
Domain search space  (domZ):               0  [number of targets reported over threshold]
# CPU time: 0.04u 0.00s 00:00:00.04 Elapsed: 00:00:00.04
# Mc/sec: 8903.44
//
Query:       TIGR03676  [M=403]
Accession:   TIGR03676
Description: aRF1/eRF1: peptide chain release factor 1, archaeal and eukaryotic forms
Scores for complete sequences (score includes all domains):
   --- full sequence ---   --- best 1 domain ---    -#dom-
    E-value  score  bias    E-value  score  bias    exp  N  Sequence Description
    ------- ------ -----    ------- ------ -----   ---- --  -------- -----------

   [No hits detected that satisfy reporting thresholds]


Domain annotation for each sequence:

   [No targets detected that satisfy reporting thresholds]


Internal pipeline statistics summary:
-------------------------------------
Query model(s):                            1  (403 nodes)
Target sequences:                       4014  (1268018 residues searched)
Passed MSV filter:                        81  (0.0201794); expected 80.3 (0.02)
Passed bias filter:                       74  (0.0184355); expected 80.3 (0.02)
Passed Vit filter:                         8  (0.00199302); expected 4.0 (0.001)
Passed Fwd filter:                         0  (0); expected 0.0 (1e-05)
Initial search space (Z):               4014  [actual number of targets]
Domain search space  (domZ):               0  [number of targets reported over threshold]
# CPU time: 0.03u 0.00s 00:00:00.03 Elapsed: 00:00:00.04
# Mc/sec: 12137.81
//
Query:       TIGR03680  [M=407]
Accession:   TIGR03680
Description: eif2g_arch: translation initiation factor 2, gamma subunit
Scores for complete sequences (score includes all domains):
   --- full sequence ---   --- best 1 domain ---    -#dom-
    E-value  score  bias    E-value  score  bias    exp  N  Sequence Description
    ------- ------ -----    ------- ------ -----   ---- --  -------- -----------

   [No hits detected that satisfy reporting thresholds]


Domain annotation for each sequence:

   [No targets detected that satisfy reporting thresholds]


Internal pipeline statistics summary:
-------------------------------------
Query model(s):                            1  (407 nodes)
Target sequences:                       4014  (1268018 residues searched)
Passed MSV filter:                       110  (0.0274041); expected 80.3 (0.02)
Passed bias filter:                       95  (0.0236672); expected 80.3 (0.02)
Passed Vit filter:                        19  (0.00473343); expected 4.0 (0.001)
Passed Fwd filter:                        10  (0.00249128); expected 0.0 (1e-05)
Initial search space (Z):               4014  [actual number of targets]
Domain search space  (domZ):               0  [number of targets reported over threshold]
# CPU time: 0.09u 0.01s 00:00:00.10 Elapsed: 00:00:00.09
# Mc/sec: 5733.73
//
Query:       TIGR03723  [M=314]
Accession:   TIGR03723
Description: T6A_TsaD_YgjD: tRNA threonylcarbamoyl adenosine modification protein TsaD
Scores for complete sequences (score includes all domains):
   --- full sequence ---   --- best 1 domain ---    -#dom-
    E-value  score  bias    E-value  score  bias    exp  N  Sequence              Description
    ------- ------ -----    ------- ------ -----   ---- --  --------              -----------
   1.3e-120  400.1   0.2   1.5e-120  399.9   0.2    1.0  1  NZ_FPKU01000002.1_687  # 708903 # 709961 # 1 # ID=4_687;partial=00;start_type=ATG;rbs_motif=GGxGG;rbs_spacer=5-10bp;gc_cont=0.715


Domain annotation for each sequence:
>> NZ_FPKU01000002.1_687  # 708903 # 709961 # 1 # ID=4_687;partial=00;start_type=ATG;rbs_motif=GGxGG;rbs_spacer=5-10bp;gc_cont=0.715
   #    score  bias  c-Evalue  i-Evalue hmmfrom  hmm to    alifrom  ali to    envfrom  env to     acc
 ---   ------ ----- --------- --------- ------- -------    ------- -------    ------- -------    ----
   1 !  399.9   0.2  3.7e-124  1.5e-120       1     313 [.       3     323 ..       3     324 .. 0.97



Internal pipeline statistics summary:
-------------------------------------
Query model(s):                            1  (314 nodes)
Target sequences:                       4014  (1268018 residues searched)
Passed MSV filter:                        91  (0.0226707); expected 80.3 (0.02)
Passed bias filter:                       76  (0.0189337); expected 80.3 (0.02)
Passed Vit filter:                         4  (0.000996512); expected 4.0 (0.001)
Passed Fwd filter:                         2  (0.000498256); expected 0.0 (1e-05)
Initial search space (Z):               4014  [actual number of targets]
Domain search space  (domZ):               1  [number of targets reported over threshold]
# CPU time: 0.03u 0.00s 00:00:00.03 Elapsed: 00:00:00.03
# Mc/sec: 11167.15
//
Query:       TIGR03725  [M=212]
Accession:   TIGR03725
Description: T6A_YeaZ: tRNA threonylcarbamoyl adenosine modification protein YeaZ
Scores for complete sequences (score includes all domains):
   --- full sequence ---   --- best 1 domain ---    -#dom-
    E-value  score  bias    E-value  score  bias    exp  N  Sequence              Description
    ------- ------ -----    ------- ------ -----   ---- --  --------              -----------
    3.3e-40  136.1   0.5    7.4e-40  135.0   0.5    1.5  1  NZ_FPKU01000002.1_400  # 422314 # 422964 # 1 # ID=4_400;partial=00;start_type=ATG;rbs_motif=None;rbs_spacer=None;gc_cont=0.714


Domain annotation for each sequence:
>> NZ_FPKU01000002.1_400  # 422314 # 422964 # 1 # ID=4_400;partial=00;start_type=ATG;rbs_motif=None;rbs_spacer=None;gc_cont=0.714
   #    score  bias  c-Evalue  i-Evalue hmmfrom  hmm to    alifrom  ali to    envfrom  env to     acc
 ---   ------ ----- --------- --------- ------- -------    ------- -------    ------- -------    ----
   1 !  135.0   0.5   1.8e-43   7.4e-40       2     151 ..      10     156 ..       9     205 .. 0.83



Internal pipeline statistics summary:
-------------------------------------
Query model(s):                            1  (212 nodes)
Target sequences:                       4014  (1268018 residues searched)
Passed MSV filter:                       202  (0.0503239); expected 80.3 (0.02)
Passed bias filter:                      113  (0.0281515); expected 80.3 (0.02)
Passed Vit filter:                        13  (0.00323866); expected 4.0 (0.001)
Passed Fwd filter:                         2  (0.000498256); expected 0.0 (1e-05)
Initial search space (Z):               4014  [actual number of targets]
Domain search space  (domZ):               1  [number of targets reported over threshold]
# CPU time: 0.03u 0.00s 00:00:00.03 Elapsed: 00:00:00.03
# Mc/sec: 8676.28
//
Query:       TIGR03953  [M=188]
Accession:   TIGR03953
Description: rplD_bact: 50S ribosomal protein uL4
Scores for complete sequences (score includes all domains):
   --- full sequence ---   --- best 1 domain ---    -#dom-
    E-value  score  bias    E-value  score  bias    exp  N  Sequence              Description
    ------- ------ -----    ------- ------ -----   ---- --  --------              -----------
    8.7e-64  212.1   0.1    9.8e-64  211.9   0.1    1.0  1  NZ_FPKU01000001.1_300  # 314154 # 314774 # 1 # ID=5_300;partial=00;start_type=ATG;rbs_motif=GGAG/GAGG;rbs_spacer=5-10bp;gc_cont=0.634


Domain annotation for each sequence:
>> NZ_FPKU01000001.1_300  # 314154 # 314774 # 1 # ID=5_300;partial=00;start_type=ATG;rbs_motif=GGAG/GAGG;rbs_spacer=5-10bp;gc_cont=0.634
   #    score  bias  c-Evalue  i-Evalue hmmfrom  hmm to    alifrom  ali to    envfrom  env to     acc
 ---   ------ ----- --------- --------- ------- -------    ------- -------    ------- -------    ----
   1 !  211.9   0.1   2.5e-67   9.8e-64       1     187 [.      16     202 ..      16     203 .. 0.99



Internal pipeline statistics summary:
-------------------------------------
Query model(s):                            1  (188 nodes)
Target sequences:                       4014  (1268018 residues searched)
Passed MSV filter:                        50  (0.0124564); expected 80.3 (0.02)
Passed bias filter:                       47  (0.011709); expected 80.3 (0.02)
Passed Vit filter:                         5  (0.00124564); expected 4.0 (0.001)
Passed Fwd filter:                         1  (0.000249128); expected 0.0 (1e-05)
Initial search space (Z):               4014  [actual number of targets]
Domain search space  (domZ):               1  [number of targets reported over threshold]
# CPU time: 0.02u 0.00s 00:00:00.02 Elapsed: 00:00:00.01
# Mc/sec: 13602.79
//
[ok]
