name	number_unique_genes	number_multiple_genes	number_multiple_unique_genes	number_missing_genes	list_unique_genes	list_multiple_genes	list_multiple_unique_genes	list_missing_genes
query_GCA_000689495.1	119	1	0	0	PF00380.20,PF00410.20,PF00466.21,PF01025.20,PF02576.18,PF03726.15,TIGR00006,TIGR00019,TIGR00020,TIGR00029,TIGR00043,TIGR00054,TIGR00059,TIGR00061,TIGR00064,TIGR00065,TIGR00082,TIGR00083,TIGR00084,TIGR00086,TIGR00088,TIGR00090,TIGR00092,TIGR00095,TIGR00115,TIGR00116,TIGR00138,TIGR00158,TIGR00166,TIGR00168,TIGR00186,TIGR00194,TIGR00250,TIGR00337,TIGR00344,TIGR00362,TIGR00392,TIGR00396,TIGR00398,TIGR00414,TIGR00416,TIGR00420,TIGR00431,TIGR00435,TIGR00436,TIGR00442,TIGR00445,TIGR00456,TIGR00459,TIGR00460,TIGR00468,TIGR00472,TIGR00487,TIGR00496,TIGR00539,TIGR00580,TIGR00593,TIGR00615,TIGR00631,TIGR00634,TIGR00635,TIGR00643,TIGR00663,TIGR00717,TIGR00755,TIGR00810,TIGR00922,TIGR00928,TIGR00959,TIGR00963,TIGR00964,TIGR00967,TIGR01009,TIGR01011,TIGR01017,TIGR01021,TIGR01029,TIGR01032,TIGR01039,TIGR01044,TIGR01059,TIGR01063,TIGR01066,TIGR01071,TIGR01079,TIGR01082,TIGR01087,TIGR01128,TIGR01146,TIGR01164,TIGR01169,TIGR01171,TIGR01302,TIGR01391,TIGR01393,TIGR01394,TIGR01510,TIGR01632,TIGR01951,TIGR01953,TIGR02012,TIGR02013,TIGR02027,TIGR02075,TIGR02191,TIGR02273,TIGR02350,TIGR02386,TIGR02397,TIGR02432,TIGR02729,TIGR03263,TIGR03594,TIGR03625,TIGR03632,TIGR03654,TIGR03723,TIGR03725,TIGR03953	TIGR00382		
query_GCA_000743515.1	119	1	0	0	PF00380.20,PF00410.20,PF00466.21,PF01025.20,PF02576.18,PF03726.15,TIGR00006,TIGR00019,TIGR00020,TIGR00029,TIGR00043,TIGR00054,TIGR00059,TIGR00061,TIGR00064,TIGR00065,TIGR00082,TIGR00083,TIGR00084,TIGR00086,TIGR00088,TIGR00090,TIGR00092,TIGR00095,TIGR00115,TIGR00116,TIGR00138,TIGR00158,TIGR00166,TIGR00168,TIGR00186,TIGR00194,TIGR00250,TIGR00337,TIGR00344,TIGR00362,TIGR00392,TIGR00396,TIGR00398,TIGR00414,TIGR00416,TIGR00420,TIGR00431,TIGR00435,TIGR00436,TIGR00442,TIGR00445,TIGR00456,TIGR00459,TIGR00460,TIGR00468,TIGR00472,TIGR00487,TIGR00496,TIGR00539,TIGR00580,TIGR00593,TIGR00615,TIGR00631,TIGR00634,TIGR00635,TIGR00643,TIGR00663,TIGR00717,TIGR00755,TIGR00810,TIGR00922,TIGR00928,TIGR00959,TIGR00963,TIGR00964,TIGR00967,TIGR01009,TIGR01011,TIGR01017,TIGR01021,TIGR01029,TIGR01032,TIGR01039,TIGR01044,TIGR01059,TIGR01063,TIGR01066,TIGR01071,TIGR01079,TIGR01082,TIGR01087,TIGR01128,TIGR01146,TIGR01164,TIGR01169,TIGR01171,TIGR01302,TIGR01391,TIGR01393,TIGR01394,TIGR01510,TIGR01632,TIGR01951,TIGR01953,TIGR02012,TIGR02013,TIGR02027,TIGR02075,TIGR02191,TIGR02273,TIGR02350,TIGR02386,TIGR02397,TIGR02432,TIGR02729,TIGR03263,TIGR03594,TIGR03625,TIGR03632,TIGR03654,TIGR03723,TIGR03725,TIGR03953	TIGR00382		
query_GCA_001185205.1	117	3	0	0	PF00380.20,PF00410.20,PF00466.21,PF01025.20,PF02576.18,PF03726.15,TIGR00006,TIGR00019,TIGR00020,TIGR00029,TIGR00043,TIGR00054,TIGR00059,TIGR00061,TIGR00064,TIGR00065,TIGR00082,TIGR00083,TIGR00084,TIGR00086,TIGR00088,TIGR00090,TIGR00092,TIGR00095,TIGR00115,TIGR00116,TIGR00138,TIGR00158,TIGR00166,TIGR00168,TIGR00186,TIGR00194,TIGR00250,TIGR00337,TIGR00344,TIGR00362,TIGR00392,TIGR00396,TIGR00398,TIGR00414,TIGR00416,TIGR00420,TIGR00431,TIGR00435,TIGR00436,TIGR00442,TIGR00445,TIGR00456,TIGR00459,TIGR00460,TIGR00468,TIGR00472,TIGR00487,TIGR00496,TIGR00539,TIGR00580,TIGR00593,TIGR00615,TIGR00631,TIGR00634,TIGR00635,TIGR00643,TIGR00663,TIGR00717,TIGR00755,TIGR00810,TIGR00922,TIGR00928,TIGR00959,TIGR00963,TIGR00964,TIGR00967,TIGR01009,TIGR01011,TIGR01017,TIGR01021,TIGR01029,TIGR01032,TIGR01044,TIGR01059,TIGR01063,TIGR01066,TIGR01071,TIGR01079,TIGR01082,TIGR01087,TIGR01128,TIGR01164,TIGR01169,TIGR01171,TIGR01302,TIGR01391,TIGR01393,TIGR01394,TIGR01510,TIGR01632,TIGR01951,TIGR01953,TIGR02012,TIGR02013,TIGR02027,TIGR02075,TIGR02191,TIGR02273,TIGR02350,TIGR02386,TIGR02397,TIGR02432,TIGR02729,TIGR03263,TIGR03594,TIGR03625,TIGR03632,TIGR03654,TIGR03723,TIGR03725,TIGR03953	TIGR00382,TIGR01039,TIGR01146		
query_GCA_014083885.1	119	1	0	0	PF00380.20,PF00410.20,PF00466.21,PF01025.20,PF02576.18,PF03726.15,TIGR00006,TIGR00019,TIGR00020,TIGR00029,TIGR00043,TIGR00054,TIGR00059,TIGR00061,TIGR00064,TIGR00065,TIGR00082,TIGR00083,TIGR00084,TIGR00086,TIGR00088,TIGR00090,TIGR00092,TIGR00095,TIGR00115,TIGR00116,TIGR00138,TIGR00158,TIGR00166,TIGR00168,TIGR00186,TIGR00194,TIGR00250,TIGR00337,TIGR00344,TIGR00362,TIGR00392,TIGR00396,TIGR00398,TIGR00414,TIGR00416,TIGR00420,TIGR00431,TIGR00435,TIGR00436,TIGR00442,TIGR00445,TIGR00456,TIGR00459,TIGR00460,TIGR00468,TIGR00472,TIGR00487,TIGR00496,TIGR00539,TIGR00580,TIGR00593,TIGR00615,TIGR00631,TIGR00634,TIGR00635,TIGR00643,TIGR00663,TIGR00717,TIGR00755,TIGR00810,TIGR00922,TIGR00928,TIGR00959,TIGR00963,TIGR00964,TIGR00967,TIGR01009,TIGR01011,TIGR01017,TIGR01021,TIGR01029,TIGR01032,TIGR01039,TIGR01044,TIGR01059,TIGR01063,TIGR01066,TIGR01071,TIGR01079,TIGR01082,TIGR01087,TIGR01128,TIGR01146,TIGR01164,TIGR01169,TIGR01171,TIGR01302,TIGR01391,TIGR01393,TIGR01394,TIGR01510,TIGR01632,TIGR01951,TIGR01953,TIGR02012,TIGR02013,TIGR02027,TIGR02075,TIGR02191,TIGR02273,TIGR02350,TIGR02386,TIGR02397,TIGR02432,TIGR02729,TIGR03263,TIGR03594,TIGR03625,TIGR03632,TIGR03654,TIGR03723,TIGR03725,TIGR03953	TIGR00382		
query_GCA_041916695.1	118	2	0	0	PF00380.20,PF00410.20,PF00466.21,PF01025.20,PF02576.18,PF03726.15,TIGR00006,TIGR00019,TIGR00020,TIGR00029,TIGR00043,TIGR00059,TIGR00061,TIGR00064,TIGR00065,TIGR00082,TIGR00083,TIGR00084,TIGR00086,TIGR00088,TIGR00090,TIGR00092,TIGR00095,TIGR00115,TIGR00116,TIGR00138,TIGR00158,TIGR00166,TIGR00168,TIGR00186,TIGR00194,TIGR00250,TIGR00337,TIGR00344,TIGR00362,TIGR00392,TIGR00396,TIGR00398,TIGR00414,TIGR00416,TIGR00420,TIGR00431,TIGR00435,TIGR00436,TIGR00442,TIGR00445,TIGR00456,TIGR00459,TIGR00460,TIGR00468,TIGR00472,TIGR00487,TIGR00496,TIGR00539,TIGR00580,TIGR00593,TIGR00615,TIGR00631,TIGR00634,TIGR00635,TIGR00643,TIGR00663,TIGR00717,TIGR00755,TIGR00810,TIGR00922,TIGR00928,TIGR00959,TIGR00963,TIGR00964,TIGR00967,TIGR01009,TIGR01011,TIGR01017,TIGR01021,TIGR01029,TIGR01032,TIGR01039,TIGR01044,TIGR01059,TIGR01063,TIGR01066,TIGR01071,TIGR01079,TIGR01082,TIGR01087,TIGR01128,TIGR01146,TIGR01164,TIGR01169,TIGR01171,TIGR01302,TIGR01391,TIGR01393,TIGR01394,TIGR01510,TIGR01632,TIGR01951,TIGR01953,TIGR02012,TIGR02013,TIGR02027,TIGR02075,TIGR02191,TIGR02273,TIGR02350,TIGR02386,TIGR02397,TIGR02432,TIGR02729,TIGR03263,TIGR03594,TIGR03625,TIGR03632,TIGR03654,TIGR03723,TIGR03725,TIGR03953	TIGR00054,TIGR00382		
query_GCA_047616975.1	119	0	0	1	PF00380.20,PF00410.20,PF00466.21,PF01025.20,PF02576.18,PF03726.15,TIGR00006,TIGR00019,TIGR00020,TIGR00029,TIGR00043,TIGR00054,TIGR00059,TIGR00061,TIGR00064,TIGR00065,TIGR00082,TIGR00083,TIGR00084,TIGR00086,TIGR00088,TIGR00090,TIGR00092,TIGR00095,TIGR00115,TIGR00116,TIGR00138,TIGR00158,TIGR00166,TIGR00168,TIGR00186,TIGR00194,TIGR00250,TIGR00337,TIGR00344,TIGR00362,TIGR00382,TIGR00392,TIGR00396,TIGR00398,TIGR00414,TIGR00416,TIGR00420,TIGR00431,TIGR00435,TIGR00436,TIGR00442,TIGR00445,TIGR00456,TIGR00459,TIGR00460,TIGR00468,TIGR00472,TIGR00487,TIGR00496,TIGR00539,TIGR00580,TIGR00593,TIGR00615,TIGR00631,TIGR00634,TIGR00635,TIGR00643,TIGR00663,TIGR00717,TIGR00755,TIGR00810,TIGR00922,TIGR00928,TIGR00959,TIGR00963,TIGR00964,TIGR00967,TIGR01009,TIGR01011,TIGR01017,TIGR01021,TIGR01029,TIGR01032,TIGR01039,TIGR01044,TIGR01059,TIGR01063,TIGR01066,TIGR01071,TIGR01079,TIGR01082,TIGR01087,TIGR01146,TIGR01164,TIGR01169,TIGR01171,TIGR01302,TIGR01391,TIGR01393,TIGR01394,TIGR01510,TIGR01632,TIGR01951,TIGR01953,TIGR02012,TIGR02013,TIGR02027,TIGR02075,TIGR02191,TIGR02273,TIGR02350,TIGR02386,TIGR02397,TIGR02432,TIGR02729,TIGR03263,TIGR03594,TIGR03625,TIGR03632,TIGR03654,TIGR03723,TIGR03725,TIGR03953			TIGR01128
query_GCA_051016205.1	119	1	0	0	PF00380.20,PF00410.20,PF00466.21,PF01025.20,PF02576.18,PF03726.15,TIGR00006,TIGR00019,TIGR00020,TIGR00029,TIGR00043,TIGR00054,TIGR00059,TIGR00061,TIGR00064,TIGR00065,TIGR00082,TIGR00083,TIGR00084,TIGR00086,TIGR00088,TIGR00090,TIGR00092,TIGR00095,TIGR00115,TIGR00116,TIGR00138,TIGR00158,TIGR00166,TIGR00168,TIGR00186,TIGR00194,TIGR00250,TIGR00337,TIGR00344,TIGR00362,TIGR00392,TIGR00396,TIGR00398,TIGR00414,TIGR00416,TIGR00420,TIGR00431,TIGR00435,TIGR00436,TIGR00442,TIGR00445,TIGR00456,TIGR00459,TIGR00460,TIGR00468,TIGR00472,TIGR00487,TIGR00496,TIGR00539,TIGR00580,TIGR00593,TIGR00615,TIGR00631,TIGR00634,TIGR00635,TIGR00643,TIGR00663,TIGR00717,TIGR00755,TIGR00810,TIGR00922,TIGR00928,TIGR00959,TIGR00963,TIGR00964,TIGR00967,TIGR01009,TIGR01011,TIGR01017,TIGR01021,TIGR01029,TIGR01032,TIGR01039,TIGR01044,TIGR01059,TIGR01063,TIGR01066,TIGR01071,TIGR01079,TIGR01082,TIGR01087,TIGR01128,TIGR01146,TIGR01164,TIGR01169,TIGR01171,TIGR01302,TIGR01391,TIGR01393,TIGR01394,TIGR01510,TIGR01632,TIGR01951,TIGR01953,TIGR02012,TIGR02013,TIGR02027,TIGR02075,TIGR02191,TIGR02273,TIGR02350,TIGR02386,TIGR02397,TIGR02432,TIGR02729,TIGR03263,TIGR03594,TIGR03625,TIGR03632,TIGR03654,TIGR03723,TIGR03725,TIGR03953	TIGR00382		
query_GCA_060610975.1	113	5	0	2	PF00380.20,PF00410.20,PF00466.21,PF02576.18,PF03726.15,TIGR00006,TIGR00019,TIGR00020,TIGR00029,TIGR00043,TIGR00054,TIGR00059,TIGR00061,TIGR00064,TIGR00065,TIGR00082,TIGR00083,TIGR00084,TIGR00086,TIGR00088,TIGR00090,TIGR00092,TIGR00095,TIGR00115,TIGR00158,TIGR00166,TIGR00168,TIGR00186,TIGR00194,TIGR00250,TIGR00337,TIGR00344,TIGR00362,TIGR00392,TIGR00396,TIGR00414,TIGR00416,TIGR00420,TIGR00431,TIGR00435,TIGR00436,TIGR00442,TIGR00445,TIGR00459,TIGR00460,TIGR00468,TIGR00472,TIGR00487,TIGR00496,TIGR00539,TIGR00580,TIGR00593,TIGR00615,TIGR00631,TIGR00634,TIGR00635,TIGR00643,TIGR00663,TIGR00717,TIGR00755,TIGR00810,TIGR00922,TIGR00928,TIGR00959,TIGR00963,TIGR00964,TIGR00967,TIGR01009,TIGR01011,TIGR01017,TIGR01021,TIGR01029,TIGR01032,TIGR01039,TIGR01044,TIGR01059,TIGR01063,TIGR01066,TIGR01071,TIGR01079,TIGR01082,TIGR01087,TIGR01128,TIGR01146,TIGR01164,TIGR01169,TIGR01171,TIGR01302,TIGR01391,TIGR01393,TIGR01394,TIGR01510,TIGR01632,TIGR01951,TIGR01953,TIGR02012,TIGR02013,TIGR02027,TIGR02075,TIGR02191,TIGR02273,TIGR02386,TIGR02397,TIGR02432,TIGR02729,TIGR03263,TIGR03594,TIGR03625,TIGR03632,TIGR03654,TIGR03723,TIGR03725,TIGR03953	PF01025.20,TIGR00116,TIGR00382,TIGR00398,TIGR02350		TIGR00138,TIGR00456
query_GCA_943372435.1	119	1	0	0	PF00380.20,PF00410.20,PF00466.21,PF01025.20,PF02576.18,PF03726.15,TIGR00006,TIGR00019,TIGR00020,TIGR00029,TIGR00043,TIGR00054,TIGR00059,TIGR00061,TIGR00064,TIGR00065,TIGR00082,TIGR00083,TIGR00084,TIGR00086,TIGR00088,TIGR00090,TIGR00092,TIGR00095,TIGR00115,TIGR00116,TIGR00138,TIGR00158,TIGR00166,TIGR00168,TIGR00186,TIGR00194,TIGR00250,TIGR00337,TIGR00344,TIGR00362,TIGR00392,TIGR00396,TIGR00398,TIGR00414,TIGR00416,TIGR00420,TIGR00431,TIGR00435,TIGR00436,TIGR00442,TIGR00445,TIGR00456,TIGR00459,TIGR00460,TIGR00468,TIGR00472,TIGR00487,TIGR00496,TIGR00539,TIGR00580,TIGR00593,TIGR00615,TIGR00631,TIGR00634,TIGR00635,TIGR00643,TIGR00663,TIGR00717,TIGR00755,TIGR00810,TIGR00922,TIGR00928,TIGR00959,TIGR00963,TIGR00964,TIGR00967,TIGR01009,TIGR01011,TIGR01017,TIGR01021,TIGR01029,TIGR01032,TIGR01039,TIGR01044,TIGR01059,TIGR01063,TIGR01066,TIGR01071,TIGR01079,TIGR01082,TIGR01087,TIGR01128,TIGR01146,TIGR01164,TIGR01169,TIGR01171,TIGR01302,TIGR01391,TIGR01393,TIGR01394,TIGR01510,TIGR01632,TIGR01951,TIGR01953,TIGR02012,TIGR02013,TIGR02027,TIGR02075,TIGR02191,TIGR02273,TIGR02350,TIGR02386,TIGR02397,TIGR02432,TIGR02729,TIGR03263,TIGR03594,TIGR03625,TIGR03632,TIGR03654,TIGR03723,TIGR03725,TIGR03953	TIGR00382		
query_GCA_977190485.1	116	3	0	1	PF00380.20,PF00410.20,PF00466.21,PF01025.20,PF02576.18,PF03726.15,TIGR00006,TIGR00019,TIGR00020,TIGR00029,TIGR00043,TIGR00054,TIGR00059,TIGR00061,TIGR00064,TIGR00065,TIGR00082,TIGR00083,TIGR00084,TIGR00086,TIGR00088,TIGR00090,TIGR00092,TIGR00095,TIGR00115,TIGR00116,TIGR00138,TIGR00158,TIGR00166,TIGR00168,TIGR00186,TIGR00194,TIGR00250,TIGR00337,TIGR00344,TIGR00362,TIGR00392,TIGR00396,TIGR00398,TIGR00414,TIGR00416,TIGR00431,TIGR00435,TIGR00436,TIGR00442,TIGR00445,TIGR00456,TIGR00459,TIGR00460,TIGR00468,TIGR00472,TIGR00487,TIGR00496,TIGR00539,TIGR00580,TIGR00593,TIGR00615,TIGR00631,TIGR00634,TIGR00635,TIGR00643,TIGR00663,TIGR00717,TIGR00755,TIGR00810,TIGR00922,TIGR00928,TIGR00959,TIGR00963,TIGR00964,TIGR00967,TIGR01009,TIGR01011,TIGR01017,TIGR01021,TIGR01029,TIGR01032,TIGR01044,TIGR01059,TIGR01063,TIGR01066,TIGR01071,TIGR01079,TIGR01082,TIGR01087,TIGR01128,TIGR01164,TIGR01169,TIGR01171,TIGR01302,TIGR01391,TIGR01393,TIGR01394,TIGR01510,TIGR01632,TIGR01951,TIGR01953,TIGR02012,TIGR02013,TIGR02027,TIGR02075,TIGR02191,TIGR02273,TIGR02350,TIGR02386,TIGR02397,TIGR02432,TIGR02729,TIGR03263,TIGR03594,TIGR03625,TIGR03632,TIGR03654,TIGR03723,TIGR03725,TIGR03953	TIGR00382,TIGR01039,TIGR01146		TIGR00420
query_GCA_977202345.1	117	3	0	0	PF00380.20,PF00410.20,PF00466.21,PF01025.20,PF02576.18,PF03726.15,TIGR00006,TIGR00019,TIGR00020,TIGR00029,TIGR00043,TIGR00054,TIGR00059,TIGR00061,TIGR00064,TIGR00065,TIGR00082,TIGR00083,TIGR00084,TIGR00086,TIGR00088,TIGR00090,TIGR00092,TIGR00095,TIGR00115,TIGR00116,TIGR00138,TIGR00158,TIGR00166,TIGR00168,TIGR00186,TIGR00194,TIGR00250,TIGR00337,TIGR00344,TIGR00362,TIGR00392,TIGR00396,TIGR00398,TIGR00414,TIGR00416,TIGR00420,TIGR00431,TIGR00435,TIGR00436,TIGR00442,TIGR00445,TIGR00456,TIGR00459,TIGR00460,TIGR00468,TIGR00472,TIGR00487,TIGR00496,TIGR00539,TIGR00580,TIGR00593,TIGR00615,TIGR00631,TIGR00634,TIGR00635,TIGR00643,TIGR00663,TIGR00717,TIGR00755,TIGR00810,TIGR00922,TIGR00928,TIGR00959,TIGR00963,TIGR00964,TIGR00967,TIGR01009,TIGR01011,TIGR01017,TIGR01021,TIGR01029,TIGR01032,TIGR01044,TIGR01059,TIGR01063,TIGR01066,TIGR01071,TIGR01079,TIGR01082,TIGR01087,TIGR01128,TIGR01164,TIGR01169,TIGR01171,TIGR01302,TIGR01391,TIGR01393,TIGR01394,TIGR01510,TIGR01632,TIGR01951,TIGR01953,TIGR02012,TIGR02013,TIGR02027,TIGR02075,TIGR02191,TIGR02273,TIGR02350,TIGR02386,TIGR02397,TIGR02432,TIGR02729,TIGR03263,TIGR03594,TIGR03625,TIGR03632,TIGR03654,TIGR03723,TIGR03725,TIGR03953	TIGR00382,TIGR01039,TIGR01146		
query_GCA_977206845.1	117	3	0	0	PF00380.20,PF00410.20,PF00466.21,PF01025.20,PF02576.18,PF03726.15,TIGR00006,TIGR00019,TIGR00020,TIGR00029,TIGR00043,TIGR00054,TIGR00059,TIGR00061,TIGR00064,TIGR00065,TIGR00082,TIGR00083,TIGR00084,TIGR00086,TIGR00088,TIGR00090,TIGR00092,TIGR00095,TIGR00115,TIGR00116,TIGR00138,TIGR00158,TIGR00166,TIGR00168,TIGR00186,TIGR00194,TIGR00250,TIGR00337,TIGR00344,TIGR00362,TIGR00392,TIGR00396,TIGR00398,TIGR00414,TIGR00416,TIGR00420,TIGR00431,TIGR00435,TIGR00436,TIGR00442,TIGR00445,TIGR00456,TIGR00459,TIGR00460,TIGR00468,TIGR00472,TIGR00487,TIGR00496,TIGR00539,TIGR00580,TIGR00593,TIGR00615,TIGR00631,TIGR00634,TIGR00635,TIGR00643,TIGR00663,TIGR00717,TIGR00755,TIGR00810,TIGR00922,TIGR00928,TIGR00959,TIGR00963,TIGR00964,TIGR00967,TIGR01009,TIGR01011,TIGR01017,TIGR01021,TIGR01029,TIGR01032,TIGR01044,TIGR01059,TIGR01063,TIGR01066,TIGR01071,TIGR01079,TIGR01082,TIGR01087,TIGR01128,TIGR01164,TIGR01169,TIGR01171,TIGR01302,TIGR01391,TIGR01393,TIGR01394,TIGR01510,TIGR01632,TIGR01951,TIGR01953,TIGR02012,TIGR02013,TIGR02027,TIGR02075,TIGR02191,TIGR02273,TIGR02350,TIGR02386,TIGR02397,TIGR02432,TIGR02729,TIGR03263,TIGR03594,TIGR03625,TIGR03632,TIGR03654,TIGR03723,TIGR03725,TIGR03953	TIGR00382,TIGR01039,TIGR01146		
query_GCA_977242165.1	116	3	0	1	PF00380.20,PF00410.20,PF00466.21,PF01025.20,PF02576.18,PF03726.15,TIGR00006,TIGR00019,TIGR00020,TIGR00029,TIGR00043,TIGR00054,TIGR00059,TIGR00061,TIGR00064,TIGR00065,TIGR00082,TIGR00083,TIGR00084,TIGR00086,TIGR00088,TIGR00090,TIGR00092,TIGR00095,TIGR00115,TIGR00116,TIGR00138,TIGR00158,TIGR00166,TIGR00168,TIGR00186,TIGR00194,TIGR00250,TIGR00337,TIGR00344,TIGR00362,TIGR00392,TIGR00396,TIGR00398,TIGR00414,TIGR00416,TIGR00420,TIGR00431,TIGR00435,TIGR00436,TIGR00442,TIGR00445,TIGR00456,TIGR00459,TIGR00460,TIGR00468,TIGR00472,TIGR00487,TIGR00496,TIGR00539,TIGR00580,TIGR00593,TIGR00615,TIGR00631,TIGR00635,TIGR00643,TIGR00663,TIGR00717,TIGR00755,TIGR00810,TIGR00922,TIGR00928,TIGR00959,TIGR00963,TIGR00964,TIGR00967,TIGR01009,TIGR01011,TIGR01017,TIGR01021,TIGR01029,TIGR01032,TIGR01044,TIGR01059,TIGR01063,TIGR01066,TIGR01071,TIGR01079,TIGR01082,TIGR01087,TIGR01128,TIGR01164,TIGR01169,TIGR01171,TIGR01302,TIGR01391,TIGR01393,TIGR01394,TIGR01510,TIGR01632,TIGR01951,TIGR01953,TIGR02012,TIGR02013,TIGR02027,TIGR02075,TIGR02191,TIGR02273,TIGR02350,TIGR02386,TIGR02397,TIGR02432,TIGR02729,TIGR03263,TIGR03594,TIGR03625,TIGR03632,TIGR03654,TIGR03723,TIGR03725,TIGR03953	TIGR00382,TIGR01039,TIGR01146		TIGR00634
query_GCA_977254065.1	115	4	0	1	PF00380.20,PF00410.20,PF00466.21,PF01025.20,PF02576.18,TIGR00006,TIGR00019,TIGR00020,TIGR00029,TIGR00043,TIGR00054,TIGR00059,TIGR00061,TIGR00064,TIGR00065,TIGR00082,TIGR00083,TIGR00084,TIGR00086,TIGR00088,TIGR00090,TIGR00092,TIGR00095,TIGR00115,TIGR00116,TIGR00138,TIGR00158,TIGR00166,TIGR00168,TIGR00186,TIGR00194,TIGR00250,TIGR00337,TIGR00344,TIGR00362,TIGR00392,TIGR00396,TIGR00398,TIGR00414,TIGR00416,TIGR00420,TIGR00431,TIGR00435,TIGR00436,TIGR00442,TIGR00445,TIGR00456,TIGR00459,TIGR00460,TIGR00468,TIGR00472,TIGR00487,TIGR00496,TIGR00539,TIGR00580,TIGR00593,TIGR00615,TIGR00631,TIGR00635,TIGR00643,TIGR00663,TIGR00717,TIGR00755,TIGR00810,TIGR00922,TIGR00928,TIGR00959,TIGR00963,TIGR00964,TIGR00967,TIGR01009,TIGR01011,TIGR01017,TIGR01021,TIGR01029,TIGR01032,TIGR01044,TIGR01059,TIGR01063,TIGR01066,TIGR01071,TIGR01079,TIGR01082,TIGR01087,TIGR01128,TIGR01164,TIGR01169,TIGR01171,TIGR01302,TIGR01391,TIGR01393,TIGR01394,TIGR01510,TIGR01632,TIGR01951,TIGR01953,TIGR02012,TIGR02013,TIGR02027,TIGR02075,TIGR02191,TIGR02273,TIGR02350,TIGR02386,TIGR02397,TIGR02432,TIGR02729,TIGR03263,TIGR03594,TIGR03625,TIGR03632,TIGR03654,TIGR03723,TIGR03725,TIGR03953	PF03726.15,TIGR00382,TIGR01039,TIGR01146		TIGR00634
query_GCF_000735585.1	119	1	0	0	PF00380.20,PF00410.20,PF00466.21,PF01025.20,PF02576.18,PF03726.15,TIGR00006,TIGR00019,TIGR00020,TIGR00029,TIGR00043,TIGR00054,TIGR00059,TIGR00061,TIGR00064,TIGR00065,TIGR00082,TIGR00083,TIGR00084,TIGR00086,TIGR00088,TIGR00090,TIGR00092,TIGR00095,TIGR00115,TIGR00116,TIGR00138,TIGR00158,TIGR00166,TIGR00168,TIGR00186,TIGR00194,TIGR00250,TIGR00337,TIGR00344,TIGR00362,TIGR00392,TIGR00396,TIGR00398,TIGR00414,TIGR00416,TIGR00420,TIGR00431,TIGR00435,TIGR00436,TIGR00442,TIGR00445,TIGR00456,TIGR00459,TIGR00460,TIGR00468,TIGR00472,TIGR00487,TIGR00496,TIGR00539,TIGR00580,TIGR00593,TIGR00615,TIGR00631,TIGR00634,TIGR00635,TIGR00643,TIGR00663,TIGR00717,TIGR00755,TIGR00810,TIGR00922,TIGR00928,TIGR00959,TIGR00963,TIGR00964,TIGR00967,TIGR01009,TIGR01011,TIGR01017,TIGR01021,TIGR01029,TIGR01032,TIGR01039,TIGR01044,TIGR01059,TIGR01063,TIGR01066,TIGR01071,TIGR01079,TIGR01082,TIGR01087,TIGR01128,TIGR01146,TIGR01164,TIGR01169,TIGR01171,TIGR01302,TIGR01391,TIGR01393,TIGR01394,TIGR01510,TIGR01632,TIGR01951,TIGR01953,TIGR02012,TIGR02013,TIGR02027,TIGR02075,TIGR02191,TIGR02273,TIGR02350,TIGR02386,TIGR02397,TIGR02432,TIGR02729,TIGR03263,TIGR03594,TIGR03625,TIGR03632,TIGR03654,TIGR03723,TIGR03725,TIGR03953	TIGR00382		
query_GCF_000743575.1	119	1	0	0	PF00380.20,PF00410.20,PF00466.21,PF01025.20,PF02576.18,PF03726.15,TIGR00006,TIGR00019,TIGR00020,TIGR00029,TIGR00043,TIGR00054,TIGR00059,TIGR00061,TIGR00064,TIGR00065,TIGR00082,TIGR00083,TIGR00084,TIGR00086,TIGR00088,TIGR00090,TIGR00092,TIGR00095,TIGR00115,TIGR00116,TIGR00138,TIGR00158,TIGR00166,TIGR00168,TIGR00186,TIGR00194,TIGR00250,TIGR00337,TIGR00344,TIGR00362,TIGR00392,TIGR00396,TIGR00398,TIGR00414,TIGR00416,TIGR00420,TIGR00431,TIGR00435,TIGR00436,TIGR00442,TIGR00445,TIGR00456,TIGR00459,TIGR00460,TIGR00468,TIGR00472,TIGR00487,TIGR00496,TIGR00539,TIGR00580,TIGR00593,TIGR00615,TIGR00631,TIGR00634,TIGR00635,TIGR00643,TIGR00663,TIGR00717,TIGR00755,TIGR00810,TIGR00922,TIGR00928,TIGR00959,TIGR00963,TIGR00964,TIGR00967,TIGR01009,TIGR01011,TIGR01017,TIGR01021,TIGR01029,TIGR01032,TIGR01039,TIGR01044,TIGR01059,TIGR01063,TIGR01066,TIGR01071,TIGR01079,TIGR01082,TIGR01087,TIGR01128,TIGR01146,TIGR01164,TIGR01169,TIGR01171,TIGR01302,TIGR01391,TIGR01393,TIGR01394,TIGR01510,TIGR01632,TIGR01951,TIGR01953,TIGR02012,TIGR02013,TIGR02027,TIGR02075,TIGR02191,TIGR02273,TIGR02350,TIGR02386,TIGR02397,TIGR02432,TIGR02729,TIGR03263,TIGR03594,TIGR03625,TIGR03632,TIGR03654,TIGR03723,TIGR03725,TIGR03953	TIGR00382		
query_GCF_000969445.1	120	0	0	0	PF00380.20,PF00410.20,PF00466.21,PF01025.20,PF02576.18,PF03726.15,TIGR00006,TIGR00019,TIGR00020,TIGR00029,TIGR00043,TIGR00054,TIGR00059,TIGR00061,TIGR00064,TIGR00065,TIGR00082,TIGR00083,TIGR00084,TIGR00086,TIGR00088,TIGR00090,TIGR00092,TIGR00095,TIGR00115,TIGR00116,TIGR00138,TIGR00158,TIGR00166,TIGR00168,TIGR00186,TIGR00194,TIGR00250,TIGR00337,TIGR00344,TIGR00362,TIGR00382,TIGR00392,TIGR00396,TIGR00398,TIGR00414,TIGR00416,TIGR00420,TIGR00431,TIGR00435,TIGR00436,TIGR00442,TIGR00445,TIGR00456,TIGR00459,TIGR00460,TIGR00468,TIGR00472,TIGR00487,TIGR00496,TIGR00539,TIGR00580,TIGR00593,TIGR00615,TIGR00631,TIGR00634,TIGR00635,TIGR00643,TIGR00663,TIGR00717,TIGR00755,TIGR00810,TIGR00922,TIGR00928,TIGR00959,TIGR00963,TIGR00964,TIGR00967,TIGR01009,TIGR01011,TIGR01017,TIGR01021,TIGR01029,TIGR01032,TIGR01039,TIGR01044,TIGR01059,TIGR01063,TIGR01066,TIGR01071,TIGR01079,TIGR01082,TIGR01087,TIGR01128,TIGR01146,TIGR01164,TIGR01169,TIGR01171,TIGR01302,TIGR01391,TIGR01393,TIGR01394,TIGR01510,TIGR01632,TIGR01951,TIGR01953,TIGR02012,TIGR02013,TIGR02027,TIGR02075,TIGR02191,TIGR02273,TIGR02350,TIGR02386,TIGR02397,TIGR02432,TIGR02729,TIGR03263,TIGR03594,TIGR03625,TIGR03632,TIGR03654,TIGR03723,TIGR03725,TIGR03953			
query_GCF_000970435.1	119	1	0	0	PF00380.20,PF00410.20,PF00466.21,PF01025.20,PF02576.18,PF03726.15,TIGR00006,TIGR00019,TIGR00020,TIGR00029,TIGR00043,TIGR00054,TIGR00059,TIGR00061,TIGR00064,TIGR00065,TIGR00082,TIGR00083,TIGR00084,TIGR00086,TIGR00088,TIGR00090,TIGR00092,TIGR00095,TIGR00115,TIGR00116,TIGR00138,TIGR00158,TIGR00166,TIGR00168,TIGR00186,TIGR00194,TIGR00250,TIGR00337,TIGR00344,TIGR00362,TIGR00392,TIGR00396,TIGR00398,TIGR00414,TIGR00416,TIGR00420,TIGR00431,TIGR00435,TIGR00436,TIGR00442,TIGR00445,TIGR00456,TIGR00459,TIGR00460,TIGR00468,TIGR00472,TIGR00487,TIGR00496,TIGR00539,TIGR00580,TIGR00593,TIGR00615,TIGR00631,TIGR00634,TIGR00635,TIGR00643,TIGR00663,TIGR00717,TIGR00755,TIGR00810,TIGR00922,TIGR00928,TIGR00959,TIGR00963,TIGR00964,TIGR00967,TIGR01009,TIGR01011,TIGR01017,TIGR01021,TIGR01029,TIGR01032,TIGR01039,TIGR01044,TIGR01059,TIGR01063,TIGR01066,TIGR01071,TIGR01079,TIGR01082,TIGR01087,TIGR01128,TIGR01146,TIGR01164,TIGR01169,TIGR01171,TIGR01302,TIGR01391,TIGR01393,TIGR01394,TIGR01510,TIGR01632,TIGR01951,TIGR01953,TIGR02012,TIGR02013,TIGR02027,TIGR02075,TIGR02191,TIGR02273,TIGR02350,TIGR02386,TIGR02397,TIGR02432,TIGR02729,TIGR03263,TIGR03594,TIGR03625,TIGR03632,TIGR03654,TIGR03723,TIGR03725,TIGR03953	TIGR00382		
query_GCF_000970455.1	118	2	0	0	PF00380.20,PF00410.20,PF00466.21,PF01025.20,PF02576.18,PF03726.15,TIGR00006,TIGR00019,TIGR00020,TIGR00029,TIGR00043,TIGR00054,TIGR00059,TIGR00061,TIGR00064,TIGR00065,TIGR00082,TIGR00083,TIGR00084,TIGR00086,TIGR00088,TIGR00090,TIGR00092,TIGR00095,TIGR00115,TIGR00116,TIGR00138,TIGR00158,TIGR00166,TIGR00168,TIGR00186,TIGR00194,TIGR00250,TIGR00337,TIGR00344,TIGR00362,TIGR00392,TIGR00396,TIGR00398,TIGR00414,TIGR00416,TIGR00420,TIGR00435,TIGR00436,TIGR00442,TIGR00445,TIGR00456,TIGR00459,TIGR00460,TIGR00468,TIGR00472,TIGR00487,TIGR00496,TIGR00539,TIGR00580,TIGR00593,TIGR00615,TIGR00631,TIGR00634,TIGR00635,TIGR00643,TIGR00663,TIGR00717,TIGR00755,TIGR00810,TIGR00922,TIGR00928,TIGR00959,TIGR00963,TIGR00964,TIGR00967,TIGR01009,TIGR01011,TIGR01017,TIGR01021,TIGR01029,TIGR01032,TIGR01039,TIGR01044,TIGR01059,TIGR01063,TIGR01066,TIGR01071,TIGR01079,TIGR01082,TIGR01087,TIGR01128,TIGR01146,TIGR01164,TIGR01169,TIGR01171,TIGR01302,TIGR01391,TIGR01393,TIGR01394,TIGR01510,TIGR01632,TIGR01951,TIGR01953,TIGR02012,TIGR02013,TIGR02027,TIGR02075,TIGR02191,TIGR02273,TIGR02350,TIGR02386,TIGR02397,TIGR02432,TIGR02729,TIGR03263,TIGR03594,TIGR03625,TIGR03632,TIGR03654,TIGR03723,TIGR03725,TIGR03953	TIGR00382,TIGR00431		
query_GCF_000971295.1	119	1	0	0	PF00380.20,PF00410.20,PF00466.21,PF01025.20,PF02576.18,PF03726.15,TIGR00006,TIGR00019,TIGR00020,TIGR00029,TIGR00043,TIGR00054,TIGR00059,TIGR00061,TIGR00064,TIGR00065,TIGR00082,TIGR00083,TIGR00084,TIGR00086,TIGR00088,TIGR00090,TIGR00092,TIGR00095,TIGR00115,TIGR00116,TIGR00138,TIGR00158,TIGR00166,TIGR00168,TIGR00186,TIGR00194,TIGR00250,TIGR00337,TIGR00344,TIGR00362,TIGR00392,TIGR00396,TIGR00398,TIGR00414,TIGR00416,TIGR00420,TIGR00431,TIGR00435,TIGR00436,TIGR00442,TIGR00445,TIGR00456,TIGR00459,TIGR00460,TIGR00468,TIGR00472,TIGR00487,TIGR00496,TIGR00539,TIGR00580,TIGR00593,TIGR00615,TIGR00631,TIGR00634,TIGR00635,TIGR00643,TIGR00663,TIGR00717,TIGR00755,TIGR00810,TIGR00922,TIGR00928,TIGR00959,TIGR00963,TIGR00964,TIGR00967,TIGR01009,TIGR01011,TIGR01017,TIGR01021,TIGR01029,TIGR01032,TIGR01039,TIGR01044,TIGR01059,TIGR01063,TIGR01066,TIGR01071,TIGR01079,TIGR01082,TIGR01087,TIGR01128,TIGR01146,TIGR01164,TIGR01169,TIGR01171,TIGR01302,TIGR01391,TIGR01393,TIGR01394,TIGR01510,TIGR01632,TIGR01951,TIGR01953,TIGR02012,TIGR02013,TIGR02027,TIGR02075,TIGR02191,TIGR02273,TIGR02350,TIGR02386,TIGR02397,TIGR02432,TIGR02729,TIGR03263,TIGR03594,TIGR03625,TIGR03632,TIGR03654,TIGR03723,TIGR03725,TIGR03953	TIGR00382		
query_GCF_001402915.1	119	1	0	0	PF00380.20,PF00410.20,PF00466.21,PF01025.20,PF02576.18,PF03726.15,TIGR00006,TIGR00019,TIGR00020,TIGR00029,TIGR00043,TIGR00054,TIGR00059,TIGR00061,TIGR00064,TIGR00065,TIGR00082,TIGR00083,TIGR00084,TIGR00086,TIGR00088,TIGR00090,TIGR00092,TIGR00095,TIGR00115,TIGR00116,TIGR00138,TIGR00158,TIGR00166,TIGR00168,TIGR00186,TIGR00194,TIGR00250,TIGR00337,TIGR00344,TIGR00362,TIGR00392,TIGR00396,TIGR00398,TIGR00414,TIGR00416,TIGR00420,TIGR00431,TIGR00435,TIGR00436,TIGR00442,TIGR00445,TIGR00456,TIGR00459,TIGR00460,TIGR00468,TIGR00472,TIGR00487,TIGR00496,TIGR00539,TIGR00580,TIGR00593,TIGR00615,TIGR00631,TIGR00634,TIGR00635,TIGR00643,TIGR00663,TIGR00717,TIGR00755,TIGR00810,TIGR00922,TIGR00928,TIGR00959,TIGR00963,TIGR00964,TIGR00967,TIGR01009,TIGR01011,TIGR01017,TIGR01021,TIGR01029,TIGR01032,TIGR01039,TIGR01044,TIGR01059,TIGR01063,TIGR01066,TIGR01071,TIGR01079,TIGR01082,TIGR01087,TIGR01128,TIGR01146,TIGR01164,TIGR01169,TIGR01171,TIGR01302,TIGR01391,TIGR01393,TIGR01394,TIGR01510,TIGR01632,TIGR01951,TIGR01953,TIGR02012,TIGR02013,TIGR02027,TIGR02075,TIGR02191,TIGR02273,TIGR02350,TIGR02386,TIGR02397,TIGR02432,TIGR02729,TIGR03263,TIGR03594,TIGR03625,TIGR03632,TIGR03654,TIGR03723,TIGR03725,TIGR03953	TIGR00382		
query_GCF_001421945.1	119	1	0	0	PF00380.20,PF00410.20,PF00466.21,PF01025.20,PF02576.18,PF03726.15,TIGR00006,TIGR00019,TIGR00020,TIGR00029,TIGR00043,TIGR00054,TIGR00059,TIGR00061,TIGR00064,TIGR00065,TIGR00082,TIGR00083,TIGR00084,TIGR00086,TIGR00088,TIGR00090,TIGR00092,TIGR00095,TIGR00115,TIGR00116,TIGR00138,TIGR00158,TIGR00166,TIGR00168,TIGR00186,TIGR00194,TIGR00250,TIGR00337,TIGR00344,TIGR00362,TIGR00382,TIGR00392,TIGR00396,TIGR00398,TIGR00414,TIGR00416,TIGR00420,TIGR00431,TIGR00435,TIGR00436,TIGR00442,TIGR00445,TIGR00456,TIGR00459,TIGR00460,TIGR00468,TIGR00472,TIGR00487,TIGR00496,TIGR00539,TIGR00593,TIGR00615,TIGR00631,TIGR00634,TIGR00635,TIGR00643,TIGR00663,TIGR00717,TIGR00755,TIGR00810,TIGR00922,TIGR00928,TIGR00959,TIGR00963,TIGR00964,TIGR00967,TIGR01009,TIGR01011,TIGR01017,TIGR01021,TIGR01029,TIGR01032,TIGR01039,TIGR01044,TIGR01059,TIGR01063,TIGR01066,TIGR01071,TIGR01079,TIGR01082,TIGR01087,TIGR01128,TIGR01146,TIGR01164,TIGR01169,TIGR01171,TIGR01302,TIGR01391,TIGR01393,TIGR01394,TIGR01510,TIGR01632,TIGR01951,TIGR01953,TIGR02012,TIGR02013,TIGR02027,TIGR02075,TIGR02191,TIGR02273,TIGR02350,TIGR02386,TIGR02397,TIGR02432,TIGR02729,TIGR03263,TIGR03594,TIGR03625,TIGR03632,TIGR03654,TIGR03723,TIGR03725,TIGR03953	TIGR00580		
query_GCF_001424865.1	118	2	0	0	PF00380.20,PF00410.20,PF00466.21,PF01025.20,PF02576.18,PF03726.15,TIGR00006,TIGR00019,TIGR00020,TIGR00029,TIGR00043,TIGR00054,TIGR00059,TIGR00061,TIGR00064,TIGR00065,TIGR00082,TIGR00083,TIGR00084,TIGR00086,TIGR00088,TIGR00090,TIGR00092,TIGR00095,TIGR00115,TIGR00116,TIGR00138,TIGR00158,TIGR00166,TIGR00168,TIGR00186,TIGR00194,TIGR00250,TIGR00337,TIGR00344,TIGR00362,TIGR00392,TIGR00396,TIGR00398,TIGR00414,TIGR00416,TIGR00420,TIGR00431,TIGR00435,TIGR00436,TIGR00442,TIGR00445,TIGR00456,TIGR00459,TIGR00460,TIGR00468,TIGR00472,TIGR00487,TIGR00496,TIGR00539,TIGR00580,TIGR00593,TIGR00615,TIGR00631,TIGR00634,TIGR00635,TIGR00643,TIGR00663,TIGR00717,TIGR00755,TIGR00810,TIGR00922,TIGR00928,TIGR00959,TIGR00963,TIGR00964,TIGR00967,TIGR01009,TIGR01011,TIGR01017,TIGR01021,TIGR01029,TIGR01032,TIGR01039,TIGR01044,TIGR01059,TIGR01063,TIGR01066,TIGR01071,TIGR01079,TIGR01082,TIGR01087,TIGR01128,TIGR01146,TIGR01164,TIGR01169,TIGR01171,TIGR01302,TIGR01393,TIGR01394,TIGR01510,TIGR01632,TIGR01951,TIGR01953,TIGR02012,TIGR02013,TIGR02027,TIGR02075,TIGR02191,TIGR02273,TIGR02350,TIGR02386,TIGR02397,TIGR02432,TIGR02729,TIGR03263,TIGR03594,TIGR03625,TIGR03632,TIGR03654,TIGR03723,TIGR03725,TIGR03953	TIGR00382,TIGR01391		
query_GCF_001425235.1	119	1	0	0	PF00380.20,PF00410.20,PF00466.21,PF01025.20,PF02576.18,PF03726.15,TIGR00006,TIGR00019,TIGR00020,TIGR00029,TIGR00043,TIGR00054,TIGR00059,TIGR00061,TIGR00064,TIGR00065,TIGR00082,TIGR00083,TIGR00084,TIGR00086,TIGR00088,TIGR00090,TIGR00092,TIGR00095,TIGR00115,TIGR00116,TIGR00138,TIGR00158,TIGR00166,TIGR00168,TIGR00186,TIGR00194,TIGR00250,TIGR00337,TIGR00344,TIGR00362,TIGR00392,TIGR00396,TIGR00398,TIGR00414,TIGR00416,TIGR00420,TIGR00431,TIGR00435,TIGR00436,TIGR00442,TIGR00445,TIGR00456,TIGR00459,TIGR00460,TIGR00468,TIGR00472,TIGR00487,TIGR00496,TIGR00539,TIGR00580,TIGR00593,TIGR00615,TIGR00631,TIGR00634,TIGR00635,TIGR00643,TIGR00663,TIGR00717,TIGR00755,TIGR00810,TIGR00922,TIGR00928,TIGR00959,TIGR00963,TIGR00964,TIGR00967,TIGR01009,TIGR01011,TIGR01017,TIGR01021,TIGR01029,TIGR01032,TIGR01039,TIGR01044,TIGR01059,TIGR01063,TIGR01066,TIGR01071,TIGR01079,TIGR01082,TIGR01087,TIGR01128,TIGR01146,TIGR01164,TIGR01169,TIGR01171,TIGR01302,TIGR01391,TIGR01393,TIGR01394,TIGR01510,TIGR01632,TIGR01951,TIGR01953,TIGR02012,TIGR02013,TIGR02027,TIGR02075,TIGR02191,TIGR02273,TIGR02350,TIGR02386,TIGR02397,TIGR02432,TIGR02729,TIGR03263,TIGR03594,TIGR03625,TIGR03632,TIGR03654,TIGR03723,TIGR03725,TIGR03953	TIGR00382		
query_GCF_001425445.1	118	2	0	0	PF00380.20,PF00410.20,PF00466.21,PF01025.20,PF02576.18,PF03726.15,TIGR00006,TIGR00019,TIGR00020,TIGR00029,TIGR00043,TIGR00054,TIGR00059,TIGR00061,TIGR00064,TIGR00065,TIGR00082,TIGR00083,TIGR00084,TIGR00086,TIGR00088,TIGR00090,TIGR00092,TIGR00095,TIGR00115,TIGR00116,TIGR00138,TIGR00158,TIGR00166,TIGR00168,TIGR00186,TIGR00194,TIGR00250,TIGR00337,TIGR00344,TIGR00362,TIGR00382,TIGR00392,TIGR00396,TIGR00398,TIGR00414,TIGR00416,TIGR00420,TIGR00431,TIGR00435,TIGR00436,TIGR00442,TIGR00445,TIGR00456,TIGR00459,TIGR00460,TIGR00468,TIGR00472,TIGR00487,TIGR00496,TIGR00539,TIGR00593,TIGR00615,TIGR00631,TIGR00634,TIGR00635,TIGR00643,TIGR00717,TIGR00755,TIGR00810,TIGR00922,TIGR00928,TIGR00959,TIGR00963,TIGR00964,TIGR00967,TIGR01009,TIGR01011,TIGR01017,TIGR01021,TIGR01029,TIGR01032,TIGR01039,TIGR01044,TIGR01059,TIGR01063,TIGR01066,TIGR01071,TIGR01079,TIGR01082,TIGR01087,TIGR01128,TIGR01146,TIGR01164,TIGR01169,TIGR01171,TIGR01302,TIGR01391,TIGR01393,TIGR01394,TIGR01510,TIGR01632,TIGR01951,TIGR01953,TIGR02012,TIGR02013,TIGR02027,TIGR02075,TIGR02191,TIGR02273,TIGR02350,TIGR02386,TIGR02397,TIGR02432,TIGR02729,TIGR03263,TIGR03594,TIGR03625,TIGR03632,TIGR03654,TIGR03723,TIGR03725,TIGR03953	TIGR00580,TIGR00663		
query_GCF_001426345.1	119	1	0	0	PF00380.20,PF00410.20,PF00466.21,PF01025.20,PF02576.18,PF03726.15,TIGR00006,TIGR00019,TIGR00020,TIGR00029,TIGR00043,TIGR00054,TIGR00059,TIGR00061,TIGR00064,TIGR00065,TIGR00082,TIGR00083,TIGR00084,TIGR00086,TIGR00088,TIGR00090,TIGR00092,TIGR00095,TIGR00115,TIGR00116,TIGR00138,TIGR00158,TIGR00166,TIGR00168,TIGR00186,TIGR00194,TIGR00250,TIGR00337,TIGR00344,TIGR00362,TIGR00392,TIGR00396,TIGR00398,TIGR00414,TIGR00416,TIGR00420,TIGR00431,TIGR00435,TIGR00436,TIGR00442,TIGR00445,TIGR00456,TIGR00459,TIGR00460,TIGR00468,TIGR00472,TIGR00487,TIGR00496,TIGR00539,TIGR00580,TIGR00593,TIGR00615,TIGR00631,TIGR00634,TIGR00635,TIGR00643,TIGR00663,TIGR00717,TIGR00755,TIGR00810,TIGR00922,TIGR00928,TIGR00959,TIGR00963,TIGR00964,TIGR00967,TIGR01009,TIGR01011,TIGR01017,TIGR01021,TIGR01029,TIGR01032,TIGR01039,TIGR01044,TIGR01059,TIGR01063,TIGR01066,TIGR01071,TIGR01079,TIGR01082,TIGR01087,TIGR01128,TIGR01146,TIGR01164,TIGR01169,TIGR01171,TIGR01302,TIGR01391,TIGR01393,TIGR01394,TIGR01510,TIGR01632,TIGR01951,TIGR01953,TIGR02012,TIGR02013,TIGR02027,TIGR02075,TIGR02191,TIGR02273,TIGR02350,TIGR02386,TIGR02397,TIGR02432,TIGR02729,TIGR03263,TIGR03594,TIGR03625,TIGR03632,TIGR03654,TIGR03723,TIGR03725,TIGR03953	TIGR00382		
query_GCF_001427605.1	119	1	0	0	PF00380.20,PF00410.20,PF00466.21,PF01025.20,PF02576.18,PF03726.15,TIGR00006,TIGR00019,TIGR00020,TIGR00029,TIGR00043,TIGR00054,TIGR00059,TIGR00061,TIGR00064,TIGR00065,TIGR00082,TIGR00083,TIGR00084,TIGR00086,TIGR00088,TIGR00090,TIGR00092,TIGR00095,TIGR00115,TIGR00116,TIGR00138,TIGR00158,TIGR00166,TIGR00168,TIGR00186,TIGR00194,TIGR00250,TIGR00337,TIGR00344,TIGR00362,TIGR00392,TIGR00396,TIGR00398,TIGR00414,TIGR00416,TIGR00420,TIGR00431,TIGR00435,TIGR00436,TIGR00442,TIGR00445,TIGR00456,TIGR00459,TIGR00460,TIGR00468,TIGR00472,TIGR00487,TIGR00496,TIGR00539,TIGR00580,TIGR00593,TIGR00615,TIGR00631,TIGR00634,TIGR00635,TIGR00643,TIGR00663,TIGR00717,TIGR00755,TIGR00810,TIGR00922,TIGR00928,TIGR00959,TIGR00963,TIGR00964,TIGR00967,TIGR01009,TIGR01011,TIGR01017,TIGR01021,TIGR01029,TIGR01032,TIGR01039,TIGR01044,TIGR01059,TIGR01063,TIGR01066,TIGR01071,TIGR01079,TIGR01082,TIGR01087,TIGR01128,TIGR01146,TIGR01164,TIGR01169,TIGR01171,TIGR01302,TIGR01391,TIGR01393,TIGR01394,TIGR01510,TIGR01632,TIGR01951,TIGR01953,TIGR02012,TIGR02013,TIGR02027,TIGR02075,TIGR02191,TIGR02273,TIGR02350,TIGR02386,TIGR02397,TIGR02432,TIGR02729,TIGR03263,TIGR03594,TIGR03625,TIGR03632,TIGR03654,TIGR03723,TIGR03725,TIGR03953	TIGR00382		
query_GCF_001427875.1	119	1	0	0	PF00380.20,PF00410.20,PF00466.21,PF01025.20,PF02576.18,PF03726.15,TIGR00006,TIGR00019,TIGR00020,TIGR00029,TIGR00043,TIGR00054,TIGR00059,TIGR00061,TIGR00064,TIGR00065,TIGR00082,TIGR00083,TIGR00084,TIGR00086,TIGR00088,TIGR00090,TIGR00092,TIGR00095,TIGR00115,TIGR00116,TIGR00138,TIGR00158,TIGR00166,TIGR00168,TIGR00186,TIGR00194,TIGR00250,TIGR00337,TIGR00344,TIGR00362,TIGR00392,TIGR00396,TIGR00398,TIGR00414,TIGR00416,TIGR00420,TIGR00431,TIGR00435,TIGR00436,TIGR00442,TIGR00445,TIGR00456,TIGR00459,TIGR00460,TIGR00468,TIGR00472,TIGR00487,TIGR00496,TIGR00539,TIGR00580,TIGR00593,TIGR00615,TIGR00631,TIGR00634,TIGR00635,TIGR00643,TIGR00663,TIGR00717,TIGR00755,TIGR00810,TIGR00922,TIGR00928,TIGR00959,TIGR00963,TIGR00964,TIGR00967,TIGR01009,TIGR01011,TIGR01017,TIGR01021,TIGR01029,TIGR01032,TIGR01039,TIGR01044,TIGR01059,TIGR01063,TIGR01066,TIGR01071,TIGR01079,TIGR01082,TIGR01087,TIGR01128,TIGR01146,TIGR01164,TIGR01169,TIGR01171,TIGR01302,TIGR01391,TIGR01393,TIGR01394,TIGR01510,TIGR01632,TIGR01951,TIGR01953,TIGR02012,TIGR02013,TIGR02027,TIGR02075,TIGR02191,TIGR02273,TIGR02350,TIGR02386,TIGR02397,TIGR02432,TIGR02729,TIGR03263,TIGR03594,TIGR03625,TIGR03632,TIGR03654,TIGR03723,TIGR03725,TIGR03953	TIGR00382		
query_GCF_001650025.1	118	2	0	0	PF00380.20,PF00410.20,PF00466.21,PF01025.20,PF02576.18,PF03726.15,TIGR00006,TIGR00019,TIGR00020,TIGR00029,TIGR00043,TIGR00054,TIGR00059,TIGR00061,TIGR00064,TIGR00065,TIGR00082,TIGR00083,TIGR00084,TIGR00086,TIGR00088,TIGR00090,TIGR00092,TIGR00095,TIGR00115,TIGR00116,TIGR00138,TIGR00158,TIGR00166,TIGR00168,TIGR00186,TIGR00194,TIGR00250,TIGR00337,TIGR00344,TIGR00362,TIGR00392,TIGR00396,TIGR00398,TIGR00414,TIGR00416,TIGR00420,TIGR00431,TIGR00435,TIGR00436,TIGR00442,TIGR00445,TIGR00456,TIGR00459,TIGR00460,TIGR00468,TIGR00472,TIGR00487,TIGR00496,TIGR00539,TIGR00580,TIGR00593,TIGR00615,TIGR00631,TIGR00634,TIGR00635,TIGR00643,TIGR00717,TIGR00755,TIGR00810,TIGR00922,TIGR00928,TIGR00959,TIGR00963,TIGR00964,TIGR00967,TIGR01009,TIGR01011,TIGR01017,TIGR01021,TIGR01029,TIGR01032,TIGR01039,TIGR01044,TIGR01059,TIGR01063,TIGR01066,TIGR01071,TIGR01079,TIGR01082,TIGR01087,TIGR01128,TIGR01146,TIGR01164,TIGR01169,TIGR01171,TIGR01302,TIGR01391,TIGR01393,TIGR01394,TIGR01510,TIGR01632,TIGR01951,TIGR01953,TIGR02012,TIGR02013,TIGR02027,TIGR02075,TIGR02191,TIGR02273,TIGR02350,TIGR02386,TIGR02397,TIGR02432,TIGR02729,TIGR03263,TIGR03594,TIGR03625,TIGR03632,TIGR03654,TIGR03723,TIGR03725,TIGR03953	TIGR00382,TIGR00663		
query_GCF_001899045.1	119	1	0	0	PF00380.20,PF00410.20,PF00466.21,PF01025.20,PF02576.18,PF03726.15,TIGR00006,TIGR00019,TIGR00020,TIGR00029,TIGR00043,TIGR00054,TIGR00059,TIGR00061,TIGR00064,TIGR00065,TIGR00082,TIGR00083,TIGR00084,TIGR00086,TIGR00088,TIGR00090,TIGR00092,TIGR00095,TIGR00115,TIGR00116,TIGR00138,TIGR00158,TIGR00166,TIGR00168,TIGR00186,TIGR00194,TIGR00250,TIGR00337,TIGR00344,TIGR00362,TIGR00392,TIGR00396,TIGR00398,TIGR00414,TIGR00416,TIGR00420,TIGR00431,TIGR00435,TIGR00436,TIGR00442,TIGR00445,TIGR00456,TIGR00459,TIGR00460,TIGR00468,TIGR00472,TIGR00487,TIGR00496,TIGR00539,TIGR00580,TIGR00593,TIGR00615,TIGR00631,TIGR00634,TIGR00635,TIGR00643,TIGR00663,TIGR00717,TIGR00755,TIGR00810,TIGR00922,TIGR00928,TIGR00959,TIGR00963,TIGR00964,TIGR00967,TIGR01009,TIGR01011,TIGR01017,TIGR01021,TIGR01029,TIGR01032,TIGR01039,TIGR01044,TIGR01059,TIGR01063,TIGR01066,TIGR01071,TIGR01079,TIGR01082,TIGR01087,TIGR01128,TIGR01146,TIGR01164,TIGR01169,TIGR01171,TIGR01302,TIGR01391,TIGR01393,TIGR01394,TIGR01510,TIGR01632,TIGR01951,TIGR01953,TIGR02012,TIGR02013,TIGR02027,TIGR02075,TIGR02191,TIGR02273,TIGR02350,TIGR02386,TIGR02397,TIGR02432,TIGR02729,TIGR03263,TIGR03594,TIGR03625,TIGR03632,TIGR03654,TIGR03723,TIGR03725,TIGR03953	TIGR00382		
query_GCF_001899065.1	119	1	0	0	PF00380.20,PF00410.20,PF00466.21,PF01025.20,PF02576.18,PF03726.15,TIGR00006,TIGR00019,TIGR00020,TIGR00029,TIGR00043,TIGR00054,TIGR00059,TIGR00061,TIGR00064,TIGR00065,TIGR00082,TIGR00083,TIGR00084,TIGR00086,TIGR00088,TIGR00090,TIGR00092,TIGR00095,TIGR00115,TIGR00116,TIGR00138,TIGR00158,TIGR00166,TIGR00168,TIGR00186,TIGR00194,TIGR00250,TIGR00337,TIGR00344,TIGR00362,TIGR00392,TIGR00396,TIGR00398,TIGR00414,TIGR00416,TIGR00420,TIGR00431,TIGR00435,TIGR00436,TIGR00442,TIGR00445,TIGR00456,TIGR00459,TIGR00460,TIGR00468,TIGR00472,TIGR00487,TIGR00496,TIGR00539,TIGR00580,TIGR00593,TIGR00615,TIGR00631,TIGR00634,TIGR00635,TIGR00643,TIGR00663,TIGR00717,TIGR00755,TIGR00810,TIGR00922,TIGR00928,TIGR00959,TIGR00963,TIGR00964,TIGR00967,TIGR01009,TIGR01011,TIGR01017,TIGR01021,TIGR01029,TIGR01032,TIGR01039,TIGR01044,TIGR01059,TIGR01063,TIGR01066,TIGR01071,TIGR01079,TIGR01082,TIGR01087,TIGR01128,TIGR01146,TIGR01164,TIGR01169,TIGR01171,TIGR01302,TIGR01391,TIGR01393,TIGR01394,TIGR01510,TIGR01632,TIGR01951,TIGR01953,TIGR02012,TIGR02013,TIGR02027,TIGR02075,TIGR02191,TIGR02273,TIGR02350,TIGR02386,TIGR02397,TIGR02432,TIGR02729,TIGR03263,TIGR03594,TIGR03625,TIGR03632,TIGR03654,TIGR03723,TIGR03725,TIGR03953	TIGR00382		
query_GCF_001899075.1	118	2	0	0	PF00380.20,PF00410.20,PF00466.21,PF01025.20,PF02576.18,PF03726.15,TIGR00006,TIGR00019,TIGR00020,TIGR00029,TIGR00043,TIGR00054,TIGR00059,TIGR00061,TIGR00064,TIGR00065,TIGR00082,TIGR00083,TIGR00084,TIGR00086,TIGR00088,TIGR00090,TIGR00092,TIGR00095,TIGR00115,TIGR00116,TIGR00138,TIGR00158,TIGR00166,TIGR00168,TIGR00186,TIGR00194,TIGR00250,TIGR00337,TIGR00344,TIGR00362,TIGR00392,TIGR00396,TIGR00398,TIGR00414,TIGR00416,TIGR00420,TIGR00431,TIGR00435,TIGR00436,TIGR00442,TIGR00445,TIGR00456,TIGR00459,TIGR00460,TIGR00468,TIGR00472,TIGR00487,TIGR00496,TIGR00539,TIGR00580,TIGR00593,TIGR00615,TIGR00631,TIGR00634,TIGR00635,TIGR00643,TIGR00717,TIGR00755,TIGR00810,TIGR00922,TIGR00928,TIGR00959,TIGR00963,TIGR00964,TIGR00967,TIGR01009,TIGR01011,TIGR01017,TIGR01021,TIGR01029,TIGR01032,TIGR01039,TIGR01044,TIGR01059,TIGR01063,TIGR01066,TIGR01071,TIGR01079,TIGR01082,TIGR01087,TIGR01128,TIGR01146,TIGR01164,TIGR01169,TIGR01171,TIGR01302,TIGR01391,TIGR01393,TIGR01394,TIGR01510,TIGR01632,TIGR01951,TIGR01953,TIGR02012,TIGR02013,TIGR02027,TIGR02075,TIGR02191,TIGR02273,TIGR02350,TIGR02386,TIGR02397,TIGR02432,TIGR02729,TIGR03263,TIGR03594,TIGR03625,TIGR03632,TIGR03654,TIGR03723,TIGR03725,TIGR03953	TIGR00382,TIGR00663		
query_GCF_001899085.1	119	1	0	0	PF00380.20,PF00410.20,PF00466.21,PF01025.20,PF02576.18,PF03726.15,TIGR00006,TIGR00019,TIGR00020,TIGR00029,TIGR00043,TIGR00054,TIGR00059,TIGR00061,TIGR00064,TIGR00065,TIGR00082,TIGR00083,TIGR00084,TIGR00086,TIGR00088,TIGR00090,TIGR00092,TIGR00095,TIGR00115,TIGR00116,TIGR00138,TIGR00158,TIGR00166,TIGR00168,TIGR00186,TIGR00194,TIGR00250,TIGR00337,TIGR00344,TIGR00362,TIGR00392,TIGR00396,TIGR00398,TIGR00414,TIGR00416,TIGR00420,TIGR00431,TIGR00435,TIGR00436,TIGR00442,TIGR00445,TIGR00456,TIGR00459,TIGR00460,TIGR00468,TIGR00472,TIGR00487,TIGR00496,TIGR00539,TIGR00580,TIGR00593,TIGR00615,TIGR00631,TIGR00634,TIGR00635,TIGR00643,TIGR00663,TIGR00717,TIGR00755,TIGR00810,TIGR00922,TIGR00928,TIGR00959,TIGR00963,TIGR00964,TIGR00967,TIGR01009,TIGR01011,TIGR01017,TIGR01021,TIGR01029,TIGR01032,TIGR01039,TIGR01044,TIGR01059,TIGR01063,TIGR01066,TIGR01071,TIGR01079,TIGR01082,TIGR01087,TIGR01128,TIGR01146,TIGR01164,TIGR01169,TIGR01171,TIGR01302,TIGR01391,TIGR01393,TIGR01394,TIGR01510,TIGR01632,TIGR01951,TIGR01953,TIGR02012,TIGR02013,TIGR02027,TIGR02075,TIGR02191,TIGR02273,TIGR02350,TIGR02386,TIGR02397,TIGR02432,TIGR02729,TIGR03263,TIGR03594,TIGR03625,TIGR03632,TIGR03654,TIGR03723,TIGR03725,TIGR03953	TIGR00382		
query_GCF_002949085.1	119	1	0	0	PF00380.20,PF00410.20,PF00466.21,PF01025.20,PF02576.18,PF03726.15,TIGR00006,TIGR00019,TIGR00020,TIGR00029,TIGR00043,TIGR00054,TIGR00059,TIGR00061,TIGR00064,TIGR00065,TIGR00082,TIGR00083,TIGR00084,TIGR00086,TIGR00088,TIGR00090,TIGR00092,TIGR00095,TIGR00115,TIGR00116,TIGR00138,TIGR00158,TIGR00166,TIGR00168,TIGR00186,TIGR00194,TIGR00250,TIGR00337,TIGR00344,TIGR00362,TIGR00392,TIGR00396,TIGR00398,TIGR00414,TIGR00416,TIGR00420,TIGR00431,TIGR00435,TIGR00436,TIGR00442,TIGR00445,TIGR00456,TIGR00459,TIGR00460,TIGR00468,TIGR00472,TIGR00487,TIGR00496,TIGR00539,TIGR00580,TIGR00593,TIGR00615,TIGR00631,TIGR00634,TIGR00635,TIGR00643,TIGR00663,TIGR00717,TIGR00755,TIGR00810,TIGR00922,TIGR00928,TIGR00959,TIGR00963,TIGR00964,TIGR00967,TIGR01009,TIGR01011,TIGR01017,TIGR01021,TIGR01029,TIGR01032,TIGR01039,TIGR01044,TIGR01059,TIGR01063,TIGR01066,TIGR01071,TIGR01079,TIGR01082,TIGR01087,TIGR01128,TIGR01146,TIGR01164,TIGR01169,TIGR01171,TIGR01302,TIGR01391,TIGR01393,TIGR01394,TIGR01510,TIGR01632,TIGR01951,TIGR01953,TIGR02012,TIGR02013,TIGR02027,TIGR02075,TIGR02191,TIGR02273,TIGR02350,TIGR02386,TIGR02397,TIGR02432,TIGR02729,TIGR03263,TIGR03594,TIGR03625,TIGR03632,TIGR03654,TIGR03723,TIGR03725,TIGR03953	TIGR00382		
query_GCF_003056345.1	118	2	0	0	PF00380.20,PF00410.20,PF00466.21,PF01025.20,PF02576.18,PF03726.15,TIGR00006,TIGR00019,TIGR00020,TIGR00029,TIGR00043,TIGR00054,TIGR00059,TIGR00061,TIGR00064,TIGR00065,TIGR00082,TIGR00083,TIGR00084,TIGR00086,TIGR00088,TIGR00090,TIGR00092,TIGR00095,TIGR00115,TIGR00116,TIGR00138,TIGR00158,TIGR00166,TIGR00168,TIGR00186,TIGR00194,TIGR00250,TIGR00337,TIGR00344,TIGR00362,TIGR00392,TIGR00396,TIGR00398,TIGR00414,TIGR00416,TIGR00420,TIGR00431,TIGR00435,TIGR00436,TIGR00442,TIGR00445,TIGR00456,TIGR00459,TIGR00460,TIGR00468,TIGR00472,TIGR00487,TIGR00496,TIGR00539,TIGR00593,TIGR00615,TIGR00631,TIGR00634,TIGR00635,TIGR00643,TIGR00663,TIGR00717,TIGR00755,TIGR00810,TIGR00922,TIGR00928,TIGR00959,TIGR00963,TIGR00964,TIGR00967,TIGR01009,TIGR01011,TIGR01017,TIGR01021,TIGR01029,TIGR01032,TIGR01039,TIGR01044,TIGR01059,TIGR01063,TIGR01066,TIGR01071,TIGR01079,TIGR01082,TIGR01087,TIGR01128,TIGR01146,TIGR01164,TIGR01169,TIGR01171,TIGR01302,TIGR01391,TIGR01393,TIGR01394,TIGR01510,TIGR01632,TIGR01951,TIGR01953,TIGR02012,TIGR02013,TIGR02027,TIGR02075,TIGR02191,TIGR02273,TIGR02350,TIGR02386,TIGR02397,TIGR02432,TIGR02729,TIGR03263,TIGR03594,TIGR03625,TIGR03632,TIGR03654,TIGR03723,TIGR03725,TIGR03953	TIGR00382,TIGR00580		
query_GCF_003056355.1	119	1	0	0	PF00380.20,PF00410.20,PF00466.21,PF01025.20,PF02576.18,PF03726.15,TIGR00006,TIGR00019,TIGR00020,TIGR00029,TIGR00043,TIGR00054,TIGR00059,TIGR00061,TIGR00064,TIGR00065,TIGR00082,TIGR00083,TIGR00084,TIGR00086,TIGR00088,TIGR00090,TIGR00092,TIGR00095,TIGR00115,TIGR00116,TIGR00138,TIGR00158,TIGR00166,TIGR00168,TIGR00186,TIGR00194,TIGR00250,TIGR00337,TIGR00344,TIGR00362,TIGR00392,TIGR00396,TIGR00398,TIGR00414,TIGR00416,TIGR00420,TIGR00431,TIGR00435,TIGR00436,TIGR00442,TIGR00445,TIGR00456,TIGR00459,TIGR00460,TIGR00468,TIGR00472,TIGR00487,TIGR00496,TIGR00539,TIGR00580,TIGR00593,TIGR00615,TIGR00631,TIGR00634,TIGR00635,TIGR00643,TIGR00663,TIGR00717,TIGR00755,TIGR00810,TIGR00922,TIGR00928,TIGR00959,TIGR00963,TIGR00964,TIGR00967,TIGR01009,TIGR01011,TIGR01017,TIGR01021,TIGR01029,TIGR01032,TIGR01039,TIGR01044,TIGR01059,TIGR01063,TIGR01066,TIGR01071,TIGR01079,TIGR01082,TIGR01087,TIGR01128,TIGR01146,TIGR01164,TIGR01169,TIGR01171,TIGR01302,TIGR01391,TIGR01393,TIGR01394,TIGR01510,TIGR01632,TIGR01951,TIGR01953,TIGR02012,TIGR02013,TIGR02027,TIGR02075,TIGR02191,TIGR02273,TIGR02350,TIGR02386,TIGR02397,TIGR02432,TIGR02729,TIGR03263,TIGR03594,TIGR03625,TIGR03632,TIGR03654,TIGR03723,TIGR03725,TIGR03953	TIGR00382		
query_GCF_003056405.1	119	1	0	0	PF00380.20,PF00410.20,PF00466.21,PF01025.20,PF02576.18,PF03726.15,TIGR00006,TIGR00019,TIGR00020,TIGR00029,TIGR00043,TIGR00054,TIGR00059,TIGR00061,TIGR00064,TIGR00065,TIGR00082,TIGR00083,TIGR00084,TIGR00086,TIGR00088,TIGR00090,TIGR00092,TIGR00095,TIGR00115,TIGR00116,TIGR00138,TIGR00158,TIGR00166,TIGR00168,TIGR00186,TIGR00194,TIGR00250,TIGR00337,TIGR00344,TIGR00362,TIGR00392,TIGR00396,TIGR00398,TIGR00414,TIGR00416,TIGR00420,TIGR00431,TIGR00435,TIGR00436,TIGR00442,TIGR00445,TIGR00456,TIGR00459,TIGR00460,TIGR00468,TIGR00472,TIGR00487,TIGR00496,TIGR00539,TIGR00580,TIGR00593,TIGR00615,TIGR00631,TIGR00634,TIGR00635,TIGR00643,TIGR00663,TIGR00717,TIGR00755,TIGR00810,TIGR00922,TIGR00928,TIGR00959,TIGR00963,TIGR00964,TIGR00967,TIGR01009,TIGR01011,TIGR01017,TIGR01021,TIGR01029,TIGR01032,TIGR01039,TIGR01044,TIGR01059,TIGR01063,TIGR01066,TIGR01071,TIGR01079,TIGR01082,TIGR01087,TIGR01128,TIGR01146,TIGR01164,TIGR01169,TIGR01171,TIGR01302,TIGR01391,TIGR01393,TIGR01394,TIGR01510,TIGR01632,TIGR01951,TIGR01953,TIGR02012,TIGR02013,TIGR02027,TIGR02075,TIGR02191,TIGR02273,TIGR02350,TIGR02386,TIGR02397,TIGR02432,TIGR02729,TIGR03263,TIGR03594,TIGR03625,TIGR03632,TIGR03654,TIGR03723,TIGR03725,TIGR03953	TIGR00382		
query_GCF_004005995.1	118	2	0	0	PF00380.20,PF00410.20,PF00466.21,PF01025.20,PF02576.18,PF03726.15,TIGR00006,TIGR00019,TIGR00020,TIGR00029,TIGR00043,TIGR00054,TIGR00059,TIGR00061,TIGR00064,TIGR00065,TIGR00082,TIGR00083,TIGR00084,TIGR00086,TIGR00088,TIGR00090,TIGR00092,TIGR00095,TIGR00115,TIGR00116,TIGR00138,TIGR00158,TIGR00166,TIGR00168,TIGR00186,TIGR00194,TIGR00250,TIGR00337,TIGR00344,TIGR00362,TIGR00392,TIGR00396,TIGR00398,TIGR00414,TIGR00416,TIGR00420,TIGR00431,TIGR00435,TIGR00436,TIGR00442,TIGR00445,TIGR00456,TIGR00459,TIGR00460,TIGR00468,TIGR00472,TIGR00487,TIGR00496,TIGR00539,TIGR00593,TIGR00615,TIGR00631,TIGR00634,TIGR00635,TIGR00643,TIGR00663,TIGR00717,TIGR00755,TIGR00810,TIGR00922,TIGR00928,TIGR00959,TIGR00963,TIGR00964,TIGR00967,TIGR01009,TIGR01011,TIGR01017,TIGR01021,TIGR01029,TIGR01032,TIGR01039,TIGR01044,TIGR01059,TIGR01063,TIGR01066,TIGR01071,TIGR01079,TIGR01082,TIGR01087,TIGR01128,TIGR01146,TIGR01164,TIGR01169,TIGR01171,TIGR01302,TIGR01391,TIGR01393,TIGR01394,TIGR01510,TIGR01632,TIGR01951,TIGR01953,TIGR02012,TIGR02013,TIGR02027,TIGR02075,TIGR02191,TIGR02273,TIGR02350,TIGR02386,TIGR02397,TIGR02432,TIGR02729,TIGR03263,TIGR03594,TIGR03625,TIGR03632,TIGR03654,TIGR03723,TIGR03725,TIGR03953	TIGR00382,TIGR00580		
query_GCF_005222805.1	119	1	0	0	PF00380.20,PF00410.20,PF00466.21,PF01025.20,PF02576.18,PF03726.15,TIGR00006,TIGR00019,TIGR00020,TIGR00029,TIGR00043,TIGR00054,TIGR00059,TIGR00061,TIGR00064,TIGR00065,TIGR00082,TIGR00083,TIGR00084,TIGR00086,TIGR00088,TIGR00090,TIGR00092,TIGR00095,TIGR00115,TIGR00116,TIGR00138,TIGR00158,TIGR00166,TIGR00168,TIGR00186,TIGR00194,TIGR00250,TIGR00337,TIGR00344,TIGR00362,TIGR00392,TIGR00396,TIGR00398,TIGR00414,TIGR00416,TIGR00420,TIGR00431,TIGR00435,TIGR00436,TIGR00442,TIGR00445,TIGR00456,TIGR00459,TIGR00460,TIGR00468,TIGR00472,TIGR00487,TIGR00496,TIGR00539,TIGR00580,TIGR00593,TIGR00615,TIGR00631,TIGR00634,TIGR00635,TIGR00643,TIGR00663,TIGR00717,TIGR00755,TIGR00810,TIGR00922,TIGR00928,TIGR00959,TIGR00963,TIGR00964,TIGR00967,TIGR01009,TIGR01011,TIGR01017,TIGR01021,TIGR01029,TIGR01032,TIGR01039,TIGR01044,TIGR01059,TIGR01063,TIGR01066,TIGR01071,TIGR01079,TIGR01082,TIGR01087,TIGR01128,TIGR01146,TIGR01164,TIGR01169,TIGR01171,TIGR01302,TIGR01391,TIGR01393,TIGR01394,TIGR01510,TIGR01632,TIGR01951,TIGR01953,TIGR02012,TIGR02013,TIGR02027,TIGR02075,TIGR02191,TIGR02273,TIGR02350,TIGR02386,TIGR02397,TIGR02432,TIGR02729,TIGR03263,TIGR03594,TIGR03625,TIGR03632,TIGR03654,TIGR03723,TIGR03725,TIGR03953	TIGR00382		
query_GCF_007859655.1	118	1	0	1	PF00380.20,PF00410.20,PF00466.21,PF01025.20,PF02576.18,PF03726.15,TIGR00006,TIGR00019,TIGR00020,TIGR00029,TIGR00043,TIGR00054,TIGR00059,TIGR00061,TIGR00064,TIGR00065,TIGR00082,TIGR00083,TIGR00084,TIGR00086,TIGR00088,TIGR00090,TIGR00092,TIGR00095,TIGR00115,TIGR00116,TIGR00138,TIGR00158,TIGR00166,TIGR00168,TIGR00186,TIGR00194,TIGR00250,TIGR00337,TIGR00344,TIGR00362,TIGR00392,TIGR00396,TIGR00398,TIGR00414,TIGR00416,TIGR00420,TIGR00431,TIGR00435,TIGR00436,TIGR00442,TIGR00445,TIGR00456,TIGR00459,TIGR00460,TIGR00468,TIGR00472,TIGR00487,TIGR00496,TIGR00539,TIGR00580,TIGR00593,TIGR00615,TIGR00631,TIGR00634,TIGR00635,TIGR00643,TIGR00663,TIGR00717,TIGR00755,TIGR00810,TIGR00922,TIGR00928,TIGR00959,TIGR00963,TIGR00964,TIGR00967,TIGR01009,TIGR01011,TIGR01017,TIGR01021,TIGR01029,TIGR01032,TIGR01039,TIGR01044,TIGR01063,TIGR01066,TIGR01071,TIGR01079,TIGR01082,TIGR01087,TIGR01128,TIGR01146,TIGR01164,TIGR01169,TIGR01171,TIGR01302,TIGR01391,TIGR01393,TIGR01394,TIGR01510,TIGR01632,TIGR01951,TIGR01953,TIGR02012,TIGR02013,TIGR02027,TIGR02075,TIGR02191,TIGR02273,TIGR02350,TIGR02386,TIGR02397,TIGR02432,TIGR02729,TIGR03263,TIGR03594,TIGR03625,TIGR03632,TIGR03654,TIGR03723,TIGR03725,TIGR03953	TIGR00382		TIGR01059
query_GCF_009758415.1	118	2	0	0	PF00380.20,PF00410.20,PF00466.21,PF01025.20,PF02576.18,PF03726.15,TIGR00006,TIGR00019,TIGR00020,TIGR00029,TIGR00043,TIGR00054,TIGR00059,TIGR00061,TIGR00064,TIGR00065,TIGR00082,TIGR00083,TIGR00084,TIGR00086,TIGR00088,TIGR00090,TIGR00092,TIGR00095,TIGR00115,TIGR00116,TIGR00138,TIGR00158,TIGR00166,TIGR00168,TIGR00186,TIGR00194,TIGR00250,TIGR00337,TIGR00344,TIGR00362,TIGR00392,TIGR00396,TIGR00398,TIGR00414,TIGR00416,TIGR00420,TIGR00431,TIGR00435,TIGR00436,TIGR00442,TIGR00445,TIGR00456,TIGR00459,TIGR00460,TIGR00468,TIGR00472,TIGR00487,TIGR00496,TIGR00539,TIGR00580,TIGR00593,TIGR00615,TIGR00631,TIGR00634,TIGR00635,TIGR00643,TIGR00663,TIGR00717,TIGR00755,TIGR00810,TIGR00922,TIGR00928,TIGR00959,TIGR00963,TIGR00964,TIGR00967,TIGR01009,TIGR01011,TIGR01017,TIGR01021,TIGR01029,TIGR01032,TIGR01039,TIGR01044,TIGR01059,TIGR01063,TIGR01066,TIGR01071,TIGR01079,TIGR01082,TIGR01087,TIGR01128,TIGR01146,TIGR01164,TIGR01169,TIGR01171,TIGR01302,TIGR01391,TIGR01393,TIGR01394,TIGR01510,TIGR01632,TIGR01951,TIGR01953,TIGR02012,TIGR02013,TIGR02027,TIGR02075,TIGR02191,TIGR02273,TIGR02386,TIGR02397,TIGR02432,TIGR02729,TIGR03263,TIGR03594,TIGR03625,TIGR03632,TIGR03654,TIGR03723,TIGR03725,TIGR03953	TIGR00382,TIGR02350		
query_GCF_012847305.1	120	0	0	0	PF00380.20,PF00410.20,PF00466.21,PF01025.20,PF02576.18,PF03726.15,TIGR00006,TIGR00019,TIGR00020,TIGR00029,TIGR00043,TIGR00054,TIGR00059,TIGR00061,TIGR00064,TIGR00065,TIGR00082,TIGR00083,TIGR00084,TIGR00086,TIGR00088,TIGR00090,TIGR00092,TIGR00095,TIGR00115,TIGR00116,TIGR00138,TIGR00158,TIGR00166,TIGR00168,TIGR00186,TIGR00194,TIGR00250,TIGR00337,TIGR00344,TIGR00362,TIGR00382,TIGR00392,TIGR00396,TIGR00398,TIGR00414,TIGR00416,TIGR00420,TIGR00431,TIGR00435,TIGR00436,TIGR00442,TIGR00445,TIGR00456,TIGR00459,TIGR00460,TIGR00468,TIGR00472,TIGR00487,TIGR00496,TIGR00539,TIGR00580,TIGR00593,TIGR00615,TIGR00631,TIGR00634,TIGR00635,TIGR00643,TIGR00663,TIGR00717,TIGR00755,TIGR00810,TIGR00922,TIGR00928,TIGR00959,TIGR00963,TIGR00964,TIGR00967,TIGR01009,TIGR01011,TIGR01017,TIGR01021,TIGR01029,TIGR01032,TIGR01039,TIGR01044,TIGR01059,TIGR01063,TIGR01066,TIGR01071,TIGR01079,TIGR01082,TIGR01087,TIGR01128,TIGR01146,TIGR01164,TIGR01169,TIGR01171,TIGR01302,TIGR01391,TIGR01393,TIGR01394,TIGR01510,TIGR01632,TIGR01951,TIGR01953,TIGR02012,TIGR02013,TIGR02027,TIGR02075,TIGR02191,TIGR02273,TIGR02350,TIGR02386,TIGR02397,TIGR02432,TIGR02729,TIGR03263,TIGR03594,TIGR03625,TIGR03632,TIGR03654,TIGR03723,TIGR03725,TIGR03953			
query_GCF_013185955.1	118	2	0	0	PF00380.20,PF00410.20,PF00466.21,PF01025.20,PF02576.18,PF03726.15,TIGR00006,TIGR00019,TIGR00020,TIGR00029,TIGR00043,TIGR00054,TIGR00059,TIGR00061,TIGR00064,TIGR00065,TIGR00082,TIGR00083,TIGR00084,TIGR00086,TIGR00088,TIGR00090,TIGR00092,TIGR00095,TIGR00115,TIGR00116,TIGR00138,TIGR00158,TIGR00166,TIGR00168,TIGR00186,TIGR00194,TIGR00250,TIGR00337,TIGR00344,TIGR00362,TIGR00392,TIGR00396,TIGR00398,TIGR00414,TIGR00416,TIGR00420,TIGR00431,TIGR00435,TIGR00436,TIGR00442,TIGR00445,TIGR00456,TIGR00459,TIGR00460,TIGR00468,TIGR00472,TIGR00487,TIGR00496,TIGR00539,TIGR00593,TIGR00615,TIGR00631,TIGR00634,TIGR00635,TIGR00643,TIGR00663,TIGR00717,TIGR00755,TIGR00810,TIGR00922,TIGR00928,TIGR00959,TIGR00963,TIGR00964,TIGR00967,TIGR01009,TIGR01011,TIGR01017,TIGR01021,TIGR01029,TIGR01032,TIGR01039,TIGR01044,TIGR01059,TIGR01063,TIGR01066,TIGR01071,TIGR01079,TIGR01082,TIGR01087,TIGR01128,TIGR01146,TIGR01164,TIGR01169,TIGR01171,TIGR01302,TIGR01391,TIGR01393,TIGR01394,TIGR01510,TIGR01632,TIGR01951,TIGR01953,TIGR02012,TIGR02013,TIGR02027,TIGR02075,TIGR02191,TIGR02273,TIGR02350,TIGR02386,TIGR02397,TIGR02432,TIGR02729,TIGR03263,TIGR03594,TIGR03625,TIGR03632,TIGR03654,TIGR03723,TIGR03725,TIGR03953	TIGR00382,TIGR00580		
query_GCF_013185965.1	118	2	0	0	PF00380.20,PF00410.20,PF00466.21,PF01025.20,PF02576.18,PF03726.15,TIGR00006,TIGR00019,TIGR00020,TIGR00029,TIGR00043,TIGR00054,TIGR00059,TIGR00061,TIGR00064,TIGR00065,TIGR00082,TIGR00083,TIGR00084,TIGR00086,TIGR00088,TIGR00090,TIGR00092,TIGR00095,TIGR00115,TIGR00116,TIGR00138,TIGR00158,TIGR00166,TIGR00168,TIGR00186,TIGR00194,TIGR00250,TIGR00337,TIGR00344,TIGR00362,TIGR00392,TIGR00396,TIGR00398,TIGR00414,TIGR00416,TIGR00420,TIGR00431,TIGR00435,TIGR00436,TIGR00442,TIGR00445,TIGR00456,TIGR00459,TIGR00460,TIGR00468,TIGR00472,TIGR00487,TIGR00496,TIGR00539,TIGR00593,TIGR00615,TIGR00631,TIGR00634,TIGR00635,TIGR00643,TIGR00663,TIGR00717,TIGR00755,TIGR00810,TIGR00922,TIGR00928,TIGR00959,TIGR00963,TIGR00964,TIGR00967,TIGR01009,TIGR01011,TIGR01017,TIGR01021,TIGR01029,TIGR01032,TIGR01039,TIGR01044,TIGR01059,TIGR01063,TIGR01066,TIGR01071,TIGR01079,TIGR01082,TIGR01087,TIGR01128,TIGR01146,TIGR01164,TIGR01169,TIGR01171,TIGR01302,TIGR01391,TIGR01393,TIGR01394,TIGR01510,TIGR01632,TIGR01951,TIGR01953,TIGR02012,TIGR02013,TIGR02027,TIGR02075,TIGR02191,TIGR02273,TIGR02350,TIGR02386,TIGR02397,TIGR02432,TIGR02729,TIGR03263,TIGR03594,TIGR03625,TIGR03632,TIGR03654,TIGR03723,TIGR03725,TIGR03953	TIGR00382,TIGR00580		
query_GCF_014127105.1	120	0	0	0	PF00380.20,PF00410.20,PF00466.21,PF01025.20,PF02576.18,PF03726.15,TIGR00006,TIGR00019,TIGR00020,TIGR00029,TIGR00043,TIGR00054,TIGR00059,TIGR00061,TIGR00064,TIGR00065,TIGR00082,TIGR00083,TIGR00084,TIGR00086,TIGR00088,TIGR00090,TIGR00092,TIGR00095,TIGR00115,TIGR00116,TIGR00138,TIGR00158,TIGR00166,TIGR00168,TIGR00186,TIGR00194,TIGR00250,TIGR00337,TIGR00344,TIGR00362,TIGR00382,TIGR00392,TIGR00396,TIGR00398,TIGR00414,TIGR00416,TIGR00420,TIGR00431,TIGR00435,TIGR00436,TIGR00442,TIGR00445,TIGR00456,TIGR00459,TIGR00460,TIGR00468,TIGR00472,TIGR00487,TIGR00496,TIGR00539,TIGR00580,TIGR00593,TIGR00615,TIGR00631,TIGR00634,TIGR00635,TIGR00643,TIGR00663,TIGR00717,TIGR00755,TIGR00810,TIGR00922,TIGR00928,TIGR00959,TIGR00963,TIGR00964,TIGR00967,TIGR01009,TIGR01011,TIGR01017,TIGR01021,TIGR01029,TIGR01032,TIGR01039,TIGR01044,TIGR01059,TIGR01063,TIGR01066,TIGR01071,TIGR01079,TIGR01082,TIGR01087,TIGR01128,TIGR01146,TIGR01164,TIGR01169,TIGR01171,TIGR01302,TIGR01391,TIGR01393,TIGR01394,TIGR01510,TIGR01632,TIGR01951,TIGR01953,TIGR02012,TIGR02013,TIGR02027,TIGR02075,TIGR02191,TIGR02273,TIGR02350,TIGR02386,TIGR02397,TIGR02432,TIGR02729,TIGR03263,TIGR03594,TIGR03625,TIGR03632,TIGR03654,TIGR03723,TIGR03725,TIGR03953			
query_GCF_014197055.1	119	1	0	0	PF00380.20,PF00410.20,PF00466.21,PF01025.20,PF02576.18,PF03726.15,TIGR00006,TIGR00019,TIGR00020,TIGR00029,TIGR00043,TIGR00054,TIGR00059,TIGR00061,TIGR00064,TIGR00065,TIGR00082,TIGR00083,TIGR00084,TIGR00086,TIGR00088,TIGR00090,TIGR00092,TIGR00095,TIGR00115,TIGR00116,TIGR00138,TIGR00158,TIGR00166,TIGR00168,TIGR00186,TIGR00194,TIGR00250,TIGR00337,TIGR00344,TIGR00362,TIGR00392,TIGR00396,TIGR00398,TIGR00414,TIGR00416,TIGR00420,TIGR00431,TIGR00435,TIGR00436,TIGR00442,TIGR00445,TIGR00456,TIGR00459,TIGR00460,TIGR00468,TIGR00472,TIGR00487,TIGR00496,TIGR00539,TIGR00580,TIGR00593,TIGR00615,TIGR00631,TIGR00634,TIGR00635,TIGR00643,TIGR00663,TIGR00717,TIGR00755,TIGR00810,TIGR00922,TIGR00928,TIGR00959,TIGR00963,TIGR00964,TIGR00967,TIGR01009,TIGR01011,TIGR01017,TIGR01021,TIGR01029,TIGR01032,TIGR01039,TIGR01044,TIGR01059,TIGR01063,TIGR01066,TIGR01071,TIGR01079,TIGR01082,TIGR01087,TIGR01128,TIGR01146,TIGR01164,TIGR01169,TIGR01171,TIGR01302,TIGR01391,TIGR01393,TIGR01394,TIGR01510,TIGR01632,TIGR01951,TIGR01953,TIGR02012,TIGR02013,TIGR02027,TIGR02075,TIGR02191,TIGR02273,TIGR02350,TIGR02386,TIGR02397,TIGR02432,TIGR02729,TIGR03263,TIGR03594,TIGR03625,TIGR03632,TIGR03654,TIGR03723,TIGR03725,TIGR03953	TIGR00382		
query_GCF_014652635.1	118	2	0	0	PF00380.20,PF00410.20,PF00466.21,PF01025.20,PF02576.18,PF03726.15,TIGR00006,TIGR00019,TIGR00020,TIGR00029,TIGR00043,TIGR00054,TIGR00059,TIGR00061,TIGR00064,TIGR00065,TIGR00082,TIGR00083,TIGR00084,TIGR00086,TIGR00088,TIGR00090,TIGR00092,TIGR00095,TIGR00115,TIGR00116,TIGR00138,TIGR00158,TIGR00166,TIGR00168,TIGR00186,TIGR00194,TIGR00250,TIGR00337,TIGR00344,TIGR00362,TIGR00392,TIGR00396,TIGR00398,TIGR00414,TIGR00416,TIGR00420,TIGR00431,TIGR00435,TIGR00436,TIGR00442,TIGR00445,TIGR00456,TIGR00459,TIGR00460,TIGR00468,TIGR00472,TIGR00487,TIGR00496,TIGR00539,TIGR00580,TIGR00593,TIGR00615,TIGR00631,TIGR00634,TIGR00635,TIGR00643,TIGR00663,TIGR00717,TIGR00755,TIGR00810,TIGR00922,TIGR00959,TIGR00963,TIGR00964,TIGR00967,TIGR01009,TIGR01011,TIGR01017,TIGR01021,TIGR01029,TIGR01032,TIGR01039,TIGR01044,TIGR01059,TIGR01063,TIGR01066,TIGR01071,TIGR01079,TIGR01082,TIGR01087,TIGR01128,TIGR01146,TIGR01164,TIGR01169,TIGR01171,TIGR01302,TIGR01391,TIGR01393,TIGR01394,TIGR01510,TIGR01632,TIGR01951,TIGR01953,TIGR02012,TIGR02013,TIGR02027,TIGR02075,TIGR02191,TIGR02273,TIGR02350,TIGR02386,TIGR02397,TIGR02432,TIGR02729,TIGR03263,TIGR03594,TIGR03625,TIGR03632,TIGR03654,TIGR03723,TIGR03725,TIGR03953	TIGR00382,TIGR00928		
query_GCF_014837245.1	119	1	0	0	PF00380.20,PF00410.20,PF00466.21,PF01025.20,PF02576.18,PF03726.15,TIGR00006,TIGR00019,TIGR00020,TIGR00029,TIGR00043,TIGR00054,TIGR00059,TIGR00061,TIGR00064,TIGR00065,TIGR00082,TIGR00083,TIGR00084,TIGR00086,TIGR00088,TIGR00090,TIGR00092,TIGR00095,TIGR00115,TIGR00116,TIGR00138,TIGR00158,TIGR00166,TIGR00168,TIGR00186,TIGR00194,TIGR00250,TIGR00337,TIGR00344,TIGR00362,TIGR00392,TIGR00396,TIGR00398,TIGR00414,TIGR00416,TIGR00420,TIGR00431,TIGR00435,TIGR00436,TIGR00442,TIGR00445,TIGR00456,TIGR00459,TIGR00460,TIGR00468,TIGR00472,TIGR00487,TIGR00496,TIGR00539,TIGR00580,TIGR00593,TIGR00615,TIGR00631,TIGR00634,TIGR00635,TIGR00643,TIGR00663,TIGR00717,TIGR00755,TIGR00810,TIGR00922,TIGR00928,TIGR00959,TIGR00963,TIGR00964,TIGR00967,TIGR01009,TIGR01011,TIGR01017,TIGR01021,TIGR01029,TIGR01032,TIGR01039,TIGR01044,TIGR01059,TIGR01063,TIGR01066,TIGR01071,TIGR01079,TIGR01082,TIGR01087,TIGR01128,TIGR01146,TIGR01164,TIGR01169,TIGR01171,TIGR01302,TIGR01391,TIGR01393,TIGR01394,TIGR01510,TIGR01632,TIGR01951,TIGR01953,TIGR02012,TIGR02013,TIGR02027,TIGR02075,TIGR02191,TIGR02273,TIGR02350,TIGR02386,TIGR02397,TIGR02432,TIGR02729,TIGR03263,TIGR03594,TIGR03625,TIGR03632,TIGR03654,TIGR03723,TIGR03725,TIGR03953	TIGR00382		
query_GCF_014860165.1	117	3	0	0	PF00380.20,PF00410.20,PF00466.21,PF01025.20,PF02576.18,PF03726.15,TIGR00006,TIGR00019,TIGR00020,TIGR00029,TIGR00043,TIGR00054,TIGR00059,TIGR00061,TIGR00064,TIGR00065,TIGR00082,TIGR00083,TIGR00084,TIGR00086,TIGR00088,TIGR00090,TIGR00092,TIGR00095,TIGR00115,TIGR00116,TIGR00138,TIGR00158,TIGR00166,TIGR00168,TIGR00186,TIGR00194,TIGR00250,TIGR00337,TIGR00344,TIGR00362,TIGR00392,TIGR00396,TIGR00398,TIGR00414,TIGR00416,TIGR00420,TIGR00431,TIGR00435,TIGR00436,TIGR00442,TIGR00445,TIGR00456,TIGR00459,TIGR00460,TIGR00468,TIGR00472,TIGR00487,TIGR00496,TIGR00539,TIGR00580,TIGR00593,TIGR00615,TIGR00631,TIGR00634,TIGR00635,TIGR00643,TIGR00663,TIGR00717,TIGR00755,TIGR00810,TIGR00922,TIGR00928,TIGR00959,TIGR00963,TIGR00964,TIGR00967,TIGR01009,TIGR01011,TIGR01017,TIGR01021,TIGR01032,TIGR01039,TIGR01044,TIGR01059,TIGR01063,TIGR01066,TIGR01071,TIGR01079,TIGR01082,TIGR01087,TIGR01128,TIGR01146,TIGR01164,TIGR01169,TIGR01171,TIGR01302,TIGR01391,TIGR01393,TIGR01394,TIGR01510,TIGR01632,TIGR01951,TIGR01953,TIGR02012,TIGR02013,TIGR02027,TIGR02075,TIGR02191,TIGR02273,TIGR02350,TIGR02397,TIGR02432,TIGR02729,TIGR03263,TIGR03594,TIGR03625,TIGR03632,TIGR03654,TIGR03723,TIGR03725,TIGR03953	TIGR00382,TIGR01029,TIGR02386		
query_GCF_014926585.1	119	1	0	0	PF00380.20,PF00410.20,PF00466.21,PF01025.20,PF02576.18,PF03726.15,TIGR00006,TIGR00019,TIGR00020,TIGR00029,TIGR00043,TIGR00054,TIGR00059,TIGR00061,TIGR00064,TIGR00065,TIGR00082,TIGR00083,TIGR00084,TIGR00086,TIGR00088,TIGR00090,TIGR00092,TIGR00095,TIGR00115,TIGR00116,TIGR00138,TIGR00158,TIGR00166,TIGR00168,TIGR00186,TIGR00194,TIGR00250,TIGR00337,TIGR00344,TIGR00362,TIGR00392,TIGR00396,TIGR00398,TIGR00414,TIGR00416,TIGR00420,TIGR00431,TIGR00435,TIGR00436,TIGR00442,TIGR00445,TIGR00456,TIGR00459,TIGR00460,TIGR00468,TIGR00472,TIGR00487,TIGR00496,TIGR00539,TIGR00580,TIGR00593,TIGR00615,TIGR00631,TIGR00634,TIGR00635,TIGR00643,TIGR00663,TIGR00717,TIGR00755,TIGR00810,TIGR00922,TIGR00928,TIGR00959,TIGR00963,TIGR00964,TIGR00967,TIGR01009,TIGR01011,TIGR01017,TIGR01021,TIGR01029,TIGR01032,TIGR01039,TIGR01044,TIGR01059,TIGR01063,TIGR01066,TIGR01071,TIGR01079,TIGR01082,TIGR01087,TIGR01128,TIGR01146,TIGR01164,TIGR01169,TIGR01171,TIGR01302,TIGR01391,TIGR01393,TIGR01394,TIGR01510,TIGR01632,TIGR01951,TIGR01953,TIGR02012,TIGR02013,TIGR02027,TIGR02075,TIGR02191,TIGR02273,TIGR02350,TIGR02386,TIGR02397,TIGR02432,TIGR02729,TIGR03263,TIGR03594,TIGR03625,TIGR03632,TIGR03654,TIGR03723,TIGR03725,TIGR03953	TIGR00382		
query_GCF_015158295.1	120	0	0	0	PF00380.20,PF00410.20,PF00466.21,PF01025.20,PF02576.18,PF03726.15,TIGR00006,TIGR00019,TIGR00020,TIGR00029,TIGR00043,TIGR00054,TIGR00059,TIGR00061,TIGR00064,TIGR00065,TIGR00082,TIGR00083,TIGR00084,TIGR00086,TIGR00088,TIGR00090,TIGR00092,TIGR00095,TIGR00115,TIGR00116,TIGR00138,TIGR00158,TIGR00166,TIGR00168,TIGR00186,TIGR00194,TIGR00250,TIGR00337,TIGR00344,TIGR00362,TIGR00382,TIGR00392,TIGR00396,TIGR00398,TIGR00414,TIGR00416,TIGR00420,TIGR00431,TIGR00435,TIGR00436,TIGR00442,TIGR00445,TIGR00456,TIGR00459,TIGR00460,TIGR00468,TIGR00472,TIGR00487,TIGR00496,TIGR00539,TIGR00580,TIGR00593,TIGR00615,TIGR00631,TIGR00634,TIGR00635,TIGR00643,TIGR00663,TIGR00717,TIGR00755,TIGR00810,TIGR00922,TIGR00928,TIGR00959,TIGR00963,TIGR00964,TIGR00967,TIGR01009,TIGR01011,TIGR01017,TIGR01021,TIGR01029,TIGR01032,TIGR01039,TIGR01044,TIGR01059,TIGR01063,TIGR01066,TIGR01071,TIGR01079,TIGR01082,TIGR01087,TIGR01128,TIGR01146,TIGR01164,TIGR01169,TIGR01171,TIGR01302,TIGR01391,TIGR01393,TIGR01394,TIGR01510,TIGR01632,TIGR01951,TIGR01953,TIGR02012,TIGR02013,TIGR02027,TIGR02075,TIGR02191,TIGR02273,TIGR02350,TIGR02386,TIGR02397,TIGR02432,TIGR02729,TIGR03263,TIGR03594,TIGR03625,TIGR03632,TIGR03654,TIGR03723,TIGR03725,TIGR03953			
query_GCF_015234425.1	117	1	0	2	PF00380.20,PF00410.20,PF00466.21,PF01025.20,PF02576.18,PF03726.15,TIGR00006,TIGR00019,TIGR00020,TIGR00029,TIGR00043,TIGR00054,TIGR00059,TIGR00061,TIGR00064,TIGR00065,TIGR00082,TIGR00083,TIGR00084,TIGR00086,TIGR00088,TIGR00090,TIGR00092,TIGR00095,TIGR00115,TIGR00116,TIGR00138,TIGR00158,TIGR00166,TIGR00168,TIGR00186,TIGR00194,TIGR00250,TIGR00337,TIGR00344,TIGR00362,TIGR00392,TIGR00396,TIGR00398,TIGR00414,TIGR00416,TIGR00420,TIGR00431,TIGR00435,TIGR00436,TIGR00442,TIGR00445,TIGR00456,TIGR00459,TIGR00460,TIGR00468,TIGR00472,TIGR00487,TIGR00496,TIGR00539,TIGR00580,TIGR00593,TIGR00615,TIGR00631,TIGR00634,TIGR00635,TIGR00643,TIGR00663,TIGR00717,TIGR00755,TIGR00810,TIGR00922,TIGR00928,TIGR00959,TIGR00963,TIGR00964,TIGR00967,TIGR01009,TIGR01011,TIGR01017,TIGR01021,TIGR01029,TIGR01032,TIGR01039,TIGR01044,TIGR01059,TIGR01063,TIGR01066,TIGR01071,TIGR01079,TIGR01082,TIGR01087,TIGR01128,TIGR01146,TIGR01164,TIGR01169,TIGR01171,TIGR01302,TIGR01391,TIGR01393,TIGR01394,TIGR01510,TIGR01632,TIGR01951,TIGR01953,TIGR02012,TIGR02027,TIGR02075,TIGR02191,TIGR02273,TIGR02350,TIGR02397,TIGR02432,TIGR02729,TIGR03263,TIGR03594,TIGR03625,TIGR03632,TIGR03654,TIGR03723,TIGR03725,TIGR03953	TIGR00382		TIGR02013,TIGR02386
query_GCF_016411825.1	119	1	0	0	PF00380.20,PF00410.20,PF00466.21,PF01025.20,PF02576.18,PF03726.15,TIGR00006,TIGR00019,TIGR00020,TIGR00029,TIGR00043,TIGR00054,TIGR00059,TIGR00061,TIGR00064,TIGR00065,TIGR00082,TIGR00083,TIGR00084,TIGR00086,TIGR00088,TIGR00090,TIGR00092,TIGR00095,TIGR00115,TIGR00116,TIGR00138,TIGR00158,TIGR00166,TIGR00168,TIGR00186,TIGR00194,TIGR00250,TIGR00337,TIGR00344,TIGR00362,TIGR00392,TIGR00396,TIGR00398,TIGR00414,TIGR00416,TIGR00420,TIGR00431,TIGR00435,TIGR00436,TIGR00442,TIGR00445,TIGR00456,TIGR00459,TIGR00460,TIGR00468,TIGR00472,TIGR00487,TIGR00496,TIGR00539,TIGR00580,TIGR00593,TIGR00615,TIGR00631,TIGR00634,TIGR00635,TIGR00643,TIGR00663,TIGR00717,TIGR00755,TIGR00810,TIGR00922,TIGR00928,TIGR00959,TIGR00963,TIGR00964,TIGR00967,TIGR01009,TIGR01011,TIGR01017,TIGR01021,TIGR01029,TIGR01032,TIGR01039,TIGR01044,TIGR01059,TIGR01063,TIGR01066,TIGR01071,TIGR01079,TIGR01082,TIGR01087,TIGR01128,TIGR01146,TIGR01164,TIGR01169,TIGR01171,TIGR01302,TIGR01391,TIGR01393,TIGR01394,TIGR01510,TIGR01632,TIGR01951,TIGR01953,TIGR02012,TIGR02013,TIGR02027,TIGR02075,TIGR02191,TIGR02273,TIGR02350,TIGR02386,TIGR02397,TIGR02432,TIGR02729,TIGR03263,TIGR03594,TIGR03625,TIGR03632,TIGR03654,TIGR03723,TIGR03725,TIGR03953	TIGR00382		
query_GCF_016457235.1	120	0	0	0	PF00380.20,PF00410.20,PF00466.21,PF01025.20,PF02576.18,PF03726.15,TIGR00006,TIGR00019,TIGR00020,TIGR00029,TIGR00043,TIGR00054,TIGR00059,TIGR00061,TIGR00064,TIGR00065,TIGR00082,TIGR00083,TIGR00084,TIGR00086,TIGR00088,TIGR00090,TIGR00092,TIGR00095,TIGR00115,TIGR00116,TIGR00138,TIGR00158,TIGR00166,TIGR00168,TIGR00186,TIGR00194,TIGR00250,TIGR00337,TIGR00344,TIGR00362,TIGR00382,TIGR00392,TIGR00396,TIGR00398,TIGR00414,TIGR00416,TIGR00420,TIGR00431,TIGR00435,TIGR00436,TIGR00442,TIGR00445,TIGR00456,TIGR00459,TIGR00460,TIGR00468,TIGR00472,TIGR00487,TIGR00496,TIGR00539,TIGR00580,TIGR00593,TIGR00615,TIGR00631,TIGR00634,TIGR00635,TIGR00643,TIGR00663,TIGR00717,TIGR00755,TIGR00810,TIGR00922,TIGR00928,TIGR00959,TIGR00963,TIGR00964,TIGR00967,TIGR01009,TIGR01011,TIGR01017,TIGR01021,TIGR01029,TIGR01032,TIGR01039,TIGR01044,TIGR01059,TIGR01063,TIGR01066,TIGR01071,TIGR01079,TIGR01082,TIGR01087,TIGR01128,TIGR01146,TIGR01164,TIGR01169,TIGR01171,TIGR01302,TIGR01391,TIGR01393,TIGR01394,TIGR01510,TIGR01632,TIGR01951,TIGR01953,TIGR02012,TIGR02013,TIGR02027,TIGR02075,TIGR02191,TIGR02273,TIGR02350,TIGR02386,TIGR02397,TIGR02432,TIGR02729,TIGR03263,TIGR03594,TIGR03625,TIGR03632,TIGR03654,TIGR03723,TIGR03725,TIGR03953			
query_GCF_016461625.1	119	1	0	0	PF00380.20,PF00410.20,PF00466.21,PF01025.20,PF02576.18,PF03726.15,TIGR00006,TIGR00019,TIGR00020,TIGR00029,TIGR00043,TIGR00054,TIGR00059,TIGR00061,TIGR00064,TIGR00065,TIGR00082,TIGR00083,TIGR00084,TIGR00086,TIGR00088,TIGR00090,TIGR00092,TIGR00095,TIGR00115,TIGR00116,TIGR00138,TIGR00158,TIGR00166,TIGR00168,TIGR00186,TIGR00194,TIGR00250,TIGR00337,TIGR00344,TIGR00362,TIGR00382,TIGR00392,TIGR00396,TIGR00398,TIGR00414,TIGR00416,TIGR00420,TIGR00431,TIGR00435,TIGR00436,TIGR00442,TIGR00445,TIGR00456,TIGR00459,TIGR00460,TIGR00468,TIGR00472,TIGR00487,TIGR00496,TIGR00539,TIGR00580,TIGR00593,TIGR00615,TIGR00631,TIGR00634,TIGR00635,TIGR00643,TIGR00663,TIGR00717,TIGR00755,TIGR00810,TIGR00922,TIGR00928,TIGR00959,TIGR00963,TIGR00964,TIGR00967,TIGR01009,TIGR01011,TIGR01017,TIGR01021,TIGR01029,TIGR01032,TIGR01039,TIGR01044,TIGR01059,TIGR01063,TIGR01066,TIGR01071,TIGR01079,TIGR01082,TIGR01087,TIGR01128,TIGR01146,TIGR01164,TIGR01169,TIGR01171,TIGR01302,TIGR01393,TIGR01394,TIGR01510,TIGR01632,TIGR01951,TIGR01953,TIGR02012,TIGR02013,TIGR02027,TIGR02075,TIGR02191,TIGR02273,TIGR02350,TIGR02386,TIGR02397,TIGR02432,TIGR02729,TIGR03263,TIGR03594,TIGR03625,TIGR03632,TIGR03654,TIGR03723,TIGR03725,TIGR03953	TIGR01391		
query_GCF_016595685.1	120	0	0	0	PF00380.20,PF00410.20,PF00466.21,PF01025.20,PF02576.18,PF03726.15,TIGR00006,TIGR00019,TIGR00020,TIGR00029,TIGR00043,TIGR00054,TIGR00059,TIGR00061,TIGR00064,TIGR00065,TIGR00082,TIGR00083,TIGR00084,TIGR00086,TIGR00088,TIGR00090,TIGR00092,TIGR00095,TIGR00115,TIGR00116,TIGR00138,TIGR00158,TIGR00166,TIGR00168,TIGR00186,TIGR00194,TIGR00250,TIGR00337,TIGR00344,TIGR00362,TIGR00382,TIGR00392,TIGR00396,TIGR00398,TIGR00414,TIGR00416,TIGR00420,TIGR00431,TIGR00435,TIGR00436,TIGR00442,TIGR00445,TIGR00456,TIGR00459,TIGR00460,TIGR00468,TIGR00472,TIGR00487,TIGR00496,TIGR00539,TIGR00580,TIGR00593,TIGR00615,TIGR00631,TIGR00634,TIGR00635,TIGR00643,TIGR00663,TIGR00717,TIGR00755,TIGR00810,TIGR00922,TIGR00928,TIGR00959,TIGR00963,TIGR00964,TIGR00967,TIGR01009,TIGR01011,TIGR01017,TIGR01021,TIGR01029,TIGR01032,TIGR01039,TIGR01044,TIGR01059,TIGR01063,TIGR01066,TIGR01071,TIGR01079,TIGR01082,TIGR01087,TIGR01128,TIGR01146,TIGR01164,TIGR01169,TIGR01171,TIGR01302,TIGR01391,TIGR01393,TIGR01394,TIGR01510,TIGR01632,TIGR01951,TIGR01953,TIGR02012,TIGR02013,TIGR02027,TIGR02075,TIGR02191,TIGR02273,TIGR02350,TIGR02386,TIGR02397,TIGR02432,TIGR02729,TIGR03263,TIGR03594,TIGR03625,TIGR03632,TIGR03654,TIGR03723,TIGR03725,TIGR03953			
query_GCF_016698645.1	119	1	0	0	PF00380.20,PF00410.20,PF00466.21,PF01025.20,PF02576.18,PF03726.15,TIGR00006,TIGR00019,TIGR00020,TIGR00029,TIGR00043,TIGR00054,TIGR00059,TIGR00061,TIGR00064,TIGR00065,TIGR00082,TIGR00083,TIGR00084,TIGR00086,TIGR00088,TIGR00090,TIGR00092,TIGR00095,TIGR00115,TIGR00116,TIGR00138,TIGR00158,TIGR00166,TIGR00168,TIGR00186,TIGR00194,TIGR00250,TIGR00337,TIGR00344,TIGR00362,TIGR00392,TIGR00396,TIGR00398,TIGR00414,TIGR00416,TIGR00420,TIGR00431,TIGR00435,TIGR00436,TIGR00442,TIGR00445,TIGR00456,TIGR00459,TIGR00460,TIGR00468,TIGR00472,TIGR00487,TIGR00496,TIGR00539,TIGR00580,TIGR00593,TIGR00615,TIGR00631,TIGR00634,TIGR00635,TIGR00643,TIGR00663,TIGR00717,TIGR00755,TIGR00810,TIGR00922,TIGR00928,TIGR00959,TIGR00963,TIGR00964,TIGR00967,TIGR01009,TIGR01011,TIGR01017,TIGR01021,TIGR01029,TIGR01032,TIGR01039,TIGR01044,TIGR01059,TIGR01063,TIGR01066,TIGR01071,TIGR01079,TIGR01082,TIGR01087,TIGR01128,TIGR01146,TIGR01164,TIGR01169,TIGR01171,TIGR01302,TIGR01391,TIGR01393,TIGR01394,TIGR01510,TIGR01632,TIGR01951,TIGR01953,TIGR02012,TIGR02013,TIGR02027,TIGR02075,TIGR02191,TIGR02273,TIGR02350,TIGR02386,TIGR02397,TIGR02432,TIGR02729,TIGR03263,TIGR03594,TIGR03625,TIGR03632,TIGR03654,TIGR03723,TIGR03725,TIGR03953	TIGR00382		
query_GCF_016698665.1	118	2	0	0	PF00380.20,PF00410.20,PF00466.21,PF01025.20,PF02576.18,PF03726.15,TIGR00006,TIGR00019,TIGR00020,TIGR00029,TIGR00043,TIGR00054,TIGR00059,TIGR00061,TIGR00064,TIGR00065,TIGR00082,TIGR00083,TIGR00084,TIGR00086,TIGR00088,TIGR00090,TIGR00092,TIGR00095,TIGR00115,TIGR00116,TIGR00138,TIGR00158,TIGR00166,TIGR00168,TIGR00186,TIGR00194,TIGR00250,TIGR00337,TIGR00344,TIGR00362,TIGR00392,TIGR00396,TIGR00398,TIGR00414,TIGR00416,TIGR00420,TIGR00431,TIGR00435,TIGR00436,TIGR00442,TIGR00445,TIGR00456,TIGR00459,TIGR00460,TIGR00468,TIGR00472,TIGR00487,TIGR00496,TIGR00539,TIGR00593,TIGR00615,TIGR00631,TIGR00634,TIGR00635,TIGR00643,TIGR00663,TIGR00717,TIGR00755,TIGR00810,TIGR00922,TIGR00928,TIGR00959,TIGR00963,TIGR00964,TIGR00967,TIGR01009,TIGR01011,TIGR01017,TIGR01021,TIGR01029,TIGR01032,TIGR01039,TIGR01044,TIGR01059,TIGR01063,TIGR01066,TIGR01071,TIGR01079,TIGR01082,TIGR01087,TIGR01128,TIGR01146,TIGR01164,TIGR01169,TIGR01171,TIGR01302,TIGR01391,TIGR01393,TIGR01394,TIGR01510,TIGR01632,TIGR01951,TIGR01953,TIGR02012,TIGR02013,TIGR02027,TIGR02075,TIGR02191,TIGR02273,TIGR02350,TIGR02386,TIGR02397,TIGR02432,TIGR02729,TIGR03263,TIGR03594,TIGR03625,TIGR03632,TIGR03654,TIGR03723,TIGR03725,TIGR03953	TIGR00382,TIGR00580		
query_GCF_017307475.1	118	2	0	0	PF00380.20,PF00410.20,PF00466.21,PF01025.20,PF02576.18,PF03726.15,TIGR00006,TIGR00019,TIGR00020,TIGR00029,TIGR00043,TIGR00054,TIGR00059,TIGR00061,TIGR00064,TIGR00065,TIGR00082,TIGR00083,TIGR00084,TIGR00086,TIGR00088,TIGR00090,TIGR00092,TIGR00095,TIGR00115,TIGR00116,TIGR00138,TIGR00158,TIGR00166,TIGR00168,TIGR00186,TIGR00194,TIGR00250,TIGR00337,TIGR00344,TIGR00362,TIGR00392,TIGR00396,TIGR00398,TIGR00414,TIGR00416,TIGR00420,TIGR00431,TIGR00435,TIGR00436,TIGR00442,TIGR00445,TIGR00456,TIGR00459,TIGR00460,TIGR00468,TIGR00472,TIGR00487,TIGR00496,TIGR00539,TIGR00580,TIGR00593,TIGR00615,TIGR00631,TIGR00634,TIGR00635,TIGR00643,TIGR00717,TIGR00755,TIGR00810,TIGR00922,TIGR00928,TIGR00959,TIGR00963,TIGR00964,TIGR00967,TIGR01009,TIGR01011,TIGR01017,TIGR01021,TIGR01029,TIGR01032,TIGR01039,TIGR01044,TIGR01059,TIGR01063,TIGR01066,TIGR01071,TIGR01079,TIGR01082,TIGR01087,TIGR01128,TIGR01146,TIGR01164,TIGR01169,TIGR01171,TIGR01302,TIGR01391,TIGR01393,TIGR01394,TIGR01510,TIGR01632,TIGR01951,TIGR01953,TIGR02012,TIGR02013,TIGR02027,TIGR02075,TIGR02191,TIGR02273,TIGR02350,TIGR02386,TIGR02397,TIGR02432,TIGR02729,TIGR03263,TIGR03594,TIGR03625,TIGR03632,TIGR03654,TIGR03723,TIGR03725,TIGR03953	TIGR00382,TIGR00663		
query_GCF_017307495.1	119	1	0	0	PF00380.20,PF00410.20,PF00466.21,PF01025.20,PF02576.18,PF03726.15,TIGR00006,TIGR00019,TIGR00020,TIGR00029,TIGR00043,TIGR00054,TIGR00059,TIGR00061,TIGR00064,TIGR00065,TIGR00082,TIGR00083,TIGR00084,TIGR00086,TIGR00088,TIGR00090,TIGR00092,TIGR00095,TIGR00115,TIGR00116,TIGR00138,TIGR00158,TIGR00166,TIGR00168,TIGR00186,TIGR00194,TIGR00250,TIGR00337,TIGR00344,TIGR00362,TIGR00392,TIGR00396,TIGR00398,TIGR00414,TIGR00416,TIGR00420,TIGR00431,TIGR00435,TIGR00436,TIGR00442,TIGR00445,TIGR00456,TIGR00459,TIGR00460,TIGR00468,TIGR00472,TIGR00487,TIGR00496,TIGR00539,TIGR00580,TIGR00593,TIGR00615,TIGR00631,TIGR00634,TIGR00635,TIGR00643,TIGR00663,TIGR00717,TIGR00755,TIGR00810,TIGR00922,TIGR00928,TIGR00959,TIGR00963,TIGR00964,TIGR00967,TIGR01009,TIGR01011,TIGR01017,TIGR01021,TIGR01029,TIGR01032,TIGR01039,TIGR01044,TIGR01059,TIGR01063,TIGR01066,TIGR01071,TIGR01079,TIGR01082,TIGR01087,TIGR01128,TIGR01146,TIGR01164,TIGR01169,TIGR01171,TIGR01302,TIGR01391,TIGR01393,TIGR01394,TIGR01510,TIGR01632,TIGR01951,TIGR01953,TIGR02012,TIGR02013,TIGR02027,TIGR02075,TIGR02191,TIGR02273,TIGR02350,TIGR02386,TIGR02397,TIGR02432,TIGR02729,TIGR03263,TIGR03594,TIGR03625,TIGR03632,TIGR03654,TIGR03723,TIGR03725,TIGR03953	TIGR00382		
query_GCF_017307535.1	119	1	0	0	PF00380.20,PF00410.20,PF00466.21,PF01025.20,PF02576.18,PF03726.15,TIGR00006,TIGR00019,TIGR00020,TIGR00029,TIGR00043,TIGR00054,TIGR00059,TIGR00061,TIGR00064,TIGR00065,TIGR00082,TIGR00083,TIGR00084,TIGR00086,TIGR00088,TIGR00090,TIGR00092,TIGR00095,TIGR00115,TIGR00116,TIGR00138,TIGR00158,TIGR00166,TIGR00168,TIGR00186,TIGR00194,TIGR00250,TIGR00337,TIGR00344,TIGR00362,TIGR00392,TIGR00396,TIGR00398,TIGR00414,TIGR00416,TIGR00420,TIGR00431,TIGR00435,TIGR00436,TIGR00442,TIGR00445,TIGR00456,TIGR00459,TIGR00460,TIGR00468,TIGR00472,TIGR00487,TIGR00496,TIGR00539,TIGR00580,TIGR00593,TIGR00615,TIGR00631,TIGR00634,TIGR00635,TIGR00643,TIGR00663,TIGR00717,TIGR00755,TIGR00810,TIGR00922,TIGR00928,TIGR00959,TIGR00963,TIGR00964,TIGR00967,TIGR01009,TIGR01011,TIGR01017,TIGR01021,TIGR01029,TIGR01032,TIGR01039,TIGR01044,TIGR01059,TIGR01063,TIGR01066,TIGR01071,TIGR01079,TIGR01082,TIGR01087,TIGR01128,TIGR01146,TIGR01164,TIGR01169,TIGR01171,TIGR01302,TIGR01391,TIGR01393,TIGR01394,TIGR01510,TIGR01632,TIGR01951,TIGR01953,TIGR02012,TIGR02013,TIGR02027,TIGR02075,TIGR02191,TIGR02273,TIGR02350,TIGR02386,TIGR02397,TIGR02432,TIGR02729,TIGR03263,TIGR03594,TIGR03625,TIGR03632,TIGR03654,TIGR03723,TIGR03725,TIGR03953	TIGR00382		
query_GCF_017744655.1	118	1	0	1	PF00380.20,PF00410.20,PF00466.21,PF01025.20,PF02576.18,PF03726.15,TIGR00006,TIGR00019,TIGR00020,TIGR00029,TIGR00043,TIGR00054,TIGR00059,TIGR00061,TIGR00064,TIGR00065,TIGR00082,TIGR00083,TIGR00084,TIGR00086,TIGR00088,TIGR00090,TIGR00092,TIGR00095,TIGR00115,TIGR00116,TIGR00138,TIGR00158,TIGR00166,TIGR00168,TIGR00186,TIGR00194,TIGR00250,TIGR00337,TIGR00344,TIGR00362,TIGR00392,TIGR00396,TIGR00398,TIGR00414,TIGR00416,TIGR00420,TIGR00431,TIGR00435,TIGR00436,TIGR00442,TIGR00445,TIGR00456,TIGR00459,TIGR00460,TIGR00468,TIGR00472,TIGR00487,TIGR00496,TIGR00539,TIGR00580,TIGR00593,TIGR00615,TIGR00631,TIGR00634,TIGR00635,TIGR00643,TIGR00663,TIGR00717,TIGR00755,TIGR00810,TIGR00922,TIGR00928,TIGR00959,TIGR00963,TIGR00964,TIGR00967,TIGR01009,TIGR01011,TIGR01017,TIGR01021,TIGR01029,TIGR01032,TIGR01039,TIGR01044,TIGR01059,TIGR01063,TIGR01066,TIGR01071,TIGR01079,TIGR01082,TIGR01087,TIGR01128,TIGR01146,TIGR01164,TIGR01169,TIGR01171,TIGR01302,TIGR01391,TIGR01393,TIGR01394,TIGR01510,TIGR01632,TIGR01951,TIGR01953,TIGR02012,TIGR02027,TIGR02075,TIGR02191,TIGR02273,TIGR02350,TIGR02386,TIGR02397,TIGR02432,TIGR02729,TIGR03263,TIGR03594,TIGR03625,TIGR03632,TIGR03654,TIGR03723,TIGR03725,TIGR03953	TIGR00382		TIGR02013
query_GCF_018334155.1	116	4	0	0	PF00380.20,PF00410.20,PF00466.21,PF01025.20,PF02576.18,PF03726.15,TIGR00006,TIGR00019,TIGR00020,TIGR00029,TIGR00043,TIGR00054,TIGR00059,TIGR00061,TIGR00064,TIGR00065,TIGR00082,TIGR00083,TIGR00084,TIGR00086,TIGR00088,TIGR00090,TIGR00092,TIGR00095,TIGR00115,TIGR00116,TIGR00138,TIGR00158,TIGR00166,TIGR00168,TIGR00186,TIGR00194,TIGR00250,TIGR00337,TIGR00344,TIGR00362,TIGR00392,TIGR00396,TIGR00398,TIGR00414,TIGR00416,TIGR00420,TIGR00431,TIGR00435,TIGR00436,TIGR00442,TIGR00445,TIGR00456,TIGR00459,TIGR00460,TIGR00468,TIGR00472,TIGR00487,TIGR00496,TIGR00539,TIGR00580,TIGR00593,TIGR00615,TIGR00631,TIGR00634,TIGR00635,TIGR00643,TIGR00663,TIGR00717,TIGR00755,TIGR00810,TIGR00922,TIGR00928,TIGR00959,TIGR00963,TIGR00964,TIGR00967,TIGR01009,TIGR01011,TIGR01017,TIGR01021,TIGR01029,TIGR01032,TIGR01044,TIGR01059,TIGR01063,TIGR01066,TIGR01071,TIGR01079,TIGR01082,TIGR01087,TIGR01128,TIGR01164,TIGR01169,TIGR01171,TIGR01302,TIGR01393,TIGR01394,TIGR01510,TIGR01632,TIGR01951,TIGR01953,TIGR02012,TIGR02013,TIGR02027,TIGR02075,TIGR02191,TIGR02273,TIGR02350,TIGR02386,TIGR02397,TIGR02432,TIGR02729,TIGR03263,TIGR03594,TIGR03625,TIGR03632,TIGR03654,TIGR03723,TIGR03725,TIGR03953	TIGR00382,TIGR01039,TIGR01146,TIGR01391		
query_GCF_019504385.1	119	1	0	0	PF00380.20,PF00410.20,PF00466.21,PF01025.20,PF02576.18,PF03726.15,TIGR00006,TIGR00019,TIGR00020,TIGR00029,TIGR00043,TIGR00054,TIGR00059,TIGR00061,TIGR00064,TIGR00065,TIGR00082,TIGR00083,TIGR00084,TIGR00086,TIGR00088,TIGR00090,TIGR00092,TIGR00095,TIGR00115,TIGR00116,TIGR00138,TIGR00158,TIGR00166,TIGR00168,TIGR00186,TIGR00194,TIGR00250,TIGR00337,TIGR00344,TIGR00362,TIGR00392,TIGR00396,TIGR00398,TIGR00414,TIGR00416,TIGR00420,TIGR00431,TIGR00435,TIGR00436,TIGR00442,TIGR00445,TIGR00456,TIGR00459,TIGR00460,TIGR00468,TIGR00472,TIGR00487,TIGR00496,TIGR00539,TIGR00580,TIGR00593,TIGR00615,TIGR00631,TIGR00634,TIGR00635,TIGR00643,TIGR00663,TIGR00717,TIGR00755,TIGR00810,TIGR00922,TIGR00928,TIGR00959,TIGR00963,TIGR00964,TIGR00967,TIGR01009,TIGR01011,TIGR01017,TIGR01021,TIGR01029,TIGR01032,TIGR01039,TIGR01044,TIGR01059,TIGR01063,TIGR01066,TIGR01071,TIGR01079,TIGR01082,TIGR01087,TIGR01128,TIGR01146,TIGR01164,TIGR01169,TIGR01171,TIGR01302,TIGR01391,TIGR01393,TIGR01394,TIGR01510,TIGR01632,TIGR01951,TIGR01953,TIGR02012,TIGR02013,TIGR02027,TIGR02075,TIGR02191,TIGR02273,TIGR02350,TIGR02386,TIGR02397,TIGR02432,TIGR02729,TIGR03263,TIGR03594,TIGR03625,TIGR03632,TIGR03654,TIGR03723,TIGR03725,TIGR03953	TIGR00382		
query_GCF_021729885.1	119	1	0	0	PF00380.20,PF00410.20,PF00466.21,PF01025.20,PF02576.18,PF03726.15,TIGR00006,TIGR00019,TIGR00020,TIGR00029,TIGR00043,TIGR00054,TIGR00059,TIGR00061,TIGR00064,TIGR00065,TIGR00082,TIGR00083,TIGR00084,TIGR00086,TIGR00088,TIGR00090,TIGR00092,TIGR00095,TIGR00115,TIGR00116,TIGR00138,TIGR00158,TIGR00166,TIGR00168,TIGR00186,TIGR00194,TIGR00250,TIGR00337,TIGR00344,TIGR00362,TIGR00392,TIGR00396,TIGR00398,TIGR00414,TIGR00416,TIGR00420,TIGR00431,TIGR00435,TIGR00436,TIGR00442,TIGR00445,TIGR00456,TIGR00459,TIGR00460,TIGR00468,TIGR00472,TIGR00487,TIGR00496,TIGR00539,TIGR00580,TIGR00593,TIGR00615,TIGR00631,TIGR00634,TIGR00635,TIGR00643,TIGR00663,TIGR00717,TIGR00755,TIGR00810,TIGR00922,TIGR00928,TIGR00959,TIGR00963,TIGR00964,TIGR00967,TIGR01009,TIGR01011,TIGR01017,TIGR01021,TIGR01029,TIGR01032,TIGR01039,TIGR01044,TIGR01059,TIGR01063,TIGR01066,TIGR01071,TIGR01079,TIGR01082,TIGR01087,TIGR01128,TIGR01146,TIGR01164,TIGR01169,TIGR01171,TIGR01302,TIGR01391,TIGR01393,TIGR01394,TIGR01510,TIGR01632,TIGR01951,TIGR01953,TIGR02012,TIGR02013,TIGR02027,TIGR02075,TIGR02191,TIGR02273,TIGR02350,TIGR02386,TIGR02397,TIGR02432,TIGR02729,TIGR03263,TIGR03594,TIGR03625,TIGR03632,TIGR03654,TIGR03723,TIGR03725,TIGR03953	TIGR00382		
query_GCF_022429625.1	119	1	0	0	PF00380.20,PF00410.20,PF00466.21,PF01025.20,PF02576.18,PF03726.15,TIGR00006,TIGR00019,TIGR00020,TIGR00029,TIGR00043,TIGR00054,TIGR00059,TIGR00061,TIGR00064,TIGR00065,TIGR00082,TIGR00083,TIGR00084,TIGR00086,TIGR00088,TIGR00090,TIGR00092,TIGR00095,TIGR00115,TIGR00116,TIGR00138,TIGR00158,TIGR00166,TIGR00168,TIGR00186,TIGR00194,TIGR00250,TIGR00337,TIGR00344,TIGR00362,TIGR00392,TIGR00396,TIGR00398,TIGR00414,TIGR00416,TIGR00420,TIGR00431,TIGR00435,TIGR00436,TIGR00442,TIGR00445,TIGR00456,TIGR00459,TIGR00460,TIGR00468,TIGR00472,TIGR00487,TIGR00496,TIGR00539,TIGR00580,TIGR00593,TIGR00615,TIGR00631,TIGR00634,TIGR00635,TIGR00643,TIGR00663,TIGR00717,TIGR00755,TIGR00810,TIGR00922,TIGR00928,TIGR00959,TIGR00963,TIGR00964,TIGR00967,TIGR01009,TIGR01011,TIGR01017,TIGR01021,TIGR01029,TIGR01032,TIGR01039,TIGR01044,TIGR01059,TIGR01063,TIGR01066,TIGR01071,TIGR01079,TIGR01082,TIGR01087,TIGR01128,TIGR01146,TIGR01164,TIGR01169,TIGR01171,TIGR01302,TIGR01391,TIGR01393,TIGR01394,TIGR01510,TIGR01632,TIGR01951,TIGR01953,TIGR02012,TIGR02013,TIGR02027,TIGR02075,TIGR02191,TIGR02273,TIGR02350,TIGR02386,TIGR02397,TIGR02432,TIGR02729,TIGR03263,TIGR03594,TIGR03625,TIGR03632,TIGR03654,TIGR03723,TIGR03725,TIGR03953	TIGR00382		
query_GCF_024158985.1	119	1	0	0	PF00380.20,PF00410.20,PF00466.21,PF01025.20,PF02576.18,PF03726.15,TIGR00006,TIGR00019,TIGR00020,TIGR00029,TIGR00043,TIGR00054,TIGR00059,TIGR00061,TIGR00064,TIGR00065,TIGR00082,TIGR00083,TIGR00084,TIGR00086,TIGR00088,TIGR00090,TIGR00092,TIGR00095,TIGR00115,TIGR00116,TIGR00138,TIGR00158,TIGR00166,TIGR00168,TIGR00186,TIGR00194,TIGR00250,TIGR00337,TIGR00344,TIGR00362,TIGR00392,TIGR00396,TIGR00398,TIGR00414,TIGR00416,TIGR00420,TIGR00431,TIGR00435,TIGR00436,TIGR00442,TIGR00445,TIGR00456,TIGR00459,TIGR00460,TIGR00468,TIGR00472,TIGR00487,TIGR00496,TIGR00539,TIGR00580,TIGR00593,TIGR00615,TIGR00631,TIGR00634,TIGR00635,TIGR00643,TIGR00663,TIGR00717,TIGR00755,TIGR00810,TIGR00922,TIGR00928,TIGR00959,TIGR00963,TIGR00964,TIGR00967,TIGR01009,TIGR01011,TIGR01017,TIGR01021,TIGR01029,TIGR01032,TIGR01039,TIGR01044,TIGR01059,TIGR01063,TIGR01066,TIGR01071,TIGR01079,TIGR01082,TIGR01087,TIGR01128,TIGR01146,TIGR01164,TIGR01169,TIGR01171,TIGR01302,TIGR01391,TIGR01393,TIGR01394,TIGR01510,TIGR01632,TIGR01951,TIGR01953,TIGR02012,TIGR02013,TIGR02027,TIGR02075,TIGR02191,TIGR02273,TIGR02350,TIGR02386,TIGR02397,TIGR02432,TIGR02729,TIGR03263,TIGR03594,TIGR03625,TIGR03632,TIGR03654,TIGR03723,TIGR03725,TIGR03953	TIGR00382		
query_GCF_024273195.1	120	0	0	0	PF00380.20,PF00410.20,PF00466.21,PF01025.20,PF02576.18,PF03726.15,TIGR00006,TIGR00019,TIGR00020,TIGR00029,TIGR00043,TIGR00054,TIGR00059,TIGR00061,TIGR00064,TIGR00065,TIGR00082,TIGR00083,TIGR00084,TIGR00086,TIGR00088,TIGR00090,TIGR00092,TIGR00095,TIGR00115,TIGR00116,TIGR00138,TIGR00158,TIGR00166,TIGR00168,TIGR00186,TIGR00194,TIGR00250,TIGR00337,TIGR00344,TIGR00362,TIGR00382,TIGR00392,TIGR00396,TIGR00398,TIGR00414,TIGR00416,TIGR00420,TIGR00431,TIGR00435,TIGR00436,TIGR00442,TIGR00445,TIGR00456,TIGR00459,TIGR00460,TIGR00468,TIGR00472,TIGR00487,TIGR00496,TIGR00539,TIGR00580,TIGR00593,TIGR00615,TIGR00631,TIGR00634,TIGR00635,TIGR00643,TIGR00663,TIGR00717,TIGR00755,TIGR00810,TIGR00922,TIGR00928,TIGR00959,TIGR00963,TIGR00964,TIGR00967,TIGR01009,TIGR01011,TIGR01017,TIGR01021,TIGR01029,TIGR01032,TIGR01039,TIGR01044,TIGR01059,TIGR01063,TIGR01066,TIGR01071,TIGR01079,TIGR01082,TIGR01087,TIGR01128,TIGR01146,TIGR01164,TIGR01169,TIGR01171,TIGR01302,TIGR01391,TIGR01393,TIGR01394,TIGR01510,TIGR01632,TIGR01951,TIGR01953,TIGR02012,TIGR02013,TIGR02027,TIGR02075,TIGR02191,TIGR02273,TIGR02350,TIGR02386,TIGR02397,TIGR02432,TIGR02729,TIGR03263,TIGR03594,TIGR03625,TIGR03632,TIGR03654,TIGR03723,TIGR03725,TIGR03953			
query_GCF_024273205.1	120	0	0	0	PF00380.20,PF00410.20,PF00466.21,PF01025.20,PF02576.18,PF03726.15,TIGR00006,TIGR00019,TIGR00020,TIGR00029,TIGR00043,TIGR00054,TIGR00059,TIGR00061,TIGR00064,TIGR00065,TIGR00082,TIGR00083,TIGR00084,TIGR00086,TIGR00088,TIGR00090,TIGR00092,TIGR00095,TIGR00115,TIGR00116,TIGR00138,TIGR00158,TIGR00166,TIGR00168,TIGR00186,TIGR00194,TIGR00250,TIGR00337,TIGR00344,TIGR00362,TIGR00382,TIGR00392,TIGR00396,TIGR00398,TIGR00414,TIGR00416,TIGR00420,TIGR00431,TIGR00435,TIGR00436,TIGR00442,TIGR00445,TIGR00456,TIGR00459,TIGR00460,TIGR00468,TIGR00472,TIGR00487,TIGR00496,TIGR00539,TIGR00580,TIGR00593,TIGR00615,TIGR00631,TIGR00634,TIGR00635,TIGR00643,TIGR00663,TIGR00717,TIGR00755,TIGR00810,TIGR00922,TIGR00928,TIGR00959,TIGR00963,TIGR00964,TIGR00967,TIGR01009,TIGR01011,TIGR01017,TIGR01021,TIGR01029,TIGR01032,TIGR01039,TIGR01044,TIGR01059,TIGR01063,TIGR01066,TIGR01071,TIGR01079,TIGR01082,TIGR01087,TIGR01128,TIGR01146,TIGR01164,TIGR01169,TIGR01171,TIGR01302,TIGR01391,TIGR01393,TIGR01394,TIGR01510,TIGR01632,TIGR01951,TIGR01953,TIGR02012,TIGR02013,TIGR02027,TIGR02075,TIGR02191,TIGR02273,TIGR02350,TIGR02386,TIGR02397,TIGR02432,TIGR02729,TIGR03263,TIGR03594,TIGR03625,TIGR03632,TIGR03654,TIGR03723,TIGR03725,TIGR03953			
query_GCF_024707105.1	115	1	0	4	PF00380.20,PF00410.20,PF00466.21,PF01025.20,PF02576.18,PF03726.15,TIGR00006,TIGR00019,TIGR00020,TIGR00029,TIGR00043,TIGR00054,TIGR00059,TIGR00061,TIGR00064,TIGR00065,TIGR00082,TIGR00083,TIGR00084,TIGR00086,TIGR00088,TIGR00090,TIGR00092,TIGR00095,TIGR00115,TIGR00116,TIGR00138,TIGR00158,TIGR00166,TIGR00168,TIGR00186,TIGR00194,TIGR00250,TIGR00337,TIGR00344,TIGR00362,TIGR00392,TIGR00396,TIGR00398,TIGR00414,TIGR00416,TIGR00420,TIGR00431,TIGR00435,TIGR00436,TIGR00442,TIGR00445,TIGR00459,TIGR00460,TIGR00468,TIGR00472,TIGR00487,TIGR00496,TIGR00539,TIGR00580,TIGR00593,TIGR00615,TIGR00631,TIGR00634,TIGR00635,TIGR00643,TIGR00663,TIGR00717,TIGR00755,TIGR00810,TIGR00922,TIGR00928,TIGR00959,TIGR00963,TIGR00964,TIGR00967,TIGR01009,TIGR01011,TIGR01017,TIGR01021,TIGR01029,TIGR01032,TIGR01039,TIGR01044,TIGR01059,TIGR01063,TIGR01066,TIGR01071,TIGR01079,TIGR01082,TIGR01087,TIGR01128,TIGR01146,TIGR01164,TIGR01169,TIGR01171,TIGR01302,TIGR01391,TIGR01393,TIGR01394,TIGR01510,TIGR01632,TIGR01951,TIGR01953,TIGR02012,TIGR02027,TIGR02075,TIGR02191,TIGR02273,TIGR02350,TIGR02397,TIGR02432,TIGR02729,TIGR03263,TIGR03594,TIGR03625,TIGR03632,TIGR03654,TIGR03723,TIGR03725	TIGR00382		TIGR00456,TIGR02013,TIGR02386,TIGR03953
query_GCF_025452235.1	117	2	0	1	PF00380.20,PF00410.20,PF00466.21,PF01025.20,PF02576.18,PF03726.15,TIGR00006,TIGR00019,TIGR00020,TIGR00029,TIGR00043,TIGR00054,TIGR00059,TIGR00061,TIGR00064,TIGR00065,TIGR00082,TIGR00083,TIGR00084,TIGR00086,TIGR00088,TIGR00090,TIGR00092,TIGR00095,TIGR00115,TIGR00116,TIGR00138,TIGR00158,TIGR00166,TIGR00168,TIGR00186,TIGR00194,TIGR00250,TIGR00337,TIGR00344,TIGR00362,TIGR00392,TIGR00396,TIGR00398,TIGR00414,TIGR00416,TIGR00420,TIGR00431,TIGR00435,TIGR00436,TIGR00442,TIGR00445,TIGR00456,TIGR00459,TIGR00460,TIGR00468,TIGR00472,TIGR00487,TIGR00496,TIGR00539,TIGR00580,TIGR00593,TIGR00615,TIGR00631,TIGR00634,TIGR00635,TIGR00643,TIGR00717,TIGR00755,TIGR00810,TIGR00922,TIGR00928,TIGR00959,TIGR00963,TIGR00964,TIGR00967,TIGR01009,TIGR01011,TIGR01017,TIGR01021,TIGR01029,TIGR01032,TIGR01039,TIGR01044,TIGR01063,TIGR01066,TIGR01071,TIGR01079,TIGR01082,TIGR01087,TIGR01128,TIGR01146,TIGR01164,TIGR01169,TIGR01171,TIGR01302,TIGR01391,TIGR01393,TIGR01394,TIGR01510,TIGR01632,TIGR01951,TIGR01953,TIGR02012,TIGR02013,TIGR02027,TIGR02075,TIGR02191,TIGR02273,TIGR02350,TIGR02386,TIGR02397,TIGR02432,TIGR02729,TIGR03263,TIGR03594,TIGR03625,TIGR03632,TIGR03654,TIGR03723,TIGR03725,TIGR03953	TIGR00382,TIGR00663		TIGR01059
query_GCF_025809055.1	120	0	0	0	PF00380.20,PF00410.20,PF00466.21,PF01025.20,PF02576.18,PF03726.15,TIGR00006,TIGR00019,TIGR00020,TIGR00029,TIGR00043,TIGR00054,TIGR00059,TIGR00061,TIGR00064,TIGR00065,TIGR00082,TIGR00083,TIGR00084,TIGR00086,TIGR00088,TIGR00090,TIGR00092,TIGR00095,TIGR00115,TIGR00116,TIGR00138,TIGR00158,TIGR00166,TIGR00168,TIGR00186,TIGR00194,TIGR00250,TIGR00337,TIGR00344,TIGR00362,TIGR00382,TIGR00392,TIGR00396,TIGR00398,TIGR00414,TIGR00416,TIGR00420,TIGR00431,TIGR00435,TIGR00436,TIGR00442,TIGR00445,TIGR00456,TIGR00459,TIGR00460,TIGR00468,TIGR00472,TIGR00487,TIGR00496,TIGR00539,TIGR00580,TIGR00593,TIGR00615,TIGR00631,TIGR00634,TIGR00635,TIGR00643,TIGR00663,TIGR00717,TIGR00755,TIGR00810,TIGR00922,TIGR00928,TIGR00959,TIGR00963,TIGR00964,TIGR00967,TIGR01009,TIGR01011,TIGR01017,TIGR01021,TIGR01029,TIGR01032,TIGR01039,TIGR01044,TIGR01059,TIGR01063,TIGR01066,TIGR01071,TIGR01079,TIGR01082,TIGR01087,TIGR01128,TIGR01146,TIGR01164,TIGR01169,TIGR01171,TIGR01302,TIGR01391,TIGR01393,TIGR01394,TIGR01510,TIGR01632,TIGR01951,TIGR01953,TIGR02012,TIGR02013,TIGR02027,TIGR02075,TIGR02191,TIGR02273,TIGR02350,TIGR02386,TIGR02397,TIGR02432,TIGR02729,TIGR03263,TIGR03594,TIGR03625,TIGR03632,TIGR03654,TIGR03723,TIGR03725,TIGR03953			
query_GCF_027214225.1	117	3	0	0	PF00380.20,PF00410.20,PF00466.21,PF01025.20,PF02576.18,PF03726.15,TIGR00006,TIGR00019,TIGR00020,TIGR00029,TIGR00043,TIGR00054,TIGR00059,TIGR00061,TIGR00064,TIGR00065,TIGR00082,TIGR00083,TIGR00084,TIGR00086,TIGR00088,TIGR00090,TIGR00092,TIGR00095,TIGR00115,TIGR00116,TIGR00138,TIGR00158,TIGR00166,TIGR00168,TIGR00186,TIGR00194,TIGR00250,TIGR00337,TIGR00344,TIGR00362,TIGR00392,TIGR00396,TIGR00398,TIGR00414,TIGR00416,TIGR00420,TIGR00431,TIGR00435,TIGR00436,TIGR00442,TIGR00445,TIGR00456,TIGR00459,TIGR00460,TIGR00468,TIGR00472,TIGR00487,TIGR00496,TIGR00539,TIGR00580,TIGR00593,TIGR00615,TIGR00631,TIGR00634,TIGR00635,TIGR00643,TIGR00663,TIGR00717,TIGR00755,TIGR00810,TIGR00922,TIGR00928,TIGR00959,TIGR00963,TIGR00964,TIGR00967,TIGR01009,TIGR01011,TIGR01017,TIGR01021,TIGR01029,TIGR01032,TIGR01044,TIGR01059,TIGR01063,TIGR01066,TIGR01071,TIGR01079,TIGR01082,TIGR01087,TIGR01128,TIGR01164,TIGR01169,TIGR01171,TIGR01302,TIGR01391,TIGR01393,TIGR01394,TIGR01510,TIGR01632,TIGR01951,TIGR01953,TIGR02012,TIGR02013,TIGR02027,TIGR02075,TIGR02191,TIGR02273,TIGR02350,TIGR02386,TIGR02397,TIGR02432,TIGR02729,TIGR03263,TIGR03594,TIGR03625,TIGR03632,TIGR03654,TIGR03723,TIGR03725,TIGR03953	TIGR00382,TIGR01039,TIGR01146		
query_GCF_028290435.1	115	5	0	0	PF00380.20,PF00410.20,PF00466.21,PF01025.20,PF02576.18,PF03726.15,TIGR00006,TIGR00019,TIGR00020,TIGR00029,TIGR00043,TIGR00054,TIGR00059,TIGR00061,TIGR00064,TIGR00065,TIGR00082,TIGR00083,TIGR00084,TIGR00086,TIGR00088,TIGR00090,TIGR00092,TIGR00095,TIGR00115,TIGR00116,TIGR00138,TIGR00158,TIGR00168,TIGR00186,TIGR00194,TIGR00250,TIGR00337,TIGR00344,TIGR00362,TIGR00392,TIGR00396,TIGR00398,TIGR00414,TIGR00416,TIGR00420,TIGR00431,TIGR00435,TIGR00436,TIGR00442,TIGR00445,TIGR00456,TIGR00459,TIGR00460,TIGR00468,TIGR00472,TIGR00487,TIGR00496,TIGR00539,TIGR00580,TIGR00593,TIGR00615,TIGR00631,TIGR00634,TIGR00635,TIGR00643,TIGR00663,TIGR00717,TIGR00755,TIGR00810,TIGR00922,TIGR00928,TIGR00959,TIGR00963,TIGR00964,TIGR00967,TIGR01011,TIGR01017,TIGR01021,TIGR01029,TIGR01032,TIGR01039,TIGR01044,TIGR01059,TIGR01063,TIGR01066,TIGR01071,TIGR01079,TIGR01082,TIGR01087,TIGR01128,TIGR01146,TIGR01164,TIGR01169,TIGR01171,TIGR01302,TIGR01391,TIGR01394,TIGR01510,TIGR01632,TIGR01951,TIGR01953,TIGR02012,TIGR02013,TIGR02027,TIGR02075,TIGR02191,TIGR02273,TIGR02386,TIGR02397,TIGR02432,TIGR02729,TIGR03263,TIGR03594,TIGR03625,TIGR03632,TIGR03654,TIGR03723,TIGR03725,TIGR03953	TIGR00166,TIGR00382,TIGR01009,TIGR01393,TIGR02350		
query_GCF_028290625.1	114	4	0	2	PF00380.20,PF00410.20,PF01025.20,PF02576.18,PF03726.15,TIGR00006,TIGR00019,TIGR00020,TIGR00029,TIGR00043,TIGR00054,TIGR00059,TIGR00061,TIGR00064,TIGR00065,TIGR00082,TIGR00083,TIGR00084,TIGR00086,TIGR00088,TIGR00090,TIGR00092,TIGR00095,TIGR00115,TIGR00116,TIGR00138,TIGR00158,TIGR00166,TIGR00168,TIGR00186,TIGR00194,TIGR00250,TIGR00337,TIGR00344,TIGR00362,TIGR00392,TIGR00396,TIGR00398,TIGR00414,TIGR00420,TIGR00431,TIGR00435,TIGR00436,TIGR00442,TIGR00445,TIGR00456,TIGR00459,TIGR00460,TIGR00468,TIGR00472,TIGR00487,TIGR00496,TIGR00539,TIGR00580,TIGR00593,TIGR00615,TIGR00631,TIGR00634,TIGR00635,TIGR00643,TIGR00663,TIGR00717,TIGR00755,TIGR00810,TIGR00922,TIGR00959,TIGR00963,TIGR00964,TIGR00967,TIGR01009,TIGR01011,TIGR01017,TIGR01021,TIGR01029,TIGR01032,TIGR01044,TIGR01059,TIGR01063,TIGR01066,TIGR01071,TIGR01079,TIGR01082,TIGR01087,TIGR01128,TIGR01146,TIGR01164,TIGR01169,TIGR01171,TIGR01302,TIGR01391,TIGR01393,TIGR01394,TIGR01510,TIGR01632,TIGR01951,TIGR01953,TIGR02012,TIGR02027,TIGR02075,TIGR02191,TIGR02273,TIGR02350,TIGR02386,TIGR02397,TIGR02432,TIGR02729,TIGR03263,TIGR03594,TIGR03625,TIGR03632,TIGR03654,TIGR03723,TIGR03725,TIGR03953	TIGR00382,TIGR00416,TIGR00928,TIGR01039		PF00466.21,TIGR02013
query_GCF_028613635.1	117	3	0	0	PF00380.20,PF00410.20,PF00466.21,PF02576.18,PF03726.15,TIGR00006,TIGR00019,TIGR00020,TIGR00029,TIGR00043,TIGR00054,TIGR00059,TIGR00061,TIGR00064,TIGR00065,TIGR00082,TIGR00083,TIGR00084,TIGR00086,TIGR00088,TIGR00090,TIGR00092,TIGR00095,TIGR00115,TIGR00116,TIGR00138,TIGR00158,TIGR00166,TIGR00168,TIGR00186,TIGR00194,TIGR00250,TIGR00337,TIGR00344,TIGR00362,TIGR00392,TIGR00396,TIGR00398,TIGR00414,TIGR00416,TIGR00420,TIGR00431,TIGR00435,TIGR00436,TIGR00442,TIGR00445,TIGR00456,TIGR00459,TIGR00460,TIGR00468,TIGR00472,TIGR00487,TIGR00496,TIGR00539,TIGR00580,TIGR00593,TIGR00615,TIGR00631,TIGR00634,TIGR00635,TIGR00643,TIGR00663,TIGR00717,TIGR00755,TIGR00810,TIGR00922,TIGR00928,TIGR00959,TIGR00963,TIGR00964,TIGR00967,TIGR01009,TIGR01011,TIGR01017,TIGR01021,TIGR01029,TIGR01032,TIGR01039,TIGR01044,TIGR01059,TIGR01063,TIGR01066,TIGR01071,TIGR01079,TIGR01082,TIGR01087,TIGR01128,TIGR01146,TIGR01164,TIGR01169,TIGR01171,TIGR01302,TIGR01391,TIGR01393,TIGR01394,TIGR01510,TIGR01632,TIGR01951,TIGR01953,TIGR02012,TIGR02013,TIGR02027,TIGR02075,TIGR02191,TIGR02273,TIGR02386,TIGR02397,TIGR02432,TIGR02729,TIGR03263,TIGR03594,TIGR03625,TIGR03632,TIGR03654,TIGR03723,TIGR03725,TIGR03953	PF01025.20,TIGR00382,TIGR02350		
query_GCF_028816435.1	116	3	0	1	PF00380.20,PF00410.20,PF00466.21,PF01025.20,PF02576.18,PF03726.15,TIGR00006,TIGR00019,TIGR00020,TIGR00029,TIGR00043,TIGR00054,TIGR00059,TIGR00061,TIGR00064,TIGR00065,TIGR00082,TIGR00083,TIGR00084,TIGR00086,TIGR00088,TIGR00090,TIGR00092,TIGR00095,TIGR00115,TIGR00116,TIGR00138,TIGR00158,TIGR00166,TIGR00168,TIGR00186,TIGR00194,TIGR00250,TIGR00337,TIGR00344,TIGR00362,TIGR00392,TIGR00396,TIGR00398,TIGR00414,TIGR00416,TIGR00420,TIGR00431,TIGR00435,TIGR00436,TIGR00442,TIGR00445,TIGR00456,TIGR00459,TIGR00460,TIGR00468,TIGR00472,TIGR00487,TIGR00496,TIGR00539,TIGR00580,TIGR00593,TIGR00615,TIGR00631,TIGR00634,TIGR00635,TIGR00643,TIGR00663,TIGR00717,TIGR00755,TIGR00810,TIGR00922,TIGR00928,TIGR00963,TIGR00964,TIGR00967,TIGR01009,TIGR01011,TIGR01017,TIGR01021,TIGR01029,TIGR01032,TIGR01044,TIGR01059,TIGR01063,TIGR01066,TIGR01071,TIGR01079,TIGR01082,TIGR01087,TIGR01128,TIGR01164,TIGR01169,TIGR01171,TIGR01302,TIGR01391,TIGR01393,TIGR01394,TIGR01510,TIGR01632,TIGR01951,TIGR01953,TIGR02012,TIGR02013,TIGR02027,TIGR02075,TIGR02191,TIGR02273,TIGR02350,TIGR02386,TIGR02397,TIGR02432,TIGR02729,TIGR03263,TIGR03594,TIGR03625,TIGR03632,TIGR03654,TIGR03723,TIGR03725,TIGR03953	TIGR00382,TIGR01039,TIGR01146		TIGR00959
query_GCF_029201545.1	119	1	0	0	PF00380.20,PF00410.20,PF00466.21,PF01025.20,PF02576.18,PF03726.15,TIGR00006,TIGR00019,TIGR00020,TIGR00029,TIGR00043,TIGR00054,TIGR00059,TIGR00061,TIGR00064,TIGR00065,TIGR00082,TIGR00083,TIGR00084,TIGR00086,TIGR00088,TIGR00090,TIGR00092,TIGR00095,TIGR00115,TIGR00116,TIGR00138,TIGR00158,TIGR00166,TIGR00168,TIGR00186,TIGR00194,TIGR00250,TIGR00337,TIGR00344,TIGR00362,TIGR00392,TIGR00396,TIGR00398,TIGR00414,TIGR00416,TIGR00420,TIGR00431,TIGR00435,TIGR00436,TIGR00442,TIGR00445,TIGR00456,TIGR00459,TIGR00460,TIGR00468,TIGR00472,TIGR00487,TIGR00496,TIGR00539,TIGR00580,TIGR00593,TIGR00615,TIGR00631,TIGR00634,TIGR00635,TIGR00643,TIGR00663,TIGR00717,TIGR00755,TIGR00810,TIGR00922,TIGR00928,TIGR00959,TIGR00963,TIGR00964,TIGR00967,TIGR01009,TIGR01011,TIGR01017,TIGR01021,TIGR01029,TIGR01032,TIGR01039,TIGR01044,TIGR01059,TIGR01063,TIGR01066,TIGR01071,TIGR01079,TIGR01082,TIGR01087,TIGR01128,TIGR01146,TIGR01164,TIGR01169,TIGR01171,TIGR01302,TIGR01391,TIGR01393,TIGR01394,TIGR01510,TIGR01632,TIGR01951,TIGR01953,TIGR02012,TIGR02013,TIGR02027,TIGR02075,TIGR02191,TIGR02273,TIGR02350,TIGR02386,TIGR02397,TIGR02432,TIGR02729,TIGR03263,TIGR03594,TIGR03625,TIGR03632,TIGR03654,TIGR03723,TIGR03725,TIGR03953	TIGR00382		
query_GCF_029201565.1	118	2	0	0	PF00380.20,PF00410.20,PF00466.21,PF01025.20,PF02576.18,PF03726.15,TIGR00006,TIGR00019,TIGR00020,TIGR00029,TIGR00043,TIGR00054,TIGR00059,TIGR00061,TIGR00064,TIGR00065,TIGR00082,TIGR00083,TIGR00084,TIGR00086,TIGR00088,TIGR00090,TIGR00092,TIGR00095,TIGR00115,TIGR00116,TIGR00138,TIGR00158,TIGR00166,TIGR00168,TIGR00186,TIGR00194,TIGR00250,TIGR00337,TIGR00344,TIGR00362,TIGR00392,TIGR00396,TIGR00398,TIGR00414,TIGR00416,TIGR00420,TIGR00431,TIGR00435,TIGR00436,TIGR00442,TIGR00445,TIGR00456,TIGR00459,TIGR00460,TIGR00468,TIGR00472,TIGR00487,TIGR00496,TIGR00539,TIGR00580,TIGR00593,TIGR00615,TIGR00631,TIGR00634,TIGR00635,TIGR00643,TIGR00717,TIGR00755,TIGR00810,TIGR00922,TIGR00928,TIGR00959,TIGR00963,TIGR00964,TIGR00967,TIGR01009,TIGR01011,TIGR01017,TIGR01021,TIGR01029,TIGR01032,TIGR01039,TIGR01044,TIGR01059,TIGR01063,TIGR01066,TIGR01071,TIGR01079,TIGR01082,TIGR01087,TIGR01128,TIGR01146,TIGR01164,TIGR01169,TIGR01171,TIGR01302,TIGR01391,TIGR01393,TIGR01394,TIGR01510,TIGR01632,TIGR01951,TIGR01953,TIGR02012,TIGR02013,TIGR02027,TIGR02075,TIGR02191,TIGR02273,TIGR02350,TIGR02386,TIGR02397,TIGR02432,TIGR02729,TIGR03263,TIGR03594,TIGR03625,TIGR03632,TIGR03654,TIGR03723,TIGR03725,TIGR03953	TIGR00382,TIGR00663		
query_GCF_030159855.1	119	1	0	0	PF00380.20,PF00410.20,PF00466.21,PF01025.20,PF02576.18,PF03726.15,TIGR00006,TIGR00019,TIGR00020,TIGR00029,TIGR00043,TIGR00054,TIGR00059,TIGR00061,TIGR00064,TIGR00065,TIGR00082,TIGR00083,TIGR00084,TIGR00086,TIGR00088,TIGR00090,TIGR00092,TIGR00095,TIGR00115,TIGR00116,TIGR00138,TIGR00158,TIGR00166,TIGR00168,TIGR00186,TIGR00194,TIGR00250,TIGR00337,TIGR00344,TIGR00362,TIGR00392,TIGR00396,TIGR00398,TIGR00414,TIGR00416,TIGR00420,TIGR00431,TIGR00435,TIGR00436,TIGR00442,TIGR00445,TIGR00456,TIGR00459,TIGR00460,TIGR00468,TIGR00472,TIGR00487,TIGR00496,TIGR00539,TIGR00580,TIGR00593,TIGR00615,TIGR00631,TIGR00634,TIGR00635,TIGR00643,TIGR00663,TIGR00717,TIGR00755,TIGR00810,TIGR00922,TIGR00928,TIGR00959,TIGR00963,TIGR00964,TIGR00967,TIGR01009,TIGR01011,TIGR01017,TIGR01021,TIGR01029,TIGR01032,TIGR01039,TIGR01044,TIGR01059,TIGR01063,TIGR01066,TIGR01071,TIGR01079,TIGR01082,TIGR01087,TIGR01128,TIGR01146,TIGR01164,TIGR01169,TIGR01171,TIGR01302,TIGR01391,TIGR01393,TIGR01394,TIGR01510,TIGR01632,TIGR01951,TIGR01953,TIGR02012,TIGR02013,TIGR02027,TIGR02075,TIGR02191,TIGR02273,TIGR02350,TIGR02386,TIGR02397,TIGR02432,TIGR02729,TIGR03263,TIGR03594,TIGR03625,TIGR03632,TIGR03654,TIGR03723,TIGR03725,TIGR03953	TIGR00382		
query_GCF_030160115.1	117	3	0	0	PF00380.20,PF00410.20,PF00466.21,PF01025.20,PF02576.18,PF03726.15,TIGR00006,TIGR00019,TIGR00020,TIGR00029,TIGR00043,TIGR00054,TIGR00059,TIGR00061,TIGR00064,TIGR00082,TIGR00083,TIGR00084,TIGR00086,TIGR00088,TIGR00090,TIGR00092,TIGR00095,TIGR00115,TIGR00116,TIGR00138,TIGR00158,TIGR00166,TIGR00168,TIGR00186,TIGR00194,TIGR00250,TIGR00337,TIGR00344,TIGR00362,TIGR00392,TIGR00396,TIGR00398,TIGR00414,TIGR00416,TIGR00420,TIGR00431,TIGR00435,TIGR00436,TIGR00442,TIGR00445,TIGR00459,TIGR00460,TIGR00468,TIGR00472,TIGR00487,TIGR00496,TIGR00539,TIGR00580,TIGR00593,TIGR00615,TIGR00631,TIGR00634,TIGR00635,TIGR00643,TIGR00663,TIGR00717,TIGR00755,TIGR00810,TIGR00922,TIGR00928,TIGR00959,TIGR00963,TIGR00964,TIGR00967,TIGR01009,TIGR01011,TIGR01017,TIGR01021,TIGR01029,TIGR01032,TIGR01039,TIGR01044,TIGR01059,TIGR01063,TIGR01066,TIGR01071,TIGR01079,TIGR01082,TIGR01087,TIGR01128,TIGR01146,TIGR01164,TIGR01169,TIGR01171,TIGR01302,TIGR01391,TIGR01393,TIGR01394,TIGR01510,TIGR01632,TIGR01951,TIGR01953,TIGR02012,TIGR02013,TIGR02027,TIGR02075,TIGR02191,TIGR02273,TIGR02350,TIGR02386,TIGR02397,TIGR02432,TIGR02729,TIGR03263,TIGR03594,TIGR03625,TIGR03632,TIGR03654,TIGR03723,TIGR03725,TIGR03953	TIGR00065,TIGR00382,TIGR00456		
query_GCF_030177755.1	118	2	0	0	PF00380.20,PF00410.20,PF00466.21,PF01025.20,PF02576.18,PF03726.15,TIGR00006,TIGR00019,TIGR00020,TIGR00029,TIGR00043,TIGR00054,TIGR00059,TIGR00061,TIGR00064,TIGR00065,TIGR00082,TIGR00083,TIGR00084,TIGR00086,TIGR00088,TIGR00090,TIGR00092,TIGR00095,TIGR00115,TIGR00116,TIGR00138,TIGR00158,TIGR00166,TIGR00168,TIGR00186,TIGR00194,TIGR00250,TIGR00337,TIGR00344,TIGR00362,TIGR00392,TIGR00396,TIGR00398,TIGR00414,TIGR00416,TIGR00420,TIGR00431,TIGR00435,TIGR00436,TIGR00442,TIGR00445,TIGR00456,TIGR00459,TIGR00460,TIGR00468,TIGR00472,TIGR00487,TIGR00496,TIGR00539,TIGR00593,TIGR00615,TIGR00631,TIGR00634,TIGR00635,TIGR00643,TIGR00663,TIGR00717,TIGR00755,TIGR00810,TIGR00922,TIGR00928,TIGR00959,TIGR00963,TIGR00964,TIGR00967,TIGR01009,TIGR01011,TIGR01017,TIGR01021,TIGR01029,TIGR01032,TIGR01039,TIGR01044,TIGR01059,TIGR01063,TIGR01066,TIGR01071,TIGR01079,TIGR01082,TIGR01087,TIGR01128,TIGR01146,TIGR01164,TIGR01169,TIGR01171,TIGR01302,TIGR01391,TIGR01393,TIGR01394,TIGR01510,TIGR01632,TIGR01951,TIGR01953,TIGR02012,TIGR02013,TIGR02027,TIGR02075,TIGR02191,TIGR02273,TIGR02350,TIGR02386,TIGR02397,TIGR02432,TIGR02729,TIGR03263,TIGR03594,TIGR03625,TIGR03632,TIGR03654,TIGR03723,TIGR03725,TIGR03953	TIGR00382,TIGR00580		
query_GCF_030285925.1	119	1	0	0	PF00380.20,PF00410.20,PF00466.21,PF01025.20,PF02576.18,PF03726.15,TIGR00006,TIGR00019,TIGR00020,TIGR00029,TIGR00043,TIGR00054,TIGR00059,TIGR00061,TIGR00064,TIGR00065,TIGR00082,TIGR00083,TIGR00084,TIGR00086,TIGR00088,TIGR00090,TIGR00092,TIGR00095,TIGR00115,TIGR00116,TIGR00138,TIGR00158,TIGR00166,TIGR00168,TIGR00186,TIGR00194,TIGR00250,TIGR00337,TIGR00344,TIGR00362,TIGR00382,TIGR00392,TIGR00396,TIGR00398,TIGR00414,TIGR00416,TIGR00420,TIGR00431,TIGR00435,TIGR00436,TIGR00442,TIGR00445,TIGR00456,TIGR00459,TIGR00460,TIGR00468,TIGR00472,TIGR00487,TIGR00496,TIGR00539,TIGR00580,TIGR00593,TIGR00615,TIGR00631,TIGR00634,TIGR00635,TIGR00643,TIGR00663,TIGR00717,TIGR00755,TIGR00810,TIGR00922,TIGR00959,TIGR00963,TIGR00964,TIGR00967,TIGR01009,TIGR01011,TIGR01017,TIGR01021,TIGR01029,TIGR01032,TIGR01039,TIGR01044,TIGR01059,TIGR01063,TIGR01066,TIGR01071,TIGR01079,TIGR01082,TIGR01087,TIGR01128,TIGR01146,TIGR01164,TIGR01169,TIGR01171,TIGR01302,TIGR01391,TIGR01393,TIGR01394,TIGR01510,TIGR01632,TIGR01951,TIGR01953,TIGR02012,TIGR02013,TIGR02027,TIGR02075,TIGR02191,TIGR02273,TIGR02350,TIGR02386,TIGR02397,TIGR02432,TIGR02729,TIGR03263,TIGR03594,TIGR03625,TIGR03632,TIGR03654,TIGR03723,TIGR03725,TIGR03953	TIGR00928		
query_GCF_032907385.1	118	2	0	0	PF00380.20,PF00410.20,PF00466.21,PF01025.20,PF02576.18,PF03726.15,TIGR00006,TIGR00019,TIGR00020,TIGR00029,TIGR00043,TIGR00054,TIGR00059,TIGR00061,TIGR00064,TIGR00065,TIGR00082,TIGR00083,TIGR00084,TIGR00086,TIGR00088,TIGR00090,TIGR00092,TIGR00095,TIGR00115,TIGR00116,TIGR00138,TIGR00158,TIGR00166,TIGR00168,TIGR00186,TIGR00194,TIGR00250,TIGR00337,TIGR00344,TIGR00362,TIGR00392,TIGR00396,TIGR00398,TIGR00414,TIGR00416,TIGR00420,TIGR00431,TIGR00435,TIGR00436,TIGR00442,TIGR00445,TIGR00456,TIGR00459,TIGR00460,TIGR00468,TIGR00472,TIGR00487,TIGR00496,TIGR00539,TIGR00593,TIGR00615,TIGR00631,TIGR00634,TIGR00635,TIGR00643,TIGR00663,TIGR00717,TIGR00755,TIGR00810,TIGR00922,TIGR00928,TIGR00959,TIGR00963,TIGR00964,TIGR00967,TIGR01009,TIGR01011,TIGR01017,TIGR01021,TIGR01029,TIGR01032,TIGR01039,TIGR01044,TIGR01059,TIGR01063,TIGR01066,TIGR01071,TIGR01079,TIGR01082,TIGR01087,TIGR01128,TIGR01146,TIGR01164,TIGR01169,TIGR01171,TIGR01302,TIGR01391,TIGR01393,TIGR01394,TIGR01510,TIGR01632,TIGR01951,TIGR01953,TIGR02012,TIGR02013,TIGR02027,TIGR02075,TIGR02191,TIGR02273,TIGR02350,TIGR02386,TIGR02397,TIGR02432,TIGR02729,TIGR03263,TIGR03594,TIGR03625,TIGR03632,TIGR03654,TIGR03723,TIGR03725,TIGR03953	TIGR00382,TIGR00580		
query_GCF_036563435.1	119	1	0	0	PF00380.20,PF00410.20,PF00466.21,PF01025.20,PF02576.18,PF03726.15,TIGR00006,TIGR00019,TIGR00020,TIGR00029,TIGR00043,TIGR00054,TIGR00059,TIGR00061,TIGR00064,TIGR00065,TIGR00082,TIGR00083,TIGR00084,TIGR00086,TIGR00088,TIGR00090,TIGR00092,TIGR00095,TIGR00115,TIGR00116,TIGR00138,TIGR00158,TIGR00166,TIGR00168,TIGR00186,TIGR00194,TIGR00250,TIGR00337,TIGR00344,TIGR00362,TIGR00392,TIGR00396,TIGR00398,TIGR00414,TIGR00416,TIGR00420,TIGR00431,TIGR00435,TIGR00436,TIGR00442,TIGR00445,TIGR00456,TIGR00459,TIGR00460,TIGR00468,TIGR00472,TIGR00487,TIGR00496,TIGR00539,TIGR00580,TIGR00593,TIGR00615,TIGR00631,TIGR00634,TIGR00635,TIGR00643,TIGR00663,TIGR00717,TIGR00755,TIGR00810,TIGR00922,TIGR00928,TIGR00959,TIGR00963,TIGR00964,TIGR00967,TIGR01009,TIGR01011,TIGR01017,TIGR01021,TIGR01029,TIGR01032,TIGR01039,TIGR01044,TIGR01059,TIGR01063,TIGR01066,TIGR01071,TIGR01079,TIGR01082,TIGR01087,TIGR01128,TIGR01146,TIGR01164,TIGR01169,TIGR01171,TIGR01302,TIGR01391,TIGR01393,TIGR01394,TIGR01510,TIGR01632,TIGR01951,TIGR01953,TIGR02012,TIGR02013,TIGR02027,TIGR02075,TIGR02191,TIGR02273,TIGR02350,TIGR02386,TIGR02397,TIGR02432,TIGR02729,TIGR03263,TIGR03594,TIGR03625,TIGR03632,TIGR03654,TIGR03723,TIGR03725,TIGR03953	TIGR00382		
query_GCF_037113415.1	119	1	0	0	PF00380.20,PF00410.20,PF00466.21,PF01025.20,PF02576.18,PF03726.15,TIGR00006,TIGR00019,TIGR00020,TIGR00029,TIGR00043,TIGR00054,TIGR00059,TIGR00061,TIGR00064,TIGR00065,TIGR00082,TIGR00083,TIGR00084,TIGR00086,TIGR00088,TIGR00090,TIGR00092,TIGR00095,TIGR00115,TIGR00116,TIGR00138,TIGR00158,TIGR00166,TIGR00168,TIGR00186,TIGR00194,TIGR00250,TIGR00337,TIGR00344,TIGR00362,TIGR00392,TIGR00396,TIGR00398,TIGR00414,TIGR00416,TIGR00420,TIGR00431,TIGR00435,TIGR00436,TIGR00442,TIGR00445,TIGR00456,TIGR00459,TIGR00460,TIGR00468,TIGR00472,TIGR00487,TIGR00496,TIGR00539,TIGR00580,TIGR00593,TIGR00615,TIGR00631,TIGR00634,TIGR00635,TIGR00643,TIGR00663,TIGR00717,TIGR00755,TIGR00810,TIGR00922,TIGR00928,TIGR00959,TIGR00963,TIGR00964,TIGR00967,TIGR01009,TIGR01011,TIGR01017,TIGR01021,TIGR01029,TIGR01032,TIGR01039,TIGR01044,TIGR01059,TIGR01063,TIGR01066,TIGR01071,TIGR01079,TIGR01082,TIGR01087,TIGR01128,TIGR01146,TIGR01164,TIGR01169,TIGR01171,TIGR01302,TIGR01391,TIGR01393,TIGR01394,TIGR01510,TIGR01632,TIGR01951,TIGR01953,TIGR02012,TIGR02013,TIGR02027,TIGR02075,TIGR02191,TIGR02273,TIGR02350,TIGR02386,TIGR02397,TIGR02432,TIGR02729,TIGR03263,TIGR03594,TIGR03625,TIGR03632,TIGR03654,TIGR03723,TIGR03725,TIGR03953	TIGR00382		
query_GCF_040223715.1	120	0	0	0	PF00380.20,PF00410.20,PF00466.21,PF01025.20,PF02576.18,PF03726.15,TIGR00006,TIGR00019,TIGR00020,TIGR00029,TIGR00043,TIGR00054,TIGR00059,TIGR00061,TIGR00064,TIGR00065,TIGR00082,TIGR00083,TIGR00084,TIGR00086,TIGR00088,TIGR00090,TIGR00092,TIGR00095,TIGR00115,TIGR00116,TIGR00138,TIGR00158,TIGR00166,TIGR00168,TIGR00186,TIGR00194,TIGR00250,TIGR00337,TIGR00344,TIGR00362,TIGR00382,TIGR00392,TIGR00396,TIGR00398,TIGR00414,TIGR00416,TIGR00420,TIGR00431,TIGR00435,TIGR00436,TIGR00442,TIGR00445,TIGR00456,TIGR00459,TIGR00460,TIGR00468,TIGR00472,TIGR00487,TIGR00496,TIGR00539,TIGR00580,TIGR00593,TIGR00615,TIGR00631,TIGR00634,TIGR00635,TIGR00643,TIGR00663,TIGR00717,TIGR00755,TIGR00810,TIGR00922,TIGR00928,TIGR00959,TIGR00963,TIGR00964,TIGR00967,TIGR01009,TIGR01011,TIGR01017,TIGR01021,TIGR01029,TIGR01032,TIGR01039,TIGR01044,TIGR01059,TIGR01063,TIGR01066,TIGR01071,TIGR01079,TIGR01082,TIGR01087,TIGR01128,TIGR01146,TIGR01164,TIGR01169,TIGR01171,TIGR01302,TIGR01391,TIGR01393,TIGR01394,TIGR01510,TIGR01632,TIGR01951,TIGR01953,TIGR02012,TIGR02013,TIGR02027,TIGR02075,TIGR02191,TIGR02273,TIGR02350,TIGR02386,TIGR02397,TIGR02432,TIGR02729,TIGR03263,TIGR03594,TIGR03625,TIGR03632,TIGR03654,TIGR03723,TIGR03725,TIGR03953			
query_GCF_040546795.1	115	5	0	0	PF00380.20,PF00410.20,PF00466.21,PF02576.18,PF03726.15,TIGR00006,TIGR00019,TIGR00020,TIGR00029,TIGR00043,TIGR00054,TIGR00059,TIGR00061,TIGR00064,TIGR00065,TIGR00082,TIGR00083,TIGR00084,TIGR00086,TIGR00088,TIGR00090,TIGR00092,TIGR00095,TIGR00115,TIGR00116,TIGR00138,TIGR00158,TIGR00166,TIGR00168,TIGR00186,TIGR00194,TIGR00250,TIGR00337,TIGR00344,TIGR00362,TIGR00392,TIGR00396,TIGR00398,TIGR00414,TIGR00416,TIGR00420,TIGR00431,TIGR00435,TIGR00436,TIGR00442,TIGR00445,TIGR00456,TIGR00459,TIGR00460,TIGR00468,TIGR00472,TIGR00487,TIGR00496,TIGR00539,TIGR00580,TIGR00593,TIGR00615,TIGR00631,TIGR00634,TIGR00635,TIGR00643,TIGR00663,TIGR00717,TIGR00755,TIGR00810,TIGR00922,TIGR00928,TIGR00959,TIGR00963,TIGR00964,TIGR00967,TIGR01009,TIGR01011,TIGR01017,TIGR01021,TIGR01029,TIGR01032,TIGR01044,TIGR01059,TIGR01063,TIGR01066,TIGR01071,TIGR01079,TIGR01082,TIGR01087,TIGR01128,TIGR01164,TIGR01169,TIGR01171,TIGR01302,TIGR01391,TIGR01393,TIGR01394,TIGR01510,TIGR01632,TIGR01951,TIGR01953,TIGR02012,TIGR02013,TIGR02027,TIGR02075,TIGR02191,TIGR02273,TIGR02386,TIGR02397,TIGR02432,TIGR02729,TIGR03263,TIGR03594,TIGR03625,TIGR03632,TIGR03654,TIGR03723,TIGR03725,TIGR03953	PF01025.20,TIGR00382,TIGR01039,TIGR01146,TIGR02350		
query_GCF_040546815.1	119	1	0	0	PF00380.20,PF00410.20,PF00466.21,PF01025.20,PF02576.18,PF03726.15,TIGR00006,TIGR00019,TIGR00020,TIGR00029,TIGR00043,TIGR00054,TIGR00059,TIGR00061,TIGR00064,TIGR00065,TIGR00082,TIGR00083,TIGR00084,TIGR00086,TIGR00088,TIGR00090,TIGR00092,TIGR00095,TIGR00115,TIGR00116,TIGR00138,TIGR00158,TIGR00166,TIGR00168,TIGR00186,TIGR00194,TIGR00250,TIGR00337,TIGR00344,TIGR00362,TIGR00392,TIGR00396,TIGR00398,TIGR00414,TIGR00416,TIGR00420,TIGR00431,TIGR00435,TIGR00436,TIGR00442,TIGR00445,TIGR00456,TIGR00459,TIGR00460,TIGR00468,TIGR00472,TIGR00487,TIGR00496,TIGR00539,TIGR00580,TIGR00593,TIGR00615,TIGR00631,TIGR00634,TIGR00635,TIGR00643,TIGR00663,TIGR00717,TIGR00755,TIGR00810,TIGR00922,TIGR00928,TIGR00959,TIGR00963,TIGR00964,TIGR00967,TIGR01009,TIGR01011,TIGR01017,TIGR01021,TIGR01029,TIGR01032,TIGR01039,TIGR01044,TIGR01059,TIGR01063,TIGR01066,TIGR01071,TIGR01079,TIGR01082,TIGR01087,TIGR01128,TIGR01146,TIGR01164,TIGR01169,TIGR01171,TIGR01302,TIGR01391,TIGR01393,TIGR01394,TIGR01510,TIGR01632,TIGR01951,TIGR01953,TIGR02012,TIGR02013,TIGR02027,TIGR02075,TIGR02191,TIGR02273,TIGR02350,TIGR02386,TIGR02397,TIGR02432,TIGR02729,TIGR03263,TIGR03594,TIGR03625,TIGR03632,TIGR03654,TIGR03723,TIGR03725,TIGR03953	TIGR00382		
query_GCF_042181575.1	119	1	0	0	PF00380.20,PF00410.20,PF00466.21,PF01025.20,PF02576.18,PF03726.15,TIGR00006,TIGR00019,TIGR00020,TIGR00029,TIGR00043,TIGR00054,TIGR00059,TIGR00061,TIGR00064,TIGR00065,TIGR00082,TIGR00083,TIGR00084,TIGR00086,TIGR00088,TIGR00090,TIGR00092,TIGR00095,TIGR00115,TIGR00116,TIGR00138,TIGR00158,TIGR00166,TIGR00168,TIGR00186,TIGR00194,TIGR00250,TIGR00337,TIGR00344,TIGR00362,TIGR00392,TIGR00396,TIGR00398,TIGR00414,TIGR00416,TIGR00420,TIGR00431,TIGR00435,TIGR00436,TIGR00442,TIGR00445,TIGR00456,TIGR00459,TIGR00460,TIGR00468,TIGR00472,TIGR00487,TIGR00496,TIGR00539,TIGR00580,TIGR00593,TIGR00615,TIGR00631,TIGR00634,TIGR00635,TIGR00643,TIGR00663,TIGR00717,TIGR00755,TIGR00810,TIGR00922,TIGR00928,TIGR00959,TIGR00963,TIGR00964,TIGR00967,TIGR01009,TIGR01011,TIGR01017,TIGR01021,TIGR01029,TIGR01032,TIGR01039,TIGR01044,TIGR01059,TIGR01063,TIGR01066,TIGR01071,TIGR01079,TIGR01082,TIGR01087,TIGR01128,TIGR01146,TIGR01164,TIGR01169,TIGR01171,TIGR01302,TIGR01391,TIGR01393,TIGR01394,TIGR01510,TIGR01632,TIGR01951,TIGR01953,TIGR02012,TIGR02013,TIGR02027,TIGR02075,TIGR02191,TIGR02273,TIGR02350,TIGR02386,TIGR02397,TIGR02432,TIGR02729,TIGR03263,TIGR03594,TIGR03625,TIGR03632,TIGR03654,TIGR03723,TIGR03725,TIGR03953	TIGR00382		
query_GCF_042431865.1	117	3	0	0	PF00380.20,PF00410.20,PF00466.21,PF01025.20,PF02576.18,PF03726.15,TIGR00006,TIGR00019,TIGR00020,TIGR00029,TIGR00043,TIGR00054,TIGR00059,TIGR00061,TIGR00064,TIGR00082,TIGR00083,TIGR00084,TIGR00086,TIGR00088,TIGR00090,TIGR00092,TIGR00095,TIGR00115,TIGR00116,TIGR00138,TIGR00158,TIGR00166,TIGR00168,TIGR00186,TIGR00194,TIGR00250,TIGR00337,TIGR00344,TIGR00362,TIGR00392,TIGR00396,TIGR00398,TIGR00414,TIGR00416,TIGR00420,TIGR00431,TIGR00435,TIGR00436,TIGR00442,TIGR00445,TIGR00459,TIGR00460,TIGR00468,TIGR00472,TIGR00487,TIGR00496,TIGR00539,TIGR00580,TIGR00593,TIGR00615,TIGR00631,TIGR00634,TIGR00635,TIGR00643,TIGR00663,TIGR00717,TIGR00755,TIGR00810,TIGR00922,TIGR00928,TIGR00959,TIGR00963,TIGR00964,TIGR00967,TIGR01009,TIGR01011,TIGR01017,TIGR01021,TIGR01029,TIGR01032,TIGR01039,TIGR01044,TIGR01059,TIGR01063,TIGR01066,TIGR01071,TIGR01079,TIGR01082,TIGR01087,TIGR01128,TIGR01146,TIGR01164,TIGR01169,TIGR01171,TIGR01302,TIGR01391,TIGR01393,TIGR01394,TIGR01510,TIGR01632,TIGR01951,TIGR01953,TIGR02012,TIGR02013,TIGR02027,TIGR02075,TIGR02191,TIGR02273,TIGR02350,TIGR02386,TIGR02397,TIGR02432,TIGR02729,TIGR03263,TIGR03594,TIGR03625,TIGR03632,TIGR03654,TIGR03723,TIGR03725,TIGR03953	TIGR00065,TIGR00382,TIGR00456		
query_GCF_042648785.1	119	1	0	0	PF00380.20,PF00410.20,PF00466.21,PF01025.20,PF02576.18,PF03726.15,TIGR00006,TIGR00019,TIGR00020,TIGR00029,TIGR00043,TIGR00054,TIGR00059,TIGR00061,TIGR00064,TIGR00065,TIGR00082,TIGR00083,TIGR00084,TIGR00086,TIGR00088,TIGR00090,TIGR00092,TIGR00095,TIGR00115,TIGR00116,TIGR00138,TIGR00158,TIGR00166,TIGR00168,TIGR00186,TIGR00194,TIGR00250,TIGR00337,TIGR00344,TIGR00362,TIGR00392,TIGR00396,TIGR00398,TIGR00414,TIGR00416,TIGR00420,TIGR00431,TIGR00435,TIGR00436,TIGR00442,TIGR00445,TIGR00456,TIGR00459,TIGR00460,TIGR00468,TIGR00472,TIGR00487,TIGR00496,TIGR00539,TIGR00580,TIGR00593,TIGR00615,TIGR00631,TIGR00634,TIGR00635,TIGR00643,TIGR00663,TIGR00717,TIGR00755,TIGR00810,TIGR00922,TIGR00928,TIGR00959,TIGR00963,TIGR00964,TIGR00967,TIGR01009,TIGR01011,TIGR01017,TIGR01021,TIGR01029,TIGR01032,TIGR01039,TIGR01044,TIGR01059,TIGR01063,TIGR01066,TIGR01071,TIGR01079,TIGR01082,TIGR01087,TIGR01128,TIGR01146,TIGR01164,TIGR01169,TIGR01171,TIGR01302,TIGR01391,TIGR01393,TIGR01394,TIGR01510,TIGR01632,TIGR01951,TIGR01953,TIGR02012,TIGR02013,TIGR02027,TIGR02075,TIGR02191,TIGR02273,TIGR02350,TIGR02386,TIGR02397,TIGR02432,TIGR02729,TIGR03263,TIGR03594,TIGR03625,TIGR03632,TIGR03654,TIGR03723,TIGR03725,TIGR03953	TIGR00382		
query_GCF_042679405.1	119	1	0	0	PF00380.20,PF00410.20,PF00466.21,PF01025.20,PF02576.18,PF03726.15,TIGR00006,TIGR00019,TIGR00020,TIGR00029,TIGR00043,TIGR00054,TIGR00059,TIGR00061,TIGR00064,TIGR00065,TIGR00082,TIGR00083,TIGR00084,TIGR00086,TIGR00088,TIGR00090,TIGR00092,TIGR00095,TIGR00115,TIGR00116,TIGR00138,TIGR00158,TIGR00166,TIGR00168,TIGR00186,TIGR00194,TIGR00250,TIGR00337,TIGR00344,TIGR00362,TIGR00392,TIGR00396,TIGR00398,TIGR00414,TIGR00416,TIGR00420,TIGR00431,TIGR00435,TIGR00436,TIGR00442,TIGR00445,TIGR00456,TIGR00459,TIGR00460,TIGR00468,TIGR00472,TIGR00487,TIGR00496,TIGR00539,TIGR00580,TIGR00593,TIGR00615,TIGR00631,TIGR00634,TIGR00635,TIGR00643,TIGR00663,TIGR00717,TIGR00755,TIGR00810,TIGR00922,TIGR00928,TIGR00959,TIGR00963,TIGR00964,TIGR00967,TIGR01009,TIGR01011,TIGR01017,TIGR01021,TIGR01029,TIGR01032,TIGR01039,TIGR01044,TIGR01059,TIGR01063,TIGR01066,TIGR01071,TIGR01079,TIGR01082,TIGR01087,TIGR01128,TIGR01146,TIGR01164,TIGR01169,TIGR01171,TIGR01302,TIGR01391,TIGR01393,TIGR01394,TIGR01510,TIGR01632,TIGR01951,TIGR01953,TIGR02012,TIGR02013,TIGR02027,TIGR02075,TIGR02191,TIGR02273,TIGR02350,TIGR02386,TIGR02397,TIGR02432,TIGR02729,TIGR03263,TIGR03594,TIGR03625,TIGR03632,TIGR03654,TIGR03723,TIGR03725,TIGR03953	TIGR00382		
query_GCF_042685625.1	117	2	1	0	PF00380.20,PF00410.20,PF00466.21,PF01025.20,PF02576.18,PF03726.15,TIGR00006,TIGR00019,TIGR00029,TIGR00043,TIGR00054,TIGR00059,TIGR00061,TIGR00064,TIGR00065,TIGR00082,TIGR00083,TIGR00084,TIGR00086,TIGR00088,TIGR00090,TIGR00092,TIGR00095,TIGR00115,TIGR00116,TIGR00138,TIGR00158,TIGR00166,TIGR00168,TIGR00186,TIGR00194,TIGR00250,TIGR00337,TIGR00344,TIGR00362,TIGR00392,TIGR00396,TIGR00398,TIGR00414,TIGR00416,TIGR00420,TIGR00431,TIGR00435,TIGR00436,TIGR00442,TIGR00445,TIGR00456,TIGR00459,TIGR00460,TIGR00468,TIGR00472,TIGR00487,TIGR00496,TIGR00539,TIGR00580,TIGR00593,TIGR00615,TIGR00631,TIGR00634,TIGR00635,TIGR00643,TIGR00663,TIGR00717,TIGR00755,TIGR00810,TIGR00922,TIGR00928,TIGR00959,TIGR00964,TIGR00967,TIGR01009,TIGR01011,TIGR01017,TIGR01021,TIGR01029,TIGR01032,TIGR01039,TIGR01044,TIGR01059,TIGR01063,TIGR01066,TIGR01071,TIGR01079,TIGR01082,TIGR01087,TIGR01128,TIGR01146,TIGR01164,TIGR01169,TIGR01171,TIGR01302,TIGR01391,TIGR01393,TIGR01394,TIGR01510,TIGR01632,TIGR01951,TIGR01953,TIGR02012,TIGR02013,TIGR02027,TIGR02075,TIGR02191,TIGR02273,TIGR02350,TIGR02386,TIGR02397,TIGR02432,TIGR02729,TIGR03263,TIGR03594,TIGR03625,TIGR03632,TIGR03654,TIGR03723,TIGR03725,TIGR03953	TIGR00020,TIGR00382	TIGR00963	
query_GCF_044987315.1	119	1	0	0	PF00380.20,PF00410.20,PF00466.21,PF01025.20,PF02576.18,PF03726.15,TIGR00006,TIGR00019,TIGR00020,TIGR00029,TIGR00043,TIGR00054,TIGR00059,TIGR00061,TIGR00064,TIGR00065,TIGR00082,TIGR00083,TIGR00084,TIGR00086,TIGR00088,TIGR00090,TIGR00092,TIGR00095,TIGR00115,TIGR00116,TIGR00138,TIGR00158,TIGR00166,TIGR00168,TIGR00186,TIGR00194,TIGR00250,TIGR00337,TIGR00344,TIGR00362,TIGR00392,TIGR00396,TIGR00398,TIGR00414,TIGR00416,TIGR00420,TIGR00431,TIGR00435,TIGR00436,TIGR00442,TIGR00445,TIGR00456,TIGR00459,TIGR00460,TIGR00468,TIGR00472,TIGR00487,TIGR00496,TIGR00539,TIGR00580,TIGR00593,TIGR00615,TIGR00631,TIGR00634,TIGR00635,TIGR00643,TIGR00663,TIGR00717,TIGR00755,TIGR00810,TIGR00922,TIGR00928,TIGR00959,TIGR00963,TIGR00964,TIGR00967,TIGR01009,TIGR01011,TIGR01017,TIGR01021,TIGR01029,TIGR01032,TIGR01039,TIGR01044,TIGR01059,TIGR01063,TIGR01066,TIGR01071,TIGR01079,TIGR01082,TIGR01087,TIGR01128,TIGR01146,TIGR01164,TIGR01169,TIGR01171,TIGR01302,TIGR01391,TIGR01393,TIGR01394,TIGR01510,TIGR01632,TIGR01951,TIGR01953,TIGR02012,TIGR02013,TIGR02027,TIGR02075,TIGR02191,TIGR02273,TIGR02350,TIGR02386,TIGR02397,TIGR02432,TIGR02729,TIGR03263,TIGR03594,TIGR03625,TIGR03632,TIGR03654,TIGR03723,TIGR03725,TIGR03953	TIGR00382		
query_GCF_046614475.1	119	1	0	0	PF00380.20,PF00410.20,PF00466.21,PF01025.20,PF02576.18,PF03726.15,TIGR00006,TIGR00019,TIGR00020,TIGR00029,TIGR00043,TIGR00054,TIGR00059,TIGR00061,TIGR00064,TIGR00065,TIGR00082,TIGR00083,TIGR00084,TIGR00086,TIGR00088,TIGR00090,TIGR00092,TIGR00095,TIGR00115,TIGR00116,TIGR00138,TIGR00158,TIGR00166,TIGR00168,TIGR00186,TIGR00194,TIGR00250,TIGR00337,TIGR00344,TIGR00362,TIGR00392,TIGR00396,TIGR00398,TIGR00414,TIGR00416,TIGR00420,TIGR00431,TIGR00435,TIGR00436,TIGR00442,TIGR00445,TIGR00456,TIGR00459,TIGR00460,TIGR00468,TIGR00472,TIGR00487,TIGR00496,TIGR00539,TIGR00580,TIGR00593,TIGR00615,TIGR00631,TIGR00634,TIGR00635,TIGR00643,TIGR00663,TIGR00717,TIGR00755,TIGR00810,TIGR00922,TIGR00928,TIGR00959,TIGR00963,TIGR00964,TIGR00967,TIGR01009,TIGR01011,TIGR01017,TIGR01021,TIGR01029,TIGR01032,TIGR01039,TIGR01044,TIGR01059,TIGR01063,TIGR01066,TIGR01071,TIGR01079,TIGR01082,TIGR01087,TIGR01128,TIGR01146,TIGR01164,TIGR01169,TIGR01171,TIGR01302,TIGR01391,TIGR01393,TIGR01394,TIGR01510,TIGR01632,TIGR01951,TIGR01953,TIGR02012,TIGR02013,TIGR02027,TIGR02075,TIGR02191,TIGR02273,TIGR02350,TIGR02386,TIGR02397,TIGR02432,TIGR02729,TIGR03263,TIGR03594,TIGR03625,TIGR03632,TIGR03654,TIGR03723,TIGR03725,TIGR03953	TIGR00382		
query_GCF_048261455.1	116	3	0	1	PF00380.20,PF00410.20,PF00466.21,PF01025.20,PF02576.18,PF03726.15,TIGR00006,TIGR00019,TIGR00020,TIGR00029,TIGR00043,TIGR00054,TIGR00059,TIGR00061,TIGR00064,TIGR00065,TIGR00082,TIGR00083,TIGR00084,TIGR00086,TIGR00088,TIGR00090,TIGR00092,TIGR00095,TIGR00115,TIGR00116,TIGR00138,TIGR00158,TIGR00166,TIGR00168,TIGR00186,TIGR00194,TIGR00250,TIGR00337,TIGR00362,TIGR00392,TIGR00396,TIGR00398,TIGR00414,TIGR00416,TIGR00420,TIGR00431,TIGR00435,TIGR00436,TIGR00442,TIGR00445,TIGR00456,TIGR00459,TIGR00460,TIGR00468,TIGR00472,TIGR00487,TIGR00496,TIGR00539,TIGR00580,TIGR00593,TIGR00615,TIGR00631,TIGR00634,TIGR00635,TIGR00643,TIGR00663,TIGR00717,TIGR00755,TIGR00810,TIGR00922,TIGR00928,TIGR00959,TIGR00963,TIGR00964,TIGR00967,TIGR01009,TIGR01011,TIGR01017,TIGR01021,TIGR01029,TIGR01032,TIGR01039,TIGR01044,TIGR01059,TIGR01063,TIGR01066,TIGR01071,TIGR01079,TIGR01082,TIGR01087,TIGR01128,TIGR01146,TIGR01164,TIGR01169,TIGR01171,TIGR01302,TIGR01391,TIGR01393,TIGR01394,TIGR01510,TIGR01632,TIGR01951,TIGR01953,TIGR02013,TIGR02027,TIGR02075,TIGR02191,TIGR02273,TIGR02350,TIGR02386,TIGR02397,TIGR02432,TIGR02729,TIGR03263,TIGR03625,TIGR03632,TIGR03654,TIGR03723,TIGR03725,TIGR03953	TIGR00344,TIGR00382,TIGR02012		TIGR03594
query_GCF_049354815.1	119	1	0	0	PF00380.20,PF00410.20,PF00466.21,PF01025.20,PF02576.18,PF03726.15,TIGR00006,TIGR00019,TIGR00020,TIGR00029,TIGR00043,TIGR00054,TIGR00059,TIGR00061,TIGR00064,TIGR00065,TIGR00082,TIGR00083,TIGR00084,TIGR00086,TIGR00088,TIGR00090,TIGR00092,TIGR00095,TIGR00115,TIGR00116,TIGR00138,TIGR00158,TIGR00166,TIGR00168,TIGR00186,TIGR00194,TIGR00250,TIGR00337,TIGR00344,TIGR00362,TIGR00392,TIGR00396,TIGR00398,TIGR00414,TIGR00416,TIGR00420,TIGR00431,TIGR00435,TIGR00436,TIGR00442,TIGR00445,TIGR00456,TIGR00459,TIGR00460,TIGR00468,TIGR00472,TIGR00487,TIGR00496,TIGR00539,TIGR00580,TIGR00593,TIGR00615,TIGR00631,TIGR00634,TIGR00635,TIGR00643,TIGR00663,TIGR00717,TIGR00755,TIGR00810,TIGR00922,TIGR00928,TIGR00959,TIGR00963,TIGR00964,TIGR00967,TIGR01009,TIGR01011,TIGR01017,TIGR01021,TIGR01029,TIGR01032,TIGR01039,TIGR01044,TIGR01059,TIGR01063,TIGR01066,TIGR01071,TIGR01079,TIGR01082,TIGR01087,TIGR01128,TIGR01146,TIGR01164,TIGR01169,TIGR01171,TIGR01302,TIGR01391,TIGR01393,TIGR01394,TIGR01510,TIGR01632,TIGR01951,TIGR01953,TIGR02012,TIGR02013,TIGR02027,TIGR02075,TIGR02191,TIGR02273,TIGR02350,TIGR02386,TIGR02397,TIGR02432,TIGR02729,TIGR03263,TIGR03594,TIGR03625,TIGR03632,TIGR03654,TIGR03723,TIGR03725,TIGR03953	TIGR00382		
query_GCF_051302775.1	101	4	0	15	PF00380.20,PF00466.21,PF01025.20,PF02576.18,PF03726.15,TIGR00006,TIGR00019,TIGR00020,TIGR00029,TIGR00054,TIGR00059,TIGR00061,TIGR00064,TIGR00065,TIGR00082,TIGR00083,TIGR00084,TIGR00086,TIGR00088,TIGR00090,TIGR00092,TIGR00095,TIGR00116,TIGR00138,TIGR00158,TIGR00166,TIGR00168,TIGR00186,TIGR00194,TIGR00250,TIGR00337,TIGR00344,TIGR00362,TIGR00392,TIGR00396,TIGR00414,TIGR00416,TIGR00420,TIGR00431,TIGR00435,TIGR00436,TIGR00442,TIGR00445,TIGR00456,TIGR00459,TIGR00460,TIGR00468,TIGR00472,TIGR00487,TIGR00496,TIGR00539,TIGR00580,TIGR00593,TIGR00615,TIGR00631,TIGR00634,TIGR00635,TIGR00643,TIGR00663,TIGR00717,TIGR00755,TIGR00810,TIGR00922,TIGR00928,TIGR00959,TIGR00963,TIGR00964,TIGR00967,TIGR01011,TIGR01017,TIGR01032,TIGR01059,TIGR01063,TIGR01066,TIGR01082,TIGR01087,TIGR01128,TIGR01169,TIGR01302,TIGR01393,TIGR01394,TIGR01510,TIGR01632,TIGR01951,TIGR01953,TIGR02012,TIGR02013,TIGR02027,TIGR02075,TIGR02191,TIGR02273,TIGR02350,TIGR02386,TIGR02397,TIGR02432,TIGR02729,TIGR03263,TIGR03594,TIGR03632,TIGR03723,TIGR03725	TIGR00043,TIGR00382,TIGR01039,TIGR01146		PF00410.20,TIGR00115,TIGR00398,TIGR01009,TIGR01021,TIGR01029,TIGR01044,TIGR01071,TIGR01079,TIGR01164,TIGR01171,TIGR01391,TIGR03625,TIGR03654,TIGR03953
query_GCF_051861085.1	116	2	0	2	PF00380.20,PF00410.20,PF00466.21,PF01025.20,PF02576.18,PF03726.15,TIGR00006,TIGR00019,TIGR00020,TIGR00029,TIGR00043,TIGR00054,TIGR00059,TIGR00061,TIGR00064,TIGR00065,TIGR00082,TIGR00083,TIGR00084,TIGR00086,TIGR00088,TIGR00090,TIGR00092,TIGR00095,TIGR00115,TIGR00116,TIGR00138,TIGR00158,TIGR00166,TIGR00168,TIGR00186,TIGR00194,TIGR00250,TIGR00337,TIGR00344,TIGR00362,TIGR00392,TIGR00396,TIGR00398,TIGR00414,TIGR00416,TIGR00420,TIGR00431,TIGR00435,TIGR00436,TIGR00442,TIGR00445,TIGR00456,TIGR00459,TIGR00460,TIGR00468,TIGR00472,TIGR00487,TIGR00496,TIGR00539,TIGR00580,TIGR00593,TIGR00615,TIGR00631,TIGR00634,TIGR00635,TIGR00643,TIGR00663,TIGR00717,TIGR00755,TIGR00810,TIGR00922,TIGR00928,TIGR00959,TIGR00963,TIGR00964,TIGR00967,TIGR01009,TIGR01011,TIGR01017,TIGR01021,TIGR01029,TIGR01032,TIGR01039,TIGR01044,TIGR01059,TIGR01063,TIGR01066,TIGR01071,TIGR01079,TIGR01082,TIGR01087,TIGR01128,TIGR01164,TIGR01169,TIGR01171,TIGR01302,TIGR01391,TIGR01393,TIGR01394,TIGR01510,TIGR01632,TIGR01951,TIGR01953,TIGR02012,TIGR02027,TIGR02075,TIGR02191,TIGR02273,TIGR02350,TIGR02397,TIGR02432,TIGR02729,TIGR03263,TIGR03594,TIGR03625,TIGR03632,TIGR03654,TIGR03723,TIGR03725,TIGR03953	TIGR00382,TIGR01146		TIGR02013,TIGR02386
query_GCF_053550215.1	119	1	0	0	PF00380.20,PF00410.20,PF00466.21,PF01025.20,PF02576.18,PF03726.15,TIGR00006,TIGR00019,TIGR00020,TIGR00029,TIGR00043,TIGR00054,TIGR00059,TIGR00061,TIGR00064,TIGR00065,TIGR00082,TIGR00083,TIGR00084,TIGR00086,TIGR00088,TIGR00090,TIGR00092,TIGR00095,TIGR00115,TIGR00116,TIGR00138,TIGR00158,TIGR00166,TIGR00168,TIGR00186,TIGR00194,TIGR00250,TIGR00337,TIGR00344,TIGR00362,TIGR00392,TIGR00396,TIGR00398,TIGR00414,TIGR00416,TIGR00420,TIGR00431,TIGR00435,TIGR00436,TIGR00442,TIGR00445,TIGR00456,TIGR00459,TIGR00460,TIGR00468,TIGR00472,TIGR00487,TIGR00496,TIGR00539,TIGR00580,TIGR00593,TIGR00615,TIGR00631,TIGR00634,TIGR00635,TIGR00643,TIGR00663,TIGR00717,TIGR00755,TIGR00810,TIGR00922,TIGR00928,TIGR00959,TIGR00963,TIGR00964,TIGR00967,TIGR01009,TIGR01011,TIGR01017,TIGR01021,TIGR01029,TIGR01032,TIGR01039,TIGR01044,TIGR01059,TIGR01063,TIGR01066,TIGR01071,TIGR01079,TIGR01082,TIGR01087,TIGR01128,TIGR01146,TIGR01164,TIGR01169,TIGR01171,TIGR01302,TIGR01391,TIGR01393,TIGR01394,TIGR01510,TIGR01632,TIGR01951,TIGR01953,TIGR02012,TIGR02013,TIGR02027,TIGR02075,TIGR02191,TIGR02273,TIGR02350,TIGR02386,TIGR02397,TIGR02432,TIGR02729,TIGR03263,TIGR03594,TIGR03625,TIGR03632,TIGR03654,TIGR03723,TIGR03725,TIGR03953	TIGR00382		
query_GCF_053579715.1	107	4	0	9	PF00380.20,PF00466.21,PF01025.20,PF02576.18,PF03726.15,TIGR00006,TIGR00019,TIGR00020,TIGR00029,TIGR00043,TIGR00054,TIGR00059,TIGR00061,TIGR00064,TIGR00065,TIGR00082,TIGR00083,TIGR00084,TIGR00086,TIGR00088,TIGR00090,TIGR00092,TIGR00095,TIGR00115,TIGR00116,TIGR00138,TIGR00158,TIGR00166,TIGR00168,TIGR00186,TIGR00194,TIGR00250,TIGR00337,TIGR00344,TIGR00362,TIGR00392,TIGR00396,TIGR00398,TIGR00414,TIGR00416,TIGR00420,TIGR00431,TIGR00435,TIGR00436,TIGR00442,TIGR00445,TIGR00456,TIGR00459,TIGR00460,TIGR00468,TIGR00472,TIGR00487,TIGR00496,TIGR00539,TIGR00580,TIGR00593,TIGR00615,TIGR00631,TIGR00634,TIGR00635,TIGR00643,TIGR00663,TIGR00717,TIGR00755,TIGR00810,TIGR00922,TIGR00928,TIGR00959,TIGR00963,TIGR00964,TIGR00967,TIGR01011,TIGR01017,TIGR01029,TIGR01032,TIGR01059,TIGR01063,TIGR01066,TIGR01082,TIGR01087,TIGR01128,TIGR01169,TIGR01302,TIGR01391,TIGR01393,TIGR01510,TIGR01632,TIGR01951,TIGR01953,TIGR02012,TIGR02013,TIGR02027,TIGR02075,TIGR02191,TIGR02273,TIGR02350,TIGR02386,TIGR02397,TIGR02432,TIGR02729,TIGR03263,TIGR03594,TIGR03625,TIGR03632,TIGR03723,TIGR03725,TIGR03953	TIGR00382,TIGR01039,TIGR01146,TIGR01394		PF00410.20,TIGR01009,TIGR01021,TIGR01044,TIGR01071,TIGR01079,TIGR01164,TIGR01171,TIGR03654
query_GCF_053579735.1	117	1	0	2	PF00380.20,PF00410.20,PF00466.21,PF01025.20,PF02576.18,PF03726.15,TIGR00006,TIGR00019,TIGR00020,TIGR00029,TIGR00043,TIGR00054,TIGR00059,TIGR00061,TIGR00064,TIGR00065,TIGR00082,TIGR00083,TIGR00084,TIGR00086,TIGR00088,TIGR00090,TIGR00092,TIGR00095,TIGR00115,TIGR00116,TIGR00138,TIGR00158,TIGR00166,TIGR00168,TIGR00186,TIGR00194,TIGR00250,TIGR00337,TIGR00344,TIGR00362,TIGR00392,TIGR00396,TIGR00398,TIGR00414,TIGR00416,TIGR00420,TIGR00431,TIGR00435,TIGR00436,TIGR00442,TIGR00445,TIGR00456,TIGR00459,TIGR00460,TIGR00468,TIGR00472,TIGR00487,TIGR00496,TIGR00539,TIGR00580,TIGR00593,TIGR00615,TIGR00631,TIGR00634,TIGR00635,TIGR00643,TIGR00663,TIGR00717,TIGR00755,TIGR00810,TIGR00922,TIGR00928,TIGR00959,TIGR00963,TIGR00967,TIGR01009,TIGR01011,TIGR01017,TIGR01021,TIGR01029,TIGR01032,TIGR01039,TIGR01044,TIGR01059,TIGR01063,TIGR01066,TIGR01071,TIGR01079,TIGR01082,TIGR01087,TIGR01128,TIGR01146,TIGR01164,TIGR01169,TIGR01171,TIGR01391,TIGR01393,TIGR01394,TIGR01510,TIGR01632,TIGR01951,TIGR01953,TIGR02012,TIGR02013,TIGR02027,TIGR02075,TIGR02191,TIGR02273,TIGR02350,TIGR02386,TIGR02397,TIGR02432,TIGR02729,TIGR03263,TIGR03594,TIGR03625,TIGR03632,TIGR03654,TIGR03723,TIGR03725,TIGR03953	TIGR00382		TIGR00964,TIGR01302
query_GCF_054482695.1	120	0	0	0	PF00380.20,PF00410.20,PF00466.21,PF01025.20,PF02576.18,PF03726.15,TIGR00006,TIGR00019,TIGR00020,TIGR00029,TIGR00043,TIGR00054,TIGR00059,TIGR00061,TIGR00064,TIGR00065,TIGR00082,TIGR00083,TIGR00084,TIGR00086,TIGR00088,TIGR00090,TIGR00092,TIGR00095,TIGR00115,TIGR00116,TIGR00138,TIGR00158,TIGR00166,TIGR00168,TIGR00186,TIGR00194,TIGR00250,TIGR00337,TIGR00344,TIGR00362,TIGR00382,TIGR00392,TIGR00396,TIGR00398,TIGR00414,TIGR00416,TIGR00420,TIGR00431,TIGR00435,TIGR00436,TIGR00442,TIGR00445,TIGR00456,TIGR00459,TIGR00460,TIGR00468,TIGR00472,TIGR00487,TIGR00496,TIGR00539,TIGR00580,TIGR00593,TIGR00615,TIGR00631,TIGR00634,TIGR00635,TIGR00643,TIGR00663,TIGR00717,TIGR00755,TIGR00810,TIGR00922,TIGR00928,TIGR00959,TIGR00963,TIGR00964,TIGR00967,TIGR01009,TIGR01011,TIGR01017,TIGR01021,TIGR01029,TIGR01032,TIGR01039,TIGR01044,TIGR01059,TIGR01063,TIGR01066,TIGR01071,TIGR01079,TIGR01082,TIGR01087,TIGR01128,TIGR01146,TIGR01164,TIGR01169,TIGR01171,TIGR01302,TIGR01391,TIGR01393,TIGR01394,TIGR01510,TIGR01632,TIGR01951,TIGR01953,TIGR02012,TIGR02013,TIGR02027,TIGR02075,TIGR02191,TIGR02273,TIGR02350,TIGR02386,TIGR02397,TIGR02432,TIGR02729,TIGR03263,TIGR03594,TIGR03625,TIGR03632,TIGR03654,TIGR03723,TIGR03725,TIGR03953			
query_GCF_054489345.1	118	2	0	0	PF00380.20,PF00410.20,PF00466.21,PF01025.20,PF02576.18,PF03726.15,TIGR00006,TIGR00019,TIGR00020,TIGR00029,TIGR00043,TIGR00054,TIGR00059,TIGR00061,TIGR00064,TIGR00065,TIGR00082,TIGR00084,TIGR00086,TIGR00088,TIGR00090,TIGR00092,TIGR00095,TIGR00115,TIGR00116,TIGR00138,TIGR00158,TIGR00166,TIGR00168,TIGR00186,TIGR00194,TIGR00250,TIGR00337,TIGR00344,TIGR00362,TIGR00392,TIGR00396,TIGR00398,TIGR00414,TIGR00416,TIGR00420,TIGR00431,TIGR00435,TIGR00436,TIGR00442,TIGR00445,TIGR00456,TIGR00459,TIGR00460,TIGR00468,TIGR00472,TIGR00487,TIGR00496,TIGR00539,TIGR00580,TIGR00593,TIGR00615,TIGR00631,TIGR00634,TIGR00635,TIGR00643,TIGR00663,TIGR00717,TIGR00755,TIGR00810,TIGR00922,TIGR00928,TIGR00959,TIGR00963,TIGR00964,TIGR00967,TIGR01009,TIGR01011,TIGR01017,TIGR01021,TIGR01029,TIGR01032,TIGR01039,TIGR01044,TIGR01059,TIGR01063,TIGR01066,TIGR01071,TIGR01079,TIGR01082,TIGR01087,TIGR01128,TIGR01146,TIGR01164,TIGR01169,TIGR01171,TIGR01302,TIGR01391,TIGR01393,TIGR01394,TIGR01510,TIGR01632,TIGR01951,TIGR01953,TIGR02012,TIGR02013,TIGR02027,TIGR02075,TIGR02191,TIGR02273,TIGR02350,TIGR02386,TIGR02397,TIGR02432,TIGR02729,TIGR03263,TIGR03594,TIGR03625,TIGR03632,TIGR03654,TIGR03723,TIGR03725,TIGR03953	TIGR00083,TIGR00382		
query_GCF_054489375.1	119	1	0	0	PF00380.20,PF00410.20,PF00466.21,PF01025.20,PF02576.18,PF03726.15,TIGR00006,TIGR00019,TIGR00020,TIGR00029,TIGR00043,TIGR00054,TIGR00059,TIGR00061,TIGR00064,TIGR00065,TIGR00082,TIGR00083,TIGR00084,TIGR00086,TIGR00088,TIGR00090,TIGR00092,TIGR00095,TIGR00115,TIGR00116,TIGR00138,TIGR00158,TIGR00166,TIGR00168,TIGR00186,TIGR00194,TIGR00250,TIGR00337,TIGR00344,TIGR00362,TIGR00392,TIGR00396,TIGR00398,TIGR00414,TIGR00416,TIGR00420,TIGR00431,TIGR00435,TIGR00436,TIGR00442,TIGR00445,TIGR00456,TIGR00459,TIGR00460,TIGR00468,TIGR00472,TIGR00487,TIGR00496,TIGR00539,TIGR00580,TIGR00593,TIGR00615,TIGR00631,TIGR00634,TIGR00635,TIGR00643,TIGR00663,TIGR00717,TIGR00755,TIGR00810,TIGR00922,TIGR00928,TIGR00959,TIGR00963,TIGR00964,TIGR00967,TIGR01009,TIGR01011,TIGR01017,TIGR01021,TIGR01029,TIGR01032,TIGR01039,TIGR01044,TIGR01059,TIGR01063,TIGR01066,TIGR01071,TIGR01079,TIGR01082,TIGR01087,TIGR01128,TIGR01146,TIGR01164,TIGR01169,TIGR01171,TIGR01302,TIGR01391,TIGR01393,TIGR01394,TIGR01510,TIGR01632,TIGR01951,TIGR01953,TIGR02012,TIGR02013,TIGR02027,TIGR02075,TIGR02191,TIGR02273,TIGR02350,TIGR02386,TIGR02397,TIGR02432,TIGR02729,TIGR03263,TIGR03594,TIGR03625,TIGR03632,TIGR03654,TIGR03723,TIGR03725,TIGR03953	TIGR00382		
query_GCF_054605195.1	119	1	0	0	PF00380.20,PF00410.20,PF00466.21,PF01025.20,PF02576.18,PF03726.15,TIGR00006,TIGR00019,TIGR00020,TIGR00029,TIGR00043,TIGR00054,TIGR00059,TIGR00061,TIGR00064,TIGR00065,TIGR00082,TIGR00083,TIGR00084,TIGR00086,TIGR00088,TIGR00090,TIGR00092,TIGR00095,TIGR00115,TIGR00116,TIGR00138,TIGR00158,TIGR00166,TIGR00168,TIGR00186,TIGR00194,TIGR00250,TIGR00337,TIGR00344,TIGR00362,TIGR00392,TIGR00396,TIGR00398,TIGR00414,TIGR00416,TIGR00420,TIGR00431,TIGR00435,TIGR00436,TIGR00442,TIGR00445,TIGR00456,TIGR00459,TIGR00460,TIGR00468,TIGR00472,TIGR00487,TIGR00496,TIGR00539,TIGR00580,TIGR00593,TIGR00615,TIGR00631,TIGR00634,TIGR00635,TIGR00643,TIGR00663,TIGR00717,TIGR00755,TIGR00810,TIGR00922,TIGR00928,TIGR00959,TIGR00963,TIGR00964,TIGR00967,TIGR01009,TIGR01011,TIGR01017,TIGR01021,TIGR01029,TIGR01032,TIGR01039,TIGR01044,TIGR01059,TIGR01063,TIGR01066,TIGR01071,TIGR01079,TIGR01082,TIGR01087,TIGR01128,TIGR01146,TIGR01164,TIGR01169,TIGR01171,TIGR01302,TIGR01391,TIGR01393,TIGR01394,TIGR01510,TIGR01632,TIGR01951,TIGR01953,TIGR02012,TIGR02013,TIGR02027,TIGR02075,TIGR02191,TIGR02273,TIGR02350,TIGR02386,TIGR02397,TIGR02432,TIGR02729,TIGR03263,TIGR03594,TIGR03625,TIGR03632,TIGR03654,TIGR03723,TIGR03725,TIGR03953	TIGR00382		
query_GCF_055397495.1	119	1	0	0	PF00380.20,PF00410.20,PF00466.21,PF01025.20,PF02576.18,PF03726.15,TIGR00006,TIGR00019,TIGR00020,TIGR00029,TIGR00043,TIGR00054,TIGR00059,TIGR00061,TIGR00064,TIGR00065,TIGR00082,TIGR00083,TIGR00084,TIGR00086,TIGR00088,TIGR00090,TIGR00092,TIGR00095,TIGR00115,TIGR00116,TIGR00138,TIGR00158,TIGR00166,TIGR00168,TIGR00186,TIGR00194,TIGR00250,TIGR00337,TIGR00344,TIGR00362,TIGR00392,TIGR00396,TIGR00398,TIGR00414,TIGR00416,TIGR00420,TIGR00431,TIGR00435,TIGR00436,TIGR00442,TIGR00445,TIGR00456,TIGR00459,TIGR00460,TIGR00468,TIGR00472,TIGR00487,TIGR00496,TIGR00539,TIGR00580,TIGR00593,TIGR00615,TIGR00631,TIGR00634,TIGR00635,TIGR00643,TIGR00663,TIGR00717,TIGR00755,TIGR00810,TIGR00922,TIGR00928,TIGR00959,TIGR00963,TIGR00964,TIGR00967,TIGR01009,TIGR01011,TIGR01017,TIGR01021,TIGR01029,TIGR01032,TIGR01039,TIGR01044,TIGR01059,TIGR01063,TIGR01066,TIGR01071,TIGR01079,TIGR01082,TIGR01087,TIGR01128,TIGR01146,TIGR01164,TIGR01169,TIGR01171,TIGR01302,TIGR01391,TIGR01393,TIGR01394,TIGR01510,TIGR01632,TIGR01951,TIGR01953,TIGR02012,TIGR02013,TIGR02027,TIGR02075,TIGR02191,TIGR02273,TIGR02350,TIGR02386,TIGR02397,TIGR02432,TIGR02729,TIGR03263,TIGR03594,TIGR03625,TIGR03632,TIGR03654,TIGR03723,TIGR03725,TIGR03953	TIGR00382		
query_GCF_055633315.1	116	3	0	1	PF00380.20,PF00410.20,PF00466.21,PF01025.20,PF03726.15,TIGR00006,TIGR00019,TIGR00020,TIGR00029,TIGR00043,TIGR00054,TIGR00059,TIGR00061,TIGR00064,TIGR00065,TIGR00082,TIGR00083,TIGR00084,TIGR00086,TIGR00088,TIGR00090,TIGR00092,TIGR00095,TIGR00115,TIGR00116,TIGR00138,TIGR00158,TIGR00166,TIGR00168,TIGR00186,TIGR00194,TIGR00250,TIGR00337,TIGR00344,TIGR00362,TIGR00396,TIGR00398,TIGR00414,TIGR00416,TIGR00420,TIGR00431,TIGR00435,TIGR00436,TIGR00442,TIGR00445,TIGR00456,TIGR00459,TIGR00460,TIGR00468,TIGR00472,TIGR00487,TIGR00496,TIGR00539,TIGR00580,TIGR00593,TIGR00615,TIGR00631,TIGR00634,TIGR00635,TIGR00663,TIGR00717,TIGR00755,TIGR00810,TIGR00922,TIGR00928,TIGR00959,TIGR00963,TIGR00964,TIGR00967,TIGR01009,TIGR01011,TIGR01017,TIGR01021,TIGR01029,TIGR01032,TIGR01039,TIGR01044,TIGR01059,TIGR01063,TIGR01066,TIGR01071,TIGR01079,TIGR01082,TIGR01087,TIGR01128,TIGR01146,TIGR01164,TIGR01169,TIGR01171,TIGR01302,TIGR01391,TIGR01393,TIGR01394,TIGR01510,TIGR01632,TIGR01951,TIGR01953,TIGR02012,TIGR02013,TIGR02027,TIGR02075,TIGR02191,TIGR02273,TIGR02350,TIGR02386,TIGR02397,TIGR02432,TIGR02729,TIGR03263,TIGR03594,TIGR03625,TIGR03632,TIGR03654,TIGR03723,TIGR03725,TIGR03953	PF02576.18,TIGR00382,TIGR00643		TIGR00392
query_GCF_055808475.1	116	3	0	1	PF00380.20,PF00410.20,PF00466.21,PF01025.20,PF02576.18,PF03726.15,TIGR00006,TIGR00019,TIGR00020,TIGR00029,TIGR00043,TIGR00054,TIGR00059,TIGR00061,TIGR00064,TIGR00065,TIGR00082,TIGR00083,TIGR00084,TIGR00086,TIGR00088,TIGR00090,TIGR00092,TIGR00095,TIGR00115,TIGR00116,TIGR00138,TIGR00158,TIGR00166,TIGR00168,TIGR00186,TIGR00194,TIGR00250,TIGR00337,TIGR00344,TIGR00362,TIGR00392,TIGR00396,TIGR00398,TIGR00414,TIGR00416,TIGR00420,TIGR00431,TIGR00435,TIGR00436,TIGR00442,TIGR00445,TIGR00456,TIGR00459,TIGR00460,TIGR00468,TIGR00472,TIGR00487,TIGR00496,TIGR00539,TIGR00580,TIGR00593,TIGR00615,TIGR00631,TIGR00634,TIGR00635,TIGR00643,TIGR00663,TIGR00717,TIGR00755,TIGR00810,TIGR00922,TIGR00928,TIGR00963,TIGR00964,TIGR00967,TIGR01009,TIGR01011,TIGR01017,TIGR01021,TIGR01029,TIGR01032,TIGR01044,TIGR01059,TIGR01063,TIGR01066,TIGR01071,TIGR01079,TIGR01082,TIGR01087,TIGR01128,TIGR01164,TIGR01169,TIGR01171,TIGR01302,TIGR01391,TIGR01393,TIGR01394,TIGR01510,TIGR01632,TIGR01951,TIGR01953,TIGR02012,TIGR02013,TIGR02027,TIGR02075,TIGR02191,TIGR02273,TIGR02350,TIGR02386,TIGR02397,TIGR02432,TIGR02729,TIGR03263,TIGR03594,TIGR03625,TIGR03632,TIGR03654,TIGR03723,TIGR03725,TIGR03953	TIGR00382,TIGR01039,TIGR01146		TIGR00959
query_GCF_055808595.1	119	1	0	0	PF00380.20,PF00410.20,PF00466.21,PF01025.20,PF02576.18,PF03726.15,TIGR00006,TIGR00019,TIGR00020,TIGR00029,TIGR00043,TIGR00054,TIGR00059,TIGR00061,TIGR00064,TIGR00065,TIGR00082,TIGR00083,TIGR00084,TIGR00086,TIGR00088,TIGR00090,TIGR00092,TIGR00095,TIGR00115,TIGR00116,TIGR00138,TIGR00158,TIGR00166,TIGR00168,TIGR00186,TIGR00194,TIGR00250,TIGR00337,TIGR00344,TIGR00362,TIGR00392,TIGR00396,TIGR00398,TIGR00414,TIGR00416,TIGR00420,TIGR00431,TIGR00435,TIGR00436,TIGR00442,TIGR00445,TIGR00456,TIGR00459,TIGR00460,TIGR00468,TIGR00472,TIGR00487,TIGR00496,TIGR00539,TIGR00580,TIGR00593,TIGR00615,TIGR00631,TIGR00634,TIGR00635,TIGR00643,TIGR00663,TIGR00717,TIGR00755,TIGR00810,TIGR00922,TIGR00928,TIGR00959,TIGR00963,TIGR00964,TIGR00967,TIGR01009,TIGR01011,TIGR01017,TIGR01021,TIGR01029,TIGR01032,TIGR01039,TIGR01044,TIGR01059,TIGR01063,TIGR01066,TIGR01071,TIGR01079,TIGR01082,TIGR01087,TIGR01128,TIGR01146,TIGR01164,TIGR01169,TIGR01171,TIGR01302,TIGR01391,TIGR01393,TIGR01394,TIGR01510,TIGR01632,TIGR01951,TIGR01953,TIGR02012,TIGR02013,TIGR02027,TIGR02075,TIGR02191,TIGR02273,TIGR02350,TIGR02386,TIGR02397,TIGR02432,TIGR02729,TIGR03263,TIGR03594,TIGR03625,TIGR03632,TIGR03654,TIGR03723,TIGR03725,TIGR03953	TIGR00382		
query_GCF_056341075.1	120	0	0	0	PF00380.20,PF00410.20,PF00466.21,PF01025.20,PF02576.18,PF03726.15,TIGR00006,TIGR00019,TIGR00020,TIGR00029,TIGR00043,TIGR00054,TIGR00059,TIGR00061,TIGR00064,TIGR00065,TIGR00082,TIGR00083,TIGR00084,TIGR00086,TIGR00088,TIGR00090,TIGR00092,TIGR00095,TIGR00115,TIGR00116,TIGR00138,TIGR00158,TIGR00166,TIGR00168,TIGR00186,TIGR00194,TIGR00250,TIGR00337,TIGR00344,TIGR00362,TIGR00382,TIGR00392,TIGR00396,TIGR00398,TIGR00414,TIGR00416,TIGR00420,TIGR00431,TIGR00435,TIGR00436,TIGR00442,TIGR00445,TIGR00456,TIGR00459,TIGR00460,TIGR00468,TIGR00472,TIGR00487,TIGR00496,TIGR00539,TIGR00580,TIGR00593,TIGR00615,TIGR00631,TIGR00634,TIGR00635,TIGR00643,TIGR00663,TIGR00717,TIGR00755,TIGR00810,TIGR00922,TIGR00928,TIGR00959,TIGR00963,TIGR00964,TIGR00967,TIGR01009,TIGR01011,TIGR01017,TIGR01021,TIGR01029,TIGR01032,TIGR01039,TIGR01044,TIGR01059,TIGR01063,TIGR01066,TIGR01071,TIGR01079,TIGR01082,TIGR01087,TIGR01128,TIGR01146,TIGR01164,TIGR01169,TIGR01171,TIGR01302,TIGR01391,TIGR01393,TIGR01394,TIGR01510,TIGR01632,TIGR01951,TIGR01953,TIGR02012,TIGR02013,TIGR02027,TIGR02075,TIGR02191,TIGR02273,TIGR02350,TIGR02386,TIGR02397,TIGR02432,TIGR02729,TIGR03263,TIGR03594,TIGR03625,TIGR03632,TIGR03654,TIGR03723,TIGR03725,TIGR03953			
query_GCF_056402875.1	119	1	0	0	PF00380.20,PF00410.20,PF00466.21,PF01025.20,PF02576.18,PF03726.15,TIGR00006,TIGR00019,TIGR00020,TIGR00029,TIGR00043,TIGR00054,TIGR00059,TIGR00061,TIGR00064,TIGR00065,TIGR00082,TIGR00083,TIGR00084,TIGR00086,TIGR00088,TIGR00090,TIGR00092,TIGR00095,TIGR00115,TIGR00116,TIGR00138,TIGR00158,TIGR00166,TIGR00168,TIGR00186,TIGR00194,TIGR00250,TIGR00337,TIGR00344,TIGR00362,TIGR00392,TIGR00396,TIGR00398,TIGR00414,TIGR00416,TIGR00420,TIGR00431,TIGR00435,TIGR00436,TIGR00442,TIGR00445,TIGR00456,TIGR00459,TIGR00460,TIGR00468,TIGR00472,TIGR00487,TIGR00496,TIGR00539,TIGR00580,TIGR00593,TIGR00615,TIGR00631,TIGR00634,TIGR00635,TIGR00643,TIGR00663,TIGR00717,TIGR00755,TIGR00810,TIGR00922,TIGR00928,TIGR00959,TIGR00963,TIGR00964,TIGR00967,TIGR01009,TIGR01011,TIGR01017,TIGR01021,TIGR01029,TIGR01032,TIGR01039,TIGR01044,TIGR01059,TIGR01063,TIGR01066,TIGR01071,TIGR01079,TIGR01082,TIGR01087,TIGR01128,TIGR01146,TIGR01164,TIGR01169,TIGR01171,TIGR01302,TIGR01391,TIGR01393,TIGR01394,TIGR01510,TIGR01632,TIGR01951,TIGR01953,TIGR02012,TIGR02013,TIGR02027,TIGR02075,TIGR02191,TIGR02273,TIGR02350,TIGR02386,TIGR02397,TIGR02432,TIGR02729,TIGR03263,TIGR03594,TIGR03625,TIGR03632,TIGR03654,TIGR03723,TIGR03725,TIGR03953	TIGR00382		
query_GCF_056403495.1	119	1	0	0	PF00380.20,PF00410.20,PF00466.21,PF01025.20,PF02576.18,PF03726.15,TIGR00006,TIGR00019,TIGR00020,TIGR00029,TIGR00043,TIGR00054,TIGR00059,TIGR00061,TIGR00064,TIGR00065,TIGR00082,TIGR00083,TIGR00084,TIGR00086,TIGR00088,TIGR00090,TIGR00092,TIGR00095,TIGR00115,TIGR00116,TIGR00138,TIGR00158,TIGR00166,TIGR00168,TIGR00186,TIGR00194,TIGR00250,TIGR00337,TIGR00344,TIGR00362,TIGR00392,TIGR00396,TIGR00398,TIGR00414,TIGR00416,TIGR00420,TIGR00431,TIGR00435,TIGR00436,TIGR00442,TIGR00445,TIGR00456,TIGR00459,TIGR00460,TIGR00468,TIGR00472,TIGR00487,TIGR00496,TIGR00539,TIGR00580,TIGR00593,TIGR00615,TIGR00631,TIGR00634,TIGR00635,TIGR00643,TIGR00663,TIGR00717,TIGR00755,TIGR00810,TIGR00922,TIGR00928,TIGR00959,TIGR00963,TIGR00964,TIGR00967,TIGR01009,TIGR01011,TIGR01017,TIGR01021,TIGR01029,TIGR01032,TIGR01039,TIGR01044,TIGR01059,TIGR01063,TIGR01066,TIGR01071,TIGR01079,TIGR01082,TIGR01087,TIGR01128,TIGR01146,TIGR01164,TIGR01169,TIGR01171,TIGR01302,TIGR01391,TIGR01393,TIGR01394,TIGR01510,TIGR01632,TIGR01951,TIGR01953,TIGR02012,TIGR02013,TIGR02027,TIGR02075,TIGR02191,TIGR02273,TIGR02350,TIGR02386,TIGR02397,TIGR02432,TIGR02729,TIGR03263,TIGR03594,TIGR03625,TIGR03632,TIGR03654,TIGR03723,TIGR03725,TIGR03953	TIGR00382		
query_GCF_056405135.1	119	1	0	0	PF00380.20,PF00410.20,PF00466.21,PF01025.20,PF02576.18,PF03726.15,TIGR00006,TIGR00019,TIGR00020,TIGR00029,TIGR00043,TIGR00054,TIGR00059,TIGR00061,TIGR00064,TIGR00065,TIGR00082,TIGR00083,TIGR00084,TIGR00086,TIGR00088,TIGR00090,TIGR00092,TIGR00095,TIGR00115,TIGR00116,TIGR00138,TIGR00158,TIGR00166,TIGR00168,TIGR00186,TIGR00194,TIGR00250,TIGR00337,TIGR00344,TIGR00362,TIGR00392,TIGR00396,TIGR00398,TIGR00414,TIGR00416,TIGR00420,TIGR00431,TIGR00435,TIGR00436,TIGR00442,TIGR00445,TIGR00456,TIGR00459,TIGR00460,TIGR00468,TIGR00472,TIGR00487,TIGR00496,TIGR00539,TIGR00580,TIGR00593,TIGR00615,TIGR00631,TIGR00634,TIGR00635,TIGR00643,TIGR00663,TIGR00717,TIGR00755,TIGR00810,TIGR00922,TIGR00928,TIGR00959,TIGR00963,TIGR00964,TIGR00967,TIGR01009,TIGR01011,TIGR01017,TIGR01021,TIGR01029,TIGR01032,TIGR01039,TIGR01044,TIGR01059,TIGR01063,TIGR01066,TIGR01071,TIGR01079,TIGR01082,TIGR01087,TIGR01128,TIGR01146,TIGR01164,TIGR01169,TIGR01171,TIGR01302,TIGR01391,TIGR01393,TIGR01394,TIGR01510,TIGR01632,TIGR01951,TIGR01953,TIGR02012,TIGR02013,TIGR02027,TIGR02075,TIGR02191,TIGR02273,TIGR02350,TIGR02386,TIGR02397,TIGR02432,TIGR02729,TIGR03263,TIGR03594,TIGR03625,TIGR03632,TIGR03654,TIGR03723,TIGR03725,TIGR03953	TIGR00382		
query_GCF_057657195.1	119	1	0	0	PF00380.20,PF00410.20,PF00466.21,PF01025.20,PF02576.18,PF03726.15,TIGR00006,TIGR00019,TIGR00020,TIGR00029,TIGR00043,TIGR00054,TIGR00059,TIGR00061,TIGR00064,TIGR00065,TIGR00082,TIGR00083,TIGR00084,TIGR00086,TIGR00088,TIGR00090,TIGR00092,TIGR00095,TIGR00115,TIGR00116,TIGR00138,TIGR00158,TIGR00166,TIGR00168,TIGR00186,TIGR00194,TIGR00250,TIGR00337,TIGR00344,TIGR00362,TIGR00392,TIGR00396,TIGR00398,TIGR00414,TIGR00416,TIGR00420,TIGR00431,TIGR00435,TIGR00436,TIGR00442,TIGR00445,TIGR00456,TIGR00459,TIGR00460,TIGR00468,TIGR00472,TIGR00487,TIGR00496,TIGR00539,TIGR00580,TIGR00593,TIGR00615,TIGR00631,TIGR00634,TIGR00635,TIGR00643,TIGR00663,TIGR00717,TIGR00755,TIGR00810,TIGR00922,TIGR00928,TIGR00959,TIGR00963,TIGR00964,TIGR00967,TIGR01009,TIGR01011,TIGR01017,TIGR01021,TIGR01029,TIGR01032,TIGR01039,TIGR01044,TIGR01059,TIGR01063,TIGR01066,TIGR01071,TIGR01079,TIGR01082,TIGR01087,TIGR01128,TIGR01146,TIGR01164,TIGR01169,TIGR01171,TIGR01302,TIGR01391,TIGR01393,TIGR01394,TIGR01510,TIGR01632,TIGR01951,TIGR01953,TIGR02012,TIGR02013,TIGR02027,TIGR02075,TIGR02191,TIGR02273,TIGR02350,TIGR02386,TIGR02397,TIGR02432,TIGR02729,TIGR03263,TIGR03594,TIGR03625,TIGR03632,TIGR03654,TIGR03723,TIGR03725,TIGR03953	TIGR00382		
query_GCF_058133495.1	117	3	0	0	PF00380.20,PF00410.20,PF00466.21,PF01025.20,PF02576.18,PF03726.15,TIGR00006,TIGR00019,TIGR00020,TIGR00029,TIGR00043,TIGR00054,TIGR00059,TIGR00061,TIGR00064,TIGR00065,TIGR00082,TIGR00084,TIGR00086,TIGR00088,TIGR00090,TIGR00092,TIGR00095,TIGR00115,TIGR00116,TIGR00138,TIGR00158,TIGR00166,TIGR00168,TIGR00186,TIGR00194,TIGR00250,TIGR00337,TIGR00344,TIGR00362,TIGR00392,TIGR00396,TIGR00398,TIGR00414,TIGR00416,TIGR00420,TIGR00431,TIGR00435,TIGR00436,TIGR00442,TIGR00445,TIGR00456,TIGR00459,TIGR00460,TIGR00468,TIGR00472,TIGR00487,TIGR00496,TIGR00539,TIGR00593,TIGR00615,TIGR00631,TIGR00634,TIGR00635,TIGR00643,TIGR00663,TIGR00717,TIGR00755,TIGR00810,TIGR00922,TIGR00928,TIGR00959,TIGR00963,TIGR00964,TIGR00967,TIGR01009,TIGR01011,TIGR01017,TIGR01021,TIGR01029,TIGR01032,TIGR01039,TIGR01044,TIGR01059,TIGR01063,TIGR01066,TIGR01071,TIGR01079,TIGR01082,TIGR01087,TIGR01128,TIGR01146,TIGR01164,TIGR01169,TIGR01171,TIGR01302,TIGR01391,TIGR01393,TIGR01394,TIGR01510,TIGR01632,TIGR01951,TIGR01953,TIGR02012,TIGR02013,TIGR02027,TIGR02075,TIGR02191,TIGR02273,TIGR02350,TIGR02386,TIGR02397,TIGR02432,TIGR02729,TIGR03263,TIGR03594,TIGR03625,TIGR03632,TIGR03654,TIGR03723,TIGR03725,TIGR03953	TIGR00083,TIGR00382,TIGR00580		
query_GCF_058133665.1	118	2	0	0	PF00380.20,PF00410.20,PF00466.21,PF01025.20,PF02576.18,PF03726.15,TIGR00006,TIGR00019,TIGR00020,TIGR00029,TIGR00043,TIGR00054,TIGR00059,TIGR00061,TIGR00064,TIGR00065,TIGR00082,TIGR00083,TIGR00084,TIGR00086,TIGR00088,TIGR00090,TIGR00092,TIGR00095,TIGR00115,TIGR00116,TIGR00138,TIGR00158,TIGR00166,TIGR00168,TIGR00186,TIGR00194,TIGR00250,TIGR00337,TIGR00344,TIGR00362,TIGR00392,TIGR00396,TIGR00398,TIGR00414,TIGR00416,TIGR00420,TIGR00431,TIGR00435,TIGR00436,TIGR00442,TIGR00445,TIGR00456,TIGR00459,TIGR00460,TIGR00468,TIGR00472,TIGR00487,TIGR00496,TIGR00539,TIGR00593,TIGR00615,TIGR00631,TIGR00634,TIGR00635,TIGR00643,TIGR00663,TIGR00717,TIGR00755,TIGR00810,TIGR00922,TIGR00928,TIGR00959,TIGR00963,TIGR00964,TIGR00967,TIGR01009,TIGR01011,TIGR01017,TIGR01021,TIGR01029,TIGR01032,TIGR01039,TIGR01044,TIGR01059,TIGR01063,TIGR01066,TIGR01071,TIGR01079,TIGR01082,TIGR01087,TIGR01128,TIGR01146,TIGR01164,TIGR01169,TIGR01171,TIGR01302,TIGR01391,TIGR01393,TIGR01394,TIGR01510,TIGR01632,TIGR01951,TIGR01953,TIGR02012,TIGR02013,TIGR02027,TIGR02075,TIGR02191,TIGR02273,TIGR02350,TIGR02386,TIGR02397,TIGR02432,TIGR02729,TIGR03263,TIGR03594,TIGR03625,TIGR03632,TIGR03654,TIGR03723,TIGR03725,TIGR03953	TIGR00382,TIGR00580		
query_GCF_058806655.1	118	2	0	0	PF00380.20,PF00410.20,PF00466.21,PF01025.20,PF02576.18,PF03726.15,TIGR00006,TIGR00019,TIGR00020,TIGR00029,TIGR00043,TIGR00054,TIGR00059,TIGR00061,TIGR00064,TIGR00065,TIGR00082,TIGR00083,TIGR00084,TIGR00086,TIGR00088,TIGR00090,TIGR00092,TIGR00095,TIGR00115,TIGR00116,TIGR00138,TIGR00158,TIGR00166,TIGR00168,TIGR00186,TIGR00194,TIGR00250,TIGR00337,TIGR00344,TIGR00362,TIGR00392,TIGR00396,TIGR00398,TIGR00414,TIGR00416,TIGR00420,TIGR00431,TIGR00435,TIGR00436,TIGR00442,TIGR00445,TIGR00456,TIGR00459,TIGR00460,TIGR00468,TIGR00472,TIGR00487,TIGR00496,TIGR00539,TIGR00580,TIGR00593,TIGR00615,TIGR00631,TIGR00634,TIGR00635,TIGR00643,TIGR00663,TIGR00717,TIGR00755,TIGR00810,TIGR00922,TIGR00928,TIGR00959,TIGR00963,TIGR00964,TIGR00967,TIGR01009,TIGR01011,TIGR01017,TIGR01021,TIGR01029,TIGR01032,TIGR01039,TIGR01044,TIGR01059,TIGR01063,TIGR01066,TIGR01071,TIGR01079,TIGR01082,TIGR01087,TIGR01128,TIGR01146,TIGR01164,TIGR01169,TIGR01171,TIGR01302,TIGR01393,TIGR01394,TIGR01510,TIGR01632,TIGR01951,TIGR01953,TIGR02012,TIGR02013,TIGR02027,TIGR02075,TIGR02191,TIGR02273,TIGR02350,TIGR02386,TIGR02397,TIGR02432,TIGR02729,TIGR03263,TIGR03594,TIGR03625,TIGR03632,TIGR03654,TIGR03723,TIGR03725,TIGR03953	TIGR00382,TIGR01391		
query_GCF_059070485.1	119	1	0	0	PF00380.20,PF00410.20,PF00466.21,PF01025.20,PF02576.18,PF03726.15,TIGR00006,TIGR00019,TIGR00020,TIGR00029,TIGR00043,TIGR00054,TIGR00059,TIGR00061,TIGR00064,TIGR00065,TIGR00082,TIGR00083,TIGR00084,TIGR00086,TIGR00088,TIGR00090,TIGR00092,TIGR00095,TIGR00115,TIGR00116,TIGR00138,TIGR00158,TIGR00166,TIGR00168,TIGR00186,TIGR00194,TIGR00250,TIGR00337,TIGR00344,TIGR00362,TIGR00392,TIGR00396,TIGR00398,TIGR00414,TIGR00416,TIGR00420,TIGR00431,TIGR00435,TIGR00436,TIGR00442,TIGR00445,TIGR00456,TIGR00459,TIGR00460,TIGR00468,TIGR00472,TIGR00487,TIGR00496,TIGR00539,TIGR00580,TIGR00593,TIGR00615,TIGR00631,TIGR00634,TIGR00635,TIGR00643,TIGR00663,TIGR00717,TIGR00755,TIGR00810,TIGR00922,TIGR00928,TIGR00959,TIGR00963,TIGR00964,TIGR00967,TIGR01009,TIGR01011,TIGR01017,TIGR01021,TIGR01029,TIGR01032,TIGR01039,TIGR01044,TIGR01059,TIGR01063,TIGR01066,TIGR01071,TIGR01079,TIGR01082,TIGR01087,TIGR01128,TIGR01146,TIGR01164,TIGR01169,TIGR01171,TIGR01302,TIGR01391,TIGR01393,TIGR01394,TIGR01510,TIGR01632,TIGR01951,TIGR01953,TIGR02012,TIGR02013,TIGR02027,TIGR02075,TIGR02191,TIGR02273,TIGR02350,TIGR02386,TIGR02397,TIGR02432,TIGR02729,TIGR03263,TIGR03594,TIGR03625,TIGR03632,TIGR03654,TIGR03723,TIGR03725,TIGR03953	TIGR00382		
query_GCF_059724365.1	119	1	0	0	PF00380.20,PF00410.20,PF00466.21,PF01025.20,PF02576.18,PF03726.15,TIGR00006,TIGR00019,TIGR00020,TIGR00029,TIGR00043,TIGR00054,TIGR00059,TIGR00061,TIGR00064,TIGR00065,TIGR00082,TIGR00083,TIGR00084,TIGR00086,TIGR00088,TIGR00090,TIGR00092,TIGR00095,TIGR00115,TIGR00116,TIGR00138,TIGR00158,TIGR00166,TIGR00168,TIGR00186,TIGR00194,TIGR00250,TIGR00337,TIGR00344,TIGR00362,TIGR00392,TIGR00396,TIGR00398,TIGR00414,TIGR00416,TIGR00420,TIGR00431,TIGR00435,TIGR00436,TIGR00442,TIGR00445,TIGR00456,TIGR00459,TIGR00460,TIGR00468,TIGR00472,TIGR00487,TIGR00496,TIGR00539,TIGR00580,TIGR00593,TIGR00615,TIGR00631,TIGR00634,TIGR00635,TIGR00643,TIGR00663,TIGR00717,TIGR00755,TIGR00810,TIGR00922,TIGR00928,TIGR00959,TIGR00963,TIGR00964,TIGR00967,TIGR01009,TIGR01011,TIGR01017,TIGR01021,TIGR01029,TIGR01032,TIGR01039,TIGR01044,TIGR01059,TIGR01063,TIGR01066,TIGR01071,TIGR01079,TIGR01082,TIGR01087,TIGR01128,TIGR01146,TIGR01164,TIGR01169,TIGR01171,TIGR01302,TIGR01391,TIGR01393,TIGR01394,TIGR01510,TIGR01632,TIGR01951,TIGR01953,TIGR02012,TIGR02013,TIGR02027,TIGR02075,TIGR02191,TIGR02273,TIGR02350,TIGR02386,TIGR02397,TIGR02432,TIGR02729,TIGR03263,TIGR03594,TIGR03625,TIGR03632,TIGR03654,TIGR03723,TIGR03725,TIGR03953	TIGR00382		
query_GCF_059726835.1	119	1	0	0	PF00380.20,PF00410.20,PF00466.21,PF01025.20,PF02576.18,PF03726.15,TIGR00006,TIGR00019,TIGR00020,TIGR00029,TIGR00043,TIGR00054,TIGR00059,TIGR00061,TIGR00064,TIGR00065,TIGR00082,TIGR00083,TIGR00084,TIGR00086,TIGR00088,TIGR00090,TIGR00092,TIGR00095,TIGR00115,TIGR00116,TIGR00138,TIGR00158,TIGR00166,TIGR00168,TIGR00186,TIGR00194,TIGR00250,TIGR00337,TIGR00344,TIGR00362,TIGR00392,TIGR00396,TIGR00398,TIGR00414,TIGR00416,TIGR00420,TIGR00431,TIGR00435,TIGR00436,TIGR00442,TIGR00445,TIGR00456,TIGR00459,TIGR00460,TIGR00468,TIGR00472,TIGR00487,TIGR00496,TIGR00539,TIGR00580,TIGR00593,TIGR00615,TIGR00631,TIGR00634,TIGR00635,TIGR00643,TIGR00663,TIGR00717,TIGR00755,TIGR00810,TIGR00922,TIGR00928,TIGR00959,TIGR00963,TIGR00964,TIGR00967,TIGR01009,TIGR01011,TIGR01017,TIGR01021,TIGR01029,TIGR01032,TIGR01039,TIGR01044,TIGR01059,TIGR01063,TIGR01066,TIGR01071,TIGR01079,TIGR01082,TIGR01087,TIGR01128,TIGR01146,TIGR01164,TIGR01169,TIGR01171,TIGR01302,TIGR01391,TIGR01393,TIGR01394,TIGR01510,TIGR01632,TIGR01951,TIGR01953,TIGR02012,TIGR02013,TIGR02027,TIGR02075,TIGR02191,TIGR02273,TIGR02350,TIGR02386,TIGR02397,TIGR02432,TIGR02729,TIGR03263,TIGR03594,TIGR03625,TIGR03632,TIGR03654,TIGR03723,TIGR03725,TIGR03953	TIGR00382		
query_GCF_060038265.1	119	1	0	0	PF00380.20,PF00410.20,PF00466.21,PF01025.20,PF02576.18,PF03726.15,TIGR00006,TIGR00019,TIGR00020,TIGR00029,TIGR00043,TIGR00054,TIGR00059,TIGR00061,TIGR00064,TIGR00065,TIGR00082,TIGR00083,TIGR00084,TIGR00086,TIGR00088,TIGR00090,TIGR00092,TIGR00095,TIGR00115,TIGR00116,TIGR00138,TIGR00158,TIGR00166,TIGR00168,TIGR00186,TIGR00194,TIGR00250,TIGR00337,TIGR00344,TIGR00362,TIGR00392,TIGR00396,TIGR00398,TIGR00414,TIGR00416,TIGR00420,TIGR00431,TIGR00435,TIGR00436,TIGR00442,TIGR00445,TIGR00456,TIGR00459,TIGR00460,TIGR00468,TIGR00472,TIGR00487,TIGR00496,TIGR00539,TIGR00580,TIGR00593,TIGR00615,TIGR00631,TIGR00634,TIGR00635,TIGR00643,TIGR00663,TIGR00717,TIGR00755,TIGR00810,TIGR00922,TIGR00928,TIGR00959,TIGR00963,TIGR00964,TIGR00967,TIGR01009,TIGR01011,TIGR01017,TIGR01021,TIGR01029,TIGR01032,TIGR01039,TIGR01044,TIGR01059,TIGR01063,TIGR01066,TIGR01071,TIGR01079,TIGR01082,TIGR01087,TIGR01128,TIGR01146,TIGR01164,TIGR01169,TIGR01171,TIGR01302,TIGR01391,TIGR01393,TIGR01394,TIGR01510,TIGR01632,TIGR01951,TIGR01953,TIGR02012,TIGR02013,TIGR02027,TIGR02075,TIGR02191,TIGR02273,TIGR02350,TIGR02386,TIGR02397,TIGR02432,TIGR02729,TIGR03263,TIGR03594,TIGR03625,TIGR03632,TIGR03654,TIGR03723,TIGR03725,TIGR03953	TIGR00382		
query_GCF_060543835.1	110	2	0	8	PF00380.20,PF00466.21,PF01025.20,PF02576.18,PF03726.15,TIGR00006,TIGR00019,TIGR00020,TIGR00029,TIGR00043,TIGR00054,TIGR00059,TIGR00061,TIGR00064,TIGR00065,TIGR00082,TIGR00083,TIGR00084,TIGR00086,TIGR00088,TIGR00090,TIGR00092,TIGR00095,TIGR00115,TIGR00116,TIGR00138,TIGR00158,TIGR00166,TIGR00168,TIGR00186,TIGR00194,TIGR00250,TIGR00337,TIGR00344,TIGR00362,TIGR00392,TIGR00396,TIGR00398,TIGR00414,TIGR00416,TIGR00420,TIGR00431,TIGR00435,TIGR00436,TIGR00442,TIGR00445,TIGR00456,TIGR00459,TIGR00460,TIGR00468,TIGR00472,TIGR00487,TIGR00496,TIGR00539,TIGR00580,TIGR00593,TIGR00615,TIGR00631,TIGR00634,TIGR00635,TIGR00643,TIGR00663,TIGR00717,TIGR00755,TIGR00810,TIGR00922,TIGR00928,TIGR00959,TIGR00963,TIGR00964,TIGR00967,TIGR01011,TIGR01017,TIGR01021,TIGR01029,TIGR01032,TIGR01039,TIGR01059,TIGR01063,TIGR01066,TIGR01071,TIGR01082,TIGR01087,TIGR01128,TIGR01169,TIGR01302,TIGR01391,TIGR01393,TIGR01394,TIGR01510,TIGR01632,TIGR01951,TIGR01953,TIGR02012,TIGR02013,TIGR02027,TIGR02075,TIGR02191,TIGR02273,TIGR02350,TIGR02386,TIGR02397,TIGR02432,TIGR02729,TIGR03263,TIGR03594,TIGR03632,TIGR03654,TIGR03723,TIGR03725	TIGR00382,TIGR01146		PF00410.20,TIGR01009,TIGR01044,TIGR01079,TIGR01164,TIGR01171,TIGR03625,TIGR03953
query_GCF_900110945.1	119	1	0	0	PF00380.20,PF00410.20,PF00466.21,PF01025.20,PF02576.18,PF03726.15,TIGR00006,TIGR00019,TIGR00020,TIGR00029,TIGR00043,TIGR00054,TIGR00059,TIGR00061,TIGR00064,TIGR00065,TIGR00082,TIGR00083,TIGR00084,TIGR00086,TIGR00088,TIGR00090,TIGR00092,TIGR00095,TIGR00115,TIGR00116,TIGR00138,TIGR00158,TIGR00166,TIGR00168,TIGR00186,TIGR00194,TIGR00250,TIGR00337,TIGR00344,TIGR00362,TIGR00392,TIGR00396,TIGR00398,TIGR00414,TIGR00416,TIGR00420,TIGR00431,TIGR00435,TIGR00436,TIGR00442,TIGR00445,TIGR00456,TIGR00459,TIGR00460,TIGR00468,TIGR00472,TIGR00487,TIGR00496,TIGR00539,TIGR00580,TIGR00593,TIGR00615,TIGR00631,TIGR00634,TIGR00635,TIGR00643,TIGR00663,TIGR00717,TIGR00755,TIGR00810,TIGR00922,TIGR00928,TIGR00959,TIGR00963,TIGR00964,TIGR00967,TIGR01009,TIGR01011,TIGR01017,TIGR01021,TIGR01029,TIGR01032,TIGR01039,TIGR01044,TIGR01059,TIGR01063,TIGR01066,TIGR01071,TIGR01079,TIGR01082,TIGR01087,TIGR01128,TIGR01146,TIGR01164,TIGR01169,TIGR01171,TIGR01302,TIGR01391,TIGR01393,TIGR01394,TIGR01510,TIGR01632,TIGR01951,TIGR01953,TIGR02012,TIGR02013,TIGR02027,TIGR02075,TIGR02191,TIGR02273,TIGR02350,TIGR02386,TIGR02397,TIGR02432,TIGR02729,TIGR03263,TIGR03594,TIGR03625,TIGR03632,TIGR03654,TIGR03723,TIGR03725,TIGR03953	TIGR00382		
query_GCF_900112505.1	119	1	0	0	PF00380.20,PF00410.20,PF00466.21,PF01025.20,PF02576.18,PF03726.15,TIGR00006,TIGR00019,TIGR00020,TIGR00029,TIGR00043,TIGR00054,TIGR00059,TIGR00061,TIGR00064,TIGR00065,TIGR00082,TIGR00083,TIGR00084,TIGR00086,TIGR00088,TIGR00090,TIGR00092,TIGR00095,TIGR00115,TIGR00116,TIGR00138,TIGR00158,TIGR00166,TIGR00168,TIGR00186,TIGR00194,TIGR00250,TIGR00337,TIGR00344,TIGR00362,TIGR00392,TIGR00396,TIGR00398,TIGR00414,TIGR00416,TIGR00420,TIGR00431,TIGR00435,TIGR00436,TIGR00442,TIGR00445,TIGR00456,TIGR00459,TIGR00460,TIGR00468,TIGR00472,TIGR00487,TIGR00496,TIGR00539,TIGR00580,TIGR00593,TIGR00615,TIGR00631,TIGR00634,TIGR00635,TIGR00643,TIGR00663,TIGR00717,TIGR00755,TIGR00810,TIGR00922,TIGR00928,TIGR00959,TIGR00963,TIGR00964,TIGR00967,TIGR01009,TIGR01011,TIGR01017,TIGR01021,TIGR01029,TIGR01032,TIGR01039,TIGR01044,TIGR01059,TIGR01063,TIGR01066,TIGR01071,TIGR01079,TIGR01082,TIGR01087,TIGR01128,TIGR01146,TIGR01164,TIGR01169,TIGR01171,TIGR01302,TIGR01391,TIGR01393,TIGR01394,TIGR01510,TIGR01632,TIGR01951,TIGR01953,TIGR02012,TIGR02013,TIGR02027,TIGR02075,TIGR02191,TIGR02273,TIGR02350,TIGR02386,TIGR02397,TIGR02432,TIGR02729,TIGR03263,TIGR03594,TIGR03625,TIGR03632,TIGR03654,TIGR03723,TIGR03725,TIGR03953	TIGR00382		
query_GCF_900116545.1	118	2	0	0	PF00380.20,PF00410.20,PF00466.21,PF01025.20,PF02576.18,PF03726.15,TIGR00006,TIGR00019,TIGR00020,TIGR00029,TIGR00043,TIGR00054,TIGR00059,TIGR00061,TIGR00064,TIGR00065,TIGR00082,TIGR00083,TIGR00084,TIGR00086,TIGR00088,TIGR00090,TIGR00092,TIGR00095,TIGR00115,TIGR00116,TIGR00138,TIGR00158,TIGR00166,TIGR00168,TIGR00186,TIGR00194,TIGR00250,TIGR00337,TIGR00344,TIGR00362,TIGR00392,TIGR00396,TIGR00398,TIGR00414,TIGR00416,TIGR00420,TIGR00431,TIGR00435,TIGR00436,TIGR00442,TIGR00445,TIGR00456,TIGR00459,TIGR00460,TIGR00468,TIGR00472,TIGR00487,TIGR00496,TIGR00539,TIGR00593,TIGR00615,TIGR00631,TIGR00634,TIGR00635,TIGR00643,TIGR00663,TIGR00717,TIGR00755,TIGR00810,TIGR00922,TIGR00928,TIGR00959,TIGR00963,TIGR00964,TIGR00967,TIGR01009,TIGR01011,TIGR01017,TIGR01021,TIGR01029,TIGR01032,TIGR01039,TIGR01044,TIGR01059,TIGR01063,TIGR01066,TIGR01071,TIGR01079,TIGR01082,TIGR01087,TIGR01128,TIGR01146,TIGR01164,TIGR01169,TIGR01171,TIGR01302,TIGR01391,TIGR01393,TIGR01394,TIGR01510,TIGR01632,TIGR01951,TIGR01953,TIGR02012,TIGR02013,TIGR02027,TIGR02075,TIGR02191,TIGR02273,TIGR02350,TIGR02386,TIGR02397,TIGR02432,TIGR02729,TIGR03263,TIGR03594,TIGR03625,TIGR03632,TIGR03654,TIGR03723,TIGR03725,TIGR03953	TIGR00382,TIGR00580		
query_GCF_900119845.1	118	2	0	0	PF00380.20,PF00410.20,PF00466.21,PF01025.20,PF02576.18,PF03726.15,TIGR00006,TIGR00019,TIGR00020,TIGR00029,TIGR00043,TIGR00054,TIGR00059,TIGR00061,TIGR00064,TIGR00065,TIGR00082,TIGR00083,TIGR00084,TIGR00086,TIGR00088,TIGR00090,TIGR00092,TIGR00095,TIGR00115,TIGR00116,TIGR00138,TIGR00158,TIGR00166,TIGR00168,TIGR00186,TIGR00194,TIGR00250,TIGR00337,TIGR00344,TIGR00362,TIGR00392,TIGR00396,TIGR00398,TIGR00414,TIGR00416,TIGR00420,TIGR00431,TIGR00435,TIGR00436,TIGR00442,TIGR00445,TIGR00456,TIGR00459,TIGR00460,TIGR00468,TIGR00472,TIGR00487,TIGR00496,TIGR00539,TIGR00593,TIGR00615,TIGR00631,TIGR00634,TIGR00635,TIGR00643,TIGR00663,TIGR00717,TIGR00755,TIGR00810,TIGR00922,TIGR00928,TIGR00959,TIGR00963,TIGR00964,TIGR00967,TIGR01009,TIGR01011,TIGR01017,TIGR01021,TIGR01029,TIGR01032,TIGR01039,TIGR01044,TIGR01059,TIGR01063,TIGR01066,TIGR01071,TIGR01079,TIGR01082,TIGR01087,TIGR01128,TIGR01146,TIGR01164,TIGR01169,TIGR01171,TIGR01302,TIGR01391,TIGR01393,TIGR01394,TIGR01510,TIGR01632,TIGR01951,TIGR01953,TIGR02012,TIGR02013,TIGR02027,TIGR02075,TIGR02191,TIGR02273,TIGR02350,TIGR02386,TIGR02397,TIGR02432,TIGR02729,TIGR03263,TIGR03594,TIGR03625,TIGR03632,TIGR03654,TIGR03723,TIGR03725,TIGR03953	TIGR00382,TIGR00580		
query_GCF_900128975.1	119	1	0	0	PF00380.20,PF00410.20,PF00466.21,PF01025.20,PF02576.18,PF03726.15,TIGR00006,TIGR00019,TIGR00020,TIGR00029,TIGR00043,TIGR00054,TIGR00059,TIGR00061,TIGR00064,TIGR00065,TIGR00082,TIGR00083,TIGR00084,TIGR00086,TIGR00088,TIGR00090,TIGR00092,TIGR00095,TIGR00115,TIGR00116,TIGR00138,TIGR00158,TIGR00166,TIGR00168,TIGR00186,TIGR00194,TIGR00250,TIGR00337,TIGR00344,TIGR00362,TIGR00392,TIGR00396,TIGR00398,TIGR00414,TIGR00416,TIGR00420,TIGR00431,TIGR00435,TIGR00436,TIGR00442,TIGR00445,TIGR00456,TIGR00459,TIGR00460,TIGR00468,TIGR00472,TIGR00487,TIGR00496,TIGR00539,TIGR00580,TIGR00593,TIGR00615,TIGR00631,TIGR00634,TIGR00635,TIGR00643,TIGR00663,TIGR00717,TIGR00755,TIGR00810,TIGR00922,TIGR00928,TIGR00959,TIGR00963,TIGR00964,TIGR00967,TIGR01009,TIGR01011,TIGR01017,TIGR01021,TIGR01029,TIGR01032,TIGR01039,TIGR01044,TIGR01059,TIGR01063,TIGR01066,TIGR01071,TIGR01079,TIGR01082,TIGR01087,TIGR01128,TIGR01146,TIGR01164,TIGR01169,TIGR01171,TIGR01302,TIGR01391,TIGR01393,TIGR01394,TIGR01510,TIGR01632,TIGR01951,TIGR01953,TIGR02012,TIGR02013,TIGR02027,TIGR02075,TIGR02191,TIGR02273,TIGR02350,TIGR02386,TIGR02397,TIGR02432,TIGR02729,TIGR03263,TIGR03594,TIGR03625,TIGR03632,TIGR03654,TIGR03723,TIGR03725,TIGR03953	TIGR00382		
query_GCF_900177655.1	119	1	0	0	PF00380.20,PF00410.20,PF00466.21,PF01025.20,PF02576.18,PF03726.15,TIGR00006,TIGR00019,TIGR00020,TIGR00029,TIGR00043,TIGR00054,TIGR00059,TIGR00061,TIGR00064,TIGR00065,TIGR00082,TIGR00083,TIGR00084,TIGR00086,TIGR00088,TIGR00090,TIGR00092,TIGR00095,TIGR00115,TIGR00116,TIGR00138,TIGR00158,TIGR00166,TIGR00168,TIGR00186,TIGR00194,TIGR00250,TIGR00337,TIGR00344,TIGR00362,TIGR00392,TIGR00396,TIGR00398,TIGR00414,TIGR00416,TIGR00420,TIGR00431,TIGR00435,TIGR00436,TIGR00442,TIGR00445,TIGR00456,TIGR00459,TIGR00460,TIGR00468,TIGR00472,TIGR00487,TIGR00496,TIGR00539,TIGR00580,TIGR00593,TIGR00615,TIGR00631,TIGR00634,TIGR00635,TIGR00643,TIGR00663,TIGR00717,TIGR00755,TIGR00810,TIGR00922,TIGR00928,TIGR00959,TIGR00963,TIGR00964,TIGR00967,TIGR01009,TIGR01011,TIGR01017,TIGR01021,TIGR01029,TIGR01032,TIGR01039,TIGR01044,TIGR01059,TIGR01063,TIGR01066,TIGR01071,TIGR01079,TIGR01082,TIGR01087,TIGR01128,TIGR01146,TIGR01164,TIGR01169,TIGR01171,TIGR01302,TIGR01391,TIGR01393,TIGR01394,TIGR01510,TIGR01632,TIGR01951,TIGR01953,TIGR02012,TIGR02013,TIGR02027,TIGR02075,TIGR02191,TIGR02273,TIGR02350,TIGR02386,TIGR02397,TIGR02432,TIGR02729,TIGR03263,TIGR03594,TIGR03625,TIGR03632,TIGR03654,TIGR03723,TIGR03725,TIGR03953	TIGR00382		
query_GCF_900631955.1	119	1	0	0	PF00380.20,PF00410.20,PF00466.21,PF01025.20,PF02576.18,PF03726.15,TIGR00006,TIGR00019,TIGR00020,TIGR00029,TIGR00043,TIGR00054,TIGR00059,TIGR00061,TIGR00064,TIGR00065,TIGR00082,TIGR00083,TIGR00084,TIGR00086,TIGR00088,TIGR00090,TIGR00092,TIGR00095,TIGR00115,TIGR00116,TIGR00138,TIGR00158,TIGR00166,TIGR00168,TIGR00186,TIGR00194,TIGR00250,TIGR00337,TIGR00344,TIGR00362,TIGR00392,TIGR00396,TIGR00398,TIGR00414,TIGR00416,TIGR00420,TIGR00431,TIGR00435,TIGR00436,TIGR00442,TIGR00445,TIGR00456,TIGR00459,TIGR00460,TIGR00468,TIGR00472,TIGR00487,TIGR00496,TIGR00539,TIGR00580,TIGR00593,TIGR00615,TIGR00631,TIGR00634,TIGR00635,TIGR00643,TIGR00663,TIGR00717,TIGR00755,TIGR00810,TIGR00922,TIGR00928,TIGR00959,TIGR00963,TIGR00964,TIGR00967,TIGR01009,TIGR01011,TIGR01017,TIGR01021,TIGR01029,TIGR01032,TIGR01039,TIGR01044,TIGR01059,TIGR01063,TIGR01066,TIGR01071,TIGR01079,TIGR01082,TIGR01087,TIGR01128,TIGR01146,TIGR01164,TIGR01169,TIGR01171,TIGR01302,TIGR01391,TIGR01393,TIGR01394,TIGR01510,TIGR01632,TIGR01951,TIGR01953,TIGR02012,TIGR02013,TIGR02027,TIGR02075,TIGR02191,TIGR02273,TIGR02350,TIGR02386,TIGR02397,TIGR02432,TIGR02729,TIGR03263,TIGR03594,TIGR03625,TIGR03632,TIGR03654,TIGR03723,TIGR03725,TIGR03953	TIGR00382		
query_GCF_964252795.1	118	2	0	0	PF00380.20,PF00410.20,PF00466.21,PF01025.20,PF02576.18,PF03726.15,TIGR00006,TIGR00019,TIGR00020,TIGR00029,TIGR00043,TIGR00054,TIGR00059,TIGR00061,TIGR00064,TIGR00065,TIGR00082,TIGR00083,TIGR00084,TIGR00086,TIGR00088,TIGR00090,TIGR00092,TIGR00095,TIGR00115,TIGR00116,TIGR00138,TIGR00158,TIGR00166,TIGR00168,TIGR00186,TIGR00194,TIGR00250,TIGR00337,TIGR00344,TIGR00362,TIGR00392,TIGR00396,TIGR00398,TIGR00414,TIGR00416,TIGR00420,TIGR00431,TIGR00435,TIGR00436,TIGR00442,TIGR00445,TIGR00456,TIGR00459,TIGR00460,TIGR00468,TIGR00472,TIGR00487,TIGR00496,TIGR00539,TIGR00580,TIGR00593,TIGR00615,TIGR00631,TIGR00634,TIGR00635,TIGR00643,TIGR00717,TIGR00755,TIGR00810,TIGR00922,TIGR00928,TIGR00959,TIGR00963,TIGR00964,TIGR00967,TIGR01009,TIGR01011,TIGR01017,TIGR01021,TIGR01029,TIGR01032,TIGR01039,TIGR01044,TIGR01059,TIGR01063,TIGR01066,TIGR01071,TIGR01079,TIGR01082,TIGR01087,TIGR01128,TIGR01146,TIGR01164,TIGR01169,TIGR01171,TIGR01302,TIGR01391,TIGR01393,TIGR01394,TIGR01510,TIGR01632,TIGR01951,TIGR01953,TIGR02012,TIGR02013,TIGR02027,TIGR02075,TIGR02191,TIGR02273,TIGR02350,TIGR02386,TIGR02397,TIGR02432,TIGR02729,TIGR03263,TIGR03594,TIGR03625,TIGR03632,TIGR03654,TIGR03723,TIGR03725,TIGR03953	TIGR00382,TIGR00663		
query_GCF_964252865.1	119	1	0	0	PF00380.20,PF00410.20,PF00466.21,PF01025.20,PF02576.18,PF03726.15,TIGR00006,TIGR00019,TIGR00020,TIGR00029,TIGR00043,TIGR00054,TIGR00059,TIGR00061,TIGR00064,TIGR00065,TIGR00082,TIGR00083,TIGR00084,TIGR00086,TIGR00088,TIGR00090,TIGR00092,TIGR00095,TIGR00115,TIGR00116,TIGR00138,TIGR00158,TIGR00166,TIGR00168,TIGR00186,TIGR00194,TIGR00250,TIGR00337,TIGR00344,TIGR00362,TIGR00392,TIGR00396,TIGR00398,TIGR00414,TIGR00416,TIGR00420,TIGR00431,TIGR00435,TIGR00436,TIGR00442,TIGR00445,TIGR00456,TIGR00459,TIGR00460,TIGR00468,TIGR00472,TIGR00487,TIGR00496,TIGR00539,TIGR00580,TIGR00593,TIGR00615,TIGR00631,TIGR00634,TIGR00635,TIGR00643,TIGR00663,TIGR00717,TIGR00755,TIGR00810,TIGR00922,TIGR00928,TIGR00959,TIGR00963,TIGR00964,TIGR00967,TIGR01009,TIGR01011,TIGR01017,TIGR01021,TIGR01029,TIGR01032,TIGR01039,TIGR01044,TIGR01059,TIGR01063,TIGR01066,TIGR01071,TIGR01079,TIGR01082,TIGR01087,TIGR01128,TIGR01146,TIGR01164,TIGR01169,TIGR01171,TIGR01302,TIGR01391,TIGR01393,TIGR01394,TIGR01510,TIGR01632,TIGR01951,TIGR01953,TIGR02012,TIGR02013,TIGR02027,TIGR02075,TIGR02191,TIGR02273,TIGR02350,TIGR02386,TIGR02397,TIGR02432,TIGR02729,TIGR03263,TIGR03594,TIGR03625,TIGR03632,TIGR03654,TIGR03723,TIGR03725,TIGR03953	TIGR00382		
query_GCF_965229025.1	117	3	0	0	PF00380.20,PF00410.20,PF00466.21,PF01025.20,PF02576.18,PF03726.15,TIGR00006,TIGR00019,TIGR00020,TIGR00029,TIGR00043,TIGR00054,TIGR00059,TIGR00061,TIGR00064,TIGR00065,TIGR00082,TIGR00083,TIGR00084,TIGR00086,TIGR00090,TIGR00092,TIGR00095,TIGR00115,TIGR00116,TIGR00138,TIGR00158,TIGR00166,TIGR00168,TIGR00186,TIGR00194,TIGR00250,TIGR00337,TIGR00344,TIGR00362,TIGR00392,TIGR00396,TIGR00398,TIGR00414,TIGR00416,TIGR00420,TIGR00431,TIGR00435,TIGR00436,TIGR00442,TIGR00445,TIGR00456,TIGR00459,TIGR00460,TIGR00468,TIGR00472,TIGR00487,TIGR00496,TIGR00539,TIGR00580,TIGR00593,TIGR00615,TIGR00631,TIGR00634,TIGR00635,TIGR00643,TIGR00663,TIGR00717,TIGR00755,TIGR00810,TIGR00922,TIGR00928,TIGR00959,TIGR00963,TIGR00964,TIGR00967,TIGR01009,TIGR01017,TIGR01021,TIGR01029,TIGR01032,TIGR01039,TIGR01044,TIGR01059,TIGR01063,TIGR01066,TIGR01071,TIGR01079,TIGR01082,TIGR01087,TIGR01128,TIGR01146,TIGR01164,TIGR01169,TIGR01171,TIGR01302,TIGR01391,TIGR01393,TIGR01394,TIGR01510,TIGR01632,TIGR01951,TIGR01953,TIGR02012,TIGR02013,TIGR02027,TIGR02075,TIGR02191,TIGR02273,TIGR02350,TIGR02386,TIGR02397,TIGR02432,TIGR02729,TIGR03263,TIGR03594,TIGR03625,TIGR03632,TIGR03654,TIGR03723,TIGR03725,TIGR03953	TIGR00088,TIGR00382,TIGR01011		
query_GCF_977014175.1	115	3	0	2	PF00380.20,PF00410.20,PF00466.21,PF01025.20,PF02576.18,PF03726.15,TIGR00006,TIGR00019,TIGR00020,TIGR00029,TIGR00043,TIGR00054,TIGR00059,TIGR00061,TIGR00064,TIGR00065,TIGR00082,TIGR00083,TIGR00084,TIGR00086,TIGR00088,TIGR00090,TIGR00092,TIGR00095,TIGR00115,TIGR00116,TIGR00138,TIGR00158,TIGR00166,TIGR00168,TIGR00186,TIGR00194,TIGR00250,TIGR00337,TIGR00344,TIGR00362,TIGR00392,TIGR00396,TIGR00398,TIGR00414,TIGR00416,TIGR00420,TIGR00431,TIGR00435,TIGR00436,TIGR00442,TIGR00445,TIGR00456,TIGR00459,TIGR00460,TIGR00468,TIGR00472,TIGR00487,TIGR00496,TIGR00593,TIGR00615,TIGR00631,TIGR00634,TIGR00635,TIGR00643,TIGR00717,TIGR00755,TIGR00810,TIGR00922,TIGR00928,TIGR00959,TIGR00963,TIGR00964,TIGR00967,TIGR01009,TIGR01011,TIGR01017,TIGR01021,TIGR01029,TIGR01032,TIGR01039,TIGR01059,TIGR01063,TIGR01066,TIGR01071,TIGR01079,TIGR01082,TIGR01087,TIGR01128,TIGR01146,TIGR01164,TIGR01169,TIGR01171,TIGR01302,TIGR01391,TIGR01393,TIGR01394,TIGR01510,TIGR01632,TIGR01951,TIGR01953,TIGR02012,TIGR02013,TIGR02027,TIGR02075,TIGR02191,TIGR02273,TIGR02350,TIGR02386,TIGR02397,TIGR02432,TIGR02729,TIGR03263,TIGR03594,TIGR03625,TIGR03632,TIGR03654,TIGR03723,TIGR03725,TIGR03953	TIGR00382,TIGR00580,TIGR00663		TIGR00539,TIGR01044
query_GCF_977186645.1	114	3	0	3	PF00380.20,PF00410.20,PF00466.21,PF01025.20,PF02576.18,PF03726.15,TIGR00006,TIGR00020,TIGR00029,TIGR00043,TIGR00054,TIGR00059,TIGR00061,TIGR00065,TIGR00082,TIGR00083,TIGR00084,TIGR00086,TIGR00088,TIGR00090,TIGR00092,TIGR00095,TIGR00115,TIGR00116,TIGR00138,TIGR00158,TIGR00166,TIGR00168,TIGR00186,TIGR00194,TIGR00250,TIGR00337,TIGR00344,TIGR00362,TIGR00392,TIGR00396,TIGR00398,TIGR00414,TIGR00416,TIGR00420,TIGR00431,TIGR00435,TIGR00436,TIGR00442,TIGR00445,TIGR00456,TIGR00459,TIGR00460,TIGR00468,TIGR00472,TIGR00487,TIGR00496,TIGR00539,TIGR00580,TIGR00593,TIGR00615,TIGR00631,TIGR00634,TIGR00635,TIGR00643,TIGR00663,TIGR00717,TIGR00755,TIGR00810,TIGR00922,TIGR00928,TIGR00959,TIGR00963,TIGR00964,TIGR00967,TIGR01009,TIGR01011,TIGR01017,TIGR01021,TIGR01029,TIGR01032,TIGR01044,TIGR01059,TIGR01066,TIGR01071,TIGR01079,TIGR01082,TIGR01087,TIGR01128,TIGR01164,TIGR01169,TIGR01171,TIGR01302,TIGR01391,TIGR01393,TIGR01394,TIGR01510,TIGR01632,TIGR01951,TIGR01953,TIGR02012,TIGR02013,TIGR02027,TIGR02075,TIGR02191,TIGR02273,TIGR02350,TIGR02386,TIGR02397,TIGR02432,TIGR02729,TIGR03263,TIGR03594,TIGR03625,TIGR03632,TIGR03654,TIGR03723,TIGR03725,TIGR03953	TIGR00382,TIGR01039,TIGR01146		TIGR00019,TIGR00064,TIGR01063
query_GCF_977243345.1	117	3	0	0	PF00380.20,PF00410.20,PF00466.21,PF01025.20,PF02576.18,PF03726.15,TIGR00006,TIGR00019,TIGR00020,TIGR00029,TIGR00043,TIGR00054,TIGR00059,TIGR00061,TIGR00064,TIGR00065,TIGR00082,TIGR00083,TIGR00084,TIGR00086,TIGR00088,TIGR00090,TIGR00092,TIGR00095,TIGR00115,TIGR00116,TIGR00138,TIGR00158,TIGR00166,TIGR00168,TIGR00186,TIGR00194,TIGR00250,TIGR00337,TIGR00344,TIGR00362,TIGR00392,TIGR00396,TIGR00398,TIGR00414,TIGR00416,TIGR00420,TIGR00431,TIGR00435,TIGR00436,TIGR00442,TIGR00445,TIGR00456,TIGR00459,TIGR00460,TIGR00468,TIGR00472,TIGR00487,TIGR00496,TIGR00539,TIGR00580,TIGR00593,TIGR00615,TIGR00631,TIGR00634,TIGR00635,TIGR00643,TIGR00663,TIGR00717,TIGR00755,TIGR00810,TIGR00922,TIGR00928,TIGR00959,TIGR00963,TIGR00964,TIGR00967,TIGR01009,TIGR01011,TIGR01017,TIGR01021,TIGR01029,TIGR01032,TIGR01044,TIGR01059,TIGR01063,TIGR01066,TIGR01071,TIGR01079,TIGR01082,TIGR01087,TIGR01128,TIGR01164,TIGR01169,TIGR01171,TIGR01302,TIGR01391,TIGR01393,TIGR01394,TIGR01510,TIGR01632,TIGR01951,TIGR01953,TIGR02012,TIGR02013,TIGR02027,TIGR02075,TIGR02191,TIGR02273,TIGR02350,TIGR02386,TIGR02397,TIGR02432,TIGR02729,TIGR03263,TIGR03594,TIGR03625,TIGR03632,TIGR03654,TIGR03723,TIGR03725,TIGR03953	TIGR00382,TIGR01039,TIGR01146		
query_GCF_977256975.1	117	3	0	0	PF00380.20,PF00410.20,PF00466.21,PF01025.20,PF02576.18,PF03726.15,TIGR00006,TIGR00019,TIGR00020,TIGR00029,TIGR00043,TIGR00054,TIGR00059,TIGR00061,TIGR00064,TIGR00065,TIGR00082,TIGR00083,TIGR00084,TIGR00086,TIGR00088,TIGR00090,TIGR00092,TIGR00095,TIGR00115,TIGR00116,TIGR00138,TIGR00158,TIGR00166,TIGR00168,TIGR00186,TIGR00194,TIGR00250,TIGR00337,TIGR00344,TIGR00362,TIGR00392,TIGR00396,TIGR00398,TIGR00414,TIGR00416,TIGR00420,TIGR00431,TIGR00435,TIGR00436,TIGR00442,TIGR00445,TIGR00456,TIGR00459,TIGR00460,TIGR00468,TIGR00472,TIGR00487,TIGR00496,TIGR00539,TIGR00580,TIGR00593,TIGR00615,TIGR00631,TIGR00634,TIGR00635,TIGR00643,TIGR00663,TIGR00717,TIGR00755,TIGR00810,TIGR00922,TIGR00928,TIGR00959,TIGR00963,TIGR00964,TIGR00967,TIGR01009,TIGR01011,TIGR01017,TIGR01021,TIGR01029,TIGR01032,TIGR01044,TIGR01059,TIGR01063,TIGR01066,TIGR01071,TIGR01079,TIGR01082,TIGR01087,TIGR01128,TIGR01164,TIGR01169,TIGR01171,TIGR01302,TIGR01391,TIGR01393,TIGR01394,TIGR01510,TIGR01632,TIGR01951,TIGR01953,TIGR02012,TIGR02013,TIGR02027,TIGR02075,TIGR02191,TIGR02273,TIGR02350,TIGR02386,TIGR02397,TIGR02432,TIGR02729,TIGR03263,TIGR03594,TIGR03625,TIGR03632,TIGR03654,TIGR03723,TIGR03725,TIGR03953	TIGR00382,TIGR01039,TIGR01146		
