# hmmsearch :: search profile(s) against a sequence database
# HMMER 3.4 (Aug 2023); http://hmmer.org/
# Copyright (C) 2023 Howard Hughes Medical Institute.
# Freely distributed under the BSD open source license.
# - - - - - - - - - - - - - - - - - - - - - - - - - - - - - - - - - - - -
# query HMM file:                  /dgxb_home/se26plsc001/arvind/Devosia_BGC/data/databases/gtdbtk_r232/release232/markers/tigrfam/tigrfam.hmm
# target sequence database:        results/05_phylogeny/identify_all/identify/intermediate_results/marker_genes/query_GCF_057657195.1/query_GCF_057657195.1_protein.faa
# output directed to file:         results/05_phylogeny/identify_all/identify/intermediate_results/marker_genes/query_GCF_057657195.1/query_GCF_057657195.1_tigrfam.out
# per-seq hits tabular output:     results/05_phylogeny/identify_all/identify/intermediate_results/marker_genes/query_GCF_057657195.1/query_GCF_057657195.1_tigrfam.tsv
# show alignments in output:       no
# max ASCII text line length:      unlimited
# model-specific thresholding:     NC cutoffs
# number of worker threads:        1
# - - - - - - - - - - - - - - - - - - - - - - - - - - - - - - - - - - - -

Query:       TIGR00006  [M=310]
Accession:   TIGR00006
Description: TIGR00006: 16S rRNA (cytosine(1402)-N(4))-methyltransferase
Scores for complete sequences (score includes all domains):
   --- full sequence ---   --- best 1 domain ---    -#dom-
    E-value  score  bias    E-value  score  bias    exp  N  Sequence                  Description
    ------- ------ -----    ------- ------ -----   ---- --  --------                  -----------
    2.4e-83  278.0   0.0    3.1e-83  277.6   0.0    1.0  1  NZ_JBDGIY010000001.1_2262  # 2374132 # 2375154 # -1 # ID=1_2262;partial=00;start_type=GTG;rbs_motif=GGAG/GAGG;rbs_spacer=5-10bp;gc_cont=0.687


Domain annotation for each sequence:
>> NZ_JBDGIY010000001.1_2262  # 2374132 # 2375154 # -1 # ID=1_2262;partial=00;start_type=GTG;rbs_motif=GGAG/GAGG;rbs_spacer=5-10bp;gc_cont=0.687
   #    score  bias  c-Evalue  i-Evalue hmmfrom  hmm to    alifrom  ali to    envfrom  env to     acc
 ---   ------ ----- --------- --------- ------- -------    ------- -------    ------- -------    ----
   1 !  277.6   0.0   7.5e-87   3.1e-83       6     305 ..      24     314 ..      20     318 .. 0.94



Internal pipeline statistics summary:
-------------------------------------
Query model(s):                            1  (310 nodes)
Target sequences:                       4129  (1285408 residues searched)
Passed MSV filter:                        73  (0.0176798); expected 82.6 (0.02)
Passed bias filter:                       66  (0.0159845); expected 82.6 (0.02)
Passed Vit filter:                         8  (0.00193752); expected 4.1 (0.001)
Passed Fwd filter:                         1  (0.000242189); expected 0.0 (1e-05)
Initial search space (Z):               4129  [actual number of targets]
Domain search space  (domZ):               1  [number of targets reported over threshold]
# CPU time: 0.03u 0.00s 00:00:00.03 Elapsed: 00:00:00.04
# Mc/sec: 9595.87
//
Query:       TIGR00019  [M=361]
Accession:   TIGR00019
Description: prfA: peptide chain release factor 1
Scores for complete sequences (score includes all domains):
   --- full sequence ---   --- best 1 domain ---    -#dom-
    E-value  score  bias    E-value  score  bias    exp  N  Sequence                  Description
    ------- ------ -----    ------- ------ -----   ---- --  --------                  -----------
   7.2e-152  503.3   0.4   9.4e-152  502.9   0.4    1.0  1  NZ_JBDGIY010000001.1_3216  # 3376954 # 3378030 # -1 # ID=1_3216;partial=00;start_type=ATG;rbs_motif=3Base/5BMM;rbs_spacer=13-15bp;gc_cont=0.647


Domain annotation for each sequence:
>> NZ_JBDGIY010000001.1_3216  # 3376954 # 3378030 # -1 # ID=1_3216;partial=00;start_type=ATG;rbs_motif=3Base/5BMM;rbs_spacer=13-15bp;gc_cont=0.647
   #    score  bias  c-Evalue  i-Evalue hmmfrom  hmm to    alifrom  ali to    envfrom  env to     acc
 ---   ------ ----- --------- --------- ------- -------    ------- -------    ------- -------    ----
   1 !  502.9   0.4  2.3e-155  9.4e-152       8     358 ..       7     354 ..       2     356 .. 0.97



Internal pipeline statistics summary:
-------------------------------------
Query model(s):                            1  (361 nodes)
Target sequences:                       4129  (1285408 residues searched)
Passed MSV filter:                       106  (0.0256721); expected 82.6 (0.02)
Passed bias filter:                       79  (0.019133); expected 82.6 (0.02)
Passed Vit filter:                        10  (0.00242189); expected 4.1 (0.001)
Passed Fwd filter:                         4  (0.000968758); expected 0.0 (1e-05)
Initial search space (Z):               4129  [actual number of targets]
Domain search space  (domZ):               1  [number of targets reported over threshold]
# CPU time: 0.03u 0.01s 00:00:00.04 Elapsed: 00:00:00.05
# Mc/sec: 8705.81
//
Query:       TIGR00020  [M=365]
Accession:   TIGR00020
Description: prfB: peptide chain release factor 2
Scores for complete sequences (score includes all domains):
   --- full sequence ---   --- best 1 domain ---    -#dom-
    E-value  score  bias    E-value  score  bias    exp  N  Sequence                  Description
    ------- ------ -----    ------- ------ -----   ---- --  --------                  -----------
   3.9e-142  471.3   5.5   4.3e-142  471.2   5.5    1.0  1  NZ_JBDGIY010000001.1_2017  # 2113377 # 2114342 # -1 # ID=1_2017;partial=00;start_type=ATG;rbs_motif=GGA/GAG/AGG;rbs_spacer=11-12bp;gc_cont=0.646


Domain annotation for each sequence:
>> NZ_JBDGIY010000001.1_2017  # 2113377 # 2114342 # -1 # ID=1_2017;partial=00;start_type=ATG;rbs_motif=GGA/GAG/AGG;rbs_spacer=11-12bp;gc_cont=0.646
   #    score  bias  c-Evalue  i-Evalue hmmfrom  hmm to    alifrom  ali to    envfrom  env to     acc
 ---   ------ ----- --------- --------- ------- -------    ------- -------    ------- -------    ----
   1 !  471.2   5.5  1.1e-145  4.3e-142      57     364 ..       2     309 ..       1     310 [. 0.99



Internal pipeline statistics summary:
-------------------------------------
Query model(s):                            1  (365 nodes)
Target sequences:                       4129  (1285408 residues searched)
Passed MSV filter:                        91  (0.0220392); expected 82.6 (0.02)
Passed bias filter:                       66  (0.0159845); expected 82.6 (0.02)
Passed Vit filter:                         8  (0.00193752); expected 4.1 (0.001)
Passed Fwd filter:                         3  (0.000726568); expected 0.0 (1e-05)
Initial search space (Z):               4129  [actual number of targets]
Domain search space  (domZ):               1  [number of targets reported over threshold]
# CPU time: 0.03u 0.01s 00:00:00.04 Elapsed: 00:00:00.04
# Mc/sec: 11526.38
//
Query:       TIGR00029  [M=87]
Accession:   TIGR00029
Description: S20: ribosomal protein bS20
Scores for complete sequences (score includes all domains):
   --- full sequence ---   --- best 1 domain ---    -#dom-
    E-value  score  bias    E-value  score  bias    exp  N  Sequence                 Description
    ------- ------ -----    ------- ------ -----   ---- --  --------                 -----------
    2.9e-21   73.7  11.6    3.2e-21   73.5  11.6    1.0  1  NZ_JBDGIY010000001.1_235  # 260632 # 260898 # -1 # ID=1_235;partial=00;start_type=ATG;rbs_motif=GGAG/GAGG;rbs_spacer=5-10bp;gc_cont=0.659


Domain annotation for each sequence:
>> NZ_JBDGIY010000001.1_235  # 260632 # 260898 # -1 # ID=1_235;partial=00;start_type=ATG;rbs_motif=GGAG/GAGG;rbs_spacer=5-10bp;gc_cont=0.659
   #    score  bias  c-Evalue  i-Evalue hmmfrom  hmm to    alifrom  ali to    envfrom  env to     acc
 ---   ------ ----- --------- --------- ------- -------    ------- -------    ------- -------    ----
   1 !   73.5  11.6   7.7e-25   3.2e-21       1      86 [.       1      86 [.       1      87 [. 0.98



Internal pipeline statistics summary:
-------------------------------------
Query model(s):                            1  (87 nodes)
Target sequences:                       4129  (1285408 residues searched)
Passed MSV filter:                       119  (0.0288205); expected 82.6 (0.02)
Passed bias filter:                       97  (0.0234924); expected 82.6 (0.02)
Passed Vit filter:                         5  (0.00121095); expected 4.1 (0.001)
Passed Fwd filter:                         1  (0.000242189); expected 0.0 (1e-05)
Initial search space (Z):               4129  [actual number of targets]
Domain search space  (domZ):               1  [number of targets reported over threshold]
# CPU time: 0.02u 0.01s 00:00:00.03 Elapsed: 00:00:00.02
# Mc/sec: 3910.18
//
Query:       TIGR00037  [M=130]
Accession:   TIGR00037
Description: eIF_5A: translation elongation factor IF5A
Scores for complete sequences (score includes all domains):
   --- full sequence ---   --- best 1 domain ---    -#dom-
    E-value  score  bias    E-value  score  bias    exp  N  Sequence Description
    ------- ------ -----    ------- ------ -----   ---- --  -------- -----------

   [No hits detected that satisfy reporting thresholds]


Domain annotation for each sequence:

   [No targets detected that satisfy reporting thresholds]


Internal pipeline statistics summary:
-------------------------------------
Query model(s):                            1  (130 nodes)
Target sequences:                       4129  (1285408 residues searched)
Passed MSV filter:                        65  (0.0157423); expected 82.6 (0.02)
Passed bias filter:                       61  (0.0147736); expected 82.6 (0.02)
Passed Vit filter:                         8  (0.00193752); expected 4.1 (0.001)
Passed Fwd filter:                         1  (0.000242189); expected 0.0 (1e-05)
Initial search space (Z):               4129  [actual number of targets]
Domain search space  (domZ):               0  [number of targets reported over threshold]
# CPU time: 0.02u 0.00s 00:00:00.02 Elapsed: 00:00:00.02
# Mc/sec: 6927.49
//
Query:       TIGR00043  [M=111]
Accession:   TIGR00043
Description: TIGR00043: rRNA maturation RNase YbeY
Scores for complete sequences (score includes all domains):
   --- full sequence ---   --- best 1 domain ---    -#dom-
    E-value  score  bias    E-value  score  bias    exp  N  Sequence                 Description
    ------- ------ -----    ------- ------ -----   ---- --  --------                 -----------
      5e-35  117.8   0.0    6.7e-35  117.4   0.0    1.2  1  NZ_JBDGIY010000002.1_191  # 193956 # 194483 # 1 # ID=2_191;partial=00;start_type=TTG;rbs_motif=GGAGG;rbs_spacer=3-4bp;gc_cont=0.616


Domain annotation for each sequence:
>> NZ_JBDGIY010000002.1_191  # 193956 # 194483 # 1 # ID=2_191;partial=00;start_type=TTG;rbs_motif=GGAGG;rbs_spacer=3-4bp;gc_cont=0.616
   #    score  bias  c-Evalue  i-Evalue hmmfrom  hmm to    alifrom  ali to    envfrom  env to     acc
 ---   ------ ----- --------- --------- ------- -------    ------- -------    ------- -------    ----
   1 !  117.4   0.0   1.6e-38   6.7e-35       2     111 .]      62     167 ..      61     167 .. 0.94



Internal pipeline statistics summary:
-------------------------------------
Query model(s):                            1  (111 nodes)
Target sequences:                       4129  (1285408 residues searched)
Passed MSV filter:                        45  (0.0108985); expected 82.6 (0.02)
Passed bias filter:                       42  (0.010172); expected 82.6 (0.02)
Passed Vit filter:                         5  (0.00121095); expected 4.1 (0.001)
Passed Fwd filter:                         1  (0.000242189); expected 0.0 (1e-05)
Initial search space (Z):               4129  [actual number of targets]
Domain search space  (domZ):               1  [number of targets reported over threshold]
# CPU time: 0.01u 0.00s 00:00:00.01 Elapsed: 00:00:00.01
# Mc/sec: 9468.78
//
Query:       TIGR00054  [M=421]
Accession:   TIGR00054
Description: TIGR00054: RIP metalloprotease RseP
Scores for complete sequences (score includes all domains):
   --- full sequence ---   --- best 1 domain ---    -#dom-
    E-value  score  bias    E-value  score  bias    exp  N  Sequence                  Description
    ------- ------ -----    ------- ------ -----   ---- --  --------                  -----------
    2.6e-82  274.7   0.1      1e-49  167.4   0.0    2.0  2  NZ_JBDGIY010000001.1_1774  # 1884616 # 1885725 # 1 # ID=1_1774;partial=00;start_type=ATG;rbs_motif=GGA/GAG/AGG;rbs_spacer=11-12bp;gc_cont=0.634


Domain annotation for each sequence:
>> NZ_JBDGIY010000001.1_1774  # 1884616 # 1885725 # 1 # ID=1_1774;partial=00;start_type=ATG;rbs_motif=GGA/GAG/AGG;rbs_spacer=11-12bp;gc_cont=0.634
   #    score  bias  c-Evalue  i-Evalue hmmfrom  hmm to    alifrom  ali to    envfrom  env to     acc
 ---   ------ ----- --------- --------- ------- -------    ------- -------    ------- -------    ----
   1 !  107.0   0.0   5.4e-35   2.2e-31       9     132 ..      13     146 ..       1     152 [. 0.82
   2 !  167.4   0.0   2.4e-53     1e-49     204     416 ..     143     368 ..     138     369 .. 0.96



Internal pipeline statistics summary:
-------------------------------------
Query model(s):                            1  (421 nodes)
Target sequences:                       4129  (1285408 residues searched)
Passed MSV filter:                       103  (0.0249455); expected 82.6 (0.02)
Passed bias filter:                       80  (0.0193752); expected 82.6 (0.02)
Passed Vit filter:                        15  (0.00363284); expected 4.1 (0.001)
Passed Fwd filter:                         7  (0.00169533); expected 0.0 (1e-05)
Initial search space (Z):               4129  [actual number of targets]
Domain search space  (domZ):               1  [number of targets reported over threshold]
# CPU time: 0.07u 0.00s 00:00:00.07 Elapsed: 00:00:00.06
# Mc/sec: 7809.40
//
Query:       TIGR00059  [M=112]
Accession:   TIGR00059
Description: L17: ribosomal protein bL17
Scores for complete sequences (score includes all domains):
   --- full sequence ---   --- best 1 domain ---    -#dom-
    E-value  score  bias    E-value  score  bias    exp  N  Sequence                  Description
    ------- ------ -----    ------- ------ -----   ---- --  --------                  -----------
    1.6e-44  148.6   0.4    1.9e-44  148.4   0.4    1.0  1  NZ_JBDGIY010000001.1_1863  # 1975466 # 1975894 # -1 # ID=1_1863;partial=00;start_type=ATG;rbs_motif=GGAG/GAGG;rbs_spacer=5-10bp;gc_cont=0.629


Domain annotation for each sequence:
>> NZ_JBDGIY010000001.1_1863  # 1975466 # 1975894 # -1 # ID=1_1863;partial=00;start_type=ATG;rbs_motif=GGAG/GAGG;rbs_spacer=5-10bp;gc_cont=0.629
   #    score  bias  c-Evalue  i-Evalue hmmfrom  hmm to    alifrom  ali to    envfrom  env to     acc
 ---   ------ ----- --------- --------- ------- -------    ------- -------    ------- -------    ----
   1 !  148.4   0.4   4.7e-48   1.9e-44       3     112 .]       8     117 ..       5     117 .. 0.99



Internal pipeline statistics summary:
-------------------------------------
Query model(s):                            1  (112 nodes)
Target sequences:                       4129  (1285408 residues searched)
Passed MSV filter:                        87  (0.0210705); expected 82.6 (0.02)
Passed bias filter:                       75  (0.0181642); expected 82.6 (0.02)
Passed Vit filter:                         4  (0.000968758); expected 4.1 (0.001)
Passed Fwd filter:                         1  (0.000242189); expected 0.0 (1e-05)
Initial search space (Z):               4129  [actual number of targets]
Domain search space  (domZ):               1  [number of targets reported over threshold]
# CPU time: 0.02u 0.00s 00:00:00.02 Elapsed: 00:00:00.03
# Mc/sec: 4618.30
//
Query:       TIGR00061  [M=101]
Accession:   TIGR00061
Description: L21: ribosomal protein bL21
Scores for complete sequences (score includes all domains):
   --- full sequence ---   --- best 1 domain ---    -#dom-
    E-value  score  bias    E-value  score  bias    exp  N  Sequence                 Description
    ------- ------ -----    ------- ------ -----   ---- --  --------                 -----------
      7e-32  107.7   1.9    8.3e-32  107.5   0.6    1.8  1  NZ_JBDGIY010000003.1_114  # 149800 # 150618 # -1 # ID=3_114;partial=00;start_type=ATG;rbs_motif=GGA/GAG/AGG;rbs_spacer=5-10bp;gc_cont=0.662


Domain annotation for each sequence:
>> NZ_JBDGIY010000003.1_114  # 149800 # 150618 # -1 # ID=3_114;partial=00;start_type=ATG;rbs_motif=GGA/GAG/AGG;rbs_spacer=5-10bp;gc_cont=0.662
   #    score  bias  c-Evalue  i-Evalue hmmfrom  hmm to    alifrom  ali to    envfrom  env to     acc
 ---   ------ ----- --------- --------- ------- -------    ------- -------    ------- -------    ----
   1 !  107.5   0.6     2e-35   8.3e-32       1     100 [.      12     111 ..      12     112 .. 0.99



Internal pipeline statistics summary:
-------------------------------------
Query model(s):                            1  (101 nodes)
Target sequences:                       4129  (1285408 residues searched)
Passed MSV filter:                        50  (0.0121095); expected 82.6 (0.02)
Passed bias filter:                       47  (0.0113829); expected 82.6 (0.02)
Passed Vit filter:                         3  (0.000726568); expected 4.1 (0.001)
Passed Fwd filter:                         1  (0.000242189); expected 0.0 (1e-05)
Initial search space (Z):               4129  [actual number of targets]
Domain search space  (domZ):               1  [number of targets reported over threshold]
# CPU time: 0.02u 0.00s 00:00:00.02 Elapsed: 00:00:00.03
# Mc/sec: 3503.50
//
Query:       TIGR00064  [M=279]
Accession:   TIGR00064
Description: ftsY: signal recognition particle-docking protein FtsY
Scores for complete sequences (score includes all domains):
   --- full sequence ---   --- best 1 domain ---    -#dom-
    E-value  score  bias    E-value  score  bias    exp  N  Sequence                 Description
    ------- ------ -----    ------- ------ -----   ---- --  --------                 -----------
    1.2e-96  321.1   0.8    1.5e-96  320.7   0.8    1.1  1  NZ_JBDGIY010000002.1_370  # 366953 # 368236 # -1 # ID=2_370;partial=00;start_type=ATG;rbs_motif=AGGA;rbs_spacer=5-10bp;gc_cont=0.650


Domain annotation for each sequence:
>> NZ_JBDGIY010000002.1_370  # 366953 # 368236 # -1 # ID=2_370;partial=00;start_type=ATG;rbs_motif=AGGA;rbs_spacer=5-10bp;gc_cont=0.650
   #    score  bias  c-Evalue  i-Evalue hmmfrom  hmm to    alifrom  ali to    envfrom  env to     acc
 ---   ------ ----- --------- --------- ------- -------    ------- -------    ------- -------    ----
   1 !  320.7   0.8  3.7e-100   1.5e-96       2     278 ..     152     421 ..     151     422 .. 0.96



Internal pipeline statistics summary:
-------------------------------------
Query model(s):                            1  (279 nodes)
Target sequences:                       4129  (1285408 residues searched)
Passed MSV filter:                       212  (0.0513442); expected 82.6 (0.02)
Passed bias filter:                      183  (0.0443207); expected 82.6 (0.02)
Passed Vit filter:                        51  (0.0123517); expected 4.1 (0.001)
Passed Fwd filter:                         9  (0.0021797); expected 0.0 (1e-05)
Initial search space (Z):               4129  [actual number of targets]
Domain search space  (domZ):               1  [number of targets reported over threshold]
# CPU time: 0.05u 0.00s 00:00:00.05 Elapsed: 00:00:00.05
# Mc/sec: 6420.45
//
Query:       TIGR00065  [M=353]
Accession:   TIGR00065
Description: ftsZ: cell division protein FtsZ
Scores for complete sequences (score includes all domains):
   --- full sequence ---   --- best 1 domain ---    -#dom-
    E-value  score  bias    E-value  score  bias    exp  N  Sequence                  Description
    ------- ------ -----    ------- ------ -----   ---- --  --------                  -----------
   3.1e-122  406.1   6.0   4.9e-122  405.5   6.0    1.2  1  NZ_JBDGIY010000001.1_2250  # 2358940 # 2360607 # -1 # ID=1_2250;partial=00;start_type=ATG;rbs_motif=None;rbs_spacer=None;gc_cont=0.661


Domain annotation for each sequence:
>> NZ_JBDGIY010000001.1_2250  # 2358940 # 2360607 # -1 # ID=1_2250;partial=00;start_type=ATG;rbs_motif=None;rbs_spacer=None;gc_cont=0.661
   #    score  bias  c-Evalue  i-Evalue hmmfrom  hmm to    alifrom  ali to    envfrom  env to     acc
 ---   ------ ----- --------- --------- ------- -------    ------- -------    ------- -------    ----
   1 !  405.5   6.0  1.2e-125  4.9e-122      15     334 ..      13     329 ..       4     351 .. 0.95



Internal pipeline statistics summary:
-------------------------------------
Query model(s):                            1  (353 nodes)
Target sequences:                       4129  (1285408 residues searched)
Passed MSV filter:                       155  (0.0375394); expected 82.6 (0.02)
Passed bias filter:                      120  (0.0290627); expected 82.6 (0.02)
Passed Vit filter:                        12  (0.00290627); expected 4.1 (0.001)
Passed Fwd filter:                         1  (0.000242189); expected 0.0 (1e-05)
Initial search space (Z):               4129  [actual number of targets]
Domain search space  (domZ):               1  [number of targets reported over threshold]
# CPU time: 0.03u 0.00s 00:00:00.03 Elapsed: 00:00:00.02
# Mc/sec: 16967.61
//
Query:       TIGR00082  [M=115]
Accession:   TIGR00082
Description: rbfA: ribosome-binding factor A
Scores for complete sequences (score includes all domains):
   --- full sequence ---   --- best 1 domain ---    -#dom-
    E-value  score  bias    E-value  score  bias    exp  N  Sequence                 Description
    ------- ------ -----    ------- ------ -----   ---- --  --------                 -----------
    9.8e-14   49.7   0.0    1.3e-13   49.3   0.0    1.1  1  NZ_JBDGIY010000002.1_217  # 221428 # 221835 # 1 # ID=2_217;partial=00;start_type=ATG;rbs_motif=None;rbs_spacer=None;gc_cont=0.657


Domain annotation for each sequence:
>> NZ_JBDGIY010000002.1_217  # 221428 # 221835 # 1 # ID=2_217;partial=00;start_type=ATG;rbs_motif=None;rbs_spacer=None;gc_cont=0.657
   #    score  bias  c-Evalue  i-Evalue hmmfrom  hmm to    alifrom  ali to    envfrom  env to     acc
 ---   ------ ----- --------- --------- ------- -------    ------- -------    ------- -------    ----
   1 !   49.3   0.0   3.1e-17   1.3e-13       5     110 ..      13     120 ..      11     125 .. 0.91



Internal pipeline statistics summary:
-------------------------------------
Query model(s):                            1  (115 nodes)
Target sequences:                       4129  (1285408 residues searched)
Passed MSV filter:                        62  (0.0150157); expected 82.6 (0.02)
Passed bias filter:                       60  (0.0145314); expected 82.6 (0.02)
Passed Vit filter:                         7  (0.00169533); expected 4.1 (0.001)
Passed Fwd filter:                         1  (0.000242189); expected 0.0 (1e-05)
Initial search space (Z):               4129  [actual number of targets]
Domain search space  (domZ):               1  [number of targets reported over threshold]
# CPU time: 0.02u 0.00s 00:00:00.02 Elapsed: 00:00:00.02
# Mc/sec: 5270.32
//
Query:       TIGR00083  [M=290]
Accession:   TIGR00083
Description: ribF: riboflavin biosynthesis protein RibF
Scores for complete sequences (score includes all domains):
   --- full sequence ---   --- best 1 domain ---    -#dom-
    E-value  score  bias    E-value  score  bias    exp  N  Sequence                 Description
    ------- ------ -----    ------- ------ -----   ---- --  --------                 -----------
      2e-73  245.2   0.0    2.4e-73  244.9   0.0    1.0  1  NZ_JBDGIY010000001.1_897  # 988399 # 989370 # 1 # ID=1_897;partial=00;start_type=TTG;rbs_motif=AGxAGG/AGGxGG;rbs_spacer=5-10bp;gc_cont=0.667


Domain annotation for each sequence:
>> NZ_JBDGIY010000001.1_897  # 988399 # 989370 # 1 # ID=1_897;partial=00;start_type=TTG;rbs_motif=AGxAGG/AGGxGG;rbs_spacer=5-10bp;gc_cont=0.667
   #    score  bias  c-Evalue  i-Evalue hmmfrom  hmm to    alifrom  ali to    envfrom  env to     acc
 ---   ------ ----- --------- --------- ------- -------    ------- -------    ------- -------    ----
   1 !  244.9   0.0   5.7e-77   2.4e-73       2     289 ..      21     306 ..      20     307 .. 0.95



Internal pipeline statistics summary:
-------------------------------------
Query model(s):                            1  (290 nodes)
Target sequences:                       4129  (1285408 residues searched)
Passed MSV filter:                        64  (0.0155001); expected 82.6 (0.02)
Passed bias filter:                       60  (0.0145314); expected 82.6 (0.02)
Passed Vit filter:                         8  (0.00193752); expected 4.1 (0.001)
Passed Fwd filter:                         1  (0.000242189); expected 0.0 (1e-05)
Initial search space (Z):               4129  [actual number of targets]
Domain search space  (domZ):               1  [number of targets reported over threshold]
# CPU time: 0.03u 0.00s 00:00:00.03 Elapsed: 00:00:00.04
# Mc/sec: 8921.61
//
Query:       TIGR00084  [M=192]
Accession:   TIGR00084
Description: ruvA: Holliday junction DNA helicase RuvA
Scores for complete sequences (score includes all domains):
   --- full sequence ---   --- best 1 domain ---    -#dom-
    E-value  score  bias    E-value  score  bias    exp  N  Sequence                  Description
    ------- ------ -----    ------- ------ -----   ---- --  --------                  -----------
    5.3e-39  131.5   0.0    5.9e-39  131.4   0.0    1.0  1  NZ_JBDGIY010000001.1_3031  # 3178078 # 3178695 # -1 # ID=1_3031;partial=00;start_type=ATG;rbs_motif=None;rbs_spacer=None;gc_cont=0.672


Domain annotation for each sequence:
>> NZ_JBDGIY010000001.1_3031  # 3178078 # 3178695 # -1 # ID=1_3031;partial=00;start_type=ATG;rbs_motif=None;rbs_spacer=None;gc_cont=0.672
   #    score  bias  c-Evalue  i-Evalue hmmfrom  hmm to    alifrom  ali to    envfrom  env to     acc
 ---   ------ ----- --------- --------- ------- -------    ------- -------    ------- -------    ----
   1 !  131.4   0.0   1.4e-42   5.9e-39       1     190 [.       1     203 [.       1     205 [. 0.96



Internal pipeline statistics summary:
-------------------------------------
Query model(s):                            1  (192 nodes)
Target sequences:                       4129  (1285408 residues searched)
Passed MSV filter:                        99  (0.0239767); expected 82.6 (0.02)
Passed bias filter:                       89  (0.0215549); expected 82.6 (0.02)
Passed Vit filter:                         6  (0.00145314); expected 4.1 (0.001)
Passed Fwd filter:                         1  (0.000242189); expected 0.0 (1e-05)
Initial search space (Z):               4129  [actual number of targets]
Domain search space  (domZ):               1  [number of targets reported over threshold]
# CPU time: 0.03u 0.00s 00:00:00.03 Elapsed: 00:00:00.02
# Mc/sec: 10307.21
//
Query:       TIGR00086  [M=144]
Accession:   TIGR00086
Description: smpB: SsrA-binding protein
Scores for complete sequences (score includes all domains):
   --- full sequence ---   --- best 1 domain ---    -#dom-
    E-value  score  bias    E-value  score  bias    exp  N  Sequence                  Description
    ------- ------ -----    ------- ------ -----   ---- --  --------                  -----------
    2.4e-56  187.6   0.5    2.7e-56  187.5   0.5    1.0  1  NZ_JBDGIY010000001.1_1347  # 1440319 # 1440801 # 1 # ID=1_1347;partial=00;start_type=ATG;rbs_motif=None;rbs_spacer=None;gc_cont=0.629


Domain annotation for each sequence:
>> NZ_JBDGIY010000001.1_1347  # 1440319 # 1440801 # 1 # ID=1_1347;partial=00;start_type=ATG;rbs_motif=None;rbs_spacer=None;gc_cont=0.629
   #    score  bias  c-Evalue  i-Evalue hmmfrom  hmm to    alifrom  ali to    envfrom  env to     acc
 ---   ------ ----- --------- --------- ------- -------    ------- -------    ------- -------    ----
   1 !  187.5   0.5   6.6e-60   2.7e-56       2     144 .]      16     158 ..      15     158 .. 0.99



Internal pipeline statistics summary:
-------------------------------------
Query model(s):                            1  (144 nodes)
Target sequences:                       4129  (1285408 residues searched)
Passed MSV filter:                        51  (0.0123517); expected 82.6 (0.02)
Passed bias filter:                       47  (0.0113829); expected 82.6 (0.02)
Passed Vit filter:                         4  (0.000968758); expected 4.1 (0.001)
Passed Fwd filter:                         1  (0.000242189); expected 0.0 (1e-05)
Initial search space (Z):               4129  [actual number of targets]
Domain search space  (domZ):               1  [number of targets reported over threshold]
# CPU time: 0.02u 0.00s 00:00:00.02 Elapsed: 00:00:00.02
# Mc/sec: 8004.37
//
Query:       TIGR00088  [M=233]
Accession:   TIGR00088
Description: trmD: tRNA (guanine(37)-N(1))-methyltransferase
Scores for complete sequences (score includes all domains):
   --- full sequence ---   --- best 1 domain ---    -#dom-
    E-value  score  bias    E-value  score  bias    exp  N  Sequence                 Description
    ------- ------ -----    ------- ------ -----   ---- --  --------                 -----------
    1.3e-78  261.3   0.0    1.6e-78  261.0   0.0    1.0  1  NZ_JBDGIY010000002.1_378  # 374806 # 375486 # 1 # ID=2_378;partial=00;start_type=TTG;rbs_motif=GGAG/GAGG;rbs_spacer=5-10bp;gc_cont=0.696


Domain annotation for each sequence:
>> NZ_JBDGIY010000002.1_378  # 374806 # 375486 # 1 # ID=2_378;partial=00;start_type=TTG;rbs_motif=GGAG/GAGG;rbs_spacer=5-10bp;gc_cont=0.696
   #    score  bias  c-Evalue  i-Evalue hmmfrom  hmm to    alifrom  ali to    envfrom  env to     acc
 ---   ------ ----- --------- --------- ------- -------    ------- -------    ------- -------    ----
   1 !  261.0   0.0   3.9e-82   1.6e-78       4     222 ..       6     226 ..       3     226 .. 0.98



Internal pipeline statistics summary:
-------------------------------------
Query model(s):                            1  (233 nodes)
Target sequences:                       4129  (1285408 residues searched)
Passed MSV filter:                        77  (0.0186486); expected 82.6 (0.02)
Passed bias filter:                       73  (0.0176798); expected 82.6 (0.02)
Passed Vit filter:                         4  (0.000968758); expected 4.1 (0.001)
Passed Fwd filter:                         1  (0.000242189); expected 0.0 (1e-05)
Initial search space (Z):               4129  [actual number of targets]
Domain search space  (domZ):               1  [number of targets reported over threshold]
# CPU time: 0.02u 0.00s 00:00:00.02 Elapsed: 00:00:00.03
# Mc/sec: 8314.13
//
Query:       TIGR00090  [M=99]
Accession:   TIGR00090
Description: rsfS_iojap_ybeB: ribosome silencing factor
Scores for complete sequences (score includes all domains):
   --- full sequence ---   --- best 1 domain ---    -#dom-
    E-value  score  bias    E-value  score  bias    exp  N  Sequence                 Description
    ------- ------ -----    ------- ------ -----   ---- --  --------                 -----------
    2.9e-34  115.1   0.0    3.8e-34  114.7   0.0    1.2  1  NZ_JBDGIY010000003.1_104  # 142149 # 142550 # -1 # ID=3_104;partial=00;start_type=ATG;rbs_motif=GGAG/GAGG;rbs_spacer=5-10bp;gc_cont=0.639


Domain annotation for each sequence:
>> NZ_JBDGIY010000003.1_104  # 142149 # 142550 # -1 # ID=3_104;partial=00;start_type=ATG;rbs_motif=GGAG/GAGG;rbs_spacer=5-10bp;gc_cont=0.639
   #    score  bias  c-Evalue  i-Evalue hmmfrom  hmm to    alifrom  ali to    envfrom  env to     acc
 ---   ------ ----- --------- --------- ------- -------    ------- -------    ------- -------    ----
   1 !  114.7   0.0   9.1e-38   3.8e-34       2      99 .]      27     124 ..      26     124 .. 0.98



Internal pipeline statistics summary:
-------------------------------------
Query model(s):                            1  (99 nodes)
Target sequences:                       4129  (1285408 residues searched)
Passed MSV filter:                        89  (0.0215549); expected 82.6 (0.02)
Passed bias filter:                       84  (0.0203439); expected 82.6 (0.02)
Passed Vit filter:                         7  (0.00169533); expected 4.1 (0.001)
Passed Fwd filter:                         1  (0.000242189); expected 0.0 (1e-05)
Initial search space (Z):               4129  [actual number of targets]
Domain search space  (domZ):               1  [number of targets reported over threshold]
# CPU time: 0.02u 0.01s 00:00:00.03 Elapsed: 00:00:00.03
# Mc/sec: 3976.09
//
Query:       TIGR00092  [M=368]
Accession:   TIGR00092
Description: TIGR00092: GTP-binding protein YchF
Scores for complete sequences (score includes all domains):
   --- full sequence ---   --- best 1 domain ---    -#dom-
    E-value  score  bias    E-value  score  bias    exp  N  Sequence                  Description
    ------- ------ -----    ------- ------ -----   ---- --  --------                  -----------
   6.3e-149  493.9   0.0     7e-149  493.7   0.0    1.0  1  NZ_JBDGIY010000001.1_2518  # 2619986 # 2621083 # 1 # ID=1_2518;partial=00;start_type=ATG;rbs_motif=GGAG/GAGG;rbs_spacer=5-10bp;gc_cont=0.634


Domain annotation for each sequence:
>> NZ_JBDGIY010000001.1_2518  # 2619986 # 2621083 # 1 # ID=1_2518;partial=00;start_type=ATG;rbs_motif=GGAG/GAGG;rbs_spacer=5-10bp;gc_cont=0.634
   #    score  bias  c-Evalue  i-Evalue hmmfrom  hmm to    alifrom  ali to    envfrom  env to     acc
 ---   ------ ----- --------- --------- ------- -------    ------- -------    ------- -------    ----
   1 !  493.7   0.0  1.7e-152    7e-149       1     367 [.       1     364 [.       1     365 [. 0.98



Internal pipeline statistics summary:
-------------------------------------
Query model(s):                            1  (368 nodes)
Target sequences:                       4129  (1285408 residues searched)
Passed MSV filter:                       153  (0.037055); expected 82.6 (0.02)
Passed bias filter:                      144  (0.0348753); expected 82.6 (0.02)
Passed Vit filter:                        33  (0.00799225); expected 4.1 (0.001)
Passed Fwd filter:                         6  (0.00145314); expected 0.0 (1e-05)
Initial search space (Z):               4129  [actual number of targets]
Domain search space  (domZ):               1  [number of targets reported over threshold]
# CPU time: 0.05u 0.00s 00:00:00.05 Elapsed: 00:00:00.06
# Mc/sec: 7060.81
//
Query:       TIGR00095  [M=194]
Accession:   TIGR00095
Description: TIGR00095: 16S rRNA (guanine(966)-N(2))-methyltransferase RsmD
Scores for complete sequences (score includes all domains):
   --- full sequence ---   --- best 1 domain ---    -#dom-
    E-value  score  bias    E-value  score  bias    exp  N  Sequence                 Description
    ------- ------ -----    ------- ------ -----   ---- --  --------                 -----------
    7.6e-42  141.0   0.0    9.1e-42  140.7   0.0    1.0  1  NZ_JBDGIY010000001.1_902  # 996022 # 996576 # 1 # ID=1_902;partial=00;start_type=ATG;rbs_motif=None;rbs_spacer=None;gc_cont=0.692


Domain annotation for each sequence:
>> NZ_JBDGIY010000001.1_902  # 996022 # 996576 # 1 # ID=1_902;partial=00;start_type=ATG;rbs_motif=None;rbs_spacer=None;gc_cont=0.692
   #    score  bias  c-Evalue  i-Evalue hmmfrom  hmm to    alifrom  ali to    envfrom  env to     acc
 ---   ------ ----- --------- --------- ------- -------    ------- -------    ------- -------    ----
   1 !  140.7   0.0   2.2e-45   9.1e-42      13     191 ..       2     181 ..       1     183 [. 0.90



Internal pipeline statistics summary:
-------------------------------------
Query model(s):                            1  (194 nodes)
Target sequences:                       4129  (1285408 residues searched)
Passed MSV filter:                        81  (0.0196173); expected 82.6 (0.02)
Passed bias filter:                       78  (0.0188908); expected 82.6 (0.02)
Passed Vit filter:                        12  (0.00290627); expected 4.1 (0.001)
Passed Fwd filter:                         2  (0.000484379); expected 0.0 (1e-05)
Initial search space (Z):               4129  [actual number of targets]
Domain search space  (domZ):               1  [number of targets reported over threshold]
# CPU time: 0.02u 0.00s 00:00:00.02 Elapsed: 00:00:00.02
# Mc/sec: 9880.85
//
Query:       TIGR00111  [M=351]
Accession:   TIGR00111
Description: pelota: mRNA surveillance protein pelota
Scores for complete sequences (score includes all domains):
   --- full sequence ---   --- best 1 domain ---    -#dom-
    E-value  score  bias    E-value  score  bias    exp  N  Sequence Description
    ------- ------ -----    ------- ------ -----   ---- --  -------- -----------

   [No hits detected that satisfy reporting thresholds]


Domain annotation for each sequence:

   [No targets detected that satisfy reporting thresholds]


Internal pipeline statistics summary:
-------------------------------------
Query model(s):                            1  (351 nodes)
Target sequences:                       4129  (1285408 residues searched)
Passed MSV filter:                        89  (0.0215549); expected 82.6 (0.02)
Passed bias filter:                       84  (0.0203439); expected 82.6 (0.02)
Passed Vit filter:                         4  (0.000968758); expected 4.1 (0.001)
Passed Fwd filter:                         0  (0); expected 0.0 (1e-05)
Initial search space (Z):               4129  [actual number of targets]
Domain search space  (domZ):               0  [number of targets reported over threshold]
# CPU time: 0.04u 0.00s 00:00:00.04 Elapsed: 00:00:00.04
# Mc/sec: 10641.39
//
Query:       TIGR00115  [M=410]
Accession:   TIGR00115
Description: tig: trigger factor
Scores for complete sequences (score includes all domains):
   --- full sequence ---   --- best 1 domain ---    -#dom-
    E-value  score  bias    E-value  score  bias    exp  N  Sequence                  Description
    ------- ------ -----    ------- ------ -----   ---- --  --------                  -----------
   3.2e-122  406.1   7.3   3.7e-122  405.9   7.3    1.0  1  NZ_JBDGIY010000001.1_1720  # 1826473 # 1827852 # 1 # ID=1_1720;partial=00;start_type=ATG;rbs_motif=GGA/GAG/AGG;rbs_spacer=5-10bp;gc_cont=0.639


Domain annotation for each sequence:
>> NZ_JBDGIY010000001.1_1720  # 1826473 # 1827852 # 1 # ID=1_1720;partial=00;start_type=ATG;rbs_motif=GGA/GAG/AGG;rbs_spacer=5-10bp;gc_cont=0.639
   #    score  bias  c-Evalue  i-Evalue hmmfrom  hmm to    alifrom  ali to    envfrom  env to     acc
 ---   ------ ----- --------- --------- ------- -------    ------- -------    ------- -------    ----
   1 !  405.9   7.3  8.9e-126  3.7e-122       1     409 [.      11     426 ..      11     427 .. 0.99



Internal pipeline statistics summary:
-------------------------------------
Query model(s):                            1  (410 nodes)
Target sequences:                       4129  (1285408 residues searched)
Passed MSV filter:                       127  (0.0307581); expected 82.6 (0.02)
Passed bias filter:                       90  (0.021797); expected 82.6 (0.02)
Passed Vit filter:                         9  (0.0021797); expected 4.1 (0.001)
Passed Fwd filter:                         1  (0.000242189); expected 0.0 (1e-05)
Initial search space (Z):               4129  [actual number of targets]
Domain search space  (domZ):               1  [number of targets reported over threshold]
# CPU time: 0.04u 0.00s 00:00:00.04 Elapsed: 00:00:00.05
# Mc/sec: 10390.40
//
Query:       TIGR00116  [M=293]
Accession:   TIGR00116
Description: tsf: translation elongation factor Ts
Scores for complete sequences (score includes all domains):
   --- full sequence ---   --- best 1 domain ---    -#dom-
    E-value  score  bias    E-value  score  bias    exp  N  Sequence                  Description
    ------- ------ -----    ------- ------ -----   ---- --  --------                  -----------
    6.7e-95  315.5   3.3    8.2e-95  315.2   3.3    1.0  1  NZ_JBDGIY010000001.1_1769  # 1880510 # 1881457 # 1 # ID=1_1769;partial=00;start_type=ATG;rbs_motif=GGA/GAG/AGG;rbs_spacer=5-10bp;gc_cont=0.658


Domain annotation for each sequence:
>> NZ_JBDGIY010000001.1_1769  # 1880510 # 1881457 # 1 # ID=1_1769;partial=00;start_type=ATG;rbs_motif=GGA/GAG/AGG;rbs_spacer=5-10bp;gc_cont=0.658
   #    score  bias  c-Evalue  i-Evalue hmmfrom  hmm to    alifrom  ali to    envfrom  env to     acc
 ---   ------ ----- --------- --------- ------- -------    ------- -------    ------- -------    ----
   1 !  315.2   3.3     2e-98   8.2e-95       2     290 ..       1     304 [.       1     306 [. 0.92



Internal pipeline statistics summary:
-------------------------------------
Query model(s):                            1  (293 nodes)
Target sequences:                       4129  (1285408 residues searched)
Passed MSV filter:                       111  (0.026883); expected 82.6 (0.02)
Passed bias filter:                       85  (0.0205861); expected 82.6 (0.02)
Passed Vit filter:                         6  (0.00145314); expected 4.1 (0.001)
Passed Fwd filter:                         1  (0.000242189); expected 0.0 (1e-05)
Initial search space (Z):               4129  [actual number of targets]
Domain search space  (domZ):               1  [number of targets reported over threshold]
# CPU time: 0.03u 0.00s 00:00:00.03 Elapsed: 00:00:00.03
# Mc/sec: 10742.38
//
Query:       TIGR00134  [M=622]
Accession:   TIGR00134
Description: gatE_arch: glutamyl-tRNA(Gln) amidotransferase, subunit E
Scores for complete sequences (score includes all domains):
   --- full sequence ---   --- best 1 domain ---    -#dom-
    E-value  score  bias    E-value  score  bias    exp  N  Sequence Description
    ------- ------ -----    ------- ------ -----   ---- --  -------- -----------

   [No hits detected that satisfy reporting thresholds]


Domain annotation for each sequence:

   [No targets detected that satisfy reporting thresholds]


Internal pipeline statistics summary:
-------------------------------------
Query model(s):                            1  (622 nodes)
Target sequences:                       4129  (1285408 residues searched)
Passed MSV filter:                       136  (0.0329378); expected 82.6 (0.02)
Passed bias filter:                      100  (0.0242189); expected 82.6 (0.02)
Passed Vit filter:                         6  (0.00145314); expected 4.1 (0.001)
Passed Fwd filter:                         1  (0.000242189); expected 0.0 (1e-05)
Initial search space (Z):               4129  [actual number of targets]
Domain search space  (domZ):               0  [number of targets reported over threshold]
# CPU time: 0.07u 0.00s 00:00:00.07 Elapsed: 00:00:00.06
# Mc/sec: 11712.05
//
Query:       TIGR00138  [M=183]
Accession:   TIGR00138
Description: rsmG_gidB: 16S rRNA (guanine(527)-N(7))-methyltransferase RsmG
Scores for complete sequences (score includes all domains):
   --- full sequence ---   --- best 1 domain ---    -#dom-
    E-value  score  bias    E-value  score  bias    exp  N  Sequence                 Description
    ------- ------ -----    ------- ------ -----   ---- --  --------                 -----------
      7e-41  137.7   0.0    8.3e-41  137.5   0.0    1.0  1  NZ_JBDGIY010000002.1_294  # 289404 # 290030 # 1 # ID=2_294;partial=00;start_type=ATG;rbs_motif=GGAG/GAGG;rbs_spacer=5-10bp;gc_cont=0.596


Domain annotation for each sequence:
>> NZ_JBDGIY010000002.1_294  # 289404 # 290030 # 1 # ID=2_294;partial=00;start_type=ATG;rbs_motif=GGAG/GAGG;rbs_spacer=5-10bp;gc_cont=0.596
   #    score  bias  c-Evalue  i-Evalue hmmfrom  hmm to    alifrom  ali to    envfrom  env to     acc
 ---   ------ ----- --------- --------- ------- -------    ------- -------    ------- -------    ----
   1 !  137.5   0.0     2e-44   8.3e-41       2     173 ..      22     191 ..      21     200 .. 0.91



Internal pipeline statistics summary:
-------------------------------------
Query model(s):                            1  (183 nodes)
Target sequences:                       4129  (1285408 residues searched)
Passed MSV filter:                        83  (0.0201017); expected 82.6 (0.02)
Passed bias filter:                       81  (0.0196173); expected 82.6 (0.02)
Passed Vit filter:                        18  (0.00435941); expected 4.1 (0.001)
Passed Fwd filter:                         1  (0.000242189); expected 0.0 (1e-05)
Initial search space (Z):               4129  [actual number of targets]
Domain search space  (domZ):               1  [number of targets reported over threshold]
# CPU time: 0.02u 0.00s 00:00:00.02 Elapsed: 00:00:00.02
# Mc/sec: 9311.89
//
Query:       TIGR00158  [M=148]
Accession:   TIGR00158
Description: L9: ribosomal protein bL9
Scores for complete sequences (score includes all domains):
   --- full sequence ---   --- best 1 domain ---    -#dom-
    E-value  score  bias    E-value  score  bias    exp  N  Sequence                  Description
    ------- ------ -----    ------- ------ -----   ---- --  --------                  -----------
    3.1e-38  129.4   0.1      4e-38  129.0   0.1    1.1  1  NZ_JBDGIY010000001.1_1252  # 1344746 # 1345324 # -1 # ID=1_1252;partial=00;start_type=ATG;rbs_motif=AGGA;rbs_spacer=5-10bp;gc_cont=0.677


Domain annotation for each sequence:
>> NZ_JBDGIY010000001.1_1252  # 1344746 # 1345324 # -1 # ID=1_1252;partial=00;start_type=ATG;rbs_motif=AGGA;rbs_spacer=5-10bp;gc_cont=0.677
   #    score  bias  c-Evalue  i-Evalue hmmfrom  hmm to    alifrom  ali to    envfrom  env to     acc
 ---   ------ ----- --------- --------- ------- -------    ------- -------    ------- -------    ----
   1 !  129.0   0.1   9.8e-42     4e-38       1     146 [.       1     145 [.       1     147 [. 0.99



Internal pipeline statistics summary:
-------------------------------------
Query model(s):                            1  (148 nodes)
Target sequences:                       4129  (1285408 residues searched)
Passed MSV filter:                        78  (0.0188908); expected 82.6 (0.02)
Passed bias filter:                       59  (0.0142892); expected 82.6 (0.02)
Passed Vit filter:                         4  (0.000968758); expected 4.1 (0.001)
Passed Fwd filter:                         1  (0.000242189); expected 0.0 (1e-05)
Initial search space (Z):               4129  [actual number of targets]
Domain search space  (domZ):               1  [number of targets reported over threshold]
# CPU time: 0.03u 0.00s 00:00:00.03 Elapsed: 00:00:00.02
# Mc/sec: 7841.64
//
Query:       TIGR00166  [M=95]
Accession:   TIGR00166
Description: S6: ribosomal protein bS6
Scores for complete sequences (score includes all domains):
   --- full sequence ---   --- best 1 domain ---    -#dom-
    E-value  score  bias    E-value  score  bias    exp  N  Sequence                  Description
    ------- ------ -----    ------- ------ -----   ---- --  --------                  -----------
    2.2e-22   76.9   0.0    2.6e-22   76.7   0.0    1.1  1  NZ_JBDGIY010000001.1_1254  # 1345682 # 1346095 # -1 # ID=1_1254;partial=00;start_type=ATG;rbs_motif=AGGA;rbs_spacer=5-10bp;gc_cont=0.659


Domain annotation for each sequence:
>> NZ_JBDGIY010000001.1_1254  # 1345682 # 1346095 # -1 # ID=1_1254;partial=00;start_type=ATG;rbs_motif=AGGA;rbs_spacer=5-10bp;gc_cont=0.659
   #    score  bias  c-Evalue  i-Evalue hmmfrom  hmm to    alifrom  ali to    envfrom  env to     acc
 ---   ------ ----- --------- --------- ------- -------    ------- -------    ------- -------    ----
   1 !   76.7   0.0   6.4e-26   2.6e-22       1      94 [.       1      94 [.       1      95 [. 0.98



Internal pipeline statistics summary:
-------------------------------------
Query model(s):                            1  (95 nodes)
Target sequences:                       4129  (1285408 residues searched)
Passed MSV filter:                        51  (0.0123517); expected 82.6 (0.02)
Passed bias filter:                       45  (0.0108985); expected 82.6 (0.02)
Passed Vit filter:                         4  (0.000968758); expected 4.1 (0.001)
Passed Fwd filter:                         1  (0.000242189); expected 0.0 (1e-05)
Initial search space (Z):               4129  [actual number of targets]
Domain search space  (domZ):               1  [number of targets reported over threshold]
# CPU time: 0.01u 0.01s 00:00:00.02 Elapsed: 00:00:00.02
# Mc/sec: 5437.66
//
Query:       TIGR00168  [M=165]
Accession:   TIGR00168
Description: infC: translation initiation factor IF-3
Scores for complete sequences (score includes all domains):
   --- full sequence ---   --- best 1 domain ---    -#dom-
    E-value  score  bias    E-value  score  bias    exp  N  Sequence                 Description
    ------- ------ -----    ------- ------ -----   ---- --  --------                 -----------
    7.5e-62  205.7   1.5    8.4e-62  205.5   1.5    1.0  1  NZ_JBDGIY010000001.1_207  # 229694 # 230218 # -1 # ID=1_207;partial=00;start_type=ATG;rbs_motif=None;rbs_spacer=None;gc_cont=0.634


Domain annotation for each sequence:
>> NZ_JBDGIY010000001.1_207  # 229694 # 230218 # -1 # ID=1_207;partial=00;start_type=ATG;rbs_motif=None;rbs_spacer=None;gc_cont=0.634
   #    score  bias  c-Evalue  i-Evalue hmmfrom  hmm to    alifrom  ali to    envfrom  env to     acc
 ---   ------ ----- --------- --------- ------- -------    ------- -------    ------- -------    ----
   1 !  205.5   1.5     2e-65   8.4e-62       2     163 ..      14     174 ..      13     174 .. 0.99



Internal pipeline statistics summary:
-------------------------------------
Query model(s):                            1  (165 nodes)
Target sequences:                       4129  (1285408 residues searched)
Passed MSV filter:                        82  (0.0198595); expected 82.6 (0.02)
Passed bias filter:                       75  (0.0181642); expected 82.6 (0.02)
Passed Vit filter:                         5  (0.00121095); expected 4.1 (0.001)
Passed Fwd filter:                         1  (0.000242189); expected 0.0 (1e-05)
Initial search space (Z):               4129  [actual number of targets]
Domain search space  (domZ):               1  [number of targets reported over threshold]
# CPU time: 0.02u 0.00s 00:00:00.02 Elapsed: 00:00:00.02
# Mc/sec: 7157.55
//
Query:       TIGR00186  [M=240]
Accession:   TIGR00186
Description: rRNA_methyl_3: RNA methyltransferase, TrmH family, group 3
Scores for complete sequences (score includes all domains):
   --- full sequence ---   --- best 1 domain ---    -#dom-
    E-value  score  bias    E-value  score  bias    exp  N  Sequence                  Description
    ------- ------ -----    ------- ------ -----   ---- --  --------                  -----------
    1.3e-50  170.0   0.0    1.5e-50  169.8   0.0    1.0  1  NZ_JBDGIY010000001.1_1911  # 2013102 # 2013857 # 1 # ID=1_1911;partial=00;start_type=ATG;rbs_motif=None;rbs_spacer=None;gc_cont=0.671


Domain annotation for each sequence:
>> NZ_JBDGIY010000001.1_1911  # 2013102 # 2013857 # 1 # ID=1_1911;partial=00;start_type=ATG;rbs_motif=None;rbs_spacer=None;gc_cont=0.671
   #    score  bias  c-Evalue  i-Evalue hmmfrom  hmm to    alifrom  ali to    envfrom  env to     acc
 ---   ------ ----- --------- --------- ------- -------    ------- -------    ------- -------    ----
   1 !  169.8   0.0   3.6e-54   1.5e-50       4     237 ..      20     245 ..      18     248 .. 0.88



Internal pipeline statistics summary:
-------------------------------------
Query model(s):                            1  (240 nodes)
Target sequences:                       4129  (1285408 residues searched)
Passed MSV filter:                        81  (0.0196173); expected 82.6 (0.02)
Passed bias filter:                       75  (0.0181642); expected 82.6 (0.02)
Passed Vit filter:                         6  (0.00145314); expected 4.1 (0.001)
Passed Fwd filter:                         3  (0.000726568); expected 0.0 (1e-05)
Initial search space (Z):               4129  [actual number of targets]
Domain search space  (domZ):               1  [number of targets reported over threshold]
# CPU time: 0.03u 0.00s 00:00:00.03 Elapsed: 00:00:00.02
# Mc/sec: 11595.05
//
Query:       TIGR00194  [M=574]
Accession:   TIGR00194
Description: uvrC: excinuclease ABC subunit C
Scores for complete sequences (score includes all domains):
   --- full sequence ---   --- best 1 domain ---    -#dom-
    E-value  score  bias    E-value  score  bias    exp  N  Sequence                  Description
    ------- ------ -----    ------- ------ -----   ---- --  --------                  -----------
   1.5e-163  543.4   0.0   2.2e-163  542.9   0.0    1.1  1  NZ_JBDGIY010000001.1_2486  # 2595234 # 2597111 # 1 # ID=1_2486;partial=00;start_type=ATG;rbs_motif=GGAG/GAGG;rbs_spacer=5-10bp;gc_cont=0.658


Domain annotation for each sequence:
>> NZ_JBDGIY010000001.1_2486  # 2595234 # 2597111 # 1 # ID=1_2486;partial=00;start_type=ATG;rbs_motif=GGAG/GAGG;rbs_spacer=5-10bp;gc_cont=0.658
   #    score  bias  c-Evalue  i-Evalue hmmfrom  hmm to    alifrom  ali to    envfrom  env to     acc
 ---   ------ ----- --------- --------- ------- -------    ------- -------    ------- -------    ----
   1 !  542.9   0.0  5.3e-167  2.2e-163       5     572 ..      16     600 ..      13     602 .. 0.95



Internal pipeline statistics summary:
-------------------------------------
Query model(s):                            1  (574 nodes)
Target sequences:                       4129  (1285408 residues searched)
Passed MSV filter:                        71  (0.0171954); expected 82.6 (0.02)
Passed bias filter:                       67  (0.0162267); expected 82.6 (0.02)
Passed Vit filter:                        12  (0.00290627); expected 4.1 (0.001)
Passed Fwd filter:                         5  (0.00121095); expected 0.0 (1e-05)
Initial search space (Z):               4129  [actual number of targets]
Domain search space  (domZ):               1  [number of targets reported over threshold]
# CPU time: 0.06u 0.00s 00:00:00.06 Elapsed: 00:00:00.11
# Mc/sec: 6594.30
//
Query:       TIGR00250  [M=130]
Accession:   TIGR00250
Description: RNAse_H_YqgF: putative transcription antitermination factor YqgF
Scores for complete sequences (score includes all domains):
   --- full sequence ---   --- best 1 domain ---    -#dom-
    E-value  score  bias    E-value  score  bias    exp  N  Sequence                  Description
    ------- ------ -----    ------- ------ -----   ---- --  --------                  -----------
    9.3e-38  127.1   0.0    1.1e-37  126.9   0.0    1.0  1  NZ_JBDGIY010000001.1_2067  # 2157508 # 2157969 # 1 # ID=1_2067;partial=00;start_type=GTG;rbs_motif=GGA/GAG/AGG;rbs_spacer=5-10bp;gc_cont=0.665


Domain annotation for each sequence:
>> NZ_JBDGIY010000001.1_2067  # 2157508 # 2157969 # 1 # ID=1_2067;partial=00;start_type=GTG;rbs_motif=GGA/GAG/AGG;rbs_spacer=5-10bp;gc_cont=0.665
   #    score  bias  c-Evalue  i-Evalue hmmfrom  hmm to    alifrom  ali to    envfrom  env to     acc
 ---   ------ ----- --------- --------- ------- -------    ------- -------    ------- -------    ----
   1 !  126.9   0.0   2.6e-41   1.1e-37       1     130 []      17     146 ..      17     146 .. 0.99



Internal pipeline statistics summary:
-------------------------------------
Query model(s):                            1  (130 nodes)
Target sequences:                       4129  (1285408 residues searched)
Passed MSV filter:                        92  (0.0222814); expected 82.6 (0.02)
Passed bias filter:                       84  (0.0203439); expected 82.6 (0.02)
Passed Vit filter:                        12  (0.00290627); expected 4.1 (0.001)
Passed Fwd filter:                         2  (0.000484379); expected 0.0 (1e-05)
Initial search space (Z):               4129  [actual number of targets]
Domain search space  (domZ):               1  [number of targets reported over threshold]
# CPU time: 0.02u 0.00s 00:00:00.02 Elapsed: 00:00:00.02
# Mc/sec: 7606.89
//
Query:       TIGR00279  [M=172]
Accession:   TIGR00279
Description: uL16_euk_arch: ribosomal protein uL16
Scores for complete sequences (score includes all domains):
   --- full sequence ---   --- best 1 domain ---    -#dom-
    E-value  score  bias    E-value  score  bias    exp  N  Sequence Description
    ------- ------ -----    ------- ------ -----   ---- --  -------- -----------

   [No hits detected that satisfy reporting thresholds]


Domain annotation for each sequence:

   [No targets detected that satisfy reporting thresholds]


Internal pipeline statistics summary:
-------------------------------------
Query model(s):                            1  (172 nodes)
Target sequences:                       4129  (1285408 residues searched)
Passed MSV filter:                        97  (0.0234924); expected 82.6 (0.02)
Passed bias filter:                       81  (0.0196173); expected 82.6 (0.02)
Passed Vit filter:                         3  (0.000726568); expected 4.1 (0.001)
Passed Fwd filter:                         1  (0.000242189); expected 0.0 (1e-05)
Initial search space (Z):               4129  [actual number of targets]
Domain search space  (domZ):               0  [number of targets reported over threshold]
# CPU time: 0.02u 0.01s 00:00:00.03 Elapsed: 00:00:00.03
# Mc/sec: 7003.28
//
Query:       TIGR00291  [M=231]
Accession:   TIGR00291
Description: RNA_SBDS: rRNA metabolism protein, SBDS family
Scores for complete sequences (score includes all domains):
   --- full sequence ---   --- best 1 domain ---    -#dom-
    E-value  score  bias    E-value  score  bias    exp  N  Sequence Description
    ------- ------ -----    ------- ------ -----   ---- --  -------- -----------

   [No hits detected that satisfy reporting thresholds]


Domain annotation for each sequence:

   [No targets detected that satisfy reporting thresholds]


Internal pipeline statistics summary:
-------------------------------------
Query model(s):                            1  (231 nodes)
Target sequences:                       4129  (1285408 residues searched)
Passed MSV filter:                        67  (0.0162267); expected 82.6 (0.02)
Passed bias filter:                       59  (0.0142892); expected 82.6 (0.02)
Passed Vit filter:                         3  (0.000726568); expected 4.1 (0.001)
Passed Fwd filter:                         0  (0); expected 0.0 (1e-05)
Initial search space (Z):               4129  [actual number of targets]
Domain search space  (domZ):               0  [number of targets reported over threshold]
# CPU time: 0.02u 0.00s 00:00:00.02 Elapsed: 00:00:00.03
# Mc/sec: 9407.87
//
Query:       TIGR00323  [M=215]
Accession:   TIGR00323
Description: eIF-6: putative translation initiation factor eIF-6
Scores for complete sequences (score includes all domains):
   --- full sequence ---   --- best 1 domain ---    -#dom-
    E-value  score  bias    E-value  score  bias    exp  N  Sequence Description
    ------- ------ -----    ------- ------ -----   ---- --  -------- -----------

   [No hits detected that satisfy reporting thresholds]


Domain annotation for each sequence:

   [No targets detected that satisfy reporting thresholds]


Internal pipeline statistics summary:
-------------------------------------
Query model(s):                            1  (215 nodes)
Target sequences:                       4129  (1285408 residues searched)
Passed MSV filter:                       103  (0.0249455); expected 82.6 (0.02)
Passed bias filter:                       61  (0.0147736); expected 82.6 (0.02)
Passed Vit filter:                         3  (0.000726568); expected 4.1 (0.001)
Passed Fwd filter:                         0  (0); expected 0.0 (1e-05)
Initial search space (Z):               4129  [actual number of targets]
Domain search space  (domZ):               0  [number of targets reported over threshold]
# CPU time: 0.03u 0.00s 00:00:00.03 Elapsed: 00:00:00.02
# Mc/sec: 11772.75
//
Query:       TIGR00335  [M=324]
Accession:   TIGR00335
Description: primase_sml: putative DNA primase, eukaryotic-type, small subunit
Scores for complete sequences (score includes all domains):
   --- full sequence ---   --- best 1 domain ---    -#dom-
    E-value  score  bias    E-value  score  bias    exp  N  Sequence Description
    ------- ------ -----    ------- ------ -----   ---- --  -------- -----------

   [No hits detected that satisfy reporting thresholds]


Domain annotation for each sequence:

   [No targets detected that satisfy reporting thresholds]


Internal pipeline statistics summary:
-------------------------------------
Query model(s):                            1  (324 nodes)
Target sequences:                       4129  (1285408 residues searched)
Passed MSV filter:                        62  (0.0150157); expected 82.6 (0.02)
Passed bias filter:                       58  (0.014047); expected 82.6 (0.02)
Passed Vit filter:                         5  (0.00121095); expected 4.1 (0.001)
Passed Fwd filter:                         0  (0); expected 0.0 (1e-05)
Initial search space (Z):               4129  [actual number of targets]
Domain search space  (domZ):               0  [number of targets reported over threshold]
# CPU time: 0.03u 0.00s 00:00:00.03 Elapsed: 00:00:00.02
# Mc/sec: 18337.77
//
Query:       TIGR00337  [M=526]
Accession:   TIGR00337
Description: PyrG: CTP synthase
Scores for complete sequences (score includes all domains):
   --- full sequence ---   --- best 1 domain ---    -#dom-
    E-value  score  bias    E-value  score  bias    exp  N  Sequence                  Description
    ------- ------ -----    ------- ------ -----   ---- --  --------                  -----------
   5.3e-224  742.5   0.0   6.1e-224  742.3   0.0    1.0  1  NZ_JBDGIY010000001.1_1797  # 1910361 # 1911989 # 1 # ID=1_1797;partial=00;start_type=ATG;rbs_motif=GGA/GAG/AGG;rbs_spacer=5-10bp;gc_cont=0.643


Domain annotation for each sequence:
>> NZ_JBDGIY010000001.1_1797  # 1910361 # 1911989 # 1 # ID=1_1797;partial=00;start_type=ATG;rbs_motif=GGA/GAG/AGG;rbs_spacer=5-10bp;gc_cont=0.643
   #    score  bias  c-Evalue  i-Evalue hmmfrom  hmm to    alifrom  ali to    envfrom  env to     acc
 ---   ------ ----- --------- --------- ------- -------    ------- -------    ------- -------    ----
   1 !  742.3   0.0  1.5e-227  6.1e-224       3     526 .]       2     534 ..       1     534 [. 0.99



Internal pipeline statistics summary:
-------------------------------------
Query model(s):                            1  (526 nodes)
Target sequences:                       4129  (1285408 residues searched)
Passed MSV filter:                       111  (0.026883); expected 82.6 (0.02)
Passed bias filter:                      103  (0.0249455); expected 82.6 (0.02)
Passed Vit filter:                        21  (0.00508598); expected 4.1 (0.001)
Passed Fwd filter:                         5  (0.00121095); expected 0.0 (1e-05)
Initial search space (Z):               4129  [actual number of targets]
Domain search space  (domZ):               1  [number of targets reported over threshold]
# CPU time: 0.05u 0.00s 00:00:00.05 Elapsed: 00:00:00.05
# Mc/sec: 12504.30
//
Query:       TIGR00344  [M=847]
Accession:   TIGR00344
Description: alaS: alanine--tRNA ligase
Scores for complete sequences (score includes all domains):
   --- full sequence ---   --- best 1 domain ---    -#dom-
    E-value  score  bias    E-value  score  bias    exp  N  Sequence                  Description
    ------- ------ -----    ------- ------ -----   ---- --  --------                  -----------
   2.6e-285  946.8   0.0     3e-285  946.6   0.0    1.0  1  NZ_JBDGIY010000001.1_1629  # 1734923 # 1737580 # 1 # ID=1_1629;partial=00;start_type=ATG;rbs_motif=GGA/GAG/AGG;rbs_spacer=5-10bp;gc_cont=0.671


Domain annotation for each sequence:
>> NZ_JBDGIY010000001.1_1629  # 1734923 # 1737580 # 1 # ID=1_1629;partial=00;start_type=ATG;rbs_motif=GGA/GAG/AGG;rbs_spacer=5-10bp;gc_cont=0.671
   #    score  bias  c-Evalue  i-Evalue hmmfrom  hmm to    alifrom  ali to    envfrom  env to     acc
 ---   ------ ----- --------- --------- ------- -------    ------- -------    ------- -------    ----
   1 !  946.6   0.0  7.2e-289    3e-285       1     847 []       6     868 ..       6     868 .. 0.96



Internal pipeline statistics summary:
-------------------------------------
Query model(s):                            1  (847 nodes)
Target sequences:                       4129  (1285408 residues searched)
Passed MSV filter:                        90  (0.021797); expected 82.6 (0.02)
Passed bias filter:                       69  (0.0167111); expected 82.6 (0.02)
Passed Vit filter:                         9  (0.0021797); expected 4.1 (0.001)
Passed Fwd filter:                         4  (0.000968758); expected 0.0 (1e-05)
Initial search space (Z):               4129  [actual number of targets]
Domain search space  (domZ):               1  [number of targets reported over threshold]
# CPU time: 0.10u 0.01s 00:00:00.11 Elapsed: 00:00:00.10
# Mc/sec: 10178.64
//
Query:       TIGR00362  [M=437]
Accession:   TIGR00362
Description: DnaA: chromosomal replication initiator protein DnaA
Scores for complete sequences (score includes all domains):
   --- full sequence ---   --- best 1 domain ---    -#dom-
    E-value  score  bias    E-value  score  bias    exp  N  Sequence                 Description
    ------- ------ -----    ------- ------ -----   ---- --  --------                 -----------
   5.7e-136  451.9   0.0   6.4e-136  451.7   0.0    1.0  1  NZ_JBDGIY010000001.1_234  # 258328 # 259785 # -1 # ID=1_234;partial=00;start_type=ATG;rbs_motif=AGxAGG/AGGxGG;rbs_spacer=5-10bp;gc_cont=0.675


Domain annotation for each sequence:
>> NZ_JBDGIY010000001.1_234  # 258328 # 259785 # -1 # ID=1_234;partial=00;start_type=ATG;rbs_motif=AGxAGG/AGGxGG;rbs_spacer=5-10bp;gc_cont=0.675
   #    score  bias  c-Evalue  i-Evalue hmmfrom  hmm to    alifrom  ali to    envfrom  env to     acc
 ---   ------ ----- --------- --------- ------- -------    ------- -------    ------- -------    ----
   1 !  451.7   0.0  1.6e-139  6.4e-136       3     437 .]      17     483 ..      15     483 .. 0.91



Internal pipeline statistics summary:
-------------------------------------
Query model(s):                            1  (437 nodes)
Target sequences:                       4129  (1285408 residues searched)
Passed MSV filter:                       149  (0.0360862); expected 82.6 (0.02)
Passed bias filter:                      139  (0.0336643); expected 82.6 (0.02)
Passed Vit filter:                        28  (0.0067813); expected 4.1 (0.001)
Passed Fwd filter:                         5  (0.00121095); expected 0.0 (1e-05)
Initial search space (Z):               4129  [actual number of targets]
Domain search space  (domZ):               1  [number of targets reported over threshold]
# CPU time: 0.06u 0.00s 00:00:00.06 Elapsed: 00:00:00.07
# Mc/sec: 7650.99
//
Query:       TIGR00373  [M=162]
Accession:   TIGR00373
Description: TIGR00373: transcription factor E
Scores for complete sequences (score includes all domains):
   --- full sequence ---   --- best 1 domain ---    -#dom-
    E-value  score  bias    E-value  score  bias    exp  N  Sequence Description
    ------- ------ -----    ------- ------ -----   ---- --  -------- -----------

   [No hits detected that satisfy reporting thresholds]


Domain annotation for each sequence:

   [No targets detected that satisfy reporting thresholds]


Internal pipeline statistics summary:
-------------------------------------
Query model(s):                            1  (162 nodes)
Target sequences:                       4129  (1285408 residues searched)
Passed MSV filter:                        96  (0.0232502); expected 82.6 (0.02)
Passed bias filter:                       89  (0.0215549); expected 82.6 (0.02)
Passed Vit filter:                        13  (0.00314846); expected 4.1 (0.001)
Passed Fwd filter:                         0  (0); expected 0.0 (1e-05)
Initial search space (Z):               4129  [actual number of targets]
Domain search space  (domZ):               0  [number of targets reported over threshold]
# CPU time: 0.02u 0.01s 00:00:00.03 Elapsed: 00:00:00.03
# Mc/sec: 6858.46
//
Query:       TIGR00382  [M=414]
Accession:   TIGR00382
Description: clpX: ATP-dependent Clp protease, ATP-binding subunit ClpX
Scores for complete sequences (score includes all domains):
   --- full sequence ---   --- best 1 domain ---    -#dom-
    E-value  score  bias    E-value  score  bias    exp  N  Sequence                  Description
    ------- ------ -----    ------- ------ -----   ---- --  --------                  -----------
     2e-200  663.9   0.2   2.5e-200  663.6   0.2    1.0  1  NZ_JBDGIY010000001.1_1730  # 1835008 # 1836285 # 1 # ID=1_1730;partial=00;start_type=ATG;rbs_motif=GGAG/GAGG;rbs_spacer=5-10bp;gc_cont=0.628
    1.2e-55  187.1   1.4      5e-25   86.2   0.0    3.4  0  NZ_JBDGIY010000002.1_276   # 271060 # 272361 # 1 # ID=2_276;partial=00;start_type=ATG;rbs_motif=GGA/GAG/AGG;rbs_spacer=11-12bp;gc_cont=0.658


Domain annotation for each sequence:
>> NZ_JBDGIY010000001.1_1730  # 1835008 # 1836285 # 1 # ID=1_1730;partial=00;start_type=ATG;rbs_motif=GGAG/GAGG;rbs_spacer=5-10bp;gc_cont=0.628
   #    score  bias  c-Evalue  i-Evalue hmmfrom  hmm to    alifrom  ali to    envfrom  env to     acc
 ---   ------ ----- --------- --------- ------- -------    ------- -------    ------- -------    ----
   1 !  663.6   0.2  1.2e-203  2.5e-200       5     411 ..      11     408 ..       7     411 .. 0.96

>> NZ_JBDGIY010000002.1_276  # 271060 # 272361 # 1 # ID=2_276;partial=00;start_type=ATG;rbs_motif=GGA/GAG/AGG;rbs_spacer=11-12bp;gc_cont=0.658
   [No individual domains that satisfy reporting thresholds (although complete target did)]



Internal pipeline statistics summary:
-------------------------------------
Query model(s):                            1  (414 nodes)
Target sequences:                       4129  (1285408 residues searched)
Passed MSV filter:                       219  (0.0530395); expected 82.6 (0.02)
Passed bias filter:                      215  (0.0520707); expected 82.6 (0.02)
Passed Vit filter:                        66  (0.0159845); expected 4.1 (0.001)
Passed Fwd filter:                        10  (0.00242189); expected 0.0 (1e-05)
Initial search space (Z):               4129  [actual number of targets]
Domain search space  (domZ):               2  [number of targets reported over threshold]
# CPU time: 0.09u 0.00s 00:00:00.09 Elapsed: 00:00:00.09
# Mc/sec: 5881.88
//
Query:       TIGR00392  [M=861]
Accession:   TIGR00392
Description: ileS: isoleucine--tRNA ligase
Scores for complete sequences (score includes all domains):
   --- full sequence ---   --- best 1 domain ---    -#dom-
    E-value  score  bias    E-value  score  bias    exp  N  Sequence                 Description
    ------- ------ -----    ------- ------ -----   ---- --  --------                 -----------
   3.2e-245  814.1   0.0   3.7e-245  813.9   0.0    1.0  1  NZ_JBDGIY010000001.1_898  # 989597 # 992554 # 1 # ID=1_898;partial=00;start_type=ATG;rbs_motif=None;rbs_spacer=None;gc_cont=0.650


Domain annotation for each sequence:
>> NZ_JBDGIY010000001.1_898  # 989597 # 992554 # 1 # ID=1_898;partial=00;start_type=ATG;rbs_motif=None;rbs_spacer=None;gc_cont=0.650
   #    score  bias  c-Evalue  i-Evalue hmmfrom  hmm to    alifrom  ali to    envfrom  env to     acc
 ---   ------ ----- --------- --------- ------- -------    ------- -------    ------- -------    ----
   1 !  813.9   0.0  8.9e-249  3.7e-245       1     859 [.      25     893 ..      25     895 .. 0.93



Internal pipeline statistics summary:
-------------------------------------
Query model(s):                            1  (861 nodes)
Target sequences:                       4129  (1285408 residues searched)
Passed MSV filter:                        55  (0.0133204); expected 82.6 (0.02)
Passed bias filter:                       52  (0.0125938); expected 82.6 (0.02)
Passed Vit filter:                        11  (0.00266408); expected 4.1 (0.001)
Passed Fwd filter:                         7  (0.00169533); expected 0.0 (1e-05)
Initial search space (Z):               4129  [actual number of targets]
Domain search space  (domZ):               1  [number of targets reported over threshold]
# CPU time: 0.14u 0.01s 00:00:00.15 Elapsed: 00:00:00.16
# Mc/sec: 6545.39
//
Query:       TIGR00396  [M=843]
Accession:   TIGR00396
Description: leuS_bact: leucine--tRNA ligase
Scores for complete sequences (score includes all domains):
   --- full sequence ---   --- best 1 domain ---    -#dom-
    E-value  score  bias    E-value  score  bias    exp  N  Sequence                 Description
    ------- ------ -----    ------- ------ -----   ---- --  --------                 -----------
   1.8e-301 1000.1   0.0   2.1e-301  999.9   0.0    1.0  1  NZ_JBDGIY010000002.1_299  # 293580 # 296195 # -1 # ID=2_299;partial=00;start_type=GTG;rbs_motif=GGA/GAG/AGG;rbs_spacer=5-10bp;gc_cont=0.660


Domain annotation for each sequence:
>> NZ_JBDGIY010000002.1_299  # 293580 # 296195 # -1 # ID=2_299;partial=00;start_type=GTG;rbs_motif=GGA/GAG/AGG;rbs_spacer=5-10bp;gc_cont=0.660
   #    score  bias  c-Evalue  i-Evalue hmmfrom  hmm to    alifrom  ali to    envfrom  env to     acc
 ---   ------ ----- --------- --------- ------- -------    ------- -------    ------- -------    ----
   1 !  999.9   0.0    5e-305  2.1e-301       5     841 ..      13     870 ..       9     871 .. 0.93



Internal pipeline statistics summary:
-------------------------------------
Query model(s):                            1  (843 nodes)
Target sequences:                       4129  (1285408 residues searched)
Passed MSV filter:                        71  (0.0171954); expected 82.6 (0.02)
Passed bias filter:                       68  (0.0164689); expected 82.6 (0.02)
Passed Vit filter:                        11  (0.00266408); expected 4.1 (0.001)
Passed Fwd filter:                         5  (0.00121095); expected 0.0 (1e-05)
Initial search space (Z):               4129  [actual number of targets]
Domain search space  (domZ):               1  [number of targets reported over threshold]
# CPU time: 0.12u 0.02s 00:00:00.13 Elapsed: 00:00:00.15
# Mc/sec: 7096.01
//
Query:       TIGR00398  [M=530]
Accession:   TIGR00398
Description: metG: methionine--tRNA ligase
Scores for complete sequences (score includes all domains):
   --- full sequence ---   --- best 1 domain ---    -#dom-
    E-value  score  bias    E-value  score  bias    exp  N  Sequence                  Description
    ------- ------ -----    ------- ------ -----   ---- --  --------                  -----------
   2.7e-150  499.4   0.0   5.3e-149  495.1   0.0    1.9  1  NZ_JBDGIY010000001.1_1831  # 1943342 # 1944889 # 1 # ID=1_1831;partial=00;start_type=ATG;rbs_motif=None;rbs_spacer=None;gc_cont=0.647


Domain annotation for each sequence:
>> NZ_JBDGIY010000001.1_1831  # 1943342 # 1944889 # 1 # ID=1_1831;partial=00;start_type=ATG;rbs_motif=None;rbs_spacer=None;gc_cont=0.647
   #    score  bias  c-Evalue  i-Evalue hmmfrom  hmm to    alifrom  ali to    envfrom  env to     acc
 ---   ------ ----- --------- --------- ------- -------    ------- -------    ------- -------    ----
   1 !  495.1   0.0  1.3e-152  5.3e-149       1     528 [.       5     508 ..       5     510 .. 0.94



Internal pipeline statistics summary:
-------------------------------------
Query model(s):                            1  (530 nodes)
Target sequences:                       4129  (1285408 residues searched)
Passed MSV filter:                        57  (0.0138048); expected 82.6 (0.02)
Passed bias filter:                       56  (0.0135626); expected 82.6 (0.02)
Passed Vit filter:                        12  (0.00290627); expected 4.1 (0.001)
Passed Fwd filter:                         6  (0.00145314); expected 0.0 (1e-05)
Initial search space (Z):               4129  [actual number of targets]
Domain search space  (domZ):               1  [number of targets reported over threshold]
# CPU time: 0.08u 0.01s 00:00:00.09 Elapsed: 00:00:00.10
# Mc/sec: 6445.37
//
Query:       TIGR00405  [M=145]
Accession:   TIGR00405
Description: KOW_elon_Spt5: transcription elongation factor Spt5
Scores for complete sequences (score includes all domains):
   --- full sequence ---   --- best 1 domain ---    -#dom-
    E-value  score  bias    E-value  score  bias    exp  N  Sequence Description
    ------- ------ -----    ------- ------ -----   ---- --  -------- -----------

   [No hits detected that satisfy reporting thresholds]


Domain annotation for each sequence:

   [No targets detected that satisfy reporting thresholds]


Internal pipeline statistics summary:
-------------------------------------
Query model(s):                            1  (145 nodes)
Target sequences:                       4129  (1285408 residues searched)
Passed MSV filter:                       122  (0.0295471); expected 82.6 (0.02)
Passed bias filter:                      105  (0.0254299); expected 82.6 (0.02)
Passed Vit filter:                         5  (0.00121095); expected 4.1 (0.001)
Passed Fwd filter:                         2  (0.000484379); expected 0.0 (1e-05)
Initial search space (Z):               4129  [actual number of targets]
Domain search space  (domZ):               0  [number of targets reported over threshold]
# CPU time: 0.03u 0.00s 00:00:00.03 Elapsed: 00:00:00.05
# Mc/sec: 3308.07
//
Query:       TIGR00414  [M=418]
Accession:   TIGR00414
Description: serS: serine--tRNA ligase
Scores for complete sequences (score includes all domains):
   --- full sequence ---   --- best 1 domain ---    -#dom-
    E-value  score  bias    E-value  score  bias    exp  N  Sequence                  Description
    ------- ------ -----    ------- ------ -----   ---- --  --------                  -----------
   1.8e-146  486.3   0.0    2.4e-96  321.1   0.0    2.0  1  NZ_JBDGIY010000001.1_1550  # 1648031 # 1649485 # 1 # ID=1_1550;partial=00;start_type=ATG;rbs_motif=AGxAGG/AGGxGG;rbs_spacer=5-10bp;gc_cont=0.630


Domain annotation for each sequence:
>> NZ_JBDGIY010000001.1_1550  # 1648031 # 1649485 # 1 # ID=1_1550;partial=00;start_type=ATG;rbs_motif=AGxAGG/AGGxGG;rbs_spacer=5-10bp;gc_cont=0.630
   #    score  bias  c-Evalue  i-Evalue hmmfrom  hmm to    alifrom  ali to    envfrom  env to     acc
 ---   ------ ----- --------- --------- ------- -------    ------- -------    ------- -------    ----
   1 !  321.1   0.0  5.9e-100   2.4e-96     217     418 .]     274     474 ..     244     474 .. 0.94



Internal pipeline statistics summary:
-------------------------------------
Query model(s):                            1  (418 nodes)
Target sequences:                       4129  (1285408 residues searched)
Passed MSV filter:                       103  (0.0249455); expected 82.6 (0.02)
Passed bias filter:                       83  (0.0201017); expected 82.6 (0.02)
Passed Vit filter:                        15  (0.00363284); expected 4.1 (0.001)
Passed Fwd filter:                         4  (0.000968758); expected 0.0 (1e-05)
Initial search space (Z):               4129  [actual number of targets]
Domain search space  (domZ):               1  [number of targets reported over threshold]
# CPU time: 0.06u 0.00s 00:00:00.06 Elapsed: 00:00:00.06
# Mc/sec: 8140.13
//
Query:       TIGR00416  [M=454]
Accession:   TIGR00416
Description: sms: DNA repair protein RadA
Scores for complete sequences (score includes all domains):
   --- full sequence ---   --- best 1 domain ---    -#dom-
    E-value  score  bias    E-value  score  bias    exp  N  Sequence                  Description
    ------- ------ -----    ------- ------ -----   ---- --  --------                  -----------
   1.7e-164  545.8   0.0   1.8e-164  545.6   0.0    1.0  1  NZ_JBDGIY010000001.1_1243  # 1335489 # 1336877 # -1 # ID=1_1243;partial=00;start_type=ATG;rbs_motif=None;rbs_spacer=None;gc_cont=0.700


Domain annotation for each sequence:
>> NZ_JBDGIY010000001.1_1243  # 1335489 # 1336877 # -1 # ID=1_1243;partial=00;start_type=ATG;rbs_motif=None;rbs_spacer=None;gc_cont=0.700
   #    score  bias  c-Evalue  i-Evalue hmmfrom  hmm to    alifrom  ali to    envfrom  env to     acc
 ---   ------ ----- --------- --------- ------- -------    ------- -------    ------- -------    ----
   1 !  545.6   0.0  4.5e-168  1.8e-164       1     447 [.       1     442 [.       1     449 [. 0.94



Internal pipeline statistics summary:
-------------------------------------
Query model(s):                            1  (454 nodes)
Target sequences:                       4129  (1285408 residues searched)
Passed MSV filter:                       203  (0.0491644); expected 82.6 (0.02)
Passed bias filter:                      179  (0.0433519); expected 82.6 (0.02)
Passed Vit filter:                        48  (0.0116251); expected 4.1 (0.001)
Passed Fwd filter:                         8  (0.00193752); expected 0.0 (1e-05)
Initial search space (Z):               4129  [actual number of targets]
Domain search space  (domZ):               1  [number of targets reported over threshold]
# CPU time: 0.08u 0.00s 00:00:00.08 Elapsed: 00:00:00.09
# Mc/sec: 6306.48
//
Query:       TIGR00420  [M=351]
Accession:   TIGR00420
Description: trmU: tRNA (5-methylaminomethyl-2-thiouridylate)-methyltransferase
Scores for complete sequences (score includes all domains):
   --- full sequence ---   --- best 1 domain ---    -#dom-
    E-value  score  bias    E-value  score  bias    exp  N  Sequence                  Description
    ------- ------ -----    ------- ------ -----   ---- --  --------                  -----------
   8.8e-100  331.8   0.0      1e-99  331.6   0.0    1.0  1  NZ_JBDGIY010000001.1_2950  # 3093956 # 3095107 # -1 # ID=1_2950;partial=00;start_type=ATG;rbs_motif=GGA/GAG/AGG;rbs_spacer=5-10bp;gc_cont=0.656


Domain annotation for each sequence:
>> NZ_JBDGIY010000001.1_2950  # 3093956 # 3095107 # -1 # ID=1_2950;partial=00;start_type=ATG;rbs_motif=GGA/GAG/AGG;rbs_spacer=5-10bp;gc_cont=0.656
   #    score  bias  c-Evalue  i-Evalue hmmfrom  hmm to    alifrom  ali to    envfrom  env to     acc
 ---   ------ ----- --------- --------- ------- -------    ------- -------    ------- -------    ----
   1 !  331.6   0.0  2.4e-103     1e-99       2     351 .]      16     373 ..      15     373 .. 0.93



Internal pipeline statistics summary:
-------------------------------------
Query model(s):                            1  (351 nodes)
Target sequences:                       4129  (1285408 residues searched)
Passed MSV filter:                        62  (0.0150157); expected 82.6 (0.02)
Passed bias filter:                       61  (0.0147736); expected 82.6 (0.02)
Passed Vit filter:                         7  (0.00169533); expected 4.1 (0.001)
Passed Fwd filter:                         3  (0.000726568); expected 0.0 (1e-05)
Initial search space (Z):               4129  [actual number of targets]
Domain search space  (domZ):               1  [number of targets reported over threshold]
# CPU time: 0.03u 0.00s 00:00:00.03 Elapsed: 00:00:00.04
# Mc/sec: 11101.07
//
Query:       TIGR00431  [M=210]
Accession:   TIGR00431
Description: TruB: tRNA pseudouridine(55) synthase
Scores for complete sequences (score includes all domains):
   --- full sequence ---   --- best 1 domain ---    -#dom-
    E-value  score  bias    E-value  score  bias    exp  N  Sequence                 Description
    ------- ------ -----    ------- ------ -----   ---- --  --------                 -----------
    1.3e-68  228.6   0.0    1.6e-68  228.4   0.0    1.1  1  NZ_JBDGIY010000002.1_218  # 221832 # 222731 # 1 # ID=2_218;partial=00;start_type=ATG;rbs_motif=AGGA/GGAG/GAGG;rbs_spacer=11-12bp;gc_cont=0.660


Domain annotation for each sequence:
>> NZ_JBDGIY010000002.1_218  # 221832 # 222731 # 1 # ID=2_218;partial=00;start_type=ATG;rbs_motif=AGGA/GGAG/GAGG;rbs_spacer=11-12bp;gc_cont=0.660
   #    score  bias  c-Evalue  i-Evalue hmmfrom  hmm to    alifrom  ali to    envfrom  env to     acc
 ---   ------ ----- --------- --------- ------- -------    ------- -------    ------- -------    ----
   1 !  228.4   0.0   3.9e-72   1.6e-68       2     209 ..      12     218 ..      11     219 .. 0.97



Internal pipeline statistics summary:
-------------------------------------
Query model(s):                            1  (210 nodes)
Target sequences:                       4129  (1285408 residues searched)
Passed MSV filter:                        73  (0.0176798); expected 82.6 (0.02)
Passed bias filter:                       67  (0.0162267); expected 82.6 (0.02)
Passed Vit filter:                         3  (0.000726568); expected 4.1 (0.001)
Passed Fwd filter:                         1  (0.000242189); expected 0.0 (1e-05)
Initial search space (Z):               4129  [actual number of targets]
Domain search space  (domZ):               1  [number of targets reported over threshold]
# CPU time: 0.03u 0.00s 00:00:00.03 Elapsed: 00:00:00.02
# Mc/sec: 10184.92
//
Query:       TIGR00435  [M=466]
Accession:   TIGR00435
Description: cysS: cysteine--tRNA ligase
Scores for complete sequences (score includes all domains):
   --- full sequence ---   --- best 1 domain ---    -#dom-
    E-value  score  bias    E-value  score  bias    exp  N  Sequence                  Description
    ------- ------ -----    ------- ------ -----   ---- --  --------                  -----------
   7.2e-136  451.8   0.0   1.2e-135  451.0   0.0    1.3  1  NZ_JBDGIY010000001.1_1138  # 1235631 # 1237049 # 1 # ID=1_1138;partial=00;start_type=TTG;rbs_motif=GGAG/GAGG;rbs_spacer=5-10bp;gc_cont=0.677


Domain annotation for each sequence:
>> NZ_JBDGIY010000001.1_1138  # 1235631 # 1237049 # 1 # ID=1_1138;partial=00;start_type=TTG;rbs_motif=GGAG/GAGG;rbs_spacer=5-10bp;gc_cont=0.677
   #    score  bias  c-Evalue  i-Evalue hmmfrom  hmm to    alifrom  ali to    envfrom  env to     acc
 ---   ------ ----- --------- --------- ------- -------    ------- -------    ------- -------    ----
   1 !  451.0   0.0  2.9e-139  1.2e-135       1     461 [.       7     461 ..       7     467 .. 0.90



Internal pipeline statistics summary:
-------------------------------------
Query model(s):                            1  (466 nodes)
Target sequences:                       4129  (1285408 residues searched)
Passed MSV filter:                        84  (0.0203439); expected 82.6 (0.02)
Passed bias filter:                       80  (0.0193752); expected 82.6 (0.02)
Passed Vit filter:                        18  (0.00435941); expected 4.1 (0.001)
Passed Fwd filter:                         8  (0.00193752); expected 0.0 (1e-05)
Initial search space (Z):               4129  [actual number of targets]
Domain search space  (domZ):               1  [number of targets reported over threshold]
# CPU time: 0.07u 0.00s 00:00:00.07 Elapsed: 00:00:00.10
# Mc/sec: 5921.73
//
Query:       TIGR00436  [M=270]
Accession:   TIGR00436
Description: era: GTP-binding protein Era
Scores for complete sequences (score includes all domains):
   --- full sequence ---   --- best 1 domain ---    -#dom-
    E-value  score  bias    E-value  score  bias    exp  N  Sequence                  Description
    ------- ------ -----    ------- ------ -----   ---- --  --------                  -----------
    1.8e-74  248.3   0.0    2.1e-74  248.1   0.0    1.0  1  NZ_JBDGIY010000001.1_1357  # 1447753 # 1448697 # 1 # ID=1_1357;partial=00;start_type=ATG;rbs_motif=GGxGG;rbs_spacer=5-10bp;gc_cont=0.643
    1.3e-40  137.4   0.0    5.7e-20   69.6   0.0    2.1  0  NZ_JBDGIY010000001.1_1238  # 1329248 # 1330684 # 1 # ID=1_1238;partial=00;start_type=TTG;rbs_motif=3Base/5BMM;rbs_spacer=13-15bp;gc_cont=0.662


Domain annotation for each sequence:
>> NZ_JBDGIY010000001.1_1357  # 1447753 # 1448697 # 1 # ID=1_1357;partial=00;start_type=ATG;rbs_motif=GGxGG;rbs_spacer=5-10bp;gc_cont=0.643
   #    score  bias  c-Evalue  i-Evalue hmmfrom  hmm to    alifrom  ali to    envfrom  env to     acc
 ---   ------ ----- --------- --------- ------- -------    ------- -------    ------- -------    ----
   1 !  248.1   0.0     1e-77   2.1e-74       1     270 []      23     293 ..      23     293 .. 0.99

>> NZ_JBDGIY010000001.1_1238  # 1329248 # 1330684 # 1 # ID=1_1238;partial=00;start_type=TTG;rbs_motif=3Base/5BMM;rbs_spacer=13-15bp;gc_cont=0.662
   [No individual domains that satisfy reporting thresholds (although complete target did)]



Internal pipeline statistics summary:
-------------------------------------
Query model(s):                            1  (270 nodes)
Target sequences:                       4129  (1285408 residues searched)
Passed MSV filter:                       214  (0.0518285); expected 82.6 (0.02)
Passed bias filter:                      207  (0.0501332); expected 82.6 (0.02)
Passed Vit filter:                       107  (0.0259143); expected 4.1 (0.001)
Passed Fwd filter:                        14  (0.00339065); expected 0.0 (1e-05)
Initial search space (Z):               4129  [actual number of targets]
Domain search space  (domZ):               2  [number of targets reported over threshold]
# CPU time: 0.07u 0.01s 00:00:00.08 Elapsed: 00:00:00.07
# Mc/sec: 4448.89
//
Query:       TIGR00442  [M=406]
Accession:   TIGR00442
Description: hisS: histidine--tRNA ligase
Scores for complete sequences (score includes all domains):
   --- full sequence ---   --- best 1 domain ---    -#dom-
    E-value  score  bias    E-value  score  bias    exp  N  Sequence                 Description
    ------- ------ -----    ------- ------ -----   ---- --  --------                 -----------
   9.9e-116  384.9   0.0   1.2e-115  384.5   0.0    1.0  1  NZ_JBDGIY010000001.1_873  # 959551 # 960996 # -1 # ID=1_873;partial=00;start_type=ATG;rbs_motif=None;rbs_spacer=None;gc_cont=0.649


Domain annotation for each sequence:
>> NZ_JBDGIY010000001.1_873  # 959551 # 960996 # -1 # ID=1_873;partial=00;start_type=ATG;rbs_motif=None;rbs_spacer=None;gc_cont=0.649
   #    score  bias  c-Evalue  i-Evalue hmmfrom  hmm to    alifrom  ali to    envfrom  env to     acc
 ---   ------ ----- --------- --------- ------- -------    ------- -------    ------- -------    ----
   1 !  384.5   0.0    3e-119  1.2e-115       2     402 ..      12     436 ..      11     439 .. 0.91



Internal pipeline statistics summary:
-------------------------------------
Query model(s):                            1  (406 nodes)
Target sequences:                       4129  (1285408 residues searched)
Passed MSV filter:                       106  (0.0256721); expected 82.6 (0.02)
Passed bias filter:                       87  (0.0210705); expected 82.6 (0.02)
Passed Vit filter:                        13  (0.00314846); expected 4.1 (0.001)
Passed Fwd filter:                         6  (0.00145314); expected 0.0 (1e-05)
Initial search space (Z):               4129  [actual number of targets]
Domain search space  (domZ):               1  [number of targets reported over threshold]
# CPU time: 0.06u 0.00s 00:00:00.06 Elapsed: 00:00:00.08
# Mc/sec: 6342.27
//
Query:       TIGR00445  [M=321]
Accession:   TIGR00445
Description: mraY: phospho-N-acetylmuramoyl-pentapeptide-transferase
Scores for complete sequences (score includes all domains):
   --- full sequence ---   --- best 1 domain ---    -#dom-
    E-value  score  bias    E-value  score  bias    exp  N  Sequence                  Description
    ------- ------ -----    ------- ------ -----   ---- --  --------                  -----------
   6.7e-120  398.2  15.3   7.9e-120  398.0  15.3    1.0  1  NZ_JBDGIY010000001.1_2257  # 2368018 # 2369103 # -1 # ID=1_2257;partial=00;start_type=ATG;rbs_motif=GGA/GAG/AGG;rbs_spacer=5-10bp;gc_cont=0.619


Domain annotation for each sequence:
>> NZ_JBDGIY010000001.1_2257  # 2368018 # 2369103 # -1 # ID=1_2257;partial=00;start_type=ATG;rbs_motif=GGA/GAG/AGG;rbs_spacer=5-10bp;gc_cont=0.619
   #    score  bias  c-Evalue  i-Evalue hmmfrom  hmm to    alifrom  ali to    envfrom  env to     acc
 ---   ------ ----- --------- --------- ------- -------    ------- -------    ------- -------    ----
   1 !  398.0  15.3  1.9e-123  7.9e-120       3     321 .]      38     361 ..      36     361 .. 0.96



Internal pipeline statistics summary:
-------------------------------------
Query model(s):                            1  (321 nodes)
Target sequences:                       4129  (1285408 residues searched)
Passed MSV filter:                       179  (0.0433519); expected 82.6 (0.02)
Passed bias filter:                       51  (0.0123517); expected 82.6 (0.02)
Passed Vit filter:                         3  (0.000726568); expected 4.1 (0.001)
Passed Fwd filter:                         3  (0.000726568); expected 0.0 (1e-05)
Initial search space (Z):               4129  [actual number of targets]
Domain search space  (domZ):               1  [number of targets reported over threshold]
# CPU time: 0.04u 0.00s 00:00:00.04 Elapsed: 00:00:00.05
# Mc/sec: 7170.32
//
Query:       TIGR00448  [M=179]
Accession:   TIGR00448
Description: rpoE: DNA-directed RNA polymerase
Scores for complete sequences (score includes all domains):
   --- full sequence ---   --- best 1 domain ---    -#dom-
    E-value  score  bias    E-value  score  bias    exp  N  Sequence Description
    ------- ------ -----    ------- ------ -----   ---- --  -------- -----------

   [No hits detected that satisfy reporting thresholds]


Domain annotation for each sequence:

   [No targets detected that satisfy reporting thresholds]


Internal pipeline statistics summary:
-------------------------------------
Query model(s):                            1  (179 nodes)
Target sequences:                       4129  (1285408 residues searched)
Passed MSV filter:                        89  (0.0215549); expected 82.6 (0.02)
Passed bias filter:                       81  (0.0196173); expected 82.6 (0.02)
Passed Vit filter:                         8  (0.00193752); expected 4.1 (0.001)
Passed Fwd filter:                         3  (0.000726568); expected 0.0 (1e-05)
Initial search space (Z):               4129  [actual number of targets]
Domain search space  (domZ):               0  [number of targets reported over threshold]
# CPU time: 0.03u 0.00s 00:00:00.03 Elapsed: 00:00:00.03
# Mc/sec: 7648.79
//
Query:       TIGR00456  [M=569]
Accession:   TIGR00456
Description: argS: arginine--tRNA ligase
Scores for complete sequences (score includes all domains):
   --- full sequence ---   --- best 1 domain ---    -#dom-
    E-value  score  bias    E-value  score  bias    exp  N  Sequence                  Description
    ------- ------ -----    ------- ------ -----   ---- --  --------                  -----------
     1e-111  371.9   0.0   2.6e-111  370.6   0.0    1.6  1  NZ_JBDGIY010000001.1_2145  # 2242788 # 2244533 # -1 # ID=1_2145;partial=00;start_type=ATG;rbs_motif=GGA/GAG/AGG;rbs_spacer=5-10bp;gc_cont=0.653


Domain annotation for each sequence:
>> NZ_JBDGIY010000001.1_2145  # 2242788 # 2244533 # -1 # ID=1_2145;partial=00;start_type=ATG;rbs_motif=GGA/GAG/AGG;rbs_spacer=5-10bp;gc_cont=0.653
   #    score  bias  c-Evalue  i-Evalue hmmfrom  hmm to    alifrom  ali to    envfrom  env to     acc
 ---   ------ ----- --------- --------- ------- -------    ------- -------    ------- -------    ----
   1 !  370.6   0.0  6.2e-115  2.6e-111       3     568 ..       9     579 ..       7     580 .. 0.89



Internal pipeline statistics summary:
-------------------------------------
Query model(s):                            1  (569 nodes)
Target sequences:                       4129  (1285408 residues searched)
Passed MSV filter:                        95  (0.023008); expected 82.6 (0.02)
Passed bias filter:                       90  (0.021797); expected 82.6 (0.02)
Passed Vit filter:                        20  (0.00484379); expected 4.1 (0.001)
Passed Fwd filter:                         4  (0.000968758); expected 0.0 (1e-05)
Initial search space (Z):               4129  [actual number of targets]
Domain search space  (domZ):               1  [number of targets reported over threshold]
# CPU time: 0.08u 0.00s 00:00:00.08 Elapsed: 00:00:00.09
# Mc/sec: 7528.54
//
Query:       TIGR00459  [M=586]
Accession:   TIGR00459
Description: aspS_bact: aspartate--tRNA ligase
Scores for complete sequences (score includes all domains):
   --- full sequence ---   --- best 1 domain ---    -#dom-
    E-value  score  bias    E-value  score  bias    exp  N  Sequence                  Description
    ------- ------ -----    ------- ------ -----   ---- --  --------                  -----------
   3.3e-177  588.2   0.0   3.8e-177  588.0   0.0    1.0  1  NZ_JBDGIY010000001.1_2032  # 2129922 # 2131688 # -1 # ID=1_2032;partial=00;start_type=ATG;rbs_motif=GGA/GAG/AGG;rbs_spacer=5-10bp;gc_cont=0.644


Domain annotation for each sequence:
>> NZ_JBDGIY010000001.1_2032  # 2129922 # 2131688 # -1 # ID=1_2032;partial=00;start_type=ATG;rbs_motif=GGA/GAG/AGG;rbs_spacer=5-10bp;gc_cont=0.644
   #    score  bias  c-Evalue  i-Evalue hmmfrom  hmm to    alifrom  ali to    envfrom  env to     acc
 ---   ------ ----- --------- --------- ------- -------    ------- -------    ------- -------    ----
   1 !  588.0   0.0  9.3e-181  3.8e-177       3     584 ..       5     586 ..       3     588 .. 0.98



Internal pipeline statistics summary:
-------------------------------------
Query model(s):                            1  (586 nodes)
Target sequences:                       4129  (1285408 residues searched)
Passed MSV filter:                        69  (0.0167111); expected 82.6 (0.02)
Passed bias filter:                       63  (0.0152579); expected 82.6 (0.02)
Passed Vit filter:                         6  (0.00145314); expected 4.1 (0.001)
Passed Fwd filter:                         2  (0.000484379); expected 0.0 (1e-05)
Initial search space (Z):               4129  [actual number of targets]
Domain search space  (domZ):               1  [number of targets reported over threshold]
# CPU time: 0.06u 0.00s 00:00:00.06 Elapsed: 00:00:00.06
# Mc/sec: 11049.88
//
Query:       TIGR00460  [M=315]
Accession:   TIGR00460
Description: fmt: methionyl-tRNA formyltransferase
Scores for complete sequences (score includes all domains):
   --- full sequence ---   --- best 1 domain ---    -#dom-
    E-value  score  bias    E-value  score  bias    exp  N  Sequence                 Description
    ------- ------ -----    ------- ------ -----   ---- --  --------                 -----------
    1.6e-80  268.4   0.0    1.9e-80  268.2   0.0    1.0  1  NZ_JBDGIY010000001.1_469  # 503052 # 503972 # -1 # ID=1_469;partial=00;start_type=ATG;rbs_motif=GGA/GAG/AGG;rbs_spacer=5-10bp;gc_cont=0.691


Domain annotation for each sequence:
>> NZ_JBDGIY010000001.1_469  # 503052 # 503972 # -1 # ID=1_469;partial=00;start_type=ATG;rbs_motif=GGA/GAG/AGG;rbs_spacer=5-10bp;gc_cont=0.691
   #    score  bias  c-Evalue  i-Evalue hmmfrom  hmm to    alifrom  ali to    envfrom  env to     acc
 ---   ------ ----- --------- --------- ------- -------    ------- -------    ------- -------    ----
   1 !  268.2   0.0   4.6e-84   1.9e-80       1     304 [.       1     298 [.       1     305 [. 0.94



Internal pipeline statistics summary:
-------------------------------------
Query model(s):                            1  (315 nodes)
Target sequences:                       4129  (1285408 residues searched)
Passed MSV filter:                        82  (0.0198595); expected 82.6 (0.02)
Passed bias filter:                       80  (0.0193752); expected 82.6 (0.02)
Passed Vit filter:                         6  (0.00145314); expected 4.1 (0.001)
Passed Fwd filter:                         3  (0.000726568); expected 0.0 (1e-05)
Initial search space (Z):               4129  [actual number of targets]
Domain search space  (domZ):               1  [number of targets reported over threshold]
# CPU time: 0.04u 0.00s 00:00:00.04 Elapsed: 00:00:00.03
# Mc/sec: 11466.16
//
Query:       TIGR00468  [M=324]
Accession:   TIGR00468
Description: pheS: phenylalanine--tRNA ligase, alpha subunit
Scores for complete sequences (score includes all domains):
   --- full sequence ---   --- best 1 domain ---    -#dom-
    E-value  score  bias    E-value  score  bias    exp  N  Sequence                 Description
    ------- ------ -----    ------- ------ -----   ---- --  --------                 -----------
    1.1e-97  325.0   0.0    3.7e-96  320.0   0.0    2.1  1  NZ_JBDGIY010000001.1_198  # 221820 # 222950 # -1 # ID=1_198;partial=00;start_type=ATG;rbs_motif=GGA/GAG/AGG;rbs_spacer=5-10bp;gc_cont=0.658


Domain annotation for each sequence:
>> NZ_JBDGIY010000001.1_198  # 221820 # 222950 # -1 # ID=1_198;partial=00;start_type=ATG;rbs_motif=GGA/GAG/AGG;rbs_spacer=5-10bp;gc_cont=0.658
   #    score  bias  c-Evalue  i-Evalue hmmfrom  hmm to    alifrom  ali to    envfrom  env to     acc
 ---   ------ ----- --------- --------- ------- -------    ------- -------    ------- -------    ----
   1 !  320.0   0.0    9e-100   3.7e-96       7     321 ..      46     359 ..      40     361 .. 0.93



Internal pipeline statistics summary:
-------------------------------------
Query model(s):                            1  (324 nodes)
Target sequences:                       4129  (1285408 residues searched)
Passed MSV filter:                        86  (0.0208283); expected 82.6 (0.02)
Passed bias filter:                       86  (0.0208283); expected 82.6 (0.02)
Passed Vit filter:                        11  (0.00266408); expected 4.1 (0.001)
Passed Fwd filter:                         2  (0.000484379); expected 0.0 (1e-05)
Initial search space (Z):               4129  [actual number of targets]
Domain search space  (domZ):               1  [number of targets reported over threshold]
# CPU time: 0.04u 0.00s 00:00:00.04 Elapsed: 00:00:00.05
# Mc/sec: 7997.04
//
Query:       TIGR00472  [M=798]
Accession:   TIGR00472
Description: pheT_bact: phenylalanine--tRNA ligase, beta subunit
Scores for complete sequences (score includes all domains):
   --- full sequence ---   --- best 1 domain ---    -#dom-
    E-value  score  bias    E-value  score  bias    exp  N  Sequence                 Description
    ------- ------ -----    ------- ------ -----   ---- --  --------                 -----------
   4.3e-212  704.4   0.0   4.8e-212  704.2   0.0    1.0  1  NZ_JBDGIY010000001.1_196  # 218589 # 221000 # -1 # ID=1_196;partial=00;start_type=ATG;rbs_motif=None;rbs_spacer=None;gc_cont=0.676


Domain annotation for each sequence:
>> NZ_JBDGIY010000001.1_196  # 218589 # 221000 # -1 # ID=1_196;partial=00;start_type=ATG;rbs_motif=None;rbs_spacer=None;gc_cont=0.676
   #    score  bias  c-Evalue  i-Evalue hmmfrom  hmm to    alifrom  ali to    envfrom  env to     acc
 ---   ------ ----- --------- --------- ------- -------    ------- -------    ------- -------    ----
   1 !  704.2   0.0  1.2e-215  4.8e-212       1     798 []       1     802 [.       1     802 [. 0.94



Internal pipeline statistics summary:
-------------------------------------
Query model(s):                            1  (798 nodes)
Target sequences:                       4129  (1285408 residues searched)
Passed MSV filter:                        66  (0.0159845); expected 82.6 (0.02)
Passed bias filter:                       64  (0.0155001); expected 82.6 (0.02)
Passed Vit filter:                         7  (0.00169533); expected 4.1 (0.001)
Passed Fwd filter:                         1  (0.000242189); expected 0.0 (1e-05)
Initial search space (Z):               4129  [actual number of targets]
Domain search space  (domZ):               1  [number of targets reported over threshold]
# CPU time: 0.08u 0.01s 00:00:00.09 Elapsed: 00:00:00.08
# Mc/sec: 11524.64
//
Query:       TIGR00483  [M=427]
Accession:   TIGR00483
Description: EF-1_alpha: translation elongation factor EF-1, subunit alpha
Scores for complete sequences (score includes all domains):
   --- full sequence ---   --- best 1 domain ---    -#dom-
    E-value  score  bias    E-value  score  bias    exp  N  Sequence Description
    ------- ------ -----    ------- ------ -----   ---- --  -------- -----------

   [No hits detected that satisfy reporting thresholds]


Domain annotation for each sequence:

   [No targets detected that satisfy reporting thresholds]


Internal pipeline statistics summary:
-------------------------------------
Query model(s):                            1  (427 nodes)
Target sequences:                       4129  (1285408 residues searched)
Passed MSV filter:                        96  (0.0232502); expected 82.6 (0.02)
Passed bias filter:                       85  (0.0205861); expected 82.6 (0.02)
Passed Vit filter:                        15  (0.00363284); expected 4.1 (0.001)
Passed Fwd filter:                         8  (0.00193752); expected 0.0 (1e-05)
Initial search space (Z):               4129  [actual number of targets]
Domain search space  (domZ):               0  [number of targets reported over threshold]
# CPU time: 0.08u 0.00s 00:00:00.08 Elapsed: 00:00:00.08
# Mc/sec: 6260.41
//
Query:       TIGR00487  [M=587]
Accession:   TIGR00487
Description: IF-2: translation initiation factor IF-2
Scores for complete sequences (score includes all domains):
   --- full sequence ---   --- best 1 domain ---    -#dom-
    E-value  score  bias    E-value  score  bias    exp  N  Sequence                 Description
    ------- ------ -----    ------- ------ -----   ---- --  --------                 -----------
   3.5e-243  806.5  22.6   4.6e-243  806.1  22.6    1.1  1  NZ_JBDGIY010000002.1_209  # 210276 # 213068 # 1 # ID=2_209;partial=00;start_type=GTG;rbs_motif=GGA/GAG/AGG;rbs_spacer=5-10bp;gc_cont=0.687


Domain annotation for each sequence:
>> NZ_JBDGIY010000002.1_209  # 210276 # 213068 # 1 # ID=2_209;partial=00;start_type=GTG;rbs_motif=GGA/GAG/AGG;rbs_spacer=5-10bp;gc_cont=0.687
   #    score  bias  c-Evalue  i-Evalue hmmfrom  hmm to    alifrom  ali to    envfrom  env to     acc
 ---   ------ ----- --------- --------- ------- -------    ------- -------    ------- -------    ----
   1 !  806.1  22.6  1.1e-246  4.6e-243       3     586 ..     347     930 ..     345     930 .. 0.98



Internal pipeline statistics summary:
-------------------------------------
Query model(s):                            1  (587 nodes)
Target sequences:                       4129  (1285408 residues searched)
Passed MSV filter:                       154  (0.0372972); expected 82.6 (0.02)
Passed bias filter:                      107  (0.0259143); expected 82.6 (0.02)
Passed Vit filter:                        23  (0.00557036); expected 4.1 (0.001)
Passed Fwd filter:                        10  (0.00242189); expected 0.0 (1e-05)
Initial search space (Z):               4129  [actual number of targets]
Domain search space  (domZ):               1  [number of targets reported over threshold]
# CPU time: 0.13u 0.00s 00:00:00.13 Elapsed: 00:00:00.13
# Mc/sec: 5518.27
//
Query:       TIGR00491  [M=594]
Accession:   TIGR00491
Description: aIF-2: translation initiation factor aIF-2
Scores for complete sequences (score includes all domains):
   --- full sequence ---   --- best 1 domain ---    -#dom-
    E-value  score  bias    E-value  score  bias    exp  N  Sequence Description
    ------- ------ -----    ------- ------ -----   ---- --  -------- -----------

   [No hits detected that satisfy reporting thresholds]


Domain annotation for each sequence:

   [No targets detected that satisfy reporting thresholds]


Internal pipeline statistics summary:
-------------------------------------
Query model(s):                            1  (594 nodes)
Target sequences:                       4129  (1285408 residues searched)
Passed MSV filter:                       122  (0.0295471); expected 82.6 (0.02)
Passed bias filter:                       98  (0.0237346); expected 82.6 (0.02)
Passed Vit filter:                        15  (0.00363284); expected 4.1 (0.001)
Passed Fwd filter:                         8  (0.00193752); expected 0.0 (1e-05)
Initial search space (Z):               4129  [actual number of targets]
Domain search space  (domZ):               0  [number of targets reported over threshold]
# CPU time: 0.10u 0.00s 00:00:00.10 Elapsed: 00:00:00.10
# Mc/sec: 7604.28
//
Query:       TIGR00496  [M=176]
Accession:   TIGR00496
Description: frr: ribosome recycling factor
Scores for complete sequences (score includes all domains):
   --- full sequence ---   --- best 1 domain ---    -#dom-
    E-value  score  bias    E-value  score  bias    exp  N  Sequence                  Description
    ------- ------ -----    ------- ------ -----   ---- --  --------                  -----------
    1.1e-63  211.9   0.4    1.2e-63  211.7   0.4    1.0  1  NZ_JBDGIY010000001.1_1771  # 1882305 # 1882865 # 1 # ID=1_1771;partial=00;start_type=ATG;rbs_motif=AGGAG;rbs_spacer=5-10bp;gc_cont=0.660


Domain annotation for each sequence:
>> NZ_JBDGIY010000001.1_1771  # 1882305 # 1882865 # 1 # ID=1_1771;partial=00;start_type=ATG;rbs_motif=AGGAG;rbs_spacer=5-10bp;gc_cont=0.660
   #    score  bias  c-Evalue  i-Evalue hmmfrom  hmm to    alifrom  ali to    envfrom  env to     acc
 ---   ------ ----- --------- --------- ------- -------    ------- -------    ------- -------    ----
   1 !  211.7   0.4     3e-67   1.2e-63       1     176 []      11     186 ..      11     186 .. 0.99



Internal pipeline statistics summary:
-------------------------------------
Query model(s):                            1  (176 nodes)
Target sequences:                       4129  (1285408 residues searched)
Passed MSV filter:                        85  (0.0205861); expected 82.6 (0.02)
Passed bias filter:                       66  (0.0159845); expected 82.6 (0.02)
Passed Vit filter:                         5  (0.00121095); expected 4.1 (0.001)
Passed Fwd filter:                         1  (0.000242189); expected 0.0 (1e-05)
Initial search space (Z):               4129  [actual number of targets]
Domain search space  (domZ):               1  [number of targets reported over threshold]
# CPU time: 0.02u 0.00s 00:00:00.02 Elapsed: 00:00:00.03
# Mc/sec: 7224.28
//
Query:       TIGR00522  [M=258]
Accession:   TIGR00522
Description: dph5: diphthine synthase
Scores for complete sequences (score includes all domains):
   --- full sequence ---   --- best 1 domain ---    -#dom-
    E-value  score  bias    E-value  score  bias    exp  N  Sequence Description
    ------- ------ -----    ------- ------ -----   ---- --  -------- -----------

   [No hits detected that satisfy reporting thresholds]


Domain annotation for each sequence:

   [No targets detected that satisfy reporting thresholds]


Internal pipeline statistics summary:
-------------------------------------
Query model(s):                            1  (258 nodes)
Target sequences:                       4129  (1285408 residues searched)
Passed MSV filter:                        91  (0.0220392); expected 82.6 (0.02)
Passed bias filter:                       85  (0.0205861); expected 82.6 (0.02)
Passed Vit filter:                         4  (0.000968758); expected 4.1 (0.001)
Passed Fwd filter:                         0  (0); expected 0.0 (1e-05)
Initial search space (Z):               4129  [actual number of targets]
Domain search space  (domZ):               0  [number of targets reported over threshold]
# CPU time: 0.03u 0.00s 00:00:00.03 Elapsed: 00:00:00.03
# Mc/sec: 9235.02
//
Query:       TIGR00539  [M=361]
Accession:   TIGR00539
Description: hemN_rel: putative oxygen-independent coproporphyrinogen III oxidase
Scores for complete sequences (score includes all domains):
   --- full sequence ---   --- best 1 domain ---    -#dom-
    E-value  score  bias    E-value  score  bias    exp  N  Sequence                 Description
    ------- ------ -----    ------- ------ -----   ---- --  --------                 -----------
    1.2e-84  282.3   0.0    1.5e-84  282.0   0.0    1.0  1  NZ_JBDGIY010000002.1_239  # 243281 # 244471 # -1 # ID=2_239;partial=00;start_type=ATG;rbs_motif=GGAG/GAGG;rbs_spacer=5-10bp;gc_cont=0.671


Domain annotation for each sequence:
>> NZ_JBDGIY010000002.1_239  # 243281 # 244471 # -1 # ID=2_239;partial=00;start_type=ATG;rbs_motif=GGAG/GAGG;rbs_spacer=5-10bp;gc_cont=0.671
   #    score  bias  c-Evalue  i-Evalue hmmfrom  hmm to    alifrom  ali to    envfrom  env to     acc
 ---   ------ ----- --------- --------- ------- -------    ------- -------    ------- -------    ----
   1 !  282.0   0.0   3.6e-88   1.5e-84       3     339 ..      21     366 ..      19     379 .. 0.92



Internal pipeline statistics summary:
-------------------------------------
Query model(s):                            1  (361 nodes)
Target sequences:                       4129  (1285408 residues searched)
Passed MSV filter:                        89  (0.0215549); expected 82.6 (0.02)
Passed bias filter:                       88  (0.0213127); expected 82.6 (0.02)
Passed Vit filter:                        11  (0.00266408); expected 4.1 (0.001)
Passed Fwd filter:                         4  (0.000968758); expected 0.0 (1e-05)
Initial search space (Z):               4129  [actual number of targets]
Domain search space  (domZ):               1  [number of targets reported over threshold]
# CPU time: 0.04u 0.00s 00:00:00.04 Elapsed: 00:00:00.04
# Mc/sec: 10807.56
//
Query:       TIGR00580  [M=923]
Accession:   TIGR00580
Description: mfd: transcription-repair coupling factor
Scores for complete sequences (score includes all domains):
   --- full sequence ---   --- best 1 domain ---    -#dom-
    E-value  score  bias    E-value  score  bias    exp  N  Sequence                  Description
    ------- ------ -----    ------- ------ -----   ---- --  --------                  -----------
          0 1022.0   0.0          0 1021.8   0.0    1.0  1  NZ_JBDGIY010000001.1_2107  # 2197807 # 2201307 # -1 # ID=1_2107;partial=00;start_type=ATG;rbs_motif=GGA/GAG/AGG;rbs_spacer=5-10bp;gc_cont=0.666


Domain annotation for each sequence:
>> NZ_JBDGIY010000001.1_2107  # 2197807 # 2201307 # -1 # ID=1_2107;partial=00;start_type=ATG;rbs_motif=GGA/GAG/AGG;rbs_spacer=5-10bp;gc_cont=0.666
   #    score  bias  c-Evalue  i-Evalue hmmfrom  hmm to    alifrom  ali to    envfrom  env to     acc
 ---   ------ ----- --------- --------- ------- -------    ------- -------    ------- -------    ----
   1 ! 1021.8   0.0         0         0       4     922 ..     149    1087 ..     146    1088 .. 0.93



Internal pipeline statistics summary:
-------------------------------------
Query model(s):                            1  (923 nodes)
Target sequences:                       4129  (1285408 residues searched)
Passed MSV filter:                       113  (0.0273674); expected 82.6 (0.02)
Passed bias filter:                       92  (0.0222814); expected 82.6 (0.02)
Passed Vit filter:                        20  (0.00484379); expected 4.1 (0.001)
Passed Fwd filter:                         7  (0.00169533); expected 0.0 (1e-05)
Initial search space (Z):               4129  [actual number of targets]
Domain search space  (domZ):               1  [number of targets reported over threshold]
# CPU time: 0.13u 0.01s 00:00:00.14 Elapsed: 00:00:00.13
# Mc/sec: 8501.08
//
Query:       TIGR00593  [M=890]
Accession:   TIGR00593
Description: pola: DNA polymerase I
Scores for complete sequences (score includes all domains):
   --- full sequence ---   --- best 1 domain ---    -#dom-
    E-value  score  bias    E-value  score  bias    exp  N  Sequence                 Description
    ------- ------ -----    ------- ------ -----   ---- --  --------                 -----------
     5e-269  893.2   0.0   5.8e-269  893.0   0.0    1.0  1  NZ_JBDGIY010000001.1_226  # 248518 # 251433 # 1 # ID=1_226;partial=00;start_type=ATG;rbs_motif=GGA/GAG/AGG;rbs_spacer=5-10bp;gc_cont=0.643


Domain annotation for each sequence:
>> NZ_JBDGIY010000001.1_226  # 248518 # 251433 # 1 # ID=1_226;partial=00;start_type=ATG;rbs_motif=GGA/GAG/AGG;rbs_spacer=5-10bp;gc_cont=0.643
   #    score  bias  c-Evalue  i-Evalue hmmfrom  hmm to    alifrom  ali to    envfrom  env to     acc
 ---   ------ ----- --------- --------- ------- -------    ------- -------    ------- -------    ----
   1 !  893.0   0.0  1.4e-272  5.8e-269       1     890 []       3     971 ..       3     971 .. 0.92



Internal pipeline statistics summary:
-------------------------------------
Query model(s):                            1  (890 nodes)
Target sequences:                       4129  (1285408 residues searched)
Passed MSV filter:                        94  (0.0227658); expected 82.6 (0.02)
Passed bias filter:                       75  (0.0181642); expected 82.6 (0.02)
Passed Vit filter:                        11  (0.00266408); expected 4.1 (0.001)
Passed Fwd filter:                         3  (0.000726568); expected 0.0 (1e-05)
Initial search space (Z):               4129  [actual number of targets]
Domain search space  (domZ):               1  [number of targets reported over threshold]
# CPU time: 0.09u 0.00s 00:00:00.09 Elapsed: 00:00:00.09
# Mc/sec: 12118.87
//
Query:       TIGR00615  [M=196]
Accession:   TIGR00615
Description: recR: recombination protein RecR
Scores for complete sequences (score includes all domains):
   --- full sequence ---   --- best 1 domain ---    -#dom-
    E-value  score  bias    E-value  score  bias    exp  N  Sequence                 Description
    ------- ------ -----    ------- ------ -----   ---- --  --------                 -----------
    6.3e-60  199.8   0.0    7.2e-60  199.7   0.0    1.0  1  NZ_JBDGIY010000001.1_473  # 506466 # 507059 # -1 # ID=1_473;partial=00;start_type=ATG;rbs_motif=GGA/GAG/AGG;rbs_spacer=11-12bp;gc_cont=0.692


Domain annotation for each sequence:
>> NZ_JBDGIY010000001.1_473  # 506466 # 507059 # -1 # ID=1_473;partial=00;start_type=ATG;rbs_motif=GGA/GAG/AGG;rbs_spacer=11-12bp;gc_cont=0.692
   #    score  bias  c-Evalue  i-Evalue hmmfrom  hmm to    alifrom  ali to    envfrom  env to     acc
 ---   ------ ----- --------- --------- ------- -------    ------- -------    ------- -------    ----
   1 !  199.7   0.0   1.7e-63   7.2e-60       5     195 ..       6     194 ..       2     195 .. 0.98



Internal pipeline statistics summary:
-------------------------------------
Query model(s):                            1  (196 nodes)
Target sequences:                       4129  (1285408 residues searched)
Passed MSV filter:                        75  (0.0181642); expected 82.6 (0.02)
Passed bias filter:                       70  (0.0169533); expected 82.6 (0.02)
Passed Vit filter:                         8  (0.00193752); expected 4.1 (0.001)
Passed Fwd filter:                         2  (0.000484379); expected 0.0 (1e-05)
Initial search space (Z):               4129  [actual number of targets]
Domain search space  (domZ):               1  [number of targets reported over threshold]
# CPU time: 0.03u 0.00s 00:00:00.03 Elapsed: 00:00:00.03
# Mc/sec: 7495.54
//
Query:       TIGR00631  [M=658]
Accession:   TIGR00631
Description: uvrb: excinuclease ABC subunit B
Scores for complete sequences (score includes all domains):
   --- full sequence ---   --- best 1 domain ---    -#dom-
    E-value  score  bias    E-value  score  bias    exp  N  Sequence                  Description
    ------- ------ -----    ------- ------ -----   ---- --  --------                  -----------
          0 1010.3   0.1   9.5e-305 1009.9   0.1    1.1  1  NZ_JBDGIY010000001.1_2469  # 2581154 # 2583820 # 1 # ID=1_2469;partial=00;start_type=ATG;rbs_motif=GGA/GAG/AGG;rbs_spacer=5-10bp;gc_cont=0.669


Domain annotation for each sequence:
>> NZ_JBDGIY010000001.1_2469  # 2581154 # 2583820 # 1 # ID=1_2469;partial=00;start_type=ATG;rbs_motif=GGA/GAG/AGG;rbs_spacer=5-10bp;gc_cont=0.669
   #    score  bias  c-Evalue  i-Evalue hmmfrom  hmm to    alifrom  ali to    envfrom  env to     acc
 ---   ------ ----- --------- --------- ------- -------    ------- -------    ------- -------    ----
   1 ! 1009.9   0.1  2.3e-308  9.5e-305       2     658 .]     220     875 ..     219     875 .. 0.98



Internal pipeline statistics summary:
-------------------------------------
Query model(s):                            1  (658 nodes)
Target sequences:                       4129  (1285408 residues searched)
Passed MSV filter:                       149  (0.0360862); expected 82.6 (0.02)
Passed bias filter:                      129  (0.0312424); expected 82.6 (0.02)
Passed Vit filter:                        24  (0.00581255); expected 4.1 (0.001)
Passed Fwd filter:                        10  (0.00242189); expected 0.0 (1e-05)
Initial search space (Z):               4129  [actual number of targets]
Domain search space  (domZ):               1  [number of targets reported over threshold]
# CPU time: 0.10u 0.00s 00:00:00.10 Elapsed: 00:00:00.11
# Mc/sec: 7310.93
//
Query:       TIGR00634  [M=563]
Accession:   TIGR00634
Description: recN: DNA repair protein RecN
Scores for complete sequences (score includes all domains):
   --- full sequence ---   --- best 1 domain ---    -#dom-
    E-value  score  bias    E-value  score  bias    exp  N  Sequence                  Description
    ------- ------ -----    ------- ------ -----   ---- --  --------                  -----------
   2.6e-135  450.4  11.2   2.9e-135  450.2  11.2    1.0  1  NZ_JBDGIY010000001.1_2247  # 2355146 # 2356816 # -1 # ID=1_2247;partial=00;start_type=ATG;rbs_motif=GGA/GAG/AGG;rbs_spacer=11-12bp;gc_cont=0.689


Domain annotation for each sequence:
>> NZ_JBDGIY010000001.1_2247  # 2355146 # 2356816 # -1 # ID=1_2247;partial=00;start_type=ATG;rbs_motif=GGA/GAG/AGG;rbs_spacer=11-12bp;gc_cont=0.689
   #    score  bias  c-Evalue  i-Evalue hmmfrom  hmm to    alifrom  ali to    envfrom  env to     acc
 ---   ------ ----- --------- --------- ------- -------    ------- -------    ------- -------    ----
   1 !  450.2  11.2  7.1e-139  2.9e-135       1     561 [.       1     552 [.       1     554 [. 0.97



Internal pipeline statistics summary:
-------------------------------------
Query model(s):                            1  (563 nodes)
Target sequences:                       4129  (1285408 residues searched)
Passed MSV filter:                       244  (0.0590942); expected 82.6 (0.02)
Passed bias filter:                      161  (0.0389925); expected 82.6 (0.02)
Passed Vit filter:                        35  (0.00847663); expected 4.1 (0.001)
Passed Fwd filter:                        11  (0.00266408); expected 0.0 (1e-05)
Initial search space (Z):               4129  [actual number of targets]
Domain search space  (domZ):               1  [number of targets reported over threshold]
# CPU time: 0.09u 0.01s 00:00:00.10 Elapsed: 00:00:00.10
# Mc/sec: 7159.74
//
Query:       TIGR00635  [M=305]
Accession:   TIGR00635
Description: ruvB: Holliday junction DNA helicase RuvB
Scores for complete sequences (score includes all domains):
   --- full sequence ---   --- best 1 domain ---    -#dom-
    E-value  score  bias    E-value  score  bias    exp  N  Sequence                  Description
    ------- ------ -----    ------- ------ -----   ---- --  --------                  -----------
     8e-135  446.6   0.0   9.2e-135  446.4   0.0    1.0  1  NZ_JBDGIY010000001.1_3028  # 3176344 # 3177384 # -1 # ID=1_3028;partial=00;start_type=GTG;rbs_motif=GGA/GAG/AGG;rbs_spacer=5-10bp;gc_cont=0.687


Domain annotation for each sequence:
>> NZ_JBDGIY010000001.1_3028  # 3176344 # 3177384 # -1 # ID=1_3028;partial=00;start_type=GTG;rbs_motif=GGA/GAG/AGG;rbs_spacer=5-10bp;gc_cont=0.687
   #    score  bias  c-Evalue  i-Evalue hmmfrom  hmm to    alifrom  ali to    envfrom  env to     acc
 ---   ------ ----- --------- --------- ------- -------    ------- -------    ------- -------    ----
   1 !  446.4   0.0  2.2e-138  9.2e-135       3     304 ..      24     325 ..      22     326 .. 0.99



Internal pipeline statistics summary:
-------------------------------------
Query model(s):                            1  (305 nodes)
Target sequences:                       4129  (1285408 residues searched)
Passed MSV filter:                       273  (0.0661177); expected 82.6 (0.02)
Passed bias filter:                      238  (0.0576411); expected 82.6 (0.02)
Passed Vit filter:                        87  (0.0210705); expected 4.1 (0.001)
Passed Fwd filter:                        15  (0.00363284); expected 0.0 (1e-05)
Initial search space (Z):               4129  [actual number of targets]
Domain search space  (domZ):               1  [number of targets reported over threshold]
# CPU time: 0.09u 0.00s 00:00:00.09 Elapsed: 00:00:00.10
# Mc/sec: 3838.45
//
Query:       TIGR00643  [M=629]
Accession:   TIGR00643
Description: recG: ATP-dependent DNA helicase RecG
Scores for complete sequences (score includes all domains):
   --- full sequence ---   --- best 1 domain ---    -#dom-
    E-value  score  bias    E-value  score  bias    exp  N  Sequence                  Description
    ------- ------ -----    ------- ------ -----   ---- --  --------                  -----------
   4.1e-196  651.3   0.0     5e-196  651.0   0.0    1.0  1  NZ_JBDGIY010000001.1_2109  # 2201681 # 2203798 # 1 # ID=1_2109;partial=00;start_type=ATG;rbs_motif=GGxGG;rbs_spacer=5-10bp;gc_cont=0.688


Domain annotation for each sequence:
>> NZ_JBDGIY010000001.1_2109  # 2201681 # 2203798 # 1 # ID=1_2109;partial=00;start_type=ATG;rbs_motif=GGxGG;rbs_spacer=5-10bp;gc_cont=0.688
   #    score  bias  c-Evalue  i-Evalue hmmfrom  hmm to    alifrom  ali to    envfrom  env to     acc
 ---   ------ ----- --------- --------- ------- -------    ------- -------    ------- -------    ----
   1 !  651.0   0.0  1.2e-199    5e-196       8     629 .]      47     668 ..      42     668 .. 0.96



Internal pipeline statistics summary:
-------------------------------------
Query model(s):                            1  (629 nodes)
Target sequences:                       4129  (1285408 residues searched)
Passed MSV filter:                       119  (0.0288205); expected 82.6 (0.02)
Passed bias filter:                      101  (0.0244611); expected 82.6 (0.02)
Passed Vit filter:                        23  (0.00557036); expected 4.1 (0.001)
Passed Fwd filter:                         9  (0.0021797); expected 0.0 (1e-05)
Initial search space (Z):               4129  [actual number of targets]
Domain search space  (domZ):               1  [number of targets reported over threshold]
# CPU time: 0.09u 0.00s 00:00:00.09 Elapsed: 00:00:00.09
# Mc/sec: 8811.03
//
Query:       TIGR00663  [M=367]
Accession:   TIGR00663
Description: dnan: DNA polymerase III, beta subunit
Scores for complete sequences (score includes all domains):
   --- full sequence ---   --- best 1 domain ---    -#dom-
    E-value  score  bias    E-value  score  bias    exp  N  Sequence                 Description
    ------- ------ -----    ------- ------ -----   ---- --  --------                 -----------
    1.3e-94  315.0   0.0    1.4e-94  314.9   0.0    1.0  1  NZ_JBDGIY010000001.1_233  # 256806 # 257924 # -1 # ID=1_233;partial=00;start_type=ATG;rbs_motif=GGA/GAG/AGG;rbs_spacer=5-10bp;gc_cont=0.657


Domain annotation for each sequence:
>> NZ_JBDGIY010000001.1_233  # 256806 # 257924 # -1 # ID=1_233;partial=00;start_type=ATG;rbs_motif=GGA/GAG/AGG;rbs_spacer=5-10bp;gc_cont=0.657
   #    score  bias  c-Evalue  i-Evalue hmmfrom  hmm to    alifrom  ali to    envfrom  env to     acc
 ---   ------ ----- --------- --------- ------- -------    ------- -------    ------- -------    ----
   1 !  314.9   0.0   3.4e-98   1.4e-94       1     366 [.       1     371 [.       1     372 [. 0.95



Internal pipeline statistics summary:
-------------------------------------
Query model(s):                            1  (367 nodes)
Target sequences:                       4129  (1285408 residues searched)
Passed MSV filter:                        67  (0.0162267); expected 82.6 (0.02)
Passed bias filter:                       66  (0.0159845); expected 82.6 (0.02)
Passed Vit filter:                         8  (0.00193752); expected 4.1 (0.001)
Passed Fwd filter:                         1  (0.000242189); expected 0.0 (1e-05)
Initial search space (Z):               4129  [actual number of targets]
Domain search space  (domZ):               1  [number of targets reported over threshold]
# CPU time: 0.04u 0.00s 00:00:00.04 Elapsed: 00:00:00.05
# Mc/sec: 9289.43
//
Query:       TIGR00717  [M=516]
Accession:   TIGR00717
Description: rpsA: ribosomal protein bS1
Scores for complete sequences (score includes all domains):
   --- full sequence ---   --- best 1 domain ---    -#dom-
    E-value  score  bias    E-value  score  bias    exp  N  Sequence                Description
    ------- ------ -----    ------- ------ -----   ---- --  --------                -----------
   1.8e-190  631.7  12.2     2e-190  631.5  12.2    1.0  1  NZ_JBDGIY010000002.1_67  # 73038 # 74744 # -1 # ID=2_67;partial=00;start_type=TTG;rbs_motif=GGAG/GAGG;rbs_spacer=5-10bp;gc_cont=0.630


Domain annotation for each sequence:
>> NZ_JBDGIY010000002.1_67  # 73038 # 74744 # -1 # ID=2_67;partial=00;start_type=TTG;rbs_motif=GGAG/GAGG;rbs_spacer=5-10bp;gc_cont=0.630
   #    score  bias  c-Evalue  i-Evalue hmmfrom  hmm to    alifrom  ali to    envfrom  env to     acc
 ---   ------ ----- --------- --------- ------- -------    ------- -------    ------- -------    ----
   1 !  631.5  12.2  4.9e-194    2e-190       2     516 .]      10     531 ..       9     531 .. 0.97



Internal pipeline statistics summary:
-------------------------------------
Query model(s):                            1  (516 nodes)
Target sequences:                       4129  (1285408 residues searched)
Passed MSV filter:                        79  (0.019133); expected 82.6 (0.02)
Passed bias filter:                       73  (0.0176798); expected 82.6 (0.02)
Passed Vit filter:                        12  (0.00290627); expected 4.1 (0.001)
Passed Fwd filter:                         4  (0.000968758); expected 0.0 (1e-05)
Initial search space (Z):               4129  [actual number of targets]
Domain search space  (domZ):               1  [number of targets reported over threshold]
# CPU time: 0.06u 0.00s 00:00:00.06 Elapsed: 00:00:00.05
# Mc/sec: 12538.14
//
Query:       TIGR00755  [M=256]
Accession:   TIGR00755
Description: ksgA: ribosomal RNA small subunit methyltransferase A
Scores for complete sequences (score includes all domains):
   --- full sequence ---   --- best 1 domain ---    -#dom-
    E-value  score  bias    E-value  score  bias    exp  N  Sequence                  Description
    ------- ------ -----    ------- ------ -----   ---- --  --------                  -----------
    1.6e-68  228.7   0.0    1.8e-68  228.5   0.0    1.0  1  NZ_JBDGIY010000001.1_1267  # 1355756 # 1356589 # -1 # ID=1_1267;partial=00;start_type=ATG;rbs_motif=None;rbs_spacer=None;gc_cont=0.694


Domain annotation for each sequence:
>> NZ_JBDGIY010000001.1_1267  # 1355756 # 1356589 # -1 # ID=1_1267;partial=00;start_type=ATG;rbs_motif=None;rbs_spacer=None;gc_cont=0.694
   #    score  bias  c-Evalue  i-Evalue hmmfrom  hmm to    alifrom  ali to    envfrom  env to     acc
 ---   ------ ----- --------- --------- ------- -------    ------- -------    ------- -------    ----
   1 !  228.5   0.0   4.3e-72   1.8e-68       2     255 ..      19     274 ..      18     275 .. 0.96



Internal pipeline statistics summary:
-------------------------------------
Query model(s):                            1  (256 nodes)
Target sequences:                       4129  (1285408 residues searched)
Passed MSV filter:                       113  (0.0273674); expected 82.6 (0.02)
Passed bias filter:                      106  (0.0256721); expected 82.6 (0.02)
Passed Vit filter:                        29  (0.00702349); expected 4.1 (0.001)
Passed Fwd filter:                         9  (0.0021797); expected 0.0 (1e-05)
Initial search space (Z):               4129  [actual number of targets]
Domain search space  (domZ):               1  [number of targets reported over threshold]
# CPU time: 0.03u 0.00s 00:00:00.03 Elapsed: 00:00:00.04
# Mc/sec: 6719.06
//
Query:       TIGR00810  [M=73]
Accession:   TIGR00810
Description: secG: preprotein translocase, SecG subunit
Scores for complete sequences (score includes all domains):
   --- full sequence ---   --- best 1 domain ---    -#dom-
    E-value  score  bias    E-value  score  bias    exp  N  Sequence                  Description
    ------- ------ -----    ------- ------ -----   ---- --  --------                  -----------
    2.2e-18   63.9  10.7    4.3e-18   63.0  10.7    1.5  1  NZ_JBDGIY010000001.1_1796  # 1909712 # 1910239 # 1 # ID=1_1796;partial=00;start_type=ATG;rbs_motif=None;rbs_spacer=None;gc_cont=0.712


Domain annotation for each sequence:
>> NZ_JBDGIY010000001.1_1796  # 1909712 # 1910239 # 1 # ID=1_1796;partial=00;start_type=ATG;rbs_motif=None;rbs_spacer=None;gc_cont=0.712
   #    score  bias  c-Evalue  i-Evalue hmmfrom  hmm to    alifrom  ali to    envfrom  env to     acc
 ---   ------ ----- --------- --------- ------- -------    ------- -------    ------- -------    ----
   1 !   63.0  10.7     1e-21   4.3e-18       2      72 ..       3      71 ..       2      72 .. 0.97



Internal pipeline statistics summary:
-------------------------------------
Query model(s):                            1  (73 nodes)
Target sequences:                       4129  (1285408 residues searched)
Passed MSV filter:                       367  (0.0888835); expected 82.6 (0.02)
Passed bias filter:                       91  (0.0220392); expected 82.6 (0.02)
Passed Vit filter:                         7  (0.00169533); expected 4.1 (0.001)
Passed Fwd filter:                         5  (0.00121095); expected 0.0 (1e-05)
Initial search space (Z):               4129  [actual number of targets]
Domain search space  (domZ):               1  [number of targets reported over threshold]
# CPU time: 0.03u 0.00s 00:00:00.03 Elapsed: 00:00:00.02
# Mc/sec: 4430.34
//
Query:       TIGR00922  [M=172]
Accession:   TIGR00922
Description: nusG: transcription termination/antitermination factor NusG
Scores for complete sequences (score includes all domains):
   --- full sequence ---   --- best 1 domain ---    -#dom-
    E-value  score  bias    E-value  score  bias    exp  N  Sequence                  Description
    ------- ------ -----    ------- ------ -----   ---- --  --------                  -----------
    5.3e-69  229.3   4.3    5.9e-69  229.1   4.3    1.0  1  NZ_JBDGIY010000001.1_1902  # 2007123 # 2007653 # -1 # ID=1_1902;partial=00;start_type=ATG;rbs_motif=AGGAG/GGAGG;rbs_spacer=11-12bp;gc_cont=0.597


Domain annotation for each sequence:
>> NZ_JBDGIY010000001.1_1902  # 2007123 # 2007653 # -1 # ID=1_1902;partial=00;start_type=ATG;rbs_motif=AGGAG/GGAGG;rbs_spacer=11-12bp;gc_cont=0.597
   #    score  bias  c-Evalue  i-Evalue hmmfrom  hmm to    alifrom  ali to    envfrom  env to     acc
 ---   ------ ----- --------- --------- ------- -------    ------- -------    ------- -------    ----
   1 !  229.1   4.3   1.4e-72   5.9e-69       1     172 []       5     176 ..       5     176 .. 1.00



Internal pipeline statistics summary:
-------------------------------------
Query model(s):                            1  (172 nodes)
Target sequences:                       4129  (1285408 residues searched)
Passed MSV filter:                        68  (0.0164689); expected 82.6 (0.02)
Passed bias filter:                       59  (0.0142892); expected 82.6 (0.02)
Passed Vit filter:                         6  (0.00145314); expected 4.1 (0.001)
Passed Fwd filter:                         1  (0.000242189); expected 0.0 (1e-05)
Initial search space (Z):               4129  [actual number of targets]
Domain search space  (domZ):               1  [number of targets reported over threshold]
# CPU time: 0.02u 0.00s 00:00:00.02 Elapsed: 00:00:00.02
# Mc/sec: 7659.50
//
Query:       TIGR00928  [M=436]
Accession:   TIGR00928
Description: purB: adenylosuccinate lyase
Scores for complete sequences (score includes all domains):
   --- full sequence ---   --- best 1 domain ---    -#dom-
    E-value  score  bias    E-value  score  bias    exp  N  Sequence                  Description
    ------- ------ -----    ------- ------ -----   ---- --  --------                  -----------
   7.6e-149  494.0   0.0   8.5e-149  493.8   0.0    1.0  1  NZ_JBDGIY010000001.1_1957  # 2062809 # 2064131 # 1 # ID=1_1957;partial=00;start_type=ATG;rbs_motif=GGA/GAG/AGG;rbs_spacer=5-10bp;gc_cont=0.659


Domain annotation for each sequence:
>> NZ_JBDGIY010000001.1_1957  # 2062809 # 2064131 # 1 # ID=1_1957;partial=00;start_type=ATG;rbs_motif=GGA/GAG/AGG;rbs_spacer=5-10bp;gc_cont=0.659
   #    score  bias  c-Evalue  i-Evalue hmmfrom  hmm to    alifrom  ali to    envfrom  env to     acc
 ---   ------ ----- --------- --------- ------- -------    ------- -------    ------- -------    ----
   1 !  493.8   0.0  2.1e-152  8.5e-149       1     436 []       1     436 [.       1     436 [. 0.98



Internal pipeline statistics summary:
-------------------------------------
Query model(s):                            1  (436 nodes)
Target sequences:                       4129  (1285408 residues searched)
Passed MSV filter:                        78  (0.0188908); expected 82.6 (0.02)
Passed bias filter:                       59  (0.0142892); expected 82.6 (0.02)
Passed Vit filter:                         6  (0.00145314); expected 4.1 (0.001)
Passed Fwd filter:                         3  (0.000726568); expected 0.0 (1e-05)
Initial search space (Z):               4129  [actual number of targets]
Domain search space  (domZ):               1  [number of targets reported over threshold]
# CPU time: 0.04u 0.01s 00:00:00.05 Elapsed: 00:00:00.04
# Mc/sec: 12444.42
//
Query:       TIGR00959  [M=428]
Accession:   TIGR00959
Description: ffh: signal recognition particle protein
Scores for complete sequences (score includes all domains):
   --- full sequence ---   --- best 1 domain ---    -#dom-
    E-value  score  bias    E-value  score  bias    exp  N  Sequence                 Description
    ------- ------ -----    ------- ------ -----   ---- --  --------                 -----------
   4.4e-181  600.2  17.2   5.2e-181  600.0  17.2    1.0  1  NZ_JBDGIY010000002.1_375  # 372192 # 373817 # 1 # ID=2_375;partial=00;start_type=ATG;rbs_motif=GGAG/GAGG;rbs_spacer=5-10bp;gc_cont=0.657


Domain annotation for each sequence:
>> NZ_JBDGIY010000002.1_375  # 372192 # 373817 # 1 # ID=2_375;partial=00;start_type=ATG;rbs_motif=GGAG/GAGG;rbs_spacer=5-10bp;gc_cont=0.657
   #    score  bias  c-Evalue  i-Evalue hmmfrom  hmm to    alifrom  ali to    envfrom  env to     acc
 ---   ------ ----- --------- --------- ------- -------    ------- -------    ------- -------    ----
   1 !  600.0  17.2  1.3e-184  5.2e-181       1     428 []       2     429 ..       2     429 .. 1.00



Internal pipeline statistics summary:
-------------------------------------
Query model(s):                            1  (428 nodes)
Target sequences:                       4129  (1285408 residues searched)
Passed MSV filter:                       212  (0.0513442); expected 82.6 (0.02)
Passed bias filter:                      174  (0.042141); expected 82.6 (0.02)
Passed Vit filter:                        32  (0.00775006); expected 4.1 (0.001)
Passed Fwd filter:                         5  (0.00121095); expected 0.0 (1e-05)
Initial search space (Z):               4129  [actual number of targets]
Domain search space  (domZ):               1  [number of targets reported over threshold]
# CPU time: 0.05u 0.00s 00:00:00.05 Elapsed: 00:00:00.04
# Mc/sec: 11374.97
//
Query:       TIGR00963  [M=787]
Accession:   TIGR00963
Description: secA: preprotein translocase, SecA subunit
Scores for complete sequences (score includes all domains):
   --- full sequence ---   --- best 1 domain ---    -#dom-
    E-value  score  bias    E-value  score  bias    exp  N  Sequence                  Description
    ------- ------ -----    ------- ------ -----   ---- --  --------                  -----------
          0 1083.2   7.4          0 1083.0   7.4    1.0  1  NZ_JBDGIY010000001.1_3234  # 3392769 # 3395537 # 1 # ID=1_3234;partial=00;start_type=ATG;rbs_motif=AGGA;rbs_spacer=5-10bp;gc_cont=0.657


Domain annotation for each sequence:
>> NZ_JBDGIY010000001.1_3234  # 3392769 # 3395537 # 1 # ID=1_3234;partial=00;start_type=ATG;rbs_motif=AGGA;rbs_spacer=5-10bp;gc_cont=0.657
   #    score  bias  c-Evalue  i-Evalue hmmfrom  hmm to    alifrom  ali to    envfrom  env to     acc
 ---   ------ ----- --------- --------- ------- -------    ------- -------    ------- -------    ----
   1 ! 1083.0   7.4         0         0       1     786 [.      29     810 ..      29     811 .. 0.96



Internal pipeline statistics summary:
-------------------------------------
Query model(s):                            1  (787 nodes)
Target sequences:                       4129  (1285408 residues searched)
Passed MSV filter:                        96  (0.0232502); expected 82.6 (0.02)
Passed bias filter:                       78  (0.0188908); expected 82.6 (0.02)
Passed Vit filter:                        10  (0.00242189); expected 4.1 (0.001)
Passed Fwd filter:                         3  (0.000726568); expected 0.0 (1e-05)
Initial search space (Z):               4129  [actual number of targets]
Domain search space  (domZ):               1  [number of targets reported over threshold]
# CPU time: 0.09u 0.00s 00:00:00.09 Elapsed: 00:00:00.09
# Mc/sec: 10436.66
//
Query:       TIGR00964  [M=57]
Accession:   TIGR00964
Description: secE_bact: preprotein translocase, SecE subunit
Scores for complete sequences (score includes all domains):
   --- full sequence ---   --- best 1 domain ---    -#dom-
    E-value  score  bias    E-value  score  bias    exp  N  Sequence                  Description
    ------- ------ -----    ------- ------ -----   ---- --  --------                  -----------
    1.9e-20   70.4   1.1    2.1e-20   70.3   1.1    1.0  1  NZ_JBDGIY010000001.1_1903  # 2007689 # 2007883 # -1 # ID=1_1903;partial=00;start_type=ATG;rbs_motif=GGA/GAG/AGG;rbs_spacer=11-12bp;gc_cont=0.585


Domain annotation for each sequence:
>> NZ_JBDGIY010000001.1_1903  # 2007689 # 2007883 # -1 # ID=1_1903;partial=00;start_type=ATG;rbs_motif=GGA/GAG/AGG;rbs_spacer=11-12bp;gc_cont=0.585
   #    score  bias  c-Evalue  i-Evalue hmmfrom  hmm to    alifrom  ali to    envfrom  env to     acc
 ---   ------ ----- --------- --------- ------- -------    ------- -------    ------- -------    ----
   1 !   70.3   1.1   5.1e-24   2.1e-20       3      55 ..       8      60 ..       6      62 .. 0.96



Internal pipeline statistics summary:
-------------------------------------
Query model(s):                            1  (57 nodes)
Target sequences:                       4129  (1285408 residues searched)
Passed MSV filter:                       260  (0.0629692); expected 82.6 (0.02)
Passed bias filter:                      139  (0.0336643); expected 82.6 (0.02)
Passed Vit filter:                        10  (0.00242189); expected 4.1 (0.001)
Passed Fwd filter:                         1  (0.000242189); expected 0.0 (1e-05)
Initial search space (Z):               4129  [actual number of targets]
Domain search space  (domZ):               1  [number of targets reported over threshold]
# CPU time: 0.02u 0.01s 00:00:00.03 Elapsed: 00:00:00.02
# Mc/sec: 2851.58
//
Query:       TIGR00967  [M=414]
Accession:   TIGR00967
Description: 3a0501s007: preprotein translocase, SecY subunit
Scores for complete sequences (score includes all domains):
   --- full sequence ---   --- best 1 domain ---    -#dom-
    E-value  score  bias    E-value  score  bias    exp  N  Sequence                  Description
    ------- ------ -----    ------- ------ -----   ---- --  --------                  -----------
     5e-126  418.7  17.6     6e-126  418.5  17.6    1.0  1  NZ_JBDGIY010000001.1_1868  # 1978659 # 1979993 # -1 # ID=1_1868;partial=00;start_type=ATG;rbs_motif=GGAG/GAGG;rbs_spacer=5-10bp;gc_cont=0.631


Domain annotation for each sequence:
>> NZ_JBDGIY010000001.1_1868  # 1978659 # 1979993 # -1 # ID=1_1868;partial=00;start_type=ATG;rbs_motif=GGAG/GAGG;rbs_spacer=5-10bp;gc_cont=0.631
   #    score  bias  c-Evalue  i-Evalue hmmfrom  hmm to    alifrom  ali to    envfrom  env to     acc
 ---   ------ ----- --------- --------- ------- -------    ------- -------    ------- -------    ----
   1 !  418.5  17.6  1.4e-129    6e-126       2     414 .]      25     430 ..      24     430 .. 0.95



Internal pipeline statistics summary:
-------------------------------------
Query model(s):                            1  (414 nodes)
Target sequences:                       4129  (1285408 residues searched)
Passed MSV filter:                       210  (0.0508598); expected 82.6 (0.02)
Passed bias filter:                       71  (0.0171954); expected 82.6 (0.02)
Passed Vit filter:                         9  (0.0021797); expected 4.1 (0.001)
Passed Fwd filter:                         1  (0.000242189); expected 0.0 (1e-05)
Initial search space (Z):               4129  [actual number of targets]
Domain search space  (domZ):               1  [number of targets reported over threshold]
# CPU time: 0.04u 0.00s 00:00:00.04 Elapsed: 00:00:00.06
# Mc/sec: 8236.08
//
Query:       TIGR00982  [M=139]
Accession:   TIGR00982
Description: uS12_E_A: ribosomal protein uS12
Scores for complete sequences (score includes all domains):
   --- full sequence ---   --- best 1 domain ---    -#dom-
    E-value  score  bias    E-value  score  bias    exp  N  Sequence Description
    ------- ------ -----    ------- ------ -----   ---- --  -------- -----------

   [No hits detected that satisfy reporting thresholds]


Domain annotation for each sequence:

   [No targets detected that satisfy reporting thresholds]


Internal pipeline statistics summary:
-------------------------------------
Query model(s):                            1  (139 nodes)
Target sequences:                       4129  (1285408 residues searched)
Passed MSV filter:                        80  (0.0193752); expected 82.6 (0.02)
Passed bias filter:                       75  (0.0181642); expected 82.6 (0.02)
Passed Vit filter:                         6  (0.00145314); expected 4.1 (0.001)
Passed Fwd filter:                         1  (0.000242189); expected 0.0 (1e-05)
Initial search space (Z):               4129  [actual number of targets]
Domain search space  (domZ):               0  [number of targets reported over threshold]
# CPU time: 0.02u 0.00s 00:00:00.02 Elapsed: 00:00:00.02
# Mc/sec: 8520.81
//
Query:       TIGR01008  [M=195]
Accession:   TIGR01008
Description: uS3_euk_arch: ribosomal protein uS3
Scores for complete sequences (score includes all domains):
   --- full sequence ---   --- best 1 domain ---    -#dom-
    E-value  score  bias    E-value  score  bias    exp  N  Sequence Description
    ------- ------ -----    ------- ------ -----   ---- --  -------- -----------

   [No hits detected that satisfy reporting thresholds]


Domain annotation for each sequence:

   [No targets detected that satisfy reporting thresholds]


Internal pipeline statistics summary:
-------------------------------------
Query model(s):                            1  (195 nodes)
Target sequences:                       4129  (1285408 residues searched)
Passed MSV filter:                       137  (0.0331799); expected 82.6 (0.02)
Passed bias filter:                      107  (0.0259143); expected 82.6 (0.02)
Passed Vit filter:                        11  (0.00266408); expected 4.1 (0.001)
Passed Fwd filter:                         1  (0.000242189); expected 0.0 (1e-05)
Initial search space (Z):               4129  [actual number of targets]
Domain search space  (domZ):               0  [number of targets reported over threshold]
# CPU time: 0.03u 0.00s 00:00:00.03 Elapsed: 00:00:00.03
# Mc/sec: 7504.00
//
Query:       TIGR01009  [M=212]
Accession:   TIGR01009
Description: rpsC_bact: ribosomal protein uS3
Scores for complete sequences (score includes all domains):
   --- full sequence ---   --- best 1 domain ---    -#dom-
    E-value  score  bias    E-value  score  bias    exp  N  Sequence                  Description
    ------- ------ -----    ------- ------ -----   ---- --  --------                  -----------
    4.6e-97  321.7   3.1    5.3e-97  321.5   3.1    1.0  1  NZ_JBDGIY010000001.1_1882  # 1985179 # 1985943 # -1 # ID=1_1882;partial=00;start_type=ATG;rbs_motif=AGGAG;rbs_spacer=5-10bp;gc_cont=0.648


Domain annotation for each sequence:
>> NZ_JBDGIY010000001.1_1882  # 1985179 # 1985943 # -1 # ID=1_1882;partial=00;start_type=ATG;rbs_motif=AGGAG;rbs_spacer=5-10bp;gc_cont=0.648
   #    score  bias  c-Evalue  i-Evalue hmmfrom  hmm to    alifrom  ali to    envfrom  env to     acc
 ---   ------ ----- --------- --------- ------- -------    ------- -------    ------- -------    ----
   1 !  321.5   3.1  1.3e-100   5.3e-97       1     210 [.       1     209 [.       1     211 [. 0.99



Internal pipeline statistics summary:
-------------------------------------
Query model(s):                            1  (212 nodes)
Target sequences:                       4129  (1285408 residues searched)
Passed MSV filter:                       112  (0.0271252); expected 82.6 (0.02)
Passed bias filter:                      101  (0.0244611); expected 82.6 (0.02)
Passed Vit filter:                        14  (0.00339065); expected 4.1 (0.001)
Passed Fwd filter:                         2  (0.000484379); expected 0.0 (1e-05)
Initial search space (Z):               4129  [actual number of targets]
Domain search space  (domZ):               1  [number of targets reported over threshold]
# CPU time: 0.03u 0.00s 00:00:00.03 Elapsed: 00:00:00.04
# Mc/sec: 6211.64
//
Query:       TIGR01011  [M=225]
Accession:   TIGR01011
Description: rpsB_bact: ribosomal protein uS2
Scores for complete sequences (score includes all domains):
   --- full sequence ---   --- best 1 domain ---    -#dom-
    E-value  score  bias    E-value  score  bias    exp  N  Sequence                  Description
    ------- ------ -----    ------- ------ -----   ---- --  --------                  -----------
    5.9e-96  317.9   0.0    6.9e-96  317.7   0.0    1.0  1  NZ_JBDGIY010000001.1_1768  # 1879647 # 1880432 # 1 # ID=1_1768;partial=00;start_type=ATG;rbs_motif=AGGA;rbs_spacer=5-10bp;gc_cont=0.662


Domain annotation for each sequence:
>> NZ_JBDGIY010000001.1_1768  # 1879647 # 1880432 # 1 # ID=1_1768;partial=00;start_type=ATG;rbs_motif=AGGA;rbs_spacer=5-10bp;gc_cont=0.662
   #    score  bias  c-Evalue  i-Evalue hmmfrom  hmm to    alifrom  ali to    envfrom  env to     acc
 ---   ------ ----- --------- --------- ------- -------    ------- -------    ------- -------    ----
   1 !  317.7   0.0   1.7e-99   6.9e-96       3     222 ..       7     225 ..       5     228 .. 0.98



Internal pipeline statistics summary:
-------------------------------------
Query model(s):                            1  (225 nodes)
Target sequences:                       4129  (1285408 residues searched)
Passed MSV filter:                        85  (0.0205861); expected 82.6 (0.02)
Passed bias filter:                       75  (0.0181642); expected 82.6 (0.02)
Passed Vit filter:                         7  (0.00169533); expected 4.1 (0.001)
Passed Fwd filter:                         2  (0.000484379); expected 0.0 (1e-05)
Initial search space (Z):               4129  [actual number of targets]
Domain search space  (domZ):               1  [number of targets reported over threshold]
# CPU time: 0.03u 0.00s 00:00:00.03 Elapsed: 00:00:00.02
# Mc/sec: 10733.57
//
Query:       TIGR01012  [M=196]
Accession:   TIGR01012
Description: uS2_euk_arch: ribosomal protein uS2
Scores for complete sequences (score includes all domains):
   --- full sequence ---   --- best 1 domain ---    -#dom-
    E-value  score  bias    E-value  score  bias    exp  N  Sequence Description
    ------- ------ -----    ------- ------ -----   ---- --  -------- -----------

   [No hits detected that satisfy reporting thresholds]


Domain annotation for each sequence:

   [No targets detected that satisfy reporting thresholds]


Internal pipeline statistics summary:
-------------------------------------
Query model(s):                            1  (196 nodes)
Target sequences:                       4129  (1285408 residues searched)
Passed MSV filter:                       123  (0.0297893); expected 82.6 (0.02)
Passed bias filter:                      115  (0.0278518); expected 82.6 (0.02)
Passed Vit filter:                         3  (0.000726568); expected 4.1 (0.001)
Passed Fwd filter:                         1  (0.000242189); expected 0.0 (1e-05)
Initial search space (Z):               4129  [actual number of targets]
Domain search space  (domZ):               0  [number of targets reported over threshold]
# CPU time: 0.02u 0.00s 00:00:00.02 Elapsed: 00:00:00.03
# Mc/sec: 7922.22
//
Query:       TIGR01017  [M=200]
Accession:   TIGR01017
Description: rpsD_bact: ribosomal protein uS4
Scores for complete sequences (score includes all domains):
   --- full sequence ---   --- best 1 domain ---    -#dom-
    E-value  score  bias    E-value  score  bias    exp  N  Sequence                  Description
    ------- ------ -----    ------- ------ -----   ---- --  --------                  -----------
      7e-69  229.4   0.1    7.9e-69  229.2   0.1    1.0  1  NZ_JBDGIY010000001.1_1982  # 2083900 # 2084517 # -1 # ID=1_1982;partial=00;start_type=ATG;rbs_motif=AGGA;rbs_spacer=5-10bp;gc_cont=0.644


Domain annotation for each sequence:
>> NZ_JBDGIY010000001.1_1982  # 2083900 # 2084517 # -1 # ID=1_1982;partial=00;start_type=ATG;rbs_motif=AGGA;rbs_spacer=5-10bp;gc_cont=0.644
   #    score  bias  c-Evalue  i-Evalue hmmfrom  hmm to    alifrom  ali to    envfrom  env to     acc
 ---   ------ ----- --------- --------- ------- -------    ------- -------    ------- -------    ----
   1 !  229.2   0.1   1.9e-72   7.9e-69       3     200 .]       5     205 ..       3     205 .. 0.95



Internal pipeline statistics summary:
-------------------------------------
Query model(s):                            1  (200 nodes)
Target sequences:                       4129  (1285408 residues searched)
Passed MSV filter:                        59  (0.0142892); expected 82.6 (0.02)
Passed bias filter:                       57  (0.0138048); expected 82.6 (0.02)
Passed Vit filter:                        10  (0.00242189); expected 4.1 (0.001)
Passed Fwd filter:                         4  (0.000968758); expected 0.0 (1e-05)
Initial search space (Z):               4129  [actual number of targets]
Domain search space  (domZ):               1  [number of targets reported over threshold]
# CPU time: 0.02u 0.00s 00:00:00.02 Elapsed: 00:00:00.02
# Mc/sec: 9942.96
//
Query:       TIGR01018  [M=162]
Accession:   TIGR01018
Description: uS4_arch: ribosomal protein uS4
Scores for complete sequences (score includes all domains):
   --- full sequence ---   --- best 1 domain ---    -#dom-
    E-value  score  bias    E-value  score  bias    exp  N  Sequence Description
    ------- ------ -----    ------- ------ -----   ---- --  -------- -----------

   [No hits detected that satisfy reporting thresholds]


Domain annotation for each sequence:

   [No targets detected that satisfy reporting thresholds]


Internal pipeline statistics summary:
-------------------------------------
Query model(s):                            1  (162 nodes)
Target sequences:                       4129  (1285408 residues searched)
Passed MSV filter:                        75  (0.0181642); expected 82.6 (0.02)
Passed bias filter:                       66  (0.0159845); expected 82.6 (0.02)
Passed Vit filter:                         8  (0.00193752); expected 4.1 (0.001)
Passed Fwd filter:                         1  (0.000242189); expected 0.0 (1e-05)
Initial search space (Z):               4129  [actual number of targets]
Domain search space  (domZ):               0  [number of targets reported over threshold]
# CPU time: 0.02u 0.00s 00:00:00.02 Elapsed: 00:00:00.03
# Mc/sec: 5295.63
//
Query:       TIGR01020  [M=212]
Accession:   TIGR01020
Description: uS5_euk_arch: ribosomal protein uS5
Scores for complete sequences (score includes all domains):
   --- full sequence ---   --- best 1 domain ---    -#dom-
    E-value  score  bias    E-value  score  bias    exp  N  Sequence Description
    ------- ------ -----    ------- ------ -----   ---- --  -------- -----------

   [No hits detected that satisfy reporting thresholds]


Domain annotation for each sequence:

   [No targets detected that satisfy reporting thresholds]


Internal pipeline statistics summary:
-------------------------------------
Query model(s):                            1  (212 nodes)
Target sequences:                       4129  (1285408 residues searched)
Passed MSV filter:                       109  (0.0263986); expected 82.6 (0.02)
Passed bias filter:                       87  (0.0210705); expected 82.6 (0.02)
Passed Vit filter:                         8  (0.00193752); expected 4.1 (0.001)
Passed Fwd filter:                         1  (0.000242189); expected 0.0 (1e-05)
Initial search space (Z):               4129  [actual number of targets]
Domain search space  (domZ):               0  [number of targets reported over threshold]
# CPU time: 0.03u 0.00s 00:00:00.03 Elapsed: 00:00:00.02
# Mc/sec: 9451.75
//
Query:       TIGR01021  [M=156]
Accession:   TIGR01021
Description: rpsE_bact: ribosomal protein uS5
Scores for complete sequences (score includes all domains):
   --- full sequence ---   --- best 1 domain ---    -#dom-
    E-value  score  bias    E-value  score  bias    exp  N  Sequence                  Description
    ------- ------ -----    ------- ------ -----   ---- --  --------                  -----------
    2.4e-66  220.2   2.7    2.8e-66  220.0   2.7    1.0  1  NZ_JBDGIY010000001.1_1871  # 1980736 # 1981263 # -1 # ID=1_1871;partial=00;start_type=ATG;rbs_motif=AGGA;rbs_spacer=5-10bp;gc_cont=0.663


Domain annotation for each sequence:
>> NZ_JBDGIY010000001.1_1871  # 1980736 # 1981263 # -1 # ID=1_1871;partial=00;start_type=ATG;rbs_motif=AGGA;rbs_spacer=5-10bp;gc_cont=0.663
   #    score  bias  c-Evalue  i-Evalue hmmfrom  hmm to    alifrom  ali to    envfrom  env to     acc
 ---   ------ ----- --------- --------- ------- -------    ------- -------    ------- -------    ----
   1 !  220.0   2.7   6.7e-70   2.8e-66       2     156 .]       9     164 ..       8     164 .. 0.98



Internal pipeline statistics summary:
-------------------------------------
Query model(s):                            1  (156 nodes)
Target sequences:                       4129  (1285408 residues searched)
Passed MSV filter:                       146  (0.0353597); expected 82.6 (0.02)
Passed bias filter:                       99  (0.0239767); expected 82.6 (0.02)
Passed Vit filter:                         7  (0.00169533); expected 4.1 (0.001)
Passed Fwd filter:                         1  (0.000242189); expected 0.0 (1e-05)
Initial search space (Z):               4129  [actual number of targets]
Domain search space  (domZ):               1  [number of targets reported over threshold]
# CPU time: 0.02u 0.00s 00:00:00.02 Elapsed: 00:00:00.03
# Mc/sec: 5791.76
//
Query:       TIGR01028  [M=186]
Accession:   TIGR01028
Description: uS7_euk_arch: ribosomal protein uS7
Scores for complete sequences (score includes all domains):
   --- full sequence ---   --- best 1 domain ---    -#dom-
    E-value  score  bias    E-value  score  bias    exp  N  Sequence Description
    ------- ------ -----    ------- ------ -----   ---- --  -------- -----------

   [No hits detected that satisfy reporting thresholds]


Domain annotation for each sequence:

   [No targets detected that satisfy reporting thresholds]


Internal pipeline statistics summary:
-------------------------------------
Query model(s):                            1  (186 nodes)
Target sequences:                       4129  (1285408 residues searched)
Passed MSV filter:                        68  (0.0164689); expected 82.6 (0.02)
Passed bias filter:                       61  (0.0147736); expected 82.6 (0.02)
Passed Vit filter:                         4  (0.000968758); expected 4.1 (0.001)
Passed Fwd filter:                         1  (0.000242189); expected 0.0 (1e-05)
Initial search space (Z):               4129  [actual number of targets]
Domain search space  (domZ):               0  [number of targets reported over threshold]
# CPU time: 0.02u 0.00s 00:00:00.02 Elapsed: 00:00:00.01
# Mc/sec: 15653.98
//
Query:       TIGR01029  [M=154]
Accession:   TIGR01029
Description: rpsG_bact: ribosomal protein uS7
Scores for complete sequences (score includes all domains):
   --- full sequence ---   --- best 1 domain ---    -#dom-
    E-value  score  bias    E-value  score  bias    exp  N  Sequence                  Description
    ------- ------ -----    ------- ------ -----   ---- --  --------                  -----------
    8.7e-70  231.5   0.2    9.7e-70  231.3   0.2    1.0  1  NZ_JBDGIY010000001.1_1892  # 1992901 # 1993371 # -1 # ID=1_1892;partial=00;start_type=ATG;rbs_motif=AGGAG;rbs_spacer=5-10bp;gc_cont=0.628


Domain annotation for each sequence:
>> NZ_JBDGIY010000001.1_1892  # 1992901 # 1993371 # -1 # ID=1_1892;partial=00;start_type=ATG;rbs_motif=AGGAG;rbs_spacer=5-10bp;gc_cont=0.628
   #    score  bias  c-Evalue  i-Evalue hmmfrom  hmm to    alifrom  ali to    envfrom  env to     acc
 ---   ------ ----- --------- --------- ------- -------    ------- -------    ------- -------    ----
   1 !  231.3   0.2   2.3e-73   9.7e-70       1     154 []       3     156 ..       3     156 .. 1.00



Internal pipeline statistics summary:
-------------------------------------
Query model(s):                            1  (154 nodes)
Target sequences:                       4129  (1285408 residues searched)
Passed MSV filter:                        81  (0.0196173); expected 82.6 (0.02)
Passed bias filter:                       76  (0.0184064); expected 82.6 (0.02)
Passed Vit filter:                         5  (0.00121095); expected 4.1 (0.001)
Passed Fwd filter:                         1  (0.000242189); expected 0.0 (1e-05)
Initial search space (Z):               4129  [actual number of targets]
Domain search space  (domZ):               1  [number of targets reported over threshold]
# CPU time: 0.02u 0.00s 00:00:00.02 Elapsed: 00:00:00.05
# Mc/sec: 3406.68
//
Query:       TIGR01032  [M=114]
Accession:   TIGR01032
Description: rplT_bact: ribosomal protein bL20
Scores for complete sequences (score includes all domains):
   --- full sequence ---   --- best 1 domain ---    -#dom-
    E-value  score  bias    E-value  score  bias    exp  N  Sequence                 Description
    ------- ------ -----    ------- ------ -----   ---- --  --------                 -----------
    6.1e-48  159.7   5.3    7.2e-48  159.5   5.3    1.0  1  NZ_JBDGIY010000001.1_199  # 223204 # 223605 # -1 # ID=1_199;partial=00;start_type=ATG;rbs_motif=AGGAG;rbs_spacer=5-10bp;gc_cont=0.649


Domain annotation for each sequence:
>> NZ_JBDGIY010000001.1_199  # 223204 # 223605 # -1 # ID=1_199;partial=00;start_type=ATG;rbs_motif=AGGAG;rbs_spacer=5-10bp;gc_cont=0.649
   #    score  bias  c-Evalue  i-Evalue hmmfrom  hmm to    alifrom  ali to    envfrom  env to     acc
 ---   ------ ----- --------- --------- ------- -------    ------- -------    ------- -------    ----
   1 !  159.5   5.3   1.7e-51   7.2e-48       1     114 []       1     114 [.       1     114 [. 0.99



Internal pipeline statistics summary:
-------------------------------------
Query model(s):                            1  (114 nodes)
Target sequences:                       4129  (1285408 residues searched)
Passed MSV filter:                        87  (0.0210705); expected 82.6 (0.02)
Passed bias filter:                       74  (0.017922); expected 82.6 (0.02)
Passed Vit filter:                         5  (0.00121095); expected 4.1 (0.001)
Passed Fwd filter:                         1  (0.000242189); expected 0.0 (1e-05)
Initial search space (Z):               4129  [actual number of targets]
Domain search space  (domZ):               1  [number of targets reported over threshold]
# CPU time: 0.02u 0.00s 00:00:00.02 Elapsed: 00:00:00.01
# Mc/sec: 8337.40
//
Query:       TIGR01039  [M=462]
Accession:   TIGR01039
Description: atpD: ATP synthase F1, beta subunit
Scores for complete sequences (score includes all domains):
   --- full sequence ---   --- best 1 domain ---    -#dom-
    E-value  score  bias    E-value  score  bias    exp  N  Sequence                 Description
    ------- ------ -----    ------- ------ -----   ---- --  --------                 -----------
   4.6e-245  811.5   2.8   5.4e-245  811.2   2.8    1.0  1  NZ_JBDGIY010000002.1_610  # 621219 # 622763 # 1 # ID=2_610;partial=00;start_type=ATG;rbs_motif=GGAG/GAGG;rbs_spacer=5-10bp;gc_cont=0.667


Domain annotation for each sequence:
>> NZ_JBDGIY010000002.1_610  # 621219 # 622763 # 1 # ID=2_610;partial=00;start_type=ATG;rbs_motif=GGAG/GAGG;rbs_spacer=5-10bp;gc_cont=0.667
   #    score  bias  c-Evalue  i-Evalue hmmfrom  hmm to    alifrom  ali to    envfrom  env to     acc
 ---   ------ ----- --------- --------- ------- -------    ------- -------    ------- -------    ----
   1 !  811.2   2.8  1.3e-248  5.4e-245       2     462 .]      42     510 ..      41     510 .. 0.99



Internal pipeline statistics summary:
-------------------------------------
Query model(s):                            1  (462 nodes)
Target sequences:                       4129  (1285408 residues searched)
Passed MSV filter:                       158  (0.0382659); expected 82.6 (0.02)
Passed bias filter:                      127  (0.0307581); expected 82.6 (0.02)
Passed Vit filter:                        19  (0.0046016); expected 4.1 (0.001)
Passed Fwd filter:                         6  (0.00145314); expected 0.0 (1e-05)
Initial search space (Z):               4129  [actual number of targets]
Domain search space  (domZ):               1  [number of targets reported over threshold]
# CPU time: 0.07u 0.00s 00:00:00.07 Elapsed: 00:00:00.08
# Mc/sec: 7165.10
//
Query:       TIGR01044  [M=103]
Accession:   TIGR01044
Description: rplV_bact: ribosomal protein uL22
Scores for complete sequences (score includes all domains):
   --- full sequence ---   --- best 1 domain ---    -#dom-
    E-value  score  bias    E-value  score  bias    exp  N  Sequence                  Description
    ------- ------ -----    ------- ------ -----   ---- --  --------                  -----------
    2.7e-30  102.5   0.3    3.3e-30  102.2   0.3    1.0  1  NZ_JBDGIY010000001.1_1883  # 1985943 # 1986323 # -1 # ID=1_1883;partial=00;start_type=ATG;rbs_motif=GGAG/GAGG;rbs_spacer=5-10bp;gc_cont=0.627


Domain annotation for each sequence:
>> NZ_JBDGIY010000001.1_1883  # 1985943 # 1986323 # -1 # ID=1_1883;partial=00;start_type=ATG;rbs_motif=GGAG/GAGG;rbs_spacer=5-10bp;gc_cont=0.627
   #    score  bias  c-Evalue  i-Evalue hmmfrom  hmm to    alifrom  ali to    envfrom  env to     acc
 ---   ------ ----- --------- --------- ------- -------    ------- -------    ------- -------    ----
   1 !  102.2   0.3     8e-34   3.3e-30       1     103 []      17     119 ..      17     119 .. 0.99



Internal pipeline statistics summary:
-------------------------------------
Query model(s):                            1  (103 nodes)
Target sequences:                       4129  (1285408 residues searched)
Passed MSV filter:                        89  (0.0215549); expected 82.6 (0.02)
Passed bias filter:                       65  (0.0157423); expected 82.6 (0.02)
Passed Vit filter:                         7  (0.00169533); expected 4.1 (0.001)
Passed Fwd filter:                         1  (0.000242189); expected 0.0 (1e-05)
Initial search space (Z):               4129  [actual number of targets]
Domain search space  (domZ):               1  [number of targets reported over threshold]
# CPU time: 0.02u 0.00s 00:00:00.02 Elapsed: 00:00:00.01
# Mc/sec: 6852.94
//
Query:       TIGR01046  [M=99]
Accession:   TIGR01046
Description: uS10_euk_arch: ribosomal protein uS10
Scores for complete sequences (score includes all domains):
   --- full sequence ---   --- best 1 domain ---    -#dom-
    E-value  score  bias    E-value  score  bias    exp  N  Sequence Description
    ------- ------ -----    ------- ------ -----   ---- --  -------- -----------

   [No hits detected that satisfy reporting thresholds]


Domain annotation for each sequence:

   [No targets detected that satisfy reporting thresholds]


Internal pipeline statistics summary:
-------------------------------------
Query model(s):                            1  (99 nodes)
Target sequences:                       4129  (1285408 residues searched)
Passed MSV filter:                        80  (0.0193752); expected 82.6 (0.02)
Passed bias filter:                       72  (0.0174376); expected 82.6 (0.02)
Passed Vit filter:                         4  (0.000968758); expected 4.1 (0.001)
Passed Fwd filter:                         1  (0.000242189); expected 0.0 (1e-05)
Initial search space (Z):               4129  [actual number of targets]
Domain search space  (domZ):               0  [number of targets reported over threshold]
# CPU time: 0.01u 0.00s 00:00:00.01 Elapsed: 00:00:00.01
# Mc/sec: 6639.48
//
Query:       TIGR01052  [M=488]
Accession:   TIGR01052
Description: top6b: DNA topoisomerase VI, B subunit
Scores for complete sequences (score includes all domains):
   --- full sequence ---   --- best 1 domain ---    -#dom-
    E-value  score  bias    E-value  score  bias    exp  N  Sequence Description
    ------- ------ -----    ------- ------ -----   ---- --  -------- -----------

   [No hits detected that satisfy reporting thresholds]


Domain annotation for each sequence:

   [No targets detected that satisfy reporting thresholds]


Internal pipeline statistics summary:
-------------------------------------
Query model(s):                            1  (488 nodes)
Target sequences:                       4129  (1285408 residues searched)
Passed MSV filter:                        97  (0.0234924); expected 82.6 (0.02)
Passed bias filter:                       93  (0.0225236); expected 82.6 (0.02)
Passed Vit filter:                        15  (0.00363284); expected 4.1 (0.001)
Passed Fwd filter:                         6  (0.00145314); expected 0.0 (1e-05)
Initial search space (Z):               4129  [actual number of targets]
Domain search space  (domZ):               0  [number of targets reported over threshold]
# CPU time: 0.06u 0.00s 00:00:00.06 Elapsed: 00:00:00.06
# Mc/sec: 9458.57
//
Query:       TIGR01059  [M=639]
Accession:   TIGR01059
Description: gyrB: DNA gyrase, B subunit
Scores for complete sequences (score includes all domains):
   --- full sequence ---   --- best 1 domain ---    -#dom-
    E-value  score  bias    E-value  score  bias    exp  N  Sequence                 Description
    ------- ------ -----    ------- ------ -----   ---- --  --------                 -----------
   9.3e-285  943.9   0.0   1.1e-284  943.7   0.0    1.0  1  NZ_JBDGIY010000001.1_243  # 267176 # 269635 # 1 # ID=1_243;partial=00;start_type=TTG;rbs_motif=GGA/GAG/AGG;rbs_spacer=5-10bp;gc_cont=0.653


Domain annotation for each sequence:
>> NZ_JBDGIY010000001.1_243  # 267176 # 269635 # 1 # ID=1_243;partial=00;start_type=TTG;rbs_motif=GGA/GAG/AGG;rbs_spacer=5-10bp;gc_cont=0.653
   #    score  bias  c-Evalue  i-Evalue hmmfrom  hmm to    alifrom  ali to    envfrom  env to     acc
 ---   ------ ----- --------- --------- ------- -------    ------- -------    ------- -------    ----
   1 !  943.7   0.0  2.6e-288  1.1e-284       1     639 []      13     819 ..      13     819 .. 0.92



Internal pipeline statistics summary:
-------------------------------------
Query model(s):                            1  (639 nodes)
Target sequences:                       4129  (1285408 residues searched)
Passed MSV filter:                        73  (0.0176798); expected 82.6 (0.02)
Passed bias filter:                       67  (0.0162267); expected 82.6 (0.02)
Passed Vit filter:                        11  (0.00266408); expected 4.1 (0.001)
Passed Fwd filter:                         4  (0.000968758); expected 0.0 (1e-05)
Initial search space (Z):               4129  [actual number of targets]
Domain search space  (domZ):               1  [number of targets reported over threshold]
# CPU time: 0.07u 0.01s 00:00:00.08 Elapsed: 00:00:00.07
# Mc/sec: 10921.91
//
Query:       TIGR01063  [M=800]
Accession:   TIGR01063
Description: gyrA: DNA gyrase, A subunit
Scores for complete sequences (score includes all domains):
   --- full sequence ---   --- best 1 domain ---    -#dom-
    E-value  score  bias    E-value  score  bias    exp  N  Sequence                  Description
    ------- ------ -----    ------- ------ -----   ---- --  --------                  -----------
          0 1131.5   0.7          0 1131.3   0.7    1.0  1  NZ_JBDGIY010000001.1_1593  # 1694936 # 1697707 # 1 # ID=1_1593;partial=00;start_type=GTG;rbs_motif=None;rbs_spacer=None;gc_cont=0.654


Domain annotation for each sequence:
>> NZ_JBDGIY010000001.1_1593  # 1694936 # 1697707 # 1 # ID=1_1593;partial=00;start_type=GTG;rbs_motif=None;rbs_spacer=None;gc_cont=0.654
   #    score  bias  c-Evalue  i-Evalue hmmfrom  hmm to    alifrom  ali to    envfrom  env to     acc
 ---   ------ ----- --------- --------- ------- -------    ------- -------    ------- -------    ----
   1 ! 1131.3   0.7         0         0       1     799 [.      17     900 ..      17     901 .. 0.98



Internal pipeline statistics summary:
-------------------------------------
Query model(s):                            1  (800 nodes)
Target sequences:                       4129  (1285408 residues searched)
Passed MSV filter:                        87  (0.0210705); expected 82.6 (0.02)
Passed bias filter:                       71  (0.0171954); expected 82.6 (0.02)
Passed Vit filter:                         6  (0.00145314); expected 4.1 (0.001)
Passed Fwd filter:                         3  (0.000726568); expected 0.0 (1e-05)
Initial search space (Z):               4129  [actual number of targets]
Domain search space  (domZ):               1  [number of targets reported over threshold]
# CPU time: 0.10u 0.00s 00:00:00.10 Elapsed: 00:00:00.10
# Mc/sec: 9690.19
//
Query:       TIGR01066  [M=141]
Accession:   TIGR01066
Description: rplM_bact: ribosomal protein uL13
Scores for complete sequences (score includes all domains):
   --- full sequence ---   --- best 1 domain ---    -#dom-
    E-value  score  bias    E-value  score  bias    exp  N  Sequence                  Description
    ------- ------ -----    ------- ------ -----   ---- --  --------                  -----------
    1.9e-56  187.7   0.0    2.1e-56  187.5   0.0    1.0  1  NZ_JBDGIY010000001.1_1396  # 1481568 # 1482032 # 1 # ID=1_1396;partial=00;start_type=ATG;rbs_motif=AGGA;rbs_spacer=5-10bp;gc_cont=0.645


Domain annotation for each sequence:
>> NZ_JBDGIY010000001.1_1396  # 1481568 # 1482032 # 1 # ID=1_1396;partial=00;start_type=ATG;rbs_motif=AGGA;rbs_spacer=5-10bp;gc_cont=0.645
   #    score  bias  c-Evalue  i-Evalue hmmfrom  hmm to    alifrom  ali to    envfrom  env to     acc
 ---   ------ ----- --------- --------- ------- -------    ------- -------    ------- -------    ----
   1 !  187.5   0.0   5.1e-60   2.1e-56       4     140 ..       6     142 ..       2     143 .. 0.97



Internal pipeline statistics summary:
-------------------------------------
Query model(s):                            1  (141 nodes)
Target sequences:                       4129  (1285408 residues searched)
Passed MSV filter:                        69  (0.0167111); expected 82.6 (0.02)
Passed bias filter:                       62  (0.0150157); expected 82.6 (0.02)
Passed Vit filter:                         8  (0.00193752); expected 4.1 (0.001)
Passed Fwd filter:                         1  (0.000242189); expected 0.0 (1e-05)
Initial search space (Z):               4129  [actual number of targets]
Domain search space  (domZ):               1  [number of targets reported over threshold]
# CPU time: 0.02u 0.00s 00:00:00.02 Elapsed: 00:00:00.02
# Mc/sec: 7569.33
//
Query:       TIGR01071  [M=144]
Accession:   TIGR01071
Description: rplO_bact: ribosomal protein uL15
Scores for complete sequences (score includes all domains):
   --- full sequence ---   --- best 1 domain ---    -#dom-
    E-value  score  bias    E-value  score  bias    exp  N  Sequence                  Description
    ------- ------ -----    ------- ------ -----   ---- --  --------                  -----------
    4.2e-43  144.5   3.1    4.7e-43  144.3   3.1    1.0  1  NZ_JBDGIY010000001.1_1869  # 1980026 # 1980511 # -1 # ID=1_1869;partial=00;start_type=ATG;rbs_motif=AGGA;rbs_spacer=5-10bp;gc_cont=0.644


Domain annotation for each sequence:
>> NZ_JBDGIY010000001.1_1869  # 1980026 # 1980511 # -1 # ID=1_1869;partial=00;start_type=ATG;rbs_motif=AGGA;rbs_spacer=5-10bp;gc_cont=0.644
   #    score  bias  c-Evalue  i-Evalue hmmfrom  hmm to    alifrom  ali to    envfrom  env to     acc
 ---   ------ ----- --------- --------- ------- -------    ------- -------    ------- -------    ----
   1 !  144.3   3.1   1.1e-46   4.7e-43       1     143 [.       3     150 ..       3     151 .. 0.96



Internal pipeline statistics summary:
-------------------------------------
Query model(s):                            1  (144 nodes)
Target sequences:                       4129  (1285408 residues searched)
Passed MSV filter:                        69  (0.0167111); expected 82.6 (0.02)
Passed bias filter:                       62  (0.0150157); expected 82.6 (0.02)
Passed Vit filter:                         6  (0.00145314); expected 4.1 (0.001)
Passed Fwd filter:                         1  (0.000242189); expected 0.0 (1e-05)
Initial search space (Z):               4129  [actual number of targets]
Domain search space  (domZ):               1  [number of targets reported over threshold]
# CPU time: 0.02u 0.00s 00:00:00.02 Elapsed: 00:00:00.03
# Mc/sec: 5577.28
//
Query:       TIGR01079  [M=104]
Accession:   TIGR01079
Description: rplX_bact: ribosomal protein uL24
Scores for complete sequences (score includes all domains):
   --- full sequence ---   --- best 1 domain ---    -#dom-
    E-value  score  bias    E-value  score  bias    exp  N  Sequence                  Description
    ------- ------ -----    ------- ------ -----   ---- --  --------                  -----------
    3.9e-34  115.1   3.1    4.3e-34  114.9   3.1    1.0  1  NZ_JBDGIY010000001.1_1877  # 1983539 # 1983853 # -1 # ID=1_1877;partial=00;start_type=ATG;rbs_motif=GGAGG;rbs_spacer=5-10bp;gc_cont=0.641


Domain annotation for each sequence:
>> NZ_JBDGIY010000001.1_1877  # 1983539 # 1983853 # -1 # ID=1_1877;partial=00;start_type=ATG;rbs_motif=GGAGG;rbs_spacer=5-10bp;gc_cont=0.641
   #    score  bias  c-Evalue  i-Evalue hmmfrom  hmm to    alifrom  ali to    envfrom  env to     acc
 ---   ------ ----- --------- --------- ------- -------    ------- -------    ------- -------    ----
   1 !  114.9   3.1   1.1e-37   4.3e-34       2     104 .]       3     102 ..       2     102 .. 0.96



Internal pipeline statistics summary:
-------------------------------------
Query model(s):                            1  (104 nodes)
Target sequences:                       4129  (1285408 residues searched)
Passed MSV filter:                        71  (0.0171954); expected 82.6 (0.02)
Passed bias filter:                       62  (0.0150157); expected 82.6 (0.02)
Passed Vit filter:                         5  (0.00121095); expected 4.1 (0.001)
Passed Fwd filter:                         1  (0.000242189); expected 0.0 (1e-05)
Initial search space (Z):               4129  [actual number of targets]
Domain search space  (domZ):               1  [number of targets reported over threshold]
# CPU time: 0.02u 0.00s 00:00:00.02 Elapsed: 00:00:00.01
# Mc/sec: 8338.13
//
Query:       TIGR01082  [M=449]
Accession:   TIGR01082
Description: murC: UDP-N-acetylmuramate--L-alanine ligase
Scores for complete sequences (score includes all domains):
   --- full sequence ---   --- best 1 domain ---    -#dom-
    E-value  score  bias    E-value  score  bias    exp  N  Sequence                  Description
    ------- ------ -----    ------- ------ -----   ---- --  --------                  -----------
   1.4e-164  546.3   0.0   1.6e-164  546.1   0.0    1.0  1  NZ_JBDGIY010000001.1_2254  # 2364008 # 2365432 # -1 # ID=1_2254;partial=00;start_type=ATG;rbs_motif=GGA/GAG/AGG;rbs_spacer=11-12bp;gc_cont=0.657


Domain annotation for each sequence:
>> NZ_JBDGIY010000001.1_2254  # 2364008 # 2365432 # -1 # ID=1_2254;partial=00;start_type=ATG;rbs_motif=GGA/GAG/AGG;rbs_spacer=11-12bp;gc_cont=0.657
   #    score  bias  c-Evalue  i-Evalue hmmfrom  hmm to    alifrom  ali to    envfrom  env to     acc
 ---   ------ ----- --------- --------- ------- -------    ------- -------    ------- -------    ----
   1 !  546.1   0.0  3.8e-168  1.6e-164       2     447 ..      10     458 ..       9     460 .. 0.98



Internal pipeline statistics summary:
-------------------------------------
Query model(s):                            1  (449 nodes)
Target sequences:                       4129  (1285408 residues searched)
Passed MSV filter:                       163  (0.0394769); expected 82.6 (0.02)
Passed bias filter:                      140  (0.0339065); expected 82.6 (0.02)
Passed Vit filter:                        16  (0.00387503); expected 4.1 (0.001)
Passed Fwd filter:                         5  (0.00121095); expected 0.0 (1e-05)
Initial search space (Z):               4129  [actual number of targets]
Domain search space  (domZ):               1  [number of targets reported over threshold]
# CPU time: 0.05u 0.02s 00:00:00.07 Elapsed: 00:00:00.07
# Mc/sec: 7340.83
//
Query:       TIGR01087  [M=441]
Accession:   TIGR01087
Description: murD: UDP-N-acetylmuramoylalanine--D-glutamate ligase
Scores for complete sequences (score includes all domains):
   --- full sequence ---   --- best 1 domain ---    -#dom-
    E-value  score  bias    E-value  score  bias    exp  N  Sequence                  Description
    ------- ------ -----    ------- ------ -----   ---- --  --------                  -----------
    6.2e-79  263.9   0.0    7.1e-78  260.5   0.0    1.9  1  NZ_JBDGIY010000001.1_2544  # 2640155 # 2641477 # 1 # ID=1_2544;partial=00;start_type=ATG;rbs_motif=GGA/GAG/AGG;rbs_spacer=5-10bp;gc_cont=0.669


Domain annotation for each sequence:
>> NZ_JBDGIY010000001.1_2544  # 2640155 # 2641477 # 1 # ID=1_2544;partial=00;start_type=ATG;rbs_motif=GGA/GAG/AGG;rbs_spacer=5-10bp;gc_cont=0.669
   #    score  bias  c-Evalue  i-Evalue hmmfrom  hmm to    alifrom  ali to    envfrom  env to     acc
 ---   ------ ----- --------- --------- ------- -------    ------- -------    ------- -------    ----
   1 !  260.5   0.0   1.7e-81   7.1e-78       2     440 ..       7     432 ..       6     433 .. 0.86



Internal pipeline statistics summary:
-------------------------------------
Query model(s):                            1  (441 nodes)
Target sequences:                       4129  (1285408 residues searched)
Passed MSV filter:                       201  (0.0486801); expected 82.6 (0.02)
Passed bias filter:                      182  (0.0440785); expected 82.6 (0.02)
Passed Vit filter:                        40  (0.00968758); expected 4.1 (0.001)
Passed Fwd filter:                         6  (0.00145314); expected 0.0 (1e-05)
Initial search space (Z):               4129  [actual number of targets]
Domain search space  (domZ):               1  [number of targets reported over threshold]
# CPU time: 0.08u 0.00s 00:00:00.08 Elapsed: 00:00:00.10
# Mc/sec: 5663.26
//
Query:       TIGR01128  [M=314]
Accession:   TIGR01128
Description: holA: DNA polymerase III, delta subunit
Scores for complete sequences (score includes all domains):
   --- full sequence ---   --- best 1 domain ---    -#dom-
    E-value  score  bias    E-value  score  bias    exp  N  Sequence                 Description
    ------- ------ -----    ------- ------ -----   ---- --  --------                 -----------
    9.7e-41  137.9   0.0    1.3e-40  137.5   0.0    1.0  1  NZ_JBDGIY010000002.1_297  # 292062 # 293081 # -1 # ID=2_297;partial=00;start_type=ATG;rbs_motif=3Base/5BMM;rbs_spacer=13-15bp;gc_cont=0.675


Domain annotation for each sequence:
>> NZ_JBDGIY010000002.1_297  # 292062 # 293081 # -1 # ID=2_297;partial=00;start_type=ATG;rbs_motif=3Base/5BMM;rbs_spacer=13-15bp;gc_cont=0.675
   #    score  bias  c-Evalue  i-Evalue hmmfrom  hmm to    alifrom  ali to    envfrom  env to     acc
 ---   ------ ----- --------- --------- ------- -------    ------- -------    ------- -------    ----
   1 !  137.5   0.0     3e-44   1.3e-40       4     302 ..      22     322 ..      21     333 .. 0.95



Internal pipeline statistics summary:
-------------------------------------
Query model(s):                            1  (314 nodes)
Target sequences:                       4129  (1285408 residues searched)
Passed MSV filter:                       130  (0.0314846); expected 82.6 (0.02)
Passed bias filter:                      109  (0.0263986); expected 82.6 (0.02)
Passed Vit filter:                        10  (0.00242189); expected 4.1 (0.001)
Passed Fwd filter:                         2  (0.000484379); expected 0.0 (1e-05)
Initial search space (Z):               4129  [actual number of targets]
Domain search space  (domZ):               1  [number of targets reported over threshold]
# CPU time: 0.04u 0.01s 00:00:00.05 Elapsed: 00:00:00.03
# Mc/sec: 12245.73
//
Query:       TIGR01146  [M=286]
Accession:   TIGR01146
Description: ATPsyn_F1gamma: ATP synthase F1, gamma subunit
Scores for complete sequences (score includes all domains):
   --- full sequence ---   --- best 1 domain ---    -#dom-
    E-value  score  bias    E-value  score  bias    exp  N  Sequence                 Description
    ------- ------ -----    ------- ------ -----   ---- --  --------                 -----------
    5.4e-98  326.1   1.4      6e-98  326.0   1.4    1.0  1  NZ_JBDGIY010000002.1_609  # 620322 # 621200 # 1 # ID=2_609;partial=00;start_type=ATG;rbs_motif=GGA/GAG/AGG;rbs_spacer=5-10bp;gc_cont=0.638


Domain annotation for each sequence:
>> NZ_JBDGIY010000002.1_609  # 620322 # 621200 # 1 # ID=2_609;partial=00;start_type=ATG;rbs_motif=GGA/GAG/AGG;rbs_spacer=5-10bp;gc_cont=0.638
   #    score  bias  c-Evalue  i-Evalue hmmfrom  hmm to    alifrom  ali to    envfrom  env to     acc
 ---   ------ ----- --------- --------- ------- -------    ------- -------    ------- -------    ----
   1 !  326.0   1.4  1.5e-101     6e-98       1     286 []       1     292 [.       1     292 [. 0.94



Internal pipeline statistics summary:
-------------------------------------
Query model(s):                            1  (286 nodes)
Target sequences:                       4129  (1285408 residues searched)
Passed MSV filter:                        91  (0.0220392); expected 82.6 (0.02)
Passed bias filter:                       69  (0.0167111); expected 82.6 (0.02)
Passed Vit filter:                         7  (0.00169533); expected 4.1 (0.001)
Passed Fwd filter:                         1  (0.000242189); expected 0.0 (1e-05)
Initial search space (Z):               4129  [actual number of targets]
Domain search space  (domZ):               1  [number of targets reported over threshold]
# CPU time: 0.03u 0.00s 00:00:00.03 Elapsed: 00:00:00.03
# Mc/sec: 9557.73
//
Query:       TIGR01164  [M=126]
Accession:   TIGR01164
Description: rplP_bact: ribosomal protein uL16
Scores for complete sequences (score includes all domains):
   --- full sequence ---   --- best 1 domain ---    -#dom-
    E-value  score  bias    E-value  score  bias    exp  N  Sequence                  Description
    ------- ------ -----    ------- ------ -----   ---- --  --------                  -----------
    1.4e-58  194.4   1.0    1.6e-58  194.2   1.0    1.0  1  NZ_JBDGIY010000001.1_1881  # 1984751 # 1985164 # -1 # ID=1_1881;partial=00;start_type=ATG;rbs_motif=AGxAGG/AGGxGG;rbs_spacer=5-10bp;gc_cont=0.645


Domain annotation for each sequence:
>> NZ_JBDGIY010000001.1_1881  # 1984751 # 1985164 # -1 # ID=1_1881;partial=00;start_type=ATG;rbs_motif=AGxAGG/AGGxGG;rbs_spacer=5-10bp;gc_cont=0.645
   #    score  bias  c-Evalue  i-Evalue hmmfrom  hmm to    alifrom  ali to    envfrom  env to     acc
 ---   ------ ----- --------- --------- ------- -------    ------- -------    ------- -------    ----
   1 !  194.2   1.0   3.8e-62   1.6e-58       1     126 []       2     127 ..       2     127 .. 0.99



Internal pipeline statistics summary:
-------------------------------------
Query model(s):                            1  (126 nodes)
Target sequences:                       4129  (1285408 residues searched)
Passed MSV filter:                        86  (0.0208283); expected 82.6 (0.02)
Passed bias filter:                       77  (0.0186486); expected 82.6 (0.02)
Passed Vit filter:                         9  (0.0021797); expected 4.1 (0.001)
Passed Fwd filter:                         1  (0.000242189); expected 0.0 (1e-05)
Initial search space (Z):               4129  [actual number of targets]
Domain search space  (domZ):               1  [number of targets reported over threshold]
# CPU time: 0.02u 0.00s 00:00:00.02 Elapsed: 00:00:00.02
# Mc/sec: 6754.94
//
Query:       TIGR01169  [M=227]
Accession:   TIGR01169
Description: rplA_bact: ribosomal protein uL1
Scores for complete sequences (score includes all domains):
   --- full sequence ---   --- best 1 domain ---    -#dom-
    E-value  score  bias    E-value  score  bias    exp  N  Sequence                  Description
    ------- ------ -----    ------- ------ -----   ---- --  --------                  -----------
   1.9e-103  342.6   2.2   2.1e-103  342.4   2.2    1.0  1  NZ_JBDGIY010000001.1_1900  # 2005836 # 2006528 # -1 # ID=1_1900;partial=00;start_type=ATG;rbs_motif=GGAG/GAGG;rbs_spacer=5-10bp;gc_cont=0.655


Domain annotation for each sequence:
>> NZ_JBDGIY010000001.1_1900  # 2005836 # 2006528 # -1 # ID=1_1900;partial=00;start_type=ATG;rbs_motif=GGAG/GAGG;rbs_spacer=5-10bp;gc_cont=0.655
   #    score  bias  c-Evalue  i-Evalue hmmfrom  hmm to    alifrom  ali to    envfrom  env to     acc
 ---   ------ ----- --------- --------- ------- -------    ------- -------    ------- -------    ----
   1 !  342.4   2.2  5.2e-107  2.1e-103       3     226 ..       5     228 ..       3     229 .. 0.99



Internal pipeline statistics summary:
-------------------------------------
Query model(s):                            1  (227 nodes)
Target sequences:                       4129  (1285408 residues searched)
Passed MSV filter:                       104  (0.0251877); expected 82.6 (0.02)
Passed bias filter:                       94  (0.0227658); expected 82.6 (0.02)
Passed Vit filter:                        11  (0.00266408); expected 4.1 (0.001)
Passed Fwd filter:                         1  (0.000242189); expected 0.0 (1e-05)
Initial search space (Z):               4129  [actual number of targets]
Domain search space  (domZ):               1  [number of targets reported over threshold]
# CPU time: 0.03u 0.00s 00:00:00.03 Elapsed: 00:00:00.04
# Mc/sec: 6252.39
//
Query:       TIGR01171  [M=275]
Accession:   TIGR01171
Description: rplB_bact: ribosomal protein uL2
Scores for complete sequences (score includes all domains):
   --- full sequence ---   --- best 1 domain ---    -#dom-
    E-value  score  bias    E-value  score  bias    exp  N  Sequence                  Description
    ------- ------ -----    ------- ------ -----   ---- --  --------                  -----------
   1.2e-119  396.6   5.7   1.4e-119  396.4   5.7    1.0  1  NZ_JBDGIY010000001.1_1885  # 1986607 # 1987446 # -1 # ID=1_1885;partial=00;start_type=ATG;rbs_motif=GGAG/GAGG;rbs_spacer=5-10bp;gc_cont=0.663


Domain annotation for each sequence:
>> NZ_JBDGIY010000001.1_1885  # 1986607 # 1987446 # -1 # ID=1_1885;partial=00;start_type=ATG;rbs_motif=GGAG/GAGG;rbs_spacer=5-10bp;gc_cont=0.663
   #    score  bias  c-Evalue  i-Evalue hmmfrom  hmm to    alifrom  ali to    envfrom  env to     acc
 ---   ------ ----- --------- --------- ------- -------    ------- -------    ------- -------    ----
   1 !  396.4   5.7  3.3e-123  1.4e-119       1     274 [.       3     274 ..       3     275 .. 0.98



Internal pipeline statistics summary:
-------------------------------------
Query model(s):                            1  (275 nodes)
Target sequences:                       4129  (1285408 residues searched)
Passed MSV filter:                        61  (0.0147736); expected 82.6 (0.02)
Passed bias filter:                       55  (0.0133204); expected 82.6 (0.02)
Passed Vit filter:                         7  (0.00169533); expected 4.1 (0.001)
Passed Fwd filter:                         1  (0.000242189); expected 0.0 (1e-05)
Initial search space (Z):               4129  [actual number of targets]
Domain search space  (domZ):               1  [number of targets reported over threshold]
# CPU time: 0.03u 0.00s 00:00:00.03 Elapsed: 00:00:00.02
# Mc/sec: 11797.61
//
Query:       TIGR01213  [M=387]
Accession:   TIGR01213
Description: pseudo_Pus10arc: tRNA pseudouridine(54/55) synthase
Scores for complete sequences (score includes all domains):
   --- full sequence ---   --- best 1 domain ---    -#dom-
    E-value  score  bias    E-value  score  bias    exp  N  Sequence Description
    ------- ------ -----    ------- ------ -----   ---- --  -------- -----------

   [No hits detected that satisfy reporting thresholds]


Domain annotation for each sequence:

   [No targets detected that satisfy reporting thresholds]


Internal pipeline statistics summary:
-------------------------------------
Query model(s):                            1  (387 nodes)
Target sequences:                       4129  (1285408 residues searched)
Passed MSV filter:                       106  (0.0256721); expected 82.6 (0.02)
Passed bias filter:                       85  (0.0205861); expected 82.6 (0.02)
Passed Vit filter:                         6  (0.00145314); expected 4.1 (0.001)
Passed Fwd filter:                         1  (0.000242189); expected 0.0 (1e-05)
Initial search space (Z):               4129  [actual number of targets]
Domain search space  (domZ):               0  [number of targets reported over threshold]
# CPU time: 0.04u 0.00s 00:00:00.04 Elapsed: 00:00:00.03
# Mc/sec: 12896.84
//
Query:       TIGR01302  [M=450]
Accession:   TIGR01302
Description: IMP_dehydrog: inosine-5'-monophosphate dehydrogenase
Scores for complete sequences (score includes all domains):
   --- full sequence ---   --- best 1 domain ---    -#dom-
    E-value  score  bias    E-value  score  bias    exp  N  Sequence                  Description
    ------- ------ -----    ------- ------ -----   ---- --  --------                  -----------
   6.6e-196  649.3   8.4   7.6e-196  649.1   8.4    1.0  1  NZ_JBDGIY010000001.1_1230  # 1321729 # 1323231 # 1 # ID=1_1230;partial=00;start_type=TTG;rbs_motif=GGA/GAG/AGG;rbs_spacer=5-10bp;gc_cont=0.662


Domain annotation for each sequence:
>> NZ_JBDGIY010000001.1_1230  # 1321729 # 1323231 # 1 # ID=1_1230;partial=00;start_type=TTG;rbs_motif=GGA/GAG/AGG;rbs_spacer=5-10bp;gc_cont=0.662
   #    score  bias  c-Evalue  i-Evalue hmmfrom  hmm to    alifrom  ali to    envfrom  env to     acc
 ---   ------ ----- --------- --------- ------- -------    ------- -------    ------- -------    ----
   1 !  649.1   8.4  1.8e-199  7.6e-196       1     449 [.      13     466 ..      13     467 .. 0.99



Internal pipeline statistics summary:
-------------------------------------
Query model(s):                            1  (450 nodes)
Target sequences:                       4129  (1285408 residues searched)
Passed MSV filter:                       184  (0.0445628); expected 82.6 (0.02)
Passed bias filter:                      129  (0.0312424); expected 82.6 (0.02)
Passed Vit filter:                        21  (0.00508598); expected 4.1 (0.001)
Passed Fwd filter:                         8  (0.00193752); expected 0.0 (1e-05)
Initial search space (Z):               4129  [actual number of targets]
Domain search space  (domZ):               1  [number of targets reported over threshold]
# CPU time: 0.06u 0.01s 00:00:00.06 Elapsed: 00:00:00.09
# Mc/sec: 6320.85
//
Query:       TIGR01391  [M=414]
Accession:   TIGR01391
Description: dnaG: DNA primase
Scores for complete sequences (score includes all domains):
   --- full sequence ---   --- best 1 domain ---    -#dom-
    E-value  score  bias    E-value  score  bias    exp  N  Sequence                  Description
    ------- ------ -----    ------- ------ -----   ---- --  --------                  -----------
   1.2e-123  410.9   0.0   1.4e-123  410.7   0.0    1.1  1  NZ_JBDGIY010000001.1_2394  # 2513239 # 2515206 # -1 # ID=1_2394;partial=00;start_type=ATG;rbs_motif=None;rbs_spacer=None;gc_cont=0.673


Domain annotation for each sequence:
>> NZ_JBDGIY010000001.1_2394  # 2513239 # 2515206 # -1 # ID=1_2394;partial=00;start_type=ATG;rbs_motif=None;rbs_spacer=None;gc_cont=0.673
   #    score  bias  c-Evalue  i-Evalue hmmfrom  hmm to    alifrom  ali to    envfrom  env to     acc
 ---   ------ ----- --------- --------- ------- -------    ------- -------    ------- -------    ----
   1 !  410.7   0.0  3.4e-127  1.4e-123       2     414 .]       3     423 ..       2     423 .. 0.95



Internal pipeline statistics summary:
-------------------------------------
Query model(s):                            1  (414 nodes)
Target sequences:                       4129  (1285408 residues searched)
Passed MSV filter:                        93  (0.0225236); expected 82.6 (0.02)
Passed bias filter:                       86  (0.0208283); expected 82.6 (0.02)
Passed Vit filter:                         8  (0.00193752); expected 4.1 (0.001)
Passed Fwd filter:                         1  (0.000242189); expected 0.0 (1e-05)
Initial search space (Z):               4129  [actual number of targets]
Domain search space  (domZ):               1  [number of targets reported over threshold]
# CPU time: 0.04u 0.00s 00:00:00.04 Elapsed: 00:00:00.03
# Mc/sec: 14013.94
//
Query:       TIGR01393  [M=595]
Accession:   TIGR01393
Description: lepA: elongation factor 4
Scores for complete sequences (score includes all domains):
   --- full sequence ---   --- best 1 domain ---    -#dom-
    E-value  score  bias    E-value  score  bias    exp  N  Sequence                 Description
    ------- ------ -----    ------- ------ -----   ---- --  --------                 -----------
   1.2e-294  976.1   0.0   1.3e-294  975.9   0.0    1.0  1  NZ_JBDGIY010000001.1_177  # 201263 # 203068 # -1 # ID=1_177;partial=00;start_type=ATG;rbs_motif=None;rbs_spacer=None;gc_cont=0.640


Domain annotation for each sequence:
>> NZ_JBDGIY010000001.1_177  # 201263 # 203068 # -1 # ID=1_177;partial=00;start_type=ATG;rbs_motif=None;rbs_spacer=None;gc_cont=0.640
   #    score  bias  c-Evalue  i-Evalue hmmfrom  hmm to    alifrom  ali to    envfrom  env to     acc
 ---   ------ ----- --------- --------- ------- -------    ------- -------    ------- -------    ----
   1 !  975.9   0.0  3.2e-298  1.3e-294       2     594 ..       7     598 ..       6     599 .. 1.00



Internal pipeline statistics summary:
-------------------------------------
Query model(s):                            1  (595 nodes)
Target sequences:                       4129  (1285408 residues searched)
Passed MSV filter:                        72  (0.0174376); expected 82.6 (0.02)
Passed bias filter:                       62  (0.0150157); expected 82.6 (0.02)
Passed Vit filter:                        19  (0.0046016); expected 4.1 (0.001)
Passed Fwd filter:                        12  (0.00290627); expected 0.0 (1e-05)
Initial search space (Z):               4129  [actual number of targets]
Domain search space  (domZ):               1  [number of targets reported over threshold]
# CPU time: 0.12u 0.00s 00:00:00.12 Elapsed: 00:00:00.11
# Mc/sec: 6580.65
//
Query:       TIGR01394  [M=594]
Accession:   TIGR01394
Description: TypA_BipA: GTP-binding protein TypA/BipA
Scores for complete sequences (score includes all domains):
   --- full sequence ---   --- best 1 domain ---    -#dom-
    E-value  score  bias    E-value  score  bias    exp  N  Sequence                 Description
    ------- ------ -----    ------- ------ -----   ---- --  --------                 -----------
   1.3e-275  913.1   0.3   1.5e-275  912.9   0.3    1.0  1  NZ_JBDGIY010000002.1_341  # 339633 # 341492 # -1 # ID=2_341;partial=00;start_type=ATG;rbs_motif=None;rbs_spacer=None;gc_cont=0.660


Domain annotation for each sequence:
>> NZ_JBDGIY010000002.1_341  # 339633 # 341492 # -1 # ID=2_341;partial=00;start_type=ATG;rbs_motif=None;rbs_spacer=None;gc_cont=0.660
   #    score  bias  c-Evalue  i-Evalue hmmfrom  hmm to    alifrom  ali to    envfrom  env to     acc
 ---   ------ ----- --------- --------- ------- -------    ------- -------    ------- -------    ----
   1 !  912.9   0.3  3.7e-279  1.5e-275       1     594 []      18     611 ..      18     611 .. 1.00



Internal pipeline statistics summary:
-------------------------------------
Query model(s):                            1  (594 nodes)
Target sequences:                       4129  (1285408 residues searched)
Passed MSV filter:                        92  (0.0222814); expected 82.6 (0.02)
Passed bias filter:                       74  (0.017922); expected 82.6 (0.02)
Passed Vit filter:                        16  (0.00387503); expected 4.1 (0.001)
Passed Fwd filter:                         8  (0.00193752); expected 0.0 (1e-05)
Initial search space (Z):               4129  [actual number of targets]
Domain search space  (domZ):               1  [number of targets reported over threshold]
# CPU time: 0.10u 0.00s 00:00:00.10 Elapsed: 00:00:00.11
# Mc/sec: 6926.83
//
Query:       TIGR01510  [M=155]
Accession:   TIGR01510
Description: coaD_prev_kdtB: pantetheine-phosphate adenylyltransferase
Scores for complete sequences (score includes all domains):
   --- full sequence ---   --- best 1 domain ---    -#dom-
    E-value  score  bias    E-value  score  bias    exp  N  Sequence                  Description
    ------- ------ -----    ------- ------ -----   ---- --  --------                  -----------
    2.2e-52  175.0   0.0    2.5e-52  174.9   0.0    1.0  1  NZ_JBDGIY010000001.1_1490  # 1579896 # 1580390 # 1 # ID=1_1490;partial=00;start_type=ATG;rbs_motif=GGA/GAG/AGG;rbs_spacer=5-10bp;gc_cont=0.620


Domain annotation for each sequence:
>> NZ_JBDGIY010000001.1_1490  # 1579896 # 1580390 # 1 # ID=1_1490;partial=00;start_type=ATG;rbs_motif=GGA/GAG/AGG;rbs_spacer=5-10bp;gc_cont=0.620
   #    score  bias  c-Evalue  i-Evalue hmmfrom  hmm to    alifrom  ali to    envfrom  env to     acc
 ---   ------ ----- --------- --------- ------- -------    ------- -------    ------- -------    ----
   1 !  174.9   0.0     6e-56   2.5e-52       2     153 ..       6     162 ..       5     164 .. 0.97



Internal pipeline statistics summary:
-------------------------------------
Query model(s):                            1  (155 nodes)
Target sequences:                       4129  (1285408 residues searched)
Passed MSV filter:                        65  (0.0157423); expected 82.6 (0.02)
Passed bias filter:                       63  (0.0152579); expected 82.6 (0.02)
Passed Vit filter:                         4  (0.000968758); expected 4.1 (0.001)
Passed Fwd filter:                         2  (0.000484379); expected 0.0 (1e-05)
Initial search space (Z):               4129  [actual number of targets]
Domain search space  (domZ):               1  [number of targets reported over threshold]
# CPU time: 0.02u 0.00s 00:00:00.02 Elapsed: 00:00:00.02
# Mc/sec: 7345.43
//
Query:       TIGR01632  [M=140]
Accession:   TIGR01632
Description: L11_bact: ribosomal protein uL11
Scores for complete sequences (score includes all domains):
   --- full sequence ---   --- best 1 domain ---    -#dom-
    E-value  score  bias    E-value  score  bias    exp  N  Sequence                  Description
    ------- ------ -----    ------- ------ -----   ---- --  --------                  -----------
    1.5e-62  207.6   0.8    1.6e-62  207.4   0.8    1.0  1  NZ_JBDGIY010000001.1_1901  # 2006534 # 2006962 # -1 # ID=1_1901;partial=00;start_type=ATG;rbs_motif=AGGA;rbs_spacer=5-10bp;gc_cont=0.601


Domain annotation for each sequence:
>> NZ_JBDGIY010000001.1_1901  # 2006534 # 2006962 # -1 # ID=1_1901;partial=00;start_type=ATG;rbs_motif=AGGA;rbs_spacer=5-10bp;gc_cont=0.601
   #    score  bias  c-Evalue  i-Evalue hmmfrom  hmm to    alifrom  ali to    envfrom  env to     acc
 ---   ------ ----- --------- --------- ------- -------    ------- -------    ------- -------    ----
   1 !  207.4   0.8   3.9e-66   1.6e-62       1     139 [.       3     141 ..       3     142 .. 0.99



Internal pipeline statistics summary:
-------------------------------------
Query model(s):                            1  (140 nodes)
Target sequences:                       4129  (1285408 residues searched)
Passed MSV filter:                        77  (0.0186486); expected 82.6 (0.02)
Passed bias filter:                       70  (0.0169533); expected 82.6 (0.02)
Passed Vit filter:                         4  (0.000968758); expected 4.1 (0.001)
Passed Fwd filter:                         1  (0.000242189); expected 0.0 (1e-05)
Initial search space (Z):               4129  [actual number of targets]
Domain search space  (domZ):               1  [number of targets reported over threshold]
# CPU time: 0.02u 0.00s 00:00:00.02 Elapsed: 00:00:00.02
# Mc/sec: 8542.12
//
Query:       TIGR01951  [M=131]
Accession:   TIGR01951
Description: nusB: transcription antitermination factor NusB
Scores for complete sequences (score includes all domains):
   --- full sequence ---   --- best 1 domain ---    -#dom-
    E-value  score  bias    E-value  score  bias    exp  N  Sequence                  Description
    ------- ------ -----    ------- ------ -----   ---- --  --------                  -----------
      2e-39  132.7   0.3    2.3e-39  132.5   0.3    1.0  1  NZ_JBDGIY010000001.1_1375  # 1464066 # 1464566 # 1 # ID=1_1375;partial=00;start_type=ATG;rbs_motif=None;rbs_spacer=None;gc_cont=0.669


Domain annotation for each sequence:
>> NZ_JBDGIY010000001.1_1375  # 1464066 # 1464566 # 1 # ID=1_1375;partial=00;start_type=ATG;rbs_motif=None;rbs_spacer=None;gc_cont=0.669
   #    score  bias  c-Evalue  i-Evalue hmmfrom  hmm to    alifrom  ali to    envfrom  env to     acc
 ---   ------ ----- --------- --------- ------- -------    ------- -------    ------- -------    ----
   1 !  132.5   0.3   5.5e-43   2.3e-39       2     130 ..      18     155 ..      16     156 .. 0.93



Internal pipeline statistics summary:
-------------------------------------
Query model(s):                            1  (131 nodes)
Target sequences:                       4129  (1285408 residues searched)
Passed MSV filter:                        96  (0.0232502); expected 82.6 (0.02)
Passed bias filter:                       74  (0.017922); expected 82.6 (0.02)
Passed Vit filter:                         5  (0.00121095); expected 4.1 (0.001)
Passed Fwd filter:                         2  (0.000484379); expected 0.0 (1e-05)
Initial search space (Z):               4129  [actual number of targets]
Domain search space  (domZ):               1  [number of targets reported over threshold]
# CPU time: 0.02u 0.00s 00:00:00.02 Elapsed: 00:00:00.02
# Mc/sec: 6271.40
//
Query:       TIGR01952  [M=141]
Accession:   TIGR01952
Description: nusA_arch: NusA family KH domain protein, archaeal
Scores for complete sequences (score includes all domains):
   --- full sequence ---   --- best 1 domain ---    -#dom-
    E-value  score  bias    E-value  score  bias    exp  N  Sequence Description
    ------- ------ -----    ------- ------ -----   ---- --  -------- -----------

   [No hits detected that satisfy reporting thresholds]


Domain annotation for each sequence:

   [No targets detected that satisfy reporting thresholds]


Internal pipeline statistics summary:
-------------------------------------
Query model(s):                            1  (141 nodes)
Target sequences:                       4129  (1285408 residues searched)
Passed MSV filter:                       105  (0.0254299); expected 82.6 (0.02)
Passed bias filter:                       92  (0.0222814); expected 82.6 (0.02)
Passed Vit filter:                         5  (0.00121095); expected 4.1 (0.001)
Passed Fwd filter:                         2  (0.000484379); expected 0.0 (1e-05)
Initial search space (Z):               4129  [actual number of targets]
Domain search space  (domZ):               0  [number of targets reported over threshold]
# CPU time: 0.02u 0.00s 00:00:00.02 Elapsed: 00:00:00.04
# Mc/sec: 4022.35
//
Query:       TIGR01953  [M=340]
Accession:   TIGR01953
Description: NusA: transcription termination factor NusA
Scores for complete sequences (score includes all domains):
   --- full sequence ---   --- best 1 domain ---    -#dom-
    E-value  score  bias    E-value  score  bias    exp  N  Sequence                 Description
    ------- ------ -----    ------- ------ -----   ---- --  --------                 -----------
   2.3e-132  438.9   4.1   3.1e-132  438.5   4.1    1.1  1  NZ_JBDGIY010000002.1_207  # 207981 # 209579 # 1 # ID=2_207;partial=00;start_type=ATG;rbs_motif=AGGAG/GGAGG;rbs_spacer=11-12bp;gc_cont=0.642


Domain annotation for each sequence:
>> NZ_JBDGIY010000002.1_207  # 207981 # 209579 # 1 # ID=2_207;partial=00;start_type=ATG;rbs_motif=AGGAG/GGAGG;rbs_spacer=11-12bp;gc_cont=0.642
   #    score  bias  c-Evalue  i-Evalue hmmfrom  hmm to    alifrom  ali to    envfrom  env to     acc
 ---   ------ ----- --------- --------- ------- -------    ------- -------    ------- -------    ----
   1 !  438.5   4.1  7.4e-136  3.1e-132       1     339 [.       9     346 ..       9     347 .. 0.99



Internal pipeline statistics summary:
-------------------------------------
Query model(s):                            1  (340 nodes)
Target sequences:                       4129  (1285408 residues searched)
Passed MSV filter:                        78  (0.0188908); expected 82.6 (0.02)
Passed bias filter:                       54  (0.0130782); expected 82.6 (0.02)
Passed Vit filter:                         5  (0.00121095); expected 4.1 (0.001)
Passed Fwd filter:                         1  (0.000242189); expected 0.0 (1e-05)
Initial search space (Z):               4129  [actual number of targets]
Domain search space  (domZ):               1  [number of targets reported over threshold]
# CPU time: 0.03u 0.00s 00:00:00.03 Elapsed: 00:00:00.04
# Mc/sec: 10287.27
//
Query:       TIGR02012  [M=321]
Accession:   TIGR02012
Description: tigrfam_recA: protein RecA
Scores for complete sequences (score includes all domains):
   --- full sequence ---   --- best 1 domain ---    -#dom-
    E-value  score  bias    E-value  score  bias    exp  N  Sequence                  Description
    ------- ------ -----    ------- ------ -----   ---- --  --------                  -----------
   2.3e-173  573.7   2.3   2.6e-173  573.6   2.3    1.0  1  NZ_JBDGIY010000001.1_1627  # 1732731 # 1733768 # 1 # ID=1_1627;partial=00;start_type=ATG;rbs_motif=GGAG/GAGG;rbs_spacer=5-10bp;gc_cont=0.647


Domain annotation for each sequence:
>> NZ_JBDGIY010000001.1_1627  # 1732731 # 1733768 # 1 # ID=1_1627;partial=00;start_type=ATG;rbs_motif=GGAG/GAGG;rbs_spacer=5-10bp;gc_cont=0.647
   #    score  bias  c-Evalue  i-Evalue hmmfrom  hmm to    alifrom  ali to    envfrom  env to     acc
 ---   ------ ----- --------- --------- ------- -------    ------- -------    ------- -------    ----
   1 !  573.6   2.3  6.3e-177  2.6e-173       1     321 []       2     322 ..       2     322 .. 1.00



Internal pipeline statistics summary:
-------------------------------------
Query model(s):                            1  (321 nodes)
Target sequences:                       4129  (1285408 residues searched)
Passed MSV filter:                       188  (0.0455316); expected 82.6 (0.02)
Passed bias filter:                      153  (0.037055); expected 82.6 (0.02)
Passed Vit filter:                        28  (0.0067813); expected 4.1 (0.001)
Passed Fwd filter:                         2  (0.000484379); expected 0.0 (1e-05)
Initial search space (Z):               4129  [actual number of targets]
Domain search space  (domZ):               1  [number of targets reported over threshold]
# CPU time: 0.05u 0.00s 00:00:00.05 Elapsed: 00:00:00.04
# Mc/sec: 9879.91
//
Query:       TIGR02013  [M=1238]
Accession:   TIGR02013
Description: rpoB: DNA-directed RNA polymerase, beta subunit
Scores for complete sequences (score includes all domains):
   --- full sequence ---   --- best 1 domain ---    -#dom-
    E-value  score  bias    E-value  score  bias    exp  N  Sequence                  Description
    ------- ------ -----    ------- ------ -----   ---- --  --------                  -----------
          0 1946.8   4.1          0 1946.6   4.1    1.0  1  NZ_JBDGIY010000001.1_1897  # 1999988 # 2004133 # -1 # ID=1_1897;partial=00;start_type=ATG;rbs_motif=AGGAG;rbs_spacer=5-10bp;gc_cont=0.630


Domain annotation for each sequence:
>> NZ_JBDGIY010000001.1_1897  # 1999988 # 2004133 # -1 # ID=1_1897;partial=00;start_type=ATG;rbs_motif=AGGAG;rbs_spacer=5-10bp;gc_cont=0.630
   #    score  bias  c-Evalue  i-Evalue hmmfrom  hmm to    alifrom  ali to    envfrom  env to     acc
 ---   ------ ----- --------- --------- ------- -------    ------- -------    ------- -------    ----
   1 ! 1946.6   4.1         0         0       3    1238 .]      10    1356 ..       8    1356 .. 0.97



Internal pipeline statistics summary:
-------------------------------------
Query model(s):                            1  (1238 nodes)
Target sequences:                       4129  (1285408 residues searched)
Passed MSV filter:                       104  (0.0251877); expected 82.6 (0.02)
Passed bias filter:                       90  (0.021797); expected 82.6 (0.02)
Passed Vit filter:                        10  (0.00242189); expected 4.1 (0.001)
Passed Fwd filter:                         1  (0.000242189); expected 0.0 (1e-05)
Initial search space (Z):               4129  [actual number of targets]
Domain search space  (domZ):               1  [number of targets reported over threshold]
# CPU time: 0.14u 0.02s 00:00:00.16 Elapsed: 00:00:00.16
# Mc/sec: 9712.09
//
Query:       TIGR02027  [M=298]
Accession:   TIGR02027
Description: rpoA: DNA-directed RNA polymerase, alpha subunit
Scores for complete sequences (score includes all domains):
   --- full sequence ---   --- best 1 domain ---    -#dom-
    E-value  score  bias    E-value  score  bias    exp  N  Sequence                  Description
    ------- ------ -----    ------- ------ -----   ---- --  --------                  -----------
   1.7e-115  383.1   0.0     2e-115  382.9   0.0    1.0  1  NZ_JBDGIY010000001.1_1864  # 1975956 # 1976975 # -1 # ID=1_1864;partial=00;start_type=GTG;rbs_motif=AGGA;rbs_spacer=5-10bp;gc_cont=0.628


Domain annotation for each sequence:
>> NZ_JBDGIY010000001.1_1864  # 1975956 # 1976975 # -1 # ID=1_1864;partial=00;start_type=GTG;rbs_motif=AGGA;rbs_spacer=5-10bp;gc_cont=0.628
   #    score  bias  c-Evalue  i-Evalue hmmfrom  hmm to    alifrom  ali to    envfrom  env to     acc
 ---   ------ ----- --------- --------- ------- -------    ------- -------    ------- -------    ----
   1 !  382.9   0.0  4.8e-119    2e-115       2     298 .]      28     319 ..      27     319 .. 0.97



Internal pipeline statistics summary:
-------------------------------------
Query model(s):                            1  (298 nodes)
Target sequences:                       4129  (1285408 residues searched)
Passed MSV filter:                        72  (0.0174376); expected 82.6 (0.02)
Passed bias filter:                       64  (0.0155001); expected 82.6 (0.02)
Passed Vit filter:                         8  (0.00193752); expected 4.1 (0.001)
Passed Fwd filter:                         1  (0.000242189); expected 0.0 (1e-05)
Initial search space (Z):               4129  [actual number of targets]
Domain search space  (domZ):               1  [number of targets reported over threshold]
# CPU time: 0.02u 0.00s 00:00:00.02 Elapsed: 00:00:00.02
# Mc/sec: 12919.34
//
Query:       TIGR02075  [M=233]
Accession:   TIGR02075
Description: pyrH_bact: UMP kinase
Scores for complete sequences (score includes all domains):
   --- full sequence ---   --- best 1 domain ---    -#dom-
    E-value  score  bias    E-value  score  bias    exp  N  Sequence                  Description
    ------- ------ -----    ------- ------ -----   ---- --  --------                  -----------
      1e-89  298.0   0.4    1.2e-89  297.8   0.4    1.0  1  NZ_JBDGIY010000001.1_1770  # 1881562 # 1882275 # 1 # ID=1_1770;partial=00;start_type=ATG;rbs_motif=GGAG/GAGG;rbs_spacer=5-10bp;gc_cont=0.643


Domain annotation for each sequence:
>> NZ_JBDGIY010000001.1_1770  # 1881562 # 1882275 # 1 # ID=1_1770;partial=00;start_type=ATG;rbs_motif=GGAG/GAGG;rbs_spacer=5-10bp;gc_cont=0.643
   #    score  bias  c-Evalue  i-Evalue hmmfrom  hmm to    alifrom  ali to    envfrom  env to     acc
 ---   ------ ----- --------- --------- ------- -------    ------- -------    ------- -------    ----
   1 !  297.8   0.4   2.8e-93   1.2e-89       1     232 [.       6     236 ..       6     237 .. 0.99



Internal pipeline statistics summary:
-------------------------------------
Query model(s):                            1  (233 nodes)
Target sequences:                       4129  (1285408 residues searched)
Passed MSV filter:                       104  (0.0251877); expected 82.6 (0.02)
Passed bias filter:                       89  (0.0215549); expected 82.6 (0.02)
Passed Vit filter:                        10  (0.00242189); expected 4.1 (0.001)
Passed Fwd filter:                         3  (0.000726568); expected 0.0 (1e-05)
Initial search space (Z):               4129  [actual number of targets]
Domain search space  (domZ):               1  [number of targets reported over threshold]
# CPU time: 0.04u 0.00s 00:00:00.04 Elapsed: 00:00:00.03
# Mc/sec: 7967.40
//
Query:       TIGR02191  [M=219]
Accession:   TIGR02191
Description: RNaseIII: ribonuclease III
Scores for complete sequences (score includes all domains):
   --- full sequence ---   --- best 1 domain ---    -#dom-
    E-value  score  bias    E-value  score  bias    exp  N  Sequence                  Description
    ------- ------ -----    ------- ------ -----   ---- --  --------                  -----------
    7.1e-70  232.8   0.0    8.2e-70  232.6   0.0    1.0  1  NZ_JBDGIY010000001.1_1356  # 1447052 # 1447756 # 1 # ID=1_1356;partial=00;start_type=ATG;rbs_motif=None;rbs_spacer=None;gc_cont=0.679


Domain annotation for each sequence:
>> NZ_JBDGIY010000001.1_1356  # 1447052 # 1447756 # 1 # ID=1_1356;partial=00;start_type=ATG;rbs_motif=None;rbs_spacer=None;gc_cont=0.679
   #    score  bias  c-Evalue  i-Evalue hmmfrom  hmm to    alifrom  ali to    envfrom  env to     acc
 ---   ------ ----- --------- --------- ------- -------    ------- -------    ------- -------    ----
   1 !  232.6   0.0     2e-73   8.2e-70       1     216 [.      10     224 ..      10     227 .. 0.96



Internal pipeline statistics summary:
-------------------------------------
Query model(s):                            1  (219 nodes)
Target sequences:                       4129  (1285408 residues searched)
Passed MSV filter:                        68  (0.0164689); expected 82.6 (0.02)
Passed bias filter:                       53  (0.012836); expected 82.6 (0.02)
Passed Vit filter:                         6  (0.00145314); expected 4.1 (0.001)
Passed Fwd filter:                         1  (0.000242189); expected 0.0 (1e-05)
Initial search space (Z):               4129  [actual number of targets]
Domain search space  (domZ):               1  [number of targets reported over threshold]
# CPU time: 0.02u 0.00s 00:00:00.02 Elapsed: 00:00:00.01
# Mc/sec: 14284.42
//
Query:       TIGR02236  [M=311]
Accession:   TIGR02236
Description: recomb_radA: DNA repair and recombination protein RadA
Scores for complete sequences (score includes all domains):
   --- full sequence ---   --- best 1 domain ---    -#dom-
    E-value  score  bias    E-value  score  bias    exp  N  Sequence Description
    ------- ------ -----    ------- ------ -----   ---- --  -------- -----------

   [No hits detected that satisfy reporting thresholds]


Domain annotation for each sequence:

   [No targets detected that satisfy reporting thresholds]


Internal pipeline statistics summary:
-------------------------------------
Query model(s):                            1  (311 nodes)
Target sequences:                       4129  (1285408 residues searched)
Passed MSV filter:                       152  (0.0368128); expected 82.6 (0.02)
Passed bias filter:                      117  (0.0283362); expected 82.6 (0.02)
Passed Vit filter:                        14  (0.00339065); expected 4.1 (0.001)
Passed Fwd filter:                         1  (0.000242189); expected 0.0 (1e-05)
Initial search space (Z):               4129  [actual number of targets]
Domain search space  (domZ):               0  [number of targets reported over threshold]
# CPU time: 0.04u 0.00s 00:00:00.04 Elapsed: 00:00:00.10
# Mc/sec: 3838.07
//
Query:       TIGR02273  [M=166]
Accession:   TIGR02273
Description: 16S_RimM: 16S rRNA processing protein RimM
Scores for complete sequences (score includes all domains):
   --- full sequence ---   --- best 1 domain ---    -#dom-
    E-value  score  bias    E-value  score  bias    exp  N  Sequence                 Description
    ------- ------ -----    ------- ------ -----   ---- --  --------                 -----------
    5.7e-42  140.8   0.0    6.3e-42  140.7   0.0    1.0  1  NZ_JBDGIY010000002.1_377  # 374303 # 374809 # 1 # ID=2_377;partial=00;start_type=ATG;rbs_motif=GGAG/GAGG;rbs_spacer=5-10bp;gc_cont=0.667


Domain annotation for each sequence:
>> NZ_JBDGIY010000002.1_377  # 374303 # 374809 # 1 # ID=2_377;partial=00;start_type=ATG;rbs_motif=GGAG/GAGG;rbs_spacer=5-10bp;gc_cont=0.667
   #    score  bias  c-Evalue  i-Evalue hmmfrom  hmm to    alifrom  ali to    envfrom  env to     acc
 ---   ------ ----- --------- --------- ------- -------    ------- -------    ------- -------    ----
   1 !  140.7   0.0   1.5e-45   6.3e-42       4     163 ..       1     157 [.       1     160 [. 0.97



Internal pipeline statistics summary:
-------------------------------------
Query model(s):                            1  (166 nodes)
Target sequences:                       4129  (1285408 residues searched)
Passed MSV filter:                        52  (0.0125938); expected 82.6 (0.02)
Passed bias filter:                       49  (0.0118673); expected 82.6 (0.02)
Passed Vit filter:                         6  (0.00145314); expected 4.1 (0.001)
Passed Fwd filter:                         1  (0.000242189); expected 0.0 (1e-05)
Initial search space (Z):               4129  [actual number of targets]
Domain search space  (domZ):               1  [number of targets reported over threshold]
# CPU time: 0.03u 0.00s 00:00:00.03 Elapsed: 00:00:00.02
# Mc/sec: 7565.80
//
Query:       TIGR02338  [M=110]
Accession:   TIGR02338
Description: gimC_beta: prefoldin, beta subunit
Scores for complete sequences (score includes all domains):
   --- full sequence ---   --- best 1 domain ---    -#dom-
    E-value  score  bias    E-value  score  bias    exp  N  Sequence Description
    ------- ------ -----    ------- ------ -----   ---- --  -------- -----------

   [No hits detected that satisfy reporting thresholds]


Domain annotation for each sequence:

   [No targets detected that satisfy reporting thresholds]


Internal pipeline statistics summary:
-------------------------------------
Query model(s):                            1  (110 nodes)
Target sequences:                       4129  (1285408 residues searched)
Passed MSV filter:                       140  (0.0339065); expected 82.6 (0.02)
Passed bias filter:                       93  (0.0225236); expected 82.6 (0.02)
Passed Vit filter:                         7  (0.00169533); expected 4.1 (0.001)
Passed Fwd filter:                         0  (0); expected 0.0 (1e-05)
Initial search space (Z):               4129  [actual number of targets]
Domain search space  (domZ):               0  [number of targets reported over threshold]
# CPU time: 0.01u 0.00s 00:00:00.01 Elapsed: 00:00:00.01
# Mc/sec: 7582.02
//
Query:       TIGR02350  [M=596]
Accession:   TIGR02350
Description: prok_dnaK: chaperone protein DnaK
Scores for complete sequences (score includes all domains):
   --- full sequence ---   --- best 1 domain ---    -#dom-
    E-value  score  bias    E-value  score  bias    exp  N  Sequence                 Description
    ------- ------ -----    ------- ------ -----   ---- --  --------                 -----------
   4.4e-303 1004.0  16.5     5e-303 1003.8  16.5    1.0  1  NZ_JBDGIY010000002.1_248  # 250024 # 251931 # 1 # ID=2_248;partial=00;start_type=ATG;rbs_motif=GGAG/GAGG;rbs_spacer=5-10bp;gc_cont=0.638


Domain annotation for each sequence:
>> NZ_JBDGIY010000002.1_248  # 250024 # 251931 # 1 # ID=2_248;partial=00;start_type=ATG;rbs_motif=GGAG/GAGG;rbs_spacer=5-10bp;gc_cont=0.638
   #    score  bias  c-Evalue  i-Evalue hmmfrom  hmm to    alifrom  ali to    envfrom  env to     acc
 ---   ------ ----- --------- --------- ------- -------    ------- -------    ------- -------    ----
   1 ! 1003.8  16.5  1.2e-306    5e-303       1     596 []       3     599 ..       3     599 .. 0.99



Internal pipeline statistics summary:
-------------------------------------
Query model(s):                            1  (596 nodes)
Target sequences:                       4129  (1285408 residues searched)
Passed MSV filter:                       153  (0.037055); expected 82.6 (0.02)
Passed bias filter:                      113  (0.0273674); expected 82.6 (0.02)
Passed Vit filter:                        12  (0.00290627); expected 4.1 (0.001)
Passed Fwd filter:                         3  (0.000726568); expected 0.0 (1e-05)
Initial search space (Z):               4129  [actual number of targets]
Domain search space  (domZ):               1  [number of targets reported over threshold]
# CPU time: 0.08u 0.00s 00:00:00.08 Elapsed: 00:00:00.07
# Mc/sec: 9903.21
//
Query:       TIGR02386  [M=1147]
Accession:   TIGR02386
Description: rpoC_TIGR: DNA-directed RNA polymerase, beta' subunit
Scores for complete sequences (score includes all domains):
   --- full sequence ---   --- best 1 domain ---    -#dom-
    E-value  score  bias    E-value  score  bias    exp  N  Sequence                  Description
    ------- ------ -----    ------- ------ -----   ---- --  --------                  -----------
          0 1783.0   0.4          0 1472.9   0.0    2.4  1  NZ_JBDGIY010000001.1_1896  # 1995709 # 1999908 # -1 # ID=1_1896;partial=00;start_type=ATG;rbs_motif=AGGAG;rbs_spacer=5-10bp;gc_cont=0.636


Domain annotation for each sequence:
>> NZ_JBDGIY010000001.1_1896  # 1995709 # 1999908 # -1 # ID=1_1896;partial=00;start_type=ATG;rbs_motif=AGGAG;rbs_spacer=5-10bp;gc_cont=0.636
   #    score  bias  c-Evalue  i-Evalue hmmfrom  hmm to    alifrom  ali to    envfrom  env to     acc
 ---   ------ ----- --------- --------- ------- -------    ------- -------    ------- -------    ----
   1 ! 1472.9   0.0         0         0       2    1000 ..      22    1025 ..      21    1039 .. 0.96



Internal pipeline statistics summary:
-------------------------------------
Query model(s):                            1  (1147 nodes)
Target sequences:                       4129  (1285408 residues searched)
Passed MSV filter:                        67  (0.0162267); expected 82.6 (0.02)
Passed bias filter:                       62  (0.0150157); expected 82.6 (0.02)
Passed Vit filter:                         6  (0.00145314); expected 4.1 (0.001)
Passed Fwd filter:                         2  (0.000484379); expected 0.0 (1e-05)
Initial search space (Z):               4129  [actual number of targets]
Domain search space  (domZ):               1  [number of targets reported over threshold]
# CPU time: 0.12u 0.03s 00:00:00.15 Elapsed: 00:00:00.12
# Mc/sec: 11443.69
//
Query:       TIGR02389  [M=367]
Accession:   TIGR02389
Description: RNA_pol_rpoA2: DNA-directed RNA polymerase, subunit A''
Scores for complete sequences (score includes all domains):
   --- full sequence ---   --- best 1 domain ---    -#dom-
    E-value  score  bias    E-value  score  bias    exp  N  Sequence Description
    ------- ------ -----    ------- ------ -----   ---- --  -------- -----------

   [No hits detected that satisfy reporting thresholds]


Domain annotation for each sequence:

   [No targets detected that satisfy reporting thresholds]


Internal pipeline statistics summary:
-------------------------------------
Query model(s):                            1  (367 nodes)
Target sequences:                       4129  (1285408 residues searched)
Passed MSV filter:                       114  (0.0276096); expected 82.6 (0.02)
Passed bias filter:                       95  (0.023008); expected 82.6 (0.02)
Passed Vit filter:                         8  (0.00193752); expected 4.1 (0.001)
Passed Fwd filter:                         1  (0.000242189); expected 0.0 (1e-05)
Initial search space (Z):               4129  [actual number of targets]
Domain search space  (domZ):               0  [number of targets reported over threshold]
# CPU time: 0.03u 0.00s 00:00:00.03 Elapsed: 00:00:00.04
# Mc/sec: 11333.19
//
Query:       TIGR02390  [M=867]
Accession:   TIGR02390
Description: RNA_pol_rpoA1: DNA-directed RNA polymerase subunit A'
Scores for complete sequences (score includes all domains):
   --- full sequence ---   --- best 1 domain ---    -#dom-
    E-value  score  bias    E-value  score  bias    exp  N  Sequence Description
    ------- ------ -----    ------- ------ -----   ---- --  -------- -----------

   [No hits detected that satisfy reporting thresholds]


Domain annotation for each sequence:

   [No targets detected that satisfy reporting thresholds]


Internal pipeline statistics summary:
-------------------------------------
Query model(s):                            1  (867 nodes)
Target sequences:                       4129  (1285408 residues searched)
Passed MSV filter:                        84  (0.0203439); expected 82.6 (0.02)
Passed bias filter:                       78  (0.0188908); expected 82.6 (0.02)
Passed Vit filter:                         6  (0.00145314); expected 4.1 (0.001)
Passed Fwd filter:                         1  (0.000242189); expected 0.0 (1e-05)
Initial search space (Z):               4129  [actual number of targets]
Domain search space  (domZ):               0  [number of targets reported over threshold]
# CPU time: 0.10u 0.00s 00:00:00.10 Elapsed: 00:00:00.11
# Mc/sec: 9424.41
//
Query:       TIGR02397  [M=355]
Accession:   TIGR02397
Description: dnaX_nterm: DNA polymerase III, subunit gamma and tau
Scores for complete sequences (score includes all domains):
   --- full sequence ---   --- best 1 domain ---    -#dom-
    E-value  score  bias    E-value  score  bias    exp  N  Sequence                 Description
    ------- ------ -----    ------- ------ -----   ---- --  --------                 -----------
   9.8e-117  388.0   0.0   1.3e-116  387.6   0.0    1.1  1  NZ_JBDGIY010000001.1_476  # 507723 # 509534 # -1 # ID=1_476;partial=00;start_type=ATG;rbs_motif=None;rbs_spacer=None;gc_cont=0.674


Domain annotation for each sequence:
>> NZ_JBDGIY010000001.1_476  # 507723 # 509534 # -1 # ID=1_476;partial=00;start_type=ATG;rbs_motif=None;rbs_spacer=None;gc_cont=0.674
   #    score  bias  c-Evalue  i-Evalue hmmfrom  hmm to    alifrom  ali to    envfrom  env to     acc
 ---   ------ ----- --------- --------- ------- -------    ------- -------    ------- -------    ----
   1 !  387.6   0.0  3.1e-120  1.3e-116       1     354 [.      22     381 ..      22     382 .. 0.96



Internal pipeline statistics summary:
-------------------------------------
Query model(s):                            1  (355 nodes)
Target sequences:                       4129  (1285408 residues searched)
Passed MSV filter:                       249  (0.0603052); expected 82.6 (0.02)
Passed bias filter:                      243  (0.058852); expected 82.6 (0.02)
Passed Vit filter:                       101  (0.0244611); expected 4.1 (0.001)
Passed Fwd filter:                        12  (0.00290627); expected 0.0 (1e-05)
Initial search space (Z):               4129  [actual number of targets]
Domain search space  (domZ):               1  [number of targets reported over threshold]
# CPU time: 0.09u 0.00s 00:00:00.09 Elapsed: 00:00:00.08
# Mc/sec: 5377.81
//
Query:       TIGR02432  [M=189]
Accession:   TIGR02432
Description: lysidine_TilS_N: tRNA(Ile)-lysidine synthetase
Scores for complete sequences (score includes all domains):
   --- full sequence ---   --- best 1 domain ---    -#dom-
    E-value  score  bias    E-value  score  bias    exp  N  Sequence                  Description
    ------- ------ -----    ------- ------ -----   ---- --  --------                  -----------
    6.8e-43  144.6   0.0    8.9e-43  144.3   0.0    1.1  1  NZ_JBDGIY010000001.1_3018  # 3168120 # 3169136 # -1 # ID=1_3018;partial=00;start_type=ATG;rbs_motif=AGxAGG/AGGxGG;rbs_spacer=3-4bp;gc_cont=0.673


Domain annotation for each sequence:
>> NZ_JBDGIY010000001.1_3018  # 3168120 # 3169136 # -1 # ID=1_3018;partial=00;start_type=ATG;rbs_motif=AGxAGG/AGGxGG;rbs_spacer=3-4bp;gc_cont=0.673
   #    score  bias  c-Evalue  i-Evalue hmmfrom  hmm to    alifrom  ali to    envfrom  env to     acc
 ---   ------ ----- --------- --------- ------- -------    ------- -------    ------- -------    ----
   1 !  144.3   0.0   2.1e-46   8.9e-43       2     187 ..      22     204 ..      21     206 .. 0.95



Internal pipeline statistics summary:
-------------------------------------
Query model(s):                            1  (189 nodes)
Target sequences:                       4129  (1285408 residues searched)
Passed MSV filter:                        61  (0.0147736); expected 82.6 (0.02)
Passed bias filter:                       60  (0.0145314); expected 82.6 (0.02)
Passed Vit filter:                        12  (0.00290627); expected 4.1 (0.001)
Passed Fwd filter:                         5  (0.00121095); expected 0.0 (1e-05)
Initial search space (Z):               4129  [actual number of targets]
Domain search space  (domZ):               1  [number of targets reported over threshold]
# CPU time: 0.03u 0.00s 00:00:00.03 Elapsed: 00:00:00.03
# Mc/sec: 7461.91
//
Query:       TIGR02729  [M=329]
Accession:   TIGR02729
Description: Obg_CgtA: Obg family GTPase CgtA
Scores for complete sequences (score includes all domains):
   --- full sequence ---   --- best 1 domain ---    -#dom-
    E-value  score  bias    E-value  score  bias    exp  N  Sequence                 Description
    ------- ------ -----    ------- ------ -----   ---- --  --------                 -----------
   5.4e-138  457.3   2.0   6.1e-138  457.1   2.0    1.0  1  NZ_JBDGIY010000003.1_108  # 145943 # 146986 # -1 # ID=3_108;partial=00;start_type=ATG;rbs_motif=AGGA;rbs_spacer=5-10bp;gc_cont=0.637


Domain annotation for each sequence:
>> NZ_JBDGIY010000003.1_108  # 145943 # 146986 # -1 # ID=3_108;partial=00;start_type=ATG;rbs_motif=AGGA;rbs_spacer=5-10bp;gc_cont=0.637
   #    score  bias  c-Evalue  i-Evalue hmmfrom  hmm to    alifrom  ali to    envfrom  env to     acc
 ---   ------ ----- --------- --------- ------- -------    ------- -------    ------- -------    ----
   1 !  457.1   2.0  1.5e-141  6.1e-138       1     327 [.       3     325 ..       3     327 .. 0.99



Internal pipeline statistics summary:
-------------------------------------
Query model(s):                            1  (329 nodes)
Target sequences:                       4129  (1285408 residues searched)
Passed MSV filter:                       252  (0.0610317); expected 82.6 (0.02)
Passed bias filter:                      220  (0.0532817); expected 82.6 (0.02)
Passed Vit filter:                        54  (0.0130782); expected 4.1 (0.001)
Passed Fwd filter:                         9  (0.0021797); expected 0.0 (1e-05)
Initial search space (Z):               4129  [actual number of targets]
Domain search space  (domZ):               1  [number of targets reported over threshold]
# CPU time: 0.08u 0.00s 00:00:00.08 Elapsed: 00:00:00.08
# Mc/sec: 4791.73
//
Query:       TIGR03263  [M=180]
Accession:   TIGR03263
Description: guanyl_kin: guanylate kinase
Scores for complete sequences (score includes all domains):
   --- full sequence ---   --- best 1 domain ---    -#dom-
    E-value  score  bias    E-value  score  bias    exp  N  Sequence                  Description
    ------- ------ -----    ------- ------ -----   ---- --  --------                  -----------
    6.1e-67  222.6   0.0    7.2e-67  222.3   0.0    1.0  1  NZ_JBDGIY010000001.1_1264  # 1354106 # 1354744 # 1 # ID=1_1264;partial=00;start_type=ATG;rbs_motif=None;rbs_spacer=None;gc_cont=0.631


Domain annotation for each sequence:
>> NZ_JBDGIY010000001.1_1264  # 1354106 # 1354744 # 1 # ID=1_1264;partial=00;start_type=ATG;rbs_motif=None;rbs_spacer=None;gc_cont=0.631
   #    score  bias  c-Evalue  i-Evalue hmmfrom  hmm to    alifrom  ali to    envfrom  env to     acc
 ---   ------ ----- --------- --------- ------- -------    ------- -------    ------- -------    ----
   1 !  222.3   0.0   1.7e-70   7.2e-67       2     179 ..       8     186 ..       7     187 .. 0.98



Internal pipeline statistics summary:
-------------------------------------
Query model(s):                            1  (180 nodes)
Target sequences:                       4129  (1285408 residues searched)
Passed MSV filter:                       307  (0.0743521); expected 82.6 (0.02)
Passed bias filter:                      289  (0.0699927); expected 82.6 (0.02)
Passed Vit filter:                       141  (0.0341487); expected 4.1 (0.001)
Passed Fwd filter:                        27  (0.00653911); expected 0.0 (1e-05)
Initial search space (Z):               4129  [actual number of targets]
Domain search space  (domZ):               1  [number of targets reported over threshold]
# CPU time: 0.06u 0.00s 00:00:00.06 Elapsed: 00:00:00.08
# Mc/sec: 2871.65
//
Query:       TIGR03594  [M=432]
Accession:   TIGR03594
Description: GTPase_EngA: ribosome-associated GTPase EngA
Scores for complete sequences (score includes all domains):
   --- full sequence ---   --- best 1 domain ---    -#dom-
    E-value  score  bias    E-value  score  bias    exp  N  Sequence                  Description
    ------- ------ -----    ------- ------ -----   ---- --  --------                  -----------
   9.8e-163  540.0   0.0   1.1e-162  539.8   0.0    1.0  1  NZ_JBDGIY010000001.1_1238  # 1329248 # 1330684 # 1 # ID=1_1238;partial=00;start_type=TTG;rbs_motif=3Base/5BMM;rbs_spacer=13-15bp;gc_cont=0.662


Domain annotation for each sequence:
>> NZ_JBDGIY010000001.1_1238  # 1329248 # 1330684 # 1 # ID=1_1238;partial=00;start_type=TTG;rbs_motif=3Base/5BMM;rbs_spacer=13-15bp;gc_cont=0.662
   #    score  bias  c-Evalue  i-Evalue hmmfrom  hmm to    alifrom  ali to    envfrom  env to     acc
 ---   ------ ----- --------- --------- ------- -------    ------- -------    ------- -------    ----
   1 !  539.8   0.0  2.7e-166  1.1e-162       2     432 .]       4     467 ..       3     467 .. 0.94



Internal pipeline statistics summary:
-------------------------------------
Query model(s):                            1  (432 nodes)
Target sequences:                       4129  (1285408 residues searched)
Passed MSV filter:                       230  (0.0557036); expected 82.6 (0.02)
Passed bias filter:                      213  (0.0515863); expected 82.6 (0.02)
Passed Vit filter:                        77  (0.0186486); expected 4.1 (0.001)
Passed Fwd filter:                        20  (0.00484379); expected 0.0 (1e-05)
Initial search space (Z):               4129  [actual number of targets]
Domain search space  (domZ):               1  [number of targets reported over threshold]
# CPU time: 0.12u 0.00s 00:00:00.12 Elapsed: 00:00:00.12
# Mc/sec: 4422.36
//
Query:       TIGR03625  [M=202]
Accession:   TIGR03625
Description: L3_bact: 50S ribosomal protein uL3
Scores for complete sequences (score includes all domains):
   --- full sequence ---   --- best 1 domain ---    -#dom-
    E-value  score  bias    E-value  score  bias    exp  N  Sequence                  Description
    ------- ------ -----    ------- ------ -----   ---- --  --------                  -----------
    6.7e-85  281.8   8.5    7.8e-85  281.6   8.5    1.0  1  NZ_JBDGIY010000001.1_1888  # 1988372 # 1989073 # -1 # ID=1_1888;partial=00;start_type=ATG;rbs_motif=AGxAGG/AGGxGG;rbs_spacer=5-10bp;gc_cont=0.648


Domain annotation for each sequence:
>> NZ_JBDGIY010000001.1_1888  # 1988372 # 1989073 # -1 # ID=1_1888;partial=00;start_type=ATG;rbs_motif=AGxAGG/AGGxGG;rbs_spacer=5-10bp;gc_cont=0.648
   #    score  bias  c-Evalue  i-Evalue hmmfrom  hmm to    alifrom  ali to    envfrom  env to     acc
 ---   ------ ----- --------- --------- ------- -------    ------- -------    ------- -------    ----
   1 !  281.6   8.5   1.9e-88   7.8e-85       1     202 []       4     205 ..       4     205 .. 0.99



Internal pipeline statistics summary:
-------------------------------------
Query model(s):                            1  (202 nodes)
Target sequences:                       4129  (1285408 residues searched)
Passed MSV filter:                        66  (0.0159845); expected 82.6 (0.02)
Passed bias filter:                       57  (0.0138048); expected 82.6 (0.02)
Passed Vit filter:                         4  (0.000968758); expected 4.1 (0.001)
Passed Fwd filter:                         1  (0.000242189); expected 0.0 (1e-05)
Initial search space (Z):               4129  [actual number of targets]
Domain search space  (domZ):               1  [number of targets reported over threshold]
# CPU time: 0.03u 0.00s 00:00:00.03 Elapsed: 00:00:00.04
# Mc/sec: 6104.84
//
Query:       TIGR03626  [M=331]
Accession:   TIGR03626
Description: L3_arch: ribosomal protein uL3
Scores for complete sequences (score includes all domains):
   --- full sequence ---   --- best 1 domain ---    -#dom-
    E-value  score  bias    E-value  score  bias    exp  N  Sequence Description
    ------- ------ -----    ------- ------ -----   ---- --  -------- -----------

   [No hits detected that satisfy reporting thresholds]


Domain annotation for each sequence:

   [No targets detected that satisfy reporting thresholds]


Internal pipeline statistics summary:
-------------------------------------
Query model(s):                            1  (331 nodes)
Target sequences:                       4129  (1285408 residues searched)
Passed MSV filter:                        81  (0.0196173); expected 82.6 (0.02)
Passed bias filter:                       77  (0.0186486); expected 82.6 (0.02)
Passed Vit filter:                         4  (0.000968758); expected 4.1 (0.001)
Passed Fwd filter:                         1  (0.000242189); expected 0.0 (1e-05)
Initial search space (Z):               4129  [actual number of targets]
Domain search space  (domZ):               0  [number of targets reported over threshold]
# CPU time: 0.04u 0.00s 00:00:00.04 Elapsed: 00:00:00.04
# Mc/sec: 9984.69
//
Query:       TIGR03627  [M=130]
Accession:   TIGR03627
Description: uS9_arch: ribosomal protein uS9
Scores for complete sequences (score includes all domains):
   --- full sequence ---   --- best 1 domain ---    -#dom-
    E-value  score  bias    E-value  score  bias    exp  N  Sequence Description
    ------- ------ -----    ------- ------ -----   ---- --  -------- -----------

   [No hits detected that satisfy reporting thresholds]


Domain annotation for each sequence:

   [No targets detected that satisfy reporting thresholds]


Internal pipeline statistics summary:
-------------------------------------
Query model(s):                            1  (130 nodes)
Target sequences:                       4129  (1285408 residues searched)
Passed MSV filter:                       151  (0.0365706); expected 82.6 (0.02)
Passed bias filter:                      122  (0.0295471); expected 82.6 (0.02)
Passed Vit filter:                         6  (0.00145314); expected 4.1 (0.001)
Passed Fwd filter:                         1  (0.000242189); expected 0.0 (1e-05)
Initial search space (Z):               4129  [actual number of targets]
Domain search space  (domZ):               0  [number of targets reported over threshold]
# CPU time: 0.02u 0.00s 00:00:00.02 Elapsed: 00:00:00.02
# Mc/sec: 7753.56
//
Query:       TIGR03628  [M=117]
Accession:   TIGR03628
Description: arch_S11P: ribosomal protein uS11
Scores for complete sequences (score includes all domains):
   --- full sequence ---   --- best 1 domain ---    -#dom-
    E-value  score  bias    E-value  score  bias    exp  N  Sequence Description
    ------- ------ -----    ------- ------ -----   ---- --  -------- -----------

   [No hits detected that satisfy reporting thresholds]


Domain annotation for each sequence:

   [No targets detected that satisfy reporting thresholds]


Internal pipeline statistics summary:
-------------------------------------
Query model(s):                            1  (117 nodes)
Target sequences:                       4129  (1285408 residues searched)
Passed MSV filter:                       182  (0.0440785); expected 82.6 (0.02)
Passed bias filter:                      114  (0.0276096); expected 82.6 (0.02)
Passed Vit filter:                        10  (0.00242189); expected 4.1 (0.001)
Passed Fwd filter:                         1  (0.000242189); expected 0.0 (1e-05)
Initial search space (Z):               4129  [actual number of targets]
Domain search space  (domZ):               0  [number of targets reported over threshold]
# CPU time: 0.02u 0.00s 00:00:00.02 Elapsed: 00:00:00.01
# Mc/sec: 8892.27
//
Query:       TIGR03629  [M=144]
Accession:   TIGR03629
Description: uS13_arch: ribosomal protein uS13
Scores for complete sequences (score includes all domains):
   --- full sequence ---   --- best 1 domain ---    -#dom-
    E-value  score  bias    E-value  score  bias    exp  N  Sequence Description
    ------- ------ -----    ------- ------ -----   ---- --  -------- -----------

   [No hits detected that satisfy reporting thresholds]


Domain annotation for each sequence:

   [No targets detected that satisfy reporting thresholds]


Internal pipeline statistics summary:
-------------------------------------
Query model(s):                            1  (144 nodes)
Target sequences:                       4129  (1285408 residues searched)
Passed MSV filter:                       119  (0.0288205); expected 82.6 (0.02)
Passed bias filter:                      106  (0.0256721); expected 82.6 (0.02)
Passed Vit filter:                        10  (0.00242189); expected 4.1 (0.001)
Passed Fwd filter:                         1  (0.000242189); expected 0.0 (1e-05)
Initial search space (Z):               4129  [actual number of targets]
Domain search space  (domZ):               0  [number of targets reported over threshold]
# CPU time: 0.02u 0.00s 00:00:00.02 Elapsed: 00:00:00.03
# Mc/sec: 5618.03
//
Query:       TIGR03632  [M=117]
Accession:   TIGR03632
Description: uS11_bact: ribosomal protein uS11
Scores for complete sequences (score includes all domains):
   --- full sequence ---   --- best 1 domain ---    -#dom-
    E-value  score  bias    E-value  score  bias    exp  N  Sequence                  Description
    ------- ------ -----    ------- ------ -----   ---- --  --------                  -----------
    1.6e-59  197.3   1.5      2e-59  197.0   1.5    1.0  1  NZ_JBDGIY010000001.1_1865  # 1977077 # 1977469 # -1 # ID=1_1865;partial=00;start_type=TTG;rbs_motif=GGAG/GAGG;rbs_spacer=5-10bp;gc_cont=0.631


Domain annotation for each sequence:
>> NZ_JBDGIY010000001.1_1865  # 1977077 # 1977469 # -1 # ID=1_1865;partial=00;start_type=TTG;rbs_motif=GGAG/GAGG;rbs_spacer=5-10bp;gc_cont=0.631
   #    score  bias  c-Evalue  i-Evalue hmmfrom  hmm to    alifrom  ali to    envfrom  env to     acc
 ---   ------ ----- --------- --------- ------- -------    ------- -------    ------- -------    ----
   1 !  197.0   1.5   4.8e-63     2e-59       1     117 []      11     127 ..      11     127 .. 0.99



Internal pipeline statistics summary:
-------------------------------------
Query model(s):                            1  (117 nodes)
Target sequences:                       4129  (1285408 residues searched)
Passed MSV filter:                       146  (0.0353597); expected 82.6 (0.02)
Passed bias filter:                      129  (0.0312424); expected 82.6 (0.02)
Passed Vit filter:                        16  (0.00387503); expected 4.1 (0.001)
Passed Fwd filter:                         2  (0.000484379); expected 0.0 (1e-05)
Initial search space (Z):               4129  [actual number of targets]
Domain search space  (domZ):               1  [number of targets reported over threshold]
# CPU time: 0.02u 0.01s 00:00:00.03 Elapsed: 00:00:00.02
# Mc/sec: 5774.06
//
Query:       TIGR03654  [M=175]
Accession:   TIGR03654
Description: L6_bact: ribosomal protein uL6
Scores for complete sequences (score includes all domains):
   --- full sequence ---   --- best 1 domain ---    -#dom-
    E-value  score  bias    E-value  score  bias    exp  N  Sequence                  Description
    ------- ------ -----    ------- ------ -----   ---- --  --------                  -----------
    5.6e-73  242.2   1.2    6.3e-73  242.1   1.2    1.0  1  NZ_JBDGIY010000001.1_1873  # 1981661 # 1982194 # -1 # ID=1_1873;partial=00;start_type=ATG;rbs_motif=AGGA/GGAG/GAGG;rbs_spacer=11-12bp;gc_cont=0.622


Domain annotation for each sequence:
>> NZ_JBDGIY010000001.1_1873  # 1981661 # 1982194 # -1 # ID=1_1873;partial=00;start_type=ATG;rbs_motif=AGGA/GGAG/GAGG;rbs_spacer=11-12bp;gc_cont=0.622
   #    score  bias  c-Evalue  i-Evalue hmmfrom  hmm to    alifrom  ali to    envfrom  env to     acc
 ---   ------ ----- --------- --------- ------- -------    ------- -------    ------- -------    ----
   1 !  242.1   1.2   1.5e-76   6.3e-73       1     175 []       2     176 ..       2     176 .. 1.00



Internal pipeline statistics summary:
-------------------------------------
Query model(s):                            1  (175 nodes)
Target sequences:                       4129  (1285408 residues searched)
Passed MSV filter:                        84  (0.0203439); expected 82.6 (0.02)
Passed bias filter:                       76  (0.0184064); expected 82.6 (0.02)
Passed Vit filter:                         5  (0.00121095); expected 4.1 (0.001)
Passed Fwd filter:                         1  (0.000242189); expected 0.0 (1e-05)
Initial search space (Z):               4129  [actual number of targets]
Domain search space  (domZ):               1  [number of targets reported over threshold]
# CPU time: 0.01u 0.00s 00:00:00.01 Elapsed: 00:00:00.01
# Mc/sec: 13642.01
//
Query:       TIGR03670  [M=599]
Accession:   TIGR03670
Description: rpoB_arch: DNA-directed RNA polymerase subunit B
Scores for complete sequences (score includes all domains):
   --- full sequence ---   --- best 1 domain ---    -#dom-
    E-value  score  bias    E-value  score  bias    exp  N  Sequence Description
    ------- ------ -----    ------- ------ -----   ---- --  -------- -----------

   [No hits detected that satisfy reporting thresholds]


Domain annotation for each sequence:

   [No targets detected that satisfy reporting thresholds]


Internal pipeline statistics summary:
-------------------------------------
Query model(s):                            1  (599 nodes)
Target sequences:                       4129  (1285408 residues searched)
Passed MSV filter:                        74  (0.017922); expected 82.6 (0.02)
Passed bias filter:                       67  (0.0162267); expected 82.6 (0.02)
Passed Vit filter:                         8  (0.00193752); expected 4.1 (0.001)
Passed Fwd filter:                         1  (0.000242189); expected 0.0 (1e-05)
Initial search space (Z):               4129  [actual number of targets]
Domain search space  (domZ):               0  [number of targets reported over threshold]
# CPU time: 0.06u 0.00s 00:00:00.06 Elapsed: 00:00:00.07
# Mc/sec: 10285.64
//
Query:       TIGR03671  [M=410]
Accession:   TIGR03671
Description: cca_archaeal: CCA-adding enzyme
Scores for complete sequences (score includes all domains):
   --- full sequence ---   --- best 1 domain ---    -#dom-
    E-value  score  bias    E-value  score  bias    exp  N  Sequence Description
    ------- ------ -----    ------- ------ -----   ---- --  -------- -----------

   [No hits detected that satisfy reporting thresholds]


Domain annotation for each sequence:

   [No targets detected that satisfy reporting thresholds]


Internal pipeline statistics summary:
-------------------------------------
Query model(s):                            1  (410 nodes)
Target sequences:                       4129  (1285408 residues searched)
Passed MSV filter:                        79  (0.019133); expected 82.6 (0.02)
Passed bias filter:                       75  (0.0181642); expected 82.6 (0.02)
Passed Vit filter:                         7  (0.00169533); expected 4.1 (0.001)
Passed Fwd filter:                         0  (0); expected 0.0 (1e-05)
Initial search space (Z):               4129  [actual number of targets]
Domain search space  (domZ):               0  [number of targets reported over threshold]
# CPU time: 0.04u 0.00s 00:00:00.04 Elapsed: 00:00:00.04
# Mc/sec: 12389.54
//
Query:       TIGR03672  [M=251]
Accession:   TIGR03672
Description: rpl4p_arch: 50S ribosomal protein uL4
Scores for complete sequences (score includes all domains):
   --- full sequence ---   --- best 1 domain ---    -#dom-
    E-value  score  bias    E-value  score  bias    exp  N  Sequence Description
    ------- ------ -----    ------- ------ -----   ---- --  -------- -----------

   [No hits detected that satisfy reporting thresholds]


Domain annotation for each sequence:

   [No targets detected that satisfy reporting thresholds]


Internal pipeline statistics summary:
-------------------------------------
Query model(s):                            1  (251 nodes)
Target sequences:                       4129  (1285408 residues searched)
Passed MSV filter:                       113  (0.0273674); expected 82.6 (0.02)
Passed bias filter:                       70  (0.0169533); expected 82.6 (0.02)
Passed Vit filter:                         6  (0.00145314); expected 4.1 (0.001)
Passed Fwd filter:                         1  (0.000242189); expected 0.0 (1e-05)
Initial search space (Z):               4129  [actual number of targets]
Domain search space  (domZ):               0  [number of targets reported over threshold]
# CPU time: 0.03u 0.00s 00:00:00.03 Elapsed: 00:00:00.03
# Mc/sec: 9601.36
//
Query:       TIGR03673  [M=131]
Accession:   TIGR03673
Description: uL14_arch: 50S ribosomal protein uL14
Scores for complete sequences (score includes all domains):
   --- full sequence ---   --- best 1 domain ---    -#dom-
    E-value  score  bias    E-value  score  bias    exp  N  Sequence Description
    ------- ------ -----    ------- ------ -----   ---- --  -------- -----------

   [No hits detected that satisfy reporting thresholds]


Domain annotation for each sequence:

   [No targets detected that satisfy reporting thresholds]


Internal pipeline statistics summary:
-------------------------------------
Query model(s):                            1  (131 nodes)
Target sequences:                       4129  (1285408 residues searched)
Passed MSV filter:                       118  (0.0285783); expected 82.6 (0.02)
Passed bias filter:                       90  (0.021797); expected 82.6 (0.02)
Passed Vit filter:                         7  (0.00169533); expected 4.1 (0.001)
Passed Fwd filter:                         1  (0.000242189); expected 0.0 (1e-05)
Initial search space (Z):               4129  [actual number of targets]
Domain search space  (domZ):               0  [number of targets reported over threshold]
# CPU time: 0.02u 0.00s 00:00:00.02 Elapsed: 00:00:00.02
# Mc/sec: 7843.03
//
Query:       TIGR03674  [M=338]
Accession:   TIGR03674
Description: fen_arch: flap structure-specific endonuclease
Scores for complete sequences (score includes all domains):
   --- full sequence ---   --- best 1 domain ---    -#dom-
    E-value  score  bias    E-value  score  bias    exp  N  Sequence Description
    ------- ------ -----    ------- ------ -----   ---- --  -------- -----------

   [No hits detected that satisfy reporting thresholds]


Domain annotation for each sequence:

   [No targets detected that satisfy reporting thresholds]


Internal pipeline statistics summary:
-------------------------------------
Query model(s):                            1  (338 nodes)
Target sequences:                       4129  (1285408 residues searched)
Passed MSV filter:                        94  (0.0227658); expected 82.6 (0.02)
Passed bias filter:                       79  (0.019133); expected 82.6 (0.02)
Passed Vit filter:                         8  (0.00193752); expected 4.1 (0.001)
Passed Fwd filter:                         1  (0.000242189); expected 0.0 (1e-05)
Initial search space (Z):               4129  [actual number of targets]
Domain search space  (domZ):               0  [number of targets reported over threshold]
# CPU time: 0.03u 0.01s 00:00:00.04 Elapsed: 00:00:00.04
# Mc/sec: 10627.03
//
Query:       TIGR03676  [M=403]
Accession:   TIGR03676
Description: aRF1/eRF1: peptide chain release factor 1, archaeal and eukaryotic forms
Scores for complete sequences (score includes all domains):
   --- full sequence ---   --- best 1 domain ---    -#dom-
    E-value  score  bias    E-value  score  bias    exp  N  Sequence Description
    ------- ------ -----    ------- ------ -----   ---- --  -------- -----------

   [No hits detected that satisfy reporting thresholds]


Domain annotation for each sequence:

   [No targets detected that satisfy reporting thresholds]


Internal pipeline statistics summary:
-------------------------------------
Query model(s):                            1  (403 nodes)
Target sequences:                       4129  (1285408 residues searched)
Passed MSV filter:                        90  (0.021797); expected 82.6 (0.02)
Passed bias filter:                       84  (0.0203439); expected 82.6 (0.02)
Passed Vit filter:                         7  (0.00169533); expected 4.1 (0.001)
Passed Fwd filter:                         0  (0); expected 0.0 (1e-05)
Initial search space (Z):               4129  [actual number of targets]
Domain search space  (domZ):               0  [number of targets reported over threshold]
# CPU time: 0.04u 0.00s 00:00:00.04 Elapsed: 00:00:00.04
# Mc/sec: 12456.32
//
Query:       TIGR03680  [M=407]
Accession:   TIGR03680
Description: eif2g_arch: translation initiation factor 2, gamma subunit
Scores for complete sequences (score includes all domains):
   --- full sequence ---   --- best 1 domain ---    -#dom-
    E-value  score  bias    E-value  score  bias    exp  N  Sequence Description
    ------- ------ -----    ------- ------ -----   ---- --  -------- -----------

   [No hits detected that satisfy reporting thresholds]


Domain annotation for each sequence:

   [No targets detected that satisfy reporting thresholds]


Internal pipeline statistics summary:
-------------------------------------
Query model(s):                            1  (407 nodes)
Target sequences:                       4129  (1285408 residues searched)
Passed MSV filter:                       153  (0.037055); expected 82.6 (0.02)
Passed bias filter:                      136  (0.0329378); expected 82.6 (0.02)
Passed Vit filter:                        22  (0.00532817); expected 4.1 (0.001)
Passed Fwd filter:                        10  (0.00242189); expected 0.0 (1e-05)
Initial search space (Z):               4129  [actual number of targets]
Domain search space  (domZ):               0  [number of targets reported over threshold]
# CPU time: 0.09u 0.00s 00:00:00.09 Elapsed: 00:00:00.07
# Mc/sec: 6574.79
//
Query:       TIGR03723  [M=314]
Accession:   TIGR03723
Description: T6A_TsaD_YgjD: tRNA threonylcarbamoyl adenosine modification protein TsaD
Scores for complete sequences (score includes all domains):
   --- full sequence ---   --- best 1 domain ---    -#dom-
    E-value  score  bias    E-value  score  bias    exp  N  Sequence                 Description
    ------- ------ -----    ------- ------ -----   ---- --  --------                 -----------
   1.6e-122  406.4   0.7   1.8e-122  406.2   0.7    1.0  1  NZ_JBDGIY010000002.1_454  # 452533 # 453591 # -1 # ID=2_454;partial=00;start_type=GTG;rbs_motif=AGGA;rbs_spacer=5-10bp;gc_cont=0.697


Domain annotation for each sequence:
>> NZ_JBDGIY010000002.1_454  # 452533 # 453591 # -1 # ID=2_454;partial=00;start_type=GTG;rbs_motif=AGGA;rbs_spacer=5-10bp;gc_cont=0.697
   #    score  bias  c-Evalue  i-Evalue hmmfrom  hmm to    alifrom  ali to    envfrom  env to     acc
 ---   ------ ----- --------- --------- ------- -------    ------- -------    ------- -------    ----
   1 !  406.2   0.7  4.4e-126  1.8e-122       1     313 [.       3     323 ..       3     324 .. 0.97



Internal pipeline statistics summary:
-------------------------------------
Query model(s):                            1  (314 nodes)
Target sequences:                       4129  (1285408 residues searched)
Passed MSV filter:                       107  (0.0259143); expected 82.6 (0.02)
Passed bias filter:                       88  (0.0213127); expected 82.6 (0.02)
Passed Vit filter:                         8  (0.00193752); expected 4.1 (0.001)
Passed Fwd filter:                         2  (0.000484379); expected 0.0 (1e-05)
Initial search space (Z):               4129  [actual number of targets]
Domain search space  (domZ):               1  [number of targets reported over threshold]
# CPU time: 0.03u 0.00s 00:00:00.03 Elapsed: 00:00:00.03
# Mc/sec: 10978.68
//
Query:       TIGR03725  [M=212]
Accession:   TIGR03725
Description: T6A_YeaZ: tRNA threonylcarbamoyl adenosine modification protein YeaZ
Scores for complete sequences (score includes all domains):
   --- full sequence ---   --- best 1 domain ---    -#dom-
    E-value  score  bias    E-value  score  bias    exp  N  Sequence                 Description
    ------- ------ -----    ------- ------ -----   ---- --  --------                 -----------
    1.9e-43  146.7   0.2    2.1e-43  146.6   0.2    1.1  1  NZ_JBDGIY010000002.1_184  # 188278 # 188883 # 1 # ID=2_184;partial=00;start_type=ATG;rbs_motif=None;rbs_spacer=None;gc_cont=0.713


Domain annotation for each sequence:
>> NZ_JBDGIY010000002.1_184  # 188278 # 188883 # 1 # ID=2_184;partial=00;start_type=ATG;rbs_motif=None;rbs_spacer=None;gc_cont=0.713
   #    score  bias  c-Evalue  i-Evalue hmmfrom  hmm to    alifrom  ali to    envfrom  env to     acc
 ---   ------ ----- --------- --------- ------- -------    ------- -------    ------- -------    ----
   1 !  146.6   0.2   5.2e-47   2.1e-43       1     197 [.       5     192 ..       5     201 .. 0.79



Internal pipeline statistics summary:
-------------------------------------
Query model(s):                            1  (212 nodes)
Target sequences:                       4129  (1285408 residues searched)
Passed MSV filter:                       183  (0.0443207); expected 82.6 (0.02)
Passed bias filter:                      115  (0.0278518); expected 82.6 (0.02)
Passed Vit filter:                         9  (0.0021797); expected 4.1 (0.001)
Passed Fwd filter:                         2  (0.000484379); expected 0.0 (1e-05)
Initial search space (Z):               4129  [actual number of targets]
Domain search space  (domZ):               1  [number of targets reported over threshold]
# CPU time: 0.02u 0.00s 00:00:00.02 Elapsed: 00:00:00.03
# Mc/sec: 8639.43
//
Query:       TIGR03953  [M=188]
Accession:   TIGR03953
Description: rplD_bact: 50S ribosomal protein uL4
Scores for complete sequences (score includes all domains):
   --- full sequence ---   --- best 1 domain ---    -#dom-
    E-value  score  bias    E-value  score  bias    exp  N  Sequence                  Description
    ------- ------ -----    ------- ------ -----   ---- --  --------                  -----------
    2.6e-65  217.1   1.2    2.9e-65  217.0   1.2    1.0  1  NZ_JBDGIY010000001.1_1887  # 1987752 # 1988372 # -1 # ID=1_1887;partial=00;start_type=ATG;rbs_motif=AGGAG;rbs_spacer=5-10bp;gc_cont=0.636


Domain annotation for each sequence:
>> NZ_JBDGIY010000001.1_1887  # 1987752 # 1988372 # -1 # ID=1_1887;partial=00;start_type=ATG;rbs_motif=AGGAG;rbs_spacer=5-10bp;gc_cont=0.636
   #    score  bias  c-Evalue  i-Evalue hmmfrom  hmm to    alifrom  ali to    envfrom  env to     acc
 ---   ------ ----- --------- --------- ------- -------    ------- -------    ------- -------    ----
   1 !  217.0   1.2   7.1e-69   2.9e-65       1     187 [.      16     202 ..      16     203 .. 0.99



Internal pipeline statistics summary:
-------------------------------------
Query model(s):                            1  (188 nodes)
Target sequences:                       4129  (1285408 residues searched)
Passed MSV filter:                        51  (0.0123517); expected 82.6 (0.02)
Passed bias filter:                       47  (0.0113829); expected 82.6 (0.02)
Passed Vit filter:                         5  (0.00121095); expected 4.1 (0.001)
Passed Fwd filter:                         1  (0.000242189); expected 0.0 (1e-05)
Initial search space (Z):               4129  [actual number of targets]
Domain search space  (domZ):               1  [number of targets reported over threshold]
# CPU time: 0.02u 0.01s 00:00:00.03 Elapsed: 00:00:00.02
# Mc/sec: 11889.21
//
[ok]
