# hmmsearch :: search profile(s) against a sequence database
# HMMER 3.4 (Aug 2023); http://hmmer.org/
# Copyright (C) 2023 Howard Hughes Medical Institute.
# Freely distributed under the BSD open source license.
# - - - - - - - - - - - - - - - - - - - - - - - - - - - - - - - - - - - -
# query HMM file:                  /dgxb_home/se26plsc001/arvind/Devosia_BGC/data/databases/gtdbtk_r232/release232/markers/tigrfam/tigrfam.hmm
# target sequence database:        results/05_phylogeny/identify_all/identify/intermediate_results/marker_genes/query_GCF_055808595.1/query_GCF_055808595.1_protein.faa
# output directed to file:         results/05_phylogeny/identify_all/identify/intermediate_results/marker_genes/query_GCF_055808595.1/query_GCF_055808595.1_tigrfam.out
# per-seq hits tabular output:     results/05_phylogeny/identify_all/identify/intermediate_results/marker_genes/query_GCF_055808595.1/query_GCF_055808595.1_tigrfam.tsv
# show alignments in output:       no
# max ASCII text line length:      unlimited
# model-specific thresholding:     NC cutoffs
# number of worker threads:        1
# - - - - - - - - - - - - - - - - - - - - - - - - - - - - - - - - - - - -

Query:       TIGR00006  [M=310]
Accession:   TIGR00006
Description: TIGR00006: 16S rRNA (cytosine(1402)-N(4))-methyltransferase
Scores for complete sequences (score includes all domains):
   --- full sequence ---   --- best 1 domain ---    -#dom-
    E-value  score  bias    E-value  score  bias    exp  N  Sequence           Description
    ------- ------ -----    ------- ------ -----   ---- --  --------           -----------
    2.2e-80  268.2   0.0    2.4e-80  268.0   0.0    1.0  1  NZ_CM147875.1_2441  # 2501543 # 2502487 # 1 # ID=1_2441;partial=00;start_type=GTG;rbs_motif=GGA/GAG/AGG;rbs_spacer=5-10bp;gc_cont=0.702


Domain annotation for each sequence:
>> NZ_CM147875.1_2441  # 2501543 # 2502487 # 1 # ID=1_2441;partial=00;start_type=GTG;rbs_motif=GGA/GAG/AGG;rbs_spacer=5-10bp;gc_cont=0.702
   #    score  bias  c-Evalue  i-Evalue hmmfrom  hmm to    alifrom  ali to    envfrom  env to     acc
 ---   ------ ----- --------- --------- ------- -------    ------- -------    ------- -------    ----
   1 !  268.0   0.0   6.2e-84   2.4e-80       9     307 ..       2     290 ..       1     293 [. 0.94



Internal pipeline statistics summary:
-------------------------------------
Query model(s):                            1  (310 nodes)
Target sequences:                       3884  (1189330 residues searched)
Passed MSV filter:                        61  (0.0157055); expected 77.7 (0.02)
Passed bias filter:                       55  (0.0141607); expected 77.7 (0.02)
Passed Vit filter:                         6  (0.0015448); expected 3.9 (0.001)
Passed Fwd filter:                         1  (0.000257467); expected 0.0 (1e-05)
Initial search space (Z):               3884  [actual number of targets]
Domain search space  (domZ):               1  [number of targets reported over threshold]
# CPU time: 0.02u 0.00s 00:00:00.02 Elapsed: 00:00:00.04
# Mc/sec: 8659.67
//
Query:       TIGR00019  [M=361]
Accession:   TIGR00019
Description: prfA: peptide chain release factor 1
Scores for complete sequences (score includes all domains):
   --- full sequence ---   --- best 1 domain ---    -#dom-
    E-value  score  bias    E-value  score  bias    exp  N  Sequence           Description
    ------- ------ -----    ------- ------ -----   ---- --  --------           -----------
   2.2e-153  508.2   0.7   2.6e-153  507.9   0.7    1.0  1  NZ_CM147875.1_1605  # 1637819 # 1638895 # 1 # ID=1_1605;partial=00;start_type=ATG;rbs_motif=GGA/GAG/AGG;rbs_spacer=5-10bp;gc_cont=0.633


Domain annotation for each sequence:
>> NZ_CM147875.1_1605  # 1637819 # 1638895 # 1 # ID=1_1605;partial=00;start_type=ATG;rbs_motif=GGA/GAG/AGG;rbs_spacer=5-10bp;gc_cont=0.633
   #    score  bias  c-Evalue  i-Evalue hmmfrom  hmm to    alifrom  ali to    envfrom  env to     acc
 ---   ------ ----- --------- --------- ------- -------    ------- -------    ------- -------    ----
   1 !  507.9   0.7  6.7e-157  2.6e-153       8     358 ..       7     354 ..       3     357 .. 0.97



Internal pipeline statistics summary:
-------------------------------------
Query model(s):                            1  (361 nodes)
Target sequences:                       3884  (1189330 residues searched)
Passed MSV filter:                        97  (0.0249743); expected 77.7 (0.02)
Passed bias filter:                       78  (0.0200824); expected 77.7 (0.02)
Passed Vit filter:                         6  (0.0015448); expected 3.9 (0.001)
Passed Fwd filter:                         3  (0.0007724); expected 0.0 (1e-05)
Initial search space (Z):               3884  [actual number of targets]
Domain search space  (domZ):               1  [number of targets reported over threshold]
# CPU time: 0.04u 0.01s 00:00:00.05 Elapsed: 00:00:00.05
# Mc/sec: 7500.64
//
Query:       TIGR00020  [M=365]
Accession:   TIGR00020
Description: prfB: peptide chain release factor 2
Scores for complete sequences (score includes all domains):
   --- full sequence ---   --- best 1 domain ---    -#dom-
    E-value  score  bias    E-value  score  bias    exp  N  Sequence           Description
    ------- ------ -----    ------- ------ -----   ---- --  --------           -----------
   1.2e-143  476.3   5.2   1.3e-143  476.1   5.2    1.0  1  NZ_CM147875.1_3024  # 3096862 # 3097824 # -1 # ID=1_3024;partial=00;start_type=ATG;rbs_motif=AGxAGG/AGGxGG;rbs_spacer=11-12bp;gc_cont=0.636


Domain annotation for each sequence:
>> NZ_CM147875.1_3024  # 3096862 # 3097824 # -1 # ID=1_3024;partial=00;start_type=ATG;rbs_motif=AGxAGG/AGGxGG;rbs_spacer=11-12bp;gc_cont=0.636
   #    score  bias  c-Evalue  i-Evalue hmmfrom  hmm to    alifrom  ali to    envfrom  env to     acc
 ---   ------ ----- --------- --------- ------- -------    ------- -------    ------- -------    ----
   1 !  476.1   5.2  3.3e-147  1.3e-143      58     364 ..       3     309 ..       1     310 [. 0.99



Internal pipeline statistics summary:
-------------------------------------
Query model(s):                            1  (365 nodes)
Target sequences:                       3884  (1189330 residues searched)
Passed MSV filter:                        83  (0.0213697); expected 77.7 (0.02)
Passed bias filter:                       60  (0.015448); expected 77.7 (0.02)
Passed Vit filter:                        11  (0.00283213); expected 3.9 (0.001)
Passed Fwd filter:                         3  (0.0007724); expected 0.0 (1e-05)
Initial search space (Z):               3884  [actual number of targets]
Domain search space  (domZ):               1  [number of targets reported over threshold]
# CPU time: 0.03u 0.00s 00:00:00.03 Elapsed: 00:00:00.03
# Mc/sec: 11431.15
//
Query:       TIGR00029  [M=87]
Accession:   TIGR00029
Description: S20: ribosomal protein bS20
Scores for complete sequences (score includes all domains):
   --- full sequence ---   --- best 1 domain ---    -#dom-
    E-value  score  bias    E-value  score  bias    exp  N  Sequence          Description
    ------- ------ -----    ------- ------ -----   ---- --  --------          -----------
    1.3e-20   71.5   9.7    1.4e-20   71.4   9.7    1.0  1  NZ_CM147875.1_867  # 904973 # 905245 # 1 # ID=1_867;partial=00;start_type=ATG;rbs_motif=GGAG/GAGG;rbs_spacer=5-10bp;gc_cont=0.659


Domain annotation for each sequence:
>> NZ_CM147875.1_867  # 904973 # 905245 # 1 # ID=1_867;partial=00;start_type=ATG;rbs_motif=GGAG/GAGG;rbs_spacer=5-10bp;gc_cont=0.659
   #    score  bias  c-Evalue  i-Evalue hmmfrom  hmm to    alifrom  ali to    envfrom  env to     acc
 ---   ------ ----- --------- --------- ------- -------    ------- -------    ------- -------    ----
   1 !   71.4   9.7   3.6e-24   1.4e-20       1      85 [.       1      85 [.       1      87 [. 0.98



Internal pipeline statistics summary:
-------------------------------------
Query model(s):                            1  (87 nodes)
Target sequences:                       3884  (1189330 residues searched)
Passed MSV filter:                        98  (0.0252317); expected 77.7 (0.02)
Passed bias filter:                       84  (0.0216272); expected 77.7 (0.02)
Passed Vit filter:                         5  (0.00128733); expected 3.9 (0.001)
Passed Fwd filter:                         1  (0.000257467); expected 0.0 (1e-05)
Initial search space (Z):               3884  [actual number of targets]
Domain search space  (domZ):               1  [number of targets reported over threshold]
# CPU time: 0.02u 0.00s 00:00:00.02 Elapsed: 00:00:00.01
# Mc/sec: 6537.00
//
Query:       TIGR00037  [M=130]
Accession:   TIGR00037
Description: eIF_5A: translation elongation factor IF5A
Scores for complete sequences (score includes all domains):
   --- full sequence ---   --- best 1 domain ---    -#dom-
    E-value  score  bias    E-value  score  bias    exp  N  Sequence Description
    ------- ------ -----    ------- ------ -----   ---- --  -------- -----------

   [No hits detected that satisfy reporting thresholds]


Domain annotation for each sequence:

   [No targets detected that satisfy reporting thresholds]


Internal pipeline statistics summary:
-------------------------------------
Query model(s):                            1  (130 nodes)
Target sequences:                       3884  (1189330 residues searched)
Passed MSV filter:                        55  (0.0141607); expected 77.7 (0.02)
Passed bias filter:                       51  (0.0131308); expected 77.7 (0.02)
Passed Vit filter:                         2  (0.000514933); expected 3.9 (0.001)
Passed Fwd filter:                         0  (0); expected 0.0 (1e-05)
Initial search space (Z):               3884  [actual number of targets]
Domain search space  (domZ):               0  [number of targets reported over threshold]
# CPU time: 0.01u 0.00s 00:00:00.01 Elapsed: 00:00:00.01
# Mc/sec: 8911.98
//
Query:       TIGR00043  [M=111]
Accession:   TIGR00043
Description: TIGR00043: rRNA maturation RNase YbeY
Scores for complete sequences (score includes all domains):
   --- full sequence ---   --- best 1 domain ---    -#dom-
    E-value  score  bias    E-value  score  bias    exp  N  Sequence          Description
    ------- ------ -----    ------- ------ -----   ---- --  --------          -----------
    2.1e-32  109.3   0.0    2.5e-32  109.0   0.0    1.1  1  NZ_CM147875.1_904  # 943481 # 943912 # -1 # ID=1_904;partial=00;start_type=TTG;rbs_motif=None;rbs_spacer=None;gc_cont=0.576


Domain annotation for each sequence:
>> NZ_CM147875.1_904  # 943481 # 943912 # -1 # ID=1_904;partial=00;start_type=TTG;rbs_motif=None;rbs_spacer=None;gc_cont=0.576
   #    score  bias  c-Evalue  i-Evalue hmmfrom  hmm to    alifrom  ali to    envfrom  env to     acc
 ---   ------ ----- --------- --------- ------- -------    ------- -------    ------- -------    ----
   1 !  109.0   0.0   6.5e-36   2.5e-32       2     110 ..      32     136 ..      31     137 .. 0.94



Internal pipeline statistics summary:
-------------------------------------
Query model(s):                            1  (111 nodes)
Target sequences:                       3884  (1189330 residues searched)
Passed MSV filter:                        56  (0.0144181); expected 77.7 (0.02)
Passed bias filter:                       53  (0.0136457); expected 77.7 (0.02)
Passed Vit filter:                         4  (0.00102987); expected 3.9 (0.001)
Passed Fwd filter:                         1  (0.000257467); expected 0.0 (1e-05)
Initial search space (Z):               3884  [actual number of targets]
Domain search space  (domZ):               1  [number of targets reported over threshold]
# CPU time: 0.02u 0.00s 00:00:00.02 Elapsed: 00:00:00.02
# Mc/sec: 4890.39
//
Query:       TIGR00054  [M=421]
Accession:   TIGR00054
Description: TIGR00054: RIP metalloprotease RseP
Scores for complete sequences (score includes all domains):
   --- full sequence ---   --- best 1 domain ---    -#dom-
    E-value  score  bias    E-value  score  bias    exp  N  Sequence           Description
    ------- ------ -----    ------- ------ -----   ---- --  --------           -----------
      1e-84  282.6   0.2    6.8e-52  174.5   0.0    2.0  2  NZ_CM147875.1_2815  # 2872729 # 2873838 # 1 # ID=1_2815;partial=00;start_type=ATG;rbs_motif=AGGA;rbs_spacer=5-10bp;gc_cont=0.616


Domain annotation for each sequence:
>> NZ_CM147875.1_2815  # 2872729 # 2873838 # 1 # ID=1_2815;partial=00;start_type=ATG;rbs_motif=AGGA;rbs_spacer=5-10bp;gc_cont=0.616
   #    score  bias  c-Evalue  i-Evalue hmmfrom  hmm to    alifrom  ali to    envfrom  env to     acc
 ---   ------ ----- --------- --------- ------- -------    ------- -------    ------- -------    ----
   1 !  109.5   0.0   9.3e-36   3.6e-32       7     137 ..      11     151 ..       1     153 [. 0.83
   2 !  174.5   0.0   1.7e-55   6.8e-52     204     416 ..     143     368 ..     137     369 .. 0.97



Internal pipeline statistics summary:
-------------------------------------
Query model(s):                            1  (421 nodes)
Target sequences:                       3884  (1189330 residues searched)
Passed MSV filter:                       107  (0.0275489); expected 77.7 (0.02)
Passed bias filter:                       81  (0.0208548); expected 77.7 (0.02)
Passed Vit filter:                        13  (0.00334706); expected 3.9 (0.001)
Passed Fwd filter:                         6  (0.0015448); expected 0.0 (1e-05)
Initial search space (Z):               3884  [actual number of targets]
Domain search space  (domZ):               1  [number of targets reported over threshold]
# CPU time: 0.06u 0.00s 00:00:00.06 Elapsed: 00:00:00.06
# Mc/sec: 7245.01
//
Query:       TIGR00059  [M=112]
Accession:   TIGR00059
Description: L17: ribosomal protein bL17
Scores for complete sequences (score includes all domains):
   --- full sequence ---   --- best 1 domain ---    -#dom-
    E-value  score  bias    E-value  score  bias    exp  N  Sequence           Description
    ------- ------ -----    ------- ------ -----   ---- --  --------           -----------
    8.9e-44  146.2   0.2    1.1e-43  145.8   0.2    1.1  1  NZ_CM147875.1_3139  # 3206424 # 3206849 # -1 # ID=1_3139;partial=00;start_type=ATG;rbs_motif=GGAG/GAGG;rbs_spacer=5-10bp;gc_cont=0.615


Domain annotation for each sequence:
>> NZ_CM147875.1_3139  # 3206424 # 3206849 # -1 # ID=1_3139;partial=00;start_type=ATG;rbs_motif=GGAG/GAGG;rbs_spacer=5-10bp;gc_cont=0.615
   #    score  bias  c-Evalue  i-Evalue hmmfrom  hmm to    alifrom  ali to    envfrom  env to     acc
 ---   ------ ----- --------- --------- ------- -------    ------- -------    ------- -------    ----
   1 !  145.8   0.2   2.9e-47   1.1e-43       3     112 .]       8     117 ..       5     117 .. 0.99



Internal pipeline statistics summary:
-------------------------------------
Query model(s):                            1  (112 nodes)
Target sequences:                       3884  (1189330 residues searched)
Passed MSV filter:                        96  (0.0247168); expected 77.7 (0.02)
Passed bias filter:                       75  (0.01931); expected 77.7 (0.02)
Passed Vit filter:                         6  (0.0015448); expected 3.9 (0.001)
Passed Fwd filter:                         1  (0.000257467); expected 0.0 (1e-05)
Initial search space (Z):               3884  [actual number of targets]
Domain search space  (domZ):               1  [number of targets reported over threshold]
# CPU time: 0.02u 0.00s 00:00:00.02 Elapsed: 00:00:00.02
# Mc/sec: 6202.78
//
Query:       TIGR00061  [M=101]
Accession:   TIGR00061
Description: L21: ribosomal protein bL21
Scores for complete sequences (score includes all domains):
   --- full sequence ---   --- best 1 domain ---    -#dom-
    E-value  score  bias    E-value  score  bias    exp  N  Sequence           Description
    ------- ------ -----    ------- ------ -----   ---- --  --------           -----------
    1.5e-31  106.6   0.9    2.4e-31  105.9   0.9    1.3  1  NZ_CM147875.1_1256  # 1289197 # 1289808 # -1 # ID=1_1256;partial=00;start_type=ATG;rbs_motif=GGA/GAG/AGG;rbs_spacer=5-10bp;gc_cont=0.637


Domain annotation for each sequence:
>> NZ_CM147875.1_1256  # 1289197 # 1289808 # -1 # ID=1_1256;partial=00;start_type=ATG;rbs_motif=GGA/GAG/AGG;rbs_spacer=5-10bp;gc_cont=0.637
   #    score  bias  c-Evalue  i-Evalue hmmfrom  hmm to    alifrom  ali to    envfrom  env to     acc
 ---   ------ ----- --------- --------- ------- -------    ------- -------    ------- -------    ----
   1 !  105.9   0.9   6.1e-35   2.4e-31       1     100 [.       3     102 ..       3     103 .. 0.99



Internal pipeline statistics summary:
-------------------------------------
Query model(s):                            1  (101 nodes)
Target sequences:                       3884  (1189330 residues searched)
Passed MSV filter:                        54  (0.0139032); expected 77.7 (0.02)
Passed bias filter:                       50  (0.0128733); expected 77.7 (0.02)
Passed Vit filter:                         4  (0.00102987); expected 3.9 (0.001)
Passed Fwd filter:                         1  (0.000257467); expected 0.0 (1e-05)
Initial search space (Z):               3884  [actual number of targets]
Domain search space  (domZ):               1  [number of targets reported over threshold]
# CPU time: 0.01u 0.00s 00:00:00.01 Elapsed: 00:00:00.01
# Mc/sec: 6060.96
//
Query:       TIGR00064  [M=279]
Accession:   TIGR00064
Description: ftsY: signal recognition particle-docking protein FtsY
Scores for complete sequences (score includes all domains):
   --- full sequence ---   --- best 1 domain ---    -#dom-
    E-value  score  bias    E-value  score  bias    exp  N  Sequence           Description
    ------- ------ -----    ------- ------ -----   ---- --  --------           -----------
    1.4e-99  330.6   0.7    1.8e-99  330.2   0.7    1.1  1  NZ_CM147875.1_1101  # 1133060 # 1134466 # -1 # ID=1_1101;partial=00;start_type=ATG;rbs_motif=AGGA;rbs_spacer=5-10bp;gc_cont=0.660


Domain annotation for each sequence:
>> NZ_CM147875.1_1101  # 1133060 # 1134466 # -1 # ID=1_1101;partial=00;start_type=ATG;rbs_motif=AGGA;rbs_spacer=5-10bp;gc_cont=0.660
   #    score  bias  c-Evalue  i-Evalue hmmfrom  hmm to    alifrom  ali to    envfrom  env to     acc
 ---   ------ ----- --------- --------- ------- -------    ------- -------    ------- -------    ----
   1 !  330.2   0.7  4.7e-103   1.8e-99       2     278 ..     194     463 ..     193     464 .. 0.95



Internal pipeline statistics summary:
-------------------------------------
Query model(s):                            1  (279 nodes)
Target sequences:                       3884  (1189330 residues searched)
Passed MSV filter:                       208  (0.053553); expected 77.7 (0.02)
Passed bias filter:                      172  (0.0442842); expected 77.7 (0.02)
Passed Vit filter:                        56  (0.0144181); expected 3.9 (0.001)
Passed Fwd filter:                        12  (0.0030896); expected 0.0 (1e-05)
Initial search space (Z):               3884  [actual number of targets]
Domain search space  (domZ):               1  [number of targets reported over threshold]
# CPU time: 0.05u 0.01s 00:00:00.06 Elapsed: 00:00:00.04
# Mc/sec: 7043.91
//
Query:       TIGR00065  [M=353]
Accession:   TIGR00065
Description: ftsZ: cell division protein FtsZ
Scores for complete sequences (score includes all domains):
   --- full sequence ---   --- best 1 domain ---    -#dom-
    E-value  score  bias    E-value  score  bias    exp  N  Sequence           Description
    ------- ------ -----    ------- ------ -----   ---- --  --------           -----------
     8e-123  408.0   5.9   1.2e-122  407.4   5.9    1.1  1  NZ_CM147875.1_2456  # 2518775 # 2520424 # 1 # ID=1_2456;partial=00;start_type=ATG;rbs_motif=None;rbs_spacer=None;gc_cont=0.658


Domain annotation for each sequence:
>> NZ_CM147875.1_2456  # 2518775 # 2520424 # 1 # ID=1_2456;partial=00;start_type=ATG;rbs_motif=None;rbs_spacer=None;gc_cont=0.658
   #    score  bias  c-Evalue  i-Evalue hmmfrom  hmm to    alifrom  ali to    envfrom  env to     acc
 ---   ------ ----- --------- --------- ------- -------    ------- -------    ------- -------    ----
   1 !  407.4   5.9    3e-126  1.2e-122      15     337 ..      13     332 ..       4     348 .. 0.95



Internal pipeline statistics summary:
-------------------------------------
Query model(s):                            1  (353 nodes)
Target sequences:                       3884  (1189330 residues searched)
Passed MSV filter:                       133  (0.034243); expected 77.7 (0.02)
Passed bias filter:                       93  (0.0239444); expected 77.7 (0.02)
Passed Vit filter:                         9  (0.0023172); expected 3.9 (0.001)
Passed Fwd filter:                         1  (0.000257467); expected 0.0 (1e-05)
Initial search space (Z):               3884  [actual number of targets]
Domain search space  (domZ):               1  [number of targets reported over threshold]
# CPU time: 0.02u 0.01s 00:00:00.03 Elapsed: 00:00:00.03
# Mc/sec: 12955.29
//
Query:       TIGR00082  [M=115]
Accession:   TIGR00082
Description: rbfA: ribosome-binding factor A
Scores for complete sequences (score includes all domains):
   --- full sequence ---   --- best 1 domain ---    -#dom-
    E-value  score  bias    E-value  score  bias    exp  N  Sequence          Description
    ------- ------ -----    ------- ------ -----   ---- --  --------          -----------
    1.2e-14   52.6   0.0    1.6e-14   52.2   0.0    1.1  1  NZ_CM147875.1_835  # 873481 # 873891 # 1 # ID=1_835;partial=00;start_type=ATG;rbs_motif=None;rbs_spacer=None;gc_cont=0.645


Domain annotation for each sequence:
>> NZ_CM147875.1_835  # 873481 # 873891 # 1 # ID=1_835;partial=00;start_type=ATG;rbs_motif=None;rbs_spacer=None;gc_cont=0.645
   #    score  bias  c-Evalue  i-Evalue hmmfrom  hmm to    alifrom  ali to    envfrom  env to     acc
 ---   ------ ----- --------- --------- ------- -------    ------- -------    ------- -------    ----
   1 !   52.2   0.0     4e-18   1.6e-14       6     110 ..      14     120 ..      11     124 .. 0.91



Internal pipeline statistics summary:
-------------------------------------
Query model(s):                            1  (115 nodes)
Target sequences:                       3884  (1189330 residues searched)
Passed MSV filter:                        57  (0.0146756); expected 77.7 (0.02)
Passed bias filter:                       54  (0.0139032); expected 77.7 (0.02)
Passed Vit filter:                         4  (0.00102987); expected 3.9 (0.001)
Passed Fwd filter:                         1  (0.000257467); expected 0.0 (1e-05)
Initial search space (Z):               3884  [actual number of targets]
Domain search space  (domZ):               1  [number of targets reported over threshold]
# CPU time: 0.01u 0.00s 00:00:00.01 Elapsed: 00:00:00.02
# Mc/sec: 6528.95
//
Query:       TIGR00083  [M=290]
Accession:   TIGR00083
Description: ribF: riboflavin biosynthesis protein RibF
Scores for complete sequences (score includes all domains):
   --- full sequence ---   --- best 1 domain ---    -#dom-
    E-value  score  bias    E-value  score  bias    exp  N  Sequence           Description
    ------- ------ -----    ------- ------ -----   ---- --  --------           -----------
    1.2e-68  229.4   0.0    1.4e-68  229.2   0.0    1.0  1  NZ_CM147875.1_3862  # 3935111 # 3936085 # -1 # ID=1_3862;partial=00;start_type=TTG;rbs_motif=GGA/GAG/AGG;rbs_spacer=5-10bp;gc_cont=0.669


Domain annotation for each sequence:
>> NZ_CM147875.1_3862  # 3935111 # 3936085 # -1 # ID=1_3862;partial=00;start_type=TTG;rbs_motif=GGA/GAG/AGG;rbs_spacer=5-10bp;gc_cont=0.669
   #    score  bias  c-Evalue  i-Evalue hmmfrom  hmm to    alifrom  ali to    envfrom  env to     acc
 ---   ------ ----- --------- --------- ------- -------    ------- -------    ------- -------    ----
   1 !  229.2   0.0   3.7e-72   1.4e-68       2     289 ..      22     307 ..      21     308 .. 0.94



Internal pipeline statistics summary:
-------------------------------------
Query model(s):                            1  (290 nodes)
Target sequences:                       3884  (1189330 residues searched)
Passed MSV filter:                        73  (0.0187951); expected 77.7 (0.02)
Passed bias filter:                       66  (0.0169928); expected 77.7 (0.02)
Passed Vit filter:                         5  (0.00128733); expected 3.9 (0.001)
Passed Fwd filter:                         1  (0.000257467); expected 0.0 (1e-05)
Initial search space (Z):               3884  [actual number of targets]
Domain search space  (domZ):               1  [number of targets reported over threshold]
# CPU time: 0.03u 0.00s 00:00:00.03 Elapsed: 00:00:00.04
# Mc/sec: 8390.40
//
Query:       TIGR00084  [M=192]
Accession:   TIGR00084
Description: ruvA: Holliday junction DNA helicase RuvA
Scores for complete sequences (score includes all domains):
   --- full sequence ---   --- best 1 domain ---    -#dom-
    E-value  score  bias    E-value  score  bias    exp  N  Sequence           Description
    ------- ------ -----    ------- ------ -----   ---- --  --------           -----------
    1.5e-37  126.7   0.0    1.6e-37  126.6   0.0    1.0  1  NZ_CM147875.1_1831  # 1888321 # 1888938 # 1 # ID=1_1831;partial=00;start_type=ATG;rbs_motif=GGxGG;rbs_spacer=5-10bp;gc_cont=0.650


Domain annotation for each sequence:
>> NZ_CM147875.1_1831  # 1888321 # 1888938 # 1 # ID=1_1831;partial=00;start_type=ATG;rbs_motif=GGxGG;rbs_spacer=5-10bp;gc_cont=0.650
   #    score  bias  c-Evalue  i-Evalue hmmfrom  hmm to    alifrom  ali to    envfrom  env to     acc
 ---   ------ ----- --------- --------- ------- -------    ------- -------    ------- -------    ----
   1 !  126.6   0.0   4.2e-41   1.6e-37       1     190 [.       1     203 [.       1     205 [. 0.95



Internal pipeline statistics summary:
-------------------------------------
Query model(s):                            1  (192 nodes)
Target sequences:                       3884  (1189330 residues searched)
Passed MSV filter:                        93  (0.0239444); expected 77.7 (0.02)
Passed bias filter:                       85  (0.0218847); expected 77.7 (0.02)
Passed Vit filter:                        10  (0.00257467); expected 3.9 (0.001)
Passed Fwd filter:                         1  (0.000257467); expected 0.0 (1e-05)
Initial search space (Z):               3884  [actual number of targets]
Domain search space  (domZ):               1  [number of targets reported over threshold]
# CPU time: 0.02u 0.00s 00:00:00.02 Elapsed: 00:00:00.01
# Mc/sec: 12951.58
//
Query:       TIGR00086  [M=144]
Accession:   TIGR00086
Description: smpB: SsrA-binding protein
Scores for complete sequences (score includes all domains):
   --- full sequence ---   --- best 1 domain ---    -#dom-
    E-value  score  bias    E-value  score  bias    exp  N  Sequence           Description
    ------- ------ -----    ------- ------ -----   ---- --  --------           -----------
    2.7e-54  180.9   0.2      3e-54  180.7   0.2    1.0  1  NZ_CM147875.1_3252  # 3312399 # 3312890 # -1 # ID=1_3252;partial=00;start_type=ATG;rbs_motif=None;rbs_spacer=None;gc_cont=0.618


Domain annotation for each sequence:
>> NZ_CM147875.1_3252  # 3312399 # 3312890 # -1 # ID=1_3252;partial=00;start_type=ATG;rbs_motif=None;rbs_spacer=None;gc_cont=0.618
   #    score  bias  c-Evalue  i-Evalue hmmfrom  hmm to    alifrom  ali to    envfrom  env to     acc
 ---   ------ ----- --------- --------- ------- -------    ------- -------    ------- -------    ----
   1 !  180.7   0.2   7.8e-58     3e-54       2     144 .]      16     158 ..      15     158 .. 0.99



Internal pipeline statistics summary:
-------------------------------------
Query model(s):                            1  (144 nodes)
Target sequences:                       3884  (1189330 residues searched)
Passed MSV filter:                        50  (0.0128733); expected 77.7 (0.02)
Passed bias filter:                       45  (0.011586); expected 77.7 (0.02)
Passed Vit filter:                         4  (0.00102987); expected 3.9 (0.001)
Passed Fwd filter:                         1  (0.000257467); expected 0.0 (1e-05)
Initial search space (Z):               3884  [actual number of targets]
Domain search space  (domZ):               1  [number of targets reported over threshold]
# CPU time: 0.02u 0.00s 00:00:00.02 Elapsed: 00:00:00.03
# Mc/sec: 5175.52
//
Query:       TIGR00088  [M=233]
Accession:   TIGR00088
Description: trmD: tRNA (guanine(37)-N(1))-methyltransferase
Scores for complete sequences (score includes all domains):
   --- full sequence ---   --- best 1 domain ---    -#dom-
    E-value  score  bias    E-value  score  bias    exp  N  Sequence           Description
    ------- ------ -----    ------- ------ -----   ---- --  --------           -----------
    1.9e-79  264.0   0.0    2.1e-79  263.8   0.0    1.0  1  NZ_CM147875.1_1111  # 1143985 # 1144659 # 1 # ID=1_1111;partial=00;start_type=ATG;rbs_motif=GGA/GAG/AGG;rbs_spacer=5-10bp;gc_cont=0.687


Domain annotation for each sequence:
>> NZ_CM147875.1_1111  # 1143985 # 1144659 # 1 # ID=1_1111;partial=00;start_type=ATG;rbs_motif=GGA/GAG/AGG;rbs_spacer=5-10bp;gc_cont=0.687
   #    score  bias  c-Evalue  i-Evalue hmmfrom  hmm to    alifrom  ali to    envfrom  env to     acc
 ---   ------ ----- --------- --------- ------- -------    ------- -------    ------- -------    ----
   1 !  263.8   0.0   5.4e-83   2.1e-79       3     222 ..       5     223 ..       3     224 .. 0.98



Internal pipeline statistics summary:
-------------------------------------
Query model(s):                            1  (233 nodes)
Target sequences:                       3884  (1189330 residues searched)
Passed MSV filter:                        77  (0.0198249); expected 77.7 (0.02)
Passed bias filter:                       72  (0.0185376); expected 77.7 (0.02)
Passed Vit filter:                         4  (0.00102987); expected 3.9 (0.001)
Passed Fwd filter:                         1  (0.000257467); expected 0.0 (1e-05)
Initial search space (Z):               3884  [actual number of targets]
Domain search space  (domZ):               1  [number of targets reported over threshold]
# CPU time: 0.02u 0.00s 00:00:00.02 Elapsed: 00:00:00.04
# Mc/sec: 6332.58
//
Query:       TIGR00090  [M=99]
Accession:   TIGR00090
Description: rsfS_iojap_ybeB: ribosome silencing factor
Scores for complete sequences (score includes all domains):
   --- full sequence ---   --- best 1 domain ---    -#dom-
    E-value  score  bias    E-value  score  bias    exp  N  Sequence           Description
    ------- ------ -----    ------- ------ -----   ---- --  --------           -----------
    5.5e-34  114.1   0.1    6.8e-34  113.8   0.1    1.1  1  NZ_CM147875.1_1247  # 1282251 # 1282652 # -1 # ID=1_1247;partial=00;start_type=ATG;rbs_motif=GGAG/GAGG;rbs_spacer=5-10bp;gc_cont=0.619


Domain annotation for each sequence:
>> NZ_CM147875.1_1247  # 1282251 # 1282652 # -1 # ID=1_1247;partial=00;start_type=ATG;rbs_motif=GGAG/GAGG;rbs_spacer=5-10bp;gc_cont=0.619
   #    score  bias  c-Evalue  i-Evalue hmmfrom  hmm to    alifrom  ali to    envfrom  env to     acc
 ---   ------ ----- --------- --------- ------- -------    ------- -------    ------- -------    ----
   1 !  113.8   0.1   1.7e-37   6.8e-34       2      99 .]      27     124 ..      26     124 .. 0.98



Internal pipeline statistics summary:
-------------------------------------
Query model(s):                            1  (99 nodes)
Target sequences:                       3884  (1189330 residues searched)
Passed MSV filter:                        87  (0.0223996); expected 77.7 (0.02)
Passed bias filter:                       81  (0.0208548); expected 77.7 (0.02)
Passed Vit filter:                         3  (0.0007724); expected 3.9 (0.001)
Passed Fwd filter:                         1  (0.000257467); expected 0.0 (1e-05)
Initial search space (Z):               3884  [actual number of targets]
Domain search space  (domZ):               1  [number of targets reported over threshold]
# CPU time: 0.02u 0.00s 00:00:00.02 Elapsed: 00:00:00.04
# Mc/sec: 2853.94
//
Query:       TIGR00092  [M=368]
Accession:   TIGR00092
Description: TIGR00092: GTP-binding protein YchF
Scores for complete sequences (score includes all domains):
   --- full sequence ---   --- best 1 domain ---    -#dom-
    E-value  score  bias    E-value  score  bias    exp  N  Sequence           Description
    ------- ------ -----    ------- ------ -----   ---- --  --------           -----------
   2.1e-149  495.4   0.1   2.4e-149  495.2   0.1    1.0  1  NZ_CM147875.1_2151  # 2228272 # 2229369 # -1 # ID=1_2151;partial=00;start_type=ATG;rbs_motif=GGAG/GAGG;rbs_spacer=5-10bp;gc_cont=0.618


Domain annotation for each sequence:
>> NZ_CM147875.1_2151  # 2228272 # 2229369 # -1 # ID=1_2151;partial=00;start_type=ATG;rbs_motif=GGAG/GAGG;rbs_spacer=5-10bp;gc_cont=0.618
   #    score  bias  c-Evalue  i-Evalue hmmfrom  hmm to    alifrom  ali to    envfrom  env to     acc
 ---   ------ ----- --------- --------- ------- -------    ------- -------    ------- -------    ----
   1 !  495.2   0.1  6.1e-153  2.4e-149       1     367 [.       1     364 [.       1     365 [. 0.98



Internal pipeline statistics summary:
-------------------------------------
Query model(s):                            1  (368 nodes)
Target sequences:                       3884  (1189330 residues searched)
Passed MSV filter:                       133  (0.034243); expected 77.7 (0.02)
Passed bias filter:                      121  (0.0311535); expected 77.7 (0.02)
Passed Vit filter:                        23  (0.00592173); expected 3.9 (0.001)
Passed Fwd filter:                         5  (0.00128733); expected 0.0 (1e-05)
Initial search space (Z):               3884  [actual number of targets]
Domain search space  (domZ):               1  [number of targets reported over threshold]
# CPU time: 0.05u 0.00s 00:00:00.05 Elapsed: 00:00:00.04
# Mc/sec: 8762.86
//
Query:       TIGR00095  [M=194]
Accession:   TIGR00095
Description: TIGR00095: 16S rRNA (guanine(966)-N(2))-methyltransferase RsmD
Scores for complete sequences (score includes all domains):
   --- full sequence ---   --- best 1 domain ---    -#dom-
    E-value  score  bias    E-value  score  bias    exp  N  Sequence           Description
    ------- ------ -----    ------- ------ -----   ---- --  --------           -----------
    1.4e-41  140.0   0.0    1.6e-41  139.8   0.0    1.0  1  NZ_CM147875.1_3857  # 3928301 # 3928855 # -1 # ID=1_3857;partial=00;start_type=ATG;rbs_motif=None;rbs_spacer=None;gc_cont=0.685


Domain annotation for each sequence:
>> NZ_CM147875.1_3857  # 3928301 # 3928855 # -1 # ID=1_3857;partial=00;start_type=ATG;rbs_motif=None;rbs_spacer=None;gc_cont=0.685
   #    score  bias  c-Evalue  i-Evalue hmmfrom  hmm to    alifrom  ali to    envfrom  env to     acc
 ---   ------ ----- --------- --------- ------- -------    ------- -------    ------- -------    ----
   1 !  139.8   0.0   4.2e-45   1.6e-41      13     191 ..       2     181 ..       1     183 [. 0.89



Internal pipeline statistics summary:
-------------------------------------
Query model(s):                            1  (194 nodes)
Target sequences:                       3884  (1189330 residues searched)
Passed MSV filter:                        88  (0.0226571); expected 77.7 (0.02)
Passed bias filter:                       87  (0.0223996); expected 77.7 (0.02)
Passed Vit filter:                         8  (0.00205973); expected 3.9 (0.001)
Passed Fwd filter:                         4  (0.00102987); expected 0.0 (1e-05)
Initial search space (Z):               3884  [actual number of targets]
Domain search space  (domZ):               1  [number of targets reported over threshold]
# CPU time: 0.02u 0.00s 00:00:00.02 Elapsed: 00:00:00.02
# Mc/sec: 9676.15
//
Query:       TIGR00111  [M=351]
Accession:   TIGR00111
Description: pelota: mRNA surveillance protein pelota
Scores for complete sequences (score includes all domains):
   --- full sequence ---   --- best 1 domain ---    -#dom-
    E-value  score  bias    E-value  score  bias    exp  N  Sequence Description
    ------- ------ -----    ------- ------ -----   ---- --  -------- -----------

   [No hits detected that satisfy reporting thresholds]


Domain annotation for each sequence:

   [No targets detected that satisfy reporting thresholds]


Internal pipeline statistics summary:
-------------------------------------
Query model(s):                            1  (351 nodes)
Target sequences:                       3884  (1189330 residues searched)
Passed MSV filter:                        87  (0.0223996); expected 77.7 (0.02)
Passed bias filter:                       76  (0.0195675); expected 77.7 (0.02)
Passed Vit filter:                         7  (0.00180227); expected 3.9 (0.001)
Passed Fwd filter:                         0  (0); expected 0.0 (1e-05)
Initial search space (Z):               3884  [actual number of targets]
Domain search space  (domZ):               0  [number of targets reported over threshold]
# CPU time: 0.03u 0.00s 00:00:00.03 Elapsed: 00:00:00.03
# Mc/sec: 13206.93
//
Query:       TIGR00115  [M=410]
Accession:   TIGR00115
Description: tig: trigger factor
Scores for complete sequences (score includes all domains):
   --- full sequence ---   --- best 1 domain ---    -#dom-
    E-value  score  bias    E-value  score  bias    exp  N  Sequence           Description
    ------- ------ -----    ------- ------ -----   ---- --  --------           -----------
   3.6e-120  399.3   9.2   4.2e-120  399.1   9.2    1.0  1  NZ_CM147875.1_2990  # 3059594 # 3060973 # -1 # ID=1_2990;partial=00;start_type=ATG;rbs_motif=GGA/GAG/AGG;rbs_spacer=5-10bp;gc_cont=0.633


Domain annotation for each sequence:
>> NZ_CM147875.1_2990  # 3059594 # 3060973 # -1 # ID=1_2990;partial=00;start_type=ATG;rbs_motif=GGA/GAG/AGG;rbs_spacer=5-10bp;gc_cont=0.633
   #    score  bias  c-Evalue  i-Evalue hmmfrom  hmm to    alifrom  ali to    envfrom  env to     acc
 ---   ------ ----- --------- --------- ------- -------    ------- -------    ------- -------    ----
   1 !  399.1   9.2  1.1e-123  4.2e-120       1     409 [.      11     426 ..      11     427 .. 0.99



Internal pipeline statistics summary:
-------------------------------------
Query model(s):                            1  (410 nodes)
Target sequences:                       3884  (1189330 residues searched)
Passed MSV filter:                       116  (0.0298661); expected 77.7 (0.02)
Passed bias filter:                       77  (0.0198249); expected 77.7 (0.02)
Passed Vit filter:                        11  (0.00283213); expected 3.9 (0.001)
Passed Fwd filter:                         1  (0.000257467); expected 0.0 (1e-05)
Initial search space (Z):               3884  [actual number of targets]
Domain search space  (domZ):               1  [number of targets reported over threshold]
# CPU time: 0.03u 0.01s 00:00:00.04 Elapsed: 00:00:00.04
# Mc/sec: 11712.14
//
Query:       TIGR00116  [M=293]
Accession:   TIGR00116
Description: tsf: translation elongation factor Ts
Scores for complete sequences (score includes all domains):
   --- full sequence ---   --- best 1 domain ---    -#dom-
    E-value  score  bias    E-value  score  bias    exp  N  Sequence           Description
    ------- ------ -----    ------- ------ -----   ---- --  --------           -----------
    5.3e-95  315.7   1.3    6.4e-95  315.5   1.3    1.0  1  NZ_CM147875.1_2810  # 2868650 # 2869573 # 1 # ID=1_2810;partial=00;start_type=ATG;rbs_motif=GGAG/GAGG;rbs_spacer=5-10bp;gc_cont=0.626


Domain annotation for each sequence:
>> NZ_CM147875.1_2810  # 2868650 # 2869573 # 1 # ID=1_2810;partial=00;start_type=ATG;rbs_motif=GGAG/GAGG;rbs_spacer=5-10bp;gc_cont=0.626
   #    score  bias  c-Evalue  i-Evalue hmmfrom  hmm to    alifrom  ali to    envfrom  env to     acc
 ---   ------ ----- --------- --------- ------- -------    ------- -------    ------- -------    ----
   1 !  315.5   1.3   1.6e-98   6.4e-95       2     290 ..       1     304 [.       1     306 [. 0.94



Internal pipeline statistics summary:
-------------------------------------
Query model(s):                            1  (293 nodes)
Target sequences:                       3884  (1189330 residues searched)
Passed MSV filter:                        89  (0.0229145); expected 77.7 (0.02)
Passed bias filter:                       73  (0.0187951); expected 77.7 (0.02)
Passed Vit filter:                         7  (0.00180227); expected 3.9 (0.001)
Passed Fwd filter:                         1  (0.000257467); expected 0.0 (1e-05)
Initial search space (Z):               3884  [actual number of targets]
Domain search space  (domZ):               1  [number of targets reported over threshold]
# CPU time: 0.03u 0.00s 00:00:00.03 Elapsed: 00:00:00.04
# Mc/sec: 7423.97
//
Query:       TIGR00134  [M=622]
Accession:   TIGR00134
Description: gatE_arch: glutamyl-tRNA(Gln) amidotransferase, subunit E
Scores for complete sequences (score includes all domains):
   --- full sequence ---   --- best 1 domain ---    -#dom-
    E-value  score  bias    E-value  score  bias    exp  N  Sequence Description
    ------- ------ -----    ------- ------ -----   ---- --  -------- -----------

   [No hits detected that satisfy reporting thresholds]


Domain annotation for each sequence:

   [No targets detected that satisfy reporting thresholds]


Internal pipeline statistics summary:
-------------------------------------
Query model(s):                            1  (622 nodes)
Target sequences:                       3884  (1189330 residues searched)
Passed MSV filter:                       115  (0.0296087); expected 77.7 (0.02)
Passed bias filter:                       84  (0.0216272); expected 77.7 (0.02)
Passed Vit filter:                         9  (0.0023172); expected 3.9 (0.001)
Passed Fwd filter:                         1  (0.000257467); expected 0.0 (1e-05)
Initial search space (Z):               3884  [actual number of targets]
Domain search space  (domZ):               0  [number of targets reported over threshold]
# CPU time: 0.07u 0.01s 00:00:00.08 Elapsed: 00:00:00.08
# Mc/sec: 8899.97
//
Query:       TIGR00138  [M=183]
Accession:   TIGR00138
Description: rsmG_gidB: 16S rRNA (guanine(527)-N(7))-methyltransferase RsmG
Scores for complete sequences (score includes all domains):
   --- full sequence ---   --- best 1 domain ---    -#dom-
    E-value  score  bias    E-value  score  bias    exp  N  Sequence           Description
    ------- ------ -----    ------- ------ -----   ---- --  --------           -----------
      1e-35  120.8   0.0    1.2e-35  120.6   0.0    1.1  1  NZ_CM147875.1_1012  # 1042119 # 1042772 # 1 # ID=1_1012;partial=00;start_type=ATG;rbs_motif=GGA/GAG/AGG;rbs_spacer=5-10bp;gc_cont=0.584


Domain annotation for each sequence:
>> NZ_CM147875.1_1012  # 1042119 # 1042772 # 1 # ID=1_1012;partial=00;start_type=ATG;rbs_motif=GGA/GAG/AGG;rbs_spacer=5-10bp;gc_cont=0.584
   #    score  bias  c-Evalue  i-Evalue hmmfrom  hmm to    alifrom  ali to    envfrom  env to     acc
 ---   ------ ----- --------- --------- ------- -------    ------- -------    ------- -------    ----
   1 !  120.6   0.0   3.1e-39   1.2e-35       2     158 ..      29     188 ..      28     208 .. 0.92



Internal pipeline statistics summary:
-------------------------------------
Query model(s):                            1  (183 nodes)
Target sequences:                       3884  (1189330 residues searched)
Passed MSV filter:                        70  (0.0180227); expected 77.7 (0.02)
Passed bias filter:                       70  (0.0180227); expected 77.7 (0.02)
Passed Vit filter:                        13  (0.00334706); expected 3.9 (0.001)
Passed Fwd filter:                         1  (0.000257467); expected 0.0 (1e-05)
Initial search space (Z):               3884  [actual number of targets]
Domain search space  (domZ):               1  [number of targets reported over threshold]
# CPU time: 0.01u 0.01s 00:00:00.02 Elapsed: 00:00:00.02
# Mc/sec: 8488.04
//
Query:       TIGR00158  [M=148]
Accession:   TIGR00158
Description: L9: ribosomal protein bL9
Scores for complete sequences (score includes all domains):
   --- full sequence ---   --- best 1 domain ---    -#dom-
    E-value  score  bias    E-value  score  bias    exp  N  Sequence           Description
    ------- ------ -----    ------- ------ -----   ---- --  --------           -----------
    4.7e-33  112.5   0.1    6.1e-33  112.1   0.1    1.1  1  NZ_CM147875.1_3359  # 3426727 # 3427272 # 1 # ID=1_3359;partial=00;start_type=ATG;rbs_motif=GGA/GAG/AGG;rbs_spacer=11-12bp;gc_cont=0.654


Domain annotation for each sequence:
>> NZ_CM147875.1_3359  # 3426727 # 3427272 # 1 # ID=1_3359;partial=00;start_type=ATG;rbs_motif=GGA/GAG/AGG;rbs_spacer=11-12bp;gc_cont=0.654
   #    score  bias  c-Evalue  i-Evalue hmmfrom  hmm to    alifrom  ali to    envfrom  env to     acc
 ---   ------ ----- --------- --------- ------- -------    ------- -------    ------- -------    ----
   1 !  112.1   0.1   1.6e-36   6.1e-33      13     146 ..       2     134 ..       1     136 [. 0.97



Internal pipeline statistics summary:
-------------------------------------
Query model(s):                            1  (148 nodes)
Target sequences:                       3884  (1189330 residues searched)
Passed MSV filter:                        71  (0.0182801); expected 77.7 (0.02)
Passed bias filter:                       56  (0.0144181); expected 77.7 (0.02)
Passed Vit filter:                         4  (0.00102987); expected 3.9 (0.001)
Passed Fwd filter:                         1  (0.000257467); expected 0.0 (1e-05)
Initial search space (Z):               3884  [actual number of targets]
Domain search space  (domZ):               1  [number of targets reported over threshold]
# CPU time: 0.02u 0.00s 00:00:00.02 Elapsed: 00:00:00.01
# Mc/sec: 12645.50
//
Query:       TIGR00166  [M=95]
Accession:   TIGR00166
Description: S6: ribosomal protein bS6
Scores for complete sequences (score includes all domains):
   --- full sequence ---   --- best 1 domain ---    -#dom-
    E-value  score  bias    E-value  score  bias    exp  N  Sequence           Description
    ------- ------ -----    ------- ------ -----   ---- --  --------           -----------
    1.3e-25   87.2   0.3    1.6e-25   87.0   0.3    1.1  1  NZ_CM147875.1_3357  # 3425862 # 3426257 # 1 # ID=1_3357;partial=00;start_type=ATG;rbs_motif=AGGA;rbs_spacer=5-10bp;gc_cont=0.626


Domain annotation for each sequence:
>> NZ_CM147875.1_3357  # 3425862 # 3426257 # 1 # ID=1_3357;partial=00;start_type=ATG;rbs_motif=AGGA;rbs_spacer=5-10bp;gc_cont=0.626
   #    score  bias  c-Evalue  i-Evalue hmmfrom  hmm to    alifrom  ali to    envfrom  env to     acc
 ---   ------ ----- --------- --------- ------- -------    ------- -------    ------- -------    ----
   1 !   87.0   0.3   4.1e-29   1.6e-25       1      94 [.       1      94 [.       1      95 [. 0.98



Internal pipeline statistics summary:
-------------------------------------
Query model(s):                            1  (95 nodes)
Target sequences:                       3884  (1189330 residues searched)
Passed MSV filter:                        52  (0.0133883); expected 77.7 (0.02)
Passed bias filter:                       47  (0.0121009); expected 77.7 (0.02)
Passed Vit filter:                         6  (0.0015448); expected 3.9 (0.001)
Passed Fwd filter:                         1  (0.000257467); expected 0.0 (1e-05)
Initial search space (Z):               3884  [actual number of targets]
Domain search space  (domZ):               1  [number of targets reported over threshold]
# CPU time: 0.02u 0.00s 00:00:00.02 Elapsed: 00:00:00.02
# Mc/sec: 4388.84
//
Query:       TIGR00168  [M=165]
Accession:   TIGR00168
Description: infC: translation initiation factor IF-3
Scores for complete sequences (score includes all domains):
   --- full sequence ---   --- best 1 domain ---    -#dom-
    E-value  score  bias    E-value  score  bias    exp  N  Sequence          Description
    ------- ------ -----    ------- ------ -----   ---- --  --------          -----------
    4.3e-62  206.4   1.5    4.8e-62  206.2   1.5    1.0  1  NZ_CM147875.1_633  # 669036 # 669560 # 1 # ID=1_633;partial=00;start_type=ATG;rbs_motif=None;rbs_spacer=None;gc_cont=0.602


Domain annotation for each sequence:
>> NZ_CM147875.1_633  # 669036 # 669560 # 1 # ID=1_633;partial=00;start_type=ATG;rbs_motif=None;rbs_spacer=None;gc_cont=0.602
   #    score  bias  c-Evalue  i-Evalue hmmfrom  hmm to    alifrom  ali to    envfrom  env to     acc
 ---   ------ ----- --------- --------- ------- -------    ------- -------    ------- -------    ----
   1 !  206.2   1.5   1.2e-65   4.8e-62       2     163 ..      14     174 ..      13     174 .. 0.99



Internal pipeline statistics summary:
-------------------------------------
Query model(s):                            1  (165 nodes)
Target sequences:                       3884  (1189330 residues searched)
Passed MSV filter:                        77  (0.0198249); expected 77.7 (0.02)
Passed bias filter:                       71  (0.0182801); expected 77.7 (0.02)
Passed Vit filter:                         9  (0.0023172); expected 3.9 (0.001)
Passed Fwd filter:                         1  (0.000257467); expected 0.0 (1e-05)
Initial search space (Z):               3884  [actual number of targets]
Domain search space  (domZ):               1  [number of targets reported over threshold]
# CPU time: 0.01u 0.00s 00:00:00.01 Elapsed: 00:00:00.04
# Mc/sec: 4475.51
//
Query:       TIGR00186  [M=240]
Accession:   TIGR00186
Description: rRNA_methyl_3: RNA methyltransferase, TrmH family, group 3
Scores for complete sequences (score includes all domains):
   --- full sequence ---   --- best 1 domain ---    -#dom-
    E-value  score  bias    E-value  score  bias    exp  N  Sequence           Description
    ------- ------ -----    ------- ------ -----   ---- --  --------           -----------
    1.3e-51  173.1   0.0    1.6e-51  172.9   0.0    1.0  1  NZ_CM147875.1_3181  # 3239946 # 3240698 # 1 # ID=1_3181;partial=00;start_type=ATG;rbs_motif=GGA/GAG/AGG;rbs_spacer=5-10bp;gc_cont=0.616


Domain annotation for each sequence:
>> NZ_CM147875.1_3181  # 3239946 # 3240698 # 1 # ID=1_3181;partial=00;start_type=ATG;rbs_motif=GGA/GAG/AGG;rbs_spacer=5-10bp;gc_cont=0.616
   #    score  bias  c-Evalue  i-Evalue hmmfrom  hmm to    alifrom  ali to    envfrom  env to     acc
 ---   ------ ----- --------- --------- ------- -------    ------- -------    ------- -------    ----
   1 !  172.9   0.0   4.1e-55   1.6e-51       4     237 ..      20     246 ..      18     249 .. 0.90



Internal pipeline statistics summary:
-------------------------------------
Query model(s):                            1  (240 nodes)
Target sequences:                       3884  (1189330 residues searched)
Passed MSV filter:                        75  (0.01931); expected 77.7 (0.02)
Passed bias filter:                       70  (0.0180227); expected 77.7 (0.02)
Passed Vit filter:                         8  (0.00205973); expected 3.9 (0.001)
Passed Fwd filter:                         3  (0.0007724); expected 0.0 (1e-05)
Initial search space (Z):               3884  [actual number of targets]
Domain search space  (domZ):               1  [number of targets reported over threshold]
# CPU time: 0.03u 0.00s 00:00:00.03 Elapsed: 00:00:00.03
# Mc/sec: 8236.88
//
Query:       TIGR00194  [M=574]
Accession:   TIGR00194
Description: uvrC: excinuclease ABC subunit C
Scores for complete sequences (score includes all domains):
   --- full sequence ---   --- best 1 domain ---    -#dom-
    E-value  score  bias    E-value  score  bias    exp  N  Sequence           Description
    ------- ------ -----    ------- ------ -----   ---- --  --------           -----------
   1.3e-165  550.1   0.0   1.9e-165  549.5   0.0    1.2  1  NZ_CM147875.1_2179  # 2248852 # 2250765 # -1 # ID=1_2179;partial=00;start_type=ATG;rbs_motif=GGxGG;rbs_spacer=11-12bp;gc_cont=0.645


Domain annotation for each sequence:
>> NZ_CM147875.1_2179  # 2248852 # 2250765 # -1 # ID=1_2179;partial=00;start_type=ATG;rbs_motif=GGxGG;rbs_spacer=11-12bp;gc_cont=0.645
   #    score  bias  c-Evalue  i-Evalue hmmfrom  hmm to    alifrom  ali to    envfrom  env to     acc
 ---   ------ ----- --------- --------- ------- -------    ------- -------    ------- -------    ----
   1 !  549.5   0.0    5e-169  1.9e-165       3     573 ..      26     613 ..      24     614 .. 0.95



Internal pipeline statistics summary:
-------------------------------------
Query model(s):                            1  (574 nodes)
Target sequences:                       3884  (1189330 residues searched)
Passed MSV filter:                        70  (0.0180227); expected 77.7 (0.02)
Passed bias filter:                       63  (0.0162204); expected 77.7 (0.02)
Passed Vit filter:                         9  (0.0023172); expected 3.9 (0.001)
Passed Fwd filter:                         3  (0.0007724); expected 0.0 (1e-05)
Initial search space (Z):               3884  [actual number of targets]
Domain search space  (domZ):               1  [number of targets reported over threshold]
# CPU time: 0.04u 0.00s 00:00:00.04 Elapsed: 00:00:00.05
# Mc/sec: 11824.44
//
Query:       TIGR00250  [M=130]
Accession:   TIGR00250
Description: RNAse_H_YqgF: putative transcription antitermination factor YqgF
Scores for complete sequences (score includes all domains):
   --- full sequence ---   --- best 1 domain ---    -#dom-
    E-value  score  bias    E-value  score  bias    exp  N  Sequence           Description
    ------- ------ -----    ------- ------ -----   ---- --  --------           -----------
      4e-37  125.0   0.0    4.5e-37  124.8   0.0    1.0  1  NZ_CM147875.1_3096  # 3163743 # 3164189 # 1 # ID=1_3096;partial=00;start_type=TTG;rbs_motif=GGA/GAG/AGG;rbs_spacer=5-10bp;gc_cont=0.664


Domain annotation for each sequence:
>> NZ_CM147875.1_3096  # 3163743 # 3164189 # 1 # ID=1_3096;partial=00;start_type=TTG;rbs_motif=GGA/GAG/AGG;rbs_spacer=5-10bp;gc_cont=0.664
   #    score  bias  c-Evalue  i-Evalue hmmfrom  hmm to    alifrom  ali to    envfrom  env to     acc
 ---   ------ ----- --------- --------- ------- -------    ------- -------    ------- -------    ----
   1 !  124.8   0.0   1.2e-40   4.5e-37       1     130 []      14     143 ..      14     143 .. 0.99



Internal pipeline statistics summary:
-------------------------------------
Query model(s):                            1  (130 nodes)
Target sequences:                       3884  (1189330 residues searched)
Passed MSV filter:                       101  (0.0260041); expected 77.7 (0.02)
Passed bias filter:                       90  (0.023172); expected 77.7 (0.02)
Passed Vit filter:                         7  (0.00180227); expected 3.9 (0.001)
Passed Fwd filter:                         2  (0.000514933); expected 0.0 (1e-05)
Initial search space (Z):               3884  [actual number of targets]
Domain search space  (domZ):               1  [number of targets reported over threshold]
# CPU time: 0.02u 0.01s 00:00:00.03 Elapsed: 00:00:00.02
# Mc/sec: 6751.18
//
Query:       TIGR00279  [M=172]
Accession:   TIGR00279
Description: uL16_euk_arch: ribosomal protein uL16
Scores for complete sequences (score includes all domains):
   --- full sequence ---   --- best 1 domain ---    -#dom-
    E-value  score  bias    E-value  score  bias    exp  N  Sequence Description
    ------- ------ -----    ------- ------ -----   ---- --  -------- -----------

   [No hits detected that satisfy reporting thresholds]


Domain annotation for each sequence:

   [No targets detected that satisfy reporting thresholds]


Internal pipeline statistics summary:
-------------------------------------
Query model(s):                            1  (172 nodes)
Target sequences:                       3884  (1189330 residues searched)
Passed MSV filter:                        78  (0.0200824); expected 77.7 (0.02)
Passed bias filter:                       71  (0.0182801); expected 77.7 (0.02)
Passed Vit filter:                         6  (0.0015448); expected 3.9 (0.001)
Passed Fwd filter:                         1  (0.000257467); expected 0.0 (1e-05)
Initial search space (Z):               3884  [actual number of targets]
Domain search space  (domZ):               0  [number of targets reported over threshold]
# CPU time: 0.02u 0.00s 00:00:00.02 Elapsed: 00:00:00.01
# Mc/sec: 10873.84
//
Query:       TIGR00291  [M=231]
Accession:   TIGR00291
Description: RNA_SBDS: rRNA metabolism protein, SBDS family
Scores for complete sequences (score includes all domains):
   --- full sequence ---   --- best 1 domain ---    -#dom-
    E-value  score  bias    E-value  score  bias    exp  N  Sequence Description
    ------- ------ -----    ------- ------ -----   ---- --  -------- -----------

   [No hits detected that satisfy reporting thresholds]


Domain annotation for each sequence:

   [No targets detected that satisfy reporting thresholds]


Internal pipeline statistics summary:
-------------------------------------
Query model(s):                            1  (231 nodes)
Target sequences:                       3884  (1189330 residues searched)
Passed MSV filter:                        74  (0.0190525); expected 77.7 (0.02)
Passed bias filter:                       64  (0.0164779); expected 77.7 (0.02)
Passed Vit filter:                         5  (0.00128733); expected 3.9 (0.001)
Passed Fwd filter:                         0  (0); expected 0.0 (1e-05)
Initial search space (Z):               3884  [actual number of targets]
Domain search space  (domZ):               0  [number of targets reported over threshold]
# CPU time: 0.02u 0.00s 00:00:00.02 Elapsed: 00:00:00.02
# Mc/sec: 9189.55
//
Query:       TIGR00323  [M=215]
Accession:   TIGR00323
Description: eIF-6: putative translation initiation factor eIF-6
Scores for complete sequences (score includes all domains):
   --- full sequence ---   --- best 1 domain ---    -#dom-
    E-value  score  bias    E-value  score  bias    exp  N  Sequence Description
    ------- ------ -----    ------- ------ -----   ---- --  -------- -----------

   [No hits detected that satisfy reporting thresholds]


Domain annotation for each sequence:

   [No targets detected that satisfy reporting thresholds]


Internal pipeline statistics summary:
-------------------------------------
Query model(s):                            1  (215 nodes)
Target sequences:                       3884  (1189330 residues searched)
Passed MSV filter:                        82  (0.0211123); expected 77.7 (0.02)
Passed bias filter:                       61  (0.0157055); expected 77.7 (0.02)
Passed Vit filter:                         4  (0.00102987); expected 3.9 (0.001)
Passed Fwd filter:                         0  (0); expected 0.0 (1e-05)
Initial search space (Z):               3884  [actual number of targets]
Domain search space  (domZ):               0  [number of targets reported over threshold]
# CPU time: 0.02u 0.00s 00:00:00.02 Elapsed: 00:00:00.02
# Mc/sec: 9518.60
//
Query:       TIGR00335  [M=324]
Accession:   TIGR00335
Description: primase_sml: putative DNA primase, eukaryotic-type, small subunit
Scores for complete sequences (score includes all domains):
   --- full sequence ---   --- best 1 domain ---    -#dom-
    E-value  score  bias    E-value  score  bias    exp  N  Sequence Description
    ------- ------ -----    ------- ------ -----   ---- --  -------- -----------

   [No hits detected that satisfy reporting thresholds]


Domain annotation for each sequence:

   [No targets detected that satisfy reporting thresholds]


Internal pipeline statistics summary:
-------------------------------------
Query model(s):                            1  (324 nodes)
Target sequences:                       3884  (1189330 residues searched)
Passed MSV filter:                        51  (0.0131308); expected 77.7 (0.02)
Passed bias filter:                       47  (0.0121009); expected 77.7 (0.02)
Passed Vit filter:                         3  (0.0007724); expected 3.9 (0.001)
Passed Fwd filter:                         0  (0); expected 0.0 (1e-05)
Initial search space (Z):               3884  [actual number of targets]
Domain search space  (domZ):               0  [number of targets reported over threshold]
# CPU time: 0.03u 0.00s 00:00:00.03 Elapsed: 00:00:00.02
# Mc/sec: 13065.81
//
Query:       TIGR00337  [M=526]
Accession:   TIGR00337
Description: PyrG: CTP synthase
Scores for complete sequences (score includes all domains):
   --- full sequence ---   --- best 1 domain ---    -#dom-
    E-value  score  bias    E-value  score  bias    exp  N  Sequence           Description
    ------- ------ -----    ------- ------ -----   ---- --  --------           -----------
   1.7e-223  740.7   0.0   1.9e-223  740.5   0.0    1.0  1  NZ_CM147875.1_2842  # 2912421 # 2914049 # 1 # ID=1_2842;partial=00;start_type=ATG;rbs_motif=GGA/GAG/AGG;rbs_spacer=5-10bp;gc_cont=0.643


Domain annotation for each sequence:
>> NZ_CM147875.1_2842  # 2912421 # 2914049 # 1 # ID=1_2842;partial=00;start_type=ATG;rbs_motif=GGA/GAG/AGG;rbs_spacer=5-10bp;gc_cont=0.643
   #    score  bias  c-Evalue  i-Evalue hmmfrom  hmm to    alifrom  ali to    envfrom  env to     acc
 ---   ------ ----- --------- --------- ------- -------    ------- -------    ------- -------    ----
   1 !  740.5   0.0    5e-227  1.9e-223       3     526 .]       2     534 ..       1     534 [. 0.99



Internal pipeline statistics summary:
-------------------------------------
Query model(s):                            1  (526 nodes)
Target sequences:                       3884  (1189330 residues searched)
Passed MSV filter:                       121  (0.0311535); expected 77.7 (0.02)
Passed bias filter:                      117  (0.0301236); expected 77.7 (0.02)
Passed Vit filter:                        18  (0.0046344); expected 3.9 (0.001)
Passed Fwd filter:                         3  (0.0007724); expected 0.0 (1e-05)
Initial search space (Z):               3884  [actual number of targets]
Domain search space  (domZ):               1  [number of targets reported over threshold]
# CPU time: 0.06u 0.00s 00:00:00.06 Elapsed: 00:00:00.08
# Mc/sec: 7411.80
//
Query:       TIGR00344  [M=847]
Accession:   TIGR00344
Description: alaS: alanine--tRNA ligase
Scores for complete sequences (score includes all domains):
   --- full sequence ---   --- best 1 domain ---    -#dom-
    E-value  score  bias    E-value  score  bias    exp  N  Sequence           Description
    ------- ------ -----    ------- ------ -----   ---- --  --------           -----------
   4.4e-289  959.2   0.0     5e-289  959.0   0.0    1.0  1  NZ_CM147875.1_2621  # 2683608 # 2686259 # 1 # ID=1_2621;partial=00;start_type=ATG;rbs_motif=GGA/GAG/AGG;rbs_spacer=5-10bp;gc_cont=0.650


Domain annotation for each sequence:
>> NZ_CM147875.1_2621  # 2683608 # 2686259 # 1 # ID=1_2621;partial=00;start_type=ATG;rbs_motif=GGA/GAG/AGG;rbs_spacer=5-10bp;gc_cont=0.650
   #    score  bias  c-Evalue  i-Evalue hmmfrom  hmm to    alifrom  ali to    envfrom  env to     acc
 ---   ------ ----- --------- --------- ------- -------    ------- -------    ------- -------    ----
   1 !  959.0   0.0  1.3e-292    5e-289       1     847 []       7     866 ..       7     866 .. 0.96



Internal pipeline statistics summary:
-------------------------------------
Query model(s):                            1  (847 nodes)
Target sequences:                       3884  (1189330 residues searched)
Passed MSV filter:                        85  (0.0218847); expected 77.7 (0.02)
Passed bias filter:                       71  (0.0182801); expected 77.7 (0.02)
Passed Vit filter:                         7  (0.00180227); expected 3.9 (0.001)
Passed Fwd filter:                         2  (0.000514933); expected 0.0 (1e-05)
Initial search space (Z):               3884  [actual number of targets]
Domain search space  (domZ):               1  [number of targets reported over threshold]
# CPU time: 0.08u 0.02s 00:00:00.10 Elapsed: 00:00:00.10
# Mc/sec: 9608.19
//
Query:       TIGR00362  [M=437]
Accession:   TIGR00362
Description: DnaA: chromosomal replication initiator protein DnaA
Scores for complete sequences (score includes all domains):
   --- full sequence ---   --- best 1 domain ---    -#dom-
    E-value  score  bias    E-value  score  bias    exp  N  Sequence          Description
    ------- ------ -----    ------- ------ -----   ---- --  --------          -----------
   1.2e-133  444.1   0.0   1.4e-133  443.9   0.0    1.0  1  NZ_CM147875.1_868  # 906121 # 907569 # 1 # ID=1_868;partial=00;start_type=ATG;rbs_motif=AGGA;rbs_spacer=5-10bp;gc_cont=0.660


Domain annotation for each sequence:
>> NZ_CM147875.1_868  # 906121 # 907569 # 1 # ID=1_868;partial=00;start_type=ATG;rbs_motif=AGGA;rbs_spacer=5-10bp;gc_cont=0.660
   #    score  bias  c-Evalue  i-Evalue hmmfrom  hmm to    alifrom  ali to    envfrom  env to     acc
 ---   ------ ----- --------- --------- ------- -------    ------- -------    ------- -------    ----
   1 !  443.9   0.0  3.6e-137  1.4e-133       3     437 .]      18     480 ..      16     480 .. 0.90



Internal pipeline statistics summary:
-------------------------------------
Query model(s):                            1  (437 nodes)
Target sequences:                       3884  (1189330 residues searched)
Passed MSV filter:                       134  (0.0345005); expected 77.7 (0.02)
Passed bias filter:                      123  (0.0316684); expected 77.7 (0.02)
Passed Vit filter:                        28  (0.00720906); expected 3.9 (0.001)
Passed Fwd filter:                         5  (0.00128733); expected 0.0 (1e-05)
Initial search space (Z):               3884  [actual number of targets]
Domain search space  (domZ):               1  [number of targets reported over threshold]
# CPU time: 0.06u 0.01s 00:00:00.06 Elapsed: 00:00:00.06
# Mc/sec: 7500.21
//
Query:       TIGR00373  [M=162]
Accession:   TIGR00373
Description: TIGR00373: transcription factor E
Scores for complete sequences (score includes all domains):
   --- full sequence ---   --- best 1 domain ---    -#dom-
    E-value  score  bias    E-value  score  bias    exp  N  Sequence Description
    ------- ------ -----    ------- ------ -----   ---- --  -------- -----------

   [No hits detected that satisfy reporting thresholds]


Domain annotation for each sequence:

   [No targets detected that satisfy reporting thresholds]


Internal pipeline statistics summary:
-------------------------------------
Query model(s):                            1  (162 nodes)
Target sequences:                       3884  (1189330 residues searched)
Passed MSV filter:                        95  (0.0244593); expected 77.7 (0.02)
Passed bias filter:                       89  (0.0229145); expected 77.7 (0.02)
Passed Vit filter:                        12  (0.0030896); expected 3.9 (0.001)
Passed Fwd filter:                         0  (0); expected 0.0 (1e-05)
Initial search space (Z):               3884  [actual number of targets]
Domain search space  (domZ):               0  [number of targets reported over threshold]
# CPU time: 0.01u 0.00s 00:00:00.01 Elapsed: 00:00:00.02
# Mc/sec: 7471.13
//
Query:       TIGR00382  [M=414]
Accession:   TIGR00382
Description: clpX: ATP-dependent Clp protease, ATP-binding subunit ClpX
Scores for complete sequences (score includes all domains):
   --- full sequence ---   --- best 1 domain ---    -#dom-
    E-value  score  bias    E-value  score  bias    exp  N  Sequence           Description
    ------- ------ -----    ------- ------ -----   ---- --  --------           -----------
   3.8e-201  666.2   0.2   4.7e-201  665.9   0.2    1.0  1  NZ_CM147875.1_2981  # 3052611 # 3053888 # -1 # ID=1_2981;partial=00;start_type=ATG;rbs_motif=GGAG/GAGG;rbs_spacer=5-10bp;gc_cont=0.613
    1.4e-54  183.4   1.9    1.6e-23   81.1   0.0    3.3  0  NZ_CM147875.1_994   # 1025873 # 1027174 # 1 # ID=1_994;partial=00;start_type=ATG;rbs_motif=AGGA;rbs_spacer=5-10bp;gc_cont=0.655


Domain annotation for each sequence:
>> NZ_CM147875.1_2981  # 3052611 # 3053888 # -1 # ID=1_2981;partial=00;start_type=ATG;rbs_motif=GGAG/GAGG;rbs_spacer=5-10bp;gc_cont=0.613
   #    score  bias  c-Evalue  i-Evalue hmmfrom  hmm to    alifrom  ali to    envfrom  env to     acc
 ---   ------ ----- --------- --------- ------- -------    ------- -------    ------- -------    ----
   1 !  665.9   0.2  2.4e-204  4.7e-201       5     411 ..      11     408 ..       7     411 .. 0.96

>> NZ_CM147875.1_994  # 1025873 # 1027174 # 1 # ID=1_994;partial=00;start_type=ATG;rbs_motif=AGGA;rbs_spacer=5-10bp;gc_cont=0.655
   [No individual domains that satisfy reporting thresholds (although complete target did)]



Internal pipeline statistics summary:
-------------------------------------
Query model(s):                            1  (414 nodes)
Target sequences:                       3884  (1189330 residues searched)
Passed MSV filter:                       189  (0.0486612); expected 77.7 (0.02)
Passed bias filter:                      184  (0.0473738); expected 77.7 (0.02)
Passed Vit filter:                        50  (0.0128733); expected 3.9 (0.001)
Passed Fwd filter:                        12  (0.0030896); expected 0.0 (1e-05)
Initial search space (Z):               3884  [actual number of targets]
Domain search space  (domZ):               2  [number of targets reported over threshold]
# CPU time: 0.09u 0.00s 00:00:00.09 Elapsed: 00:00:00.09
# Mc/sec: 4952.82
//
Query:       TIGR00392  [M=861]
Accession:   TIGR00392
Description: ileS: isoleucine--tRNA ligase
Scores for complete sequences (score includes all domains):
   --- full sequence ---   --- best 1 domain ---    -#dom-
    E-value  score  bias    E-value  score  bias    exp  N  Sequence           Description
    ------- ------ -----    ------- ------ -----   ---- --  --------           -----------
   2.4e-246  817.8   0.0   2.9e-246  817.5   0.0    1.0  1  NZ_CM147875.1_3861  # 3931951 # 3934899 # -1 # ID=1_3861;partial=00;start_type=ATG;rbs_motif=GGA/GAG/AGG;rbs_spacer=5-10bp;gc_cont=0.640


Domain annotation for each sequence:
>> NZ_CM147875.1_3861  # 3931951 # 3934899 # -1 # ID=1_3861;partial=00;start_type=ATG;rbs_motif=GGA/GAG/AGG;rbs_spacer=5-10bp;gc_cont=0.640
   #    score  bias  c-Evalue  i-Evalue hmmfrom  hmm to    alifrom  ali to    envfrom  env to     acc
 ---   ------ ----- --------- --------- ------- -------    ------- -------    ------- -------    ----
   1 !  817.5   0.0  7.6e-250  2.9e-246       1     856 [.      23     887 ..      23     891 .. 0.93



Internal pipeline statistics summary:
-------------------------------------
Query model(s):                            1  (861 nodes)
Target sequences:                       3884  (1189330 residues searched)
Passed MSV filter:                        67  (0.0172503); expected 77.7 (0.02)
Passed bias filter:                       61  (0.0157055); expected 77.7 (0.02)
Passed Vit filter:                        13  (0.00334706); expected 3.9 (0.001)
Passed Fwd filter:                         7  (0.00180227); expected 0.0 (1e-05)
Initial search space (Z):               3884  [actual number of targets]
Domain search space  (domZ):               1  [number of targets reported over threshold]
# CPU time: 0.13u 0.02s 00:00:00.15 Elapsed: 00:00:00.14
# Mc/sec: 7115.62
//
Query:       TIGR00396  [M=843]
Accession:   TIGR00396
Description: leuS_bact: leucine--tRNA ligase
Scores for complete sequences (score includes all domains):
   --- full sequence ---   --- best 1 domain ---    -#dom-
    E-value  score  bias    E-value  score  bias    exp  N  Sequence           Description
    ------- ------ -----    ------- ------ -----   ---- --  --------           -----------
   6.5e-297  984.9   0.0   7.4e-297  984.7   0.0    1.0  1  NZ_CM147875.1_1017  # 1046164 # 1048779 # -1 # ID=1_1017;partial=00;start_type=GTG;rbs_motif=GGA/GAG/AGG;rbs_spacer=5-10bp;gc_cont=0.645


Domain annotation for each sequence:
>> NZ_CM147875.1_1017  # 1046164 # 1048779 # -1 # ID=1_1017;partial=00;start_type=GTG;rbs_motif=GGA/GAG/AGG;rbs_spacer=5-10bp;gc_cont=0.645
   #    score  bias  c-Evalue  i-Evalue hmmfrom  hmm to    alifrom  ali to    envfrom  env to     acc
 ---   ------ ----- --------- --------- ------- -------    ------- -------    ------- -------    ----
   1 !  984.7   0.0  1.9e-300  7.4e-297       5     842 ..      12     871 ..       8     871 .. 0.94



Internal pipeline statistics summary:
-------------------------------------
Query model(s):                            1  (843 nodes)
Target sequences:                       3884  (1189330 residues searched)
Passed MSV filter:                        74  (0.0190525); expected 77.7 (0.02)
Passed bias filter:                       73  (0.0187951); expected 77.7 (0.02)
Passed Vit filter:                         9  (0.0023172); expected 3.9 (0.001)
Passed Fwd filter:                         5  (0.00128733); expected 0.0 (1e-05)
Initial search space (Z):               3884  [actual number of targets]
Domain search space  (domZ):               1  [number of targets reported over threshold]
# CPU time: 0.13u 0.00s 00:00:00.13 Elapsed: 00:00:00.13
# Mc/sec: 7555.44
//
Query:       TIGR00398  [M=530]
Accession:   TIGR00398
Description: metG: methionine--tRNA ligase
Scores for complete sequences (score includes all domains):
   --- full sequence ---   --- best 1 domain ---    -#dom-
    E-value  score  bias    E-value  score  bias    exp  N  Sequence           Description
    ------- ------ -----    ------- ------ -----   ---- --  --------           -----------
   4.8e-152  505.1   0.0   1.1e-150  500.6   0.0    2.0  1  NZ_CM147875.1_2875  # 2943675 # 2945225 # -1 # ID=1_2875;partial=00;start_type=ATG;rbs_motif=GGA/GAG/AGG;rbs_spacer=5-10bp;gc_cont=0.638


Domain annotation for each sequence:
>> NZ_CM147875.1_2875  # 2943675 # 2945225 # -1 # ID=1_2875;partial=00;start_type=ATG;rbs_motif=GGA/GAG/AGG;rbs_spacer=5-10bp;gc_cont=0.638
   #    score  bias  c-Evalue  i-Evalue hmmfrom  hmm to    alifrom  ali to    envfrom  env to     acc
 ---   ------ ----- --------- --------- ------- -------    ------- -------    ------- -------    ----
   1 !  500.6   0.0  2.9e-154  1.1e-150       1     511 [.       6     492 ..       6     511 .. 0.93



Internal pipeline statistics summary:
-------------------------------------
Query model(s):                            1  (530 nodes)
Target sequences:                       3884  (1189330 residues searched)
Passed MSV filter:                        56  (0.0144181); expected 77.7 (0.02)
Passed bias filter:                       55  (0.0141607); expected 77.7 (0.02)
Passed Vit filter:                        15  (0.003862); expected 3.9 (0.001)
Passed Fwd filter:                         7  (0.00180227); expected 0.0 (1e-05)
Initial search space (Z):               3884  [actual number of targets]
Domain search space  (domZ):               1  [number of targets reported over threshold]
# CPU time: 0.08u 0.01s 00:00:00.09 Elapsed: 00:00:00.09
# Mc/sec: 6440.23
//
Query:       TIGR00405  [M=145]
Accession:   TIGR00405
Description: KOW_elon_Spt5: transcription elongation factor Spt5
Scores for complete sequences (score includes all domains):
   --- full sequence ---   --- best 1 domain ---    -#dom-
    E-value  score  bias    E-value  score  bias    exp  N  Sequence Description
    ------- ------ -----    ------- ------ -----   ---- --  -------- -----------

   [No hits detected that satisfy reporting thresholds]


Domain annotation for each sequence:

   [No targets detected that satisfy reporting thresholds]


Internal pipeline statistics summary:
-------------------------------------
Query model(s):                            1  (145 nodes)
Target sequences:                       3884  (1189330 residues searched)
Passed MSV filter:                        91  (0.0234295); expected 77.7 (0.02)
Passed bias filter:                       76  (0.0195675); expected 77.7 (0.02)
Passed Vit filter:                         5  (0.00128733); expected 3.9 (0.001)
Passed Fwd filter:                         1  (0.000257467); expected 0.0 (1e-05)
Initial search space (Z):               3884  [actual number of targets]
Domain search space  (domZ):               0  [number of targets reported over threshold]
# CPU time: 0.02u 0.00s 00:00:00.02 Elapsed: 00:00:00.01
# Mc/sec: 10595.52
//
Query:       TIGR00414  [M=418]
Accession:   TIGR00414
Description: serS: serine--tRNA ligase
Scores for complete sequences (score includes all domains):
   --- full sequence ---   --- best 1 domain ---    -#dom-
    E-value  score  bias    E-value  score  bias    exp  N  Sequence           Description
    ------- ------ -----    ------- ------ -----   ---- --  --------           -----------
   7.1e-151  500.7   0.0     8e-151  500.5   0.0    1.0  1  NZ_CM147875.1_2785  # 2837936 # 2839261 # 1 # ID=1_2785;partial=00;start_type=ATG;rbs_motif=GGA/GAG/AGG;rbs_spacer=5-10bp;gc_cont=0.650


Domain annotation for each sequence:
>> NZ_CM147875.1_2785  # 2837936 # 2839261 # 1 # ID=1_2785;partial=00;start_type=ATG;rbs_motif=GGA/GAG/AGG;rbs_spacer=5-10bp;gc_cont=0.650
   #    score  bias  c-Evalue  i-Evalue hmmfrom  hmm to    alifrom  ali to    envfrom  env to     acc
 ---   ------ ----- --------- --------- ------- -------    ------- -------    ------- -------    ----
   1 !  500.5   0.0  2.1e-154    8e-151       1     418 []       1     431 [.       1     431 [. 0.97



Internal pipeline statistics summary:
-------------------------------------
Query model(s):                            1  (418 nodes)
Target sequences:                       3884  (1189330 residues searched)
Passed MSV filter:                       101  (0.0260041); expected 77.7 (0.02)
Passed bias filter:                       87  (0.0223996); expected 77.7 (0.02)
Passed Vit filter:                        16  (0.00411946); expected 3.9 (0.001)
Passed Fwd filter:                         3  (0.0007724); expected 0.0 (1e-05)
Initial search space (Z):               3884  [actual number of targets]
Domain search space  (domZ):               1  [number of targets reported over threshold]
# CPU time: 0.05u 0.00s 00:00:00.05 Elapsed: 00:00:00.05
# Mc/sec: 8589.74
//
Query:       TIGR00416  [M=454]
Accession:   TIGR00416
Description: sms: DNA repair protein RadA
Scores for complete sequences (score includes all domains):
   --- full sequence ---   --- best 1 domain ---    -#dom-
    E-value  score  bias    E-value  score  bias    exp  N  Sequence           Description
    ------- ------ -----    ------- ------ -----   ---- --  --------           -----------
   1.8e-167  555.5   0.1     2e-167  555.3   0.1    1.0  1  NZ_CM147875.1_3367  # 3433693 # 3435087 # 1 # ID=1_3367;partial=00;start_type=GTG;rbs_motif=GGAG/GAGG;rbs_spacer=5-10bp;gc_cont=0.677


Domain annotation for each sequence:
>> NZ_CM147875.1_3367  # 3433693 # 3435087 # 1 # ID=1_3367;partial=00;start_type=GTG;rbs_motif=GGAG/GAGG;rbs_spacer=5-10bp;gc_cont=0.677
   #    score  bias  c-Evalue  i-Evalue hmmfrom  hmm to    alifrom  ali to    envfrom  env to     acc
 ---   ------ ----- --------- --------- ------- -------    ------- -------    ------- -------    ----
   1 !  555.3   0.1  5.1e-171    2e-167       1     452 [.       1     447 [.       1     449 [. 0.95



Internal pipeline statistics summary:
-------------------------------------
Query model(s):                            1  (454 nodes)
Target sequences:                       3884  (1189330 residues searched)
Passed MSV filter:                       181  (0.0466014); expected 77.7 (0.02)
Passed bias filter:                      165  (0.042482); expected 77.7 (0.02)
Passed Vit filter:                        53  (0.0136457); expected 3.9 (0.001)
Passed Fwd filter:                         7  (0.00180227); expected 0.0 (1e-05)
Initial search space (Z):               3884  [actual number of targets]
Domain search space  (domZ):               1  [number of targets reported over threshold]
# CPU time: 0.08u 0.00s 00:00:00.08 Elapsed: 00:00:00.07
# Mc/sec: 7198.90
//
Query:       TIGR00420  [M=351]
Accession:   TIGR00420
Description: trmU: tRNA (5-methylaminomethyl-2-thiouridylate)-methyltransferase
Scores for complete sequences (score includes all domains):
   --- full sequence ---   --- best 1 domain ---    -#dom-
    E-value  score  bias    E-value  score  bias    exp  N  Sequence           Description
    ------- ------ -----    ------- ------ -----   ---- --  --------           -----------
   1.3e-100  334.4   0.0   1.5e-100  334.2   0.0    1.0  1  NZ_CM147875.1_1895  # 1955671 # 1956822 # 1 # ID=1_1895;partial=00;start_type=ATG;rbs_motif=GGA/GAG/AGG;rbs_spacer=5-10bp;gc_cont=0.655


Domain annotation for each sequence:
>> NZ_CM147875.1_1895  # 1955671 # 1956822 # 1 # ID=1_1895;partial=00;start_type=ATG;rbs_motif=GGA/GAG/AGG;rbs_spacer=5-10bp;gc_cont=0.655
   #    score  bias  c-Evalue  i-Evalue hmmfrom  hmm to    alifrom  ali to    envfrom  env to     acc
 ---   ------ ----- --------- --------- ------- -------    ------- -------    ------- -------    ----
   1 !  334.2   0.0  3.9e-104  1.5e-100       2     351 .]      16     373 ..      15     373 .. 0.94



Internal pipeline statistics summary:
-------------------------------------
Query model(s):                            1  (351 nodes)
Target sequences:                       3884  (1189330 residues searched)
Passed MSV filter:                        41  (0.0105561); expected 77.7 (0.02)
Passed bias filter:                       40  (0.0102987); expected 77.7 (0.02)
Passed Vit filter:                         9  (0.0023172); expected 3.9 (0.001)
Passed Fwd filter:                         3  (0.0007724); expected 0.0 (1e-05)
Initial search space (Z):               3884  [actual number of targets]
Domain search space  (domZ):               1  [number of targets reported over threshold]
# CPU time: 0.03u 0.00s 00:00:00.03 Elapsed: 00:00:00.03
# Mc/sec: 10788.71
//
Query:       TIGR00431  [M=210]
Accession:   TIGR00431
Description: TruB: tRNA pseudouridine(55) synthase
Scores for complete sequences (score includes all domains):
   --- full sequence ---   --- best 1 domain ---    -#dom-
    E-value  score  bias    E-value  score  bias    exp  N  Sequence          Description
    ------- ------ -----    ------- ------ -----   ---- --  --------          -----------
    3.5e-66  220.7   0.0    4.1e-66  220.4   0.0    1.0  1  NZ_CM147875.1_836  # 873898 # 874791 # 1 # ID=1_836;partial=00;start_type=TTG;rbs_motif=GGA/GAG/AGG;rbs_spacer=5-10bp;gc_cont=0.677


Domain annotation for each sequence:
>> NZ_CM147875.1_836  # 873898 # 874791 # 1 # ID=1_836;partial=00;start_type=TTG;rbs_motif=GGA/GAG/AGG;rbs_spacer=5-10bp;gc_cont=0.677
   #    score  bias  c-Evalue  i-Evalue hmmfrom  hmm to    alifrom  ali to    envfrom  env to     acc
 ---   ------ ----- --------- --------- ------- -------    ------- -------    ------- -------    ----
   1 !  220.4   0.0   1.1e-69   4.1e-66       2     210 .]      11     218 ..      10     218 .. 0.98



Internal pipeline statistics summary:
-------------------------------------
Query model(s):                            1  (210 nodes)
Target sequences:                       3884  (1189330 residues searched)
Passed MSV filter:                        80  (0.0205973); expected 77.7 (0.02)
Passed bias filter:                       72  (0.0185376); expected 77.7 (0.02)
Passed Vit filter:                         7  (0.00180227); expected 3.9 (0.001)
Passed Fwd filter:                         1  (0.000257467); expected 0.0 (1e-05)
Initial search space (Z):               3884  [actual number of targets]
Domain search space  (domZ):               1  [number of targets reported over threshold]
# CPU time: 0.02u 0.00s 00:00:00.02 Elapsed: 00:00:00.03
# Mc/sec: 7515.08
//
Query:       TIGR00435  [M=466]
Accession:   TIGR00435
Description: cysS: cysteine--tRNA ligase
Scores for complete sequences (score includes all domains):
   --- full sequence ---   --- best 1 domain ---    -#dom-
    E-value  score  bias    E-value  score  bias    exp  N  Sequence           Description
    ------- ------ -----    ------- ------ -----   ---- --  --------           -----------
   1.7e-135  450.4   0.0   2.4e-135  449.9   0.0    1.1  1  NZ_CM147875.1_3488  # 3564656 # 3566065 # -1 # ID=1_3488;partial=00;start_type=ATG;rbs_motif=GGA/GAG/AGG;rbs_spacer=5-10bp;gc_cont=0.641


Domain annotation for each sequence:
>> NZ_CM147875.1_3488  # 3564656 # 3566065 # -1 # ID=1_3488;partial=00;start_type=ATG;rbs_motif=GGA/GAG/AGG;rbs_spacer=5-10bp;gc_cont=0.641
   #    score  bias  c-Evalue  i-Evalue hmmfrom  hmm to    alifrom  ali to    envfrom  env to     acc
 ---   ------ ----- --------- --------- ------- -------    ------- -------    ------- -------    ----
   1 !  449.9   0.0  6.2e-139  2.4e-135       1     459 [.       5     456 ..       5     465 .. 0.90



Internal pipeline statistics summary:
-------------------------------------
Query model(s):                            1  (466 nodes)
Target sequences:                       3884  (1189330 residues searched)
Passed MSV filter:                        69  (0.0177652); expected 77.7 (0.02)
Passed bias filter:                       63  (0.0162204); expected 77.7 (0.02)
Passed Vit filter:                        14  (0.00360453); expected 3.9 (0.001)
Passed Fwd filter:                         6  (0.0015448); expected 0.0 (1e-05)
Initial search space (Z):               3884  [actual number of targets]
Domain search space  (domZ):               1  [number of targets reported over threshold]
# CPU time: 0.06u 0.00s 00:00:00.06 Elapsed: 00:00:00.08
# Mc/sec: 6833.41
//
Query:       TIGR00436  [M=270]
Accession:   TIGR00436
Description: era: GTP-binding protein Era
Scores for complete sequences (score includes all domains):
   --- full sequence ---   --- best 1 domain ---    -#dom-
    E-value  score  bias    E-value  score  bias    exp  N  Sequence           Description
    ------- ------ -----    ------- ------ -----   ---- --  --------           -----------
    5.8e-73  243.3   0.0    6.5e-73  243.1   0.0    1.0  1  NZ_CM147875.1_3243  # 3304608 # 3305537 # -1 # ID=1_3243;partial=00;start_type=TTG;rbs_motif=GGA/GAG/AGG;rbs_spacer=5-10bp;gc_cont=0.617
    2.6e-36  123.1   0.0    2.2e-17   61.1   0.0    2.1  0  NZ_CM147875.1_3372  # 3440327 # 3441754 # -1 # ID=1_3372;partial=00;start_type=ATG;rbs_motif=GGA/GAG/AGG;rbs_spacer=5-10bp;gc_cont=0.660


Domain annotation for each sequence:
>> NZ_CM147875.1_3243  # 3304608 # 3305537 # -1 # ID=1_3243;partial=00;start_type=TTG;rbs_motif=GGA/GAG/AGG;rbs_spacer=5-10bp;gc_cont=0.617
   #    score  bias  c-Evalue  i-Evalue hmmfrom  hmm to    alifrom  ali to    envfrom  env to     acc
 ---   ------ ----- --------- --------- ------- -------    ------- -------    ------- -------    ----
   1 !  243.1   0.0   3.4e-76   6.5e-73       1     270 []      18     288 ..      18     288 .. 0.99

>> NZ_CM147875.1_3372  # 3440327 # 3441754 # -1 # ID=1_3372;partial=00;start_type=ATG;rbs_motif=GGA/GAG/AGG;rbs_spacer=5-10bp;gc_cont=0.660
   [No individual domains that satisfy reporting thresholds (although complete target did)]



Internal pipeline statistics summary:
-------------------------------------
Query model(s):                            1  (270 nodes)
Target sequences:                       3884  (1189330 residues searched)
Passed MSV filter:                       186  (0.0478888); expected 77.7 (0.02)
Passed bias filter:                      181  (0.0466014); expected 77.7 (0.02)
Passed Vit filter:                        96  (0.0247168); expected 3.9 (0.001)
Passed Fwd filter:                        16  (0.00411946); expected 0.0 (1e-05)
Initial search space (Z):               3884  [actual number of targets]
Domain search space  (domZ):               2  [number of targets reported over threshold]
# CPU time: 0.05u 0.00s 00:00:00.05 Elapsed: 00:00:00.05
# Mc/sec: 6132.38
//
Query:       TIGR00442  [M=406]
Accession:   TIGR00442
Description: hisS: histidine--tRNA ligase
Scores for complete sequences (score includes all domains):
   --- full sequence ---   --- best 1 domain ---    -#dom-
    E-value  score  bias    E-value  score  bias    exp  N  Sequence           Description
    ------- ------ -----    ------- ------ -----   ---- --  --------           -----------
     3e-114  379.9   0.0   3.6e-114  379.7   0.0    1.0  1  NZ_CM147875.1_3876  # 3948674 # 3950179 # -1 # ID=1_3876;partial=00;start_type=ATG;rbs_motif=GGA/GAG/AGG;rbs_spacer=5-10bp;gc_cont=0.647


Domain annotation for each sequence:
>> NZ_CM147875.1_3876  # 3948674 # 3950179 # -1 # ID=1_3876;partial=00;start_type=ATG;rbs_motif=GGA/GAG/AGG;rbs_spacer=5-10bp;gc_cont=0.647
   #    score  bias  c-Evalue  i-Evalue hmmfrom  hmm to    alifrom  ali to    envfrom  env to     acc
 ---   ------ ----- --------- --------- ------- -------    ------- -------    ------- -------    ----
   1 !  379.7   0.0  9.2e-118  3.6e-114       2     403 ..      12     459 ..      11     462 .. 0.92



Internal pipeline statistics summary:
-------------------------------------
Query model(s):                            1  (406 nodes)
Target sequences:                       3884  (1189330 residues searched)
Passed MSV filter:                        91  (0.0234295); expected 77.7 (0.02)
Passed bias filter:                       80  (0.0205973); expected 77.7 (0.02)
Passed Vit filter:                        13  (0.00334706); expected 3.9 (0.001)
Passed Fwd filter:                         6  (0.0015448); expected 0.0 (1e-05)
Initial search space (Z):               3884  [actual number of targets]
Domain search space  (domZ):               1  [number of targets reported over threshold]
# CPU time: 0.05u 0.00s 00:00:00.05 Elapsed: 00:00:00.04
# Mc/sec: 10377.63
//
Query:       TIGR00445  [M=321]
Accession:   TIGR00445
Description: mraY: phospho-N-acetylmuramoyl-pentapeptide-transferase
Scores for complete sequences (score includes all domains):
   --- full sequence ---   --- best 1 domain ---    -#dom-
    E-value  score  bias    E-value  score  bias    exp  N  Sequence           Description
    ------- ------ -----    ------- ------ -----   ---- --  --------           -----------
   1.6e-122  406.7  12.5   1.9e-122  406.5  12.5    1.0  1  NZ_CM147875.1_2446  # 2507486 # 2508571 # 1 # ID=1_2446;partial=00;start_type=ATG;rbs_motif=GGA/GAG/AGG;rbs_spacer=11-12bp;gc_cont=0.629


Domain annotation for each sequence:
>> NZ_CM147875.1_2446  # 2507486 # 2508571 # 1 # ID=1_2446;partial=00;start_type=ATG;rbs_motif=GGA/GAG/AGG;rbs_spacer=11-12bp;gc_cont=0.629
   #    score  bias  c-Evalue  i-Evalue hmmfrom  hmm to    alifrom  ali to    envfrom  env to     acc
 ---   ------ ----- --------- --------- ------- -------    ------- -------    ------- -------    ----
   1 !  406.5  12.5  4.9e-126  1.9e-122       3     321 .]      38     361 ..      36     361 .. 0.96



Internal pipeline statistics summary:
-------------------------------------
Query model(s):                            1  (321 nodes)
Target sequences:                       3884  (1189330 residues searched)
Passed MSV filter:                       165  (0.042482); expected 77.7 (0.02)
Passed bias filter:                       55  (0.0141607); expected 77.7 (0.02)
Passed Vit filter:                         3  (0.0007724); expected 3.9 (0.001)
Passed Fwd filter:                         2  (0.000514933); expected 0.0 (1e-05)
Initial search space (Z):               3884  [actual number of targets]
Domain search space  (domZ):               1  [number of targets reported over threshold]
# CPU time: 0.04u 0.00s 00:00:00.04 Elapsed: 00:00:00.03
# Mc/sec: 10573.57
//
Query:       TIGR00448  [M=179]
Accession:   TIGR00448
Description: rpoE: DNA-directed RNA polymerase
Scores for complete sequences (score includes all domains):
   --- full sequence ---   --- best 1 domain ---    -#dom-
    E-value  score  bias    E-value  score  bias    exp  N  Sequence Description
    ------- ------ -----    ------- ------ -----   ---- --  -------- -----------

   [No hits detected that satisfy reporting thresholds]


Domain annotation for each sequence:

   [No targets detected that satisfy reporting thresholds]


Internal pipeline statistics summary:
-------------------------------------
Query model(s):                            1  (179 nodes)
Target sequences:                       3884  (1189330 residues searched)
Passed MSV filter:                        82  (0.0211123); expected 77.7 (0.02)
Passed bias filter:                       76  (0.0195675); expected 77.7 (0.02)
Passed Vit filter:                         5  (0.00128733); expected 3.9 (0.001)
Passed Fwd filter:                         2  (0.000514933); expected 0.0 (1e-05)
Initial search space (Z):               3884  [actual number of targets]
Domain search space  (domZ):               0  [number of targets reported over threshold]
# CPU time: 0.03u 0.00s 00:00:00.03 Elapsed: 00:00:00.04
# Mc/sec: 5238.20
//
Query:       TIGR00456  [M=569]
Accession:   TIGR00456
Description: argS: arginine--tRNA ligase
Scores for complete sequences (score includes all domains):
   --- full sequence ---   --- best 1 domain ---    -#dom-
    E-value  score  bias    E-value  score  bias    exp  N  Sequence           Description
    ------- ------ -----    ------- ------ -----   ---- --  --------           -----------
   3.7e-110  366.6   0.0   1.2e-109  365.0   0.0    1.6  1  NZ_CM147875.1_2777  # 2828985 # 2830730 # 1 # ID=1_2777;partial=00;start_type=ATG;rbs_motif=GGA/GAG/AGG;rbs_spacer=11-12bp;gc_cont=0.636


Domain annotation for each sequence:
>> NZ_CM147875.1_2777  # 2828985 # 2830730 # 1 # ID=1_2777;partial=00;start_type=ATG;rbs_motif=GGA/GAG/AGG;rbs_spacer=11-12bp;gc_cont=0.636
   #    score  bias  c-Evalue  i-Evalue hmmfrom  hmm to    alifrom  ali to    envfrom  env to     acc
 ---   ------ ----- --------- --------- ------- -------    ------- -------    ------- -------    ----
   1 !  365.0   0.0    3e-113  1.2e-109      18     567 ..      24     578 ..       8     580 .. 0.87



Internal pipeline statistics summary:
-------------------------------------
Query model(s):                            1  (569 nodes)
Target sequences:                       3884  (1189330 residues searched)
Passed MSV filter:                        70  (0.0180227); expected 77.7 (0.02)
Passed bias filter:                       60  (0.015448); expected 77.7 (0.02)
Passed Vit filter:                        16  (0.00411946); expected 3.9 (0.001)
Passed Fwd filter:                         3  (0.0007724); expected 0.0 (1e-05)
Initial search space (Z):               3884  [actual number of targets]
Domain search space  (domZ):               1  [number of targets reported over threshold]
# CPU time: 0.06u 0.00s 00:00:00.06 Elapsed: 00:00:00.07
# Mc/sec: 8728.06
//
Query:       TIGR00459  [M=586]
Accession:   TIGR00459
Description: aspS_bact: aspartate--tRNA ligase
Scores for complete sequences (score includes all domains):
   --- full sequence ---   --- best 1 domain ---    -#dom-
    E-value  score  bias    E-value  score  bias    exp  N  Sequence           Description
    ------- ------ -----    ------- ------ -----   ---- --  --------           -----------
   6.7e-174  577.2   0.0   8.1e-174  576.9   0.0    1.0  1  NZ_CM147875.1_3071  # 3140761 # 3142530 # -1 # ID=1_3071;partial=00;start_type=ATG;rbs_motif=GGA/GAG/AGG;rbs_spacer=5-10bp;gc_cont=0.645


Domain annotation for each sequence:
>> NZ_CM147875.1_3071  # 3140761 # 3142530 # -1 # ID=1_3071;partial=00;start_type=ATG;rbs_motif=GGA/GAG/AGG;rbs_spacer=5-10bp;gc_cont=0.645
   #    score  bias  c-Evalue  i-Evalue hmmfrom  hmm to    alifrom  ali to    envfrom  env to     acc
 ---   ------ ----- --------- --------- ------- -------    ------- -------    ------- -------    ----
   1 !  576.9   0.0  2.1e-177  8.1e-174       3     585 ..       5     588 ..       4     589 .. 0.98



Internal pipeline statistics summary:
-------------------------------------
Query model(s):                            1  (586 nodes)
Target sequences:                       3884  (1189330 residues searched)
Passed MSV filter:                        78  (0.0200824); expected 77.7 (0.02)
Passed bias filter:                       72  (0.0185376); expected 77.7 (0.02)
Passed Vit filter:                         8  (0.00205973); expected 3.9 (0.001)
Passed Fwd filter:                         2  (0.000514933); expected 0.0 (1e-05)
Initial search space (Z):               3884  [actual number of targets]
Domain search space  (domZ):               1  [number of targets reported over threshold]
# CPU time: 0.06u 0.00s 00:00:00.06 Elapsed: 00:00:00.05
# Mc/sec: 13559.80
//
Query:       TIGR00460  [M=315]
Accession:   TIGR00460
Description: fmt: methionyl-tRNA formyltransferase
Scores for complete sequences (score includes all domains):
   --- full sequence ---   --- best 1 domain ---    -#dom-
    E-value  score  bias    E-value  score  bias    exp  N  Sequence          Description
    ------- ------ -----    ------- ------ -----   ---- --  --------          -----------
    4.7e-79  263.5   0.0    5.6e-79  263.2   0.0    1.0  1  NZ_CM147875.1_395  # 428193 # 429113 # 1 # ID=1_395;partial=00;start_type=ATG;rbs_motif=GGA/GAG/AGG;rbs_spacer=5-10bp;gc_cont=0.664


Domain annotation for each sequence:
>> NZ_CM147875.1_395  # 428193 # 429113 # 1 # ID=1_395;partial=00;start_type=ATG;rbs_motif=GGA/GAG/AGG;rbs_spacer=5-10bp;gc_cont=0.664
   #    score  bias  c-Evalue  i-Evalue hmmfrom  hmm to    alifrom  ali to    envfrom  env to     acc
 ---   ------ ----- --------- --------- ------- -------    ------- -------    ------- -------    ----
   1 !  263.2   0.0   1.4e-82   5.6e-79       1     304 [.       1     298 [.       1     305 [. 0.95



Internal pipeline statistics summary:
-------------------------------------
Query model(s):                            1  (315 nodes)
Target sequences:                       3884  (1189330 residues searched)
Passed MSV filter:                        62  (0.0159629); expected 77.7 (0.02)
Passed bias filter:                       62  (0.0159629); expected 77.7 (0.02)
Passed Vit filter:                         8  (0.00205973); expected 3.9 (0.001)
Passed Fwd filter:                         3  (0.0007724); expected 0.0 (1e-05)
Initial search space (Z):               3884  [actual number of targets]
Domain search space  (domZ):               1  [number of targets reported over threshold]
# CPU time: 0.03u 0.00s 00:00:00.03 Elapsed: 00:00:00.05
# Mc/sec: 7088.84
//
Query:       TIGR00468  [M=324]
Accession:   TIGR00468
Description: pheS: phenylalanine--tRNA ligase, alpha subunit
Scores for complete sequences (score includes all domains):
   --- full sequence ---   --- best 1 domain ---    -#dom-
    E-value  score  bias    E-value  score  bias    exp  N  Sequence          Description
    ------- ------ -----    ------- ------ -----   ---- --  --------          -----------
    2.2e-96  320.6   0.0    1.2e-94  314.9   0.0    2.4  1  NZ_CM147875.1_639  # 674307 # 675437 # 1 # ID=1_639;partial=00;start_type=ATG;rbs_motif=GGA/GAG/AGG;rbs_spacer=5-10bp;gc_cont=0.650


Domain annotation for each sequence:
>> NZ_CM147875.1_639  # 674307 # 675437 # 1 # ID=1_639;partial=00;start_type=ATG;rbs_motif=GGA/GAG/AGG;rbs_spacer=5-10bp;gc_cont=0.650
   #    score  bias  c-Evalue  i-Evalue hmmfrom  hmm to    alifrom  ali to    envfrom  env to     acc
 ---   ------ ----- --------- --------- ------- -------    ------- -------    ------- -------    ----
   1 !  314.9   0.0   3.1e-98   1.2e-94      13     321 ..      52     359 ..      41     361 .. 0.93



Internal pipeline statistics summary:
-------------------------------------
Query model(s):                            1  (324 nodes)
Target sequences:                       3884  (1189330 residues searched)
Passed MSV filter:                        80  (0.0205973); expected 77.7 (0.02)
Passed bias filter:                       80  (0.0205973); expected 77.7 (0.02)
Passed Vit filter:                        13  (0.00334706); expected 3.9 (0.001)
Passed Fwd filter:                         2  (0.000514933); expected 0.0 (1e-05)
Initial search space (Z):               3884  [actual number of targets]
Domain search space  (domZ):               1  [number of targets reported over threshold]
# CPU time: 0.04u 0.00s 00:00:00.04 Elapsed: 00:00:00.03
# Mc/sec: 9689.80
//
Query:       TIGR00472  [M=798]
Accession:   TIGR00472
Description: pheT_bact: phenylalanine--tRNA ligase, beta subunit
Scores for complete sequences (score includes all domains):
   --- full sequence ---   --- best 1 domain ---    -#dom-
    E-value  score  bias    E-value  score  bias    exp  N  Sequence          Description
    ------- ------ -----    ------- ------ -----   ---- --  --------          -----------
   4.9e-207  687.6   0.0   5.5e-207  687.4   0.0    1.0  1  NZ_CM147875.1_640  # 675508 # 677934 # 1 # ID=1_640;partial=00;start_type=ATG;rbs_motif=None;rbs_spacer=None;gc_cont=0.662


Domain annotation for each sequence:
>> NZ_CM147875.1_640  # 675508 # 677934 # 1 # ID=1_640;partial=00;start_type=ATG;rbs_motif=None;rbs_spacer=None;gc_cont=0.662
   #    score  bias  c-Evalue  i-Evalue hmmfrom  hmm to    alifrom  ali to    envfrom  env to     acc
 ---   ------ ----- --------- --------- ------- -------    ------- -------    ------- -------    ----
   1 !  687.4   0.0  1.4e-210  5.5e-207       1     798 []       1     807 [.       1     807 [. 0.92



Internal pipeline statistics summary:
-------------------------------------
Query model(s):                            1  (798 nodes)
Target sequences:                       3884  (1189330 residues searched)
Passed MSV filter:                        54  (0.0139032); expected 77.7 (0.02)
Passed bias filter:                       53  (0.0136457); expected 77.7 (0.02)
Passed Vit filter:                         8  (0.00205973); expected 3.9 (0.001)
Passed Fwd filter:                         1  (0.000257467); expected 0.0 (1e-05)
Initial search space (Z):               3884  [actual number of targets]
Domain search space  (domZ):               1  [number of targets reported over threshold]
# CPU time: 0.07u 0.01s 00:00:00.08 Elapsed: 00:00:00.07
# Mc/sec: 12653.58
//
Query:       TIGR00483  [M=427]
Accession:   TIGR00483
Description: EF-1_alpha: translation elongation factor EF-1, subunit alpha
Scores for complete sequences (score includes all domains):
   --- full sequence ---   --- best 1 domain ---    -#dom-
    E-value  score  bias    E-value  score  bias    exp  N  Sequence Description
    ------- ------ -----    ------- ------ -----   ---- --  -------- -----------

   [No hits detected that satisfy reporting thresholds]


Domain annotation for each sequence:

   [No targets detected that satisfy reporting thresholds]


Internal pipeline statistics summary:
-------------------------------------
Query model(s):                            1  (427 nodes)
Target sequences:                       3884  (1189330 residues searched)
Passed MSV filter:                        70  (0.0180227); expected 77.7 (0.02)
Passed bias filter:                       65  (0.0167353); expected 77.7 (0.02)
Passed Vit filter:                        10  (0.00257467); expected 3.9 (0.001)
Passed Fwd filter:                         8  (0.00205973); expected 0.0 (1e-05)
Initial search space (Z):               3884  [actual number of targets]
Domain search space  (domZ):               0  [number of targets reported over threshold]
# CPU time: 0.08u 0.01s 00:00:00.09 Elapsed: 00:00:00.10
# Mc/sec: 4868.39
//
Query:       TIGR00487  [M=587]
Accession:   TIGR00487
Description: IF-2: translation initiation factor IF-2
Scores for complete sequences (score includes all domains):
   --- full sequence ---   --- best 1 domain ---    -#dom-
    E-value  score  bias    E-value  score  bias    exp  N  Sequence          Description
    ------- ------ -----    ------- ------ -----   ---- --  --------          -----------
   3.2e-239  793.3  21.4   4.2e-239  792.9  21.4    1.2  1  NZ_CM147875.1_891  # 929152 # 931809 # -1 # ID=1_891;partial=00;start_type=ATG;rbs_motif=GGA/GAG/AGG;rbs_spacer=5-10bp;gc_cont=0.669


Domain annotation for each sequence:
>> NZ_CM147875.1_891  # 929152 # 931809 # -1 # ID=1_891;partial=00;start_type=ATG;rbs_motif=GGA/GAG/AGG;rbs_spacer=5-10bp;gc_cont=0.669
   #    score  bias  c-Evalue  i-Evalue hmmfrom  hmm to    alifrom  ali to    envfrom  env to     acc
 ---   ------ ----- --------- --------- ------- -------    ------- -------    ------- -------    ----
   1 !  792.9  21.4  1.1e-242  4.2e-239       3     586 ..     302     885 ..     300     885 .. 0.97



Internal pipeline statistics summary:
-------------------------------------
Query model(s):                            1  (587 nodes)
Target sequences:                       3884  (1189330 residues searched)
Passed MSV filter:                       118  (0.0303811); expected 77.7 (0.02)
Passed bias filter:                       87  (0.0223996); expected 77.7 (0.02)
Passed Vit filter:                        18  (0.0046344); expected 3.9 (0.001)
Passed Fwd filter:                        10  (0.00257467); expected 0.0 (1e-05)
Initial search space (Z):               3884  [actual number of targets]
Domain search space  (domZ):               1  [number of targets reported over threshold]
# CPU time: 0.10u 0.00s 00:00:00.10 Elapsed: 00:00:00.09
# Mc/sec: 7191.40
//
Query:       TIGR00491  [M=594]
Accession:   TIGR00491
Description: aIF-2: translation initiation factor aIF-2
Scores for complete sequences (score includes all domains):
   --- full sequence ---   --- best 1 domain ---    -#dom-
    E-value  score  bias    E-value  score  bias    exp  N  Sequence Description
    ------- ------ -----    ------- ------ -----   ---- --  -------- -----------

   [No hits detected that satisfy reporting thresholds]


Domain annotation for each sequence:

   [No targets detected that satisfy reporting thresholds]


Internal pipeline statistics summary:
-------------------------------------
Query model(s):                            1  (594 nodes)
Target sequences:                       3884  (1189330 residues searched)
Passed MSV filter:                       126  (0.0324408); expected 77.7 (0.02)
Passed bias filter:                      102  (0.0262616); expected 77.7 (0.02)
Passed Vit filter:                        20  (0.00514933); expected 3.9 (0.001)
Passed Fwd filter:                         8  (0.00205973); expected 0.0 (1e-05)
Initial search space (Z):               3884  [actual number of targets]
Domain search space  (domZ):               0  [number of targets reported over threshold]
# CPU time: 0.09u 0.00s 00:00:00.09 Elapsed: 00:00:00.09
# Mc/sec: 7659.33
//
Query:       TIGR00496  [M=176]
Accession:   TIGR00496
Description: frr: ribosome recycling factor
Scores for complete sequences (score includes all domains):
   --- full sequence ---   --- best 1 domain ---    -#dom-
    E-value  score  bias    E-value  score  bias    exp  N  Sequence           Description
    ------- ------ -----    ------- ------ -----   ---- --  --------           -----------
    7.1e-65  215.7   0.6      8e-65  215.5   0.6    1.0  1  NZ_CM147875.1_2812  # 2870420 # 2870980 # 1 # ID=1_2812;partial=00;start_type=ATG;rbs_motif=AGGAG;rbs_spacer=5-10bp;gc_cont=0.619


Domain annotation for each sequence:
>> NZ_CM147875.1_2812  # 2870420 # 2870980 # 1 # ID=1_2812;partial=00;start_type=ATG;rbs_motif=AGGAG;rbs_spacer=5-10bp;gc_cont=0.619
   #    score  bias  c-Evalue  i-Evalue hmmfrom  hmm to    alifrom  ali to    envfrom  env to     acc
 ---   ------ ----- --------- --------- ------- -------    ------- -------    ------- -------    ----
   1 !  215.5   0.6   2.1e-68     8e-65       1     176 []      11     186 ..      11     186 .. 0.99



Internal pipeline statistics summary:
-------------------------------------
Query model(s):                            1  (176 nodes)
Target sequences:                       3884  (1189330 residues searched)
Passed MSV filter:                        63  (0.0162204); expected 77.7 (0.02)
Passed bias filter:                       51  (0.0131308); expected 77.7 (0.02)
Passed Vit filter:                         6  (0.0015448); expected 3.9 (0.001)
Passed Fwd filter:                         1  (0.000257467); expected 0.0 (1e-05)
Initial search space (Z):               3884  [actual number of targets]
Domain search space  (domZ):               1  [number of targets reported over threshold]
# CPU time: 0.02u 0.00s 00:00:00.02 Elapsed: 00:00:00.02
# Mc/sec: 7649.72
//
Query:       TIGR00522  [M=258]
Accession:   TIGR00522
Description: dph5: diphthine synthase
Scores for complete sequences (score includes all domains):
   --- full sequence ---   --- best 1 domain ---    -#dom-
    E-value  score  bias    E-value  score  bias    exp  N  Sequence Description
    ------- ------ -----    ------- ------ -----   ---- --  -------- -----------

   [No hits detected that satisfy reporting thresholds]


Domain annotation for each sequence:

   [No targets detected that satisfy reporting thresholds]


Internal pipeline statistics summary:
-------------------------------------
Query model(s):                            1  (258 nodes)
Target sequences:                       3884  (1189330 residues searched)
Passed MSV filter:                        81  (0.0208548); expected 77.7 (0.02)
Passed bias filter:                       74  (0.0190525); expected 77.7 (0.02)
Passed Vit filter:                         6  (0.0015448); expected 3.9 (0.001)
Passed Fwd filter:                         0  (0); expected 0.0 (1e-05)
Initial search space (Z):               3884  [actual number of targets]
Domain search space  (domZ):               0  [number of targets reported over threshold]
# CPU time: 0.02u 0.00s 00:00:00.02 Elapsed: 00:00:00.04
# Mc/sec: 6841.45
//
Query:       TIGR00539  [M=361]
Accession:   TIGR00539
Description: hemN_rel: putative oxygen-independent coproporphyrinogen III oxidase
Scores for complete sequences (score includes all domains):
   --- full sequence ---   --- best 1 domain ---    -#dom-
    E-value  score  bias    E-value  score  bias    exp  N  Sequence          Description
    ------- ------ -----    ------- ------ -----   ---- --  --------          -----------
    1.4e-84  282.1   0.0    1.7e-84  281.8   0.0    1.0  1  NZ_CM147875.1_959  # 998012 # 999208 # -1 # ID=1_959;partial=00;start_type=TTG;rbs_motif=GGAGG;rbs_spacer=5-10bp;gc_cont=0.652


Domain annotation for each sequence:
>> NZ_CM147875.1_959  # 998012 # 999208 # -1 # ID=1_959;partial=00;start_type=TTG;rbs_motif=GGAGG;rbs_spacer=5-10bp;gc_cont=0.652
   #    score  bias  c-Evalue  i-Evalue hmmfrom  hmm to    alifrom  ali to    envfrom  env to     acc
 ---   ------ ----- --------- --------- ------- -------    ------- -------    ------- -------    ----
   1 !  281.8   0.0   4.3e-88   1.7e-84       3     339 ..      24     368 ..      22     381 .. 0.92



Internal pipeline statistics summary:
-------------------------------------
Query model(s):                            1  (361 nodes)
Target sequences:                       3884  (1189330 residues searched)
Passed MSV filter:                        66  (0.0169928); expected 77.7 (0.02)
Passed bias filter:                       64  (0.0164779); expected 77.7 (0.02)
Passed Vit filter:                        14  (0.00360453); expected 3.9 (0.001)
Passed Fwd filter:                         5  (0.00128733); expected 0.0 (1e-05)
Initial search space (Z):               3884  [actual number of targets]
Domain search space  (domZ):               1  [number of targets reported over threshold]
# CPU time: 0.04u 0.00s 00:00:00.04 Elapsed: 00:00:00.05
# Mc/sec: 7895.08
//
Query:       TIGR00580  [M=923]
Accession:   TIGR00580
Description: mfd: transcription-repair coupling factor
Scores for complete sequences (score includes all domains):
   --- full sequence ---   --- best 1 domain ---    -#dom-
    E-value  score  bias    E-value  score  bias    exp  N  Sequence           Description
    ------- ------ -----    ------- ------ -----   ---- --  --------           -----------
          0 1032.9   0.0          0 1032.6   0.0    1.0  1  NZ_CM147875.1_2897  # 2967235 # 2970738 # -1 # ID=1_2897;partial=00;start_type=ATG;rbs_motif=GGA/GAG/AGG;rbs_spacer=5-10bp;gc_cont=0.662


Domain annotation for each sequence:
>> NZ_CM147875.1_2897  # 2967235 # 2970738 # -1 # ID=1_2897;partial=00;start_type=ATG;rbs_motif=GGA/GAG/AGG;rbs_spacer=5-10bp;gc_cont=0.662
   #    score  bias  c-Evalue  i-Evalue hmmfrom  hmm to    alifrom  ali to    envfrom  env to     acc
 ---   ------ ----- --------- --------- ------- -------    ------- -------    ------- -------    ----
   1 ! 1032.6   0.0         0         0       4     922 ..     149    1088 ..     146    1089 .. 0.92



Internal pipeline statistics summary:
-------------------------------------
Query model(s):                            1  (923 nodes)
Target sequences:                       3884  (1189330 residues searched)
Passed MSV filter:                       119  (0.0306385); expected 77.7 (0.02)
Passed bias filter:                       99  (0.0254892); expected 77.7 (0.02)
Passed Vit filter:                        20  (0.00514933); expected 3.9 (0.001)
Passed Fwd filter:                         7  (0.00180227); expected 0.0 (1e-05)
Initial search space (Z):               3884  [actual number of targets]
Domain search space  (domZ):               1  [number of targets reported over threshold]
# CPU time: 0.13u 0.02s 00:00:00.15 Elapsed: 00:00:00.15
# Mc/sec: 7089.97
//
Query:       TIGR00593  [M=890]
Accession:   TIGR00593
Description: pola: DNA polymerase I
Scores for complete sequences (score includes all domains):
   --- full sequence ---   --- best 1 domain ---    -#dom-
    E-value  score  bias    E-value  score  bias    exp  N  Sequence          Description
    ------- ------ -----    ------- ------ -----   ---- --  --------          -----------
   3.7e-274  910.1   0.0   4.2e-274  909.9   0.0    1.0  1  NZ_CM147875.1_710  # 736495 # 739410 # 1 # ID=1_710;partial=00;start_type=ATG;rbs_motif=GGA/GAG/AGG;rbs_spacer=5-10bp;gc_cont=0.653


Domain annotation for each sequence:
>> NZ_CM147875.1_710  # 736495 # 739410 # 1 # ID=1_710;partial=00;start_type=ATG;rbs_motif=GGA/GAG/AGG;rbs_spacer=5-10bp;gc_cont=0.653
   #    score  bias  c-Evalue  i-Evalue hmmfrom  hmm to    alifrom  ali to    envfrom  env to     acc
 ---   ------ ----- --------- --------- ------- -------    ------- -------    ------- -------    ----
   1 !  909.9   0.0  1.1e-277  4.2e-274       1     889 [.       3     970 ..       3     971 .. 0.93



Internal pipeline statistics summary:
-------------------------------------
Query model(s):                            1  (890 nodes)
Target sequences:                       3884  (1189330 residues searched)
Passed MSV filter:                        96  (0.0247168); expected 77.7 (0.02)
Passed bias filter:                       76  (0.0195675); expected 77.7 (0.02)
Passed Vit filter:                        11  (0.00283213); expected 3.9 (0.001)
Passed Fwd filter:                         2  (0.000514933); expected 0.0 (1e-05)
Initial search space (Z):               3884  [actual number of targets]
Domain search space  (domZ):               1  [number of targets reported over threshold]
# CPU time: 0.09u 0.00s 00:00:00.09 Elapsed: 00:00:00.10
# Mc/sec: 10387.00
//
Query:       TIGR00615  [M=196]
Accession:   TIGR00615
Description: recR: recombination protein RecR
Scores for complete sequences (score includes all domains):
   --- full sequence ---   --- best 1 domain ---    -#dom-
    E-value  score  bias    E-value  score  bias    exp  N  Sequence          Description
    ------- ------ -----    ------- ------ -----   ---- --  --------          -----------
    1.6e-57  191.9   0.0    1.9e-57  191.7   0.0    1.0  1  NZ_CM147875.1_390  # 422453 # 423049 # 1 # ID=1_390;partial=00;start_type=ATG;rbs_motif=GGA/GAG/AGG;rbs_spacer=5-10bp;gc_cont=0.690


Domain annotation for each sequence:
>> NZ_CM147875.1_390  # 422453 # 423049 # 1 # ID=1_390;partial=00;start_type=ATG;rbs_motif=GGA/GAG/AGG;rbs_spacer=5-10bp;gc_cont=0.690
   #    score  bias  c-Evalue  i-Evalue hmmfrom  hmm to    alifrom  ali to    envfrom  env to     acc
 ---   ------ ----- --------- --------- ------- -------    ------- -------    ------- -------    ----
   1 !  191.7   0.0   4.8e-61   1.9e-57       5     195 ..       6     195 ..       3     196 .. 0.96



Internal pipeline statistics summary:
-------------------------------------
Query model(s):                            1  (196 nodes)
Target sequences:                       3884  (1189330 residues searched)
Passed MSV filter:                        90  (0.023172); expected 77.7 (0.02)
Passed bias filter:                       85  (0.0218847); expected 77.7 (0.02)
Passed Vit filter:                         8  (0.00205973); expected 3.9 (0.001)
Passed Fwd filter:                         2  (0.000514933); expected 0.0 (1e-05)
Initial search space (Z):               3884  [actual number of targets]
Domain search space  (domZ):               1  [number of targets reported over threshold]
# CPU time: 0.03u 0.00s 00:00:00.03 Elapsed: 00:00:00.03
# Mc/sec: 6201.34
//
Query:       TIGR00631  [M=658]
Accession:   TIGR00631
Description: uvrb: excinuclease ABC subunit B
Scores for complete sequences (score includes all domains):
   --- full sequence ---   --- best 1 domain ---    -#dom-
    E-value  score  bias    E-value  score  bias    exp  N  Sequence           Description
    ------- ------ -----    ------- ------ -----   ---- --  --------           -----------
          0 1011.4   0.1          0 1010.9   0.1    1.2  1  NZ_CM147875.1_2196  # 2262357 # 2264915 # -1 # ID=1_2196;partial=00;start_type=ATG;rbs_motif=None;rbs_spacer=None;gc_cont=0.657


Domain annotation for each sequence:
>> NZ_CM147875.1_2196  # 2262357 # 2264915 # -1 # ID=1_2196;partial=00;start_type=ATG;rbs_motif=None;rbs_spacer=None;gc_cont=0.657
   #    score  bias  c-Evalue  i-Evalue hmmfrom  hmm to    alifrom  ali to    envfrom  env to     acc
 ---   ------ ----- --------- --------- ------- -------    ------- -------    ------- -------    ----
   1 ! 1010.9   0.1         0         0       2     658 .]     185     840 ..     184     840 .. 0.98



Internal pipeline statistics summary:
-------------------------------------
Query model(s):                            1  (658 nodes)
Target sequences:                       3884  (1189330 residues searched)
Passed MSV filter:                       126  (0.0324408); expected 77.7 (0.02)
Passed bias filter:                      106  (0.0272915); expected 77.7 (0.02)
Passed Vit filter:                        20  (0.00514933); expected 3.9 (0.001)
Passed Fwd filter:                        11  (0.00283213); expected 0.0 (1e-05)
Initial search space (Z):               3884  [actual number of targets]
Domain search space  (domZ):               1  [number of targets reported over threshold]
# CPU time: 0.09u 0.01s 00:00:00.10 Elapsed: 00:00:00.11
# Mc/sec: 6735.55
//
Query:       TIGR00634  [M=563]
Accession:   TIGR00634
Description: recN: DNA repair protein RecN
Scores for complete sequences (score includes all domains):
   --- full sequence ---   --- best 1 domain ---    -#dom-
    E-value  score  bias    E-value  score  bias    exp  N  Sequence           Description
    ------- ------ -----    ------- ------ -----   ---- --  --------           -----------
     9e-136  451.8  11.7     1e-135  451.6  11.7    1.0  1  NZ_CM147875.1_2459  # 2522506 # 2524170 # 1 # ID=1_2459;partial=00;start_type=ATG;rbs_motif=4Base/6BMM;rbs_spacer=13-15bp;gc_cont=0.684


Domain annotation for each sequence:
>> NZ_CM147875.1_2459  # 2522506 # 2524170 # 1 # ID=1_2459;partial=00;start_type=ATG;rbs_motif=4Base/6BMM;rbs_spacer=13-15bp;gc_cont=0.684
   #    score  bias  c-Evalue  i-Evalue hmmfrom  hmm to    alifrom  ali to    envfrom  env to     acc
 ---   ------ ----- --------- --------- ------- -------    ------- -------    ------- -------    ----
   1 !  451.6  11.7  2.6e-139    1e-135       1     561 [.       1     550 [.       1     552 [. 0.97



Internal pipeline statistics summary:
-------------------------------------
Query model(s):                            1  (563 nodes)
Target sequences:                       3884  (1189330 residues searched)
Passed MSV filter:                       213  (0.0548404); expected 77.7 (0.02)
Passed bias filter:                      146  (0.0375901); expected 77.7 (0.02)
Passed Vit filter:                        31  (0.00798146); expected 3.9 (0.001)
Passed Fwd filter:                         9  (0.0023172); expected 0.0 (1e-05)
Initial search space (Z):               3884  [actual number of targets]
Domain search space  (domZ):               1  [number of targets reported over threshold]
# CPU time: 0.09u 0.00s 00:00:00.09 Elapsed: 00:00:00.09
# Mc/sec: 6874.92
//
Query:       TIGR00635  [M=305]
Accession:   TIGR00635
Description: ruvB: Holliday junction DNA helicase RuvB
Scores for complete sequences (score includes all domains):
   --- full sequence ---   --- best 1 domain ---    -#dom-
    E-value  score  bias    E-value  score  bias    exp  N  Sequence           Description
    ------- ------ -----    ------- ------ -----   ---- --  --------           -----------
   1.3e-136  452.4   0.0   1.4e-136  452.2   0.0    1.0  1  NZ_CM147875.1_1834  # 1889648 # 1890688 # 1 # ID=1_1834;partial=00;start_type=GTG;rbs_motif=AGGAG;rbs_spacer=5-10bp;gc_cont=0.677


Domain annotation for each sequence:
>> NZ_CM147875.1_1834  # 1889648 # 1890688 # 1 # ID=1_1834;partial=00;start_type=GTG;rbs_motif=AGGAG;rbs_spacer=5-10bp;gc_cont=0.677
   #    score  bias  c-Evalue  i-Evalue hmmfrom  hmm to    alifrom  ali to    envfrom  env to     acc
 ---   ------ ----- --------- --------- ------- -------    ------- -------    ------- -------    ----
   1 !  452.2   0.0  3.7e-140  1.4e-136       3     304 ..      24     325 ..      22     326 .. 0.99



Internal pipeline statistics summary:
-------------------------------------
Query model(s):                            1  (305 nodes)
Target sequences:                       3884  (1189330 residues searched)
Passed MSV filter:                       238  (0.061277); expected 77.7 (0.02)
Passed bias filter:                      218  (0.0561277); expected 77.7 (0.02)
Passed Vit filter:                        79  (0.0203399); expected 3.9 (0.001)
Passed Fwd filter:                        16  (0.00411946); expected 0.0 (1e-05)
Initial search space (Z):               3884  [actual number of targets]
Domain search space  (domZ):               1  [number of targets reported over threshold]
# CPU time: 0.07u 0.00s 00:00:00.07 Elapsed: 00:00:00.07
# Mc/sec: 4976.32
//
Query:       TIGR00643  [M=629]
Accession:   TIGR00643
Description: recG: ATP-dependent DNA helicase RecG
Scores for complete sequences (score includes all domains):
   --- full sequence ---   --- best 1 domain ---    -#dom-
    E-value  score  bias    E-value  score  bias    exp  N  Sequence           Description
    ------- ------ -----    ------- ------ -----   ---- --  --------           -----------
   4.5e-193  641.1   0.0   5.6e-193  640.8   0.0    1.0  1  NZ_CM147875.1_2910  # 2979471 # 2981579 # 1 # ID=1_2910;partial=00;start_type=ATG;rbs_motif=None;rbs_spacer=None;gc_cont=0.666


Domain annotation for each sequence:
>> NZ_CM147875.1_2910  # 2979471 # 2981579 # 1 # ID=1_2910;partial=00;start_type=ATG;rbs_motif=None;rbs_spacer=None;gc_cont=0.666
   #    score  bias  c-Evalue  i-Evalue hmmfrom  hmm to    alifrom  ali to    envfrom  env to     acc
 ---   ------ ----- --------- --------- ------- -------    ------- -------    ------- -------    ----
   1 !  640.8   0.0  1.4e-196  5.6e-193       8     628 ..      44     664 ..      39     665 .. 0.96



Internal pipeline statistics summary:
-------------------------------------
Query model(s):                            1  (629 nodes)
Target sequences:                       3884  (1189330 residues searched)
Passed MSV filter:                       109  (0.0280639); expected 77.7 (0.02)
Passed bias filter:                       99  (0.0254892); expected 77.7 (0.02)
Passed Vit filter:                        20  (0.00514933); expected 3.9 (0.001)
Passed Fwd filter:                         9  (0.0023172); expected 0.0 (1e-05)
Initial search space (Z):               3884  [actual number of targets]
Domain search space  (domZ):               1  [number of targets reported over threshold]
# CPU time: 0.10u 0.00s 00:00:00.10 Elapsed: 00:00:00.09
# Mc/sec: 7990.39
//
Query:       TIGR00663  [M=367]
Accession:   TIGR00663
Description: dnan: DNA polymerase III, beta subunit
Scores for complete sequences (score includes all domains):
   --- full sequence ---   --- best 1 domain ---    -#dom-
    E-value  score  bias    E-value  score  bias    exp  N  Sequence          Description
    ------- ------ -----    ------- ------ -----   ---- --  --------          -----------
    1.7e-94  314.5   0.0    1.9e-94  314.4   0.0    1.0  1  NZ_CM147875.1_870  # 907955 # 909073 # 1 # ID=1_870;partial=00;start_type=ATG;rbs_motif=GGA/GAG/AGG;rbs_spacer=5-10bp;gc_cont=0.643


Domain annotation for each sequence:
>> NZ_CM147875.1_870  # 907955 # 909073 # 1 # ID=1_870;partial=00;start_type=ATG;rbs_motif=GGA/GAG/AGG;rbs_spacer=5-10bp;gc_cont=0.643
   #    score  bias  c-Evalue  i-Evalue hmmfrom  hmm to    alifrom  ali to    envfrom  env to     acc
 ---   ------ ----- --------- --------- ------- -------    ------- -------    ------- -------    ----
   1 !  314.4   0.0   4.9e-98   1.9e-94       1     366 [.       1     371 [.       1     372 [. 0.95



Internal pipeline statistics summary:
-------------------------------------
Query model(s):                            1  (367 nodes)
Target sequences:                       3884  (1189330 residues searched)
Passed MSV filter:                        63  (0.0162204); expected 77.7 (0.02)
Passed bias filter:                       62  (0.0159629); expected 77.7 (0.02)
Passed Vit filter:                         6  (0.0015448); expected 3.9 (0.001)
Passed Fwd filter:                         1  (0.000257467); expected 0.0 (1e-05)
Initial search space (Z):               3884  [actual number of targets]
Domain search space  (domZ):               1  [number of targets reported over threshold]
# CPU time: 0.03u 0.00s 00:00:00.03 Elapsed: 00:00:00.07
# Mc/sec: 5483.89
//
Query:       TIGR00717  [M=516]
Accession:   TIGR00717
Description: rpsA: ribosomal protein bS1
Scores for complete sequences (score includes all domains):
   --- full sequence ---   --- best 1 domain ---    -#dom-
    E-value  score  bias    E-value  score  bias    exp  N  Sequence          Description
    ------- ------ -----    ------- ------ -----   ---- --  --------          -----------
   2.1e-193  641.3  12.9   2.4e-193  641.1  12.9    1.0  1  NZ_CM147875.1_747  # 776366 # 778063 # -1 # ID=1_747;partial=00;start_type=TTG;rbs_motif=GGAG/GAGG;rbs_spacer=5-10bp;gc_cont=0.607


Domain annotation for each sequence:
>> NZ_CM147875.1_747  # 776366 # 778063 # -1 # ID=1_747;partial=00;start_type=TTG;rbs_motif=GGAG/GAGG;rbs_spacer=5-10bp;gc_cont=0.607
   #    score  bias  c-Evalue  i-Evalue hmmfrom  hmm to    alifrom  ali to    envfrom  env to     acc
 ---   ------ ----- --------- --------- ------- -------    ------- -------    ------- -------    ----
   1 !  641.1  12.9  6.1e-197  2.4e-193       1     516 []       9     528 ..       9     528 .. 0.98



Internal pipeline statistics summary:
-------------------------------------
Query model(s):                            1  (516 nodes)
Target sequences:                       3884  (1189330 residues searched)
Passed MSV filter:                       108  (0.0278064); expected 77.7 (0.02)
Passed bias filter:                      100  (0.0257467); expected 77.7 (0.02)
Passed Vit filter:                        11  (0.00283213); expected 3.9 (0.001)
Passed Fwd filter:                         3  (0.0007724); expected 0.0 (1e-05)
Initial search space (Z):               3884  [actual number of targets]
Domain search space  (domZ):               1  [number of targets reported over threshold]
# CPU time: 0.05u 0.00s 00:00:00.05 Elapsed: 00:00:00.06
# Mc/sec: 10074.54
//
Query:       TIGR00755  [M=256]
Accession:   TIGR00755
Description: ksgA: ribosomal RNA small subunit methyltransferase A
Scores for complete sequences (score includes all domains):
   --- full sequence ---   --- best 1 domain ---    -#dom-
    E-value  score  bias    E-value  score  bias    exp  N  Sequence           Description
    ------- ------ -----    ------- ------ -----   ---- --  --------           -----------
    2.6e-67  224.6   0.0    2.9e-67  224.4   0.0    1.0  1  NZ_CM147875.1_3347  # 3416830 # 3417702 # 1 # ID=1_3347;partial=00;start_type=GTG;rbs_motif=GGA/GAG/AGG;rbs_spacer=11-12bp;gc_cont=0.684


Domain annotation for each sequence:
>> NZ_CM147875.1_3347  # 3416830 # 3417702 # 1 # ID=1_3347;partial=00;start_type=GTG;rbs_motif=GGA/GAG/AGG;rbs_spacer=11-12bp;gc_cont=0.684
   #    score  bias  c-Evalue  i-Evalue hmmfrom  hmm to    alifrom  ali to    envfrom  env to     acc
 ---   ------ ----- --------- --------- ------- -------    ------- -------    ------- -------    ----
   1 !  224.4   0.0   7.5e-71   2.9e-67       2     255 ..      30     285 ..      29     286 .. 0.96



Internal pipeline statistics summary:
-------------------------------------
Query model(s):                            1  (256 nodes)
Target sequences:                       3884  (1189330 residues searched)
Passed MSV filter:                        97  (0.0249743); expected 77.7 (0.02)
Passed bias filter:                       92  (0.0236869); expected 77.7 (0.02)
Passed Vit filter:                        20  (0.00514933); expected 3.9 (0.001)
Passed Fwd filter:                        14  (0.00360453); expected 0.0 (1e-05)
Initial search space (Z):               3884  [actual number of targets]
Domain search space  (domZ):               1  [number of targets reported over threshold]
# CPU time: 0.04u 0.00s 00:00:00.04 Elapsed: 00:00:00.05
# Mc/sec: 5734.13
//
Query:       TIGR00810  [M=73]
Accession:   TIGR00810
Description: secG: preprotein translocase, SecG subunit
Scores for complete sequences (score includes all domains):
   --- full sequence ---   --- best 1 domain ---    -#dom-
    E-value  score  bias    E-value  score  bias    exp  N  Sequence           Description
    ------- ------ -----    ------- ------ -----   ---- --  --------           -----------
    2.8e-18   63.5  10.0    4.2e-18   63.0  10.0    1.3  1  NZ_CM147875.1_2841  # 2911800 # 2912294 # 1 # ID=1_2841;partial=00;start_type=ATG;rbs_motif=GGA/GAG/AGG;rbs_spacer=5-10bp;gc_cont=0.675


Domain annotation for each sequence:
>> NZ_CM147875.1_2841  # 2911800 # 2912294 # 1 # ID=1_2841;partial=00;start_type=ATG;rbs_motif=GGA/GAG/AGG;rbs_spacer=5-10bp;gc_cont=0.675
   #    score  bias  c-Evalue  i-Evalue hmmfrom  hmm to    alifrom  ali to    envfrom  env to     acc
 ---   ------ ----- --------- --------- ------- -------    ------- -------    ------- -------    ----
   1 !   63.0  10.0   1.1e-21   4.2e-18       2      72 ..       3      70 ..       2      71 .. 0.91



Internal pipeline statistics summary:
-------------------------------------
Query model(s):                            1  (73 nodes)
Target sequences:                       3884  (1189330 residues searched)
Passed MSV filter:                       323  (0.0831617); expected 77.7 (0.02)
Passed bias filter:                       90  (0.023172); expected 77.7 (0.02)
Passed Vit filter:                        10  (0.00257467); expected 3.9 (0.001)
Passed Fwd filter:                         2  (0.000514933); expected 0.0 (1e-05)
Initial search space (Z):               3884  [actual number of targets]
Domain search space  (domZ):               1  [number of targets reported over threshold]
# CPU time: 0.02u 0.00s 00:00:00.02 Elapsed: 00:00:00.02
# Mc/sec: 3859.20
//
Query:       TIGR00922  [M=172]
Accession:   TIGR00922
Description: nusG: transcription termination/antitermination factor NusG
Scores for complete sequences (score includes all domains):
   --- full sequence ---   --- best 1 domain ---    -#dom-
    E-value  score  bias    E-value  score  bias    exp  N  Sequence           Description
    ------- ------ -----    ------- ------ -----   ---- --  --------           -----------
    9.8e-70  231.6   3.3    1.1e-69  231.5   3.3    1.0  1  NZ_CM147875.1_3178  # 3237843 # 3238373 # -1 # ID=1_3178;partial=00;start_type=ATG;rbs_motif=AGGAG/GGAGG;rbs_spacer=11-12bp;gc_cont=0.597


Domain annotation for each sequence:
>> NZ_CM147875.1_3178  # 3237843 # 3238373 # -1 # ID=1_3178;partial=00;start_type=ATG;rbs_motif=AGGAG/GGAGG;rbs_spacer=11-12bp;gc_cont=0.597
   #    score  bias  c-Evalue  i-Evalue hmmfrom  hmm to    alifrom  ali to    envfrom  env to     acc
 ---   ------ ----- --------- --------- ------- -------    ------- -------    ------- -------    ----
   1 !  231.5   3.3   2.8e-73   1.1e-69       1     172 []       5     176 ..       5     176 .. 1.00



Internal pipeline statistics summary:
-------------------------------------
Query model(s):                            1  (172 nodes)
Target sequences:                       3884  (1189330 residues searched)
Passed MSV filter:                        51  (0.0131308); expected 77.7 (0.02)
Passed bias filter:                       46  (0.0118435); expected 77.7 (0.02)
Passed Vit filter:                         5  (0.00128733); expected 3.9 (0.001)
Passed Fwd filter:                         1  (0.000257467); expected 0.0 (1e-05)
Initial search space (Z):               3884  [actual number of targets]
Domain search space  (domZ):               1  [number of targets reported over threshold]
# CPU time: 0.02u 0.00s 00:00:00.02 Elapsed: 00:00:00.03
# Mc/sec: 6100.41
//
Query:       TIGR00928  [M=436]
Accession:   TIGR00928
Description: purB: adenylosuccinate lyase
Scores for complete sequences (score includes all domains):
   --- full sequence ---   --- best 1 domain ---    -#dom-
    E-value  score  bias    E-value  score  bias    exp  N  Sequence           Description
    ------- ------ -----    ------- ------ -----   ---- --  --------           -----------
   1.3e-148  493.2   0.0   1.5e-148  493.0   0.0    1.0  1  NZ_CM147875.1_2668  # 2725186 # 2726529 # -1 # ID=1_2668;partial=00;start_type=ATG;rbs_motif=GGA/GAG/AGG;rbs_spacer=5-10bp;gc_cont=0.650


Domain annotation for each sequence:
>> NZ_CM147875.1_2668  # 2725186 # 2726529 # -1 # ID=1_2668;partial=00;start_type=ATG;rbs_motif=GGA/GAG/AGG;rbs_spacer=5-10bp;gc_cont=0.650
   #    score  bias  c-Evalue  i-Evalue hmmfrom  hmm to    alifrom  ali to    envfrom  env to     acc
 ---   ------ ----- --------- --------- ------- -------    ------- -------    ------- -------    ----
   1 !  493.0   0.0  3.7e-152  1.5e-148       1     436 []       1     443 [.       1     443 [. 0.96



Internal pipeline statistics summary:
-------------------------------------
Query model(s):                            1  (436 nodes)
Target sequences:                       3884  (1189330 residues searched)
Passed MSV filter:                        74  (0.0190525); expected 77.7 (0.02)
Passed bias filter:                       61  (0.0157055); expected 77.7 (0.02)
Passed Vit filter:                        11  (0.00283213); expected 3.9 (0.001)
Passed Fwd filter:                         4  (0.00102987); expected 0.0 (1e-05)
Initial search space (Z):               3884  [actual number of targets]
Domain search space  (domZ):               1  [number of targets reported over threshold]
# CPU time: 0.05u 0.00s 00:00:00.05 Elapsed: 00:00:00.04
# Mc/sec: 11529.93
//
Query:       TIGR00959  [M=428]
Accession:   TIGR00959
Description: ffh: signal recognition particle protein
Scores for complete sequences (score includes all domains):
   --- full sequence ---   --- best 1 domain ---    -#dom-
    E-value  score  bias    E-value  score  bias    exp  N  Sequence           Description
    ------- ------ -----    ------- ------ -----   ---- --  --------           -----------
   1.6e-177  588.4  15.6   2.1e-177  588.0  15.6    1.1  1  NZ_CM147875.1_1108  # 1141379 # 1142983 # 1 # ID=1_1108;partial=00;start_type=ATG;rbs_motif=GGA/GAG/AGG;rbs_spacer=5-10bp;gc_cont=0.651


Domain annotation for each sequence:
>> NZ_CM147875.1_1108  # 1141379 # 1142983 # 1 # ID=1_1108;partial=00;start_type=ATG;rbs_motif=GGA/GAG/AGG;rbs_spacer=5-10bp;gc_cont=0.651
   #    score  bias  c-Evalue  i-Evalue hmmfrom  hmm to    alifrom  ali to    envfrom  env to     acc
 ---   ------ ----- --------- --------- ------- -------    ------- -------    ------- -------    ----
   1 !  588.0  15.6  5.4e-181  2.1e-177       1     428 []       2     429 ..       2     429 .. 1.00



Internal pipeline statistics summary:
-------------------------------------
Query model(s):                            1  (428 nodes)
Target sequences:                       3884  (1189330 residues searched)
Passed MSV filter:                       185  (0.0476313); expected 77.7 (0.02)
Passed bias filter:                      157  (0.0404222); expected 77.7 (0.02)
Passed Vit filter:                        32  (0.00823893); expected 3.9 (0.001)
Passed Fwd filter:                         7  (0.00180227); expected 0.0 (1e-05)
Initial search space (Z):               3884  [actual number of targets]
Domain search space  (domZ):               1  [number of targets reported over threshold]
# CPU time: 0.06u 0.00s 00:00:00.06 Elapsed: 00:00:00.06
# Mc/sec: 8144.51
//
Query:       TIGR00963  [M=787]
Accession:   TIGR00963
Description: secA: preprotein translocase, SecA subunit
Scores for complete sequences (score includes all domains):
   --- full sequence ---   --- best 1 domain ---    -#dom-
    E-value  score  bias    E-value  score  bias    exp  N  Sequence           Description
    ------- ------ -----    ------- ------ -----   ---- --  --------           -----------
          0 1073.7  12.5          0 1073.5  12.5    1.0  1  NZ_CM147875.1_1588  # 1619919 # 1622675 # -1 # ID=1_1588;partial=00;start_type=ATG;rbs_motif=GGAG/GAGG;rbs_spacer=5-10bp;gc_cont=0.626


Domain annotation for each sequence:
>> NZ_CM147875.1_1588  # 1619919 # 1622675 # -1 # ID=1_1588;partial=00;start_type=ATG;rbs_motif=GGAG/GAGG;rbs_spacer=5-10bp;gc_cont=0.626
   #    score  bias  c-Evalue  i-Evalue hmmfrom  hmm to    alifrom  ali to    envfrom  env to     acc
 ---   ------ ----- --------- --------- ------- -------    ------- -------    ------- -------    ----
   1 ! 1073.5  12.5         0         0       1     786 [.      29     810 ..      29     811 .. 0.96



Internal pipeline statistics summary:
-------------------------------------
Query model(s):                            1  (787 nodes)
Target sequences:                       3884  (1189330 residues searched)
Passed MSV filter:                        95  (0.0244593); expected 77.7 (0.02)
Passed bias filter:                       83  (0.0213697); expected 77.7 (0.02)
Passed Vit filter:                         9  (0.0023172); expected 3.9 (0.001)
Passed Fwd filter:                         2  (0.000514933); expected 0.0 (1e-05)
Initial search space (Z):               3884  [actual number of targets]
Domain search space  (domZ):               1  [number of targets reported over threshold]
# CPU time: 0.07u 0.00s 00:00:00.07 Elapsed: 00:00:00.06
# Mc/sec: 14316.10
//
Query:       TIGR00964  [M=57]
Accession:   TIGR00964
Description: secE_bact: preprotein translocase, SecE subunit
Scores for complete sequences (score includes all domains):
   --- full sequence ---   --- best 1 domain ---    -#dom-
    E-value  score  bias    E-value  score  bias    exp  N  Sequence           Description
    ------- ------ -----    ------- ------ -----   ---- --  --------           -----------
    4.6e-21   72.3   1.6      5e-21   72.2   1.6    1.0  1  NZ_CM147875.1_3179  # 3238415 # 3238609 # -1 # ID=1_3179;partial=00;start_type=ATG;rbs_motif=AGGA;rbs_spacer=5-10bp;gc_cont=0.523


Domain annotation for each sequence:
>> NZ_CM147875.1_3179  # 3238415 # 3238609 # -1 # ID=1_3179;partial=00;start_type=ATG;rbs_motif=AGGA;rbs_spacer=5-10bp;gc_cont=0.523
   #    score  bias  c-Evalue  i-Evalue hmmfrom  hmm to    alifrom  ali to    envfrom  env to     acc
 ---   ------ ----- --------- --------- ------- -------    ------- -------    ------- -------    ----
   1 !   72.2   1.6   1.3e-24     5e-21       2      55 ..       7      60 ..       6      62 .. 0.96



Internal pipeline statistics summary:
-------------------------------------
Query model(s):                            1  (57 nodes)
Target sequences:                       3884  (1189330 residues searched)
Passed MSV filter:                       236  (0.0607621); expected 77.7 (0.02)
Passed bias filter:                      123  (0.0316684); expected 77.7 (0.02)
Passed Vit filter:                        11  (0.00283213); expected 3.9 (0.001)
Passed Fwd filter:                         3  (0.0007724); expected 0.0 (1e-05)
Initial search space (Z):               3884  [actual number of targets]
Domain search space  (domZ):               1  [number of targets reported over threshold]
# CPU time: 0.02u 0.00s 00:00:00.02 Elapsed: 00:00:00.01
# Mc/sec: 3690.42
//
Query:       TIGR00967  [M=414]
Accession:   TIGR00967
Description: 3a0501s007: preprotein translocase, SecY subunit
Scores for complete sequences (score includes all domains):
   --- full sequence ---   --- best 1 domain ---    -#dom-
    E-value  score  bias    E-value  score  bias    exp  N  Sequence           Description
    ------- ------ -----    ------- ------ -----   ---- --  --------           -----------
   1.9e-127  423.3  18.7   2.3e-127  423.1  18.7    1.0  1  NZ_CM147875.1_3144  # 3209644 # 3210978 # -1 # ID=1_3144;partial=00;start_type=ATG;rbs_motif=GGAG/GAGG;rbs_spacer=5-10bp;gc_cont=0.613


Domain annotation for each sequence:
>> NZ_CM147875.1_3144  # 3209644 # 3210978 # -1 # ID=1_3144;partial=00;start_type=ATG;rbs_motif=GGAG/GAGG;rbs_spacer=5-10bp;gc_cont=0.613
   #    score  bias  c-Evalue  i-Evalue hmmfrom  hmm to    alifrom  ali to    envfrom  env to     acc
 ---   ------ ----- --------- --------- ------- -------    ------- -------    ------- -------    ----
   1 !  423.1  18.7  5.9e-131  2.3e-127       2     414 .]      25     430 ..      24     430 .. 0.96



Internal pipeline statistics summary:
-------------------------------------
Query model(s):                            1  (414 nodes)
Target sequences:                       3884  (1189330 residues searched)
Passed MSV filter:                       201  (0.0517508); expected 77.7 (0.02)
Passed bias filter:                       75  (0.01931); expected 77.7 (0.02)
Passed Vit filter:                         4  (0.00102987); expected 3.9 (0.001)
Passed Fwd filter:                         1  (0.000257467); expected 0.0 (1e-05)
Initial search space (Z):               3884  [actual number of targets]
Domain search space  (domZ):               1  [number of targets reported over threshold]
# CPU time: 0.03u 0.00s 00:00:00.03 Elapsed: 00:00:00.05
# Mc/sec: 9463.09
//
Query:       TIGR00982  [M=139]
Accession:   TIGR00982
Description: uS12_E_A: ribosomal protein uS12
Scores for complete sequences (score includes all domains):
   --- full sequence ---   --- best 1 domain ---    -#dom-
    E-value  score  bias    E-value  score  bias    exp  N  Sequence Description
    ------- ------ -----    ------- ------ -----   ---- --  -------- -----------

   [No hits detected that satisfy reporting thresholds]


Domain annotation for each sequence:

   [No targets detected that satisfy reporting thresholds]


Internal pipeline statistics summary:
-------------------------------------
Query model(s):                            1  (139 nodes)
Target sequences:                       3884  (1189330 residues searched)
Passed MSV filter:                        87  (0.0223996); expected 77.7 (0.02)
Passed bias filter:                       79  (0.0203399); expected 77.7 (0.02)
Passed Vit filter:                         7  (0.00180227); expected 3.9 (0.001)
Passed Fwd filter:                         1  (0.000257467); expected 0.0 (1e-05)
Initial search space (Z):               3884  [actual number of targets]
Domain search space  (domZ):               0  [number of targets reported over threshold]
# CPU time: 0.02u 0.00s 00:00:00.02 Elapsed: 00:00:00.03
# Mc/sec: 4410.89
//
Query:       TIGR01008  [M=195]
Accession:   TIGR01008
Description: uS3_euk_arch: ribosomal protein uS3
Scores for complete sequences (score includes all domains):
   --- full sequence ---   --- best 1 domain ---    -#dom-
    E-value  score  bias    E-value  score  bias    exp  N  Sequence Description
    ------- ------ -----    ------- ------ -----   ---- --  -------- -----------

   [No hits detected that satisfy reporting thresholds]


Domain annotation for each sequence:

   [No targets detected that satisfy reporting thresholds]


Internal pipeline statistics summary:
-------------------------------------
Query model(s):                            1  (195 nodes)
Target sequences:                       3884  (1189330 residues searched)
Passed MSV filter:                       125  (0.0321833); expected 77.7 (0.02)
Passed bias filter:                      104  (0.0267765); expected 77.7 (0.02)
Passed Vit filter:                         8  (0.00205973); expected 3.9 (0.001)
Passed Fwd filter:                         1  (0.000257467); expected 0.0 (1e-05)
Initial search space (Z):               3884  [actual number of targets]
Domain search space  (domZ):               0  [number of targets reported over threshold]
# CPU time: 0.03u 0.00s 00:00:00.03 Elapsed: 00:00:00.02
# Mc/sec: 8543.86
//
Query:       TIGR01009  [M=212]
Accession:   TIGR01009
Description: rpsC_bact: ribosomal protein uS3
Scores for complete sequences (score includes all domains):
   --- full sequence ---   --- best 1 domain ---    -#dom-
    E-value  score  bias    E-value  score  bias    exp  N  Sequence           Description
    ------- ------ -----    ------- ------ -----   ---- --  --------           -----------
    7.5e-97  320.9   3.1    8.5e-97  320.8   3.1    1.0  1  NZ_CM147875.1_3158  # 3216260 # 3216997 # -1 # ID=1_3158;partial=00;start_type=ATG;rbs_motif=AGGAG;rbs_spacer=5-10bp;gc_cont=0.627


Domain annotation for each sequence:
>> NZ_CM147875.1_3158  # 3216260 # 3216997 # -1 # ID=1_3158;partial=00;start_type=ATG;rbs_motif=AGGAG;rbs_spacer=5-10bp;gc_cont=0.627
   #    score  bias  c-Evalue  i-Evalue hmmfrom  hmm to    alifrom  ali to    envfrom  env to     acc
 ---   ------ ----- --------- --------- ------- -------    ------- -------    ------- -------    ----
   1 !  320.8   3.1  2.2e-100   8.5e-97       1     210 [.       1     209 [.       1     211 [. 0.99



Internal pipeline statistics summary:
-------------------------------------
Query model(s):                            1  (212 nodes)
Target sequences:                       3884  (1189330 residues searched)
Passed MSV filter:                       102  (0.0262616); expected 77.7 (0.02)
Passed bias filter:                       91  (0.0234295); expected 77.7 (0.02)
Passed Vit filter:                         9  (0.0023172); expected 3.9 (0.001)
Passed Fwd filter:                         1  (0.000257467); expected 0.0 (1e-05)
Initial search space (Z):               3884  [actual number of targets]
Domain search space  (domZ):               1  [number of targets reported over threshold]
# CPU time: 0.02u 0.00s 00:00:00.02 Elapsed: 00:00:00.03
# Mc/sec: 8347.67
//
Query:       TIGR01011  [M=225]
Accession:   TIGR01011
Description: rpsB_bact: ribosomal protein uS2
Scores for complete sequences (score includes all domains):
   --- full sequence ---   --- best 1 domain ---    -#dom-
    E-value  score  bias    E-value  score  bias    exp  N  Sequence           Description
    ------- ------ -----    ------- ------ -----   ---- --  --------           -----------
    7.2e-97  320.8   0.0    8.3e-97  320.6   0.0    1.0  1  NZ_CM147875.1_2809  # 2867805 # 2868572 # 1 # ID=1_2809;partial=00;start_type=ATG;rbs_motif=AGGAG;rbs_spacer=5-10bp;gc_cont=0.651


Domain annotation for each sequence:
>> NZ_CM147875.1_2809  # 2867805 # 2868572 # 1 # ID=1_2809;partial=00;start_type=ATG;rbs_motif=AGGAG;rbs_spacer=5-10bp;gc_cont=0.651
   #    score  bias  c-Evalue  i-Evalue hmmfrom  hmm to    alifrom  ali to    envfrom  env to     acc
 ---   ------ ----- --------- --------- ------- -------    ------- -------    ------- -------    ----
   1 !  320.6   0.0  2.1e-100   8.3e-97       3     222 ..       7     225 ..       5     228 .. 0.99



Internal pipeline statistics summary:
-------------------------------------
Query model(s):                            1  (225 nodes)
Target sequences:                       3884  (1189330 residues searched)
Passed MSV filter:                        92  (0.0236869); expected 77.7 (0.02)
Passed bias filter:                       81  (0.0208548); expected 77.7 (0.02)
Passed Vit filter:                         8  (0.00205973); expected 3.9 (0.001)
Passed Fwd filter:                         1  (0.000257467); expected 0.0 (1e-05)
Initial search space (Z):               3884  [actual number of targets]
Domain search space  (domZ):               1  [number of targets reported over threshold]
# CPU time: 0.02u 0.00s 00:00:00.02 Elapsed: 00:00:00.02
# Mc/sec: 8999.08
//
Query:       TIGR01012  [M=196]
Accession:   TIGR01012
Description: uS2_euk_arch: ribosomal protein uS2
Scores for complete sequences (score includes all domains):
   --- full sequence ---   --- best 1 domain ---    -#dom-
    E-value  score  bias    E-value  score  bias    exp  N  Sequence Description
    ------- ------ -----    ------- ------ -----   ---- --  -------- -----------

   [No hits detected that satisfy reporting thresholds]


Domain annotation for each sequence:

   [No targets detected that satisfy reporting thresholds]


Internal pipeline statistics summary:
-------------------------------------
Query model(s):                            1  (196 nodes)
Target sequences:                       3884  (1189330 residues searched)
Passed MSV filter:                       112  (0.0288363); expected 77.7 (0.02)
Passed bias filter:                      104  (0.0267765); expected 77.7 (0.02)
Passed Vit filter:                        10  (0.00257467); expected 3.9 (0.001)
Passed Fwd filter:                         1  (0.000257467); expected 0.0 (1e-05)
Initial search space (Z):               3884  [actual number of targets]
Domain search space  (domZ):               0  [number of targets reported over threshold]
# CPU time: 0.03u 0.00s 00:00:00.03 Elapsed: 00:00:00.02
# Mc/sec: 8329.16
//
Query:       TIGR01017  [M=200]
Accession:   TIGR01017
Description: rpsD_bact: ribosomal protein uS4
Scores for complete sequences (score includes all domains):
   --- full sequence ---   --- best 1 domain ---    -#dom-
    E-value  score  bias    E-value  score  bias    exp  N  Sequence           Description
    ------- ------ -----    ------- ------ -----   ---- --  --------           -----------
    1.8e-72  241.0   0.1    2.2e-72  240.8   0.1    1.0  1  NZ_CM147875.1_2641  # 2703078 # 2703695 # 1 # ID=1_2641;partial=00;start_type=ATG;rbs_motif=AGGA;rbs_spacer=5-10bp;gc_cont=0.607


Domain annotation for each sequence:
>> NZ_CM147875.1_2641  # 2703078 # 2703695 # 1 # ID=1_2641;partial=00;start_type=ATG;rbs_motif=AGGA;rbs_spacer=5-10bp;gc_cont=0.607
   #    score  bias  c-Evalue  i-Evalue hmmfrom  hmm to    alifrom  ali to    envfrom  env to     acc
 ---   ------ ----- --------- --------- ------- -------    ------- -------    ------- -------    ----
   1 !  240.8   0.1   5.6e-76   2.2e-72       6     200 .]       8     205 ..       4     205 .. 0.95



Internal pipeline statistics summary:
-------------------------------------
Query model(s):                            1  (200 nodes)
Target sequences:                       3884  (1189330 residues searched)
Passed MSV filter:                        57  (0.0146756); expected 77.7 (0.02)
Passed bias filter:                       54  (0.0139032); expected 77.7 (0.02)
Passed Vit filter:                         9  (0.0023172); expected 3.9 (0.001)
Passed Fwd filter:                         5  (0.00128733); expected 0.0 (1e-05)
Initial search space (Z):               3884  [actual number of targets]
Domain search space  (domZ):               1  [number of targets reported over threshold]
# CPU time: 0.02u 0.00s 00:00:00.02 Elapsed: 00:00:00.03
# Mc/sec: 6236.92
//
Query:       TIGR01018  [M=162]
Accession:   TIGR01018
Description: uS4_arch: ribosomal protein uS4
Scores for complete sequences (score includes all domains):
   --- full sequence ---   --- best 1 domain ---    -#dom-
    E-value  score  bias    E-value  score  bias    exp  N  Sequence Description
    ------- ------ -----    ------- ------ -----   ---- --  -------- -----------

   [No hits detected that satisfy reporting thresholds]


Domain annotation for each sequence:

   [No targets detected that satisfy reporting thresholds]


Internal pipeline statistics summary:
-------------------------------------
Query model(s):                            1  (162 nodes)
Target sequences:                       3884  (1189330 residues searched)
Passed MSV filter:                        86  (0.0221421); expected 77.7 (0.02)
Passed bias filter:                       77  (0.0198249); expected 77.7 (0.02)
Passed Vit filter:                         9  (0.0023172); expected 3.9 (0.001)
Passed Fwd filter:                         1  (0.000257467); expected 0.0 (1e-05)
Initial search space (Z):               3884  [actual number of targets]
Domain search space  (domZ):               0  [number of targets reported over threshold]
# CPU time: 0.02u 0.00s 00:00:00.02 Elapsed: 00:00:00.02
# Mc/sec: 8587.18
//
Query:       TIGR01020  [M=212]
Accession:   TIGR01020
Description: uS5_euk_arch: ribosomal protein uS5
Scores for complete sequences (score includes all domains):
   --- full sequence ---   --- best 1 domain ---    -#dom-
    E-value  score  bias    E-value  score  bias    exp  N  Sequence Description
    ------- ------ -----    ------- ------ -----   ---- --  -------- -----------

   [No hits detected that satisfy reporting thresholds]


Domain annotation for each sequence:

   [No targets detected that satisfy reporting thresholds]


Internal pipeline statistics summary:
-------------------------------------
Query model(s):                            1  (212 nodes)
Target sequences:                       3884  (1189330 residues searched)
Passed MSV filter:                        73  (0.0187951); expected 77.7 (0.02)
Passed bias filter:                       63  (0.0162204); expected 77.7 (0.02)
Passed Vit filter:                         4  (0.00102987); expected 3.9 (0.001)
Passed Fwd filter:                         1  (0.000257467); expected 0.0 (1e-05)
Initial search space (Z):               3884  [actual number of targets]
Domain search space  (domZ):               0  [number of targets reported over threshold]
# CPU time: 0.02u 0.01s 00:00:00.03 Elapsed: 00:00:00.02
# Mc/sec: 9607.73
//
Query:       TIGR01021  [M=156]
Accession:   TIGR01021
Description: rpsE_bact: ribosomal protein uS5
Scores for complete sequences (score includes all domains):
   --- full sequence ---   --- best 1 domain ---    -#dom-
    E-value  score  bias    E-value  score  bias    exp  N  Sequence           Description
    ------- ------ -----    ------- ------ -----   ---- --  --------           -----------
    4.4e-65  216.0   4.7    5.1e-65  215.8   4.7    1.0  1  NZ_CM147875.1_3147  # 3211809 # 3212345 # -1 # ID=1_3147;partial=00;start_type=ATG;rbs_motif=GGA/GAG/AGG;rbs_spacer=5-10bp;gc_cont=0.644


Domain annotation for each sequence:
>> NZ_CM147875.1_3147  # 3211809 # 3212345 # -1 # ID=1_3147;partial=00;start_type=ATG;rbs_motif=GGA/GAG/AGG;rbs_spacer=5-10bp;gc_cont=0.644
   #    score  bias  c-Evalue  i-Evalue hmmfrom  hmm to    alifrom  ali to    envfrom  env to     acc
 ---   ------ ----- --------- --------- ------- -------    ------- -------    ------- -------    ----
   1 !  215.8   4.7   1.3e-68   5.1e-65       2     156 .]      10     165 ..       9     165 .. 0.98



Internal pipeline statistics summary:
-------------------------------------
Query model(s):                            1  (156 nodes)
Target sequences:                       3884  (1189330 residues searched)
Passed MSV filter:                       141  (0.0363028); expected 77.7 (0.02)
Passed bias filter:                       96  (0.0247168); expected 77.7 (0.02)
Passed Vit filter:                         5  (0.00128733); expected 3.9 (0.001)
Passed Fwd filter:                         1  (0.000257467); expected 0.0 (1e-05)
Initial search space (Z):               3884  [actual number of targets]
Domain search space  (domZ):               1  [number of targets reported over threshold]
# CPU time: 0.02u 0.00s 00:00:00.02 Elapsed: 00:00:00.02
# Mc/sec: 7393.78
//
Query:       TIGR01028  [M=186]
Accession:   TIGR01028
Description: uS7_euk_arch: ribosomal protein uS7
Scores for complete sequences (score includes all domains):
   --- full sequence ---   --- best 1 domain ---    -#dom-
    E-value  score  bias    E-value  score  bias    exp  N  Sequence Description
    ------- ------ -----    ------- ------ -----   ---- --  -------- -----------

   [No hits detected that satisfy reporting thresholds]


Domain annotation for each sequence:

   [No targets detected that satisfy reporting thresholds]


Internal pipeline statistics summary:
-------------------------------------
Query model(s):                            1  (186 nodes)
Target sequences:                       3884  (1189330 residues searched)
Passed MSV filter:                        76  (0.0195675); expected 77.7 (0.02)
Passed bias filter:                       67  (0.0172503); expected 77.7 (0.02)
Passed Vit filter:                         8  (0.00205973); expected 3.9 (0.001)
Passed Fwd filter:                         1  (0.000257467); expected 0.0 (1e-05)
Initial search space (Z):               3884  [actual number of targets]
Domain search space  (domZ):               0  [number of targets reported over threshold]
# CPU time: 0.01u 0.00s 00:00:00.01 Elapsed: 00:00:00.03
# Mc/sec: 6419.74
//
Query:       TIGR01029  [M=154]
Accession:   TIGR01029
Description: rpsG_bact: ribosomal protein uS7
Scores for complete sequences (score includes all domains):
   --- full sequence ---   --- best 1 domain ---    -#dom-
    E-value  score  bias    E-value  score  bias    exp  N  Sequence           Description
    ------- ------ -----    ------- ------ -----   ---- --  --------           -----------
    4.1e-70  232.5   0.2    4.5e-70  232.3   0.2    1.0  1  NZ_CM147875.1_3168  # 3223939 # 3224409 # -1 # ID=1_3168;partial=00;start_type=ATG;rbs_motif=AGGAG;rbs_spacer=5-10bp;gc_cont=0.607


Domain annotation for each sequence:
>> NZ_CM147875.1_3168  # 3223939 # 3224409 # -1 # ID=1_3168;partial=00;start_type=ATG;rbs_motif=AGGAG;rbs_spacer=5-10bp;gc_cont=0.607
   #    score  bias  c-Evalue  i-Evalue hmmfrom  hmm to    alifrom  ali to    envfrom  env to     acc
 ---   ------ ----- --------- --------- ------- -------    ------- -------    ------- -------    ----
   1 !  232.3   0.2   1.2e-73   4.5e-70       1     154 []       3     156 ..       3     156 .. 1.00



Internal pipeline statistics summary:
-------------------------------------
Query model(s):                            1  (154 nodes)
Target sequences:                       3884  (1189330 residues searched)
Passed MSV filter:                        63  (0.0162204); expected 77.7 (0.02)
Passed bias filter:                       55  (0.0141607); expected 77.7 (0.02)
Passed Vit filter:                         5  (0.00128733); expected 3.9 (0.001)
Passed Fwd filter:                         1  (0.000257467); expected 0.0 (1e-05)
Initial search space (Z):               3884  [actual number of targets]
Domain search space  (domZ):               1  [number of targets reported over threshold]
# CPU time: 0.02u 0.00s 00:00:00.02 Elapsed: 00:00:00.03
# Mc/sec: 6004.17
//
Query:       TIGR01032  [M=114]
Accession:   TIGR01032
Description: rplT_bact: ribosomal protein bL20
Scores for complete sequences (score includes all domains):
   --- full sequence ---   --- best 1 domain ---    -#dom-
    E-value  score  bias    E-value  score  bias    exp  N  Sequence          Description
    ------- ------ -----    ------- ------ -----   ---- --  --------          -----------
    1.5e-48  161.5   5.2    1.9e-48  161.2   5.2    1.0  1  NZ_CM147875.1_638  # 673688 # 674089 # 1 # ID=1_638;partial=00;start_type=ATG;rbs_motif=AGGAG;rbs_spacer=5-10bp;gc_cont=0.604


Domain annotation for each sequence:
>> NZ_CM147875.1_638  # 673688 # 674089 # 1 # ID=1_638;partial=00;start_type=ATG;rbs_motif=AGGAG;rbs_spacer=5-10bp;gc_cont=0.604
   #    score  bias  c-Evalue  i-Evalue hmmfrom  hmm to    alifrom  ali to    envfrom  env to     acc
 ---   ------ ----- --------- --------- ------- -------    ------- -------    ------- -------    ----
   1 !  161.2   5.2   4.9e-52   1.9e-48       1     114 []       1     114 [.       1     114 [. 0.99



Internal pipeline statistics summary:
-------------------------------------
Query model(s):                            1  (114 nodes)
Target sequences:                       3884  (1189330 residues searched)
Passed MSV filter:                        93  (0.0239444); expected 77.7 (0.02)
Passed bias filter:                       65  (0.0167353); expected 77.7 (0.02)
Passed Vit filter:                         5  (0.00128733); expected 3.9 (0.001)
Passed Fwd filter:                         2  (0.000514933); expected 0.0 (1e-05)
Initial search space (Z):               3884  [actual number of targets]
Domain search space  (domZ):               1  [number of targets reported over threshold]
# CPU time: 0.01u 0.00s 00:00:00.01 Elapsed: 00:00:00.04
# Mc/sec: 3261.32
//
Query:       TIGR01039  [M=462]
Accession:   TIGR01039
Description: atpD: ATP synthase F1, beta subunit
Scores for complete sequences (score includes all domains):
   --- full sequence ---   --- best 1 domain ---    -#dom-
    E-value  score  bias    E-value  score  bias    exp  N  Sequence           Description
    ------- ------ -----    ------- ------ -----   ---- --  --------           -----------
   1.5e-246  816.3   3.3   1.7e-246  816.1   3.3    1.0  1  NZ_CM147875.1_1236  # 1269047 # 1270585 # 1 # ID=1_1236;partial=00;start_type=ATG;rbs_motif=GGAG/GAGG;rbs_spacer=5-10bp;gc_cont=0.651


Domain annotation for each sequence:
>> NZ_CM147875.1_1236  # 1269047 # 1270585 # 1 # ID=1_1236;partial=00;start_type=ATG;rbs_motif=GGAG/GAGG;rbs_spacer=5-10bp;gc_cont=0.651
   #    score  bias  c-Evalue  i-Evalue hmmfrom  hmm to    alifrom  ali to    envfrom  env to     acc
 ---   ------ ----- --------- --------- ------- -------    ------- -------    ------- -------    ----
   1 !  816.1   3.3  4.4e-250  1.7e-246       2     462 .]      39     507 ..      38     507 .. 0.99



Internal pipeline statistics summary:
-------------------------------------
Query model(s):                            1  (462 nodes)
Target sequences:                       3884  (1189330 residues searched)
Passed MSV filter:                       125  (0.0321833); expected 77.7 (0.02)
Passed bias filter:                      100  (0.0257467); expected 77.7 (0.02)
Passed Vit filter:                        13  (0.00334706); expected 3.9 (0.001)
Passed Fwd filter:                         4  (0.00102987); expected 0.0 (1e-05)
Initial search space (Z):               3884  [actual number of targets]
Domain search space  (domZ):               1  [number of targets reported over threshold]
# CPU time: 0.05u 0.01s 00:00:00.06 Elapsed: 00:00:00.05
# Mc/sec: 9556.86
//
Query:       TIGR01044  [M=103]
Accession:   TIGR01044
Description: rplV_bact: ribosomal protein uL22
Scores for complete sequences (score includes all domains):
   --- full sequence ---   --- best 1 domain ---    -#dom-
    E-value  score  bias    E-value  score  bias    exp  N  Sequence           Description
    ------- ------ -----    ------- ------ -----   ---- --  --------           -----------
    6.1e-30  101.3   0.4    7.4e-30  101.0   0.4    1.0  1  NZ_CM147875.1_3159  # 3216997 # 3217377 # -1 # ID=1_3159;partial=00;start_type=ATG;rbs_motif=GGAG/GAGG;rbs_spacer=5-10bp;gc_cont=0.598


Domain annotation for each sequence:
>> NZ_CM147875.1_3159  # 3216997 # 3217377 # -1 # ID=1_3159;partial=00;start_type=ATG;rbs_motif=GGAG/GAGG;rbs_spacer=5-10bp;gc_cont=0.598
   #    score  bias  c-Evalue  i-Evalue hmmfrom  hmm to    alifrom  ali to    envfrom  env to     acc
 ---   ------ ----- --------- --------- ------- -------    ------- -------    ------- -------    ----
   1 !  101.0   0.4   1.9e-33   7.4e-30       1     103 []      17     119 ..      17     119 .. 0.99



Internal pipeline statistics summary:
-------------------------------------
Query model(s):                            1  (103 nodes)
Target sequences:                       3884  (1189330 residues searched)
Passed MSV filter:                        88  (0.0226571); expected 77.7 (0.02)
Passed bias filter:                       67  (0.0172503); expected 77.7 (0.02)
Passed Vit filter:                         8  (0.00205973); expected 3.9 (0.001)
Passed Fwd filter:                         1  (0.000257467); expected 0.0 (1e-05)
Initial search space (Z):               3884  [actual number of targets]
Domain search space  (domZ):               1  [number of targets reported over threshold]
# CPU time: 0.02u 0.00s 00:00:00.02 Elapsed: 00:00:00.02
# Mc/sec: 4289.66
//
Query:       TIGR01046  [M=99]
Accession:   TIGR01046
Description: uS10_euk_arch: ribosomal protein uS10
Scores for complete sequences (score includes all domains):
   --- full sequence ---   --- best 1 domain ---    -#dom-
    E-value  score  bias    E-value  score  bias    exp  N  Sequence Description
    ------- ------ -----    ------- ------ -----   ---- --  -------- -----------

   [No hits detected that satisfy reporting thresholds]


Domain annotation for each sequence:

   [No targets detected that satisfy reporting thresholds]


Internal pipeline statistics summary:
-------------------------------------
Query model(s):                            1  (99 nodes)
Target sequences:                       3884  (1189330 residues searched)
Passed MSV filter:                        67  (0.0172503); expected 77.7 (0.02)
Passed bias filter:                       62  (0.0159629); expected 77.7 (0.02)
Passed Vit filter:                         6  (0.0015448); expected 3.9 (0.001)
Passed Fwd filter:                         1  (0.000257467); expected 0.0 (1e-05)
Initial search space (Z):               3884  [actual number of targets]
Domain search space  (domZ):               0  [number of targets reported over threshold]
# CPU time: 0.01u 0.00s 00:00:00.01 Elapsed: 00:00:00.01
# Mc/sec: 6035.60
//
Query:       TIGR01052  [M=488]
Accession:   TIGR01052
Description: top6b: DNA topoisomerase VI, B subunit
Scores for complete sequences (score includes all domains):
   --- full sequence ---   --- best 1 domain ---    -#dom-
    E-value  score  bias    E-value  score  bias    exp  N  Sequence Description
    ------- ------ -----    ------- ------ -----   ---- --  -------- -----------

   [No hits detected that satisfy reporting thresholds]


Domain annotation for each sequence:

   [No targets detected that satisfy reporting thresholds]


Internal pipeline statistics summary:
-------------------------------------
Query model(s):                            1  (488 nodes)
Target sequences:                       3884  (1189330 residues searched)
Passed MSV filter:                        87  (0.0223996); expected 77.7 (0.02)
Passed bias filter:                       85  (0.0218847); expected 77.7 (0.02)
Passed Vit filter:                        13  (0.00334706); expected 3.9 (0.001)
Passed Fwd filter:                         9  (0.0023172); expected 0.0 (1e-05)
Initial search space (Z):               3884  [actual number of targets]
Domain search space  (domZ):               0  [number of targets reported over threshold]
# CPU time: 0.06u 0.00s 00:00:00.06 Elapsed: 00:00:00.06
# Mc/sec: 9345.27
//
Query:       TIGR01059  [M=639]
Accession:   TIGR01059
Description: gyrB: DNA gyrase, B subunit
Scores for complete sequences (score includes all domains):
   --- full sequence ---   --- best 1 domain ---    -#dom-
    E-value  score  bias    E-value  score  bias    exp  N  Sequence          Description
    ------- ------ -----    ------- ------ -----   ---- --  --------          -----------
   4.6e-290  961.4   0.1   5.3e-290  961.2   0.1    1.0  1  NZ_CM147875.1_873  # 911430 # 913886 # 1 # ID=1_873;partial=00;start_type=TTG;rbs_motif=GGA/GAG/AGG;rbs_spacer=5-10bp;gc_cont=0.643


Domain annotation for each sequence:
>> NZ_CM147875.1_873  # 911430 # 913886 # 1 # ID=1_873;partial=00;start_type=TTG;rbs_motif=GGA/GAG/AGG;rbs_spacer=5-10bp;gc_cont=0.643
   #    score  bias  c-Evalue  i-Evalue hmmfrom  hmm to    alifrom  ali to    envfrom  env to     acc
 ---   ------ ----- --------- --------- ------- -------    ------- -------    ------- -------    ----
   1 !  961.2   0.1  1.4e-293  5.3e-290       1     639 []      13     818 ..      13     818 .. 0.92



Internal pipeline statistics summary:
-------------------------------------
Query model(s):                            1  (639 nodes)
Target sequences:                       3884  (1189330 residues searched)
Passed MSV filter:                        73  (0.0187951); expected 77.7 (0.02)
Passed bias filter:                       66  (0.0169928); expected 77.7 (0.02)
Passed Vit filter:                         7  (0.00180227); expected 3.9 (0.001)
Passed Fwd filter:                         2  (0.000514933); expected 0.0 (1e-05)
Initial search space (Z):               3884  [actual number of targets]
Domain search space  (domZ):               1  [number of targets reported over threshold]
# CPU time: 0.06u 0.01s 00:00:00.06 Elapsed: 00:00:00.09
# Mc/sec: 8375.13
//
Query:       TIGR01063  [M=800]
Accession:   TIGR01063
Description: gyrA: DNA gyrase, A subunit
Scores for complete sequences (score includes all domains):
   --- full sequence ---   --- best 1 domain ---    -#dom-
    E-value  score  bias    E-value  score  bias    exp  N  Sequence           Description
    ------- ------ -----    ------- ------ -----   ---- --  --------           -----------
          0 1137.5   1.2          0 1137.3   1.2    1.0  1  NZ_CM147875.1_2805  # 2859616 # 2862429 # 1 # ID=1_2805;partial=00;start_type=GTG;rbs_motif=GGA/GAG/AGG;rbs_spacer=5-10bp;gc_cont=0.655


Domain annotation for each sequence:
>> NZ_CM147875.1_2805  # 2859616 # 2862429 # 1 # ID=1_2805;partial=00;start_type=GTG;rbs_motif=GGA/GAG/AGG;rbs_spacer=5-10bp;gc_cont=0.655
   #    score  bias  c-Evalue  i-Evalue hmmfrom  hmm to    alifrom  ali to    envfrom  env to     acc
 ---   ------ ----- --------- --------- ------- -------    ------- -------    ------- -------    ----
   1 ! 1137.3   1.2         0         0       1     799 [.      18     901 ..      18     902 .. 0.98



Internal pipeline statistics summary:
-------------------------------------
Query model(s):                            1  (800 nodes)
Target sequences:                       3884  (1189330 residues searched)
Passed MSV filter:                        81  (0.0208548); expected 77.7 (0.02)
Passed bias filter:                       70  (0.0180227); expected 77.7 (0.02)
Passed Vit filter:                         8  (0.00205973); expected 3.9 (0.001)
Passed Fwd filter:                         2  (0.000514933); expected 0.0 (1e-05)
Initial search space (Z):               3884  [actual number of targets]
Domain search space  (domZ):               1  [number of targets reported over threshold]
# CPU time: 0.09u 0.00s 00:00:00.09 Elapsed: 00:00:00.09
# Mc/sec: 9554.82
//
Query:       TIGR01066  [M=141]
Accession:   TIGR01066
Description: rplM_bact: ribosomal protein uL13
Scores for complete sequences (score includes all domains):
   --- full sequence ---   --- best 1 domain ---    -#dom-
    E-value  score  bias    E-value  score  bias    exp  N  Sequence           Description
    ------- ------ -----    ------- ------ -----   ---- --  --------           -----------
    3.6e-58  193.2   0.0    4.4e-58  192.8   0.0    1.0  1  NZ_CM147875.1_3205  # 3267946 # 3268410 # -1 # ID=1_3205;partial=00;start_type=ATG;rbs_motif=GGA/GAG/AGG;rbs_spacer=5-10bp;gc_cont=0.628


Domain annotation for each sequence:
>> NZ_CM147875.1_3205  # 3267946 # 3268410 # -1 # ID=1_3205;partial=00;start_type=ATG;rbs_motif=GGA/GAG/AGG;rbs_spacer=5-10bp;gc_cont=0.628
   #    score  bias  c-Evalue  i-Evalue hmmfrom  hmm to    alifrom  ali to    envfrom  env to     acc
 ---   ------ ----- --------- --------- ------- -------    ------- -------    ------- -------    ----
   1 !  192.8   0.0   1.1e-61   4.4e-58       2     140 ..       4     142 ..       3     143 .. 0.97



Internal pipeline statistics summary:
-------------------------------------
Query model(s):                            1  (141 nodes)
Target sequences:                       3884  (1189330 residues searched)
Passed MSV filter:                        61  (0.0157055); expected 77.7 (0.02)
Passed bias filter:                       57  (0.0146756); expected 77.7 (0.02)
Passed Vit filter:                         3  (0.0007724); expected 3.9 (0.001)
Passed Fwd filter:                         1  (0.000257467); expected 0.0 (1e-05)
Initial search space (Z):               3884  [actual number of targets]
Domain search space  (domZ):               1  [number of targets reported over threshold]
# CPU time: 0.02u 0.00s 00:00:00.02 Elapsed: 00:00:00.02
# Mc/sec: 7904.56
//
Query:       TIGR01071  [M=144]
Accession:   TIGR01071
Description: rplO_bact: ribosomal protein uL15
Scores for complete sequences (score includes all domains):
   --- full sequence ---   --- best 1 domain ---    -#dom-
    E-value  score  bias    E-value  score  bias    exp  N  Sequence           Description
    ------- ------ -----    ------- ------ -----   ---- --  --------           -----------
    6.2e-43  143.9   3.2      7e-43  143.7   3.2    1.0  1  NZ_CM147875.1_3145  # 3211101 # 3211583 # -1 # ID=1_3145;partial=00;start_type=ATG;rbs_motif=GGA/GAG/AGG;rbs_spacer=5-10bp;gc_cont=0.623


Domain annotation for each sequence:
>> NZ_CM147875.1_3145  # 3211101 # 3211583 # -1 # ID=1_3145;partial=00;start_type=ATG;rbs_motif=GGA/GAG/AGG;rbs_spacer=5-10bp;gc_cont=0.623
   #    score  bias  c-Evalue  i-Evalue hmmfrom  hmm to    alifrom  ali to    envfrom  env to     acc
 ---   ------ ----- --------- --------- ------- -------    ------- -------    ------- -------    ----
   1 !  143.7   3.2   1.8e-46     7e-43       1     143 [.       3     149 ..       3     150 .. 0.97



Internal pipeline statistics summary:
-------------------------------------
Query model(s):                            1  (144 nodes)
Target sequences:                       3884  (1189330 residues searched)
Passed MSV filter:                        56  (0.0144181); expected 77.7 (0.02)
Passed bias filter:                       42  (0.0108136); expected 77.7 (0.02)
Passed Vit filter:                         2  (0.000514933); expected 3.9 (0.001)
Passed Fwd filter:                         1  (0.000257467); expected 0.0 (1e-05)
Initial search space (Z):               3884  [actual number of targets]
Domain search space  (domZ):               1  [number of targets reported over threshold]
# CPU time: 0.01u 0.00s 00:00:00.01 Elapsed: 00:00:00.01
# Mc/sec: 10145.39
//
Query:       TIGR01079  [M=104]
Accession:   TIGR01079
Description: rplX_bact: ribosomal protein uL24
Scores for complete sequences (score includes all domains):
   --- full sequence ---   --- best 1 domain ---    -#dom-
    E-value  score  bias    E-value  score  bias    exp  N  Sequence           Description
    ------- ------ -----    ------- ------ -----   ---- --  --------           -----------
      2e-32  109.5   3.4    2.2e-32  109.4   3.4    1.0  1  NZ_CM147875.1_3153  # 3214597 # 3214908 # -1 # ID=1_3153;partial=00;start_type=ATG;rbs_motif=GGAGG;rbs_spacer=5-10bp;gc_cont=0.577


Domain annotation for each sequence:
>> NZ_CM147875.1_3153  # 3214597 # 3214908 # -1 # ID=1_3153;partial=00;start_type=ATG;rbs_motif=GGAGG;rbs_spacer=5-10bp;gc_cont=0.577
   #    score  bias  c-Evalue  i-Evalue hmmfrom  hmm to    alifrom  ali to    envfrom  env to     acc
 ---   ------ ----- --------- --------- ------- -------    ------- -------    ------- -------    ----
   1 !  109.4   3.4   5.7e-36   2.2e-32       2     104 .]       3     101 ..       2     101 .. 0.95



Internal pipeline statistics summary:
-------------------------------------
Query model(s):                            1  (104 nodes)
Target sequences:                       3884  (1189330 residues searched)
Passed MSV filter:                        64  (0.0164779); expected 77.7 (0.02)
Passed bias filter:                       58  (0.0149331); expected 77.7 (0.02)
Passed Vit filter:                         4  (0.00102987); expected 3.9 (0.001)
Passed Fwd filter:                         1  (0.000257467); expected 0.0 (1e-05)
Initial search space (Z):               3884  [actual number of targets]
Domain search space  (domZ):               1  [number of targets reported over threshold]
# CPU time: 0.02u 0.00s 00:00:00.02 Elapsed: 00:00:00.00
# Mc/sec: 15309.86
//
Query:       TIGR01082  [M=449]
Accession:   TIGR01082
Description: murC: UDP-N-acetylmuramate--L-alanine ligase
Scores for complete sequences (score includes all domains):
   --- full sequence ---   --- best 1 domain ---    -#dom-
    E-value  score  bias    E-value  score  bias    exp  N  Sequence           Description
    ------- ------ -----    ------- ------ -----   ---- --  --------           -----------
   1.2e-159  529.9   0.1   1.4e-159  529.7   0.1    1.0  1  NZ_CM147875.1_2450  # 2511452 # 2512879 # 1 # ID=1_2450;partial=00;start_type=ATG;rbs_motif=AGxAGG/AGGxGG;rbs_spacer=5-10bp;gc_cont=0.662


Domain annotation for each sequence:
>> NZ_CM147875.1_2450  # 2511452 # 2512879 # 1 # ID=1_2450;partial=00;start_type=ATG;rbs_motif=AGxAGG/AGGxGG;rbs_spacer=5-10bp;gc_cont=0.662
   #    score  bias  c-Evalue  i-Evalue hmmfrom  hmm to    alifrom  ali to    envfrom  env to     acc
 ---   ------ ----- --------- --------- ------- -------    ------- -------    ------- -------    ----
   1 !  529.7   0.1  3.5e-163  1.4e-159       2     447 ..      10     459 ..       9     461 .. 0.97



Internal pipeline statistics summary:
-------------------------------------
Query model(s):                            1  (449 nodes)
Target sequences:                       3884  (1189330 residues searched)
Passed MSV filter:                       159  (0.0409372); expected 77.7 (0.02)
Passed bias filter:                      137  (0.0352729); expected 77.7 (0.02)
Passed Vit filter:                        13  (0.00334706); expected 3.9 (0.001)
Passed Fwd filter:                         5  (0.00128733); expected 0.0 (1e-05)
Initial search space (Z):               3884  [actual number of targets]
Domain search space  (domZ):               1  [number of targets reported over threshold]
# CPU time: 0.07u 0.00s 00:00:00.07 Elapsed: 00:00:00.07
# Mc/sec: 7175.29
//
Query:       TIGR01087  [M=441]
Accession:   TIGR01087
Description: murD: UDP-N-acetylmuramoylalanine--D-glutamate ligase
Scores for complete sequences (score includes all domains):
   --- full sequence ---   --- best 1 domain ---    -#dom-
    E-value  score  bias    E-value  score  bias    exp  N  Sequence           Description
    ------- ------ -----    ------- ------ -----   ---- --  --------           -----------
    2.9e-77  258.3   0.0    2.4e-76  255.3   0.0    1.9  1  NZ_CM147875.1_2125  # 2208174 # 2209484 # -1 # ID=1_2125;partial=00;start_type=ATG;rbs_motif=GGA/GAG/AGG;rbs_spacer=5-10bp;gc_cont=0.669


Domain annotation for each sequence:
>> NZ_CM147875.1_2125  # 2208174 # 2209484 # -1 # ID=1_2125;partial=00;start_type=ATG;rbs_motif=GGA/GAG/AGG;rbs_spacer=5-10bp;gc_cont=0.669
   #    score  bias  c-Evalue  i-Evalue hmmfrom  hmm to    alifrom  ali to    envfrom  env to     acc
 ---   ------ ----- --------- --------- ------- -------    ------- -------    ------- -------    ----
   1 !  255.3   0.0   6.2e-80   2.4e-76       2     440 ..       7     432 ..       6     433 .. 0.86



Internal pipeline statistics summary:
-------------------------------------
Query model(s):                            1  (441 nodes)
Target sequences:                       3884  (1189330 residues searched)
Passed MSV filter:                       184  (0.0473738); expected 77.7 (0.02)
Passed bias filter:                      172  (0.0442842); expected 77.7 (0.02)
Passed Vit filter:                        42  (0.0108136); expected 3.9 (0.001)
Passed Fwd filter:                         5  (0.00128733); expected 0.0 (1e-05)
Initial search space (Z):               3884  [actual number of targets]
Domain search space  (domZ):               1  [number of targets reported over threshold]
# CPU time: 0.09u 0.00s 00:00:00.09 Elapsed: 00:00:00.09
# Mc/sec: 5707.03
//
Query:       TIGR01128  [M=314]
Accession:   TIGR01128
Description: holA: DNA polymerase III, delta subunit
Scores for complete sequences (score includes all domains):
   --- full sequence ---   --- best 1 domain ---    -#dom-
    E-value  score  bias    E-value  score  bias    exp  N  Sequence           Description
    ------- ------ -----    ------- ------ -----   ---- --  --------           -----------
    3.8e-37  126.0   0.0    4.8e-37  125.7   0.0    1.0  1  NZ_CM147875.1_1015  # 1044640 # 1045662 # -1 # ID=1_1015;partial=00;start_type=ATG;rbs_motif=GGA/GAG/AGG;rbs_spacer=3-4bp;gc_cont=0.658


Domain annotation for each sequence:
>> NZ_CM147875.1_1015  # 1044640 # 1045662 # -1 # ID=1_1015;partial=00;start_type=ATG;rbs_motif=GGA/GAG/AGG;rbs_spacer=3-4bp;gc_cont=0.658
   #    score  bias  c-Evalue  i-Evalue hmmfrom  hmm to    alifrom  ali to    envfrom  env to     acc
 ---   ------ ----- --------- --------- ------- -------    ------- -------    ------- -------    ----
   1 !  125.7   0.0   1.2e-40   4.8e-37       4     312 ..      22     332 ..      20     334 .. 0.92



Internal pipeline statistics summary:
-------------------------------------
Query model(s):                            1  (314 nodes)
Target sequences:                       3884  (1189330 residues searched)
Passed MSV filter:                        90  (0.023172); expected 77.7 (0.02)
Passed bias filter:                       71  (0.0182801); expected 77.7 (0.02)
Passed Vit filter:                        12  (0.0030896); expected 3.9 (0.001)
Passed Fwd filter:                         3  (0.0007724); expected 0.0 (1e-05)
Initial search space (Z):               3884  [actual number of targets]
Domain search space  (domZ):               1  [number of targets reported over threshold]
# CPU time: 0.03u 0.00s 00:00:00.03 Elapsed: 00:00:00.03
# Mc/sec: 10759.31
//
Query:       TIGR01146  [M=286]
Accession:   TIGR01146
Description: ATPsyn_F1gamma: ATP synthase F1, gamma subunit
Scores for complete sequences (score includes all domains):
   --- full sequence ---   --- best 1 domain ---    -#dom-
    E-value  score  bias    E-value  score  bias    exp  N  Sequence           Description
    ------- ------ -----    ------- ------ -----   ---- --  --------           -----------
    1.7e-98  327.7   4.6    1.9e-98  327.5   4.6    1.0  1  NZ_CM147875.1_1235  # 1268141 # 1269028 # 1 # ID=1_1235;partial=00;start_type=ATG;rbs_motif=AGGAG/GGAGG;rbs_spacer=11-12bp;gc_cont=0.633


Domain annotation for each sequence:
>> NZ_CM147875.1_1235  # 1268141 # 1269028 # 1 # ID=1_1235;partial=00;start_type=ATG;rbs_motif=AGGAG/GGAGG;rbs_spacer=11-12bp;gc_cont=0.633
   #    score  bias  c-Evalue  i-Evalue hmmfrom  hmm to    alifrom  ali to    envfrom  env to     acc
 ---   ------ ----- --------- --------- ------- -------    ------- -------    ------- -------    ----
   1 !  327.5   4.6  4.9e-102   1.9e-98       1     286 []       1     295 [.       1     295 [. 0.94



Internal pipeline statistics summary:
-------------------------------------
Query model(s):                            1  (286 nodes)
Target sequences:                       3884  (1189330 residues searched)
Passed MSV filter:                        92  (0.0236869); expected 77.7 (0.02)
Passed bias filter:                       77  (0.0198249); expected 77.7 (0.02)
Passed Vit filter:                         6  (0.0015448); expected 3.9 (0.001)
Passed Fwd filter:                         1  (0.000257467); expected 0.0 (1e-05)
Initial search space (Z):               3884  [actual number of targets]
Domain search space  (domZ):               1  [number of targets reported over threshold]
# CPU time: 0.03u 0.00s 00:00:00.03 Elapsed: 00:00:00.02
# Mc/sec: 14781.37
//
Query:       TIGR01164  [M=126]
Accession:   TIGR01164
Description: rplP_bact: ribosomal protein uL16
Scores for complete sequences (score includes all domains):
   --- full sequence ---   --- best 1 domain ---    -#dom-
    E-value  score  bias    E-value  score  bias    exp  N  Sequence           Description
    ------- ------ -----    ------- ------ -----   ---- --  --------           -----------
    2.6e-59  196.6   1.0      3e-59  196.4   1.0    1.0  1  NZ_CM147875.1_3157  # 3215831 # 3216244 # -1 # ID=1_3157;partial=00;start_type=ATG;rbs_motif=AGxAGG/AGGxGG;rbs_spacer=5-10bp;gc_cont=0.630


Domain annotation for each sequence:
>> NZ_CM147875.1_3157  # 3215831 # 3216244 # -1 # ID=1_3157;partial=00;start_type=ATG;rbs_motif=AGxAGG/AGGxGG;rbs_spacer=5-10bp;gc_cont=0.630
   #    score  bias  c-Evalue  i-Evalue hmmfrom  hmm to    alifrom  ali to    envfrom  env to     acc
 ---   ------ ----- --------- --------- ------- -------    ------- -------    ------- -------    ----
   1 !  196.4   1.0   7.7e-63     3e-59       1     126 []       2     127 ..       2     127 .. 0.99



Internal pipeline statistics summary:
-------------------------------------
Query model(s):                            1  (126 nodes)
Target sequences:                       3884  (1189330 residues searched)
Passed MSV filter:                        78  (0.0200824); expected 77.7 (0.02)
Passed bias filter:                       70  (0.0180227); expected 77.7 (0.02)
Passed Vit filter:                         8  (0.00205973); expected 3.9 (0.001)
Passed Fwd filter:                         1  (0.000257467); expected 0.0 (1e-05)
Initial search space (Z):               3884  [actual number of targets]
Domain search space  (domZ):               1  [number of targets reported over threshold]
# CPU time: 0.02u 0.00s 00:00:00.02 Elapsed: 00:00:00.04
# Mc/sec: 3635.08
//
Query:       TIGR01169  [M=227]
Accession:   TIGR01169
Description: rplA_bact: ribosomal protein uL1
Scores for complete sequences (score includes all domains):
   --- full sequence ---   --- best 1 domain ---    -#dom-
    E-value  score  bias    E-value  score  bias    exp  N  Sequence           Description
    ------- ------ -----    ------- ------ -----   ---- --  --------           -----------
   2.1e-102  339.1   3.8   2.3e-102  339.0   3.8    1.0  1  NZ_CM147875.1_3176  # 3236560 # 3237255 # -1 # ID=1_3176;partial=00;start_type=ATG;rbs_motif=GGAG/GAGG;rbs_spacer=5-10bp;gc_cont=0.616


Domain annotation for each sequence:
>> NZ_CM147875.1_3176  # 3236560 # 3237255 # -1 # ID=1_3176;partial=00;start_type=ATG;rbs_motif=GGAG/GAGG;rbs_spacer=5-10bp;gc_cont=0.616
   #    score  bias  c-Evalue  i-Evalue hmmfrom  hmm to    alifrom  ali to    envfrom  env to     acc
 ---   ------ ----- --------- --------- ------- -------    ------- -------    ------- -------    ----
   1 !  339.0   3.8  5.9e-106  2.3e-102       1     226 [.       3     228 ..       3     229 .. 0.99



Internal pipeline statistics summary:
-------------------------------------
Query model(s):                            1  (227 nodes)
Target sequences:                       3884  (1189330 residues searched)
Passed MSV filter:                       101  (0.0260041); expected 77.7 (0.02)
Passed bias filter:                       89  (0.0229145); expected 77.7 (0.02)
Passed Vit filter:                         9  (0.0023172); expected 3.9 (0.001)
Passed Fwd filter:                         1  (0.000257467); expected 0.0 (1e-05)
Initial search space (Z):               3884  [actual number of targets]
Domain search space  (domZ):               1  [number of targets reported over threshold]
# CPU time: 0.03u 0.00s 00:00:00.03 Elapsed: 00:00:00.05
# Mc/sec: 5053.35
//
Query:       TIGR01171  [M=275]
Accession:   TIGR01171
Description: rplB_bact: ribosomal protein uL2
Scores for complete sequences (score includes all domains):
   --- full sequence ---   --- best 1 domain ---    -#dom-
    E-value  score  bias    E-value  score  bias    exp  N  Sequence           Description
    ------- ------ -----    ------- ------ -----   ---- --  --------           -----------
   1.4e-120  399.6   6.5   1.6e-120  399.4   6.5    1.0  1  NZ_CM147875.1_3161  # 3217662 # 3218501 # -1 # ID=1_3161;partial=00;start_type=ATG;rbs_motif=GGAG/GAGG;rbs_spacer=5-10bp;gc_cont=0.627


Domain annotation for each sequence:
>> NZ_CM147875.1_3161  # 3217662 # 3218501 # -1 # ID=1_3161;partial=00;start_type=ATG;rbs_motif=GGAG/GAGG;rbs_spacer=5-10bp;gc_cont=0.627
   #    score  bias  c-Evalue  i-Evalue hmmfrom  hmm to    alifrom  ali to    envfrom  env to     acc
 ---   ------ ----- --------- --------- ------- -------    ------- -------    ------- -------    ----
   1 !  399.4   6.5  4.1e-124  1.6e-120       1     274 [.       3     274 ..       3     275 .. 0.98



Internal pipeline statistics summary:
-------------------------------------
Query model(s):                            1  (275 nodes)
Target sequences:                       3884  (1189330 residues searched)
Passed MSV filter:                        53  (0.0136457); expected 77.7 (0.02)
Passed bias filter:                       46  (0.0118435); expected 77.7 (0.02)
Passed Vit filter:                         2  (0.000514933); expected 3.9 (0.001)
Passed Fwd filter:                         1  (0.000257467); expected 0.0 (1e-05)
Initial search space (Z):               3884  [actual number of targets]
Domain search space  (domZ):               1  [number of targets reported over threshold]
# CPU time: 0.02u 0.00s 00:00:00.02 Elapsed: 00:00:00.02
# Mc/sec: 16075.92
//
Query:       TIGR01213  [M=387]
Accession:   TIGR01213
Description: pseudo_Pus10arc: tRNA pseudouridine(54/55) synthase
Scores for complete sequences (score includes all domains):
   --- full sequence ---   --- best 1 domain ---    -#dom-
    E-value  score  bias    E-value  score  bias    exp  N  Sequence Description
    ------- ------ -----    ------- ------ -----   ---- --  -------- -----------

   [No hits detected that satisfy reporting thresholds]


Domain annotation for each sequence:

   [No targets detected that satisfy reporting thresholds]


Internal pipeline statistics summary:
-------------------------------------
Query model(s):                            1  (387 nodes)
Target sequences:                       3884  (1189330 residues searched)
Passed MSV filter:                        75  (0.01931); expected 77.7 (0.02)
Passed bias filter:                       64  (0.0164779); expected 77.7 (0.02)
Passed Vit filter:                         4  (0.00102987); expected 3.9 (0.001)
Passed Fwd filter:                         0  (0); expected 0.0 (1e-05)
Initial search space (Z):               3884  [actual number of targets]
Domain search space  (domZ):               0  [number of targets reported over threshold]
# CPU time: 0.03u 0.00s 00:00:00.03 Elapsed: 00:00:00.05
# Mc/sec: 8019.00
//
Query:       TIGR01302  [M=450]
Accession:   TIGR01302
Description: IMP_dehydrog: inosine-5'-monophosphate dehydrogenase
Scores for complete sequences (score includes all domains):
   --- full sequence ---   --- best 1 domain ---    -#dom-
    E-value  score  bias    E-value  score  bias    exp  N  Sequence           Description
    ------- ------ -----    ------- ------ -----   ---- --  --------           -----------
   3.3e-191  633.8  10.5   3.7e-191  633.6  10.5    1.0  1  NZ_CM147875.1_3387  # 3457475 # 3458977 # -1 # ID=1_3387;partial=00;start_type=TTG;rbs_motif=GGA/GAG/AGG;rbs_spacer=5-10bp;gc_cont=0.656


Domain annotation for each sequence:
>> NZ_CM147875.1_3387  # 3457475 # 3458977 # -1 # ID=1_3387;partial=00;start_type=TTG;rbs_motif=GGA/GAG/AGG;rbs_spacer=5-10bp;gc_cont=0.656
   #    score  bias  c-Evalue  i-Evalue hmmfrom  hmm to    alifrom  ali to    envfrom  env to     acc
 ---   ------ ----- --------- --------- ------- -------    ------- -------    ------- -------    ----
   1 !  633.6  10.5  9.6e-195  3.7e-191       1     449 [.      13     466 ..      13     467 .. 0.99



Internal pipeline statistics summary:
-------------------------------------
Query model(s):                            1  (450 nodes)
Target sequences:                       3884  (1189330 residues searched)
Passed MSV filter:                       163  (0.041967); expected 77.7 (0.02)
Passed bias filter:                      112  (0.0288363); expected 77.7 (0.02)
Passed Vit filter:                        16  (0.00411946); expected 3.9 (0.001)
Passed Fwd filter:                         8  (0.00205973); expected 0.0 (1e-05)
Initial search space (Z):               3884  [actual number of targets]
Domain search space  (domZ):               1  [number of targets reported over threshold]
# CPU time: 0.07u 0.00s 00:00:00.07 Elapsed: 00:00:00.06
# Mc/sec: 7754.48
//
Query:       TIGR01391  [M=414]
Accession:   TIGR01391
Description: dnaG: DNA primase
Scores for complete sequences (score includes all domains):
   --- full sequence ---   --- best 1 domain ---    -#dom-
    E-value  score  bias    E-value  score  bias    exp  N  Sequence           Description
    ------- ------ -----    ------- ------ -----   ---- --  --------           -----------
   7.2e-127  421.4   0.0   8.8e-127  421.1   0.0    1.1  1  NZ_CM147875.1_2281  # 2339262 # 2341199 # 1 # ID=1_2281;partial=00;start_type=ATG;rbs_motif=GGA/GAG/AGG;rbs_spacer=3-4bp;gc_cont=0.661


Domain annotation for each sequence:
>> NZ_CM147875.1_2281  # 2339262 # 2341199 # 1 # ID=1_2281;partial=00;start_type=ATG;rbs_motif=GGA/GAG/AGG;rbs_spacer=3-4bp;gc_cont=0.661
   #    score  bias  c-Evalue  i-Evalue hmmfrom  hmm to    alifrom  ali to    envfrom  env to     acc
 ---   ------ ----- --------- --------- ------- -------    ------- -------    ------- -------    ----
   1 !  421.1   0.0  2.3e-130  8.8e-127       2     414 .]       3     422 ..       2     422 .. 0.95



Internal pipeline statistics summary:
-------------------------------------
Query model(s):                            1  (414 nodes)
Target sequences:                       3884  (1189330 residues searched)
Passed MSV filter:                        67  (0.0172503); expected 77.7 (0.02)
Passed bias filter:                       63  (0.0162204); expected 77.7 (0.02)
Passed Vit filter:                         7  (0.00180227); expected 3.9 (0.001)
Passed Fwd filter:                         1  (0.000257467); expected 0.0 (1e-05)
Initial search space (Z):               3884  [actual number of targets]
Domain search space  (domZ):               1  [number of targets reported over threshold]
# CPU time: 0.04u 0.00s 00:00:00.04 Elapsed: 00:00:00.03
# Mc/sec: 14208.21
//
Query:       TIGR01393  [M=595]
Accession:   TIGR01393
Description: lepA: elongation factor 4
Scores for complete sequences (score includes all domains):
   --- full sequence ---   --- best 1 domain ---    -#dom-
    E-value  score  bias    E-value  score  bias    exp  N  Sequence          Description
    ------- ------ -----    ------- ------ -----   ---- --  --------          -----------
   5.6e-292  967.2   0.0   6.5e-292  967.0   0.0    1.0  1  NZ_CM147875.1_539  # 564539 # 566344 # 1 # ID=1_539;partial=00;start_type=ATG;rbs_motif=None;rbs_spacer=None;gc_cont=0.624


Domain annotation for each sequence:
>> NZ_CM147875.1_539  # 564539 # 566344 # 1 # ID=1_539;partial=00;start_type=ATG;rbs_motif=None;rbs_spacer=None;gc_cont=0.624
   #    score  bias  c-Evalue  i-Evalue hmmfrom  hmm to    alifrom  ali to    envfrom  env to     acc
 ---   ------ ----- --------- --------- ------- -------    ------- -------    ------- -------    ----
   1 !  967.0   0.0  1.7e-295  6.5e-292       2     594 ..       7     598 ..       6     599 .. 1.00



Internal pipeline statistics summary:
-------------------------------------
Query model(s):                            1  (595 nodes)
Target sequences:                       3884  (1189330 residues searched)
Passed MSV filter:                        71  (0.0182801); expected 77.7 (0.02)
Passed bias filter:                       64  (0.0164779); expected 77.7 (0.02)
Passed Vit filter:                        10  (0.00257467); expected 3.9 (0.001)
Passed Fwd filter:                         8  (0.00205973); expected 0.0 (1e-05)
Initial search space (Z):               3884  [actual number of targets]
Domain search space  (domZ):               1  [number of targets reported over threshold]
# CPU time: 0.09u 0.00s 00:00:00.09 Elapsed: 00:00:00.15
# Mc/sec: 4641.41
//
Query:       TIGR01394  [M=594]
Accession:   TIGR01394
Description: TypA_BipA: GTP-binding protein TypA/BipA
Scores for complete sequences (score includes all domains):
   --- full sequence ---   --- best 1 domain ---    -#dom-
    E-value  score  bias    E-value  score  bias    exp  N  Sequence           Description
    ------- ------ -----    ------- ------ -----   ---- --  --------           -----------
   2.1e-273  905.7   0.2   2.4e-273  905.6   0.2    1.0  1  NZ_CM147875.1_1072  # 1107385 # 1109199 # -1 # ID=1_1072;partial=00;start_type=ATG;rbs_motif=None;rbs_spacer=None;gc_cont=0.648


Domain annotation for each sequence:
>> NZ_CM147875.1_1072  # 1107385 # 1109199 # -1 # ID=1_1072;partial=00;start_type=ATG;rbs_motif=None;rbs_spacer=None;gc_cont=0.648
   #    score  bias  c-Evalue  i-Evalue hmmfrom  hmm to    alifrom  ali to    envfrom  env to     acc
 ---   ------ ----- --------- --------- ------- -------    ------- -------    ------- -------    ----
   1 !  905.6   0.2  6.1e-277  2.4e-273       1     594 []       3     596 ..       3     596 .. 0.99



Internal pipeline statistics summary:
-------------------------------------
Query model(s):                            1  (594 nodes)
Target sequences:                       3884  (1189330 residues searched)
Passed MSV filter:                        83  (0.0213697); expected 77.7 (0.02)
Passed bias filter:                       66  (0.0169928); expected 77.7 (0.02)
Passed Vit filter:                        12  (0.0030896); expected 3.9 (0.001)
Passed Fwd filter:                         8  (0.00205973); expected 0.0 (1e-05)
Initial search space (Z):               3884  [actual number of targets]
Domain search space  (domZ):               1  [number of targets reported over threshold]
# CPU time: 0.10u 0.00s 00:00:00.10 Elapsed: 00:00:00.10
# Mc/sec: 6610.39
//
Query:       TIGR01510  [M=155]
Accession:   TIGR01510
Description: coaD_prev_kdtB: pantetheine-phosphate adenylyltransferase
Scores for complete sequences (score includes all domains):
   --- full sequence ---   --- best 1 domain ---    -#dom-
    E-value  score  bias    E-value  score  bias    exp  N  Sequence           Description
    ------- ------ -----    ------- ------ -----   ---- --  --------           -----------
    5.1e-54  180.3   0.0    5.7e-54  180.1   0.0    1.0  1  NZ_CM147875.1_2944  # 3014231 # 3014722 # -1 # ID=1_2944;partial=00;start_type=ATG;rbs_motif=GGAGG;rbs_spacer=5-10bp;gc_cont=0.593


Domain annotation for each sequence:
>> NZ_CM147875.1_2944  # 3014231 # 3014722 # -1 # ID=1_2944;partial=00;start_type=ATG;rbs_motif=GGAGG;rbs_spacer=5-10bp;gc_cont=0.593
   #    score  bias  c-Evalue  i-Evalue hmmfrom  hmm to    alifrom  ali to    envfrom  env to     acc
 ---   ------ ----- --------- --------- ------- -------    ------- -------    ------- -------    ----
   1 !  180.1   0.0   1.5e-57   5.7e-54       2     153 ..       6     162 ..       5     163 .. 0.98



Internal pipeline statistics summary:
-------------------------------------
Query model(s):                            1  (155 nodes)
Target sequences:                       3884  (1189330 residues searched)
Passed MSV filter:                        53  (0.0136457); expected 77.7 (0.02)
Passed bias filter:                       49  (0.0126159); expected 77.7 (0.02)
Passed Vit filter:                         4  (0.00102987); expected 3.9 (0.001)
Passed Fwd filter:                         2  (0.000514933); expected 0.0 (1e-05)
Initial search space (Z):               3884  [actual number of targets]
Domain search space  (domZ):               1  [number of targets reported over threshold]
# CPU time: 0.02u 0.00s 00:00:00.02 Elapsed: 00:00:00.02
# Mc/sec: 6151.51
//
Query:       TIGR01632  [M=140]
Accession:   TIGR01632
Description: L11_bact: ribosomal protein uL11
Scores for complete sequences (score includes all domains):
   --- full sequence ---   --- best 1 domain ---    -#dom-
    E-value  score  bias    E-value  score  bias    exp  N  Sequence           Description
    ------- ------ -----    ------- ------ -----   ---- --  --------           -----------
    3.9e-62  206.1   0.5    4.3e-62  206.0   0.5    1.0  1  NZ_CM147875.1_3177  # 3237259 # 3237687 # -1 # ID=1_3177;partial=00;start_type=ATG;rbs_motif=AGGA;rbs_spacer=5-10bp;gc_cont=0.585


Domain annotation for each sequence:
>> NZ_CM147875.1_3177  # 3237259 # 3237687 # -1 # ID=1_3177;partial=00;start_type=ATG;rbs_motif=AGGA;rbs_spacer=5-10bp;gc_cont=0.585
   #    score  bias  c-Evalue  i-Evalue hmmfrom  hmm to    alifrom  ali to    envfrom  env to     acc
 ---   ------ ----- --------- --------- ------- -------    ------- -------    ------- -------    ----
   1 !  206.0   0.5   1.1e-65   4.3e-62       1     139 [.       3     141 ..       3     142 .. 0.99



Internal pipeline statistics summary:
-------------------------------------
Query model(s):                            1  (140 nodes)
Target sequences:                       3884  (1189330 residues searched)
Passed MSV filter:                        63  (0.0162204); expected 77.7 (0.02)
Passed bias filter:                       58  (0.0149331); expected 77.7 (0.02)
Passed Vit filter:                         4  (0.00102987); expected 3.9 (0.001)
Passed Fwd filter:                         1  (0.000257467); expected 0.0 (1e-05)
Initial search space (Z):               3884  [actual number of targets]
Domain search space  (domZ):               1  [number of targets reported over threshold]
# CPU time: 0.01u 0.00s 00:00:00.01 Elapsed: 00:00:00.01
# Mc/sec: 9935.29
//
Query:       TIGR01951  [M=131]
Accession:   TIGR01951
Description: nusB: transcription antitermination factor NusB
Scores for complete sequences (score includes all domains):
   --- full sequence ---   --- best 1 domain ---    -#dom-
    E-value  score  bias    E-value  score  bias    exp  N  Sequence           Description
    ------- ------ -----    ------- ------ -----   ---- --  --------           -----------
    2.8e-40  135.4   0.0    3.2e-40  135.2   0.0    1.0  1  NZ_CM147875.1_3228  # 3291125 # 3291637 # -1 # ID=1_3228;partial=00;start_type=ATG;rbs_motif=GGA/GAG/AGG;rbs_spacer=5-10bp;gc_cont=0.649


Domain annotation for each sequence:
>> NZ_CM147875.1_3228  # 3291125 # 3291637 # -1 # ID=1_3228;partial=00;start_type=ATG;rbs_motif=GGA/GAG/AGG;rbs_spacer=5-10bp;gc_cont=0.649
   #    score  bias  c-Evalue  i-Evalue hmmfrom  hmm to    alifrom  ali to    envfrom  env to     acc
 ---   ------ ----- --------- --------- ------- -------    ------- -------    ------- -------    ----
   1 !  135.2   0.0   8.3e-44   3.2e-40       2     130 ..      27     164 ..      25     165 .. 0.94



Internal pipeline statistics summary:
-------------------------------------
Query model(s):                            1  (131 nodes)
Target sequences:                       3884  (1189330 residues searched)
Passed MSV filter:                        93  (0.0239444); expected 77.7 (0.02)
Passed bias filter:                       78  (0.0200824); expected 77.7 (0.02)
Passed Vit filter:                         3  (0.0007724); expected 3.9 (0.001)
Passed Fwd filter:                         2  (0.000514933); expected 0.0 (1e-05)
Initial search space (Z):               3884  [actual number of targets]
Domain search space  (domZ):               1  [number of targets reported over threshold]
# CPU time: 0.02u 0.00s 00:00:00.02 Elapsed: 00:00:00.02
# Mc/sec: 6911.90
//
Query:       TIGR01952  [M=141]
Accession:   TIGR01952
Description: nusA_arch: NusA family KH domain protein, archaeal
Scores for complete sequences (score includes all domains):
   --- full sequence ---   --- best 1 domain ---    -#dom-
    E-value  score  bias    E-value  score  bias    exp  N  Sequence Description
    ------- ------ -----    ------- ------ -----   ---- --  -------- -----------

   [No hits detected that satisfy reporting thresholds]


Domain annotation for each sequence:

   [No targets detected that satisfy reporting thresholds]


Internal pipeline statistics summary:
-------------------------------------
Query model(s):                            1  (141 nodes)
Target sequences:                       3884  (1189330 residues searched)
Passed MSV filter:                        94  (0.0242019); expected 77.7 (0.02)
Passed bias filter:                       83  (0.0213697); expected 77.7 (0.02)
Passed Vit filter:                         6  (0.0015448); expected 3.9 (0.001)
Passed Fwd filter:                         2  (0.000514933); expected 0.0 (1e-05)
Initial search space (Z):               3884  [actual number of targets]
Domain search space  (domZ):               0  [number of targets reported over threshold]
# CPU time: 0.02u 0.00s 00:00:00.02 Elapsed: 00:00:00.03
# Mc/sec: 5440.29
//
Query:       TIGR01953  [M=340]
Accession:   TIGR01953
Description: NusA: transcription termination factor NusA
Scores for complete sequences (score includes all domains):
   --- full sequence ---   --- best 1 domain ---    -#dom-
    E-value  score  bias    E-value  score  bias    exp  N  Sequence          Description
    ------- ------ -----    ------- ------ -----   ---- --  --------          -----------
   1.2e-132  439.7   3.9   1.6e-132  439.4   3.9    1.1  1  NZ_CM147875.1_893  # 932464 # 934068 # -1 # ID=1_893;partial=00;start_type=ATG;rbs_motif=AGGAG;rbs_spacer=5-10bp;gc_cont=0.645


Domain annotation for each sequence:
>> NZ_CM147875.1_893  # 932464 # 934068 # -1 # ID=1_893;partial=00;start_type=ATG;rbs_motif=AGGAG;rbs_spacer=5-10bp;gc_cont=0.645
   #    score  bias  c-Evalue  i-Evalue hmmfrom  hmm to    alifrom  ali to    envfrom  env to     acc
 ---   ------ ----- --------- --------- ------- -------    ------- -------    ------- -------    ----
   1 !  439.4   3.9    4e-136  1.6e-132       1     339 [.       9     346 ..       9     347 .. 0.99



Internal pipeline statistics summary:
-------------------------------------
Query model(s):                            1  (340 nodes)
Target sequences:                       3884  (1189330 residues searched)
Passed MSV filter:                       101  (0.0260041); expected 77.7 (0.02)
Passed bias filter:                       75  (0.01931); expected 77.7 (0.02)
Passed Vit filter:                         4  (0.00102987); expected 3.9 (0.001)
Passed Fwd filter:                         1  (0.000257467); expected 0.0 (1e-05)
Initial search space (Z):               3884  [actual number of targets]
Domain search space  (domZ):               1  [number of targets reported over threshold]
# CPU time: 0.04u 0.00s 00:00:00.04 Elapsed: 00:00:00.04
# Mc/sec: 8204.01
//
Query:       TIGR02012  [M=321]
Accession:   TIGR02012
Description: tigrfam_recA: protein RecA
Scores for complete sequences (score includes all domains):
   --- full sequence ---   --- best 1 domain ---    -#dom-
    E-value  score  bias    E-value  score  bias    exp  N  Sequence           Description
    ------- ------ -----    ------- ------ -----   ---- --  --------           -----------
   1.4e-171  567.8   1.0   1.6e-171  567.6   1.0    1.0  1  NZ_CM147875.1_2620  # 2682342 # 2683418 # 1 # ID=1_2620;partial=00;start_type=ATG;rbs_motif=GGAG/GAGG;rbs_spacer=5-10bp;gc_cont=0.630


Domain annotation for each sequence:
>> NZ_CM147875.1_2620  # 2682342 # 2683418 # 1 # ID=1_2620;partial=00;start_type=ATG;rbs_motif=GGAG/GAGG;rbs_spacer=5-10bp;gc_cont=0.630
   #    score  bias  c-Evalue  i-Evalue hmmfrom  hmm to    alifrom  ali to    envfrom  env to     acc
 ---   ------ ----- --------- --------- ------- -------    ------- -------    ------- -------    ----
   1 !  567.6   1.0    4e-175  1.6e-171       1     321 []      16     336 ..      16     336 .. 1.00



Internal pipeline statistics summary:
-------------------------------------
Query model(s):                            1  (321 nodes)
Target sequences:                       3884  (1189330 residues searched)
Passed MSV filter:                       181  (0.0466014); expected 77.7 (0.02)
Passed bias filter:                      151  (0.0388774); expected 77.7 (0.02)
Passed Vit filter:                        30  (0.007724); expected 3.9 (0.001)
Passed Fwd filter:                         2  (0.000514933); expected 0.0 (1e-05)
Initial search space (Z):               3884  [actual number of targets]
Domain search space  (domZ):               1  [number of targets reported over threshold]
# CPU time: 0.04u 0.00s 00:00:00.04 Elapsed: 00:00:00.04
# Mc/sec: 9012.05
//
Query:       TIGR02013  [M=1238]
Accession:   TIGR02013
Description: rpoB: DNA-directed RNA polymerase, beta subunit
Scores for complete sequences (score includes all domains):
   --- full sequence ---   --- best 1 domain ---    -#dom-
    E-value  score  bias    E-value  score  bias    exp  N  Sequence           Description
    ------- ------ -----    ------- ------ -----   ---- --  --------           -----------
          0 1948.7   5.1          0 1948.5   5.1    1.0  1  NZ_CM147875.1_3173  # 3230857 # 3235005 # -1 # ID=1_3173;partial=00;start_type=ATG;rbs_motif=AGGAG;rbs_spacer=5-10bp;gc_cont=0.610


Domain annotation for each sequence:
>> NZ_CM147875.1_3173  # 3230857 # 3235005 # -1 # ID=1_3173;partial=00;start_type=ATG;rbs_motif=AGGAG;rbs_spacer=5-10bp;gc_cont=0.610
   #    score  bias  c-Evalue  i-Evalue hmmfrom  hmm to    alifrom  ali to    envfrom  env to     acc
 ---   ------ ----- --------- --------- ------- -------    ------- -------    ------- -------    ----
   1 ! 1948.5   5.1         0         0       3    1238 .]      10    1356 ..       8    1356 .. 0.97



Internal pipeline statistics summary:
-------------------------------------
Query model(s):                            1  (1238 nodes)
Target sequences:                       3884  (1189330 residues searched)
Passed MSV filter:                        90  (0.023172); expected 77.7 (0.02)
Passed bias filter:                       75  (0.01931); expected 77.7 (0.02)
Passed Vit filter:                         8  (0.00205973); expected 3.9 (0.001)
Passed Fwd filter:                         1  (0.000257467); expected 0.0 (1e-05)
Initial search space (Z):               3884  [actual number of targets]
Domain search space  (domZ):               1  [number of targets reported over threshold]
# CPU time: 0.13u 0.02s 00:00:00.15 Elapsed: 00:00:00.14
# Mc/sec: 9972.03
//
Query:       TIGR02027  [M=298]
Accession:   TIGR02027
Description: rpoA: DNA-directed RNA polymerase, alpha subunit
Scores for complete sequences (score includes all domains):
   --- full sequence ---   --- best 1 domain ---    -#dom-
    E-value  score  bias    E-value  score  bias    exp  N  Sequence           Description
    ------- ------ -----    ------- ------ -----   ---- --  --------           -----------
   4.8e-116  384.9   0.0   5.5e-116  384.7   0.0    1.0  1  NZ_CM147875.1_3140  # 3206941 # 3207960 # -1 # ID=1_3140;partial=00;start_type=GTG;rbs_motif=AGGA;rbs_spacer=5-10bp;gc_cont=0.616


Domain annotation for each sequence:
>> NZ_CM147875.1_3140  # 3206941 # 3207960 # -1 # ID=1_3140;partial=00;start_type=GTG;rbs_motif=AGGA;rbs_spacer=5-10bp;gc_cont=0.616
   #    score  bias  c-Evalue  i-Evalue hmmfrom  hmm to    alifrom  ali to    envfrom  env to     acc
 ---   ------ ----- --------- --------- ------- -------    ------- -------    ------- -------    ----
   1 !  384.7   0.0  1.4e-119  5.5e-116       2     298 .]      28     319 ..      27     319 .. 0.97



Internal pipeline statistics summary:
-------------------------------------
Query model(s):                            1  (298 nodes)
Target sequences:                       3884  (1189330 residues searched)
Passed MSV filter:                        62  (0.0159629); expected 77.7 (0.02)
Passed bias filter:                       56  (0.0144181); expected 77.7 (0.02)
Passed Vit filter:                         8  (0.00205973); expected 3.9 (0.001)
Passed Fwd filter:                         1  (0.000257467); expected 0.0 (1e-05)
Initial search space (Z):               3884  [actual number of targets]
Domain search space  (domZ):               1  [number of targets reported over threshold]
# CPU time: 0.03u 0.00s 00:00:00.03 Elapsed: 00:00:00.02
# Mc/sec: 12475.15
//
Query:       TIGR02075  [M=233]
Accession:   TIGR02075
Description: pyrH_bact: UMP kinase
Scores for complete sequences (score includes all domains):
   --- full sequence ---   --- best 1 domain ---    -#dom-
    E-value  score  bias    E-value  score  bias    exp  N  Sequence           Description
    ------- ------ -----    ------- ------ -----   ---- --  --------           -----------
    7.1e-90  298.4   0.4      8e-90  298.3   0.4    1.0  1  NZ_CM147875.1_2811  # 2869679 # 2870392 # 1 # ID=1_2811;partial=00;start_type=ATG;rbs_motif=GGAG/GAGG;rbs_spacer=5-10bp;gc_cont=0.626


Domain annotation for each sequence:
>> NZ_CM147875.1_2811  # 2869679 # 2870392 # 1 # ID=1_2811;partial=00;start_type=ATG;rbs_motif=GGAG/GAGG;rbs_spacer=5-10bp;gc_cont=0.626
   #    score  bias  c-Evalue  i-Evalue hmmfrom  hmm to    alifrom  ali to    envfrom  env to     acc
 ---   ------ ----- --------- --------- ------- -------    ------- -------    ------- -------    ----
   1 !  298.3   0.4     2e-93     8e-90       1     232 [.       6     236 ..       6     237 .. 0.99



Internal pipeline statistics summary:
-------------------------------------
Query model(s):                            1  (233 nodes)
Target sequences:                       3884  (1189330 residues searched)
Passed MSV filter:                       106  (0.0272915); expected 77.7 (0.02)
Passed bias filter:                       93  (0.0239444); expected 77.7 (0.02)
Passed Vit filter:                         8  (0.00205973); expected 3.9 (0.001)
Passed Fwd filter:                         3  (0.0007724); expected 0.0 (1e-05)
Initial search space (Z):               3884  [actual number of targets]
Domain search space  (domZ):               1  [number of targets reported over threshold]
# CPU time: 0.03u 0.00s 00:00:00.03 Elapsed: 00:00:00.04
# Mc/sec: 6524.53
//
Query:       TIGR02191  [M=219]
Accession:   TIGR02191
Description: RNaseIII: ribonuclease III
Scores for complete sequences (score includes all domains):
   --- full sequence ---   --- best 1 domain ---    -#dom-
    E-value  score  bias    E-value  score  bias    exp  N  Sequence           Description
    ------- ------ -----    ------- ------ -----   ---- --  --------           -----------
    1.1e-68  228.8   0.0    1.2e-68  228.6   0.0    1.0  1  NZ_CM147875.1_3244  # 3305534 # 3306238 # -1 # ID=1_3244;partial=00;start_type=ATG;rbs_motif=None;rbs_spacer=None;gc_cont=0.660


Domain annotation for each sequence:
>> NZ_CM147875.1_3244  # 3305534 # 3306238 # -1 # ID=1_3244;partial=00;start_type=ATG;rbs_motif=None;rbs_spacer=None;gc_cont=0.660
   #    score  bias  c-Evalue  i-Evalue hmmfrom  hmm to    alifrom  ali to    envfrom  env to     acc
 ---   ------ ----- --------- --------- ------- -------    ------- -------    ------- -------    ----
   1 !  228.6   0.0   3.2e-72   1.2e-68       1     216 [.      10     224 ..      10     227 .. 0.96



Internal pipeline statistics summary:
-------------------------------------
Query model(s):                            1  (219 nodes)
Target sequences:                       3884  (1189330 residues searched)
Passed MSV filter:                        69  (0.0177652); expected 77.7 (0.02)
Passed bias filter:                       53  (0.0136457); expected 77.7 (0.02)
Passed Vit filter:                         2  (0.000514933); expected 3.9 (0.001)
Passed Fwd filter:                         1  (0.000257467); expected 0.0 (1e-05)
Initial search space (Z):               3884  [actual number of targets]
Domain search space  (domZ):               1  [number of targets reported over threshold]
# CPU time: 0.02u 0.01s 00:00:00.03 Elapsed: 00:00:00.03
# Mc/sec: 6946.65
//
Query:       TIGR02236  [M=311]
Accession:   TIGR02236
Description: recomb_radA: DNA repair and recombination protein RadA
Scores for complete sequences (score includes all domains):
   --- full sequence ---   --- best 1 domain ---    -#dom-
    E-value  score  bias    E-value  score  bias    exp  N  Sequence Description
    ------- ------ -----    ------- ------ -----   ---- --  -------- -----------

   [No hits detected that satisfy reporting thresholds]


Domain annotation for each sequence:

   [No targets detected that satisfy reporting thresholds]


Internal pipeline statistics summary:
-------------------------------------
Query model(s):                            1  (311 nodes)
Target sequences:                       3884  (1189330 residues searched)
Passed MSV filter:                       163  (0.041967); expected 77.7 (0.02)
Passed bias filter:                      122  (0.0314109); expected 77.7 (0.02)
Passed Vit filter:                        18  (0.0046344); expected 3.9 (0.001)
Passed Fwd filter:                         2  (0.000514933); expected 0.0 (1e-05)
Initial search space (Z):               3884  [actual number of targets]
Domain search space  (domZ):               0  [number of targets reported over threshold]
# CPU time: 0.04u 0.00s 00:00:00.04 Elapsed: 00:00:00.06
# Mc/sec: 5649.18
//
Query:       TIGR02273  [M=166]
Accession:   TIGR02273
Description: 16S_RimM: 16S rRNA processing protein RimM
Scores for complete sequences (score includes all domains):
   --- full sequence ---   --- best 1 domain ---    -#dom-
    E-value  score  bias    E-value  score  bias    exp  N  Sequence           Description
    ------- ------ -----    ------- ------ -----   ---- --  --------           -----------
    1.6e-40  136.0   0.0    1.8e-40  135.8   0.0    1.0  1  NZ_CM147875.1_1110  # 1143428 # 1143988 # 1 # ID=1_1110;partial=00;start_type=ATG;rbs_motif=GGA/GAG/AGG;rbs_spacer=5-10bp;gc_cont=0.663


Domain annotation for each sequence:
>> NZ_CM147875.1_1110  # 1143428 # 1143988 # 1 # ID=1_1110;partial=00;start_type=ATG;rbs_motif=GGA/GAG/AGG;rbs_spacer=5-10bp;gc_cont=0.663
   #    score  bias  c-Evalue  i-Evalue hmmfrom  hmm to    alifrom  ali to    envfrom  env to     acc
 ---   ------ ----- --------- --------- ------- -------    ------- -------    ------- -------    ----
   1 !  135.8   0.0   4.6e-44   1.8e-40       2     163 ..      10     169 ..       9     172 .. 0.93



Internal pipeline statistics summary:
-------------------------------------
Query model(s):                            1  (166 nodes)
Target sequences:                       3884  (1189330 residues searched)
Passed MSV filter:                        55  (0.0141607); expected 77.7 (0.02)
Passed bias filter:                       54  (0.0139032); expected 77.7 (0.02)
Passed Vit filter:                         6  (0.0015448); expected 3.9 (0.001)
Passed Fwd filter:                         1  (0.000257467); expected 0.0 (1e-05)
Initial search space (Z):               3884  [actual number of targets]
Domain search space  (domZ):               1  [number of targets reported over threshold]
# CPU time: 0.01u 0.00s 00:00:00.01 Elapsed: 00:00:00.02
# Mc/sec: 7274.44
//
Query:       TIGR02338  [M=110]
Accession:   TIGR02338
Description: gimC_beta: prefoldin, beta subunit
Scores for complete sequences (score includes all domains):
   --- full sequence ---   --- best 1 domain ---    -#dom-
    E-value  score  bias    E-value  score  bias    exp  N  Sequence Description
    ------- ------ -----    ------- ------ -----   ---- --  -------- -----------

   [No hits detected that satisfy reporting thresholds]


Domain annotation for each sequence:

   [No targets detected that satisfy reporting thresholds]


Internal pipeline statistics summary:
-------------------------------------
Query model(s):                            1  (110 nodes)
Target sequences:                       3884  (1189330 residues searched)
Passed MSV filter:                       121  (0.0311535); expected 77.7 (0.02)
Passed bias filter:                       85  (0.0218847); expected 77.7 (0.02)
Passed Vit filter:                         6  (0.0015448); expected 3.9 (0.001)
Passed Fwd filter:                         0  (0); expected 0.0 (1e-05)
Initial search space (Z):               3884  [actual number of targets]
Domain search space  (domZ):               0  [number of targets reported over threshold]
# CPU time: 0.01u 0.00s 00:00:00.01 Elapsed: 00:00:00.01
# Mc/sec: 8864.28
//
Query:       TIGR02350  [M=596]
Accession:   TIGR02350
Description: prok_dnaK: chaperone protein DnaK
Scores for complete sequences (score includes all domains):
   --- full sequence ---   --- best 1 domain ---    -#dom-
    E-value  score  bias    E-value  score  bias    exp  N  Sequence          Description
    ------- ------ -----    ------- ------ -----   ---- --  --------          -----------
   2.2e-301  998.3  15.8   2.5e-301  998.1  15.8    1.0  1  NZ_CM147875.1_967  # 1004209 # 1006128 # 1 # ID=1_967;partial=00;start_type=ATG;rbs_motif=GGAG/GAGG;rbs_spacer=5-10bp;gc_cont=0.627


Domain annotation for each sequence:
>> NZ_CM147875.1_967  # 1004209 # 1006128 # 1 # ID=1_967;partial=00;start_type=ATG;rbs_motif=GGAG/GAGG;rbs_spacer=5-10bp;gc_cont=0.627
   #    score  bias  c-Evalue  i-Evalue hmmfrom  hmm to    alifrom  ali to    envfrom  env to     acc
 ---   ------ ----- --------- --------- ------- -------    ------- -------    ------- -------    ----
   1 !  998.1  15.8  6.5e-305  2.5e-301       1     596 []       3     599 ..       3     599 .. 0.99



Internal pipeline statistics summary:
-------------------------------------
Query model(s):                            1  (596 nodes)
Target sequences:                       3884  (1189330 residues searched)
Passed MSV filter:                       120  (0.030896); expected 77.7 (0.02)
Passed bias filter:                       83  (0.0213697); expected 77.7 (0.02)
Passed Vit filter:                        11  (0.00283213); expected 3.9 (0.001)
Passed Fwd filter:                         2  (0.000514933); expected 0.0 (1e-05)
Initial search space (Z):               3884  [actual number of targets]
Domain search space  (domZ):               1  [number of targets reported over threshold]
# CPU time: 0.06u 0.00s 00:00:00.06 Elapsed: 00:00:00.06
# Mc/sec: 11404.38
//
Query:       TIGR02386  [M=1147]
Accession:   TIGR02386
Description: rpoC_TIGR: DNA-directed RNA polymerase, beta' subunit
Scores for complete sequences (score includes all domains):
   --- full sequence ---   --- best 1 domain ---    -#dom-
    E-value  score  bias    E-value  score  bias    exp  N  Sequence           Description
    ------- ------ -----    ------- ------ -----   ---- --  --------           -----------
          0 1783.7   0.6          0 1474.4   0.1    2.1  1  NZ_CM147875.1_3172  # 3226573 # 3230775 # -1 # ID=1_3172;partial=00;start_type=ATG;rbs_motif=AGGAG;rbs_spacer=5-10bp;gc_cont=0.611


Domain annotation for each sequence:
>> NZ_CM147875.1_3172  # 3226573 # 3230775 # -1 # ID=1_3172;partial=00;start_type=ATG;rbs_motif=AGGAG;rbs_spacer=5-10bp;gc_cont=0.611
   #    score  bias  c-Evalue  i-Evalue hmmfrom  hmm to    alifrom  ali to    envfrom  env to     acc
 ---   ------ ----- --------- --------- ------- -------    ------- -------    ------- -------    ----
   1 ! 1474.4   0.1         0         0       2    1000 ..      23    1026 ..      22    1040 .. 0.96



Internal pipeline statistics summary:
-------------------------------------
Query model(s):                            1  (1147 nodes)
Target sequences:                       3884  (1189330 residues searched)
Passed MSV filter:                        61  (0.0157055); expected 77.7 (0.02)
Passed bias filter:                       53  (0.0136457); expected 77.7 (0.02)
Passed Vit filter:                         8  (0.00205973); expected 3.9 (0.001)
Passed Fwd filter:                         1  (0.000257467); expected 0.0 (1e-05)
Initial search space (Z):               3884  [actual number of targets]
Domain search space  (domZ):               1  [number of targets reported over threshold]
# CPU time: 0.10u 0.02s 00:00:00.12 Elapsed: 00:00:00.11
# Mc/sec: 12108.09
//
Query:       TIGR02389  [M=367]
Accession:   TIGR02389
Description: RNA_pol_rpoA2: DNA-directed RNA polymerase, subunit A''
Scores for complete sequences (score includes all domains):
   --- full sequence ---   --- best 1 domain ---    -#dom-
    E-value  score  bias    E-value  score  bias    exp  N  Sequence Description
    ------- ------ -----    ------- ------ -----   ---- --  -------- -----------

   [No hits detected that satisfy reporting thresholds]


Domain annotation for each sequence:

   [No targets detected that satisfy reporting thresholds]


Internal pipeline statistics summary:
-------------------------------------
Query model(s):                            1  (367 nodes)
Target sequences:                       3884  (1189330 residues searched)
Passed MSV filter:                       106  (0.0272915); expected 77.7 (0.02)
Passed bias filter:                       83  (0.0213697); expected 77.7 (0.02)
Passed Vit filter:                         9  (0.0023172); expected 3.9 (0.001)
Passed Fwd filter:                         1  (0.000257467); expected 0.0 (1e-05)
Initial search space (Z):               3884  [actual number of targets]
Domain search space  (domZ):               0  [number of targets reported over threshold]
# CPU time: 0.04u 0.00s 00:00:00.04 Elapsed: 00:00:00.04
# Mc/sec: 10188.23
//
Query:       TIGR02390  [M=867]
Accession:   TIGR02390
Description: RNA_pol_rpoA1: DNA-directed RNA polymerase subunit A'
Scores for complete sequences (score includes all domains):
   --- full sequence ---   --- best 1 domain ---    -#dom-
    E-value  score  bias    E-value  score  bias    exp  N  Sequence Description
    ------- ------ -----    ------- ------ -----   ---- --  -------- -----------

   [No hits detected that satisfy reporting thresholds]


Domain annotation for each sequence:

   [No targets detected that satisfy reporting thresholds]


Internal pipeline statistics summary:
-------------------------------------
Query model(s):                            1  (867 nodes)
Target sequences:                       3884  (1189330 residues searched)
Passed MSV filter:                        85  (0.0218847); expected 77.7 (0.02)
Passed bias filter:                       75  (0.01931); expected 77.7 (0.02)
Passed Vit filter:                         8  (0.00205973); expected 3.9 (0.001)
Passed Fwd filter:                         1  (0.000257467); expected 0.0 (1e-05)
Initial search space (Z):               3884  [actual number of targets]
Domain search space  (domZ):               0  [number of targets reported over threshold]
# CPU time: 0.09u 0.00s 00:00:00.09 Elapsed: 00:00:00.09
# Mc/sec: 10452.07
//
Query:       TIGR02397  [M=355]
Accession:   TIGR02397
Description: dnaX_nterm: DNA polymerase III, subunit gamma and tau
Scores for complete sequences (score includes all domains):
   --- full sequence ---   --- best 1 domain ---    -#dom-
    E-value  score  bias    E-value  score  bias    exp  N  Sequence          Description
    ------- ------ -----    ------- ------ -----   ---- --  --------          -----------
   9.4e-119  394.5   0.0   1.2e-118  394.2   0.0    1.1  1  NZ_CM147875.1_388  # 420303 # 422123 # 1 # ID=1_388;partial=00;start_type=ATG;rbs_motif=None;rbs_spacer=None;gc_cont=0.655


Domain annotation for each sequence:
>> NZ_CM147875.1_388  # 420303 # 422123 # 1 # ID=1_388;partial=00;start_type=ATG;rbs_motif=None;rbs_spacer=None;gc_cont=0.655
   #    score  bias  c-Evalue  i-Evalue hmmfrom  hmm to    alifrom  ali to    envfrom  env to     acc
 ---   ------ ----- --------- --------- ------- -------    ------- -------    ------- -------    ----
   1 !  394.2   0.0    3e-122  1.2e-118       1     354 [.      29     388 ..      29     389 .. 0.97



Internal pipeline statistics summary:
-------------------------------------
Query model(s):                            1  (355 nodes)
Target sequences:                       3884  (1189330 residues searched)
Passed MSV filter:                       208  (0.053553); expected 77.7 (0.02)
Passed bias filter:                      199  (0.0512358); expected 77.7 (0.02)
Passed Vit filter:                        78  (0.0200824); expected 3.9 (0.001)
Passed Fwd filter:                        12  (0.0030896); expected 0.0 (1e-05)
Initial search space (Z):               3884  [actual number of targets]
Domain search space  (domZ):               1  [number of targets reported over threshold]
# CPU time: 0.08u 0.00s 00:00:00.08 Elapsed: 00:00:00.08
# Mc/sec: 4693.32
//
Query:       TIGR02432  [M=189]
Accession:   TIGR02432
Description: lysidine_TilS_N: tRNA(Ile)-lysidine synthetase
Scores for complete sequences (score includes all domains):
   --- full sequence ---   --- best 1 domain ---    -#dom-
    E-value  score  bias    E-value  score  bias    exp  N  Sequence           Description
    ------- ------ -----    ------- ------ -----   ---- --  --------           -----------
    3.1e-43  145.7   0.0      4e-43  145.3   0.0    1.1  1  NZ_CM147875.1_1844  # 1897628 # 1898638 # 1 # ID=1_1844;partial=00;start_type=ATG;rbs_motif=4Base/6BMM;rbs_spacer=13-15bp;gc_cont=0.699


Domain annotation for each sequence:
>> NZ_CM147875.1_1844  # 1897628 # 1898638 # 1 # ID=1_1844;partial=00;start_type=ATG;rbs_motif=4Base/6BMM;rbs_spacer=13-15bp;gc_cont=0.699
   #    score  bias  c-Evalue  i-Evalue hmmfrom  hmm to    alifrom  ali to    envfrom  env to     acc
 ---   ------ ----- --------- --------- ------- -------    ------- -------    ------- -------    ----
   1 !  145.3   0.0     1e-46     4e-43       2     185 ..      20     200 ..      19     203 .. 0.92



Internal pipeline statistics summary:
-------------------------------------
Query model(s):                            1  (189 nodes)
Target sequences:                       3884  (1189330 residues searched)
Passed MSV filter:                        58  (0.0149331); expected 77.7 (0.02)
Passed bias filter:                       50  (0.0128733); expected 77.7 (0.02)
Passed Vit filter:                        12  (0.0030896); expected 3.9 (0.001)
Passed Fwd filter:                         5  (0.00128733); expected 0.0 (1e-05)
Initial search space (Z):               3884  [actual number of targets]
Domain search space  (domZ):               1  [number of targets reported over threshold]
# CPU time: 0.03u 0.00s 00:00:00.03 Elapsed: 00:00:00.03
# Mc/sec: 7436.34
//
Query:       TIGR02729  [M=329]
Accession:   TIGR02729
Description: Obg_CgtA: Obg family GTPase CgtA
Scores for complete sequences (score includes all domains):
   --- full sequence ---   --- best 1 domain ---    -#dom-
    E-value  score  bias    E-value  score  bias    exp  N  Sequence           Description
    ------- ------ -----    ------- ------ -----   ---- --  --------           -----------
   3.4e-136  451.3   2.7   3.9e-136  451.1   2.7    1.0  1  NZ_CM147875.1_1251  # 1285869 # 1286912 # -1 # ID=1_1251;partial=00;start_type=ATG;rbs_motif=GGA/GAG/AGG;rbs_spacer=5-10bp;gc_cont=0.634


Domain annotation for each sequence:
>> NZ_CM147875.1_1251  # 1285869 # 1286912 # -1 # ID=1_1251;partial=00;start_type=ATG;rbs_motif=GGA/GAG/AGG;rbs_spacer=5-10bp;gc_cont=0.634
   #    score  bias  c-Evalue  i-Evalue hmmfrom  hmm to    alifrom  ali to    envfrom  env to     acc
 ---   ------ ----- --------- --------- ------- -------    ------- -------    ------- -------    ----
   1 !  451.1   2.7    1e-139  3.9e-136       1     328 [.       3     326 ..       3     327 .. 0.99



Internal pipeline statistics summary:
-------------------------------------
Query model(s):                            1  (329 nodes)
Target sequences:                       3884  (1189330 residues searched)
Passed MSV filter:                       216  (0.0556128); expected 77.7 (0.02)
Passed bias filter:                      185  (0.0476313); expected 77.7 (0.02)
Passed Vit filter:                        54  (0.0139032); expected 3.9 (0.001)
Passed Fwd filter:                        10  (0.00257467); expected 0.0 (1e-05)
Initial search space (Z):               3884  [actual number of targets]
Domain search space  (domZ):               1  [number of targets reported over threshold]
# CPU time: 0.07u 0.00s 00:00:00.07 Elapsed: 00:00:00.09
# Mc/sec: 4136.20
//
Query:       TIGR03263  [M=180]
Accession:   TIGR03263
Description: guanyl_kin: guanylate kinase
Scores for complete sequences (score includes all domains):
   --- full sequence ---   --- best 1 domain ---    -#dom-
    E-value  score  bias    E-value  score  bias    exp  N  Sequence           Description
    ------- ------ -----    ------- ------ -----   ---- --  --------           -----------
    3.4e-68  226.6   0.0      4e-68  226.4   0.0    1.0  1  NZ_CM147875.1_3349  # 3418128 # 3418766 # -1 # ID=1_3349;partial=00;start_type=ATG;rbs_motif=4Base/6BMM;rbs_spacer=13-15bp;gc_cont=0.634


Domain annotation for each sequence:
>> NZ_CM147875.1_3349  # 3418128 # 3418766 # -1 # ID=1_3349;partial=00;start_type=ATG;rbs_motif=4Base/6BMM;rbs_spacer=13-15bp;gc_cont=0.634
   #    score  bias  c-Evalue  i-Evalue hmmfrom  hmm to    alifrom  ali to    envfrom  env to     acc
 ---   ------ ----- --------- --------- ------- -------    ------- -------    ------- -------    ----
   1 !  226.4   0.0     1e-71     4e-68       2     179 ..       8     186 ..       7     187 .. 0.98



Internal pipeline statistics summary:
-------------------------------------
Query model(s):                            1  (180 nodes)
Target sequences:                       3884  (1189330 residues searched)
Passed MSV filter:                       265  (0.0682286); expected 77.7 (0.02)
Passed bias filter:                      251  (0.0646241); expected 77.7 (0.02)
Passed Vit filter:                       124  (0.0319258); expected 3.9 (0.001)
Passed Fwd filter:                        28  (0.00720906); expected 0.0 (1e-05)
Initial search space (Z):               3884  [actual number of targets]
Domain search space  (domZ):               1  [number of targets reported over threshold]
# CPU time: 0.04u 0.00s 00:00:00.04 Elapsed: 00:00:00.04
# Mc/sec: 4337.44
//
Query:       TIGR03594  [M=432]
Accession:   TIGR03594
Description: GTPase_EngA: ribosome-associated GTPase EngA
Scores for complete sequences (score includes all domains):
   --- full sequence ---   --- best 1 domain ---    -#dom-
    E-value  score  bias    E-value  score  bias    exp  N  Sequence           Description
    ------- ------ -----    ------- ------ -----   ---- --  --------           -----------
   2.3e-160  532.1   0.0   2.6e-160  531.9   0.0    1.0  1  NZ_CM147875.1_3372  # 3440327 # 3441754 # -1 # ID=1_3372;partial=00;start_type=ATG;rbs_motif=GGA/GAG/AGG;rbs_spacer=5-10bp;gc_cont=0.660


Domain annotation for each sequence:
>> NZ_CM147875.1_3372  # 3440327 # 3441754 # -1 # ID=1_3372;partial=00;start_type=ATG;rbs_motif=GGA/GAG/AGG;rbs_spacer=5-10bp;gc_cont=0.660
   #    score  bias  c-Evalue  i-Evalue hmmfrom  hmm to    alifrom  ali to    envfrom  env to     acc
 ---   ------ ----- --------- --------- ------- -------    ------- -------    ------- -------    ----
   1 !  531.9   0.0  6.7e-164  2.6e-160       2     432 .]       4     465 ..       3     465 .. 0.96



Internal pipeline statistics summary:
-------------------------------------
Query model(s):                            1  (432 nodes)
Target sequences:                       3884  (1189330 residues searched)
Passed MSV filter:                       219  (0.0563852); expected 77.7 (0.02)
Passed bias filter:                      203  (0.0522657); expected 77.7 (0.02)
Passed Vit filter:                        69  (0.0177652); expected 3.9 (0.001)
Passed Fwd filter:                        19  (0.00489186); expected 0.0 (1e-05)
Initial search space (Z):               3884  [actual number of targets]
Domain search space  (domZ):               1  [number of targets reported over threshold]
# CPU time: 0.12u 0.00s 00:00:00.12 Elapsed: 00:00:00.11
# Mc/sec: 4445.44
//
Query:       TIGR03625  [M=202]
Accession:   TIGR03625
Description: L3_bact: 50S ribosomal protein uL3
Scores for complete sequences (score includes all domains):
   --- full sequence ---   --- best 1 domain ---    -#dom-
    E-value  score  bias    E-value  score  bias    exp  N  Sequence           Description
    ------- ------ -----    ------- ------ -----   ---- --  --------           -----------
    1.9e-85  283.5   9.5    2.2e-85  283.4   9.5    1.0  1  NZ_CM147875.1_3164  # 3219426 # 3220121 # -1 # ID=1_3164;partial=00;start_type=ATG;rbs_motif=GGA/GAG/AGG;rbs_spacer=5-10bp;gc_cont=0.619


Domain annotation for each sequence:
>> NZ_CM147875.1_3164  # 3219426 # 3220121 # -1 # ID=1_3164;partial=00;start_type=ATG;rbs_motif=GGA/GAG/AGG;rbs_spacer=5-10bp;gc_cont=0.619
   #    score  bias  c-Evalue  i-Evalue hmmfrom  hmm to    alifrom  ali to    envfrom  env to     acc
 ---   ------ ----- --------- --------- ------- -------    ------- -------    ------- -------    ----
   1 !  283.4   9.5   5.6e-89   2.2e-85       1     202 []       4     205 ..       4     205 .. 0.99



Internal pipeline statistics summary:
-------------------------------------
Query model(s):                            1  (202 nodes)
Target sequences:                       3884  (1189330 residues searched)
Passed MSV filter:                        64  (0.0164779); expected 77.7 (0.02)
Passed bias filter:                       55  (0.0141607); expected 77.7 (0.02)
Passed Vit filter:                         5  (0.00128733); expected 3.9 (0.001)
Passed Fwd filter:                         1  (0.000257467); expected 0.0 (1e-05)
Initial search space (Z):               3884  [actual number of targets]
Domain search space  (domZ):               1  [number of targets reported over threshold]
# CPU time: 0.02u 0.00s 00:00:00.02 Elapsed: 00:00:00.02
# Mc/sec: 10631.70
//
Query:       TIGR03626  [M=331]
Accession:   TIGR03626
Description: L3_arch: ribosomal protein uL3
Scores for complete sequences (score includes all domains):
   --- full sequence ---   --- best 1 domain ---    -#dom-
    E-value  score  bias    E-value  score  bias    exp  N  Sequence Description
    ------- ------ -----    ------- ------ -----   ---- --  -------- -----------

   [No hits detected that satisfy reporting thresholds]


Domain annotation for each sequence:

   [No targets detected that satisfy reporting thresholds]


Internal pipeline statistics summary:
-------------------------------------
Query model(s):                            1  (331 nodes)
Target sequences:                       3884  (1189330 residues searched)
Passed MSV filter:                        69  (0.0177652); expected 77.7 (0.02)
Passed bias filter:                       54  (0.0139032); expected 77.7 (0.02)
Passed Vit filter:                         5  (0.00128733); expected 3.9 (0.001)
Passed Fwd filter:                         1  (0.000257467); expected 0.0 (1e-05)
Initial search space (Z):               3884  [actual number of targets]
Domain search space  (domZ):               0  [number of targets reported over threshold]
# CPU time: 0.03u 0.01s 00:00:00.04 Elapsed: 00:00:00.04
# Mc/sec: 8365.77
//
Query:       TIGR03627  [M=130]
Accession:   TIGR03627
Description: uS9_arch: ribosomal protein uS9
Scores for complete sequences (score includes all domains):
   --- full sequence ---   --- best 1 domain ---    -#dom-
    E-value  score  bias    E-value  score  bias    exp  N  Sequence Description
    ------- ------ -----    ------- ------ -----   ---- --  -------- -----------

   [No hits detected that satisfy reporting thresholds]


Domain annotation for each sequence:

   [No targets detected that satisfy reporting thresholds]


Internal pipeline statistics summary:
-------------------------------------
Query model(s):                            1  (130 nodes)
Target sequences:                       3884  (1189330 residues searched)
Passed MSV filter:                       169  (0.0435118); expected 77.7 (0.02)
Passed bias filter:                      141  (0.0363028); expected 77.7 (0.02)
Passed Vit filter:                         7  (0.00180227); expected 3.9 (0.001)
Passed Fwd filter:                         1  (0.000257467); expected 0.0 (1e-05)
Initial search space (Z):               3884  [actual number of targets]
Domain search space  (domZ):               0  [number of targets reported over threshold]
# CPU time: 0.02u 0.00s 00:00:00.02 Elapsed: 00:00:00.02
# Mc/sec: 5326.19
//
Query:       TIGR03628  [M=117]
Accession:   TIGR03628
Description: arch_S11P: ribosomal protein uS11
Scores for complete sequences (score includes all domains):
   --- full sequence ---   --- best 1 domain ---    -#dom-
    E-value  score  bias    E-value  score  bias    exp  N  Sequence Description
    ------- ------ -----    ------- ------ -----   ---- --  -------- -----------

   [No hits detected that satisfy reporting thresholds]


Domain annotation for each sequence:

   [No targets detected that satisfy reporting thresholds]


Internal pipeline statistics summary:
-------------------------------------
Query model(s):                            1  (117 nodes)
Target sequences:                       3884  (1189330 residues searched)
Passed MSV filter:                       201  (0.0517508); expected 77.7 (0.02)
Passed bias filter:                      131  (0.0337281); expected 77.7 (0.02)
Passed Vit filter:                         9  (0.0023172); expected 3.9 (0.001)
Passed Fwd filter:                         1  (0.000257467); expected 0.0 (1e-05)
Initial search space (Z):               3884  [actual number of targets]
Domain search space  (domZ):               0  [number of targets reported over threshold]
# CPU time: 0.02u 0.00s 00:00:00.02 Elapsed: 00:00:00.03
# Mc/sec: 3498.74
//
Query:       TIGR03629  [M=144]
Accession:   TIGR03629
Description: uS13_arch: ribosomal protein uS13
Scores for complete sequences (score includes all domains):
   --- full sequence ---   --- best 1 domain ---    -#dom-
    E-value  score  bias    E-value  score  bias    exp  N  Sequence Description
    ------- ------ -----    ------- ------ -----   ---- --  -------- -----------

   [No hits detected that satisfy reporting thresholds]


Domain annotation for each sequence:

   [No targets detected that satisfy reporting thresholds]


Internal pipeline statistics summary:
-------------------------------------
Query model(s):                            1  (144 nodes)
Target sequences:                       3884  (1189330 residues searched)
Passed MSV filter:                        91  (0.0234295); expected 77.7 (0.02)
Passed bias filter:                       84  (0.0216272); expected 77.7 (0.02)
Passed Vit filter:                         7  (0.00180227); expected 3.9 (0.001)
Passed Fwd filter:                         1  (0.000257467); expected 0.0 (1e-05)
Initial search space (Z):               3884  [actual number of targets]
Domain search space  (domZ):               0  [number of targets reported over threshold]
# CPU time: 0.02u 0.00s 00:00:00.02 Elapsed: 00:00:00.02
# Mc/sec: 8149.45
//
Query:       TIGR03632  [M=117]
Accession:   TIGR03632
Description: uS11_bact: ribosomal protein uS11
Scores for complete sequences (score includes all domains):
   --- full sequence ---   --- best 1 domain ---    -#dom-
    E-value  score  bias    E-value  score  bias    exp  N  Sequence           Description
    ------- ------ -----    ------- ------ -----   ---- --  --------           -----------
    1.5e-59  197.3   1.5    1.9e-59  197.0   1.5    1.0  1  NZ_CM147875.1_3141  # 3208058 # 3208450 # -1 # ID=1_3141;partial=00;start_type=TTG;rbs_motif=GGAG/GAGG;rbs_spacer=5-10bp;gc_cont=0.611


Domain annotation for each sequence:
>> NZ_CM147875.1_3141  # 3208058 # 3208450 # -1 # ID=1_3141;partial=00;start_type=TTG;rbs_motif=GGAG/GAGG;rbs_spacer=5-10bp;gc_cont=0.611
   #    score  bias  c-Evalue  i-Evalue hmmfrom  hmm to    alifrom  ali to    envfrom  env to     acc
 ---   ------ ----- --------- --------- ------- -------    ------- -------    ------- -------    ----
   1 !  197.0   1.5   4.8e-63   1.9e-59       1     117 []      11     127 ..      11     127 .. 0.99



Internal pipeline statistics summary:
-------------------------------------
Query model(s):                            1  (117 nodes)
Target sequences:                       3884  (1189330 residues searched)
Passed MSV filter:                       120  (0.030896); expected 77.7 (0.02)
Passed bias filter:                       96  (0.0247168); expected 77.7 (0.02)
Passed Vit filter:                        14  (0.00360453); expected 3.9 (0.001)
Passed Fwd filter:                         1  (0.000257467); expected 0.0 (1e-05)
Initial search space (Z):               3884  [actual number of targets]
Domain search space  (domZ):               1  [number of targets reported over threshold]
# CPU time: 0.02u 0.00s 00:00:00.02 Elapsed: 00:00:00.00
# Mc/sec: 14032.01
//
Query:       TIGR03654  [M=175]
Accession:   TIGR03654
Description: L6_bact: ribosomal protein uL6
Scores for complete sequences (score includes all domains):
   --- full sequence ---   --- best 1 domain ---    -#dom-
    E-value  score  bias    E-value  score  bias    exp  N  Sequence           Description
    ------- ------ -----    ------- ------ -----   ---- --  --------           -----------
    1.3e-74  247.4   3.5    1.5e-74  247.3   3.5    1.0  1  NZ_CM147875.1_3149  # 3212733 # 3213266 # -1 # ID=1_3149;partial=00;start_type=ATG;rbs_motif=AGGA;rbs_spacer=5-10bp;gc_cont=0.599


Domain annotation for each sequence:
>> NZ_CM147875.1_3149  # 3212733 # 3213266 # -1 # ID=1_3149;partial=00;start_type=ATG;rbs_motif=AGGA;rbs_spacer=5-10bp;gc_cont=0.599
   #    score  bias  c-Evalue  i-Evalue hmmfrom  hmm to    alifrom  ali to    envfrom  env to     acc
 ---   ------ ----- --------- --------- ------- -------    ------- -------    ------- -------    ----
   1 !  247.3   3.5   3.8e-78   1.5e-74       1     175 []       2     176 ..       2     176 .. 1.00



Internal pipeline statistics summary:
-------------------------------------
Query model(s):                            1  (175 nodes)
Target sequences:                       3884  (1189330 residues searched)
Passed MSV filter:                        70  (0.0180227); expected 77.7 (0.02)
Passed bias filter:                       63  (0.0162204); expected 77.7 (0.02)
Passed Vit filter:                         2  (0.000514933); expected 3.9 (0.001)
Passed Fwd filter:                         1  (0.000257467); expected 0.0 (1e-05)
Initial search space (Z):               3884  [actual number of targets]
Domain search space  (domZ):               1  [number of targets reported over threshold]
# CPU time: 0.01u 0.00s 00:00:00.01 Elapsed: 00:00:00.01
# Mc/sec: 10979.77
//
Query:       TIGR03670  [M=599]
Accession:   TIGR03670
Description: rpoB_arch: DNA-directed RNA polymerase subunit B
Scores for complete sequences (score includes all domains):
   --- full sequence ---   --- best 1 domain ---    -#dom-
    E-value  score  bias    E-value  score  bias    exp  N  Sequence Description
    ------- ------ -----    ------- ------ -----   ---- --  -------- -----------

   [No hits detected that satisfy reporting thresholds]


Domain annotation for each sequence:

   [No targets detected that satisfy reporting thresholds]


Internal pipeline statistics summary:
-------------------------------------
Query model(s):                            1  (599 nodes)
Target sequences:                       3884  (1189330 residues searched)
Passed MSV filter:                        74  (0.0190525); expected 77.7 (0.02)
Passed bias filter:                       62  (0.0159629); expected 77.7 (0.02)
Passed Vit filter:                         7  (0.00180227); expected 3.9 (0.001)
Passed Fwd filter:                         1  (0.000257467); expected 0.0 (1e-05)
Initial search space (Z):               3884  [actual number of targets]
Domain search space  (domZ):               0  [number of targets reported over threshold]
# CPU time: 0.05u 0.01s 00:00:00.06 Elapsed: 00:00:00.06
# Mc/sec: 11108.73
//
Query:       TIGR03671  [M=410]
Accession:   TIGR03671
Description: cca_archaeal: CCA-adding enzyme
Scores for complete sequences (score includes all domains):
   --- full sequence ---   --- best 1 domain ---    -#dom-
    E-value  score  bias    E-value  score  bias    exp  N  Sequence Description
    ------- ------ -----    ------- ------ -----   ---- --  -------- -----------

   [No hits detected that satisfy reporting thresholds]


Domain annotation for each sequence:

   [No targets detected that satisfy reporting thresholds]


Internal pipeline statistics summary:
-------------------------------------
Query model(s):                            1  (410 nodes)
Target sequences:                       3884  (1189330 residues searched)
Passed MSV filter:                        66  (0.0169928); expected 77.7 (0.02)
Passed bias filter:                       61  (0.0157055); expected 77.7 (0.02)
Passed Vit filter:                         9  (0.0023172); expected 3.9 (0.001)
Passed Fwd filter:                         1  (0.000257467); expected 0.0 (1e-05)
Initial search space (Z):               3884  [actual number of targets]
Domain search space  (domZ):               0  [number of targets reported over threshold]
# CPU time: 0.03u 0.00s 00:00:00.03 Elapsed: 00:00:00.04
# Mc/sec: 11093.10
//
Query:       TIGR03672  [M=251]
Accession:   TIGR03672
Description: rpl4p_arch: 50S ribosomal protein uL4
Scores for complete sequences (score includes all domains):
   --- full sequence ---   --- best 1 domain ---    -#dom-
    E-value  score  bias    E-value  score  bias    exp  N  Sequence Description
    ------- ------ -----    ------- ------ -----   ---- --  -------- -----------

   [No hits detected that satisfy reporting thresholds]


Domain annotation for each sequence:

   [No targets detected that satisfy reporting thresholds]


Internal pipeline statistics summary:
-------------------------------------
Query model(s):                            1  (251 nodes)
Target sequences:                       3884  (1189330 residues searched)
Passed MSV filter:                       128  (0.0329557); expected 77.7 (0.02)
Passed bias filter:                       90  (0.023172); expected 77.7 (0.02)
Passed Vit filter:                         5  (0.00128733); expected 3.9 (0.001)
Passed Fwd filter:                         1  (0.000257467); expected 0.0 (1e-05)
Initial search space (Z):               3884  [actual number of targets]
Domain search space  (domZ):               0  [number of targets reported over threshold]
# CPU time: 0.03u 0.00s 00:00:00.03 Elapsed: 00:00:00.04
# Mc/sec: 6353.53
//
Query:       TIGR03673  [M=131]
Accession:   TIGR03673
Description: uL14_arch: 50S ribosomal protein uL14
Scores for complete sequences (score includes all domains):
   --- full sequence ---   --- best 1 domain ---    -#dom-
    E-value  score  bias    E-value  score  bias    exp  N  Sequence Description
    ------- ------ -----    ------- ------ -----   ---- --  -------- -----------

   [No hits detected that satisfy reporting thresholds]


Domain annotation for each sequence:

   [No targets detected that satisfy reporting thresholds]


Internal pipeline statistics summary:
-------------------------------------
Query model(s):                            1  (131 nodes)
Target sequences:                       3884  (1189330 residues searched)
Passed MSV filter:                       113  (0.0290937); expected 77.7 (0.02)
Passed bias filter:                       92  (0.0236869); expected 77.7 (0.02)
Passed Vit filter:                         6  (0.0015448); expected 3.9 (0.001)
Passed Fwd filter:                         1  (0.000257467); expected 0.0 (1e-05)
Initial search space (Z):               3884  [actual number of targets]
Domain search space  (domZ):               0  [number of targets reported over threshold]
# CPU time: 0.02u 0.00s 00:00:00.02 Elapsed: 00:00:00.01
# Mc/sec: 13081.86
//
Query:       TIGR03674  [M=338]
Accession:   TIGR03674
Description: fen_arch: flap structure-specific endonuclease
Scores for complete sequences (score includes all domains):
   --- full sequence ---   --- best 1 domain ---    -#dom-
    E-value  score  bias    E-value  score  bias    exp  N  Sequence Description
    ------- ------ -----    ------- ------ -----   ---- --  -------- -----------

   [No hits detected that satisfy reporting thresholds]


Domain annotation for each sequence:

   [No targets detected that satisfy reporting thresholds]


Internal pipeline statistics summary:
-------------------------------------
Query model(s):                            1  (338 nodes)
Target sequences:                       3884  (1189330 residues searched)
Passed MSV filter:                        80  (0.0205973); expected 77.7 (0.02)
Passed bias filter:                       65  (0.0167353); expected 77.7 (0.02)
Passed Vit filter:                         5  (0.00128733); expected 3.9 (0.001)
Passed Fwd filter:                         1  (0.000257467); expected 0.0 (1e-05)
Initial search space (Z):               3884  [actual number of targets]
Domain search space  (domZ):               0  [number of targets reported over threshold]
# CPU time: 0.03u 0.00s 00:00:00.03 Elapsed: 00:00:00.02
# Mc/sec: 14902.26
//
Query:       TIGR03676  [M=403]
Accession:   TIGR03676
Description: aRF1/eRF1: peptide chain release factor 1, archaeal and eukaryotic forms
Scores for complete sequences (score includes all domains):
   --- full sequence ---   --- best 1 domain ---    -#dom-
    E-value  score  bias    E-value  score  bias    exp  N  Sequence Description
    ------- ------ -----    ------- ------ -----   ---- --  -------- -----------

   [No hits detected that satisfy reporting thresholds]


Domain annotation for each sequence:

   [No targets detected that satisfy reporting thresholds]


Internal pipeline statistics summary:
-------------------------------------
Query model(s):                            1  (403 nodes)
Target sequences:                       3884  (1189330 residues searched)
Passed MSV filter:                        76  (0.0195675); expected 77.7 (0.02)
Passed bias filter:                       68  (0.0175077); expected 77.7 (0.02)
Passed Vit filter:                         5  (0.00128733); expected 3.9 (0.001)
Passed Fwd filter:                         0  (0); expected 0.0 (1e-05)
Initial search space (Z):               3884  [actual number of targets]
Domain search space  (domZ):               0  [number of targets reported over threshold]
# CPU time: 0.03u 0.00s 00:00:00.03 Elapsed: 00:00:00.03
# Mc/sec: 15911.58
//
Query:       TIGR03680  [M=407]
Accession:   TIGR03680
Description: eif2g_arch: translation initiation factor 2, gamma subunit
Scores for complete sequences (score includes all domains):
   --- full sequence ---   --- best 1 domain ---    -#dom-
    E-value  score  bias    E-value  score  bias    exp  N  Sequence Description
    ------- ------ -----    ------- ------ -----   ---- --  -------- -----------

   [No hits detected that satisfy reporting thresholds]


Domain annotation for each sequence:

   [No targets detected that satisfy reporting thresholds]


Internal pipeline statistics summary:
-------------------------------------
Query model(s):                            1  (407 nodes)
Target sequences:                       3884  (1189330 residues searched)
Passed MSV filter:                       123  (0.0316684); expected 77.7 (0.02)
Passed bias filter:                      111  (0.0285788); expected 77.7 (0.02)
Passed Vit filter:                        21  (0.0054068); expected 3.9 (0.001)
Passed Fwd filter:                        10  (0.00257467); expected 0.0 (1e-05)
Initial search space (Z):               3884  [actual number of targets]
Domain search space  (domZ):               0  [number of targets reported over threshold]
# CPU time: 0.08u 0.01s 00:00:00.09 Elapsed: 00:00:00.08
# Mc/sec: 5619.91
//
Query:       TIGR03723  [M=314]
Accession:   TIGR03723
Description: T6A_TsaD_YgjD: tRNA threonylcarbamoyl adenosine modification protein TsaD
Scores for complete sequences (score includes all domains):
   --- full sequence ---   --- best 1 domain ---    -#dom-
    E-value  score  bias    E-value  score  bias    exp  N  Sequence           Description
    ------- ------ -----    ------- ------ -----   ---- --  --------           -----------
   1.1e-123  410.1   0.5   1.3e-123  409.9   0.5    1.0  1  NZ_CM147875.1_1163  # 1199668 # 1200711 # 1 # ID=1_1163;partial=00;start_type=ATG;rbs_motif=None;rbs_spacer=None;gc_cont=0.693


Domain annotation for each sequence:
>> NZ_CM147875.1_1163  # 1199668 # 1200711 # 1 # ID=1_1163;partial=00;start_type=ATG;rbs_motif=None;rbs_spacer=None;gc_cont=0.693
   #    score  bias  c-Evalue  i-Evalue hmmfrom  hmm to    alifrom  ali to    envfrom  env to     acc
 ---   ------ ----- --------- --------- ------- -------    ------- -------    ------- -------    ----
   1 !  409.9   0.5  3.3e-127  1.3e-123       1     313 [.       3     318 ..       3     319 .. 0.96



Internal pipeline statistics summary:
-------------------------------------
Query model(s):                            1  (314 nodes)
Target sequences:                       3884  (1189330 residues searched)
Passed MSV filter:                       109  (0.0280639); expected 77.7 (0.02)
Passed bias filter:                       87  (0.0223996); expected 77.7 (0.02)
Passed Vit filter:                         9  (0.0023172); expected 3.9 (0.001)
Passed Fwd filter:                         2  (0.000514933); expected 0.0 (1e-05)
Initial search space (Z):               3884  [actual number of targets]
Domain search space  (domZ):               1  [number of targets reported over threshold]
# CPU time: 0.03u 0.00s 00:00:00.03 Elapsed: 00:00:00.04
# Mc/sec: 8071.71
//
Query:       TIGR03725  [M=212]
Accession:   TIGR03725
Description: T6A_YeaZ: tRNA threonylcarbamoyl adenosine modification protein YeaZ
Scores for complete sequences (score includes all domains):
   --- full sequence ---   --- best 1 domain ---    -#dom-
    E-value  score  bias    E-value  score  bias    exp  N  Sequence          Description
    ------- ------ -----    ------- ------ -----   ---- --  --------          -----------
    1.2e-43  147.4   0.7    1.4e-43  147.1   0.7    1.1  1  NZ_CM147875.1_910  # 948265 # 948951 # -1 # ID=1_910;partial=00;start_type=GTG;rbs_motif=GGAG/GAGG;rbs_spacer=5-10bp;gc_cont=0.680


Domain annotation for each sequence:
>> NZ_CM147875.1_910  # 948265 # 948951 # -1 # ID=1_910;partial=00;start_type=GTG;rbs_motif=GGAG/GAGG;rbs_spacer=5-10bp;gc_cont=0.680
   #    score  bias  c-Evalue  i-Evalue hmmfrom  hmm to    alifrom  ali to    envfrom  env to     acc
 ---   ------ ----- --------- --------- ------- -------    ------- -------    ------- -------    ----
   1 !  147.1   0.7   3.6e-47   1.4e-43       1     182 [.      39     207 ..      39     226 .. 0.86



Internal pipeline statistics summary:
-------------------------------------
Query model(s):                            1  (212 nodes)
Target sequences:                       3884  (1189330 residues searched)
Passed MSV filter:                       162  (0.0417096); expected 77.7 (0.02)
Passed bias filter:                      102  (0.0262616); expected 77.7 (0.02)
Passed Vit filter:                         8  (0.00205973); expected 3.9 (0.001)
Passed Fwd filter:                         2  (0.000514933); expected 0.0 (1e-05)
Initial search space (Z):               3884  [actual number of targets]
Domain search space  (domZ):               1  [number of targets reported over threshold]
# CPU time: 0.02u 0.00s 00:00:00.02 Elapsed: 00:00:00.03
# Mc/sec: 7056.07
//
Query:       TIGR03953  [M=188]
Accession:   TIGR03953
Description: rplD_bact: 50S ribosomal protein uL4
Scores for complete sequences (score includes all domains):
   --- full sequence ---   --- best 1 domain ---    -#dom-
    E-value  score  bias    E-value  score  bias    exp  N  Sequence           Description
    ------- ------ -----    ------- ------ -----   ---- --  --------           -----------
    3.2e-64  213.5   0.3    3.6e-64  213.3   0.3    1.0  1  NZ_CM147875.1_3163  # 3218806 # 3219426 # -1 # ID=1_3163;partial=00;start_type=ATG;rbs_motif=GGAG/GAGG;rbs_spacer=5-10bp;gc_cont=0.615


Domain annotation for each sequence:
>> NZ_CM147875.1_3163  # 3218806 # 3219426 # -1 # ID=1_3163;partial=00;start_type=ATG;rbs_motif=GGAG/GAGG;rbs_spacer=5-10bp;gc_cont=0.615
   #    score  bias  c-Evalue  i-Evalue hmmfrom  hmm to    alifrom  ali to    envfrom  env to     acc
 ---   ------ ----- --------- --------- ------- -------    ------- -------    ------- -------    ----
   1 !  213.3   0.3   9.3e-68   3.6e-64       1     187 [.      16     202 ..      16     203 .. 0.99



Internal pipeline statistics summary:
-------------------------------------
Query model(s):                            1  (188 nodes)
Target sequences:                       3884  (1189330 residues searched)
Passed MSV filter:                        72  (0.0185376); expected 77.7 (0.02)
Passed bias filter:                       63  (0.0162204); expected 77.7 (0.02)
Passed Vit filter:                         7  (0.00180227); expected 3.9 (0.001)
Passed Fwd filter:                         2  (0.000514933); expected 0.0 (1e-05)
Initial search space (Z):               3884  [actual number of targets]
Domain search space  (domZ):               1  [number of targets reported over threshold]
# CPU time: 0.02u 0.00s 00:00:00.02 Elapsed: 00:00:00.02
# Mc/sec: 9501.19
//
[ok]
