# hmmsearch :: search profile(s) against a sequence database
# HMMER 3.4 (Aug 2023); http://hmmer.org/
# Copyright (C) 2023 Howard Hughes Medical Institute.
# Freely distributed under the BSD open source license.
# - - - - - - - - - - - - - - - - - - - - - - - - - - - - - - - - - - - -
# query HMM file:                  /dgxb_home/se26plsc001/arvind/Devosia_BGC/data/databases/gtdbtk_r232/release232/markers/tigrfam/tigrfam.hmm
# target sequence database:        results/05_phylogeny/identify_all/identify/intermediate_results/marker_genes/query_GCA_977202345.1/query_GCA_977202345.1_protein.faa
# output directed to file:         results/05_phylogeny/identify_all/identify/intermediate_results/marker_genes/query_GCA_977202345.1/query_GCA_977202345.1_tigrfam.out
# per-seq hits tabular output:     results/05_phylogeny/identify_all/identify/intermediate_results/marker_genes/query_GCA_977202345.1/query_GCA_977202345.1_tigrfam.tsv
# show alignments in output:       no
# max ASCII text line length:      unlimited
# model-specific thresholding:     NC cutoffs
# number of worker threads:        1
# - - - - - - - - - - - - - - - - - - - - - - - - - - - - - - - - - - - -

Query:       TIGR00006  [M=310]
Accession:   TIGR00006
Description: TIGR00006: 16S rRNA (cytosine(1402)-N(4))-methyltransferase
Scores for complete sequences (score includes all domains):
   --- full sequence ---   --- best 1 domain ---    -#dom-
    E-value  score  bias    E-value  score  bias    exp  N  Sequence              Description
    ------- ------ -----    ------- ------ -----   ---- --  --------              -----------
    3.7e-83  277.2   0.0    4.7e-83  276.9   0.0    1.0  1  CDSOGA010000003.1_240  # 239530 # 240528 # -1 # ID=3_240;partial=00;start_type=ATG;rbs_motif=AGGA/GGAG/GAGG;rbs_spacer=11-12bp;gc_cont=0.633


Domain annotation for each sequence:
>> CDSOGA010000003.1_240  # 239530 # 240528 # -1 # ID=3_240;partial=00;start_type=ATG;rbs_motif=AGGA/GGAG/GAGG;rbs_spacer=11-12bp;gc_cont=0.633
   #    score  bias  c-Evalue  i-Evalue hmmfrom  hmm to    alifrom  ali to    envfrom  env to     acc
 ---   ------ ----- --------- --------- ------- -------    ------- -------    ------- -------    ----
   1 !  276.9   0.0   1.3e-86   4.7e-83       6     309 ..      15     311 ..      10     312 .. 0.94



Internal pipeline statistics summary:
-------------------------------------
Query model(s):                            1  (310 nodes)
Target sequences:                       3710  (1159305 residues searched)
Passed MSV filter:                        66  (0.0177898); expected 74.2 (0.02)
Passed bias filter:                       57  (0.0153639); expected 74.2 (0.02)
Passed Vit filter:                         6  (0.00161725); expected 3.7 (0.001)
Passed Fwd filter:                         1  (0.000269542); expected 0.0 (1e-05)
Initial search space (Z):               3710  [actual number of targets]
Domain search space  (domZ):               1  [number of targets reported over threshold]
# CPU time: 0.02u 0.01s 00:00:00.03 Elapsed: 00:00:00.02
# Mc/sec: 13854.52
//
Query:       TIGR00019  [M=361]
Accession:   TIGR00019
Description: prfA: peptide chain release factor 1
Scores for complete sequences (score includes all domains):
   --- full sequence ---   --- best 1 domain ---    -#dom-
    E-value  score  bias    E-value  score  bias    exp  N  Sequence              Description
    ------- ------ -----    ------- ------ -----   ---- --  --------              -----------
   9.8e-154  509.3   1.9   1.2e-153  509.0   1.9    1.0  1  CDSOGA010000002.1_518  # 516081 # 517157 # 1 # ID=2_518;partial=00;start_type=ATG;rbs_motif=AGGA;rbs_spacer=5-10bp;gc_cont=0.606


Domain annotation for each sequence:
>> CDSOGA010000002.1_518  # 516081 # 517157 # 1 # ID=2_518;partial=00;start_type=ATG;rbs_motif=AGGA;rbs_spacer=5-10bp;gc_cont=0.606
   #    score  bias  c-Evalue  i-Evalue hmmfrom  hmm to    alifrom  ali to    envfrom  env to     acc
 ---   ------ ----- --------- --------- ------- -------    ------- -------    ------- -------    ----
   1 !  509.0   1.9  3.2e-157  1.2e-153       8     359 ..       7     355 ..       2     357 .. 0.98



Internal pipeline statistics summary:
-------------------------------------
Query model(s):                            1  (361 nodes)
Target sequences:                       3710  (1159305 residues searched)
Passed MSV filter:                        77  (0.0207547); expected 74.2 (0.02)
Passed bias filter:                       60  (0.0161725); expected 74.2 (0.02)
Passed Vit filter:                        10  (0.00269542); expected 3.7 (0.001)
Passed Fwd filter:                         3  (0.000808625); expected 0.0 (1e-05)
Initial search space (Z):               3710  [actual number of targets]
Domain search space  (domZ):               1  [number of targets reported over threshold]
# CPU time: 0.03u 0.00s 00:00:00.03 Elapsed: 00:00:00.03
# Mc/sec: 11641.08
//
Query:       TIGR00020  [M=365]
Accession:   TIGR00020
Description: prfB: peptide chain release factor 2
Scores for complete sequences (score includes all domains):
   --- full sequence ---   --- best 1 domain ---    -#dom-
    E-value  score  bias    E-value  score  bias    exp  N  Sequence              Description
    ------- ------ -----    ------- ------ -----   ---- --  --------              -----------
   1.3e-140  466.2   3.8   1.4e-140  466.1   3.8    1.0  1  CDSOGA010000004.1_140  # 148930 # 149889 # -1 # ID=4_140;partial=00;start_type=ATG;rbs_motif=GGA/GAG/AGG;rbs_spacer=11-12bp;gc_cont=0.611


Domain annotation for each sequence:
>> CDSOGA010000004.1_140  # 148930 # 149889 # -1 # ID=4_140;partial=00;start_type=ATG;rbs_motif=GGA/GAG/AGG;rbs_spacer=11-12bp;gc_cont=0.611
   #    score  bias  c-Evalue  i-Evalue hmmfrom  hmm to    alifrom  ali to    envfrom  env to     acc
 ---   ------ ----- --------- --------- ------- -------    ------- -------    ------- -------    ----
   1 !  466.1   3.8  3.8e-144  1.4e-140      57     363 ..       2     308 ..       1     310 [. 0.99



Internal pipeline statistics summary:
-------------------------------------
Query model(s):                            1  (365 nodes)
Target sequences:                       3710  (1159305 residues searched)
Passed MSV filter:                        79  (0.0212938); expected 74.2 (0.02)
Passed bias filter:                       58  (0.0156334); expected 74.2 (0.02)
Passed Vit filter:                         8  (0.00215633); expected 3.7 (0.001)
Passed Fwd filter:                         3  (0.000808625); expected 0.0 (1e-05)
Initial search space (Z):               3710  [actual number of targets]
Domain search space  (domZ):               1  [number of targets reported over threshold]
# CPU time: 0.03u 0.01s 00:00:00.04 Elapsed: 00:00:00.04
# Mc/sec: 8581.73
//
Query:       TIGR00029  [M=87]
Accession:   TIGR00029
Description: S20: ribosomal protein bS20
Scores for complete sequences (score includes all domains):
   --- full sequence ---   --- best 1 domain ---    -#dom-
    E-value  score  bias    E-value  score  bias    exp  N  Sequence            Description
    ------- ------ -----    ------- ------ -----   ---- --  --------            -----------
    1.2e-20   71.5   9.5    1.3e-20   71.4   9.5    1.0  1  CDSOGA010000002.1_7  # 7195 # 7461 # -1 # ID=2_7;partial=00;start_type=ATG;rbs_motif=GGAG/GAGG;rbs_spacer=5-10bp;gc_cont=0.596


Domain annotation for each sequence:
>> CDSOGA010000002.1_7  # 7195 # 7461 # -1 # ID=2_7;partial=00;start_type=ATG;rbs_motif=GGAG/GAGG;rbs_spacer=5-10bp;gc_cont=0.596
   #    score  bias  c-Evalue  i-Evalue hmmfrom  hmm to    alifrom  ali to    envfrom  env to     acc
 ---   ------ ----- --------- --------- ------- -------    ------- -------    ------- -------    ----
   1 !   71.4   9.5   3.5e-24   1.3e-20       1      86 [.       1      86 [.       1      87 [. 0.98



Internal pipeline statistics summary:
-------------------------------------
Query model(s):                            1  (87 nodes)
Target sequences:                       3710  (1159305 residues searched)
Passed MSV filter:                       101  (0.0272237); expected 74.2 (0.02)
Passed bias filter:                       86  (0.0231806); expected 74.2 (0.02)
Passed Vit filter:                         4  (0.00107817); expected 3.7 (0.001)
Passed Fwd filter:                         1  (0.000269542); expected 0.0 (1e-05)
Initial search space (Z):               3710  [actual number of targets]
Domain search space  (domZ):               1  [number of targets reported over threshold]
# CPU time: 0.02u 0.00s 00:00:00.02 Elapsed: 00:00:00.03
# Mc/sec: 2763.35
//
Query:       TIGR00037  [M=130]
Accession:   TIGR00037
Description: eIF_5A: translation elongation factor IF5A
Scores for complete sequences (score includes all domains):
   --- full sequence ---   --- best 1 domain ---    -#dom-
    E-value  score  bias    E-value  score  bias    exp  N  Sequence Description
    ------- ------ -----    ------- ------ -----   ---- --  -------- -----------

   [No hits detected that satisfy reporting thresholds]


Domain annotation for each sequence:

   [No targets detected that satisfy reporting thresholds]


Internal pipeline statistics summary:
-------------------------------------
Query model(s):                            1  (130 nodes)
Target sequences:                       3710  (1159305 residues searched)
Passed MSV filter:                        57  (0.0153639); expected 74.2 (0.02)
Passed bias filter:                       55  (0.0148248); expected 74.2 (0.02)
Passed Vit filter:                         3  (0.000808625); expected 3.7 (0.001)
Passed Fwd filter:                         0  (0); expected 0.0 (1e-05)
Initial search space (Z):               3710  [actual number of targets]
Domain search space  (domZ):               0  [number of targets reported over threshold]
# CPU time: 0.01u 0.00s 00:00:00.01 Elapsed: 00:00:00.02
# Mc/sec: 5368.41
//
Query:       TIGR00043  [M=111]
Accession:   TIGR00043
Description: TIGR00043: rRNA maturation RNase YbeY
Scores for complete sequences (score includes all domains):
   --- full sequence ---   --- best 1 domain ---    -#dom-
    E-value  score  bias    E-value  score  bias    exp  N  Sequence             Description
    ------- ------ -----    ------- ------ -----   ---- --  --------             -----------
    5.8e-33  111.0   0.1    6.8e-33  110.8   0.1    1.1  1  CDSOGA010000002.1_88  # 83908 # 84303 # -1 # ID=2_88;partial=00;start_type=GTG;rbs_motif=GGA/GAG/AGG;rbs_spacer=5-10bp;gc_cont=0.576


Domain annotation for each sequence:
>> CDSOGA010000002.1_88  # 83908 # 84303 # -1 # ID=2_88;partial=00;start_type=GTG;rbs_motif=GGA/GAG/AGG;rbs_spacer=5-10bp;gc_cont=0.576
   #    score  bias  c-Evalue  i-Evalue hmmfrom  hmm to    alifrom  ali to    envfrom  env to     acc
 ---   ------ ----- --------- --------- ------- -------    ------- -------    ------- -------    ----
   1 !  110.8   0.1   1.8e-36   6.8e-33       2     111 .]      17     122 ..      16     122 .. 0.94



Internal pipeline statistics summary:
-------------------------------------
Query model(s):                            1  (111 nodes)
Target sequences:                       3710  (1159305 residues searched)
Passed MSV filter:                        68  (0.0183288); expected 74.2 (0.02)
Passed bias filter:                       62  (0.0167116); expected 74.2 (0.02)
Passed Vit filter:                         3  (0.000808625); expected 3.7 (0.001)
Passed Fwd filter:                         1  (0.000269542); expected 0.0 (1e-05)
Initial search space (Z):               3710  [actual number of targets]
Domain search space  (domZ):               1  [number of targets reported over threshold]
# CPU time: 0.01u 0.01s 00:00:00.02 Elapsed: 00:00:00.03
# Mc/sec: 4216.69
//
Query:       TIGR00054  [M=421]
Accession:   TIGR00054
Description: TIGR00054: RIP metalloprotease RseP
Scores for complete sequences (score includes all domains):
   --- full sequence ---   --- best 1 domain ---    -#dom-
    E-value  score  bias    E-value  score  bias    exp  N  Sequence              Description
    ------- ------ -----    ------- ------ -----   ---- --  --------              -----------
    1.2e-83  279.1   0.1    5.5e-52  174.7   0.0    2.0  2  CDSOGA010000004.1_166  # 182208 # 183344 # -1 # ID=4_166;partial=00;start_type=ATG;rbs_motif=AGGA;rbs_spacer=5-10bp;gc_cont=0.568


Domain annotation for each sequence:
>> CDSOGA010000004.1_166  # 182208 # 183344 # -1 # ID=4_166;partial=00;start_type=ATG;rbs_motif=AGGA;rbs_spacer=5-10bp;gc_cont=0.568
   #    score  bias  c-Evalue  i-Evalue hmmfrom  hmm to    alifrom  ali to    envfrom  env to     acc
 ---   ------ ----- --------- --------- ------- -------    ------- -------    ------- -------    ----
   1 !  102.6   0.0   1.2e-33   4.3e-30      10     117 ..      16     134 ..       3     142 .. 0.82
   2 !  174.7   0.0   1.5e-55   5.5e-52     202     416 ..     142     369 ..     137     372 .. 0.96



Internal pipeline statistics summary:
-------------------------------------
Query model(s):                            1  (421 nodes)
Target sequences:                       3710  (1159305 residues searched)
Passed MSV filter:                       105  (0.0283019); expected 74.2 (0.02)
Passed bias filter:                       77  (0.0207547); expected 74.2 (0.02)
Passed Vit filter:                         9  (0.00242588); expected 3.7 (0.001)
Passed Fwd filter:                         3  (0.000808625); expected 0.0 (1e-05)
Initial search space (Z):               3710  [actual number of targets]
Domain search space  (domZ):               1  [number of targets reported over threshold]
# CPU time: 0.05u 0.00s 00:00:00.05 Elapsed: 00:00:00.06
# Mc/sec: 7412.63
//
Query:       TIGR00059  [M=112]
Accession:   TIGR00059
Description: L17: ribosomal protein bL17
Scores for complete sequences (score includes all domains):
   --- full sequence ---   --- best 1 domain ---    -#dom-
    E-value  score  bias    E-value  score  bias    exp  N  Sequence              Description
    ------- ------ -----    ------- ------ -----   ---- --  --------              -----------
    2.8e-44  147.7   0.1    3.4e-44  147.4   0.1    1.0  1  CDSOGA010000004.1_213  # 230294 # 230719 # -1 # ID=4_213;partial=00;start_type=ATG;rbs_motif=AGGAG;rbs_spacer=5-10bp;gc_cont=0.582


Domain annotation for each sequence:
>> CDSOGA010000004.1_213  # 230294 # 230719 # -1 # ID=4_213;partial=00;start_type=ATG;rbs_motif=AGGAG;rbs_spacer=5-10bp;gc_cont=0.582
   #    score  bias  c-Evalue  i-Evalue hmmfrom  hmm to    alifrom  ali to    envfrom  env to     acc
 ---   ------ ----- --------- --------- ------- -------    ------- -------    ------- -------    ----
   1 !  147.4   0.1   9.3e-48   3.4e-44       2     112 .]       7     117 ..       6     117 .. 0.99



Internal pipeline statistics summary:
-------------------------------------
Query model(s):                            1  (112 nodes)
Target sequences:                       3710  (1159305 residues searched)
Passed MSV filter:                        86  (0.0231806); expected 74.2 (0.02)
Passed bias filter:                       72  (0.019407); expected 74.2 (0.02)
Passed Vit filter:                         4  (0.00107817); expected 3.7 (0.001)
Passed Fwd filter:                         1  (0.000269542); expected 0.0 (1e-05)
Initial search space (Z):               3710  [actual number of targets]
Domain search space  (domZ):               1  [number of targets reported over threshold]
# CPU time: 0.01u 0.00s 00:00:00.01 Elapsed: 00:00:00.01
# Mc/sec: 8280.57
//
Query:       TIGR00061  [M=101]
Accession:   TIGR00061
Description: L21: ribosomal protein bL21
Scores for complete sequences (score includes all domains):
   --- full sequence ---   --- best 1 domain ---    -#dom-
    E-value  score  bias    E-value  score  bias    exp  N  Sequence              Description
    ------- ------ -----    ------- ------ -----   ---- --  --------              -----------
    6.8e-30  101.2   0.7    1.7e-29   99.9   0.7    1.7  1  CDSOGA010000002.1_331  # 321279 # 322001 # -1 # ID=2_331;partial=00;start_type=ATG;rbs_motif=None;rbs_spacer=None;gc_cont=0.611


Domain annotation for each sequence:
>> CDSOGA010000002.1_331  # 321279 # 322001 # -1 # ID=2_331;partial=00;start_type=ATG;rbs_motif=None;rbs_spacer=None;gc_cont=0.611
   #    score  bias  c-Evalue  i-Evalue hmmfrom  hmm to    alifrom  ali to    envfrom  env to     acc
 ---   ------ ----- --------- --------- ------- -------    ------- -------    ------- -------    ----
   1 !   99.9   0.7   4.5e-33   1.7e-29       1     100 [.       3      98 ..       3      99 .. 0.97



Internal pipeline statistics summary:
-------------------------------------
Query model(s):                            1  (101 nodes)
Target sequences:                       3710  (1159305 residues searched)
Passed MSV filter:                        42  (0.0113208); expected 74.2 (0.02)
Passed bias filter:                       36  (0.0097035); expected 74.2 (0.02)
Passed Vit filter:                         1  (0.000269542); expected 3.7 (0.001)
Passed Fwd filter:                         1  (0.000269542); expected 0.0 (1e-05)
Initial search space (Z):               3710  [actual number of targets]
Domain search space  (domZ):               1  [number of targets reported over threshold]
# CPU time: 0.02u 0.00s 00:00:00.02 Elapsed: 00:00:00.01
# Mc/sec: 7869.97
//
Query:       TIGR00064  [M=279]
Accession:   TIGR00064
Description: ftsY: signal recognition particle-docking protein FtsY
Scores for complete sequences (score includes all domains):
   --- full sequence ---   --- best 1 domain ---    -#dom-
    E-value  score  bias    E-value  score  bias    exp  N  Sequence              Description
    ------- ------ -----    ------- ------ -----   ---- --  --------              -----------
    3.8e-97  322.6   3.5    4.5e-97  322.3   3.5    1.1  1  CDSOGA010000002.1_240  # 225381 # 226634 # 1 # ID=2_240;partial=00;start_type=ATG;rbs_motif=None;rbs_spacer=None;gc_cont=0.634


Domain annotation for each sequence:
>> CDSOGA010000002.1_240  # 225381 # 226634 # 1 # ID=2_240;partial=00;start_type=ATG;rbs_motif=None;rbs_spacer=None;gc_cont=0.634
   #    score  bias  c-Evalue  i-Evalue hmmfrom  hmm to    alifrom  ali to    envfrom  env to     acc
 ---   ------ ----- --------- --------- ------- -------    ------- -------    ------- -------    ----
   1 !  322.3   3.5  1.2e-100   4.5e-97       2     278 ..     144     413 ..     143     414 .. 0.96



Internal pipeline statistics summary:
-------------------------------------
Query model(s):                            1  (279 nodes)
Target sequences:                       3710  (1159305 residues searched)
Passed MSV filter:                       217  (0.0584906); expected 74.2 (0.02)
Passed bias filter:                      179  (0.048248); expected 74.2 (0.02)
Passed Vit filter:                        62  (0.0167116); expected 3.7 (0.001)
Passed Fwd filter:                         9  (0.00242588); expected 0.0 (1e-05)
Initial search space (Z):               3710  [actual number of targets]
Domain search space  (domZ):               1  [number of targets reported over threshold]
# CPU time: 0.04u 0.00s 00:00:00.04 Elapsed: 00:00:00.07
# Mc/sec: 4077.65
//
Query:       TIGR00065  [M=353]
Accession:   TIGR00065
Description: ftsZ: cell division protein FtsZ
Scores for complete sequences (score includes all domains):
   --- full sequence ---   --- best 1 domain ---    -#dom-
    E-value  score  bias    E-value  score  bias    exp  N  Sequence              Description
    ------- ------ -----    ------- ------ -----   ---- --  --------              -----------
   5.9e-122  405.1   2.8     8e-122  404.6   2.8    1.1  1  CDSOGA010000003.1_226  # 223199 # 224875 # -1 # ID=3_226;partial=00;start_type=ATG;rbs_motif=GGAG/GAGG;rbs_spacer=5-10bp;gc_cont=0.627


Domain annotation for each sequence:
>> CDSOGA010000003.1_226  # 223199 # 224875 # -1 # ID=3_226;partial=00;start_type=ATG;rbs_motif=GGAG/GAGG;rbs_spacer=5-10bp;gc_cont=0.627
   #    score  bias  c-Evalue  i-Evalue hmmfrom  hmm to    alifrom  ali to    envfrom  env to     acc
 ---   ------ ----- --------- --------- ------- -------    ------- -------    ------- -------    ----
   1 !  404.6   2.8  2.1e-125    8e-122      15     331 ..      13     326 ..       4     346 .. 0.96



Internal pipeline statistics summary:
-------------------------------------
Query model(s):                            1  (353 nodes)
Target sequences:                       3710  (1159305 residues searched)
Passed MSV filter:                       142  (0.0382749); expected 74.2 (0.02)
Passed bias filter:                      108  (0.0291105); expected 74.2 (0.02)
Passed Vit filter:                         8  (0.00215633); expected 3.7 (0.001)
Passed Fwd filter:                         1  (0.000269542); expected 0.0 (1e-05)
Initial search space (Z):               3710  [actual number of targets]
Domain search space  (domZ):               1  [number of targets reported over threshold]
# CPU time: 0.03u 0.00s 00:00:00.03 Elapsed: 00:00:00.04
# Mc/sec: 9080.76
//
Query:       TIGR00082  [M=115]
Accession:   TIGR00082
Description: rbfA: ribosome-binding factor A
Scores for complete sequences (score includes all domains):
   --- full sequence ---   --- best 1 domain ---    -#dom-
    E-value  score  bias    E-value  score  bias    exp  N  Sequence             Description
    ------- ------ -----    ------- ------ -----   ---- --  --------             -----------
    1.3e-14   52.4   0.0    1.7e-14   52.1   0.0    1.1  1  CDSOGA010000012.1_35  # 35321 # 35737 # -1 # ID=12_35;partial=00;start_type=TTG;rbs_motif=GGAG/GAGG;rbs_spacer=5-10bp;gc_cont=0.633


Domain annotation for each sequence:
>> CDSOGA010000012.1_35  # 35321 # 35737 # -1 # ID=12_35;partial=00;start_type=TTG;rbs_motif=GGAG/GAGG;rbs_spacer=5-10bp;gc_cont=0.633
   #    score  bias  c-Evalue  i-Evalue hmmfrom  hmm to    alifrom  ali to    envfrom  env to     acc
 ---   ------ ----- --------- --------- ------- -------    ------- -------    ------- -------    ----
   1 !   52.1   0.0   4.5e-18   1.7e-14       5     111 ..      15     123 ..      11     127 .. 0.92



Internal pipeline statistics summary:
-------------------------------------
Query model(s):                            1  (115 nodes)
Target sequences:                       3710  (1159305 residues searched)
Passed MSV filter:                        46  (0.0123989); expected 74.2 (0.02)
Passed bias filter:                       44  (0.0118598); expected 74.2 (0.02)
Passed Vit filter:                         3  (0.000808625); expected 3.7 (0.001)
Passed Fwd filter:                         1  (0.000269542); expected 0.0 (1e-05)
Initial search space (Z):               3710  [actual number of targets]
Domain search space  (domZ):               1  [number of targets reported over threshold]
# CPU time: 0.01u 0.01s 00:00:00.02 Elapsed: 00:00:00.03
# Mc/sec: 4190.34
//
Query:       TIGR00083  [M=290]
Accession:   TIGR00083
Description: ribF: riboflavin biosynthesis protein RibF
Scores for complete sequences (score includes all domains):
   --- full sequence ---   --- best 1 domain ---    -#dom-
    E-value  score  bias    E-value  score  bias    exp  N  Sequence              Description
    ------- ------ -----    ------- ------ -----   ---- --  --------              -----------
      1e-76  255.8   0.0    1.2e-76  255.6   0.0    1.0  1  CDSOGA010000001.1_177  # 173260 # 174234 # 1 # ID=1_177;partial=00;start_type=ATG;rbs_motif=None;rbs_spacer=None;gc_cont=0.598


Domain annotation for each sequence:
>> CDSOGA010000001.1_177  # 173260 # 174234 # 1 # ID=1_177;partial=00;start_type=ATG;rbs_motif=None;rbs_spacer=None;gc_cont=0.598
   #    score  bias  c-Evalue  i-Evalue hmmfrom  hmm to    alifrom  ali to    envfrom  env to     acc
 ---   ------ ----- --------- --------- ------- -------    ------- -------    ------- -------    ----
   1 !  255.6   0.0   3.2e-80   1.2e-76       2     289 ..      22     307 ..      21     308 .. 0.95



Internal pipeline statistics summary:
-------------------------------------
Query model(s):                            1  (290 nodes)
Target sequences:                       3710  (1159305 residues searched)
Passed MSV filter:                        57  (0.0153639); expected 74.2 (0.02)
Passed bias filter:                       57  (0.0153639); expected 74.2 (0.02)
Passed Vit filter:                         4  (0.00107817); expected 3.7 (0.001)
Passed Fwd filter:                         1  (0.000269542); expected 0.0 (1e-05)
Initial search space (Z):               3710  [actual number of targets]
Domain search space  (domZ):               1  [number of targets reported over threshold]
# CPU time: 0.03u 0.00s 00:00:00.03 Elapsed: 00:00:00.03
# Mc/sec: 9867.93
//
Query:       TIGR00084  [M=192]
Accession:   TIGR00084
Description: ruvA: Holliday junction DNA helicase RuvA
Scores for complete sequences (score includes all domains):
   --- full sequence ---   --- best 1 domain ---    -#dom-
    E-value  score  bias    E-value  score  bias    exp  N  Sequence              Description
    ------- ------ -----    ------- ------ -----   ---- --  --------              -----------
    3.2e-36  122.3   0.0    3.5e-36  122.2   0.0    1.0  1  CDSOGA010000008.1_176  # 184490 # 185107 # 1 # ID=8_176;partial=00;start_type=ATG;rbs_motif=GGAG/GAGG;rbs_spacer=5-10bp;gc_cont=0.634


Domain annotation for each sequence:
>> CDSOGA010000008.1_176  # 184490 # 185107 # 1 # ID=8_176;partial=00;start_type=ATG;rbs_motif=GGAG/GAGG;rbs_spacer=5-10bp;gc_cont=0.634
   #    score  bias  c-Evalue  i-Evalue hmmfrom  hmm to    alifrom  ali to    envfrom  env to     acc
 ---   ------ ----- --------- --------- ------- -------    ------- -------    ------- -------    ----
   1 !  122.2   0.0   9.4e-40   3.5e-36       1     187 [.       1     200 [.       1     205 [. 0.93



Internal pipeline statistics summary:
-------------------------------------
Query model(s):                            1  (192 nodes)
Target sequences:                       3710  (1159305 residues searched)
Passed MSV filter:                       100  (0.0269542); expected 74.2 (0.02)
Passed bias filter:                       94  (0.0253369); expected 74.2 (0.02)
Passed Vit filter:                         6  (0.00161725); expected 3.7 (0.001)
Passed Fwd filter:                         1  (0.000269542); expected 0.0 (1e-05)
Initial search space (Z):               3710  [actual number of targets]
Domain search space  (domZ):               1  [number of targets reported over threshold]
# CPU time: 0.02u 0.00s 00:00:00.02 Elapsed: 00:00:00.01
# Mc/sec: 11588.03
//
Query:       TIGR00086  [M=144]
Accession:   TIGR00086
Description: smpB: SsrA-binding protein
Scores for complete sequences (score includes all domains):
   --- full sequence ---   --- best 1 domain ---    -#dom-
    E-value  score  bias    E-value  score  bias    exp  N  Sequence              Description
    ------- ------ -----    ------- ------ -----   ---- --  --------              -----------
    8.8e-52  172.7   0.2      1e-51  172.5   0.2    1.0  1  CDSOGA010000006.1_182  # 179800 # 180297 # -1 # ID=6_182;partial=00;start_type=ATG;rbs_motif=3Base/5BMM;rbs_spacer=13-15bp;gc_cont=0.562


Domain annotation for each sequence:
>> CDSOGA010000006.1_182  # 179800 # 180297 # -1 # ID=6_182;partial=00;start_type=ATG;rbs_motif=3Base/5BMM;rbs_spacer=13-15bp;gc_cont=0.562
   #    score  bias  c-Evalue  i-Evalue hmmfrom  hmm to    alifrom  ali to    envfrom  env to     acc
 ---   ------ ----- --------- --------- ------- -------    ------- -------    ------- -------    ----
   1 !  172.5   0.2   2.7e-55     1e-51       2     144 .]      18     160 ..      17     160 .. 0.99



Internal pipeline statistics summary:
-------------------------------------
Query model(s):                            1  (144 nodes)
Target sequences:                       3710  (1159305 residues searched)
Passed MSV filter:                        51  (0.0137466); expected 74.2 (0.02)
Passed bias filter:                       46  (0.0123989); expected 74.2 (0.02)
Passed Vit filter:                         7  (0.00188679); expected 3.7 (0.001)
Passed Fwd filter:                         1  (0.000269542); expected 0.0 (1e-05)
Initial search space (Z):               3710  [actual number of targets]
Domain search space  (domZ):               1  [number of targets reported over threshold]
# CPU time: 0.02u 0.00s 00:00:00.02 Elapsed: 00:00:00.02
# Mc/sec: 6938.46
//
Query:       TIGR00088  [M=233]
Accession:   TIGR00088
Description: trmD: tRNA (guanine(37)-N(1))-methyltransferase
Scores for complete sequences (score includes all domains):
   --- full sequence ---   --- best 1 domain ---    -#dom-
    E-value  score  bias    E-value  score  bias    exp  N  Sequence              Description
    ------- ------ -----    ------- ------ -----   ---- --  --------              -----------
    2.8e-78  260.0   0.0    3.4e-78  259.8   0.0    1.0  1  CDSOGA010000002.1_191  # 180703 # 181395 # -1 # ID=2_191;partial=00;start_type=TTG;rbs_motif=GGAG/GAGG;rbs_spacer=5-10bp;gc_cont=0.639


Domain annotation for each sequence:
>> CDSOGA010000002.1_191  # 180703 # 181395 # -1 # ID=2_191;partial=00;start_type=TTG;rbs_motif=GGAG/GAGG;rbs_spacer=5-10bp;gc_cont=0.639
   #    score  bias  c-Evalue  i-Evalue hmmfrom  hmm to    alifrom  ali to    envfrom  env to     acc
 ---   ------ ----- --------- --------- ------- -------    ------- -------    ------- -------    ----
   1 !  259.8   0.0   9.1e-82   3.4e-78       4     222 ..       6     226 ..       3     230 .. 0.97



Internal pipeline statistics summary:
-------------------------------------
Query model(s):                            1  (233 nodes)
Target sequences:                       3710  (1159305 residues searched)
Passed MSV filter:                        72  (0.019407); expected 74.2 (0.02)
Passed bias filter:                       69  (0.0185984); expected 74.2 (0.02)
Passed Vit filter:                        11  (0.00296496); expected 3.7 (0.001)
Passed Fwd filter:                         1  (0.000269542); expected 0.0 (1e-05)
Initial search space (Z):               3710  [actual number of targets]
Domain search space  (domZ):               1  [number of targets reported over threshold]
# CPU time: 0.02u 0.00s 00:00:00.02 Elapsed: 00:00:00.03
# Mc/sec: 6966.72
//
Query:       TIGR00090  [M=99]
Accession:   TIGR00090
Description: rsfS_iojap_ybeB: ribosome silencing factor
Scores for complete sequences (score includes all domains):
   --- full sequence ---   --- best 1 domain ---    -#dom-
    E-value  score  bias    E-value  score  bias    exp  N  Sequence              Description
    ------- ------ -----    ------- ------ -----   ---- --  --------              -----------
    1.6e-33  112.6   0.0    1.8e-33  112.4   0.0    1.0  1  CDSOGA010000002.1_323  # 315129 # 315521 # -1 # ID=2_323;partial=00;start_type=ATG;rbs_motif=GGA/GAG/AGG;rbs_spacer=5-10bp;gc_cont=0.616


Domain annotation for each sequence:
>> CDSOGA010000002.1_323  # 315129 # 315521 # -1 # ID=2_323;partial=00;start_type=ATG;rbs_motif=GGA/GAG/AGG;rbs_spacer=5-10bp;gc_cont=0.616
   #    score  bias  c-Evalue  i-Evalue hmmfrom  hmm to    alifrom  ali to    envfrom  env to     acc
 ---   ------ ----- --------- --------- ------- -------    ------- -------    ------- -------    ----
   1 !  112.4   0.0   4.9e-37   1.8e-33       2      99 .]      24     121 ..      23     121 .. 0.98



Internal pipeline statistics summary:
-------------------------------------
Query model(s):                            1  (99 nodes)
Target sequences:                       3710  (1159305 residues searched)
Passed MSV filter:                        74  (0.0199461); expected 74.2 (0.02)
Passed bias filter:                       68  (0.0183288); expected 74.2 (0.02)
Passed Vit filter:                         7  (0.00188679); expected 3.7 (0.001)
Passed Fwd filter:                         1  (0.000269542); expected 0.0 (1e-05)
Initial search space (Z):               3710  [actual number of targets]
Domain search space  (domZ):               1  [number of targets reported over threshold]
# CPU time: 0.01u 0.00s 00:00:00.01 Elapsed: 00:00:00.01
# Mc/sec: 7542.91
//
Query:       TIGR00092  [M=368]
Accession:   TIGR00092
Description: TIGR00092: GTP-binding protein YchF
Scores for complete sequences (score includes all domains):
   --- full sequence ---   --- best 1 domain ---    -#dom-
    E-value  score  bias    E-value  score  bias    exp  N  Sequence              Description
    ------- ------ -----    ------- ------ -----   ---- --  --------              -----------
     3e-145  481.6   0.0   3.4e-145  481.5   0.0    1.0  1  CDSOGA010000005.1_122  # 120194 # 121291 # 1 # ID=5_122;partial=00;start_type=ATG;rbs_motif=GGAG/GAGG;rbs_spacer=5-10bp;gc_cont=0.618


Domain annotation for each sequence:
>> CDSOGA010000005.1_122  # 120194 # 121291 # 1 # ID=5_122;partial=00;start_type=ATG;rbs_motif=GGAG/GAGG;rbs_spacer=5-10bp;gc_cont=0.618
   #    score  bias  c-Evalue  i-Evalue hmmfrom  hmm to    alifrom  ali to    envfrom  env to     acc
 ---   ------ ----- --------- --------- ------- -------    ------- -------    ------- -------    ----
   1 !  481.5   0.0  9.1e-149  3.4e-145       1     367 [.       1     364 [.       1     365 [. 0.97



Internal pipeline statistics summary:
-------------------------------------
Query model(s):                            1  (368 nodes)
Target sequences:                       3710  (1159305 residues searched)
Passed MSV filter:                       148  (0.0398922); expected 74.2 (0.02)
Passed bias filter:                      137  (0.0369272); expected 74.2 (0.02)
Passed Vit filter:                        19  (0.00512129); expected 3.7 (0.001)
Passed Fwd filter:                         5  (0.00134771); expected 0.0 (1e-05)
Initial search space (Z):               3710  [actual number of targets]
Domain search space  (domZ):               1  [number of targets reported over threshold]
# CPU time: 0.05u 0.00s 00:00:00.05 Elapsed: 00:00:00.05
# Mc/sec: 8011.15
//
Query:       TIGR00095  [M=194]
Accession:   TIGR00095
Description: TIGR00095: 16S rRNA (guanine(966)-N(2))-methyltransferase RsmD
Scores for complete sequences (score includes all domains):
   --- full sequence ---   --- best 1 domain ---    -#dom-
    E-value  score  bias    E-value  score  bias    exp  N  Sequence              Description
    ------- ------ -----    ------- ------ -----   ---- --  --------              -----------
    7.3e-42  140.9   0.0    8.8e-42  140.6   0.0    1.0  1  CDSOGA010000001.1_182  # 180822 # 181376 # 1 # ID=1_182;partial=00;start_type=GTG;rbs_motif=GGA/GAG/AGG;rbs_spacer=5-10bp;gc_cont=0.620


Domain annotation for each sequence:
>> CDSOGA010000001.1_182  # 180822 # 181376 # 1 # ID=1_182;partial=00;start_type=GTG;rbs_motif=GGA/GAG/AGG;rbs_spacer=5-10bp;gc_cont=0.620
   #    score  bias  c-Evalue  i-Evalue hmmfrom  hmm to    alifrom  ali to    envfrom  env to     acc
 ---   ------ ----- --------- --------- ------- -------    ------- -------    ------- -------    ----
   1 !  140.6   0.0   2.4e-45   8.8e-42      13     191 ..       2     181 ..       1     183 [. 0.91



Internal pipeline statistics summary:
-------------------------------------
Query model(s):                            1  (194 nodes)
Target sequences:                       3710  (1159305 residues searched)
Passed MSV filter:                        78  (0.0210243); expected 74.2 (0.02)
Passed bias filter:                       77  (0.0207547); expected 74.2 (0.02)
Passed Vit filter:                        11  (0.00296496); expected 3.7 (0.001)
Passed Fwd filter:                         2  (0.000539084); expected 0.0 (1e-05)
Initial search space (Z):               3710  [actual number of targets]
Domain search space  (domZ):               1  [number of targets reported over threshold]
# CPU time: 0.01u 0.01s 00:00:00.02 Elapsed: 00:00:00.02
# Mc/sec: 9517.94
//
Query:       TIGR00111  [M=351]
Accession:   TIGR00111
Description: pelota: mRNA surveillance protein pelota
Scores for complete sequences (score includes all domains):
   --- full sequence ---   --- best 1 domain ---    -#dom-
    E-value  score  bias    E-value  score  bias    exp  N  Sequence Description
    ------- ------ -----    ------- ------ -----   ---- --  -------- -----------

   [No hits detected that satisfy reporting thresholds]


Domain annotation for each sequence:

   [No targets detected that satisfy reporting thresholds]


Internal pipeline statistics summary:
-------------------------------------
Query model(s):                            1  (351 nodes)
Target sequences:                       3710  (1159305 residues searched)
Passed MSV filter:                        84  (0.0226415); expected 74.2 (0.02)
Passed bias filter:                       73  (0.0196765); expected 74.2 (0.02)
Passed Vit filter:                         4  (0.00107817); expected 3.7 (0.001)
Passed Fwd filter:                         1  (0.000269542); expected 0.0 (1e-05)
Initial search space (Z):               3710  [actual number of targets]
Domain search space  (domZ):               0  [number of targets reported over threshold]
# CPU time: 0.03u 0.00s 00:00:00.03 Elapsed: 00:00:00.02
# Mc/sec: 16564.81
//
Query:       TIGR00115  [M=410]
Accession:   TIGR00115
Description: tig: trigger factor
Scores for complete sequences (score includes all domains):
   --- full sequence ---   --- best 1 domain ---    -#dom-
    E-value  score  bias    E-value  score  bias    exp  N  Sequence              Description
    ------- ------ -----    ------- ------ -----   ---- --  --------              -----------
   5.3e-119  395.4  10.0   6.2e-119  395.2  10.0    1.0  1  CDSOGA010000004.1_115  # 118426 # 119805 # -1 # ID=4_115;partial=00;start_type=ATG;rbs_motif=GGA/GAG/AGG;rbs_spacer=5-10bp;gc_cont=0.590


Domain annotation for each sequence:
>> CDSOGA010000004.1_115  # 118426 # 119805 # -1 # ID=4_115;partial=00;start_type=ATG;rbs_motif=GGA/GAG/AGG;rbs_spacer=5-10bp;gc_cont=0.590
   #    score  bias  c-Evalue  i-Evalue hmmfrom  hmm to    alifrom  ali to    envfrom  env to     acc
 ---   ------ ----- --------- --------- ------- -------    ------- -------    ------- -------    ----
   1 !  395.2  10.0  1.7e-122  6.2e-119       1     409 [.      11     426 ..      11     427 .. 0.99



Internal pipeline statistics summary:
-------------------------------------
Query model(s):                            1  (410 nodes)
Target sequences:                       3710  (1159305 residues searched)
Passed MSV filter:                       104  (0.0280323); expected 74.2 (0.02)
Passed bias filter:                       77  (0.0207547); expected 74.2 (0.02)
Passed Vit filter:                         8  (0.00215633); expected 3.7 (0.001)
Passed Fwd filter:                         3  (0.000808625); expected 0.0 (1e-05)
Initial search space (Z):               3710  [actual number of targets]
Domain search space  (domZ):               1  [number of targets reported over threshold]
# CPU time: 0.04u 0.00s 00:00:00.04 Elapsed: 00:00:00.04
# Mc/sec: 11500.92
//
Query:       TIGR00116  [M=293]
Accession:   TIGR00116
Description: tsf: translation elongation factor Ts
Scores for complete sequences (score includes all domains):
   --- full sequence ---   --- best 1 domain ---    -#dom-
    E-value  score  bias    E-value  score  bias    exp  N  Sequence              Description
    ------- ------ -----    ------- ------ -----   ---- --  --------              -----------
    6.7e-93  308.7   7.5    8.2e-93  308.5   7.5    1.0  1  CDSOGA010000004.1_171  # 186521 # 187450 # -1 # ID=4_171;partial=00;start_type=ATG;rbs_motif=GGAG/GAGG;rbs_spacer=5-10bp;gc_cont=0.587


Domain annotation for each sequence:
>> CDSOGA010000004.1_171  # 186521 # 187450 # -1 # ID=4_171;partial=00;start_type=ATG;rbs_motif=GGAG/GAGG;rbs_spacer=5-10bp;gc_cont=0.587
   #    score  bias  c-Evalue  i-Evalue hmmfrom  hmm to    alifrom  ali to    envfrom  env to     acc
 ---   ------ ----- --------- --------- ------- -------    ------- -------    ------- -------    ----
   1 !  308.5   7.5   2.2e-96   8.2e-93       2     290 ..       1     304 [.       1     307 [. 0.92



Internal pipeline statistics summary:
-------------------------------------
Query model(s):                            1  (293 nodes)
Target sequences:                       3710  (1159305 residues searched)
Passed MSV filter:                        77  (0.0207547); expected 74.2 (0.02)
Passed bias filter:                       59  (0.015903); expected 74.2 (0.02)
Passed Vit filter:                         7  (0.00188679); expected 3.7 (0.001)
Passed Fwd filter:                         1  (0.000269542); expected 0.0 (1e-05)
Initial search space (Z):               3710  [actual number of targets]
Domain search space  (domZ):               1  [number of targets reported over threshold]
# CPU time: 0.03u 0.00s 00:00:00.03 Elapsed: 00:00:00.02
# Mc/sec: 12164.08
//
Query:       TIGR00134  [M=622]
Accession:   TIGR00134
Description: gatE_arch: glutamyl-tRNA(Gln) amidotransferase, subunit E
Scores for complete sequences (score includes all domains):
   --- full sequence ---   --- best 1 domain ---    -#dom-
    E-value  score  bias    E-value  score  bias    exp  N  Sequence Description
    ------- ------ -----    ------- ------ -----   ---- --  -------- -----------

   [No hits detected that satisfy reporting thresholds]


Domain annotation for each sequence:

   [No targets detected that satisfy reporting thresholds]


Internal pipeline statistics summary:
-------------------------------------
Query model(s):                            1  (622 nodes)
Target sequences:                       3710  (1159305 residues searched)
Passed MSV filter:                       109  (0.0293801); expected 74.2 (0.02)
Passed bias filter:                       77  (0.0207547); expected 74.2 (0.02)
Passed Vit filter:                         7  (0.00188679); expected 3.7 (0.001)
Passed Fwd filter:                         1  (0.000269542); expected 0.0 (1e-05)
Initial search space (Z):               3710  [actual number of targets]
Domain search space  (domZ):               0  [number of targets reported over threshold]
# CPU time: 0.06u 0.00s 00:00:00.06 Elapsed: 00:00:00.07
# Mc/sec: 9836.41
//
Query:       TIGR00138  [M=183]
Accession:   TIGR00138
Description: rsmG_gidB: 16S rRNA (guanine(527)-N(7))-methyltransferase RsmG
Scores for complete sequences (score includes all domains):
   --- full sequence ---   --- best 1 domain ---    -#dom-
    E-value  score  bias    E-value  score  bias    exp  N  Sequence              Description
    ------- ------ -----    ------- ------ -----   ---- --  --------              -----------
    4.1e-38  128.6   0.0    4.9e-38  128.3   0.0    1.0  1  CDSOGA010000002.1_180  # 170166 # 170813 # 1 # ID=2_180;partial=00;start_type=ATG;rbs_motif=GGA/GAG/AGG;rbs_spacer=5-10bp;gc_cont=0.566


Domain annotation for each sequence:
>> CDSOGA010000002.1_180  # 170166 # 170813 # 1 # ID=2_180;partial=00;start_type=ATG;rbs_motif=GGA/GAG/AGG;rbs_spacer=5-10bp;gc_cont=0.566
   #    score  bias  c-Evalue  i-Evalue hmmfrom  hmm to    alifrom  ali to    envfrom  env to     acc
 ---   ------ ----- --------- --------- ------- -------    ------- -------    ------- -------    ----
   1 !  128.3   0.0   1.3e-41   4.9e-38       3     165 ..      27     189 ..      25     205 .. 0.88



Internal pipeline statistics summary:
-------------------------------------
Query model(s):                            1  (183 nodes)
Target sequences:                       3710  (1159305 residues searched)
Passed MSV filter:                        79  (0.0212938); expected 74.2 (0.02)
Passed bias filter:                       78  (0.0210243); expected 74.2 (0.02)
Passed Vit filter:                        12  (0.0032345); expected 3.7 (0.001)
Passed Fwd filter:                         2  (0.000539084); expected 0.0 (1e-05)
Initial search space (Z):               3710  [actual number of targets]
Domain search space  (domZ):               1  [number of targets reported over threshold]
# CPU time: 0.02u 0.00s 00:00:00.02 Elapsed: 00:00:00.02
# Mc/sec: 10314.13
//
Query:       TIGR00158  [M=148]
Accession:   TIGR00158
Description: L9: ribosomal protein bL9
Scores for complete sequences (score includes all domains):
   --- full sequence ---   --- best 1 domain ---    -#dom-
    E-value  score  bias    E-value  score  bias    exp  N  Sequence              Description
    ------- ------ -----    ------- ------ -----   ---- --  --------              -----------
    4.6e-41  138.4   0.3    5.9e-41  138.1   0.3    1.1  1  CDSOGA010000006.1_228  # 227082 # 227654 # 1 # ID=6_228;partial=00;start_type=ATG;rbs_motif=AGGA;rbs_spacer=5-10bp;gc_cont=0.606


Domain annotation for each sequence:
>> CDSOGA010000006.1_228  # 227082 # 227654 # 1 # ID=6_228;partial=00;start_type=ATG;rbs_motif=AGGA;rbs_spacer=5-10bp;gc_cont=0.606
   #    score  bias  c-Evalue  i-Evalue hmmfrom  hmm to    alifrom  ali to    envfrom  env to     acc
 ---   ------ ----- --------- --------- ------- -------    ------- -------    ------- -------    ----
   1 !  138.1   0.3   1.6e-44   5.9e-41       1     146 [.       1     145 [.       1     147 [. 0.99



Internal pipeline statistics summary:
-------------------------------------
Query model(s):                            1  (148 nodes)
Target sequences:                       3710  (1159305 residues searched)
Passed MSV filter:                        62  (0.0167116); expected 74.2 (0.02)
Passed bias filter:                       50  (0.0134771); expected 74.2 (0.02)
Passed Vit filter:                         6  (0.00161725); expected 3.7 (0.001)
Passed Fwd filter:                         1  (0.000269542); expected 0.0 (1e-05)
Initial search space (Z):               3710  [actual number of targets]
Domain search space  (domZ):               1  [number of targets reported over threshold]
# CPU time: 0.01u 0.00s 00:00:00.01 Elapsed: 00:00:00.01
# Mc/sec: 13716.67
//
Query:       TIGR00166  [M=95]
Accession:   TIGR00166
Description: S6: ribosomal protein bS6
Scores for complete sequences (score includes all domains):
   --- full sequence ---   --- best 1 domain ---    -#dom-
    E-value  score  bias    E-value  score  bias    exp  N  Sequence              Description
    ------- ------ -----    ------- ------ -----   ---- --  --------              -----------
    9.9e-24   81.1   0.2    1.2e-23   80.9   0.2    1.1  1  CDSOGA010000006.1_226  # 226270 # 226668 # 1 # ID=6_226;partial=00;start_type=ATG;rbs_motif=AGGA;rbs_spacer=5-10bp;gc_cont=0.586


Domain annotation for each sequence:
>> CDSOGA010000006.1_226  # 226270 # 226668 # 1 # ID=6_226;partial=00;start_type=ATG;rbs_motif=AGGA;rbs_spacer=5-10bp;gc_cont=0.586
   #    score  bias  c-Evalue  i-Evalue hmmfrom  hmm to    alifrom  ali to    envfrom  env to     acc
 ---   ------ ----- --------- --------- ------- -------    ------- -------    ------- -------    ----
   1 !   80.9   0.2   3.2e-27   1.2e-23       1      94 [.       1      94 [.       1      95 [. 0.97



Internal pipeline statistics summary:
-------------------------------------
Query model(s):                            1  (95 nodes)
Target sequences:                       3710  (1159305 residues searched)
Passed MSV filter:                        46  (0.0123989); expected 74.2 (0.02)
Passed bias filter:                       43  (0.0115903); expected 74.2 (0.02)
Passed Vit filter:                         1  (0.000269542); expected 3.7 (0.001)
Passed Fwd filter:                         1  (0.000269542); expected 0.0 (1e-05)
Initial search space (Z):               3710  [actual number of targets]
Domain search space  (domZ):               1  [number of targets reported over threshold]
# CPU time: 0.02u 0.00s 00:00:00.02 Elapsed: 00:00:00.04
# Mc/sec: 2224.43
//
Query:       TIGR00168  [M=165]
Accession:   TIGR00168
Description: infC: translation initiation factor IF-3
Scores for complete sequences (score includes all domains):
   --- full sequence ---   --- best 1 domain ---    -#dom-
    E-value  score  bias    E-value  score  bias    exp  N  Sequence             Description
    ------- ------ -----    ------- ------ -----   ---- --  --------             -----------
    4.3e-63  209.6   2.2    4.9e-63  209.4   2.2    1.0  1  CDSOGA010000002.1_27  # 22875 # 23399 # -1 # ID=2_27;partial=00;start_type=ATG;rbs_motif=None;rbs_spacer=None;gc_cont=0.587


Domain annotation for each sequence:
>> CDSOGA010000002.1_27  # 22875 # 23399 # -1 # ID=2_27;partial=00;start_type=ATG;rbs_motif=None;rbs_spacer=None;gc_cont=0.587
   #    score  bias  c-Evalue  i-Evalue hmmfrom  hmm to    alifrom  ali to    envfrom  env to     acc
 ---   ------ ----- --------- --------- ------- -------    ------- -------    ------- -------    ----
   1 !  209.4   2.2   1.3e-66   4.9e-63       2     163 ..      14     174 ..      13     174 .. 0.99



Internal pipeline statistics summary:
-------------------------------------
Query model(s):                            1  (165 nodes)
Target sequences:                       3710  (1159305 residues searched)
Passed MSV filter:                        72  (0.019407); expected 74.2 (0.02)
Passed bias filter:                       67  (0.0180593); expected 74.2 (0.02)
Passed Vit filter:                         4  (0.00107817); expected 3.7 (0.001)
Passed Fwd filter:                         1  (0.000269542); expected 0.0 (1e-05)
Initial search space (Z):               3710  [actual number of targets]
Domain search space  (domZ):               1  [number of targets reported over threshold]
# CPU time: 0.02u 0.00s 00:00:00.02 Elapsed: 00:00:00.02
# Mc/sec: 8988.33
//
Query:       TIGR00186  [M=240]
Accession:   TIGR00186
Description: rRNA_methyl_3: RNA methyltransferase, TrmH family, group 3
Scores for complete sequences (score includes all domains):
   --- full sequence ---   --- best 1 domain ---    -#dom-
    E-value  score  bias    E-value  score  bias    exp  N  Sequence             Description
    ------- ------ -----    ------- ------ -----   ---- --  --------             -----------
      2e-53  179.0   0.0    2.4e-53  178.7   0.0    1.0  1  CDSOGA010000014.1_16  # 16537 # 17289 # 1 # ID=14_16;partial=00;start_type=ATG;rbs_motif=3Base/5BMM;rbs_spacer=13-15bp;gc_cont=0.608


Domain annotation for each sequence:
>> CDSOGA010000014.1_16  # 16537 # 17289 # 1 # ID=14_16;partial=00;start_type=ATG;rbs_motif=3Base/5BMM;rbs_spacer=13-15bp;gc_cont=0.608
   #    score  bias  c-Evalue  i-Evalue hmmfrom  hmm to    alifrom  ali to    envfrom  env to     acc
 ---   ------ ----- --------- --------- ------- -------    ------- -------    ------- -------    ----
   1 !  178.7   0.0   6.5e-57   2.4e-53       4     237 ..      20     246 ..      18     249 .. 0.92



Internal pipeline statistics summary:
-------------------------------------
Query model(s):                            1  (240 nodes)
Target sequences:                       3710  (1159305 residues searched)
Passed MSV filter:                        88  (0.0237197); expected 74.2 (0.02)
Passed bias filter:                       78  (0.0210243); expected 74.2 (0.02)
Passed Vit filter:                        11  (0.00296496); expected 3.7 (0.001)
Passed Fwd filter:                         3  (0.000808625); expected 0.0 (1e-05)
Initial search space (Z):               3710  [actual number of targets]
Domain search space  (domZ):               1  [number of targets reported over threshold]
# CPU time: 0.02u 0.00s 00:00:00.02 Elapsed: 00:00:00.03
# Mc/sec: 8124.40
//
Query:       TIGR00194  [M=574]
Accession:   TIGR00194
Description: uvrC: excinuclease ABC subunit C
Scores for complete sequences (score includes all domains):
   --- full sequence ---   --- best 1 domain ---    -#dom-
    E-value  score  bias    E-value  score  bias    exp  N  Sequence              Description
    ------- ------ -----    ------- ------ -----   ---- --  --------              -----------
   5.7e-163  541.3   0.0   6.8e-163  541.1   0.0    1.0  1  CDSOGA010000003.1_333  # 329444 # 331327 # 1 # ID=3_333;partial=00;start_type=ATG;rbs_motif=None;rbs_spacer=None;gc_cont=0.633


Domain annotation for each sequence:
>> CDSOGA010000003.1_333  # 329444 # 331327 # 1 # ID=3_333;partial=00;start_type=ATG;rbs_motif=None;rbs_spacer=None;gc_cont=0.633
   #    score  bias  c-Evalue  i-Evalue hmmfrom  hmm to    alifrom  ali to    envfrom  env to     acc
 ---   ------ ----- --------- --------- ------- -------    ------- -------    ------- -------    ----
   1 !  541.1   0.0  1.8e-166  6.8e-163       5     573 ..      19     603 ..      15     604 .. 0.94



Internal pipeline statistics summary:
-------------------------------------
Query model(s):                            1  (574 nodes)
Target sequences:                       3710  (1159305 residues searched)
Passed MSV filter:                        77  (0.0207547); expected 74.2 (0.02)
Passed bias filter:                       67  (0.0180593); expected 74.2 (0.02)
Passed Vit filter:                         8  (0.00215633); expected 3.7 (0.001)
Passed Fwd filter:                         3  (0.000808625); expected 0.0 (1e-05)
Initial search space (Z):               3710  [actual number of targets]
Domain search space  (domZ):               1  [number of targets reported over threshold]
# CPU time: 0.06u 0.00s 00:00:00.06 Elapsed: 00:00:00.06
# Mc/sec: 10073.19
//
Query:       TIGR00250  [M=130]
Accession:   TIGR00250
Description: RNAse_H_YqgF: putative transcription antitermination factor YqgF
Scores for complete sequences (score includes all domains):
   --- full sequence ---   --- best 1 domain ---    -#dom-
    E-value  score  bias    E-value  score  bias    exp  N  Sequence             Description
    ------- ------ -----    ------- ------ -----   ---- --  --------             -----------
    5.8e-38  127.6   0.0    6.7e-38  127.4   0.0    1.0  1  CDSOGA010000010.1_38  # 39590 # 40069 # -1 # ID=10_38;partial=00;start_type=GTG;rbs_motif=AGGA;rbs_spacer=5-10bp;gc_cont=0.637


Domain annotation for each sequence:
>> CDSOGA010000010.1_38  # 39590 # 40069 # -1 # ID=10_38;partial=00;start_type=GTG;rbs_motif=AGGA;rbs_spacer=5-10bp;gc_cont=0.637
   #    score  bias  c-Evalue  i-Evalue hmmfrom  hmm to    alifrom  ali to    envfrom  env to     acc
 ---   ------ ----- --------- --------- ------- -------    ------- -------    ------- -------    ----
   1 !  127.4   0.0   1.8e-41   6.7e-38       1     130 []      25     154 ..      25     154 .. 0.99



Internal pipeline statistics summary:
-------------------------------------
Query model(s):                            1  (130 nodes)
Target sequences:                       3710  (1159305 residues searched)
Passed MSV filter:                       102  (0.0274933); expected 74.2 (0.02)
Passed bias filter:                       90  (0.0242588); expected 74.2 (0.02)
Passed Vit filter:                         7  (0.00188679); expected 3.7 (0.001)
Passed Fwd filter:                         1  (0.000269542); expected 0.0 (1e-05)
Initial search space (Z):               3710  [actual number of targets]
Domain search space  (domZ):               1  [number of targets reported over threshold]
# CPU time: 0.02u 0.00s 00:00:00.02 Elapsed: 00:00:00.01
# Mc/sec: 7615.43
//
Query:       TIGR00279  [M=172]
Accession:   TIGR00279
Description: uL16_euk_arch: ribosomal protein uL16
Scores for complete sequences (score includes all domains):
   --- full sequence ---   --- best 1 domain ---    -#dom-
    E-value  score  bias    E-value  score  bias    exp  N  Sequence Description
    ------- ------ -----    ------- ------ -----   ---- --  -------- -----------

   [No hits detected that satisfy reporting thresholds]


Domain annotation for each sequence:

   [No targets detected that satisfy reporting thresholds]


Internal pipeline statistics summary:
-------------------------------------
Query model(s):                            1  (172 nodes)
Target sequences:                       3710  (1159305 residues searched)
Passed MSV filter:                        93  (0.0250674); expected 74.2 (0.02)
Passed bias filter:                       83  (0.022372); expected 74.2 (0.02)
Passed Vit filter:                         5  (0.00134771); expected 3.7 (0.001)
Passed Fwd filter:                         1  (0.000269542); expected 0.0 (1e-05)
Initial search space (Z):               3710  [actual number of targets]
Domain search space  (domZ):               0  [number of targets reported over threshold]
# CPU time: 0.02u 0.00s 00:00:00.02 Elapsed: 00:00:00.02
# Mc/sec: 6889.27
//
Query:       TIGR00291  [M=231]
Accession:   TIGR00291
Description: RNA_SBDS: rRNA metabolism protein, SBDS family
Scores for complete sequences (score includes all domains):
   --- full sequence ---   --- best 1 domain ---    -#dom-
    E-value  score  bias    E-value  score  bias    exp  N  Sequence Description
    ------- ------ -----    ------- ------ -----   ---- --  -------- -----------

   [No hits detected that satisfy reporting thresholds]


Domain annotation for each sequence:

   [No targets detected that satisfy reporting thresholds]


Internal pipeline statistics summary:
-------------------------------------
Query model(s):                            1  (231 nodes)
Target sequences:                       3710  (1159305 residues searched)
Passed MSV filter:                        56  (0.0150943); expected 74.2 (0.02)
Passed bias filter:                       51  (0.0137466); expected 74.2 (0.02)
Passed Vit filter:                         2  (0.000539084); expected 3.7 (0.001)
Passed Fwd filter:                         0  (0); expected 0.0 (1e-05)
Initial search space (Z):               3710  [actual number of targets]
Domain search space  (domZ):               0  [number of targets reported over threshold]
# CPU time: 0.02u 0.00s 00:00:00.02 Elapsed: 00:00:00.02
# Mc/sec: 9323.54
//
Query:       TIGR00323  [M=215]
Accession:   TIGR00323
Description: eIF-6: putative translation initiation factor eIF-6
Scores for complete sequences (score includes all domains):
   --- full sequence ---   --- best 1 domain ---    -#dom-
    E-value  score  bias    E-value  score  bias    exp  N  Sequence Description
    ------- ------ -----    ------- ------ -----   ---- --  -------- -----------

   [No hits detected that satisfy reporting thresholds]


Domain annotation for each sequence:

   [No targets detected that satisfy reporting thresholds]


Internal pipeline statistics summary:
-------------------------------------
Query model(s):                            1  (215 nodes)
Target sequences:                       3710  (1159305 residues searched)
Passed MSV filter:                       126  (0.0339623); expected 74.2 (0.02)
Passed bias filter:                       80  (0.0215633); expected 74.2 (0.02)
Passed Vit filter:                         6  (0.00161725); expected 3.7 (0.001)
Passed Fwd filter:                         0  (0); expected 0.0 (1e-05)
Initial search space (Z):               3710  [actual number of targets]
Domain search space  (domZ):               0  [number of targets reported over threshold]
# CPU time: 0.02u 0.00s 00:00:00.02 Elapsed: 00:00:00.01
# Mc/sec: 13114.51
//
Query:       TIGR00335  [M=324]
Accession:   TIGR00335
Description: primase_sml: putative DNA primase, eukaryotic-type, small subunit
Scores for complete sequences (score includes all domains):
   --- full sequence ---   --- best 1 domain ---    -#dom-
    E-value  score  bias    E-value  score  bias    exp  N  Sequence Description
    ------- ------ -----    ------- ------ -----   ---- --  -------- -----------

   [No hits detected that satisfy reporting thresholds]


Domain annotation for each sequence:

   [No targets detected that satisfy reporting thresholds]


Internal pipeline statistics summary:
-------------------------------------
Query model(s):                            1  (324 nodes)
Target sequences:                       3710  (1159305 residues searched)
Passed MSV filter:                        53  (0.0142857); expected 74.2 (0.02)
Passed bias filter:                       49  (0.0132075); expected 74.2 (0.02)
Passed Vit filter:                         5  (0.00134771); expected 3.7 (0.001)
Passed Fwd filter:                         0  (0); expected 0.0 (1e-05)
Initial search space (Z):               3710  [actual number of targets]
Domain search space  (domZ):               0  [number of targets reported over threshold]
# CPU time: 0.03u 0.00s 00:00:00.03 Elapsed: 00:00:00.02
# Mc/sec: 12637.03
//
Query:       TIGR00337  [M=526]
Accession:   TIGR00337
Description: PyrG: CTP synthase
Scores for complete sequences (score includes all domains):
   --- full sequence ---   --- best 1 domain ---    -#dom-
    E-value  score  bias    E-value  score  bias    exp  N  Sequence              Description
    ------- ------ -----    ------- ------ -----   ---- --  --------              -----------
   2.1e-223  740.4   0.0   2.4e-223  740.2   0.0    1.0  1  CDSOGA010000010.1_113  # 114523 # 116151 # -1 # ID=10_113;partial=00;start_type=ATG;rbs_motif=GGA/GAG/AGG;rbs_spacer=5-10bp;gc_cont=0.603


Domain annotation for each sequence:
>> CDSOGA010000010.1_113  # 114523 # 116151 # -1 # ID=10_113;partial=00;start_type=ATG;rbs_motif=GGA/GAG/AGG;rbs_spacer=5-10bp;gc_cont=0.603
   #    score  bias  c-Evalue  i-Evalue hmmfrom  hmm to    alifrom  ali to    envfrom  env to     acc
 ---   ------ ----- --------- --------- ------- -------    ------- -------    ------- -------    ----
   1 !  740.2   0.0  6.5e-227  2.4e-223       3     526 .]       2     534 ..       1     534 [. 0.99



Internal pipeline statistics summary:
-------------------------------------
Query model(s):                            1  (526 nodes)
Target sequences:                       3710  (1159305 residues searched)
Passed MSV filter:                       104  (0.0280323); expected 74.2 (0.02)
Passed bias filter:                      100  (0.0269542); expected 74.2 (0.02)
Passed Vit filter:                        16  (0.00431267); expected 3.7 (0.001)
Passed Fwd filter:                         4  (0.00107817); expected 0.0 (1e-05)
Initial search space (Z):               3710  [actual number of targets]
Domain search space  (domZ):               1  [number of targets reported over threshold]
# CPU time: 0.06u 0.00s 00:00:00.06 Elapsed: 00:00:00.07
# Mc/sec: 8399.32
//
Query:       TIGR00344  [M=847]
Accession:   TIGR00344
Description: alaS: alanine--tRNA ligase
Scores for complete sequences (score includes all domains):
   --- full sequence ---   --- best 1 domain ---    -#dom-
    E-value  score  bias    E-value  score  bias    exp  N  Sequence             Description
    ------- ------ -----    ------- ------ -----   ---- --  --------             -----------
   3.6e-292  969.3   0.0   4.1e-292  969.1   0.0    1.0  1  CDSOGA010000003.1_99  # 84305 # 87082 # -1 # ID=3_99;partial=00;start_type=ATG;rbs_motif=AGGAG/GGAGG;rbs_spacer=11-12bp;gc_cont=0.604


Domain annotation for each sequence:
>> CDSOGA010000003.1_99  # 84305 # 87082 # -1 # ID=3_99;partial=00;start_type=ATG;rbs_motif=AGGAG/GGAGG;rbs_spacer=11-12bp;gc_cont=0.604
   #    score  bias  c-Evalue  i-Evalue hmmfrom  hmm to    alifrom  ali to    envfrom  env to     acc
 ---   ------ ----- --------- --------- ------- -------    ------- -------    ------- -------    ----
   1 !  969.1   0.0  1.1e-295  4.1e-292       2     847 .]      53     908 ..      52     908 .. 0.97



Internal pipeline statistics summary:
-------------------------------------
Query model(s):                            1  (847 nodes)
Target sequences:                       3710  (1159305 residues searched)
Passed MSV filter:                        85  (0.0229111); expected 74.2 (0.02)
Passed bias filter:                       60  (0.0161725); expected 74.2 (0.02)
Passed Vit filter:                         6  (0.00161725); expected 3.7 (0.001)
Passed Fwd filter:                         3  (0.000808625); expected 0.0 (1e-05)
Initial search space (Z):               3710  [actual number of targets]
Domain search space  (domZ):               1  [number of targets reported over threshold]
# CPU time: 0.06u 0.03s 00:00:00.09 Elapsed: 00:00:00.09
# Mc/sec: 10244.28
//
Query:       TIGR00362  [M=437]
Accession:   TIGR00362
Description: DnaA: chromosomal replication initiator protein DnaA
Scores for complete sequences (score includes all domains):
   --- full sequence ---   --- best 1 domain ---    -#dom-
    E-value  score  bias    E-value  score  bias    exp  N  Sequence            Description
    ------- ------ -----    ------- ------ -----   ---- --  --------            -----------
     9e-135  447.8   0.0     1e-134  447.6   0.0    1.0  1  CDSOGA010000002.1_6  # 4833 # 6287 # -1 # ID=2_6;partial=00;start_type=ATG;rbs_motif=3Base/5BMM;rbs_spacer=13-15bp;gc_cont=0.634


Domain annotation for each sequence:
>> CDSOGA010000002.1_6  # 4833 # 6287 # -1 # ID=2_6;partial=00;start_type=ATG;rbs_motif=3Base/5BMM;rbs_spacer=13-15bp;gc_cont=0.634
   #    score  bias  c-Evalue  i-Evalue hmmfrom  hmm to    alifrom  ali to    envfrom  env to     acc
 ---   ------ ----- --------- --------- ------- -------    ------- -------    ------- -------    ----
   1 !  447.6   0.0  2.7e-138    1e-134       1     437 []      14     482 ..      14     482 .. 0.92



Internal pipeline statistics summary:
-------------------------------------
Query model(s):                            1  (437 nodes)
Target sequences:                       3710  (1159305 residues searched)
Passed MSV filter:                       163  (0.0439353); expected 74.2 (0.02)
Passed bias filter:                      141  (0.0380054); expected 74.2 (0.02)
Passed Vit filter:                        30  (0.00808625); expected 3.7 (0.001)
Passed Fwd filter:                         5  (0.00134771); expected 0.0 (1e-05)
Initial search space (Z):               3710  [actual number of targets]
Domain search space  (domZ):               1  [number of targets reported over threshold]
# CPU time: 0.05u 0.00s 00:00:00.05 Elapsed: 00:00:00.04
# Mc/sec: 10562.07
//
Query:       TIGR00373  [M=162]
Accession:   TIGR00373
Description: TIGR00373: transcription factor E
Scores for complete sequences (score includes all domains):
   --- full sequence ---   --- best 1 domain ---    -#dom-
    E-value  score  bias    E-value  score  bias    exp  N  Sequence Description
    ------- ------ -----    ------- ------ -----   ---- --  -------- -----------

   [No hits detected that satisfy reporting thresholds]


Domain annotation for each sequence:

   [No targets detected that satisfy reporting thresholds]


Internal pipeline statistics summary:
-------------------------------------
Query model(s):                            1  (162 nodes)
Target sequences:                       3710  (1159305 residues searched)
Passed MSV filter:                        77  (0.0207547); expected 74.2 (0.02)
Passed bias filter:                       70  (0.0188679); expected 74.2 (0.02)
Passed Vit filter:                         7  (0.00188679); expected 3.7 (0.001)
Passed Fwd filter:                         0  (0); expected 0.0 (1e-05)
Initial search space (Z):               3710  [actual number of targets]
Domain search space  (domZ):               0  [number of targets reported over threshold]
# CPU time: 0.02u 0.01s 00:00:00.03 Elapsed: 00:00:00.01
# Mc/sec: 9556.29
//
Query:       TIGR00382  [M=414]
Accession:   TIGR00382
Description: clpX: ATP-dependent Clp protease, ATP-binding subunit ClpX
Scores for complete sequences (score includes all domains):
   --- full sequence ---   --- best 1 domain ---    -#dom-
    E-value  score  bias    E-value  score  bias    exp  N  Sequence              Description
    ------- ------ -----    ------- ------ -----   ---- --  --------              -----------
   7.3e-199  658.6   0.5   9.1e-199  658.3   0.5    1.0  1  CDSOGA010000004.1_108  # 112103 # 113380 # -1 # ID=4_108;partial=00;start_type=ATG;rbs_motif=GGAG/GAGG;rbs_spacer=5-10bp;gc_cont=0.579
    1.7e-54  183.1   0.5    1.7e-23   81.0   0.0    3.4  0  CDSOGA010000002.1_165  # 156396 # 157706 # 1 # ID=2_165;partial=00;start_type=ATG;rbs_motif=AGGA/GGAG/GAGG;rbs_spacer=11-12bp;gc_cont=0.611


Domain annotation for each sequence:
>> CDSOGA010000004.1_108  # 112103 # 113380 # -1 # ID=4_108;partial=00;start_type=ATG;rbs_motif=GGAG/GAGG;rbs_spacer=5-10bp;gc_cont=0.579
   #    score  bias  c-Evalue  i-Evalue hmmfrom  hmm to    alifrom  ali to    envfrom  env to     acc
 ---   ------ ----- --------- --------- ------- -------    ------- -------    ------- -------    ----
   1 !  658.3   0.5  4.9e-202  9.1e-199       5     411 ..      11     408 ..       7     411 .. 0.96

>> CDSOGA010000002.1_165  # 156396 # 157706 # 1 # ID=2_165;partial=00;start_type=ATG;rbs_motif=AGGA/GGAG/GAGG;rbs_spacer=11-12bp;gc_cont=0.611
   [No individual domains that satisfy reporting thresholds (although complete target did)]



Internal pipeline statistics summary:
-------------------------------------
Query model(s):                            1  (414 nodes)
Target sequences:                       3710  (1159305 residues searched)
Passed MSV filter:                       197  (0.0530997); expected 74.2 (0.02)
Passed bias filter:                      189  (0.0509434); expected 74.2 (0.02)
Passed Vit filter:                        53  (0.0142857); expected 3.7 (0.001)
Passed Fwd filter:                        10  (0.00269542); expected 0.0 (1e-05)
Initial search space (Z):               3710  [actual number of targets]
Domain search space  (domZ):               2  [number of targets reported over threshold]
# CPU time: 0.07u 0.00s 00:00:00.07 Elapsed: 00:00:00.10
# Mc/sec: 4695.81
//
Query:       TIGR00392  [M=861]
Accession:   TIGR00392
Description: ileS: isoleucine--tRNA ligase
Scores for complete sequences (score includes all domains):
   --- full sequence ---   --- best 1 domain ---    -#dom-
    E-value  score  bias    E-value  score  bias    exp  N  Sequence              Description
    ------- ------ -----    ------- ------ -----   ---- --  --------              -----------
     2e-241  801.4   0.0   2.5e-241  801.1   0.0    1.0  1  CDSOGA010000001.1_178  # 174330 # 177275 # 1 # ID=1_178;partial=00;start_type=ATG;rbs_motif=None;rbs_spacer=None;gc_cont=0.600


Domain annotation for each sequence:
>> CDSOGA010000001.1_178  # 174330 # 177275 # 1 # ID=1_178;partial=00;start_type=ATG;rbs_motif=None;rbs_spacer=None;gc_cont=0.600
   #    score  bias  c-Evalue  i-Evalue hmmfrom  hmm to    alifrom  ali to    envfrom  env to     acc
 ---   ------ ----- --------- --------- ------- -------    ------- -------    ------- -------    ----
   1 !  801.1   0.0  6.8e-245  2.5e-241       2     856 ..      24     886 ..      23     890 .. 0.92



Internal pipeline statistics summary:
-------------------------------------
Query model(s):                            1  (861 nodes)
Target sequences:                       3710  (1159305 residues searched)
Passed MSV filter:                        57  (0.0153639); expected 74.2 (0.02)
Passed bias filter:                       57  (0.0153639); expected 74.2 (0.02)
Passed Vit filter:                        15  (0.00404313); expected 3.7 (0.001)
Passed Fwd filter:                         7  (0.00188679); expected 0.0 (1e-05)
Initial search space (Z):               3710  [actual number of targets]
Domain search space  (domZ):               1  [number of targets reported over threshold]
# CPU time: 0.16u 0.01s 00:00:00.17 Elapsed: 00:00:00.18
# Mc/sec: 5367.37
//
Query:       TIGR00396  [M=843]
Accession:   TIGR00396
Description: leuS_bact: leucine--tRNA ligase
Scores for complete sequences (score includes all domains):
   --- full sequence ---   --- best 1 domain ---    -#dom-
    E-value  score  bias    E-value  score  bias    exp  N  Sequence              Description
    ------- ------ -----    ------- ------ -----   ---- --  --------              -----------
          0 1018.4   0.0          0 1018.2   0.0    1.0  1  CDSOGA010000002.1_185  # 174062 # 176680 # -1 # ID=2_185;partial=00;start_type=GTG;rbs_motif=GGAG/GAGG;rbs_spacer=5-10bp;gc_cont=0.597


Domain annotation for each sequence:
>> CDSOGA010000002.1_185  # 174062 # 176680 # -1 # ID=2_185;partial=00;start_type=GTG;rbs_motif=GGAG/GAGG;rbs_spacer=5-10bp;gc_cont=0.597
   #    score  bias  c-Evalue  i-Evalue hmmfrom  hmm to    alifrom  ali to    envfrom  env to     acc
 ---   ------ ----- --------- --------- ------- -------    ------- -------    ------- -------    ----
   1 ! 1018.2   0.0         0         0       1     842 [.       6     872 ..       6     872 .. 0.94



Internal pipeline statistics summary:
-------------------------------------
Query model(s):                            1  (843 nodes)
Target sequences:                       3710  (1159305 residues searched)
Passed MSV filter:                        74  (0.0199461); expected 74.2 (0.02)
Passed bias filter:                       73  (0.0196765); expected 74.2 (0.02)
Passed Vit filter:                        14  (0.00377358); expected 3.7 (0.001)
Passed Fwd filter:                         5  (0.00134771); expected 0.0 (1e-05)
Initial search space (Z):               3710  [actual number of targets]
Domain search space  (domZ):               1  [number of targets reported over threshold]
# CPU time: 0.12u 0.01s 00:00:00.13 Elapsed: 00:00:00.15
# Mc/sec: 6400.80
//
Query:       TIGR00398  [M=530]
Accession:   TIGR00398
Description: metG: methionine--tRNA ligase
Scores for complete sequences (score includes all domains):
   --- full sequence ---   --- best 1 domain ---    -#dom-
    E-value  score  bias    E-value  score  bias    exp  N  Sequence             Description
    ------- ------ -----    ------- ------ -----   ---- --  --------             -----------
   2.9e-156  518.9   0.0   1.2e-154  513.6   0.0    2.0  1  CDSOGA010000010.1_93  # 94711 # 96261 # -1 # ID=10_93;partial=00;start_type=ATG;rbs_motif=GGA/GAG/AGG;rbs_spacer=5-10bp;gc_cont=0.603


Domain annotation for each sequence:
>> CDSOGA010000010.1_93  # 94711 # 96261 # -1 # ID=10_93;partial=00;start_type=ATG;rbs_motif=GGA/GAG/AGG;rbs_spacer=5-10bp;gc_cont=0.603
   #    score  bias  c-Evalue  i-Evalue hmmfrom  hmm to    alifrom  ali to    envfrom  env to     acc
 ---   ------ ----- --------- --------- ------- -------    ------- -------    ------- -------    ----
   1 !  513.6   0.0  3.3e-158  1.2e-154       1     521 [.       6     497 ..       6     512 .. 0.94



Internal pipeline statistics summary:
-------------------------------------
Query model(s):                            1  (530 nodes)
Target sequences:                       3710  (1159305 residues searched)
Passed MSV filter:                        62  (0.0167116); expected 74.2 (0.02)
Passed bias filter:                       59  (0.015903); expected 74.2 (0.02)
Passed Vit filter:                        10  (0.00269542); expected 3.7 (0.001)
Passed Fwd filter:                         7  (0.00188679); expected 0.0 (1e-05)
Initial search space (Z):               3710  [actual number of targets]
Domain search space  (domZ):               1  [number of targets reported over threshold]
# CPU time: 0.08u 0.01s 00:00:00.09 Elapsed: 00:00:00.09
# Mc/sec: 6613.50
//
Query:       TIGR00405  [M=145]
Accession:   TIGR00405
Description: KOW_elon_Spt5: transcription elongation factor Spt5
Scores for complete sequences (score includes all domains):
   --- full sequence ---   --- best 1 domain ---    -#dom-
    E-value  score  bias    E-value  score  bias    exp  N  Sequence Description
    ------- ------ -----    ------- ------ -----   ---- --  -------- -----------

   [No hits detected that satisfy reporting thresholds]


Domain annotation for each sequence:

   [No targets detected that satisfy reporting thresholds]


Internal pipeline statistics summary:
-------------------------------------
Query model(s):                            1  (145 nodes)
Target sequences:                       3710  (1159305 residues searched)
Passed MSV filter:                        82  (0.0221024); expected 74.2 (0.02)
Passed bias filter:                       72  (0.019407); expected 74.2 (0.02)
Passed Vit filter:                         5  (0.00134771); expected 3.7 (0.001)
Passed Fwd filter:                         1  (0.000269542); expected 0.0 (1e-05)
Initial search space (Z):               3710  [actual number of targets]
Domain search space  (domZ):               0  [number of targets reported over threshold]
# CPU time: 0.02u 0.00s 00:00:00.02 Elapsed: 00:00:00.03
# Mc/sec: 4569.20
//
Query:       TIGR00414  [M=418]
Accession:   TIGR00414
Description: serS: serine--tRNA ligase
Scores for complete sequences (score includes all domains):
   --- full sequence ---   --- best 1 domain ---    -#dom-
    E-value  score  bias    E-value  score  bias    exp  N  Sequence             Description
    ------- ------ -----    ------- ------ -----   ---- --  --------             -----------
   6.1e-152  504.1   0.0   6.9e-152  503.9   0.0    1.0  1  CDSOGA010000009.1_52  # 56859 # 58202 # 1 # ID=9_52;partial=00;start_type=GTG;rbs_motif=GGAG/GAGG;rbs_spacer=5-10bp;gc_cont=0.609


Domain annotation for each sequence:
>> CDSOGA010000009.1_52  # 56859 # 58202 # 1 # ID=9_52;partial=00;start_type=GTG;rbs_motif=GGAG/GAGG;rbs_spacer=5-10bp;gc_cont=0.609
   #    score  bias  c-Evalue  i-Evalue hmmfrom  hmm to    alifrom  ali to    envfrom  env to     acc
 ---   ------ ----- --------- --------- ------- -------    ------- -------    ------- -------    ----
   1 !  503.9   0.0  1.9e-155  6.9e-152       1     418 []       6     438 ..       6     438 .. 0.96



Internal pipeline statistics summary:
-------------------------------------
Query model(s):                            1  (418 nodes)
Target sequences:                       3710  (1159305 residues searched)
Passed MSV filter:                        90  (0.0242588); expected 74.2 (0.02)
Passed bias filter:                       70  (0.0188679); expected 74.2 (0.02)
Passed Vit filter:                        14  (0.00377358); expected 3.7 (0.001)
Passed Fwd filter:                         6  (0.00161725); expected 0.0 (1e-05)
Initial search space (Z):               3710  [actual number of targets]
Domain search space  (domZ):               1  [number of targets reported over threshold]
# CPU time: 0.07u 0.00s 00:00:00.07 Elapsed: 00:00:00.08
# Mc/sec: 5696.26
//
Query:       TIGR00416  [M=454]
Accession:   TIGR00416
Description: sms: DNA repair protein RadA
Scores for complete sequences (score includes all domains):
   --- full sequence ---   --- best 1 domain ---    -#dom-
    E-value  score  bias    E-value  score  bias    exp  N  Sequence              Description
    ------- ------ -----    ------- ------ -----   ---- --  --------              -----------
   9.7e-166  549.7   0.1   1.1e-165  549.5   0.1    1.0  1  CDSOGA010000006.1_231  # 230617 # 232017 # 1 # ID=6_231;partial=00;start_type=TTG;rbs_motif=GGA/GAG/AGG;rbs_spacer=5-10bp;gc_cont=0.631


Domain annotation for each sequence:
>> CDSOGA010000006.1_231  # 230617 # 232017 # 1 # ID=6_231;partial=00;start_type=TTG;rbs_motif=GGA/GAG/AGG;rbs_spacer=5-10bp;gc_cont=0.631
   #    score  bias  c-Evalue  i-Evalue hmmfrom  hmm to    alifrom  ali to    envfrom  env to     acc
 ---   ------ ----- --------- --------- ------- -------    ------- -------    ------- -------    ----
   1 !  549.5   0.1  2.9e-169  1.1e-165       1     430 [.       1     426 [.       1     449 [. 0.94



Internal pipeline statistics summary:
-------------------------------------
Query model(s):                            1  (454 nodes)
Target sequences:                       3710  (1159305 residues searched)
Passed MSV filter:                       186  (0.0501348); expected 74.2 (0.02)
Passed bias filter:                      165  (0.0444744); expected 74.2 (0.02)
Passed Vit filter:                        49  (0.0132075); expected 3.7 (0.001)
Passed Fwd filter:                         7  (0.00188679); expected 0.0 (1e-05)
Initial search space (Z):               3710  [actual number of targets]
Domain search space  (domZ):               1  [number of targets reported over threshold]
# CPU time: 0.08u 0.00s 00:00:00.08 Elapsed: 00:00:00.08
# Mc/sec: 6356.60
//
Query:       TIGR00420  [M=351]
Accession:   TIGR00420
Description: trmU: tRNA (5-methylaminomethyl-2-thiouridylate)-methyltransferase
Scores for complete sequences (score includes all domains):
   --- full sequence ---   --- best 1 domain ---    -#dom-
    E-value  score  bias    E-value  score  bias    exp  N  Sequence              Description
    ------- ------ -----    ------- ------ -----   ---- --  --------              -----------
    1.2e-98  327.9   0.0    1.4e-98  327.7   0.0    1.0  1  CDSOGA010000008.1_235  # 247520 # 248671 # 1 # ID=8_235;partial=00;start_type=ATG;rbs_motif=AGGA;rbs_spacer=5-10bp;gc_cont=0.626


Domain annotation for each sequence:
>> CDSOGA010000008.1_235  # 247520 # 248671 # 1 # ID=8_235;partial=00;start_type=ATG;rbs_motif=AGGA;rbs_spacer=5-10bp;gc_cont=0.626
   #    score  bias  c-Evalue  i-Evalue hmmfrom  hmm to    alifrom  ali to    envfrom  env to     acc
 ---   ------ ----- --------- --------- ------- -------    ------- -------    ------- -------    ----
   1 !  327.7   0.0  3.6e-102   1.4e-98       2     351 .]      14     372 ..      13     372 .. 0.92



Internal pipeline statistics summary:
-------------------------------------
Query model(s):                            1  (351 nodes)
Target sequences:                       3710  (1159305 residues searched)
Passed MSV filter:                        51  (0.0137466); expected 74.2 (0.02)
Passed bias filter:                       50  (0.0134771); expected 74.2 (0.02)
Passed Vit filter:                         7  (0.00188679); expected 3.7 (0.001)
Passed Fwd filter:                         3  (0.000808625); expected 0.0 (1e-05)
Initial search space (Z):               3710  [actual number of targets]
Domain search space  (domZ):               1  [number of targets reported over threshold]
# CPU time: 0.02u 0.01s 00:00:00.03 Elapsed: 00:00:00.04
# Mc/sec: 9407.19
//
Query:       TIGR00431  [M=210]
Accession:   TIGR00431
Description: TruB: tRNA pseudouridine(55) synthase
Scores for complete sequences (score includes all domains):
   --- full sequence ---   --- best 1 domain ---    -#dom-
    E-value  score  bias    E-value  score  bias    exp  N  Sequence             Description
    ------- ------ -----    ------- ------ -----   ---- --  --------             -----------
    8.6e-66  219.3   0.0      1e-65  219.0   0.0    1.1  1  CDSOGA010000012.1_34  # 34422 # 35324 # -1 # ID=12_34;partial=00;start_type=TTG;rbs_motif=GGA/GAG/AGG;rbs_spacer=5-10bp;gc_cont=0.633


Domain annotation for each sequence:
>> CDSOGA010000012.1_34  # 34422 # 35324 # -1 # ID=12_34;partial=00;start_type=TTG;rbs_motif=GGA/GAG/AGG;rbs_spacer=5-10bp;gc_cont=0.633
   #    score  bias  c-Evalue  i-Evalue hmmfrom  hmm to    alifrom  ali to    envfrom  env to     acc
 ---   ------ ----- --------- --------- ------- -------    ------- -------    ------- -------    ----
   1 !  219.0   0.0   2.8e-69     1e-65       2     210 .]      12     219 ..      11     219 .. 0.99



Internal pipeline statistics summary:
-------------------------------------
Query model(s):                            1  (210 nodes)
Target sequences:                       3710  (1159305 residues searched)
Passed MSV filter:                        71  (0.0191375); expected 74.2 (0.02)
Passed bias filter:                       65  (0.0175202); expected 74.2 (0.02)
Passed Vit filter:                         4  (0.00107817); expected 3.7 (0.001)
Passed Fwd filter:                         1  (0.000269542); expected 0.0 (1e-05)
Initial search space (Z):               3710  [actual number of targets]
Domain search space  (domZ):               1  [number of targets reported over threshold]
# CPU time: 0.02u 0.00s 00:00:00.02 Elapsed: 00:00:00.05
# Mc/sec: 4854.35
//
Query:       TIGR00435  [M=466]
Accession:   TIGR00435
Description: cysS: cysteine--tRNA ligase
Scores for complete sequences (score includes all domains):
   --- full sequence ---   --- best 1 domain ---    -#dom-
    E-value  score  bias    E-value  score  bias    exp  N  Sequence              Description
    ------- ------ -----    ------- ------ -----   ---- --  --------              -----------
   1.6e-130  433.9   0.0   2.2e-130  433.5   0.0    1.1  1  CDSOGA010000001.1_546  # 563635 # 565050 # 1 # ID=1_546;partial=00;start_type=ATG;rbs_motif=GGA/GAG/AGG;rbs_spacer=5-10bp;gc_cont=0.603


Domain annotation for each sequence:
>> CDSOGA010000001.1_546  # 563635 # 565050 # 1 # ID=1_546;partial=00;start_type=ATG;rbs_motif=GGA/GAG/AGG;rbs_spacer=5-10bp;gc_cont=0.603
   #    score  bias  c-Evalue  i-Evalue hmmfrom  hmm to    alifrom  ali to    envfrom  env to     acc
 ---   ------ ----- --------- --------- ------- -------    ------- -------    ------- -------    ----
   1 !  433.5   0.0    6e-134  2.2e-130       1     459 [.       6     458 ..       6     467 .. 0.90



Internal pipeline statistics summary:
-------------------------------------
Query model(s):                            1  (466 nodes)
Target sequences:                       3710  (1159305 residues searched)
Passed MSV filter:                        69  (0.0185984); expected 74.2 (0.02)
Passed bias filter:                       63  (0.0169811); expected 74.2 (0.02)
Passed Vit filter:                        17  (0.00458221); expected 3.7 (0.001)
Passed Fwd filter:                         7  (0.00188679); expected 0.0 (1e-05)
Initial search space (Z):               3710  [actual number of targets]
Domain search space  (domZ):               1  [number of targets reported over threshold]
# CPU time: 0.06u 0.00s 00:00:00.06 Elapsed: 00:00:00.06
# Mc/sec: 8259.16
//
Query:       TIGR00436  [M=270]
Accession:   TIGR00436
Description: era: GTP-binding protein Era
Scores for complete sequences (score includes all domains):
   --- full sequence ---   --- best 1 domain ---    -#dom-
    E-value  score  bias    E-value  score  bias    exp  N  Sequence              Description
    ------- ------ -----    ------- ------ -----   ---- --  --------              -----------
    9.5e-74  245.8   0.0    1.1e-73  245.6   0.0    1.0  1  CDSOGA010000006.1_174  # 172764 # 173687 # -1 # ID=6_174;partial=00;start_type=ATG;rbs_motif=AGGA;rbs_spacer=5-10bp;gc_cont=0.585
    1.5e-37  127.1   0.0    5.7e-19   66.2   0.0    2.1  0  CDSOGA010000006.1_237  # 237179 # 238630 # -1 # ID=6_237;partial=00;start_type=ATG;rbs_motif=GGA/GAG/AGG;rbs_spacer=5-10bp;gc_cont=0.619


Domain annotation for each sequence:
>> CDSOGA010000006.1_174  # 172764 # 173687 # -1 # ID=6_174;partial=00;start_type=ATG;rbs_motif=AGGA;rbs_spacer=5-10bp;gc_cont=0.585
   #    score  bias  c-Evalue  i-Evalue hmmfrom  hmm to    alifrom  ali to    envfrom  env to     acc
 ---   ------ ----- --------- --------- ------- -------    ------- -------    ------- -------    ----
   1 !  245.6   0.0   5.8e-77   1.1e-73       1     270 []      13     283 ..      13     283 .. 0.99

>> CDSOGA010000006.1_237  # 237179 # 238630 # -1 # ID=6_237;partial=00;start_type=ATG;rbs_motif=GGA/GAG/AGG;rbs_spacer=5-10bp;gc_cont=0.619
   [No individual domains that satisfy reporting thresholds (although complete target did)]



Internal pipeline statistics summary:
-------------------------------------
Query model(s):                            1  (270 nodes)
Target sequences:                       3710  (1159305 residues searched)
Passed MSV filter:                       199  (0.0536388); expected 74.2 (0.02)
Passed bias filter:                      196  (0.0528302); expected 74.2 (0.02)
Passed Vit filter:                       102  (0.0274933); expected 3.7 (0.001)
Passed Fwd filter:                        16  (0.00431267); expected 0.0 (1e-05)
Initial search space (Z):               3710  [actual number of targets]
Domain search space  (domZ):               2  [number of targets reported over threshold]
# CPU time: 0.06u 0.00s 00:00:00.06 Elapsed: 00:00:00.06
# Mc/sec: 4571.47
//
Query:       TIGR00442  [M=406]
Accession:   TIGR00442
Description: hisS: histidine--tRNA ligase
Scores for complete sequences (score includes all domains):
   --- full sequence ---   --- best 1 domain ---    -#dom-
    E-value  score  bias    E-value  score  bias    exp  N  Sequence              Description
    ------- ------ -----    ------- ------ -----   ---- --  --------              -----------
   8.7e-114  378.3   0.0   1.1e-113  378.0   0.0    1.1  1  CDSOGA010000001.1_159  # 156682 # 158178 # 1 # ID=1_159;partial=00;start_type=ATG;rbs_motif=AGGA;rbs_spacer=5-10bp;gc_cont=0.607


Domain annotation for each sequence:
>> CDSOGA010000001.1_159  # 156682 # 158178 # 1 # ID=1_159;partial=00;start_type=ATG;rbs_motif=AGGA;rbs_spacer=5-10bp;gc_cont=0.607
   #    score  bias  c-Evalue  i-Evalue hmmfrom  hmm to    alifrom  ali to    envfrom  env to     acc
 ---   ------ ----- --------- --------- ------- -------    ------- -------    ------- -------    ----
   1 !  378.0   0.0  2.8e-117  1.1e-113       2     404 ..      12     464 ..      11     466 .. 0.92



Internal pipeline statistics summary:
-------------------------------------
Query model(s):                            1  (406 nodes)
Target sequences:                       3710  (1159305 residues searched)
Passed MSV filter:                        97  (0.0261456); expected 74.2 (0.02)
Passed bias filter:                       79  (0.0212938); expected 74.2 (0.02)
Passed Vit filter:                        16  (0.00431267); expected 3.7 (0.001)
Passed Fwd filter:                         6  (0.00161725); expected 0.0 (1e-05)
Initial search space (Z):               3710  [actual number of targets]
Domain search space  (domZ):               1  [number of targets reported over threshold]
# CPU time: 0.05u 0.01s 00:00:00.06 Elapsed: 00:00:00.06
# Mc/sec: 7379.20
//
Query:       TIGR00445  [M=321]
Accession:   TIGR00445
Description: mraY: phospho-N-acetylmuramoyl-pentapeptide-transferase
Scores for complete sequences (score includes all domains):
   --- full sequence ---   --- best 1 domain ---    -#dom-
    E-value  score  bias    E-value  score  bias    exp  N  Sequence              Description
    ------- ------ -----    ------- ------ -----   ---- --  --------              -----------
   2.1e-122  406.3  13.9   2.5e-122  406.0  13.9    1.0  1  CDSOGA010000003.1_235  # 233470 # 234555 # -1 # ID=3_235;partial=00;start_type=ATG;rbs_motif=AGGA/GGAG/GAGG;rbs_spacer=11-12bp;gc_cont=0.595


Domain annotation for each sequence:
>> CDSOGA010000003.1_235  # 233470 # 234555 # -1 # ID=3_235;partial=00;start_type=ATG;rbs_motif=AGGA/GGAG/GAGG;rbs_spacer=11-12bp;gc_cont=0.595
   #    score  bias  c-Evalue  i-Evalue hmmfrom  hmm to    alifrom  ali to    envfrom  env to     acc
 ---   ------ ----- --------- --------- ------- -------    ------- -------    ------- -------    ----
   1 !  406.0  13.9  6.8e-126  2.5e-122       3     321 .]      38     361 ..      36     361 .. 0.96



Internal pipeline statistics summary:
-------------------------------------
Query model(s):                            1  (321 nodes)
Target sequences:                       3710  (1159305 residues searched)
Passed MSV filter:                       185  (0.0498652); expected 74.2 (0.02)
Passed bias filter:                       51  (0.0137466); expected 74.2 (0.02)
Passed Vit filter:                         5  (0.00134771); expected 3.7 (0.001)
Passed Fwd filter:                         1  (0.000269542); expected 0.0 (1e-05)
Initial search space (Z):               3710  [actual number of targets]
Domain search space  (domZ):               1  [number of targets reported over threshold]
# CPU time: 0.03u 0.00s 00:00:00.03 Elapsed: 00:00:00.02
# Mc/sec: 12838.68
//
Query:       TIGR00448  [M=179]
Accession:   TIGR00448
Description: rpoE: DNA-directed RNA polymerase
Scores for complete sequences (score includes all domains):
   --- full sequence ---   --- best 1 domain ---    -#dom-
    E-value  score  bias    E-value  score  bias    exp  N  Sequence Description
    ------- ------ -----    ------- ------ -----   ---- --  -------- -----------

   [No hits detected that satisfy reporting thresholds]


Domain annotation for each sequence:

   [No targets detected that satisfy reporting thresholds]


Internal pipeline statistics summary:
-------------------------------------
Query model(s):                            1  (179 nodes)
Target sequences:                       3710  (1159305 residues searched)
Passed MSV filter:                        94  (0.0253369); expected 74.2 (0.02)
Passed bias filter:                       85  (0.0229111); expected 74.2 (0.02)
Passed Vit filter:                        10  (0.00269542); expected 3.7 (0.001)
Passed Fwd filter:                         3  (0.000808625); expected 0.0 (1e-05)
Initial search space (Z):               3710  [actual number of targets]
Domain search space  (domZ):               0  [number of targets reported over threshold]
# CPU time: 0.02u 0.00s 00:00:00.02 Elapsed: 00:00:00.04
# Mc/sec: 5004.42
//
Query:       TIGR00456  [M=569]
Accession:   TIGR00456
Description: argS: arginine--tRNA ligase
Scores for complete sequences (score includes all domains):
   --- full sequence ---   --- best 1 domain ---    -#dom-
    E-value  score  bias    E-value  score  bias    exp  N  Sequence             Description
    ------- ------ -----    ------- ------ -----   ---- --  --------             -----------
   3.8e-108  360.0   0.0   1.2e-107  358.3   0.0    1.7  1  CDSOGA010000009.1_44  # 48176 # 49921 # 1 # ID=9_44;partial=00;start_type=ATG;rbs_motif=GGA/GAG/AGG;rbs_spacer=5-10bp;gc_cont=0.607


Domain annotation for each sequence:
>> CDSOGA010000009.1_44  # 48176 # 49921 # 1 # ID=9_44;partial=00;start_type=ATG;rbs_motif=GGA/GAG/AGG;rbs_spacer=5-10bp;gc_cont=0.607
   #    score  bias  c-Evalue  i-Evalue hmmfrom  hmm to    alifrom  ali to    envfrom  env to     acc
 ---   ------ ----- --------- --------- ------- -------    ------- -------    ------- -------    ----
   1 !  358.3   0.0  3.2e-111  1.2e-107       8     567 ..      14     578 ..       7     580 .. 0.89



Internal pipeline statistics summary:
-------------------------------------
Query model(s):                            1  (569 nodes)
Target sequences:                       3710  (1159305 residues searched)
Passed MSV filter:                        78  (0.0210243); expected 74.2 (0.02)
Passed bias filter:                       71  (0.0191375); expected 74.2 (0.02)
Passed Vit filter:                        15  (0.00404313); expected 3.7 (0.001)
Passed Fwd filter:                         3  (0.000808625); expected 0.0 (1e-05)
Initial search space (Z):               3710  [actual number of targets]
Domain search space  (domZ):               1  [number of targets reported over threshold]
# CPU time: 0.08u 0.00s 00:00:00.08 Elapsed: 00:00:00.09
# Mc/sec: 6969.84
//
Query:       TIGR00459  [M=586]
Accession:   TIGR00459
Description: aspS_bact: aspartate--tRNA ligase
Scores for complete sequences (score includes all domains):
   --- full sequence ---   --- best 1 domain ---    -#dom-
    E-value  score  bias    E-value  score  bias    exp  N  Sequence             Description
    ------- ------ -----    ------- ------ -----   ---- --  --------             -----------
   3.4e-179  594.6   0.0   4.2e-179  594.3   0.0    1.0  1  CDSOGA010000010.1_58  # 57225 # 59021 # 1 # ID=10_58;partial=00;start_type=ATG;rbs_motif=GGA/GAG/AGG;rbs_spacer=5-10bp;gc_cont=0.602


Domain annotation for each sequence:
>> CDSOGA010000010.1_58  # 57225 # 59021 # 1 # ID=10_58;partial=00;start_type=ATG;rbs_motif=GGA/GAG/AGG;rbs_spacer=5-10bp;gc_cont=0.602
   #    score  bias  c-Evalue  i-Evalue hmmfrom  hmm to    alifrom  ali to    envfrom  env to     acc
 ---   ------ ----- --------- --------- ------- -------    ------- -------    ------- -------    ----
   1 !  594.3   0.0  1.1e-182  4.2e-179       3     583 ..       7     593 ..       5     597 .. 0.96



Internal pipeline statistics summary:
-------------------------------------
Query model(s):                            1  (586 nodes)
Target sequences:                       3710  (1159305 residues searched)
Passed MSV filter:                        72  (0.019407); expected 74.2 (0.02)
Passed bias filter:                       64  (0.0172507); expected 74.2 (0.02)
Passed Vit filter:                         8  (0.00215633); expected 3.7 (0.001)
Passed Fwd filter:                         2  (0.000539084); expected 0.0 (1e-05)
Initial search space (Z):               3710  [actual number of targets]
Domain search space  (domZ):               1  [number of targets reported over threshold]
# CPU time: 0.05u 0.00s 00:00:00.05 Elapsed: 00:00:00.06
# Mc/sec: 11260.91
//
Query:       TIGR00460  [M=315]
Accession:   TIGR00460
Description: fmt: methionyl-tRNA formyltransferase
Scores for complete sequences (score includes all domains):
   --- full sequence ---   --- best 1 domain ---    -#dom-
    E-value  score  bias    E-value  score  bias    exp  N  Sequence              Description
    ------- ------ -----    ------- ------ -----   ---- --  --------              -----------
    7.8e-79  262.7   0.0    9.3e-79  262.5   0.0    1.0  1  CDSOGA010000007.1_213  # 215569 # 216489 # -1 # ID=7_213;partial=00;start_type=ATG;rbs_motif=AGGA;rbs_spacer=5-10bp;gc_cont=0.640


Domain annotation for each sequence:
>> CDSOGA010000007.1_213  # 215569 # 216489 # -1 # ID=7_213;partial=00;start_type=ATG;rbs_motif=AGGA;rbs_spacer=5-10bp;gc_cont=0.640
   #    score  bias  c-Evalue  i-Evalue hmmfrom  hmm to    alifrom  ali to    envfrom  env to     acc
 ---   ------ ----- --------- --------- ------- -------    ------- -------    ------- -------    ----
   1 !  262.5   0.0   2.5e-82   9.3e-79       1     304 [.       1     298 [.       1     304 [. 0.95



Internal pipeline statistics summary:
-------------------------------------
Query model(s):                            1  (315 nodes)
Target sequences:                       3710  (1159305 residues searched)
Passed MSV filter:                        61  (0.016442); expected 74.2 (0.02)
Passed bias filter:                       57  (0.0153639); expected 74.2 (0.02)
Passed Vit filter:                        10  (0.00269542); expected 3.7 (0.001)
Passed Fwd filter:                         3  (0.000808625); expected 0.0 (1e-05)
Initial search space (Z):               3710  [actual number of targets]
Domain search space  (domZ):               1  [number of targets reported over threshold]
# CPU time: 0.03u 0.00s 00:00:00.03 Elapsed: 00:00:00.04
# Mc/sec: 8824.86
//
Query:       TIGR00468  [M=324]
Accession:   TIGR00468
Description: pheS: phenylalanine--tRNA ligase, alpha subunit
Scores for complete sequences (score includes all domains):
   --- full sequence ---   --- best 1 domain ---    -#dom-
    E-value  score  bias    E-value  score  bias    exp  N  Sequence             Description
    ------- ------ -----    ------- ------ -----   ---- --  --------             -----------
    1.7e-95  317.7   0.0    4.2e-94  313.1   0.0    2.2  1  CDSOGA010000012.1_79  # 70238 # 71368 # 1 # ID=12_79;partial=00;start_type=ATG;rbs_motif=GGA/GAG/AGG;rbs_spacer=5-10bp;gc_cont=0.625


Domain annotation for each sequence:
>> CDSOGA010000012.1_79  # 70238 # 71368 # 1 # ID=12_79;partial=00;start_type=ATG;rbs_motif=GGA/GAG/AGG;rbs_spacer=5-10bp;gc_cont=0.625
   #    score  bias  c-Evalue  i-Evalue hmmfrom  hmm to    alifrom  ali to    envfrom  env to     acc
 ---   ------ ----- --------- --------- ------- -------    ------- -------    ------- -------    ----
   1 !  313.1   0.0   1.1e-97   4.2e-94       7     321 ..      46     359 ..      40     361 .. 0.93



Internal pipeline statistics summary:
-------------------------------------
Query model(s):                            1  (324 nodes)
Target sequences:                       3710  (1159305 residues searched)
Passed MSV filter:                        70  (0.0188679); expected 74.2 (0.02)
Passed bias filter:                       66  (0.0177898); expected 74.2 (0.02)
Passed Vit filter:                        10  (0.00269542); expected 3.7 (0.001)
Passed Fwd filter:                         2  (0.000539084); expected 0.0 (1e-05)
Initial search space (Z):               3710  [actual number of targets]
Domain search space  (domZ):               1  [number of targets reported over threshold]
# CPU time: 0.03u 0.01s 00:00:00.04 Elapsed: 00:00:00.04
# Mc/sec: 7636.14
//
Query:       TIGR00472  [M=798]
Accession:   TIGR00472
Description: pheT_bact: phenylalanine--tRNA ligase, beta subunit
Scores for complete sequences (score includes all domains):
   --- full sequence ---   --- best 1 domain ---    -#dom-
    E-value  score  bias    E-value  score  bias    exp  N  Sequence             Description
    ------- ------ -----    ------- ------ -----   ---- --  --------             -----------
     9e-213  706.5   0.0     1e-212  706.3   0.0    1.0  1  CDSOGA010000012.1_81  # 72016 # 74436 # 1 # ID=12_81;partial=00;start_type=ATG;rbs_motif=GGA/GAG/AGG;rbs_spacer=5-10bp;gc_cont=0.632


Domain annotation for each sequence:
>> CDSOGA010000012.1_81  # 72016 # 74436 # 1 # ID=12_81;partial=00;start_type=ATG;rbs_motif=GGA/GAG/AGG;rbs_spacer=5-10bp;gc_cont=0.632
   #    score  bias  c-Evalue  i-Evalue hmmfrom  hmm to    alifrom  ali to    envfrom  env to     acc
 ---   ------ ----- --------- --------- ------- -------    ------- -------    ------- -------    ----
   1 !  706.3   0.0  2.7e-216    1e-212       1     798 []       1     805 [.       1     805 [. 0.93



Internal pipeline statistics summary:
-------------------------------------
Query model(s):                            1  (798 nodes)
Target sequences:                       3710  (1159305 residues searched)
Passed MSV filter:                        58  (0.0156334); expected 74.2 (0.02)
Passed bias filter:                       54  (0.0145553); expected 74.2 (0.02)
Passed Vit filter:                         6  (0.00161725); expected 3.7 (0.001)
Passed Fwd filter:                         1  (0.000269542); expected 0.0 (1e-05)
Initial search space (Z):               3710  [actual number of targets]
Domain search space  (domZ):               1  [number of targets reported over threshold]
# CPU time: 0.06u 0.01s 00:00:00.06 Elapsed: 00:00:00.06
# Mc/sec: 14472.70
//
Query:       TIGR00483  [M=427]
Accession:   TIGR00483
Description: EF-1_alpha: translation elongation factor EF-1, subunit alpha
Scores for complete sequences (score includes all domains):
   --- full sequence ---   --- best 1 domain ---    -#dom-
    E-value  score  bias    E-value  score  bias    exp  N  Sequence Description
    ------- ------ -----    ------- ------ -----   ---- --  -------- -----------

   [No hits detected that satisfy reporting thresholds]


Domain annotation for each sequence:

   [No targets detected that satisfy reporting thresholds]


Internal pipeline statistics summary:
-------------------------------------
Query model(s):                            1  (427 nodes)
Target sequences:                       3710  (1159305 residues searched)
Passed MSV filter:                        77  (0.0207547); expected 74.2 (0.02)
Passed bias filter:                       67  (0.0180593); expected 74.2 (0.02)
Passed Vit filter:                        12  (0.0032345); expected 3.7 (0.001)
Passed Fwd filter:                         8  (0.00215633); expected 0.0 (1e-05)
Initial search space (Z):               3710  [actual number of targets]
Domain search space  (domZ):               0  [number of targets reported over threshold]
# CPU time: 0.08u 0.00s 00:00:00.08 Elapsed: 00:00:00.08
# Mc/sec: 5776.85
//
Query:       TIGR00487  [M=587]
Accession:   TIGR00487
Description: IF-2: translation initiation factor IF-2
Scores for complete sequences (score includes all domains):
   --- full sequence ---   --- best 1 domain ---    -#dom-
    E-value  score  bias    E-value  score  bias    exp  N  Sequence             Description
    ------- ------ -----    ------- ------ -----   ---- --  --------             -----------
     8e-241  798.5  22.4   9.8e-241  798.2  22.4    1.1  1  CDSOGA010000002.1_86  # 79912 # 82728 # 1 # ID=2_86;partial=00;start_type=ATG;rbs_motif=GGA/GAG/AGG;rbs_spacer=3-4bp;gc_cont=0.631


Domain annotation for each sequence:
>> CDSOGA010000002.1_86  # 79912 # 82728 # 1 # ID=2_86;partial=00;start_type=ATG;rbs_motif=GGA/GAG/AGG;rbs_spacer=3-4bp;gc_cont=0.631
   #    score  bias  c-Evalue  i-Evalue hmmfrom  hmm to    alifrom  ali to    envfrom  env to     acc
 ---   ------ ----- --------- --------- ------- -------    ------- -------    ------- -------    ----
   1 !  798.2  22.4  2.7e-244  9.8e-241       2     586 ..     354     938 ..     353     938 .. 0.98



Internal pipeline statistics summary:
-------------------------------------
Query model(s):                            1  (587 nodes)
Target sequences:                       3710  (1159305 residues searched)
Passed MSV filter:                       117  (0.0315364); expected 74.2 (0.02)
Passed bias filter:                       78  (0.0210243); expected 74.2 (0.02)
Passed Vit filter:                        20  (0.00539084); expected 3.7 (0.001)
Passed Fwd filter:                        12  (0.0032345); expected 0.0 (1e-05)
Initial search space (Z):               3710  [actual number of targets]
Domain search space  (domZ):               1  [number of targets reported over threshold]
# CPU time: 0.11u 0.00s 00:00:00.11 Elapsed: 00:00:00.13
# Mc/sec: 5148.59
//
Query:       TIGR00491  [M=594]
Accession:   TIGR00491
Description: aIF-2: translation initiation factor aIF-2
Scores for complete sequences (score includes all domains):
   --- full sequence ---   --- best 1 domain ---    -#dom-
    E-value  score  bias    E-value  score  bias    exp  N  Sequence Description
    ------- ------ -----    ------- ------ -----   ---- --  -------- -----------

   [No hits detected that satisfy reporting thresholds]


Domain annotation for each sequence:

   [No targets detected that satisfy reporting thresholds]


Internal pipeline statistics summary:
-------------------------------------
Query model(s):                            1  (594 nodes)
Target sequences:                       3710  (1159305 residues searched)
Passed MSV filter:                       107  (0.028841); expected 74.2 (0.02)
Passed bias filter:                       81  (0.0218329); expected 74.2 (0.02)
Passed Vit filter:                        15  (0.00404313); expected 3.7 (0.001)
Passed Fwd filter:                         8  (0.00215633); expected 0.0 (1e-05)
Initial search space (Z):               3710  [actual number of targets]
Domain search space  (domZ):               0  [number of targets reported over threshold]
# CPU time: 0.09u 0.00s 00:00:00.09 Elapsed: 00:00:00.09
# Mc/sec: 7139.31
//
Query:       TIGR00496  [M=176]
Accession:   TIGR00496
Description: frr: ribosome recycling factor
Scores for complete sequences (score includes all domains):
   --- full sequence ---   --- best 1 domain ---    -#dom-
    E-value  score  bias    E-value  score  bias    exp  N  Sequence              Description
    ------- ------ -----    ------- ------ -----   ---- --  --------              -----------
    3.9e-62  206.7   0.2    4.4e-62  206.5   0.2    1.0  1  CDSOGA010000004.1_169  # 185027 # 185581 # -1 # ID=4_169;partial=00;start_type=ATG;rbs_motif=AGGA;rbs_spacer=5-10bp;gc_cont=0.598


Domain annotation for each sequence:
>> CDSOGA010000004.1_169  # 185027 # 185581 # -1 # ID=4_169;partial=00;start_type=ATG;rbs_motif=AGGA;rbs_spacer=5-10bp;gc_cont=0.598
   #    score  bias  c-Evalue  i-Evalue hmmfrom  hmm to    alifrom  ali to    envfrom  env to     acc
 ---   ------ ----- --------- --------- ------- -------    ------- -------    ------- -------    ----
   1 !  206.5   0.2   1.2e-65   4.4e-62       1     176 []       9     184 ..       9     184 .. 0.99



Internal pipeline statistics summary:
-------------------------------------
Query model(s):                            1  (176 nodes)
Target sequences:                       3710  (1159305 residues searched)
Passed MSV filter:                        59  (0.015903); expected 74.2 (0.02)
Passed bias filter:                       44  (0.0118598); expected 74.2 (0.02)
Passed Vit filter:                         3  (0.000808625); expected 3.7 (0.001)
Passed Fwd filter:                         1  (0.000269542); expected 0.0 (1e-05)
Initial search space (Z):               3710  [actual number of targets]
Domain search space  (domZ):               1  [number of targets reported over threshold]
# CPU time: 0.02u 0.00s 00:00:00.02 Elapsed: 00:00:00.02
# Mc/sec: 10104.84
//
Query:       TIGR00522  [M=258]
Accession:   TIGR00522
Description: dph5: diphthine synthase
Scores for complete sequences (score includes all domains):
   --- full sequence ---   --- best 1 domain ---    -#dom-
    E-value  score  bias    E-value  score  bias    exp  N  Sequence Description
    ------- ------ -----    ------- ------ -----   ---- --  -------- -----------

   [No hits detected that satisfy reporting thresholds]


Domain annotation for each sequence:

   [No targets detected that satisfy reporting thresholds]


Internal pipeline statistics summary:
-------------------------------------
Query model(s):                            1  (258 nodes)
Target sequences:                       3710  (1159305 residues searched)
Passed MSV filter:                        81  (0.0218329); expected 74.2 (0.02)
Passed bias filter:                       73  (0.0196765); expected 74.2 (0.02)
Passed Vit filter:                         9  (0.00242588); expected 3.7 (0.001)
Passed Fwd filter:                         1  (0.000269542); expected 0.0 (1e-05)
Initial search space (Z):               3710  [actual number of targets]
Domain search space  (domZ):               0  [number of targets reported over threshold]
# CPU time: 0.02u 0.01s 00:00:00.03 Elapsed: 00:00:00.03
# Mc/sec: 9911.41
//
Query:       TIGR00539  [M=361]
Accession:   TIGR00539
Description: hemN_rel: putative oxygen-independent coproporphyrinogen III oxidase
Scores for complete sequences (score includes all domains):
   --- full sequence ---   --- best 1 domain ---    -#dom-
    E-value  score  bias    E-value  score  bias    exp  N  Sequence              Description
    ------- ------ -----    ------- ------ -----   ---- --  --------              -----------
    8.7e-86  285.9   0.0    1.1e-85  285.6   0.0    1.0  1  CDSOGA010000002.1_124  # 123858 # 125015 # -1 # ID=2_124;partial=00;start_type=TTG;rbs_motif=GGAG/GAGG;rbs_spacer=5-10bp;gc_cont=0.627


Domain annotation for each sequence:
>> CDSOGA010000002.1_124  # 123858 # 125015 # -1 # ID=2_124;partial=00;start_type=TTG;rbs_motif=GGAG/GAGG;rbs_spacer=5-10bp;gc_cont=0.627
   #    score  bias  c-Evalue  i-Evalue hmmfrom  hmm to    alifrom  ali to    envfrom  env to     acc
 ---   ------ ----- --------- --------- ------- -------    ------- -------    ------- -------    ----
   1 !  285.6   0.0   2.8e-89   1.1e-85       3     334 ..      11     350 ..       9     366 .. 0.92



Internal pipeline statistics summary:
-------------------------------------
Query model(s):                            1  (361 nodes)
Target sequences:                       3710  (1159305 residues searched)
Passed MSV filter:                        63  (0.0169811); expected 74.2 (0.02)
Passed bias filter:                       61  (0.016442); expected 74.2 (0.02)
Passed Vit filter:                        12  (0.0032345); expected 3.7 (0.001)
Passed Fwd filter:                         3  (0.000808625); expected 0.0 (1e-05)
Initial search space (Z):               3710  [actual number of targets]
Domain search space  (domZ):               1  [number of targets reported over threshold]
# CPU time: 0.03u 0.00s 00:00:00.03 Elapsed: 00:00:00.04
# Mc/sec: 9676.11
//
Query:       TIGR00580  [M=923]
Accession:   TIGR00580
Description: mfd: transcription-repair coupling factor
Scores for complete sequences (score includes all domains):
   --- full sequence ---   --- best 1 domain ---    -#dom-
    E-value  score  bias    E-value  score  bias    exp  N  Sequence              Description
    ------- ------ -----    ------- ------ -----   ---- --  --------              -----------
          0 1020.5   0.0          0 1020.2   0.0    1.0  1  CDSOGA010000009.1_103  # 111948 # 115433 # 1 # ID=9_103;partial=00;start_type=ATG;rbs_motif=None;rbs_spacer=None;gc_cont=0.627


Domain annotation for each sequence:
>> CDSOGA010000009.1_103  # 111948 # 115433 # 1 # ID=9_103;partial=00;start_type=ATG;rbs_motif=None;rbs_spacer=None;gc_cont=0.627
   #    score  bias  c-Evalue  i-Evalue hmmfrom  hmm to    alifrom  ali to    envfrom  env to     acc
 ---   ------ ----- --------- --------- ------- -------    ------- -------    ------- -------    ----
   1 ! 1020.2   0.0         0         0       3     922 ..     150    1089 ..     148    1090 .. 0.92



Internal pipeline statistics summary:
-------------------------------------
Query model(s):                            1  (923 nodes)
Target sequences:                       3710  (1159305 residues searched)
Passed MSV filter:                       117  (0.0315364); expected 74.2 (0.02)
Passed bias filter:                       88  (0.0237197); expected 74.2 (0.02)
Passed Vit filter:                        21  (0.00566038); expected 3.7 (0.001)
Passed Fwd filter:                         7  (0.00188679); expected 0.0 (1e-05)
Initial search space (Z):               3710  [actual number of targets]
Domain search space  (domZ):               1  [number of targets reported over threshold]
# CPU time: 0.13u 0.02s 00:00:00.15 Elapsed: 00:00:00.15
# Mc/sec: 6765.64
//
Query:       TIGR00593  [M=890]
Accession:   TIGR00593
Description: pola: DNA polymerase I
Scores for complete sequences (score includes all domains):
   --- full sequence ---   --- best 1 domain ---    -#dom-
    E-value  score  bias    E-value  score  bias    exp  N  Sequence              Description
    ------- ------ -----    ------- ------ -----   ---- --  --------              -----------
   4.7e-269  893.2   0.0   5.3e-269  893.0   0.0    1.0  1  CDSOGA010000011.1_112  # 109184 # 112105 # -1 # ID=11_112;partial=00;start_type=ATG;rbs_motif=GGA/GAG/AGG;rbs_spacer=5-10bp;gc_cont=0.632


Domain annotation for each sequence:
>> CDSOGA010000011.1_112  # 109184 # 112105 # -1 # ID=11_112;partial=00;start_type=ATG;rbs_motif=GGA/GAG/AGG;rbs_spacer=5-10bp;gc_cont=0.632
   #    score  bias  c-Evalue  i-Evalue hmmfrom  hmm to    alifrom  ali to    envfrom  env to     acc
 ---   ------ ----- --------- --------- ------- -------    ------- -------    ------- -------    ----
   1 !  893.0   0.0  1.4e-272  5.3e-269       1     890 []       3     973 ..       3     973 .. 0.90



Internal pipeline statistics summary:
-------------------------------------
Query model(s):                            1  (890 nodes)
Target sequences:                       3710  (1159305 residues searched)
Passed MSV filter:                       103  (0.0277628); expected 74.2 (0.02)
Passed bias filter:                       77  (0.0207547); expected 74.2 (0.02)
Passed Vit filter:                        13  (0.00350404); expected 3.7 (0.001)
Passed Fwd filter:                         2  (0.000539084); expected 0.0 (1e-05)
Initial search space (Z):               3710  [actual number of targets]
Domain search space  (domZ):               1  [number of targets reported over threshold]
# CPU time: 0.09u 0.01s 00:00:00.10 Elapsed: 00:00:00.09
# Mc/sec: 11214.56
//
Query:       TIGR00615  [M=196]
Accession:   TIGR00615
Description: recR: recombination protein RecR
Scores for complete sequences (score includes all domains):
   --- full sequence ---   --- best 1 domain ---    -#dom-
    E-value  score  bias    E-value  score  bias    exp  N  Sequence              Description
    ------- ------ -----    ------- ------ -----   ---- --  --------              -----------
    1.4e-58  195.2   0.0    1.7e-58  195.0   0.0    1.0  1  CDSOGA010000007.1_217  # 219186 # 219782 # -1 # ID=7_217;partial=00;start_type=TTG;rbs_motif=GGA/GAG/AGG;rbs_spacer=11-12bp;gc_cont=0.611


Domain annotation for each sequence:
>> CDSOGA010000007.1_217  # 219186 # 219782 # -1 # ID=7_217;partial=00;start_type=TTG;rbs_motif=GGA/GAG/AGG;rbs_spacer=11-12bp;gc_cont=0.611
   #    score  bias  c-Evalue  i-Evalue hmmfrom  hmm to    alifrom  ali to    envfrom  env to     acc
 ---   ------ ----- --------- --------- ------- -------    ------- -------    ------- -------    ----
   1 !  195.0   0.0   4.6e-62   1.7e-58       5     195 ..       6     195 ..       3     196 .. 0.97



Internal pipeline statistics summary:
-------------------------------------
Query model(s):                            1  (196 nodes)
Target sequences:                       3710  (1159305 residues searched)
Passed MSV filter:                        77  (0.0207547); expected 74.2 (0.02)
Passed bias filter:                       67  (0.0180593); expected 74.2 (0.02)
Passed Vit filter:                         7  (0.00188679); expected 3.7 (0.001)
Passed Fwd filter:                         2  (0.000539084); expected 0.0 (1e-05)
Initial search space (Z):               3710  [actual number of targets]
Domain search space  (domZ):               1  [number of targets reported over threshold]
# CPU time: 0.02u 0.00s 00:00:00.02 Elapsed: 00:00:00.02
# Mc/sec: 11220.76
//
Query:       TIGR00631  [M=658]
Accession:   TIGR00631
Description: uvrb: excinuclease ABC subunit B
Scores for complete sequences (score includes all domains):
   --- full sequence ---   --- best 1 domain ---    -#dom-
    E-value  score  bias    E-value  score  bias    exp  N  Sequence              Description
    ------- ------ -----    ------- ------ -----   ---- --  --------              -----------
   3.7e-304 1007.8   0.0   5.4e-304 1007.3   0.0    1.2  1  CDSOGA010000003.1_305  # 302900 # 305533 # 1 # ID=3_305;partial=00;start_type=GTG;rbs_motif=GGA/GAG/AGG;rbs_spacer=5-10bp;gc_cont=0.625


Domain annotation for each sequence:
>> CDSOGA010000003.1_305  # 302900 # 305533 # 1 # ID=3_305;partial=00;start_type=GTG;rbs_motif=GGA/GAG/AGG;rbs_spacer=5-10bp;gc_cont=0.625
   #    score  bias  c-Evalue  i-Evalue hmmfrom  hmm to    alifrom  ali to    envfrom  env to     acc
 ---   ------ ----- --------- --------- ------- -------    ------- -------    ------- -------    ----
   1 ! 1007.3   0.0  1.4e-307  5.4e-304       2     658 .]     209     864 ..     208     864 .. 0.98



Internal pipeline statistics summary:
-------------------------------------
Query model(s):                            1  (658 nodes)
Target sequences:                       3710  (1159305 residues searched)
Passed MSV filter:                       131  (0.03531); expected 74.2 (0.02)
Passed bias filter:                      112  (0.0301887); expected 74.2 (0.02)
Passed Vit filter:                        24  (0.006469); expected 3.7 (0.001)
Passed Fwd filter:                        11  (0.00296496); expected 0.0 (1e-05)
Initial search space (Z):               3710  [actual number of targets]
Domain search space  (domZ):               1  [number of targets reported over threshold]
# CPU time: 0.09u 0.01s 00:00:00.10 Elapsed: 00:00:00.15
# Mc/sec: 5080.98
//
Query:       TIGR00634  [M=563]
Accession:   TIGR00634
Description: recN: DNA repair protein RecN
Scores for complete sequences (score includes all domains):
   --- full sequence ---   --- best 1 domain ---    -#dom-
    E-value  score  bias    E-value  score  bias    exp  N  Sequence              Description
    ------- ------ -----    ------- ------ -----   ---- --  --------              -----------
   7.6e-134  445.4  11.2   8.6e-134  445.2  11.2    1.0  1  CDSOGA010000003.1_223  # 219313 # 220983 # -1 # ID=3_223;partial=00;start_type=ATG;rbs_motif=GGA/GAG/AGG;rbs_spacer=11-12bp;gc_cont=0.656


Domain annotation for each sequence:
>> CDSOGA010000003.1_223  # 219313 # 220983 # -1 # ID=3_223;partial=00;start_type=ATG;rbs_motif=GGA/GAG/AGG;rbs_spacer=11-12bp;gc_cont=0.656
   #    score  bias  c-Evalue  i-Evalue hmmfrom  hmm to    alifrom  ali to    envfrom  env to     acc
 ---   ------ ----- --------- --------- ------- -------    ------- -------    ------- -------    ----
   1 !  445.2  11.2  2.3e-137  8.6e-134       1     562 [.       1     553 [.       1     554 [. 0.95



Internal pipeline statistics summary:
-------------------------------------
Query model(s):                            1  (563 nodes)
Target sequences:                       3710  (1159305 residues searched)
Passed MSV filter:                       239  (0.0644205); expected 74.2 (0.02)
Passed bias filter:                      163  (0.0439353); expected 74.2 (0.02)
Passed Vit filter:                        45  (0.0121294); expected 3.7 (0.001)
Passed Fwd filter:                         8  (0.00215633); expected 0.0 (1e-05)
Initial search space (Z):               3710  [actual number of targets]
Domain search space  (domZ):               1  [number of targets reported over threshold]
# CPU time: 0.10u 0.00s 00:00:00.10 Elapsed: 00:00:00.11
# Mc/sec: 5641.09
//
Query:       TIGR00635  [M=305]
Accession:   TIGR00635
Description: ruvB: Holliday junction DNA helicase RuvB
Scores for complete sequences (score includes all domains):
   --- full sequence ---   --- best 1 domain ---    -#dom-
    E-value  score  bias    E-value  score  bias    exp  N  Sequence              Description
    ------- ------ -----    ------- ------ -----   ---- --  --------              -----------
   6.1e-135  446.8   0.0   7.1e-135  446.6   0.0    1.0  1  CDSOGA010000008.1_177  # 185104 # 186141 # 1 # ID=8_177;partial=00;start_type=TTG;rbs_motif=GGAG/GAGG;rbs_spacer=5-10bp;gc_cont=0.627


Domain annotation for each sequence:
>> CDSOGA010000008.1_177  # 185104 # 186141 # 1 # ID=8_177;partial=00;start_type=TTG;rbs_motif=GGAG/GAGG;rbs_spacer=5-10bp;gc_cont=0.627
   #    score  bias  c-Evalue  i-Evalue hmmfrom  hmm to    alifrom  ali to    envfrom  env to     acc
 ---   ------ ----- --------- --------- ------- -------    ------- -------    ------- -------    ----
   1 !  446.6   0.0  1.9e-138  7.1e-135       3     304 ..      24     325 ..      22     326 .. 0.99



Internal pipeline statistics summary:
-------------------------------------
Query model(s):                            1  (305 nodes)
Target sequences:                       3710  (1159305 residues searched)
Passed MSV filter:                       243  (0.0654987); expected 74.2 (0.02)
Passed bias filter:                      215  (0.0579515); expected 74.2 (0.02)
Passed Vit filter:                        82  (0.0221024); expected 3.7 (0.001)
Passed Fwd filter:                        17  (0.00458221); expected 0.0 (1e-05)
Initial search space (Z):               3710  [actual number of targets]
Domain search space  (domZ):               1  [number of targets reported over threshold]
# CPU time: 0.08u 0.01s 00:00:00.09 Elapsed: 00:00:00.09
# Mc/sec: 3894.87
//
Query:       TIGR00643  [M=629]
Accession:   TIGR00643
Description: recG: ATP-dependent DNA helicase RecG
Scores for complete sequences (score includes all domains):
   --- full sequence ---   --- best 1 domain ---    -#dom-
    E-value  score  bias    E-value  score  bias    exp  N  Sequence             Description
    ------- ------ -----    ------- ------ -----   ---- --  --------             -----------
   4.1e-194  644.5   0.0   5.1e-194  644.2   0.0    1.0  1  CDSOGA010000009.1_99  # 108808 # 110916 # -1 # ID=9_99;partial=00;start_type=GTG;rbs_motif=AGGAG;rbs_spacer=5-10bp;gc_cont=0.629


Domain annotation for each sequence:
>> CDSOGA010000009.1_99  # 108808 # 110916 # -1 # ID=9_99;partial=00;start_type=GTG;rbs_motif=AGGAG;rbs_spacer=5-10bp;gc_cont=0.629
   #    score  bias  c-Evalue  i-Evalue hmmfrom  hmm to    alifrom  ali to    envfrom  env to     acc
 ---   ------ ----- --------- --------- ------- -------    ------- -------    ------- -------    ----
   1 !  644.2   0.0  1.4e-197  5.1e-194       8     629 .]      44     665 ..      39     665 .. 0.96



Internal pipeline statistics summary:
-------------------------------------
Query model(s):                            1  (629 nodes)
Target sequences:                       3710  (1159305 residues searched)
Passed MSV filter:                       120  (0.032345); expected 74.2 (0.02)
Passed bias filter:                      107  (0.028841); expected 74.2 (0.02)
Passed Vit filter:                        17  (0.00458221); expected 3.7 (0.001)
Passed Fwd filter:                         8  (0.00215633); expected 0.0 (1e-05)
Initial search space (Z):               3710  [actual number of targets]
Domain search space  (domZ):               1  [number of targets reported over threshold]
# CPU time: 0.09u 0.00s 00:00:00.09 Elapsed: 00:00:00.11
# Mc/sec: 6094.56
//
Query:       TIGR00663  [M=367]
Accession:   TIGR00663
Description: dnan: DNA polymerase III, beta subunit
Scores for complete sequences (score includes all domains):
   --- full sequence ---   --- best 1 domain ---    -#dom-
    E-value  score  bias    E-value  score  bias    exp  N  Sequence            Description
    ------- ------ -----    ------- ------ -----   ---- --  --------            -----------
    3.9e-93  310.0   0.0    4.4e-93  309.8   0.0    1.0  1  CDSOGA010000002.1_3  # 1573 # 2694 # -1 # ID=2_3;partial=00;start_type=ATG;rbs_motif=GGA/GAG/AGG;rbs_spacer=5-10bp;gc_cont=0.614


Domain annotation for each sequence:
>> CDSOGA010000002.1_3  # 1573 # 2694 # -1 # ID=2_3;partial=00;start_type=ATG;rbs_motif=GGA/GAG/AGG;rbs_spacer=5-10bp;gc_cont=0.614
   #    score  bias  c-Evalue  i-Evalue hmmfrom  hmm to    alifrom  ali to    envfrom  env to     acc
 ---   ------ ----- --------- --------- ------- -------    ------- -------    ------- -------    ----
   1 !  309.8   0.0   1.2e-96   4.4e-93       1     366 [.       1     372 [.       1     373 [. 0.95



Internal pipeline statistics summary:
-------------------------------------
Query model(s):                            1  (367 nodes)
Target sequences:                       3710  (1159305 residues searched)
Passed MSV filter:                        65  (0.0175202); expected 74.2 (0.02)
Passed bias filter:                       58  (0.0156334); expected 74.2 (0.02)
Passed Vit filter:                        10  (0.00269542); expected 3.7 (0.001)
Passed Fwd filter:                         2  (0.000539084); expected 0.0 (1e-05)
Initial search space (Z):               3710  [actual number of targets]
Domain search space  (domZ):               1  [number of targets reported over threshold]
# CPU time: 0.04u 0.00s 00:00:00.04 Elapsed: 00:00:00.03
# Mc/sec: 11768.82
//
Query:       TIGR00717  [M=516]
Accession:   TIGR00717
Description: rpsA: ribosomal protein bS1
Scores for complete sequences (score includes all domains):
   --- full sequence ---   --- best 1 domain ---    -#dom-
    E-value  score  bias    E-value  score  bias    exp  N  Sequence             Description
    ------- ------ -----    ------- ------ -----   ---- --  --------             -----------
   5.4e-191  633.3  13.0   6.2e-191  633.1  13.0    1.0  1  CDSOGA010000011.1_10  # 8015 # 9718 # -1 # ID=11_10;partial=00;start_type=TTG;rbs_motif=GGAG/GAGG;rbs_spacer=5-10bp;gc_cont=0.580


Domain annotation for each sequence:
>> CDSOGA010000011.1_10  # 8015 # 9718 # -1 # ID=11_10;partial=00;start_type=TTG;rbs_motif=GGAG/GAGG;rbs_spacer=5-10bp;gc_cont=0.580
   #    score  bias  c-Evalue  i-Evalue hmmfrom  hmm to    alifrom  ali to    envfrom  env to     acc
 ---   ------ ----- --------- --------- ------- -------    ------- -------    ------- -------    ----
   1 !  633.1  13.0  1.7e-194  6.2e-191       1     516 []       9     530 ..       9     530 .. 0.98



Internal pipeline statistics summary:
-------------------------------------
Query model(s):                            1  (516 nodes)
Target sequences:                       3710  (1159305 residues searched)
Passed MSV filter:                       101  (0.0272237); expected 74.2 (0.02)
Passed bias filter:                       83  (0.022372); expected 74.2 (0.02)
Passed Vit filter:                         9  (0.00242588); expected 3.7 (0.001)
Passed Fwd filter:                         4  (0.00107817); expected 0.0 (1e-05)
Initial search space (Z):               3710  [actual number of targets]
Domain search space  (domZ):               1  [number of targets reported over threshold]
# CPU time: 0.05u 0.00s 00:00:00.05 Elapsed: 00:00:00.08
# Mc/sec: 7099.84
//
Query:       TIGR00755  [M=256]
Accession:   TIGR00755
Description: ksgA: ribosomal RNA small subunit methyltransferase A
Scores for complete sequences (score includes all domains):
   --- full sequence ---   --- best 1 domain ---    -#dom-
    E-value  score  bias    E-value  score  bias    exp  N  Sequence              Description
    ------- ------ -----    ------- ------ -----   ---- --  --------              -----------
    1.4e-66  222.1   0.0    1.6e-66  222.0   0.0    1.0  1  CDSOGA010000006.1_217  # 217800 # 218660 # 1 # ID=6_217;partial=00;start_type=ATG;rbs_motif=GGxGG;rbs_spacer=3-4bp;gc_cont=0.620


Domain annotation for each sequence:
>> CDSOGA010000006.1_217  # 217800 # 218660 # 1 # ID=6_217;partial=00;start_type=ATG;rbs_motif=GGxGG;rbs_spacer=3-4bp;gc_cont=0.620
   #    score  bias  c-Evalue  i-Evalue hmmfrom  hmm to    alifrom  ali to    envfrom  env to     acc
 ---   ------ ----- --------- --------- ------- -------    ------- -------    ------- -------    ----
   1 !  222.0   0.0   4.2e-70   1.6e-66       2     255 ..      20     275 ..      19     276 .. 0.96



Internal pipeline statistics summary:
-------------------------------------
Query model(s):                            1  (256 nodes)
Target sequences:                       3710  (1159305 residues searched)
Passed MSV filter:                        91  (0.0245283); expected 74.2 (0.02)
Passed bias filter:                       86  (0.0231806); expected 74.2 (0.02)
Passed Vit filter:                        17  (0.00458221); expected 3.7 (0.001)
Passed Fwd filter:                         8  (0.00215633); expected 0.0 (1e-05)
Initial search space (Z):               3710  [actual number of targets]
Domain search space  (domZ):               1  [number of targets reported over threshold]
# CPU time: 0.03u 0.00s 00:00:00.03 Elapsed: 00:00:00.04
# Mc/sec: 6971.62
//
Query:       TIGR00810  [M=73]
Accession:   TIGR00810
Description: secG: preprotein translocase, SecG subunit
Scores for complete sequences (score includes all domains):
   --- full sequence ---   --- best 1 domain ---    -#dom-
    E-value  score  bias    E-value  score  bias    exp  N  Sequence              Description
    ------- ------ -----    ------- ------ -----   ---- --  --------              -----------
    7.7e-19   65.2  10.9    7.7e-19   65.2  10.9    1.4  1  CDSOGA010000010.1_114  # 116263 # 116745 # -1 # ID=10_114;partial=00;start_type=ATG;rbs_motif=GGA/GAG/AGG;rbs_spacer=5-10bp;gc_cont=0.660


Domain annotation for each sequence:
>> CDSOGA010000010.1_114  # 116263 # 116745 # -1 # ID=10_114;partial=00;start_type=ATG;rbs_motif=GGA/GAG/AGG;rbs_spacer=5-10bp;gc_cont=0.660
   #    score  bias  c-Evalue  i-Evalue hmmfrom  hmm to    alifrom  ali to    envfrom  env to     acc
 ---   ------ ----- --------- --------- ------- -------    ------- -------    ------- -------    ----
   1 !   65.2  10.9   2.1e-22   7.7e-19       2      72 ..       3      72 ..       2      73 .. 0.94



Internal pipeline statistics summary:
-------------------------------------
Query model(s):                            1  (73 nodes)
Target sequences:                       3710  (1159305 residues searched)
Passed MSV filter:                       353  (0.0951482); expected 74.2 (0.02)
Passed bias filter:                       87  (0.0234501); expected 74.2 (0.02)
Passed Vit filter:                         7  (0.00188679); expected 3.7 (0.001)
Passed Fwd filter:                         2  (0.000539084); expected 0.0 (1e-05)
Initial search space (Z):               3710  [actual number of targets]
Domain search space  (domZ):               1  [number of targets reported over threshold]
# CPU time: 0.02u 0.01s 00:00:00.03 Elapsed: 00:00:00.01
# Mc/sec: 4722.14
//
Query:       TIGR00922  [M=172]
Accession:   TIGR00922
Description: nusG: transcription termination/antitermination factor NusG
Scores for complete sequences (score includes all domains):
   --- full sequence ---   --- best 1 domain ---    -#dom-
    E-value  score  bias    E-value  score  bias    exp  N  Sequence              Description
    ------- ------ -----    ------- ------ -----   ---- --  --------              -----------
    1.7e-69  230.8   4.1    1.9e-69  230.6   4.1    1.0  1  CDSOGA010000004.1_251  # 261097 # 261627 # -1 # ID=4_251;partial=00;start_type=ATG;rbs_motif=AGGAG/GGAGG;rbs_spacer=11-12bp;gc_cont=0.565


Domain annotation for each sequence:
>> CDSOGA010000004.1_251  # 261097 # 261627 # -1 # ID=4_251;partial=00;start_type=ATG;rbs_motif=AGGAG/GGAGG;rbs_spacer=11-12bp;gc_cont=0.565
   #    score  bias  c-Evalue  i-Evalue hmmfrom  hmm to    alifrom  ali to    envfrom  env to     acc
 ---   ------ ----- --------- --------- ------- -------    ------- -------    ------- -------    ----
   1 !  230.6   4.1   5.1e-73   1.9e-69       1     172 []       5     176 ..       5     176 .. 1.00



Internal pipeline statistics summary:
-------------------------------------
Query model(s):                            1  (172 nodes)
Target sequences:                       3710  (1159305 residues searched)
Passed MSV filter:                        53  (0.0142857); expected 74.2 (0.02)
Passed bias filter:                       50  (0.0134771); expected 74.2 (0.02)
Passed Vit filter:                         6  (0.00161725); expected 3.7 (0.001)
Passed Fwd filter:                         1  (0.000269542); expected 0.0 (1e-05)
Initial search space (Z):               3710  [actual number of targets]
Domain search space  (domZ):               1  [number of targets reported over threshold]
# CPU time: 0.01u 0.00s 00:00:00.01 Elapsed: 00:00:00.01
# Mc/sec: 10694.44
//
Query:       TIGR00928  [M=436]
Accession:   TIGR00928
Description: purB: adenylosuccinate lyase
Scores for complete sequences (score includes all domains):
   --- full sequence ---   --- best 1 domain ---    -#dom-
    E-value  score  bias    E-value  score  bias    exp  N  Sequence             Description
    ------- ------ -----    ------- ------ -----   ---- --  --------             -----------
   6.7e-144  477.5   0.1   7.5e-144  477.4   0.1    1.0  1  CDSOGA010000003.1_60  # 48828 # 50168 # 1 # ID=3_60;partial=00;start_type=ATG;rbs_motif=None;rbs_spacer=None;gc_cont=0.604


Domain annotation for each sequence:
>> CDSOGA010000003.1_60  # 48828 # 50168 # 1 # ID=3_60;partial=00;start_type=ATG;rbs_motif=None;rbs_spacer=None;gc_cont=0.604
   #    score  bias  c-Evalue  i-Evalue hmmfrom  hmm to    alifrom  ali to    envfrom  env to     acc
 ---   ------ ----- --------- --------- ------- -------    ------- -------    ------- -------    ----
   1 !  477.4   0.1    2e-147  7.5e-144       1     436 []       1     441 [.       1     441 [. 0.95



Internal pipeline statistics summary:
-------------------------------------
Query model(s):                            1  (436 nodes)
Target sequences:                       3710  (1159305 residues searched)
Passed MSV filter:                        93  (0.0250674); expected 74.2 (0.02)
Passed bias filter:                       71  (0.0191375); expected 74.2 (0.02)
Passed Vit filter:                         8  (0.00215633); expected 3.7 (0.001)
Passed Fwd filter:                         4  (0.00107817); expected 0.0 (1e-05)
Initial search space (Z):               3710  [actual number of targets]
Domain search space  (domZ):               1  [number of targets reported over threshold]
# CPU time: 0.05u 0.00s 00:00:00.05 Elapsed: 00:00:00.05
# Mc/sec: 8544.02
//
Query:       TIGR00959  [M=428]
Accession:   TIGR00959
Description: ffh: signal recognition particle protein
Scores for complete sequences (score includes all domains):
   --- full sequence ---   --- best 1 domain ---    -#dom-
    E-value  score  bias    E-value  score  bias    exp  N  Sequence              Description
    ------- ------ -----    ------- ------ -----   ---- --  --------              -----------
   6.9e-181  599.4  15.6   6.9e-181  599.4  15.6    1.5  1  CDSOGA010000002.1_233  # 216977 # 218572 # -1 # ID=2_233;partial=00;start_type=ATG;rbs_motif=GGAG/GAGG;rbs_spacer=5-10bp;gc_cont=0.619


Domain annotation for each sequence:
>> CDSOGA010000002.1_233  # 216977 # 218572 # -1 # ID=2_233;partial=00;start_type=ATG;rbs_motif=GGAG/GAGG;rbs_spacer=5-10bp;gc_cont=0.619
   #    score  bias  c-Evalue  i-Evalue hmmfrom  hmm to    alifrom  ali to    envfrom  env to     acc
 ---   ------ ----- --------- --------- ------- -------    ------- -------    ------- -------    ----
   1 !  599.4  15.6  1.9e-184  6.9e-181       1     428 []       2     429 ..       2     429 .. 1.00



Internal pipeline statistics summary:
-------------------------------------
Query model(s):                            1  (428 nodes)
Target sequences:                       3710  (1159305 residues searched)
Passed MSV filter:                       209  (0.0563342); expected 74.2 (0.02)
Passed bias filter:                      169  (0.0455526); expected 74.2 (0.02)
Passed Vit filter:                        37  (0.00997305); expected 3.7 (0.001)
Passed Fwd filter:                         9  (0.00242588); expected 0.0 (1e-05)
Initial search space (Z):               3710  [actual number of targets]
Domain search space  (domZ):               1  [number of targets reported over threshold]
# CPU time: 0.06u 0.00s 00:00:00.06 Elapsed: 00:00:00.06
# Mc/sec: 7399.65
//
Query:       TIGR00963  [M=787]
Accession:   TIGR00963
Description: secA: preprotein translocase, SecA subunit
Scores for complete sequences (score includes all domains):
   --- full sequence ---   --- best 1 domain ---    -#dom-
    E-value  score  bias    E-value  score  bias    exp  N  Sequence              Description
    ------- ------ -----    ------- ------ -----   ---- --  --------              -----------
          0 1071.5  11.0          0 1071.3  11.0    1.0  1  CDSOGA010000002.1_474  # 474218 # 476962 # -1 # ID=2_474;partial=00;start_type=ATG;rbs_motif=AGGA;rbs_spacer=5-10bp;gc_cont=0.608


Domain annotation for each sequence:
>> CDSOGA010000002.1_474  # 474218 # 476962 # -1 # ID=2_474;partial=00;start_type=ATG;rbs_motif=AGGA;rbs_spacer=5-10bp;gc_cont=0.608
   #    score  bias  c-Evalue  i-Evalue hmmfrom  hmm to    alifrom  ali to    envfrom  env to     acc
 ---   ------ ----- --------- --------- ------- -------    ------- -------    ------- -------    ----
   1 ! 1071.3  11.0         0         0       1     786 [.      29     820 ..      29     821 .. 0.94



Internal pipeline statistics summary:
-------------------------------------
Query model(s):                            1  (787 nodes)
Target sequences:                       3710  (1159305 residues searched)
Passed MSV filter:                        85  (0.0229111); expected 74.2 (0.02)
Passed bias filter:                       71  (0.0191375); expected 74.2 (0.02)
Passed Vit filter:                        12  (0.0032345); expected 3.7 (0.001)
Passed Fwd filter:                         2  (0.000539084); expected 0.0 (1e-05)
Initial search space (Z):               3710  [actual number of targets]
Domain search space  (domZ):               1  [number of targets reported over threshold]
# CPU time: 0.09u 0.00s 00:00:00.09 Elapsed: 00:00:00.09
# Mc/sec: 9842.15
//
Query:       TIGR00964  [M=57]
Accession:   TIGR00964
Description: secE_bact: preprotein translocase, SecE subunit
Scores for complete sequences (score includes all domains):
   --- full sequence ---   --- best 1 domain ---    -#dom-
    E-value  score  bias    E-value  score  bias    exp  N  Sequence              Description
    ------- ------ -----    ------- ------ -----   ---- --  --------              -----------
    2.3e-19   66.8   2.0    2.6e-19   66.6   2.0    1.0  1  CDSOGA010000004.1_252  # 261669 # 261863 # -1 # ID=4_252;partial=00;start_type=ATG;rbs_motif=GGA/GAG/AGG;rbs_spacer=11-12bp;gc_cont=0.569


Domain annotation for each sequence:
>> CDSOGA010000004.1_252  # 261669 # 261863 # -1 # ID=4_252;partial=00;start_type=ATG;rbs_motif=GGA/GAG/AGG;rbs_spacer=11-12bp;gc_cont=0.569
   #    score  bias  c-Evalue  i-Evalue hmmfrom  hmm to    alifrom  ali to    envfrom  env to     acc
 ---   ------ ----- --------- --------- ------- -------    ------- -------    ------- -------    ----
   1 !   66.6   2.0     7e-23   2.6e-19       2      55 ..       7      60 ..       6      62 .. 0.95



Internal pipeline statistics summary:
-------------------------------------
Query model(s):                            1  (57 nodes)
Target sequences:                       3710  (1159305 residues searched)
Passed MSV filter:                       263  (0.0708895); expected 74.2 (0.02)
Passed bias filter:                      135  (0.0363881); expected 74.2 (0.02)
Passed Vit filter:                        12  (0.0032345); expected 3.7 (0.001)
Passed Fwd filter:                         2  (0.000539084); expected 0.0 (1e-05)
Initial search space (Z):               3710  [actual number of targets]
Domain search space  (domZ):               1  [number of targets reported over threshold]
# CPU time: 0.01u 0.00s 00:00:00.01 Elapsed: 00:00:00.01
# Mc/sec: 5877.10
//
Query:       TIGR00967  [M=414]
Accession:   TIGR00967
Description: 3a0501s007: preprotein translocase, SecY subunit
Scores for complete sequences (score includes all domains):
   --- full sequence ---   --- best 1 domain ---    -#dom-
    E-value  score  bias    E-value  score  bias    exp  N  Sequence              Description
    ------- ------ -----    ------- ------ -----   ---- --  --------              -----------
     1e-125  417.6  18.3   1.2e-125  417.4  18.3    1.0  1  CDSOGA010000004.1_218  # 233465 # 234802 # -1 # ID=4_218;partial=00;start_type=ATG;rbs_motif=GGAG/GAGG;rbs_spacer=5-10bp;gc_cont=0.596


Domain annotation for each sequence:
>> CDSOGA010000004.1_218  # 233465 # 234802 # -1 # ID=4_218;partial=00;start_type=ATG;rbs_motif=GGAG/GAGG;rbs_spacer=5-10bp;gc_cont=0.596
   #    score  bias  c-Evalue  i-Evalue hmmfrom  hmm to    alifrom  ali to    envfrom  env to     acc
 ---   ------ ----- --------- --------- ------- -------    ------- -------    ------- -------    ----
   1 !  417.4  18.3  3.2e-129  1.2e-125       2     414 .]      25     430 ..      24     430 .. 0.95



Internal pipeline statistics summary:
-------------------------------------
Query model(s):                            1  (414 nodes)
Target sequences:                       3710  (1159305 residues searched)
Passed MSV filter:                       205  (0.0552561); expected 74.2 (0.02)
Passed bias filter:                       61  (0.016442); expected 74.2 (0.02)
Passed Vit filter:                         4  (0.00107817); expected 3.7 (0.001)
Passed Fwd filter:                         2  (0.000539084); expected 0.0 (1e-05)
Initial search space (Z):               3710  [actual number of targets]
Domain search space  (domZ):               1  [number of targets reported over threshold]
# CPU time: 0.03u 0.00s 00:00:00.03 Elapsed: 00:00:00.04
# Mc/sec: 10362.81
//
Query:       TIGR00982  [M=139]
Accession:   TIGR00982
Description: uS12_E_A: ribosomal protein uS12
Scores for complete sequences (score includes all domains):
   --- full sequence ---   --- best 1 domain ---    -#dom-
    E-value  score  bias    E-value  score  bias    exp  N  Sequence Description
    ------- ------ -----    ------- ------ -----   ---- --  -------- -----------

   [No hits detected that satisfy reporting thresholds]


Domain annotation for each sequence:

   [No targets detected that satisfy reporting thresholds]


Internal pipeline statistics summary:
-------------------------------------
Query model(s):                            1  (139 nodes)
Target sequences:                       3710  (1159305 residues searched)
Passed MSV filter:                        87  (0.0234501); expected 74.2 (0.02)
Passed bias filter:                       81  (0.0218329); expected 74.2 (0.02)
Passed Vit filter:                         5  (0.00134771); expected 3.7 (0.001)
Passed Fwd filter:                         1  (0.000269542); expected 0.0 (1e-05)
Initial search space (Z):               3710  [actual number of targets]
Domain search space  (domZ):               0  [number of targets reported over threshold]
# CPU time: 0.02u 0.00s 00:00:00.02 Elapsed: 00:00:00.01
# Mc/sec: 8368.59
//
Query:       TIGR01008  [M=195]
Accession:   TIGR01008
Description: uS3_euk_arch: ribosomal protein uS3
Scores for complete sequences (score includes all domains):
   --- full sequence ---   --- best 1 domain ---    -#dom-
    E-value  score  bias    E-value  score  bias    exp  N  Sequence Description
    ------- ------ -----    ------- ------ -----   ---- --  -------- -----------

   [No hits detected that satisfy reporting thresholds]


Domain annotation for each sequence:

   [No targets detected that satisfy reporting thresholds]


Internal pipeline statistics summary:
-------------------------------------
Query model(s):                            1  (195 nodes)
Target sequences:                       3710  (1159305 residues searched)
Passed MSV filter:                       133  (0.0358491); expected 74.2 (0.02)
Passed bias filter:                      102  (0.0274933); expected 74.2 (0.02)
Passed Vit filter:                        14  (0.00377358); expected 3.7 (0.001)
Passed Fwd filter:                         1  (0.000269542); expected 0.0 (1e-05)
Initial search space (Z):               3710  [actual number of targets]
Domain search space  (domZ):               0  [number of targets reported over threshold]
# CPU time: 0.02u 0.00s 00:00:00.02 Elapsed: 00:00:00.02
# Mc/sec: 8844.29
//
Query:       TIGR01009  [M=212]
Accession:   TIGR01009
Description: rpsC_bact: ribosomal protein uS3
Scores for complete sequences (score includes all domains):
   --- full sequence ---   --- best 1 domain ---    -#dom-
    E-value  score  bias    E-value  score  bias    exp  N  Sequence              Description
    ------- ------ -----    ------- ------ -----   ---- --  --------              -----------
    4.9e-97  321.5   3.0    5.5e-97  321.3   3.0    1.0  1  CDSOGA010000004.1_232  # 240097 # 240834 # -1 # ID=4_232;partial=00;start_type=ATG;rbs_motif=AGGAG;rbs_spacer=5-10bp;gc_cont=0.598


Domain annotation for each sequence:
>> CDSOGA010000004.1_232  # 240097 # 240834 # -1 # ID=4_232;partial=00;start_type=ATG;rbs_motif=AGGAG;rbs_spacer=5-10bp;gc_cont=0.598
   #    score  bias  c-Evalue  i-Evalue hmmfrom  hmm to    alifrom  ali to    envfrom  env to     acc
 ---   ------ ----- --------- --------- ------- -------    ------- -------    ------- -------    ----
   1 !  321.3   3.0  1.5e-100   5.5e-97       1     210 [.       1     209 [.       1     211 [. 0.99



Internal pipeline statistics summary:
-------------------------------------
Query model(s):                            1  (212 nodes)
Target sequences:                       3710  (1159305 residues searched)
Passed MSV filter:                        91  (0.0245283); expected 74.2 (0.02)
Passed bias filter:                       79  (0.0212938); expected 74.2 (0.02)
Passed Vit filter:                         6  (0.00161725); expected 3.7 (0.001)
Passed Fwd filter:                         2  (0.000539084); expected 0.0 (1e-05)
Initial search space (Z):               3710  [actual number of targets]
Domain search space  (domZ):               1  [number of targets reported over threshold]
# CPU time: 0.02u 0.00s 00:00:00.02 Elapsed: 00:00:00.03
# Mc/sec: 7862.44
//
Query:       TIGR01011  [M=225]
Accession:   TIGR01011
Description: rpsB_bact: ribosomal protein uS2
Scores for complete sequences (score includes all domains):
   --- full sequence ---   --- best 1 domain ---    -#dom-
    E-value  score  bias    E-value  score  bias    exp  N  Sequence              Description
    ------- ------ -----    ------- ------ -----   ---- --  --------              -----------
    4.5e-99  327.9   0.0    5.4e-99  327.7   0.0    1.0  1  CDSOGA010000004.1_172  # 187524 # 188339 # -1 # ID=4_172;partial=00;start_type=ATG;rbs_motif=AGGAG;rbs_spacer=5-10bp;gc_cont=0.594


Domain annotation for each sequence:
>> CDSOGA010000004.1_172  # 187524 # 188339 # -1 # ID=4_172;partial=00;start_type=ATG;rbs_motif=AGGAG;rbs_spacer=5-10bp;gc_cont=0.594
   #    score  bias  c-Evalue  i-Evalue hmmfrom  hmm to    alifrom  ali to    envfrom  env to     acc
 ---   ------ ----- --------- --------- ------- -------    ------- -------    ------- -------    ----
   1 !  327.7   0.0  1.4e-102   5.4e-99       3     222 ..       7     225 ..       5     228 .. 0.98



Internal pipeline statistics summary:
-------------------------------------
Query model(s):                            1  (225 nodes)
Target sequences:                       3710  (1159305 residues searched)
Passed MSV filter:                        91  (0.0245283); expected 74.2 (0.02)
Passed bias filter:                       80  (0.0215633); expected 74.2 (0.02)
Passed Vit filter:                        10  (0.00269542); expected 3.7 (0.001)
Passed Fwd filter:                         1  (0.000269542); expected 0.0 (1e-05)
Initial search space (Z):               3710  [actual number of targets]
Domain search space  (domZ):               1  [number of targets reported over threshold]
# CPU time: 0.03u 0.01s 00:00:00.04 Elapsed: 00:00:00.03
# Mc/sec: 7399.44
//
Query:       TIGR01012  [M=196]
Accession:   TIGR01012
Description: uS2_euk_arch: ribosomal protein uS2
Scores for complete sequences (score includes all domains):
   --- full sequence ---   --- best 1 domain ---    -#dom-
    E-value  score  bias    E-value  score  bias    exp  N  Sequence Description
    ------- ------ -----    ------- ------ -----   ---- --  -------- -----------

   [No hits detected that satisfy reporting thresholds]


Domain annotation for each sequence:

   [No targets detected that satisfy reporting thresholds]


Internal pipeline statistics summary:
-------------------------------------
Query model(s):                            1  (196 nodes)
Target sequences:                       3710  (1159305 residues searched)
Passed MSV filter:                       101  (0.0272237); expected 74.2 (0.02)
Passed bias filter:                       98  (0.0264151); expected 74.2 (0.02)
Passed Vit filter:                         7  (0.00188679); expected 3.7 (0.001)
Passed Fwd filter:                         1  (0.000269542); expected 0.0 (1e-05)
Initial search space (Z):               3710  [actual number of targets]
Domain search space  (domZ):               0  [number of targets reported over threshold]
# CPU time: 0.02u 0.00s 00:00:00.02 Elapsed: 00:00:00.02
# Mc/sec: 9905.34
//
Query:       TIGR01017  [M=200]
Accession:   TIGR01017
Description: rpsD_bact: ribosomal protein uS4
Scores for complete sequences (score includes all domains):
   --- full sequence ---   --- best 1 domain ---    -#dom-
    E-value  score  bias    E-value  score  bias    exp  N  Sequence             Description
    ------- ------ -----    ------- ------ -----   ---- --  --------             -----------
    3.3e-72  240.1   0.1    3.6e-72  240.0   0.1    1.0  1  CDSOGA010000003.1_86  # 72292 # 72909 # -1 # ID=3_86;partial=00;start_type=ATG;rbs_motif=AGGA;rbs_spacer=5-10bp;gc_cont=0.579


Domain annotation for each sequence:
>> CDSOGA010000003.1_86  # 72292 # 72909 # -1 # ID=3_86;partial=00;start_type=ATG;rbs_motif=AGGA;rbs_spacer=5-10bp;gc_cont=0.579
   #    score  bias  c-Evalue  i-Evalue hmmfrom  hmm to    alifrom  ali to    envfrom  env to     acc
 ---   ------ ----- --------- --------- ------- -------    ------- -------    ------- -------    ----
   1 !  240.0   0.1   9.8e-76   3.6e-72       4     200 .]       6     205 ..       3     205 .. 0.95



Internal pipeline statistics summary:
-------------------------------------
Query model(s):                            1  (200 nodes)
Target sequences:                       3710  (1159305 residues searched)
Passed MSV filter:                        57  (0.0153639); expected 74.2 (0.02)
Passed bias filter:                       56  (0.0150943); expected 74.2 (0.02)
Passed Vit filter:                         8  (0.00215633); expected 3.7 (0.001)
Passed Fwd filter:                         3  (0.000808625); expected 0.0 (1e-05)
Initial search space (Z):               3710  [actual number of targets]
Domain search space  (domZ):               1  [number of targets reported over threshold]
# CPU time: 0.02u 0.00s 00:00:00.02 Elapsed: 00:00:00.02
# Mc/sec: 9501.47
//
Query:       TIGR01018  [M=162]
Accession:   TIGR01018
Description: uS4_arch: ribosomal protein uS4
Scores for complete sequences (score includes all domains):
   --- full sequence ---   --- best 1 domain ---    -#dom-
    E-value  score  bias    E-value  score  bias    exp  N  Sequence Description
    ------- ------ -----    ------- ------ -----   ---- --  -------- -----------

   [No hits detected that satisfy reporting thresholds]


Domain annotation for each sequence:

   [No targets detected that satisfy reporting thresholds]


Internal pipeline statistics summary:
-------------------------------------
Query model(s):                            1  (162 nodes)
Target sequences:                       3710  (1159305 residues searched)
Passed MSV filter:                        68  (0.0183288); expected 74.2 (0.02)
Passed bias filter:                       62  (0.0167116); expected 74.2 (0.02)
Passed Vit filter:                         7  (0.00188679); expected 3.7 (0.001)
Passed Fwd filter:                         1  (0.000269542); expected 0.0 (1e-05)
Initial search space (Z):               3710  [actual number of targets]
Domain search space  (domZ):               0  [number of targets reported over threshold]
# CPU time: 0.02u 0.00s 00:00:00.02 Elapsed: 00:00:00.02
# Mc/sec: 7014.70
//
Query:       TIGR01020  [M=212]
Accession:   TIGR01020
Description: uS5_euk_arch: ribosomal protein uS5
Scores for complete sequences (score includes all domains):
   --- full sequence ---   --- best 1 domain ---    -#dom-
    E-value  score  bias    E-value  score  bias    exp  N  Sequence Description
    ------- ------ -----    ------- ------ -----   ---- --  -------- -----------

   [No hits detected that satisfy reporting thresholds]


Domain annotation for each sequence:

   [No targets detected that satisfy reporting thresholds]


Internal pipeline statistics summary:
-------------------------------------
Query model(s):                            1  (212 nodes)
Target sequences:                       3710  (1159305 residues searched)
Passed MSV filter:                        86  (0.0231806); expected 74.2 (0.02)
Passed bias filter:                       70  (0.0188679); expected 74.2 (0.02)
Passed Vit filter:                         3  (0.000808625); expected 3.7 (0.001)
Passed Fwd filter:                         1  (0.000269542); expected 0.0 (1e-05)
Initial search space (Z):               3710  [actual number of targets]
Domain search space  (domZ):               0  [number of targets reported over threshold]
# CPU time: 0.02u 0.00s 00:00:00.02 Elapsed: 00:00:00.01
# Mc/sec: 13462.13
//
Query:       TIGR01021  [M=156]
Accession:   TIGR01021
Description: rpsE_bact: ribosomal protein uS5
Scores for complete sequences (score includes all domains):
   --- full sequence ---   --- best 1 domain ---    -#dom-
    E-value  score  bias    E-value  score  bias    exp  N  Sequence              Description
    ------- ------ -----    ------- ------ -----   ---- --  --------              -----------
    5.1e-66  219.0   2.9      6e-66  218.8   2.9    1.0  1  CDSOGA010000004.1_221  # 235662 # 236192 # -1 # ID=4_221;partial=00;start_type=ATG;rbs_motif=GGAG/GAGG;rbs_spacer=5-10bp;gc_cont=0.601


Domain annotation for each sequence:
>> CDSOGA010000004.1_221  # 235662 # 236192 # -1 # ID=4_221;partial=00;start_type=ATG;rbs_motif=GGAG/GAGG;rbs_spacer=5-10bp;gc_cont=0.601
   #    score  bias  c-Evalue  i-Evalue hmmfrom  hmm to    alifrom  ali to    envfrom  env to     acc
 ---   ------ ----- --------- --------- ------- -------    ------- -------    ------- -------    ----
   1 !  218.8   2.9   1.6e-69     6e-66       2     156 .]       9     164 ..       8     164 .. 0.98



Internal pipeline statistics summary:
-------------------------------------
Query model(s):                            1  (156 nodes)
Target sequences:                       3710  (1159305 residues searched)
Passed MSV filter:                       117  (0.0315364); expected 74.2 (0.02)
Passed bias filter:                       85  (0.0229111); expected 74.2 (0.02)
Passed Vit filter:                         4  (0.00107817); expected 3.7 (0.001)
Passed Fwd filter:                         1  (0.000269542); expected 0.0 (1e-05)
Initial search space (Z):               3710  [actual number of targets]
Domain search space  (domZ):               1  [number of targets reported over threshold]
# CPU time: 0.02u 0.00s 00:00:00.02 Elapsed: 00:00:00.01
# Mc/sec: 12360.17
//
Query:       TIGR01028  [M=186]
Accession:   TIGR01028
Description: uS7_euk_arch: ribosomal protein uS7
Scores for complete sequences (score includes all domains):
   --- full sequence ---   --- best 1 domain ---    -#dom-
    E-value  score  bias    E-value  score  bias    exp  N  Sequence Description
    ------- ------ -----    ------- ------ -----   ---- --  -------- -----------

   [No hits detected that satisfy reporting thresholds]


Domain annotation for each sequence:

   [No targets detected that satisfy reporting thresholds]


Internal pipeline statistics summary:
-------------------------------------
Query model(s):                            1  (186 nodes)
Target sequences:                       3710  (1159305 residues searched)
Passed MSV filter:                        52  (0.0140162); expected 74.2 (0.02)
Passed bias filter:                       41  (0.0110512); expected 74.2 (0.02)
Passed Vit filter:                         4  (0.00107817); expected 3.7 (0.001)
Passed Fwd filter:                         1  (0.000269542); expected 0.0 (1e-05)
Initial search space (Z):               3710  [actual number of targets]
Domain search space  (domZ):               0  [number of targets reported over threshold]
# CPU time: 0.02u 0.00s 00:00:00.02 Elapsed: 00:00:00.02
# Mc/sec: 10330.64
//
Query:       TIGR01029  [M=154]
Accession:   TIGR01029
Description: rpsG_bact: ribosomal protein uS7
Scores for complete sequences (score includes all domains):
   --- full sequence ---   --- best 1 domain ---    -#dom-
    E-value  score  bias    E-value  score  bias    exp  N  Sequence              Description
    ------- ------ -----    ------- ------ -----   ---- --  --------              -----------
    4.7e-69  228.9   0.3    5.2e-69  228.8   0.3    1.0  1  CDSOGA010000004.1_242  # 247776 # 248246 # -1 # ID=4_242;partial=00;start_type=ATG;rbs_motif=AGGAG;rbs_spacer=5-10bp;gc_cont=0.580


Domain annotation for each sequence:
>> CDSOGA010000004.1_242  # 247776 # 248246 # -1 # ID=4_242;partial=00;start_type=ATG;rbs_motif=AGGAG;rbs_spacer=5-10bp;gc_cont=0.580
   #    score  bias  c-Evalue  i-Evalue hmmfrom  hmm to    alifrom  ali to    envfrom  env to     acc
 ---   ------ ----- --------- --------- ------- -------    ------- -------    ------- -------    ----
   1 !  228.8   0.3   1.4e-72   5.2e-69       1     154 []       3     156 ..       3     156 .. 1.00



Internal pipeline statistics summary:
-------------------------------------
Query model(s):                            1  (154 nodes)
Target sequences:                       3710  (1159305 residues searched)
Passed MSV filter:                        58  (0.0156334); expected 74.2 (0.02)
Passed bias filter:                       53  (0.0142857); expected 74.2 (0.02)
Passed Vit filter:                         6  (0.00161725); expected 3.7 (0.001)
Passed Fwd filter:                         1  (0.000269542); expected 0.0 (1e-05)
Initial search space (Z):               3710  [actual number of targets]
Domain search space  (domZ):               1  [number of targets reported over threshold]
# CPU time: 0.02u 0.00s 00:00:00.02 Elapsed: 00:00:00.01
# Mc/sec: 9019.49
//
Query:       TIGR01032  [M=114]
Accession:   TIGR01032
Description: rplT_bact: ribosomal protein bL20
Scores for complete sequences (score includes all domains):
   --- full sequence ---   --- best 1 domain ---    -#dom-
    E-value  score  bias    E-value  score  bias    exp  N  Sequence             Description
    ------- ------ -----    ------- ------ -----   ---- --  --------             -----------
    8.5e-48  159.1   5.8      1e-47  158.9   5.8    1.1  1  CDSOGA010000012.1_78  # 69727 # 70128 # 1 # ID=12_78;partial=00;start_type=ATG;rbs_motif=AGGA;rbs_spacer=5-10bp;gc_cont=0.570


Domain annotation for each sequence:
>> CDSOGA010000012.1_78  # 69727 # 70128 # 1 # ID=12_78;partial=00;start_type=ATG;rbs_motif=AGGA;rbs_spacer=5-10bp;gc_cont=0.570
   #    score  bias  c-Evalue  i-Evalue hmmfrom  hmm to    alifrom  ali to    envfrom  env to     acc
 ---   ------ ----- --------- --------- ------- -------    ------- -------    ------- -------    ----
   1 !  158.9   5.8   2.7e-51     1e-47       1     114 []       1     114 [.       1     114 [. 0.99



Internal pipeline statistics summary:
-------------------------------------
Query model(s):                            1  (114 nodes)
Target sequences:                       3710  (1159305 residues searched)
Passed MSV filter:                        74  (0.0199461); expected 74.2 (0.02)
Passed bias filter:                       62  (0.0167116); expected 74.2 (0.02)
Passed Vit filter:                         4  (0.00107817); expected 3.7 (0.001)
Passed Fwd filter:                         1  (0.000269542); expected 0.0 (1e-05)
Initial search space (Z):               3710  [actual number of targets]
Domain search space  (domZ):               1  [number of targets reported over threshold]
# CPU time: 0.01u 0.00s 00:00:00.01 Elapsed: 00:00:00.02
# Mc/sec: 5327.99
//
Query:       TIGR01039  [M=462]
Accession:   TIGR01039
Description: atpD: ATP synthase F1, beta subunit
Scores for complete sequences (score includes all domains):
   --- full sequence ---   --- best 1 domain ---    -#dom-
    E-value  score  bias    E-value  score  bias    exp  N  Sequence              Description
    ------- ------ -----    ------- ------ -----   ---- --  --------              -----------
     6e-242  801.0   5.4   6.9e-242  800.8   5.4    1.0  1  CDSOGA010000002.1_312  # 302203 # 303642 # 1 # ID=2_312;partial=00;start_type=ATG;rbs_motif=AGGA;rbs_spacer=5-10bp;gc_cont=0.605
   9.2e-183  605.9   0.0   1.1e-182  605.7   0.0    1.0  1  CDSOGA010000004.1_26   # 22401 # 23846 # -1 # ID=4_26;partial=00;start_type=TTG;rbs_motif=GGA/GAG/AGG;rbs_spacer=5-10bp;gc_cont=0.603


Domain annotation for each sequence:
>> CDSOGA010000002.1_312  # 302203 # 303642 # 1 # ID=2_312;partial=00;start_type=ATG;rbs_motif=AGGA;rbs_spacer=5-10bp;gc_cont=0.605
   #    score  bias  c-Evalue  i-Evalue hmmfrom  hmm to    alifrom  ali to    envfrom  env to     acc
 ---   ------ ----- --------- --------- ------- -------    ------- -------    ------- -------    ----
   1 !  800.8   5.4  3.7e-245  6.9e-242       2     462 .]       6     474 ..       5     474 .. 0.99

>> CDSOGA010000004.1_26  # 22401 # 23846 # -1 # ID=4_26;partial=00;start_type=TTG;rbs_motif=GGA/GAG/AGG;rbs_spacer=5-10bp;gc_cont=0.603
   #    score  bias  c-Evalue  i-Evalue hmmfrom  hmm to    alifrom  ali to    envfrom  env to     acc
 ---   ------ ----- --------- --------- ------- -------    ------- -------    ------- -------    ----
   1 !  605.7   0.0  5.7e-186  1.1e-182       2     459 ..      15     468 ..      14     471 .. 0.99



Internal pipeline statistics summary:
-------------------------------------
Query model(s):                            1  (462 nodes)
Target sequences:                       3710  (1159305 residues searched)
Passed MSV filter:                       140  (0.0377358); expected 74.2 (0.02)
Passed bias filter:                      109  (0.0293801); expected 74.2 (0.02)
Passed Vit filter:                        15  (0.00404313); expected 3.7 (0.001)
Passed Fwd filter:                         6  (0.00161725); expected 0.0 (1e-05)
Initial search space (Z):               3710  [actual number of targets]
Domain search space  (domZ):               2  [number of targets reported over threshold]
# CPU time: 0.06u 0.01s 00:00:00.06 Elapsed: 00:00:00.07
# Mc/sec: 7608.29
//
Query:       TIGR01044  [M=103]
Accession:   TIGR01044
Description: rplV_bact: ribosomal protein uL22
Scores for complete sequences (score includes all domains):
   --- full sequence ---   --- best 1 domain ---    -#dom-
    E-value  score  bias    E-value  score  bias    exp  N  Sequence              Description
    ------- ------ -----    ------- ------ -----   ---- --  --------              -----------
    5.1e-35  117.5   1.0    6.1e-35  117.3   1.0    1.0  1  CDSOGA010000004.1_233  # 240834 # 241214 # -1 # ID=4_233;partial=00;start_type=ATG;rbs_motif=GGAG/GAGG;rbs_spacer=5-10bp;gc_cont=0.562


Domain annotation for each sequence:
>> CDSOGA010000004.1_233  # 240834 # 241214 # -1 # ID=4_233;partial=00;start_type=ATG;rbs_motif=GGAG/GAGG;rbs_spacer=5-10bp;gc_cont=0.562
   #    score  bias  c-Evalue  i-Evalue hmmfrom  hmm to    alifrom  ali to    envfrom  env to     acc
 ---   ------ ----- --------- --------- ------- -------    ------- -------    ------- -------    ----
   1 !  117.3   1.0   1.7e-38   6.1e-35       1     103 []      17     119 ..      17     119 .. 0.99



Internal pipeline statistics summary:
-------------------------------------
Query model(s):                            1  (103 nodes)
Target sequences:                       3710  (1159305 residues searched)
Passed MSV filter:                        99  (0.0266846); expected 74.2 (0.02)
Passed bias filter:                       63  (0.0169811); expected 74.2 (0.02)
Passed Vit filter:                         4  (0.00107817); expected 3.7 (0.001)
Passed Fwd filter:                         1  (0.000269542); expected 0.0 (1e-05)
Initial search space (Z):               3710  [actual number of targets]
Domain search space  (domZ):               1  [number of targets reported over threshold]
# CPU time: 0.02u 0.00s 00:00:00.02 Elapsed: 00:00:00.01
# Mc/sec: 7181.19
//
Query:       TIGR01046  [M=99]
Accession:   TIGR01046
Description: uS10_euk_arch: ribosomal protein uS10
Scores for complete sequences (score includes all domains):
   --- full sequence ---   --- best 1 domain ---    -#dom-
    E-value  score  bias    E-value  score  bias    exp  N  Sequence Description
    ------- ------ -----    ------- ------ -----   ---- --  -------- -----------

   [No hits detected that satisfy reporting thresholds]


Domain annotation for each sequence:

   [No targets detected that satisfy reporting thresholds]


Internal pipeline statistics summary:
-------------------------------------
Query model(s):                            1  (99 nodes)
Target sequences:                       3710  (1159305 residues searched)
Passed MSV filter:                        61  (0.016442); expected 74.2 (0.02)
Passed bias filter:                       55  (0.0148248); expected 74.2 (0.02)
Passed Vit filter:                         2  (0.000539084); expected 3.7 (0.001)
Passed Fwd filter:                         1  (0.000269542); expected 0.0 (1e-05)
Initial search space (Z):               3710  [actual number of targets]
Domain search space  (domZ):               0  [number of targets reported over threshold]
# CPU time: 0.02u 0.00s 00:00:00.02 Elapsed: 00:00:00.01
# Mc/sec: 7007.00
//
Query:       TIGR01052  [M=488]
Accession:   TIGR01052
Description: top6b: DNA topoisomerase VI, B subunit
Scores for complete sequences (score includes all domains):
   --- full sequence ---   --- best 1 domain ---    -#dom-
    E-value  score  bias    E-value  score  bias    exp  N  Sequence Description
    ------- ------ -----    ------- ------ -----   ---- --  -------- -----------

   [No hits detected that satisfy reporting thresholds]


Domain annotation for each sequence:

   [No targets detected that satisfy reporting thresholds]


Internal pipeline statistics summary:
-------------------------------------
Query model(s):                            1  (488 nodes)
Target sequences:                       3710  (1159305 residues searched)
Passed MSV filter:                        83  (0.022372); expected 74.2 (0.02)
Passed bias filter:                       74  (0.0199461); expected 74.2 (0.02)
Passed Vit filter:                        20  (0.00539084); expected 3.7 (0.001)
Passed Fwd filter:                         8  (0.00215633); expected 0.0 (1e-05)
Initial search space (Z):               3710  [actual number of targets]
Domain search space  (domZ):               0  [number of targets reported over threshold]
# CPU time: 0.06u 0.00s 00:00:00.06 Elapsed: 00:00:00.07
# Mc/sec: 7671.42
//
Query:       TIGR01059  [M=639]
Accession:   TIGR01059
Description: gyrB: DNA gyrase, B subunit
Scores for complete sequences (score includes all domains):
   --- full sequence ---   --- best 1 domain ---    -#dom-
    E-value  score  bias    E-value  score  bias    exp  N  Sequence            Description
    ------- ------ -----    ------- ------ -----   ---- --  --------            -----------
   4.4e-295  977.9   0.0   5.1e-295  977.7   0.0    1.0  1  CDSOGA010000012.1_2  # 495 # 2972 # 1 # ID=12_2;partial=00;start_type=ATG;rbs_motif=AGGAG;rbs_spacer=5-10bp;gc_cont=0.620


Domain annotation for each sequence:
>> CDSOGA010000012.1_2  # 495 # 2972 # 1 # ID=12_2;partial=00;start_type=ATG;rbs_motif=AGGAG;rbs_spacer=5-10bp;gc_cont=0.620
   #    score  bias  c-Evalue  i-Evalue hmmfrom  hmm to    alifrom  ali to    envfrom  env to     acc
 ---   ------ ----- --------- --------- ------- -------    ------- -------    ------- -------    ----
   1 !  977.7   0.0  1.4e-298  5.1e-295       1     639 []      19     825 ..      19     825 .. 0.92



Internal pipeline statistics summary:
-------------------------------------
Query model(s):                            1  (639 nodes)
Target sequences:                       3710  (1159305 residues searched)
Passed MSV filter:                        93  (0.0250674); expected 74.2 (0.02)
Passed bias filter:                       81  (0.0218329); expected 74.2 (0.02)
Passed Vit filter:                        10  (0.00269542); expected 3.7 (0.001)
Passed Fwd filter:                         3  (0.000808625); expected 0.0 (1e-05)
Initial search space (Z):               3710  [actual number of targets]
Domain search space  (domZ):               1  [number of targets reported over threshold]
# CPU time: 0.06u 0.00s 00:00:00.06 Elapsed: 00:00:00.08
# Mc/sec: 8587.61
//
Query:       TIGR01063  [M=800]
Accession:   TIGR01063
Description: gyrA: DNA gyrase, A subunit
Scores for complete sequences (score includes all domains):
   --- full sequence ---   --- best 1 domain ---    -#dom-
    E-value  score  bias    E-value  score  bias    exp  N  Sequence             Description
    ------- ------ -----    ------- ------ -----   ---- --  --------             -----------
          0 1140.8   4.3          0 1140.6   4.3    1.0  1  CDSOGA010000009.1_81  # 90590 # 93415 # 1 # ID=9_81;partial=00;start_type=GTG;rbs_motif=None;rbs_spacer=None;gc_cont=0.610


Domain annotation for each sequence:
>> CDSOGA010000009.1_81  # 90590 # 93415 # 1 # ID=9_81;partial=00;start_type=GTG;rbs_motif=None;rbs_spacer=None;gc_cont=0.610
   #    score  bias  c-Evalue  i-Evalue hmmfrom  hmm to    alifrom  ali to    envfrom  env to     acc
 ---   ------ ----- --------- --------- ------- -------    ------- -------    ------- -------    ----
   1 ! 1140.6   4.3         0         0       2     799 ..      18     897 ..      17     898 .. 0.99



Internal pipeline statistics summary:
-------------------------------------
Query model(s):                            1  (800 nodes)
Target sequences:                       3710  (1159305 residues searched)
Passed MSV filter:                        75  (0.0202156); expected 74.2 (0.02)
Passed bias filter:                       64  (0.0172507); expected 74.2 (0.02)
Passed Vit filter:                         8  (0.00215633); expected 3.7 (0.001)
Passed Fwd filter:                         2  (0.000539084); expected 0.0 (1e-05)
Initial search space (Z):               3710  [actual number of targets]
Domain search space  (domZ):               1  [number of targets reported over threshold]
# CPU time: 0.09u 0.01s 00:00:00.10 Elapsed: 00:00:00.10
# Mc/sec: 9057.29
//
Query:       TIGR01066  [M=141]
Accession:   TIGR01066
Description: rplM_bact: ribosomal protein uL13
Scores for complete sequences (score includes all domains):
   --- full sequence ---   --- best 1 domain ---    -#dom-
    E-value  score  bias    E-value  score  bias    exp  N  Sequence             Description
    ------- ------ -----    ------- ------ -----   ---- --  --------             -----------
    3.3e-57  190.0   0.0    4.2e-57  189.6   0.0    1.0  1  CDSOGA010000006.1_82  # 80427 # 80891 # -1 # ID=6_82;partial=00;start_type=ATG;rbs_motif=GGA/GAG/AGG;rbs_spacer=5-10bp;gc_cont=0.596


Domain annotation for each sequence:
>> CDSOGA010000006.1_82  # 80427 # 80891 # -1 # ID=6_82;partial=00;start_type=ATG;rbs_motif=GGA/GAG/AGG;rbs_spacer=5-10bp;gc_cont=0.596
   #    score  bias  c-Evalue  i-Evalue hmmfrom  hmm to    alifrom  ali to    envfrom  env to     acc
 ---   ------ ----- --------- --------- ------- -------    ------- -------    ------- -------    ----
   1 !  189.6   0.0   1.1e-60   4.2e-57       2     140 ..       4     142 ..       3     143 .. 0.97



Internal pipeline statistics summary:
-------------------------------------
Query model(s):                            1  (141 nodes)
Target sequences:                       3710  (1159305 residues searched)
Passed MSV filter:                        64  (0.0172507); expected 74.2 (0.02)
Passed bias filter:                       63  (0.0169811); expected 74.2 (0.02)
Passed Vit filter:                         5  (0.00134771); expected 3.7 (0.001)
Passed Fwd filter:                         1  (0.000269542); expected 0.0 (1e-05)
Initial search space (Z):               3710  [actual number of targets]
Domain search space  (domZ):               1  [number of targets reported over threshold]
# CPU time: 0.02u 0.00s 00:00:00.02 Elapsed: 00:00:00.02
# Mc/sec: 6778.31
//
Query:       TIGR01071  [M=144]
Accession:   TIGR01071
Description: rplO_bact: ribosomal protein uL15
Scores for complete sequences (score includes all domains):
   --- full sequence ---   --- best 1 domain ---    -#dom-
    E-value  score  bias    E-value  score  bias    exp  N  Sequence              Description
    ------- ------ -----    ------- ------ -----   ---- --  --------              -----------
    1.2e-42  142.8   2.2    1.4e-42  142.6   2.2    1.0  1  CDSOGA010000004.1_219  # 234933 # 235433 # -1 # ID=4_219;partial=00;start_type=ATG;rbs_motif=AGxAGG/AGGxGG;rbs_spacer=5-10bp;gc_cont=0.601


Domain annotation for each sequence:
>> CDSOGA010000004.1_219  # 234933 # 235433 # -1 # ID=4_219;partial=00;start_type=ATG;rbs_motif=AGxAGG/AGGxGG;rbs_spacer=5-10bp;gc_cont=0.601
   #    score  bias  c-Evalue  i-Evalue hmmfrom  hmm to    alifrom  ali to    envfrom  env to     acc
 ---   ------ ----- --------- --------- ------- -------    ------- -------    ------- -------    ----
   1 !  142.6   2.2   3.8e-46   1.4e-42       1     143 [.       3     150 ..       3     151 .. 0.96



Internal pipeline statistics summary:
-------------------------------------
Query model(s):                            1  (144 nodes)
Target sequences:                       3710  (1159305 residues searched)
Passed MSV filter:                        47  (0.0126685); expected 74.2 (0.02)
Passed bias filter:                       41  (0.0110512); expected 74.2 (0.02)
Passed Vit filter:                         4  (0.00107817); expected 3.7 (0.001)
Passed Fwd filter:                         1  (0.000269542); expected 0.0 (1e-05)
Initial search space (Z):               3710  [actual number of targets]
Domain search space  (domZ):               1  [number of targets reported over threshold]
# CPU time: 0.01u 0.00s 00:00:00.01 Elapsed: 00:00:00.02
# Mc/sec: 5748.49
//
Query:       TIGR01079  [M=104]
Accession:   TIGR01079
Description: rplX_bact: ribosomal protein uL24
Scores for complete sequences (score includes all domains):
   --- full sequence ---   --- best 1 domain ---    -#dom-
    E-value  score  bias    E-value  score  bias    exp  N  Sequence              Description
    ------- ------ -----    ------- ------ -----   ---- --  --------              -----------
    9.5e-34  113.7   2.8    1.1e-33  113.5   2.8    1.0  1  CDSOGA010000004.1_227  # 238458 # 238769 # -1 # ID=4_227;partial=00;start_type=ATG;rbs_motif=GGAG/GAGG;rbs_spacer=5-10bp;gc_cont=0.554


Domain annotation for each sequence:
>> CDSOGA010000004.1_227  # 238458 # 238769 # -1 # ID=4_227;partial=00;start_type=ATG;rbs_motif=GGAG/GAGG;rbs_spacer=5-10bp;gc_cont=0.554
   #    score  bias  c-Evalue  i-Evalue hmmfrom  hmm to    alifrom  ali to    envfrom  env to     acc
 ---   ------ ----- --------- --------- ------- -------    ------- -------    ------- -------    ----
   1 !  113.5   2.8   2.9e-37   1.1e-33       2     104 .]       3     101 ..       2     101 .. 0.95



Internal pipeline statistics summary:
-------------------------------------
Query model(s):                            1  (104 nodes)
Target sequences:                       3710  (1159305 residues searched)
Passed MSV filter:                        49  (0.0132075); expected 74.2 (0.02)
Passed bias filter:                       46  (0.0123989); expected 74.2 (0.02)
Passed Vit filter:                         5  (0.00134771); expected 3.7 (0.001)
Passed Fwd filter:                         1  (0.000269542); expected 0.0 (1e-05)
Initial search space (Z):               3710  [actual number of targets]
Domain search space  (domZ):               1  [number of targets reported over threshold]
# CPU time: 0.02u 0.00s 00:00:00.02 Elapsed: 00:00:00.02
# Mc/sec: 4704.52
//
Query:       TIGR01082  [M=449]
Accession:   TIGR01082
Description: murC: UDP-N-acetylmuramate--L-alanine ligase
Scores for complete sequences (score includes all domains):
   --- full sequence ---   --- best 1 domain ---    -#dom-
    E-value  score  bias    E-value  score  bias    exp  N  Sequence              Description
    ------- ------ -----    ------- ------ -----   ---- --  --------              -----------
   4.7e-159  527.9   0.0   5.3e-159  527.7   0.0    1.0  1  CDSOGA010000003.1_232  # 229666 # 231084 # -1 # ID=3_232;partial=00;start_type=ATG;rbs_motif=GGA/GAG/AGG;rbs_spacer=5-10bp;gc_cont=0.623


Domain annotation for each sequence:
>> CDSOGA010000003.1_232  # 229666 # 231084 # -1 # ID=3_232;partial=00;start_type=ATG;rbs_motif=GGA/GAG/AGG;rbs_spacer=5-10bp;gc_cont=0.623
   #    score  bias  c-Evalue  i-Evalue hmmfrom  hmm to    alifrom  ali to    envfrom  env to     acc
 ---   ------ ----- --------- --------- ------- -------    ------- -------    ------- -------    ----
   1 !  527.7   0.0  1.4e-162  5.3e-159       2     447 ..      10     458 ..       9     460 .. 0.98



Internal pipeline statistics summary:
-------------------------------------
Query model(s):                            1  (449 nodes)
Target sequences:                       3710  (1159305 residues searched)
Passed MSV filter:                       151  (0.0407008); expected 74.2 (0.02)
Passed bias filter:                      129  (0.0347709); expected 74.2 (0.02)
Passed Vit filter:                        21  (0.00566038); expected 3.7 (0.001)
Passed Fwd filter:                         6  (0.00161725); expected 0.0 (1e-05)
Initial search space (Z):               3710  [actual number of targets]
Domain search space  (domZ):               1  [number of targets reported over threshold]
# CPU time: 0.07u 0.01s 00:00:00.08 Elapsed: 00:00:00.08
# Mc/sec: 6309.69
//
Query:       TIGR01087  [M=441]
Accession:   TIGR01087
Description: murD: UDP-N-acetylmuramoylalanine--D-glutamate ligase
Scores for complete sequences (score includes all domains):
   --- full sequence ---   --- best 1 domain ---    -#dom-
    E-value  score  bias    E-value  score  bias    exp  N  Sequence              Description
    ------- ------ -----    ------- ------ -----   ---- --  --------              -----------
    1.2e-79  266.2   0.0    1.5e-79  265.8   0.0    1.1  1  CDSOGA010000005.1_155  # 150855 # 152156 # 1 # ID=5_155;partial=00;start_type=ATG;rbs_motif=GGA/GAG/AGG;rbs_spacer=5-10bp;gc_cont=0.644


Domain annotation for each sequence:
>> CDSOGA010000005.1_155  # 150855 # 152156 # 1 # ID=5_155;partial=00;start_type=ATG;rbs_motif=GGA/GAG/AGG;rbs_spacer=5-10bp;gc_cont=0.644
   #    score  bias  c-Evalue  i-Evalue hmmfrom  hmm to    alifrom  ali to    envfrom  env to     acc
 ---   ------ ----- --------- --------- ------- -------    ------- -------    ------- -------    ----
   1 !  265.8   0.0   4.1e-83   1.5e-79       2     440 ..       7     425 ..       6     426 .. 0.89



Internal pipeline statistics summary:
-------------------------------------
Query model(s):                            1  (441 nodes)
Target sequences:                       3710  (1159305 residues searched)
Passed MSV filter:                       172  (0.0463612); expected 74.2 (0.02)
Passed bias filter:                      146  (0.0393531); expected 74.2 (0.02)
Passed Vit filter:                        36  (0.0097035); expected 3.7 (0.001)
Passed Fwd filter:                         6  (0.00161725); expected 0.0 (1e-05)
Initial search space (Z):               3710  [actual number of targets]
Domain search space  (domZ):               1  [number of targets reported over threshold]
# CPU time: 0.08u 0.00s 00:00:00.08 Elapsed: 00:00:00.09
# Mc/sec: 5606.48
//
Query:       TIGR01128  [M=314]
Accession:   TIGR01128
Description: holA: DNA polymerase III, delta subunit
Scores for complete sequences (score includes all domains):
   --- full sequence ---   --- best 1 domain ---    -#dom-
    E-value  score  bias    E-value  score  bias    exp  N  Sequence              Description
    ------- ------ -----    ------- ------ -----   ---- --  --------              -----------
    5.1e-35  118.9   0.0    5.9e-35  118.7   0.0    1.0  1  CDSOGA010000002.1_183  # 172547 # 173569 # -1 # ID=2_183;partial=00;start_type=ATG;rbs_motif=GGA/GAG/AGG;rbs_spacer=11-12bp;gc_cont=0.621


Domain annotation for each sequence:
>> CDSOGA010000002.1_183  # 172547 # 173569 # -1 # ID=2_183;partial=00;start_type=ATG;rbs_motif=GGA/GAG/AGG;rbs_spacer=11-12bp;gc_cont=0.621
   #    score  bias  c-Evalue  i-Evalue hmmfrom  hmm to    alifrom  ali to    envfrom  env to     acc
 ---   ------ ----- --------- --------- ------- -------    ------- -------    ------- -------    ----
   1 !  118.7   0.0   1.6e-38   5.9e-35       4     314 .]      22     334 ..      20     334 .. 0.94



Internal pipeline statistics summary:
-------------------------------------
Query model(s):                            1  (314 nodes)
Target sequences:                       3710  (1159305 residues searched)
Passed MSV filter:                       104  (0.0280323); expected 74.2 (0.02)
Passed bias filter:                       87  (0.0234501); expected 74.2 (0.02)
Passed Vit filter:                         6  (0.00161725); expected 3.7 (0.001)
Passed Fwd filter:                         2  (0.000539084); expected 0.0 (1e-05)
Initial search space (Z):               3710  [actual number of targets]
Domain search space  (domZ):               1  [number of targets reported over threshold]
# CPU time: 0.03u 0.00s 00:00:00.03 Elapsed: 00:00:00.03
# Mc/sec: 11333.53
//
Query:       TIGR01146  [M=286]
Accession:   TIGR01146
Description: ATPsyn_F1gamma: ATP synthase F1, gamma subunit
Scores for complete sequences (score includes all domains):
   --- full sequence ---   --- best 1 domain ---    -#dom-
    E-value  score  bias    E-value  score  bias    exp  N  Sequence              Description
    ------- ------ -----    ------- ------ -----   ---- --  --------              -----------
    2.1e-96  320.7   1.9    2.4e-96  320.6   1.9    1.0  1  CDSOGA010000002.1_311  # 301293 # 302177 # 1 # ID=2_311;partial=00;start_type=ATG;rbs_motif=AGGA/GGAG/GAGG;rbs_spacer=11-12bp;gc_cont=0.595
      4e-29  100.0   0.0      5e-29   99.7   0.0    1.1  1  CDSOGA010000004.1_18   # 17171 # 18043 # -1 # ID=4_18;partial=00;start_type=ATG;rbs_motif=None;rbs_spacer=None;gc_cont=0.585


Domain annotation for each sequence:
>> CDSOGA010000002.1_311  # 301293 # 302177 # 1 # ID=2_311;partial=00;start_type=ATG;rbs_motif=AGGA/GGAG/GAGG;rbs_spacer=11-12bp;gc_cont=0.595
   #    score  bias  c-Evalue  i-Evalue hmmfrom  hmm to    alifrom  ali to    envfrom  env to     acc
 ---   ------ ----- --------- --------- ------- -------    ------- -------    ------- -------    ----
   1 !  320.6   1.9   1.3e-99   2.4e-96       1     286 []       1     294 [.       1     294 [. 0.94

>> CDSOGA010000004.1_18  # 17171 # 18043 # -1 # ID=4_18;partial=00;start_type=ATG;rbs_motif=None;rbs_spacer=None;gc_cont=0.585
   #    score  bias  c-Evalue  i-Evalue hmmfrom  hmm to    alifrom  ali to    envfrom  env to     acc
 ---   ------ ----- --------- --------- ------- -------    ------- -------    ------- -------    ----
   1 !   99.7   0.0   2.7e-32     5e-29       3     286 .]       4     287 ..       2     287 .. 0.86



Internal pipeline statistics summary:
-------------------------------------
Query model(s):                            1  (286 nodes)
Target sequences:                       3710  (1159305 residues searched)
Passed MSV filter:                        93  (0.0250674); expected 74.2 (0.02)
Passed bias filter:                       65  (0.0175202); expected 74.2 (0.02)
Passed Vit filter:                         6  (0.00161725); expected 3.7 (0.001)
Passed Fwd filter:                         2  (0.000539084); expected 0.0 (1e-05)
Initial search space (Z):               3710  [actual number of targets]
Domain search space  (domZ):               2  [number of targets reported over threshold]
# CPU time: 0.03u 0.00s 00:00:00.03 Elapsed: 00:00:00.04
# Mc/sec: 7323.86
//
Query:       TIGR01164  [M=126]
Accession:   TIGR01164
Description: rplP_bact: ribosomal protein uL16
Scores for complete sequences (score includes all domains):
   --- full sequence ---   --- best 1 domain ---    -#dom-
    E-value  score  bias    E-value  score  bias    exp  N  Sequence              Description
    ------- ------ -----    ------- ------ -----   ---- --  --------              -----------
    1.1e-58  194.5   1.9    1.3e-58  194.3   1.9    1.0  1  CDSOGA010000004.1_231  # 239668 # 240081 # -1 # ID=4_231;partial=00;start_type=ATG;rbs_motif=AGxAGG/AGGxGG;rbs_spacer=5-10bp;gc_cont=0.587


Domain annotation for each sequence:
>> CDSOGA010000004.1_231  # 239668 # 240081 # -1 # ID=4_231;partial=00;start_type=ATG;rbs_motif=AGxAGG/AGGxGG;rbs_spacer=5-10bp;gc_cont=0.587
   #    score  bias  c-Evalue  i-Evalue hmmfrom  hmm to    alifrom  ali to    envfrom  env to     acc
 ---   ------ ----- --------- --------- ------- -------    ------- -------    ------- -------    ----
   1 !  194.3   1.9   3.5e-62   1.3e-58       1     126 []       2     127 ..       2     127 .. 0.99



Internal pipeline statistics summary:
-------------------------------------
Query model(s):                            1  (126 nodes)
Target sequences:                       3710  (1159305 residues searched)
Passed MSV filter:                        82  (0.0221024); expected 74.2 (0.02)
Passed bias filter:                       72  (0.019407); expected 74.2 (0.02)
Passed Vit filter:                         9  (0.00242588); expected 3.7 (0.001)
Passed Fwd filter:                         1  (0.000269542); expected 0.0 (1e-05)
Initial search space (Z):               3710  [actual number of targets]
Domain search space  (domZ):               1  [number of targets reported over threshold]
# CPU time: 0.01u 0.00s 00:00:00.01 Elapsed: 00:00:00.03
# Mc/sec: 4433.63
//
Query:       TIGR01169  [M=227]
Accession:   TIGR01169
Description: rplA_bact: ribosomal protein uL1
Scores for complete sequences (score includes all domains):
   --- full sequence ---   --- best 1 domain ---    -#dom-
    E-value  score  bias    E-value  score  bias    exp  N  Sequence              Description
    ------- ------ -----    ------- ------ -----   ---- --  --------              -----------
   6.2e-102  337.5   2.6   6.8e-102  337.3   2.6    1.0  1  CDSOGA010000004.1_249  # 259809 # 260495 # -1 # ID=4_249;partial=00;start_type=ATG;rbs_motif=GGAG/GAGG;rbs_spacer=5-10bp;gc_cont=0.598


Domain annotation for each sequence:
>> CDSOGA010000004.1_249  # 259809 # 260495 # -1 # ID=4_249;partial=00;start_type=ATG;rbs_motif=GGAG/GAGG;rbs_spacer=5-10bp;gc_cont=0.598
   #    score  bias  c-Evalue  i-Evalue hmmfrom  hmm to    alifrom  ali to    envfrom  env to     acc
 ---   ------ ----- --------- --------- ------- -------    ------- -------    ------- -------    ----
   1 !  337.3   2.6  1.8e-105  6.8e-102       3     224 ..       3     224 ..       1     227 [. 0.99



Internal pipeline statistics summary:
-------------------------------------
Query model(s):                            1  (227 nodes)
Target sequences:                       3710  (1159305 residues searched)
Passed MSV filter:                        99  (0.0266846); expected 74.2 (0.02)
Passed bias filter:                       85  (0.0229111); expected 74.2 (0.02)
Passed Vit filter:                        13  (0.00350404); expected 3.7 (0.001)
Passed Fwd filter:                         1  (0.000269542); expected 0.0 (1e-05)
Initial search space (Z):               3710  [actual number of targets]
Domain search space  (domZ):               1  [number of targets reported over threshold]
# CPU time: 0.03u 0.00s 00:00:00.03 Elapsed: 00:00:00.03
# Mc/sec: 8633.64
//
Query:       TIGR01171  [M=275]
Accession:   TIGR01171
Description: rplB_bact: ribosomal protein uL2
Scores for complete sequences (score includes all domains):
   --- full sequence ---   --- best 1 domain ---    -#dom-
    E-value  score  bias    E-value  score  bias    exp  N  Sequence              Description
    ------- ------ -----    ------- ------ -----   ---- --  --------              -----------
   1.3e-120  399.6   6.4   1.6e-120  399.3   6.4    1.0  1  CDSOGA010000004.1_235  # 241498 # 242337 # -1 # ID=4_235;partial=00;start_type=ATG;rbs_motif=GGA/GAG/AGG;rbs_spacer=5-10bp;gc_cont=0.585


Domain annotation for each sequence:
>> CDSOGA010000004.1_235  # 241498 # 242337 # -1 # ID=4_235;partial=00;start_type=ATG;rbs_motif=GGA/GAG/AGG;rbs_spacer=5-10bp;gc_cont=0.585
   #    score  bias  c-Evalue  i-Evalue hmmfrom  hmm to    alifrom  ali to    envfrom  env to     acc
 ---   ------ ----- --------- --------- ------- -------    ------- -------    ------- -------    ----
   1 !  399.3   6.4  4.2e-124  1.6e-120       1     274 [.       3     274 ..       3     275 .. 0.98



Internal pipeline statistics summary:
-------------------------------------
Query model(s):                            1  (275 nodes)
Target sequences:                       3710  (1159305 residues searched)
Passed MSV filter:                        62  (0.0167116); expected 74.2 (0.02)
Passed bias filter:                       52  (0.0140162); expected 74.2 (0.02)
Passed Vit filter:                         6  (0.00161725); expected 3.7 (0.001)
Passed Fwd filter:                         1  (0.000269542); expected 0.0 (1e-05)
Initial search space (Z):               3710  [actual number of targets]
Domain search space  (domZ):               1  [number of targets reported over threshold]
# CPU time: 0.03u 0.00s 00:00:00.03 Elapsed: 00:00:00.02
# Mc/sec: 12952.08
//
Query:       TIGR01213  [M=387]
Accession:   TIGR01213
Description: pseudo_Pus10arc: tRNA pseudouridine(54/55) synthase
Scores for complete sequences (score includes all domains):
   --- full sequence ---   --- best 1 domain ---    -#dom-
    E-value  score  bias    E-value  score  bias    exp  N  Sequence Description
    ------- ------ -----    ------- ------ -----   ---- --  -------- -----------

   [No hits detected that satisfy reporting thresholds]


Domain annotation for each sequence:

   [No targets detected that satisfy reporting thresholds]


Internal pipeline statistics summary:
-------------------------------------
Query model(s):                            1  (387 nodes)
Target sequences:                       3710  (1159305 residues searched)
Passed MSV filter:                        92  (0.0247978); expected 74.2 (0.02)
Passed bias filter:                       74  (0.0199461); expected 74.2 (0.02)
Passed Vit filter:                         4  (0.00107817); expected 3.7 (0.001)
Passed Fwd filter:                         0  (0); expected 0.0 (1e-05)
Initial search space (Z):               3710  [actual number of targets]
Domain search space  (domZ):               0  [number of targets reported over threshold]
# CPU time: 0.02u 0.00s 00:00:00.02 Elapsed: 00:00:00.04
# Mc/sec: 10778.87
//
Query:       TIGR01302  [M=450]
Accession:   TIGR01302
Description: IMP_dehydrog: inosine-5'-monophosphate dehydrogenase
Scores for complete sequences (score includes all domains):
   --- full sequence ---   --- best 1 domain ---    -#dom-
    E-value  score  bias    E-value  score  bias    exp  N  Sequence              Description
    ------- ------ -----    ------- ------ -----   ---- --  --------              -----------
   1.2e-187  622.0  10.5   1.3e-187  621.8  10.5    1.0  1  CDSOGA010000006.1_244  # 244437 # 245939 # -1 # ID=6_244;partial=00;start_type=TTG;rbs_motif=GGA/GAG/AGG;rbs_spacer=5-10bp;gc_cont=0.632


Domain annotation for each sequence:
>> CDSOGA010000006.1_244  # 244437 # 245939 # -1 # ID=6_244;partial=00;start_type=TTG;rbs_motif=GGA/GAG/AGG;rbs_spacer=5-10bp;gc_cont=0.632
   #    score  bias  c-Evalue  i-Evalue hmmfrom  hmm to    alifrom  ali to    envfrom  env to     acc
 ---   ------ ----- --------- --------- ------- -------    ------- -------    ------- -------    ----
   1 !  621.8  10.5  3.6e-191  1.3e-187       1     449 [.      13     466 ..      13     467 .. 0.99



Internal pipeline statistics summary:
-------------------------------------
Query model(s):                            1  (450 nodes)
Target sequences:                       3710  (1159305 residues searched)
Passed MSV filter:                       192  (0.051752); expected 74.2 (0.02)
Passed bias filter:                      134  (0.0361186); expected 74.2 (0.02)
Passed Vit filter:                        25  (0.00673854); expected 3.7 (0.001)
Passed Fwd filter:                         9  (0.00242588); expected 0.0 (1e-05)
Initial search space (Z):               3710  [actual number of targets]
Domain search space  (domZ):               1  [number of targets reported over threshold]
# CPU time: 0.07u 0.00s 00:00:00.07 Elapsed: 00:00:00.06
# Mc/sec: 7927.46
//
Query:       TIGR01391  [M=414]
Accession:   TIGR01391
Description: dnaG: DNA primase
Scores for complete sequences (score includes all domains):
   --- full sequence ---   --- best 1 domain ---    -#dom-
    E-value  score  bias    E-value  score  bias    exp  N  Sequence             Description
    ------- ------ -----    ------- ------ -----   ---- --  --------             -----------
   1.1e-124  414.1   0.0   1.5e-124  413.7   0.0    1.1  1  CDSOGA010000005.1_83  # 80704 # 82638 # -1 # ID=5_83;partial=00;start_type=ATG;rbs_motif=None;rbs_spacer=None;gc_cont=0.618


Domain annotation for each sequence:
>> CDSOGA010000005.1_83  # 80704 # 82638 # -1 # ID=5_83;partial=00;start_type=ATG;rbs_motif=None;rbs_spacer=None;gc_cont=0.618
   #    score  bias  c-Evalue  i-Evalue hmmfrom  hmm to    alifrom  ali to    envfrom  env to     acc
 ---   ------ ----- --------- --------- ------- -------    ------- -------    ------- -------    ----
   1 !  413.7   0.0    4e-128  1.5e-124       2     413 ..       3     421 ..       2     422 .. 0.96



Internal pipeline statistics summary:
-------------------------------------
Query model(s):                            1  (414 nodes)
Target sequences:                       3710  (1159305 residues searched)
Passed MSV filter:                        72  (0.019407); expected 74.2 (0.02)
Passed bias filter:                       68  (0.0183288); expected 74.2 (0.02)
Passed Vit filter:                         4  (0.00107817); expected 3.7 (0.001)
Passed Fwd filter:                         1  (0.000269542); expected 0.0 (1e-05)
Initial search space (Z):               3710  [actual number of targets]
Domain search space  (domZ):               1  [number of targets reported over threshold]
# CPU time: 0.04u 0.00s 00:00:00.04 Elapsed: 00:00:00.04
# Mc/sec: 9877.96
//
Query:       TIGR01393  [M=595]
Accession:   TIGR01393
Description: lepA: elongation factor 4
Scores for complete sequences (score includes all domains):
   --- full sequence ---   --- best 1 domain ---    -#dom-
    E-value  score  bias    E-value  score  bias    exp  N  Sequence             Description
    ------- ------ -----    ------- ------ -----   ---- --  --------             -----------
   4.9e-290  960.7   0.0   5.6e-290  960.5   0.0    1.0  1  CDSOGA010000011.1_36  # 30617 # 32422 # 1 # ID=11_36;partial=00;start_type=ATG;rbs_motif=None;rbs_spacer=None;gc_cont=0.606


Domain annotation for each sequence:
>> CDSOGA010000011.1_36  # 30617 # 32422 # 1 # ID=11_36;partial=00;start_type=ATG;rbs_motif=None;rbs_spacer=None;gc_cont=0.606
   #    score  bias  c-Evalue  i-Evalue hmmfrom  hmm to    alifrom  ali to    envfrom  env to     acc
 ---   ------ ----- --------- --------- ------- -------    ------- -------    ------- -------    ----
   1 !  960.5   0.0  1.5e-293  5.6e-290       2     594 ..       7     598 ..       6     599 .. 1.00



Internal pipeline statistics summary:
-------------------------------------
Query model(s):                            1  (595 nodes)
Target sequences:                       3710  (1159305 residues searched)
Passed MSV filter:                        70  (0.0188679); expected 74.2 (0.02)
Passed bias filter:                       64  (0.0172507); expected 74.2 (0.02)
Passed Vit filter:                        16  (0.00431267); expected 3.7 (0.001)
Passed Fwd filter:                        10  (0.00269542); expected 0.0 (1e-05)
Initial search space (Z):               3710  [actual number of targets]
Domain search space  (domZ):               1  [number of targets reported over threshold]
# CPU time: 0.10u 0.00s 00:00:00.10 Elapsed: 00:00:00.10
# Mc/sec: 6423.44
//
Query:       TIGR01394  [M=594]
Accession:   TIGR01394
Description: TypA_BipA: GTP-binding protein TypA/BipA
Scores for complete sequences (score includes all domains):
   --- full sequence ---   --- best 1 domain ---    -#dom-
    E-value  score  bias    E-value  score  bias    exp  N  Sequence              Description
    ------- ------ -----    ------- ------ -----   ---- --  --------              -----------
   3.5e-270  895.0   0.4     4e-270  894.8   0.4    1.0  1  CDSOGA010000002.1_225  # 210817 # 212652 # 1 # ID=2_225;partial=00;start_type=ATG;rbs_motif=GGAG/GAGG;rbs_spacer=5-10bp;gc_cont=0.605


Domain annotation for each sequence:
>> CDSOGA010000002.1_225  # 210817 # 212652 # 1 # ID=2_225;partial=00;start_type=ATG;rbs_motif=GGAG/GAGG;rbs_spacer=5-10bp;gc_cont=0.605
   #    score  bias  c-Evalue  i-Evalue hmmfrom  hmm to    alifrom  ali to    envfrom  env to     acc
 ---   ------ ----- --------- --------- ------- -------    ------- -------    ------- -------    ----
   1 !  894.8   0.4  1.1e-273    4e-270       1     594 []      10     603 ..      10     603 .. 1.00



Internal pipeline statistics summary:
-------------------------------------
Query model(s):                            1  (594 nodes)
Target sequences:                       3710  (1159305 residues searched)
Passed MSV filter:                        83  (0.022372); expected 74.2 (0.02)
Passed bias filter:                       66  (0.0177898); expected 74.2 (0.02)
Passed Vit filter:                         9  (0.00242588); expected 3.7 (0.001)
Passed Fwd filter:                         7  (0.00188679); expected 0.0 (1e-05)
Initial search space (Z):               3710  [actual number of targets]
Domain search space  (domZ):               1  [number of targets reported over threshold]
# CPU time: 0.10u 0.00s 00:00:00.10 Elapsed: 00:00:00.10
# Mc/sec: 6479.75
//
Query:       TIGR01510  [M=155]
Accession:   TIGR01510
Description: coaD_prev_kdtB: pantetheine-phosphate adenylyltransferase
Scores for complete sequences (score includes all domains):
   --- full sequence ---   --- best 1 domain ---    -#dom-
    E-value  score  bias    E-value  score  bias    exp  N  Sequence             Description
    ------- ------ -----    ------- ------ -----   ---- --  --------             -----------
    5.6e-53  176.8   0.0    6.3e-53  176.7   0.0    1.0  1  CDSOGA010000009.1_85  # 95840 # 96334 # 1 # ID=9_85;partial=00;start_type=GTG;rbs_motif=GGAG/GAGG;rbs_spacer=5-10bp;gc_cont=0.574


Domain annotation for each sequence:
>> CDSOGA010000009.1_85  # 95840 # 96334 # 1 # ID=9_85;partial=00;start_type=GTG;rbs_motif=GGAG/GAGG;rbs_spacer=5-10bp;gc_cont=0.574
   #    score  bias  c-Evalue  i-Evalue hmmfrom  hmm to    alifrom  ali to    envfrom  env to     acc
 ---   ------ ----- --------- --------- ------- -------    ------- -------    ------- -------    ----
   1 !  176.7   0.0   1.7e-56   6.3e-53       2     154 ..       6     164 ..       5     164 .. 0.96



Internal pipeline statistics summary:
-------------------------------------
Query model(s):                            1  (155 nodes)
Target sequences:                       3710  (1159305 residues searched)
Passed MSV filter:                        48  (0.012938); expected 74.2 (0.02)
Passed bias filter:                       47  (0.0126685); expected 74.2 (0.02)
Passed Vit filter:                         7  (0.00188679); expected 3.7 (0.001)
Passed Fwd filter:                         2  (0.000539084); expected 0.0 (1e-05)
Initial search space (Z):               3710  [actual number of targets]
Domain search space  (domZ):               1  [number of targets reported over threshold]
# CPU time: 0.02u 0.00s 00:00:00.02 Elapsed: 00:00:00.02
# Mc/sec: 8280.43
//
Query:       TIGR01632  [M=140]
Accession:   TIGR01632
Description: L11_bact: ribosomal protein uL11
Scores for complete sequences (score includes all domains):
   --- full sequence ---   --- best 1 domain ---    -#dom-
    E-value  score  bias    E-value  score  bias    exp  N  Sequence              Description
    ------- ------ -----    ------- ------ -----   ---- --  --------              -----------
    3.3e-63  209.5   1.2    3.7e-63  209.4   1.2    1.0  1  CDSOGA010000004.1_250  # 260499 # 260927 # -1 # ID=4_250;partial=00;start_type=ATG;rbs_motif=AGGA;rbs_spacer=5-10bp;gc_cont=0.576


Domain annotation for each sequence:
>> CDSOGA010000004.1_250  # 260499 # 260927 # -1 # ID=4_250;partial=00;start_type=ATG;rbs_motif=AGGA;rbs_spacer=5-10bp;gc_cont=0.576
   #    score  bias  c-Evalue  i-Evalue hmmfrom  hmm to    alifrom  ali to    envfrom  env to     acc
 ---   ------ ----- --------- --------- ------- -------    ------- -------    ------- -------    ----
   1 !  209.4   1.2   9.9e-67   3.7e-63       1     139 [.       3     141 ..       3     142 .. 0.99



Internal pipeline statistics summary:
-------------------------------------
Query model(s):                            1  (140 nodes)
Target sequences:                       3710  (1159305 residues searched)
Passed MSV filter:                        75  (0.0202156); expected 74.2 (0.02)
Passed bias filter:                       67  (0.0180593); expected 74.2 (0.02)
Passed Vit filter:                         2  (0.000539084); expected 3.7 (0.001)
Passed Fwd filter:                         1  (0.000269542); expected 0.0 (1e-05)
Initial search space (Z):               3710  [actual number of targets]
Domain search space  (domZ):               1  [number of targets reported over threshold]
# CPU time: 0.02u 0.00s 00:00:00.02 Elapsed: 00:00:00.01
# Mc/sec: 8536.89
//
Query:       TIGR01951  [M=131]
Accession:   TIGR01951
Description: nusB: transcription antitermination factor NusB
Scores for complete sequences (score includes all domains):
   --- full sequence ---   --- best 1 domain ---    -#dom-
    E-value  score  bias    E-value  score  bias    exp  N  Sequence              Description
    ------- ------ -----    ------- ------ -----   ---- --  --------              -----------
    6.1e-39  131.0   0.0    6.9e-39  130.8   0.0    1.0  1  CDSOGA010000006.1_158  # 158372 # 158866 # -1 # ID=6_158;partial=00;start_type=ATG;rbs_motif=GGA/GAG/AGG;rbs_spacer=5-10bp;gc_cont=0.644


Domain annotation for each sequence:
>> CDSOGA010000006.1_158  # 158372 # 158866 # -1 # ID=6_158;partial=00;start_type=ATG;rbs_motif=GGA/GAG/AGG;rbs_spacer=5-10bp;gc_cont=0.644
   #    score  bias  c-Evalue  i-Evalue hmmfrom  hmm to    alifrom  ali to    envfrom  env to     acc
 ---   ------ ----- --------- --------- ------- -------    ------- -------    ------- -------    ----
   1 !  130.8   0.0   1.9e-42   6.9e-39       2     130 ..      18     155 ..      16     156 .. 0.94



Internal pipeline statistics summary:
-------------------------------------
Query model(s):                            1  (131 nodes)
Target sequences:                       3710  (1159305 residues searched)
Passed MSV filter:                        81  (0.0218329); expected 74.2 (0.02)
Passed bias filter:                       66  (0.0177898); expected 74.2 (0.02)
Passed Vit filter:                         7  (0.00188679); expected 3.7 (0.001)
Passed Fwd filter:                         1  (0.000269542); expected 0.0 (1e-05)
Initial search space (Z):               3710  [actual number of targets]
Domain search space  (domZ):               1  [number of targets reported over threshold]
# CPU time: 0.02u 0.01s 00:00:00.03 Elapsed: 00:00:00.02
# Mc/sec: 6421.56
//
Query:       TIGR01952  [M=141]
Accession:   TIGR01952
Description: nusA_arch: NusA family KH domain protein, archaeal
Scores for complete sequences (score includes all domains):
   --- full sequence ---   --- best 1 domain ---    -#dom-
    E-value  score  bias    E-value  score  bias    exp  N  Sequence Description
    ------- ------ -----    ------- ------ -----   ---- --  -------- -----------

   [No hits detected that satisfy reporting thresholds]


Domain annotation for each sequence:

   [No targets detected that satisfy reporting thresholds]


Internal pipeline statistics summary:
-------------------------------------
Query model(s):                            1  (141 nodes)
Target sequences:                       3710  (1159305 residues searched)
Passed MSV filter:                        90  (0.0242588); expected 74.2 (0.02)
Passed bias filter:                       78  (0.0210243); expected 74.2 (0.02)
Passed Vit filter:                         6  (0.00161725); expected 3.7 (0.001)
Passed Fwd filter:                         2  (0.000539084); expected 0.0 (1e-05)
Initial search space (Z):               3710  [actual number of targets]
Domain search space  (domZ):               0  [number of targets reported over threshold]
# CPU time: 0.02u 0.00s 00:00:00.02 Elapsed: 00:00:00.04
# Mc/sec: 3532.87
//
Query:       TIGR01953  [M=340]
Accession:   TIGR01953
Description: NusA: transcription termination factor NusA
Scores for complete sequences (score includes all domains):
   --- full sequence ---   --- best 1 domain ---    -#dom-
    E-value  score  bias    E-value  score  bias    exp  N  Sequence             Description
    ------- ------ -----    ------- ------ -----   ---- --  --------             -----------
   5.1e-132  437.7   5.0   6.7e-132  437.3   5.0    1.1  1  CDSOGA010000002.1_84  # 77573 # 79189 # 1 # ID=2_84;partial=00;start_type=ATG;rbs_motif=AGGAG;rbs_spacer=5-10bp;gc_cont=0.597


Domain annotation for each sequence:
>> CDSOGA010000002.1_84  # 77573 # 79189 # 1 # ID=2_84;partial=00;start_type=ATG;rbs_motif=AGGAG;rbs_spacer=5-10bp;gc_cont=0.597
   #    score  bias  c-Evalue  i-Evalue hmmfrom  hmm to    alifrom  ali to    envfrom  env to     acc
 ---   ------ ----- --------- --------- ------- -------    ------- -------    ------- -------    ----
   1 !  437.3   5.0  1.8e-135  6.7e-132       1     339 [.       9     346 ..       9     347 .. 0.99



Internal pipeline statistics summary:
-------------------------------------
Query model(s):                            1  (340 nodes)
Target sequences:                       3710  (1159305 residues searched)
Passed MSV filter:                        69  (0.0185984); expected 74.2 (0.02)
Passed bias filter:                       58  (0.0156334); expected 74.2 (0.02)
Passed Vit filter:                         6  (0.00161725); expected 3.7 (0.001)
Passed Fwd filter:                         1  (0.000269542); expected 0.0 (1e-05)
Initial search space (Z):               3710  [actual number of targets]
Domain search space  (domZ):               1  [number of targets reported over threshold]
# CPU time: 0.03u 0.00s 00:00:00.03 Elapsed: 00:00:00.03
# Mc/sec: 11160.30
//
Query:       TIGR02012  [M=321]
Accession:   TIGR02012
Description: tigrfam_recA: protein RecA
Scores for complete sequences (score includes all domains):
   --- full sequence ---   --- best 1 domain ---    -#dom-
    E-value  score  bias    E-value  score  bias    exp  N  Sequence              Description
    ------- ------ -----    ------- ------ -----   ---- --  --------              -----------
   4.4e-174  575.9   0.6   5.1e-174  575.7   0.6    1.0  1  CDSOGA010000003.1_100  # 87235 # 88302 # -1 # ID=3_100;partial=00;start_type=ATG;rbs_motif=AGGAG;rbs_spacer=5-10bp;gc_cont=0.587


Domain annotation for each sequence:
>> CDSOGA010000003.1_100  # 87235 # 88302 # -1 # ID=3_100;partial=00;start_type=ATG;rbs_motif=AGGAG;rbs_spacer=5-10bp;gc_cont=0.587
   #    score  bias  c-Evalue  i-Evalue hmmfrom  hmm to    alifrom  ali to    envfrom  env to     acc
 ---   ------ ----- --------- --------- ------- -------    ------- -------    ------- -------    ----
   1 !  575.7   0.6  1.4e-177  5.1e-174       1     321 []      15     335 ..      15     335 .. 1.00



Internal pipeline statistics summary:
-------------------------------------
Query model(s):                            1  (321 nodes)
Target sequences:                       3710  (1159305 residues searched)
Passed MSV filter:                       188  (0.0506739); expected 74.2 (0.02)
Passed bias filter:                      151  (0.0407008); expected 74.2 (0.02)
Passed Vit filter:                        31  (0.0083558); expected 3.7 (0.001)
Passed Fwd filter:                         2  (0.000539084); expected 0.0 (1e-05)
Initial search space (Z):               3710  [actual number of targets]
Domain search space  (domZ):               1  [number of targets reported over threshold]
# CPU time: 0.04u 0.00s 00:00:00.04 Elapsed: 00:00:00.05
# Mc/sec: 6275.37
//
Query:       TIGR02013  [M=1238]
Accession:   TIGR02013
Description: rpoB: DNA-directed RNA polymerase, beta subunit
Scores for complete sequences (score includes all domains):
   --- full sequence ---   --- best 1 domain ---    -#dom-
    E-value  score  bias    E-value  score  bias    exp  N  Sequence              Description
    ------- ------ -----    ------- ------ -----   ---- --  --------              -----------
          0 1938.8   4.4          0 1938.5   4.4    1.0  1  CDSOGA010000004.1_246  # 254040 # 258182 # -1 # ID=4_246;partial=00;start_type=ATG;rbs_motif=AGGAG;rbs_spacer=5-10bp;gc_cont=0.582


Domain annotation for each sequence:
>> CDSOGA010000004.1_246  # 254040 # 258182 # -1 # ID=4_246;partial=00;start_type=ATG;rbs_motif=AGGAG;rbs_spacer=5-10bp;gc_cont=0.582
   #    score  bias  c-Evalue  i-Evalue hmmfrom  hmm to    alifrom  ali to    envfrom  env to     acc
 ---   ------ ----- --------- --------- ------- -------    ------- -------    ------- -------    ----
   1 ! 1938.5   4.4         0         0       3    1238 .]      10    1356 ..       8    1356 .. 0.97



Internal pipeline statistics summary:
-------------------------------------
Query model(s):                            1  (1238 nodes)
Target sequences:                       3710  (1159305 residues searched)
Passed MSV filter:                        94  (0.0253369); expected 74.2 (0.02)
Passed bias filter:                       73  (0.0196765); expected 74.2 (0.02)
Passed Vit filter:                         8  (0.00215633); expected 3.7 (0.001)
Passed Fwd filter:                         1  (0.000269542); expected 0.0 (1e-05)
Initial search space (Z):               3710  [actual number of targets]
Domain search space  (domZ):               1  [number of targets reported over threshold]
# CPU time: 0.12u 0.02s 00:00:00.13 Elapsed: 00:00:00.13
# Mc/sec: 10362.57
//
Query:       TIGR02027  [M=298]
Accession:   TIGR02027
Description: rpoA: DNA-directed RNA polymerase, alpha subunit
Scores for complete sequences (score includes all domains):
   --- full sequence ---   --- best 1 domain ---    -#dom-
    E-value  score  bias    E-value  score  bias    exp  N  Sequence              Description
    ------- ------ -----    ------- ------ -----   ---- --  --------              -----------
   4.5e-115  381.6   0.0   5.2e-115  381.4   0.0    1.0  1  CDSOGA010000004.1_214  # 230752 # 231771 # -1 # ID=4_214;partial=00;start_type=GTG;rbs_motif=AGGA;rbs_spacer=5-10bp;gc_cont=0.579


Domain annotation for each sequence:
>> CDSOGA010000004.1_214  # 230752 # 231771 # -1 # ID=4_214;partial=00;start_type=GTG;rbs_motif=AGGA;rbs_spacer=5-10bp;gc_cont=0.579
   #    score  bias  c-Evalue  i-Evalue hmmfrom  hmm to    alifrom  ali to    envfrom  env to     acc
 ---   ------ ----- --------- --------- ------- -------    ------- -------    ------- -------    ----
   1 !  381.4   0.0  1.4e-118  5.2e-115       2     298 .]      28     319 ..      27     319 .. 0.97



Internal pipeline statistics summary:
-------------------------------------
Query model(s):                            1  (298 nodes)
Target sequences:                       3710  (1159305 residues searched)
Passed MSV filter:                        64  (0.0172507); expected 74.2 (0.02)
Passed bias filter:                       52  (0.0140162); expected 74.2 (0.02)
Passed Vit filter:                         4  (0.00107817); expected 3.7 (0.001)
Passed Fwd filter:                         1  (0.000269542); expected 0.0 (1e-05)
Initial search space (Z):               3710  [actual number of targets]
Domain search space  (domZ):               1  [number of targets reported over threshold]
# CPU time: 0.02u 0.00s 00:00:00.02 Elapsed: 00:00:00.04
# Mc/sec: 8179.56
//
Query:       TIGR02075  [M=233]
Accession:   TIGR02075
Description: pyrH_bact: UMP kinase
Scores for complete sequences (score includes all domains):
   --- full sequence ---   --- best 1 domain ---    -#dom-
    E-value  score  bias    E-value  score  bias    exp  N  Sequence              Description
    ------- ------ -----    ------- ------ -----   ---- --  --------              -----------
    3.4e-91  302.7   0.6    3.8e-91  302.5   0.6    1.0  1  CDSOGA010000004.1_170  # 185599 # 186318 # -1 # ID=4_170;partial=00;start_type=ATG;rbs_motif=GGA/GAG/AGG;rbs_spacer=5-10bp;gc_cont=0.574


Domain annotation for each sequence:
>> CDSOGA010000004.1_170  # 185599 # 186318 # -1 # ID=4_170;partial=00;start_type=ATG;rbs_motif=GGA/GAG/AGG;rbs_spacer=5-10bp;gc_cont=0.574
   #    score  bias  c-Evalue  i-Evalue hmmfrom  hmm to    alifrom  ali to    envfrom  env to     acc
 ---   ------ ----- --------- --------- ------- -------    ------- -------    ------- -------    ----
   1 !  302.5   0.6     1e-94   3.8e-91       1     232 [.       5     235 ..       5     236 .. 0.99



Internal pipeline statistics summary:
-------------------------------------
Query model(s):                            1  (233 nodes)
Target sequences:                       3710  (1159305 residues searched)
Passed MSV filter:                       113  (0.0304582); expected 74.2 (0.02)
Passed bias filter:                       94  (0.0253369); expected 74.2 (0.02)
Passed Vit filter:                        10  (0.00269542); expected 3.7 (0.001)
Passed Fwd filter:                         3  (0.000808625); expected 0.0 (1e-05)
Initial search space (Z):               3710  [actual number of targets]
Domain search space  (domZ):               1  [number of targets reported over threshold]
# CPU time: 0.03u 0.00s 00:00:00.03 Elapsed: 00:00:00.04
# Mc/sec: 6175.73
//
Query:       TIGR02191  [M=219]
Accession:   TIGR02191
Description: RNaseIII: ribonuclease III
Scores for complete sequences (score includes all domains):
   --- full sequence ---   --- best 1 domain ---    -#dom-
    E-value  score  bias    E-value  score  bias    exp  N  Sequence              Description
    ------- ------ -----    ------- ------ -----   ---- --  --------              -----------
    1.2e-68  228.6   0.0    1.5e-68  228.3   0.0    1.0  1  CDSOGA010000006.1_175  # 173684 # 174391 # -1 # ID=6_175;partial=00;start_type=ATG;rbs_motif=None;rbs_spacer=None;gc_cont=0.612


Domain annotation for each sequence:
>> CDSOGA010000006.1_175  # 173684 # 174391 # -1 # ID=6_175;partial=00;start_type=ATG;rbs_motif=None;rbs_spacer=None;gc_cont=0.612
   #    score  bias  c-Evalue  i-Evalue hmmfrom  hmm to    alifrom  ali to    envfrom  env to     acc
 ---   ------ ----- --------- --------- ------- -------    ------- -------    ------- -------    ----
   1 !  228.3   0.0     4e-72   1.5e-68       2     215 ..      12     224 ..      11     227 .. 0.96



Internal pipeline statistics summary:
-------------------------------------
Query model(s):                            1  (219 nodes)
Target sequences:                       3710  (1159305 residues searched)
Passed MSV filter:                        62  (0.0167116); expected 74.2 (0.02)
Passed bias filter:                       50  (0.0134771); expected 74.2 (0.02)
Passed Vit filter:                         3  (0.000808625); expected 3.7 (0.001)
Passed Fwd filter:                         1  (0.000269542); expected 0.0 (1e-05)
Initial search space (Z):               3710  [actual number of targets]
Domain search space  (domZ):               1  [number of targets reported over threshold]
# CPU time: 0.02u 0.00s 00:00:00.02 Elapsed: 00:00:00.02
# Mc/sec: 9420.32
//
Query:       TIGR02236  [M=311]
Accession:   TIGR02236
Description: recomb_radA: DNA repair and recombination protein RadA
Scores for complete sequences (score includes all domains):
   --- full sequence ---   --- best 1 domain ---    -#dom-
    E-value  score  bias    E-value  score  bias    exp  N  Sequence Description
    ------- ------ -----    ------- ------ -----   ---- --  -------- -----------

   [No hits detected that satisfy reporting thresholds]


Domain annotation for each sequence:

   [No targets detected that satisfy reporting thresholds]


Internal pipeline statistics summary:
-------------------------------------
Query model(s):                            1  (311 nodes)
Target sequences:                       3710  (1159305 residues searched)
Passed MSV filter:                       132  (0.0355795); expected 74.2 (0.02)
Passed bias filter:                       96  (0.025876); expected 74.2 (0.02)
Passed Vit filter:                         8  (0.00215633); expected 3.7 (0.001)
Passed Fwd filter:                         2  (0.000539084); expected 0.0 (1e-05)
Initial search space (Z):               3710  [actual number of targets]
Domain search space  (domZ):               0  [number of targets reported over threshold]
# CPU time: 0.04u 0.00s 00:00:00.04 Elapsed: 00:00:00.06
# Mc/sec: 5751.05
//
Query:       TIGR02273  [M=166]
Accession:   TIGR02273
Description: 16S_RimM: 16S rRNA processing protein RimM
Scores for complete sequences (score includes all domains):
   --- full sequence ---   --- best 1 domain ---    -#dom-
    E-value  score  bias    E-value  score  bias    exp  N  Sequence              Description
    ------- ------ -----    ------- ------ -----   ---- --  --------              -----------
      3e-38  128.6   0.0    3.4e-38  128.4   0.0    1.0  1  CDSOGA010000002.1_192  # 181392 # 181931 # -1 # ID=2_192;partial=00;start_type=ATG;rbs_motif=GGAG/GAGG;rbs_spacer=5-10bp;gc_cont=0.587


Domain annotation for each sequence:
>> CDSOGA010000002.1_192  # 181392 # 181931 # -1 # ID=2_192;partial=00;start_type=ATG;rbs_motif=GGAG/GAGG;rbs_spacer=5-10bp;gc_cont=0.587
   #    score  bias  c-Evalue  i-Evalue hmmfrom  hmm to    alifrom  ali to    envfrom  env to     acc
 ---   ------ ----- --------- --------- ------- -------    ------- -------    ------- -------    ----
   1 !  128.4   0.0   9.1e-42   3.4e-38       2     163 ..       9     168 ..       8     171 .. 0.94



Internal pipeline statistics summary:
-------------------------------------
Query model(s):                            1  (166 nodes)
Target sequences:                       3710  (1159305 residues searched)
Passed MSV filter:                        63  (0.0169811); expected 74.2 (0.02)
Passed bias filter:                       61  (0.016442); expected 74.2 (0.02)
Passed Vit filter:                         7  (0.00188679); expected 3.7 (0.001)
Passed Fwd filter:                         1  (0.000269542); expected 0.0 (1e-05)
Initial search space (Z):               3710  [actual number of targets]
Domain search space  (domZ):               1  [number of targets reported over threshold]
# CPU time: 0.02u 0.00s 00:00:00.02 Elapsed: 00:00:00.02
# Mc/sec: 7160.22
//
Query:       TIGR02338  [M=110]
Accession:   TIGR02338
Description: gimC_beta: prefoldin, beta subunit
Scores for complete sequences (score includes all domains):
   --- full sequence ---   --- best 1 domain ---    -#dom-
    E-value  score  bias    E-value  score  bias    exp  N  Sequence Description
    ------- ------ -----    ------- ------ -----   ---- --  -------- -----------

   [No hits detected that satisfy reporting thresholds]


Domain annotation for each sequence:

   [No targets detected that satisfy reporting thresholds]


Internal pipeline statistics summary:
-------------------------------------
Query model(s):                            1  (110 nodes)
Target sequences:                       3710  (1159305 residues searched)
Passed MSV filter:                       118  (0.0318059); expected 74.2 (0.02)
Passed bias filter:                       81  (0.0218329); expected 74.2 (0.02)
Passed Vit filter:                         5  (0.00134771); expected 3.7 (0.001)
Passed Fwd filter:                         0  (0); expected 0.0 (1e-05)
Initial search space (Z):               3710  [actual number of targets]
Domain search space  (domZ):               0  [number of targets reported over threshold]
# CPU time: 0.01u 0.00s 00:00:00.01 Elapsed: 00:00:00.00
# Mc/sec: 13940.00
//
Query:       TIGR02350  [M=596]
Accession:   TIGR02350
Description: prok_dnaK: chaperone protein DnaK
Scores for complete sequences (score includes all domains):
   --- full sequence ---   --- best 1 domain ---    -#dom-
    E-value  score  bias    E-value  score  bias    exp  N  Sequence              Description
    ------- ------ -----    ------- ------ -----   ---- --  --------              -----------
   5.7e-302 1000.1  18.9   6.6e-302  999.9  18.9    1.0  1  CDSOGA010000002.1_133  # 131679 # 133592 # 1 # ID=2_133;partial=00;start_type=ATG;rbs_motif=GGAG/GAGG;rbs_spacer=5-10bp;gc_cont=0.592


Domain annotation for each sequence:
>> CDSOGA010000002.1_133  # 131679 # 133592 # 1 # ID=2_133;partial=00;start_type=ATG;rbs_motif=GGAG/GAGG;rbs_spacer=5-10bp;gc_cont=0.592
   #    score  bias  c-Evalue  i-Evalue hmmfrom  hmm to    alifrom  ali to    envfrom  env to     acc
 ---   ------ ----- --------- --------- ------- -------    ------- -------    ------- -------    ----
   1 !  999.9  18.9  1.8e-305  6.6e-302       1     596 []       3     599 ..       3     599 .. 0.99



Internal pipeline statistics summary:
-------------------------------------
Query model(s):                            1  (596 nodes)
Target sequences:                       3710  (1159305 residues searched)
Passed MSV filter:                       123  (0.0331536); expected 74.2 (0.02)
Passed bias filter:                       86  (0.0231806); expected 74.2 (0.02)
Passed Vit filter:                        11  (0.00296496); expected 3.7 (0.001)
Passed Fwd filter:                         3  (0.000808625); expected 0.0 (1e-05)
Initial search space (Z):               3710  [actual number of targets]
Domain search space  (domZ):               1  [number of targets reported over threshold]
# CPU time: 0.06u 0.00s 00:00:00.06 Elapsed: 00:00:00.07
# Mc/sec: 8846.97
//
Query:       TIGR02386  [M=1147]
Accession:   TIGR02386
Description: rpoC_TIGR: DNA-directed RNA polymerase, beta' subunit
Scores for complete sequences (score includes all domains):
   --- full sequence ---   --- best 1 domain ---    -#dom-
    E-value  score  bias    E-value  score  bias    exp  N  Sequence              Description
    ------- ------ -----    ------- ------ -----   ---- --  --------              -----------
          0 1783.7   0.1          0 1474.8   0.0    2.0  1  CDSOGA010000004.1_245  # 249777 # 253961 # -1 # ID=4_245;partial=00;start_type=ATG;rbs_motif=AGGAG;rbs_spacer=5-10bp;gc_cont=0.589


Domain annotation for each sequence:
>> CDSOGA010000004.1_245  # 249777 # 253961 # -1 # ID=4_245;partial=00;start_type=ATG;rbs_motif=AGGAG;rbs_spacer=5-10bp;gc_cont=0.589
   #    score  bias  c-Evalue  i-Evalue hmmfrom  hmm to    alifrom  ali to    envfrom  env to     acc
 ---   ------ ----- --------- --------- ------- -------    ------- -------    ------- -------    ----
   1 ! 1474.8   0.0         0         0       2    1001 ..      23    1027 ..      22    1043 .. 0.96



Internal pipeline statistics summary:
-------------------------------------
Query model(s):                            1  (1147 nodes)
Target sequences:                       3710  (1159305 residues searched)
Passed MSV filter:                        68  (0.0183288); expected 74.2 (0.02)
Passed bias filter:                       57  (0.0153639); expected 74.2 (0.02)
Passed Vit filter:                         5  (0.00134771); expected 3.7 (0.001)
Passed Fwd filter:                         2  (0.000539084); expected 0.0 (1e-05)
Initial search space (Z):               3710  [actual number of targets]
Domain search space  (domZ):               1  [number of targets reported over threshold]
# CPU time: 0.11u 0.02s 00:00:00.13 Elapsed: 00:00:00.14
# Mc/sec: 9180.91
//
Query:       TIGR02389  [M=367]
Accession:   TIGR02389
Description: RNA_pol_rpoA2: DNA-directed RNA polymerase, subunit A''
Scores for complete sequences (score includes all domains):
   --- full sequence ---   --- best 1 domain ---    -#dom-
    E-value  score  bias    E-value  score  bias    exp  N  Sequence Description
    ------- ------ -----    ------- ------ -----   ---- --  -------- -----------

   [No hits detected that satisfy reporting thresholds]


Domain annotation for each sequence:

   [No targets detected that satisfy reporting thresholds]


Internal pipeline statistics summary:
-------------------------------------
Query model(s):                            1  (367 nodes)
Target sequences:                       3710  (1159305 residues searched)
Passed MSV filter:                        88  (0.0237197); expected 74.2 (0.02)
Passed bias filter:                       67  (0.0180593); expected 74.2 (0.02)
Passed Vit filter:                         5  (0.00134771); expected 3.7 (0.001)
Passed Fwd filter:                         1  (0.000269542); expected 0.0 (1e-05)
Initial search space (Z):               3710  [actual number of targets]
Domain search space  (domZ):               0  [number of targets reported over threshold]
# CPU time: 0.04u 0.00s 00:00:00.04 Elapsed: 00:00:00.03
# Mc/sec: 11622.49
//
Query:       TIGR02390  [M=867]
Accession:   TIGR02390
Description: RNA_pol_rpoA1: DNA-directed RNA polymerase subunit A'
Scores for complete sequences (score includes all domains):
   --- full sequence ---   --- best 1 domain ---    -#dom-
    E-value  score  bias    E-value  score  bias    exp  N  Sequence Description
    ------- ------ -----    ------- ------ -----   ---- --  -------- -----------

   [No hits detected that satisfy reporting thresholds]


Domain annotation for each sequence:

   [No targets detected that satisfy reporting thresholds]


Internal pipeline statistics summary:
-------------------------------------
Query model(s):                            1  (867 nodes)
Target sequences:                       3710  (1159305 residues searched)
Passed MSV filter:                        56  (0.0150943); expected 74.2 (0.02)
Passed bias filter:                       46  (0.0123989); expected 74.2 (0.02)
Passed Vit filter:                         9  (0.00242588); expected 3.7 (0.001)
Passed Fwd filter:                         1  (0.000269542); expected 0.0 (1e-05)
Initial search space (Z):               3710  [actual number of targets]
Domain search space  (domZ):               0  [number of targets reported over threshold]
# CPU time: 0.08u 0.00s 00:00:00.08 Elapsed: 00:00:00.11
# Mc/sec: 8453.75
//
Query:       TIGR02397  [M=355]
Accession:   TIGR02397
Description: dnaX_nterm: DNA polymerase III, subunit gamma and tau
Scores for complete sequences (score includes all domains):
   --- full sequence ---   --- best 1 domain ---    -#dom-
    E-value  score  bias    E-value  score  bias    exp  N  Sequence              Description
    ------- ------ -----    ------- ------ -----   ---- --  --------              -----------
   2.4e-120  399.7   0.0     3e-120  399.4   0.0    1.1  1  CDSOGA010000007.1_219  # 220115 # 221866 # -1 # ID=7_219;partial=00;start_type=ATG;rbs_motif=GGAG/GAGG;rbs_spacer=5-10bp;gc_cont=0.627


Domain annotation for each sequence:
>> CDSOGA010000007.1_219  # 220115 # 221866 # -1 # ID=7_219;partial=00;start_type=ATG;rbs_motif=GGAG/GAGG;rbs_spacer=5-10bp;gc_cont=0.627
   #    score  bias  c-Evalue  i-Evalue hmmfrom  hmm to    alifrom  ali to    envfrom  env to     acc
 ---   ------ ----- --------- --------- ------- -------    ------- -------    ------- -------    ----
   1 !  399.4   0.0  8.1e-124    3e-120       1     354 [.       9     368 ..       9     369 .. 0.97



Internal pipeline statistics summary:
-------------------------------------
Query model(s):                            1  (355 nodes)
Target sequences:                       3710  (1159305 residues searched)
Passed MSV filter:                       228  (0.0614555); expected 74.2 (0.02)
Passed bias filter:                      212  (0.0571429); expected 74.2 (0.02)
Passed Vit filter:                        93  (0.0250674); expected 3.7 (0.001)
Passed Fwd filter:                        10  (0.00269542); expected 0.0 (1e-05)
Initial search space (Z):               3710  [actual number of targets]
Domain search space  (domZ):               1  [number of targets reported over threshold]
# CPU time: 0.08u 0.00s 00:00:00.08 Elapsed: 00:00:00.11
# Mc/sec: 3729.89
//
Query:       TIGR02432  [M=189]
Accession:   TIGR02432
Description: lysidine_TilS_N: tRNA(Ile)-lysidine synthetase
Scores for complete sequences (score includes all domains):
   --- full sequence ---   --- best 1 domain ---    -#dom-
    E-value  score  bias    E-value  score  bias    exp  N  Sequence              Description
    ------- ------ -----    ------- ------ -----   ---- --  --------              -----------
    3.6e-43  145.4   0.0    4.6e-43  145.0   0.0    1.1  1  CDSOGA010000008.1_185  # 192374 # 193648 # 1 # ID=8_185;partial=00;start_type=ATG;rbs_motif=4Base/6BMM;rbs_spacer=13-15bp;gc_cont=0.643


Domain annotation for each sequence:
>> CDSOGA010000008.1_185  # 192374 # 193648 # 1 # ID=8_185;partial=00;start_type=ATG;rbs_motif=4Base/6BMM;rbs_spacer=13-15bp;gc_cont=0.643
   #    score  bias  c-Evalue  i-Evalue hmmfrom  hmm to    alifrom  ali to    envfrom  env to     acc
 ---   ------ ----- --------- --------- ------- -------    ------- -------    ------- -------    ----
   1 !  145.0   0.0   1.3e-46   4.6e-43       3     186 ..      29     209 ..      27     211 .. 0.96



Internal pipeline statistics summary:
-------------------------------------
Query model(s):                            1  (189 nodes)
Target sequences:                       3710  (1159305 residues searched)
Passed MSV filter:                        67  (0.0180593); expected 74.2 (0.02)
Passed bias filter:                       64  (0.0172507); expected 74.2 (0.02)
Passed Vit filter:                        12  (0.0032345); expected 3.7 (0.001)
Passed Fwd filter:                         5  (0.00134771); expected 0.0 (1e-05)
Initial search space (Z):               3710  [actual number of targets]
Domain search space  (domZ):               1  [number of targets reported over threshold]
# CPU time: 0.03u 0.00s 00:00:00.03 Elapsed: 00:00:00.03
# Mc/sec: 6307.67
//
Query:       TIGR02729  [M=329]
Accession:   TIGR02729
Description: Obg_CgtA: Obg family GTPase CgtA
Scores for complete sequences (score includes all domains):
   --- full sequence ---   --- best 1 domain ---    -#dom-
    E-value  score  bias    E-value  score  bias    exp  N  Sequence              Description
    ------- ------ -----    ------- ------ -----   ---- --  --------              -----------
     1e-134  446.4   2.6   1.2e-134  446.2   2.6    1.0  1  CDSOGA010000002.1_327  # 318760 # 319803 # -1 # ID=2_327;partial=00;start_type=ATG;rbs_motif=GGA/GAG/AGG;rbs_spacer=5-10bp;gc_cont=0.607


Domain annotation for each sequence:
>> CDSOGA010000002.1_327  # 318760 # 319803 # -1 # ID=2_327;partial=00;start_type=ATG;rbs_motif=GGA/GAG/AGG;rbs_spacer=5-10bp;gc_cont=0.607
   #    score  bias  c-Evalue  i-Evalue hmmfrom  hmm to    alifrom  ali to    envfrom  env to     acc
 ---   ------ ----- --------- --------- ------- -------    ------- -------    ------- -------    ----
   1 !  446.2   2.6  3.1e-138  1.2e-134       1     328 [.       3     326 ..       3     327 .. 0.99



Internal pipeline statistics summary:
-------------------------------------
Query model(s):                            1  (329 nodes)
Target sequences:                       3710  (1159305 residues searched)
Passed MSV filter:                       205  (0.0552561); expected 74.2 (0.02)
Passed bias filter:                      181  (0.0487871); expected 74.2 (0.02)
Passed Vit filter:                        56  (0.0150943); expected 3.7 (0.001)
Passed Fwd filter:                         8  (0.00215633); expected 0.0 (1e-05)
Initial search space (Z):               3710  [actual number of targets]
Domain search space  (domZ):               1  [number of targets reported over threshold]
# CPU time: 0.07u 0.00s 00:00:00.07 Elapsed: 00:00:00.08
# Mc/sec: 4512.77
//
Query:       TIGR03263  [M=180]
Accession:   TIGR03263
Description: guanyl_kin: guanylate kinase
Scores for complete sequences (score includes all domains):
   --- full sequence ---   --- best 1 domain ---    -#dom-
    E-value  score  bias    E-value  score  bias    exp  N  Sequence              Description
    ------- ------ -----    ------- ------ -----   ---- --  --------              -----------
    7.7e-67  222.1   0.0    8.9e-67  221.9   0.0    1.0  1  CDSOGA010000006.1_218  # 218681 # 219319 # -1 # ID=6_218;partial=00;start_type=ATG;rbs_motif=AGGA;rbs_spacer=5-10bp;gc_cont=0.596


Domain annotation for each sequence:
>> CDSOGA010000006.1_218  # 218681 # 219319 # -1 # ID=6_218;partial=00;start_type=ATG;rbs_motif=AGGA;rbs_spacer=5-10bp;gc_cont=0.596
   #    score  bias  c-Evalue  i-Evalue hmmfrom  hmm to    alifrom  ali to    envfrom  env to     acc
 ---   ------ ----- --------- --------- ------- -------    ------- -------    ------- -------    ----
   1 !  221.9   0.0   2.4e-70   8.9e-67       2     179 ..       8     186 ..       7     187 .. 0.98



Internal pipeline statistics summary:
-------------------------------------
Query model(s):                            1  (180 nodes)
Target sequences:                       3710  (1159305 residues searched)
Passed MSV filter:                       279  (0.0752022); expected 74.2 (0.02)
Passed bias filter:                      268  (0.0722372); expected 74.2 (0.02)
Passed Vit filter:                       138  (0.0371968); expected 3.7 (0.001)
Passed Fwd filter:                        40  (0.0107817); expected 0.0 (1e-05)
Initial search space (Z):               3710  [actual number of targets]
Domain search space  (domZ):               1  [number of targets reported over threshold]
# CPU time: 0.07u 0.00s 00:00:00.07 Elapsed: 00:00:00.06
# Mc/sec: 3396.55
//
Query:       TIGR03594  [M=432]
Accession:   TIGR03594
Description: GTPase_EngA: ribosome-associated GTPase EngA
Scores for complete sequences (score includes all domains):
   --- full sequence ---   --- best 1 domain ---    -#dom-
    E-value  score  bias    E-value  score  bias    exp  N  Sequence              Description
    ------- ------ -----    ------- ------ -----   ---- --  --------              -----------
   5.1e-162  537.5   0.0   5.8e-162  537.3   0.0    1.0  1  CDSOGA010000006.1_237  # 237179 # 238630 # -1 # ID=6_237;partial=00;start_type=ATG;rbs_motif=GGA/GAG/AGG;rbs_spacer=5-10bp;gc_cont=0.619


Domain annotation for each sequence:
>> CDSOGA010000006.1_237  # 237179 # 238630 # -1 # ID=6_237;partial=00;start_type=ATG;rbs_motif=GGA/GAG/AGG;rbs_spacer=5-10bp;gc_cont=0.619
   #    score  bias  c-Evalue  i-Evalue hmmfrom  hmm to    alifrom  ali to    envfrom  env to     acc
 ---   ------ ----- --------- --------- ------- -------    ------- -------    ------- -------    ----
   1 !  537.3   0.0  1.6e-165  5.8e-162       2     432 .]       4     467 ..       3     467 .. 0.94



Internal pipeline statistics summary:
-------------------------------------
Query model(s):                            1  (432 nodes)
Target sequences:                       3710  (1159305 residues searched)
Passed MSV filter:                       220  (0.0592992); expected 74.2 (0.02)
Passed bias filter:                      205  (0.0552561); expected 74.2 (0.02)
Passed Vit filter:                        78  (0.0210243); expected 3.7 (0.001)
Passed Fwd filter:                        21  (0.00566038); expected 0.0 (1e-05)
Initial search space (Z):               3710  [actual number of targets]
Domain search space  (domZ):               1  [number of targets reported over threshold]
# CPU time: 0.13u 0.00s 00:00:00.13 Elapsed: 00:00:00.20
# Mc/sec: 2423.58
//
Query:       TIGR03625  [M=202]
Accession:   TIGR03625
Description: L3_bact: 50S ribosomal protein uL3
Scores for complete sequences (score includes all domains):
   --- full sequence ---   --- best 1 domain ---    -#dom-
    E-value  score  bias    E-value  score  bias    exp  N  Sequence              Description
    ------- ------ -----    ------- ------ -----   ---- --  --------              -----------
    1.8e-82  273.8   8.4      2e-82  273.6   8.4    1.0  1  CDSOGA010000004.1_238  # 243265 # 243966 # -1 # ID=4_238;partial=00;start_type=ATG;rbs_motif=AGxAGG/AGGxGG;rbs_spacer=5-10bp;gc_cont=0.597


Domain annotation for each sequence:
>> CDSOGA010000004.1_238  # 243265 # 243966 # -1 # ID=4_238;partial=00;start_type=ATG;rbs_motif=AGxAGG/AGGxGG;rbs_spacer=5-10bp;gc_cont=0.597
   #    score  bias  c-Evalue  i-Evalue hmmfrom  hmm to    alifrom  ali to    envfrom  env to     acc
 ---   ------ ----- --------- --------- ------- -------    ------- -------    ------- -------    ----
   1 !  273.6   8.4   5.4e-86     2e-82       1     202 []       4     205 ..       4     205 .. 0.99



Internal pipeline statistics summary:
-------------------------------------
Query model(s):                            1  (202 nodes)
Target sequences:                       3710  (1159305 residues searched)
Passed MSV filter:                        78  (0.0210243); expected 74.2 (0.02)
Passed bias filter:                       67  (0.0180593); expected 74.2 (0.02)
Passed Vit filter:                         4  (0.00107817); expected 3.7 (0.001)
Passed Fwd filter:                         1  (0.000269542); expected 0.0 (1e-05)
Initial search space (Z):               3710  [actual number of targets]
Domain search space  (domZ):               1  [number of targets reported over threshold]
# CPU time: 0.02u 0.00s 00:00:00.02 Elapsed: 00:00:00.03
# Mc/sec: 6886.47
//
Query:       TIGR03626  [M=331]
Accession:   TIGR03626
Description: L3_arch: ribosomal protein uL3
Scores for complete sequences (score includes all domains):
   --- full sequence ---   --- best 1 domain ---    -#dom-
    E-value  score  bias    E-value  score  bias    exp  N  Sequence Description
    ------- ------ -----    ------- ------ -----   ---- --  -------- -----------

   [No hits detected that satisfy reporting thresholds]


Domain annotation for each sequence:

   [No targets detected that satisfy reporting thresholds]


Internal pipeline statistics summary:
-------------------------------------
Query model(s):                            1  (331 nodes)
Target sequences:                       3710  (1159305 residues searched)
Passed MSV filter:                        58  (0.0156334); expected 74.2 (0.02)
Passed bias filter:                       47  (0.0126685); expected 74.2 (0.02)
Passed Vit filter:                         5  (0.00134771); expected 3.7 (0.001)
Passed Fwd filter:                         1  (0.000269542); expected 0.0 (1e-05)
Initial search space (Z):               3710  [actual number of targets]
Domain search space  (domZ):               0  [number of targets reported over threshold]
# CPU time: 0.03u 0.00s 00:00:00.03 Elapsed: 00:00:00.03
# Mc/sec: 10772.33
//
Query:       TIGR03627  [M=130]
Accession:   TIGR03627
Description: uS9_arch: ribosomal protein uS9
Scores for complete sequences (score includes all domains):
   --- full sequence ---   --- best 1 domain ---    -#dom-
    E-value  score  bias    E-value  score  bias    exp  N  Sequence Description
    ------- ------ -----    ------- ------ -----   ---- --  -------- -----------

   [No hits detected that satisfy reporting thresholds]


Domain annotation for each sequence:

   [No targets detected that satisfy reporting thresholds]


Internal pipeline statistics summary:
-------------------------------------
Query model(s):                            1  (130 nodes)
Target sequences:                       3710  (1159305 residues searched)
Passed MSV filter:                       169  (0.0455526); expected 74.2 (0.02)
Passed bias filter:                      141  (0.0380054); expected 74.2 (0.02)
Passed Vit filter:                        19  (0.00512129); expected 3.7 (0.001)
Passed Fwd filter:                         1  (0.000269542); expected 0.0 (1e-05)
Initial search space (Z):               3710  [actual number of targets]
Domain search space  (domZ):               0  [number of targets reported over threshold]
# CPU time: 0.02u 0.00s 00:00:00.02 Elapsed: 00:00:00.02
# Mc/sec: 6823.31
//
Query:       TIGR03628  [M=117]
Accession:   TIGR03628
Description: arch_S11P: ribosomal protein uS11
Scores for complete sequences (score includes all domains):
   --- full sequence ---   --- best 1 domain ---    -#dom-
    E-value  score  bias    E-value  score  bias    exp  N  Sequence Description
    ------- ------ -----    ------- ------ -----   ---- --  -------- -----------

   [No hits detected that satisfy reporting thresholds]


Domain annotation for each sequence:

   [No targets detected that satisfy reporting thresholds]


Internal pipeline statistics summary:
-------------------------------------
Query model(s):                            1  (117 nodes)
Target sequences:                       3710  (1159305 residues searched)
Passed MSV filter:                       193  (0.0520216); expected 74.2 (0.02)
Passed bias filter:                      128  (0.0345013); expected 74.2 (0.02)
Passed Vit filter:                         6  (0.00161725); expected 3.7 (0.001)
Passed Fwd filter:                         1  (0.000269542); expected 0.0 (1e-05)
Initial search space (Z):               3710  [actual number of targets]
Domain search space  (domZ):               0  [number of targets reported over threshold]
# CPU time: 0.02u 0.00s 00:00:00.02 Elapsed: 00:00:00.02
# Mc/sec: 5402.93
//
Query:       TIGR03629  [M=144]
Accession:   TIGR03629
Description: uS13_arch: ribosomal protein uS13
Scores for complete sequences (score includes all domains):
   --- full sequence ---   --- best 1 domain ---    -#dom-
    E-value  score  bias    E-value  score  bias    exp  N  Sequence Description
    ------- ------ -----    ------- ------ -----   ---- --  -------- -----------

   [No hits detected that satisfy reporting thresholds]


Domain annotation for each sequence:

   [No targets detected that satisfy reporting thresholds]


Internal pipeline statistics summary:
-------------------------------------
Query model(s):                            1  (144 nodes)
Target sequences:                       3710  (1159305 residues searched)
Passed MSV filter:                        81  (0.0218329); expected 74.2 (0.02)
Passed bias filter:                       71  (0.0191375); expected 74.2 (0.02)
Passed Vit filter:                         6  (0.00161725); expected 3.7 (0.001)
Passed Fwd filter:                         1  (0.000269542); expected 0.0 (1e-05)
Initial search space (Z):               3710  [actual number of targets]
Domain search space  (domZ):               0  [number of targets reported over threshold]
# CPU time: 0.02u 0.00s 00:00:00.02 Elapsed: 00:00:00.02
# Mc/sec: 6830.64
//
Query:       TIGR03632  [M=117]
Accession:   TIGR03632
Description: uS11_bact: ribosomal protein uS11
Scores for complete sequences (score includes all domains):
   --- full sequence ---   --- best 1 domain ---    -#dom-
    E-value  score  bias    E-value  score  bias    exp  N  Sequence              Description
    ------- ------ -----    ------- ------ -----   ---- --  --------              -----------
    2.1e-59  196.8   1.4    2.6e-59  196.5   1.4    1.0  1  CDSOGA010000004.1_215  # 231878 # 232270 # -1 # ID=4_215;partial=00;start_type=ATG;rbs_motif=GGAG/GAGG;rbs_spacer=5-10bp;gc_cont=0.590


Domain annotation for each sequence:
>> CDSOGA010000004.1_215  # 231878 # 232270 # -1 # ID=4_215;partial=00;start_type=ATG;rbs_motif=GGAG/GAGG;rbs_spacer=5-10bp;gc_cont=0.590
   #    score  bias  c-Evalue  i-Evalue hmmfrom  hmm to    alifrom  ali to    envfrom  env to     acc
 ---   ------ ----- --------- --------- ------- -------    ------- -------    ------- -------    ----
   1 !  196.5   1.4     7e-63   2.6e-59       1     117 []      11     127 ..      11     127 .. 0.99



Internal pipeline statistics summary:
-------------------------------------
Query model(s):                            1  (117 nodes)
Target sequences:                       3710  (1159305 residues searched)
Passed MSV filter:                       154  (0.0415094); expected 74.2 (0.02)
Passed bias filter:                      123  (0.0331536); expected 74.2 (0.02)
Passed Vit filter:                        16  (0.00431267); expected 3.7 (0.001)
Passed Fwd filter:                         1  (0.000269542); expected 0.0 (1e-05)
Initial search space (Z):               3710  [actual number of targets]
Domain search space  (domZ):               1  [number of targets reported over threshold]
# CPU time: 0.02u 0.00s 00:00:00.02 Elapsed: 00:00:00.02
# Mc/sec: 4994.30
//
Query:       TIGR03654  [M=175]
Accession:   TIGR03654
Description: L6_bact: ribosomal protein uL6
Scores for complete sequences (score includes all domains):
   --- full sequence ---   --- best 1 domain ---    -#dom-
    E-value  score  bias    E-value  score  bias    exp  N  Sequence              Description
    ------- ------ -----    ------- ------ -----   ---- --  --------              -----------
    4.3e-72  239.2   1.3    4.8e-72  239.0   1.3    1.0  1  CDSOGA010000004.1_223  # 236590 # 237123 # -1 # ID=4_223;partial=00;start_type=ATG;rbs_motif=GGA/GAG/AGG;rbs_spacer=11-12bp;gc_cont=0.581


Domain annotation for each sequence:
>> CDSOGA010000004.1_223  # 236590 # 237123 # -1 # ID=4_223;partial=00;start_type=ATG;rbs_motif=GGA/GAG/AGG;rbs_spacer=11-12bp;gc_cont=0.581
   #    score  bias  c-Evalue  i-Evalue hmmfrom  hmm to    alifrom  ali to    envfrom  env to     acc
 ---   ------ ----- --------- --------- ------- -------    ------- -------    ------- -------    ----
   1 !  239.0   1.3   1.3e-75   4.8e-72       1     175 []       2     176 ..       2     176 .. 1.00



Internal pipeline statistics summary:
-------------------------------------
Query model(s):                            1  (175 nodes)
Target sequences:                       3710  (1159305 residues searched)
Passed MSV filter:                        67  (0.0180593); expected 74.2 (0.02)
Passed bias filter:                       60  (0.0161725); expected 74.2 (0.02)
Passed Vit filter:                         5  (0.00134771); expected 3.7 (0.001)
Passed Fwd filter:                         1  (0.000269542); expected 0.0 (1e-05)
Initial search space (Z):               3710  [actual number of targets]
Domain search space  (domZ):               1  [number of targets reported over threshold]
# CPU time: 0.01u 0.00s 00:00:00.01 Elapsed: 00:00:00.03
# Mc/sec: 6676.93
//
Query:       TIGR03670  [M=599]
Accession:   TIGR03670
Description: rpoB_arch: DNA-directed RNA polymerase subunit B
Scores for complete sequences (score includes all domains):
   --- full sequence ---   --- best 1 domain ---    -#dom-
    E-value  score  bias    E-value  score  bias    exp  N  Sequence Description
    ------- ------ -----    ------- ------ -----   ---- --  -------- -----------

   [No hits detected that satisfy reporting thresholds]


Domain annotation for each sequence:

   [No targets detected that satisfy reporting thresholds]


Internal pipeline statistics summary:
-------------------------------------
Query model(s):                            1  (599 nodes)
Target sequences:                       3710  (1159305 residues searched)
Passed MSV filter:                        64  (0.0172507); expected 74.2 (0.02)
Passed bias filter:                       58  (0.0156334); expected 74.2 (0.02)
Passed Vit filter:                         2  (0.000539084); expected 3.7 (0.001)
Passed Fwd filter:                         1  (0.000269542); expected 0.0 (1e-05)
Initial search space (Z):               3710  [actual number of targets]
Domain search space  (domZ):               0  [number of targets reported over threshold]
# CPU time: 0.06u 0.00s 00:00:00.06 Elapsed: 00:00:00.06
# Mc/sec: 11332.63
//
Query:       TIGR03671  [M=410]
Accession:   TIGR03671
Description: cca_archaeal: CCA-adding enzyme
Scores for complete sequences (score includes all domains):
   --- full sequence ---   --- best 1 domain ---    -#dom-
    E-value  score  bias    E-value  score  bias    exp  N  Sequence Description
    ------- ------ -----    ------- ------ -----   ---- --  -------- -----------

   [No hits detected that satisfy reporting thresholds]


Domain annotation for each sequence:

   [No targets detected that satisfy reporting thresholds]


Internal pipeline statistics summary:
-------------------------------------
Query model(s):                            1  (410 nodes)
Target sequences:                       3710  (1159305 residues searched)
Passed MSV filter:                        74  (0.0199461); expected 74.2 (0.02)
Passed bias filter:                       71  (0.0191375); expected 74.2 (0.02)
Passed Vit filter:                         6  (0.00161725); expected 3.7 (0.001)
Passed Fwd filter:                         1  (0.000269542); expected 0.0 (1e-05)
Initial search space (Z):               3710  [actual number of targets]
Domain search space  (domZ):               0  [number of targets reported over threshold]
# CPU time: 0.03u 0.00s 00:00:00.03 Elapsed: 00:00:00.03
# Mc/sec: 12380.50
//
Query:       TIGR03672  [M=251]
Accession:   TIGR03672
Description: rpl4p_arch: 50S ribosomal protein uL4
Scores for complete sequences (score includes all domains):
   --- full sequence ---   --- best 1 domain ---    -#dom-
    E-value  score  bias    E-value  score  bias    exp  N  Sequence Description
    ------- ------ -----    ------- ------ -----   ---- --  -------- -----------

   [No hits detected that satisfy reporting thresholds]


Domain annotation for each sequence:

   [No targets detected that satisfy reporting thresholds]


Internal pipeline statistics summary:
-------------------------------------
Query model(s):                            1  (251 nodes)
Target sequences:                       3710  (1159305 residues searched)
Passed MSV filter:                       103  (0.0277628); expected 74.2 (0.02)
Passed bias filter:                       72  (0.019407); expected 74.2 (0.02)
Passed Vit filter:                         6  (0.00161725); expected 3.7 (0.001)
Passed Fwd filter:                         1  (0.000269542); expected 0.0 (1e-05)
Initial search space (Z):               3710  [actual number of targets]
Domain search space  (domZ):               0  [number of targets reported over threshold]
# CPU time: 0.02u 0.01s 00:00:00.03 Elapsed: 00:00:00.02
# Mc/sec: 11673.65
//
Query:       TIGR03673  [M=131]
Accession:   TIGR03673
Description: uL14_arch: 50S ribosomal protein uL14
Scores for complete sequences (score includes all domains):
   --- full sequence ---   --- best 1 domain ---    -#dom-
    E-value  score  bias    E-value  score  bias    exp  N  Sequence Description
    ------- ------ -----    ------- ------ -----   ---- --  -------- -----------

   [No hits detected that satisfy reporting thresholds]


Domain annotation for each sequence:

   [No targets detected that satisfy reporting thresholds]


Internal pipeline statistics summary:
-------------------------------------
Query model(s):                            1  (131 nodes)
Target sequences:                       3710  (1159305 residues searched)
Passed MSV filter:                       105  (0.0283019); expected 74.2 (0.02)
Passed bias filter:                       76  (0.0204852); expected 74.2 (0.02)
Passed Vit filter:                        12  (0.0032345); expected 3.7 (0.001)
Passed Fwd filter:                         1  (0.000269542); expected 0.0 (1e-05)
Initial search space (Z):               3710  [actual number of targets]
Domain search space  (domZ):               0  [number of targets reported over threshold]
# CPU time: 0.02u 0.00s 00:00:00.02 Elapsed: 00:00:00.03
# Mc/sec: 4188.56
//
Query:       TIGR03674  [M=338]
Accession:   TIGR03674
Description: fen_arch: flap structure-specific endonuclease
Scores for complete sequences (score includes all domains):
   --- full sequence ---   --- best 1 domain ---    -#dom-
    E-value  score  bias    E-value  score  bias    exp  N  Sequence Description
    ------- ------ -----    ------- ------ -----   ---- --  -------- -----------

   [No hits detected that satisfy reporting thresholds]


Domain annotation for each sequence:

   [No targets detected that satisfy reporting thresholds]


Internal pipeline statistics summary:
-------------------------------------
Query model(s):                            1  (338 nodes)
Target sequences:                       3710  (1159305 residues searched)
Passed MSV filter:                        86  (0.0231806); expected 74.2 (0.02)
Passed bias filter:                       71  (0.0191375); expected 74.2 (0.02)
Passed Vit filter:                         7  (0.00188679); expected 3.7 (0.001)
Passed Fwd filter:                         2  (0.000539084); expected 0.0 (1e-05)
Initial search space (Z):               3710  [actual number of targets]
Domain search space  (domZ):               0  [number of targets reported over threshold]
# CPU time: 0.04u 0.00s 00:00:00.04 Elapsed: 00:00:00.04
# Mc/sec: 8204.82
//
Query:       TIGR03676  [M=403]
Accession:   TIGR03676
Description: aRF1/eRF1: peptide chain release factor 1, archaeal and eukaryotic forms
Scores for complete sequences (score includes all domains):
   --- full sequence ---   --- best 1 domain ---    -#dom-
    E-value  score  bias    E-value  score  bias    exp  N  Sequence Description
    ------- ------ -----    ------- ------ -----   ---- --  -------- -----------

   [No hits detected that satisfy reporting thresholds]


Domain annotation for each sequence:

   [No targets detected that satisfy reporting thresholds]


Internal pipeline statistics summary:
-------------------------------------
Query model(s):                            1  (403 nodes)
Target sequences:                       3710  (1159305 residues searched)
Passed MSV filter:                        81  (0.0218329); expected 74.2 (0.02)
Passed bias filter:                       68  (0.0183288); expected 74.2 (0.02)
Passed Vit filter:                         5  (0.00134771); expected 3.7 (0.001)
Passed Fwd filter:                         0  (0); expected 0.0 (1e-05)
Initial search space (Z):               3710  [actual number of targets]
Domain search space  (domZ):               0  [number of targets reported over threshold]
# CPU time: 0.03u 0.00s 00:00:00.03 Elapsed: 00:00:00.03
# Mc/sec: 13657.88
//
Query:       TIGR03680  [M=407]
Accession:   TIGR03680
Description: eif2g_arch: translation initiation factor 2, gamma subunit
Scores for complete sequences (score includes all domains):
   --- full sequence ---   --- best 1 domain ---    -#dom-
    E-value  score  bias    E-value  score  bias    exp  N  Sequence Description
    ------- ------ -----    ------- ------ -----   ---- --  -------- -----------

   [No hits detected that satisfy reporting thresholds]


Domain annotation for each sequence:

   [No targets detected that satisfy reporting thresholds]


Internal pipeline statistics summary:
-------------------------------------
Query model(s):                            1  (407 nodes)
Target sequences:                       3710  (1159305 residues searched)
Passed MSV filter:                       132  (0.0355795); expected 74.2 (0.02)
Passed bias filter:                      111  (0.0299191); expected 74.2 (0.02)
Passed Vit filter:                        21  (0.00566038); expected 3.7 (0.001)
Passed Fwd filter:                         9  (0.00242588); expected 0.0 (1e-05)
Initial search space (Z):               3710  [actual number of targets]
Domain search space  (domZ):               0  [number of targets reported over threshold]
# CPU time: 0.08u 0.00s 00:00:00.08 Elapsed: 00:00:00.07
# Mc/sec: 6314.18
//
Query:       TIGR03723  [M=314]
Accession:   TIGR03723
Description: T6A_TsaD_YgjD: tRNA threonylcarbamoyl adenosine modification protein TsaD
Scores for complete sequences (score includes all domains):
   --- full sequence ---   --- best 1 domain ---    -#dom-
    E-value  score  bias    E-value  score  bias    exp  N  Sequence              Description
    ------- ------ -----    ------- ------ -----   ---- --  --------              -----------
   5.2e-122  404.6   0.6   5.9e-122  404.4   0.6    1.0  1  CDSOGA010000002.1_246  # 229580 # 230659 # -1 # ID=2_246;partial=00;start_type=GTG;rbs_motif=4Base/6BMM;rbs_spacer=13-15bp;gc_cont=0.638


Domain annotation for each sequence:
>> CDSOGA010000002.1_246  # 229580 # 230659 # -1 # ID=2_246;partial=00;start_type=GTG;rbs_motif=4Base/6BMM;rbs_spacer=13-15bp;gc_cont=0.638
   #    score  bias  c-Evalue  i-Evalue hmmfrom  hmm to    alifrom  ali to    envfrom  env to     acc
 ---   ------ ----- --------- --------- ------- -------    ------- -------    ------- -------    ----
   1 !  404.4   0.6  1.6e-125  5.9e-122       1     313 [.       9     329 ..       9     330 .. 0.96



Internal pipeline statistics summary:
-------------------------------------
Query model(s):                            1  (314 nodes)
Target sequences:                       3710  (1159305 residues searched)
Passed MSV filter:                        97  (0.0261456); expected 74.2 (0.02)
Passed bias filter:                       71  (0.0191375); expected 74.2 (0.02)
Passed Vit filter:                         8  (0.00215633); expected 3.7 (0.001)
Passed Fwd filter:                         2  (0.000539084); expected 0.0 (1e-05)
Initial search space (Z):               3710  [actual number of targets]
Domain search space  (domZ):               1  [number of targets reported over threshold]
# CPU time: 0.03u 0.00s 00:00:00.03 Elapsed: 00:00:00.04
# Mc/sec: 8870.58
//
Query:       TIGR03725  [M=212]
Accession:   TIGR03725
Description: T6A_YeaZ: tRNA threonylcarbamoyl adenosine modification protein YeaZ
Scores for complete sequences (score includes all domains):
   --- full sequence ---   --- best 1 domain ---    -#dom-
    E-value  score  bias    E-value  score  bias    exp  N  Sequence             Description
    ------- ------ -----    ------- ------ -----   ---- --  --------             -----------
    1.6e-34  117.4   1.0    1.9e-34  117.2   1.0    1.0  1  CDSOGA010000011.1_23  # 18822 # 19436 # -1 # ID=11_23;partial=00;start_type=ATG;rbs_motif=AGxAGG/AGGxGG;rbs_spacer=5-10bp;gc_cont=0.663


Domain annotation for each sequence:
>> CDSOGA010000011.1_23  # 18822 # 19436 # -1 # ID=11_23;partial=00;start_type=ATG;rbs_motif=AGxAGG/AGGxGG;rbs_spacer=5-10bp;gc_cont=0.663
   #    score  bias  c-Evalue  i-Evalue hmmfrom  hmm to    alifrom  ali to    envfrom  env to     acc
 ---   ------ ----- --------- --------- ------- -------    ------- -------    ------- -------    ----
   1 !  117.2   1.0   5.1e-38   1.9e-34       1     168 [.       8     164 ..       8     201 .. 0.81



Internal pipeline statistics summary:
-------------------------------------
Query model(s):                            1  (212 nodes)
Target sequences:                       3710  (1159305 residues searched)
Passed MSV filter:                       190  (0.0512129); expected 74.2 (0.02)
Passed bias filter:                      109  (0.0293801); expected 74.2 (0.02)
Passed Vit filter:                        11  (0.00296496); expected 3.7 (0.001)
Passed Fwd filter:                         2  (0.000539084); expected 0.0 (1e-05)
Initial search space (Z):               3710  [actual number of targets]
Domain search space  (domZ):               1  [number of targets reported over threshold]
# CPU time: 0.03u 0.00s 00:00:00.03 Elapsed: 00:00:00.03
# Mc/sec: 6166.25
//
Query:       TIGR03953  [M=188]
Accession:   TIGR03953
Description: rplD_bact: 50S ribosomal protein uL4
Scores for complete sequences (score includes all domains):
   --- full sequence ---   --- best 1 domain ---    -#dom-
    E-value  score  bias    E-value  score  bias    exp  N  Sequence              Description
    ------- ------ -----    ------- ------ -----   ---- --  --------              -----------
    1.9e-64  214.2   0.1    2.1e-64  214.0   0.1    1.0  1  CDSOGA010000004.1_237  # 242644 # 243264 # -1 # ID=4_237;partial=00;start_type=ATG;rbs_motif=GGA/GAG/AGG;rbs_spacer=5-10bp;gc_cont=0.597


Domain annotation for each sequence:
>> CDSOGA010000004.1_237  # 242644 # 243264 # -1 # ID=4_237;partial=00;start_type=ATG;rbs_motif=GGA/GAG/AGG;rbs_spacer=5-10bp;gc_cont=0.597
   #    score  bias  c-Evalue  i-Evalue hmmfrom  hmm to    alifrom  ali to    envfrom  env to     acc
 ---   ------ ----- --------- --------- ------- -------    ------- -------    ------- -------    ----
   1 !  214.0   0.1   5.7e-68   2.1e-64       1     187 [.      16     202 ..      16     203 .. 0.99



Internal pipeline statistics summary:
-------------------------------------
Query model(s):                            1  (188 nodes)
Target sequences:                       3710  (1159305 residues searched)
Passed MSV filter:                        50  (0.0134771); expected 74.2 (0.02)
Passed bias filter:                       39  (0.0105121); expected 74.2 (0.02)
Passed Vit filter:                         6  (0.00161725); expected 3.7 (0.001)
Passed Fwd filter:                         2  (0.000539084); expected 0.0 (1e-05)
Initial search space (Z):               3710  [actual number of targets]
Domain search space  (domZ):               1  [number of targets reported over threshold]
# CPU time: 0.02u 0.00s 00:00:00.02 Elapsed: 00:00:00.02
# Mc/sec: 7338.57
//
[ok]
