# hmmsearch :: search profile(s) against a sequence database
# HMMER 3.4 (Aug 2023); http://hmmer.org/
# Copyright (C) 2023 Howard Hughes Medical Institute.
# Freely distributed under the BSD open source license.
# - - - - - - - - - - - - - - - - - - - - - - - - - - - - - - - - - - - -
# query HMM file:                  /dgxb_home/se26plsc001/arvind/Devosia_BGC/data/databases/gtdbtk_r232/release232/markers/tigrfam/tigrfam.hmm
# target sequence database:        results/05_phylogeny/identify_all/identify/intermediate_results/marker_genes/query_GCF_059070485.1/query_GCF_059070485.1_protein.faa
# output directed to file:         results/05_phylogeny/identify_all/identify/intermediate_results/marker_genes/query_GCF_059070485.1/query_GCF_059070485.1_tigrfam.out
# per-seq hits tabular output:     results/05_phylogeny/identify_all/identify/intermediate_results/marker_genes/query_GCF_059070485.1/query_GCF_059070485.1_tigrfam.tsv
# show alignments in output:       no
# max ASCII text line length:      unlimited
# model-specific thresholding:     NC cutoffs
# number of worker threads:        1
# - - - - - - - - - - - - - - - - - - - - - - - - - - - - - - - - - - - -

Query:       TIGR00006  [M=310]
Accession:   TIGR00006
Description: TIGR00006: 16S rRNA (cytosine(1402)-N(4))-methyltransferase
Scores for complete sequences (score includes all domains):
   --- full sequence ---   --- best 1 domain ---    -#dom-
    E-value  score  bias    E-value  score  bias    exp  N  Sequence                  Description
    ------- ------ -----    ------- ------ -----   ---- --  --------                  -----------
      6e-83  276.5   0.0      7e-83  276.2   0.0    1.0  1  NZ_JCACVZ010000001.1_1022  # 1037158 # 1038159 # 1 # ID=1_1022;partial=00;start_type=ATG;rbs_motif=AGGA/GGAG/GAGG;rbs_spacer=11-12bp;gc_cont=0.683


Domain annotation for each sequence:
>> NZ_JCACVZ010000001.1_1022  # 1037158 # 1038159 # 1 # ID=1_1022;partial=00;start_type=ATG;rbs_motif=AGGA/GGAG/GAGG;rbs_spacer=11-12bp;gc_cont=0.683
   #    score  bias  c-Evalue  i-Evalue hmmfrom  hmm to    alifrom  ali to    envfrom  env to     acc
 ---   ------ ----- --------- --------- ------- -------    ------- -------    ------- -------    ----
   1 !  276.2   0.0   1.9e-86     7e-83       4     307 ..      13     309 ..      10     312 .. 0.95



Internal pipeline statistics summary:
-------------------------------------
Query model(s):                            1  (310 nodes)
Target sequences:                       3626  (1103641 residues searched)
Passed MSV filter:                        68  (0.0187534); expected 72.5 (0.02)
Passed bias filter:                       60  (0.0165472); expected 72.5 (0.02)
Passed Vit filter:                        11  (0.00303365); expected 3.6 (0.001)
Passed Fwd filter:                         2  (0.000551572); expected 0.0 (1e-05)
Initial search space (Z):               3626  [actual number of targets]
Domain search space  (domZ):               1  [number of targets reported over threshold]
# CPU time: 0.03u 0.00s 00:00:00.03 Elapsed: 00:00:00.03
# Mc/sec: 11335.82
//
Query:       TIGR00019  [M=361]
Accession:   TIGR00019
Description: prfA: peptide chain release factor 1
Scores for complete sequences (score includes all domains):
   --- full sequence ---   --- best 1 domain ---    -#dom-
    E-value  score  bias    E-value  score  bias    exp  N  Sequence                  Description
    ------- ------ -----    ------- ------ -----   ---- --  --------                  -----------
   3.5e-153  507.4   2.5   4.2e-153  507.1   2.5    1.0  1  NZ_JCACVZ010000001.1_3616  # 3663863 # 3664939 # 1 # ID=1_3616;partial=00;start_type=ATG;rbs_motif=None;rbs_spacer=None;gc_cont=0.626


Domain annotation for each sequence:
>> NZ_JCACVZ010000001.1_3616  # 3663863 # 3664939 # 1 # ID=1_3616;partial=00;start_type=ATG;rbs_motif=None;rbs_spacer=None;gc_cont=0.626
   #    score  bias  c-Evalue  i-Evalue hmmfrom  hmm to    alifrom  ali to    envfrom  env to     acc
 ---   ------ ----- --------- --------- ------- -------    ------- -------    ------- -------    ----
   1 !  507.1   2.5  1.2e-156  4.2e-153       8     359 ..       7     355 ..       4     357 .. 0.98



Internal pipeline statistics summary:
-------------------------------------
Query model(s):                            1  (361 nodes)
Target sequences:                       3626  (1103641 residues searched)
Passed MSV filter:                       100  (0.0275786); expected 72.5 (0.02)
Passed bias filter:                       71  (0.0195808); expected 72.5 (0.02)
Passed Vit filter:                        11  (0.00303365); expected 3.6 (0.001)
Passed Fwd filter:                         3  (0.000827358); expected 0.0 (1e-05)
Initial search space (Z):               3626  [actual number of targets]
Domain search space  (domZ):               1  [number of targets reported over threshold]
# CPU time: 0.02u 0.01s 00:00:00.03 Elapsed: 00:00:00.03
# Mc/sec: 10702.27
//
Query:       TIGR00020  [M=365]
Accession:   TIGR00020
Description: prfB: peptide chain release factor 2
Scores for complete sequences (score includes all domains):
   --- full sequence ---   --- best 1 domain ---    -#dom-
    E-value  score  bias    E-value  score  bias    exp  N  Sequence                  Description
    ------- ------ -----    ------- ------ -----   ---- --  --------                  -----------
   1.4e-142  472.7   4.2   1.5e-142  472.5   4.2    1.0  1  NZ_JCACVZ010000001.1_1379  # 1393341 # 1394303 # 1 # ID=1_1379;partial=00;start_type=ATG;rbs_motif=GGA/GAG/AGG;rbs_spacer=11-12bp;gc_cont=0.636


Domain annotation for each sequence:
>> NZ_JCACVZ010000001.1_1379  # 1393341 # 1394303 # 1 # ID=1_1379;partial=00;start_type=ATG;rbs_motif=GGA/GAG/AGG;rbs_spacer=11-12bp;gc_cont=0.636
   #    score  bias  c-Evalue  i-Evalue hmmfrom  hmm to    alifrom  ali to    envfrom  env to     acc
 ---   ------ ----- --------- --------- ------- -------    ------- -------    ------- -------    ----
   1 !  472.5   4.2  4.2e-146  1.5e-142      57     363 ..       2     308 ..       1     310 [. 0.99



Internal pipeline statistics summary:
-------------------------------------
Query model(s):                            1  (365 nodes)
Target sequences:                       3626  (1103641 residues searched)
Passed MSV filter:                        85  (0.0234418); expected 72.5 (0.02)
Passed bias filter:                       65  (0.0179261); expected 72.5 (0.02)
Passed Vit filter:                         6  (0.00165472); expected 3.6 (0.001)
Passed Fwd filter:                         3  (0.000827358); expected 0.0 (1e-05)
Initial search space (Z):               3626  [actual number of targets]
Domain search space  (domZ):               1  [number of targets reported over threshold]
# CPU time: 0.03u 0.00s 00:00:00.03 Elapsed: 00:00:00.03
# Mc/sec: 13110.18
//
Query:       TIGR00029  [M=87]
Accession:   TIGR00029
Description: S20: ribosomal protein bS20
Scores for complete sequences (score includes all domains):
   --- full sequence ---   --- best 1 domain ---    -#dom-
    E-value  score  bias    E-value  score  bias    exp  N  Sequence                  Description
    ------- ------ -----    ------- ------ -----   ---- --  --------                  -----------
    1.1e-20   71.7   9.6    1.2e-20   71.5   9.6    1.0  1  NZ_JCACVZ010000001.1_3016  # 3082126 # 3082392 # -1 # ID=1_3016;partial=00;start_type=ATG;rbs_motif=GGAG/GAGG;rbs_spacer=5-10bp;gc_cont=0.667


Domain annotation for each sequence:
>> NZ_JCACVZ010000001.1_3016  # 3082126 # 3082392 # -1 # ID=1_3016;partial=00;start_type=ATG;rbs_motif=GGAG/GAGG;rbs_spacer=5-10bp;gc_cont=0.667
   #    score  bias  c-Evalue  i-Evalue hmmfrom  hmm to    alifrom  ali to    envfrom  env to     acc
 ---   ------ ----- --------- --------- ------- -------    ------- -------    ------- -------    ----
   1 !   71.5   9.6   3.2e-24   1.2e-20       1      86 [.       1      86 [.       1      87 [. 0.98



Internal pipeline statistics summary:
-------------------------------------
Query model(s):                            1  (87 nodes)
Target sequences:                       3626  (1103641 residues searched)
Passed MSV filter:                        91  (0.0250965); expected 72.5 (0.02)
Passed bias filter:                       72  (0.0198566); expected 72.5 (0.02)
Passed Vit filter:                         3  (0.000827358); expected 3.6 (0.001)
Passed Fwd filter:                         1  (0.000275786); expected 0.0 (1e-05)
Initial search space (Z):               3626  [actual number of targets]
Domain search space  (domZ):               1  [number of targets reported over threshold]
# CPU time: 0.02u 0.00s 00:00:00.02 Elapsed: 00:00:00.02
# Mc/sec: 3230.35
//
Query:       TIGR00037  [M=130]
Accession:   TIGR00037
Description: eIF_5A: translation elongation factor IF5A
Scores for complete sequences (score includes all domains):
   --- full sequence ---   --- best 1 domain ---    -#dom-
    E-value  score  bias    E-value  score  bias    exp  N  Sequence Description
    ------- ------ -----    ------- ------ -----   ---- --  -------- -----------

   [No hits detected that satisfy reporting thresholds]


Domain annotation for each sequence:

   [No targets detected that satisfy reporting thresholds]


Internal pipeline statistics summary:
-------------------------------------
Query model(s):                            1  (130 nodes)
Target sequences:                       3626  (1103641 residues searched)
Passed MSV filter:                        51  (0.0140651); expected 72.5 (0.02)
Passed bias filter:                       45  (0.0124104); expected 72.5 (0.02)
Passed Vit filter:                         2  (0.000551572); expected 3.6 (0.001)
Passed Fwd filter:                         0  (0); expected 0.0 (1e-05)
Initial search space (Z):               3626  [actual number of targets]
Domain search space  (domZ):               0  [number of targets reported over threshold]
# CPU time: 0.02u 0.01s 00:00:00.03 Elapsed: 00:00:00.03
# Mc/sec: 3647.74
//
Query:       TIGR00043  [M=111]
Accession:   TIGR00043
Description: TIGR00043: rRNA maturation RNase YbeY
Scores for complete sequences (score includes all domains):
   --- full sequence ---   --- best 1 domain ---    -#dom-
    E-value  score  bias    E-value  score  bias    exp  N  Sequence                  Description
    ------- ------ -----    ------- ------ -----   ---- --  --------                  -----------
    3.8e-34  114.8   0.0    4.7e-34  114.5   0.0    1.1  1  NZ_JCACVZ010000001.1_3142  # 3203879 # 3204355 # 1 # ID=1_3142;partial=00;start_type=ATG;rbs_motif=4Base/6BMM;rbs_spacer=13-15bp;gc_cont=0.616


Domain annotation for each sequence:
>> NZ_JCACVZ010000001.1_3142  # 3203879 # 3204355 # 1 # ID=1_3142;partial=00;start_type=ATG;rbs_motif=4Base/6BMM;rbs_spacer=13-15bp;gc_cont=0.616
   #    score  bias  c-Evalue  i-Evalue hmmfrom  hmm to    alifrom  ali to    envfrom  env to     acc
 ---   ------ ----- --------- --------- ------- -------    ------- -------    ------- -------    ----
   1 !  114.5   0.0   1.3e-37   4.7e-34       2     110 ..      46     150 ..      45     151 .. 0.94



Internal pipeline statistics summary:
-------------------------------------
Query model(s):                            1  (111 nodes)
Target sequences:                       3626  (1103641 residues searched)
Passed MSV filter:                        58  (0.0159956); expected 72.5 (0.02)
Passed bias filter:                       55  (0.0151682); expected 72.5 (0.02)
Passed Vit filter:                         2  (0.000551572); expected 3.6 (0.001)
Passed Fwd filter:                         1  (0.000275786); expected 0.0 (1e-05)
Initial search space (Z):               3626  [actual number of targets]
Domain search space  (domZ):               1  [number of targets reported over threshold]
# CPU time: 0.01u 0.00s 00:00:00.01 Elapsed: 00:00:00.01
# Mc/sec: 7182.97
//
Query:       TIGR00054  [M=421]
Accession:   TIGR00054
Description: TIGR00054: RIP metalloprotease RseP
Scores for complete sequences (score includes all domains):
   --- full sequence ---   --- best 1 domain ---    -#dom-
    E-value  score  bias    E-value  score  bias    exp  N  Sequence                  Description
    ------- ------ -----    ------- ------ -----   ---- --  --------                  -----------
    3.6e-84  280.7   0.0    2.8e-52  175.6   0.0    2.0  2  NZ_JCACVZ010000001.1_1537  # 1553734 # 1554870 # -1 # ID=1_1537;partial=00;start_type=ATG;rbs_motif=GGA/GAG/AGG;rbs_spacer=5-10bp;gc_cont=0.617


Domain annotation for each sequence:
>> NZ_JCACVZ010000001.1_1537  # 1553734 # 1554870 # -1 # ID=1_1537;partial=00;start_type=ATG;rbs_motif=GGA/GAG/AGG;rbs_spacer=5-10bp;gc_cont=0.617
   #    score  bias  c-Evalue  i-Evalue hmmfrom  hmm to    alifrom  ali to    envfrom  env to     acc
 ---   ------ ----- --------- --------- ------- -------    ------- -------    ------- -------    ----
   1 !  103.4   0.0   6.6e-34   2.4e-30       7     118 ..      12     135 ..       6     143 .. 0.81
   2 !  175.6   0.0   7.9e-56   2.8e-52     204     416 ..     144     369 ..     138     371 .. 0.97



Internal pipeline statistics summary:
-------------------------------------
Query model(s):                            1  (421 nodes)
Target sequences:                       3626  (1103641 residues searched)
Passed MSV filter:                        93  (0.0256481); expected 72.5 (0.02)
Passed bias filter:                       72  (0.0198566); expected 72.5 (0.02)
Passed Vit filter:                        13  (0.00358522); expected 3.6 (0.001)
Passed Fwd filter:                         5  (0.00137893); expected 0.0 (1e-05)
Initial search space (Z):               3626  [actual number of targets]
Domain search space  (domZ):               1  [number of targets reported over threshold]
# CPU time: 0.05u 0.00s 00:00:00.05 Elapsed: 00:00:00.05
# Mc/sec: 7999.67
//
Query:       TIGR00059  [M=112]
Accession:   TIGR00059
Description: L17: ribosomal protein bL17
Scores for complete sequences (score includes all domains):
   --- full sequence ---   --- best 1 domain ---    -#dom-
    E-value  score  bias    E-value  score  bias    exp  N  Sequence                  Description
    ------- ------ -----    ------- ------ -----   ---- --  --------                  -----------
    8.3e-45  149.4   0.2      1e-44  149.1   0.2    1.0  1  NZ_JCACVZ010000001.1_1739  # 1739584 # 1740006 # -1 # ID=1_1739;partial=00;start_type=ATG;rbs_motif=AGGAG;rbs_spacer=5-10bp;gc_cont=0.643


Domain annotation for each sequence:
>> NZ_JCACVZ010000001.1_1739  # 1739584 # 1740006 # -1 # ID=1_1739;partial=00;start_type=ATG;rbs_motif=AGGAG;rbs_spacer=5-10bp;gc_cont=0.643
   #    score  bias  c-Evalue  i-Evalue hmmfrom  hmm to    alifrom  ali to    envfrom  env to     acc
 ---   ------ ----- --------- --------- ------- -------    ------- -------    ------- -------    ----
   1 !  149.1   0.2   2.8e-48     1e-44       2     112 .]       7     117 ..       6     117 .. 0.99



Internal pipeline statistics summary:
-------------------------------------
Query model(s):                            1  (112 nodes)
Target sequences:                       3626  (1103641 residues searched)
Passed MSV filter:                        73  (0.0201324); expected 72.5 (0.02)
Passed bias filter:                       61  (0.0168229); expected 72.5 (0.02)
Passed Vit filter:                         6  (0.00165472); expected 3.6 (0.001)
Passed Fwd filter:                         1  (0.000275786); expected 0.0 (1e-05)
Initial search space (Z):               3626  [actual number of targets]
Domain search space  (domZ):               1  [number of targets reported over threshold]
# CPU time: 0.02u 0.00s 00:00:00.02 Elapsed: 00:00:00.01
# Mc/sec: 7939.83
//
Query:       TIGR00061  [M=101]
Accession:   TIGR00061
Description: L21: ribosomal protein bL21
Scores for complete sequences (score includes all domains):
   --- full sequence ---   --- best 1 domain ---    -#dom-
    E-value  score  bias    E-value  score  bias    exp  N  Sequence                  Description
    ------- ------ -----    ------- ------ -----   ---- --  --------                  -----------
    8.8e-31  104.0   0.7    1.5e-30  103.3   0.7    1.4  1  NZ_JCACVZ010000001.1_3379  # 3419413 # 3420021 # -1 # ID=1_3379;partial=00;start_type=ATG;rbs_motif=GGA/GAG/AGG;rbs_spacer=5-10bp;gc_cont=0.642


Domain annotation for each sequence:
>> NZ_JCACVZ010000001.1_3379  # 3419413 # 3420021 # -1 # ID=1_3379;partial=00;start_type=ATG;rbs_motif=GGA/GAG/AGG;rbs_spacer=5-10bp;gc_cont=0.642
   #    score  bias  c-Evalue  i-Evalue hmmfrom  hmm to    alifrom  ali to    envfrom  env to     acc
 ---   ------ ----- --------- --------- ------- -------    ------- -------    ------- -------    ----
   1 !  103.3   0.7   4.1e-34   1.5e-30       1     100 [.      25     120 ..      25     121 .. 0.98



Internal pipeline statistics summary:
-------------------------------------
Query model(s):                            1  (101 nodes)
Target sequences:                       3626  (1103641 residues searched)
Passed MSV filter:                        53  (0.0146167); expected 72.5 (0.02)
Passed bias filter:                       47  (0.0129619); expected 72.5 (0.02)
Passed Vit filter:                         5  (0.00137893); expected 3.6 (0.001)
Passed Fwd filter:                         1  (0.000275786); expected 0.0 (1e-05)
Initial search space (Z):               3626  [actual number of targets]
Domain search space  (domZ):               1  [number of targets reported over threshold]
# CPU time: 0.02u 0.00s 00:00:00.02 Elapsed: 00:00:00.03
# Mc/sec: 3174.22
//
Query:       TIGR00064  [M=279]
Accession:   TIGR00064
Description: ftsY: signal recognition particle-docking protein FtsY
Scores for complete sequences (score includes all domains):
   --- full sequence ---   --- best 1 domain ---    -#dom-
    E-value  score  bias    E-value  score  bias    exp  N  Sequence                  Description
    ------- ------ -----    ------- ------ -----   ---- --  --------                  -----------
    1.6e-99  330.3   2.9    1.9e-99  330.1   2.9    1.0  1  NZ_JCACVZ010000001.1_3311  # 3358390 # 3359574 # -1 # ID=1_3311;partial=00;start_type=ATG;rbs_motif=AGGAG/GGAGG;rbs_spacer=11-12bp;gc_cont=0.663


Domain annotation for each sequence:
>> NZ_JCACVZ010000001.1_3311  # 3358390 # 3359574 # -1 # ID=1_3311;partial=00;start_type=ATG;rbs_motif=AGGAG/GGAGG;rbs_spacer=11-12bp;gc_cont=0.663
   #    score  bias  c-Evalue  i-Evalue hmmfrom  hmm to    alifrom  ali to    envfrom  env to     acc
 ---   ------ ----- --------- --------- ------- -------    ------- -------    ------- -------    ----
   1 !  330.1   2.9  5.2e-103   1.9e-99       3     278 ..     122     390 ..     120     391 .. 0.96



Internal pipeline statistics summary:
-------------------------------------
Query model(s):                            1  (279 nodes)
Target sequences:                       3626  (1103641 residues searched)
Passed MSV filter:                       211  (0.0581908); expected 72.5 (0.02)
Passed bias filter:                      173  (0.047711); expected 72.5 (0.02)
Passed Vit filter:                        59  (0.0162714); expected 3.6 (0.001)
Passed Fwd filter:                        12  (0.00330943); expected 0.0 (1e-05)
Initial search space (Z):               3626  [actual number of targets]
Domain search space  (domZ):               1  [number of targets reported over threshold]
# CPU time: 0.05u 0.01s 00:00:00.06 Elapsed: 00:00:00.06
# Mc/sec: 4723.26
//
Query:       TIGR00065  [M=353]
Accession:   TIGR00065
Description: ftsZ: cell division protein FtsZ
Scores for complete sequences (score includes all domains):
   --- full sequence ---   --- best 1 domain ---    -#dom-
    E-value  score  bias    E-value  score  bias    exp  N  Sequence                  Description
    ------- ------ -----    ------- ------ -----   ---- --  --------                  -----------
   1.5e-123  410.2   3.2   2.1e-123  409.8   3.2    1.1  1  NZ_JCACVZ010000001.1_1035  # 1052198 # 1053862 # 1 # ID=1_1035;partial=00;start_type=ATG;rbs_motif=None;rbs_spacer=None;gc_cont=0.658


Domain annotation for each sequence:
>> NZ_JCACVZ010000001.1_1035  # 1052198 # 1053862 # 1 # ID=1_1035;partial=00;start_type=ATG;rbs_motif=None;rbs_spacer=None;gc_cont=0.658
   #    score  bias  c-Evalue  i-Evalue hmmfrom  hmm to    alifrom  ali to    envfrom  env to     acc
 ---   ------ ----- --------- --------- ------- -------    ------- -------    ------- -------    ----
   1 !  409.8   3.2  5.7e-127  2.1e-123      15     334 ..      13     329 ..       4     347 .. 0.96



Internal pipeline statistics summary:
-------------------------------------
Query model(s):                            1  (353 nodes)
Target sequences:                       3626  (1103641 residues searched)
Passed MSV filter:                       143  (0.0394374); expected 72.5 (0.02)
Passed bias filter:                      113  (0.0311638); expected 72.5 (0.02)
Passed Vit filter:                        10  (0.00275786); expected 3.6 (0.001)
Passed Fwd filter:                         1  (0.000275786); expected 0.0 (1e-05)
Initial search space (Z):               3626  [actual number of targets]
Domain search space  (domZ):               1  [number of targets reported over threshold]
# CPU time: 0.03u 0.00s 00:00:00.03 Elapsed: 00:00:00.03
# Mc/sec: 11966.71
//
Query:       TIGR00082  [M=115]
Accession:   TIGR00082
Description: rbfA: ribosome-binding factor A
Scores for complete sequences (score includes all domains):
   --- full sequence ---   --- best 1 domain ---    -#dom-
    E-value  score  bias    E-value  score  bias    exp  N  Sequence                  Description
    ------- ------ -----    ------- ------ -----   ---- --  --------                  -----------
    4.6e-15   53.8   0.0    6.1e-15   53.4   0.0    1.0  1  NZ_JCACVZ010000001.1_2943  # 3017307 # 3017717 # -1 # ID=1_2943;partial=00;start_type=ATG;rbs_motif=3Base/5BMM;rbs_spacer=13-15bp;gc_cont=0.667


Domain annotation for each sequence:
>> NZ_JCACVZ010000001.1_2943  # 3017307 # 3017717 # -1 # ID=1_2943;partial=00;start_type=ATG;rbs_motif=3Base/5BMM;rbs_spacer=13-15bp;gc_cont=0.667
   #    score  bias  c-Evalue  i-Evalue hmmfrom  hmm to    alifrom  ali to    envfrom  env to     acc
 ---   ------ ----- --------- --------- ------- -------    ------- -------    ------- -------    ----
   1 !   53.4   0.0   1.7e-18   6.1e-15       5     110 ..      12     119 ..      10     122 .. 0.92



Internal pipeline statistics summary:
-------------------------------------
Query model(s):                            1  (115 nodes)
Target sequences:                       3626  (1103641 residues searched)
Passed MSV filter:                        40  (0.0110314); expected 72.5 (0.02)
Passed bias filter:                       39  (0.0107557); expected 72.5 (0.02)
Passed Vit filter:                         2  (0.000551572); expected 3.6 (0.001)
Passed Fwd filter:                         1  (0.000275786); expected 0.0 (1e-05)
Initial search space (Z):               3626  [actual number of targets]
Domain search space  (domZ):               1  [number of targets reported over threshold]
# CPU time: 0.01u 0.00s 00:00:00.01 Elapsed: 00:00:00.02
# Mc/sec: 5246.40
//
Query:       TIGR00083  [M=290]
Accession:   TIGR00083
Description: ribF: riboflavin biosynthesis protein RibF
Scores for complete sequences (score includes all domains):
   --- full sequence ---   --- best 1 domain ---    -#dom-
    E-value  score  bias    E-value  score  bias    exp  N  Sequence                  Description
    ------- ------ -----    ------- ------ -----   ---- --  --------                  -----------
    1.4e-72  242.2   0.0    1.7e-72  242.0   0.0    1.0  1  NZ_JCACVZ010000001.1_2473  # 2520665 # 2521681 # -1 # ID=1_2473;partial=00;start_type=ATG;rbs_motif=GGA/GAG/AGG;rbs_spacer=5-10bp;gc_cont=0.668


Domain annotation for each sequence:
>> NZ_JCACVZ010000001.1_2473  # 2520665 # 2521681 # -1 # ID=1_2473;partial=00;start_type=ATG;rbs_motif=GGA/GAG/AGG;rbs_spacer=5-10bp;gc_cont=0.668
   #    score  bias  c-Evalue  i-Evalue hmmfrom  hmm to    alifrom  ali to    envfrom  env to     acc
 ---   ------ ----- --------- --------- ------- -------    ------- -------    ------- -------    ----
   1 !  242.0   0.0   4.6e-76   1.7e-72       2     289 ..      36     321 ..      35     322 .. 0.95



Internal pipeline statistics summary:
-------------------------------------
Query model(s):                            1  (290 nodes)
Target sequences:                       3626  (1103641 residues searched)
Passed MSV filter:                        63  (0.0173745); expected 72.5 (0.02)
Passed bias filter:                       60  (0.0165472); expected 72.5 (0.02)
Passed Vit filter:                         3  (0.000827358); expected 3.6 (0.001)
Passed Fwd filter:                         1  (0.000275786); expected 0.0 (1e-05)
Initial search space (Z):               3626  [actual number of targets]
Domain search space  (domZ):               1  [number of targets reported over threshold]
# CPU time: 0.03u 0.00s 00:00:00.03 Elapsed: 00:00:00.03
# Mc/sec: 10565.12
//
Query:       TIGR00084  [M=192]
Accession:   TIGR00084
Description: ruvA: Holliday junction DNA helicase RuvA
Scores for complete sequences (score includes all domains):
   --- full sequence ---   --- best 1 domain ---    -#dom-
    E-value  score  bias    E-value  score  bias    exp  N  Sequence                 Description
    ------- ------ -----    ------- ------ -----   ---- --  --------                 -----------
    1.3e-37  126.8   0.0    1.6e-37  126.5   0.0    1.0  1  NZ_JCACVZ010000001.1_207  # 193185 # 193802 # 1 # ID=1_207;partial=00;start_type=ATG;rbs_motif=GGxGG;rbs_spacer=5-10bp;gc_cont=0.672


Domain annotation for each sequence:
>> NZ_JCACVZ010000001.1_207  # 193185 # 193802 # 1 # ID=1_207;partial=00;start_type=ATG;rbs_motif=GGxGG;rbs_spacer=5-10bp;gc_cont=0.672
   #    score  bias  c-Evalue  i-Evalue hmmfrom  hmm to    alifrom  ali to    envfrom  env to     acc
 ---   ------ ----- --------- --------- ------- -------    ------- -------    ------- -------    ----
   1 !  126.5   0.0   4.4e-41   1.6e-37       1     186 [.       1     199 [.       1     204 [. 0.94



Internal pipeline statistics summary:
-------------------------------------
Query model(s):                            1  (192 nodes)
Target sequences:                       3626  (1103641 residues searched)
Passed MSV filter:                        81  (0.0223387); expected 72.5 (0.02)
Passed bias filter:                       76  (0.0209597); expected 72.5 (0.02)
Passed Vit filter:                         5  (0.00137893); expected 3.6 (0.001)
Passed Fwd filter:                         1  (0.000275786); expected 0.0 (1e-05)
Initial search space (Z):               3626  [actual number of targets]
Domain search space  (domZ):               1  [number of targets reported over threshold]
# CPU time: 0.02u 0.00s 00:00:00.02 Elapsed: 00:00:00.01
# Mc/sec: 14458.58
//
Query:       TIGR00086  [M=144]
Accession:   TIGR00086
Description: smpB: SsrA-binding protein
Scores for complete sequences (score includes all domains):
   --- full sequence ---   --- best 1 domain ---    -#dom-
    E-value  score  bias    E-value  score  bias    exp  N  Sequence                  Description
    ------- ------ -----    ------- ------ -----   ---- --  --------                  -----------
    1.1e-54  182.0   0.3    1.3e-54  181.8   0.3    1.0  1  NZ_JCACVZ010000001.1_1898  # 1888674 # 1889174 # -1 # ID=1_1898;partial=00;start_type=ATG;rbs_motif=None;rbs_spacer=None;gc_cont=0.603


Domain annotation for each sequence:
>> NZ_JCACVZ010000001.1_1898  # 1888674 # 1889174 # -1 # ID=1_1898;partial=00;start_type=ATG;rbs_motif=None;rbs_spacer=None;gc_cont=0.603
   #    score  bias  c-Evalue  i-Evalue hmmfrom  hmm to    alifrom  ali to    envfrom  env to     acc
 ---   ------ ----- --------- --------- ------- -------    ------- -------    ------- -------    ----
   1 !  181.8   0.3   3.7e-58   1.3e-54       2     144 .]      19     161 ..      18     161 .. 0.99



Internal pipeline statistics summary:
-------------------------------------
Query model(s):                            1  (144 nodes)
Target sequences:                       3626  (1103641 residues searched)
Passed MSV filter:                        41  (0.0113072); expected 72.5 (0.02)
Passed bias filter:                       35  (0.00965251); expected 72.5 (0.02)
Passed Vit filter:                         4  (0.00110314); expected 3.6 (0.001)
Passed Fwd filter:                         1  (0.000275786); expected 0.0 (1e-05)
Initial search space (Z):               3626  [actual number of targets]
Domain search space  (domZ):               1  [number of targets reported over threshold]
# CPU time: 0.01u 0.01s 00:00:00.02 Elapsed: 00:00:00.01
# Mc/sec: 10683.61
//
Query:       TIGR00088  [M=233]
Accession:   TIGR00088
Description: trmD: tRNA (guanine(37)-N(1))-methyltransferase
Scores for complete sequences (score includes all domains):
   --- full sequence ---   --- best 1 domain ---    -#dom-
    E-value  score  bias    E-value  score  bias    exp  N  Sequence                  Description
    ------- ------ -----    ------- ------ -----   ---- --  --------                  -----------
    1.2e-79  264.5   0.0    1.4e-79  264.3   0.0    1.0  1  NZ_JCACVZ010000001.1_3244  # 3294667 # 3295347 # -1 # ID=1_3244;partial=00;start_type=GTG;rbs_motif=GGA/GAG/AGG;rbs_spacer=5-10bp;gc_cont=0.671


Domain annotation for each sequence:
>> NZ_JCACVZ010000001.1_3244  # 3294667 # 3295347 # -1 # ID=1_3244;partial=00;start_type=GTG;rbs_motif=GGA/GAG/AGG;rbs_spacer=5-10bp;gc_cont=0.671
   #    score  bias  c-Evalue  i-Evalue hmmfrom  hmm to    alifrom  ali to    envfrom  env to     acc
 ---   ------ ----- --------- --------- ------- -------    ------- -------    ------- -------    ----
   1 !  264.3   0.0   3.9e-83   1.4e-79       4     223 ..       5     226 ..       2     226 .. 0.98



Internal pipeline statistics summary:
-------------------------------------
Query model(s):                            1  (233 nodes)
Target sequences:                       3626  (1103641 residues searched)
Passed MSV filter:                        86  (0.0237176); expected 72.5 (0.02)
Passed bias filter:                       82  (0.0226145); expected 72.5 (0.02)
Passed Vit filter:                         7  (0.0019305); expected 3.6 (0.001)
Passed Fwd filter:                         1  (0.000275786); expected 0.0 (1e-05)
Initial search space (Z):               3626  [actual number of targets]
Domain search space  (domZ):               1  [number of targets reported over threshold]
# CPU time: 0.02u 0.00s 00:00:00.02 Elapsed: 00:00:00.03
# Mc/sec: 7931.12
//
Query:       TIGR00090  [M=99]
Accession:   TIGR00090
Description: rsfS_iojap_ybeB: ribosome silencing factor
Scores for complete sequences (score includes all domains):
   --- full sequence ---   --- best 1 domain ---    -#dom-
    E-value  score  bias    E-value  score  bias    exp  N  Sequence                  Description
    ------- ------ -----    ------- ------ -----   ---- --  --------                  -----------
    1.2e-33  112.8   0.0    1.5e-33  112.6   0.0    1.1  1  NZ_JCACVZ010000001.1_3369  # 3412234 # 3412629 # -1 # ID=1_3369;partial=00;start_type=ATG;rbs_motif=GGA/GAG/AGG;rbs_spacer=5-10bp;gc_cont=0.616


Domain annotation for each sequence:
>> NZ_JCACVZ010000001.1_3369  # 3412234 # 3412629 # -1 # ID=1_3369;partial=00;start_type=ATG;rbs_motif=GGA/GAG/AGG;rbs_spacer=5-10bp;gc_cont=0.616
   #    score  bias  c-Evalue  i-Evalue hmmfrom  hmm to    alifrom  ali to    envfrom  env to     acc
 ---   ------ ----- --------- --------- ------- -------    ------- -------    ------- -------    ----
   1 !  112.6   0.0   4.2e-37   1.5e-33       2      99 .]      25     122 ..      24     122 .. 0.99



Internal pipeline statistics summary:
-------------------------------------
Query model(s):                            1  (99 nodes)
Target sequences:                       3626  (1103641 residues searched)
Passed MSV filter:                        71  (0.0195808); expected 72.5 (0.02)
Passed bias filter:                       61  (0.0168229); expected 72.5 (0.02)
Passed Vit filter:                         8  (0.00220629); expected 3.6 (0.001)
Passed Fwd filter:                         1  (0.000275786); expected 0.0 (1e-05)
Initial search space (Z):               3626  [actual number of targets]
Domain search space  (domZ):               1  [number of targets reported over threshold]
# CPU time: 0.01u 0.00s 00:00:00.01 Elapsed: 00:00:00.01
# Mc/sec: 8592.37
//
Query:       TIGR00092  [M=368]
Accession:   TIGR00092
Description: TIGR00092: GTP-binding protein YchF
Scores for complete sequences (score includes all domains):
   --- full sequence ---   --- best 1 domain ---    -#dom-
    E-value  score  bias    E-value  score  bias    exp  N  Sequence                 Description
    ------- ------ -----    ------- ------ -----   ---- --  --------                 -----------
   9.2e-150  496.5   0.0     1e-149  496.3   0.0    1.0  1  NZ_JCACVZ010000001.1_807  # 832910 # 834007 # 1 # ID=1_807;partial=00;start_type=ATG;rbs_motif=GGAG/GAGG;rbs_spacer=5-10bp;gc_cont=0.628


Domain annotation for each sequence:
>> NZ_JCACVZ010000001.1_807  # 832910 # 834007 # 1 # ID=1_807;partial=00;start_type=ATG;rbs_motif=GGAG/GAGG;rbs_spacer=5-10bp;gc_cont=0.628
   #    score  bias  c-Evalue  i-Evalue hmmfrom  hmm to    alifrom  ali to    envfrom  env to     acc
 ---   ------ ----- --------- --------- ------- -------    ------- -------    ------- -------    ----
   1 !  496.3   0.0  2.8e-153    1e-149       1     367 [.       1     364 [.       1     365 [. 0.99



Internal pipeline statistics summary:
-------------------------------------
Query model(s):                            1  (368 nodes)
Target sequences:                       3626  (1103641 residues searched)
Passed MSV filter:                       143  (0.0394374); expected 72.5 (0.02)
Passed bias filter:                      133  (0.0366795); expected 72.5 (0.02)
Passed Vit filter:                        24  (0.00661886); expected 3.6 (0.001)
Passed Fwd filter:                         4  (0.00110314); expected 0.0 (1e-05)
Initial search space (Z):               3626  [actual number of targets]
Domain search space  (domZ):               1  [number of targets reported over threshold]
# CPU time: 0.05u 0.00s 00:00:00.05 Elapsed: 00:00:00.05
# Mc/sec: 7326.55
//
Query:       TIGR00095  [M=194]
Accession:   TIGR00095
Description: TIGR00095: 16S rRNA (guanine(966)-N(2))-methyltransferase RsmD
Scores for complete sequences (score includes all domains):
   --- full sequence ---   --- best 1 domain ---    -#dom-
    E-value  score  bias    E-value  score  bias    exp  N  Sequence                  Description
    ------- ------ -----    ------- ------ -----   ---- --  --------                  -----------
    4.2e-44  148.2   0.0    4.9e-44  148.0   0.0    1.0  1  NZ_JCACVZ010000001.1_2468  # 2513798 # 2514361 # -1 # ID=1_2468;partial=00;start_type=ATG;rbs_motif=AGGA;rbs_spacer=5-10bp;gc_cont=0.668


Domain annotation for each sequence:
>> NZ_JCACVZ010000001.1_2468  # 2513798 # 2514361 # -1 # ID=1_2468;partial=00;start_type=ATG;rbs_motif=AGGA;rbs_spacer=5-10bp;gc_cont=0.668
   #    score  bias  c-Evalue  i-Evalue hmmfrom  hmm to    alifrom  ali to    envfrom  env to     acc
 ---   ------ ----- --------- --------- ------- -------    ------- -------    ------- -------    ----
   1 !  148.0   0.0   1.4e-47   4.9e-44      13     191 ..       2     181 ..       1     183 [. 0.90



Internal pipeline statistics summary:
-------------------------------------
Query model(s):                            1  (194 nodes)
Target sequences:                       3626  (1103641 residues searched)
Passed MSV filter:                        87  (0.0239934); expected 72.5 (0.02)
Passed bias filter:                       85  (0.0234418); expected 72.5 (0.02)
Passed Vit filter:                        13  (0.00358522); expected 3.6 (0.001)
Passed Fwd filter:                         4  (0.00110314); expected 0.0 (1e-05)
Initial search space (Z):               3626  [actual number of targets]
Domain search space  (domZ):               1  [number of targets reported over threshold]
# CPU time: 0.03u 0.00s 00:00:00.03 Elapsed: 00:00:00.03
# Mc/sec: 5410.64
//
Query:       TIGR00111  [M=351]
Accession:   TIGR00111
Description: pelota: mRNA surveillance protein pelota
Scores for complete sequences (score includes all domains):
   --- full sequence ---   --- best 1 domain ---    -#dom-
    E-value  score  bias    E-value  score  bias    exp  N  Sequence Description
    ------- ------ -----    ------- ------ -----   ---- --  -------- -----------

   [No hits detected that satisfy reporting thresholds]


Domain annotation for each sequence:

   [No targets detected that satisfy reporting thresholds]


Internal pipeline statistics summary:
-------------------------------------
Query model(s):                            1  (351 nodes)
Target sequences:                       3626  (1103641 residues searched)
Passed MSV filter:                        72  (0.0198566); expected 72.5 (0.02)
Passed bias filter:                       66  (0.0182019); expected 72.5 (0.02)
Passed Vit filter:                         7  (0.0019305); expected 3.6 (0.001)
Passed Fwd filter:                         0  (0); expected 0.0 (1e-05)
Initial search space (Z):               3626  [actual number of targets]
Domain search space  (domZ):               0  [number of targets reported over threshold]
# CPU time: 0.02u 0.00s 00:00:00.02 Elapsed: 00:00:00.03
# Mc/sec: 12136.55
//
Query:       TIGR00115  [M=410]
Accession:   TIGR00115
Description: tig: trigger factor
Scores for complete sequences (score includes all domains):
   --- full sequence ---   --- best 1 domain ---    -#dom-
    E-value  score  bias    E-value  score  bias    exp  N  Sequence                  Description
    ------- ------ -----    ------- ------ -----   ---- --  --------                  -----------
   6.4e-125  414.8   9.9   8.3e-125  414.5   9.9    1.1  1  NZ_JCACVZ010000001.1_1643  # 1648036 # 1649415 # 1 # ID=1_1643;partial=00;start_type=ATG;rbs_motif=GGA/GAG/AGG;rbs_spacer=11-12bp;gc_cont=0.610


Domain annotation for each sequence:
>> NZ_JCACVZ010000001.1_1643  # 1648036 # 1649415 # 1 # ID=1_1643;partial=00;start_type=ATG;rbs_motif=GGA/GAG/AGG;rbs_spacer=11-12bp;gc_cont=0.610
   #    score  bias  c-Evalue  i-Evalue hmmfrom  hmm to    alifrom  ali to    envfrom  env to     acc
 ---   ------ ----- --------- --------- ------- -------    ------- -------    ------- -------    ----
   1 !  414.5   9.9  2.3e-128  8.3e-125       1     409 [.      11     426 ..      11     427 .. 0.99



Internal pipeline statistics summary:
-------------------------------------
Query model(s):                            1  (410 nodes)
Target sequences:                       3626  (1103641 residues searched)
Passed MSV filter:                       122  (0.0336459); expected 72.5 (0.02)
Passed bias filter:                       84  (0.023166); expected 72.5 (0.02)
Passed Vit filter:                        13  (0.00358522); expected 3.6 (0.001)
Passed Fwd filter:                         2  (0.000551572); expected 0.0 (1e-05)
Initial search space (Z):               3626  [actual number of targets]
Domain search space  (domZ):               1  [number of targets reported over threshold]
# CPU time: 0.04u 0.00s 00:00:00.04 Elapsed: 00:00:00.04
# Mc/sec: 9632.37
//
Query:       TIGR00116  [M=293]
Accession:   TIGR00116
Description: tsf: translation elongation factor Ts
Scores for complete sequences (score includes all domains):
   --- full sequence ---   --- best 1 domain ---    -#dom-
    E-value  score  bias    E-value  score  bias    exp  N  Sequence                  Description
    ------- ------ -----    ------- ------ -----   ---- --  --------                  -----------
    5.5e-91  302.4   5.9    6.8e-91  302.1   5.9    1.0  1  NZ_JCACVZ010000001.1_1542  # 1558099 # 1559025 # -1 # ID=1_1542;partial=00;start_type=ATG;rbs_motif=GGA/GAG/AGG;rbs_spacer=5-10bp;gc_cont=0.620


Domain annotation for each sequence:
>> NZ_JCACVZ010000001.1_1542  # 1558099 # 1559025 # -1 # ID=1_1542;partial=00;start_type=ATG;rbs_motif=GGA/GAG/AGG;rbs_spacer=5-10bp;gc_cont=0.620
   #    score  bias  c-Evalue  i-Evalue hmmfrom  hmm to    alifrom  ali to    envfrom  env to     acc
 ---   ------ ----- --------- --------- ------- -------    ------- -------    ------- -------    ----
   1 !  302.1   5.9   1.9e-94   6.8e-91       2     290 ..       1     304 [.       1     306 [. 0.92



Internal pipeline statistics summary:
-------------------------------------
Query model(s):                            1  (293 nodes)
Target sequences:                       3626  (1103641 residues searched)
Passed MSV filter:                        77  (0.0212355); expected 72.5 (0.02)
Passed bias filter:                       63  (0.0173745); expected 72.5 (0.02)
Passed Vit filter:                         7  (0.0019305); expected 3.6 (0.001)
Passed Fwd filter:                         1  (0.000275786); expected 0.0 (1e-05)
Initial search space (Z):               3626  [actual number of targets]
Domain search space  (domZ):               1  [number of targets reported over threshold]
# CPU time: 0.03u 0.00s 00:00:00.03 Elapsed: 00:00:00.02
# Mc/sec: 11051.46
//
Query:       TIGR00134  [M=622]
Accession:   TIGR00134
Description: gatE_arch: glutamyl-tRNA(Gln) amidotransferase, subunit E
Scores for complete sequences (score includes all domains):
   --- full sequence ---   --- best 1 domain ---    -#dom-
    E-value  score  bias    E-value  score  bias    exp  N  Sequence Description
    ------- ------ -----    ------- ------ -----   ---- --  -------- -----------

   [No hits detected that satisfy reporting thresholds]


Domain annotation for each sequence:

   [No targets detected that satisfy reporting thresholds]


Internal pipeline statistics summary:
-------------------------------------
Query model(s):                            1  (622 nodes)
Target sequences:                       3626  (1103641 residues searched)
Passed MSV filter:                       109  (0.0300607); expected 72.5 (0.02)
Passed bias filter:                       77  (0.0212355); expected 72.5 (0.02)
Passed Vit filter:                         6  (0.00165472); expected 3.6 (0.001)
Passed Fwd filter:                         1  (0.000275786); expected 0.0 (1e-05)
Initial search space (Z):               3626  [actual number of targets]
Domain search space  (domZ):               0  [number of targets reported over threshold]
# CPU time: 0.06u 0.00s 00:00:00.06 Elapsed: 00:00:00.07
# Mc/sec: 8840.18
//
Query:       TIGR00138  [M=183]
Accession:   TIGR00138
Description: rsmG_gidB: 16S rRNA (guanine(527)-N(7))-methyltransferase RsmG
Scores for complete sequences (score includes all domains):
   --- full sequence ---   --- best 1 domain ---    -#dom-
    E-value  score  bias    E-value  score  bias    exp  N  Sequence                  Description
    ------- ------ -----    ------- ------ -----   ---- --  --------                  -----------
      8e-39  130.8   0.0      9e-39  130.7   0.0    1.0  1  NZ_JCACVZ010000001.1_3232  # 3283365 # 3284009 # 1 # ID=1_3232;partial=00;start_type=ATG;rbs_motif=GGA/GAG/AGG;rbs_spacer=5-10bp;gc_cont=0.577


Domain annotation for each sequence:
>> NZ_JCACVZ010000001.1_3232  # 3283365 # 3284009 # 1 # ID=1_3232;partial=00;start_type=ATG;rbs_motif=GGA/GAG/AGG;rbs_spacer=5-10bp;gc_cont=0.577
   #    score  bias  c-Evalue  i-Evalue hmmfrom  hmm to    alifrom  ali to    envfrom  env to     acc
 ---   ------ ----- --------- --------- ------- -------    ------- -------    ------- -------    ----
   1 !  130.7   0.0   2.5e-42     9e-39       2     160 ..      25     186 ..      24     205 .. 0.90



Internal pipeline statistics summary:
-------------------------------------
Query model(s):                            1  (183 nodes)
Target sequences:                       3626  (1103641 residues searched)
Passed MSV filter:                        68  (0.0187534); expected 72.5 (0.02)
Passed bias filter:                       68  (0.0187534); expected 72.5 (0.02)
Passed Vit filter:                         9  (0.00248207); expected 3.6 (0.001)
Passed Fwd filter:                         1  (0.000275786); expected 0.0 (1e-05)
Initial search space (Z):               3626  [actual number of targets]
Domain search space  (domZ):               1  [number of targets reported over threshold]
# CPU time: 0.02u 0.01s 00:00:00.03 Elapsed: 00:00:00.01
# Mc/sec: 13757.62
//
Query:       TIGR00158  [M=148]
Accession:   TIGR00158
Description: L9: ribosomal protein bL9
Scores for complete sequences (score includes all domains):
   --- full sequence ---   --- best 1 domain ---    -#dom-
    E-value  score  bias    E-value  score  bias    exp  N  Sequence                  Description
    ------- ------ -----    ------- ------ -----   ---- --  --------                  -----------
    6.6e-40  134.7   0.2    8.3e-40  134.3   0.2    1.1  1  NZ_JCACVZ010000001.1_2036  # 2042092 # 2042658 # 1 # ID=1_2036;partial=00;start_type=ATG;rbs_motif=AGGA;rbs_spacer=5-10bp;gc_cont=0.651


Domain annotation for each sequence:
>> NZ_JCACVZ010000001.1_2036  # 2042092 # 2042658 # 1 # ID=1_2036;partial=00;start_type=ATG;rbs_motif=AGGA;rbs_spacer=5-10bp;gc_cont=0.651
   #    score  bias  c-Evalue  i-Evalue hmmfrom  hmm to    alifrom  ali to    envfrom  env to     acc
 ---   ------ ----- --------- --------- ------- -------    ------- -------    ------- -------    ----
   1 !  134.3   0.2   2.3e-43   8.3e-40       1     146 [.       1     145 [.       1     147 [. 0.99



Internal pipeline statistics summary:
-------------------------------------
Query model(s):                            1  (148 nodes)
Target sequences:                       3626  (1103641 residues searched)
Passed MSV filter:                        71  (0.0195808); expected 72.5 (0.02)
Passed bias filter:                       53  (0.0146167); expected 72.5 (0.02)
Passed Vit filter:                         6  (0.00165472); expected 3.6 (0.001)
Passed Fwd filter:                         2  (0.000551572); expected 0.0 (1e-05)
Initial search space (Z):               3626  [actual number of targets]
Domain search space  (domZ):               1  [number of targets reported over threshold]
# CPU time: 0.02u 0.00s 00:00:00.02 Elapsed: 00:00:00.02
# Mc/sec: 7611.60
//
Query:       TIGR00166  [M=95]
Accession:   TIGR00166
Description: S6: ribosomal protein bS6
Scores for complete sequences (score includes all domains):
   --- full sequence ---   --- best 1 domain ---    -#dom-
    E-value  score  bias    E-value  score  bias    exp  N  Sequence                  Description
    ------- ------ -----    ------- ------ -----   ---- --  --------                  -----------
    1.9e-24   83.4   0.3    2.2e-24   83.2   0.3    1.1  1  NZ_JCACVZ010000001.1_2034  # 2041227 # 2041625 # 1 # ID=1_2034;partial=00;start_type=ATG;rbs_motif=GGA/GAG/AGG;rbs_spacer=5-10bp;gc_cont=0.639


Domain annotation for each sequence:
>> NZ_JCACVZ010000001.1_2034  # 2041227 # 2041625 # 1 # ID=1_2034;partial=00;start_type=ATG;rbs_motif=GGA/GAG/AGG;rbs_spacer=5-10bp;gc_cont=0.639
   #    score  bias  c-Evalue  i-Evalue hmmfrom  hmm to    alifrom  ali to    envfrom  env to     acc
 ---   ------ ----- --------- --------- ------- -------    ------- -------    ------- -------    ----
   1 !   83.2   0.3   6.1e-28   2.2e-24       1      94 [.       1      94 [.       1      95 [. 0.98



Internal pipeline statistics summary:
-------------------------------------
Query model(s):                            1  (95 nodes)
Target sequences:                       3626  (1103641 residues searched)
Passed MSV filter:                        56  (0.015444); expected 72.5 (0.02)
Passed bias filter:                       52  (0.0143409); expected 72.5 (0.02)
Passed Vit filter:                         4  (0.00110314); expected 3.6 (0.001)
Passed Fwd filter:                         1  (0.000275786); expected 0.0 (1e-05)
Initial search space (Z):               3626  [actual number of targets]
Domain search space  (domZ):               1  [number of targets reported over threshold]
# CPU time: 0.01u 0.00s 00:00:00.01 Elapsed: 00:00:00.02
# Mc/sec: 4128.50
//
Query:       TIGR00168  [M=165]
Accession:   TIGR00168
Description: infC: translation initiation factor IF-3
Scores for complete sequences (score includes all domains):
   --- full sequence ---   --- best 1 domain ---    -#dom-
    E-value  score  bias    E-value  score  bias    exp  N  Sequence                  Description
    ------- ------ -----    ------- ------ -----   ---- --  --------                  -----------
    1.3e-62  208.0   3.0    1.4e-62  207.9   3.0    1.0  1  NZ_JCACVZ010000001.1_3024  # 3088561 # 3089085 # -1 # ID=1_3024;partial=00;start_type=ATG;rbs_motif=None;rbs_spacer=None;gc_cont=0.615


Domain annotation for each sequence:
>> NZ_JCACVZ010000001.1_3024  # 3088561 # 3089085 # -1 # ID=1_3024;partial=00;start_type=ATG;rbs_motif=None;rbs_spacer=None;gc_cont=0.615
   #    score  bias  c-Evalue  i-Evalue hmmfrom  hmm to    alifrom  ali to    envfrom  env to     acc
 ---   ------ ----- --------- --------- ------- -------    ------- -------    ------- -------    ----
   1 !  207.9   3.0   3.9e-66   1.4e-62       2     163 ..      14     174 ..      13     174 .. 0.99



Internal pipeline statistics summary:
-------------------------------------
Query model(s):                            1  (165 nodes)
Target sequences:                       3626  (1103641 residues searched)
Passed MSV filter:                        75  (0.0206839); expected 72.5 (0.02)
Passed bias filter:                       68  (0.0187534); expected 72.5 (0.02)
Passed Vit filter:                         7  (0.0019305); expected 3.6 (0.001)
Passed Fwd filter:                         1  (0.000275786); expected 0.0 (1e-05)
Initial search space (Z):               3626  [actual number of targets]
Domain search space  (domZ):               1  [number of targets reported over threshold]
# CPU time: 0.01u 0.01s 00:00:00.02 Elapsed: 00:00:00.02
# Mc/sec: 6221.77
//
Query:       TIGR00186  [M=240]
Accession:   TIGR00186
Description: rRNA_methyl_3: RNA methyltransferase, TrmH family, group 3
Scores for complete sequences (score includes all domains):
   --- full sequence ---   --- best 1 domain ---    -#dom-
    E-value  score  bias    E-value  score  bias    exp  N  Sequence                  Description
    ------- ------ -----    ------- ------ -----   ---- --  --------                  -----------
    4.2e-53  177.9   0.0    5.1e-53  177.7   0.0    1.0  1  NZ_JCACVZ010000001.1_1792  # 1783045 # 1783797 # 1 # ID=1_1792;partial=00;start_type=ATG;rbs_motif=GGA/GAG/AGG;rbs_spacer=5-10bp;gc_cont=0.657


Domain annotation for each sequence:
>> NZ_JCACVZ010000001.1_1792  # 1783045 # 1783797 # 1 # ID=1_1792;partial=00;start_type=ATG;rbs_motif=GGA/GAG/AGG;rbs_spacer=5-10bp;gc_cont=0.657
   #    score  bias  c-Evalue  i-Evalue hmmfrom  hmm to    alifrom  ali to    envfrom  env to     acc
 ---   ------ ----- --------- --------- ------- -------    ------- -------    ------- -------    ----
   1 !  177.7   0.0   1.4e-56   5.1e-53       4     237 ..      20     246 ..      18     249 .. 0.93



Internal pipeline statistics summary:
-------------------------------------
Query model(s):                            1  (240 nodes)
Target sequences:                       3626  (1103641 residues searched)
Passed MSV filter:                        71  (0.0195808); expected 72.5 (0.02)
Passed bias filter:                       67  (0.0184777); expected 72.5 (0.02)
Passed Vit filter:                         6  (0.00165472); expected 3.6 (0.001)
Passed Fwd filter:                         3  (0.000827358); expected 0.0 (1e-05)
Initial search space (Z):               3626  [actual number of targets]
Domain search space  (domZ):               1  [number of targets reported over threshold]
# CPU time: 0.02u 0.00s 00:00:00.02 Elapsed: 00:00:00.02
# Mc/sec: 11476.10
//
Query:       TIGR00194  [M=574]
Accession:   TIGR00194
Description: uvrC: excinuclease ABC subunit C
Scores for complete sequences (score includes all domains):
   --- full sequence ---   --- best 1 domain ---    -#dom-
    E-value  score  bias    E-value  score  bias    exp  N  Sequence                 Description
    ------- ------ -----    ------- ------ -----   ---- --  --------                 -----------
   1.6e-164  546.4   0.0   1.9e-164  546.1   0.0    1.1  1  NZ_JCACVZ010000001.1_839  # 859869 # 861752 # -1 # ID=1_839;partial=00;start_type=ATG;rbs_motif=None;rbs_spacer=None;gc_cont=0.650


Domain annotation for each sequence:
>> NZ_JCACVZ010000001.1_839  # 859869 # 861752 # -1 # ID=1_839;partial=00;start_type=ATG;rbs_motif=None;rbs_spacer=None;gc_cont=0.650
   #    score  bias  c-Evalue  i-Evalue hmmfrom  hmm to    alifrom  ali to    envfrom  env to     acc
 ---   ------ ----- --------- --------- ------- -------    ------- -------    ------- -------    ----
   1 !  546.1   0.0  5.3e-168  1.9e-164       5     572 ..      19     603 ..      15     605 .. 0.95



Internal pipeline statistics summary:
-------------------------------------
Query model(s):                            1  (574 nodes)
Target sequences:                       3626  (1103641 residues searched)
Passed MSV filter:                        63  (0.0173745); expected 72.5 (0.02)
Passed bias filter:                       60  (0.0165472); expected 72.5 (0.02)
Passed Vit filter:                         9  (0.00248207); expected 3.6 (0.001)
Passed Fwd filter:                         2  (0.000551572); expected 0.0 (1e-05)
Initial search space (Z):               3626  [actual number of targets]
Domain search space  (domZ):               1  [number of targets reported over threshold]
# CPU time: 0.05u 0.00s 00:00:00.05 Elapsed: 00:00:00.06
# Mc/sec: 9982.62
//
Query:       TIGR00250  [M=130]
Accession:   TIGR00250
Description: RNAse_H_YqgF: putative transcription antitermination factor YqgF
Scores for complete sequences (score includes all domains):
   --- full sequence ---   --- best 1 domain ---    -#dom-
    E-value  score  bias    E-value  score  bias    exp  N  Sequence                  Description
    ------- ------ -----    ------- ------ -----   ---- --  --------                  -----------
    2.6e-37  125.5   0.1    2.9e-37  125.3   0.1    1.0  1  NZ_JCACVZ010000001.1_1497  # 1511138 # 1511602 # 1 # ID=1_1497;partial=00;start_type=ATG;rbs_motif=GGA/GAG/AGG;rbs_spacer=5-10bp;gc_cont=0.660


Domain annotation for each sequence:
>> NZ_JCACVZ010000001.1_1497  # 1511138 # 1511602 # 1 # ID=1_1497;partial=00;start_type=ATG;rbs_motif=GGA/GAG/AGG;rbs_spacer=5-10bp;gc_cont=0.660
   #    score  bias  c-Evalue  i-Evalue hmmfrom  hmm to    alifrom  ali to    envfrom  env to     acc
 ---   ------ ----- --------- --------- ------- -------    ------- -------    ------- -------    ----
   1 !  125.3   0.1   8.1e-41   2.9e-37       1     130 []      20     149 ..      20     149 .. 0.99



Internal pipeline statistics summary:
-------------------------------------
Query model(s):                            1  (130 nodes)
Target sequences:                       3626  (1103641 residues searched)
Passed MSV filter:                        95  (0.0261997); expected 72.5 (0.02)
Passed bias filter:                       84  (0.023166); expected 72.5 (0.02)
Passed Vit filter:                         9  (0.00248207); expected 3.6 (0.001)
Passed Fwd filter:                         1  (0.000275786); expected 0.0 (1e-05)
Initial search space (Z):               3626  [actual number of targets]
Domain search space  (domZ):               1  [number of targets reported over threshold]
# CPU time: 0.02u 0.01s 00:00:00.03 Elapsed: 00:00:00.02
# Mc/sec: 6152.68
//
Query:       TIGR00279  [M=172]
Accession:   TIGR00279
Description: uL16_euk_arch: ribosomal protein uL16
Scores for complete sequences (score includes all domains):
   --- full sequence ---   --- best 1 domain ---    -#dom-
    E-value  score  bias    E-value  score  bias    exp  N  Sequence Description
    ------- ------ -----    ------- ------ -----   ---- --  -------- -----------

   [No hits detected that satisfy reporting thresholds]


Domain annotation for each sequence:

   [No targets detected that satisfy reporting thresholds]


Internal pipeline statistics summary:
-------------------------------------
Query model(s):                            1  (172 nodes)
Target sequences:                       3626  (1103641 residues searched)
Passed MSV filter:                        83  (0.0228902); expected 72.5 (0.02)
Passed bias filter:                       73  (0.0201324); expected 72.5 (0.02)
Passed Vit filter:                         6  (0.00165472); expected 3.6 (0.001)
Passed Fwd filter:                         1  (0.000275786); expected 0.0 (1e-05)
Initial search space (Z):               3626  [actual number of targets]
Domain search space  (domZ):               0  [number of targets reported over threshold]
# CPU time: 0.02u 0.00s 00:00:00.02 Elapsed: 00:00:00.01
# Mc/sec: 9980.72
//
Query:       TIGR00291  [M=231]
Accession:   TIGR00291
Description: RNA_SBDS: rRNA metabolism protein, SBDS family
Scores for complete sequences (score includes all domains):
   --- full sequence ---   --- best 1 domain ---    -#dom-
    E-value  score  bias    E-value  score  bias    exp  N  Sequence Description
    ------- ------ -----    ------- ------ -----   ---- --  -------- -----------

   [No hits detected that satisfy reporting thresholds]


Domain annotation for each sequence:

   [No targets detected that satisfy reporting thresholds]


Internal pipeline statistics summary:
-------------------------------------
Query model(s):                            1  (231 nodes)
Target sequences:                       3626  (1103641 residues searched)
Passed MSV filter:                        57  (0.0157198); expected 72.5 (0.02)
Passed bias filter:                       50  (0.0137893); expected 72.5 (0.02)
Passed Vit filter:                         3  (0.000827358); expected 3.6 (0.001)
Passed Fwd filter:                         0  (0); expected 0.0 (1e-05)
Initial search space (Z):               3626  [actual number of targets]
Domain search space  (domZ):               0  [number of targets reported over threshold]
# CPU time: 0.02u 0.00s 00:00:00.02 Elapsed: 00:00:00.01
# Mc/sec: 15204.38
//
Query:       TIGR00323  [M=215]
Accession:   TIGR00323
Description: eIF-6: putative translation initiation factor eIF-6
Scores for complete sequences (score includes all domains):
   --- full sequence ---   --- best 1 domain ---    -#dom-
    E-value  score  bias    E-value  score  bias    exp  N  Sequence Description
    ------- ------ -----    ------- ------ -----   ---- --  -------- -----------

   [No hits detected that satisfy reporting thresholds]


Domain annotation for each sequence:

   [No targets detected that satisfy reporting thresholds]


Internal pipeline statistics summary:
-------------------------------------
Query model(s):                            1  (215 nodes)
Target sequences:                       3626  (1103641 residues searched)
Passed MSV filter:                        90  (0.0248207); expected 72.5 (0.02)
Passed bias filter:                       67  (0.0184777); expected 72.5 (0.02)
Passed Vit filter:                         7  (0.0019305); expected 3.6 (0.001)
Passed Fwd filter:                         0  (0); expected 0.0 (1e-05)
Initial search space (Z):               3626  [actual number of targets]
Domain search space  (domZ):               0  [number of targets reported over threshold]
# CPU time: 0.02u 0.00s 00:00:00.02 Elapsed: 00:00:00.02
# Mc/sec: 11442.02
//
Query:       TIGR00335  [M=324]
Accession:   TIGR00335
Description: primase_sml: putative DNA primase, eukaryotic-type, small subunit
Scores for complete sequences (score includes all domains):
   --- full sequence ---   --- best 1 domain ---    -#dom-
    E-value  score  bias    E-value  score  bias    exp  N  Sequence Description
    ------- ------ -----    ------- ------ -----   ---- --  -------- -----------

   [No hits detected that satisfy reporting thresholds]


Domain annotation for each sequence:

   [No targets detected that satisfy reporting thresholds]


Internal pipeline statistics summary:
-------------------------------------
Query model(s):                            1  (324 nodes)
Target sequences:                       3626  (1103641 residues searched)
Passed MSV filter:                        44  (0.0121346); expected 72.5 (0.02)
Passed bias filter:                       39  (0.0107557); expected 72.5 (0.02)
Passed Vit filter:                         8  (0.00220629); expected 3.6 (0.001)
Passed Fwd filter:                         0  (0); expected 0.0 (1e-05)
Initial search space (Z):               3626  [actual number of targets]
Domain search space  (domZ):               0  [number of targets reported over threshold]
# CPU time: 0.02u 0.00s 00:00:00.02 Elapsed: 00:00:00.02
# Mc/sec: 15540.35
//
Query:       TIGR00337  [M=526]
Accession:   TIGR00337
Description: PyrG: CTP synthase
Scores for complete sequences (score includes all domains):
   --- full sequence ---   --- best 1 domain ---    -#dom-
    E-value  score  bias    E-value  score  bias    exp  N  Sequence                  Description
    ------- ------ -----    ------- ------ -----   ---- --  --------                  -----------
   1.9e-222  737.1   0.0   2.2e-222  737.0   0.0    1.0  1  NZ_JCACVZ010000001.1_1668  # 1671939 # 1673567 # -1 # ID=1_1668;partial=00;start_type=ATG;rbs_motif=None;rbs_spacer=None;gc_cont=0.638


Domain annotation for each sequence:
>> NZ_JCACVZ010000001.1_1668  # 1671939 # 1673567 # -1 # ID=1_1668;partial=00;start_type=ATG;rbs_motif=None;rbs_spacer=None;gc_cont=0.638
   #    score  bias  c-Evalue  i-Evalue hmmfrom  hmm to    alifrom  ali to    envfrom  env to     acc
 ---   ------ ----- --------- --------- ------- -------    ------- -------    ------- -------    ----
   1 !  737.0   0.0  6.1e-226  2.2e-222       3     526 .]       2     534 ..       1     534 [. 0.99



Internal pipeline statistics summary:
-------------------------------------
Query model(s):                            1  (526 nodes)
Target sequences:                       3626  (1103641 residues searched)
Passed MSV filter:                       104  (0.0286817); expected 72.5 (0.02)
Passed bias filter:                       94  (0.0259239); expected 72.5 (0.02)
Passed Vit filter:                        14  (0.003861); expected 3.6 (0.001)
Passed Fwd filter:                         4  (0.00110314); expected 0.0 (1e-05)
Initial search space (Z):               3626  [actual number of targets]
Domain search space  (domZ):               1  [number of targets reported over threshold]
# CPU time: 0.05u 0.00s 00:00:00.05 Elapsed: 00:00:00.06
# Mc/sec: 9586.46
//
Query:       TIGR00344  [M=847]
Accession:   TIGR00344
Description: alaS: alanine--tRNA ligase
Scores for complete sequences (score includes all domains):
   --- full sequence ---   --- best 1 domain ---    -#dom-
    E-value  score  bias    E-value  score  bias    exp  N  Sequence                  Description
    ------- ------ -----    ------- ------ -----   ---- --  --------                  -----------
   8.5e-291  964.7   0.0   9.7e-291  964.5   0.0    1.0  1  NZ_JCACVZ010000001.1_1164  # 1190681 # 1193320 # 1 # ID=1_1164;partial=00;start_type=ATG;rbs_motif=None;rbs_spacer=None;gc_cont=0.661


Domain annotation for each sequence:
>> NZ_JCACVZ010000001.1_1164  # 1190681 # 1193320 # 1 # ID=1_1164;partial=00;start_type=ATG;rbs_motif=None;rbs_spacer=None;gc_cont=0.661
   #    score  bias  c-Evalue  i-Evalue hmmfrom  hmm to    alifrom  ali to    envfrom  env to     acc
 ---   ------ ----- --------- --------- ------- -------    ------- -------    ------- -------    ----
   1 !  964.5   0.0  2.7e-294  9.7e-291       2     847 .]       7     862 ..       6     862 .. 0.97



Internal pipeline statistics summary:
-------------------------------------
Query model(s):                            1  (847 nodes)
Target sequences:                       3626  (1103641 residues searched)
Passed MSV filter:                        98  (0.027027); expected 72.5 (0.02)
Passed bias filter:                       75  (0.0206839); expected 72.5 (0.02)
Passed Vit filter:                         7  (0.0019305); expected 3.6 (0.001)
Passed Fwd filter:                         2  (0.000551572); expected 0.0 (1e-05)
Initial search space (Z):               3626  [actual number of targets]
Domain search space  (domZ):               1  [number of targets reported over threshold]
# CPU time: 0.07u 0.01s 00:00:00.08 Elapsed: 00:00:00.10
# Mc/sec: 8799.06
//
Query:       TIGR00362  [M=437]
Accession:   TIGR00362
Description: DnaA: chromosomal replication initiator protein DnaA
Scores for complete sequences (score includes all domains):
   --- full sequence ---   --- best 1 domain ---    -#dom-
    E-value  score  bias    E-value  score  bias    exp  N  Sequence                  Description
    ------- ------ -----    ------- ------ -----   ---- --  --------                  -----------
   3.3e-134  445.9   0.0   3.8e-134  445.7   0.0    1.0  1  NZ_JCACVZ010000001.1_3015  # 3079735 # 3081213 # -1 # ID=1_3015;partial=00;start_type=ATG;rbs_motif=None;rbs_spacer=None;gc_cont=0.671


Domain annotation for each sequence:
>> NZ_JCACVZ010000001.1_3015  # 3079735 # 3081213 # -1 # ID=1_3015;partial=00;start_type=ATG;rbs_motif=None;rbs_spacer=None;gc_cont=0.671
   #    score  bias  c-Evalue  i-Evalue hmmfrom  hmm to    alifrom  ali to    envfrom  env to     acc
 ---   ------ ----- --------- --------- ------- -------    ------- -------    ------- -------    ----
   1 !  445.7   0.0    1e-137  3.8e-134       1     437 []      13     490 ..      13     490 .. 0.91



Internal pipeline statistics summary:
-------------------------------------
Query model(s):                            1  (437 nodes)
Target sequences:                       3626  (1103641 residues searched)
Passed MSV filter:                       139  (0.0383343); expected 72.5 (0.02)
Passed bias filter:                      125  (0.0344732); expected 72.5 (0.02)
Passed Vit filter:                        29  (0.00799779); expected 3.6 (0.001)
Passed Fwd filter:                         6  (0.00165472); expected 0.0 (1e-05)
Initial search space (Z):               3626  [actual number of targets]
Domain search space  (domZ):               1  [number of targets reported over threshold]
# CPU time: 0.06u 0.00s 00:00:00.06 Elapsed: 00:00:00.05
# Mc/sec: 8843.35
//
Query:       TIGR00373  [M=162]
Accession:   TIGR00373
Description: TIGR00373: transcription factor E
Scores for complete sequences (score includes all domains):
   --- full sequence ---   --- best 1 domain ---    -#dom-
    E-value  score  bias    E-value  score  bias    exp  N  Sequence Description
    ------- ------ -----    ------- ------ -----   ---- --  -------- -----------

   [No hits detected that satisfy reporting thresholds]


Domain annotation for each sequence:

   [No targets detected that satisfy reporting thresholds]


Internal pipeline statistics summary:
-------------------------------------
Query model(s):                            1  (162 nodes)
Target sequences:                       3626  (1103641 residues searched)
Passed MSV filter:                        81  (0.0223387); expected 72.5 (0.02)
Passed bias filter:                       76  (0.0209597); expected 72.5 (0.02)
Passed Vit filter:                        13  (0.00358522); expected 3.6 (0.001)
Passed Fwd filter:                         0  (0); expected 0.0 (1e-05)
Initial search space (Z):               3626  [actual number of targets]
Domain search space  (domZ):               0  [number of targets reported over threshold]
# CPU time: 0.01u 0.00s 00:00:00.01 Elapsed: 00:00:00.01
# Mc/sec: 10088.92
//
Query:       TIGR00382  [M=414]
Accession:   TIGR00382
Description: clpX: ATP-dependent Clp protease, ATP-binding subunit ClpX
Scores for complete sequences (score includes all domains):
   --- full sequence ---   --- best 1 domain ---    -#dom-
    E-value  score  bias    E-value  score  bias    exp  N  Sequence                  Description
    ------- ------ -----    ------- ------ -----   ---- --  --------                  -----------
   3.2e-202  669.6   0.6     4e-202  669.3   0.6    1.0  1  NZ_JCACVZ010000001.1_1635  # 1639308 # 1640585 # -1 # ID=1_1635;partial=00;start_type=ATG;rbs_motif=GGAG/GAGG;rbs_spacer=5-10bp;gc_cont=0.600
    2.6e-53  179.2   0.9    5.3e-23   79.3   0.0    3.4  0  NZ_JCACVZ010000001.1_3216  # 3269301 # 3270605 # 1 # ID=1_3216;partial=00;start_type=ATG;rbs_motif=GGAG/GAGG;rbs_spacer=5-10bp;gc_cont=0.638


Domain annotation for each sequence:
>> NZ_JCACVZ010000001.1_1635  # 1639308 # 1640585 # -1 # ID=1_1635;partial=00;start_type=ATG;rbs_motif=GGAG/GAGG;rbs_spacer=5-10bp;gc_cont=0.600
   #    score  bias  c-Evalue  i-Evalue hmmfrom  hmm to    alifrom  ali to    envfrom  env to     acc
 ---   ------ ----- --------- --------- ------- -------    ------- -------    ------- -------    ----
   1 !  669.3   0.6  2.2e-205    4e-202       5     410 ..      11     407 ..       7     411 .. 0.96

>> NZ_JCACVZ010000001.1_3216  # 3269301 # 3270605 # 1 # ID=1_3216;partial=00;start_type=ATG;rbs_motif=GGAG/GAGG;rbs_spacer=5-10bp;gc_cont=0.638
   [No individual domains that satisfy reporting thresholds (although complete target did)]



Internal pipeline statistics summary:
-------------------------------------
Query model(s):                            1  (414 nodes)
Target sequences:                       3626  (1103641 residues searched)
Passed MSV filter:                       185  (0.0510204); expected 72.5 (0.02)
Passed bias filter:                      180  (0.0496415); expected 72.5 (0.02)
Passed Vit filter:                        53  (0.0146167); expected 3.6 (0.001)
Passed Fwd filter:                         9  (0.00248207); expected 0.0 (1e-05)
Initial search space (Z):               3626  [actual number of targets]
Domain search space  (domZ):               2  [number of targets reported over threshold]
# CPU time: 0.07u 0.00s 00:00:00.07 Elapsed: 00:00:00.07
# Mc/sec: 6114.99
//
Query:       TIGR00392  [M=861]
Accession:   TIGR00392
Description: ileS: isoleucine--tRNA ligase
Scores for complete sequences (score includes all domains):
   --- full sequence ---   --- best 1 domain ---    -#dom-
    E-value  score  bias    E-value  score  bias    exp  N  Sequence                  Description
    ------- ------ -----    ------- ------ -----   ---- --  --------                  -----------
   5.2e-249  826.5   0.0     6e-249  826.3   0.0    1.0  1  NZ_JCACVZ010000001.1_2472  # 2517656 # 2520580 # -1 # ID=1_2472;partial=00;start_type=ATG;rbs_motif=None;rbs_spacer=None;gc_cont=0.618


Domain annotation for each sequence:
>> NZ_JCACVZ010000001.1_2472  # 2517656 # 2520580 # -1 # ID=1_2472;partial=00;start_type=ATG;rbs_motif=None;rbs_spacer=None;gc_cont=0.618
   #    score  bias  c-Evalue  i-Evalue hmmfrom  hmm to    alifrom  ali to    envfrom  env to     acc
 ---   ------ ----- --------- --------- ------- -------    ------- -------    ------- -------    ----
   1 !  826.3   0.0  1.7e-252    6e-249       2     858 ..      24     881 ..      23     884 .. 0.93



Internal pipeline statistics summary:
-------------------------------------
Query model(s):                            1  (861 nodes)
Target sequences:                       3626  (1103641 residues searched)
Passed MSV filter:                        49  (0.0135135); expected 72.5 (0.02)
Passed bias filter:                       48  (0.0132377); expected 72.5 (0.02)
Passed Vit filter:                        15  (0.00413679); expected 3.6 (0.001)
Passed Fwd filter:                         7  (0.0019305); expected 0.0 (1e-05)
Initial search space (Z):               3626  [actual number of targets]
Domain search space  (domZ):               1  [number of targets reported over threshold]
# CPU time: 0.15u 0.02s 00:00:00.17 Elapsed: 00:00:00.16
# Mc/sec: 5672.02
//
Query:       TIGR00396  [M=843]
Accession:   TIGR00396
Description: leuS_bact: leucine--tRNA ligase
Scores for complete sequences (score includes all domains):
   --- full sequence ---   --- best 1 domain ---    -#dom-
    E-value  score  bias    E-value  score  bias    exp  N  Sequence                  Description
    ------- ------ -----    ------- ------ -----   ---- --  --------                  -----------
          0 1017.2   0.0          0 1017.1   0.0    1.0  1  NZ_JCACVZ010000001.1_3237  # 3287291 # 3289909 # -1 # ID=1_3237;partial=00;start_type=GTG;rbs_motif=AGGA;rbs_spacer=5-10bp;gc_cont=0.628


Domain annotation for each sequence:
>> NZ_JCACVZ010000001.1_3237  # 3287291 # 3289909 # -1 # ID=1_3237;partial=00;start_type=GTG;rbs_motif=AGGA;rbs_spacer=5-10bp;gc_cont=0.628
   #    score  bias  c-Evalue  i-Evalue hmmfrom  hmm to    alifrom  ali to    envfrom  env to     acc
 ---   ------ ----- --------- --------- ------- -------    ------- -------    ------- -------    ----
   1 ! 1017.1   0.0         0         0       1     842 [.       6     872 ..       6     872 .. 0.94



Internal pipeline statistics summary:
-------------------------------------
Query model(s):                            1  (843 nodes)
Target sequences:                       3626  (1103641 residues searched)
Passed MSV filter:                        74  (0.0204082); expected 72.5 (0.02)
Passed bias filter:                       72  (0.0198566); expected 72.5 (0.02)
Passed Vit filter:                        14  (0.003861); expected 3.6 (0.001)
Passed Fwd filter:                         5  (0.00137893); expected 0.0 (1e-05)
Initial search space (Z):               3626  [actual number of targets]
Domain search space  (domZ):               1  [number of targets reported over threshold]
# CPU time: 0.13u 0.01s 00:00:00.14 Elapsed: 00:00:00.13
# Mc/sec: 6730.14
//
Query:       TIGR00398  [M=530]
Accession:   TIGR00398
Description: metG: methionine--tRNA ligase
Scores for complete sequences (score includes all domains):
   --- full sequence ---   --- best 1 domain ---    -#dom-
    E-value  score  bias    E-value  score  bias    exp  N  Sequence                  Description
    ------- ------ -----    ------- ------ -----   ---- --  --------                  -----------
     3e-154  512.3   0.0   1.1e-152  507.1   0.0    2.0  1  NZ_JCACVZ010000001.1_1651  # 1656975 # 1658525 # -1 # ID=1_1651;partial=00;start_type=ATG;rbs_motif=GGA/GAG/AGG;rbs_spacer=5-10bp;gc_cont=0.619


Domain annotation for each sequence:
>> NZ_JCACVZ010000001.1_1651  # 1656975 # 1658525 # -1 # ID=1_1651;partial=00;start_type=ATG;rbs_motif=GGA/GAG/AGG;rbs_spacer=5-10bp;gc_cont=0.619
   #    score  bias  c-Evalue  i-Evalue hmmfrom  hmm to    alifrom  ali to    envfrom  env to     acc
 ---   ------ ----- --------- --------- ------- -------    ------- -------    ------- -------    ----
   1 !  507.1   0.0    3e-156  1.1e-152       1     519 [.       6     495 ..       6     512 .. 0.94



Internal pipeline statistics summary:
-------------------------------------
Query model(s):                            1  (530 nodes)
Target sequences:                       3626  (1103641 residues searched)
Passed MSV filter:                        51  (0.0140651); expected 72.5 (0.02)
Passed bias filter:                       48  (0.0132377); expected 72.5 (0.02)
Passed Vit filter:                        12  (0.00330943); expected 3.6 (0.001)
Passed Fwd filter:                         7  (0.0019305); expected 0.0 (1e-05)
Initial search space (Z):               3626  [actual number of targets]
Domain search space  (domZ):               1  [number of targets reported over threshold]
# CPU time: 0.09u 0.01s 00:00:00.10 Elapsed: 00:00:00.10
# Mc/sec: 5584.64
//
Query:       TIGR00405  [M=145]
Accession:   TIGR00405
Description: KOW_elon_Spt5: transcription elongation factor Spt5
Scores for complete sequences (score includes all domains):
   --- full sequence ---   --- best 1 domain ---    -#dom-
    E-value  score  bias    E-value  score  bias    exp  N  Sequence Description
    ------- ------ -----    ------- ------ -----   ---- --  -------- -----------

   [No hits detected that satisfy reporting thresholds]


Domain annotation for each sequence:

   [No targets detected that satisfy reporting thresholds]


Internal pipeline statistics summary:
-------------------------------------
Query model(s):                            1  (145 nodes)
Target sequences:                       3626  (1103641 residues searched)
Passed MSV filter:                        90  (0.0248207); expected 72.5 (0.02)
Passed bias filter:                       77  (0.0212355); expected 72.5 (0.02)
Passed Vit filter:                         8  (0.00220629); expected 3.6 (0.001)
Passed Fwd filter:                         1  (0.000275786); expected 0.0 (1e-05)
Initial search space (Z):               3626  [actual number of targets]
Domain search space  (domZ):               0  [number of targets reported over threshold]
# CPU time: 0.02u 0.00s 00:00:00.02 Elapsed: 00:00:00.02
# Mc/sec: 6638.48
//
Query:       TIGR00414  [M=418]
Accession:   TIGR00414
Description: serS: serine--tRNA ligase
Scores for complete sequences (score includes all domains):
   --- full sequence ---   --- best 1 domain ---    -#dom-
    E-value  score  bias    E-value  score  bias    exp  N  Sequence                  Description
    ------- ------ -----    ------- ------ -----   ---- --  --------                  -----------
   1.4e-153  509.4   0.0   1.6e-153  509.3   0.0    1.0  1  NZ_JCACVZ010000001.1_1282  # 1299422 # 1300750 # 1 # ID=1_1282;partial=00;start_type=ATG;rbs_motif=3Base/5BMM;rbs_spacer=13-15bp;gc_cont=0.628


Domain annotation for each sequence:
>> NZ_JCACVZ010000001.1_1282  # 1299422 # 1300750 # 1 # ID=1_1282;partial=00;start_type=ATG;rbs_motif=3Base/5BMM;rbs_spacer=13-15bp;gc_cont=0.628
   #    score  bias  c-Evalue  i-Evalue hmmfrom  hmm to    alifrom  ali to    envfrom  env to     acc
 ---   ------ ----- --------- --------- ------- -------    ------- -------    ------- -------    ----
   1 !  509.3   0.0  4.5e-157  1.6e-153       1     418 []       1     433 [.       1     433 [. 0.97



Internal pipeline statistics summary:
-------------------------------------
Query model(s):                            1  (418 nodes)
Target sequences:                       3626  (1103641 residues searched)
Passed MSV filter:                        90  (0.0248207); expected 72.5 (0.02)
Passed bias filter:                       73  (0.0201324); expected 72.5 (0.02)
Passed Vit filter:                        13  (0.00358522); expected 3.6 (0.001)
Passed Fwd filter:                         4  (0.00110314); expected 0.0 (1e-05)
Initial search space (Z):               3626  [actual number of targets]
Domain search space  (domZ):               1  [number of targets reported over threshold]
# CPU time: 0.05u 0.00s 00:00:00.05 Elapsed: 00:00:00.05
# Mc/sec: 8970.44
//
Query:       TIGR00416  [M=454]
Accession:   TIGR00416
Description: sms: DNA repair protein RadA
Scores for complete sequences (score includes all domains):
   --- full sequence ---   --- best 1 domain ---    -#dom-
    E-value  score  bias    E-value  score  bias    exp  N  Sequence                  Description
    ------- ------ -----    ------- ------ -----   ---- --  --------                  -----------
   5.7e-165  547.1   0.2   6.4e-165  546.9   0.2    1.0  1  NZ_JCACVZ010000001.1_2040  # 2046150 # 2047541 # 1 # ID=1_2040;partial=00;start_type=ATG;rbs_motif=GGA/GAG/AGG;rbs_spacer=5-10bp;gc_cont=0.679


Domain annotation for each sequence:
>> NZ_JCACVZ010000001.1_2040  # 2046150 # 2047541 # 1 # ID=1_2040;partial=00;start_type=ATG;rbs_motif=GGA/GAG/AGG;rbs_spacer=5-10bp;gc_cont=0.679
   #    score  bias  c-Evalue  i-Evalue hmmfrom  hmm to    alifrom  ali to    envfrom  env to     acc
 ---   ------ ----- --------- --------- ------- -------    ------- -------    ------- -------    ----
   1 !  546.9   0.2  1.8e-168  6.4e-165       5     449 ..       2     441 ..       1     446 [. 0.94



Internal pipeline statistics summary:
-------------------------------------
Query model(s):                            1  (454 nodes)
Target sequences:                       3626  (1103641 residues searched)
Passed MSV filter:                       193  (0.0532267); expected 72.5 (0.02)
Passed bias filter:                      179  (0.0493657); expected 72.5 (0.02)
Passed Vit filter:                        54  (0.0148924); expected 3.6 (0.001)
Passed Fwd filter:                        11  (0.00303365); expected 0.0 (1e-05)
Initial search space (Z):               3626  [actual number of targets]
Domain search space  (domZ):               1  [number of targets reported over threshold]
# CPU time: 0.08u 0.00s 00:00:00.08 Elapsed: 00:00:00.09
# Mc/sec: 5469.91
//
Query:       TIGR00420  [M=351]
Accession:   TIGR00420
Description: trmU: tRNA (5-methylaminomethyl-2-thiouridylate)-methyltransferase
Scores for complete sequences (score includes all domains):
   --- full sequence ---   --- best 1 domain ---    -#dom-
    E-value  score  bias    E-value  score  bias    exp  N  Sequence                 Description
    ------- ------ -----    ------- ------ -----   ---- --  --------                 -----------
    1.5e-98  327.5   0.0    1.7e-98  327.3   0.0    1.0  1  NZ_JCACVZ010000001.1_267  # 252802 # 253953 # 1 # ID=1_267;partial=00;start_type=ATG;rbs_motif=AGGA;rbs_spacer=5-10bp;gc_cont=0.662


Domain annotation for each sequence:
>> NZ_JCACVZ010000001.1_267  # 252802 # 253953 # 1 # ID=1_267;partial=00;start_type=ATG;rbs_motif=AGGA;rbs_spacer=5-10bp;gc_cont=0.662
   #    score  bias  c-Evalue  i-Evalue hmmfrom  hmm to    alifrom  ali to    envfrom  env to     acc
 ---   ------ ----- --------- --------- ------- -------    ------- -------    ------- -------    ----
   1 !  327.3   0.0  4.8e-102   1.7e-98       2     351 .]      15     373 ..      14     373 .. 0.92



Internal pipeline statistics summary:
-------------------------------------
Query model(s):                            1  (351 nodes)
Target sequences:                       3626  (1103641 residues searched)
Passed MSV filter:                        56  (0.015444); expected 72.5 (0.02)
Passed bias filter:                       56  (0.015444); expected 72.5 (0.02)
Passed Vit filter:                         9  (0.00248207); expected 3.6 (0.001)
Passed Fwd filter:                         4  (0.00110314); expected 0.0 (1e-05)
Initial search space (Z):               3626  [actual number of targets]
Domain search space  (domZ):               1  [number of targets reported over threshold]
# CPU time: 0.03u 0.00s 00:00:00.03 Elapsed: 00:00:00.04
# Mc/sec: 9024.95
//
Query:       TIGR00431  [M=210]
Accession:   TIGR00431
Description: TruB: tRNA pseudouridine(55) synthase
Scores for complete sequences (score includes all domains):
   --- full sequence ---   --- best 1 domain ---    -#dom-
    E-value  score  bias    E-value  score  bias    exp  N  Sequence                  Description
    ------- ------ -----    ------- ------ -----   ---- --  --------                  -----------
    1.6e-63  211.8   0.0      2e-63  211.6   0.0    1.1  1  NZ_JCACVZ010000001.1_2942  # 3016399 # 3017304 # -1 # ID=1_2942;partial=00;start_type=GTG;rbs_motif=None;rbs_spacer=None;gc_cont=0.670


Domain annotation for each sequence:
>> NZ_JCACVZ010000001.1_2942  # 3016399 # 3017304 # -1 # ID=1_2942;partial=00;start_type=GTG;rbs_motif=None;rbs_spacer=None;gc_cont=0.670
   #    score  bias  c-Evalue  i-Evalue hmmfrom  hmm to    alifrom  ali to    envfrom  env to     acc
 ---   ------ ----- --------- --------- ------- -------    ------- -------    ------- -------    ----
   1 !  211.6   0.0   5.5e-67     2e-63       2     210 .]      13     220 ..      12     220 .. 0.99



Internal pipeline statistics summary:
-------------------------------------
Query model(s):                            1  (210 nodes)
Target sequences:                       3626  (1103641 residues searched)
Passed MSV filter:                        75  (0.0206839); expected 72.5 (0.02)
Passed bias filter:                       71  (0.0195808); expected 72.5 (0.02)
Passed Vit filter:                         6  (0.00165472); expected 3.6 (0.001)
Passed Fwd filter:                         1  (0.000275786); expected 0.0 (1e-05)
Initial search space (Z):               3626  [actual number of targets]
Domain search space  (domZ):               1  [number of targets reported over threshold]
# CPU time: 0.03u 0.00s 00:00:00.03 Elapsed: 00:00:00.02
# Mc/sec: 9914.93
//
Query:       TIGR00435  [M=466]
Accession:   TIGR00435
Description: cysS: cysteine--tRNA ligase
Scores for complete sequences (score includes all domains):
   --- full sequence ---   --- best 1 domain ---    -#dom-
    E-value  score  bias    E-value  score  bias    exp  N  Sequence                  Description
    ------- ------ -----    ------- ------ -----   ---- --  --------                  -----------
   3.5e-131  436.1   0.0   2.7e-129  429.9   0.0    2.4  1  NZ_JCACVZ010000001.1_2189  # 2229756 # 2231135 # -1 # ID=1_2189;partial=00;start_type=ATG;rbs_motif=AGGA;rbs_spacer=5-10bp;gc_cont=0.648


Domain annotation for each sequence:
>> NZ_JCACVZ010000001.1_2189  # 2229756 # 2231135 # -1 # ID=1_2189;partial=00;start_type=ATG;rbs_motif=AGGA;rbs_spacer=5-10bp;gc_cont=0.648
   #    score  bias  c-Evalue  i-Evalue hmmfrom  hmm to    alifrom  ali to    envfrom  env to     acc
 ---   ------ ----- --------- --------- ------- -------    ------- -------    ------- -------    ----
   1 !  429.9   0.0  7.5e-133  2.7e-129       2     459 ..       9     446 ..       8     456 .. 0.88



Internal pipeline statistics summary:
-------------------------------------
Query model(s):                            1  (466 nodes)
Target sequences:                       3626  (1103641 residues searched)
Passed MSV filter:                        80  (0.0220629); expected 72.5 (0.02)
Passed bias filter:                       73  (0.0201324); expected 72.5 (0.02)
Passed Vit filter:                        15  (0.00413679); expected 3.6 (0.001)
Passed Fwd filter:                         8  (0.00220629); expected 0.0 (1e-05)
Initial search space (Z):               3626  [actual number of targets]
Domain search space  (domZ):               1  [number of targets reported over threshold]
# CPU time: 0.06u 0.00s 00:00:00.06 Elapsed: 00:00:00.06
# Mc/sec: 7382.41
//
Query:       TIGR00436  [M=270]
Accession:   TIGR00436
Description: era: GTP-binding protein Era
Scores for complete sequences (score includes all domains):
   --- full sequence ---   --- best 1 domain ---    -#dom-
    E-value  score  bias    E-value  score  bias    exp  N  Sequence                  Description
    ------- ------ -----    ------- ------ -----   ---- --  --------                  -----------
    1.4e-74  248.5   0.0    1.6e-74  248.3   0.0    1.0  1  NZ_JCACVZ010000001.1_1890  # 1881455 # 1882378 # -1 # ID=1_1890;partial=00;start_type=ATG;rbs_motif=AGGA;rbs_spacer=5-10bp;gc_cont=0.622
    5.9e-39  131.7   0.0      7e-20   69.2   0.0    2.0  0  NZ_JCACVZ010000001.1_2045  # 2052234 # 2053688 # -1 # ID=1_2045;partial=00;start_type=ATG;rbs_motif=GGAGG;rbs_spacer=3-4bp;gc_cont=0.658


Domain annotation for each sequence:
>> NZ_JCACVZ010000001.1_1890  # 1881455 # 1882378 # -1 # ID=1_1890;partial=00;start_type=ATG;rbs_motif=AGGA;rbs_spacer=5-10bp;gc_cont=0.622
   #    score  bias  c-Evalue  i-Evalue hmmfrom  hmm to    alifrom  ali to    envfrom  env to     acc
 ---   ------ ----- --------- --------- ------- -------    ------- -------    ------- -------    ----
   1 !  248.3   0.0   8.7e-78   1.6e-74       1     270 []      13     283 ..      13     283 .. 0.99

>> NZ_JCACVZ010000001.1_2045  # 2052234 # 2053688 # -1 # ID=1_2045;partial=00;start_type=ATG;rbs_motif=GGAGG;rbs_spacer=3-4bp;gc_cont=0.658
   [No individual domains that satisfy reporting thresholds (although complete target did)]



Internal pipeline statistics summary:
-------------------------------------
Query model(s):                            1  (270 nodes)
Target sequences:                       3626  (1103641 residues searched)
Passed MSV filter:                       195  (0.0537783); expected 72.5 (0.02)
Passed bias filter:                      188  (0.0518478); expected 72.5 (0.02)
Passed Vit filter:                       108  (0.0297849); expected 3.6 (0.001)
Passed Fwd filter:                        15  (0.00413679); expected 0.0 (1e-05)
Initial search space (Z):               3626  [actual number of targets]
Domain search space  (domZ):               2  [number of targets reported over threshold]
# CPU time: 0.05u 0.01s 00:00:00.06 Elapsed: 00:00:00.05
# Mc/sec: 5265.13
//
Query:       TIGR00442  [M=406]
Accession:   TIGR00442
Description: hisS: histidine--tRNA ligase
Scores for complete sequences (score includes all domains):
   --- full sequence ---   --- best 1 domain ---    -#dom-
    E-value  score  bias    E-value  score  bias    exp  N  Sequence                  Description
    ------- ------ -----    ------- ------ -----   ---- --  --------                  -----------
   6.4e-117  388.6   0.0   7.4e-117  388.4   0.0    1.0  1  NZ_JCACVZ010000001.1_2486  # 2533002 # 2534420 # -1 # ID=1_2486;partial=00;start_type=ATG;rbs_motif=GGA/GAG/AGG;rbs_spacer=5-10bp;gc_cont=0.633


Domain annotation for each sequence:
>> NZ_JCACVZ010000001.1_2486  # 2533002 # 2534420 # -1 # ID=1_2486;partial=00;start_type=ATG;rbs_motif=GGA/GAG/AGG;rbs_spacer=5-10bp;gc_cont=0.633
   #    score  bias  c-Evalue  i-Evalue hmmfrom  hmm to    alifrom  ali to    envfrom  env to     acc
 ---   ------ ----- --------- --------- ------- -------    ------- -------    ------- -------    ----
   1 !  388.4   0.0    2e-120  7.4e-117       2     403 ..      12     437 ..      11     440 .. 0.93



Internal pipeline statistics summary:
-------------------------------------
Query model(s):                            1  (406 nodes)
Target sequences:                       3626  (1103641 residues searched)
Passed MSV filter:                        91  (0.0250965); expected 72.5 (0.02)
Passed bias filter:                       86  (0.0237176); expected 72.5 (0.02)
Passed Vit filter:                        16  (0.00441258); expected 3.6 (0.001)
Passed Fwd filter:                         6  (0.00165472); expected 0.0 (1e-05)
Initial search space (Z):               3626  [actual number of targets]
Domain search space  (domZ):               1  [number of targets reported over threshold]
# CPU time: 0.04u 0.00s 00:00:00.04 Elapsed: 00:00:00.04
# Mc/sec: 10701.35
//
Query:       TIGR00445  [M=321]
Accession:   TIGR00445
Description: mraY: phospho-N-acetylmuramoyl-pentapeptide-transferase
Scores for complete sequences (score includes all domains):
   --- full sequence ---   --- best 1 domain ---    -#dom-
    E-value  score  bias    E-value  score  bias    exp  N  Sequence                  Description
    ------- ------ -----    ------- ------ -----   ---- --  --------                  -----------
   4.3e-121  401.9  11.8   5.1e-121  401.7  11.8    1.0  1  NZ_JCACVZ010000001.1_1027  # 1043291 # 1044376 # 1 # ID=1_1027;partial=00;start_type=ATG;rbs_motif=AGGA/GGAG/GAGG;rbs_spacer=11-12bp;gc_cont=0.633


Domain annotation for each sequence:
>> NZ_JCACVZ010000001.1_1027  # 1043291 # 1044376 # 1 # ID=1_1027;partial=00;start_type=ATG;rbs_motif=AGGA/GGAG/GAGG;rbs_spacer=11-12bp;gc_cont=0.633
   #    score  bias  c-Evalue  i-Evalue hmmfrom  hmm to    alifrom  ali to    envfrom  env to     acc
 ---   ------ ----- --------- --------- ------- -------    ------- -------    ------- -------    ----
   1 !  401.7  11.8  1.4e-124  5.1e-121       3     321 .]      38     361 ..      36     361 .. 0.95



Internal pipeline statistics summary:
-------------------------------------
Query model(s):                            1  (321 nodes)
Target sequences:                       3626  (1103641 residues searched)
Passed MSV filter:                       157  (0.0432984); expected 72.5 (0.02)
Passed bias filter:                       40  (0.0110314); expected 72.5 (0.02)
Passed Vit filter:                         2  (0.000551572); expected 3.6 (0.001)
Passed Fwd filter:                         1  (0.000275786); expected 0.0 (1e-05)
Initial search space (Z):               3626  [actual number of targets]
Domain search space  (domZ):               1  [number of targets reported over threshold]
# CPU time: 0.03u 0.00s 00:00:00.03 Elapsed: 00:00:00.04
# Mc/sec: 8079.41
//
Query:       TIGR00448  [M=179]
Accession:   TIGR00448
Description: rpoE: DNA-directed RNA polymerase
Scores for complete sequences (score includes all domains):
   --- full sequence ---   --- best 1 domain ---    -#dom-
    E-value  score  bias    E-value  score  bias    exp  N  Sequence Description
    ------- ------ -----    ------- ------ -----   ---- --  -------- -----------

   [No hits detected that satisfy reporting thresholds]


Domain annotation for each sequence:

   [No targets detected that satisfy reporting thresholds]


Internal pipeline statistics summary:
-------------------------------------
Query model(s):                            1  (179 nodes)
Target sequences:                       3626  (1103641 residues searched)
Passed MSV filter:                        89  (0.024545); expected 72.5 (0.02)
Passed bias filter:                       79  (0.0217871); expected 72.5 (0.02)
Passed Vit filter:                         6  (0.00165472); expected 3.6 (0.001)
Passed Fwd filter:                         3  (0.000827358); expected 0.0 (1e-05)
Initial search space (Z):               3626  [actual number of targets]
Domain search space  (domZ):               0  [number of targets reported over threshold]
# CPU time: 0.03u 0.00s 00:00:00.03 Elapsed: 00:00:00.04
# Mc/sec: 4869.26
//
Query:       TIGR00456  [M=569]
Accession:   TIGR00456
Description: argS: arginine--tRNA ligase
Scores for complete sequences (score includes all domains):
   --- full sequence ---   --- best 1 domain ---    -#dom-
    E-value  score  bias    E-value  score  bias    exp  N  Sequence                  Description
    ------- ------ -----    ------- ------ -----   ---- --  --------                  -----------
   5.3e-111  369.3   0.0   1.5e-110  367.8   0.0    1.6  1  NZ_JCACVZ010000001.1_1272  # 1290461 # 1292206 # -1 # ID=1_1272;partial=00;start_type=ATG;rbs_motif=None;rbs_spacer=None;gc_cont=0.615


Domain annotation for each sequence:
>> NZ_JCACVZ010000001.1_1272  # 1290461 # 1292206 # -1 # ID=1_1272;partial=00;start_type=ATG;rbs_motif=None;rbs_spacer=None;gc_cont=0.615
   #    score  bias  c-Evalue  i-Evalue hmmfrom  hmm to    alifrom  ali to    envfrom  env to     acc
 ---   ------ ----- --------- --------- ------- -------    ------- -------    ------- -------    ----
   1 !  367.8   0.0  4.2e-114  1.5e-110      21     568 ..      27     579 ..       8     580 .. 0.91



Internal pipeline statistics summary:
-------------------------------------
Query model(s):                            1  (569 nodes)
Target sequences:                       3626  (1103641 residues searched)
Passed MSV filter:                        74  (0.0204082); expected 72.5 (0.02)
Passed bias filter:                       66  (0.0182019); expected 72.5 (0.02)
Passed Vit filter:                        12  (0.00330943); expected 3.6 (0.001)
Passed Fwd filter:                         4  (0.00110314); expected 0.0 (1e-05)
Initial search space (Z):               3626  [actual number of targets]
Domain search space  (domZ):               1  [number of targets reported over threshold]
# CPU time: 0.06u 0.01s 00:00:00.06 Elapsed: 00:00:00.07
# Mc/sec: 8839.07
//
Query:       TIGR00459  [M=586]
Accession:   TIGR00459
Description: aspS_bact: aspartate--tRNA ligase
Scores for complete sequences (score includes all domains):
   --- full sequence ---   --- best 1 domain ---    -#dom-
    E-value  score  bias    E-value  score  bias    exp  N  Sequence                  Description
    ------- ------ -----    ------- ------ -----   ---- --  --------                  -----------
   1.3e-179  596.0   0.0   1.4e-179  595.8   0.0    1.0  1  NZ_JCACVZ010000001.1_1472  # 1489367 # 1491157 # -1 # ID=1_1472;partial=00;start_type=ATG;rbs_motif=GGA/GAG/AGG;rbs_spacer=5-10bp;gc_cont=0.629


Domain annotation for each sequence:
>> NZ_JCACVZ010000001.1_1472  # 1489367 # 1491157 # -1 # ID=1_1472;partial=00;start_type=ATG;rbs_motif=GGA/GAG/AGG;rbs_spacer=5-10bp;gc_cont=0.629
   #    score  bias  c-Evalue  i-Evalue hmmfrom  hmm to    alifrom  ali to    envfrom  env to     acc
 ---   ------ ----- --------- --------- ------- -------    ------- -------    ------- -------    ----
   1 !  595.8   0.0    4e-183  1.4e-179       3     583 ..       7     593 ..       5     596 .. 0.96



Internal pipeline statistics summary:
-------------------------------------
Query model(s):                            1  (586 nodes)
Target sequences:                       3626  (1103641 residues searched)
Passed MSV filter:                        53  (0.0146167); expected 72.5 (0.02)
Passed bias filter:                       48  (0.0132377); expected 72.5 (0.02)
Passed Vit filter:                         7  (0.0019305); expected 3.6 (0.001)
Passed Fwd filter:                         2  (0.000551572); expected 0.0 (1e-05)
Initial search space (Z):               3626  [actual number of targets]
Domain search space  (domZ):               1  [number of targets reported over threshold]
# CPU time: 0.05u 0.00s 00:00:00.05 Elapsed: 00:00:00.05
# Mc/sec: 12271.11
//
Query:       TIGR00460  [M=315]
Accession:   TIGR00460
Description: fmt: methionyl-tRNA formyltransferase
Scores for complete sequences (score includes all domains):
   --- full sequence ---   --- best 1 domain ---    -#dom-
    E-value  score  bias    E-value  score  bias    exp  N  Sequence                  Description
    ------- ------ -----    ------- ------ -----   ---- --  --------                  -----------
    7.8e-80  266.0   0.0    9.3e-80  265.7   0.0    1.0  1  NZ_JCACVZ010000001.1_2526  # 2574345 # 2575268 # -1 # ID=1_2526;partial=00;start_type=ATG;rbs_motif=AGGA/GGAG/GAGG;rbs_spacer=11-12bp;gc_cont=0.686


Domain annotation for each sequence:
>> NZ_JCACVZ010000001.1_2526  # 2574345 # 2575268 # -1 # ID=1_2526;partial=00;start_type=ATG;rbs_motif=AGGA/GGAG/GAGG;rbs_spacer=11-12bp;gc_cont=0.686
   #    score  bias  c-Evalue  i-Evalue hmmfrom  hmm to    alifrom  ali to    envfrom  env to     acc
 ---   ------ ----- --------- --------- ------- -------    ------- -------    ------- -------    ----
   1 !  265.7   0.0   2.6e-83   9.3e-80       1     304 [.       1     299 [.       1     305 [. 0.95



Internal pipeline statistics summary:
-------------------------------------
Query model(s):                            1  (315 nodes)
Target sequences:                       3626  (1103641 residues searched)
Passed MSV filter:                        62  (0.0170987); expected 72.5 (0.02)
Passed bias filter:                       57  (0.0157198); expected 72.5 (0.02)
Passed Vit filter:                         7  (0.0019305); expected 3.6 (0.001)
Passed Fwd filter:                         3  (0.000827358); expected 0.0 (1e-05)
Initial search space (Z):               3626  [actual number of targets]
Domain search space  (domZ):               1  [number of targets reported over threshold]
# CPU time: 0.03u 0.00s 00:00:00.03 Elapsed: 00:00:00.02
# Mc/sec: 12865.07
//
Query:       TIGR00468  [M=324]
Accession:   TIGR00468
Description: pheS: phenylalanine--tRNA ligase, alpha subunit
Scores for complete sequences (score includes all domains):
   --- full sequence ---   --- best 1 domain ---    -#dom-
    E-value  score  bias    E-value  score  bias    exp  N  Sequence                  Description
    ------- ------ -----    ------- ------ -----   ---- --  --------                  -----------
    1.2e-98  327.9   0.0    3.9e-97  323.0   0.0    2.2  1  NZ_JCACVZ010000001.1_3107  # 3172406 # 3173536 # -1 # ID=1_3107;partial=00;start_type=ATG;rbs_motif=GGA/GAG/AGG;rbs_spacer=5-10bp;gc_cont=0.636


Domain annotation for each sequence:
>> NZ_JCACVZ010000001.1_3107  # 3172406 # 3173536 # -1 # ID=1_3107;partial=00;start_type=ATG;rbs_motif=GGA/GAG/AGG;rbs_spacer=5-10bp;gc_cont=0.636
   #    score  bias  c-Evalue  i-Evalue hmmfrom  hmm to    alifrom  ali to    envfrom  env to     acc
 ---   ------ ----- --------- --------- ------- -------    ------- -------    ------- -------    ----
   1 !  323.0   0.0  1.1e-100   3.9e-97       6     321 ..      45     359 ..      40     361 .. 0.93



Internal pipeline statistics summary:
-------------------------------------
Query model(s):                            1  (324 nodes)
Target sequences:                       3626  (1103641 residues searched)
Passed MSV filter:                        79  (0.0217871); expected 72.5 (0.02)
Passed bias filter:                       78  (0.0215113); expected 72.5 (0.02)
Passed Vit filter:                         9  (0.00248207); expected 3.6 (0.001)
Passed Fwd filter:                         2  (0.000551572); expected 0.0 (1e-05)
Initial search space (Z):               3626  [actual number of targets]
Domain search space  (domZ):               1  [number of targets reported over threshold]
# CPU time: 0.04u 0.00s 00:00:00.04 Elapsed: 00:00:00.04
# Mc/sec: 7586.50
//
Query:       TIGR00472  [M=798]
Accession:   TIGR00472
Description: pheT_bact: phenylalanine--tRNA ligase, beta subunit
Scores for complete sequences (score includes all domains):
   --- full sequence ---   --- best 1 domain ---    -#dom-
    E-value  score  bias    E-value  score  bias    exp  N  Sequence                  Description
    ------- ------ -----    ------- ------ -----   ---- --  --------                  -----------
   8.9e-220  729.6   0.0     1e-219  729.4   0.0    1.0  1  NZ_JCACVZ010000001.1_3105  # 3169332 # 3171755 # -1 # ID=1_3105;partial=00;start_type=ATG;rbs_motif=AGGA;rbs_spacer=5-10bp;gc_cont=0.651


Domain annotation for each sequence:
>> NZ_JCACVZ010000001.1_3105  # 3169332 # 3171755 # -1 # ID=1_3105;partial=00;start_type=ATG;rbs_motif=AGGA;rbs_spacer=5-10bp;gc_cont=0.651
   #    score  bias  c-Evalue  i-Evalue hmmfrom  hmm to    alifrom  ali to    envfrom  env to     acc
 ---   ------ ----- --------- --------- ------- -------    ------- -------    ------- -------    ----
   1 !  729.4   0.0  2.8e-223    1e-219       1     798 []       1     806 [.       1     806 [. 0.94



Internal pipeline statistics summary:
-------------------------------------
Query model(s):                            1  (798 nodes)
Target sequences:                       3626  (1103641 residues searched)
Passed MSV filter:                        60  (0.0165472); expected 72.5 (0.02)
Passed bias filter:                       50  (0.0137893); expected 72.5 (0.02)
Passed Vit filter:                         6  (0.00165472); expected 3.6 (0.001)
Passed Fwd filter:                         1  (0.000275786); expected 0.0 (1e-05)
Initial search space (Z):               3626  [actual number of targets]
Domain search space  (domZ):               1  [number of targets reported over threshold]
# CPU time: 0.06u 0.01s 00:00:00.06 Elapsed: 00:00:00.06
# Mc/sec: 14463.10
//
Query:       TIGR00483  [M=427]
Accession:   TIGR00483
Description: EF-1_alpha: translation elongation factor EF-1, subunit alpha
Scores for complete sequences (score includes all domains):
   --- full sequence ---   --- best 1 domain ---    -#dom-
    E-value  score  bias    E-value  score  bias    exp  N  Sequence Description
    ------- ------ -----    ------- ------ -----   ---- --  -------- -----------

   [No hits detected that satisfy reporting thresholds]


Domain annotation for each sequence:

   [No targets detected that satisfy reporting thresholds]


Internal pipeline statistics summary:
-------------------------------------
Query model(s):                            1  (427 nodes)
Target sequences:                       3626  (1103641 residues searched)
Passed MSV filter:                        79  (0.0217871); expected 72.5 (0.02)
Passed bias filter:                       72  (0.0198566); expected 72.5 (0.02)
Passed Vit filter:                        10  (0.00275786); expected 3.6 (0.001)
Passed Fwd filter:                         8  (0.00220629); expected 0.0 (1e-05)
Initial search space (Z):               3626  [actual number of targets]
Domain search space  (domZ):               0  [number of targets reported over threshold]
# CPU time: 0.08u 0.01s 00:00:00.09 Elapsed: 00:00:00.09
# Mc/sec: 4726.43
//
Query:       TIGR00487  [M=587]
Accession:   TIGR00487
Description: IF-2: translation initiation factor IF-2
Scores for complete sequences (score includes all domains):
   --- full sequence ---   --- best 1 domain ---    -#dom-
    E-value  score  bias    E-value  score  bias    exp  N  Sequence                  Description
    ------- ------ -----    ------- ------ -----   ---- --  --------                  -----------
   5.5e-243  805.6  22.4   7.2e-243  805.3  22.4    1.1  1  NZ_JCACVZ010000001.1_3128  # 3188694 # 3191513 # 1 # ID=1_3128;partial=00;start_type=ATG;rbs_motif=GGA/GAG/AGG;rbs_spacer=3-4bp;gc_cont=0.685


Domain annotation for each sequence:
>> NZ_JCACVZ010000001.1_3128  # 3188694 # 3191513 # 1 # ID=1_3128;partial=00;start_type=ATG;rbs_motif=GGA/GAG/AGG;rbs_spacer=3-4bp;gc_cont=0.685
   #    score  bias  c-Evalue  i-Evalue hmmfrom  hmm to    alifrom  ali to    envfrom  env to     acc
 ---   ------ ----- --------- --------- ------- -------    ------- -------    ------- -------    ----
   1 !  805.3  22.4    2e-246  7.2e-243       2     586 ..     355     939 ..     354     939 .. 0.98



Internal pipeline statistics summary:
-------------------------------------
Query model(s):                            1  (587 nodes)
Target sequences:                       3626  (1103641 residues searched)
Passed MSV filter:                       115  (0.0317154); expected 72.5 (0.02)
Passed bias filter:                       88  (0.0242692); expected 72.5 (0.02)
Passed Vit filter:                        21  (0.00579151); expected 3.6 (0.001)
Passed Fwd filter:                        10  (0.00275786); expected 0.0 (1e-05)
Initial search space (Z):               3626  [actual number of targets]
Domain search space  (domZ):               1  [number of targets reported over threshold]
# CPU time: 0.08u 0.00s 00:00:00.08 Elapsed: 00:00:00.10
# Mc/sec: 6104.85
//
Query:       TIGR00491  [M=594]
Accession:   TIGR00491
Description: aIF-2: translation initiation factor aIF-2
Scores for complete sequences (score includes all domains):
   --- full sequence ---   --- best 1 domain ---    -#dom-
    E-value  score  bias    E-value  score  bias    exp  N  Sequence Description
    ------- ------ -----    ------- ------ -----   ---- --  -------- -----------

   [No hits detected that satisfy reporting thresholds]


Domain annotation for each sequence:

   [No targets detected that satisfy reporting thresholds]


Internal pipeline statistics summary:
-------------------------------------
Query model(s):                            1  (594 nodes)
Target sequences:                       3626  (1103641 residues searched)
Passed MSV filter:                        81  (0.0223387); expected 72.5 (0.02)
Passed bias filter:                       69  (0.0190292); expected 72.5 (0.02)
Passed Vit filter:                        10  (0.00275786); expected 3.6 (0.001)
Passed Fwd filter:                         8  (0.00220629); expected 0.0 (1e-05)
Initial search space (Z):               3626  [actual number of targets]
Domain search space  (domZ):               0  [number of targets reported over threshold]
# CPU time: 0.10u 0.00s 00:00:00.10 Elapsed: 00:00:00.09
# Mc/sec: 6615.74
//
Query:       TIGR00496  [M=176]
Accession:   TIGR00496
Description: frr: ribosome recycling factor
Scores for complete sequences (score includes all domains):
   --- full sequence ---   --- best 1 domain ---    -#dom-
    E-value  score  bias    E-value  score  bias    exp  N  Sequence                  Description
    ------- ------ -----    ------- ------ -----   ---- --  --------                  -----------
    1.3e-64  214.7   1.1    1.5e-64  214.5   1.1    1.0  1  NZ_JCACVZ010000001.1_1540  # 1556560 # 1557114 # -1 # ID=1_1540;partial=00;start_type=ATG;rbs_motif=AGGA;rbs_spacer=5-10bp;gc_cont=0.609


Domain annotation for each sequence:
>> NZ_JCACVZ010000001.1_1540  # 1556560 # 1557114 # -1 # ID=1_1540;partial=00;start_type=ATG;rbs_motif=AGGA;rbs_spacer=5-10bp;gc_cont=0.609
   #    score  bias  c-Evalue  i-Evalue hmmfrom  hmm to    alifrom  ali to    envfrom  env to     acc
 ---   ------ ----- --------- --------- ------- -------    ------- -------    ------- -------    ----
   1 !  214.5   1.1     4e-68   1.5e-64       1     176 []       9     184 ..       9     184 .. 0.99



Internal pipeline statistics summary:
-------------------------------------
Query model(s):                            1  (176 nodes)
Target sequences:                       3626  (1103641 residues searched)
Passed MSV filter:                        64  (0.0176503); expected 72.5 (0.02)
Passed bias filter:                       49  (0.0135135); expected 72.5 (0.02)
Passed Vit filter:                         4  (0.00110314); expected 3.6 (0.001)
Passed Fwd filter:                         1  (0.000275786); expected 0.0 (1e-05)
Initial search space (Z):               3626  [actual number of targets]
Domain search space  (domZ):               1  [number of targets reported over threshold]
# CPU time: 0.01u 0.00s 00:00:00.01 Elapsed: 00:00:00.02
# Mc/sec: 7632.92
//
Query:       TIGR00522  [M=258]
Accession:   TIGR00522
Description: dph5: diphthine synthase
Scores for complete sequences (score includes all domains):
   --- full sequence ---   --- best 1 domain ---    -#dom-
    E-value  score  bias    E-value  score  bias    exp  N  Sequence Description
    ------- ------ -----    ------- ------ -----   ---- --  -------- -----------

   [No hits detected that satisfy reporting thresholds]


Domain annotation for each sequence:

   [No targets detected that satisfy reporting thresholds]


Internal pipeline statistics summary:
-------------------------------------
Query model(s):                            1  (258 nodes)
Target sequences:                       3626  (1103641 residues searched)
Passed MSV filter:                        73  (0.0201324); expected 72.5 (0.02)
Passed bias filter:                       69  (0.0190292); expected 72.5 (0.02)
Passed Vit filter:                         5  (0.00137893); expected 3.6 (0.001)
Passed Fwd filter:                         0  (0); expected 0.0 (1e-05)
Initial search space (Z):               3626  [actual number of targets]
Domain search space  (domZ):               0  [number of targets reported over threshold]
# CPU time: 0.02u 0.00s 00:00:00.02 Elapsed: 00:00:00.03
# Mc/sec: 8275.16
//
Query:       TIGR00539  [M=361]
Accession:   TIGR00539
Description: hemN_rel: putative oxygen-independent coproporphyrinogen III oxidase
Scores for complete sequences (score includes all domains):
   --- full sequence ---   --- best 1 domain ---    -#dom-
    E-value  score  bias    E-value  score  bias    exp  N  Sequence                  Description
    ------- ------ -----    ------- ------ -----   ---- --  --------                  -----------
    1.6e-82  275.1   0.0      2e-82  274.9   0.0    1.0  1  NZ_JCACVZ010000001.1_3178  # 3239934 # 3241136 # -1 # ID=1_3178;partial=00;start_type=ATG;rbs_motif=GGAG/GAGG;rbs_spacer=5-10bp;gc_cont=0.630


Domain annotation for each sequence:
>> NZ_JCACVZ010000001.1_3178  # 3239934 # 3241136 # -1 # ID=1_3178;partial=00;start_type=ATG;rbs_motif=GGAG/GAGG;rbs_spacer=5-10bp;gc_cont=0.630
   #    score  bias  c-Evalue  i-Evalue hmmfrom  hmm to    alifrom  ali to    envfrom  env to     acc
 ---   ------ ----- --------- --------- ------- -------    ------- -------    ------- -------    ----
   1 !  274.9   0.0   5.4e-86     2e-82       3     335 ..      26     366 ..      24     382 .. 0.90



Internal pipeline statistics summary:
-------------------------------------
Query model(s):                            1  (361 nodes)
Target sequences:                       3626  (1103641 residues searched)
Passed MSV filter:                        72  (0.0198566); expected 72.5 (0.02)
Passed bias filter:                       69  (0.0190292); expected 72.5 (0.02)
Passed Vit filter:                        12  (0.00330943); expected 3.6 (0.001)
Passed Fwd filter:                         4  (0.00110314); expected 0.0 (1e-05)
Initial search space (Z):               3626  [actual number of targets]
Domain search space  (domZ):               1  [number of targets reported over threshold]
# CPU time: 0.04u 0.00s 00:00:00.04 Elapsed: 00:00:00.03
# Mc/sec: 10358.64
//
Query:       TIGR00580  [M=923]
Accession:   TIGR00580
Description: mfd: transcription-repair coupling factor
Scores for complete sequences (score includes all domains):
   --- full sequence ---   --- best 1 domain ---    -#dom-
    E-value  score  bias    E-value  score  bias    exp  N  Sequence                  Description
    ------- ------ -----    ------- ------ -----   ---- --  --------                  -----------
          0 1025.5   0.0          0 1025.2   0.0    1.0  1  NZ_JCACVZ010000001.1_1327  # 1344285 # 1347770 # 1 # ID=1_1327;partial=00;start_type=ATG;rbs_motif=None;rbs_spacer=None;gc_cont=0.649


Domain annotation for each sequence:
>> NZ_JCACVZ010000001.1_1327  # 1344285 # 1347770 # 1 # ID=1_1327;partial=00;start_type=ATG;rbs_motif=None;rbs_spacer=None;gc_cont=0.649
   #    score  bias  c-Evalue  i-Evalue hmmfrom  hmm to    alifrom  ali to    envfrom  env to     acc
 ---   ------ ----- --------- --------- ------- -------    ------- -------    ------- -------    ----
   1 ! 1025.2   0.0         0         0       3     922 ..     150    1089 ..     148    1090 .. 0.91



Internal pipeline statistics summary:
-------------------------------------
Query model(s):                            1  (923 nodes)
Target sequences:                       3626  (1103641 residues searched)
Passed MSV filter:                       112  (0.030888); expected 72.5 (0.02)
Passed bias filter:                       86  (0.0237176); expected 72.5 (0.02)
Passed Vit filter:                        20  (0.00551572); expected 3.6 (0.001)
Passed Fwd filter:                         8  (0.00220629); expected 0.0 (1e-05)
Initial search space (Z):               3626  [actual number of targets]
Domain search space  (domZ):               1  [number of targets reported over threshold]
# CPU time: 0.14u 0.01s 00:00:00.15 Elapsed: 00:00:00.16
# Mc/sec: 6209.79
//
Query:       TIGR00593  [M=890]
Accession:   TIGR00593
Description: pola: DNA polymerase I
Scores for complete sequences (score includes all domains):
   --- full sequence ---   --- best 1 domain ---    -#dom-
    E-value  score  bias    E-value  score  bias    exp  N  Sequence                  Description
    ------- ------ -----    ------- ------ -----   ---- --  --------                  -----------
   5.2e-272  902.9   0.0   6.2e-272  902.7   0.0    1.1  1  NZ_JCACVZ010000001.1_2713  # 2765255 # 2768170 # 1 # ID=1_2713;partial=00;start_type=ATG;rbs_motif=GGA/GAG/AGG;rbs_spacer=5-10bp;gc_cont=0.645


Domain annotation for each sequence:
>> NZ_JCACVZ010000001.1_2713  # 2765255 # 2768170 # 1 # ID=1_2713;partial=00;start_type=ATG;rbs_motif=GGA/GAG/AGG;rbs_spacer=5-10bp;gc_cont=0.645
   #    score  bias  c-Evalue  i-Evalue hmmfrom  hmm to    alifrom  ali to    envfrom  env to     acc
 ---   ------ ----- --------- --------- ------- -------    ------- -------    ------- -------    ----
   1 !  902.7   0.0  1.7e-275  6.2e-272       1     890 []       3     971 ..       3     971 .. 0.88



Internal pipeline statistics summary:
-------------------------------------
Query model(s):                            1  (890 nodes)
Target sequences:                       3626  (1103641 residues searched)
Passed MSV filter:                        94  (0.0259239); expected 72.5 (0.02)
Passed bias filter:                       68  (0.0187534); expected 72.5 (0.02)
Passed Vit filter:                         6  (0.00165472); expected 3.6 (0.001)
Passed Fwd filter:                         2  (0.000551572); expected 0.0 (1e-05)
Initial search space (Z):               3626  [actual number of targets]
Domain search space  (domZ):               1  [number of targets reported over threshold]
# CPU time: 0.08u 0.00s 00:00:00.08 Elapsed: 00:00:00.09
# Mc/sec: 10775.98
//
Query:       TIGR00615  [M=196]
Accession:   TIGR00615
Description: recR: recombination protein RecR
Scores for complete sequences (score includes all domains):
   --- full sequence ---   --- best 1 domain ---    -#dom-
    E-value  score  bias    E-value  score  bias    exp  N  Sequence                  Description
    ------- ------ -----    ------- ------ -----   ---- --  --------                  -----------
    6.4e-55  183.3   0.0    7.6e-55  183.1   0.0    1.0  1  NZ_JCACVZ010000001.1_2532  # 2581592 # 2582185 # -1 # ID=1_2532;partial=00;start_type=ATG;rbs_motif=None;rbs_spacer=None;gc_cont=0.667


Domain annotation for each sequence:
>> NZ_JCACVZ010000001.1_2532  # 2581592 # 2582185 # -1 # ID=1_2532;partial=00;start_type=ATG;rbs_motif=None;rbs_spacer=None;gc_cont=0.667
   #    score  bias  c-Evalue  i-Evalue hmmfrom  hmm to    alifrom  ali to    envfrom  env to     acc
 ---   ------ ----- --------- --------- ------- -------    ------- -------    ------- -------    ----
   1 !  183.1   0.0   2.1e-58   7.6e-55       5     195 ..       6     194 ..       3     195 .. 0.96



Internal pipeline statistics summary:
-------------------------------------
Query model(s):                            1  (196 nodes)
Target sequences:                       3626  (1103641 residues searched)
Passed MSV filter:                        88  (0.0242692); expected 72.5 (0.02)
Passed bias filter:                       80  (0.0220629); expected 72.5 (0.02)
Passed Vit filter:                        10  (0.00275786); expected 3.6 (0.001)
Passed Fwd filter:                         1  (0.000275786); expected 0.0 (1e-05)
Initial search space (Z):               3626  [actual number of targets]
Domain search space  (domZ):               1  [number of targets reported over threshold]
# CPU time: 0.02u 0.00s 00:00:00.02 Elapsed: 00:00:00.02
# Mc/sec: 7950.20
//
Query:       TIGR00631  [M=658]
Accession:   TIGR00631
Description: uvrb: excinuclease ABC subunit B
Scores for complete sequences (score includes all domains):
   --- full sequence ---   --- best 1 domain ---    -#dom-
    E-value  score  bias    E-value  score  bias    exp  N  Sequence                 Description
    ------- ------ -----    ------- ------ -----   ---- --  --------                 -----------
          0 1019.0   0.3          0 1019.0   0.3    1.8  1  NZ_JCACVZ010000001.1_857  # 874503 # 877109 # -1 # ID=1_857;partial=00;start_type=ATG;rbs_motif=GGA/GAG/AGG;rbs_spacer=5-10bp;gc_cont=0.641


Domain annotation for each sequence:
>> NZ_JCACVZ010000001.1_857  # 874503 # 877109 # -1 # ID=1_857;partial=00;start_type=ATG;rbs_motif=GGA/GAG/AGG;rbs_spacer=5-10bp;gc_cont=0.641
   #    score  bias  c-Evalue  i-Evalue hmmfrom  hmm to    alifrom  ali to    envfrom  env to     acc
 ---   ------ ----- --------- --------- ------- -------    ------- -------    ------- -------    ----
   1 ! 1019.0   0.3         0         0       2     658 .]     201     856 ..     200     856 .. 0.98



Internal pipeline statistics summary:
-------------------------------------
Query model(s):                            1  (658 nodes)
Target sequences:                       3626  (1103641 residues searched)
Passed MSV filter:                       106  (0.0292333); expected 72.5 (0.02)
Passed bias filter:                       84  (0.023166); expected 72.5 (0.02)
Passed Vit filter:                        21  (0.00579151); expected 3.6 (0.001)
Passed Fwd filter:                         9  (0.00248207); expected 0.0 (1e-05)
Initial search space (Z):               3626  [actual number of targets]
Domain search space  (domZ):               1  [number of targets reported over threshold]
# CPU time: 0.10u 0.00s 00:00:00.10 Elapsed: 00:00:00.11
# Mc/sec: 6329.85
//
Query:       TIGR00634  [M=563]
Accession:   TIGR00634
Description: recN: DNA repair protein RecN
Scores for complete sequences (score includes all domains):
   --- full sequence ---   --- best 1 domain ---    -#dom-
    E-value  score  bias    E-value  score  bias    exp  N  Sequence                  Description
    ------- ------ -----    ------- ------ -----   ---- --  --------                  -----------
   1.1e-138  461.3  16.7   1.3e-138  461.1  16.7    1.0  1  NZ_JCACVZ010000001.1_1040  # 1057325 # 1058995 # 1 # ID=1_1040;partial=00;start_type=ATG;rbs_motif=GGA/GAG/AGG;rbs_spacer=5-10bp;gc_cont=0.675


Domain annotation for each sequence:
>> NZ_JCACVZ010000001.1_1040  # 1057325 # 1058995 # 1 # ID=1_1040;partial=00;start_type=ATG;rbs_motif=GGA/GAG/AGG;rbs_spacer=5-10bp;gc_cont=0.675
   #    score  bias  c-Evalue  i-Evalue hmmfrom  hmm to    alifrom  ali to    envfrom  env to     acc
 ---   ------ ----- --------- --------- ------- -------    ------- -------    ------- -------    ----
   1 !  461.1  16.7  3.5e-142  1.3e-138       1     561 [.       1     552 [.       1     554 [. 0.96



Internal pipeline statistics summary:
-------------------------------------
Query model(s):                            1  (563 nodes)
Target sequences:                       3626  (1103641 residues searched)
Passed MSV filter:                       256  (0.0706012); expected 72.5 (0.02)
Passed bias filter:                      163  (0.0449531); expected 72.5 (0.02)
Passed Vit filter:                        33  (0.00910094); expected 3.6 (0.001)
Passed Fwd filter:                        11  (0.00303365); expected 0.0 (1e-05)
Initial search space (Z):               3626  [actual number of targets]
Domain search space  (domZ):               1  [number of targets reported over threshold]
# CPU time: 0.08u 0.00s 00:00:00.08 Elapsed: 00:00:00.08
# Mc/sec: 7517.68
//
Query:       TIGR00635  [M=305]
Accession:   TIGR00635
Description: ruvB: Holliday junction DNA helicase RuvB
Scores for complete sequences (score includes all domains):
   --- full sequence ---   --- best 1 domain ---    -#dom-
    E-value  score  bias    E-value  score  bias    exp  N  Sequence                 Description
    ------- ------ -----    ------- ------ -----   ---- --  --------                 -----------
   5.7e-136  450.2   0.0   6.6e-136  449.9   0.0    1.0  1  NZ_JCACVZ010000001.1_210  # 194511 # 195551 # 1 # ID=1_210;partial=00;start_type=GTG;rbs_motif=GGAG/GAGG;rbs_spacer=5-10bp;gc_cont=0.648


Domain annotation for each sequence:
>> NZ_JCACVZ010000001.1_210  # 194511 # 195551 # 1 # ID=1_210;partial=00;start_type=GTG;rbs_motif=GGAG/GAGG;rbs_spacer=5-10bp;gc_cont=0.648
   #    score  bias  c-Evalue  i-Evalue hmmfrom  hmm to    alifrom  ali to    envfrom  env to     acc
 ---   ------ ----- --------- --------- ------- -------    ------- -------    ------- -------    ----
   1 !  449.9   0.0  1.8e-139  6.6e-136       3     304 ..      23     324 ..      21     325 .. 0.99



Internal pipeline statistics summary:
-------------------------------------
Query model(s):                            1  (305 nodes)
Target sequences:                       3626  (1103641 residues searched)
Passed MSV filter:                       238  (0.0656371); expected 72.5 (0.02)
Passed bias filter:                      203  (0.0559846); expected 72.5 (0.02)
Passed Vit filter:                        82  (0.0226145); expected 3.6 (0.001)
Passed Fwd filter:                        13  (0.00358522); expected 0.0 (1e-05)
Initial search space (Z):               3626  [actual number of targets]
Domain search space  (domZ):               1  [number of targets reported over threshold]
# CPU time: 0.07u 0.01s 00:00:00.08 Elapsed: 00:00:00.08
# Mc/sec: 3769.26
//
Query:       TIGR00643  [M=629]
Accession:   TIGR00643
Description: recG: ATP-dependent DNA helicase RecG
Scores for complete sequences (score includes all domains):
   --- full sequence ---   --- best 1 domain ---    -#dom-
    E-value  score  bias    E-value  score  bias    exp  N  Sequence                  Description
    ------- ------ -----    ------- ------ -----   ---- --  --------                  -----------
   1.7e-199  662.2   0.0   2.1e-199  662.0   0.0    1.0  1  NZ_JCACVZ010000001.1_1323  # 1339771 # 1341879 # -1 # ID=1_1323;partial=00;start_type=GTG;rbs_motif=3Base/5BMM;rbs_spacer=13-15bp;gc_cont=0.643


Domain annotation for each sequence:
>> NZ_JCACVZ010000001.1_1323  # 1339771 # 1341879 # -1 # ID=1_1323;partial=00;start_type=GTG;rbs_motif=3Base/5BMM;rbs_spacer=13-15bp;gc_cont=0.643
   #    score  bias  c-Evalue  i-Evalue hmmfrom  hmm to    alifrom  ali to    envfrom  env to     acc
 ---   ------ ----- --------- --------- ------- -------    ------- -------    ------- -------    ----
   1 !  662.0   0.0  5.7e-203  2.1e-199       6     629 .]      42     665 ..      38     665 .. 0.95



Internal pipeline statistics summary:
-------------------------------------
Query model(s):                            1  (629 nodes)
Target sequences:                       3626  (1103641 residues searched)
Passed MSV filter:                        94  (0.0259239); expected 72.5 (0.02)
Passed bias filter:                       83  (0.0228902); expected 72.5 (0.02)
Passed Vit filter:                        20  (0.00551572); expected 3.6 (0.001)
Passed Fwd filter:                         9  (0.00248207); expected 0.0 (1e-05)
Initial search space (Z):               3626  [actual number of targets]
Domain search space  (domZ):               1  [number of targets reported over threshold]
# CPU time: 0.12u 0.00s 00:00:00.12 Elapsed: 00:00:00.13
# Mc/sec: 5078.85
//
Query:       TIGR00663  [M=367]
Accession:   TIGR00663
Description: dnan: DNA polymerase III, beta subunit
Scores for complete sequences (score includes all domains):
   --- full sequence ---   --- best 1 domain ---    -#dom-
    E-value  score  bias    E-value  score  bias    exp  N  Sequence                  Description
    ------- ------ -----    ------- ------ -----   ---- --  --------                  -----------
    1.4e-91  304.8   0.0    1.6e-91  304.7   0.0    1.0  1  NZ_JCACVZ010000001.1_3013  # 3077931 # 3079052 # -1 # ID=1_3013;partial=00;start_type=ATG;rbs_motif=AGGA;rbs_spacer=5-10bp;gc_cont=0.619


Domain annotation for each sequence:
>> NZ_JCACVZ010000001.1_3013  # 3077931 # 3079052 # -1 # ID=1_3013;partial=00;start_type=ATG;rbs_motif=AGGA;rbs_spacer=5-10bp;gc_cont=0.619
   #    score  bias  c-Evalue  i-Evalue hmmfrom  hmm to    alifrom  ali to    envfrom  env to     acc
 ---   ------ ----- --------- --------- ------- -------    ------- -------    ------- -------    ----
   1 !  304.7   0.0   4.3e-95   1.6e-91       1     366 [.       1     372 [.       1     373 [. 0.94



Internal pipeline statistics summary:
-------------------------------------
Query model(s):                            1  (367 nodes)
Target sequences:                       3626  (1103641 residues searched)
Passed MSV filter:                        64  (0.0176503); expected 72.5 (0.02)
Passed bias filter:                       59  (0.0162714); expected 72.5 (0.02)
Passed Vit filter:                         6  (0.00165472); expected 3.6 (0.001)
Passed Fwd filter:                         1  (0.000275786); expected 0.0 (1e-05)
Initial search space (Z):               3626  [actual number of targets]
Domain search space  (domZ):               1  [number of targets reported over threshold]
# CPU time: 0.03u 0.00s 00:00:00.03 Elapsed: 00:00:00.03
# Mc/sec: 12466.69
//
Query:       TIGR00717  [M=516]
Accession:   TIGR00717
Description: rpsA: ribosomal protein bS1
Scores for complete sequences (score includes all domains):
   --- full sequence ---   --- best 1 domain ---    -#dom-
    E-value  score  bias    E-value  score  bias    exp  N  Sequence                  Description
    ------- ------ -----    ------- ------ -----   ---- --  --------                  -----------
   3.2e-189  627.4  15.4   3.6e-189  627.2  15.4    1.0  1  NZ_JCACVZ010000001.1_3088  # 3147566 # 3149233 # 1 # ID=1_3088;partial=00;start_type=ATG;rbs_motif=AGxAG;rbs_spacer=11-12bp;gc_cont=0.622


Domain annotation for each sequence:
>> NZ_JCACVZ010000001.1_3088  # 3147566 # 3149233 # 1 # ID=1_3088;partial=00;start_type=ATG;rbs_motif=AGxAG;rbs_spacer=11-12bp;gc_cont=0.622
   #    score  bias  c-Evalue  i-Evalue hmmfrom  hmm to    alifrom  ali to    envfrom  env to     acc
 ---   ------ ----- --------- --------- ------- -------    ------- -------    ------- -------    ----
   1 !  627.2  15.4  9.9e-193  3.6e-189      13     516 .]       8     518 ..       1     518 [. 0.97



Internal pipeline statistics summary:
-------------------------------------
Query model(s):                            1  (516 nodes)
Target sequences:                       3626  (1103641 residues searched)
Passed MSV filter:                        91  (0.0250965); expected 72.5 (0.02)
Passed bias filter:                       85  (0.0234418); expected 72.5 (0.02)
Passed Vit filter:                        16  (0.00441258); expected 3.6 (0.001)
Passed Fwd filter:                         4  (0.00110314); expected 0.0 (1e-05)
Initial search space (Z):               3626  [actual number of targets]
Domain search space  (domZ):               1  [number of targets reported over threshold]
# CPU time: 0.05u 0.00s 00:00:00.05 Elapsed: 00:00:00.05
# Mc/sec: 10468.39
//
Query:       TIGR00755  [M=256]
Accession:   TIGR00755
Description: ksgA: ribosomal RNA small subunit methyltransferase A
Scores for complete sequences (score includes all domains):
   --- full sequence ---   --- best 1 domain ---    -#dom-
    E-value  score  bias    E-value  score  bias    exp  N  Sequence                  Description
    ------- ------ -----    ------- ------ -----   ---- --  --------                  -----------
    2.8e-68  227.6   0.0    3.2e-68  227.5   0.0    1.0  1  NZ_JCACVZ010000001.1_2023  # 2030461 # 2031303 # 1 # ID=1_2023;partial=00;start_type=ATG;rbs_motif=GGA/GAG/AGG;rbs_spacer=3-4bp;gc_cont=0.680


Domain annotation for each sequence:
>> NZ_JCACVZ010000001.1_2023  # 2030461 # 2031303 # 1 # ID=1_2023;partial=00;start_type=ATG;rbs_motif=GGA/GAG/AGG;rbs_spacer=3-4bp;gc_cont=0.680
   #    score  bias  c-Evalue  i-Evalue hmmfrom  hmm to    alifrom  ali to    envfrom  env to     acc
 ---   ------ ----- --------- --------- ------- -------    ------- -------    ------- -------    ----
   1 !  227.5   0.0   8.8e-72   3.2e-68       2     255 ..      20     275 ..      19     276 .. 0.96



Internal pipeline statistics summary:
-------------------------------------
Query model(s):                            1  (256 nodes)
Target sequences:                       3626  (1103641 residues searched)
Passed MSV filter:                       100  (0.0275786); expected 72.5 (0.02)
Passed bias filter:                       94  (0.0259239); expected 72.5 (0.02)
Passed Vit filter:                        20  (0.00551572); expected 3.6 (0.001)
Passed Fwd filter:                         9  (0.00248207); expected 0.0 (1e-05)
Initial search space (Z):               3626  [actual number of targets]
Domain search space  (domZ):               1  [number of targets reported over threshold]
# CPU time: 0.03u 0.00s 00:00:00.03 Elapsed: 00:00:00.04
# Mc/sec: 5927.37
//
Query:       TIGR00810  [M=73]
Accession:   TIGR00810
Description: secG: preprotein translocase, SecG subunit
Scores for complete sequences (score includes all domains):
   --- full sequence ---   --- best 1 domain ---    -#dom-
    E-value  score  bias    E-value  score  bias    exp  N  Sequence                  Description
    ------- ------ -----    ------- ------ -----   ---- --  --------                  -----------
    7.9e-19   65.2  11.7    7.9e-19   65.2  11.7    1.4  1  NZ_JCACVZ010000001.1_1669  # 1673681 # 1674184 # -1 # ID=1_1669;partial=00;start_type=ATG;rbs_motif=None;rbs_spacer=None;gc_cont=0.685


Domain annotation for each sequence:
>> NZ_JCACVZ010000001.1_1669  # 1673681 # 1674184 # -1 # ID=1_1669;partial=00;start_type=ATG;rbs_motif=None;rbs_spacer=None;gc_cont=0.685
   #    score  bias  c-Evalue  i-Evalue hmmfrom  hmm to    alifrom  ali to    envfrom  env to     acc
 ---   ------ ----- --------- --------- ------- -------    ------- -------    ------- -------    ----
   1 !   65.2  11.7   2.2e-22   7.9e-19       2      72 ..       3      71 ..       2      72 .. 0.97



Internal pipeline statistics summary:
-------------------------------------
Query model(s):                            1  (73 nodes)
Target sequences:                       3626  (1103641 residues searched)
Passed MSV filter:                       313  (0.086321); expected 72.5 (0.02)
Passed bias filter:                       97  (0.0267512); expected 72.5 (0.02)
Passed Vit filter:                        12  (0.00330943); expected 3.6 (0.001)
Passed Fwd filter:                         3  (0.000827358); expected 0.0 (1e-05)
Initial search space (Z):               3626  [actual number of targets]
Domain search space  (domZ):               1  [number of targets reported over threshold]
# CPU time: 0.02u 0.00s 00:00:00.02 Elapsed: 00:00:00.02
# Mc/sec: 2965.14
//
Query:       TIGR00922  [M=172]
Accession:   TIGR00922
Description: nusG: transcription termination/antitermination factor NusG
Scores for complete sequences (score includes all domains):
   --- full sequence ---   --- best 1 domain ---    -#dom-
    E-value  score  bias    E-value  score  bias    exp  N  Sequence                  Description
    ------- ------ -----    ------- ------ -----   ---- --  --------                  -----------
    2.4e-69  230.2   3.6    2.7e-69  230.1   3.6    1.0  1  NZ_JCACVZ010000001.1_1782  # 1776492 # 1777022 # -1 # ID=1_1782;partial=00;start_type=ATG;rbs_motif=AGGAG/GGAGG;rbs_spacer=11-12bp;gc_cont=0.582


Domain annotation for each sequence:
>> NZ_JCACVZ010000001.1_1782  # 1776492 # 1777022 # -1 # ID=1_1782;partial=00;start_type=ATG;rbs_motif=AGGAG/GGAGG;rbs_spacer=11-12bp;gc_cont=0.582
   #    score  bias  c-Evalue  i-Evalue hmmfrom  hmm to    alifrom  ali to    envfrom  env to     acc
 ---   ------ ----- --------- --------- ------- -------    ------- -------    ------- -------    ----
   1 !  230.1   3.6   7.4e-73   2.7e-69       1     172 []       5     176 ..       5     176 .. 1.00



Internal pipeline statistics summary:
-------------------------------------
Query model(s):                            1  (172 nodes)
Target sequences:                       3626  (1103641 residues searched)
Passed MSV filter:                        58  (0.0159956); expected 72.5 (0.02)
Passed bias filter:                       51  (0.0140651); expected 72.5 (0.02)
Passed Vit filter:                         8  (0.00220629); expected 3.6 (0.001)
Passed Fwd filter:                         2  (0.000551572); expected 0.0 (1e-05)
Initial search space (Z):               3626  [actual number of targets]
Domain search space  (domZ):               1  [number of targets reported over threshold]
# CPU time: 0.02u 0.00s 00:00:00.02 Elapsed: 00:00:00.02
# Mc/sec: 7446.94
//
Query:       TIGR00928  [M=436]
Accession:   TIGR00928
Description: purB: adenylosuccinate lyase
Scores for complete sequences (score includes all domains):
   --- full sequence ---   --- best 1 domain ---    -#dom-
    E-value  score  bias    E-value  score  bias    exp  N  Sequence                  Description
    ------- ------ -----    ------- ------ -----   ---- --  --------                  -----------
   3.4e-146  485.1   0.0   3.8e-146  484.9   0.0    1.0  1  NZ_JCACVZ010000001.1_1204  # 1224667 # 1225995 # -1 # ID=1_1204;partial=00;start_type=ATG;rbs_motif=GGA/GAG/AGG;rbs_spacer=5-10bp;gc_cont=0.628


Domain annotation for each sequence:
>> NZ_JCACVZ010000001.1_1204  # 1224667 # 1225995 # -1 # ID=1_1204;partial=00;start_type=ATG;rbs_motif=GGA/GAG/AGG;rbs_spacer=5-10bp;gc_cont=0.628
   #    score  bias  c-Evalue  i-Evalue hmmfrom  hmm to    alifrom  ali to    envfrom  env to     acc
 ---   ------ ----- --------- --------- ------- -------    ------- -------    ------- -------    ----
   1 !  484.9   0.0    1e-149  3.8e-146       1     436 []       1     441 [.       1     441 [. 0.95



Internal pipeline statistics summary:
-------------------------------------
Query model(s):                            1  (436 nodes)
Target sequences:                       3626  (1103641 residues searched)
Passed MSV filter:                        78  (0.0215113); expected 72.5 (0.02)
Passed bias filter:                       61  (0.0168229); expected 72.5 (0.02)
Passed Vit filter:                         6  (0.00165472); expected 3.6 (0.001)
Passed Fwd filter:                         3  (0.000827358); expected 0.0 (1e-05)
Initial search space (Z):               3626  [actual number of targets]
Domain search space  (domZ):               1  [number of targets reported over threshold]
# CPU time: 0.04u 0.00s 00:00:00.04 Elapsed: 00:00:00.05
# Mc/sec: 9258.06
//
Query:       TIGR00959  [M=428]
Accession:   TIGR00959
Description: ffh: signal recognition particle protein
Scores for complete sequences (score includes all domains):
   --- full sequence ---   --- best 1 domain ---    -#dom-
    E-value  score  bias    E-value  score  bias    exp  N  Sequence                  Description
    ------- ------ -----    ------- ------ -----   ---- --  --------                  -----------
   2.8e-179  594.1  15.4   3.4e-179  593.8  15.4    1.1  1  NZ_JCACVZ010000001.1_3316  # 3363130 # 3364713 # 1 # ID=1_3316;partial=00;start_type=ATG;rbs_motif=AGGA;rbs_spacer=5-10bp;gc_cont=0.647


Domain annotation for each sequence:
>> NZ_JCACVZ010000001.1_3316  # 3363130 # 3364713 # 1 # ID=1_3316;partial=00;start_type=ATG;rbs_motif=AGGA;rbs_spacer=5-10bp;gc_cont=0.647
   #    score  bias  c-Evalue  i-Evalue hmmfrom  hmm to    alifrom  ali to    envfrom  env to     acc
 ---   ------ ----- --------- --------- ------- -------    ------- -------    ------- -------    ----
   1 !  593.8  15.4  9.5e-183  3.4e-179       1     428 []       2     429 ..       2     429 .. 1.00



Internal pipeline statistics summary:
-------------------------------------
Query model(s):                            1  (428 nodes)
Target sequences:                       3626  (1103641 residues searched)
Passed MSV filter:                       190  (0.0523993); expected 72.5 (0.02)
Passed bias filter:                      150  (0.0413679); expected 72.5 (0.02)
Passed Vit filter:                        33  (0.00910094); expected 3.6 (0.001)
Passed Fwd filter:                         9  (0.00248207); expected 0.0 (1e-05)
Initial search space (Z):               3626  [actual number of targets]
Domain search space  (domZ):               1  [number of targets reported over threshold]
# CPU time: 0.06u 0.00s 00:00:00.06 Elapsed: 00:00:00.06
# Mc/sec: 7369.97
//
Query:       TIGR00963  [M=787]
Accession:   TIGR00963
Description: secA: preprotein translocase, SecA subunit
Scores for complete sequences (score includes all domains):
   --- full sequence ---   --- best 1 domain ---    -#dom-
    E-value  score  bias    E-value  score  bias    exp  N  Sequence                  Description
    ------- ------ -----    ------- ------ -----   ---- --  --------                  -----------
          0 1082.9   6.9          0 1082.7   6.9    1.0  1  NZ_JCACVZ010000001.1_3580  # 3627632 # 3630367 # 1 # ID=1_3580;partial=00;start_type=ATG;rbs_motif=AGGA;rbs_spacer=5-10bp;gc_cont=0.622


Domain annotation for each sequence:
>> NZ_JCACVZ010000001.1_3580  # 3627632 # 3630367 # 1 # ID=1_3580;partial=00;start_type=ATG;rbs_motif=AGGA;rbs_spacer=5-10bp;gc_cont=0.622
   #    score  bias  c-Evalue  i-Evalue hmmfrom  hmm to    alifrom  ali to    envfrom  env to     acc
 ---   ------ ----- --------- --------- ------- -------    ------- -------    ------- -------    ----
   1 ! 1082.7   6.9         0         0       1     786 [.      29     814 ..      29     815 .. 0.96



Internal pipeline statistics summary:
-------------------------------------
Query model(s):                            1  (787 nodes)
Target sequences:                       3626  (1103641 residues searched)
Passed MSV filter:                        84  (0.023166); expected 72.5 (0.02)
Passed bias filter:                       71  (0.0195808); expected 72.5 (0.02)
Passed Vit filter:                        11  (0.00303365); expected 3.6 (0.001)
Passed Fwd filter:                         1  (0.000275786); expected 0.0 (1e-05)
Initial search space (Z):               3626  [actual number of targets]
Domain search space  (domZ):               1  [number of targets reported over threshold]
# CPU time: 0.06u 0.00s 00:00:00.06 Elapsed: 00:00:00.06
# Mc/sec: 13831.19
//
Query:       TIGR00964  [M=57]
Accession:   TIGR00964
Description: secE_bact: preprotein translocase, SecE subunit
Scores for complete sequences (score includes all domains):
   --- full sequence ---   --- best 1 domain ---    -#dom-
    E-value  score  bias    E-value  score  bias    exp  N  Sequence                  Description
    ------- ------ -----    ------- ------ -----   ---- --  --------                  -----------
    7.3e-21   71.5   4.1      8e-21   71.4   4.1    1.0  1  NZ_JCACVZ010000001.1_1783  # 1777058 # 1777252 # -1 # ID=1_1783;partial=00;start_type=ATG;rbs_motif=GGA/GAG/AGG;rbs_spacer=11-12bp;gc_cont=0.559


Domain annotation for each sequence:
>> NZ_JCACVZ010000001.1_1783  # 1777058 # 1777252 # -1 # ID=1_1783;partial=00;start_type=ATG;rbs_motif=GGA/GAG/AGG;rbs_spacer=11-12bp;gc_cont=0.559
   #    score  bias  c-Evalue  i-Evalue hmmfrom  hmm to    alifrom  ali to    envfrom  env to     acc
 ---   ------ ----- --------- --------- ------- -------    ------- -------    ------- -------    ----
   1 !   71.4   4.1   2.2e-24     8e-21       2      56 ..       7      61 ..       6      62 .. 0.96



Internal pipeline statistics summary:
-------------------------------------
Query model(s):                            1  (57 nodes)
Target sequences:                       3626  (1103641 residues searched)
Passed MSV filter:                       215  (0.059294); expected 72.5 (0.02)
Passed bias filter:                      110  (0.0303365); expected 72.5 (0.02)
Passed Vit filter:                        10  (0.00275786); expected 3.6 (0.001)
Passed Fwd filter:                         1  (0.000275786); expected 0.0 (1e-05)
Initial search space (Z):               3626  [actual number of targets]
Domain search space  (domZ):               1  [number of targets reported over threshold]
# CPU time: 0.01u 0.00s 00:00:00.01 Elapsed: 00:00:00.01
# Mc/sec: 4505.04
//
Query:       TIGR00967  [M=414]
Accession:   TIGR00967
Description: 3a0501s007: preprotein translocase, SecY subunit
Scores for complete sequences (score includes all domains):
   --- full sequence ---   --- best 1 domain ---    -#dom-
    E-value  score  bias    E-value  score  bias    exp  N  Sequence                  Description
    ------- ------ -----    ------- ------ -----   ---- --  --------                  -----------
   6.7e-125  414.8  18.8   7.9e-125  414.6  18.8    1.0  1  NZ_JCACVZ010000001.1_1744  # 1742817 # 1744154 # -1 # ID=1_1744;partial=00;start_type=ATG;rbs_motif=GGAG/GAGG;rbs_spacer=5-10bp;gc_cont=0.629


Domain annotation for each sequence:
>> NZ_JCACVZ010000001.1_1744  # 1742817 # 1744154 # -1 # ID=1_1744;partial=00;start_type=ATG;rbs_motif=GGAG/GAGG;rbs_spacer=5-10bp;gc_cont=0.629
   #    score  bias  c-Evalue  i-Evalue hmmfrom  hmm to    alifrom  ali to    envfrom  env to     acc
 ---   ------ ----- --------- --------- ------- -------    ------- -------    ------- -------    ----
   1 !  414.6  18.8  2.2e-128  7.9e-125       2     414 .]      25     430 ..      24     430 .. 0.95



Internal pipeline statistics summary:
-------------------------------------
Query model(s):                            1  (414 nodes)
Target sequences:                       3626  (1103641 residues searched)
Passed MSV filter:                       181  (0.0499173); expected 72.5 (0.02)
Passed bias filter:                       77  (0.0212355); expected 72.5 (0.02)
Passed Vit filter:                         8  (0.00220629); expected 3.6 (0.001)
Passed Fwd filter:                         1  (0.000275786); expected 0.0 (1e-05)
Initial search space (Z):               3626  [actual number of targets]
Domain search space  (domZ):               1  [number of targets reported over threshold]
# CPU time: 0.04u 0.01s 00:00:00.05 Elapsed: 00:00:00.05
# Mc/sec: 8850.23
//
Query:       TIGR00982  [M=139]
Accession:   TIGR00982
Description: uS12_E_A: ribosomal protein uS12
Scores for complete sequences (score includes all domains):
   --- full sequence ---   --- best 1 domain ---    -#dom-
    E-value  score  bias    E-value  score  bias    exp  N  Sequence Description
    ------- ------ -----    ------- ------ -----   ---- --  -------- -----------

   [No hits detected that satisfy reporting thresholds]


Domain annotation for each sequence:

   [No targets detected that satisfy reporting thresholds]


Internal pipeline statistics summary:
-------------------------------------
Query model(s):                            1  (139 nodes)
Target sequences:                       3626  (1103641 residues searched)
Passed MSV filter:                        79  (0.0217871); expected 72.5 (0.02)
Passed bias filter:                       72  (0.0198566); expected 72.5 (0.02)
Passed Vit filter:                         4  (0.00110314); expected 3.6 (0.001)
Passed Fwd filter:                         1  (0.000275786); expected 0.0 (1e-05)
Initial search space (Z):               3626  [actual number of targets]
Domain search space  (domZ):               0  [number of targets reported over threshold]
# CPU time: 0.02u 0.00s 00:00:00.02 Elapsed: 00:00:00.02
# Mc/sec: 6021.63
//
Query:       TIGR01008  [M=195]
Accession:   TIGR01008
Description: uS3_euk_arch: ribosomal protein uS3
Scores for complete sequences (score includes all domains):
   --- full sequence ---   --- best 1 domain ---    -#dom-
    E-value  score  bias    E-value  score  bias    exp  N  Sequence Description
    ------- ------ -----    ------- ------ -----   ---- --  -------- -----------

   [No hits detected that satisfy reporting thresholds]


Domain annotation for each sequence:

   [No targets detected that satisfy reporting thresholds]


Internal pipeline statistics summary:
-------------------------------------
Query model(s):                            1  (195 nodes)
Target sequences:                       3626  (1103641 residues searched)
Passed MSV filter:                       132  (0.0364038); expected 72.5 (0.02)
Passed bias filter:                      109  (0.0300607); expected 72.5 (0.02)
Passed Vit filter:                        11  (0.00303365); expected 3.6 (0.001)
Passed Fwd filter:                         1  (0.000275786); expected 0.0 (1e-05)
Initial search space (Z):               3626  [actual number of targets]
Domain search space  (domZ):               0  [number of targets reported over threshold]
# CPU time: 0.02u 0.00s 00:00:00.02 Elapsed: 00:00:00.03
# Mc/sec: 5759.61
//
Query:       TIGR01009  [M=212]
Accession:   TIGR01009
Description: rpsC_bact: ribosomal protein uS3
Scores for complete sequences (score includes all domains):
   --- full sequence ---   --- best 1 domain ---    -#dom-
    E-value  score  bias    E-value  score  bias    exp  N  Sequence                  Description
    ------- ------ -----    ------- ------ -----   ---- --  --------                  -----------
    4.8e-97  321.5   3.0    5.5e-97  321.3   3.0    1.0  1  NZ_JCACVZ010000001.1_1758  # 1749487 # 1750242 # -1 # ID=1_1758;partial=00;start_type=ATG;rbs_motif=AGGAG;rbs_spacer=5-10bp;gc_cont=0.632


Domain annotation for each sequence:
>> NZ_JCACVZ010000001.1_1758  # 1749487 # 1750242 # -1 # ID=1_1758;partial=00;start_type=ATG;rbs_motif=AGGAG;rbs_spacer=5-10bp;gc_cont=0.632
   #    score  bias  c-Evalue  i-Evalue hmmfrom  hmm to    alifrom  ali to    envfrom  env to     acc
 ---   ------ ----- --------- --------- ------- -------    ------- -------    ------- -------    ----
   1 !  321.3   3.0  1.5e-100   5.5e-97       1     210 [.       1     209 [.       1     211 [. 0.99



Internal pipeline statistics summary:
-------------------------------------
Query model(s):                            1  (212 nodes)
Target sequences:                       3626  (1103641 residues searched)
Passed MSV filter:                        99  (0.0273028); expected 72.5 (0.02)
Passed bias filter:                       88  (0.0242692); expected 72.5 (0.02)
Passed Vit filter:                         6  (0.00165472); expected 3.6 (0.001)
Passed Fwd filter:                         2  (0.000551572); expected 0.0 (1e-05)
Initial search space (Z):               3626  [actual number of targets]
Domain search space  (domZ):               1  [number of targets reported over threshold]
# CPU time: 0.02u 0.00s 00:00:00.02 Elapsed: 00:00:00.02
# Mc/sec: 7821.00
//
Query:       TIGR01011  [M=225]
Accession:   TIGR01011
Description: rpsB_bact: ribosomal protein uS2
Scores for complete sequences (score includes all domains):
   --- full sequence ---   --- best 1 domain ---    -#dom-
    E-value  score  bias    E-value  score  bias    exp  N  Sequence                  Description
    ------- ------ -----    ------- ------ -----   ---- --  --------                  -----------
    1.1e-99  330.0   0.0    1.2e-99  329.8   0.0    1.0  1  NZ_JCACVZ010000001.1_1543  # 1559097 # 1559867 # -1 # ID=1_1543;partial=00;start_type=ATG;rbs_motif=AGGA;rbs_spacer=5-10bp;gc_cont=0.630


Domain annotation for each sequence:
>> NZ_JCACVZ010000001.1_1543  # 1559097 # 1559867 # -1 # ID=1_1543;partial=00;start_type=ATG;rbs_motif=AGGA;rbs_spacer=5-10bp;gc_cont=0.630
   #    score  bias  c-Evalue  i-Evalue hmmfrom  hmm to    alifrom  ali to    envfrom  env to     acc
 ---   ------ ----- --------- --------- ------- -------    ------- -------    ------- -------    ----
   1 !  329.8   0.0  3.4e-103   1.2e-99       3     222 ..       7     225 ..       5     228 .. 0.98



Internal pipeline statistics summary:
-------------------------------------
Query model(s):                            1  (225 nodes)
Target sequences:                       3626  (1103641 residues searched)
Passed MSV filter:                        91  (0.0250965); expected 72.5 (0.02)
Passed bias filter:                       86  (0.0237176); expected 72.5 (0.02)
Passed Vit filter:                        12  (0.00330943); expected 3.6 (0.001)
Passed Fwd filter:                         1  (0.000275786); expected 0.0 (1e-05)
Initial search space (Z):               3626  [actual number of targets]
Domain search space  (domZ):               1  [number of targets reported over threshold]
# CPU time: 0.03u 0.00s 00:00:00.03 Elapsed: 00:00:00.03
# Mc/sec: 6710.74
//
Query:       TIGR01012  [M=196]
Accession:   TIGR01012
Description: uS2_euk_arch: ribosomal protein uS2
Scores for complete sequences (score includes all domains):
   --- full sequence ---   --- best 1 domain ---    -#dom-
    E-value  score  bias    E-value  score  bias    exp  N  Sequence Description
    ------- ------ -----    ------- ------ -----   ---- --  -------- -----------

   [No hits detected that satisfy reporting thresholds]


Domain annotation for each sequence:

   [No targets detected that satisfy reporting thresholds]


Internal pipeline statistics summary:
-------------------------------------
Query model(s):                            1  (196 nodes)
Target sequences:                       3626  (1103641 residues searched)
Passed MSV filter:                        89  (0.024545); expected 72.5 (0.02)
Passed bias filter:                       84  (0.023166); expected 72.5 (0.02)
Passed Vit filter:                         5  (0.00137893); expected 3.6 (0.001)
Passed Fwd filter:                         1  (0.000275786); expected 0.0 (1e-05)
Initial search space (Z):               3626  [actual number of targets]
Domain search space  (domZ):               0  [number of targets reported over threshold]
# CPU time: 0.02u 0.00s 00:00:00.02 Elapsed: 00:00:00.02
# Mc/sec: 9686.30
//
Query:       TIGR01017  [M=200]
Accession:   TIGR01017
Description: rpsD_bact: ribosomal protein uS4
Scores for complete sequences (score includes all domains):
   --- full sequence ---   --- best 1 domain ---    -#dom-
    E-value  score  bias    E-value  score  bias    exp  N  Sequence                  Description
    ------- ------ -----    ------- ------ -----   ---- --  --------                  -----------
    1.6e-72  241.1   0.1    1.8e-72  240.9   0.1    1.0  1  NZ_JCACVZ010000001.1_1176  # 1203503 # 1204120 # 1 # ID=1_1176;partial=00;start_type=ATG;rbs_motif=AGGA;rbs_spacer=5-10bp;gc_cont=0.620


Domain annotation for each sequence:
>> NZ_JCACVZ010000001.1_1176  # 1203503 # 1204120 # 1 # ID=1_1176;partial=00;start_type=ATG;rbs_motif=AGGA;rbs_spacer=5-10bp;gc_cont=0.620
   #    score  bias  c-Evalue  i-Evalue hmmfrom  hmm to    alifrom  ali to    envfrom  env to     acc
 ---   ------ ----- --------- --------- ------- -------    ------- -------    ------- -------    ----
   1 !  240.9   0.1   5.1e-76   1.8e-72       5     200 .]       7     205 ..       3     205 .. 0.94



Internal pipeline statistics summary:
-------------------------------------
Query model(s):                            1  (200 nodes)
Target sequences:                       3626  (1103641 residues searched)
Passed MSV filter:                        65  (0.0179261); expected 72.5 (0.02)
Passed bias filter:                       61  (0.0168229); expected 72.5 (0.02)
Passed Vit filter:                        12  (0.00330943); expected 3.6 (0.001)
Passed Fwd filter:                         5  (0.00137893); expected 0.0 (1e-05)
Initial search space (Z):               3626  [actual number of targets]
Domain search space  (domZ):               1  [number of targets reported over threshold]
# CPU time: 0.02u 0.00s 00:00:00.02 Elapsed: 00:00:00.02
# Mc/sec: 7787.44
//
Query:       TIGR01018  [M=162]
Accession:   TIGR01018
Description: uS4_arch: ribosomal protein uS4
Scores for complete sequences (score includes all domains):
   --- full sequence ---   --- best 1 domain ---    -#dom-
    E-value  score  bias    E-value  score  bias    exp  N  Sequence Description
    ------- ------ -----    ------- ------ -----   ---- --  -------- -----------

   [No hits detected that satisfy reporting thresholds]


Domain annotation for each sequence:

   [No targets detected that satisfy reporting thresholds]


Internal pipeline statistics summary:
-------------------------------------
Query model(s):                            1  (162 nodes)
Target sequences:                       3626  (1103641 residues searched)
Passed MSV filter:                        93  (0.0256481); expected 72.5 (0.02)
Passed bias filter:                       83  (0.0228902); expected 72.5 (0.02)
Passed Vit filter:                         5  (0.00137893); expected 3.6 (0.001)
Passed Fwd filter:                         1  (0.000275786); expected 0.0 (1e-05)
Initial search space (Z):               3626  [actual number of targets]
Domain search space  (domZ):               0  [number of targets reported over threshold]
# CPU time: 0.01u 0.00s 00:00:00.01 Elapsed: 00:00:00.02
# Mc/sec: 8508.05
//
Query:       TIGR01020  [M=212]
Accession:   TIGR01020
Description: uS5_euk_arch: ribosomal protein uS5
Scores for complete sequences (score includes all domains):
   --- full sequence ---   --- best 1 domain ---    -#dom-
    E-value  score  bias    E-value  score  bias    exp  N  Sequence Description
    ------- ------ -----    ------- ------ -----   ---- --  -------- -----------

   [No hits detected that satisfy reporting thresholds]


Domain annotation for each sequence:

   [No targets detected that satisfy reporting thresholds]


Internal pipeline statistics summary:
-------------------------------------
Query model(s):                            1  (212 nodes)
Target sequences:                       3626  (1103641 residues searched)
Passed MSV filter:                        74  (0.0204082); expected 72.5 (0.02)
Passed bias filter:                       62  (0.0170987); expected 72.5 (0.02)
Passed Vit filter:                         3  (0.000827358); expected 3.6 (0.001)
Passed Fwd filter:                         1  (0.000275786); expected 0.0 (1e-05)
Initial search space (Z):               3626  [actual number of targets]
Domain search space  (domZ):               0  [number of targets reported over threshold]
# CPU time: 0.02u 0.00s 00:00:00.02 Elapsed: 00:00:00.02
# Mc/sec: 8308.25
//
Query:       TIGR01021  [M=156]
Accession:   TIGR01021
Description: rpsE_bact: ribosomal protein uS5
Scores for complete sequences (score includes all domains):
   --- full sequence ---   --- best 1 domain ---    -#dom-
    E-value  score  bias    E-value  score  bias    exp  N  Sequence                  Description
    ------- ------ -----    ------- ------ -----   ---- --  --------                  -----------
    1.6e-65  217.4   3.6    1.9e-65  217.2   3.6    1.0  1  NZ_JCACVZ010000001.1_1747  # 1745060 # 1745593 # -1 # ID=1_1747;partial=00;start_type=ATG;rbs_motif=GGAG/GAGG;rbs_spacer=5-10bp;gc_cont=0.650


Domain annotation for each sequence:
>> NZ_JCACVZ010000001.1_1747  # 1745060 # 1745593 # -1 # ID=1_1747;partial=00;start_type=ATG;rbs_motif=GGAG/GAGG;rbs_spacer=5-10bp;gc_cont=0.650
   #    score  bias  c-Evalue  i-Evalue hmmfrom  hmm to    alifrom  ali to    envfrom  env to     acc
 ---   ------ ----- --------- --------- ------- -------    ------- -------    ------- -------    ----
   1 !  217.2   3.6   5.1e-69   1.9e-65       2     156 .]      10     165 ..       9     165 .. 0.98



Internal pipeline statistics summary:
-------------------------------------
Query model(s):                            1  (156 nodes)
Target sequences:                       3626  (1103641 residues searched)
Passed MSV filter:                       154  (0.042471); expected 72.5 (0.02)
Passed bias filter:                      113  (0.0311638); expected 72.5 (0.02)
Passed Vit filter:                        11  (0.00303365); expected 3.6 (0.001)
Passed Fwd filter:                         1  (0.000275786); expected 0.0 (1e-05)
Initial search space (Z):               3626  [actual number of targets]
Domain search space  (domZ):               1  [number of targets reported over threshold]
# CPU time: 0.02u 0.00s 00:00:00.02 Elapsed: 00:00:00.01
# Mc/sec: 9043.60
//
Query:       TIGR01028  [M=186]
Accession:   TIGR01028
Description: uS7_euk_arch: ribosomal protein uS7
Scores for complete sequences (score includes all domains):
   --- full sequence ---   --- best 1 domain ---    -#dom-
    E-value  score  bias    E-value  score  bias    exp  N  Sequence Description
    ------- ------ -----    ------- ------ -----   ---- --  -------- -----------

   [No hits detected that satisfy reporting thresholds]


Domain annotation for each sequence:

   [No targets detected that satisfy reporting thresholds]


Internal pipeline statistics summary:
-------------------------------------
Query model(s):                            1  (186 nodes)
Target sequences:                       3626  (1103641 residues searched)
Passed MSV filter:                        56  (0.015444); expected 72.5 (0.02)
Passed bias filter:                       47  (0.0129619); expected 72.5 (0.02)
Passed Vit filter:                         6  (0.00165472); expected 3.6 (0.001)
Passed Fwd filter:                         1  (0.000275786); expected 0.0 (1e-05)
Initial search space (Z):               3626  [actual number of targets]
Domain search space  (domZ):               0  [number of targets reported over threshold]
# CPU time: 0.02u 0.00s 00:00:00.02 Elapsed: 00:00:00.01
# Mc/sec: 15259.93
//
Query:       TIGR01029  [M=154]
Accession:   TIGR01029
Description: rpsG_bact: ribosomal protein uS7
Scores for complete sequences (score includes all domains):
   --- full sequence ---   --- best 1 domain ---    -#dom-
    E-value  score  bias    E-value  score  bias    exp  N  Sequence                  Description
    ------- ------ -----    ------- ------ -----   ---- --  --------                  -----------
    3.2e-70  232.7   0.4    3.5e-70  232.6   0.4    1.0  1  NZ_JCACVZ010000001.1_1768  # 1757197 # 1757667 # -1 # ID=1_1768;partial=00;start_type=ATG;rbs_motif=AGGAG;rbs_spacer=5-10bp;gc_cont=0.614


Domain annotation for each sequence:
>> NZ_JCACVZ010000001.1_1768  # 1757197 # 1757667 # -1 # ID=1_1768;partial=00;start_type=ATG;rbs_motif=AGGAG;rbs_spacer=5-10bp;gc_cont=0.614
   #    score  bias  c-Evalue  i-Evalue hmmfrom  hmm to    alifrom  ali to    envfrom  env to     acc
 ---   ------ ----- --------- --------- ------- -------    ------- -------    ------- -------    ----
   1 !  232.6   0.4   9.7e-74   3.5e-70       1     154 []       3     156 ..       3     156 .. 1.00



Internal pipeline statistics summary:
-------------------------------------
Query model(s):                            1  (154 nodes)
Target sequences:                       3626  (1103641 residues searched)
Passed MSV filter:                        56  (0.015444); expected 72.5 (0.02)
Passed bias filter:                       51  (0.0140651); expected 72.5 (0.02)
Passed Vit filter:                         7  (0.0019305); expected 3.6 (0.001)
Passed Fwd filter:                         1  (0.000275786); expected 0.0 (1e-05)
Initial search space (Z):               3626  [actual number of targets]
Domain search space  (domZ):               1  [number of targets reported over threshold]
# CPU time: 0.01u 0.01s 00:00:00.02 Elapsed: 00:00:00.01
# Mc/sec: 15867.03
//
Query:       TIGR01032  [M=114]
Accession:   TIGR01032
Description: rplT_bact: ribosomal protein bL20
Scores for complete sequences (score includes all domains):
   --- full sequence ---   --- best 1 domain ---    -#dom-
    E-value  score  bias    E-value  score  bias    exp  N  Sequence                  Description
    ------- ------ -----    ------- ------ -----   ---- --  --------                  -----------
    7.5e-48  159.2   5.6    8.9e-48  159.0   5.6    1.1  1  NZ_JCACVZ010000001.1_3108  # 3173652 # 3174056 # -1 # ID=1_3108;partial=00;start_type=ATG;rbs_motif=AGGA;rbs_spacer=5-10bp;gc_cont=0.625


Domain annotation for each sequence:
>> NZ_JCACVZ010000001.1_3108  # 3173652 # 3174056 # -1 # ID=1_3108;partial=00;start_type=ATG;rbs_motif=AGGA;rbs_spacer=5-10bp;gc_cont=0.625
   #    score  bias  c-Evalue  i-Evalue hmmfrom  hmm to    alifrom  ali to    envfrom  env to     acc
 ---   ------ ----- --------- --------- ------- -------    ------- -------    ------- -------    ----
   1 !  159.0   5.6   2.4e-51   8.9e-48       1     114 []       1     114 [.       1     114 [. 0.99



Internal pipeline statistics summary:
-------------------------------------
Query model(s):                            1  (114 nodes)
Target sequences:                       3626  (1103641 residues searched)
Passed MSV filter:                        78  (0.0215113); expected 72.5 (0.02)
Passed bias filter:                       64  (0.0176503); expected 72.5 (0.02)
Passed Vit filter:                         7  (0.0019305); expected 3.6 (0.001)
Passed Fwd filter:                         1  (0.000275786); expected 0.0 (1e-05)
Initial search space (Z):               3626  [actual number of targets]
Domain search space  (domZ):               1  [number of targets reported over threshold]
# CPU time: 0.01u 0.00s 00:00:00.01 Elapsed: 00:00:00.02
# Mc/sec: 4241.86
//
Query:       TIGR01039  [M=462]
Accession:   TIGR01039
Description: atpD: ATP synthase F1, beta subunit
Scores for complete sequences (score includes all domains):
   --- full sequence ---   --- best 1 domain ---    -#dom-
    E-value  score  bias    E-value  score  bias    exp  N  Sequence                  Description
    ------- ------ -----    ------- ------ -----   ---- --  --------                  -----------
   2.3e-246  815.6   4.8   2.7e-246  815.4   4.8    1.0  1  NZ_JCACVZ010000001.1_3361  # 3404239 # 3405678 # 1 # ID=1_3361;partial=00;start_type=ATG;rbs_motif=GGAG/GAGG;rbs_spacer=5-10bp;gc_cont=0.642


Domain annotation for each sequence:
>> NZ_JCACVZ010000001.1_3361  # 3404239 # 3405678 # 1 # ID=1_3361;partial=00;start_type=ATG;rbs_motif=GGAG/GAGG;rbs_spacer=5-10bp;gc_cont=0.642
   #    score  bias  c-Evalue  i-Evalue hmmfrom  hmm to    alifrom  ali to    envfrom  env to     acc
 ---   ------ ----- --------- --------- ------- -------    ------- -------    ------- -------    ----
   1 !  815.4   4.8  7.3e-250  2.7e-246       2     462 .]       6     474 ..       5     474 .. 0.99



Internal pipeline statistics summary:
-------------------------------------
Query model(s):                            1  (462 nodes)
Target sequences:                       3626  (1103641 residues searched)
Passed MSV filter:                       128  (0.0353006); expected 72.5 (0.02)
Passed bias filter:                      108  (0.0297849); expected 72.5 (0.02)
Passed Vit filter:                        18  (0.00496415); expected 3.6 (0.001)
Passed Fwd filter:                         4  (0.00110314); expected 0.0 (1e-05)
Initial search space (Z):               3626  [actual number of targets]
Domain search space  (domZ):               1  [number of targets reported over threshold]
# CPU time: 0.07u 0.00s 00:00:00.07 Elapsed: 00:00:00.07
# Mc/sec: 7198.15
//
Query:       TIGR01044  [M=103]
Accession:   TIGR01044
Description: rplV_bact: ribosomal protein uL22
Scores for complete sequences (score includes all domains):
   --- full sequence ---   --- best 1 domain ---    -#dom-
    E-value  score  bias    E-value  score  bias    exp  N  Sequence                  Description
    ------- ------ -----    ------- ------ -----   ---- --  --------                  -----------
    1.2e-35  119.5   0.6    1.5e-35  119.2   0.6    1.0  1  NZ_JCACVZ010000001.1_1759  # 1750242 # 1750622 # -1 # ID=1_1759;partial=00;start_type=ATG;rbs_motif=GGAG/GAGG;rbs_spacer=5-10bp;gc_cont=0.609


Domain annotation for each sequence:
>> NZ_JCACVZ010000001.1_1759  # 1750242 # 1750622 # -1 # ID=1_1759;partial=00;start_type=ATG;rbs_motif=GGAG/GAGG;rbs_spacer=5-10bp;gc_cont=0.609
   #    score  bias  c-Evalue  i-Evalue hmmfrom  hmm to    alifrom  ali to    envfrom  env to     acc
 ---   ------ ----- --------- --------- ------- -------    ------- -------    ------- -------    ----
   1 !  119.2   0.6   4.1e-39   1.5e-35       1     103 []      17     119 ..      17     119 .. 0.99



Internal pipeline statistics summary:
-------------------------------------
Query model(s):                            1  (103 nodes)
Target sequences:                       3626  (1103641 residues searched)
Passed MSV filter:                       110  (0.0303365); expected 72.5 (0.02)
Passed bias filter:                       78  (0.0215113); expected 72.5 (0.02)
Passed Vit filter:                         6  (0.00165472); expected 3.6 (0.001)
Passed Fwd filter:                         1  (0.000275786); expected 0.0 (1e-05)
Initial search space (Z):               3626  [actual number of targets]
Domain search space  (domZ):               1  [number of targets reported over threshold]
# CPU time: 0.01u 0.00s 00:00:00.01 Elapsed: 00:00:00.01
# Mc/sec: 6507.24
//
Query:       TIGR01046  [M=99]
Accession:   TIGR01046
Description: uS10_euk_arch: ribosomal protein uS10
Scores for complete sequences (score includes all domains):
   --- full sequence ---   --- best 1 domain ---    -#dom-
    E-value  score  bias    E-value  score  bias    exp  N  Sequence Description
    ------- ------ -----    ------- ------ -----   ---- --  -------- -----------

   [No hits detected that satisfy reporting thresholds]


Domain annotation for each sequence:

   [No targets detected that satisfy reporting thresholds]


Internal pipeline statistics summary:
-------------------------------------
Query model(s):                            1  (99 nodes)
Target sequences:                       3626  (1103641 residues searched)
Passed MSV filter:                        62  (0.0170987); expected 72.5 (0.02)
Passed bias filter:                       58  (0.0159956); expected 72.5 (0.02)
Passed Vit filter:                         3  (0.000827358); expected 3.6 (0.001)
Passed Fwd filter:                         1  (0.000275786); expected 0.0 (1e-05)
Initial search space (Z):               3626  [actual number of targets]
Domain search space  (domZ):               0  [number of targets reported over threshold]
# CPU time: 0.02u 0.00s 00:00:00.02 Elapsed: 00:00:00.02
# Mc/sec: 4982.47
//
Query:       TIGR01052  [M=488]
Accession:   TIGR01052
Description: top6b: DNA topoisomerase VI, B subunit
Scores for complete sequences (score includes all domains):
   --- full sequence ---   --- best 1 domain ---    -#dom-
    E-value  score  bias    E-value  score  bias    exp  N  Sequence Description
    ------- ------ -----    ------- ------ -----   ---- --  -------- -----------

   [No hits detected that satisfy reporting thresholds]


Domain annotation for each sequence:

   [No targets detected that satisfy reporting thresholds]


Internal pipeline statistics summary:
-------------------------------------
Query model(s):                            1  (488 nodes)
Target sequences:                       3626  (1103641 residues searched)
Passed MSV filter:                        88  (0.0242692); expected 72.5 (0.02)
Passed bias filter:                       82  (0.0226145); expected 72.5 (0.02)
Passed Vit filter:                        17  (0.00468836); expected 3.6 (0.001)
Passed Fwd filter:                         6  (0.00165472); expected 0.0 (1e-05)
Initial search space (Z):               3626  [actual number of targets]
Domain search space  (domZ):               0  [number of targets reported over threshold]
# CPU time: 0.05u 0.00s 00:00:00.05 Elapsed: 00:00:00.05
# Mc/sec: 10036.08
//
Query:       TIGR01059  [M=639]
Accession:   TIGR01059
Description: gyrB: DNA gyrase, B subunit
Scores for complete sequences (score includes all domains):
   --- full sequence ---   --- best 1 domain ---    -#dom-
    E-value  score  bias    E-value  score  bias    exp  N  Sequence                  Description
    ------- ------ -----    ------- ------ -----   ---- --  --------                  -----------
   2.1e-295  978.9   0.0   2.4e-295  978.7   0.0    1.0  1  NZ_JCACVZ010000001.1_3011  # 3074091 # 3076571 # -1 # ID=1_3011;partial=00;start_type=ATG;rbs_motif=None;rbs_spacer=None;gc_cont=0.637


Domain annotation for each sequence:
>> NZ_JCACVZ010000001.1_3011  # 3074091 # 3076571 # -1 # ID=1_3011;partial=00;start_type=ATG;rbs_motif=None;rbs_spacer=None;gc_cont=0.637
   #    score  bias  c-Evalue  i-Evalue hmmfrom  hmm to    alifrom  ali to    envfrom  env to     acc
 ---   ------ ----- --------- --------- ------- -------    ------- -------    ------- -------    ----
   1 !  978.7   0.0  6.7e-299  2.4e-295       1     639 []      21     826 ..      21     826 .. 0.91



Internal pipeline statistics summary:
-------------------------------------
Query model(s):                            1  (639 nodes)
Target sequences:                       3626  (1103641 residues searched)
Passed MSV filter:                        71  (0.0195808); expected 72.5 (0.02)
Passed bias filter:                       63  (0.0173745); expected 72.5 (0.02)
Passed Vit filter:                         6  (0.00165472); expected 3.6 (0.001)
Passed Fwd filter:                         2  (0.000551572); expected 0.0 (1e-05)
Initial search space (Z):               3626  [actual number of targets]
Domain search space  (domZ):               1  [number of targets reported over threshold]
# CPU time: 0.06u 0.01s 00:00:00.06 Elapsed: 00:00:00.06
# Mc/sec: 11200.51
//
Query:       TIGR01063  [M=800]
Accession:   TIGR01063
Description: gyrA: DNA gyrase, A subunit
Scores for complete sequences (score includes all domains):
   --- full sequence ---   --- best 1 domain ---    -#dom-
    E-value  score  bias    E-value  score  bias    exp  N  Sequence                  Description
    ------- ------ -----    ------- ------ -----   ---- --  --------                  -----------
          0 1144.9   1.2          0 1144.7   1.2    1.0  1  NZ_JCACVZ010000001.1_1304  # 1322021 # 1324780 # 1 # ID=1_1304;partial=00;start_type=GTG;rbs_motif=None;rbs_spacer=None;gc_cont=0.641


Domain annotation for each sequence:
>> NZ_JCACVZ010000001.1_1304  # 1322021 # 1324780 # 1 # ID=1_1304;partial=00;start_type=GTG;rbs_motif=None;rbs_spacer=None;gc_cont=0.641
   #    score  bias  c-Evalue  i-Evalue hmmfrom  hmm to    alifrom  ali to    envfrom  env to     acc
 ---   ------ ----- --------- --------- ------- -------    ------- -------    ------- -------    ----
   1 ! 1144.7   1.2         0         0       1     799 [.      17     895 ..      17     896 .. 0.99



Internal pipeline statistics summary:
-------------------------------------
Query model(s):                            1  (800 nodes)
Target sequences:                       3626  (1103641 residues searched)
Passed MSV filter:                        82  (0.0226145); expected 72.5 (0.02)
Passed bias filter:                       64  (0.0176503); expected 72.5 (0.02)
Passed Vit filter:                        11  (0.00303365); expected 3.6 (0.001)
Passed Fwd filter:                         2  (0.000551572); expected 0.0 (1e-05)
Initial search space (Z):               3626  [actual number of targets]
Domain search space  (domZ):               1  [number of targets reported over threshold]
# CPU time: 0.08u 0.00s 00:00:00.08 Elapsed: 00:00:00.10
# Mc/sec: 8294.36
//
Query:       TIGR01066  [M=141]
Accession:   TIGR01066
Description: rplM_bact: ribosomal protein uL13
Scores for complete sequences (score includes all domains):
   --- full sequence ---   --- best 1 domain ---    -#dom-
    E-value  score  bias    E-value  score  bias    exp  N  Sequence                  Description
    ------- ------ -----    ------- ------ -----   ---- --  --------                  -----------
    1.2e-58  194.6   0.0    1.3e-58  194.4   0.0    1.0  1  NZ_JCACVZ010000001.1_1848  # 1838666 # 1839130 # -1 # ID=1_1848;partial=00;start_type=ATG;rbs_motif=GGA/GAG/AGG;rbs_spacer=5-10bp;gc_cont=0.643


Domain annotation for each sequence:
>> NZ_JCACVZ010000001.1_1848  # 1838666 # 1839130 # -1 # ID=1_1848;partial=00;start_type=ATG;rbs_motif=GGA/GAG/AGG;rbs_spacer=5-10bp;gc_cont=0.643
   #    score  bias  c-Evalue  i-Evalue hmmfrom  hmm to    alifrom  ali to    envfrom  env to     acc
 ---   ------ ----- --------- --------- ------- -------    ------- -------    ------- -------    ----
   1 !  194.4   0.0   3.7e-62   1.3e-58       2     140 ..       4     142 ..       2     143 .. 0.97



Internal pipeline statistics summary:
-------------------------------------
Query model(s):                            1  (141 nodes)
Target sequences:                       3626  (1103641 residues searched)
Passed MSV filter:                        53  (0.0146167); expected 72.5 (0.02)
Passed bias filter:                       49  (0.0135135); expected 72.5 (0.02)
Passed Vit filter:                         6  (0.00165472); expected 3.6 (0.001)
Passed Fwd filter:                         1  (0.000275786); expected 0.0 (1e-05)
Initial search space (Z):               3626  [actual number of targets]
Domain search space  (domZ):               1  [number of targets reported over threshold]
# CPU time: 0.02u 0.00s 00:00:00.02 Elapsed: 00:00:00.01
# Mc/sec: 8599.37
//
Query:       TIGR01071  [M=144]
Accession:   TIGR01071
Description: rplO_bact: ribosomal protein uL15
Scores for complete sequences (score includes all domains):
   --- full sequence ---   --- best 1 domain ---    -#dom-
    E-value  score  bias    E-value  score  bias    exp  N  Sequence                  Description
    ------- ------ -----    ------- ------ -----   ---- --  --------                  -----------
    1.7e-41  139.1   1.8      2e-41  138.9   1.8    1.0  1  NZ_JCACVZ010000001.1_1745  # 1744329 # 1744832 # -1 # ID=1_1745;partial=00;start_type=ATG;rbs_motif=GGA/GAG/AGG;rbs_spacer=5-10bp;gc_cont=0.643


Domain annotation for each sequence:
>> NZ_JCACVZ010000001.1_1745  # 1744329 # 1744832 # -1 # ID=1_1745;partial=00;start_type=ATG;rbs_motif=GGA/GAG/AGG;rbs_spacer=5-10bp;gc_cont=0.643
   #    score  bias  c-Evalue  i-Evalue hmmfrom  hmm to    alifrom  ali to    envfrom  env to     acc
 ---   ------ ----- --------- --------- ------- -------    ------- -------    ------- -------    ----
   1 !  138.9   1.8   5.4e-45     2e-41       1     143 [.       3     150 ..       3     151 .. 0.96



Internal pipeline statistics summary:
-------------------------------------
Query model(s):                            1  (144 nodes)
Target sequences:                       3626  (1103641 residues searched)
Passed MSV filter:                        62  (0.0170987); expected 72.5 (0.02)
Passed bias filter:                       53  (0.0146167); expected 72.5 (0.02)
Passed Vit filter:                         5  (0.00137893); expected 3.6 (0.001)
Passed Fwd filter:                         1  (0.000275786); expected 0.0 (1e-05)
Initial search space (Z):               3626  [actual number of targets]
Domain search space  (domZ):               1  [number of targets reported over threshold]
# CPU time: 0.01u 0.01s 00:00:00.02 Elapsed: 00:00:00.01
# Mc/sec: 8514.25
//
Query:       TIGR01079  [M=104]
Accession:   TIGR01079
Description: rplX_bact: ribosomal protein uL24
Scores for complete sequences (score includes all domains):
   --- full sequence ---   --- best 1 domain ---    -#dom-
    E-value  score  bias    E-value  score  bias    exp  N  Sequence                  Description
    ------- ------ -----    ------- ------ -----   ---- --  --------                  -----------
    4.1e-34  114.8   3.6    4.5e-34  114.7   3.6    1.0  1  NZ_JCACVZ010000001.1_1753  # 1747857 # 1748168 # -1 # ID=1_1753;partial=00;start_type=ATG;rbs_motif=GGAG/GAGG;rbs_spacer=5-10bp;gc_cont=0.609


Domain annotation for each sequence:
>> NZ_JCACVZ010000001.1_1753  # 1747857 # 1748168 # -1 # ID=1_1753;partial=00;start_type=ATG;rbs_motif=GGAG/GAGG;rbs_spacer=5-10bp;gc_cont=0.609
   #    score  bias  c-Evalue  i-Evalue hmmfrom  hmm to    alifrom  ali to    envfrom  env to     acc
 ---   ------ ----- --------- --------- ------- -------    ------- -------    ------- -------    ----
   1 !  114.7   3.6   1.2e-37   4.5e-34       2     104 .]       3     101 ..       2     101 .. 0.95



Internal pipeline statistics summary:
-------------------------------------
Query model(s):                            1  (104 nodes)
Target sequences:                       3626  (1103641 residues searched)
Passed MSV filter:                        48  (0.0132377); expected 72.5 (0.02)
Passed bias filter:                       46  (0.0126862); expected 72.5 (0.02)
Passed Vit filter:                         3  (0.000827358); expected 3.6 (0.001)
Passed Fwd filter:                         1  (0.000275786); expected 0.0 (1e-05)
Initial search space (Z):               3626  [actual number of targets]
Domain search space  (domZ):               1  [number of targets reported over threshold]
# CPU time: 0.01u 0.00s 00:00:00.01 Elapsed: 00:00:00.01
# Mc/sec: 6610.01
//
Query:       TIGR01082  [M=449]
Accession:   TIGR01082
Description: murC: UDP-N-acetylmuramate--L-alanine ligase
Scores for complete sequences (score includes all domains):
   --- full sequence ---   --- best 1 domain ---    -#dom-
    E-value  score  bias    E-value  score  bias    exp  N  Sequence                  Description
    ------- ------ -----    ------- ------ -----   ---- --  --------                  -----------
   2.9e-162  538.4   0.0   3.3e-162  538.3   0.0    1.0  1  NZ_JCACVZ010000001.1_1030  # 1046766 # 1048184 # 1 # ID=1_1030;partial=00;start_type=ATG;rbs_motif=GGA/GAG/AGG;rbs_spacer=5-10bp;gc_cont=0.642


Domain annotation for each sequence:
>> NZ_JCACVZ010000001.1_1030  # 1046766 # 1048184 # 1 # ID=1_1030;partial=00;start_type=ATG;rbs_motif=GGA/GAG/AGG;rbs_spacer=5-10bp;gc_cont=0.642
   #    score  bias  c-Evalue  i-Evalue hmmfrom  hmm to    alifrom  ali to    envfrom  env to     acc
 ---   ------ ----- --------- --------- ------- -------    ------- -------    ------- -------    ----
   1 !  538.3   0.0  9.2e-166  3.3e-162       2     447 ..      10     458 ..       9     460 .. 0.98



Internal pipeline statistics summary:
-------------------------------------
Query model(s):                            1  (449 nodes)
Target sequences:                       3626  (1103641 residues searched)
Passed MSV filter:                       131  (0.036128); expected 72.5 (0.02)
Passed bias filter:                      118  (0.0325427); expected 72.5 (0.02)
Passed Vit filter:                        16  (0.00441258); expected 3.6 (0.001)
Passed Fwd filter:                         6  (0.00165472); expected 0.0 (1e-05)
Initial search space (Z):               3626  [actual number of targets]
Domain search space  (domZ):               1  [number of targets reported over threshold]
# CPU time: 0.07u 0.00s 00:00:00.07 Elapsed: 00:00:00.08
# Mc/sec: 6003.94
//
Query:       TIGR01087  [M=441]
Accession:   TIGR01087
Description: murD: UDP-N-acetylmuramoylalanine--D-glutamate ligase
Scores for complete sequences (score includes all domains):
   --- full sequence ---   --- best 1 domain ---    -#dom-
    E-value  score  bias    E-value  score  bias    exp  N  Sequence                 Description
    ------- ------ -----    ------- ------ -----   ---- --  --------                 -----------
      6e-82  273.7   0.0    7.2e-82  273.4   0.0    1.1  1  NZ_JCACVZ010000001.1_779  # 810162 # 811463 # -1 # ID=1_779;partial=00;start_type=ATG;rbs_motif=AGxAGG/AGGxGG;rbs_spacer=5-10bp;gc_cont=0.654


Domain annotation for each sequence:
>> NZ_JCACVZ010000001.1_779  # 810162 # 811463 # -1 # ID=1_779;partial=00;start_type=ATG;rbs_motif=AGxAGG/AGGxGG;rbs_spacer=5-10bp;gc_cont=0.654
   #    score  bias  c-Evalue  i-Evalue hmmfrom  hmm to    alifrom  ali to    envfrom  env to     acc
 ---   ------ ----- --------- --------- ------- -------    ------- -------    ------- -------    ----
   1 !  273.4   0.0     2e-85   7.2e-82       2     440 ..       7     425 ..       6     426 .. 0.86



Internal pipeline statistics summary:
-------------------------------------
Query model(s):                            1  (441 nodes)
Target sequences:                       3626  (1103641 residues searched)
Passed MSV filter:                       172  (0.0474352); expected 72.5 (0.02)
Passed bias filter:                      146  (0.0402648); expected 72.5 (0.02)
Passed Vit filter:                        33  (0.00910094); expected 3.6 (0.001)
Passed Fwd filter:                         7  (0.0019305); expected 0.0 (1e-05)
Initial search space (Z):               3626  [actual number of targets]
Domain search space  (domZ):               1  [number of targets reported over threshold]
# CPU time: 0.07u 0.00s 00:00:00.07 Elapsed: 00:00:00.09
# Mc/sec: 5383.59
//
Query:       TIGR01128  [M=314]
Accession:   TIGR01128
Description: holA: DNA polymerase III, delta subunit
Scores for complete sequences (score includes all domains):
   --- full sequence ---   --- best 1 domain ---    -#dom-
    E-value  score  bias    E-value  score  bias    exp  N  Sequence                  Description
    ------- ------ -----    ------- ------ -----   ---- --  --------                  -----------
    3.4e-35  119.5   0.0    3.9e-35  119.3   0.0    1.0  1  NZ_JCACVZ010000001.1_3235  # 3285779 # 3286801 # -1 # ID=1_3235;partial=00;start_type=ATG;rbs_motif=None;rbs_spacer=None;gc_cont=0.650


Domain annotation for each sequence:
>> NZ_JCACVZ010000001.1_3235  # 3285779 # 3286801 # -1 # ID=1_3235;partial=00;start_type=ATG;rbs_motif=None;rbs_spacer=None;gc_cont=0.650
   #    score  bias  c-Evalue  i-Evalue hmmfrom  hmm to    alifrom  ali to    envfrom  env to     acc
 ---   ------ ----- --------- --------- ------- -------    ------- -------    ------- -------    ----
   1 !  119.3   0.0   1.1e-38   3.9e-35       4     314 .]      22     334 ..      19     334 .. 0.96



Internal pipeline statistics summary:
-------------------------------------
Query model(s):                            1  (314 nodes)
Target sequences:                       3626  (1103641 residues searched)
Passed MSV filter:                       119  (0.0328185); expected 72.5 (0.02)
Passed bias filter:                       97  (0.0267512); expected 72.5 (0.02)
Passed Vit filter:                         7  (0.0019305); expected 3.6 (0.001)
Passed Fwd filter:                         2  (0.000551572); expected 0.0 (1e-05)
Initial search space (Z):               3626  [actual number of targets]
Domain search space  (domZ):               1  [number of targets reported over threshold]
# CPU time: 0.03u 0.00s 00:00:00.03 Elapsed: 00:00:00.04
# Mc/sec: 7113.32
//
Query:       TIGR01146  [M=286]
Accession:   TIGR01146
Description: ATPsyn_F1gamma: ATP synthase F1, gamma subunit
Scores for complete sequences (score includes all domains):
   --- full sequence ---   --- best 1 domain ---    -#dom-
    E-value  score  bias    E-value  score  bias    exp  N  Sequence                  Description
    ------- ------ -----    ------- ------ -----   ---- --  --------                  -----------
    2.8e-95  317.0   4.3    3.1e-95  316.9   4.3    1.0  1  NZ_JCACVZ010000001.1_3360  # 3403333 # 3404217 # 1 # ID=1_3360;partial=00;start_type=ATG;rbs_motif=AGGAG;rbs_spacer=5-10bp;gc_cont=0.607


Domain annotation for each sequence:
>> NZ_JCACVZ010000001.1_3360  # 3403333 # 3404217 # 1 # ID=1_3360;partial=00;start_type=ATG;rbs_motif=AGGAG;rbs_spacer=5-10bp;gc_cont=0.607
   #    score  bias  c-Evalue  i-Evalue hmmfrom  hmm to    alifrom  ali to    envfrom  env to     acc
 ---   ------ ----- --------- --------- ------- -------    ------- -------    ------- -------    ----
   1 !  316.9   4.3   8.6e-99   3.1e-95       1     286 []       1     294 [.       1     294 [. 0.94



Internal pipeline statistics summary:
-------------------------------------
Query model(s):                            1  (286 nodes)
Target sequences:                       3626  (1103641 residues searched)
Passed MSV filter:                        84  (0.023166); expected 72.5 (0.02)
Passed bias filter:                       67  (0.0184777); expected 72.5 (0.02)
Passed Vit filter:                         9  (0.00248207); expected 3.6 (0.001)
Passed Fwd filter:                         1  (0.000275786); expected 0.0 (1e-05)
Initial search space (Z):               3626  [actual number of targets]
Domain search space  (domZ):               1  [number of targets reported over threshold]
# CPU time: 0.03u 0.00s 00:00:00.03 Elapsed: 00:00:00.02
# Mc/sec: 12580.06
//
Query:       TIGR01164  [M=126]
Accession:   TIGR01164
Description: rplP_bact: ribosomal protein uL16
Scores for complete sequences (score includes all domains):
   --- full sequence ---   --- best 1 domain ---    -#dom-
    E-value  score  bias    E-value  score  bias    exp  N  Sequence                  Description
    ------- ------ -----    ------- ------ -----   ---- --  --------                  -----------
      8e-59  194.9   1.2    9.1e-59  194.8   1.2    1.0  1  NZ_JCACVZ010000001.1_1757  # 1749058 # 1749471 # -1 # ID=1_1757;partial=00;start_type=ATG;rbs_motif=AGxAGG/AGGxGG;rbs_spacer=5-10bp;gc_cont=0.604


Domain annotation for each sequence:
>> NZ_JCACVZ010000001.1_1757  # 1749058 # 1749471 # -1 # ID=1_1757;partial=00;start_type=ATG;rbs_motif=AGxAGG/AGGxGG;rbs_spacer=5-10bp;gc_cont=0.604
   #    score  bias  c-Evalue  i-Evalue hmmfrom  hmm to    alifrom  ali to    envfrom  env to     acc
 ---   ------ ----- --------- --------- ------- -------    ------- -------    ------- -------    ----
   1 !  194.8   1.2   2.5e-62   9.1e-59       1     126 []       2     127 ..       2     127 .. 0.99



Internal pipeline statistics summary:
-------------------------------------
Query model(s):                            1  (126 nodes)
Target sequences:                       3626  (1103641 residues searched)
Passed MSV filter:                        60  (0.0165472); expected 72.5 (0.02)
Passed bias filter:                       48  (0.0132377); expected 72.5 (0.02)
Passed Vit filter:                         7  (0.0019305); expected 3.6 (0.001)
Passed Fwd filter:                         1  (0.000275786); expected 0.0 (1e-05)
Initial search space (Z):               3626  [actual number of targets]
Domain search space  (domZ):               1  [number of targets reported over threshold]
# CPU time: 0.02u 0.00s 00:00:00.02 Elapsed: 00:00:00.02
# Mc/sec: 5845.24
//
Query:       TIGR01169  [M=227]
Accession:   TIGR01169
Description: rplA_bact: ribosomal protein uL1
Scores for complete sequences (score includes all domains):
   --- full sequence ---   --- best 1 domain ---    -#dom-
    E-value  score  bias    E-value  score  bias    exp  N  Sequence                  Description
    ------- ------ -----    ------- ------ -----   ---- --  --------                  -----------
   2.2e-103  342.2   3.7   2.5e-103  342.0   3.7    1.0  1  NZ_JCACVZ010000001.1_1780  # 1775272 # 1775964 # -1 # ID=1_1780;partial=00;start_type=ATG;rbs_motif=4Base/6BMM;rbs_spacer=13-15bp;gc_cont=0.631


Domain annotation for each sequence:
>> NZ_JCACVZ010000001.1_1780  # 1775272 # 1775964 # -1 # ID=1_1780;partial=00;start_type=ATG;rbs_motif=4Base/6BMM;rbs_spacer=13-15bp;gc_cont=0.631
   #    score  bias  c-Evalue  i-Evalue hmmfrom  hmm to    alifrom  ali to    envfrom  env to     acc
 ---   ------ ----- --------- --------- ------- -------    ------- -------    ------- -------    ----
   1 !  342.0   3.7  6.9e-107  2.5e-103       1     224 [.       3     226 ..       3     229 .. 0.99



Internal pipeline statistics summary:
-------------------------------------
Query model(s):                            1  (227 nodes)
Target sequences:                       3626  (1103641 residues searched)
Passed MSV filter:                       105  (0.0289575); expected 72.5 (0.02)
Passed bias filter:                       89  (0.024545); expected 72.5 (0.02)
Passed Vit filter:                         6  (0.00165472); expected 3.6 (0.001)
Passed Fwd filter:                         1  (0.000275786); expected 0.0 (1e-05)
Initial search space (Z):               3626  [actual number of targets]
Domain search space  (domZ):               1  [number of targets reported over threshold]
# CPU time: 0.02u 0.01s 00:00:00.03 Elapsed: 00:00:00.04
# Mc/sec: 5527.75
//
Query:       TIGR01171  [M=275]
Accession:   TIGR01171
Description: rplB_bact: ribosomal protein uL2
Scores for complete sequences (score includes all domains):
   --- full sequence ---   --- best 1 domain ---    -#dom-
    E-value  score  bias    E-value  score  bias    exp  N  Sequence                  Description
    ------- ------ -----    ------- ------ -----   ---- --  --------                  -----------
     4e-119  394.7   5.5   4.7e-119  394.5   5.5    1.0  1  NZ_JCACVZ010000001.1_1761  # 1750906 # 1751745 # -1 # ID=1_1761;partial=00;start_type=ATG;rbs_motif=GGA/GAG/AGG;rbs_spacer=5-10bp;gc_cont=0.636


Domain annotation for each sequence:
>> NZ_JCACVZ010000001.1_1761  # 1750906 # 1751745 # -1 # ID=1_1761;partial=00;start_type=ATG;rbs_motif=GGA/GAG/AGG;rbs_spacer=5-10bp;gc_cont=0.636
   #    score  bias  c-Evalue  i-Evalue hmmfrom  hmm to    alifrom  ali to    envfrom  env to     acc
 ---   ------ ----- --------- --------- ------- -------    ------- -------    ------- -------    ----
   1 !  394.5   5.5  1.3e-122  4.7e-119       1     274 [.       3     274 ..       3     275 .. 0.98



Internal pipeline statistics summary:
-------------------------------------
Query model(s):                            1  (275 nodes)
Target sequences:                       3626  (1103641 residues searched)
Passed MSV filter:                        63  (0.0173745); expected 72.5 (0.02)
Passed bias filter:                       54  (0.0148924); expected 72.5 (0.02)
Passed Vit filter:                         5  (0.00137893); expected 3.6 (0.001)
Passed Fwd filter:                         1  (0.000275786); expected 0.0 (1e-05)
Initial search space (Z):               3626  [actual number of targets]
Domain search space  (domZ):               1  [number of targets reported over threshold]
# CPU time: 0.02u 0.00s 00:00:00.02 Elapsed: 00:00:00.02
# Mc/sec: 12257.03
//
Query:       TIGR01213  [M=387]
Accession:   TIGR01213
Description: pseudo_Pus10arc: tRNA pseudouridine(54/55) synthase
Scores for complete sequences (score includes all domains):
   --- full sequence ---   --- best 1 domain ---    -#dom-
    E-value  score  bias    E-value  score  bias    exp  N  Sequence Description
    ------- ------ -----    ------- ------ -----   ---- --  -------- -----------

   [No hits detected that satisfy reporting thresholds]


Domain annotation for each sequence:

   [No targets detected that satisfy reporting thresholds]


Internal pipeline statistics summary:
-------------------------------------
Query model(s):                            1  (387 nodes)
Target sequences:                       3626  (1103641 residues searched)
Passed MSV filter:                        95  (0.0261997); expected 72.5 (0.02)
Passed bias filter:                       77  (0.0212355); expected 72.5 (0.02)
Passed Vit filter:                         9  (0.00248207); expected 3.6 (0.001)
Passed Fwd filter:                         0  (0); expected 0.0 (1e-05)
Initial search space (Z):               3626  [actual number of targets]
Domain search space  (domZ):               0  [number of targets reported over threshold]
# CPU time: 0.03u 0.00s 00:00:00.03 Elapsed: 00:00:00.05
# Mc/sec: 8414.47
//
Query:       TIGR01302  [M=450]
Accession:   TIGR01302
Description: IMP_dehydrog: inosine-5'-monophosphate dehydrogenase
Scores for complete sequences (score includes all domains):
   --- full sequence ---   --- best 1 domain ---    -#dom-
    E-value  score  bias    E-value  score  bias    exp  N  Sequence                  Description
    ------- ------ -----    ------- ------ -----   ---- --  --------                  -----------
   1.2e-192  638.3  11.5   1.4e-192  638.2  11.5    1.0  1  NZ_JCACVZ010000001.1_2053  # 2060532 # 2062034 # -1 # ID=1_2053;partial=00;start_type=TTG;rbs_motif=GGA/GAG/AGG;rbs_spacer=5-10bp;gc_cont=0.647


Domain annotation for each sequence:
>> NZ_JCACVZ010000001.1_2053  # 2060532 # 2062034 # -1 # ID=1_2053;partial=00;start_type=TTG;rbs_motif=GGA/GAG/AGG;rbs_spacer=5-10bp;gc_cont=0.647
   #    score  bias  c-Evalue  i-Evalue hmmfrom  hmm to    alifrom  ali to    envfrom  env to     acc
 ---   ------ ----- --------- --------- ------- -------    ------- -------    ------- -------    ----
   1 !  638.2  11.5  3.9e-196  1.4e-192       1     449 [.      13     466 ..      13     467 .. 0.99



Internal pipeline statistics summary:
-------------------------------------
Query model(s):                            1  (450 nodes)
Target sequences:                       3626  (1103641 residues searched)
Passed MSV filter:                       149  (0.0410921); expected 72.5 (0.02)
Passed bias filter:                      106  (0.0292333); expected 72.5 (0.02)
Passed Vit filter:                        19  (0.00523993); expected 3.6 (0.001)
Passed Fwd filter:                         9  (0.00248207); expected 0.0 (1e-05)
Initial search space (Z):               3626  [actual number of targets]
Domain search space  (domZ):               1  [number of targets reported over threshold]
# CPU time: 0.07u 0.00s 00:00:00.07 Elapsed: 00:00:00.07
# Mc/sec: 6236.42
//
Query:       TIGR01391  [M=414]
Accession:   TIGR01391
Description: dnaG: DNA primase
Scores for complete sequences (score includes all domains):
   --- full sequence ---   --- best 1 domain ---    -#dom-
    E-value  score  bias    E-value  score  bias    exp  N  Sequence                 Description
    ------- ------ -----    ------- ------ -----   ---- --  --------                 -----------
   1.3e-124  413.9   0.0   1.6e-124  413.6   0.0    1.1  1  NZ_JCACVZ010000001.1_913  # 926506 # 928437 # 1 # ID=1_913;partial=00;start_type=ATG;rbs_motif=None;rbs_spacer=None;gc_cont=0.652


Domain annotation for each sequence:
>> NZ_JCACVZ010000001.1_913  # 926506 # 928437 # 1 # ID=1_913;partial=00;start_type=ATG;rbs_motif=None;rbs_spacer=None;gc_cont=0.652
   #    score  bias  c-Evalue  i-Evalue hmmfrom  hmm to    alifrom  ali to    envfrom  env to     acc
 ---   ------ ----- --------- --------- ------- -------    ------- -------    ------- -------    ----
   1 !  413.6   0.0  4.4e-128  1.6e-124       2     413 ..       3     421 ..       2     422 .. 0.96



Internal pipeline statistics summary:
-------------------------------------
Query model(s):                            1  (414 nodes)
Target sequences:                       3626  (1103641 residues searched)
Passed MSV filter:                        75  (0.0206839); expected 72.5 (0.02)
Passed bias filter:                       71  (0.0195808); expected 72.5 (0.02)
Passed Vit filter:                         6  (0.00165472); expected 3.6 (0.001)
Passed Fwd filter:                         1  (0.000275786); expected 0.0 (1e-05)
Initial search space (Z):               3626  [actual number of targets]
Domain search space  (domZ):               1  [number of targets reported over threshold]
# CPU time: 0.03u 0.00s 00:00:00.03 Elapsed: 00:00:00.03
# Mc/sec: 12046.89
//
Query:       TIGR01393  [M=595]
Accession:   TIGR01393
Description: lepA: elongation factor 4
Scores for complete sequences (score includes all domains):
   --- full sequence ---   --- best 1 domain ---    -#dom-
    E-value  score  bias    E-value  score  bias    exp  N  Sequence                  Description
    ------- ------ -----    ------- ------ -----   ---- --  --------                  -----------
   1.1e-294  976.0   0.3   1.3e-294  975.8   0.3    1.0  1  NZ_JCACVZ010000001.1_2974  # 3042067 # 3043974 # 1 # ID=1_2974;partial=00;start_type=TTG;rbs_motif=GGAG/GAGG;rbs_spacer=5-10bp;gc_cont=0.629


Domain annotation for each sequence:
>> NZ_JCACVZ010000001.1_2974  # 3042067 # 3043974 # 1 # ID=1_2974;partial=00;start_type=TTG;rbs_motif=GGAG/GAGG;rbs_spacer=5-10bp;gc_cont=0.629
   #    score  bias  c-Evalue  i-Evalue hmmfrom  hmm to    alifrom  ali to    envfrom  env to     acc
 ---   ------ ----- --------- --------- ------- -------    ------- -------    ------- -------    ----
   1 !  975.8   0.3  3.7e-298  1.3e-294       1     594 [.      40     632 ..      40     633 .. 1.00



Internal pipeline statistics summary:
-------------------------------------
Query model(s):                            1  (595 nodes)
Target sequences:                       3626  (1103641 residues searched)
Passed MSV filter:                        74  (0.0204082); expected 72.5 (0.02)
Passed bias filter:                       63  (0.0173745); expected 72.5 (0.02)
Passed Vit filter:                        12  (0.00330943); expected 3.6 (0.001)
Passed Fwd filter:                         9  (0.00248207); expected 0.0 (1e-05)
Initial search space (Z):               3626  [actual number of targets]
Domain search space  (domZ):               1  [number of targets reported over threshold]
# CPU time: 0.09u 0.00s 00:00:00.09 Elapsed: 00:00:00.08
# Mc/sec: 7319.14
//
Query:       TIGR01394  [M=594]
Accession:   TIGR01394
Description: TypA_BipA: GTP-binding protein TypA/BipA
Scores for complete sequences (score includes all domains):
   --- full sequence ---   --- best 1 domain ---    -#dom-
    E-value  score  bias    E-value  score  bias    exp  N  Sequence                  Description
    ------- ------ -----    ------- ------ -----   ---- --  --------                  -----------
     4e-274  908.0   0.0   4.6e-274  907.8   0.0    1.0  1  NZ_JCACVZ010000001.1_3267  # 3317737 # 3319602 # 1 # ID=1_3267;partial=00;start_type=TTG;rbs_motif=None;rbs_spacer=None;gc_cont=0.642


Domain annotation for each sequence:
>> NZ_JCACVZ010000001.1_3267  # 3317737 # 3319602 # 1 # ID=1_3267;partial=00;start_type=TTG;rbs_motif=None;rbs_spacer=None;gc_cont=0.642
   #    score  bias  c-Evalue  i-Evalue hmmfrom  hmm to    alifrom  ali to    envfrom  env to     acc
 ---   ------ ----- --------- --------- ------- -------    ------- -------    ------- -------    ----
   1 !  907.8   0.0  1.3e-277  4.6e-274       1     594 []      20     613 ..      20     613 .. 1.00



Internal pipeline statistics summary:
-------------------------------------
Query model(s):                            1  (594 nodes)
Target sequences:                       3626  (1103641 residues searched)
Passed MSV filter:                        76  (0.0209597); expected 72.5 (0.02)
Passed bias filter:                       63  (0.0173745); expected 72.5 (0.02)
Passed Vit filter:                        15  (0.00413679); expected 3.6 (0.001)
Passed Fwd filter:                         8  (0.00220629); expected 0.0 (1e-05)
Initial search space (Z):               3626  [actual number of targets]
Domain search space  (domZ):               1  [number of targets reported over threshold]
# CPU time: 0.10u 0.00s 00:00:00.10 Elapsed: 00:00:00.11
# Mc/sec: 5586.44
//
Query:       TIGR01510  [M=155]
Accession:   TIGR01510
Description: coaD_prev_kdtB: pantetheine-phosphate adenylyltransferase
Scores for complete sequences (score includes all domains):
   --- full sequence ---   --- best 1 domain ---    -#dom-
    E-value  score  bias    E-value  score  bias    exp  N  Sequence                  Description
    ------- ------ -----    ------- ------ -----   ---- --  --------                  -----------
    1.7e-52  175.2   0.0    1.9e-52  175.1   0.0    1.0  1  NZ_JCACVZ010000001.1_1307  # 1326031 # 1326528 # 1 # ID=1_1307;partial=00;start_type=ATG;rbs_motif=GGAG/GAGG;rbs_spacer=5-10bp;gc_cont=0.598


Domain annotation for each sequence:
>> NZ_JCACVZ010000001.1_1307  # 1326031 # 1326528 # 1 # ID=1_1307;partial=00;start_type=ATG;rbs_motif=GGAG/GAGG;rbs_spacer=5-10bp;gc_cont=0.598
   #    score  bias  c-Evalue  i-Evalue hmmfrom  hmm to    alifrom  ali to    envfrom  env to     acc
 ---   ------ ----- --------- --------- ------- -------    ------- -------    ------- -------    ----
   1 !  175.1   0.0   5.3e-56   1.9e-52       2     153 ..       6     163 ..       5     165 .. 0.95



Internal pipeline statistics summary:
-------------------------------------
Query model(s):                            1  (155 nodes)
Target sequences:                       3626  (1103641 residues searched)
Passed MSV filter:                        61  (0.0168229); expected 72.5 (0.02)
Passed bias filter:                       57  (0.0157198); expected 72.5 (0.02)
Passed Vit filter:                         5  (0.00137893); expected 3.6 (0.001)
Passed Fwd filter:                         2  (0.000551572); expected 0.0 (1e-05)
Initial search space (Z):               3626  [actual number of targets]
Domain search space  (domZ):               1  [number of targets reported over threshold]
# CPU time: 0.02u 0.00s 00:00:00.02 Elapsed: 00:00:00.02
# Mc/sec: 7152.18
//
Query:       TIGR01632  [M=140]
Accession:   TIGR01632
Description: L11_bact: ribosomal protein uL11
Scores for complete sequences (score includes all domains):
   --- full sequence ---   --- best 1 domain ---    -#dom-
    E-value  score  bias    E-value  score  bias    exp  N  Sequence                  Description
    ------- ------ -----    ------- ------ -----   ---- --  --------                  -----------
      1e-64  214.3   1.1    1.2e-64  214.2   1.1    1.0  1  NZ_JCACVZ010000001.1_1781  # 1775973 # 1776401 # -1 # ID=1_1781;partial=00;start_type=ATG;rbs_motif=GGAG/GAGG;rbs_spacer=5-10bp;gc_cont=0.587


Domain annotation for each sequence:
>> NZ_JCACVZ010000001.1_1781  # 1775973 # 1776401 # -1 # ID=1_1781;partial=00;start_type=ATG;rbs_motif=GGAG/GAGG;rbs_spacer=5-10bp;gc_cont=0.587
   #    score  bias  c-Evalue  i-Evalue hmmfrom  hmm to    alifrom  ali to    envfrom  env to     acc
 ---   ------ ----- --------- --------- ------- -------    ------- -------    ------- -------    ----
   1 !  214.2   1.1   3.2e-68   1.2e-64       1     139 [.       3     141 ..       3     142 .. 0.99



Internal pipeline statistics summary:
-------------------------------------
Query model(s):                            1  (140 nodes)
Target sequences:                       3626  (1103641 residues searched)
Passed MSV filter:                        63  (0.0173745); expected 72.5 (0.02)
Passed bias filter:                       58  (0.0159956); expected 72.5 (0.02)
Passed Vit filter:                         4  (0.00110314); expected 3.6 (0.001)
Passed Fwd filter:                         1  (0.000275786); expected 0.0 (1e-05)
Initial search space (Z):               3626  [actual number of targets]
Domain search space  (domZ):               1  [number of targets reported over threshold]
# CPU time: 0.02u 0.00s 00:00:00.02 Elapsed: 00:00:00.02
# Mc/sec: 6910.83
//
Query:       TIGR01951  [M=131]
Accession:   TIGR01951
Description: nusB: transcription antitermination factor NusB
Scores for complete sequences (score includes all domains):
   --- full sequence ---   --- best 1 domain ---    -#dom-
    E-value  score  bias    E-value  score  bias    exp  N  Sequence                  Description
    ------- ------ -----    ------- ------ -----   ---- --  --------                  -----------
    5.9e-38  127.8   0.0    6.7e-38  127.6   0.0    1.0  1  NZ_JCACVZ010000001.1_1874  # 1866921 # 1867415 # -1 # ID=1_1874;partial=00;start_type=ATG;rbs_motif=None;rbs_spacer=None;gc_cont=0.669


Domain annotation for each sequence:
>> NZ_JCACVZ010000001.1_1874  # 1866921 # 1867415 # -1 # ID=1_1874;partial=00;start_type=ATG;rbs_motif=None;rbs_spacer=None;gc_cont=0.669
   #    score  bias  c-Evalue  i-Evalue hmmfrom  hmm to    alifrom  ali to    envfrom  env to     acc
 ---   ------ ----- --------- --------- ------- -------    ------- -------    ------- -------    ----
   1 !  127.6   0.0   1.9e-41   6.7e-38       2     130 ..      18     155 ..      16     156 .. 0.94



Internal pipeline statistics summary:
-------------------------------------
Query model(s):                            1  (131 nodes)
Target sequences:                       3626  (1103641 residues searched)
Passed MSV filter:                       100  (0.0275786); expected 72.5 (0.02)
Passed bias filter:                       80  (0.0220629); expected 72.5 (0.02)
Passed Vit filter:                        11  (0.00303365); expected 3.6 (0.001)
Passed Fwd filter:                         2  (0.000551572); expected 0.0 (1e-05)
Initial search space (Z):               3626  [actual number of targets]
Domain search space  (domZ):               1  [number of targets reported over threshold]
# CPU time: 0.01u 0.01s 00:00:00.02 Elapsed: 00:00:00.02
# Mc/sec: 5066.51
//
Query:       TIGR01952  [M=141]
Accession:   TIGR01952
Description: nusA_arch: NusA family KH domain protein, archaeal
Scores for complete sequences (score includes all domains):
   --- full sequence ---   --- best 1 domain ---    -#dom-
    E-value  score  bias    E-value  score  bias    exp  N  Sequence Description
    ------- ------ -----    ------- ------ -----   ---- --  -------- -----------

   [No hits detected that satisfy reporting thresholds]


Domain annotation for each sequence:

   [No targets detected that satisfy reporting thresholds]


Internal pipeline statistics summary:
-------------------------------------
Query model(s):                            1  (141 nodes)
Target sequences:                       3626  (1103641 residues searched)
Passed MSV filter:                        68  (0.0187534); expected 72.5 (0.02)
Passed bias filter:                       58  (0.0159956); expected 72.5 (0.02)
Passed Vit filter:                         9  (0.00248207); expected 3.6 (0.001)
Passed Fwd filter:                         2  (0.000551572); expected 0.0 (1e-05)
Initial search space (Z):               3626  [actual number of targets]
Domain search space  (domZ):               0  [number of targets reported over threshold]
# CPU time: 0.03u 0.00s 00:00:00.03 Elapsed: 00:00:00.03
# Mc/sec: 5090.52
//
Query:       TIGR01953  [M=340]
Accession:   TIGR01953
Description: NusA: transcription termination factor NusA
Scores for complete sequences (score includes all domains):
   --- full sequence ---   --- best 1 domain ---    -#dom-
    E-value  score  bias    E-value  score  bias    exp  N  Sequence                  Description
    ------- ------ -----    ------- ------ -----   ---- --  --------                  -----------
   1.6e-134  445.9   3.6   2.2e-134  445.4   3.6    1.2  1  NZ_JCACVZ010000001.1_3126  # 3186385 # 3187974 # 1 # ID=1_3126;partial=00;start_type=ATG;rbs_motif=AGGAG;rbs_spacer=5-10bp;gc_cont=0.635


Domain annotation for each sequence:
>> NZ_JCACVZ010000001.1_3126  # 3186385 # 3187974 # 1 # ID=1_3126;partial=00;start_type=ATG;rbs_motif=AGGAG;rbs_spacer=5-10bp;gc_cont=0.635
   #    score  bias  c-Evalue  i-Evalue hmmfrom  hmm to    alifrom  ali to    envfrom  env to     acc
 ---   ------ ----- --------- --------- ------- -------    ------- -------    ------- -------    ----
   1 !  445.4   3.6  6.1e-138  2.2e-134       1     339 [.       9     346 ..       9     347 .. 0.99



Internal pipeline statistics summary:
-------------------------------------
Query model(s):                            1  (340 nodes)
Target sequences:                       3626  (1103641 residues searched)
Passed MSV filter:                        76  (0.0209597); expected 72.5 (0.02)
Passed bias filter:                       61  (0.0168229); expected 72.5 (0.02)
Passed Vit filter:                         6  (0.00165472); expected 3.6 (0.001)
Passed Fwd filter:                         1  (0.000275786); expected 0.0 (1e-05)
Initial search space (Z):               3626  [actual number of targets]
Domain search space  (domZ):               1  [number of targets reported over threshold]
# CPU time: 0.02u 0.00s 00:00:00.02 Elapsed: 00:00:00.04
# Mc/sec: 9374.31
//
Query:       TIGR02012  [M=321]
Accession:   TIGR02012
Description: tigrfam_recA: protein RecA
Scores for complete sequences (score includes all domains):
   --- full sequence ---   --- best 1 domain ---    -#dom-
    E-value  score  bias    E-value  score  bias    exp  N  Sequence                  Description
    ------- ------ -----    ------- ------ -----   ---- --  --------                  -----------
   1.7e-174  577.2   0.7     2e-174  577.0   0.7    1.0  1  NZ_JCACVZ010000001.1_1163  # 1189427 # 1190500 # 1 # ID=1_1163;partial=00;start_type=ATG;rbs_motif=AGGAG;rbs_spacer=5-10bp;gc_cont=0.619


Domain annotation for each sequence:
>> NZ_JCACVZ010000001.1_1163  # 1189427 # 1190500 # 1 # ID=1_1163;partial=00;start_type=ATG;rbs_motif=AGGAG;rbs_spacer=5-10bp;gc_cont=0.619
   #    score  bias  c-Evalue  i-Evalue hmmfrom  hmm to    alifrom  ali to    envfrom  env to     acc
 ---   ------ ----- --------- --------- ------- -------    ------- -------    ------- -------    ----
   1 !  577.0   0.7  5.5e-178    2e-174       1     321 []      15     335 ..      15     335 .. 1.00



Internal pipeline statistics summary:
-------------------------------------
Query model(s):                            1  (321 nodes)
Target sequences:                       3626  (1103641 residues searched)
Passed MSV filter:                       178  (0.0490899); expected 72.5 (0.02)
Passed bias filter:                      144  (0.0397132); expected 72.5 (0.02)
Passed Vit filter:                        26  (0.00717044); expected 3.6 (0.001)
Passed Fwd filter:                         2  (0.000551572); expected 0.0 (1e-05)
Initial search space (Z):               3626  [actual number of targets]
Domain search space  (domZ):               1  [number of targets reported over threshold]
# CPU time: 0.04u 0.01s 00:00:00.05 Elapsed: 00:00:00.04
# Mc/sec: 8185.72
//
Query:       TIGR02013  [M=1238]
Accession:   TIGR02013
Description: rpoB: DNA-directed RNA polymerase, beta subunit
Scores for complete sequences (score includes all domains):
   --- full sequence ---   --- best 1 domain ---    -#dom-
    E-value  score  bias    E-value  score  bias    exp  N  Sequence                  Description
    ------- ------ -----    ------- ------ -----   ---- --  --------                  -----------
          0 1953.4   1.6          0 1953.2   1.6    1.0  1  NZ_JCACVZ010000001.1_1777  # 1769429 # 1773562 # -1 # ID=1_1777;partial=00;start_type=ATG;rbs_motif=AGGAG;rbs_spacer=5-10bp;gc_cont=0.619


Domain annotation for each sequence:
>> NZ_JCACVZ010000001.1_1777  # 1769429 # 1773562 # -1 # ID=1_1777;partial=00;start_type=ATG;rbs_motif=AGGAG;rbs_spacer=5-10bp;gc_cont=0.619
   #    score  bias  c-Evalue  i-Evalue hmmfrom  hmm to    alifrom  ali to    envfrom  env to     acc
 ---   ------ ----- --------- --------- ------- -------    ------- -------    ------- -------    ----
   1 ! 1953.2   1.6         0         0       3    1238 .]      10    1356 ..       8    1356 .. 0.97



Internal pipeline statistics summary:
-------------------------------------
Query model(s):                            1  (1238 nodes)
Target sequences:                       3626  (1103641 residues searched)
Passed MSV filter:                        97  (0.0267512); expected 72.5 (0.02)
Passed bias filter:                       78  (0.0215113); expected 72.5 (0.02)
Passed Vit filter:                         5  (0.00137893); expected 3.6 (0.001)
Passed Fwd filter:                         1  (0.000275786); expected 0.0 (1e-05)
Initial search space (Z):               3626  [actual number of targets]
Domain search space  (domZ):               1  [number of targets reported over threshold]
# CPU time: 0.11u 0.02s 00:00:00.13 Elapsed: 00:00:00.14
# Mc/sec: 9699.48
//
Query:       TIGR02027  [M=298]
Accession:   TIGR02027
Description: rpoA: DNA-directed RNA polymerase, alpha subunit
Scores for complete sequences (score includes all domains):
   --- full sequence ---   --- best 1 domain ---    -#dom-
    E-value  score  bias    E-value  score  bias    exp  N  Sequence                  Description
    ------- ------ -----    ------- ------ -----   ---- --  --------                  -----------
   1.4e-116  386.5   0.0   1.6e-116  386.3   0.0    1.0  1  NZ_JCACVZ010000001.1_1740  # 1740043 # 1741062 # -1 # ID=1_1740;partial=00;start_type=GTG;rbs_motif=AGGA;rbs_spacer=5-10bp;gc_cont=0.602


Domain annotation for each sequence:
>> NZ_JCACVZ010000001.1_1740  # 1740043 # 1741062 # -1 # ID=1_1740;partial=00;start_type=GTG;rbs_motif=AGGA;rbs_spacer=5-10bp;gc_cont=0.602
   #    score  bias  c-Evalue  i-Evalue hmmfrom  hmm to    alifrom  ali to    envfrom  env to     acc
 ---   ------ ----- --------- --------- ------- -------    ------- -------    ------- -------    ----
   1 !  386.3   0.0  4.5e-120  1.6e-116       2     298 .]      28     319 ..      27     319 .. 0.97



Internal pipeline statistics summary:
-------------------------------------
Query model(s):                            1  (298 nodes)
Target sequences:                       3626  (1103641 residues searched)
Passed MSV filter:                        59  (0.0162714); expected 72.5 (0.02)
Passed bias filter:                       46  (0.0126862); expected 72.5 (0.02)
Passed Vit filter:                         5  (0.00137893); expected 3.6 (0.001)
Passed Fwd filter:                         2  (0.000551572); expected 0.0 (1e-05)
Initial search space (Z):               3626  [actual number of targets]
Domain search space  (domZ):               1  [number of targets reported over threshold]
# CPU time: 0.02u 0.00s 00:00:00.02 Elapsed: 00:00:00.03
# Mc/sec: 9515.55
//
Query:       TIGR02075  [M=233]
Accession:   TIGR02075
Description: pyrH_bact: UMP kinase
Scores for complete sequences (score includes all domains):
   --- full sequence ---   --- best 1 domain ---    -#dom-
    E-value  score  bias    E-value  score  bias    exp  N  Sequence                  Description
    ------- ------ -----    ------- ------ -----   ---- --  --------                  -----------
      3e-89  296.3   0.0    3.4e-89  296.1   0.0    1.0  1  NZ_JCACVZ010000001.1_1541  # 1557196 # 1557915 # -1 # ID=1_1541;partial=00;start_type=ATG;rbs_motif=GGAG/GAGG;rbs_spacer=5-10bp;gc_cont=0.617


Domain annotation for each sequence:
>> NZ_JCACVZ010000001.1_1541  # 1557196 # 1557915 # -1 # ID=1_1541;partial=00;start_type=ATG;rbs_motif=GGAG/GAGG;rbs_spacer=5-10bp;gc_cont=0.617
   #    score  bias  c-Evalue  i-Evalue hmmfrom  hmm to    alifrom  ali to    envfrom  env to     acc
 ---   ------ ----- --------- --------- ------- -------    ------- -------    ------- -------    ----
   1 !  296.1   0.0   9.3e-93   3.4e-89       1     232 [.       5     235 ..       5     236 .. 0.99



Internal pipeline statistics summary:
-------------------------------------
Query model(s):                            1  (233 nodes)
Target sequences:                       3626  (1103641 residues searched)
Passed MSV filter:                       101  (0.0278544); expected 72.5 (0.02)
Passed bias filter:                       86  (0.0237176); expected 72.5 (0.02)
Passed Vit filter:                         7  (0.0019305); expected 3.6 (0.001)
Passed Fwd filter:                         3  (0.000827358); expected 0.0 (1e-05)
Initial search space (Z):               3626  [actual number of targets]
Domain search space  (domZ):               1  [number of targets reported over threshold]
# CPU time: 0.04u 0.00s 00:00:00.04 Elapsed: 00:00:00.04
# Mc/sec: 6367.40
//
Query:       TIGR02191  [M=219]
Accession:   TIGR02191
Description: RNaseIII: ribonuclease III
Scores for complete sequences (score includes all domains):
   --- full sequence ---   --- best 1 domain ---    -#dom-
    E-value  score  bias    E-value  score  bias    exp  N  Sequence                  Description
    ------- ------ -----    ------- ------ -----   ---- --  --------                  -----------
    1.1e-71  238.5   0.0    1.3e-71  238.3   0.0    1.0  1  NZ_JCACVZ010000001.1_1891  # 1882375 # 1883082 # -1 # ID=1_1891;partial=00;start_type=GTG;rbs_motif=None;rbs_spacer=None;gc_cont=0.675


Domain annotation for each sequence:
>> NZ_JCACVZ010000001.1_1891  # 1882375 # 1883082 # -1 # ID=1_1891;partial=00;start_type=GTG;rbs_motif=None;rbs_spacer=None;gc_cont=0.675
   #    score  bias  c-Evalue  i-Evalue hmmfrom  hmm to    alifrom  ali to    envfrom  env to     acc
 ---   ------ ----- --------- --------- ------- -------    ------- -------    ------- -------    ----
   1 !  238.3   0.0   3.5e-75   1.3e-71       1     216 [.      11     225 ..      11     228 .. 0.95



Internal pipeline statistics summary:
-------------------------------------
Query model(s):                            1  (219 nodes)
Target sequences:                       3626  (1103641 residues searched)
Passed MSV filter:                        69  (0.0190292); expected 72.5 (0.02)
Passed bias filter:                       51  (0.0140651); expected 72.5 (0.02)
Passed Vit filter:                         5  (0.00137893); expected 3.6 (0.001)
Passed Fwd filter:                         1  (0.000275786); expected 0.0 (1e-05)
Initial search space (Z):               3626  [actual number of targets]
Domain search space  (domZ):               1  [number of targets reported over threshold]
# CPU time: 0.02u 0.00s 00:00:00.02 Elapsed: 00:00:00.03
# Mc/sec: 8048.71
//
Query:       TIGR02236  [M=311]
Accession:   TIGR02236
Description: recomb_radA: DNA repair and recombination protein RadA
Scores for complete sequences (score includes all domains):
   --- full sequence ---   --- best 1 domain ---    -#dom-
    E-value  score  bias    E-value  score  bias    exp  N  Sequence Description
    ------- ------ -----    ------- ------ -----   ---- --  -------- -----------

   [No hits detected that satisfy reporting thresholds]


Domain annotation for each sequence:

   [No targets detected that satisfy reporting thresholds]


Internal pipeline statistics summary:
-------------------------------------
Query model(s):                            1  (311 nodes)
Target sequences:                       3626  (1103641 residues searched)
Passed MSV filter:                       123  (0.0339217); expected 72.5 (0.02)
Passed bias filter:                       89  (0.024545); expected 72.5 (0.02)
Passed Vit filter:                        10  (0.00275786); expected 3.6 (0.001)
Passed Fwd filter:                         4  (0.00110314); expected 0.0 (1e-05)
Initial search space (Z):               3626  [actual number of targets]
Domain search space  (domZ):               0  [number of targets reported over threshold]
# CPU time: 0.04u 0.00s 00:00:00.04 Elapsed: 00:00:00.03
# Mc/sec: 9066.06
//
Query:       TIGR02273  [M=166]
Accession:   TIGR02273
Description: 16S_RimM: 16S rRNA processing protein RimM
Scores for complete sequences (score includes all domains):
   --- full sequence ---   --- best 1 domain ---    -#dom-
    E-value  score  bias    E-value  score  bias    exp  N  Sequence                  Description
    ------- ------ -----    ------- ------ -----   ---- --  --------                  -----------
    2.5e-41  138.5   0.0    2.8e-41  138.4   0.0    1.0  1  NZ_JCACVZ010000001.1_3245  # 3295350 # 3295907 # -1 # ID=1_3245;partial=00;start_type=ATG;rbs_motif=AGGAG;rbs_spacer=5-10bp;gc_cont=0.645


Domain annotation for each sequence:
>> NZ_JCACVZ010000001.1_3245  # 3295350 # 3295907 # -1 # ID=1_3245;partial=00;start_type=ATG;rbs_motif=AGGAG;rbs_spacer=5-10bp;gc_cont=0.645
   #    score  bias  c-Evalue  i-Evalue hmmfrom  hmm to    alifrom  ali to    envfrom  env to     acc
 ---   ------ ----- --------- --------- ------- -------    ------- -------    ------- -------    ----
   1 !  138.4   0.0   7.6e-45   2.8e-41       2     163 ..      15     174 ..      14     177 .. 0.94



Internal pipeline statistics summary:
-------------------------------------
Query model(s):                            1  (166 nodes)
Target sequences:                       3626  (1103641 residues searched)
Passed MSV filter:                        54  (0.0148924); expected 72.5 (0.02)
Passed bias filter:                       52  (0.0143409); expected 72.5 (0.02)
Passed Vit filter:                        10  (0.00275786); expected 3.6 (0.001)
Passed Fwd filter:                         1  (0.000275786); expected 0.0 (1e-05)
Initial search space (Z):               3626  [actual number of targets]
Domain search space  (domZ):               1  [number of targets reported over threshold]
# CPU time: 0.01u 0.00s 00:00:00.01 Elapsed: 00:00:00.01
# Mc/sec: 9502.63
//
Query:       TIGR02338  [M=110]
Accession:   TIGR02338
Description: gimC_beta: prefoldin, beta subunit
Scores for complete sequences (score includes all domains):
   --- full sequence ---   --- best 1 domain ---    -#dom-
    E-value  score  bias    E-value  score  bias    exp  N  Sequence Description
    ------- ------ -----    ------- ------ -----   ---- --  -------- -----------

   [No hits detected that satisfy reporting thresholds]


Domain annotation for each sequence:

   [No targets detected that satisfy reporting thresholds]


Internal pipeline statistics summary:
-------------------------------------
Query model(s):                            1  (110 nodes)
Target sequences:                       3626  (1103641 residues searched)
Passed MSV filter:                       128  (0.0353006); expected 72.5 (0.02)
Passed bias filter:                       79  (0.0217871); expected 72.5 (0.02)
Passed Vit filter:                         3  (0.000827358); expected 3.6 (0.001)
Passed Fwd filter:                         1  (0.000275786); expected 0.0 (1e-05)
Initial search space (Z):               3626  [actual number of targets]
Domain search space  (domZ):               0  [number of targets reported over threshold]
# CPU time: 0.02u 0.01s 00:00:00.03 Elapsed: 00:00:00.01
# Mc/sec: 8729.68
//
Query:       TIGR02350  [M=596]
Accession:   TIGR02350
Description: prok_dnaK: chaperone protein DnaK
Scores for complete sequences (score includes all domains):
   --- full sequence ---   --- best 1 domain ---    -#dom-
    E-value  score  bias    E-value  score  bias    exp  N  Sequence                  Description
    ------- ------ -----    ------- ------ -----   ---- --  --------                  -----------
          0 1012.6  17.8          0 1012.4  17.8    1.0  1  NZ_JCACVZ010000001.1_3187  # 3247905 # 3249809 # 1 # ID=1_3187;partial=00;start_type=ATG;rbs_motif=GGAG/GAGG;rbs_spacer=5-10bp;gc_cont=0.619


Domain annotation for each sequence:
>> NZ_JCACVZ010000001.1_3187  # 3247905 # 3249809 # 1 # ID=1_3187;partial=00;start_type=ATG;rbs_motif=GGAG/GAGG;rbs_spacer=5-10bp;gc_cont=0.619
   #    score  bias  c-Evalue  i-Evalue hmmfrom  hmm to    alifrom  ali to    envfrom  env to     acc
 ---   ------ ----- --------- --------- ------- -------    ------- -------    ------- -------    ----
   1 ! 1012.4  17.8         0         0       1     596 []       3     599 ..       3     599 .. 0.99



Internal pipeline statistics summary:
-------------------------------------
Query model(s):                            1  (596 nodes)
Target sequences:                       3626  (1103641 residues searched)
Passed MSV filter:                       126  (0.034749); expected 72.5 (0.02)
Passed bias filter:                       89  (0.024545); expected 72.5 (0.02)
Passed Vit filter:                        15  (0.00413679); expected 3.6 (0.001)
Passed Fwd filter:                         4  (0.00110314); expected 0.0 (1e-05)
Initial search space (Z):               3626  [actual number of targets]
Domain search space  (domZ):               1  [number of targets reported over threshold]
# CPU time: 0.06u 0.00s 00:00:00.06 Elapsed: 00:00:00.05
# Mc/sec: 11669.21
//
Query:       TIGR02386  [M=1147]
Accession:   TIGR02386
Description: rpoC_TIGR: DNA-directed RNA polymerase, beta' subunit
Scores for complete sequences (score includes all domains):
   --- full sequence ---   --- best 1 domain ---    -#dom-
    E-value  score  bias    E-value  score  bias    exp  N  Sequence                  Description
    ------- ------ -----    ------- ------ -----   ---- --  --------                  -----------
          0 1791.9   0.3          0 1481.4   0.0    2.1  1  NZ_JCACVZ010000001.1_1776  # 1765165 # 1769349 # -1 # ID=1_1776;partial=00;start_type=ATG;rbs_motif=AGGAG;rbs_spacer=5-10bp;gc_cont=0.621


Domain annotation for each sequence:
>> NZ_JCACVZ010000001.1_1776  # 1765165 # 1769349 # -1 # ID=1_1776;partial=00;start_type=ATG;rbs_motif=AGGAG;rbs_spacer=5-10bp;gc_cont=0.621
   #    score  bias  c-Evalue  i-Evalue hmmfrom  hmm to    alifrom  ali to    envfrom  env to     acc
 ---   ------ ----- --------- --------- ------- -------    ------- -------    ------- -------    ----
   1 ! 1481.4   0.0         0         0       2    1001 ..      23    1027 ..      22    1042 .. 0.96



Internal pipeline statistics summary:
-------------------------------------
Query model(s):                            1  (1147 nodes)
Target sequences:                       3626  (1103641 residues searched)
Passed MSV filter:                        65  (0.0179261); expected 72.5 (0.02)
Passed bias filter:                       58  (0.0159956); expected 72.5 (0.02)
Passed Vit filter:                         5  (0.00137893); expected 3.6 (0.001)
Passed Fwd filter:                         1  (0.000275786); expected 0.0 (1e-05)
Initial search space (Z):               3626  [actual number of targets]
Domain search space  (domZ):               1  [number of targets reported over threshold]
# CPU time: 0.10u 0.01s 00:00:00.11 Elapsed: 00:00:00.11
# Mc/sec: 10828.69
//
Query:       TIGR02389  [M=367]
Accession:   TIGR02389
Description: RNA_pol_rpoA2: DNA-directed RNA polymerase, subunit A''
Scores for complete sequences (score includes all domains):
   --- full sequence ---   --- best 1 domain ---    -#dom-
    E-value  score  bias    E-value  score  bias    exp  N  Sequence Description
    ------- ------ -----    ------- ------ -----   ---- --  -------- -----------

   [No hits detected that satisfy reporting thresholds]


Domain annotation for each sequence:

   [No targets detected that satisfy reporting thresholds]


Internal pipeline statistics summary:
-------------------------------------
Query model(s):                            1  (367 nodes)
Target sequences:                       3626  (1103641 residues searched)
Passed MSV filter:                       102  (0.0281302); expected 72.5 (0.02)
Passed bias filter:                       79  (0.0217871); expected 72.5 (0.02)
Passed Vit filter:                         7  (0.0019305); expected 3.6 (0.001)
Passed Fwd filter:                         1  (0.000275786); expected 0.0 (1e-05)
Initial search space (Z):               3626  [actual number of targets]
Domain search space  (domZ):               0  [number of targets reported over threshold]
# CPU time: 0.04u 0.00s 00:00:00.04 Elapsed: 00:00:00.03
# Mc/sec: 11176.15
//
Query:       TIGR02390  [M=867]
Accession:   TIGR02390
Description: RNA_pol_rpoA1: DNA-directed RNA polymerase subunit A'
Scores for complete sequences (score includes all domains):
   --- full sequence ---   --- best 1 domain ---    -#dom-
    E-value  score  bias    E-value  score  bias    exp  N  Sequence Description
    ------- ------ -----    ------- ------ -----   ---- --  -------- -----------

   [No hits detected that satisfy reporting thresholds]


Domain annotation for each sequence:

   [No targets detected that satisfy reporting thresholds]


Internal pipeline statistics summary:
-------------------------------------
Query model(s):                            1  (867 nodes)
Target sequences:                       3626  (1103641 residues searched)
Passed MSV filter:                        49  (0.0135135); expected 72.5 (0.02)
Passed bias filter:                       47  (0.0129619); expected 72.5 (0.02)
Passed Vit filter:                         5  (0.00137893); expected 3.6 (0.001)
Passed Fwd filter:                         2  (0.000551572); expected 0.0 (1e-05)
Initial search space (Z):               3626  [actual number of targets]
Domain search space  (domZ):               0  [number of targets reported over threshold]
# CPU time: 0.08u 0.00s 00:00:00.08 Elapsed: 00:00:00.08
# Mc/sec: 10640.12
//
Query:       TIGR02397  [M=355]
Accession:   TIGR02397
Description: dnaX_nterm: DNA polymerase III, subunit gamma and tau
Scores for complete sequences (score includes all domains):
   --- full sequence ---   --- best 1 domain ---    -#dom-
    E-value  score  bias    E-value  score  bias    exp  N  Sequence                  Description
    ------- ------ -----    ------- ------ -----   ---- --  --------                  -----------
   9.7e-122  404.2   0.0   1.2e-121  404.0   0.0    1.1  1  NZ_JCACVZ010000001.1_2534  # 2582515 # 2584263 # -1 # ID=1_2534;partial=00;start_type=ATG;rbs_motif=GGA/GAG/AGG;rbs_spacer=5-10bp;gc_cont=0.673


Domain annotation for each sequence:
>> NZ_JCACVZ010000001.1_2534  # 2582515 # 2584263 # -1 # ID=1_2534;partial=00;start_type=ATG;rbs_motif=GGA/GAG/AGG;rbs_spacer=5-10bp;gc_cont=0.673
   #    score  bias  c-Evalue  i-Evalue hmmfrom  hmm to    alifrom  ali to    envfrom  env to     acc
 ---   ------ ----- --------- --------- ------- -------    ------- -------    ------- -------    ----
   1 !  404.0   0.0  3.2e-125  1.2e-121       1     354 [.       9     368 ..       9     369 .. 0.97



Internal pipeline statistics summary:
-------------------------------------
Query model(s):                            1  (355 nodes)
Target sequences:                       3626  (1103641 residues searched)
Passed MSV filter:                       220  (0.0606729); expected 72.5 (0.02)
Passed bias filter:                      208  (0.0573635); expected 72.5 (0.02)
Passed Vit filter:                        91  (0.0250965); expected 3.6 (0.001)
Passed Fwd filter:                         9  (0.00248207); expected 0.0 (1e-05)
Initial search space (Z):               3626  [actual number of targets]
Domain search space  (domZ):               1  [number of targets reported over threshold]
# CPU time: 0.07u 0.00s 00:00:00.07 Elapsed: 00:00:00.07
# Mc/sec: 5508.11
//
Query:       TIGR02432  [M=189]
Accession:   TIGR02432
Description: lysidine_TilS_N: tRNA(Ile)-lysidine synthetase
Scores for complete sequences (score includes all domains):
   --- full sequence ---   --- best 1 domain ---    -#dom-
    E-value  score  bias    E-value  score  bias    exp  N  Sequence                 Description
    ------- ------ -----    ------- ------ -----   ---- --  --------                 -----------
    2.3e-41  139.5   0.0    4.2e-41  138.6   0.0    1.3  1  NZ_JCACVZ010000001.1_223  # 205723 # 206997 # 1 # ID=1_223;partial=00;start_type=ATG;rbs_motif=AGxAGG/AGGxGG;rbs_spacer=5-10bp;gc_cont=0.685


Domain annotation for each sequence:
>> NZ_JCACVZ010000001.1_223  # 205723 # 206997 # 1 # ID=1_223;partial=00;start_type=ATG;rbs_motif=AGxAGG/AGGxGG;rbs_spacer=5-10bp;gc_cont=0.685
   #    score  bias  c-Evalue  i-Evalue hmmfrom  hmm to    alifrom  ali to    envfrom  env to     acc
 ---   ------ ----- --------- --------- ------- -------    ------- -------    ------- -------    ----
   1 !  138.6   0.0   1.2e-44   4.2e-41       4     185 ..      30     208 ..      27     211 .. 0.93



Internal pipeline statistics summary:
-------------------------------------
Query model(s):                            1  (189 nodes)
Target sequences:                       3626  (1103641 residues searched)
Passed MSV filter:                        77  (0.0212355); expected 72.5 (0.02)
Passed bias filter:                       71  (0.0195808); expected 72.5 (0.02)
Passed Vit filter:                        15  (0.00413679); expected 3.6 (0.001)
Passed Fwd filter:                         6  (0.00165472); expected 0.0 (1e-05)
Initial search space (Z):               3626  [actual number of targets]
Domain search space  (domZ):               1  [number of targets reported over threshold]
# CPU time: 0.03u 0.00s 00:00:00.03 Elapsed: 00:00:00.04
# Mc/sec: 4478.95
//
Query:       TIGR02729  [M=329]
Accession:   TIGR02729
Description: Obg_CgtA: Obg family GTPase CgtA
Scores for complete sequences (score includes all domains):
   --- full sequence ---   --- best 1 domain ---    -#dom-
    E-value  score  bias    E-value  score  bias    exp  N  Sequence                  Description
    ------- ------ -----    ------- ------ -----   ---- --  --------                  -----------
     5e-136  450.7   2.3   5.7e-136  450.5   2.3    1.0  1  NZ_JCACVZ010000001.1_3373  # 3415870 # 3416913 # -1 # ID=1_3373;partial=00;start_type=ATG;rbs_motif=GGA/GAG/AGG;rbs_spacer=5-10bp;gc_cont=0.628


Domain annotation for each sequence:
>> NZ_JCACVZ010000001.1_3373  # 3415870 # 3416913 # -1 # ID=1_3373;partial=00;start_type=ATG;rbs_motif=GGA/GAG/AGG;rbs_spacer=5-10bp;gc_cont=0.628
   #    score  bias  c-Evalue  i-Evalue hmmfrom  hmm to    alifrom  ali to    envfrom  env to     acc
 ---   ------ ----- --------- --------- ------- -------    ------- -------    ------- -------    ----
   1 !  450.5   2.3  1.6e-139  5.7e-136       1     328 [.       3     326 ..       3     327 .. 0.99



Internal pipeline statistics summary:
-------------------------------------
Query model(s):                            1  (329 nodes)
Target sequences:                       3626  (1103641 residues searched)
Passed MSV filter:                       244  (0.0672918); expected 72.5 (0.02)
Passed bias filter:                      219  (0.0603971); expected 72.5 (0.02)
Passed Vit filter:                        61  (0.0168229); expected 3.6 (0.001)
Passed Fwd filter:                         9  (0.00248207); expected 0.0 (1e-05)
Initial search space (Z):               3626  [actual number of targets]
Domain search space  (domZ):               1  [number of targets reported over threshold]
# CPU time: 0.08u 0.00s 00:00:00.08 Elapsed: 00:00:00.09
# Mc/sec: 3819.55
//
Query:       TIGR03263  [M=180]
Accession:   TIGR03263
Description: guanyl_kin: guanylate kinase
Scores for complete sequences (score includes all domains):
   --- full sequence ---   --- best 1 domain ---    -#dom-
    E-value  score  bias    E-value  score  bias    exp  N  Sequence                  Description
    ------- ------ -----    ------- ------ -----   ---- --  --------                  -----------
    2.6e-66  220.3   0.0      3e-66  220.1   0.0    1.0  1  NZ_JCACVZ010000001.1_2025  # 2032537 # 2033175 # -1 # ID=1_2025;partial=00;start_type=ATG;rbs_motif=GGA/GAG/AGG;rbs_spacer=5-10bp;gc_cont=0.621


Domain annotation for each sequence:
>> NZ_JCACVZ010000001.1_2025  # 2032537 # 2033175 # -1 # ID=1_2025;partial=00;start_type=ATG;rbs_motif=GGA/GAG/AGG;rbs_spacer=5-10bp;gc_cont=0.621
   #    score  bias  c-Evalue  i-Evalue hmmfrom  hmm to    alifrom  ali to    envfrom  env to     acc
 ---   ------ ----- --------- --------- ------- -------    ------- -------    ------- -------    ----
   1 !  220.1   0.0   8.4e-70     3e-66       2     179 ..       8     186 ..       7     187 .. 0.98



Internal pipeline statistics summary:
-------------------------------------
Query model(s):                            1  (180 nodes)
Target sequences:                       3626  (1103641 residues searched)
Passed MSV filter:                       268  (0.0739106); expected 72.5 (0.02)
Passed bias filter:                      259  (0.0714286); expected 72.5 (0.02)
Passed Vit filter:                       135  (0.0372311); expected 3.6 (0.001)
Passed Fwd filter:                        38  (0.0104799); expected 0.0 (1e-05)
Initial search space (Z):               3626  [actual number of targets]
Domain search space  (domZ):               1  [number of targets reported over threshold]
# CPU time: 0.06u 0.00s 00:00:00.06 Elapsed: 00:00:00.06
# Mc/sec: 3073.27
//
Query:       TIGR03594  [M=432]
Accession:   TIGR03594
Description: GTPase_EngA: ribosome-associated GTPase EngA
Scores for complete sequences (score includes all domains):
   --- full sequence ---   --- best 1 domain ---    -#dom-
    E-value  score  bias    E-value  score  bias    exp  N  Sequence                  Description
    ------- ------ -----    ------- ------ -----   ---- --  --------                  -----------
     2e-164  545.4   0.0   2.3e-164  545.2   0.0    1.0  1  NZ_JCACVZ010000001.1_2045  # 2052234 # 2053688 # -1 # ID=1_2045;partial=00;start_type=ATG;rbs_motif=GGAGG;rbs_spacer=3-4bp;gc_cont=0.658


Domain annotation for each sequence:
>> NZ_JCACVZ010000001.1_2045  # 2052234 # 2053688 # -1 # ID=1_2045;partial=00;start_type=ATG;rbs_motif=GGAGG;rbs_spacer=3-4bp;gc_cont=0.658
   #    score  bias  c-Evalue  i-Evalue hmmfrom  hmm to    alifrom  ali to    envfrom  env to     acc
 ---   ------ ----- --------- --------- ------- -------    ------- -------    ------- -------    ----
   1 !  545.2   0.0  6.2e-168  2.3e-164       2     432 .]       4     473 ..       3     473 .. 0.96



Internal pipeline statistics summary:
-------------------------------------
Query model(s):                            1  (432 nodes)
Target sequences:                       3626  (1103641 residues searched)
Passed MSV filter:                       207  (0.0570877); expected 72.5 (0.02)
Passed bias filter:                      194  (0.0535025); expected 72.5 (0.02)
Passed Vit filter:                        79  (0.0217871); expected 3.6 (0.001)
Passed Fwd filter:                        19  (0.00523993); expected 0.0 (1e-05)
Initial search space (Z):               3626  [actual number of targets]
Domain search space  (domZ):               1  [number of targets reported over threshold]
# CPU time: 0.10u 0.00s 00:00:00.10 Elapsed: 00:00:00.10
# Mc/sec: 4436.85
//
Query:       TIGR03625  [M=202]
Accession:   TIGR03625
Description: L3_bact: 50S ribosomal protein uL3
Scores for complete sequences (score includes all domains):
   --- full sequence ---   --- best 1 domain ---    -#dom-
    E-value  score  bias    E-value  score  bias    exp  N  Sequence                  Description
    ------- ------ -----    ------- ------ -----   ---- --  --------                  -----------
    4.1e-84  279.1   7.9    4.8e-84  278.9   7.9    1.0  1  NZ_JCACVZ010000001.1_1764  # 1752675 # 1753406 # -1 # ID=1_1764;partial=00;start_type=ATG;rbs_motif=3Base/5BMM;rbs_spacer=13-15bp;gc_cont=0.638


Domain annotation for each sequence:
>> NZ_JCACVZ010000001.1_1764  # 1752675 # 1753406 # -1 # ID=1_1764;partial=00;start_type=ATG;rbs_motif=3Base/5BMM;rbs_spacer=13-15bp;gc_cont=0.638
   #    score  bias  c-Evalue  i-Evalue hmmfrom  hmm to    alifrom  ali to    envfrom  env to     acc
 ---   ------ ----- --------- --------- ------- -------    ------- -------    ------- -------    ----
   1 !  278.9   7.9   1.3e-87   4.8e-84       1     202 []      16     217 ..      16     217 .. 0.99



Internal pipeline statistics summary:
-------------------------------------
Query model(s):                            1  (202 nodes)
Target sequences:                       3626  (1103641 residues searched)
Passed MSV filter:                        62  (0.0170987); expected 72.5 (0.02)
Passed bias filter:                       53  (0.0146167); expected 72.5 (0.02)
Passed Vit filter:                         6  (0.00165472); expected 3.6 (0.001)
Passed Fwd filter:                         1  (0.000275786); expected 0.0 (1e-05)
Initial search space (Z):               3626  [actual number of targets]
Domain search space  (domZ):               1  [number of targets reported over threshold]
# CPU time: 0.02u 0.00s 00:00:00.02 Elapsed: 00:00:00.01
# Mc/sec: 15620.18
//
Query:       TIGR03626  [M=331]
Accession:   TIGR03626
Description: L3_arch: ribosomal protein uL3
Scores for complete sequences (score includes all domains):
   --- full sequence ---   --- best 1 domain ---    -#dom-
    E-value  score  bias    E-value  score  bias    exp  N  Sequence Description
    ------- ------ -----    ------- ------ -----   ---- --  -------- -----------

   [No hits detected that satisfy reporting thresholds]


Domain annotation for each sequence:

   [No targets detected that satisfy reporting thresholds]


Internal pipeline statistics summary:
-------------------------------------
Query model(s):                            1  (331 nodes)
Target sequences:                       3626  (1103641 residues searched)
Passed MSV filter:                        62  (0.0170987); expected 72.5 (0.02)
Passed bias filter:                       53  (0.0146167); expected 72.5 (0.02)
Passed Vit filter:                         7  (0.0019305); expected 3.6 (0.001)
Passed Fwd filter:                         1  (0.000275786); expected 0.0 (1e-05)
Initial search space (Z):               3626  [actual number of targets]
Domain search space  (domZ):               0  [number of targets reported over threshold]
# CPU time: 0.04u 0.00s 00:00:00.04 Elapsed: 00:00:00.03
# Mc/sec: 10404.47
//
Query:       TIGR03627  [M=130]
Accession:   TIGR03627
Description: uS9_arch: ribosomal protein uS9
Scores for complete sequences (score includes all domains):
   --- full sequence ---   --- best 1 domain ---    -#dom-
    E-value  score  bias    E-value  score  bias    exp  N  Sequence Description
    ------- ------ -----    ------- ------ -----   ---- --  -------- -----------

   [No hits detected that satisfy reporting thresholds]


Domain annotation for each sequence:

   [No targets detected that satisfy reporting thresholds]


Internal pipeline statistics summary:
-------------------------------------
Query model(s):                            1  (130 nodes)
Target sequences:                       3626  (1103641 residues searched)
Passed MSV filter:                       143  (0.0394374); expected 72.5 (0.02)
Passed bias filter:                      127  (0.0350248); expected 72.5 (0.02)
Passed Vit filter:                        13  (0.00358522); expected 3.6 (0.001)
Passed Fwd filter:                         1  (0.000275786); expected 0.0 (1e-05)
Initial search space (Z):               3626  [actual number of targets]
Domain search space  (domZ):               0  [number of targets reported over threshold]
# CPU time: 0.02u 0.00s 00:00:00.02 Elapsed: 00:00:00.03
# Mc/sec: 4618.53
//
Query:       TIGR03628  [M=117]
Accession:   TIGR03628
Description: arch_S11P: ribosomal protein uS11
Scores for complete sequences (score includes all domains):
   --- full sequence ---   --- best 1 domain ---    -#dom-
    E-value  score  bias    E-value  score  bias    exp  N  Sequence Description
    ------- ------ -----    ------- ------ -----   ---- --  -------- -----------

   [No hits detected that satisfy reporting thresholds]


Domain annotation for each sequence:

   [No targets detected that satisfy reporting thresholds]


Internal pipeline statistics summary:
-------------------------------------
Query model(s):                            1  (117 nodes)
Target sequences:                       3626  (1103641 residues searched)
Passed MSV filter:                       154  (0.042471); expected 72.5 (0.02)
Passed bias filter:                      110  (0.0303365); expected 72.5 (0.02)
Passed Vit filter:                         5  (0.00137893); expected 3.6 (0.001)
Passed Fwd filter:                         1  (0.000275786); expected 0.0 (1e-05)
Initial search space (Z):               3626  [actual number of targets]
Domain search space  (domZ):               0  [number of targets reported over threshold]
# CPU time: 0.02u 0.00s 00:00:00.02 Elapsed: 00:00:00.02
# Mc/sec: 5658.31
//
Query:       TIGR03629  [M=144]
Accession:   TIGR03629
Description: uS13_arch: ribosomal protein uS13
Scores for complete sequences (score includes all domains):
   --- full sequence ---   --- best 1 domain ---    -#dom-
    E-value  score  bias    E-value  score  bias    exp  N  Sequence Description
    ------- ------ -----    ------- ------ -----   ---- --  -------- -----------

   [No hits detected that satisfy reporting thresholds]


Domain annotation for each sequence:

   [No targets detected that satisfy reporting thresholds]


Internal pipeline statistics summary:
-------------------------------------
Query model(s):                            1  (144 nodes)
Target sequences:                       3626  (1103641 residues searched)
Passed MSV filter:                        89  (0.024545); expected 72.5 (0.02)
Passed bias filter:                       75  (0.0206839); expected 72.5 (0.02)
Passed Vit filter:                         8  (0.00220629); expected 3.6 (0.001)
Passed Fwd filter:                         2  (0.000551572); expected 0.0 (1e-05)
Initial search space (Z):               3626  [actual number of targets]
Domain search space  (domZ):               0  [number of targets reported over threshold]
# CPU time: 0.02u 0.00s 00:00:00.02 Elapsed: 00:00:00.02
# Mc/sec: 7823.71
//
Query:       TIGR03632  [M=117]
Accession:   TIGR03632
Description: uS11_bact: ribosomal protein uS11
Scores for complete sequences (score includes all domains):
   --- full sequence ---   --- best 1 domain ---    -#dom-
    E-value  score  bias    E-value  score  bias    exp  N  Sequence                  Description
    ------- ------ -----    ------- ------ -----   ---- --  --------                  -----------
    2.1e-59  196.7   1.4    2.5e-59  196.5   1.4    1.0  1  NZ_JCACVZ010000001.1_1741  # 1741163 # 1741555 # -1 # ID=1_1741;partial=00;start_type=ATG;rbs_motif=GGAG/GAGG;rbs_spacer=5-10bp;gc_cont=0.623


Domain annotation for each sequence:
>> NZ_JCACVZ010000001.1_1741  # 1741163 # 1741555 # -1 # ID=1_1741;partial=00;start_type=ATG;rbs_motif=GGAG/GAGG;rbs_spacer=5-10bp;gc_cont=0.623
   #    score  bias  c-Evalue  i-Evalue hmmfrom  hmm to    alifrom  ali to    envfrom  env to     acc
 ---   ------ ----- --------- --------- ------- -------    ------- -------    ------- -------    ----
   1 !  196.5   1.4     7e-63   2.5e-59       1     117 []      11     127 ..      11     127 .. 0.99



Internal pipeline statistics summary:
-------------------------------------
Query model(s):                            1  (117 nodes)
Target sequences:                       3626  (1103641 residues searched)
Passed MSV filter:                       127  (0.0350248); expected 72.5 (0.02)
Passed bias filter:                      108  (0.0297849); expected 72.5 (0.02)
Passed Vit filter:                        11  (0.00303365); expected 3.6 (0.001)
Passed Fwd filter:                         1  (0.000275786); expected 0.0 (1e-05)
Initial search space (Z):               3626  [actual number of targets]
Domain search space  (domZ):               1  [number of targets reported over threshold]
# CPU time: 0.02u 0.01s 00:00:00.03 Elapsed: 00:00:00.02
# Mc/sec: 4809.85
//
Query:       TIGR03654  [M=175]
Accession:   TIGR03654
Description: L6_bact: ribosomal protein uL6
Scores for complete sequences (score includes all domains):
   --- full sequence ---   --- best 1 domain ---    -#dom-
    E-value  score  bias    E-value  score  bias    exp  N  Sequence                  Description
    ------- ------ -----    ------- ------ -----   ---- --  --------                  -----------
    3.8e-72  239.4   0.6    4.2e-72  239.2   0.6    1.0  1  NZ_JCACVZ010000001.1_1749  # 1745989 # 1746522 # -1 # ID=1_1749;partial=00;start_type=ATG;rbs_motif=AGGA;rbs_spacer=5-10bp;gc_cont=0.640


Domain annotation for each sequence:
>> NZ_JCACVZ010000001.1_1749  # 1745989 # 1746522 # -1 # ID=1_1749;partial=00;start_type=ATG;rbs_motif=AGGA;rbs_spacer=5-10bp;gc_cont=0.640
   #    score  bias  c-Evalue  i-Evalue hmmfrom  hmm to    alifrom  ali to    envfrom  env to     acc
 ---   ------ ----- --------- --------- ------- -------    ------- -------    ------- -------    ----
   1 !  239.2   0.6   1.2e-75   4.2e-72       1     175 []       2     176 ..       2     176 .. 1.00



Internal pipeline statistics summary:
-------------------------------------
Query model(s):                            1  (175 nodes)
Target sequences:                       3626  (1103641 residues searched)
Passed MSV filter:                        63  (0.0173745); expected 72.5 (0.02)
Passed bias filter:                       58  (0.0159956); expected 72.5 (0.02)
Passed Vit filter:                         3  (0.000827358); expected 3.6 (0.001)
Passed Fwd filter:                         1  (0.000275786); expected 0.0 (1e-05)
Initial search space (Z):               3626  [actual number of targets]
Domain search space  (domZ):               1  [number of targets reported over threshold]
# CPU time: 0.02u 0.00s 00:00:00.02 Elapsed: 00:00:00.03
# Mc/sec: 5849.56
//
Query:       TIGR03670  [M=599]
Accession:   TIGR03670
Description: rpoB_arch: DNA-directed RNA polymerase subunit B
Scores for complete sequences (score includes all domains):
   --- full sequence ---   --- best 1 domain ---    -#dom-
    E-value  score  bias    E-value  score  bias    exp  N  Sequence Description
    ------- ------ -----    ------- ------ -----   ---- --  -------- -----------

   [No hits detected that satisfy reporting thresholds]


Domain annotation for each sequence:

   [No targets detected that satisfy reporting thresholds]


Internal pipeline statistics summary:
-------------------------------------
Query model(s):                            1  (599 nodes)
Target sequences:                       3626  (1103641 residues searched)
Passed MSV filter:                        63  (0.0173745); expected 72.5 (0.02)
Passed bias filter:                       59  (0.0162714); expected 72.5 (0.02)
Passed Vit filter:                         4  (0.00110314); expected 3.6 (0.001)
Passed Fwd filter:                         1  (0.000275786); expected 0.0 (1e-05)
Initial search space (Z):               3626  [actual number of targets]
Domain search space  (domZ):               0  [number of targets reported over threshold]
# CPU time: 0.05u 0.00s 00:00:00.05 Elapsed: 00:00:00.06
# Mc/sec: 10366.65
//
Query:       TIGR03671  [M=410]
Accession:   TIGR03671
Description: cca_archaeal: CCA-adding enzyme
Scores for complete sequences (score includes all domains):
   --- full sequence ---   --- best 1 domain ---    -#dom-
    E-value  score  bias    E-value  score  bias    exp  N  Sequence Description
    ------- ------ -----    ------- ------ -----   ---- --  -------- -----------

   [No hits detected that satisfy reporting thresholds]


Domain annotation for each sequence:

   [No targets detected that satisfy reporting thresholds]


Internal pipeline statistics summary:
-------------------------------------
Query model(s):                            1  (410 nodes)
Target sequences:                       3626  (1103641 residues searched)
Passed MSV filter:                        50  (0.0137893); expected 72.5 (0.02)
Passed bias filter:                       46  (0.0126862); expected 72.5 (0.02)
Passed Vit filter:                         1  (0.000275786); expected 3.6 (0.001)
Passed Fwd filter:                         0  (0); expected 0.0 (1e-05)
Initial search space (Z):               3626  [actual number of targets]
Domain search space  (domZ):               0  [number of targets reported over threshold]
# CPU time: 0.03u 0.00s 00:00:00.03 Elapsed: 00:00:00.02
# Mc/sec: 15880.41
//
Query:       TIGR03672  [M=251]
Accession:   TIGR03672
Description: rpl4p_arch: 50S ribosomal protein uL4
Scores for complete sequences (score includes all domains):
   --- full sequence ---   --- best 1 domain ---    -#dom-
    E-value  score  bias    E-value  score  bias    exp  N  Sequence Description
    ------- ------ -----    ------- ------ -----   ---- --  -------- -----------

   [No hits detected that satisfy reporting thresholds]


Domain annotation for each sequence:

   [No targets detected that satisfy reporting thresholds]


Internal pipeline statistics summary:
-------------------------------------
Query model(s):                            1  (251 nodes)
Target sequences:                       3626  (1103641 residues searched)
Passed MSV filter:                       101  (0.0278544); expected 72.5 (0.02)
Passed bias filter:                       68  (0.0187534); expected 72.5 (0.02)
Passed Vit filter:                         3  (0.000827358); expected 3.6 (0.001)
Passed Fwd filter:                         1  (0.000275786); expected 0.0 (1e-05)
Initial search space (Z):               3626  [actual number of targets]
Domain search space  (domZ):               0  [number of targets reported over threshold]
# CPU time: 0.03u 0.00s 00:00:00.03 Elapsed: 00:00:00.02
# Mc/sec: 9337.68
//
Query:       TIGR03673  [M=131]
Accession:   TIGR03673
Description: uL14_arch: 50S ribosomal protein uL14
Scores for complete sequences (score includes all domains):
   --- full sequence ---   --- best 1 domain ---    -#dom-
    E-value  score  bias    E-value  score  bias    exp  N  Sequence Description
    ------- ------ -----    ------- ------ -----   ---- --  -------- -----------

   [No hits detected that satisfy reporting thresholds]


Domain annotation for each sequence:

   [No targets detected that satisfy reporting thresholds]


Internal pipeline statistics summary:
-------------------------------------
Query model(s):                            1  (131 nodes)
Target sequences:                       3626  (1103641 residues searched)
Passed MSV filter:                        77  (0.0212355); expected 72.5 (0.02)
Passed bias filter:                       58  (0.0159956); expected 72.5 (0.02)
Passed Vit filter:                         4  (0.00110314); expected 3.6 (0.001)
Passed Fwd filter:                         1  (0.000275786); expected 0.0 (1e-05)
Initial search space (Z):               3626  [actual number of targets]
Domain search space  (domZ):               0  [number of targets reported over threshold]
# CPU time: 0.01u 0.00s 00:00:00.01 Elapsed: 00:00:00.02
# Mc/sec: 5659.12
//
Query:       TIGR03674  [M=338]
Accession:   TIGR03674
Description: fen_arch: flap structure-specific endonuclease
Scores for complete sequences (score includes all domains):
   --- full sequence ---   --- best 1 domain ---    -#dom-
    E-value  score  bias    E-value  score  bias    exp  N  Sequence Description
    ------- ------ -----    ------- ------ -----   ---- --  -------- -----------

   [No hits detected that satisfy reporting thresholds]


Domain annotation for each sequence:

   [No targets detected that satisfy reporting thresholds]


Internal pipeline statistics summary:
-------------------------------------
Query model(s):                            1  (338 nodes)
Target sequences:                       3626  (1103641 residues searched)
Passed MSV filter:                        91  (0.0250965); expected 72.5 (0.02)
Passed bias filter:                       77  (0.0212355); expected 72.5 (0.02)
Passed Vit filter:                         6  (0.00165472); expected 3.6 (0.001)
Passed Fwd filter:                         1  (0.000275786); expected 0.0 (1e-05)
Initial search space (Z):               3626  [actual number of targets]
Domain search space  (domZ):               0  [number of targets reported over threshold]
# CPU time: 0.03u 0.00s 00:00:00.03 Elapsed: 00:00:00.03
# Mc/sec: 11904.14
//
Query:       TIGR03676  [M=403]
Accession:   TIGR03676
Description: aRF1/eRF1: peptide chain release factor 1, archaeal and eukaryotic forms
Scores for complete sequences (score includes all domains):
   --- full sequence ---   --- best 1 domain ---    -#dom-
    E-value  score  bias    E-value  score  bias    exp  N  Sequence Description
    ------- ------ -----    ------- ------ -----   ---- --  -------- -----------

   [No hits detected that satisfy reporting thresholds]


Domain annotation for each sequence:

   [No targets detected that satisfy reporting thresholds]


Internal pipeline statistics summary:
-------------------------------------
Query model(s):                            1  (403 nodes)
Target sequences:                       3626  (1103641 residues searched)
Passed MSV filter:                        89  (0.024545); expected 72.5 (0.02)
Passed bias filter:                       79  (0.0217871); expected 72.5 (0.02)
Passed Vit filter:                         9  (0.00248207); expected 3.6 (0.001)
Passed Fwd filter:                         0  (0); expected 0.0 (1e-05)
Initial search space (Z):               3626  [actual number of targets]
Domain search space  (domZ):               0  [number of targets reported over threshold]
# CPU time: 0.03u 0.00s 00:00:00.03 Elapsed: 00:00:00.03
# Mc/sec: 13092.91
//
Query:       TIGR03680  [M=407]
Accession:   TIGR03680
Description: eif2g_arch: translation initiation factor 2, gamma subunit
Scores for complete sequences (score includes all domains):
   --- full sequence ---   --- best 1 domain ---    -#dom-
    E-value  score  bias    E-value  score  bias    exp  N  Sequence Description
    ------- ------ -----    ------- ------ -----   ---- --  -------- -----------

   [No hits detected that satisfy reporting thresholds]


Domain annotation for each sequence:

   [No targets detected that satisfy reporting thresholds]


Internal pipeline statistics summary:
-------------------------------------
Query model(s):                            1  (407 nodes)
Target sequences:                       3626  (1103641 residues searched)
Passed MSV filter:                       110  (0.0303365); expected 72.5 (0.02)
Passed bias filter:                       94  (0.0259239); expected 72.5 (0.02)
Passed Vit filter:                        15  (0.00413679); expected 3.6 (0.001)
Passed Fwd filter:                         8  (0.00220629); expected 0.0 (1e-05)
Initial search space (Z):               3626  [actual number of targets]
Domain search space  (domZ):               0  [number of targets reported over threshold]
# CPU time: 0.08u 0.00s 00:00:00.08 Elapsed: 00:00:00.08
# Mc/sec: 5501.05
//
Query:       TIGR03723  [M=314]
Accession:   TIGR03723
Description: T6A_TsaD_YgjD: tRNA threonylcarbamoyl adenosine modification protein TsaD
Scores for complete sequences (score includes all domains):
   --- full sequence ---   --- best 1 domain ---    -#dom-
    E-value  score  bias    E-value  score  bias    exp  N  Sequence                  Description
    ------- ------ -----    ------- ------ -----   ---- --  --------                  -----------
   6.6e-122  404.2   0.0   7.6e-122  404.0   0.0    1.0  1  NZ_JCACVZ010000001.1_3250  # 3298146 # 3299225 # -1 # ID=1_3250;partial=00;start_type=GTG;rbs_motif=AGxAG;rbs_spacer=11-12bp;gc_cont=0.682


Domain annotation for each sequence:
>> NZ_JCACVZ010000001.1_3250  # 3298146 # 3299225 # -1 # ID=1_3250;partial=00;start_type=GTG;rbs_motif=AGxAG;rbs_spacer=11-12bp;gc_cont=0.682
   #    score  bias  c-Evalue  i-Evalue hmmfrom  hmm to    alifrom  ali to    envfrom  env to     acc
 ---   ------ ----- --------- --------- ------- -------    ------- -------    ------- -------    ----
   1 !  404.0   0.0  2.1e-125  7.6e-122       1     313 [.       9     329 ..       9     330 .. 0.96



Internal pipeline statistics summary:
-------------------------------------
Query model(s):                            1  (314 nodes)
Target sequences:                       3626  (1103641 residues searched)
Passed MSV filter:                       105  (0.0289575); expected 72.5 (0.02)
Passed bias filter:                       82  (0.0226145); expected 72.5 (0.02)
Passed Vit filter:                         7  (0.0019305); expected 3.6 (0.001)
Passed Fwd filter:                         2  (0.000551572); expected 0.0 (1e-05)
Initial search space (Z):               3626  [actual number of targets]
Domain search space  (domZ):               1  [number of targets reported over threshold]
# CPU time: 0.03u 0.00s 00:00:00.03 Elapsed: 00:00:00.03
# Mc/sec: 10981.52
//
Query:       TIGR03725  [M=212]
Accession:   TIGR03725
Description: T6A_YeaZ: tRNA threonylcarbamoyl adenosine modification protein YeaZ
Scores for complete sequences (score includes all domains):
   --- full sequence ---   --- best 1 domain ---    -#dom-
    E-value  score  bias    E-value  score  bias    exp  N  Sequence                  Description
    ------- ------ -----    ------- ------ -----   ---- --  --------                  -----------
    1.7e-39  133.6   0.1      2e-39  133.4   0.1    1.1  1  NZ_JCACVZ010000001.1_3069  # 3132886 # 3133494 # 1 # ID=1_3069;partial=00;start_type=ATG;rbs_motif=GGA/GAG/AGG;rbs_spacer=5-10bp;gc_cont=0.691


Domain annotation for each sequence:
>> NZ_JCACVZ010000001.1_3069  # 3132886 # 3133494 # 1 # ID=1_3069;partial=00;start_type=ATG;rbs_motif=GGA/GAG/AGG;rbs_spacer=5-10bp;gc_cont=0.691
   #    score  bias  c-Evalue  i-Evalue hmmfrom  hmm to    alifrom  ali to    envfrom  env to     acc
 ---   ------ ----- --------- --------- ------- -------    ------- -------    ------- -------    ----
   1 !  133.4   0.1   5.5e-43     2e-39       2     169 ..       7     164 ..       6     198 .. 0.87



Internal pipeline statistics summary:
-------------------------------------
Query model(s):                            1  (212 nodes)
Target sequences:                       3626  (1103641 residues searched)
Passed MSV filter:                       163  (0.0449531); expected 72.5 (0.02)
Passed bias filter:                      104  (0.0286817); expected 72.5 (0.02)
Passed Vit filter:                         8  (0.00220629); expected 3.6 (0.001)
Passed Fwd filter:                         2  (0.000551572); expected 0.0 (1e-05)
Initial search space (Z):               3626  [actual number of targets]
Domain search space  (domZ):               1  [number of targets reported over threshold]
# CPU time: 0.02u 0.00s 00:00:00.02 Elapsed: 00:00:00.03
# Mc/sec: 7093.29
//
Query:       TIGR03953  [M=188]
Accession:   TIGR03953
Description: rplD_bact: 50S ribosomal protein uL4
Scores for complete sequences (score includes all domains):
   --- full sequence ---   --- best 1 domain ---    -#dom-
    E-value  score  bias    E-value  score  bias    exp  N  Sequence                  Description
    ------- ------ -----    ------- ------ -----   ---- --  --------                  -----------
    9.1e-66  218.4   0.3      1e-65  218.3   0.3    1.0  1  NZ_JCACVZ010000001.1_1763  # 1752054 # 1752674 # -1 # ID=1_1763;partial=00;start_type=ATG;rbs_motif=AGGA/GGAG/GAGG;rbs_spacer=11-12bp;gc_cont=0.625


Domain annotation for each sequence:
>> NZ_JCACVZ010000001.1_1763  # 1752054 # 1752674 # -1 # ID=1_1763;partial=00;start_type=ATG;rbs_motif=AGGA/GGAG/GAGG;rbs_spacer=11-12bp;gc_cont=0.625
   #    score  bias  c-Evalue  i-Evalue hmmfrom  hmm to    alifrom  ali to    envfrom  env to     acc
 ---   ------ ----- --------- --------- ------- -------    ------- -------    ------- -------    ----
   1 !  218.3   0.3   2.8e-69     1e-65       1     187 [.      16     202 ..      16     203 .. 0.99



Internal pipeline statistics summary:
-------------------------------------
Query model(s):                            1  (188 nodes)
Target sequences:                       3626  (1103641 residues searched)
Passed MSV filter:                        55  (0.0151682); expected 72.5 (0.02)
Passed bias filter:                       46  (0.0126862); expected 72.5 (0.02)
Passed Vit filter:                         3  (0.000827358); expected 3.6 (0.001)
Passed Fwd filter:                         1  (0.000275786); expected 0.0 (1e-05)
Initial search space (Z):               3626  [actual number of targets]
Domain search space  (domZ):               1  [number of targets reported over threshold]
# CPU time: 0.02u 0.01s 00:00:00.03 Elapsed: 00:00:00.02
# Mc/sec: 8462.59
//
[ok]
