# hmmsearch :: search profile(s) against a sequence database
# HMMER 3.4 (Aug 2023); http://hmmer.org/
# Copyright (C) 2023 Howard Hughes Medical Institute.
# Freely distributed under the BSD open source license.
# - - - - - - - - - - - - - - - - - - - - - - - - - - - - - - - - - - - -
# query HMM file:                  /dgxb_home/se26plsc001/arvind/Devosia_BGC/data/databases/gtdbtk_r232/release232/markers/tigrfam/tigrfam.hmm
# target sequence database:        results/05_phylogeny/identify_all/identify/intermediate_results/marker_genes/query_GCF_049354815.1/query_GCF_049354815.1_protein.faa
# output directed to file:         results/05_phylogeny/identify_all/identify/intermediate_results/marker_genes/query_GCF_049354815.1/query_GCF_049354815.1_tigrfam.out
# per-seq hits tabular output:     results/05_phylogeny/identify_all/identify/intermediate_results/marker_genes/query_GCF_049354815.1/query_GCF_049354815.1_tigrfam.tsv
# show alignments in output:       no
# max ASCII text line length:      unlimited
# model-specific thresholding:     NC cutoffs
# number of worker threads:        1
# - - - - - - - - - - - - - - - - - - - - - - - - - - - - - - - - - - - -

Query:       TIGR00006  [M=310]
Accession:   TIGR00006
Description: TIGR00006: 16S rRNA (cytosine(1402)-N(4))-methyltransferase
Scores for complete sequences (score includes all domains):
   --- full sequence ---   --- best 1 domain ---    -#dom-
    E-value  score  bias    E-value  score  bias    exp  N  Sequence          Description
    ------- ------ -----    ------- ------ -----   ---- --  --------          -----------
    5.4e-85  283.5   0.0    6.5e-85  283.2   0.0    1.0  1  NZ_CP186479.1_230  # 228453 # 229487 # 1 # ID=1_230;partial=00;start_type=ATG;rbs_motif=None;rbs_spacer=None;gc_cont=0.657


Domain annotation for each sequence:
>> NZ_CP186479.1_230  # 228453 # 229487 # 1 # ID=1_230;partial=00;start_type=ATG;rbs_motif=None;rbs_spacer=None;gc_cont=0.657
   #    score  bias  c-Evalue  i-Evalue hmmfrom  hmm to    alifrom  ali to    envfrom  env to     acc
 ---   ------ ----- --------- --------- ------- -------    ------- -------    ------- -------    ----
   1 !  283.2   0.0   1.4e-88   6.5e-85       5     305 ..      27     318 ..      23     322 .. 0.94



Internal pipeline statistics summary:
-------------------------------------
Query model(s):                            1  (310 nodes)
Target sequences:                       4566  (1398970 residues searched)
Passed MSV filter:                        92  (0.0201489); expected 91.3 (0.02)
Passed bias filter:                       82  (0.0179588); expected 91.3 (0.02)
Passed Vit filter:                         7  (0.00153307); expected 4.6 (0.001)
Passed Fwd filter:                         1  (0.00021901); expected 0.0 (1e-05)
Initial search space (Z):               4566  [actual number of targets]
Domain search space  (domZ):               1  [number of targets reported over threshold]
# CPU time: 0.03u 0.00s 00:00:00.03 Elapsed: 00:00:00.03
# Mc/sec: 11386.88
//
Query:       TIGR00019  [M=361]
Accession:   TIGR00019
Description: prfA: peptide chain release factor 1
Scores for complete sequences (score includes all domains):
   --- full sequence ---   --- best 1 domain ---    -#dom-
    E-value  score  bias    E-value  score  bias    exp  N  Sequence           Description
    ------- ------ -----    ------- ------ -----   ---- --  --------           -----------
     1e-148  493.1   1.2   1.3e-148  492.7   1.2    1.0  1  NZ_CP186479.1_3768  # 3822728 # 3823804 # 1 # ID=1_3768;partial=00;start_type=ATG;rbs_motif=GGA/GAG/AGG;rbs_spacer=5-10bp;gc_cont=0.639


Domain annotation for each sequence:
>> NZ_CP186479.1_3768  # 3822728 # 3823804 # 1 # ID=1_3768;partial=00;start_type=ATG;rbs_motif=GGA/GAG/AGG;rbs_spacer=5-10bp;gc_cont=0.639
   #    score  bias  c-Evalue  i-Evalue hmmfrom  hmm to    alifrom  ali to    envfrom  env to     acc
 ---   ------ ----- --------- --------- ------- -------    ------- -------    ------- -------    ----
   1 !  492.7   1.2  2.9e-152  1.3e-148       8     358 ..       7     354 ..       3     356 .. 0.97



Internal pipeline statistics summary:
-------------------------------------
Query model(s):                            1  (361 nodes)
Target sequences:                       4566  (1398970 residues searched)
Passed MSV filter:                       100  (0.021901); expected 91.3 (0.02)
Passed bias filter:                       80  (0.0175208); expected 91.3 (0.02)
Passed Vit filter:                        11  (0.00240911); expected 4.6 (0.001)
Passed Fwd filter:                         2  (0.00043802); expected 0.0 (1e-05)
Initial search space (Z):               4566  [actual number of targets]
Domain search space  (domZ):               1  [number of targets reported over threshold]
# CPU time: 0.03u 0.01s 00:00:00.04 Elapsed: 00:00:00.04
# Mc/sec: 11533.71
//
Query:       TIGR00020  [M=365]
Accession:   TIGR00020
Description: prfB: peptide chain release factor 2
Scores for complete sequences (score includes all domains):
   --- full sequence ---   --- best 1 domain ---    -#dom-
    E-value  score  bias    E-value  score  bias    exp  N  Sequence          Description
    ------- ------ -----    ------- ------ -----   ---- --  --------          -----------
   5.6e-143  474.3   6.4   6.3e-143  474.1   6.4    1.0  1  NZ_CP186479.1_822  # 821510 # 822475 # -1 # ID=1_822;partial=00;start_type=ATG;rbs_motif=GGA/GAG/AGG;rbs_spacer=11-12bp;gc_cont=0.638


Domain annotation for each sequence:
>> NZ_CP186479.1_822  # 821510 # 822475 # -1 # ID=1_822;partial=00;start_type=ATG;rbs_motif=GGA/GAG/AGG;rbs_spacer=11-12bp;gc_cont=0.638
   #    score  bias  c-Evalue  i-Evalue hmmfrom  hmm to    alifrom  ali to    envfrom  env to     acc
 ---   ------ ----- --------- --------- ------- -------    ------- -------    ------- -------    ----
   1 !  474.1   6.4  1.4e-146  6.3e-143      57     364 ..       2     309 ..       1     310 [. 0.99



Internal pipeline statistics summary:
-------------------------------------
Query model(s):                            1  (365 nodes)
Target sequences:                       4566  (1398970 residues searched)
Passed MSV filter:                       101  (0.02212); expected 91.3 (0.02)
Passed bias filter:                       76  (0.0166448); expected 91.3 (0.02)
Passed Vit filter:                        10  (0.0021901); expected 4.6 (0.001)
Passed Fwd filter:                         3  (0.00065703); expected 0.0 (1e-05)
Initial search space (Z):               4566  [actual number of targets]
Domain search space  (domZ):               1  [number of targets reported over threshold]
# CPU time: 0.04u 0.00s 00:00:00.04 Elapsed: 00:00:00.04
# Mc/sec: 11668.22
//
Query:       TIGR00029  [M=87]
Accession:   TIGR00029
Description: S20: ribosomal protein bS20
Scores for complete sequences (score includes all domains):
   --- full sequence ---   --- best 1 domain ---    -#dom-
    E-value  score  bias    E-value  score  bias    exp  N  Sequence           Description
    ------- ------ -----    ------- ------ -----   ---- --  --------           -----------
    4.9e-21   73.1  12.0    5.3e-21   73.0  12.0    1.0  1  NZ_CP186479.1_2787  # 2850412 # 2850678 # -1 # ID=1_2787;partial=00;start_type=ATG;rbs_motif=GGAG/GAGG;rbs_spacer=5-10bp;gc_cont=0.655


Domain annotation for each sequence:
>> NZ_CP186479.1_2787  # 2850412 # 2850678 # -1 # ID=1_2787;partial=00;start_type=ATG;rbs_motif=GGAG/GAGG;rbs_spacer=5-10bp;gc_cont=0.655
   #    score  bias  c-Evalue  i-Evalue hmmfrom  hmm to    alifrom  ali to    envfrom  env to     acc
 ---   ------ ----- --------- --------- ------- -------    ------- -------    ------- -------    ----
   1 !   73.0  12.0   1.2e-24   5.3e-21       1      86 [.       1      86 [.       1      87 [. 0.98



Internal pipeline statistics summary:
-------------------------------------
Query model(s):                            1  (87 nodes)
Target sequences:                       4566  (1398970 residues searched)
Passed MSV filter:                       116  (0.0254052); expected 91.3 (0.02)
Passed bias filter:                       98  (0.021463); expected 91.3 (0.02)
Passed Vit filter:                         5  (0.00109505); expected 4.6 (0.001)
Passed Fwd filter:                         1  (0.00021901); expected 0.0 (1e-05)
Initial search space (Z):               4566  [actual number of targets]
Domain search space  (domZ):               1  [number of targets reported over threshold]
# CPU time: 0.03u 0.00s 00:00:00.03 Elapsed: 00:00:00.03
# Mc/sec: 3298.97
//
Query:       TIGR00037  [M=130]
Accession:   TIGR00037
Description: eIF_5A: translation elongation factor IF5A
Scores for complete sequences (score includes all domains):
   --- full sequence ---   --- best 1 domain ---    -#dom-
    E-value  score  bias    E-value  score  bias    exp  N  Sequence Description
    ------- ------ -----    ------- ------ -----   ---- --  -------- -----------

   [No hits detected that satisfy reporting thresholds]


Domain annotation for each sequence:

   [No targets detected that satisfy reporting thresholds]


Internal pipeline statistics summary:
-------------------------------------
Query model(s):                            1  (130 nodes)
Target sequences:                       4566  (1398970 residues searched)
Passed MSV filter:                        64  (0.0140166); expected 91.3 (0.02)
Passed bias filter:                       58  (0.0127026); expected 91.3 (0.02)
Passed Vit filter:                         5  (0.00109505); expected 4.6 (0.001)
Passed Fwd filter:                         0  (0); expected 0.0 (1e-05)
Initial search space (Z):               4566  [actual number of targets]
Domain search space  (domZ):               0  [number of targets reported over threshold]
# CPU time: 0.02u 0.00s 00:00:00.02 Elapsed: 00:00:00.01
# Mc/sec: 9802.78
//
Query:       TIGR00043  [M=111]
Accession:   TIGR00043
Description: TIGR00043: rRNA maturation RNase YbeY
Scores for complete sequences (score includes all domains):
   --- full sequence ---   --- best 1 domain ---    -#dom-
    E-value  score  bias    E-value  score  bias    exp  N  Sequence           Description
    ------- ------ -----    ------- ------ -----   ---- --  --------           -----------
    1.7e-33  113.0   0.0    2.2e-33  112.7   0.0    1.1  1  NZ_CP186479.1_2920  # 2984307 # 2984786 # 1 # ID=1_2920;partial=00;start_type=TTG;rbs_motif=GGA/GAG/AGG;rbs_spacer=5-10bp;gc_cont=0.633


Domain annotation for each sequence:
>> NZ_CP186479.1_2920  # 2984307 # 2984786 # 1 # ID=1_2920;partial=00;start_type=TTG;rbs_motif=GGA/GAG/AGG;rbs_spacer=5-10bp;gc_cont=0.633
   #    score  bias  c-Evalue  i-Evalue hmmfrom  hmm to    alifrom  ali to    envfrom  env to     acc
 ---   ------ ----- --------- --------- ------- -------    ------- -------    ------- -------    ----
   1 !  112.7   0.0   4.7e-37   2.2e-33       2     111 .]      46     151 ..      45     151 .. 0.95



Internal pipeline statistics summary:
-------------------------------------
Query model(s):                            1  (111 nodes)
Target sequences:                       4566  (1398970 residues searched)
Passed MSV filter:                        69  (0.0151117); expected 91.3 (0.02)
Passed bias filter:                       66  (0.0144547); expected 91.3 (0.02)
Passed Vit filter:                         5  (0.00109505); expected 4.6 (0.001)
Passed Fwd filter:                         1  (0.00021901); expected 0.0 (1e-05)
Initial search space (Z):               4566  [actual number of targets]
Domain search space  (domZ):               1  [number of targets reported over threshold]
# CPU time: 0.01u 0.00s 00:00:00.01 Elapsed: 00:00:00.01
# Mc/sec: 9685.51
//
Query:       TIGR00054  [M=421]
Accession:   TIGR00054
Description: TIGR00054: RIP metalloprotease RseP
Scores for complete sequences (score includes all domains):
   --- full sequence ---   --- best 1 domain ---    -#dom-
    E-value  score  bias    E-value  score  bias    exp  N  Sequence          Description
    ------- ------ -----    ------- ------ -----   ---- --  --------          -----------
    3.4e-83  277.8   0.0    4.7e-50  168.6   0.0    2.0  2  NZ_CP186479.1_737  # 726331 # 727440 # -1 # ID=1_737;partial=00;start_type=ATG;rbs_motif=GGA/GAG/AGG;rbs_spacer=5-10bp;gc_cont=0.634


Domain annotation for each sequence:
>> NZ_CP186479.1_737  # 726331 # 727440 # -1 # ID=1_737;partial=00;start_type=ATG;rbs_motif=GGA/GAG/AGG;rbs_spacer=5-10bp;gc_cont=0.634
   #    score  bias  c-Evalue  i-Evalue hmmfrom  hmm to    alifrom  ali to    envfrom  env to     acc
 ---   ------ ----- --------- --------- ------- -------    ------- -------    ------- -------    ----
   1 !  109.6   0.0   8.4e-36   3.8e-32       7     134 ..      11     148 ..       1     152 [. 0.83
   2 !  168.6   0.0     1e-53   4.7e-50     204     416 ..     143     368 ..     137     369 .. 0.96



Internal pipeline statistics summary:
-------------------------------------
Query model(s):                            1  (421 nodes)
Target sequences:                       4566  (1398970 residues searched)
Passed MSV filter:                       130  (0.0284713); expected 91.3 (0.02)
Passed bias filter:                      102  (0.022339); expected 91.3 (0.02)
Passed Vit filter:                        11  (0.00240911); expected 4.6 (0.001)
Passed Fwd filter:                         8  (0.00175208); expected 0.0 (1e-05)
Initial search space (Z):               4566  [actual number of targets]
Domain search space  (domZ):               1  [number of targets reported over threshold]
# CPU time: 0.07u 0.01s 00:00:00.08 Elapsed: 00:00:00.06
# Mc/sec: 8672.48
//
Query:       TIGR00059  [M=112]
Accession:   TIGR00059
Description: L17: ribosomal protein bL17
Scores for complete sequences (score includes all domains):
   --- full sequence ---   --- best 1 domain ---    -#dom-
    E-value  score  bias    E-value  score  bias    exp  N  Sequence          Description
    ------- ------ -----    ------- ------ -----   ---- --  --------          -----------
    1.3e-44  149.1   0.4    1.5e-44  148.9   0.4    1.0  1  NZ_CP186479.1_526  # 512572 # 512991 # 1 # ID=1_526;partial=00;start_type=ATG;rbs_motif=GGAG/GAGG;rbs_spacer=5-10bp;gc_cont=0.621


Domain annotation for each sequence:
>> NZ_CP186479.1_526  # 512572 # 512991 # 1 # ID=1_526;partial=00;start_type=ATG;rbs_motif=GGAG/GAGG;rbs_spacer=5-10bp;gc_cont=0.621
   #    score  bias  c-Evalue  i-Evalue hmmfrom  hmm to    alifrom  ali to    envfrom  env to     acc
 ---   ------ ----- --------- --------- ------- -------    ------- -------    ------- -------    ----
   1 !  148.9   0.4   3.3e-48   1.5e-44       3     112 .]       8     117 ..       5     117 .. 0.99



Internal pipeline statistics summary:
-------------------------------------
Query model(s):                            1  (112 nodes)
Target sequences:                       4566  (1398970 residues searched)
Passed MSV filter:                       100  (0.021901); expected 91.3 (0.02)
Passed bias filter:                       88  (0.0192729); expected 91.3 (0.02)
Passed Vit filter:                         4  (0.00087604); expected 4.6 (0.001)
Passed Fwd filter:                         1  (0.00021901); expected 0.0 (1e-05)
Initial search space (Z):               4566  [actual number of targets]
Domain search space  (domZ):               1  [number of targets reported over threshold]
# CPU time: 0.02u 0.00s 00:00:00.02 Elapsed: 00:00:00.01
# Mc/sec: 7862.47
//
Query:       TIGR00061  [M=101]
Accession:   TIGR00061
Description: L21: ribosomal protein bL21
Scores for complete sequences (score includes all domains):
   --- full sequence ---   --- best 1 domain ---    -#dom-
    E-value  score  bias    E-value  score  bias    exp  N  Sequence           Description
    ------- ------ -----    ------- ------ -----   ---- --  --------           -----------
    7.4e-32  107.8   0.7    1.2e-31  107.1   0.7    1.4  1  NZ_CP186479.1_3322  # 3378163 # 3378819 # -1 # ID=1_3322;partial=00;start_type=ATG;rbs_motif=GGA/GAG/AGG;rbs_spacer=5-10bp;gc_cont=0.661


Domain annotation for each sequence:
>> NZ_CP186479.1_3322  # 3378163 # 3378819 # -1 # ID=1_3322;partial=00;start_type=ATG;rbs_motif=GGA/GAG/AGG;rbs_spacer=5-10bp;gc_cont=0.661
   #    score  bias  c-Evalue  i-Evalue hmmfrom  hmm to    alifrom  ali to    envfrom  env to     acc
 ---   ------ ----- --------- --------- ------- -------    ------- -------    ------- -------    ----
   1 !  107.1   0.7   2.7e-35   1.2e-31       1     100 [.      12     111 ..      12     112 .. 0.99



Internal pipeline statistics summary:
-------------------------------------
Query model(s):                            1  (101 nodes)
Target sequences:                       4566  (1398970 residues searched)
Passed MSV filter:                        60  (0.0131406); expected 91.3 (0.02)
Passed bias filter:                       54  (0.0118265); expected 91.3 (0.02)
Passed Vit filter:                         1  (0.00021901); expected 4.6 (0.001)
Passed Fwd filter:                         1  (0.00021901); expected 0.0 (1e-05)
Initial search space (Z):               4566  [actual number of targets]
Domain search space  (domZ):               1  [number of targets reported over threshold]
# CPU time: 0.01u 0.00s 00:00:00.01 Elapsed: 00:00:00.01
# Mc/sec: 12716.09
//
Query:       TIGR00064  [M=279]
Accession:   TIGR00064
Description: ftsY: signal recognition particle-docking protein FtsY
Scores for complete sequences (score includes all domains):
   --- full sequence ---   --- best 1 domain ---    -#dom-
    E-value  score  bias    E-value  score  bias    exp  N  Sequence           Description
    ------- ------ -----    ------- ------ -----   ---- --  --------           -----------
    5.4e-98  325.6   1.1    6.8e-98  325.3   1.1    1.1  1  NZ_CP186479.1_3060  # 3113272 # 3114771 # -1 # ID=1_3060;partial=00;start_type=ATG;rbs_motif=AGGA;rbs_spacer=5-10bp;gc_cont=0.675


Domain annotation for each sequence:
>> NZ_CP186479.1_3060  # 3113272 # 3114771 # -1 # ID=1_3060;partial=00;start_type=ATG;rbs_motif=AGGA;rbs_spacer=5-10bp;gc_cont=0.675
   #    score  bias  c-Evalue  i-Evalue hmmfrom  hmm to    alifrom  ali to    envfrom  env to     acc
 ---   ------ ----- --------- --------- ------- -------    ------- -------    ------- -------    ----
   1 !  325.3   1.1  1.5e-101   6.8e-98       2     278 ..     225     494 ..     224     495 .. 0.95



Internal pipeline statistics summary:
-------------------------------------
Query model(s):                            1  (279 nodes)
Target sequences:                       4566  (1398970 residues searched)
Passed MSV filter:                       254  (0.0556286); expected 91.3 (0.02)
Passed bias filter:                      215  (0.0470872); expected 91.3 (0.02)
Passed Vit filter:                        66  (0.0144547); expected 4.6 (0.001)
Passed Fwd filter:                        11  (0.00240911); expected 0.0 (1e-05)
Initial search space (Z):               4566  [actual number of targets]
Domain search space  (domZ):               1  [number of targets reported over threshold]
# CPU time: 0.06u 0.00s 00:00:00.06 Elapsed: 00:00:00.05
# Mc/sec: 6943.24
//
Query:       TIGR00065  [M=353]
Accession:   TIGR00065
Description: ftsZ: cell division protein FtsZ
Scores for complete sequences (score includes all domains):
   --- full sequence ---   --- best 1 domain ---    -#dom-
    E-value  score  bias    E-value  score  bias    exp  N  Sequence          Description
    ------- ------ -----    ------- ------ -----   ---- --  --------          -----------
   1.8e-122  407.0   7.8   2.4e-122  406.6   7.3    1.4  1  NZ_CP186479.1_243  # 244003 # 245652 # 1 # ID=1_243;partial=00;start_type=ATG;rbs_motif=None;rbs_spacer=None;gc_cont=0.652


Domain annotation for each sequence:
>> NZ_CP186479.1_243  # 244003 # 245652 # 1 # ID=1_243;partial=00;start_type=ATG;rbs_motif=None;rbs_spacer=None;gc_cont=0.652
   #    score  bias  c-Evalue  i-Evalue hmmfrom  hmm to    alifrom  ali to    envfrom  env to     acc
 ---   ------ ----- --------- --------- ------- -------    ------- -------    ------- -------    ----
   1 !  406.6   7.3  5.3e-126  2.4e-122      15     331 ..      13     326 ..       4     351 .. 0.96



Internal pipeline statistics summary:
-------------------------------------
Query model(s):                            1  (353 nodes)
Target sequences:                       4566  (1398970 residues searched)
Passed MSV filter:                       194  (0.042488); expected 91.3 (0.02)
Passed bias filter:                      133  (0.0291283); expected 91.3 (0.02)
Passed Vit filter:                        12  (0.00262812); expected 4.6 (0.001)
Passed Fwd filter:                         1  (0.00021901); expected 0.0 (1e-05)
Initial search space (Z):               4566  [actual number of targets]
Domain search space  (domZ):               1  [number of targets reported over threshold]
# CPU time: 0.05u 0.00s 00:00:00.05 Elapsed: 00:00:00.05
# Mc/sec: 9500.03
//
Query:       TIGR00082  [M=115]
Accession:   TIGR00082
Description: rbfA: ribosome-binding factor A
Scores for complete sequences (score includes all domains):
   --- full sequence ---   --- best 1 domain ---    -#dom-
    E-value  score  bias    E-value  score  bias    exp  N  Sequence           Description
    ------- ------ -----    ------- ------ -----   ---- --  --------           -----------
    7.4e-15   53.5   0.0    9.8e-15   53.1   0.0    1.0  1  NZ_CP186479.1_2729  # 2786534 # 2786941 # -1 # ID=1_2729;partial=00;start_type=ATG;rbs_motif=None;rbs_spacer=None;gc_cont=0.647


Domain annotation for each sequence:
>> NZ_CP186479.1_2729  # 2786534 # 2786941 # -1 # ID=1_2729;partial=00;start_type=ATG;rbs_motif=None;rbs_spacer=None;gc_cont=0.647
   #    score  bias  c-Evalue  i-Evalue hmmfrom  hmm to    alifrom  ali to    envfrom  env to     acc
 ---   ------ ----- --------- --------- ------- -------    ------- -------    ------- -------    ----
   1 !   53.1   0.0   2.2e-18   9.8e-15       6     110 ..      14     120 ..      11     124 .. 0.92



Internal pipeline statistics summary:
-------------------------------------
Query model(s):                            1  (115 nodes)
Target sequences:                       4566  (1398970 residues searched)
Passed MSV filter:                        69  (0.0151117); expected 91.3 (0.02)
Passed bias filter:                       66  (0.0144547); expected 91.3 (0.02)
Passed Vit filter:                         2  (0.00043802); expected 4.6 (0.001)
Passed Fwd filter:                         1  (0.00021901); expected 0.0 (1e-05)
Initial search space (Z):               4566  [actual number of targets]
Domain search space  (domZ):               1  [number of targets reported over threshold]
# CPU time: 0.02u 0.00s 00:00:00.02 Elapsed: 00:00:00.02
# Mc/sec: 7972.01
//
Query:       TIGR00083  [M=290]
Accession:   TIGR00083
Description: ribF: riboflavin biosynthesis protein RibF
Scores for complete sequences (score includes all domains):
   --- full sequence ---   --- best 1 domain ---    -#dom-
    E-value  score  bias    E-value  score  bias    exp  N  Sequence           Description
    ------- ------ -----    ------- ------ -----   ---- --  --------           -----------
    1.1e-68  229.8   0.0    1.3e-68  229.6   0.0    1.0  1  NZ_CP186479.1_1717  # 1742774 # 1743745 # -1 # ID=1_1717;partial=00;start_type=TTG;rbs_motif=GGxGG;rbs_spacer=5-10bp;gc_cont=0.659


Domain annotation for each sequence:
>> NZ_CP186479.1_1717  # 1742774 # 1743745 # -1 # ID=1_1717;partial=00;start_type=TTG;rbs_motif=GGxGG;rbs_spacer=5-10bp;gc_cont=0.659
   #    score  bias  c-Evalue  i-Evalue hmmfrom  hmm to    alifrom  ali to    envfrom  env to     acc
 ---   ------ ----- --------- --------- ------- -------    ------- -------    ------- -------    ----
   1 !  229.6   0.0   2.8e-72   1.3e-68       2     289 ..      21     306 ..      20     307 .. 0.94



Internal pipeline statistics summary:
-------------------------------------
Query model(s):                            1  (290 nodes)
Target sequences:                       4566  (1398970 residues searched)
Passed MSV filter:                        63  (0.0137976); expected 91.3 (0.02)
Passed bias filter:                       61  (0.0133596); expected 91.3 (0.02)
Passed Vit filter:                         4  (0.00087604); expected 4.6 (0.001)
Passed Fwd filter:                         2  (0.00043802); expected 0.0 (1e-05)
Initial search space (Z):               4566  [actual number of targets]
Domain search space  (domZ):               1  [number of targets reported over threshold]
# CPU time: 0.03u 0.00s 00:00:00.03 Elapsed: 00:00:00.03
# Mc/sec: 11738.12
//
Query:       TIGR00084  [M=192]
Accession:   TIGR00084
Description: ruvA: Holliday junction DNA helicase RuvA
Scores for complete sequences (score includes all domains):
   --- full sequence ---   --- best 1 domain ---    -#dom-
    E-value  score  bias    E-value  score  bias    exp  N  Sequence           Description
    ------- ------ -----    ------- ------ -----   ---- --  --------           -----------
      2e-38  129.8   0.0    2.2e-38  129.6   0.0    1.0  1  NZ_CP186479.1_4018  # 4091935 # 4092555 # 1 # ID=1_4018;partial=00;start_type=ATG;rbs_motif=None;rbs_spacer=None;gc_cont=0.660


Domain annotation for each sequence:
>> NZ_CP186479.1_4018  # 4091935 # 4092555 # 1 # ID=1_4018;partial=00;start_type=ATG;rbs_motif=None;rbs_spacer=None;gc_cont=0.660
   #    score  bias  c-Evalue  i-Evalue hmmfrom  hmm to    alifrom  ali to    envfrom  env to     acc
 ---   ------ ----- --------- --------- ------- -------    ------- -------    ------- -------    ----
   1 !  129.6   0.0   4.9e-42   2.2e-38       1     189 [.       1     202 [.       1     205 [. 0.94



Internal pipeline statistics summary:
-------------------------------------
Query model(s):                            1  (192 nodes)
Target sequences:                       4566  (1398970 residues searched)
Passed MSV filter:                       112  (0.0245291); expected 91.3 (0.02)
Passed bias filter:                      104  (0.022777); expected 91.3 (0.02)
Passed Vit filter:                        13  (0.00284713); expected 4.6 (0.001)
Passed Fwd filter:                         1  (0.00021901); expected 0.0 (1e-05)
Initial search space (Z):               4566  [actual number of targets]
Domain search space  (domZ):               1  [number of targets reported over threshold]
# CPU time: 0.03u 0.00s 00:00:00.03 Elapsed: 00:00:00.03
# Mc/sec: 7106.02
//
Query:       TIGR00086  [M=144]
Accession:   TIGR00086
Description: smpB: SsrA-binding protein
Scores for complete sequences (score includes all domains):
   --- full sequence ---   --- best 1 domain ---    -#dom-
    E-value  score  bias    E-value  score  bias    exp  N  Sequence           Description
    ------- ------ -----    ------- ------ -----   ---- --  --------           -----------
    1.4e-55  185.3   0.4    1.6e-55  185.2   0.4    1.0  1  NZ_CP186479.1_1205  # 1202985 # 1203467 # -1 # ID=1_1205;partial=00;start_type=ATG;rbs_motif=None;rbs_spacer=None;gc_cont=0.617


Domain annotation for each sequence:
>> NZ_CP186479.1_1205  # 1202985 # 1203467 # -1 # ID=1_1205;partial=00;start_type=ATG;rbs_motif=None;rbs_spacer=None;gc_cont=0.617
   #    score  bias  c-Evalue  i-Evalue hmmfrom  hmm to    alifrom  ali to    envfrom  env to     acc
 ---   ------ ----- --------- --------- ------- -------    ------- -------    ------- -------    ----
   1 !  185.2   0.4   3.4e-59   1.6e-55       2     144 .]      16     158 ..      15     158 .. 0.99



Internal pipeline statistics summary:
-------------------------------------
Query model(s):                            1  (144 nodes)
Target sequences:                       4566  (1398970 residues searched)
Passed MSV filter:                        47  (0.0102935); expected 91.3 (0.02)
Passed bias filter:                       46  (0.0100745); expected 91.3 (0.02)
Passed Vit filter:                         5  (0.00109505); expected 4.6 (0.001)
Passed Fwd filter:                         1  (0.00021901); expected 0.0 (1e-05)
Initial search space (Z):               4566  [actual number of targets]
Domain search space  (domZ):               1  [number of targets reported over threshold]
# CPU time: 0.02u 0.00s 00:00:00.02 Elapsed: 00:00:00.02
# Mc/sec: 9942.44
//
Query:       TIGR00088  [M=233]
Accession:   TIGR00088
Description: trmD: tRNA (guanine(37)-N(1))-methyltransferase
Scores for complete sequences (score includes all domains):
   --- full sequence ---   --- best 1 domain ---    -#dom-
    E-value  score  bias    E-value  score  bias    exp  N  Sequence           Description
    ------- ------ -----    ------- ------ -----   ---- --  --------           -----------
    4.6e-79  262.9   0.0    5.5e-79  262.7   0.0    1.0  1  NZ_CP186479.1_3069  # 3121947 # 3122633 # 1 # ID=1_3069;partial=00;start_type=TTG;rbs_motif=AGxAG;rbs_spacer=5-10bp;gc_cont=0.689


Domain annotation for each sequence:
>> NZ_CP186479.1_3069  # 3121947 # 3122633 # 1 # ID=1_3069;partial=00;start_type=TTG;rbs_motif=AGxAG;rbs_spacer=5-10bp;gc_cont=0.689
   #    score  bias  c-Evalue  i-Evalue hmmfrom  hmm to    alifrom  ali to    envfrom  env to     acc
 ---   ------ ----- --------- --------- ------- -------    ------- -------    ------- -------    ----
   1 !  262.7   0.0   1.2e-82   5.5e-79       4     222 ..       6     226 ..       3     228 .. 0.98



Internal pipeline statistics summary:
-------------------------------------
Query model(s):                            1  (233 nodes)
Target sequences:                       4566  (1398970 residues searched)
Passed MSV filter:                        90  (0.0197109); expected 91.3 (0.02)
Passed bias filter:                       89  (0.0194919); expected 91.3 (0.02)
Passed Vit filter:                         4  (0.00087604); expected 4.6 (0.001)
Passed Fwd filter:                         1  (0.00021901); expected 0.0 (1e-05)
Initial search space (Z):               4566  [actual number of targets]
Domain search space  (domZ):               1  [number of targets reported over threshold]
# CPU time: 0.03u 0.00s 00:00:00.03 Elapsed: 00:00:00.03
# Mc/sec: 9205.48
//
Query:       TIGR00090  [M=99]
Accession:   TIGR00090
Description: rsfS_iojap_ybeB: ribosome silencing factor
Scores for complete sequences (score includes all domains):
   --- full sequence ---   --- best 1 domain ---    -#dom-
    E-value  score  bias    E-value  score  bias    exp  N  Sequence           Description
    ------- ------ -----    ------- ------ -----   ---- --  --------           -----------
    1.1e-33  113.3   0.0    1.3e-33  113.1   0.0    1.1  1  NZ_CP186479.1_3313  # 3371207 # 3371596 # -1 # ID=1_3313;partial=00;start_type=ATG;rbs_motif=GGAG/GAGG;rbs_spacer=5-10bp;gc_cont=0.636


Domain annotation for each sequence:
>> NZ_CP186479.1_3313  # 3371207 # 3371596 # -1 # ID=1_3313;partial=00;start_type=ATG;rbs_motif=GGAG/GAGG;rbs_spacer=5-10bp;gc_cont=0.636
   #    score  bias  c-Evalue  i-Evalue hmmfrom  hmm to    alifrom  ali to    envfrom  env to     acc
 ---   ------ ----- --------- --------- ------- -------    ------- -------    ------- -------    ----
   1 !  113.1   0.0   2.9e-37   1.3e-33       2      99 .]      23     120 ..      22     120 .. 0.98



Internal pipeline statistics summary:
-------------------------------------
Query model(s):                            1  (99 nodes)
Target sequences:                       4566  (1398970 residues searched)
Passed MSV filter:                        93  (0.0203679); expected 91.3 (0.02)
Passed bias filter:                       79  (0.0173018); expected 91.3 (0.02)
Passed Vit filter:                         5  (0.00109505); expected 4.6 (0.001)
Passed Fwd filter:                         1  (0.00021901); expected 0.0 (1e-05)
Initial search space (Z):               4566  [actual number of targets]
Domain search space  (domZ):               1  [number of targets reported over threshold]
# CPU time: 0.02u 0.00s 00:00:00.02 Elapsed: 00:00:00.02
# Mc/sec: 5806.24
//
Query:       TIGR00092  [M=368]
Accession:   TIGR00092
Description: TIGR00092: GTP-binding protein YchF
Scores for complete sequences (score includes all domains):
   --- full sequence ---   --- best 1 domain ---    -#dom-
    E-value  score  bias    E-value  score  bias    exp  N  Sequence           Description
    ------- ------ -----    ------- ------ -----   ---- --  --------           -----------
   4.4e-150  497.9   0.1   4.9e-150  497.7   0.1    1.0  1  NZ_CP186479.1_4537  # 4637032 # 4638129 # -1 # ID=1_4537;partial=00;start_type=ATG;rbs_motif=GGAG/GAGG;rbs_spacer=5-10bp;gc_cont=0.618


Domain annotation for each sequence:
>> NZ_CP186479.1_4537  # 4637032 # 4638129 # -1 # ID=1_4537;partial=00;start_type=ATG;rbs_motif=GGAG/GAGG;rbs_spacer=5-10bp;gc_cont=0.618
   #    score  bias  c-Evalue  i-Evalue hmmfrom  hmm to    alifrom  ali to    envfrom  env to     acc
 ---   ------ ----- --------- --------- ------- -------    ------- -------    ------- -------    ----
   1 !  497.7   0.1  1.1e-153  4.9e-150       1     367 [.       1     364 [.       1     365 [. 0.99



Internal pipeline statistics summary:
-------------------------------------
Query model(s):                            1  (368 nodes)
Target sequences:                       4566  (1398970 residues searched)
Passed MSV filter:                       184  (0.0402979); expected 91.3 (0.02)
Passed bias filter:                      170  (0.0372317); expected 91.3 (0.02)
Passed Vit filter:                        31  (0.00678931); expected 4.6 (0.001)
Passed Fwd filter:                         4  (0.00087604); expected 0.0 (1e-05)
Initial search space (Z):               4566  [actual number of targets]
Domain search space  (domZ):               1  [number of targets reported over threshold]
# CPU time: 0.06u 0.01s 00:00:00.06 Elapsed: 00:00:00.07
# Mc/sec: 6589.69
//
Query:       TIGR00095  [M=194]
Accession:   TIGR00095
Description: TIGR00095: 16S rRNA (guanine(966)-N(2))-methyltransferase RsmD
Scores for complete sequences (score includes all domains):
   --- full sequence ---   --- best 1 domain ---    -#dom-
    E-value  score  bias    E-value  score  bias    exp  N  Sequence           Description
    ------- ------ -----    ------- ------ -----   ---- --  --------           -----------
    3.5e-40  135.7   0.0    3.9e-40  135.6   0.0    1.0  1  NZ_CP186479.1_1712  # 1735615 # 1736169 # -1 # ID=1_1712;partial=00;start_type=TTG;rbs_motif=GGA/GAG/AGG;rbs_spacer=5-10bp;gc_cont=0.674


Domain annotation for each sequence:
>> NZ_CP186479.1_1712  # 1735615 # 1736169 # -1 # ID=1_1712;partial=00;start_type=TTG;rbs_motif=GGA/GAG/AGG;rbs_spacer=5-10bp;gc_cont=0.674
   #    score  bias  c-Evalue  i-Evalue hmmfrom  hmm to    alifrom  ali to    envfrom  env to     acc
 ---   ------ ----- --------- --------- ------- -------    ------- -------    ------- -------    ----
   1 !  135.6   0.0   8.5e-44   3.9e-40      13     192 ..       2     182 ..       1     184 [. 0.89



Internal pipeline statistics summary:
-------------------------------------
Query model(s):                            1  (194 nodes)
Target sequences:                       4566  (1398970 residues searched)
Passed MSV filter:                        85  (0.0186159); expected 91.3 (0.02)
Passed bias filter:                       81  (0.0177398); expected 91.3 (0.02)
Passed Vit filter:                         9  (0.00197109); expected 4.6 (0.001)
Passed Fwd filter:                         2  (0.00043802); expected 0.0 (1e-05)
Initial search space (Z):               4566  [actual number of targets]
Domain search space  (domZ):               1  [number of targets reported over threshold]
# CPU time: 0.02u 0.00s 00:00:00.02 Elapsed: 00:00:00.03
# Mc/sec: 7303.09
//
Query:       TIGR00111  [M=351]
Accession:   TIGR00111
Description: pelota: mRNA surveillance protein pelota
Scores for complete sequences (score includes all domains):
   --- full sequence ---   --- best 1 domain ---    -#dom-
    E-value  score  bias    E-value  score  bias    exp  N  Sequence Description
    ------- ------ -----    ------- ------ -----   ---- --  -------- -----------

   [No hits detected that satisfy reporting thresholds]


Domain annotation for each sequence:

   [No targets detected that satisfy reporting thresholds]


Internal pipeline statistics summary:
-------------------------------------
Query model(s):                            1  (351 nodes)
Target sequences:                       4566  (1398970 residues searched)
Passed MSV filter:                        86  (0.0188349); expected 91.3 (0.02)
Passed bias filter:                       76  (0.0166448); expected 91.3 (0.02)
Passed Vit filter:                         8  (0.00175208); expected 4.6 (0.001)
Passed Fwd filter:                         1  (0.00021901); expected 0.0 (1e-05)
Initial search space (Z):               4566  [actual number of targets]
Domain search space  (domZ):               0  [number of targets reported over threshold]
# CPU time: 0.03u 0.01s 00:00:00.04 Elapsed: 00:00:00.05
# Mc/sec: 8602.43
//
Query:       TIGR00115  [M=410]
Accession:   TIGR00115
Description: tig: trigger factor
Scores for complete sequences (score includes all domains):
   --- full sequence ---   --- best 1 domain ---    -#dom-
    E-value  score  bias    E-value  score  bias    exp  N  Sequence          Description
    ------- ------ -----    ------- ------ -----   ---- --  --------          -----------
   2.3e-119  396.9   9.7   2.7e-119  396.7   9.7    1.1  1  NZ_CP186479.1_790  # 782360 # 783739 # -1 # ID=1_790;partial=00;start_type=ATG;rbs_motif=GGA/GAG/AGG;rbs_spacer=5-10bp;gc_cont=0.633


Domain annotation for each sequence:
>> NZ_CP186479.1_790  # 782360 # 783739 # -1 # ID=1_790;partial=00;start_type=ATG;rbs_motif=GGA/GAG/AGG;rbs_spacer=5-10bp;gc_cont=0.633
   #    score  bias  c-Evalue  i-Evalue hmmfrom  hmm to    alifrom  ali to    envfrom  env to     acc
 ---   ------ ----- --------- --------- ------- -------    ------- -------    ------- -------    ----
   1 !  396.7   9.7  5.9e-123  2.7e-119       1     409 [.      11     426 ..      11     427 .. 0.99



Internal pipeline statistics summary:
-------------------------------------
Query model(s):                            1  (410 nodes)
Target sequences:                       4566  (1398970 residues searched)
Passed MSV filter:                       142  (0.0310994); expected 91.3 (0.02)
Passed bias filter:                       95  (0.020806); expected 91.3 (0.02)
Passed Vit filter:                        13  (0.00284713); expected 4.6 (0.001)
Passed Fwd filter:                         1  (0.00021901); expected 0.0 (1e-05)
Initial search space (Z):               4566  [actual number of targets]
Domain search space  (domZ):               1  [number of targets reported over threshold]
# CPU time: 0.05u 0.00s 00:00:00.05 Elapsed: 00:00:00.05
# Mc/sec: 10084.44
//
Query:       TIGR00116  [M=293]
Accession:   TIGR00116
Description: tsf: translation elongation factor Ts
Scores for complete sequences (score includes all domains):
   --- full sequence ---   --- best 1 domain ---    -#dom-
    E-value  score  bias    E-value  score  bias    exp  N  Sequence          Description
    ------- ------ -----    ------- ------ -----   ---- --  --------          -----------
    1.1e-93  311.6   1.0    1.4e-93  311.3   1.0    1.0  1  NZ_CP186479.1_742  # 730627 # 731574 # -1 # ID=1_742;partial=00;start_type=ATG;rbs_motif=GGA/GAG/AGG;rbs_spacer=5-10bp;gc_cont=0.646


Domain annotation for each sequence:
>> NZ_CP186479.1_742  # 730627 # 731574 # -1 # ID=1_742;partial=00;start_type=ATG;rbs_motif=GGA/GAG/AGG;rbs_spacer=5-10bp;gc_cont=0.646
   #    score  bias  c-Evalue  i-Evalue hmmfrom  hmm to    alifrom  ali to    envfrom  env to     acc
 ---   ------ ----- --------- --------- ------- -------    ------- -------    ------- -------    ----
   1 !  311.3   1.0   3.1e-97   1.4e-93       2     290 ..       1     304 [.       1     306 [. 0.92



Internal pipeline statistics summary:
-------------------------------------
Query model(s):                            1  (293 nodes)
Target sequences:                       4566  (1398970 residues searched)
Passed MSV filter:                       108  (0.0236531); expected 91.3 (0.02)
Passed bias filter:                       86  (0.0188349); expected 91.3 (0.02)
Passed Vit filter:                         7  (0.00153307); expected 4.6 (0.001)
Passed Fwd filter:                         1  (0.00021901); expected 0.0 (1e-05)
Initial search space (Z):               4566  [actual number of targets]
Domain search space  (domZ):               1  [number of targets reported over threshold]
# CPU time: 0.03u 0.00s 00:00:00.03 Elapsed: 00:00:00.02
# Mc/sec: 14785.55
//
Query:       TIGR00134  [M=622]
Accession:   TIGR00134
Description: gatE_arch: glutamyl-tRNA(Gln) amidotransferase, subunit E
Scores for complete sequences (score includes all domains):
   --- full sequence ---   --- best 1 domain ---    -#dom-
    E-value  score  bias    E-value  score  bias    exp  N  Sequence Description
    ------- ------ -----    ------- ------ -----   ---- --  -------- -----------

   [No hits detected that satisfy reporting thresholds]


Domain annotation for each sequence:

   [No targets detected that satisfy reporting thresholds]


Internal pipeline statistics summary:
-------------------------------------
Query model(s):                            1  (622 nodes)
Target sequences:                       4566  (1398970 residues searched)
Passed MSV filter:                       142  (0.0310994); expected 91.3 (0.02)
Passed bias filter:                      107  (0.0234341); expected 91.3 (0.02)
Passed Vit filter:                        10  (0.0021901); expected 4.6 (0.001)
Passed Fwd filter:                         1  (0.00021901); expected 0.0 (1e-05)
Initial search space (Z):               4566  [actual number of targets]
Domain search space  (domZ):               0  [number of targets reported over threshold]
# CPU time: 0.08u 0.00s 00:00:00.08 Elapsed: 00:00:00.08
# Mc/sec: 9790.05
//
Query:       TIGR00138  [M=183]
Accession:   TIGR00138
Description: rsmG_gidB: 16S rRNA (guanine(527)-N(7))-methyltransferase RsmG
Scores for complete sequences (score includes all domains):
   --- full sequence ---   --- best 1 domain ---    -#dom-
    E-value  score  bias    E-value  score  bias    exp  N  Sequence           Description
    ------- ------ -----    ------- ------ -----   ---- --  --------           -----------
      4e-39  132.1   0.0    4.8e-39  131.9   0.0    1.0  1  NZ_CP186479.1_2990  # 3046024 # 3046668 # 1 # ID=1_2990;partial=00;start_type=ATG;rbs_motif=AGxAGG/AGGxGG;rbs_spacer=3-4bp;gc_cont=0.600


Domain annotation for each sequence:
>> NZ_CP186479.1_2990  # 3046024 # 3046668 # 1 # ID=1_2990;partial=00;start_type=ATG;rbs_motif=AGxAGG/AGGxGG;rbs_spacer=3-4bp;gc_cont=0.600
   #    score  bias  c-Evalue  i-Evalue hmmfrom  hmm to    alifrom  ali to    envfrom  env to     acc
 ---   ------ ----- --------- --------- ------- -------    ------- -------    ------- -------    ----
   1 !  131.9   0.0     1e-42   4.8e-39       2     160 ..      23     186 ..      22     204 .. 0.91



Internal pipeline statistics summary:
-------------------------------------
Query model(s):                            1  (183 nodes)
Target sequences:                       4566  (1398970 residues searched)
Passed MSV filter:                        79  (0.0173018); expected 91.3 (0.02)
Passed bias filter:                       79  (0.0173018); expected 91.3 (0.02)
Passed Vit filter:                        15  (0.00328515); expected 4.6 (0.001)
Passed Fwd filter:                         2  (0.00043802); expected 0.0 (1e-05)
Initial search space (Z):               4566  [actual number of targets]
Domain search space  (domZ):               1  [number of targets reported over threshold]
# CPU time: 0.03u 0.00s 00:00:00.03 Elapsed: 00:00:00.03
# Mc/sec: 8374.05
//
Query:       TIGR00158  [M=148]
Accession:   TIGR00158
Description: L9: ribosomal protein bL9
Scores for complete sequences (score includes all domains):
   --- full sequence ---   --- best 1 domain ---    -#dom-
    E-value  score  bias    E-value  score  bias    exp  N  Sequence           Description
    ------- ------ -----    ------- ------ -----   ---- --  --------           -----------
    4.6e-38  129.0   0.1    6.9e-38  128.4   0.1    1.2  1  NZ_CP186479.1_1460  # 1473329 # 1473898 # 1 # ID=1_1460;partial=00;start_type=ATG;rbs_motif=AGGA;rbs_spacer=5-10bp;gc_cont=0.640


Domain annotation for each sequence:
>> NZ_CP186479.1_1460  # 1473329 # 1473898 # 1 # ID=1_1460;partial=00;start_type=ATG;rbs_motif=AGGA;rbs_spacer=5-10bp;gc_cont=0.640
   #    score  bias  c-Evalue  i-Evalue hmmfrom  hmm to    alifrom  ali to    envfrom  env to     acc
 ---   ------ ----- --------- --------- ------- -------    ------- -------    ------- -------    ----
   1 !  128.4   0.1   1.5e-41   6.9e-38       1     146 [.       1     145 [.       1     147 [. 0.99



Internal pipeline statistics summary:
-------------------------------------
Query model(s):                            1  (148 nodes)
Target sequences:                       4566  (1398970 residues searched)
Passed MSV filter:                        94  (0.0205869); expected 91.3 (0.02)
Passed bias filter:                       77  (0.0168638); expected 91.3 (0.02)
Passed Vit filter:                         7  (0.00153307); expected 4.6 (0.001)
Passed Fwd filter:                         1  (0.00021901); expected 0.0 (1e-05)
Initial search space (Z):               4566  [actual number of targets]
Domain search space  (domZ):               1  [number of targets reported over threshold]
# CPU time: 0.02u 0.00s 00:00:00.02 Elapsed: 00:00:00.03
# Mc/sec: 6297.10
//
Query:       TIGR00166  [M=95]
Accession:   TIGR00166
Description: S6: ribosomal protein bS6
Scores for complete sequences (score includes all domains):
   --- full sequence ---   --- best 1 domain ---    -#dom-
    E-value  score  bias    E-value  score  bias    exp  N  Sequence           Description
    ------- ------ -----    ------- ------ -----   ---- --  --------           -----------
    7.5e-22   75.4   0.0    8.9e-22   75.2   0.0    1.1  1  NZ_CP186479.1_1458  # 1472557 # 1472970 # 1 # ID=1_1458;partial=00;start_type=ATG;rbs_motif=AGGA;rbs_spacer=5-10bp;gc_cont=0.645


Domain annotation for each sequence:
>> NZ_CP186479.1_1458  # 1472557 # 1472970 # 1 # ID=1_1458;partial=00;start_type=ATG;rbs_motif=AGGA;rbs_spacer=5-10bp;gc_cont=0.645
   #    score  bias  c-Evalue  i-Evalue hmmfrom  hmm to    alifrom  ali to    envfrom  env to     acc
 ---   ------ ----- --------- --------- ------- -------    ------- -------    ------- -------    ----
   1 !   75.2   0.0   1.9e-25   8.9e-22       1      94 [.       1      94 [.       1      95 [. 0.98



Internal pipeline statistics summary:
-------------------------------------
Query model(s):                            1  (95 nodes)
Target sequences:                       4566  (1398970 residues searched)
Passed MSV filter:                        77  (0.0168638); expected 91.3 (0.02)
Passed bias filter:                       72  (0.0157687); expected 91.3 (0.02)
Passed Vit filter:                         9  (0.00197109); expected 4.6 (0.001)
Passed Fwd filter:                         1  (0.00021901); expected 0.0 (1e-05)
Initial search space (Z):               4566  [actual number of targets]
Domain search space  (domZ):               1  [number of targets reported over threshold]
# CPU time: 0.02u 0.00s 00:00:00.02 Elapsed: 00:00:00.02
# Mc/sec: 5984.09
//
Query:       TIGR00168  [M=165]
Accession:   TIGR00168
Description: infC: translation initiation factor IF-3
Scores for complete sequences (score includes all domains):
   --- full sequence ---   --- best 1 domain ---    -#dom-
    E-value  score  bias    E-value  score  bias    exp  N  Sequence           Description
    ------- ------ -----    ------- ------ -----   ---- --  --------           -----------
    2.3e-63  210.8   1.2    2.6e-63  210.6   1.2    1.0  1  NZ_CP186479.1_2551  # 2607088 # 2607612 # 1 # ID=1_2551;partial=00;start_type=ATG;rbs_motif=None;rbs_spacer=None;gc_cont=0.610


Domain annotation for each sequence:
>> NZ_CP186479.1_2551  # 2607088 # 2607612 # 1 # ID=1_2551;partial=00;start_type=ATG;rbs_motif=None;rbs_spacer=None;gc_cont=0.610
   #    score  bias  c-Evalue  i-Evalue hmmfrom  hmm to    alifrom  ali to    envfrom  env to     acc
 ---   ------ ----- --------- --------- ------- -------    ------- -------    ------- -------    ----
   1 !  210.6   1.2   5.6e-67   2.6e-63       2     163 ..      14     174 ..      13     174 .. 0.99



Internal pipeline statistics summary:
-------------------------------------
Query model(s):                            1  (165 nodes)
Target sequences:                       4566  (1398970 residues searched)
Passed MSV filter:                        88  (0.0192729); expected 91.3 (0.02)
Passed bias filter:                       76  (0.0166448); expected 91.3 (0.02)
Passed Vit filter:                         9  (0.00197109); expected 4.6 (0.001)
Passed Fwd filter:                         1  (0.00021901); expected 0.0 (1e-05)
Initial search space (Z):               4566  [actual number of targets]
Domain search space  (domZ):               1  [number of targets reported over threshold]
# CPU time: 0.03u 0.00s 00:00:00.03 Elapsed: 00:00:00.02
# Mc/sec: 10058.93
//
Query:       TIGR00186  [M=240]
Accession:   TIGR00186
Description: rRNA_methyl_3: RNA methyltransferase, TrmH family, group 3
Scores for complete sequences (score includes all domains):
   --- full sequence ---   --- best 1 domain ---    -#dom-
    E-value  score  bias    E-value  score  bias    exp  N  Sequence          Description
    ------- ------ -----    ------- ------ -----   ---- --  --------          -----------
    4.7e-50  168.3   0.0    5.7e-50  168.0   0.0    1.0  1  NZ_CP186479.1_480  # 476232 # 476990 # -1 # ID=1_480;partial=00;start_type=ATG;rbs_motif=None;rbs_spacer=None;gc_cont=0.675


Domain annotation for each sequence:
>> NZ_CP186479.1_480  # 476232 # 476990 # -1 # ID=1_480;partial=00;start_type=ATG;rbs_motif=None;rbs_spacer=None;gc_cont=0.675
   #    score  bias  c-Evalue  i-Evalue hmmfrom  hmm to    alifrom  ali to    envfrom  env to     acc
 ---   ------ ----- --------- --------- ------- -------    ------- -------    ------- -------    ----
   1 !  168.0   0.0   1.2e-53   5.7e-50       4     237 ..      20     246 ..      18     249 .. 0.90



Internal pipeline statistics summary:
-------------------------------------
Query model(s):                            1  (240 nodes)
Target sequences:                       4566  (1398970 residues searched)
Passed MSV filter:                       101  (0.02212); expected 91.3 (0.02)
Passed bias filter:                       92  (0.0201489); expected 91.3 (0.02)
Passed Vit filter:                         6  (0.00131406); expected 4.6 (0.001)
Passed Fwd filter:                         3  (0.00065703); expected 0.0 (1e-05)
Initial search space (Z):               4566  [actual number of targets]
Domain search space  (domZ):               1  [number of targets reported over threshold]
# CPU time: 0.03u 0.00s 00:00:00.03 Elapsed: 00:00:00.03
# Mc/sec: 8498.29
//
Query:       TIGR00194  [M=574]
Accession:   TIGR00194
Description: uvrC: excinuclease ABC subunit C
Scores for complete sequences (score includes all domains):
   --- full sequence ---   --- best 1 domain ---    -#dom-
    E-value  score  bias    E-value  score  bias    exp  N  Sequence        Description
    ------- ------ -----    ------- ------ -----   ---- --  --------        -----------
   3.8e-159  529.0   0.0   5.4e-159  528.5   0.0    1.1  1  NZ_CP186479.1_1  # 302 # 2176 # -1 # ID=1_1;partial=00;start_type=ATG;rbs_motif=GGAG/GAGG;rbs_spacer=5-10bp;gc_cont=0.651


Domain annotation for each sequence:
>> NZ_CP186479.1_1  # 302 # 2176 # -1 # ID=1_1;partial=00;start_type=ATG;rbs_motif=GGAG/GAGG;rbs_spacer=5-10bp;gc_cont=0.651
   #    score  bias  c-Evalue  i-Evalue hmmfrom  hmm to    alifrom  ali to    envfrom  env to     acc
 ---   ------ ----- --------- --------- ------- -------    ------- -------    ------- -------    ----
   1 !  528.5   0.0  1.2e-162  5.4e-159       5     572 ..      16     600 ..      13     602 .. 0.95



Internal pipeline statistics summary:
-------------------------------------
Query model(s):                            1  (574 nodes)
Target sequences:                       4566  (1398970 residues searched)
Passed MSV filter:                        77  (0.0168638); expected 91.3 (0.02)
Passed bias filter:                       71  (0.0155497); expected 91.3 (0.02)
Passed Vit filter:                        12  (0.00262812); expected 4.6 (0.001)
Passed Fwd filter:                         5  (0.00109505); expected 0.0 (1e-05)
Initial search space (Z):               4566  [actual number of targets]
Domain search space  (domZ):               1  [number of targets reported over threshold]
# CPU time: 0.07u 0.00s 00:00:00.07 Elapsed: 00:00:00.08
# Mc/sec: 9767.22
//
Query:       TIGR00250  [M=130]
Accession:   TIGR00250
Description: RNAse_H_YqgF: putative transcription antitermination factor YqgF
Scores for complete sequences (score includes all domains):
   --- full sequence ---   --- best 1 domain ---    -#dom-
    E-value  score  bias    E-value  score  bias    exp  N  Sequence          Description
    ------- ------ -----    ------- ------ -----   ---- --  --------          -----------
    4.5e-37  125.0   0.0    5.1e-37  124.9   0.0    1.0  1  NZ_CP186479.1_879  # 867926 # 868387 # 1 # ID=1_879;partial=00;start_type=TTG;rbs_motif=GGA/GAG/AGG;rbs_spacer=5-10bp;gc_cont=0.654


Domain annotation for each sequence:
>> NZ_CP186479.1_879  # 867926 # 868387 # 1 # ID=1_879;partial=00;start_type=TTG;rbs_motif=GGA/GAG/AGG;rbs_spacer=5-10bp;gc_cont=0.654
   #    score  bias  c-Evalue  i-Evalue hmmfrom  hmm to    alifrom  ali to    envfrom  env to     acc
 ---   ------ ----- --------- --------- ------- -------    ------- -------    ------- -------    ----
   1 !  124.9   0.0   1.1e-40   5.1e-37       1     130 []      19     148 ..      19     148 .. 0.99



Internal pipeline statistics summary:
-------------------------------------
Query model(s):                            1  (130 nodes)
Target sequences:                       4566  (1398970 residues searched)
Passed MSV filter:                       101  (0.02212); expected 91.3 (0.02)
Passed bias filter:                       91  (0.0199299); expected 91.3 (0.02)
Passed Vit filter:                         8  (0.00175208); expected 4.6 (0.001)
Passed Fwd filter:                         1  (0.00021901); expected 0.0 (1e-05)
Initial search space (Z):               4566  [actual number of targets]
Domain search space  (domZ):               1  [number of targets reported over threshold]
# CPU time: 0.02u 0.00s 00:00:00.02 Elapsed: 00:00:00.02
# Mc/sec: 6782.39
//
Query:       TIGR00279  [M=172]
Accession:   TIGR00279
Description: uL16_euk_arch: ribosomal protein uL16
Scores for complete sequences (score includes all domains):
   --- full sequence ---   --- best 1 domain ---    -#dom-
    E-value  score  bias    E-value  score  bias    exp  N  Sequence Description
    ------- ------ -----    ------- ------ -----   ---- --  -------- -----------

   [No hits detected that satisfy reporting thresholds]


Domain annotation for each sequence:

   [No targets detected that satisfy reporting thresholds]


Internal pipeline statistics summary:
-------------------------------------
Query model(s):                            1  (172 nodes)
Target sequences:                       4566  (1398970 residues searched)
Passed MSV filter:                        98  (0.021463); expected 91.3 (0.02)
Passed bias filter:                       81  (0.0177398); expected 91.3 (0.02)
Passed Vit filter:                         4  (0.00087604); expected 4.6 (0.001)
Passed Fwd filter:                         1  (0.00021901); expected 0.0 (1e-05)
Initial search space (Z):               4566  [actual number of targets]
Domain search space  (domZ):               0  [number of targets reported over threshold]
# CPU time: 0.02u 0.01s 00:00:00.03 Elapsed: 00:00:00.03
# Mc/sec: 7431.23
//
Query:       TIGR00291  [M=231]
Accession:   TIGR00291
Description: RNA_SBDS: rRNA metabolism protein, SBDS family
Scores for complete sequences (score includes all domains):
   --- full sequence ---   --- best 1 domain ---    -#dom-
    E-value  score  bias    E-value  score  bias    exp  N  Sequence Description
    ------- ------ -----    ------- ------ -----   ---- --  -------- -----------

   [No hits detected that satisfy reporting thresholds]


Domain annotation for each sequence:

   [No targets detected that satisfy reporting thresholds]


Internal pipeline statistics summary:
-------------------------------------
Query model(s):                            1  (231 nodes)
Target sequences:                       4566  (1398970 residues searched)
Passed MSV filter:                        83  (0.0181778); expected 91.3 (0.02)
Passed bias filter:                       73  (0.0159877); expected 91.3 (0.02)
Passed Vit filter:                         1  (0.00021901); expected 4.6 (0.001)
Passed Fwd filter:                         0  (0); expected 0.0 (1e-05)
Initial search space (Z):               4566  [actual number of targets]
Domain search space  (domZ):               0  [number of targets reported over threshold]
# CPU time: 0.02u 0.00s 00:00:00.02 Elapsed: 00:00:00.02
# Mc/sec: 11367.27
//
Query:       TIGR00323  [M=215]
Accession:   TIGR00323
Description: eIF-6: putative translation initiation factor eIF-6
Scores for complete sequences (score includes all domains):
   --- full sequence ---   --- best 1 domain ---    -#dom-
    E-value  score  bias    E-value  score  bias    exp  N  Sequence Description
    ------- ------ -----    ------- ------ -----   ---- --  -------- -----------

   [No hits detected that satisfy reporting thresholds]


Domain annotation for each sequence:

   [No targets detected that satisfy reporting thresholds]


Internal pipeline statistics summary:
-------------------------------------
Query model(s):                            1  (215 nodes)
Target sequences:                       4566  (1398970 residues searched)
Passed MSV filter:                       132  (0.0289093); expected 91.3 (0.02)
Passed bias filter:                       92  (0.0201489); expected 91.3 (0.02)
Passed Vit filter:                         8  (0.00175208); expected 4.6 (0.001)
Passed Fwd filter:                         0  (0); expected 0.0 (1e-05)
Initial search space (Z):               4566  [actual number of targets]
Domain search space  (domZ):               0  [number of targets reported over threshold]
# CPU time: 0.03u 0.00s 00:00:00.03 Elapsed: 00:00:00.03
# Mc/sec: 8899.09
//
Query:       TIGR00335  [M=324]
Accession:   TIGR00335
Description: primase_sml: putative DNA primase, eukaryotic-type, small subunit
Scores for complete sequences (score includes all domains):
   --- full sequence ---   --- best 1 domain ---    -#dom-
    E-value  score  bias    E-value  score  bias    exp  N  Sequence Description
    ------- ------ -----    ------- ------ -----   ---- --  -------- -----------

   [No hits detected that satisfy reporting thresholds]


Domain annotation for each sequence:

   [No targets detected that satisfy reporting thresholds]


Internal pipeline statistics summary:
-------------------------------------
Query model(s):                            1  (324 nodes)
Target sequences:                       4566  (1398970 residues searched)
Passed MSV filter:                        50  (0.0109505); expected 91.3 (0.02)
Passed bias filter:                       48  (0.0105125); expected 91.3 (0.02)
Passed Vit filter:                         5  (0.00109505); expected 4.6 (0.001)
Passed Fwd filter:                         0  (0); expected 0.0 (1e-05)
Initial search space (Z):               4566  [actual number of targets]
Domain search space  (domZ):               0  [number of targets reported over threshold]
# CPU time: 0.03u 0.00s 00:00:00.03 Elapsed: 00:00:00.02
# Mc/sec: 15351.33
//
Query:       TIGR00337  [M=526]
Accession:   TIGR00337
Description: PyrG: CTP synthase
Scores for complete sequences (score includes all domains):
   --- full sequence ---   --- best 1 domain ---    -#dom-
    E-value  score  bias    E-value  score  bias    exp  N  Sequence          Description
    ------- ------ -----    ------- ------ -----   ---- --  --------          -----------
   1.4e-223  741.2   0.0   1.6e-223  741.0   0.0    1.0  1  NZ_CP186479.1_711  # 697409 # 699037 # -1 # ID=1_711;partial=00;start_type=ATG;rbs_motif=AGGA;rbs_spacer=5-10bp;gc_cont=0.651


Domain annotation for each sequence:
>> NZ_CP186479.1_711  # 697409 # 699037 # -1 # ID=1_711;partial=00;start_type=ATG;rbs_motif=AGGA;rbs_spacer=5-10bp;gc_cont=0.651
   #    score  bias  c-Evalue  i-Evalue hmmfrom  hmm to    alifrom  ali to    envfrom  env to     acc
 ---   ------ ----- --------- --------- ------- -------    ------- -------    ------- -------    ----
   1 !  741.0   0.0  3.6e-227  1.6e-223       3     526 .]       2     534 ..       1     534 [. 0.99



Internal pipeline statistics summary:
-------------------------------------
Query model(s):                            1  (526 nodes)
Target sequences:                       4566  (1398970 residues searched)
Passed MSV filter:                       112  (0.0245291); expected 91.3 (0.02)
Passed bias filter:                      106  (0.0232151); expected 91.3 (0.02)
Passed Vit filter:                        12  (0.00262812); expected 4.6 (0.001)
Passed Fwd filter:                         3  (0.00065703); expected 0.0 (1e-05)
Initial search space (Z):               4566  [actual number of targets]
Domain search space  (domZ):               1  [number of targets reported over threshold]
# CPU time: 0.05u 0.01s 00:00:00.06 Elapsed: 00:00:00.05
# Mc/sec: 13343.20
//
Query:       TIGR00344  [M=847]
Accession:   TIGR00344
Description: alaS: alanine--tRNA ligase
Scores for complete sequences (score includes all domains):
   --- full sequence ---   --- best 1 domain ---    -#dom-
    E-value  score  bias    E-value  score  bias    exp  N  Sequence          Description
    ------- ------ -----    ------- ------ -----   ---- --  --------          -----------
   1.2e-289  961.2   0.0   1.4e-289  961.1   0.0    1.0  1  NZ_CP186479.1_379  # 387579 # 390218 # 1 # ID=1_379;partial=00;start_type=ATG;rbs_motif=GGA/GAG/AGG;rbs_spacer=5-10bp;gc_cont=0.658


Domain annotation for each sequence:
>> NZ_CP186479.1_379  # 387579 # 390218 # 1 # ID=1_379;partial=00;start_type=ATG;rbs_motif=GGA/GAG/AGG;rbs_spacer=5-10bp;gc_cont=0.658
   #    score  bias  c-Evalue  i-Evalue hmmfrom  hmm to    alifrom  ali to    envfrom  env to     acc
 ---   ------ ----- --------- --------- ------- -------    ------- -------    ------- -------    ----
   1 !  961.1   0.0    3e-293  1.4e-289       1     847 []       6     862 ..       6     862 .. 0.96



Internal pipeline statistics summary:
-------------------------------------
Query model(s):                            1  (847 nodes)
Target sequences:                       4566  (1398970 residues searched)
Passed MSV filter:                       119  (0.0260622); expected 91.3 (0.02)
Passed bias filter:                       96  (0.021025); expected 91.3 (0.02)
Passed Vit filter:                         8  (0.00175208); expected 4.6 (0.001)
Passed Fwd filter:                         3  (0.00065703); expected 0.0 (1e-05)
Initial search space (Z):               4566  [actual number of targets]
Domain search space  (domZ):               1  [number of targets reported over threshold]
# CPU time: 0.08u 0.01s 00:00:00.09 Elapsed: 00:00:00.11
# Mc/sec: 9899.64
//
Query:       TIGR00362  [M=437]
Accession:   TIGR00362
Description: DnaA: chromosomal replication initiator protein DnaA
Scores for complete sequences (score includes all domains):
   --- full sequence ---   --- best 1 domain ---    -#dom-
    E-value  score  bias    E-value  score  bias    exp  N  Sequence           Description
    ------- ------ -----    ------- ------ -----   ---- --  --------           -----------
   3.3e-138  459.4   0.0   3.8e-138  459.2   0.0    1.0  1  NZ_CP186479.1_2786  # 2848093 # 2849553 # -1 # ID=1_2786;partial=00;start_type=ATG;rbs_motif=GGAG/GAGG;rbs_spacer=5-10bp;gc_cont=0.672


Domain annotation for each sequence:
>> NZ_CP186479.1_2786  # 2848093 # 2849553 # -1 # ID=1_2786;partial=00;start_type=ATG;rbs_motif=GGAG/GAGG;rbs_spacer=5-10bp;gc_cont=0.672
   #    score  bias  c-Evalue  i-Evalue hmmfrom  hmm to    alifrom  ali to    envfrom  env to     acc
 ---   ------ ----- --------- --------- ------- -------    ------- -------    ------- -------    ----
   1 !  459.2   0.0  8.2e-142  3.8e-138       2     437 .]      17     484 ..      16     484 .. 0.92



Internal pipeline statistics summary:
-------------------------------------
Query model(s):                            1  (437 nodes)
Target sequences:                       4566  (1398970 residues searched)
Passed MSV filter:                       165  (0.0361367); expected 91.3 (0.02)
Passed bias filter:                      153  (0.0335085); expected 91.3 (0.02)
Passed Vit filter:                        26  (0.00569426); expected 4.6 (0.001)
Passed Fwd filter:                         6  (0.00131406); expected 0.0 (1e-05)
Initial search space (Z):               4566  [actual number of targets]
Domain search space  (domZ):               1  [number of targets reported over threshold]
# CPU time: 0.07u 0.01s 00:00:00.08 Elapsed: 00:00:00.06
# Mc/sec: 9890.41
//
Query:       TIGR00373  [M=162]
Accession:   TIGR00373
Description: TIGR00373: transcription factor E
Scores for complete sequences (score includes all domains):
   --- full sequence ---   --- best 1 domain ---    -#dom-
    E-value  score  bias    E-value  score  bias    exp  N  Sequence Description
    ------- ------ -----    ------- ------ -----   ---- --  -------- -----------

   [No hits detected that satisfy reporting thresholds]


Domain annotation for each sequence:

   [No targets detected that satisfy reporting thresholds]


Internal pipeline statistics summary:
-------------------------------------
Query model(s):                            1  (162 nodes)
Target sequences:                       4566  (1398970 residues searched)
Passed MSV filter:                       111  (0.0243101); expected 91.3 (0.02)
Passed bias filter:                      103  (0.022558); expected 91.3 (0.02)
Passed Vit filter:                        14  (0.00306614); expected 4.6 (0.001)
Passed Fwd filter:                         1  (0.00021901); expected 0.0 (1e-05)
Initial search space (Z):               4566  [actual number of targets]
Domain search space  (domZ):               0  [number of targets reported over threshold]
# CPU time: 0.01u 0.00s 00:00:00.01 Elapsed: 00:00:00.03
# Mc/sec: 6687.82
//
Query:       TIGR00382  [M=414]
Accession:   TIGR00382
Description: clpX: ATP-dependent Clp protease, ATP-binding subunit ClpX
Scores for complete sequences (score includes all domains):
   --- full sequence ---   --- best 1 domain ---    -#dom-
    E-value  score  bias    E-value  score  bias    exp  N  Sequence           Description
    ------- ------ -----    ------- ------ -----   ---- --  --------           -----------
   1.2e-200  664.8   0.2   1.5e-200  664.5   0.2    1.0  1  NZ_CP186479.1_783   # 775976 # 777253 # -1 # ID=1_783;partial=00;start_type=ATG;rbs_motif=AGGAG;rbs_spacer=5-10bp;gc_cont=0.630
    3.7e-56  188.9   2.1    4.9e-25   86.4   0.0    3.4  0  NZ_CP186479.1_2966  # 3020775 # 3022085 # 1 # ID=1_2966;partial=00;start_type=ATG;rbs_motif=GGA/GAG/AGG;rbs_spacer=11-12bp;gc_cont=0.648


Domain annotation for each sequence:
>> NZ_CP186479.1_783  # 775976 # 777253 # -1 # ID=1_783;partial=00;start_type=ATG;rbs_motif=AGGAG;rbs_spacer=5-10bp;gc_cont=0.630
   #    score  bias  c-Evalue  i-Evalue hmmfrom  hmm to    alifrom  ali to    envfrom  env to     acc
 ---   ------ ----- --------- --------- ------- -------    ------- -------    ------- -------    ----
   1 !  664.5   0.2  6.6e-204  1.5e-200       5     411 ..      11     408 ..       7     411 .. 0.96

>> NZ_CP186479.1_2966  # 3020775 # 3022085 # 1 # ID=1_2966;partial=00;start_type=ATG;rbs_motif=GGA/GAG/AGG;rbs_spacer=11-12bp;gc_cont=0.648
   [No individual domains that satisfy reporting thresholds (although complete target did)]



Internal pipeline statistics summary:
-------------------------------------
Query model(s):                            1  (414 nodes)
Target sequences:                       4566  (1398970 residues searched)
Passed MSV filter:                       238  (0.0521244); expected 91.3 (0.02)
Passed bias filter:                      230  (0.0503723); expected 91.3 (0.02)
Passed Vit filter:                        58  (0.0127026); expected 4.6 (0.001)
Passed Fwd filter:                         9  (0.00197109); expected 0.0 (1e-05)
Initial search space (Z):               4566  [actual number of targets]
Domain search space  (domZ):               2  [number of targets reported over threshold]
# CPU time: 0.08u 0.00s 00:00:00.08 Elapsed: 00:00:00.07
# Mc/sec: 7272.70
//
Query:       TIGR00392  [M=861]
Accession:   TIGR00392
Description: ileS: isoleucine--tRNA ligase
Scores for complete sequences (score includes all domains):
   --- full sequence ---   --- best 1 domain ---    -#dom-
    E-value  score  bias    E-value  score  bias    exp  N  Sequence           Description
    ------- ------ -----    ------- ------ -----   ---- --  --------           -----------
     2e-249  828.2   0.0   2.3e-249  828.0   0.0    1.0  1  NZ_CP186479.1_1716  # 1739670 # 1742636 # -1 # ID=1_1716;partial=00;start_type=ATG;rbs_motif=GGA/GAG/AGG;rbs_spacer=5-10bp;gc_cont=0.644


Domain annotation for each sequence:
>> NZ_CP186479.1_1716  # 1739670 # 1742636 # -1 # ID=1_1716;partial=00;start_type=ATG;rbs_motif=GGA/GAG/AGG;rbs_spacer=5-10bp;gc_cont=0.644
   #    score  bias  c-Evalue  i-Evalue hmmfrom  hmm to    alifrom  ali to    envfrom  env to     acc
 ---   ------ ----- --------- --------- ------- -------    ------- -------    ------- -------    ----
   1 !  828.0   0.0  4.9e-253  2.3e-249       1     856 [.      23     893 ..      23     898 .. 0.94



Internal pipeline statistics summary:
-------------------------------------
Query model(s):                            1  (861 nodes)
Target sequences:                       4566  (1398970 residues searched)
Passed MSV filter:                        74  (0.0162067); expected 91.3 (0.02)
Passed bias filter:                       71  (0.0155497); expected 91.3 (0.02)
Passed Vit filter:                        15  (0.00328515); expected 4.6 (0.001)
Passed Fwd filter:                         7  (0.00153307); expected 0.0 (1e-05)
Initial search space (Z):               4566  [actual number of targets]
Domain search space  (domZ):               1  [number of targets reported over threshold]
# CPU time: 0.17u 0.01s 00:00:00.18 Elapsed: 00:00:00.18
# Mc/sec: 6444.15
//
Query:       TIGR00396  [M=843]
Accession:   TIGR00396
Description: leuS_bact: leucine--tRNA ligase
Scores for complete sequences (score includes all domains):
   --- full sequence ---   --- best 1 domain ---    -#dom-
    E-value  score  bias    E-value  score  bias    exp  N  Sequence           Description
    ------- ------ -----    ------- ------ -----   ---- --  --------           -----------
   8.7e-292  968.2   0.0   9.9e-292  968.0   0.0    1.0  1  NZ_CP186479.1_2995  # 3050075 # 3052693 # -1 # ID=1_2995;partial=00;start_type=GTG;rbs_motif=AGGA;rbs_spacer=5-10bp;gc_cont=0.655


Domain annotation for each sequence:
>> NZ_CP186479.1_2995  # 3050075 # 3052693 # -1 # ID=1_2995;partial=00;start_type=GTG;rbs_motif=AGGA;rbs_spacer=5-10bp;gc_cont=0.655
   #    score  bias  c-Evalue  i-Evalue hmmfrom  hmm to    alifrom  ali to    envfrom  env to     acc
 ---   ------ ----- --------- --------- ------- -------    ------- -------    ------- -------    ----
   1 !  968.0   0.0  2.2e-295  9.9e-292       5     841 ..      13     871 ..       9     872 .. 0.93



Internal pipeline statistics summary:
-------------------------------------
Query model(s):                            1  (843 nodes)
Target sequences:                       4566  (1398970 residues searched)
Passed MSV filter:                        98  (0.021463); expected 91.3 (0.02)
Passed bias filter:                       94  (0.0205869); expected 91.3 (0.02)
Passed Vit filter:                        17  (0.00372317); expected 4.6 (0.001)
Passed Fwd filter:                         5  (0.00109505); expected 0.0 (1e-05)
Initial search space (Z):               4566  [actual number of targets]
Domain search space  (domZ):               1  [number of targets reported over threshold]
# CPU time: 0.16u 0.01s 00:00:00.17 Elapsed: 00:00:00.26
# Mc/sec: 4481.02
//
Query:       TIGR00398  [M=530]
Accession:   TIGR00398
Description: metG: methionine--tRNA ligase
Scores for complete sequences (score includes all domains):
   --- full sequence ---   --- best 1 domain ---    -#dom-
    E-value  score  bias    E-value  score  bias    exp  N  Sequence          Description
    ------- ------ -----    ------- ------ -----   ---- --  --------          -----------
   7.7e-148  491.4   0.0   8.6e-147  488.0   0.0    1.9  1  NZ_CP186479.1_663  # 648120 # 649670 # -1 # ID=1_663;partial=00;start_type=ATG;rbs_motif=None;rbs_spacer=None;gc_cont=0.640


Domain annotation for each sequence:
>> NZ_CP186479.1_663  # 648120 # 649670 # -1 # ID=1_663;partial=00;start_type=ATG;rbs_motif=None;rbs_spacer=None;gc_cont=0.640
   #    score  bias  c-Evalue  i-Evalue hmmfrom  hmm to    alifrom  ali to    envfrom  env to     acc
 ---   ------ ----- --------- --------- ------- -------    ------- -------    ------- -------    ----
   1 !  488.0   0.0  1.9e-150  8.6e-147       1     529 [.       5     509 ..       5     510 .. 0.95



Internal pipeline statistics summary:
-------------------------------------
Query model(s):                            1  (530 nodes)
Target sequences:                       4566  (1398970 residues searched)
Passed MSV filter:                        63  (0.0137976); expected 91.3 (0.02)
Passed bias filter:                       61  (0.0133596); expected 91.3 (0.02)
Passed Vit filter:                        13  (0.00284713); expected 4.6 (0.001)
Passed Fwd filter:                         6  (0.00131406); expected 0.0 (1e-05)
Initial search space (Z):               4566  [actual number of targets]
Domain search space  (domZ):               1  [number of targets reported over threshold]
# CPU time: 0.08u 0.01s 00:00:00.09 Elapsed: 00:00:00.08
# Mc/sec: 8773.14
//
Query:       TIGR00405  [M=145]
Accession:   TIGR00405
Description: KOW_elon_Spt5: transcription elongation factor Spt5
Scores for complete sequences (score includes all domains):
   --- full sequence ---   --- best 1 domain ---    -#dom-
    E-value  score  bias    E-value  score  bias    exp  N  Sequence Description
    ------- ------ -----    ------- ------ -----   ---- --  -------- -----------

   [No hits detected that satisfy reporting thresholds]


Domain annotation for each sequence:

   [No targets detected that satisfy reporting thresholds]


Internal pipeline statistics summary:
-------------------------------------
Query model(s):                            1  (145 nodes)
Target sequences:                       4566  (1398970 residues searched)
Passed MSV filter:                       131  (0.0286903); expected 91.3 (0.02)
Passed bias filter:                      118  (0.0258432); expected 91.3 (0.02)
Passed Vit filter:                         8  (0.00175208); expected 4.6 (0.001)
Passed Fwd filter:                         2  (0.00043802); expected 0.0 (1e-05)
Initial search space (Z):               4566  [actual number of targets]
Domain search space  (domZ):               0  [number of targets reported over threshold]
# CPU time: 0.03u 0.00s 00:00:00.03 Elapsed: 00:00:00.02
# Mc/sec: 7664.62
//
Query:       TIGR00414  [M=418]
Accession:   TIGR00414
Description: serS: serine--tRNA ligase
Scores for complete sequences (score includes all domains):
   --- full sequence ---   --- best 1 domain ---    -#dom-
    E-value  score  bias    E-value  score  bias    exp  N  Sequence          Description
    ------- ------ -----    ------- ------ -----   ---- --  --------          -----------
   1.7e-151  502.9   0.0   1.9e-151  502.8   0.0    1.0  1  NZ_CP186479.1_308  # 314219 # 315544 # 1 # ID=1_308;partial=00;start_type=ATG;rbs_motif=GGA/GAG/AGG;rbs_spacer=5-10bp;gc_cont=0.643


Domain annotation for each sequence:
>> NZ_CP186479.1_308  # 314219 # 315544 # 1 # ID=1_308;partial=00;start_type=ATG;rbs_motif=GGA/GAG/AGG;rbs_spacer=5-10bp;gc_cont=0.643
   #    score  bias  c-Evalue  i-Evalue hmmfrom  hmm to    alifrom  ali to    envfrom  env to     acc
 ---   ------ ----- --------- --------- ------- -------    ------- -------    ------- -------    ----
   1 !  502.8   0.0  4.3e-155  1.9e-151       1     418 []       1     431 [.       1     431 [. 0.97



Internal pipeline statistics summary:
-------------------------------------
Query model(s):                            1  (418 nodes)
Target sequences:                       4566  (1398970 residues searched)
Passed MSV filter:                       110  (0.0240911); expected 91.3 (0.02)
Passed bias filter:                       93  (0.0203679); expected 91.3 (0.02)
Passed Vit filter:                        15  (0.00328515); expected 4.6 (0.001)
Passed Fwd filter:                         3  (0.00065703); expected 0.0 (1e-05)
Initial search space (Z):               4566  [actual number of targets]
Domain search space  (domZ):               1  [number of targets reported over threshold]
# CPU time: 0.05u 0.00s 00:00:00.05 Elapsed: 00:00:00.08
# Mc/sec: 7220.09
//
Query:       TIGR00416  [M=454]
Accession:   TIGR00416
Description: sms: DNA repair protein RadA
Scores for complete sequences (score includes all domains):
   --- full sequence ---   --- best 1 domain ---    -#dom-
    E-value  score  bias    E-value  score  bias    exp  N  Sequence           Description
    ------- ------ -----    ------- ------ -----   ---- --  --------           -----------
   1.4e-164  546.2   0.2   1.5e-164  546.0   0.2    1.0  1  NZ_CP186479.1_1465  # 1478507 # 1479895 # 1 # ID=1_1465;partial=00;start_type=ATG;rbs_motif=None;rbs_spacer=None;gc_cont=0.682


Domain annotation for each sequence:
>> NZ_CP186479.1_1465  # 1478507 # 1479895 # 1 # ID=1_1465;partial=00;start_type=ATG;rbs_motif=None;rbs_spacer=None;gc_cont=0.682
   #    score  bias  c-Evalue  i-Evalue hmmfrom  hmm to    alifrom  ali to    envfrom  env to     acc
 ---   ------ ----- --------- --------- ------- -------    ------- -------    ------- -------    ----
   1 !  546.0   0.2  3.3e-168  1.5e-164       1     430 [.       1     426 [.       1     449 [. 0.94



Internal pipeline statistics summary:
-------------------------------------
Query model(s):                            1  (454 nodes)
Target sequences:                       4566  (1398970 residues searched)
Passed MSV filter:                       225  (0.0492773); expected 91.3 (0.02)
Passed bias filter:                      202  (0.04424); expected 91.3 (0.02)
Passed Vit filter:                        52  (0.0113885); expected 4.6 (0.001)
Passed Fwd filter:                         9  (0.00197109); expected 0.0 (1e-05)
Initial search space (Z):               4566  [actual number of targets]
Domain search space  (domZ):               1  [number of targets reported over threshold]
# CPU time: 0.09u 0.00s 00:00:00.09 Elapsed: 00:00:00.07
# Mc/sec: 8188.85
//
Query:       TIGR00420  [M=351]
Accession:   TIGR00420
Description: trmU: tRNA (5-methylaminomethyl-2-thiouridylate)-methyltransferase
Scores for complete sequences (score includes all domains):
   --- full sequence ---   --- best 1 domain ---    -#dom-
    E-value  score  bias    E-value  score  bias    exp  N  Sequence           Description
    ------- ------ -----    ------- ------ -----   ---- --  --------           -----------
   7.3e-101  335.5   0.0   8.3e-101  335.3   0.0    1.0  1  NZ_CP186479.1_4102  # 4176791 # 4177942 # 1 # ID=1_4102;partial=00;start_type=ATG;rbs_motif=GGA/GAG/AGG;rbs_spacer=5-10bp;gc_cont=0.659


Domain annotation for each sequence:
>> NZ_CP186479.1_4102  # 4176791 # 4177942 # 1 # ID=1_4102;partial=00;start_type=ATG;rbs_motif=GGA/GAG/AGG;rbs_spacer=5-10bp;gc_cont=0.659
   #    score  bias  c-Evalue  i-Evalue hmmfrom  hmm to    alifrom  ali to    envfrom  env to     acc
 ---   ------ ----- --------- --------- ------- -------    ------- -------    ------- -------    ----
   1 !  335.3   0.0  1.8e-104  8.3e-101       2     351 .]      16     373 ..      15     373 .. 0.94



Internal pipeline statistics summary:
-------------------------------------
Query model(s):                            1  (351 nodes)
Target sequences:                       4566  (1398970 residues searched)
Passed MSV filter:                        63  (0.0137976); expected 91.3 (0.02)
Passed bias filter:                       62  (0.0135786); expected 91.3 (0.02)
Passed Vit filter:                         8  (0.00175208); expected 4.6 (0.001)
Passed Fwd filter:                         3  (0.00065703); expected 0.0 (1e-05)
Initial search space (Z):               4566  [actual number of targets]
Domain search space  (domZ):               1  [number of targets reported over threshold]
# CPU time: 0.03u 0.00s 00:00:00.03 Elapsed: 00:00:00.03
# Mc/sec: 14854.26
//
Query:       TIGR00431  [M=210]
Accession:   TIGR00431
Description: TruB: tRNA pseudouridine(55) synthase
Scores for complete sequences (score includes all domains):
   --- full sequence ---   --- best 1 domain ---    -#dom-
    E-value  score  bias    E-value  score  bias    exp  N  Sequence           Description
    ------- ------ -----    ------- ------ -----   ---- --  --------           -----------
    1.9e-67  225.0   0.0    2.4e-67  224.7   0.0    1.1  1  NZ_CP186479.1_2728  # 2785482 # 2786381 # -1 # ID=1_2728;partial=00;start_type=ATG;rbs_motif=AGxAGG/AGGxGG;rbs_spacer=5-10bp;gc_cont=0.684


Domain annotation for each sequence:
>> NZ_CP186479.1_2728  # 2785482 # 2786381 # -1 # ID=1_2728;partial=00;start_type=ATG;rbs_motif=AGxAGG/AGGxGG;rbs_spacer=5-10bp;gc_cont=0.684
   #    score  bias  c-Evalue  i-Evalue hmmfrom  hmm to    alifrom  ali to    envfrom  env to     acc
 ---   ------ ----- --------- --------- ------- -------    ------- -------    ------- -------    ----
   1 !  224.7   0.0   5.2e-71   2.4e-67       2     210 .]      12     219 ..      11     219 .. 0.99



Internal pipeline statistics summary:
-------------------------------------
Query model(s):                            1  (210 nodes)
Target sequences:                       4566  (1398970 residues searched)
Passed MSV filter:                        85  (0.0186159); expected 91.3 (0.02)
Passed bias filter:                       77  (0.0168638); expected 91.3 (0.02)
Passed Vit filter:                         4  (0.00087604); expected 4.6 (0.001)
Passed Fwd filter:                         1  (0.00021901); expected 0.0 (1e-05)
Initial search space (Z):               4566  [actual number of targets]
Domain search space  (domZ):               1  [number of targets reported over threshold]
# CPU time: 0.02u 0.01s 00:00:00.03 Elapsed: 00:00:00.02
# Mc/sec: 13631.56
//
Query:       TIGR00435  [M=466]
Accession:   TIGR00435
Description: cysS: cysteine--tRNA ligase
Scores for complete sequences (score includes all domains):
   --- full sequence ---   --- best 1 domain ---    -#dom-
    E-value  score  bias    E-value  score  bias    exp  N  Sequence           Description
    ------- ------ -----    ------- ------ -----   ---- --  --------           -----------
   4.2e-133  442.8   0.0   7.7e-133  441.9   0.0    1.3  1  NZ_CP186479.1_1552  # 1573256 # 1574665 # -1 # ID=1_1552;partial=00;start_type=ATG;rbs_motif=GGA/GAG/AGG;rbs_spacer=11-12bp;gc_cont=0.633


Domain annotation for each sequence:
>> NZ_CP186479.1_1552  # 1573256 # 1574665 # -1 # ID=1_1552;partial=00;start_type=ATG;rbs_motif=GGA/GAG/AGG;rbs_spacer=11-12bp;gc_cont=0.633
   #    score  bias  c-Evalue  i-Evalue hmmfrom  hmm to    alifrom  ali to    envfrom  env to     acc
 ---   ------ ----- --------- --------- ------- -------    ------- -------    ------- -------    ----
   1 !  441.9   0.0  1.7e-136  7.7e-133       1     459 [.       4     456 ..       4     465 .. 0.91



Internal pipeline statistics summary:
-------------------------------------
Query model(s):                            1  (466 nodes)
Target sequences:                       4566  (1398970 residues searched)
Passed MSV filter:                        91  (0.0199299); expected 91.3 (0.02)
Passed bias filter:                       83  (0.0181778); expected 91.3 (0.02)
Passed Vit filter:                        25  (0.00547525); expected 4.6 (0.001)
Passed Fwd filter:                         7  (0.00153307); expected 0.0 (1e-05)
Initial search space (Z):               4566  [actual number of targets]
Domain search space  (domZ):               1  [number of targets reported over threshold]
# CPU time: 0.07u 0.00s 00:00:00.07 Elapsed: 00:00:00.08
# Mc/sec: 7691.28
//
Query:       TIGR00436  [M=270]
Accession:   TIGR00436
Description: era: GTP-binding protein Era
Scores for complete sequences (score includes all domains):
   --- full sequence ---   --- best 1 domain ---    -#dom-
    E-value  score  bias    E-value  score  bias    exp  N  Sequence           Description
    ------- ------ -----    ------- ------ -----   ---- --  --------           -----------
    4.9e-73  243.8   0.0    5.6e-73  243.6   0.0    1.0  1  NZ_CP186479.1_1194  # 1192757 # 1193707 # -1 # ID=1_1194;partial=00;start_type=ATG;rbs_motif=None;rbs_spacer=None;gc_cont=0.642
    6.3e-41  138.5   0.0    1.1e-20   72.1   0.0    2.0  0  NZ_CP186479.1_1471  # 1485177 # 1486607 # -1 # ID=1_1471;partial=00;start_type=ATG;rbs_motif=None;rbs_spacer=None;gc_cont=0.655


Domain annotation for each sequence:
>> NZ_CP186479.1_1194  # 1192757 # 1193707 # -1 # ID=1_1194;partial=00;start_type=ATG;rbs_motif=None;rbs_spacer=None;gc_cont=0.642
   #    score  bias  c-Evalue  i-Evalue hmmfrom  hmm to    alifrom  ali to    envfrom  env to     acc
 ---   ------ ----- --------- --------- ------- -------    ------- -------    ------- -------    ----
   1 !  243.6   0.0   2.5e-76   5.6e-73       1     270 []      23     293 ..      23     293 .. 0.99

>> NZ_CP186479.1_1471  # 1485177 # 1486607 # -1 # ID=1_1471;partial=00;start_type=ATG;rbs_motif=None;rbs_spacer=None;gc_cont=0.655
   [No individual domains that satisfy reporting thresholds (although complete target did)]



Internal pipeline statistics summary:
-------------------------------------
Query model(s):                            1  (270 nodes)
Target sequences:                       4566  (1398970 residues searched)
Passed MSV filter:                       229  (0.0501533); expected 91.3 (0.02)
Passed bias filter:                      228  (0.0499343); expected 91.3 (0.02)
Passed Vit filter:                       126  (0.0275953); expected 4.6 (0.001)
Passed Fwd filter:                        18  (0.00394218); expected 0.0 (1e-05)
Initial search space (Z):               4566  [actual number of targets]
Domain search space  (domZ):               2  [number of targets reported over threshold]
# CPU time: 0.08u 0.00s 00:00:00.08 Elapsed: 00:00:00.09
# Mc/sec: 4115.86
//
Query:       TIGR00442  [M=406]
Accession:   TIGR00442
Description: hisS: histidine--tRNA ligase
Scores for complete sequences (score includes all domains):
   --- full sequence ---   --- best 1 domain ---    -#dom-
    E-value  score  bias    E-value  score  bias    exp  N  Sequence           Description
    ------- ------ -----    ------- ------ -----   ---- --  --------           -----------
   3.9e-112  373.2   0.0   6.2e-112  372.5   0.0    1.3  1  NZ_CP186479.1_1773  # 1796142 # 1797668 # 1 # ID=1_1773;partial=00;start_type=ATG;rbs_motif=None;rbs_spacer=None;gc_cont=0.635


Domain annotation for each sequence:
>> NZ_CP186479.1_1773  # 1796142 # 1797668 # 1 # ID=1_1773;partial=00;start_type=ATG;rbs_motif=None;rbs_spacer=None;gc_cont=0.635
   #    score  bias  c-Evalue  i-Evalue hmmfrom  hmm to    alifrom  ali to    envfrom  env to     acc
 ---   ------ ----- --------- --------- ------- -------    ------- -------    ------- -------    ----
   1 !  372.5   0.0  1.4e-115  6.2e-112       2     403 ..      12     464 ..      11     467 .. 0.91



Internal pipeline statistics summary:
-------------------------------------
Query model(s):                            1  (406 nodes)
Target sequences:                       4566  (1398970 residues searched)
Passed MSV filter:                       110  (0.0240911); expected 91.3 (0.02)
Passed bias filter:                       96  (0.021025); expected 91.3 (0.02)
Passed Vit filter:                        16  (0.00350416); expected 4.6 (0.001)
Passed Fwd filter:                         6  (0.00131406); expected 0.0 (1e-05)
Initial search space (Z):               4566  [actual number of targets]
Domain search space  (domZ):               1  [number of targets reported over threshold]
# CPU time: 0.06u 0.00s 00:00:00.06 Elapsed: 00:00:00.05
# Mc/sec: 10139.73
//
Query:       TIGR00445  [M=321]
Accession:   TIGR00445
Description: mraY: phospho-N-acetylmuramoyl-pentapeptide-transferase
Scores for complete sequences (score includes all domains):
   --- full sequence ---   --- best 1 domain ---    -#dom-
    E-value  score  bias    E-value  score  bias    exp  N  Sequence          Description
    ------- ------ -----    ------- ------ -----   ---- --  --------          -----------
   7.1e-117  388.4  13.5   8.3e-117  388.2  13.5    1.0  1  NZ_CP186479.1_235  # 234498 # 235586 # 1 # ID=1_235;partial=00;start_type=ATG;rbs_motif=GGA/GAG/AGG;rbs_spacer=5-10bp;gc_cont=0.620


Domain annotation for each sequence:
>> NZ_CP186479.1_235  # 234498 # 235586 # 1 # ID=1_235;partial=00;start_type=ATG;rbs_motif=GGA/GAG/AGG;rbs_spacer=5-10bp;gc_cont=0.620
   #    score  bias  c-Evalue  i-Evalue hmmfrom  hmm to    alifrom  ali to    envfrom  env to     acc
 ---   ------ ----- --------- --------- ------- -------    ------- -------    ------- -------    ----
   1 !  388.2  13.5  1.8e-120  8.3e-117       3     321 .]      38     362 ..      36     362 .. 0.95



Internal pipeline statistics summary:
-------------------------------------
Query model(s):                            1  (321 nodes)
Target sequences:                       4566  (1398970 residues searched)
Passed MSV filter:                       205  (0.0448971); expected 91.3 (0.02)
Passed bias filter:                       72  (0.0157687); expected 91.3 (0.02)
Passed Vit filter:                         8  (0.00175208); expected 4.6 (0.001)
Passed Fwd filter:                         2  (0.00043802); expected 0.0 (1e-05)
Initial search space (Z):               4566  [actual number of targets]
Domain search space  (domZ):               1  [number of targets reported over threshold]
# CPU time: 0.05u 0.00s 00:00:00.05 Elapsed: 00:00:00.06
# Mc/sec: 6851.34
//
Query:       TIGR00448  [M=179]
Accession:   TIGR00448
Description: rpoE: DNA-directed RNA polymerase
Scores for complete sequences (score includes all domains):
   --- full sequence ---   --- best 1 domain ---    -#dom-
    E-value  score  bias    E-value  score  bias    exp  N  Sequence Description
    ------- ------ -----    ------- ------ -----   ---- --  -------- -----------

   [No hits detected that satisfy reporting thresholds]


Domain annotation for each sequence:

   [No targets detected that satisfy reporting thresholds]


Internal pipeline statistics summary:
-------------------------------------
Query model(s):                            1  (179 nodes)
Target sequences:                       4566  (1398970 residues searched)
Passed MSV filter:                        80  (0.0175208); expected 91.3 (0.02)
Passed bias filter:                       73  (0.0159877); expected 91.3 (0.02)
Passed Vit filter:                         8  (0.00175208); expected 4.6 (0.001)
Passed Fwd filter:                         3  (0.00065703); expected 0.0 (1e-05)
Initial search space (Z):               4566  [actual number of targets]
Domain search space  (domZ):               0  [number of targets reported over threshold]
# CPU time: 0.02u 0.00s 00:00:00.02 Elapsed: 00:00:00.04
# Mc/sec: 6157.53
//
Query:       TIGR00456  [M=569]
Accession:   TIGR00456
Description: argS: arginine--tRNA ligase
Scores for complete sequences (score includes all domains):
   --- full sequence ---   --- best 1 domain ---    -#dom-
    E-value  score  bias    E-value  score  bias    exp  N  Sequence          Description
    ------- ------ -----    ------- ------ -----   ---- --  --------          -----------
   5.6e-108  359.7   0.0   1.4e-107  358.3   0.0    1.6  1  NZ_CP186479.1_964  # 951253 # 952989 # -1 # ID=1_964;partial=00;start_type=ATG;rbs_motif=GGA/GAG/AGG;rbs_spacer=5-10bp;gc_cont=0.641


Domain annotation for each sequence:
>> NZ_CP186479.1_964  # 951253 # 952989 # -1 # ID=1_964;partial=00;start_type=ATG;rbs_motif=GGA/GAG/AGG;rbs_spacer=5-10bp;gc_cont=0.641
   #    score  bias  c-Evalue  i-Evalue hmmfrom  hmm to    alifrom  ali to    envfrom  env to     acc
 ---   ------ ----- --------- --------- ------- -------    ------- -------    ------- -------    ----
   1 !  358.3   0.0  3.1e-111  1.4e-107       3     568 ..       9     576 ..       7     577 .. 0.89



Internal pipeline statistics summary:
-------------------------------------
Query model(s):                            1  (569 nodes)
Target sequences:                       4566  (1398970 residues searched)
Passed MSV filter:                        86  (0.0188349); expected 91.3 (0.02)
Passed bias filter:                       78  (0.0170828); expected 91.3 (0.02)
Passed Vit filter:                        16  (0.00350416); expected 4.6 (0.001)
Passed Fwd filter:                         5  (0.00109505); expected 0.0 (1e-05)
Initial search space (Z):               4566  [actual number of targets]
Domain search space  (domZ):               1  [number of targets reported over threshold]
# CPU time: 0.07u 0.01s 00:00:00.08 Elapsed: 00:00:00.07
# Mc/sec: 10109.72
//
Query:       TIGR00459  [M=586]
Accession:   TIGR00459
Description: aspS_bact: aspartate--tRNA ligase
Scores for complete sequences (score includes all domains):
   --- full sequence ---   --- best 1 domain ---    -#dom-
    E-value  score  bias    E-value  score  bias    exp  N  Sequence          Description
    ------- ------ -----    ------- ------ -----   ---- --  --------          -----------
   1.2e-175  583.2   0.0   1.4e-175  583.0   0.0    1.0  1  NZ_CP186479.1_454  # 449840 # 451609 # 1 # ID=1_454;partial=00;start_type=ATG;rbs_motif=GGA/GAG/AGG;rbs_spacer=5-10bp;gc_cont=0.643


Domain annotation for each sequence:
>> NZ_CP186479.1_454  # 449840 # 451609 # 1 # ID=1_454;partial=00;start_type=ATG;rbs_motif=GGA/GAG/AGG;rbs_spacer=5-10bp;gc_cont=0.643
   #    score  bias  c-Evalue  i-Evalue hmmfrom  hmm to    alifrom  ali to    envfrom  env to     acc
 ---   ------ ----- --------- --------- ------- -------    ------- -------    ------- -------    ----
   1 !  583.0   0.0    3e-179  1.4e-175       3     583 ..       5     586 ..       3     589 .. 0.98



Internal pipeline statistics summary:
-------------------------------------
Query model(s):                            1  (586 nodes)
Target sequences:                       4566  (1398970 residues searched)
Passed MSV filter:                        80  (0.0175208); expected 91.3 (0.02)
Passed bias filter:                       70  (0.0153307); expected 91.3 (0.02)
Passed Vit filter:                         6  (0.00131406); expected 4.6 (0.001)
Passed Fwd filter:                         2  (0.00043802); expected 0.0 (1e-05)
Initial search space (Z):               4566  [actual number of targets]
Domain search space  (domZ):               1  [number of targets reported over threshold]
# CPU time: 0.06u 0.00s 00:00:00.06 Elapsed: 00:00:00.07
# Mc/sec: 10576.27
//
Query:       TIGR00460  [M=315]
Accession:   TIGR00460
Description: fmt: methionyl-tRNA formyltransferase
Scores for complete sequences (score includes all domains):
   --- full sequence ---   --- best 1 domain ---    -#dom-
    E-value  score  bias    E-value  score  bias    exp  N  Sequence           Description
    ------- ------ -----    ------- ------ -----   ---- --  --------           -----------
    2.4e-79  264.7   0.0    2.9e-79  264.4   0.0    1.0  1  NZ_CP186479.1_2118  # 2165950 # 2166870 # -1 # ID=1_2118;partial=00;start_type=ATG;rbs_motif=AGGA;rbs_spacer=5-10bp;gc_cont=0.687


Domain annotation for each sequence:
>> NZ_CP186479.1_2118  # 2165950 # 2166870 # -1 # ID=1_2118;partial=00;start_type=ATG;rbs_motif=AGGA;rbs_spacer=5-10bp;gc_cont=0.687
   #    score  bias  c-Evalue  i-Evalue hmmfrom  hmm to    alifrom  ali to    envfrom  env to     acc
 ---   ------ ----- --------- --------- ------- -------    ------- -------    ------- -------    ----
   1 !  264.4   0.0   6.3e-83   2.9e-79       1     304 [.       1     298 [.       1     304 [. 0.94



Internal pipeline statistics summary:
-------------------------------------
Query model(s):                            1  (315 nodes)
Target sequences:                       4566  (1398970 residues searched)
Passed MSV filter:                        75  (0.0164258); expected 91.3 (0.02)
Passed bias filter:                       69  (0.0151117); expected 91.3 (0.02)
Passed Vit filter:                         7  (0.00153307); expected 4.6 (0.001)
Passed Fwd filter:                         3  (0.00065703); expected 0.0 (1e-05)
Initial search space (Z):               4566  [actual number of targets]
Domain search space  (domZ):               1  [number of targets reported over threshold]
# CPU time: 0.04u 0.00s 00:00:00.04 Elapsed: 00:00:00.03
# Mc/sec: 12802.65
//
Query:       TIGR00468  [M=324]
Accession:   TIGR00468
Description: pheS: phenylalanine--tRNA ligase, alpha subunit
Scores for complete sequences (score includes all domains):
   --- full sequence ---   --- best 1 domain ---    -#dom-
    E-value  score  bias    E-value  score  bias    exp  N  Sequence           Description
    ------- ------ -----    ------- ------ -----   ---- --  --------           -----------
    7.1e-97  322.5   0.0    2.7e-95  317.3   0.0    2.2  1  NZ_CP186479.1_2560  # 2613839 # 2614969 # 1 # ID=1_2560;partial=00;start_type=ATG;rbs_motif=GGA/GAG/AGG;rbs_spacer=5-10bp;gc_cont=0.657


Domain annotation for each sequence:
>> NZ_CP186479.1_2560  # 2613839 # 2614969 # 1 # ID=1_2560;partial=00;start_type=ATG;rbs_motif=GGA/GAG/AGG;rbs_spacer=5-10bp;gc_cont=0.657
   #    score  bias  c-Evalue  i-Evalue hmmfrom  hmm to    alifrom  ali to    envfrom  env to     acc
 ---   ------ ----- --------- --------- ------- -------    ------- -------    ------- -------    ----
   1 !  317.3   0.0   5.9e-99   2.7e-95       9     321 ..      48     359 ..      40     361 .. 0.92



Internal pipeline statistics summary:
-------------------------------------
Query model(s):                            1  (324 nodes)
Target sequences:                       4566  (1398970 residues searched)
Passed MSV filter:                        77  (0.0168638); expected 91.3 (0.02)
Passed bias filter:                       75  (0.0164258); expected 91.3 (0.02)
Passed Vit filter:                        11  (0.00240911); expected 4.6 (0.001)
Passed Fwd filter:                         2  (0.00043802); expected 0.0 (1e-05)
Initial search space (Z):               4566  [actual number of targets]
Domain search space  (domZ):               1  [number of targets reported over threshold]
# CPU time: 0.04u 0.00s 00:00:00.04 Elapsed: 00:00:00.06
# Mc/sec: 6744.73
//
Query:       TIGR00472  [M=798]
Accession:   TIGR00472
Description: pheT_bact: phenylalanine--tRNA ligase, beta subunit
Scores for complete sequences (score includes all domains):
   --- full sequence ---   --- best 1 domain ---    -#dom-
    E-value  score  bias    E-value  score  bias    exp  N  Sequence           Description
    ------- ------ -----    ------- ------ -----   ---- --  --------           -----------
   3.3e-212  704.9   0.0   3.7e-212  704.7   0.0    1.0  1  NZ_CP186479.1_2563  # 2616077 # 2618485 # 1 # ID=1_2563;partial=00;start_type=ATG;rbs_motif=GGA/GAG/AGG;rbs_spacer=5-10bp;gc_cont=0.667


Domain annotation for each sequence:
>> NZ_CP186479.1_2563  # 2616077 # 2618485 # 1 # ID=1_2563;partial=00;start_type=ATG;rbs_motif=GGA/GAG/AGG;rbs_spacer=5-10bp;gc_cont=0.667
   #    score  bias  c-Evalue  i-Evalue hmmfrom  hmm to    alifrom  ali to    envfrom  env to     acc
 ---   ------ ----- --------- --------- ------- -------    ------- -------    ------- -------    ----
   1 !  704.7   0.0  8.2e-216  3.7e-212       1     798 []       1     801 [.       1     801 [. 0.94



Internal pipeline statistics summary:
-------------------------------------
Query model(s):                            1  (798 nodes)
Target sequences:                       4566  (1398970 residues searched)
Passed MSV filter:                        75  (0.0164258); expected 91.3 (0.02)
Passed bias filter:                       73  (0.0159877); expected 91.3 (0.02)
Passed Vit filter:                        10  (0.0021901); expected 4.6 (0.001)
Passed Fwd filter:                         1  (0.00021901); expected 0.0 (1e-05)
Initial search space (Z):               4566  [actual number of targets]
Domain search space  (domZ):               1  [number of targets reported over threshold]
# CPU time: 0.09u 0.00s 00:00:00.09 Elapsed: 00:00:00.09
# Mc/sec: 12322.62
//
Query:       TIGR00483  [M=427]
Accession:   TIGR00483
Description: EF-1_alpha: translation elongation factor EF-1, subunit alpha
Scores for complete sequences (score includes all domains):
   --- full sequence ---   --- best 1 domain ---    -#dom-
    E-value  score  bias    E-value  score  bias    exp  N  Sequence Description
    ------- ------ -----    ------- ------ -----   ---- --  -------- -----------

   [No hits detected that satisfy reporting thresholds]


Domain annotation for each sequence:

   [No targets detected that satisfy reporting thresholds]


Internal pipeline statistics summary:
-------------------------------------
Query model(s):                            1  (427 nodes)
Target sequences:                       4566  (1398970 residues searched)
Passed MSV filter:                       118  (0.0258432); expected 91.3 (0.02)
Passed bias filter:                      106  (0.0232151); expected 91.3 (0.02)
Passed Vit filter:                        14  (0.00306614); expected 4.6 (0.001)
Passed Fwd filter:                         8  (0.00175208); expected 0.0 (1e-05)
Initial search space (Z):               4566  [actual number of targets]
Domain search space  (domZ):               0  [number of targets reported over threshold]
# CPU time: 0.10u 0.00s 00:00:00.10 Elapsed: 00:00:00.09
# Mc/sec: 6243.88
//
Query:       TIGR00487  [M=587]
Accession:   TIGR00487
Description: IF-2: translation initiation factor IF-2
Scores for complete sequences (score includes all domains):
   --- full sequence ---   --- best 1 domain ---    -#dom-
    E-value  score  bias    E-value  score  bias    exp  N  Sequence           Description
    ------- ------ -----    ------- ------ -----   ---- --  --------           -----------
   2.1e-241  800.8  23.8   2.7e-241  800.4  23.8    1.1  1  NZ_CP186479.1_2696  # 2750748 # 2753465 # 1 # ID=1_2696;partial=00;start_type=ATG;rbs_motif=4Base/6BMM;rbs_spacer=13-15bp;gc_cont=0.670


Domain annotation for each sequence:
>> NZ_CP186479.1_2696  # 2750748 # 2753465 # 1 # ID=1_2696;partial=00;start_type=ATG;rbs_motif=4Base/6BMM;rbs_spacer=13-15bp;gc_cont=0.670
   #    score  bias  c-Evalue  i-Evalue hmmfrom  hmm to    alifrom  ali to    envfrom  env to     acc
 ---   ------ ----- --------- --------- ------- -------    ------- -------    ------- -------    ----
   1 !  800.4  23.8    6e-245  2.7e-241       3     586 ..     322     905 ..     320     905 .. 0.98



Internal pipeline statistics summary:
-------------------------------------
Query model(s):                            1  (587 nodes)
Target sequences:                       4566  (1398970 residues searched)
Passed MSV filter:                       141  (0.0308804); expected 91.3 (0.02)
Passed bias filter:                      113  (0.0247481); expected 91.3 (0.02)
Passed Vit filter:                        25  (0.00547525); expected 4.6 (0.001)
Passed Fwd filter:                        10  (0.0021901); expected 0.0 (1e-05)
Initial search space (Z):               4566  [actual number of targets]
Domain search space  (domZ):               1  [number of targets reported over threshold]
# CPU time: 0.13u 0.00s 00:00:00.13 Elapsed: 00:00:00.13
# Mc/sec: 6268.79
//
Query:       TIGR00491  [M=594]
Accession:   TIGR00491
Description: aIF-2: translation initiation factor aIF-2
Scores for complete sequences (score includes all domains):
   --- full sequence ---   --- best 1 domain ---    -#dom-
    E-value  score  bias    E-value  score  bias    exp  N  Sequence Description
    ------- ------ -----    ------- ------ -----   ---- --  -------- -----------

   [No hits detected that satisfy reporting thresholds]


Domain annotation for each sequence:

   [No targets detected that satisfy reporting thresholds]


Internal pipeline statistics summary:
-------------------------------------
Query model(s):                            1  (594 nodes)
Target sequences:                       4566  (1398970 residues searched)
Passed MSV filter:                       143  (0.0313184); expected 91.3 (0.02)
Passed bias filter:                      120  (0.0262812); expected 91.3 (0.02)
Passed Vit filter:                        13  (0.00284713); expected 4.6 (0.001)
Passed Fwd filter:                         8  (0.00175208); expected 0.0 (1e-05)
Initial search space (Z):               4566  [actual number of targets]
Domain search space  (domZ):               0  [number of targets reported over threshold]
# CPU time: 0.10u 0.00s 00:00:00.10 Elapsed: 00:00:00.13
# Mc/sec: 6266.63
//
Query:       TIGR00496  [M=176]
Accession:   TIGR00496
Description: frr: ribosome recycling factor
Scores for complete sequences (score includes all domains):
   --- full sequence ---   --- best 1 domain ---    -#dom-
    E-value  score  bias    E-value  score  bias    exp  N  Sequence          Description
    ------- ------ -----    ------- ------ -----   ---- --  --------          -----------
    5.9e-62  206.4   0.3    6.6e-62  206.2   0.3    1.0  1  NZ_CP186479.1_740  # 729216 # 729776 # -1 # ID=1_740;partial=00;start_type=ATG;rbs_motif=AGGAG;rbs_spacer=5-10bp;gc_cont=0.663


Domain annotation for each sequence:
>> NZ_CP186479.1_740  # 729216 # 729776 # -1 # ID=1_740;partial=00;start_type=ATG;rbs_motif=AGGAG;rbs_spacer=5-10bp;gc_cont=0.663
   #    score  bias  c-Evalue  i-Evalue hmmfrom  hmm to    alifrom  ali to    envfrom  env to     acc
 ---   ------ ----- --------- --------- ------- -------    ------- -------    ------- -------    ----
   1 !  206.2   0.3   1.4e-65   6.6e-62       1     176 []      11     186 ..      11     186 .. 0.99



Internal pipeline statistics summary:
-------------------------------------
Query model(s):                            1  (176 nodes)
Target sequences:                       4566  (1398970 residues searched)
Passed MSV filter:                        81  (0.0177398); expected 91.3 (0.02)
Passed bias filter:                       63  (0.0137976); expected 91.3 (0.02)
Passed Vit filter:                         4  (0.00087604); expected 4.6 (0.001)
Passed Fwd filter:                         1  (0.00021901); expected 0.0 (1e-05)
Initial search space (Z):               4566  [actual number of targets]
Domain search space  (domZ):               1  [number of targets reported over threshold]
# CPU time: 0.02u 0.00s 00:00:00.02 Elapsed: 00:00:00.02
# Mc/sec: 9479.41
//
Query:       TIGR00522  [M=258]
Accession:   TIGR00522
Description: dph5: diphthine synthase
Scores for complete sequences (score includes all domains):
   --- full sequence ---   --- best 1 domain ---    -#dom-
    E-value  score  bias    E-value  score  bias    exp  N  Sequence Description
    ------- ------ -----    ------- ------ -----   ---- --  -------- -----------

   [No hits detected that satisfy reporting thresholds]


Domain annotation for each sequence:

   [No targets detected that satisfy reporting thresholds]


Internal pipeline statistics summary:
-------------------------------------
Query model(s):                            1  (258 nodes)
Target sequences:                       4566  (1398970 residues searched)
Passed MSV filter:                       102  (0.022339); expected 91.3 (0.02)
Passed bias filter:                       95  (0.020806); expected 91.3 (0.02)
Passed Vit filter:                        11  (0.00240911); expected 4.6 (0.001)
Passed Fwd filter:                         0  (0); expected 0.0 (1e-05)
Initial search space (Z):               4566  [actual number of targets]
Domain search space  (domZ):               0  [number of targets reported over threshold]
# CPU time: 0.02u 0.01s 00:00:00.03 Elapsed: 00:00:00.03
# Mc/sec: 11634.72
//
Query:       TIGR00539  [M=361]
Accession:   TIGR00539
Description: hemN_rel: putative oxygen-independent coproporphyrinogen III oxidase
Scores for complete sequences (score includes all domains):
   --- full sequence ---   --- best 1 domain ---    -#dom-
    E-value  score  bias    E-value  score  bias    exp  N  Sequence           Description
    ------- ------ -----    ------- ------ -----   ---- --  --------           -----------
    7.1e-88  293.1   0.0    8.6e-88  292.8   0.0    1.0  1  NZ_CP186479.1_2926  # 2991065 # 2992255 # -1 # ID=1_2926;partial=00;start_type=TTG;rbs_motif=GGAGG;rbs_spacer=5-10bp;gc_cont=0.652


Domain annotation for each sequence:
>> NZ_CP186479.1_2926  # 2991065 # 2992255 # -1 # ID=1_2926;partial=00;start_type=TTG;rbs_motif=GGAGG;rbs_spacer=5-10bp;gc_cont=0.652
   #    score  bias  c-Evalue  i-Evalue hmmfrom  hmm to    alifrom  ali to    envfrom  env to     acc
 ---   ------ ----- --------- --------- ------- -------    ------- -------    ------- -------    ----
   1 !  292.8   0.0   1.9e-91   8.6e-88       3     339 ..      21     366 ..      19     381 .. 0.92



Internal pipeline statistics summary:
-------------------------------------
Query model(s):                            1  (361 nodes)
Target sequences:                       4566  (1398970 residues searched)
Passed MSV filter:                        91  (0.0199299); expected 91.3 (0.02)
Passed bias filter:                       89  (0.0194919); expected 91.3 (0.02)
Passed Vit filter:                        12  (0.00262812); expected 4.6 (0.001)
Passed Fwd filter:                         5  (0.00109505); expected 0.0 (1e-05)
Initial search space (Z):               4566  [actual number of targets]
Domain search space  (domZ):               1  [number of targets reported over threshold]
# CPU time: 0.05u 0.00s 00:00:00.05 Elapsed: 00:00:00.04
# Mc/sec: 10976.45
//
Query:       TIGR00580  [M=923]
Accession:   TIGR00580
Description: mfd: transcription-repair coupling factor
Scores for complete sequences (score includes all domains):
   --- full sequence ---   --- best 1 domain ---    -#dom-
    E-value  score  bias    E-value  score  bias    exp  N  Sequence          Description
    ------- ------ -----    ------- ------ -----   ---- --  --------          -----------
          0 1021.6   0.0          0 1021.3   0.0    1.0  1  NZ_CP186479.1_925  # 910247 # 913741 # -1 # ID=1_925;partial=00;start_type=ATG;rbs_motif=GGA/GAG/AGG;rbs_spacer=5-10bp;gc_cont=0.651


Domain annotation for each sequence:
>> NZ_CP186479.1_925  # 910247 # 913741 # -1 # ID=1_925;partial=00;start_type=ATG;rbs_motif=GGA/GAG/AGG;rbs_spacer=5-10bp;gc_cont=0.651
   #    score  bias  c-Evalue  i-Evalue hmmfrom  hmm to    alifrom  ali to    envfrom  env to     acc
 ---   ------ ----- --------- --------- ------- -------    ------- -------    ------- -------    ----
   1 ! 1021.3   0.0         0         0       4     922 ..     149    1085 ..     146    1086 .. 0.93



Internal pipeline statistics summary:
-------------------------------------
Query model(s):                            1  (923 nodes)
Target sequences:                       4566  (1398970 residues searched)
Passed MSV filter:                       143  (0.0313184); expected 91.3 (0.02)
Passed bias filter:                      115  (0.0251862); expected 91.3 (0.02)
Passed Vit filter:                        20  (0.0043802); expected 4.6 (0.001)
Passed Fwd filter:                         9  (0.00197109); expected 0.0 (1e-05)
Initial search space (Z):               4566  [actual number of targets]
Domain search space  (domZ):               1  [number of targets reported over threshold]
# CPU time: 0.16u 0.01s 00:00:00.17 Elapsed: 00:00:00.16
# Mc/sec: 7785.77
//
Query:       TIGR00593  [M=890]
Accession:   TIGR00593
Description: pola: DNA polymerase I
Scores for complete sequences (score includes all domains):
   --- full sequence ---   --- best 1 domain ---    -#dom-
    E-value  score  bias    E-value  score  bias    exp  N  Sequence           Description
    ------- ------ -----    ------- ------ -----   ---- --  --------           -----------
   1.7e-266  885.0   0.0     2e-266  884.8   0.0    1.1  1  NZ_CP186479.1_2476  # 2533785 # 2536700 # 1 # ID=1_2476;partial=00;start_type=ATG;rbs_motif=GGA/GAG/AGG;rbs_spacer=5-10bp;gc_cont=0.654


Domain annotation for each sequence:
>> NZ_CP186479.1_2476  # 2533785 # 2536700 # 1 # ID=1_2476;partial=00;start_type=ATG;rbs_motif=GGA/GAG/AGG;rbs_spacer=5-10bp;gc_cont=0.654
   #    score  bias  c-Evalue  i-Evalue hmmfrom  hmm to    alifrom  ali to    envfrom  env to     acc
 ---   ------ ----- --------- --------- ------- -------    ------- -------    ------- -------    ----
   1 !  884.8   0.0  4.3e-270    2e-266       1     890 []       3     971 ..       3     971 .. 0.90



Internal pipeline statistics summary:
-------------------------------------
Query model(s):                            1  (890 nodes)
Target sequences:                       4566  (1398970 residues searched)
Passed MSV filter:                       117  (0.0256242); expected 91.3 (0.02)
Passed bias filter:                       92  (0.0201489); expected 91.3 (0.02)
Passed Vit filter:                        12  (0.00262812); expected 4.6 (0.001)
Passed Fwd filter:                         5  (0.00109505); expected 0.0 (1e-05)
Initial search space (Z):               4566  [actual number of targets]
Domain search space  (domZ):               1  [number of targets reported over threshold]
# CPU time: 0.09u 0.01s 00:00:00.10 Elapsed: 00:00:00.10
# Mc/sec: 11740.55
//
Query:       TIGR00615  [M=196]
Accession:   TIGR00615
Description: recR: recombination protein RecR
Scores for complete sequences (score includes all domains):
   --- full sequence ---   --- best 1 domain ---    -#dom-
    E-value  score  bias    E-value  score  bias    exp  N  Sequence           Description
    ------- ------ -----    ------- ------ -----   ---- --  --------           -----------
    1.1e-57  192.7   0.0    1.3e-57  192.4   0.0    1.0  1  NZ_CP186479.1_2123  # 2171995 # 2172588 # -1 # ID=1_2123;partial=00;start_type=TTG;rbs_motif=GGAG/GAGG;rbs_spacer=5-10bp;gc_cont=0.677


Domain annotation for each sequence:
>> NZ_CP186479.1_2123  # 2171995 # 2172588 # -1 # ID=1_2123;partial=00;start_type=TTG;rbs_motif=GGAG/GAGG;rbs_spacer=5-10bp;gc_cont=0.677
   #    score  bias  c-Evalue  i-Evalue hmmfrom  hmm to    alifrom  ali to    envfrom  env to     acc
 ---   ------ ----- --------- --------- ------- -------    ------- -------    ------- -------    ----
   1 !  192.4   0.0   2.9e-61   1.3e-57       5     195 ..       6     194 ..       3     195 .. 0.98



Internal pipeline statistics summary:
-------------------------------------
Query model(s):                            1  (196 nodes)
Target sequences:                       4566  (1398970 residues searched)
Passed MSV filter:                        89  (0.0194919); expected 91.3 (0.02)
Passed bias filter:                       82  (0.0179588); expected 91.3 (0.02)
Passed Vit filter:                         7  (0.00153307); expected 4.6 (0.001)
Passed Fwd filter:                         2  (0.00043802); expected 0.0 (1e-05)
Initial search space (Z):               4566  [actual number of targets]
Domain search space  (domZ):               1  [number of targets reported over threshold]
# CPU time: 0.02u 0.01s 00:00:00.03 Elapsed: 00:00:00.04
# Mc/sec: 6064.52
//
Query:       TIGR00631  [M=658]
Accession:   TIGR00631
Description: uvrb: excinuclease ABC subunit B
Scores for complete sequences (score includes all domains):
   --- full sequence ---   --- best 1 domain ---    -#dom-
    E-value  score  bias    E-value  score  bias    exp  N  Sequence         Description
    ------- ------ -----    ------- ------ -----   ---- --  --------         -----------
          0 1011.7   0.1          0 1011.4   0.1    1.1  1  NZ_CP186479.1_19  # 13518 # 16169 # -1 # ID=1_19;partial=00;start_type=ATG;rbs_motif=GGA/GAG/AGG;rbs_spacer=5-10bp;gc_cont=0.661


Domain annotation for each sequence:
>> NZ_CP186479.1_19  # 13518 # 16169 # -1 # ID=1_19;partial=00;start_type=ATG;rbs_motif=GGA/GAG/AGG;rbs_spacer=5-10bp;gc_cont=0.661
   #    score  bias  c-Evalue  i-Evalue hmmfrom  hmm to    alifrom  ali to    envfrom  env to     acc
 ---   ------ ----- --------- --------- ------- -------    ------- -------    ------- -------    ----
   1 ! 1011.4   0.1         0         0       2     658 .]     216     871 ..     215     871 .. 0.98



Internal pipeline statistics summary:
-------------------------------------
Query model(s):                            1  (658 nodes)
Target sequences:                       4566  (1398970 residues searched)
Passed MSV filter:                       145  (0.0317565); expected 91.3 (0.02)
Passed bias filter:                      122  (0.0267192); expected 91.3 (0.02)
Passed Vit filter:                        24  (0.00525624); expected 4.6 (0.001)
Passed Fwd filter:                        11  (0.00240911); expected 0.0 (1e-05)
Initial search space (Z):               4566  [actual number of targets]
Domain search space  (domZ):               1  [number of targets reported over threshold]
# CPU time: 0.11u 0.01s 00:00:00.12 Elapsed: 00:00:00.11
# Mc/sec: 8164.29
//
Query:       TIGR00634  [M=563]
Accession:   TIGR00634
Description: recN: DNA repair protein RecN
Scores for complete sequences (score includes all domains):
   --- full sequence ---   --- best 1 domain ---    -#dom-
    E-value  score  bias    E-value  score  bias    exp  N  Sequence          Description
    ------- ------ -----    ------- ------ -----   ---- --  --------          -----------
     1e-134  448.5  13.7   1.2e-134  448.4  13.7    1.0  1  NZ_CP186479.1_246  # 247792 # 249462 # 1 # ID=1_246;partial=00;start_type=ATG;rbs_motif=AGGA/GGAG/GAGG;rbs_spacer=11-12bp;gc_cont=0.688


Domain annotation for each sequence:
>> NZ_CP186479.1_246  # 247792 # 249462 # 1 # ID=1_246;partial=00;start_type=ATG;rbs_motif=AGGA/GGAG/GAGG;rbs_spacer=11-12bp;gc_cont=0.688
   #    score  bias  c-Evalue  i-Evalue hmmfrom  hmm to    alifrom  ali to    envfrom  env to     acc
 ---   ------ ----- --------- --------- ------- -------    ------- -------    ------- -------    ----
   1 !  448.4  13.7  2.5e-138  1.2e-134       1     561 [.       1     552 [.       1     554 [. 0.97



Internal pipeline statistics summary:
-------------------------------------
Query model(s):                            1  (563 nodes)
Target sequences:                       4566  (1398970 residues searched)
Passed MSV filter:                       271  (0.0593517); expected 91.3 (0.02)
Passed bias filter:                      186  (0.0407359); expected 91.3 (0.02)
Passed Vit filter:                        37  (0.00810337); expected 4.6 (0.001)
Passed Fwd filter:                        11  (0.00240911); expected 0.0 (1e-05)
Initial search space (Z):               4566  [actual number of targets]
Domain search space  (domZ):               1  [number of targets reported over threshold]
# CPU time: 0.09u 0.00s 00:00:00.09 Elapsed: 00:00:00.10
# Mc/sec: 7491.88
//
Query:       TIGR00635  [M=305]
Accession:   TIGR00635
Description: ruvB: Holliday junction DNA helicase RuvB
Scores for complete sequences (score includes all domains):
   --- full sequence ---   --- best 1 domain ---    -#dom-
    E-value  score  bias    E-value  score  bias    exp  N  Sequence           Description
    ------- ------ -----    ------- ------ -----   ---- --  --------           -----------
     2e-134  445.4   0.0   2.3e-134  445.2   0.0    1.0  1  NZ_CP186479.1_4019  # 4092548 # 4093591 # 1 # ID=1_4019;partial=00;start_type=ATG;rbs_motif=GGA/GAG/AGG;rbs_spacer=5-10bp;gc_cont=0.664


Domain annotation for each sequence:
>> NZ_CP186479.1_4019  # 4092548 # 4093591 # 1 # ID=1_4019;partial=00;start_type=ATG;rbs_motif=GGA/GAG/AGG;rbs_spacer=5-10bp;gc_cont=0.664
   #    score  bias  c-Evalue  i-Evalue hmmfrom  hmm to    alifrom  ali to    envfrom  env to     acc
 ---   ------ ----- --------- --------- ------- -------    ------- -------    ------- -------    ----
   1 !  445.2   0.0  5.1e-138  2.3e-134       3     304 ..      24     325 ..      22     326 .. 0.99



Internal pipeline statistics summary:
-------------------------------------
Query model(s):                            1  (305 nodes)
Target sequences:                       4566  (1398970 residues searched)
Passed MSV filter:                       288  (0.0630749); expected 91.3 (0.02)
Passed bias filter:                      250  (0.0547525); expected 91.3 (0.02)
Passed Vit filter:                        91  (0.0199299); expected 4.6 (0.001)
Passed Fwd filter:                        13  (0.00284713); expected 0.0 (1e-05)
Initial search space (Z):               4566  [actual number of targets]
Domain search space  (domZ):               1  [number of targets reported over threshold]
# CPU time: 0.08u 0.00s 00:00:00.08 Elapsed: 00:00:00.10
# Mc/sec: 4179.46
//
Query:       TIGR00643  [M=629]
Accession:   TIGR00643
Description: recG: ATP-dependent DNA helicase RecG
Scores for complete sequences (score includes all domains):
   --- full sequence ---   --- best 1 domain ---    -#dom-
    E-value  score  bias    E-value  score  bias    exp  N  Sequence          Description
    ------- ------ -----    ------- ------ -----   ---- --  --------          -----------
   2.6e-194  645.5   0.0   3.2e-194  645.2   0.0    1.0  1  NZ_CP186479.1_927  # 914183 # 916291 # 1 # ID=1_927;partial=00;start_type=TTG;rbs_motif=None;rbs_spacer=None;gc_cont=0.667


Domain annotation for each sequence:
>> NZ_CP186479.1_927  # 914183 # 916291 # 1 # ID=1_927;partial=00;start_type=TTG;rbs_motif=None;rbs_spacer=None;gc_cont=0.667
   #    score  bias  c-Evalue  i-Evalue hmmfrom  hmm to    alifrom  ali to    envfrom  env to     acc
 ---   ------ ----- --------- --------- ------- -------    ------- -------    ------- -------    ----
   1 !  645.2   0.0  6.9e-198  3.2e-194       8     629 .]      44     665 ..      39     665 .. 0.96



Internal pipeline statistics summary:
-------------------------------------
Query model(s):                            1  (629 nodes)
Target sequences:                       4566  (1398970 residues searched)
Passed MSV filter:                       124  (0.0271572); expected 91.3 (0.02)
Passed bias filter:                      107  (0.0234341); expected 91.3 (0.02)
Passed Vit filter:                        23  (0.00503723); expected 4.6 (0.001)
Passed Fwd filter:                        10  (0.0021901); expected 0.0 (1e-05)
Initial search space (Z):               4566  [actual number of targets]
Domain search space  (domZ):               1  [number of targets reported over threshold]
# CPU time: 0.11u 0.00s 00:00:00.11 Elapsed: 00:00:00.11
# Mc/sec: 7650.80
//
Query:       TIGR00663  [M=367]
Accession:   TIGR00663
Description: dnan: DNA polymerase III, beta subunit
Scores for complete sequences (score includes all domains):
   --- full sequence ---   --- best 1 domain ---    -#dom-
    E-value  score  bias    E-value  score  bias    exp  N  Sequence           Description
    ------- ------ -----    ------- ------ -----   ---- --  --------           -----------
    1.1e-93  312.1   0.0    1.2e-93  312.0   0.0    1.0  1  NZ_CP186479.1_2785  # 2846529 # 2847647 # -1 # ID=1_2785;partial=00;start_type=ATG;rbs_motif=GGA/GAG/AGG;rbs_spacer=11-12bp;gc_cont=0.638


Domain annotation for each sequence:
>> NZ_CP186479.1_2785  # 2846529 # 2847647 # -1 # ID=1_2785;partial=00;start_type=ATG;rbs_motif=GGA/GAG/AGG;rbs_spacer=11-12bp;gc_cont=0.638
   #    score  bias  c-Evalue  i-Evalue hmmfrom  hmm to    alifrom  ali to    envfrom  env to     acc
 ---   ------ ----- --------- --------- ------- -------    ------- -------    ------- -------    ----
   1 !  312.0   0.0   2.6e-97   1.2e-93       1     366 [.       1     371 [.       1     372 [. 0.96



Internal pipeline statistics summary:
-------------------------------------
Query model(s):                            1  (367 nodes)
Target sequences:                       4566  (1398970 residues searched)
Passed MSV filter:                        71  (0.0155497); expected 91.3 (0.02)
Passed bias filter:                       67  (0.0146737); expected 91.3 (0.02)
Passed Vit filter:                        10  (0.0021901); expected 4.6 (0.001)
Passed Fwd filter:                         1  (0.00021901); expected 0.0 (1e-05)
Initial search space (Z):               4566  [actual number of targets]
Domain search space  (domZ):               1  [number of targets reported over threshold]
# CPU time: 0.04u 0.01s 00:00:00.05 Elapsed: 00:00:00.05
# Mc/sec: 9509.54
//
Query:       TIGR00717  [M=516]
Accession:   TIGR00717
Description: rpsA: ribosomal protein bS1
Scores for complete sequences (score includes all domains):
   --- full sequence ---   --- best 1 domain ---    -#dom-
    E-value  score  bias    E-value  score  bias    exp  N  Sequence           Description
    ------- ------ -----    ------- ------ -----   ---- --  --------           -----------
   1.1e-192  639.2  13.6   1.2e-192  639.0  13.6    1.0  1  NZ_CP186479.1_2507  # 2569379 # 2571076 # -1 # ID=1_2507;partial=00;start_type=TTG;rbs_motif=GGAG/GAGG;rbs_spacer=5-10bp;gc_cont=0.621


Domain annotation for each sequence:
>> NZ_CP186479.1_2507  # 2569379 # 2571076 # -1 # ID=1_2507;partial=00;start_type=TTG;rbs_motif=GGAG/GAGG;rbs_spacer=5-10bp;gc_cont=0.621
   #    score  bias  c-Evalue  i-Evalue hmmfrom  hmm to    alifrom  ali to    envfrom  env to     acc
 ---   ------ ----- --------- --------- ------- -------    ------- -------    ------- -------    ----
   1 !  639.0  13.6  2.7e-196  1.2e-192       2     516 .]      10     528 ..       9     528 .. 0.98



Internal pipeline statistics summary:
-------------------------------------
Query model(s):                            1  (516 nodes)
Target sequences:                       4566  (1398970 residues searched)
Passed MSV filter:                       103  (0.022558); expected 91.3 (0.02)
Passed bias filter:                       88  (0.0192729); expected 91.3 (0.02)
Passed Vit filter:                        10  (0.0021901); expected 4.6 (0.001)
Passed Fwd filter:                         3  (0.00065703); expected 0.0 (1e-05)
Initial search space (Z):               4566  [actual number of targets]
Domain search space  (domZ):               1  [number of targets reported over threshold]
# CPU time: 0.06u 0.00s 00:00:00.06 Elapsed: 00:00:00.05
# Mc/sec: 12724.40
//
Query:       TIGR00755  [M=256]
Accession:   TIGR00755
Description: ksgA: ribosomal RNA small subunit methyltransferase A
Scores for complete sequences (score includes all domains):
   --- full sequence ---   --- best 1 domain ---    -#dom-
    E-value  score  bias    E-value  score  bias    exp  N  Sequence           Description
    ------- ------ -----    ------- ------ -----   ---- --  --------           -----------
    1.2e-68  229.1   0.0    1.4e-68  229.0   0.0    1.0  1  NZ_CP186479.1_1446  # 1463159 # 1463992 # 1 # ID=1_1446;partial=00;start_type=ATG;rbs_motif=None;rbs_spacer=None;gc_cont=0.674


Domain annotation for each sequence:
>> NZ_CP186479.1_1446  # 1463159 # 1463992 # 1 # ID=1_1446;partial=00;start_type=ATG;rbs_motif=None;rbs_spacer=None;gc_cont=0.674
   #    score  bias  c-Evalue  i-Evalue hmmfrom  hmm to    alifrom  ali to    envfrom  env to     acc
 ---   ------ ----- --------- --------- ------- -------    ------- -------    ------- -------    ----
   1 !  229.0   0.0   3.1e-72   1.4e-68       2     254 ..      19     273 ..      18     275 .. 0.96



Internal pipeline statistics summary:
-------------------------------------
Query model(s):                            1  (256 nodes)
Target sequences:                       4566  (1398970 residues searched)
Passed MSV filter:                       120  (0.0262812); expected 91.3 (0.02)
Passed bias filter:                      115  (0.0251862); expected 91.3 (0.02)
Passed Vit filter:                        26  (0.00569426); expected 4.6 (0.001)
Passed Fwd filter:                        15  (0.00328515); expected 0.0 (1e-05)
Initial search space (Z):               4566  [actual number of targets]
Domain search space  (domZ):               1  [number of targets reported over threshold]
# CPU time: 0.04u 0.00s 00:00:00.04 Elapsed: 00:00:00.04
# Mc/sec: 7605.00
//
Query:       TIGR00810  [M=73]
Accession:   TIGR00810
Description: secG: preprotein translocase, SecG subunit
Scores for complete sequences (score includes all domains):
   --- full sequence ---   --- best 1 domain ---    -#dom-
    E-value  score  bias    E-value  score  bias    exp  N  Sequence          Description
    ------- ------ -----    ------- ------ -----   ---- --  --------          -----------
    1.3e-17   61.6  10.8    2.4e-17   60.8  10.8    1.5  1  NZ_CP186479.1_712  # 699163 # 699651 # -1 # ID=1_712;partial=00;start_type=ATG;rbs_motif=None;rbs_spacer=None;gc_cont=0.689


Domain annotation for each sequence:
>> NZ_CP186479.1_712  # 699163 # 699651 # -1 # ID=1_712;partial=00;start_type=ATG;rbs_motif=None;rbs_spacer=None;gc_cont=0.689
   #    score  bias  c-Evalue  i-Evalue hmmfrom  hmm to    alifrom  ali to    envfrom  env to     acc
 ---   ------ ----- --------- --------- ------- -------    ------- -------    ------- -------    ----
   1 !   60.8  10.8   5.2e-21   2.4e-17       2      73 .]       3      72 ..       2      72 .. 0.96



Internal pipeline statistics summary:
-------------------------------------
Query model(s):                            1  (73 nodes)
Target sequences:                       4566  (1398970 residues searched)
Passed MSV filter:                       431  (0.0943933); expected 91.3 (0.02)
Passed bias filter:                      111  (0.0243101); expected 91.3 (0.02)
Passed Vit filter:                        12  (0.00262812); expected 4.6 (0.001)
Passed Fwd filter:                         3  (0.00065703); expected 0.0 (1e-05)
Initial search space (Z):               4566  [actual number of targets]
Domain search space  (domZ):               1  [number of targets reported over threshold]
# CPU time: 0.05u 0.00s 00:00:00.05 Elapsed: 00:00:00.06
# Mc/sec: 1604.94
//
Query:       TIGR00922  [M=172]
Accession:   TIGR00922
Description: nusG: transcription termination/antitermination factor NusG
Scores for complete sequences (score includes all domains):
   --- full sequence ---   --- best 1 domain ---    -#dom-
    E-value  score  bias    E-value  score  bias    exp  N  Sequence          Description
    ------- ------ -----    ------- ------ -----   ---- --  --------          -----------
    7.2e-69  229.0   4.7      8e-69  228.9   4.7    1.0  1  NZ_CP186479.1_487  # 480951 # 481481 # 1 # ID=1_487;partial=00;start_type=ATG;rbs_motif=AGGAG/GGAGG;rbs_spacer=11-12bp;gc_cont=0.612


Domain annotation for each sequence:
>> NZ_CP186479.1_487  # 480951 # 481481 # 1 # ID=1_487;partial=00;start_type=ATG;rbs_motif=AGGAG/GGAGG;rbs_spacer=11-12bp;gc_cont=0.612
   #    score  bias  c-Evalue  i-Evalue hmmfrom  hmm to    alifrom  ali to    envfrom  env to     acc
 ---   ------ ----- --------- --------- ------- -------    ------- -------    ------- -------    ----
   1 !  228.9   4.7   1.8e-72     8e-69       1     172 []       5     176 ..       5     176 .. 1.00



Internal pipeline statistics summary:
-------------------------------------
Query model(s):                            1  (172 nodes)
Target sequences:                       4566  (1398970 residues searched)
Passed MSV filter:                        68  (0.0148927); expected 91.3 (0.02)
Passed bias filter:                       64  (0.0140166); expected 91.3 (0.02)
Passed Vit filter:                         5  (0.00109505); expected 4.6 (0.001)
Passed Fwd filter:                         1  (0.00021901); expected 0.0 (1e-05)
Initial search space (Z):               4566  [actual number of targets]
Domain search space  (domZ):               1  [number of targets reported over threshold]
# CPU time: 0.02u 0.00s 00:00:00.02 Elapsed: 00:00:00.02
# Mc/sec: 8393.42
//
Query:       TIGR00928  [M=436]
Accession:   TIGR00928
Description: purB: adenylosuccinate lyase
Scores for complete sequences (score includes all domains):
   --- full sequence ---   --- best 1 domain ---    -#dom-
    E-value  score  bias    E-value  score  bias    exp  N  Sequence          Description
    ------- ------ -----    ------- ------ -----   ---- --  --------          -----------
   3.4e-150  498.6   0.0   3.9e-150  498.4   0.0    1.0  1  NZ_CP186479.1_431  # 433043 # 434365 # -1 # ID=1_431;partial=00;start_type=ATG;rbs_motif=GGA/GAG/AGG;rbs_spacer=5-10bp;gc_cont=0.654


Domain annotation for each sequence:
>> NZ_CP186479.1_431  # 433043 # 434365 # -1 # ID=1_431;partial=00;start_type=ATG;rbs_motif=GGA/GAG/AGG;rbs_spacer=5-10bp;gc_cont=0.654
   #    score  bias  c-Evalue  i-Evalue hmmfrom  hmm to    alifrom  ali to    envfrom  env to     acc
 ---   ------ ----- --------- --------- ------- -------    ------- -------    ------- -------    ----
   1 !  498.4   0.0  8.4e-154  3.9e-150       1     436 []       1     436 [.       1     436 [. 0.98



Internal pipeline statistics summary:
-------------------------------------
Query model(s):                            1  (436 nodes)
Target sequences:                       4566  (1398970 residues searched)
Passed MSV filter:                        87  (0.0190539); expected 91.3 (0.02)
Passed bias filter:                       63  (0.0137976); expected 91.3 (0.02)
Passed Vit filter:                         7  (0.00153307); expected 4.6 (0.001)
Passed Fwd filter:                         4  (0.00087604); expected 0.0 (1e-05)
Initial search space (Z):               4566  [actual number of targets]
Domain search space  (domZ):               1  [number of targets reported over threshold]
# CPU time: 0.05u 0.00s 00:00:00.05 Elapsed: 00:00:00.05
# Mc/sec: 10180.46
//
Query:       TIGR00959  [M=428]
Accession:   TIGR00959
Description: ffh: signal recognition particle protein
Scores for complete sequences (score includes all domains):
   --- full sequence ---   --- best 1 domain ---    -#dom-
    E-value  score  bias    E-value  score  bias    exp  N  Sequence           Description
    ------- ------ -----    ------- ------ -----   ---- --  --------           -----------
   1.1e-181  602.3  15.6   1.5e-181  601.9  15.6    1.2  1  NZ_CP186479.1_3066  # 3119353 # 3120957 # 1 # ID=1_3066;partial=00;start_type=ATG;rbs_motif=GGAG/GAGG;rbs_spacer=5-10bp;gc_cont=0.649


Domain annotation for each sequence:
>> NZ_CP186479.1_3066  # 3119353 # 3120957 # 1 # ID=1_3066;partial=00;start_type=ATG;rbs_motif=GGAG/GAGG;rbs_spacer=5-10bp;gc_cont=0.649
   #    score  bias  c-Evalue  i-Evalue hmmfrom  hmm to    alifrom  ali to    envfrom  env to     acc
 ---   ------ ----- --------- --------- ------- -------    ------- -------    ------- -------    ----
   1 !  601.9  15.6  3.3e-185  1.5e-181       1     428 []       2     429 ..       2     429 .. 1.00



Internal pipeline statistics summary:
-------------------------------------
Query model(s):                            1  (428 nodes)
Target sequences:                       4566  (1398970 residues searched)
Passed MSV filter:                       239  (0.0523434); expected 91.3 (0.02)
Passed bias filter:                      193  (0.0422689); expected 91.3 (0.02)
Passed Vit filter:                        31  (0.00678931); expected 4.6 (0.001)
Passed Fwd filter:                         6  (0.00131406); expected 0.0 (1e-05)
Initial search space (Z):               4566  [actual number of targets]
Domain search space  (domZ):               1  [number of targets reported over threshold]
# CPU time: 0.07u 0.00s 00:00:00.07 Elapsed: 00:00:00.07
# Mc/sec: 7806.51
//
Query:       TIGR00963  [M=787]
Accession:   TIGR00963
Description: secA: preprotein translocase, SecA subunit
Scores for complete sequences (score includes all domains):
   --- full sequence ---   --- best 1 domain ---    -#dom-
    E-value  score  bias    E-value  score  bias    exp  N  Sequence           Description
    ------- ------ -----    ------- ------ -----   ---- --  --------           -----------
          0 1077.6   7.7          0 1077.4   7.7    1.0  1  NZ_CP186479.1_3750  # 3805875 # 3808652 # -1 # ID=1_3750;partial=00;start_type=ATG;rbs_motif=AGGA;rbs_spacer=5-10bp;gc_cont=0.641


Domain annotation for each sequence:
>> NZ_CP186479.1_3750  # 3805875 # 3808652 # -1 # ID=1_3750;partial=00;start_type=ATG;rbs_motif=AGGA;rbs_spacer=5-10bp;gc_cont=0.641
   #    score  bias  c-Evalue  i-Evalue hmmfrom  hmm to    alifrom  ali to    envfrom  env to     acc
 ---   ------ ----- --------- --------- ------- -------    ------- -------    ------- -------    ----
   1 ! 1077.4   7.7         0         0       1     786 [.      29     810 ..      29     811 .. 0.96



Internal pipeline statistics summary:
-------------------------------------
Query model(s):                            1  (787 nodes)
Target sequences:                       4566  (1398970 residues searched)
Passed MSV filter:                       111  (0.0243101); expected 91.3 (0.02)
Passed bias filter:                      100  (0.021901); expected 91.3 (0.02)
Passed Vit filter:                        14  (0.00306614); expected 4.6 (0.001)
Passed Fwd filter:                         1  (0.00021901); expected 0.0 (1e-05)
Initial search space (Z):               4566  [actual number of targets]
Domain search space  (domZ):               1  [number of targets reported over threshold]
# CPU time: 0.09u 0.01s 00:00:00.10 Elapsed: 00:00:00.08
# Mc/sec: 12380.34
//
Query:       TIGR00964  [M=57]
Accession:   TIGR00964
Description: secE_bact: preprotein translocase, SecE subunit
Scores for complete sequences (score includes all domains):
   --- full sequence ---   --- best 1 domain ---    -#dom-
    E-value  score  bias    E-value  score  bias    exp  N  Sequence          Description
    ------- ------ -----    ------- ------ -----   ---- --  --------          -----------
    3.8e-20   69.6   2.9    4.1e-20   69.5   2.9    1.0  1  NZ_CP186479.1_486  # 480725 # 480919 # 1 # ID=1_486;partial=00;start_type=ATG;rbs_motif=AGxAG;rbs_spacer=5-10bp;gc_cont=0.574


Domain annotation for each sequence:
>> NZ_CP186479.1_486  # 480725 # 480919 # 1 # ID=1_486;partial=00;start_type=ATG;rbs_motif=AGxAG;rbs_spacer=5-10bp;gc_cont=0.574
   #    score  bias  c-Evalue  i-Evalue hmmfrom  hmm to    alifrom  ali to    envfrom  env to     acc
 ---   ------ ----- --------- --------- ------- -------    ------- -------    ------- -------    ----
   1 !   69.5   2.9     9e-24   4.1e-20       3      55 ..       8      60 ..       6      62 .. 0.96



Internal pipeline statistics summary:
-------------------------------------
Query model(s):                            1  (57 nodes)
Target sequences:                       4566  (1398970 residues searched)
Passed MSV filter:                       306  (0.0670171); expected 91.3 (0.02)
Passed bias filter:                      151  (0.0330705); expected 91.3 (0.02)
Passed Vit filter:                        11  (0.00240911); expected 4.6 (0.001)
Passed Fwd filter:                         1  (0.00021901); expected 0.0 (1e-05)
Initial search space (Z):               4566  [actual number of targets]
Domain search space  (domZ):               1  [number of targets reported over threshold]
# CPU time: 0.02u 0.00s 00:00:00.02 Elapsed: 00:00:00.01
# Mc/sec: 4300.39
//
Query:       TIGR00967  [M=414]
Accession:   TIGR00967
Description: 3a0501s007: preprotein translocase, SecY subunit
Scores for complete sequences (score includes all domains):
   --- full sequence ---   --- best 1 domain ---    -#dom-
    E-value  score  bias    E-value  score  bias    exp  N  Sequence          Description
    ------- ------ -----    ------- ------ -----   ---- --  --------          -----------
   1.9e-125  417.0  20.8   2.3e-125  416.7  20.8    1.0  1  NZ_CP186479.1_521  # 508469 # 509803 # 1 # ID=1_521;partial=00;start_type=ATG;rbs_motif=GGAG/GAGG;rbs_spacer=5-10bp;gc_cont=0.621


Domain annotation for each sequence:
>> NZ_CP186479.1_521  # 508469 # 509803 # 1 # ID=1_521;partial=00;start_type=ATG;rbs_motif=GGAG/GAGG;rbs_spacer=5-10bp;gc_cont=0.621
   #    score  bias  c-Evalue  i-Evalue hmmfrom  hmm to    alifrom  ali to    envfrom  env to     acc
 ---   ------ ----- --------- --------- ------- -------    ------- -------    ------- -------    ----
   1 !  416.7  20.8  5.1e-129  2.3e-125       2     414 .]      25     430 ..      24     430 .. 0.94



Internal pipeline statistics summary:
-------------------------------------
Query model(s):                            1  (414 nodes)
Target sequences:                       4566  (1398970 residues searched)
Passed MSV filter:                       240  (0.0525624); expected 91.3 (0.02)
Passed bias filter:                       85  (0.0186159); expected 91.3 (0.02)
Passed Vit filter:                         6  (0.00131406); expected 4.6 (0.001)
Passed Fwd filter:                         1  (0.00021901); expected 0.0 (1e-05)
Initial search space (Z):               4566  [actual number of targets]
Domain search space  (domZ):               1  [number of targets reported over threshold]
# CPU time: 0.04u 0.00s 00:00:00.04 Elapsed: 00:00:00.04
# Mc/sec: 12108.92
//
Query:       TIGR00982  [M=139]
Accession:   TIGR00982
Description: uS12_E_A: ribosomal protein uS12
Scores for complete sequences (score includes all domains):
   --- full sequence ---   --- best 1 domain ---    -#dom-
    E-value  score  bias    E-value  score  bias    exp  N  Sequence Description
    ------- ------ -----    ------- ------ -----   ---- --  -------- -----------

   [No hits detected that satisfy reporting thresholds]


Domain annotation for each sequence:

   [No targets detected that satisfy reporting thresholds]


Internal pipeline statistics summary:
-------------------------------------
Query model(s):                            1  (139 nodes)
Target sequences:                       4566  (1398970 residues searched)
Passed MSV filter:                        98  (0.021463); expected 91.3 (0.02)
Passed bias filter:                       93  (0.0203679); expected 91.3 (0.02)
Passed Vit filter:                         4  (0.00087604); expected 4.6 (0.001)
Passed Fwd filter:                         2  (0.00043802); expected 0.0 (1e-05)
Initial search space (Z):               4566  [actual number of targets]
Domain search space  (domZ):               0  [number of targets reported over threshold]
# CPU time: 0.02u 0.00s 00:00:00.02 Elapsed: 00:00:00.02
# Mc/sec: 9193.34
//
Query:       TIGR01008  [M=195]
Accession:   TIGR01008
Description: uS3_euk_arch: ribosomal protein uS3
Scores for complete sequences (score includes all domains):
   --- full sequence ---   --- best 1 domain ---    -#dom-
    E-value  score  bias    E-value  score  bias    exp  N  Sequence Description
    ------- ------ -----    ------- ------ -----   ---- --  -------- -----------

   [No hits detected that satisfy reporting thresholds]


Domain annotation for each sequence:

   [No targets detected that satisfy reporting thresholds]


Internal pipeline statistics summary:
-------------------------------------
Query model(s):                            1  (195 nodes)
Target sequences:                       4566  (1398970 residues searched)
Passed MSV filter:                       162  (0.0354796); expected 91.3 (0.02)
Passed bias filter:                      133  (0.0291283); expected 91.3 (0.02)
Passed Vit filter:                         9  (0.00197109); expected 4.6 (0.001)
Passed Fwd filter:                         1  (0.00021901); expected 0.0 (1e-05)
Initial search space (Z):               4566  [actual number of targets]
Domain search space  (domZ):               0  [number of targets reported over threshold]
# CPU time: 0.02u 0.00s 00:00:00.02 Elapsed: 00:00:00.02
# Mc/sec: 9825.38
//
Query:       TIGR01009  [M=212]
Accession:   TIGR01009
Description: rpsC_bact: ribosomal protein uS3
Scores for complete sequences (score includes all domains):
   --- full sequence ---   --- best 1 domain ---    -#dom-
    E-value  score  bias    E-value  score  bias    exp  N  Sequence          Description
    ------- ------ -----    ------- ------ -----   ---- --  --------          -----------
    1.4e-96  320.3   2.6    1.6e-96  320.1   2.6    1.0  1  NZ_CP186479.1_507  # 502419 # 503174 # 1 # ID=1_507;partial=00;start_type=ATG;rbs_motif=AGGAG;rbs_spacer=5-10bp;gc_cont=0.644


Domain annotation for each sequence:
>> NZ_CP186479.1_507  # 502419 # 503174 # 1 # ID=1_507;partial=00;start_type=ATG;rbs_motif=AGGAG;rbs_spacer=5-10bp;gc_cont=0.644
   #    score  bias  c-Evalue  i-Evalue hmmfrom  hmm to    alifrom  ali to    envfrom  env to     acc
 ---   ------ ----- --------- --------- ------- -------    ------- -------    ------- -------    ----
   1 !  320.1   2.6  3.5e-100   1.6e-96       1     210 [.       1     209 [.       1     211 [. 0.99



Internal pipeline statistics summary:
-------------------------------------
Query model(s):                            1  (212 nodes)
Target sequences:                       4566  (1398970 residues searched)
Passed MSV filter:                       118  (0.0258432); expected 91.3 (0.02)
Passed bias filter:                       96  (0.021025); expected 91.3 (0.02)
Passed Vit filter:                        10  (0.0021901); expected 4.6 (0.001)
Passed Fwd filter:                         1  (0.00021901); expected 0.0 (1e-05)
Initial search space (Z):               4566  [actual number of targets]
Domain search space  (domZ):               1  [number of targets reported over threshold]
# CPU time: 0.03u 0.00s 00:00:00.03 Elapsed: 00:00:00.03
# Mc/sec: 7487.36
//
Query:       TIGR01011  [M=225]
Accession:   TIGR01011
Description: rpsB_bact: ribosomal protein uS2
Scores for complete sequences (score includes all domains):
   --- full sequence ---   --- best 1 domain ---    -#dom-
    E-value  score  bias    E-value  score  bias    exp  N  Sequence          Description
    ------- ------ -----    ------- ------ -----   ---- --  --------          -----------
    1.6e-93  310.1   0.0    1.8e-93  309.9   0.0    1.0  1  NZ_CP186479.1_743  # 731649 # 732434 # -1 # ID=1_743;partial=00;start_type=ATG;rbs_motif=AGGA;rbs_spacer=5-10bp;gc_cont=0.663


Domain annotation for each sequence:
>> NZ_CP186479.1_743  # 731649 # 732434 # -1 # ID=1_743;partial=00;start_type=ATG;rbs_motif=AGGA;rbs_spacer=5-10bp;gc_cont=0.663
   #    score  bias  c-Evalue  i-Evalue hmmfrom  hmm to    alifrom  ali to    envfrom  env to     acc
 ---   ------ ----- --------- --------- ------- -------    ------- -------    ------- -------    ----
   1 !  309.9   0.0     4e-97   1.8e-93       3     222 ..       7     225 ..       5     228 .. 0.98



Internal pipeline statistics summary:
-------------------------------------
Query model(s):                            1  (225 nodes)
Target sequences:                       4566  (1398970 residues searched)
Passed MSV filter:                        86  (0.0188349); expected 91.3 (0.02)
Passed bias filter:                       78  (0.0170828); expected 91.3 (0.02)
Passed Vit filter:                         9  (0.00197109); expected 4.6 (0.001)
Passed Fwd filter:                         1  (0.00021901); expected 0.0 (1e-05)
Initial search space (Z):               4566  [actual number of targets]
Domain search space  (domZ):               1  [number of targets reported over threshold]
# CPU time: 0.03u 0.00s 00:00:00.03 Elapsed: 00:00:00.02
# Mc/sec: 12648.03
//
Query:       TIGR01012  [M=196]
Accession:   TIGR01012
Description: uS2_euk_arch: ribosomal protein uS2
Scores for complete sequences (score includes all domains):
   --- full sequence ---   --- best 1 domain ---    -#dom-
    E-value  score  bias    E-value  score  bias    exp  N  Sequence Description
    ------- ------ -----    ------- ------ -----   ---- --  -------- -----------

   [No hits detected that satisfy reporting thresholds]


Domain annotation for each sequence:

   [No targets detected that satisfy reporting thresholds]


Internal pipeline statistics summary:
-------------------------------------
Query model(s):                            1  (196 nodes)
Target sequences:                       4566  (1398970 residues searched)
Passed MSV filter:                       108  (0.0236531); expected 91.3 (0.02)
Passed bias filter:                      104  (0.022777); expected 91.3 (0.02)
Passed Vit filter:                         8  (0.00175208); expected 4.6 (0.001)
Passed Fwd filter:                         1  (0.00021901); expected 0.0 (1e-05)
Initial search space (Z):               4566  [actual number of targets]
Domain search space  (domZ):               0  [number of targets reported over threshold]
# CPU time: 0.02u 0.00s 00:00:00.02 Elapsed: 00:00:00.02
# Mc/sec: 11709.47
//
Query:       TIGR01017  [M=200]
Accession:   TIGR01017
Description: rpsD_bact: ribosomal protein uS4
Scores for complete sequences (score includes all domains):
   --- full sequence ---   --- best 1 domain ---    -#dom-
    E-value  score  bias    E-value  score  bias    exp  N  Sequence          Description
    ------- ------ -----    ------- ------ -----   ---- --  --------          -----------
    4.7e-72  239.9   0.3    5.3e-72  239.7   0.3    1.0  1  NZ_CP186479.1_399  # 406062 # 406679 # 1 # ID=1_399;partial=00;start_type=ATG;rbs_motif=AGGA;rbs_spacer=5-10bp;gc_cont=0.625


Domain annotation for each sequence:
>> NZ_CP186479.1_399  # 406062 # 406679 # 1 # ID=1_399;partial=00;start_type=ATG;rbs_motif=AGGA;rbs_spacer=5-10bp;gc_cont=0.625
   #    score  bias  c-Evalue  i-Evalue hmmfrom  hmm to    alifrom  ali to    envfrom  env to     acc
 ---   ------ ----- --------- --------- ------- -------    ------- -------    ------- -------    ----
   1 !  239.7   0.3   1.2e-75   5.3e-72       3     200 .]       5     205 ..       3     205 .. 0.95



Internal pipeline statistics summary:
-------------------------------------
Query model(s):                            1  (200 nodes)
Target sequences:                       4566  (1398970 residues searched)
Passed MSV filter:                        65  (0.0142357); expected 91.3 (0.02)
Passed bias filter:                       64  (0.0140166); expected 91.3 (0.02)
Passed Vit filter:                        12  (0.00262812); expected 4.6 (0.001)
Passed Fwd filter:                         5  (0.00109505); expected 0.0 (1e-05)
Initial search space (Z):               4566  [actual number of targets]
Domain search space  (domZ):               1  [number of targets reported over threshold]
# CPU time: 0.03u 0.00s 00:00:00.03 Elapsed: 00:00:00.03
# Mc/sec: 8014.87
//
Query:       TIGR01018  [M=162]
Accession:   TIGR01018
Description: uS4_arch: ribosomal protein uS4
Scores for complete sequences (score includes all domains):
   --- full sequence ---   --- best 1 domain ---    -#dom-
    E-value  score  bias    E-value  score  bias    exp  N  Sequence Description
    ------- ------ -----    ------- ------ -----   ---- --  -------- -----------

   [No hits detected that satisfy reporting thresholds]


Domain annotation for each sequence:

   [No targets detected that satisfy reporting thresholds]


Internal pipeline statistics summary:
-------------------------------------
Query model(s):                            1  (162 nodes)
Target sequences:                       4566  (1398970 residues searched)
Passed MSV filter:                       101  (0.02212); expected 91.3 (0.02)
Passed bias filter:                       93  (0.0203679); expected 91.3 (0.02)
Passed Vit filter:                        13  (0.00284713); expected 4.6 (0.001)
Passed Fwd filter:                         1  (0.00021901); expected 0.0 (1e-05)
Initial search space (Z):               4566  [actual number of targets]
Domain search space  (domZ):               0  [number of targets reported over threshold]
# CPU time: 0.02u 0.00s 00:00:00.02 Elapsed: 00:00:00.02
# Mc/sec: 8732.48
//
Query:       TIGR01020  [M=212]
Accession:   TIGR01020
Description: uS5_euk_arch: ribosomal protein uS5
Scores for complete sequences (score includes all domains):
   --- full sequence ---   --- best 1 domain ---    -#dom-
    E-value  score  bias    E-value  score  bias    exp  N  Sequence Description
    ------- ------ -----    ------- ------ -----   ---- --  -------- -----------

   [No hits detected that satisfy reporting thresholds]


Domain annotation for each sequence:

   [No targets detected that satisfy reporting thresholds]


Internal pipeline statistics summary:
-------------------------------------
Query model(s):                            1  (212 nodes)
Target sequences:                       4566  (1398970 residues searched)
Passed MSV filter:                       113  (0.0247481); expected 91.3 (0.02)
Passed bias filter:                       98  (0.021463); expected 91.3 (0.02)
Passed Vit filter:                         5  (0.00109505); expected 4.6 (0.001)
Passed Fwd filter:                         1  (0.00021901); expected 0.0 (1e-05)
Initial search space (Z):               4566  [actual number of targets]
Domain search space  (domZ):               0  [number of targets reported over threshold]
# CPU time: 0.03u 0.00s 00:00:00.03 Elapsed: 00:00:00.03
# Mc/sec: 7947.19
//
Query:       TIGR01021  [M=156]
Accession:   TIGR01021
Description: rpsE_bact: ribosomal protein uS5
Scores for complete sequences (score includes all domains):
   --- full sequence ---   --- best 1 domain ---    -#dom-
    E-value  score  bias    E-value  score  bias    exp  N  Sequence          Description
    ------- ------ -----    ------- ------ -----   ---- --  --------          -----------
    3.8e-66  219.7   3.2    4.4e-66  219.5   3.2    1.0  1  NZ_CP186479.1_518  # 507096 # 507623 # 1 # ID=1_518;partial=00;start_type=ATG;rbs_motif=AGGA;rbs_spacer=5-10bp;gc_cont=0.670


Domain annotation for each sequence:
>> NZ_CP186479.1_518  # 507096 # 507623 # 1 # ID=1_518;partial=00;start_type=ATG;rbs_motif=AGGA;rbs_spacer=5-10bp;gc_cont=0.670
   #    score  bias  c-Evalue  i-Evalue hmmfrom  hmm to    alifrom  ali to    envfrom  env to     acc
 ---   ------ ----- --------- --------- ------- -------    ------- -------    ------- -------    ----
   1 !  219.5   3.2   9.7e-70   4.4e-66       2     156 .]       9     164 ..       8     164 .. 0.98



Internal pipeline statistics summary:
-------------------------------------
Query model(s):                            1  (156 nodes)
Target sequences:                       4566  (1398970 residues searched)
Passed MSV filter:                       183  (0.0400788); expected 91.3 (0.02)
Passed bias filter:                      130  (0.0284713); expected 91.3 (0.02)
Passed Vit filter:                         5  (0.00109505); expected 4.6 (0.001)
Passed Fwd filter:                         2  (0.00043802); expected 0.0 (1e-05)
Initial search space (Z):               4566  [actual number of targets]
Domain search space  (domZ):               1  [number of targets reported over threshold]
# CPU time: 0.03u 0.00s 00:00:00.03 Elapsed: 00:00:00.03
# Mc/sec: 6787.80
//
Query:       TIGR01028  [M=186]
Accession:   TIGR01028
Description: uS7_euk_arch: ribosomal protein uS7
Scores for complete sequences (score includes all domains):
   --- full sequence ---   --- best 1 domain ---    -#dom-
    E-value  score  bias    E-value  score  bias    exp  N  Sequence Description
    ------- ------ -----    ------- ------ -----   ---- --  -------- -----------

   [No hits detected that satisfy reporting thresholds]


Domain annotation for each sequence:

   [No targets detected that satisfy reporting thresholds]


Internal pipeline statistics summary:
-------------------------------------
Query model(s):                            1  (186 nodes)
Target sequences:                       4566  (1398970 residues searched)
Passed MSV filter:                        67  (0.0146737); expected 91.3 (0.02)
Passed bias filter:                       61  (0.0133596); expected 91.3 (0.02)
Passed Vit filter:                         3  (0.00065703); expected 4.6 (0.001)
Passed Fwd filter:                         1  (0.00021901); expected 0.0 (1e-05)
Initial search space (Z):               4566  [actual number of targets]
Domain search space  (domZ):               0  [number of targets reported over threshold]
# CPU time: 0.02u 0.01s 00:00:00.03 Elapsed: 00:00:00.02
# Mc/sec: 9979.98
//
Query:       TIGR01029  [M=154]
Accession:   TIGR01029
Description: rpsG_bact: ribosomal protein uS7
Scores for complete sequences (score includes all domains):
   --- full sequence ---   --- best 1 domain ---    -#dom-
    E-value  score  bias    E-value  score  bias    exp  N  Sequence          Description
    ------- ------ -----    ------- ------ -----   ---- --  --------          -----------
    1.9e-69  230.5   0.2    2.1e-69  230.4   0.2    1.0  1  NZ_CP186479.1_497  # 494934 # 495404 # 1 # ID=1_497;partial=00;start_type=ATG;rbs_motif=AGGAG;rbs_spacer=5-10bp;gc_cont=0.620


Domain annotation for each sequence:
>> NZ_CP186479.1_497  # 494934 # 495404 # 1 # ID=1_497;partial=00;start_type=ATG;rbs_motif=AGGAG;rbs_spacer=5-10bp;gc_cont=0.620
   #    score  bias  c-Evalue  i-Evalue hmmfrom  hmm to    alifrom  ali to    envfrom  env to     acc
 ---   ------ ----- --------- --------- ------- -------    ------- -------    ------- -------    ----
   1 !  230.4   0.2   4.6e-73   2.1e-69       1     154 []       3     156 ..       3     156 .. 1.00



Internal pipeline statistics summary:
-------------------------------------
Query model(s):                            1  (154 nodes)
Target sequences:                       4566  (1398970 residues searched)
Passed MSV filter:                        75  (0.0164258); expected 91.3 (0.02)
Passed bias filter:                       69  (0.0151117); expected 91.3 (0.02)
Passed Vit filter:                         4  (0.00087604); expected 4.6 (0.001)
Passed Fwd filter:                         1  (0.00021901); expected 0.0 (1e-05)
Initial search space (Z):               4566  [actual number of targets]
Domain search space  (domZ):               1  [number of targets reported over threshold]
# CPU time: 0.02u 0.00s 00:00:00.02 Elapsed: 00:00:00.03
# Mc/sec: 6623.12
//
Query:       TIGR01032  [M=114]
Accession:   TIGR01032
Description: rplT_bact: ribosomal protein bL20
Scores for complete sequences (score includes all domains):
   --- full sequence ---   --- best 1 domain ---    -#dom-
    E-value  score  bias    E-value  score  bias    exp  N  Sequence           Description
    ------- ------ -----    ------- ------ -----   ---- --  --------           -----------
    3.4e-48  160.7   4.7    4.3e-48  160.3   4.7    1.1  1  NZ_CP186479.1_2559  # 2613274 # 2613675 # 1 # ID=1_2559;partial=00;start_type=ATG;rbs_motif=AGGAG;rbs_spacer=5-10bp;gc_cont=0.629


Domain annotation for each sequence:
>> NZ_CP186479.1_2559  # 2613274 # 2613675 # 1 # ID=1_2559;partial=00;start_type=ATG;rbs_motif=AGGAG;rbs_spacer=5-10bp;gc_cont=0.629
   #    score  bias  c-Evalue  i-Evalue hmmfrom  hmm to    alifrom  ali to    envfrom  env to     acc
 ---   ------ ----- --------- --------- ------- -------    ------- -------    ------- -------    ----
   1 !  160.3   4.7   9.4e-52   4.3e-48       1     114 []       1     114 [.       1     114 [. 0.99



Internal pipeline statistics summary:
-------------------------------------
Query model(s):                            1  (114 nodes)
Target sequences:                       4566  (1398970 residues searched)
Passed MSV filter:                        93  (0.0203679); expected 91.3 (0.02)
Passed bias filter:                       80  (0.0175208); expected 91.3 (0.02)
Passed Vit filter:                         4  (0.00087604); expected 4.6 (0.001)
Passed Fwd filter:                         1  (0.00021901); expected 0.0 (1e-05)
Initial search space (Z):               4566  [actual number of targets]
Domain search space  (domZ):               1  [number of targets reported over threshold]
# CPU time: 0.02u 0.00s 00:00:00.02 Elapsed: 00:00:00.01
# Mc/sec: 8189.51
//
Query:       TIGR01039  [M=462]
Accession:   TIGR01039
Description: atpD: ATP synthase F1, beta subunit
Scores for complete sequences (score includes all domains):
   --- full sequence ---   --- best 1 domain ---    -#dom-
    E-value  score  bias    E-value  score  bias    exp  N  Sequence           Description
    ------- ------ -----    ------- ------ -----   ---- --  --------           -----------
   3.7e-244  808.6   4.4   4.5e-244  808.3   4.4    1.0  1  NZ_CP186479.1_3300  # 3353479 # 3355020 # 1 # ID=1_3300;partial=00;start_type=ATG;rbs_motif=GGAG/GAGG;rbs_spacer=5-10bp;gc_cont=0.661


Domain annotation for each sequence:
>> NZ_CP186479.1_3300  # 3353479 # 3355020 # 1 # ID=1_3300;partial=00;start_type=ATG;rbs_motif=GGAG/GAGG;rbs_spacer=5-10bp;gc_cont=0.661
   #    score  bias  c-Evalue  i-Evalue hmmfrom  hmm to    alifrom  ali to    envfrom  env to     acc
 ---   ------ ----- --------- --------- ------- -------    ------- -------    ------- -------    ----
   1 !  808.3   4.4  9.8e-248  4.5e-244       2     462 .]      41     509 ..      40     509 .. 0.99



Internal pipeline statistics summary:
-------------------------------------
Query model(s):                            1  (462 nodes)
Target sequences:                       4566  (1398970 residues searched)
Passed MSV filter:                       177  (0.0387648); expected 91.3 (0.02)
Passed bias filter:                      142  (0.0310994); expected 91.3 (0.02)
Passed Vit filter:                        17  (0.00372317); expected 4.6 (0.001)
Passed Fwd filter:                         4  (0.00087604); expected 0.0 (1e-05)
Initial search space (Z):               4566  [actual number of targets]
Domain search space  (domZ):               1  [number of targets reported over threshold]
# CPU time: 0.06u 0.00s 00:00:00.06 Elapsed: 00:00:00.07
# Mc/sec: 8678.97
//
Query:       TIGR01044  [M=103]
Accession:   TIGR01044
Description: rplV_bact: ribosomal protein uL22
Scores for complete sequences (score includes all domains):
   --- full sequence ---   --- best 1 domain ---    -#dom-
    E-value  score  bias    E-value  score  bias    exp  N  Sequence          Description
    ------- ------ -----    ------- ------ -----   ---- --  --------          -----------
    2.9e-30  102.6   0.2    3.4e-30  102.3   0.2    1.0  1  NZ_CP186479.1_506  # 502039 # 502419 # 1 # ID=1_506;partial=00;start_type=ATG;rbs_motif=GGAG/GAGG;rbs_spacer=5-10bp;gc_cont=0.622


Domain annotation for each sequence:
>> NZ_CP186479.1_506  # 502039 # 502419 # 1 # ID=1_506;partial=00;start_type=ATG;rbs_motif=GGAG/GAGG;rbs_spacer=5-10bp;gc_cont=0.622
   #    score  bias  c-Evalue  i-Evalue hmmfrom  hmm to    alifrom  ali to    envfrom  env to     acc
 ---   ------ ----- --------- --------- ------- -------    ------- -------    ------- -------    ----
   1 !  102.3   0.2   7.5e-34   3.4e-30       1     103 []      17     119 ..      17     119 .. 0.99



Internal pipeline statistics summary:
-------------------------------------
Query model(s):                            1  (103 nodes)
Target sequences:                       4566  (1398970 residues searched)
Passed MSV filter:                       107  (0.0234341); expected 91.3 (0.02)
Passed bias filter:                       78  (0.0170828); expected 91.3 (0.02)
Passed Vit filter:                         5  (0.00109505); expected 4.6 (0.001)
Passed Fwd filter:                         1  (0.00021901); expected 0.0 (1e-05)
Initial search space (Z):               4566  [actual number of targets]
Domain search space  (domZ):               1  [number of targets reported over threshold]
# CPU time: 0.02u 0.00s 00:00:00.02 Elapsed: 00:00:00.01
# Mc/sec: 7677.00
//
Query:       TIGR01046  [M=99]
Accession:   TIGR01046
Description: uS10_euk_arch: ribosomal protein uS10
Scores for complete sequences (score includes all domains):
   --- full sequence ---   --- best 1 domain ---    -#dom-
    E-value  score  bias    E-value  score  bias    exp  N  Sequence Description
    ------- ------ -----    ------- ------ -----   ---- --  -------- -----------

   [No hits detected that satisfy reporting thresholds]


Domain annotation for each sequence:

   [No targets detected that satisfy reporting thresholds]


Internal pipeline statistics summary:
-------------------------------------
Query model(s):                            1  (99 nodes)
Target sequences:                       4566  (1398970 residues searched)
Passed MSV filter:                        67  (0.0146737); expected 91.3 (0.02)
Passed bias filter:                       60  (0.0131406); expected 91.3 (0.02)
Passed Vit filter:                         4  (0.00087604); expected 4.6 (0.001)
Passed Fwd filter:                         1  (0.00021901); expected 0.0 (1e-05)
Initial search space (Z):               4566  [actual number of targets]
Domain search space  (domZ):               0  [number of targets reported over threshold]
# CPU time: 0.02u 0.00s 00:00:00.02 Elapsed: 00:00:00.01
# Mc/sec: 11771.23
//
Query:       TIGR01052  [M=488]
Accession:   TIGR01052
Description: top6b: DNA topoisomerase VI, B subunit
Scores for complete sequences (score includes all domains):
   --- full sequence ---   --- best 1 domain ---    -#dom-
    E-value  score  bias    E-value  score  bias    exp  N  Sequence Description
    ------- ------ -----    ------- ------ -----   ---- --  -------- -----------

   [No hits detected that satisfy reporting thresholds]


Domain annotation for each sequence:

   [No targets detected that satisfy reporting thresholds]


Internal pipeline statistics summary:
-------------------------------------
Query model(s):                            1  (488 nodes)
Target sequences:                       4566  (1398970 residues searched)
Passed MSV filter:                        88  (0.0192729); expected 91.3 (0.02)
Passed bias filter:                       82  (0.0179588); expected 91.3 (0.02)
Passed Vit filter:                        18  (0.00394218); expected 4.6 (0.001)
Passed Fwd filter:                         9  (0.00197109); expected 0.0 (1e-05)
Initial search space (Z):               4566  [actual number of targets]
Domain search space  (domZ):               0  [number of targets reported over threshold]
# CPU time: 0.06u 0.01s 00:00:00.06 Elapsed: 00:00:00.06
# Mc/sec: 10003.89
//
Query:       TIGR01059  [M=639]
Accession:   TIGR01059
Description: gyrB: DNA gyrase, B subunit
Scores for complete sequences (score includes all domains):
   --- full sequence ---   --- best 1 domain ---    -#dom-
    E-value  score  bias    E-value  score  bias    exp  N  Sequence           Description
    ------- ------ -----    ------- ------ -----   ---- --  --------           -----------
   2.4e-285  946.0   0.1   2.7e-285  945.8   0.1    1.0  1  NZ_CP186479.1_2783  # 2842556 # 2845009 # -1 # ID=1_2783;partial=00;start_type=TTG;rbs_motif=GGA/GAG/AGG;rbs_spacer=5-10bp;gc_cont=0.636


Domain annotation for each sequence:
>> NZ_CP186479.1_2783  # 2842556 # 2845009 # -1 # ID=1_2783;partial=00;start_type=TTG;rbs_motif=GGA/GAG/AGG;rbs_spacer=5-10bp;gc_cont=0.636
   #    score  bias  c-Evalue  i-Evalue hmmfrom  hmm to    alifrom  ali to    envfrom  env to     acc
 ---   ------ ----- --------- --------- ------- -------    ------- -------    ------- -------    ----
   1 !  945.8   0.1    6e-289  2.7e-285       1     639 []      12     817 ..      12     817 .. 0.92



Internal pipeline statistics summary:
-------------------------------------
Query model(s):                            1  (639 nodes)
Target sequences:                       4566  (1398970 residues searched)
Passed MSV filter:                        89  (0.0194919); expected 91.3 (0.02)
Passed bias filter:                       81  (0.0177398); expected 91.3 (0.02)
Passed Vit filter:                         8  (0.00175208); expected 4.6 (0.001)
Passed Fwd filter:                         3  (0.00065703); expected 0.0 (1e-05)
Initial search space (Z):               4566  [actual number of targets]
Domain search space  (domZ):               1  [number of targets reported over threshold]
# CPU time: 0.07u 0.00s 00:00:00.07 Elapsed: 00:00:00.08
# Mc/sec: 11024.73
//
Query:       TIGR01063  [M=800]
Accession:   TIGR01063
Description: gyrA: DNA gyrase, A subunit
Scores for complete sequences (score includes all domains):
   --- full sequence ---   --- best 1 domain ---    -#dom-
    E-value  score  bias    E-value  score  bias    exp  N  Sequence          Description
    ------- ------ -----    ------- ------ -----   ---- --  --------          -----------
          0 1138.6   0.9          0 1138.4   0.9    1.0  1  NZ_CP186479.1_346  # 353652 # 356423 # 1 # ID=1_346;partial=00;start_type=GTG;rbs_motif=None;rbs_spacer=None;gc_cont=0.652


Domain annotation for each sequence:
>> NZ_CP186479.1_346  # 353652 # 356423 # 1 # ID=1_346;partial=00;start_type=GTG;rbs_motif=None;rbs_spacer=None;gc_cont=0.652
   #    score  bias  c-Evalue  i-Evalue hmmfrom  hmm to    alifrom  ali to    envfrom  env to     acc
 ---   ------ ----- --------- --------- ------- -------    ------- -------    ------- -------    ----
   1 ! 1138.4   0.9         0         0       1     799 [.      17     901 ..      17     902 .. 0.98



Internal pipeline statistics summary:
-------------------------------------
Query model(s):                            1  (800 nodes)
Target sequences:                       4566  (1398970 residues searched)
Passed MSV filter:                       108  (0.0236531); expected 91.3 (0.02)
Passed bias filter:                       94  (0.0205869); expected 91.3 (0.02)
Passed Vit filter:                        11  (0.00240911); expected 4.6 (0.001)
Passed Fwd filter:                         2  (0.00043802); expected 0.0 (1e-05)
Initial search space (Z):               4566  [actual number of targets]
Domain search space  (domZ):               1  [number of targets reported over threshold]
# CPU time: 0.10u 0.01s 00:00:00.11 Elapsed: 00:00:00.09
# Mc/sec: 11607.26
//
Query:       TIGR01066  [M=141]
Accession:   TIGR01066
Description: rplM_bact: ribosomal protein uL13
Scores for complete sequences (score includes all domains):
   --- full sequence ---   --- best 1 domain ---    -#dom-
    E-value  score  bias    E-value  score  bias    exp  N  Sequence           Description
    ------- ------ -----    ------- ------ -----   ---- --  --------           -----------
    3.8e-55  183.6   0.0    4.2e-55  183.4   0.0    1.0  1  NZ_CP186479.1_1149  # 1152896 # 1153360 # -1 # ID=1_1149;partial=00;start_type=ATG;rbs_motif=AGGA;rbs_spacer=5-10bp;gc_cont=0.624


Domain annotation for each sequence:
>> NZ_CP186479.1_1149  # 1152896 # 1153360 # -1 # ID=1_1149;partial=00;start_type=ATG;rbs_motif=AGGA;rbs_spacer=5-10bp;gc_cont=0.624
   #    score  bias  c-Evalue  i-Evalue hmmfrom  hmm to    alifrom  ali to    envfrom  env to     acc
 ---   ------ ----- --------- --------- ------- -------    ------- -------    ------- -------    ----
   1 !  183.4   0.0   9.2e-59   4.2e-55       4     140 ..       6     142 ..       2     143 .. 0.97



Internal pipeline statistics summary:
-------------------------------------
Query model(s):                            1  (141 nodes)
Target sequences:                       4566  (1398970 residues searched)
Passed MSV filter:                        77  (0.0168638); expected 91.3 (0.02)
Passed bias filter:                       72  (0.0157687); expected 91.3 (0.02)
Passed Vit filter:                         7  (0.00153307); expected 4.6 (0.001)
Passed Fwd filter:                         1  (0.00021901); expected 0.0 (1e-05)
Initial search space (Z):               4566  [actual number of targets]
Domain search space  (domZ):               1  [number of targets reported over threshold]
# CPU time: 0.01u 0.00s 00:00:00.01 Elapsed: 00:00:00.02
# Mc/sec: 8633.27
//
Query:       TIGR01071  [M=144]
Accession:   TIGR01071
Description: rplO_bact: ribosomal protein uL15
Scores for complete sequences (score includes all domains):
   --- full sequence ---   --- best 1 domain ---    -#dom-
    E-value  score  bias    E-value  score  bias    exp  N  Sequence          Description
    ------- ------ -----    ------- ------ -----   ---- --  --------          -----------
    6.5e-41  137.5   1.9    7.4e-41  137.3   1.9    1.0  1  NZ_CP186479.1_520  # 507841 # 508341 # 1 # ID=1_520;partial=00;start_type=ATG;rbs_motif=AGGA;rbs_spacer=5-10bp;gc_cont=0.641


Domain annotation for each sequence:
>> NZ_CP186479.1_520  # 507841 # 508341 # 1 # ID=1_520;partial=00;start_type=ATG;rbs_motif=AGGA;rbs_spacer=5-10bp;gc_cont=0.641
   #    score  bias  c-Evalue  i-Evalue hmmfrom  hmm to    alifrom  ali to    envfrom  env to     acc
 ---   ------ ----- --------- --------- ------- -------    ------- -------    ------- -------    ----
   1 !  137.3   1.9   1.6e-44   7.4e-41       1     143 [.       3     150 ..       3     151 .. 0.96



Internal pipeline statistics summary:
-------------------------------------
Query model(s):                            1  (144 nodes)
Target sequences:                       4566  (1398970 residues searched)
Passed MSV filter:                        69  (0.0151117); expected 91.3 (0.02)
Passed bias filter:                       54  (0.0118265); expected 91.3 (0.02)
Passed Vit filter:                         5  (0.00109505); expected 4.6 (0.001)
Passed Fwd filter:                         1  (0.00021901); expected 0.0 (1e-05)
Initial search space (Z):               4566  [actual number of targets]
Domain search space  (domZ):               1  [number of targets reported over threshold]
# CPU time: 0.03u 0.00s 00:00:00.03 Elapsed: 00:00:00.02
# Mc/sec: 6874.61
//
Query:       TIGR01079  [M=104]
Accession:   TIGR01079
Description: rplX_bact: ribosomal protein uL24
Scores for complete sequences (score includes all domains):
   --- full sequence ---   --- best 1 domain ---    -#dom-
    E-value  score  bias    E-value  score  bias    exp  N  Sequence          Description
    ------- ------ -----    ------- ------ -----   ---- --  --------          -----------
    2.4e-33  112.7   3.3    2.7e-33  112.5   3.3    1.0  1  NZ_CP186479.1_512  # 504510 # 504824 # 1 # ID=1_512;partial=00;start_type=ATG;rbs_motif=GGAGG;rbs_spacer=5-10bp;gc_cont=0.629


Domain annotation for each sequence:
>> NZ_CP186479.1_512  # 504510 # 504824 # 1 # ID=1_512;partial=00;start_type=ATG;rbs_motif=GGAGG;rbs_spacer=5-10bp;gc_cont=0.629
   #    score  bias  c-Evalue  i-Evalue hmmfrom  hmm to    alifrom  ali to    envfrom  env to     acc
 ---   ------ ----- --------- --------- ------- -------    ------- -------    ------- -------    ----
   1 !  112.5   3.3   5.8e-37   2.7e-33       2     104 .]       3     102 ..       2     102 .. 0.96



Internal pipeline statistics summary:
-------------------------------------
Query model(s):                            1  (104 nodes)
Target sequences:                       4566  (1398970 residues searched)
Passed MSV filter:                        79  (0.0173018); expected 91.3 (0.02)
Passed bias filter:                       71  (0.0155497); expected 91.3 (0.02)
Passed Vit filter:                         7  (0.00153307); expected 4.6 (0.001)
Passed Fwd filter:                         1  (0.00021901); expected 0.0 (1e-05)
Initial search space (Z):               4566  [actual number of targets]
Domain search space  (domZ):               1  [number of targets reported over threshold]
# CPU time: 0.01u 0.00s 00:00:00.01 Elapsed: 00:00:00.02
# Mc/sec: 5404.98
//
Query:       TIGR01082  [M=449]
Accession:   TIGR01082
Description: murC: UDP-N-acetylmuramate--L-alanine ligase
Scores for complete sequences (score includes all domains):
   --- full sequence ---   --- best 1 domain ---    -#dom-
    E-value  score  bias    E-value  score  bias    exp  N  Sequence          Description
    ------- ------ -----    ------- ------ -----   ---- --  --------          -----------
   2.1e-165  549.1   0.1   2.4e-165  548.9   0.1    1.0  1  NZ_CP186479.1_238  # 238011 # 239435 # 1 # ID=1_238;partial=00;start_type=ATG;rbs_motif=AGxAGG/AGGxGG;rbs_spacer=5-10bp;gc_cont=0.654


Domain annotation for each sequence:
>> NZ_CP186479.1_238  # 238011 # 239435 # 1 # ID=1_238;partial=00;start_type=ATG;rbs_motif=AGxAGG/AGGxGG;rbs_spacer=5-10bp;gc_cont=0.654
   #    score  bias  c-Evalue  i-Evalue hmmfrom  hmm to    alifrom  ali to    envfrom  env to     acc
 ---   ------ ----- --------- --------- ------- -------    ------- -------    ------- -------    ----
   1 !  548.9   0.1  5.3e-169  2.4e-165       2     447 ..      10     458 ..       9     460 .. 0.98



Internal pipeline statistics summary:
-------------------------------------
Query model(s):                            1  (449 nodes)
Target sequences:                       4566  (1398970 residues searched)
Passed MSV filter:                       160  (0.0350416); expected 91.3 (0.02)
Passed bias filter:                      146  (0.0319755); expected 91.3 (0.02)
Passed Vit filter:                        21  (0.00459921); expected 4.6 (0.001)
Passed Fwd filter:                         5  (0.00109505); expected 0.0 (1e-05)
Initial search space (Z):               4566  [actual number of targets]
Domain search space  (domZ):               1  [number of targets reported over threshold]
# CPU time: 0.08u 0.00s 00:00:00.08 Elapsed: 00:00:00.08
# Mc/sec: 7198.34
//
Query:       TIGR01087  [M=441]
Accession:   TIGR01087
Description: murD: UDP-N-acetylmuramoylalanine--D-glutamate ligase
Scores for complete sequences (score includes all domains):
   --- full sequence ---   --- best 1 domain ---    -#dom-
    E-value  score  bias    E-value  score  bias    exp  N  Sequence           Description
    ------- ------ -----    ------- ------ -----   ---- --  --------           -----------
    1.6e-74  249.6   0.0    1.3e-73  246.5   0.0    1.9  1  NZ_CP186479.1_4500  # 4608063 # 4609382 # -1 # ID=1_4500;partial=00;start_type=ATG;rbs_motif=GGA/GAG/AGG;rbs_spacer=5-10bp;gc_cont=0.653


Domain annotation for each sequence:
>> NZ_CP186479.1_4500  # 4608063 # 4609382 # -1 # ID=1_4500;partial=00;start_type=ATG;rbs_motif=GGA/GAG/AGG;rbs_spacer=5-10bp;gc_cont=0.653
   #    score  bias  c-Evalue  i-Evalue hmmfrom  hmm to    alifrom  ali to    envfrom  env to     acc
 ---   ------ ----- --------- --------- ------- -------    ------- -------    ------- -------    ----
   1 !  246.5   0.0   2.9e-77   1.3e-73       2     440 ..       7     432 ..       6     433 .. 0.85



Internal pipeline statistics summary:
-------------------------------------
Query model(s):                            1  (441 nodes)
Target sequences:                       4566  (1398970 residues searched)
Passed MSV filter:                       207  (0.0453351); expected 91.3 (0.02)
Passed bias filter:                      178  (0.0389838); expected 91.3 (0.02)
Passed Vit filter:                        42  (0.00919842); expected 4.6 (0.001)
Passed Fwd filter:                         7  (0.00153307); expected 0.0 (1e-05)
Initial search space (Z):               4566  [actual number of targets]
Domain search space  (domZ):               1  [number of targets reported over threshold]
# CPU time: 0.10u 0.00s 00:00:00.10 Elapsed: 00:00:00.09
# Mc/sec: 6347.50
//
Query:       TIGR01128  [M=314]
Accession:   TIGR01128
Description: holA: DNA polymerase III, delta subunit
Scores for complete sequences (score includes all domains):
   --- full sequence ---   --- best 1 domain ---    -#dom-
    E-value  score  bias    E-value  score  bias    exp  N  Sequence           Description
    ------- ------ -----    ------- ------ -----   ---- --  --------           -----------
    2.3e-40  136.8   0.0    2.8e-40  136.5   0.0    1.0  1  NZ_CP186479.1_2993  # 3048557 # 3049576 # -1 # ID=1_2993;partial=00;start_type=ATG;rbs_motif=3Base/5BMM;rbs_spacer=13-15bp;gc_cont=0.675


Domain annotation for each sequence:
>> NZ_CP186479.1_2993  # 3048557 # 3049576 # -1 # ID=1_2993;partial=00;start_type=ATG;rbs_motif=3Base/5BMM;rbs_spacer=13-15bp;gc_cont=0.675
   #    score  bias  c-Evalue  i-Evalue hmmfrom  hmm to    alifrom  ali to    envfrom  env to     acc
 ---   ------ ----- --------- --------- ------- -------    ------- -------    ------- -------    ----
   1 !  136.5   0.0   6.2e-44   2.8e-40       4     311 ..      22     330 ..      20     333 .. 0.94



Internal pipeline statistics summary:
-------------------------------------
Query model(s):                            1  (314 nodes)
Target sequences:                       4566  (1398970 residues searched)
Passed MSV filter:                       131  (0.0286903); expected 91.3 (0.02)
Passed bias filter:                      112  (0.0245291); expected 91.3 (0.02)
Passed Vit filter:                        15  (0.00328515); expected 4.6 (0.001)
Passed Fwd filter:                         2  (0.00043802); expected 0.0 (1e-05)
Initial search space (Z):               4566  [actual number of targets]
Domain search space  (domZ):               1  [number of targets reported over threshold]
# CPU time: 0.04u 0.01s 00:00:00.05 Elapsed: 00:00:00.05
# Mc/sec: 8552.40
//
Query:       TIGR01146  [M=286]
Accession:   TIGR01146
Description: ATPsyn_F1gamma: ATP synthase F1, gamma subunit
Scores for complete sequences (score includes all domains):
   --- full sequence ---   --- best 1 domain ---    -#dom-
    E-value  score  bias    E-value  score  bias    exp  N  Sequence           Description
    ------- ------ -----    ------- ------ -----   ---- --  --------           -----------
    6.4e-96  319.4   3.2    7.2e-96  319.3   3.2    1.0  1  NZ_CP186479.1_3299  # 3352585 # 3353460 # 1 # ID=1_3299;partial=00;start_type=ATG;rbs_motif=AGGAG/GGAGG;rbs_spacer=11-12bp;gc_cont=0.639


Domain annotation for each sequence:
>> NZ_CP186479.1_3299  # 3352585 # 3353460 # 1 # ID=1_3299;partial=00;start_type=ATG;rbs_motif=AGGAG/GGAGG;rbs_spacer=11-12bp;gc_cont=0.639
   #    score  bias  c-Evalue  i-Evalue hmmfrom  hmm to    alifrom  ali to    envfrom  env to     acc
 ---   ------ ----- --------- --------- ------- -------    ------- -------    ------- -------    ----
   1 !  319.3   3.2   1.6e-99   7.2e-96       1     286 []       1     291 [.       1     291 [. 0.95



Internal pipeline statistics summary:
-------------------------------------
Query model(s):                            1  (286 nodes)
Target sequences:                       4566  (1398970 residues searched)
Passed MSV filter:                        95  (0.020806); expected 91.3 (0.02)
Passed bias filter:                       67  (0.0146737); expected 91.3 (0.02)
Passed Vit filter:                         6  (0.00131406); expected 4.6 (0.001)
Passed Fwd filter:                         1  (0.00021901); expected 0.0 (1e-05)
Initial search space (Z):               4566  [actual number of targets]
Domain search space  (domZ):               1  [number of targets reported over threshold]
# CPU time: 0.03u 0.00s 00:00:00.03 Elapsed: 00:00:00.03
# Mc/sec: 11564.70
//
Query:       TIGR01164  [M=126]
Accession:   TIGR01164
Description: rplP_bact: ribosomal protein uL16
Scores for complete sequences (score includes all domains):
   --- full sequence ---   --- best 1 domain ---    -#dom-
    E-value  score  bias    E-value  score  bias    exp  N  Sequence          Description
    ------- ------ -----    ------- ------ -----   ---- --  --------          -----------
    4.2e-58  192.9   1.3    4.9e-58  192.7   1.3    1.0  1  NZ_CP186479.1_508  # 503191 # 503604 # 1 # ID=1_508;partial=00;start_type=ATG;rbs_motif=AGxAGG/AGGxGG;rbs_spacer=11-12bp;gc_cont=0.640


Domain annotation for each sequence:
>> NZ_CP186479.1_508  # 503191 # 503604 # 1 # ID=1_508;partial=00;start_type=ATG;rbs_motif=AGxAGG/AGGxGG;rbs_spacer=11-12bp;gc_cont=0.640
   #    score  bias  c-Evalue  i-Evalue hmmfrom  hmm to    alifrom  ali to    envfrom  env to     acc
 ---   ------ ----- --------- --------- ------- -------    ------- -------    ------- -------    ----
   1 !  192.7   1.3   1.1e-61   4.9e-58       1     126 []       2     127 ..       2     127 .. 0.99



Internal pipeline statistics summary:
-------------------------------------
Query model(s):                            1  (126 nodes)
Target sequences:                       4566  (1398970 residues searched)
Passed MSV filter:                        92  (0.0201489); expected 91.3 (0.02)
Passed bias filter:                       82  (0.0179588); expected 91.3 (0.02)
Passed Vit filter:                         4  (0.00087604); expected 4.6 (0.001)
Passed Fwd filter:                         1  (0.00021901); expected 0.0 (1e-05)
Initial search space (Z):               4566  [actual number of targets]
Domain search space  (domZ):               1  [number of targets reported over threshold]
# CPU time: 0.01u 0.00s 00:00:00.01 Elapsed: 00:00:00.01
# Mc/sec: 9449.86
//
Query:       TIGR01169  [M=227]
Accession:   TIGR01169
Description: rplA_bact: ribosomal protein uL1
Scores for complete sequences (score includes all domains):
   --- full sequence ---   --- best 1 domain ---    -#dom-
    E-value  score  bias    E-value  score  bias    exp  N  Sequence          Description
    ------- ------ -----    ------- ------ -----   ---- --  --------          -----------
   6.2e-101  334.5   4.1     7e-101  334.3   4.1    1.0  1  NZ_CP186479.1_489  # 482107 # 482799 # 1 # ID=1_489;partial=00;start_type=ATG;rbs_motif=GGAGG;rbs_spacer=5-10bp;gc_cont=0.642


Domain annotation for each sequence:
>> NZ_CP186479.1_489  # 482107 # 482799 # 1 # ID=1_489;partial=00;start_type=ATG;rbs_motif=GGAGG;rbs_spacer=5-10bp;gc_cont=0.642
   #    score  bias  c-Evalue  i-Evalue hmmfrom  hmm to    alifrom  ali to    envfrom  env to     acc
 ---   ------ ----- --------- --------- ------- -------    ------- -------    ------- -------    ----
   1 !  334.3   4.1  1.5e-104    7e-101       1     226 [.       3     228 ..       3     229 .. 0.99



Internal pipeline statistics summary:
-------------------------------------
Query model(s):                            1  (227 nodes)
Target sequences:                       4566  (1398970 residues searched)
Passed MSV filter:                       123  (0.0269382); expected 91.3 (0.02)
Passed bias filter:                      102  (0.022339); expected 91.3 (0.02)
Passed Vit filter:                        13  (0.00284713); expected 4.6 (0.001)
Passed Fwd filter:                         1  (0.00021901); expected 0.0 (1e-05)
Initial search space (Z):               4566  [actual number of targets]
Domain search space  (domZ):               1  [number of targets reported over threshold]
# CPU time: 0.03u 0.00s 00:00:00.03 Elapsed: 00:00:00.02
# Mc/sec: 15037.67
//
Query:       TIGR01171  [M=275]
Accession:   TIGR01171
Description: rplB_bact: ribosomal protein uL2
Scores for complete sequences (score includes all domains):
   --- full sequence ---   --- best 1 domain ---    -#dom-
    E-value  score  bias    E-value  score  bias    exp  N  Sequence          Description
    ------- ------ -----    ------- ------ -----   ---- --  --------          -----------
   5.9e-120  397.7   5.7   6.9e-120  397.5   5.7    1.0  1  NZ_CP186479.1_504  # 500916 # 501755 # 1 # ID=1_504;partial=00;start_type=ATG;rbs_motif=GGAG/GAGG;rbs_spacer=5-10bp;gc_cont=0.652


Domain annotation for each sequence:
>> NZ_CP186479.1_504  # 500916 # 501755 # 1 # ID=1_504;partial=00;start_type=ATG;rbs_motif=GGAG/GAGG;rbs_spacer=5-10bp;gc_cont=0.652
   #    score  bias  c-Evalue  i-Evalue hmmfrom  hmm to    alifrom  ali to    envfrom  env to     acc
 ---   ------ ----- --------- --------- ------- -------    ------- -------    ------- -------    ----
   1 !  397.5   5.7  1.5e-123  6.9e-120       1     274 [.       3     274 ..       3     275 .. 0.98



Internal pipeline statistics summary:
-------------------------------------
Query model(s):                            1  (275 nodes)
Target sequences:                       4566  (1398970 residues searched)
Passed MSV filter:                        68  (0.0148927); expected 91.3 (0.02)
Passed bias filter:                       62  (0.0135786); expected 91.3 (0.02)
Passed Vit filter:                         7  (0.00153307); expected 4.6 (0.001)
Passed Fwd filter:                         1  (0.00021901); expected 0.0 (1e-05)
Initial search space (Z):               4566  [actual number of targets]
Domain search space  (domZ):               1  [number of targets reported over threshold]
# CPU time: 0.02u 0.01s 00:00:00.03 Elapsed: 00:00:00.04
# Mc/sec: 8666.90
//
Query:       TIGR01213  [M=387]
Accession:   TIGR01213
Description: pseudo_Pus10arc: tRNA pseudouridine(54/55) synthase
Scores for complete sequences (score includes all domains):
   --- full sequence ---   --- best 1 domain ---    -#dom-
    E-value  score  bias    E-value  score  bias    exp  N  Sequence Description
    ------- ------ -----    ------- ------ -----   ---- --  -------- -----------

   [No hits detected that satisfy reporting thresholds]


Domain annotation for each sequence:

   [No targets detected that satisfy reporting thresholds]


Internal pipeline statistics summary:
-------------------------------------
Query model(s):                            1  (387 nodes)
Target sequences:                       4566  (1398970 residues searched)
Passed MSV filter:                       107  (0.0234341); expected 91.3 (0.02)
Passed bias filter:                       93  (0.0203679); expected 91.3 (0.02)
Passed Vit filter:                         8  (0.00175208); expected 4.6 (0.001)
Passed Fwd filter:                         0  (0); expected 0.0 (1e-05)
Initial search space (Z):               4566  [actual number of targets]
Domain search space  (domZ):               0  [number of targets reported over threshold]
# CPU time: 0.03u 0.00s 00:00:00.03 Elapsed: 00:00:00.04
# Mc/sec: 11046.82
//
Query:       TIGR01302  [M=450]
Accession:   TIGR01302
Description: IMP_dehydrog: inosine-5'-monophosphate dehydrogenase
Scores for complete sequences (score includes all domains):
   --- full sequence ---   --- best 1 domain ---    -#dom-
    E-value  score  bias    E-value  score  bias    exp  N  Sequence           Description
    ------- ------ -----    ------- ------ -----   ---- --  --------           -----------
   6.6e-195  646.2   7.9   7.6e-195  646.0   7.9    1.0  1  NZ_CP186479.1_1485  # 1498559 # 1500061 # -1 # ID=1_1485;partial=00;start_type=TTG;rbs_motif=GGA/GAG/AGG;rbs_spacer=5-10bp;gc_cont=0.669


Domain annotation for each sequence:
>> NZ_CP186479.1_1485  # 1498559 # 1500061 # -1 # ID=1_1485;partial=00;start_type=TTG;rbs_motif=GGA/GAG/AGG;rbs_spacer=5-10bp;gc_cont=0.669
   #    score  bias  c-Evalue  i-Evalue hmmfrom  hmm to    alifrom  ali to    envfrom  env to     acc
 ---   ------ ----- --------- --------- ------- -------    ------- -------    ------- -------    ----
   1 !  646.0   7.9  1.7e-198  7.6e-195       1     449 [.      13     466 ..      13     467 .. 0.99



Internal pipeline statistics summary:
-------------------------------------
Query model(s):                            1  (450 nodes)
Target sequences:                       4566  (1398970 residues searched)
Passed MSV filter:                       198  (0.043364); expected 91.3 (0.02)
Passed bias filter:                      133  (0.0291283); expected 91.3 (0.02)
Passed Vit filter:                        18  (0.00394218); expected 4.6 (0.001)
Passed Fwd filter:                         8  (0.00175208); expected 0.0 (1e-05)
Initial search space (Z):               4566  [actual number of targets]
Domain search space  (domZ):               1  [number of targets reported over threshold]
# CPU time: 0.07u 0.00s 00:00:00.07 Elapsed: 00:00:00.07
# Mc/sec: 7931.13
//
Query:       TIGR01391  [M=414]
Accession:   TIGR01391
Description: dnaG: DNA primase
Scores for complete sequences (score includes all domains):
   --- full sequence ---   --- best 1 domain ---    -#dom-
    E-value  score  bias    E-value  score  bias    exp  N  Sequence          Description
    ------- ------ -----    ------- ------ -----   ---- --  --------          -----------
   5.5e-123  408.9   0.0   6.8e-123  408.5   0.0    1.1  1  NZ_CP186479.1_107  # 99564 # 101516 # 1 # ID=1_107;partial=00;start_type=ATG;rbs_motif=GGA/GAG/AGG;rbs_spacer=5-10bp;gc_cont=0.661


Domain annotation for each sequence:
>> NZ_CP186479.1_107  # 99564 # 101516 # 1 # ID=1_107;partial=00;start_type=ATG;rbs_motif=GGA/GAG/AGG;rbs_spacer=5-10bp;gc_cont=0.661
   #    score  bias  c-Evalue  i-Evalue hmmfrom  hmm to    alifrom  ali to    envfrom  env to     acc
 ---   ------ ----- --------- --------- ------- -------    ------- -------    ------- -------    ----
   1 !  408.5   0.0  1.5e-126  6.8e-123       2     414 .]       3     422 ..       2     422 .. 0.96



Internal pipeline statistics summary:
-------------------------------------
Query model(s):                            1  (414 nodes)
Target sequences:                       4566  (1398970 residues searched)
Passed MSV filter:                        93  (0.0203679); expected 91.3 (0.02)
Passed bias filter:                       79  (0.0173018); expected 91.3 (0.02)
Passed Vit filter:                         6  (0.00131406); expected 4.6 (0.001)
Passed Fwd filter:                         1  (0.00021901); expected 0.0 (1e-05)
Initial search space (Z):               4566  [actual number of targets]
Domain search space  (domZ):               1  [number of targets reported over threshold]
# CPU time: 0.05u 0.00s 00:00:00.05 Elapsed: 00:00:00.04
# Mc/sec: 12531.76
//
Query:       TIGR01393  [M=595]
Accession:   TIGR01393
Description: lepA: elongation factor 4
Scores for complete sequences (score includes all domains):
   --- full sequence ---   --- best 1 domain ---    -#dom-
    E-value  score  bias    E-value  score  bias    exp  N  Sequence           Description
    ------- ------ -----    ------- ------ -----   ---- --  --------           -----------
   7.8e-293  970.2   0.0     9e-293  970.0   0.0    1.0  1  NZ_CP186479.1_2580  # 2631741 # 2633546 # 1 # ID=1_2580;partial=00;start_type=ATG;rbs_motif=None;rbs_spacer=None;gc_cont=0.638


Domain annotation for each sequence:
>> NZ_CP186479.1_2580  # 2631741 # 2633546 # 1 # ID=1_2580;partial=00;start_type=ATG;rbs_motif=None;rbs_spacer=None;gc_cont=0.638
   #    score  bias  c-Evalue  i-Evalue hmmfrom  hmm to    alifrom  ali to    envfrom  env to     acc
 ---   ------ ----- --------- --------- ------- -------    ------- -------    ------- -------    ----
   1 !  970.0   0.0    2e-296    9e-293       2     594 ..       7     598 ..       6     599 .. 1.00



Internal pipeline statistics summary:
-------------------------------------
Query model(s):                            1  (595 nodes)
Target sequences:                       4566  (1398970 residues searched)
Passed MSV filter:                        86  (0.0188349); expected 91.3 (0.02)
Passed bias filter:                       79  (0.0173018); expected 91.3 (0.02)
Passed Vit filter:                        19  (0.00416119); expected 4.6 (0.001)
Passed Fwd filter:                        11  (0.00240911); expected 0.0 (1e-05)
Initial search space (Z):               4566  [actual number of targets]
Domain search space  (domZ):               1  [number of targets reported over threshold]
# CPU time: 0.12u 0.00s 00:00:00.12 Elapsed: 00:00:00.11
# Mc/sec: 7027.00
//
Query:       TIGR01394  [M=594]
Accession:   TIGR01394
Description: TypA_BipA: GTP-binding protein TypA/BipA
Scores for complete sequences (score includes all domains):
   --- full sequence ---   --- best 1 domain ---    -#dom-
    E-value  score  bias    E-value  score  bias    exp  N  Sequence           Description
    ------- ------ -----    ------- ------ -----   ---- --  --------           -----------
   2.8e-272  902.2   0.1   3.2e-272  902.0   0.1    1.0  1  NZ_CP186479.1_3027  # 3085013 # 3086827 # -1 # ID=1_3027;partial=00;start_type=ATG;rbs_motif=None;rbs_spacer=None;gc_cont=0.632


Domain annotation for each sequence:
>> NZ_CP186479.1_3027  # 3085013 # 3086827 # -1 # ID=1_3027;partial=00;start_type=ATG;rbs_motif=None;rbs_spacer=None;gc_cont=0.632
   #    score  bias  c-Evalue  i-Evalue hmmfrom  hmm to    alifrom  ali to    envfrom  env to     acc
 ---   ------ ----- --------- --------- ------- -------    ------- -------    ------- -------    ----
   1 !  902.0   0.1  7.1e-276  3.2e-272       1     594 []       3     596 ..       3     596 .. 0.99



Internal pipeline statistics summary:
-------------------------------------
Query model(s):                            1  (594 nodes)
Target sequences:                       4566  (1398970 residues searched)
Passed MSV filter:                       105  (0.0229961); expected 91.3 (0.02)
Passed bias filter:                       85  (0.0186159); expected 91.3 (0.02)
Passed Vit filter:                        16  (0.00350416); expected 4.6 (0.001)
Passed Fwd filter:                         8  (0.00175208); expected 0.0 (1e-05)
Initial search space (Z):               4566  [actual number of targets]
Domain search space  (domZ):               1  [number of targets reported over threshold]
# CPU time: 0.10u 0.01s 00:00:00.11 Elapsed: 00:00:00.11
# Mc/sec: 7307.76
//
Query:       TIGR01510  [M=155]
Accession:   TIGR01510
Description: coaD_prev_kdtB: pantetheine-phosphate adenylyltransferase
Scores for complete sequences (score includes all domains):
   --- full sequence ---   --- best 1 domain ---    -#dom-
    E-value  score  bias    E-value  score  bias    exp  N  Sequence          Description
    ------- ------ -----    ------- ------ -----   ---- --  --------          -----------
      1e-52  176.3   0.0    1.1e-52  176.1   0.0    1.0  1  NZ_CP186479.1_947  # 931609 # 932097 # -1 # ID=1_947;partial=00;start_type=ATG;rbs_motif=GGAG/GAGG;rbs_spacer=5-10bp;gc_cont=0.620


Domain annotation for each sequence:
>> NZ_CP186479.1_947  # 931609 # 932097 # -1 # ID=1_947;partial=00;start_type=ATG;rbs_motif=GGAG/GAGG;rbs_spacer=5-10bp;gc_cont=0.620
   #    score  bias  c-Evalue  i-Evalue hmmfrom  hmm to    alifrom  ali to    envfrom  env to     acc
 ---   ------ ----- --------- --------- ------- -------    ------- -------    ------- -------    ----
   1 !  176.1   0.0   2.4e-56   1.1e-52       2     152 ..       6     161 ..       5     162 .. 0.97



Internal pipeline statistics summary:
-------------------------------------
Query model(s):                            1  (155 nodes)
Target sequences:                       4566  (1398970 residues searched)
Passed MSV filter:                        81  (0.0177398); expected 91.3 (0.02)
Passed bias filter:                       75  (0.0164258); expected 91.3 (0.02)
Passed Vit filter:                        10  (0.0021901); expected 4.6 (0.001)
Passed Fwd filter:                         2  (0.00043802); expected 0.0 (1e-05)
Initial search space (Z):               4566  [actual number of targets]
Domain search space  (domZ):               1  [number of targets reported over threshold]
# CPU time: 0.02u 0.00s 00:00:00.02 Elapsed: 00:00:00.02
# Mc/sec: 8106.69
//
Query:       TIGR01632  [M=140]
Accession:   TIGR01632
Description: L11_bact: ribosomal protein uL11
Scores for complete sequences (score includes all domains):
   --- full sequence ---   --- best 1 domain ---    -#dom-
    E-value  score  bias    E-value  score  bias    exp  N  Sequence          Description
    ------- ------ -----    ------- ------ -----   ---- --  --------          -----------
    1.5e-60  201.2   0.4    1.7e-60  201.0   0.4    1.0  1  NZ_CP186479.1_488  # 481676 # 482104 # 1 # ID=1_488;partial=00;start_type=ATG;rbs_motif=GGAG/GAGG;rbs_spacer=5-10bp;gc_cont=0.608


Domain annotation for each sequence:
>> NZ_CP186479.1_488  # 481676 # 482104 # 1 # ID=1_488;partial=00;start_type=ATG;rbs_motif=GGAG/GAGG;rbs_spacer=5-10bp;gc_cont=0.608
   #    score  bias  c-Evalue  i-Evalue hmmfrom  hmm to    alifrom  ali to    envfrom  env to     acc
 ---   ------ ----- --------- --------- ------- -------    ------- -------    ------- -------    ----
   1 !  201.0   0.4   3.7e-64   1.7e-60       1     139 [.       3     141 ..       3     142 .. 0.99



Internal pipeline statistics summary:
-------------------------------------
Query model(s):                            1  (140 nodes)
Target sequences:                       4566  (1398970 residues searched)
Passed MSV filter:                        85  (0.0186159); expected 91.3 (0.02)
Passed bias filter:                       74  (0.0162067); expected 91.3 (0.02)
Passed Vit filter:                         5  (0.00109505); expected 4.6 (0.001)
Passed Fwd filter:                         1  (0.00021901); expected 0.0 (1e-05)
Initial search space (Z):               4566  [actual number of targets]
Domain search space  (domZ):               1  [number of targets reported over threshold]
# CPU time: 0.02u 0.00s 00:00:00.02 Elapsed: 00:00:00.02
# Mc/sec: 8675.25
//
Query:       TIGR01951  [M=131]
Accession:   TIGR01951
Description: nusB: transcription antitermination factor NusB
Scores for complete sequences (score includes all domains):
   --- full sequence ---   --- best 1 domain ---    -#dom-
    E-value  score  bias    E-value  score  bias    exp  N  Sequence           Description
    ------- ------ -----    ------- ------ -----   ---- --  --------           -----------
    1.6e-39  133.1   0.0    1.9e-39  132.9   0.0    1.1  1  NZ_CP186479.1_1179  # 1180065 # 1180604 # -1 # ID=1_1179;partial=00;start_type=TTG;rbs_motif=GGAG/GAGG;rbs_spacer=5-10bp;gc_cont=0.607


Domain annotation for each sequence:
>> NZ_CP186479.1_1179  # 1180065 # 1180604 # -1 # ID=1_1179;partial=00;start_type=TTG;rbs_motif=GGAG/GAGG;rbs_spacer=5-10bp;gc_cont=0.607
   #    score  bias  c-Evalue  i-Evalue hmmfrom  hmm to    alifrom  ali to    envfrom  env to     acc
 ---   ------ ----- --------- --------- ------- -------    ------- -------    ------- -------    ----
   1 !  132.9   0.0   4.2e-43   1.9e-39       2     130 ..      31     168 ..      29     169 .. 0.92



Internal pipeline statistics summary:
-------------------------------------
Query model(s):                            1  (131 nodes)
Target sequences:                       4566  (1398970 residues searched)
Passed MSV filter:                        95  (0.020806); expected 91.3 (0.02)
Passed bias filter:                       77  (0.0168638); expected 91.3 (0.02)
Passed Vit filter:                         3  (0.00065703); expected 4.6 (0.001)
Passed Fwd filter:                         2  (0.00043802); expected 0.0 (1e-05)
Initial search space (Z):               4566  [actual number of targets]
Domain search space  (domZ):               1  [number of targets reported over threshold]
# CPU time: 0.02u 0.00s 00:00:00.02 Elapsed: 00:00:00.01
# Mc/sec: 12105.08
//
Query:       TIGR01952  [M=141]
Accession:   TIGR01952
Description: nusA_arch: NusA family KH domain protein, archaeal
Scores for complete sequences (score includes all domains):
   --- full sequence ---   --- best 1 domain ---    -#dom-
    E-value  score  bias    E-value  score  bias    exp  N  Sequence Description
    ------- ------ -----    ------- ------ -----   ---- --  -------- -----------

   [No hits detected that satisfy reporting thresholds]


Domain annotation for each sequence:

   [No targets detected that satisfy reporting thresholds]


Internal pipeline statistics summary:
-------------------------------------
Query model(s):                            1  (141 nodes)
Target sequences:                       4566  (1398970 residues searched)
Passed MSV filter:                       112  (0.0245291); expected 91.3 (0.02)
Passed bias filter:                       93  (0.0203679); expected 91.3 (0.02)
Passed Vit filter:                         7  (0.00153307); expected 4.6 (0.001)
Passed Fwd filter:                         2  (0.00043802); expected 0.0 (1e-05)
Initial search space (Z):               4566  [actual number of targets]
Domain search space  (domZ):               0  [number of targets reported over threshold]
# CPU time: 0.03u 0.00s 00:00:00.03 Elapsed: 00:00:00.03
# Mc/sec: 6077.21
//
Query:       TIGR01953  [M=340]
Accession:   TIGR01953
Description: NusA: transcription termination factor NusA
Scores for complete sequences (score includes all domains):
   --- full sequence ---   --- best 1 domain ---    -#dom-
    E-value  score  bias    E-value  score  bias    exp  N  Sequence           Description
    ------- ------ -----    ------- ------ -----   ---- --  --------           -----------
   2.6e-131  435.6   5.4   3.4e-131  435.2   5.4    1.1  1  NZ_CP186479.1_2694  # 2748390 # 2749988 # 1 # ID=1_2694;partial=00;start_type=ATG;rbs_motif=AGGAG;rbs_spacer=5-10bp;gc_cont=0.645


Domain annotation for each sequence:
>> NZ_CP186479.1_2694  # 2748390 # 2749988 # 1 # ID=1_2694;partial=00;start_type=ATG;rbs_motif=AGGAG;rbs_spacer=5-10bp;gc_cont=0.645
   #    score  bias  c-Evalue  i-Evalue hmmfrom  hmm to    alifrom  ali to    envfrom  env to     acc
 ---   ------ ----- --------- --------- ------- -------    ------- -------    ------- -------    ----
   1 !  435.2   5.4  7.5e-135  3.4e-131       1     339 [.       9     346 ..       9     347 .. 0.99



Internal pipeline statistics summary:
-------------------------------------
Query model(s):                            1  (340 nodes)
Target sequences:                       4566  (1398970 residues searched)
Passed MSV filter:                        80  (0.0175208); expected 91.3 (0.02)
Passed bias filter:                       63  (0.0137976); expected 91.3 (0.02)
Passed Vit filter:                         7  (0.00153307); expected 4.6 (0.001)
Passed Fwd filter:                         2  (0.00043802); expected 0.0 (1e-05)
Initial search space (Z):               4566  [actual number of targets]
Domain search space  (domZ):               1  [number of targets reported over threshold]
# CPU time: 0.05u 0.00s 00:00:00.05 Elapsed: 00:00:00.04
# Mc/sec: 10708.57
//
Query:       TIGR02012  [M=321]
Accession:   TIGR02012
Description: tigrfam_recA: protein RecA
Scores for complete sequences (score includes all domains):
   --- full sequence ---   --- best 1 domain ---    -#dom-
    E-value  score  bias    E-value  score  bias    exp  N  Sequence          Description
    ------- ------ -----    ------- ------ -----   ---- --  --------          -----------
   1.9e-172  570.9   2.6   2.1e-172  570.7   2.6    1.0  1  NZ_CP186479.1_378  # 386302 # 387339 # 1 # ID=1_378;partial=00;start_type=ATG;rbs_motif=GGAG/GAGG;rbs_spacer=5-10bp;gc_cont=0.631


Domain annotation for each sequence:
>> NZ_CP186479.1_378  # 386302 # 387339 # 1 # ID=1_378;partial=00;start_type=ATG;rbs_motif=GGAG/GAGG;rbs_spacer=5-10bp;gc_cont=0.631
   #    score  bias  c-Evalue  i-Evalue hmmfrom  hmm to    alifrom  ali to    envfrom  env to     acc
 ---   ------ ----- --------- --------- ------- -------    ------- -------    ------- -------    ----
   1 !  570.7   2.6  4.6e-176  2.1e-172       1     321 []       2     322 ..       2     322 .. 1.00



Internal pipeline statistics summary:
-------------------------------------
Query model(s):                            1  (321 nodes)
Target sequences:                       4566  (1398970 residues searched)
Passed MSV filter:                       195  (0.042707); expected 91.3 (0.02)
Passed bias filter:                      167  (0.0365747); expected 91.3 (0.02)
Passed Vit filter:                        29  (0.00635129); expected 4.6 (0.001)
Passed Fwd filter:                         3  (0.00065703); expected 0.0 (1e-05)
Initial search space (Z):               4566  [actual number of targets]
Domain search space  (domZ):               1  [number of targets reported over threshold]
# CPU time: 0.04u 0.00s 00:00:00.04 Elapsed: 00:00:00.06
# Mc/sec: 6904.57
//
Query:       TIGR02013  [M=1238]
Accession:   TIGR02013
Description: rpoB: DNA-directed RNA polymerase, beta subunit
Scores for complete sequences (score includes all domains):
   --- full sequence ---   --- best 1 domain ---    -#dom-
    E-value  score  bias    E-value  score  bias    exp  N  Sequence          Description
    ------- ------ -----    ------- ------ -----   ---- --  --------          -----------
          0 1948.2   4.6          0 1948.0   4.6    1.0  1  NZ_CP186479.1_492  # 484357 # 488502 # 1 # ID=1_492;partial=00;start_type=ATG;rbs_motif=AGGAG;rbs_spacer=5-10bp;gc_cont=0.621


Domain annotation for each sequence:
>> NZ_CP186479.1_492  # 484357 # 488502 # 1 # ID=1_492;partial=00;start_type=ATG;rbs_motif=AGGAG;rbs_spacer=5-10bp;gc_cont=0.621
   #    score  bias  c-Evalue  i-Evalue hmmfrom  hmm to    alifrom  ali to    envfrom  env to     acc
 ---   ------ ----- --------- --------- ------- -------    ------- -------    ------- -------    ----
   1 ! 1948.0   4.6         0         0       3    1238 .]      10    1356 ..       8    1356 .. 0.97



Internal pipeline statistics summary:
-------------------------------------
Query model(s):                            1  (1238 nodes)
Target sequences:                       4566  (1398970 residues searched)
Passed MSV filter:                       103  (0.022558); expected 91.3 (0.02)
Passed bias filter:                       80  (0.0175208); expected 91.3 (0.02)
Passed Vit filter:                        10  (0.0021901); expected 4.6 (0.001)
Passed Fwd filter:                         2  (0.00043802); expected 0.0 (1e-05)
Initial search space (Z):               4566  [actual number of targets]
Domain search space  (domZ):               1  [number of targets reported over threshold]
# CPU time: 0.14u 0.02s 00:00:00.16 Elapsed: 00:00:00.16
# Mc/sec: 10316.60
//
Query:       TIGR02027  [M=298]
Accession:   TIGR02027
Description: rpoA: DNA-directed RNA polymerase, alpha subunit
Scores for complete sequences (score includes all domains):
   --- full sequence ---   --- best 1 domain ---    -#dom-
    E-value  score  bias    E-value  score  bias    exp  N  Sequence          Description
    ------- ------ -----    ------- ------ -----   ---- --  --------          -----------
   1.3e-115  383.6   0.0   1.5e-115  383.4   0.0    1.0  1  NZ_CP186479.1_525  # 511490 # 512509 # 1 # ID=1_525;partial=00;start_type=GTG;rbs_motif=AGGA;rbs_spacer=5-10bp;gc_cont=0.619


Domain annotation for each sequence:
>> NZ_CP186479.1_525  # 511490 # 512509 # 1 # ID=1_525;partial=00;start_type=GTG;rbs_motif=AGGA;rbs_spacer=5-10bp;gc_cont=0.619
   #    score  bias  c-Evalue  i-Evalue hmmfrom  hmm to    alifrom  ali to    envfrom  env to     acc
 ---   ------ ----- --------- --------- ------- -------    ------- -------    ------- -------    ----
   1 !  383.4   0.0  3.3e-119  1.5e-115       2     298 .]      28     319 ..      27     319 .. 0.97



Internal pipeline statistics summary:
-------------------------------------
Query model(s):                            1  (298 nodes)
Target sequences:                       4566  (1398970 residues searched)
Passed MSV filter:                        78  (0.0170828); expected 91.3 (0.02)
Passed bias filter:                       65  (0.0142357); expected 91.3 (0.02)
Passed Vit filter:                         9  (0.00197109); expected 4.6 (0.001)
Passed Fwd filter:                         1  (0.00021901); expected 0.0 (1e-05)
Initial search space (Z):               4566  [actual number of targets]
Domain search space  (domZ):               1  [number of targets reported over threshold]
# CPU time: 0.03u 0.00s 00:00:00.03 Elapsed: 00:00:00.03
# Mc/sec: 11230.50
//
Query:       TIGR02075  [M=233]
Accession:   TIGR02075
Description: pyrH_bact: UMP kinase
Scores for complete sequences (score includes all domains):
   --- full sequence ---   --- best 1 domain ---    -#dom-
    E-value  score  bias    E-value  score  bias    exp  N  Sequence          Description
    ------- ------ -----    ------- ------ -----   ---- --  --------          -----------
    1.6e-89  297.5   0.2    1.8e-89  297.3   0.2    1.0  1  NZ_CP186479.1_741  # 729803 # 730516 # -1 # ID=1_741;partial=00;start_type=ATG;rbs_motif=GGAG/GAGG;rbs_spacer=5-10bp;gc_cont=0.615


Domain annotation for each sequence:
>> NZ_CP186479.1_741  # 729803 # 730516 # -1 # ID=1_741;partial=00;start_type=ATG;rbs_motif=GGAG/GAGG;rbs_spacer=5-10bp;gc_cont=0.615
   #    score  bias  c-Evalue  i-Evalue hmmfrom  hmm to    alifrom  ali to    envfrom  env to     acc
 ---   ------ ----- --------- --------- ------- -------    ------- -------    ------- -------    ----
   1 !  297.3   0.2     4e-93   1.8e-89       1     232 [.       6     236 ..       6     237 .. 0.99



Internal pipeline statistics summary:
-------------------------------------
Query model(s):                            1  (233 nodes)
Target sequences:                       4566  (1398970 residues searched)
Passed MSV filter:                       112  (0.0245291); expected 91.3 (0.02)
Passed bias filter:                       93  (0.0203679); expected 91.3 (0.02)
Passed Vit filter:                         9  (0.00197109); expected 4.6 (0.001)
Passed Fwd filter:                         3  (0.00065703); expected 0.0 (1e-05)
Initial search space (Z):               4566  [actual number of targets]
Domain search space  (domZ):               1  [number of targets reported over threshold]
# CPU time: 0.04u 0.00s 00:00:00.04 Elapsed: 00:00:00.04
# Mc/sec: 7589.18
//
Query:       TIGR02191  [M=219]
Accession:   TIGR02191
Description: RNaseIII: ribonuclease III
Scores for complete sequences (score includes all domains):
   --- full sequence ---   --- best 1 domain ---    -#dom-
    E-value  score  bias    E-value  score  bias    exp  N  Sequence           Description
    ------- ------ -----    ------- ------ -----   ---- --  --------           -----------
    2.1e-69  231.4   0.0    2.4e-69  231.2   0.0    1.0  1  NZ_CP186479.1_1195  # 1193704 # 1194408 # -1 # ID=1_1195;partial=00;start_type=ATG;rbs_motif=None;rbs_spacer=None;gc_cont=0.665


Domain annotation for each sequence:
>> NZ_CP186479.1_1195  # 1193704 # 1194408 # -1 # ID=1_1195;partial=00;start_type=ATG;rbs_motif=None;rbs_spacer=None;gc_cont=0.665
   #    score  bias  c-Evalue  i-Evalue hmmfrom  hmm to    alifrom  ali to    envfrom  env to     acc
 ---   ------ ----- --------- --------- ------- -------    ------- -------    ------- -------    ----
   1 !  231.2   0.0   5.2e-73   2.4e-69       1     216 [.      10     224 ..      10     227 .. 0.96



Internal pipeline statistics summary:
-------------------------------------
Query model(s):                            1  (219 nodes)
Target sequences:                       4566  (1398970 residues searched)
Passed MSV filter:                        80  (0.0175208); expected 91.3 (0.02)
Passed bias filter:                       57  (0.0124836); expected 91.3 (0.02)
Passed Vit filter:                         2  (0.00043802); expected 4.6 (0.001)
Passed Fwd filter:                         1  (0.00021901); expected 0.0 (1e-05)
Initial search space (Z):               4566  [actual number of targets]
Domain search space  (domZ):               1  [number of targets reported over threshold]
# CPU time: 0.03u 0.00s 00:00:00.03 Elapsed: 00:00:00.02
# Mc/sec: 12527.61
//
Query:       TIGR02236  [M=311]
Accession:   TIGR02236
Description: recomb_radA: DNA repair and recombination protein RadA
Scores for complete sequences (score includes all domains):
   --- full sequence ---   --- best 1 domain ---    -#dom-
    E-value  score  bias    E-value  score  bias    exp  N  Sequence Description
    ------- ------ -----    ------- ------ -----   ---- --  -------- -----------

   [No hits detected that satisfy reporting thresholds]


Domain annotation for each sequence:

   [No targets detected that satisfy reporting thresholds]


Internal pipeline statistics summary:
-------------------------------------
Query model(s):                            1  (311 nodes)
Target sequences:                       4566  (1398970 residues searched)
Passed MSV filter:                       168  (0.0367937); expected 91.3 (0.02)
Passed bias filter:                      127  (0.0278143); expected 91.3 (0.02)
Passed Vit filter:                        13  (0.00284713); expected 4.6 (0.001)
Passed Fwd filter:                         2  (0.00043802); expected 0.0 (1e-05)
Initial search space (Z):               4566  [actual number of targets]
Domain search space  (domZ):               0  [number of targets reported over threshold]
# CPU time: 0.04u 0.00s 00:00:00.04 Elapsed: 00:00:00.04
# Mc/sec: 9508.46
//
Query:       TIGR02273  [M=166]
Accession:   TIGR02273
Description: 16S_RimM: 16S rRNA processing protein RimM
Scores for complete sequences (score includes all domains):
   --- full sequence ---   --- best 1 domain ---    -#dom-
    E-value  score  bias    E-value  score  bias    exp  N  Sequence           Description
    ------- ------ -----    ------- ------ -----   ---- --  --------           -----------
    4.5e-41  138.0   0.0    5.1e-41  137.9   0.0    1.0  1  NZ_CP186479.1_3068  # 3121405 # 3121950 # 1 # ID=1_3068;partial=00;start_type=GTG;rbs_motif=GGA/GAG/AGG;rbs_spacer=5-10bp;gc_cont=0.672


Domain annotation for each sequence:
>> NZ_CP186479.1_3068  # 3121405 # 3121950 # 1 # ID=1_3068;partial=00;start_type=GTG;rbs_motif=GGA/GAG/AGG;rbs_spacer=5-10bp;gc_cont=0.672
   #    score  bias  c-Evalue  i-Evalue hmmfrom  hmm to    alifrom  ali to    envfrom  env to     acc
 ---   ------ ----- --------- --------- ------- -------    ------- -------    ------- -------    ----
   1 !  137.9   0.0   1.1e-44   5.1e-41       2     163 ..      10     169 ..       9     172 .. 0.96



Internal pipeline statistics summary:
-------------------------------------
Query model(s):                            1  (166 nodes)
Target sequences:                       4566  (1398970 residues searched)
Passed MSV filter:                        56  (0.0122646); expected 91.3 (0.02)
Passed bias filter:                       52  (0.0113885); expected 91.3 (0.02)
Passed Vit filter:                         7  (0.00153307); expected 4.6 (0.001)
Passed Fwd filter:                         2  (0.00043802); expected 0.0 (1e-05)
Initial search space (Z):               4566  [actual number of targets]
Domain search space  (domZ):               1  [number of targets reported over threshold]
# CPU time: 0.02u 0.00s 00:00:00.02 Elapsed: 00:00:00.01
# Mc/sec: 15533.39
//
Query:       TIGR02338  [M=110]
Accession:   TIGR02338
Description: gimC_beta: prefoldin, beta subunit
Scores for complete sequences (score includes all domains):
   --- full sequence ---   --- best 1 domain ---    -#dom-
    E-value  score  bias    E-value  score  bias    exp  N  Sequence Description
    ------- ------ -----    ------- ------ -----   ---- --  -------- -----------

   [No hits detected that satisfy reporting thresholds]


Domain annotation for each sequence:

   [No targets detected that satisfy reporting thresholds]


Internal pipeline statistics summary:
-------------------------------------
Query model(s):                            1  (110 nodes)
Target sequences:                       4566  (1398970 residues searched)
Passed MSV filter:                       126  (0.0275953); expected 91.3 (0.02)
Passed bias filter:                       83  (0.0181778); expected 91.3 (0.02)
Passed Vit filter:                         6  (0.00131406); expected 4.6 (0.001)
Passed Fwd filter:                         0  (0); expected 0.0 (1e-05)
Initial search space (Z):               4566  [actual number of targets]
Domain search space  (domZ):               0  [number of targets reported over threshold]
# CPU time: 0.02u 0.00s 00:00:00.02 Elapsed: 00:00:00.02
# Mc/sec: 6703.70
//
Query:       TIGR02350  [M=596]
Accession:   TIGR02350
Description: prok_dnaK: chaperone protein DnaK
Scores for complete sequences (score includes all domains):
   --- full sequence ---   --- best 1 domain ---    -#dom-
    E-value  score  bias    E-value  score  bias    exp  N  Sequence           Description
    ------- ------ -----    ------- ------ -----   ---- --  --------           -----------
   2.2e-302 1001.8  17.3   2.6e-302 1001.6  17.3    1.0  1  NZ_CP186479.1_2936  # 2998468 # 3000375 # 1 # ID=1_2936;partial=00;start_type=ATG;rbs_motif=GGAG/GAGG;rbs_spacer=5-10bp;gc_cont=0.637


Domain annotation for each sequence:
>> NZ_CP186479.1_2936  # 2998468 # 3000375 # 1 # ID=1_2936;partial=00;start_type=ATG;rbs_motif=GGAG/GAGG;rbs_spacer=5-10bp;gc_cont=0.637
   #    score  bias  c-Evalue  i-Evalue hmmfrom  hmm to    alifrom  ali to    envfrom  env to     acc
 ---   ------ ----- --------- --------- ------- -------    ------- -------    ------- -------    ----
   1 ! 1001.6  17.3  5.6e-306  2.6e-302       1     596 []       3     599 ..       3     599 .. 0.99



Internal pipeline statistics summary:
-------------------------------------
Query model(s):                            1  (596 nodes)
Target sequences:                       4566  (1398970 residues searched)
Passed MSV filter:                       170  (0.0372317); expected 91.3 (0.02)
Passed bias filter:                      117  (0.0256242); expected 91.3 (0.02)
Passed Vit filter:                         9  (0.00197109); expected 4.6 (0.001)
Passed Fwd filter:                         2  (0.00043802); expected 0.0 (1e-05)
Initial search space (Z):               4566  [actual number of targets]
Domain search space  (domZ):               1  [number of targets reported over threshold]
# CPU time: 0.07u 0.00s 00:00:00.07 Elapsed: 00:00:00.06
# Mc/sec: 12071.60
//
Query:       TIGR02386  [M=1147]
Accession:   TIGR02386
Description: rpoC_TIGR: DNA-directed RNA polymerase, beta' subunit
Scores for complete sequences (score includes all domains):
   --- full sequence ---   --- best 1 domain ---    -#dom-
    E-value  score  bias    E-value  score  bias    exp  N  Sequence          Description
    ------- ------ -----    ------- ------ -----   ---- --  --------          -----------
          0 1780.7   0.1          0 1470.1   0.0    2.4  1  NZ_CP186479.1_493  # 488585 # 492787 # 1 # ID=1_493;partial=00;start_type=ATG;rbs_motif=AGGAG;rbs_spacer=5-10bp;gc_cont=0.631


Domain annotation for each sequence:
>> NZ_CP186479.1_493  # 488585 # 492787 # 1 # ID=1_493;partial=00;start_type=ATG;rbs_motif=AGGAG;rbs_spacer=5-10bp;gc_cont=0.631
   #    score  bias  c-Evalue  i-Evalue hmmfrom  hmm to    alifrom  ali to    envfrom  env to     acc
 ---   ------ ----- --------- --------- ------- -------    ------- -------    ------- -------    ----
   1 ! 1470.1   0.0         0         0       2    1000 ..      23    1026 ..      22    1046 .. 0.95



Internal pipeline statistics summary:
-------------------------------------
Query model(s):                            1  (1147 nodes)
Target sequences:                       4566  (1398970 residues searched)
Passed MSV filter:                        73  (0.0159877); expected 91.3 (0.02)
Passed bias filter:                       61  (0.0133596); expected 91.3 (0.02)
Passed Vit filter:                         5  (0.00109505); expected 4.6 (0.001)
Passed Fwd filter:                         1  (0.00021901); expected 0.0 (1e-05)
Initial search space (Z):               4566  [actual number of targets]
Domain search space  (domZ):               1  [number of targets reported over threshold]
# CPU time: 0.12u 0.01s 00:00:00.13 Elapsed: 00:00:00.12
# Mc/sec: 12476.58
//
Query:       TIGR02389  [M=367]
Accession:   TIGR02389
Description: RNA_pol_rpoA2: DNA-directed RNA polymerase, subunit A''
Scores for complete sequences (score includes all domains):
   --- full sequence ---   --- best 1 domain ---    -#dom-
    E-value  score  bias    E-value  score  bias    exp  N  Sequence Description
    ------- ------ -----    ------- ------ -----   ---- --  -------- -----------

   [No hits detected that satisfy reporting thresholds]


Domain annotation for each sequence:

   [No targets detected that satisfy reporting thresholds]


Internal pipeline statistics summary:
-------------------------------------
Query model(s):                            1  (367 nodes)
Target sequences:                       4566  (1398970 residues searched)
Passed MSV filter:                       134  (0.0293473); expected 91.3 (0.02)
Passed bias filter:                      111  (0.0243101); expected 91.3 (0.02)
Passed Vit filter:                        14  (0.00306614); expected 4.6 (0.001)
Passed Fwd filter:                         1  (0.00021901); expected 0.0 (1e-05)
Initial search space (Z):               4566  [actual number of targets]
Domain search space  (domZ):               0  [number of targets reported over threshold]
# CPU time: 0.04u 0.00s 00:00:00.04 Elapsed: 00:00:00.07
# Mc/sec: 7217.44
//
Query:       TIGR02390  [M=867]
Accession:   TIGR02390
Description: RNA_pol_rpoA1: DNA-directed RNA polymerase subunit A'
Scores for complete sequences (score includes all domains):
   --- full sequence ---   --- best 1 domain ---    -#dom-
    E-value  score  bias    E-value  score  bias    exp  N  Sequence Description
    ------- ------ -----    ------- ------ -----   ---- --  -------- -----------

   [No hits detected that satisfy reporting thresholds]


Domain annotation for each sequence:

   [No targets detected that satisfy reporting thresholds]


Internal pipeline statistics summary:
-------------------------------------
Query model(s):                            1  (867 nodes)
Target sequences:                       4566  (1398970 residues searched)
Passed MSV filter:                        82  (0.0179588); expected 91.3 (0.02)
Passed bias filter:                       75  (0.0164258); expected 91.3 (0.02)
Passed Vit filter:                         7  (0.00153307); expected 4.6 (0.001)
Passed Fwd filter:                         1  (0.00021901); expected 0.0 (1e-05)
Initial search space (Z):               4566  [actual number of targets]
Domain search space  (domZ):               0  [number of targets reported over threshold]
# CPU time: 0.11u 0.00s 00:00:00.11 Elapsed: 00:00:00.11
# Mc/sec: 10896.59
//
Query:       TIGR02397  [M=355]
Accession:   TIGR02397
Description: dnaX_nterm: DNA polymerase III, subunit gamma and tau
Scores for complete sequences (score includes all domains):
   --- full sequence ---   --- best 1 domain ---    -#dom-
    E-value  score  bias    E-value  score  bias    exp  N  Sequence           Description
    ------- ------ -----    ------- ------ -----   ---- --  --------           -----------
   2.6e-116  386.7   0.0   3.3e-116  386.4   0.0    1.1  1  NZ_CP186479.1_2125  # 2172913 # 2174721 # -1 # ID=1_2125;partial=00;start_type=ATG;rbs_motif=None;rbs_spacer=None;gc_cont=0.661


Domain annotation for each sequence:
>> NZ_CP186479.1_2125  # 2172913 # 2174721 # -1 # ID=1_2125;partial=00;start_type=ATG;rbs_motif=None;rbs_spacer=None;gc_cont=0.661
   #    score  bias  c-Evalue  i-Evalue hmmfrom  hmm to    alifrom  ali to    envfrom  env to     acc
 ---   ------ ----- --------- --------- ------- -------    ------- -------    ------- -------    ----
   1 !  386.4   0.0  7.3e-120  3.3e-116       1     354 [.      25     384 ..      25     385 .. 0.97



Internal pipeline statistics summary:
-------------------------------------
Query model(s):                            1  (355 nodes)
Target sequences:                       4566  (1398970 residues searched)
Passed MSV filter:                       264  (0.0578187); expected 91.3 (0.02)
Passed bias filter:                      246  (0.0538765); expected 91.3 (0.02)
Passed Vit filter:                       103  (0.022558); expected 4.6 (0.001)
Passed Fwd filter:                         9  (0.00197109); expected 0.0 (1e-05)
Initial search space (Z):               4566  [actual number of targets]
Domain search space  (domZ):               1  [number of targets reported over threshold]
# CPU time: 0.08u 0.01s 00:00:00.09 Elapsed: 00:00:00.08
# Mc/sec: 5777.01
//
Query:       TIGR02432  [M=189]
Accession:   TIGR02432
Description: lysidine_TilS_N: tRNA(Ile)-lysidine synthetase
Scores for complete sequences (score includes all domains):
   --- full sequence ---   --- best 1 domain ---    -#dom-
    E-value  score  bias    E-value  score  bias    exp  N  Sequence           Description
    ------- ------ -----    ------- ------ -----   ---- --  --------           -----------
    1.9e-44  149.8   0.0    2.4e-44  149.5   0.0    1.1  1  NZ_CP186479.1_4030  # 4101345 # 4102373 # 1 # ID=1_4030;partial=00;start_type=ATG;rbs_motif=AGxAGG/AGGxGG;rbs_spacer=3-4bp;gc_cont=0.682


Domain annotation for each sequence:
>> NZ_CP186479.1_4030  # 4101345 # 4102373 # 1 # ID=1_4030;partial=00;start_type=ATG;rbs_motif=AGxAGG/AGGxGG;rbs_spacer=3-4bp;gc_cont=0.682
   #    score  bias  c-Evalue  i-Evalue hmmfrom  hmm to    alifrom  ali to    envfrom  env to     acc
 ---   ------ ----- --------- --------- ------- -------    ------- -------    ------- -------    ----
   1 !  149.5   0.0   5.3e-48   2.4e-44       2     186 ..      22     203 ..      21     206 .. 0.94



Internal pipeline statistics summary:
-------------------------------------
Query model(s):                            1  (189 nodes)
Target sequences:                       4566  (1398970 residues searched)
Passed MSV filter:                        69  (0.0151117); expected 91.3 (0.02)
Passed bias filter:                       60  (0.0131406); expected 91.3 (0.02)
Passed Vit filter:                        12  (0.00262812); expected 4.6 (0.001)
Passed Fwd filter:                         5  (0.00109505); expected 0.0 (1e-05)
Initial search space (Z):               4566  [actual number of targets]
Domain search space  (domZ):               1  [number of targets reported over threshold]
# CPU time: 0.04u 0.00s 00:00:00.04 Elapsed: 00:00:00.03
# Mc/sec: 6710.74
//
Query:       TIGR02729  [M=329]
Accession:   TIGR02729
Description: Obg_CgtA: Obg family GTPase CgtA
Scores for complete sequences (score includes all domains):
   --- full sequence ---   --- best 1 domain ---    -#dom-
    E-value  score  bias    E-value  score  bias    exp  N  Sequence           Description
    ------- ------ -----    ------- ------ -----   ---- --  --------           -----------
   3.7e-137  454.7   2.9   4.2e-137  454.5   2.9    1.0  1  NZ_CP186479.1_3317  # 3374849 # 3375892 # -1 # ID=1_3317;partial=00;start_type=ATG;rbs_motif=AGxAGG/AGGxGG;rbs_spacer=5-10bp;gc_cont=0.635


Domain annotation for each sequence:
>> NZ_CP186479.1_3317  # 3374849 # 3375892 # -1 # ID=1_3317;partial=00;start_type=ATG;rbs_motif=AGxAGG/AGGxGG;rbs_spacer=5-10bp;gc_cont=0.635
   #    score  bias  c-Evalue  i-Evalue hmmfrom  hmm to    alifrom  ali to    envfrom  env to     acc
 ---   ------ ----- --------- --------- ------- -------    ------- -------    ------- -------    ----
   1 !  454.5   2.9  9.2e-141  4.2e-137       1     327 [.       3     325 ..       3     327 .. 0.99



Internal pipeline statistics summary:
-------------------------------------
Query model(s):                            1  (329 nodes)
Target sequences:                       4566  (1398970 residues searched)
Passed MSV filter:                       272  (0.0595707); expected 91.3 (0.02)
Passed bias filter:                      231  (0.0505913); expected 91.3 (0.02)
Passed Vit filter:                        78  (0.0170828); expected 4.6 (0.001)
Passed Fwd filter:                         9  (0.00197109); expected 0.0 (1e-05)
Initial search space (Z):               4566  [actual number of targets]
Domain search space  (domZ):               1  [number of targets reported over threshold]
# CPU time: 0.08u 0.00s 00:00:00.08 Elapsed: 00:00:00.10
# Mc/sec: 4541.16
//
Query:       TIGR03263  [M=180]
Accession:   TIGR03263
Description: guanyl_kin: guanylate kinase
Scores for complete sequences (score includes all domains):
   --- full sequence ---   --- best 1 domain ---    -#dom-
    E-value  score  bias    E-value  score  bias    exp  N  Sequence           Description
    ------- ------ -----    ------- ------ -----   ---- --  --------           -----------
      5e-68  226.2   0.0    5.9e-68  226.0   0.0    1.0  1  NZ_CP186479.1_1449  # 1464779 # 1465417 # -1 # ID=1_1449;partial=00;start_type=ATG;rbs_motif=GGA/GAG/AGG;rbs_spacer=5-10bp;gc_cont=0.624


Domain annotation for each sequence:
>> NZ_CP186479.1_1449  # 1464779 # 1465417 # -1 # ID=1_1449;partial=00;start_type=ATG;rbs_motif=GGA/GAG/AGG;rbs_spacer=5-10bp;gc_cont=0.624
   #    score  bias  c-Evalue  i-Evalue hmmfrom  hmm to    alifrom  ali to    envfrom  env to     acc
 ---   ------ ----- --------- --------- ------- -------    ------- -------    ------- -------    ----
   1 !  226.0   0.0   1.3e-71   5.9e-68       2     179 ..       8     186 ..       7     187 .. 0.98



Internal pipeline statistics summary:
-------------------------------------
Query model(s):                            1  (180 nodes)
Target sequences:                       4566  (1398970 residues searched)
Passed MSV filter:                       309  (0.0676741); expected 91.3 (0.02)
Passed bias filter:                      303  (0.0663601); expected 91.3 (0.02)
Passed Vit filter:                       157  (0.0343846); expected 4.6 (0.001)
Passed Fwd filter:                        30  (0.0065703); expected 0.0 (1e-05)
Initial search space (Z):               4566  [actual number of targets]
Domain search space  (domZ):               1  [number of targets reported over threshold]
# CPU time: 0.07u 0.00s 00:00:00.07 Elapsed: 00:00:00.09
# Mc/sec: 2731.03
//
Query:       TIGR03594  [M=432]
Accession:   TIGR03594
Description: GTPase_EngA: ribosome-associated GTPase EngA
Scores for complete sequences (score includes all domains):
   --- full sequence ---   --- best 1 domain ---    -#dom-
    E-value  score  bias    E-value  score  bias    exp  N  Sequence           Description
    ------- ------ -----    ------- ------ -----   ---- --  --------           -----------
   9.3e-165  546.8   0.0   1.1e-164  546.6   0.0    1.0  1  NZ_CP186479.1_1471  # 1485177 # 1486607 # -1 # ID=1_1471;partial=00;start_type=ATG;rbs_motif=None;rbs_spacer=None;gc_cont=0.655


Domain annotation for each sequence:
>> NZ_CP186479.1_1471  # 1485177 # 1486607 # -1 # ID=1_1471;partial=00;start_type=ATG;rbs_motif=None;rbs_spacer=None;gc_cont=0.655
   #    score  bias  c-Evalue  i-Evalue hmmfrom  hmm to    alifrom  ali to    envfrom  env to     acc
 ---   ------ ----- --------- --------- ------- -------    ------- -------    ------- -------    ----
   1 !  546.6   0.0  2.4e-168  1.1e-164       2     432 .]       4     465 ..       3     465 .. 0.94



Internal pipeline statistics summary:
-------------------------------------
Query model(s):                            1  (432 nodes)
Target sequences:                       4566  (1398970 residues searched)
Passed MSV filter:                       253  (0.0554095); expected 91.3 (0.02)
Passed bias filter:                      236  (0.0516864); expected 91.3 (0.02)
Passed Vit filter:                        98  (0.021463); expected 4.6 (0.001)
Passed Fwd filter:                        26  (0.00569426); expected 0.0 (1e-05)
Initial search space (Z):               4566  [actual number of targets]
Domain search space  (domZ):               1  [number of targets reported over threshold]
# CPU time: 0.14u 0.00s 00:00:00.14 Elapsed: 00:00:00.13
# Mc/sec: 4634.03
//
Query:       TIGR03625  [M=202]
Accession:   TIGR03625
Description: L3_bact: 50S ribosomal protein uL3
Scores for complete sequences (score includes all domains):
   --- full sequence ---   --- best 1 domain ---    -#dom-
    E-value  score  bias    E-value  score  bias    exp  N  Sequence          Description
    ------- ------ -----    ------- ------ -----   ---- --  --------          -----------
      1e-84  281.4   7.6    1.2e-84  281.1   7.6    1.1  1  NZ_CP186479.1_501  # 499286 # 499990 # 1 # ID=1_501;partial=00;start_type=ATG;rbs_motif=AGxAGG/AGGxGG;rbs_spacer=5-10bp;gc_cont=0.638


Domain annotation for each sequence:
>> NZ_CP186479.1_501  # 499286 # 499990 # 1 # ID=1_501;partial=00;start_type=ATG;rbs_motif=AGxAGG/AGGxGG;rbs_spacer=5-10bp;gc_cont=0.638
   #    score  bias  c-Evalue  i-Evalue hmmfrom  hmm to    alifrom  ali to    envfrom  env to     acc
 ---   ------ ----- --------- --------- ------- -------    ------- -------    ------- -------    ----
   1 !  281.1   7.6   2.7e-88   1.2e-84       1     202 []       4     205 ..       4     205 .. 0.99



Internal pipeline statistics summary:
-------------------------------------
Query model(s):                            1  (202 nodes)
Target sequences:                       4566  (1398970 residues searched)
Passed MSV filter:                        77  (0.0168638); expected 91.3 (0.02)
Passed bias filter:                       64  (0.0140166); expected 91.3 (0.02)
Passed Vit filter:                         4  (0.00087604); expected 4.6 (0.001)
Passed Fwd filter:                         1  (0.00021901); expected 0.0 (1e-05)
Initial search space (Z):               4566  [actual number of targets]
Domain search space  (domZ):               1  [number of targets reported over threshold]
# CPU time: 0.02u 0.00s 00:00:00.02 Elapsed: 00:00:00.02
# Mc/sec: 9887.69
//
Query:       TIGR03626  [M=331]
Accession:   TIGR03626
Description: L3_arch: ribosomal protein uL3
Scores for complete sequences (score includes all domains):
   --- full sequence ---   --- best 1 domain ---    -#dom-
    E-value  score  bias    E-value  score  bias    exp  N  Sequence Description
    ------- ------ -----    ------- ------ -----   ---- --  -------- -----------

   [No hits detected that satisfy reporting thresholds]


Domain annotation for each sequence:

   [No targets detected that satisfy reporting thresholds]


Internal pipeline statistics summary:
-------------------------------------
Query model(s):                            1  (331 nodes)
Target sequences:                       4566  (1398970 residues searched)
Passed MSV filter:                        90  (0.0197109); expected 91.3 (0.02)
Passed bias filter:                       82  (0.0179588); expected 91.3 (0.02)
Passed Vit filter:                         8  (0.00175208); expected 4.6 (0.001)
Passed Fwd filter:                         1  (0.00021901); expected 0.0 (1e-05)
Initial search space (Z):               4566  [actual number of targets]
Domain search space  (domZ):               0  [number of targets reported over threshold]
# CPU time: 0.05u 0.00s 00:00:00.05 Elapsed: 00:00:00.05
# Mc/sec: 9179.59
//
Query:       TIGR03627  [M=130]
Accession:   TIGR03627
Description: uS9_arch: ribosomal protein uS9
Scores for complete sequences (score includes all domains):
   --- full sequence ---   --- best 1 domain ---    -#dom-
    E-value  score  bias    E-value  score  bias    exp  N  Sequence Description
    ------- ------ -----    ------- ------ -----   ---- --  -------- -----------

   [No hits detected that satisfy reporting thresholds]


Domain annotation for each sequence:

   [No targets detected that satisfy reporting thresholds]


Internal pipeline statistics summary:
-------------------------------------
Query model(s):                            1  (130 nodes)
Target sequences:                       4566  (1398970 residues searched)
Passed MSV filter:                       180  (0.0394218); expected 91.3 (0.02)
Passed bias filter:                      148  (0.0324135); expected 91.3 (0.02)
Passed Vit filter:                        10  (0.0021901); expected 4.6 (0.001)
Passed Fwd filter:                         1  (0.00021901); expected 0.0 (1e-05)
Initial search space (Z):               4566  [actual number of targets]
Domain search space  (domZ):               0  [number of targets reported over threshold]
# CPU time: 0.02u 0.00s 00:00:00.02 Elapsed: 00:00:00.02
# Mc/sec: 6648.98
//
Query:       TIGR03628  [M=117]
Accession:   TIGR03628
Description: arch_S11P: ribosomal protein uS11
Scores for complete sequences (score includes all domains):
   --- full sequence ---   --- best 1 domain ---    -#dom-
    E-value  score  bias    E-value  score  bias    exp  N  Sequence Description
    ------- ------ -----    ------- ------ -----   ---- --  -------- -----------

   [No hits detected that satisfy reporting thresholds]


Domain annotation for each sequence:

   [No targets detected that satisfy reporting thresholds]


Internal pipeline statistics summary:
-------------------------------------
Query model(s):                            1  (117 nodes)
Target sequences:                       4566  (1398970 residues searched)
Passed MSV filter:                       195  (0.042707); expected 91.3 (0.02)
Passed bias filter:                      130  (0.0284713); expected 91.3 (0.02)
Passed Vit filter:                        11  (0.00240911); expected 4.6 (0.001)
Passed Fwd filter:                         1  (0.00021901); expected 0.0 (1e-05)
Initial search space (Z):               4566  [actual number of targets]
Domain search space  (domZ):               0  [number of targets reported over threshold]
# CPU time: 0.02u 0.00s 00:00:00.02 Elapsed: 00:00:00.03
# Mc/sec: 5448.69
//
Query:       TIGR03629  [M=144]
Accession:   TIGR03629
Description: uS13_arch: ribosomal protein uS13
Scores for complete sequences (score includes all domains):
   --- full sequence ---   --- best 1 domain ---    -#dom-
    E-value  score  bias    E-value  score  bias    exp  N  Sequence Description
    ------- ------ -----    ------- ------ -----   ---- --  -------- -----------

   [No hits detected that satisfy reporting thresholds]


Domain annotation for each sequence:

   [No targets detected that satisfy reporting thresholds]


Internal pipeline statistics summary:
-------------------------------------
Query model(s):                            1  (144 nodes)
Target sequences:                       4566  (1398970 residues searched)
Passed MSV filter:                       117  (0.0256242); expected 91.3 (0.02)
Passed bias filter:                      105  (0.0229961); expected 91.3 (0.02)
Passed Vit filter:                         7  (0.00153307); expected 4.6 (0.001)
Passed Fwd filter:                         1  (0.00021901); expected 0.0 (1e-05)
Initial search space (Z):               4566  [actual number of targets]
Domain search space  (domZ):               0  [number of targets reported over threshold]
# CPU time: 0.03u 0.00s 00:00:00.03 Elapsed: 00:00:00.03
# Mc/sec: 6534.73
//
Query:       TIGR03632  [M=117]
Accession:   TIGR03632
Description: uS11_bact: ribosomal protein uS11
Scores for complete sequences (score includes all domains):
   --- full sequence ---   --- best 1 domain ---    -#dom-
    E-value  score  bias    E-value  score  bias    exp  N  Sequence          Description
    ------- ------ -----    ------- ------ -----   ---- --  --------          -----------
    1.8e-59  197.3   1.5    2.2e-59  197.0   1.5    1.0  1  NZ_CP186479.1_524  # 510997 # 511389 # 1 # ID=1_524;partial=00;start_type=TTG;rbs_motif=AGGA;rbs_spacer=5-10bp;gc_cont=0.616


Domain annotation for each sequence:
>> NZ_CP186479.1_524  # 510997 # 511389 # 1 # ID=1_524;partial=00;start_type=TTG;rbs_motif=AGGA;rbs_spacer=5-10bp;gc_cont=0.616
   #    score  bias  c-Evalue  i-Evalue hmmfrom  hmm to    alifrom  ali to    envfrom  env to     acc
 ---   ------ ----- --------- --------- ------- -------    ------- -------    ------- -------    ----
   1 !  197.0   1.5   4.8e-63   2.2e-59       1     117 []      11     127 ..      11     127 .. 0.99



Internal pipeline statistics summary:
-------------------------------------
Query model(s):                            1  (117 nodes)
Target sequences:                       4566  (1398970 residues searched)
Passed MSV filter:                       162  (0.0354796); expected 91.3 (0.02)
Passed bias filter:                      131  (0.0286903); expected 91.3 (0.02)
Passed Vit filter:                        12  (0.00262812); expected 4.6 (0.001)
Passed Fwd filter:                         1  (0.00021901); expected 0.0 (1e-05)
Initial search space (Z):               4566  [actual number of targets]
Domain search space  (domZ):               1  [number of targets reported over threshold]
# CPU time: 0.02u 0.00s 00:00:00.02 Elapsed: 00:00:00.04
# Mc/sec: 3823.97
//
Query:       TIGR03654  [M=175]
Accession:   TIGR03654
Description: L6_bact: ribosomal protein uL6
Scores for complete sequences (score includes all domains):
   --- full sequence ---   --- best 1 domain ---    -#dom-
    E-value  score  bias    E-value  score  bias    exp  N  Sequence          Description
    ------- ------ -----    ------- ------ -----   ---- --  --------          -----------
    8.3e-73  241.8   3.2    9.4e-73  241.7   3.2    1.0  1  NZ_CP186479.1_516  # 506168 # 506701 # 1 # ID=1_516;partial=00;start_type=ATG;rbs_motif=AGGA/GGAG/GAGG;rbs_spacer=11-12bp;gc_cont=0.610


Domain annotation for each sequence:
>> NZ_CP186479.1_516  # 506168 # 506701 # 1 # ID=1_516;partial=00;start_type=ATG;rbs_motif=AGGA/GGAG/GAGG;rbs_spacer=11-12bp;gc_cont=0.610
   #    score  bias  c-Evalue  i-Evalue hmmfrom  hmm to    alifrom  ali to    envfrom  env to     acc
 ---   ------ ----- --------- --------- ------- -------    ------- -------    ------- -------    ----
   1 !  241.7   3.2     2e-76   9.4e-73       1     175 []       2     176 ..       2     176 .. 1.00



Internal pipeline statistics summary:
-------------------------------------
Query model(s):                            1  (175 nodes)
Target sequences:                       4566  (1398970 residues searched)
Passed MSV filter:                        85  (0.0186159); expected 91.3 (0.02)
Passed bias filter:                       77  (0.0168638); expected 91.3 (0.02)
Passed Vit filter:                         6  (0.00131406); expected 4.6 (0.001)
Passed Fwd filter:                         1  (0.00021901); expected 0.0 (1e-05)
Initial search space (Z):               4566  [actual number of targets]
Domain search space  (domZ):               1  [number of targets reported over threshold]
# CPU time: 0.02u 0.00s 00:00:00.02 Elapsed: 00:00:00.02
# Mc/sec: 8594.63
//
Query:       TIGR03670  [M=599]
Accession:   TIGR03670
Description: rpoB_arch: DNA-directed RNA polymerase subunit B
Scores for complete sequences (score includes all domains):
   --- full sequence ---   --- best 1 domain ---    -#dom-
    E-value  score  bias    E-value  score  bias    exp  N  Sequence Description
    ------- ------ -----    ------- ------ -----   ---- --  -------- -----------

   [No hits detected that satisfy reporting thresholds]


Domain annotation for each sequence:

   [No targets detected that satisfy reporting thresholds]


Internal pipeline statistics summary:
-------------------------------------
Query model(s):                            1  (599 nodes)
Target sequences:                       4566  (1398970 residues searched)
Passed MSV filter:                        78  (0.0170828); expected 91.3 (0.02)
Passed bias filter:                       71  (0.0155497); expected 91.3 (0.02)
Passed Vit filter:                         6  (0.00131406); expected 4.6 (0.001)
Passed Fwd filter:                         1  (0.00021901); expected 0.0 (1e-05)
Initial search space (Z):               4566  [actual number of targets]
Domain search space  (domZ):               0  [number of targets reported over threshold]
# CPU time: 0.06u 0.00s 00:00:00.06 Elapsed: 00:00:00.05
# Mc/sec: 14275.69
//
Query:       TIGR03671  [M=410]
Accession:   TIGR03671
Description: cca_archaeal: CCA-adding enzyme
Scores for complete sequences (score includes all domains):
   --- full sequence ---   --- best 1 domain ---    -#dom-
    E-value  score  bias    E-value  score  bias    exp  N  Sequence Description
    ------- ------ -----    ------- ------ -----   ---- --  -------- -----------

   [No hits detected that satisfy reporting thresholds]


Domain annotation for each sequence:

   [No targets detected that satisfy reporting thresholds]


Internal pipeline statistics summary:
-------------------------------------
Query model(s):                            1  (410 nodes)
Target sequences:                       4566  (1398970 residues searched)
Passed MSV filter:                        85  (0.0186159); expected 91.3 (0.02)
Passed bias filter:                       76  (0.0166448); expected 91.3 (0.02)
Passed Vit filter:                         8  (0.00175208); expected 4.6 (0.001)
Passed Fwd filter:                         0  (0); expected 0.0 (1e-05)
Initial search space (Z):               4566  [actual number of targets]
Domain search space  (domZ):               0  [number of targets reported over threshold]
# CPU time: 0.03u 0.01s 00:00:00.04 Elapsed: 00:00:00.04
# Mc/sec: 11751.48
//
Query:       TIGR03672  [M=251]
Accession:   TIGR03672
Description: rpl4p_arch: 50S ribosomal protein uL4
Scores for complete sequences (score includes all domains):
   --- full sequence ---   --- best 1 domain ---    -#dom-
    E-value  score  bias    E-value  score  bias    exp  N  Sequence Description
    ------- ------ -----    ------- ------ -----   ---- --  -------- -----------

   [No hits detected that satisfy reporting thresholds]


Domain annotation for each sequence:

   [No targets detected that satisfy reporting thresholds]


Internal pipeline statistics summary:
-------------------------------------
Query model(s):                            1  (251 nodes)
Target sequences:                       4566  (1398970 residues searched)
Passed MSV filter:                       117  (0.0256242); expected 91.3 (0.02)
Passed bias filter:                       73  (0.0159877); expected 91.3 (0.02)
Passed Vit filter:                         5  (0.00109505); expected 4.6 (0.001)
Passed Fwd filter:                         1  (0.00021901); expected 0.0 (1e-05)
Initial search space (Z):               4566  [actual number of targets]
Domain search space  (domZ):               0  [number of targets reported over threshold]
# CPU time: 0.04u 0.00s 00:00:00.04 Elapsed: 00:00:00.03
# Mc/sec: 9818.71
//
Query:       TIGR03673  [M=131]
Accession:   TIGR03673
Description: uL14_arch: 50S ribosomal protein uL14
Scores for complete sequences (score includes all domains):
   --- full sequence ---   --- best 1 domain ---    -#dom-
    E-value  score  bias    E-value  score  bias    exp  N  Sequence Description
    ------- ------ -----    ------- ------ -----   ---- --  -------- -----------

   [No hits detected that satisfy reporting thresholds]


Domain annotation for each sequence:

   [No targets detected that satisfy reporting thresholds]


Internal pipeline statistics summary:
-------------------------------------
Query model(s):                            1  (131 nodes)
Target sequences:                       4566  (1398970 residues searched)
Passed MSV filter:                       119  (0.0260622); expected 91.3 (0.02)
Passed bias filter:                       91  (0.0199299); expected 91.3 (0.02)
Passed Vit filter:                         4  (0.00087604); expected 4.6 (0.001)
Passed Fwd filter:                         1  (0.00021901); expected 0.0 (1e-05)
Initial search space (Z):               4566  [actual number of targets]
Domain search space  (domZ):               0  [number of targets reported over threshold]
# CPU time: 0.02u 0.00s 00:00:00.02 Elapsed: 00:00:00.02
# Mc/sec: 7481.07
//
Query:       TIGR03674  [M=338]
Accession:   TIGR03674
Description: fen_arch: flap structure-specific endonuclease
Scores for complete sequences (score includes all domains):
   --- full sequence ---   --- best 1 domain ---    -#dom-
    E-value  score  bias    E-value  score  bias    exp  N  Sequence Description
    ------- ------ -----    ------- ------ -----   ---- --  -------- -----------

   [No hits detected that satisfy reporting thresholds]


Domain annotation for each sequence:

   [No targets detected that satisfy reporting thresholds]


Internal pipeline statistics summary:
-------------------------------------
Query model(s):                            1  (338 nodes)
Target sequences:                       4566  (1398970 residues searched)
Passed MSV filter:                       103  (0.022558); expected 91.3 (0.02)
Passed bias filter:                       89  (0.0194919); expected 91.3 (0.02)
Passed Vit filter:                         8  (0.00175208); expected 4.6 (0.001)
Passed Fwd filter:                         2  (0.00043802); expected 0.0 (1e-05)
Initial search space (Z):               4566  [actual number of targets]
Domain search space  (domZ):               0  [number of targets reported over threshold]
# CPU time: 0.03u 0.00s 00:00:00.03 Elapsed: 00:00:00.04
# Mc/sec: 11461.12
//
Query:       TIGR03676  [M=403]
Accession:   TIGR03676
Description: aRF1/eRF1: peptide chain release factor 1, archaeal and eukaryotic forms
Scores for complete sequences (score includes all domains):
   --- full sequence ---   --- best 1 domain ---    -#dom-
    E-value  score  bias    E-value  score  bias    exp  N  Sequence Description
    ------- ------ -----    ------- ------ -----   ---- --  -------- -----------

   [No hits detected that satisfy reporting thresholds]


Domain annotation for each sequence:

   [No targets detected that satisfy reporting thresholds]


Internal pipeline statistics summary:
-------------------------------------
Query model(s):                            1  (403 nodes)
Target sequences:                       4566  (1398970 residues searched)
Passed MSV filter:                        91  (0.0199299); expected 91.3 (0.02)
Passed bias filter:                       81  (0.0177398); expected 91.3 (0.02)
Passed Vit filter:                         7  (0.00153307); expected 4.6 (0.001)
Passed Fwd filter:                         0  (0); expected 0.0 (1e-05)
Initial search space (Z):               4566  [actual number of targets]
Domain search space  (domZ):               0  [number of targets reported over threshold]
# CPU time: 0.04u 0.00s 00:00:00.04 Elapsed: 00:00:00.04
# Mc/sec: 13471.33
//
Query:       TIGR03680  [M=407]
Accession:   TIGR03680
Description: eif2g_arch: translation initiation factor 2, gamma subunit
Scores for complete sequences (score includes all domains):
   --- full sequence ---   --- best 1 domain ---    -#dom-
    E-value  score  bias    E-value  score  bias    exp  N  Sequence Description
    ------- ------ -----    ------- ------ -----   ---- --  -------- -----------

   [No hits detected that satisfy reporting thresholds]


Domain annotation for each sequence:

   [No targets detected that satisfy reporting thresholds]


Internal pipeline statistics summary:
-------------------------------------
Query model(s):                            1  (407 nodes)
Target sequences:                       4566  (1398970 residues searched)
Passed MSV filter:                       164  (0.0359177); expected 91.3 (0.02)
Passed bias filter:                      140  (0.0306614); expected 91.3 (0.02)
Passed Vit filter:                        20  (0.0043802); expected 4.6 (0.001)
Passed Fwd filter:                         8  (0.00175208); expected 0.0 (1e-05)
Initial search space (Z):               4566  [actual number of targets]
Domain search space  (domZ):               0  [number of targets reported over threshold]
# CPU time: 0.08u 0.00s 00:00:00.08 Elapsed: 00:00:00.08
# Mc/sec: 6345.63
//
Query:       TIGR03723  [M=314]
Accession:   TIGR03723
Description: T6A_TsaD_YgjD: tRNA threonylcarbamoyl adenosine modification protein TsaD
Scores for complete sequences (score includes all domains):
   --- full sequence ---   --- best 1 domain ---    -#dom-
    E-value  score  bias    E-value  score  bias    exp  N  Sequence           Description
    ------- ------ -----    ------- ------ -----   ---- --  --------           -----------
   6.7e-123  407.8   0.2   7.7e-123  407.6   0.2    1.0  1  NZ_CP186479.1_3190  # 3244705 # 3245763 # -1 # ID=1_3190;partial=00;start_type=ATG;rbs_motif=GGA/GAG/AGG;rbs_spacer=5-10bp;gc_cont=0.683


Domain annotation for each sequence:
>> NZ_CP186479.1_3190  # 3244705 # 3245763 # -1 # ID=1_3190;partial=00;start_type=ATG;rbs_motif=GGA/GAG/AGG;rbs_spacer=5-10bp;gc_cont=0.683
   #    score  bias  c-Evalue  i-Evalue hmmfrom  hmm to    alifrom  ali to    envfrom  env to     acc
 ---   ------ ----- --------- --------- ------- -------    ------- -------    ------- -------    ----
   1 !  407.6   0.2  1.7e-126  7.7e-123       1     313 [.       3     323 ..       3     324 .. 0.96



Internal pipeline statistics summary:
-------------------------------------
Query model(s):                            1  (314 nodes)
Target sequences:                       4566  (1398970 residues searched)
Passed MSV filter:                       131  (0.0286903); expected 91.3 (0.02)
Passed bias filter:                       90  (0.0197109); expected 91.3 (0.02)
Passed Vit filter:                        11  (0.00240911); expected 4.6 (0.001)
Passed Fwd filter:                         2  (0.00043802); expected 0.0 (1e-05)
Initial search space (Z):               4566  [actual number of targets]
Domain search space  (domZ):               1  [number of targets reported over threshold]
# CPU time: 0.04u 0.00s 00:00:00.04 Elapsed: 00:00:00.04
# Mc/sec: 9021.55
//
Query:       TIGR03725  [M=212]
Accession:   TIGR03725
Description: T6A_YeaZ: tRNA threonylcarbamoyl adenosine modification protein YeaZ
Scores for complete sequences (score includes all domains):
   --- full sequence ---   --- best 1 domain ---    -#dom-
    E-value  score  bias    E-value  score  bias    exp  N  Sequence           Description
    ------- ------ -----    ------- ------ -----   ---- --  --------           -----------
    1.1e-40  137.9   0.3    1.3e-40  137.7   0.3    1.1  1  NZ_CP186479.1_2914  # 2979372 # 2979977 # 1 # ID=1_2914;partial=00;start_type=ATG;rbs_motif=None;rbs_spacer=None;gc_cont=0.696


Domain annotation for each sequence:
>> NZ_CP186479.1_2914  # 2979372 # 2979977 # 1 # ID=1_2914;partial=00;start_type=ATG;rbs_motif=None;rbs_spacer=None;gc_cont=0.696
   #    score  bias  c-Evalue  i-Evalue hmmfrom  hmm to    alifrom  ali to    envfrom  env to     acc
 ---   ------ ----- --------- --------- ------- -------    ------- -------    ------- -------    ----
   1 !  137.7   0.3   2.8e-44   1.3e-40       1     169 [.       5     162 ..       5     199 .. 0.80



Internal pipeline statistics summary:
-------------------------------------
Query model(s):                            1  (212 nodes)
Target sequences:                       4566  (1398970 residues searched)
Passed MSV filter:                       203  (0.044459); expected 91.3 (0.02)
Passed bias filter:                      121  (0.0265002); expected 91.3 (0.02)
Passed Vit filter:                        14  (0.00306614); expected 4.6 (0.001)
Passed Fwd filter:                         2  (0.00043802); expected 0.0 (1e-05)
Initial search space (Z):               4566  [actual number of targets]
Domain search space  (domZ):               1  [number of targets reported over threshold]
# CPU time: 0.04u 0.00s 00:00:00.04 Elapsed: 00:00:00.04
# Mc/sec: 7243.33
//
Query:       TIGR03953  [M=188]
Accession:   TIGR03953
Description: rplD_bact: 50S ribosomal protein uL4
Scores for complete sequences (score includes all domains):
   --- full sequence ---   --- best 1 domain ---    -#dom-
    E-value  score  bias    E-value  score  bias    exp  N  Sequence          Description
    ------- ------ -----    ------- ------ -----   ---- --  --------          -----------
    1.3e-65  218.2   1.2    1.5e-65  218.1   1.2    1.0  1  NZ_CP186479.1_502  # 499990 # 500610 # 1 # ID=1_502;partial=00;start_type=ATG;rbs_motif=AGGAG;rbs_spacer=5-10bp;gc_cont=0.628


Domain annotation for each sequence:
>> NZ_CP186479.1_502  # 499990 # 500610 # 1 # ID=1_502;partial=00;start_type=ATG;rbs_motif=AGGAG;rbs_spacer=5-10bp;gc_cont=0.628
   #    score  bias  c-Evalue  i-Evalue hmmfrom  hmm to    alifrom  ali to    envfrom  env to     acc
 ---   ------ ----- --------- --------- ------- -------    ------- -------    ------- -------    ----
   1 !  218.1   1.2   3.3e-69   1.5e-65       1     187 [.      16     202 ..      16     203 .. 0.99



Internal pipeline statistics summary:
-------------------------------------
Query model(s):                            1  (188 nodes)
Target sequences:                       4566  (1398970 residues searched)
Passed MSV filter:                        79  (0.0173018); expected 91.3 (0.02)
Passed bias filter:                       70  (0.0153307); expected 91.3 (0.02)
Passed Vit filter:                         7  (0.00153307); expected 4.6 (0.001)
Passed Fwd filter:                         1  (0.00021901); expected 0.0 (1e-05)
Initial search space (Z):               4566  [actual number of targets]
Domain search space  (domZ):               1  [number of targets reported over threshold]
# CPU time: 0.02u 0.00s 00:00:00.02 Elapsed: 00:00:00.02
# Mc/sec: 9152.65
//
[ok]
