# hmmsearch :: search profile(s) against a sequence database
# HMMER 3.4 (Aug 2023); http://hmmer.org/
# Copyright (C) 2023 Howard Hughes Medical Institute.
# Freely distributed under the BSD open source license.
# - - - - - - - - - - - - - - - - - - - - - - - - - - - - - - - - - - - -
# query HMM file:                  /dgxb_home/se26plsc001/arvind/Devosia_BGC/data/databases/gtdbtk_r232/release232/markers/tigrfam/tigrfam.hmm
# target sequence database:        results/05_phylogeny/identify_all/identify/intermediate_results/marker_genes/query_GCA_001185205.1/query_GCA_001185205.1_protein.faa
# output directed to file:         results/05_phylogeny/identify_all/identify/intermediate_results/marker_genes/query_GCA_001185205.1/query_GCA_001185205.1_tigrfam.out
# per-seq hits tabular output:     results/05_phylogeny/identify_all/identify/intermediate_results/marker_genes/query_GCA_001185205.1/query_GCA_001185205.1_tigrfam.tsv
# show alignments in output:       no
# max ASCII text line length:      unlimited
# model-specific thresholding:     NC cutoffs
# number of worker threads:        1
# - - - - - - - - - - - - - - - - - - - - - - - - - - - - - - - - - - - -

Query:       TIGR00006  [M=310]
Accession:   TIGR00006
Description: TIGR00006: 16S rRNA (cytosine(1402)-N(4))-methyltransferase
Scores for complete sequences (score includes all domains):
   --- full sequence ---   --- best 1 domain ---    -#dom-
    E-value  score  bias    E-value  score  bias    exp  N  Sequence        Description
    ------- ------ -----    ------- ------ -----   ---- --  --------        -----------
    4.5e-85  283.8   0.0    5.4e-85  283.5   0.0    1.0  1  CP011300.1_2247  # 2293035 # 2294024 # -1 # ID=1_2247;partial=00;start_type=ATG;rbs_motif=AGGA/GGAG/GAGG;rbs_spacer=11-12bp;gc_cont=0.686


Domain annotation for each sequence:
>> CP011300.1_2247  # 2293035 # 2294024 # -1 # ID=1_2247;partial=00;start_type=ATG;rbs_motif=AGGA/GGAG/GAGG;rbs_spacer=11-12bp;gc_cont=0.686
   #    score  bias  c-Evalue  i-Evalue hmmfrom  hmm to    alifrom  ali to    envfrom  env to     acc
 ---   ------ ----- --------- --------- ------- -------    ------- -------    ------- -------    ----
   1 !  283.5   0.0   1.2e-88   5.4e-85       3     307 ..       9     305 ..       7     308 .. 0.95



Internal pipeline statistics summary:
-------------------------------------
Query model(s):                            1  (310 nodes)
Target sequences:                       4500  (1396018 residues searched)
Passed MSV filter:                        83  (0.0184444); expected 90.0 (0.02)
Passed bias filter:                       75  (0.0166667); expected 90.0 (0.02)
Passed Vit filter:                         9  (0.002); expected 4.5 (0.001)
Passed Fwd filter:                         1  (0.000222222); expected 0.0 (1e-05)
Initial search space (Z):               4500  [actual number of targets]
Domain search space  (domZ):               1  [number of targets reported over threshold]
# CPU time: 0.03u 0.00s 00:00:00.03 Elapsed: 00:00:00.04
# Mc/sec: 10226.66
//
Query:       TIGR00019  [M=361]
Accession:   TIGR00019
Description: prfA: peptide chain release factor 1
Scores for complete sequences (score includes all domains):
   --- full sequence ---   --- best 1 domain ---    -#dom-
    E-value  score  bias    E-value  score  bias    exp  N  Sequence        Description
    ------- ------ -----    ------- ------ -----   ---- --  --------        -----------
   2.2e-153  508.4   1.0   2.6e-153  508.1   1.0    1.0  1  CP011300.1_3105  # 3169627 # 3170703 # -1 # ID=1_3105;partial=00;start_type=ATG;rbs_motif=None;rbs_spacer=None;gc_cont=0.660


Domain annotation for each sequence:
>> CP011300.1_3105  # 3169627 # 3170703 # -1 # ID=1_3105;partial=00;start_type=ATG;rbs_motif=None;rbs_spacer=None;gc_cont=0.660
   #    score  bias  c-Evalue  i-Evalue hmmfrom  hmm to    alifrom  ali to    envfrom  env to     acc
 ---   ------ ----- --------- --------- ------- -------    ------- -------    ------- -------    ----
   1 !  508.1   1.0  5.8e-157  2.6e-153       8     358 ..       7     354 ..       1     356 [. 0.97



Internal pipeline statistics summary:
-------------------------------------
Query model(s):                            1  (361 nodes)
Target sequences:                       4500  (1396018 residues searched)
Passed MSV filter:                       106  (0.0235556); expected 90.0 (0.02)
Passed bias filter:                       78  (0.0173333); expected 90.0 (0.02)
Passed Vit filter:                        12  (0.00266667); expected 4.5 (0.001)
Passed Fwd filter:                         2  (0.000444444); expected 0.0 (1e-05)
Initial search space (Z):               4500  [actual number of targets]
Domain search space  (domZ):               1  [number of targets reported over threshold]
# CPU time: 0.04u 0.01s 00:00:00.05 Elapsed: 00:00:00.06
# Mc/sec: 7893.51
//
Query:       TIGR00020  [M=365]
Accession:   TIGR00020
Description: prfB: peptide chain release factor 2
Scores for complete sequences (score includes all domains):
   --- full sequence ---   --- best 1 domain ---    -#dom-
    E-value  score  bias    E-value  score  bias    exp  N  Sequence        Description
    ------- ------ -----    ------- ------ -----   ---- --  --------        -----------
   1.1e-142  473.3   1.9   1.2e-142  473.1   1.9    1.0  1  CP011300.1_1642  # 1704407 # 1705357 # -1 # ID=1_1642;partial=00;start_type=ATG;rbs_motif=AGxAG;rbs_spacer=11-12bp;gc_cont=0.642


Domain annotation for each sequence:
>> CP011300.1_1642  # 1704407 # 1705357 # -1 # ID=1_1642;partial=00;start_type=ATG;rbs_motif=AGxAG;rbs_spacer=11-12bp;gc_cont=0.642
   #    score  bias  c-Evalue  i-Evalue hmmfrom  hmm to    alifrom  ali to    envfrom  env to     acc
 ---   ------ ----- --------- --------- ------- -------    ------- -------    ------- -------    ----
   1 !  473.1   1.9  2.7e-146  1.2e-142      57     364 ..       2     309 ..       1     310 [. 0.99



Internal pipeline statistics summary:
-------------------------------------
Query model(s):                            1  (365 nodes)
Target sequences:                       4500  (1396018 residues searched)
Passed MSV filter:                        91  (0.0202222); expected 90.0 (0.02)
Passed bias filter:                       70  (0.0155556); expected 90.0 (0.02)
Passed Vit filter:                         7  (0.00155556); expected 4.5 (0.001)
Passed Fwd filter:                         2  (0.000444444); expected 0.0 (1e-05)
Initial search space (Z):               4500  [actual number of targets]
Domain search space  (domZ):               1  [number of targets reported over threshold]
# CPU time: 0.03u 0.00s 00:00:00.03 Elapsed: 00:00:00.05
# Mc/sec: 10132.15
//
Query:       TIGR00029  [M=87]
Accession:   TIGR00029
Description: S20: ribosomal protein bS20
Scores for complete sequences (score includes all domains):
   --- full sequence ---   --- best 1 domain ---    -#dom-
    E-value  score  bias    E-value  score  bias    exp  N  Sequence        Description
    ------- ------ -----    ------- ------ -----   ---- --  --------        -----------
    1.4e-21   74.8  11.4    1.5e-21   74.7  11.4    1.0  1  CP011300.1_3671  # 3726347 # 3726610 # 1 # ID=1_3671;partial=00;start_type=ATG;rbs_motif=GGAG/GAGG;rbs_spacer=5-10bp;gc_cont=0.640


Domain annotation for each sequence:
>> CP011300.1_3671  # 3726347 # 3726610 # 1 # ID=1_3671;partial=00;start_type=ATG;rbs_motif=GGAG/GAGG;rbs_spacer=5-10bp;gc_cont=0.640
   #    score  bias  c-Evalue  i-Evalue hmmfrom  hmm to    alifrom  ali to    envfrom  env to     acc
 ---   ------ ----- --------- --------- ------- -------    ------- -------    ------- -------    ----
   1 !   74.7  11.4   3.3e-25   1.5e-21       1      86 [.       1      86 [.       1      87 [. 0.98



Internal pipeline statistics summary:
-------------------------------------
Query model(s):                            1  (87 nodes)
Target sequences:                       4500  (1396018 residues searched)
Passed MSV filter:                       126  (0.028); expected 90.0 (0.02)
Passed bias filter:                      100  (0.0222222); expected 90.0 (0.02)
Passed Vit filter:                        12  (0.00266667); expected 4.5 (0.001)
Passed Fwd filter:                         1  (0.000222222); expected 0.0 (1e-05)
Initial search space (Z):               4500  [actual number of targets]
Domain search space  (domZ):               1  [number of targets reported over threshold]
# CPU time: 0.01u 0.00s 00:00:00.01 Elapsed: 00:00:00.01
# Mc/sec: 6267.26
//
Query:       TIGR00037  [M=130]
Accession:   TIGR00037
Description: eIF_5A: translation elongation factor IF5A
Scores for complete sequences (score includes all domains):
   --- full sequence ---   --- best 1 domain ---    -#dom-
    E-value  score  bias    E-value  score  bias    exp  N  Sequence Description
    ------- ------ -----    ------- ------ -----   ---- --  -------- -----------

   [No hits detected that satisfy reporting thresholds]


Domain annotation for each sequence:

   [No targets detected that satisfy reporting thresholds]


Internal pipeline statistics summary:
-------------------------------------
Query model(s):                            1  (130 nodes)
Target sequences:                       4500  (1396018 residues searched)
Passed MSV filter:                        65  (0.0144444); expected 90.0 (0.02)
Passed bias filter:                       59  (0.0131111); expected 90.0 (0.02)
Passed Vit filter:                         5  (0.00111111); expected 4.5 (0.001)
Passed Fwd filter:                         0  (0); expected 0.0 (1e-05)
Initial search space (Z):               4500  [actual number of targets]
Domain search space  (domZ):               0  [number of targets reported over threshold]
# CPU time: 0.02u 0.00s 00:00:00.02 Elapsed: 00:00:00.01
# Mc/sec: 14366.88
//
Query:       TIGR00043  [M=111]
Accession:   TIGR00043
Description: TIGR00043: rRNA maturation RNase YbeY
Scores for complete sequences (score includes all domains):
   --- full sequence ---   --- best 1 domain ---    -#dom-
    E-value  score  bias    E-value  score  bias    exp  N  Sequence        Description
    ------- ------ -----    ------- ------ -----   ---- --  --------        -----------
    1.8e-35  119.4   0.0    2.1e-35  119.1   0.0    1.1  1  CP011300.1_3618  # 3672539 # 3672931 # -1 # ID=1_3618;partial=00;start_type=GTG;rbs_motif=GGA/GAG/AGG;rbs_spacer=5-10bp;gc_cont=0.618


Domain annotation for each sequence:
>> CP011300.1_3618  # 3672539 # 3672931 # -1 # ID=1_3618;partial=00;start_type=GTG;rbs_motif=GGA/GAG/AGG;rbs_spacer=5-10bp;gc_cont=0.618
   #    score  bias  c-Evalue  i-Evalue hmmfrom  hmm to    alifrom  ali to    envfrom  env to     acc
 ---   ------ ----- --------- --------- ------- -------    ------- -------    ------- -------    ----
   1 !  119.1   0.0   4.8e-39   2.1e-35       2     111 .]      17     122 ..      16     122 .. 0.94



Internal pipeline statistics summary:
-------------------------------------
Query model(s):                            1  (111 nodes)
Target sequences:                       4500  (1396018 residues searched)
Passed MSV filter:                        49  (0.0108889); expected 90.0 (0.02)
Passed bias filter:                       47  (0.0104444); expected 90.0 (0.02)
Passed Vit filter:                         2  (0.000444444); expected 4.5 (0.001)
Passed Fwd filter:                         1  (0.000222222); expected 0.0 (1e-05)
Initial search space (Z):               4500  [actual number of targets]
Domain search space  (domZ):               1  [number of targets reported over threshold]
# CPU time: 0.02u 0.00s 00:00:00.02 Elapsed: 00:00:00.02
# Mc/sec: 5657.31
//
Query:       TIGR00054  [M=421]
Accession:   TIGR00054
Description: TIGR00054: RIP metalloprotease RseP
Scores for complete sequences (score includes all domains):
   --- full sequence ---   --- best 1 domain ---    -#dom-
    E-value  score  bias    E-value  score  bias    exp  N  Sequence        Description
    ------- ------ -----    ------- ------ -----   ---- --  --------        -----------
    9.4e-80  266.4   0.0    3.4e-47  159.2   0.0    2.0  2  CP011300.1_1197  # 1246563 # 1247669 # 1 # ID=1_1197;partial=00;start_type=ATG;rbs_motif=GGA/GAG/AGG;rbs_spacer=5-10bp;gc_cont=0.627


Domain annotation for each sequence:
>> CP011300.1_1197  # 1246563 # 1247669 # 1 # ID=1_1197;partial=00;start_type=ATG;rbs_motif=GGA/GAG/AGG;rbs_spacer=5-10bp;gc_cont=0.627
   #    score  bias  c-Evalue  i-Evalue hmmfrom  hmm to    alifrom  ali to    envfrom  env to     acc
 ---   ------ ----- --------- --------- ------- -------    ------- -------    ------- -------    ----
   1 !  105.7   0.0   1.3e-34     6e-31       2     117 ..       4     132 ..       3     140 .. 0.88
   2 !  159.2   0.0   7.5e-51   3.4e-47     202     416 ..     140     367 ..     135     368 .. 0.97



Internal pipeline statistics summary:
-------------------------------------
Query model(s):                            1  (421 nodes)
Target sequences:                       4500  (1396018 residues searched)
Passed MSV filter:                       131  (0.0291111); expected 90.0 (0.02)
Passed bias filter:                      101  (0.0224444); expected 90.0 (0.02)
Passed Vit filter:                        18  (0.004); expected 4.5 (0.001)
Passed Fwd filter:                         9  (0.002); expected 0.0 (1e-05)
Initial search space (Z):               4500  [actual number of targets]
Domain search space  (domZ):               1  [number of targets reported over threshold]
# CPU time: 0.08u 0.00s 00:00:00.08 Elapsed: 00:00:00.08
# Mc/sec: 7290.44
//
Query:       TIGR00059  [M=112]
Accession:   TIGR00059
Description: L17: ribosomal protein bL17
Scores for complete sequences (score includes all domains):
   --- full sequence ---   --- best 1 domain ---    -#dom-
    E-value  score  bias    E-value  score  bias    exp  N  Sequence        Description
    ------- ------ -----    ------- ------ -----   ---- --  --------        -----------
    4.9e-45  150.4   0.6    6.3e-45  150.1   0.6    1.1  1  CP011300.1_1899  # 1969074 # 1969502 # -1 # ID=1_1899;partial=00;start_type=ATG;rbs_motif=AGGAG;rbs_spacer=5-10bp;gc_cont=0.641


Domain annotation for each sequence:
>> CP011300.1_1899  # 1969074 # 1969502 # -1 # ID=1_1899;partial=00;start_type=ATG;rbs_motif=AGGAG;rbs_spacer=5-10bp;gc_cont=0.641
   #    score  bias  c-Evalue  i-Evalue hmmfrom  hmm to    alifrom  ali to    envfrom  env to     acc
 ---   ------ ----- --------- --------- ------- -------    ------- -------    ------- -------    ----
   1 !  150.1   0.6   1.4e-48   6.3e-45       3     112 .]       8     117 ..       6     117 .. 0.99



Internal pipeline statistics summary:
-------------------------------------
Query model(s):                            1  (112 nodes)
Target sequences:                       4500  (1396018 residues searched)
Passed MSV filter:                        90  (0.02); expected 90.0 (0.02)
Passed bias filter:                       74  (0.0164444); expected 90.0 (0.02)
Passed Vit filter:                         6  (0.00133333); expected 4.5 (0.001)
Passed Fwd filter:                         1  (0.000222222); expected 0.0 (1e-05)
Initial search space (Z):               4500  [actual number of targets]
Domain search space  (domZ):               1  [number of targets reported over threshold]
# CPU time: 0.02u 0.00s 00:00:00.02 Elapsed: 00:00:00.02
# Mc/sec: 6992.54
//
Query:       TIGR00061  [M=101]
Accession:   TIGR00061
Description: L21: ribosomal protein bL21
Scores for complete sequences (score includes all domains):
   --- full sequence ---   --- best 1 domain ---    -#dom-
    E-value  score  bias    E-value  score  bias    exp  N  Sequence        Description
    ------- ------ -----    ------- ------ -----   ---- --  --------        -----------
    1.2e-29  100.6   0.9      2e-29  100.0   0.9    1.3  1  CP011300.1_3257  # 3312786 # 3313331 # 1 # ID=1_3257;partial=00;start_type=ATG;rbs_motif=None;rbs_spacer=None;gc_cont=0.647


Domain annotation for each sequence:
>> CP011300.1_3257  # 3312786 # 3313331 # 1 # ID=1_3257;partial=00;start_type=ATG;rbs_motif=None;rbs_spacer=None;gc_cont=0.647
   #    score  bias  c-Evalue  i-Evalue hmmfrom  hmm to    alifrom  ali to    envfrom  env to     acc
 ---   ------ ----- --------- --------- ------- -------    ------- -------    ------- -------    ----
   1 !  100.0   0.9   4.4e-33     2e-29       1     100 [.       3      98 ..       3      99 .. 0.97



Internal pipeline statistics summary:
-------------------------------------
Query model(s):                            1  (101 nodes)
Target sequences:                       4500  (1396018 residues searched)
Passed MSV filter:                        46  (0.0102222); expected 90.0 (0.02)
Passed bias filter:                       41  (0.00911111); expected 90.0 (0.02)
Passed Vit filter:                         2  (0.000444444); expected 4.5 (0.001)
Passed Fwd filter:                         1  (0.000222222); expected 0.0 (1e-05)
Initial search space (Z):               4500  [actual number of targets]
Domain search space  (domZ):               1  [number of targets reported over threshold]
# CPU time: 0.02u 0.00s 00:00:00.02 Elapsed: 00:00:00.01
# Mc/sec: 8781.19
//
Query:       TIGR00064  [M=279]
Accession:   TIGR00064
Description: ftsY: signal recognition particle-docking protein FtsY
Scores for complete sequences (score includes all domains):
   --- full sequence ---   --- best 1 domain ---    -#dom-
    E-value  score  bias    E-value  score  bias    exp  N  Sequence        Description
    ------- ------ -----    ------- ------ -----   ---- --  --------        -----------
    1.4e-98  327.5   0.6    1.9e-98  327.1   0.6    1.2  1  CP011300.1_3285  # 3338176 # 3339591 # 1 # ID=1_3285;partial=00;start_type=ATG;rbs_motif=GGAG/GAGG;rbs_spacer=5-10bp;gc_cont=0.681


Domain annotation for each sequence:
>> CP011300.1_3285  # 3338176 # 3339591 # 1 # ID=1_3285;partial=00;start_type=ATG;rbs_motif=GGAG/GAGG;rbs_spacer=5-10bp;gc_cont=0.681
   #    score  bias  c-Evalue  i-Evalue hmmfrom  hmm to    alifrom  ali to    envfrom  env to     acc
 ---   ------ ----- --------- --------- ------- -------    ------- -------    ------- -------    ----
   1 !  327.1   0.6  4.3e-102   1.9e-98       3     278 ..     198     466 ..     196     467 .. 0.95



Internal pipeline statistics summary:
-------------------------------------
Query model(s):                            1  (279 nodes)
Target sequences:                       4500  (1396018 residues searched)
Passed MSV filter:                       267  (0.0593333); expected 90.0 (0.02)
Passed bias filter:                      231  (0.0513333); expected 90.0 (0.02)
Passed Vit filter:                        67  (0.0148889); expected 4.5 (0.001)
Passed Fwd filter:                        14  (0.00311111); expected 0.0 (1e-05)
Initial search space (Z):               4500  [actual number of targets]
Domain search space  (domZ):               1  [number of targets reported over threshold]
# CPU time: 0.05u 0.00s 00:00:00.05 Elapsed: 00:00:00.06
# Mc/sec: 6033.94
//
Query:       TIGR00065  [M=353]
Accession:   TIGR00065
Description: ftsZ: cell division protein FtsZ
Scores for complete sequences (score includes all domains):
   --- full sequence ---   --- best 1 domain ---    -#dom-
    E-value  score  bias    E-value  score  bias    exp  N  Sequence        Description
    ------- ------ -----    ------- ------ -----   ---- --  --------        -----------
   1.4e-121  404.1   5.8   2.1e-121  403.5   5.8    1.1  1  CP011300.1_2234  # 2277094 # 2278761 # -1 # ID=1_2234;partial=00;start_type=ATG;rbs_motif=None;rbs_spacer=None;gc_cont=0.664


Domain annotation for each sequence:
>> CP011300.1_2234  # 2277094 # 2278761 # -1 # ID=1_2234;partial=00;start_type=ATG;rbs_motif=None;rbs_spacer=None;gc_cont=0.664
   #    score  bias  c-Evalue  i-Evalue hmmfrom  hmm to    alifrom  ali to    envfrom  env to     acc
 ---   ------ ----- --------- --------- ------- -------    ------- -------    ------- -------    ----
   1 !  403.5   5.8  4.6e-125  2.1e-121      15     335 ..      13     330 ..       5     346 .. 0.96



Internal pipeline statistics summary:
-------------------------------------
Query model(s):                            1  (353 nodes)
Target sequences:                       4500  (1396018 residues searched)
Passed MSV filter:                       161  (0.0357778); expected 90.0 (0.02)
Passed bias filter:                      121  (0.0268889); expected 90.0 (0.02)
Passed Vit filter:                        12  (0.00266667); expected 4.5 (0.001)
Passed Fwd filter:                         1  (0.000222222); expected 0.0 (1e-05)
Initial search space (Z):               4500  [actual number of targets]
Domain search space  (domZ):               1  [number of targets reported over threshold]
# CPU time: 0.05u 0.01s 00:00:00.06 Elapsed: 00:00:00.06
# Mc/sec: 7752.31
//
Query:       TIGR00082  [M=115]
Accession:   TIGR00082
Description: rbfA: ribosome-binding factor A
Scores for complete sequences (score includes all domains):
   --- full sequence ---   --- best 1 domain ---    -#dom-
    E-value  score  bias    E-value  score  bias    exp  N  Sequence        Description
    ------- ------ -----    ------- ------ -----   ---- --  --------        -----------
    3.1e-14   51.5   0.0      4e-14   51.1   0.0    1.1  1  CP011300.1_3646  # 3703986 # 3704402 # 1 # ID=1_3646;partial=00;start_type=ATG;rbs_motif=3Base/5BMM;rbs_spacer=13-15bp;gc_cont=0.652


Domain annotation for each sequence:
>> CP011300.1_3646  # 3703986 # 3704402 # 1 # ID=1_3646;partial=00;start_type=ATG;rbs_motif=3Base/5BMM;rbs_spacer=13-15bp;gc_cont=0.652
   #    score  bias  c-Evalue  i-Evalue hmmfrom  hmm to    alifrom  ali to    envfrom  env to     acc
 ---   ------ ----- --------- --------- ------- -------    ------- -------    ------- -------    ----
   1 !   51.1   0.0   8.9e-18     4e-14       6     111 ..      13     120 ..      10     124 .. 0.91



Internal pipeline statistics summary:
-------------------------------------
Query model(s):                            1  (115 nodes)
Target sequences:                       4500  (1396018 residues searched)
Passed MSV filter:                        61  (0.0135556); expected 90.0 (0.02)
Passed bias filter:                       57  (0.0126667); expected 90.0 (0.02)
Passed Vit filter:                         4  (0.000888889); expected 4.5 (0.001)
Passed Fwd filter:                         1  (0.000222222); expected 0.0 (1e-05)
Initial search space (Z):               4500  [actual number of targets]
Domain search space  (domZ):               1  [number of targets reported over threshold]
# CPU time: 0.01u 0.00s 00:00:00.01 Elapsed: 00:00:00.03
# Mc/sec: 5011.79
//
Query:       TIGR00083  [M=290]
Accession:   TIGR00083
Description: ribF: riboflavin biosynthesis protein RibF
Scores for complete sequences (score includes all domains):
   --- full sequence ---   --- best 1 domain ---    -#dom-
    E-value  score  bias    E-value  score  bias    exp  N  Sequence       Description
    ------- ------ -----    ------- ------ -----   ---- --  --------       -----------
    4.6e-73  244.1   0.0    5.3e-73  243.9   0.0    1.0  1  CP011300.1_194  # 185380 # 186396 # 1 # ID=1_194;partial=00;start_type=TTG;rbs_motif=None;rbs_spacer=None;gc_cont=0.673


Domain annotation for each sequence:
>> CP011300.1_194  # 185380 # 186396 # 1 # ID=1_194;partial=00;start_type=TTG;rbs_motif=None;rbs_spacer=None;gc_cont=0.673
   #    score  bias  c-Evalue  i-Evalue hmmfrom  hmm to    alifrom  ali to    envfrom  env to     acc
 ---   ------ ----- --------- --------- ------- -------    ------- -------    ------- -------    ----
   1 !  243.9   0.0   1.2e-76   5.3e-73       2     289 ..      36     321 ..      35     322 .. 0.95



Internal pipeline statistics summary:
-------------------------------------
Query model(s):                            1  (290 nodes)
Target sequences:                       4500  (1396018 residues searched)
Passed MSV filter:                        66  (0.0146667); expected 90.0 (0.02)
Passed bias filter:                       62  (0.0137778); expected 90.0 (0.02)
Passed Vit filter:                         7  (0.00155556); expected 4.5 (0.001)
Passed Fwd filter:                         2  (0.000444444); expected 0.0 (1e-05)
Initial search space (Z):               4500  [actual number of targets]
Domain search space  (domZ):               1  [number of targets reported over threshold]
# CPU time: 0.03u 0.00s 00:00:00.03 Elapsed: 00:00:00.02
# Mc/sec: 17052.01
//
Query:       TIGR00084  [M=192]
Accession:   TIGR00084
Description: ruvA: Holliday junction DNA helicase RuvA
Scores for complete sequences (score includes all domains):
   --- full sequence ---   --- best 1 domain ---    -#dom-
    E-value  score  bias    E-value  score  bias    exp  N  Sequence        Description
    ------- ------ -----    ------- ------ -----   ---- --  --------        -----------
    2.9e-39  132.5   0.0    3.1e-39  132.4   0.0    1.0  1  CP011300.1_2865  # 2919435 # 2920052 # -1 # ID=1_2865;partial=00;start_type=ATG;rbs_motif=GGxGG;rbs_spacer=5-10bp;gc_cont=0.688


Domain annotation for each sequence:
>> CP011300.1_2865  # 2919435 # 2920052 # -1 # ID=1_2865;partial=00;start_type=ATG;rbs_motif=GGxGG;rbs_spacer=5-10bp;gc_cont=0.688
   #    score  bias  c-Evalue  i-Evalue hmmfrom  hmm to    alifrom  ali to    envfrom  env to     acc
 ---   ------ ----- --------- --------- ------- -------    ------- -------    ------- -------    ----
   1 !  132.4   0.0   6.9e-43   3.1e-39       1     188 [.       1     201 [.       1     205 [. 0.93



Internal pipeline statistics summary:
-------------------------------------
Query model(s):                            1  (192 nodes)
Target sequences:                       4500  (1396018 residues searched)
Passed MSV filter:                       112  (0.0248889); expected 90.0 (0.02)
Passed bias filter:                      106  (0.0235556); expected 90.0 (0.02)
Passed Vit filter:                        11  (0.00244444); expected 4.5 (0.001)
Passed Fwd filter:                         1  (0.000222222); expected 0.0 (1e-05)
Initial search space (Z):               4500  [actual number of targets]
Domain search space  (domZ):               1  [number of targets reported over threshold]
# CPU time: 0.03u 0.01s 00:00:00.04 Elapsed: 00:00:00.02
# Mc/sec: 10291.78
//
Query:       TIGR00086  [M=144]
Accession:   TIGR00086
Description: smpB: SsrA-binding protein
Scores for complete sequences (score includes all domains):
   --- full sequence ---   --- best 1 domain ---    -#dom-
    E-value  score  bias    E-value  score  bias    exp  N  Sequence        Description
    ------- ------ -----    ------- ------ -----   ---- --  --------        -----------
    5.5e-56  186.6   0.5    6.2e-56  186.4   0.5    1.0  1  CP011300.1_1097  # 1158203 # 1158694 # 1 # ID=1_1097;partial=00;start_type=ATG;rbs_motif=GGA/GAG/AGG;rbs_spacer=5-10bp;gc_cont=0.618


Domain annotation for each sequence:
>> CP011300.1_1097  # 1158203 # 1158694 # 1 # ID=1_1097;partial=00;start_type=ATG;rbs_motif=GGA/GAG/AGG;rbs_spacer=5-10bp;gc_cont=0.618
   #    score  bias  c-Evalue  i-Evalue hmmfrom  hmm to    alifrom  ali to    envfrom  env to     acc
 ---   ------ ----- --------- --------- ------- -------    ------- -------    ------- -------    ----
   1 !  186.4   0.5   1.4e-59   6.2e-56       2     144 .]      16     158 ..      15     158 .. 0.99



Internal pipeline statistics summary:
-------------------------------------
Query model(s):                            1  (144 nodes)
Target sequences:                       4500  (1396018 residues searched)
Passed MSV filter:                        58  (0.0128889); expected 90.0 (0.02)
Passed bias filter:                       55  (0.0122222); expected 90.0 (0.02)
Passed Vit filter:                         9  (0.002); expected 4.5 (0.001)
Passed Fwd filter:                         1  (0.000222222); expected 0.0 (1e-05)
Initial search space (Z):               4500  [actual number of targets]
Domain search space  (domZ):               1  [number of targets reported over threshold]
# CPU time: 0.02u 0.00s 00:00:00.02 Elapsed: 00:00:00.03
# Mc/sec: 5631.16
//
Query:       TIGR00088  [M=233]
Accession:   TIGR00088
Description: trmD: tRNA (guanine(37)-N(1))-methyltransferase
Scores for complete sequences (score includes all domains):
   --- full sequence ---   --- best 1 domain ---    -#dom-
    E-value  score  bias    E-value  score  bias    exp  N  Sequence        Description
    ------- ------ -----    ------- ------ -----   ---- --  --------        -----------
    1.4e-78  261.3   0.0    1.7e-78  261.1   0.0    1.0  1  CP011300.1_3276  # 3328752 # 3329435 # -1 # ID=1_3276;partial=00;start_type=TTG;rbs_motif=AGGAG;rbs_spacer=5-10bp;gc_cont=0.683


Domain annotation for each sequence:
>> CP011300.1_3276  # 3328752 # 3329435 # -1 # ID=1_3276;partial=00;start_type=TTG;rbs_motif=AGGAG;rbs_spacer=5-10bp;gc_cont=0.683
   #    score  bias  c-Evalue  i-Evalue hmmfrom  hmm to    alifrom  ali to    envfrom  env to     acc
 ---   ------ ----- --------- --------- ------- -------    ------- -------    ------- -------    ----
   1 !  261.1   0.0   3.7e-82   1.7e-78       4     221 ..       6     225 ..       3     227 .. 0.98



Internal pipeline statistics summary:
-------------------------------------
Query model(s):                            1  (233 nodes)
Target sequences:                       4500  (1396018 residues searched)
Passed MSV filter:                        82  (0.0182222); expected 90.0 (0.02)
Passed bias filter:                       78  (0.0173333); expected 90.0 (0.02)
Passed Vit filter:                         9  (0.002); expected 4.5 (0.001)
Passed Fwd filter:                         1  (0.000222222); expected 0.0 (1e-05)
Initial search space (Z):               4500  [actual number of targets]
Domain search space  (domZ):               1  [number of targets reported over threshold]
# CPU time: 0.02u 0.00s 00:00:00.02 Elapsed: 00:00:00.02
# Mc/sec: 10895.53
//
Query:       TIGR00090  [M=99]
Accession:   TIGR00090
Description: rsfS_iojap_ybeB: ribosome silencing factor
Scores for complete sequences (score includes all domains):
   --- full sequence ---   --- best 1 domain ---    -#dom-
    E-value  score  bias    E-value  score  bias    exp  N  Sequence        Description
    ------- ------ -----    ------- ------ -----   ---- --  --------        -----------
    2.2e-34  115.6   0.0    2.4e-34  115.4   0.0    1.0  1  CP011300.1_3266  # 3319696 # 3320022 # 1 # ID=1_3266;partial=00;start_type=ATG;rbs_motif=GGA/GAG/AGG;rbs_spacer=5-10bp;gc_cont=0.615


Domain annotation for each sequence:
>> CP011300.1_3266  # 3319696 # 3320022 # 1 # ID=1_3266;partial=00;start_type=ATG;rbs_motif=GGA/GAG/AGG;rbs_spacer=5-10bp;gc_cont=0.615
   #    score  bias  c-Evalue  i-Evalue hmmfrom  hmm to    alifrom  ali to    envfrom  env to     acc
 ---   ------ ----- --------- --------- ------- -------    ------- -------    ------- -------    ----
   1 !  115.4   0.0   5.4e-38   2.4e-34       2      99 .]       2      99 ..       1      99 [. 0.98



Internal pipeline statistics summary:
-------------------------------------
Query model(s):                            1  (99 nodes)
Target sequences:                       4500  (1396018 residues searched)
Passed MSV filter:                        90  (0.02); expected 90.0 (0.02)
Passed bias filter:                       84  (0.0186667); expected 90.0 (0.02)
Passed Vit filter:                         6  (0.00133333); expected 4.5 (0.001)
Passed Fwd filter:                         1  (0.000222222); expected 0.0 (1e-05)
Initial search space (Z):               4500  [actual number of targets]
Domain search space  (domZ):               1  [number of targets reported over threshold]
# CPU time: 0.02u 0.00s 00:00:00.02 Elapsed: 00:00:00.01
# Mc/sec: 10090.93
//
Query:       TIGR00092  [M=368]
Accession:   TIGR00092
Description: TIGR00092: GTP-binding protein YchF
Scores for complete sequences (score includes all domains):
   --- full sequence ---   --- best 1 domain ---    -#dom-
    E-value  score  bias    E-value  score  bias    exp  N  Sequence        Description
    ------- ------ -----    ------- ------ -----   ---- --  --------        -----------
   2.5e-147  488.8   0.0   2.8e-147  488.6   0.0    1.0  1  CP011300.1_2473  # 2517809 # 2518906 # 1 # ID=1_2473;partial=00;start_type=ATG;rbs_motif=GGAG/GAGG;rbs_spacer=5-10bp;gc_cont=0.644


Domain annotation for each sequence:
>> CP011300.1_2473  # 2517809 # 2518906 # 1 # ID=1_2473;partial=00;start_type=ATG;rbs_motif=GGAG/GAGG;rbs_spacer=5-10bp;gc_cont=0.644
   #    score  bias  c-Evalue  i-Evalue hmmfrom  hmm to    alifrom  ali to    envfrom  env to     acc
 ---   ------ ----- --------- --------- ------- -------    ------- -------    ------- -------    ----
   1 !  488.6   0.0  6.2e-151  2.8e-147       1     367 [.       1     364 [.       1     365 [. 0.98



Internal pipeline statistics summary:
-------------------------------------
Query model(s):                            1  (368 nodes)
Target sequences:                       4500  (1396018 residues searched)
Passed MSV filter:                       169  (0.0375556); expected 90.0 (0.02)
Passed bias filter:                      155  (0.0344444); expected 90.0 (0.02)
Passed Vit filter:                        22  (0.00488889); expected 4.5 (0.001)
Passed Fwd filter:                         4  (0.000888889); expected 0.0 (1e-05)
Initial search space (Z):               4500  [actual number of targets]
Domain search space  (domZ):               1  [number of targets reported over threshold]
# CPU time: 0.05u 0.00s 00:00:00.05 Elapsed: 00:00:00.07
# Mc/sec: 6881.74
//
Query:       TIGR00095  [M=194]
Accession:   TIGR00095
Description: TIGR00095: 16S rRNA (guanine(966)-N(2))-methyltransferase RsmD
Scores for complete sequences (score includes all domains):
   --- full sequence ---   --- best 1 domain ---    -#dom-
    E-value  score  bias    E-value  score  bias    exp  N  Sequence       Description
    ------- ------ -----    ------- ------ -----   ---- --  --------       -----------
    1.7e-39  133.5   0.0      2e-39  133.2   0.0    1.0  1  CP011300.1_196  # 187001 # 187558 # -1 # ID=1_196;partial=00;start_type=ATG;rbs_motif=None;rbs_spacer=None;gc_cont=0.686


Domain annotation for each sequence:
>> CP011300.1_196  # 187001 # 187558 # -1 # ID=1_196;partial=00;start_type=ATG;rbs_motif=None;rbs_spacer=None;gc_cont=0.686
   #    score  bias  c-Evalue  i-Evalue hmmfrom  hmm to    alifrom  ali to    envfrom  env to     acc
 ---   ------ ----- --------- --------- ------- -------    ------- -------    ------- -------    ----
   1 !  133.2   0.0   4.4e-43     2e-39      13     189 ..       2     179 ..       1     183 [. 0.88



Internal pipeline statistics summary:
-------------------------------------
Query model(s):                            1  (194 nodes)
Target sequences:                       4500  (1396018 residues searched)
Passed MSV filter:                        96  (0.0213333); expected 90.0 (0.02)
Passed bias filter:                       95  (0.0211111); expected 90.0 (0.02)
Passed Vit filter:                        14  (0.00311111); expected 4.5 (0.001)
Passed Fwd filter:                         4  (0.000888889); expected 0.0 (1e-05)
Initial search space (Z):               4500  [actual number of targets]
Domain search space  (domZ):               1  [number of targets reported over threshold]
# CPU time: 0.03u 0.00s 00:00:00.03 Elapsed: 00:00:00.02
# Mc/sec: 10070.90
//
Query:       TIGR00111  [M=351]
Accession:   TIGR00111
Description: pelota: mRNA surveillance protein pelota
Scores for complete sequences (score includes all domains):
   --- full sequence ---   --- best 1 domain ---    -#dom-
    E-value  score  bias    E-value  score  bias    exp  N  Sequence Description
    ------- ------ -----    ------- ------ -----   ---- --  -------- -----------

   [No hits detected that satisfy reporting thresholds]


Domain annotation for each sequence:

   [No targets detected that satisfy reporting thresholds]


Internal pipeline statistics summary:
-------------------------------------
Query model(s):                            1  (351 nodes)
Target sequences:                       4500  (1396018 residues searched)
Passed MSV filter:                        92  (0.0204444); expected 90.0 (0.02)
Passed bias filter:                       82  (0.0182222); expected 90.0 (0.02)
Passed Vit filter:                         7  (0.00155556); expected 4.5 (0.001)
Passed Fwd filter:                         0  (0); expected 0.0 (1e-05)
Initial search space (Z):               4500  [actual number of targets]
Domain search space  (domZ):               0  [number of targets reported over threshold]
# CPU time: 0.04u 0.00s 00:00:00.04 Elapsed: 00:00:00.03
# Mc/sec: 12755.47
//
Query:       TIGR00115  [M=410]
Accession:   TIGR00115
Description: tig: trigger factor
Scores for complete sequences (score includes all domains):
   --- full sequence ---   --- best 1 domain ---    -#dom-
    E-value  score  bias    E-value  score  bias    exp  N  Sequence        Description
    ------- ------ -----    ------- ------ -----   ---- --  --------        -----------
   2.6e-123  409.8   5.6   3.1e-123  409.6   5.6    1.0  1  CP011300.1_1440  # 1505744 # 1507126 # -1 # ID=1_1440;partial=00;start_type=ATG;rbs_motif=GGA/GAG/AGG;rbs_spacer=5-10bp;gc_cont=0.627


Domain annotation for each sequence:
>> CP011300.1_1440  # 1505744 # 1507126 # -1 # ID=1_1440;partial=00;start_type=ATG;rbs_motif=GGA/GAG/AGG;rbs_spacer=5-10bp;gc_cont=0.627
   #    score  bias  c-Evalue  i-Evalue hmmfrom  hmm to    alifrom  ali to    envfrom  env to     acc
 ---   ------ ----- --------- --------- ------- -------    ------- -------    ------- -------    ----
   1 !  409.6   5.6  6.8e-127  3.1e-123       1     409 [.      11     426 ..      11     427 .. 0.99



Internal pipeline statistics summary:
-------------------------------------
Query model(s):                            1  (410 nodes)
Target sequences:                       4500  (1396018 residues searched)
Passed MSV filter:                       139  (0.0308889); expected 90.0 (0.02)
Passed bias filter:                      104  (0.0231111); expected 90.0 (0.02)
Passed Vit filter:                        13  (0.00288889); expected 4.5 (0.001)
Passed Fwd filter:                         1  (0.000222222); expected 0.0 (1e-05)
Initial search space (Z):               4500  [actual number of targets]
Domain search space  (domZ):               1  [number of targets reported over threshold]
# CPU time: 0.04u 0.00s 00:00:00.04 Elapsed: 00:00:00.07
# Mc/sec: 7792.49
//
Query:       TIGR00116  [M=293]
Accession:   TIGR00116
Description: tsf: translation elongation factor Ts
Scores for complete sequences (score includes all domains):
   --- full sequence ---   --- best 1 domain ---    -#dom-
    E-value  score  bias    E-value  score  bias    exp  N  Sequence        Description
    ------- ------ -----    ------- ------ -----   ---- --  --------        -----------
    2.1e-93  310.7   1.8    2.5e-93  310.4   1.8    1.0  1  CP011300.1_1192  # 1242462 # 1243385 # 1 # ID=1_1192;partial=00;start_type=ATG;rbs_motif=GGAG/GAGG;rbs_spacer=5-10bp;gc_cont=0.632


Domain annotation for each sequence:
>> CP011300.1_1192  # 1242462 # 1243385 # 1 # ID=1_1192;partial=00;start_type=ATG;rbs_motif=GGAG/GAGG;rbs_spacer=5-10bp;gc_cont=0.632
   #    score  bias  c-Evalue  i-Evalue hmmfrom  hmm to    alifrom  ali to    envfrom  env to     acc
 ---   ------ ----- --------- --------- ------- -------    ------- -------    ------- -------    ----
   1 !  310.4   1.8   5.7e-97   2.5e-93       2     290 ..       1     304 [.       1     306 [. 0.92



Internal pipeline statistics summary:
-------------------------------------
Query model(s):                            1  (293 nodes)
Target sequences:                       4500  (1396018 residues searched)
Passed MSV filter:                        93  (0.0206667); expected 90.0 (0.02)
Passed bias filter:                       77  (0.0171111); expected 90.0 (0.02)
Passed Vit filter:                         8  (0.00177778); expected 4.5 (0.001)
Passed Fwd filter:                         1  (0.000222222); expected 0.0 (1e-05)
Initial search space (Z):               4500  [actual number of targets]
Domain search space  (domZ):               1  [number of targets reported over threshold]
# CPU time: 0.03u 0.00s 00:00:00.03 Elapsed: 00:00:00.03
# Mc/sec: 12409.47
//
Query:       TIGR00134  [M=622]
Accession:   TIGR00134
Description: gatE_arch: glutamyl-tRNA(Gln) amidotransferase, subunit E
Scores for complete sequences (score includes all domains):
   --- full sequence ---   --- best 1 domain ---    -#dom-
    E-value  score  bias    E-value  score  bias    exp  N  Sequence Description
    ------- ------ -----    ------- ------ -----   ---- --  -------- -----------

   [No hits detected that satisfy reporting thresholds]


Domain annotation for each sequence:

   [No targets detected that satisfy reporting thresholds]


Internal pipeline statistics summary:
-------------------------------------
Query model(s):                            1  (622 nodes)
Target sequences:                       4500  (1396018 residues searched)
Passed MSV filter:                       149  (0.0331111); expected 90.0 (0.02)
Passed bias filter:                      108  (0.024); expected 90.0 (0.02)
Passed Vit filter:                        10  (0.00222222); expected 4.5 (0.001)
Passed Fwd filter:                         1  (0.000222222); expected 0.0 (1e-05)
Initial search space (Z):               4500  [actual number of targets]
Domain search space  (domZ):               0  [number of targets reported over threshold]
# CPU time: 0.07u 0.01s 00:00:00.08 Elapsed: 00:00:00.08
# Mc/sec: 10597.30
//
Query:       TIGR00138  [M=183]
Accession:   TIGR00138
Description: rsmG_gidB: 16S rRNA (guanine(527)-N(7))-methyltransferase RsmG
Scores for complete sequences (score includes all domains):
   --- full sequence ---   --- best 1 domain ---    -#dom-
    E-value  score  bias    E-value  score  bias    exp  N  Sequence        Description
    ------- ------ -----    ------- ------ -----   ---- --  --------        -----------
    4.9e-29   99.2   0.0    5.6e-29   99.1   0.0    1.0  1  CP011300.1_3523  # 3582547 # 3583026 # -1 # ID=1_3523;partial=00;start_type=ATG;rbs_motif=GGAG/GAGG;rbs_spacer=5-10bp;gc_cont=0.567


Domain annotation for each sequence:
>> CP011300.1_3523  # 3582547 # 3583026 # -1 # ID=1_3523;partial=00;start_type=ATG;rbs_motif=GGAG/GAGG;rbs_spacer=5-10bp;gc_cont=0.567
   #    score  bias  c-Evalue  i-Evalue hmmfrom  hmm to    alifrom  ali to    envfrom  env to     acc
 ---   ------ ----- --------- --------- ------- -------    ------- -------    ------- -------    ----
   1 !   99.1   0.0   1.2e-32   5.6e-29      32     159 ..       2     131 ..       1     150 [. 0.90



Internal pipeline statistics summary:
-------------------------------------
Query model(s):                            1  (183 nodes)
Target sequences:                       4500  (1396018 residues searched)
Passed MSV filter:                        88  (0.0195556); expected 90.0 (0.02)
Passed bias filter:                       85  (0.0188889); expected 90.0 (0.02)
Passed Vit filter:                        15  (0.00333333); expected 4.5 (0.001)
Passed Fwd filter:                         3  (0.000666667); expected 0.0 (1e-05)
Initial search space (Z):               4500  [actual number of targets]
Domain search space  (domZ):               1  [number of targets reported over threshold]
# CPU time: 0.02u 0.01s 00:00:00.03 Elapsed: 00:00:00.03
# Mc/sec: 8440.91
//
Query:       TIGR00158  [M=148]
Accession:   TIGR00158
Description: L9: ribosomal protein bL9
Scores for complete sequences (score includes all domains):
   --- full sequence ---   --- best 1 domain ---    -#dom-
    E-value  score  bias    E-value  score  bias    exp  N  Sequence       Description
    ------- ------ -----    ------- ------ -----   ---- --  --------       -----------
    4.9e-39  132.1   0.2    8.1e-39  131.4   0.2    1.3  1  CP011300.1_989  # 1046695 # 1047288 # -1 # ID=1_989;partial=00;start_type=ATG;rbs_motif=AGGA;rbs_spacer=5-10bp;gc_cont=0.635


Domain annotation for each sequence:
>> CP011300.1_989  # 1046695 # 1047288 # -1 # ID=1_989;partial=00;start_type=ATG;rbs_motif=AGGA;rbs_spacer=5-10bp;gc_cont=0.635
   #    score  bias  c-Evalue  i-Evalue hmmfrom  hmm to    alifrom  ali to    envfrom  env to     acc
 ---   ------ ----- --------- --------- ------- -------    ------- -------    ------- -------    ----
   1 !  131.4   0.2   1.8e-42   8.1e-39       1     146 [.       1     145 [.       1     147 [. 0.99



Internal pipeline statistics summary:
-------------------------------------
Query model(s):                            1  (148 nodes)
Target sequences:                       4500  (1396018 residues searched)
Passed MSV filter:                        96  (0.0213333); expected 90.0 (0.02)
Passed bias filter:                       71  (0.0157778); expected 90.0 (0.02)
Passed Vit filter:                         5  (0.00111111); expected 4.5 (0.001)
Passed Fwd filter:                         1  (0.000222222); expected 0.0 (1e-05)
Initial search space (Z):               4500  [actual number of targets]
Domain search space  (domZ):               1  [number of targets reported over threshold]
# CPU time: 0.02u 0.00s 00:00:00.02 Elapsed: 00:00:00.05
# Mc/sec: 3573.33
//
Query:       TIGR00166  [M=95]
Accession:   TIGR00166
Description: S6: ribosomal protein bS6
Scores for complete sequences (score includes all domains):
   --- full sequence ---   --- best 1 domain ---    -#dom-
    E-value  score  bias    E-value  score  bias    exp  N  Sequence       Description
    ------- ------ -----    ------- ------ -----   ---- --  --------       -----------
    6.2e-25   85.3   0.3    7.4e-25   85.0   0.3    1.1  1  CP011300.1_991  # 1047651 # 1048052 # -1 # ID=1_991;partial=00;start_type=ATG;rbs_motif=GGA/GAG/AGG;rbs_spacer=5-10bp;gc_cont=0.619


Domain annotation for each sequence:
>> CP011300.1_991  # 1047651 # 1048052 # -1 # ID=1_991;partial=00;start_type=ATG;rbs_motif=GGA/GAG/AGG;rbs_spacer=5-10bp;gc_cont=0.619
   #    score  bias  c-Evalue  i-Evalue hmmfrom  hmm to    alifrom  ali to    envfrom  env to     acc
 ---   ------ ----- --------- --------- ------- -------    ------- -------    ------- -------    ----
   1 !   85.0   0.3   1.6e-28   7.4e-25       1      94 [.       1      94 [.       1      95 [. 0.98



Internal pipeline statistics summary:
-------------------------------------
Query model(s):                            1  (95 nodes)
Target sequences:                       4500  (1396018 residues searched)
Passed MSV filter:                        67  (0.0148889); expected 90.0 (0.02)
Passed bias filter:                       65  (0.0144444); expected 90.0 (0.02)
Passed Vit filter:                         4  (0.000888889); expected 4.5 (0.001)
Passed Fwd filter:                         1  (0.000222222); expected 0.0 (1e-05)
Initial search space (Z):               4500  [actual number of targets]
Domain search space  (domZ):               1  [number of targets reported over threshold]
# CPU time: 0.01u 0.00s 00:00:00.01 Elapsed: 00:00:00.03
# Mc/sec: 3720.45
//
Query:       TIGR00168  [M=165]
Accession:   TIGR00168
Description: infC: translation initiation factor IF-3
Scores for complete sequences (score includes all domains):
   --- full sequence ---   --- best 1 domain ---    -#dom-
    E-value  score  bias    E-value  score  bias    exp  N  Sequence        Description
    ------- ------ -----    ------- ------ -----   ---- --  --------        -----------
    9.4e-64  212.0   1.2    1.1e-63  211.8   1.2    1.0  1  CP011300.1_3936  # 4014525 # 4015049 # -1 # ID=1_3936;partial=00;start_type=ATG;rbs_motif=None;rbs_spacer=None;gc_cont=0.615


Domain annotation for each sequence:
>> CP011300.1_3936  # 4014525 # 4015049 # -1 # ID=1_3936;partial=00;start_type=ATG;rbs_motif=None;rbs_spacer=None;gc_cont=0.615
   #    score  bias  c-Evalue  i-Evalue hmmfrom  hmm to    alifrom  ali to    envfrom  env to     acc
 ---   ------ ----- --------- --------- ------- -------    ------- -------    ------- -------    ----
   1 !  211.8   1.2   2.4e-67   1.1e-63       2     163 ..      14     174 ..      13     174 .. 1.00



Internal pipeline statistics summary:
-------------------------------------
Query model(s):                            1  (165 nodes)
Target sequences:                       4500  (1396018 residues searched)
Passed MSV filter:                        92  (0.0204444); expected 90.0 (0.02)
Passed bias filter:                       81  (0.018); expected 90.0 (0.02)
Passed Vit filter:                        10  (0.00222222); expected 4.5 (0.001)
Passed Fwd filter:                         1  (0.000222222); expected 0.0 (1e-05)
Initial search space (Z):               4500  [actual number of targets]
Domain search space  (domZ):               1  [number of targets reported over threshold]
# CPU time: 0.02u 0.01s 00:00:00.03 Elapsed: 00:00:00.04
# Mc/sec: 5091.77
//
Query:       TIGR00186  [M=240]
Accession:   TIGR00186
Description: rRNA_methyl_3: RNA methyltransferase, TrmH family, group 3
Scores for complete sequences (score includes all domains):
   --- full sequence ---   --- best 1 domain ---    -#dom-
    E-value  score  bias    E-value  score  bias    exp  N  Sequence        Description
    ------- ------ -----    ------- ------ -----   ---- --  --------        -----------
    6.1e-52  174.4   0.0    7.4e-52  174.2   0.0    1.0  1  CP011300.1_1953  # 2010086 # 2010835 # 1 # ID=1_1953;partial=00;start_type=ATG;rbs_motif=GGA/GAG/AGG;rbs_spacer=5-10bp;gc_cont=0.655


Domain annotation for each sequence:
>> CP011300.1_1953  # 2010086 # 2010835 # 1 # ID=1_1953;partial=00;start_type=ATG;rbs_motif=GGA/GAG/AGG;rbs_spacer=5-10bp;gc_cont=0.655
   #    score  bias  c-Evalue  i-Evalue hmmfrom  hmm to    alifrom  ali to    envfrom  env to     acc
 ---   ------ ----- --------- --------- ------- -------    ------- -------    ------- -------    ----
   1 !  174.2   0.0   1.6e-55   7.4e-52       4     237 ..      20     246 ..      18     249 .. 0.93



Internal pipeline statistics summary:
-------------------------------------
Query model(s):                            1  (240 nodes)
Target sequences:                       4500  (1396018 residues searched)
Passed MSV filter:                        98  (0.0217778); expected 90.0 (0.02)
Passed bias filter:                       91  (0.0202222); expected 90.0 (0.02)
Passed Vit filter:                        11  (0.00244444); expected 4.5 (0.001)
Passed Fwd filter:                         3  (0.000666667); expected 0.0 (1e-05)
Initial search space (Z):               4500  [actual number of targets]
Domain search space  (domZ):               1  [number of targets reported over threshold]
# CPU time: 0.04u 0.00s 00:00:00.04 Elapsed: 00:00:00.07
# Mc/sec: 4290.46
//
Query:       TIGR00194  [M=574]
Accession:   TIGR00194
Description: uvrC: excinuclease ABC subunit C
Scores for complete sequences (score includes all domains):
   --- full sequence ---   --- best 1 domain ---    -#dom-
    E-value  score  bias    E-value  score  bias    exp  N  Sequence        Description
    ------- ------ -----    ------- ------ -----   ---- --  --------        -----------
   4.6e-162  538.6   0.0   6.9e-162  538.0   0.0    1.2  1  CP011300.1_2449  # 2498282 # 2500165 # 1 # ID=1_2449;partial=00;start_type=ATG;rbs_motif=3Base/5BMM;rbs_spacer=13-15bp;gc_cont=0.652


Domain annotation for each sequence:
>> CP011300.1_2449  # 2498282 # 2500165 # 1 # ID=1_2449;partial=00;start_type=ATG;rbs_motif=3Base/5BMM;rbs_spacer=13-15bp;gc_cont=0.652
   #    score  bias  c-Evalue  i-Evalue hmmfrom  hmm to    alifrom  ali to    envfrom  env to     acc
 ---   ------ ----- --------- --------- ------- -------    ------- -------    ------- -------    ----
   1 !  538.0   0.0  1.5e-165  6.9e-162       3     572 ..      16     602 ..      14     604 .. 0.95



Internal pipeline statistics summary:
-------------------------------------
Query model(s):                            1  (574 nodes)
Target sequences:                       4500  (1396018 residues searched)
Passed MSV filter:                        90  (0.02); expected 90.0 (0.02)
Passed bias filter:                       85  (0.0188889); expected 90.0 (0.02)
Passed Vit filter:                        10  (0.00222222); expected 4.5 (0.001)
Passed Fwd filter:                         3  (0.000666667); expected 0.0 (1e-05)
Initial search space (Z):               4500  [actual number of targets]
Domain search space  (domZ):               1  [number of targets reported over threshold]
# CPU time: 0.07u 0.01s 00:00:00.08 Elapsed: 00:00:00.08
# Mc/sec: 9470.89
//
Query:       TIGR00250  [M=130]
Accession:   TIGR00250
Description: RNAse_H_YqgF: putative transcription antitermination factor YqgF
Scores for complete sequences (score includes all domains):
   --- full sequence ---   --- best 1 domain ---    -#dom-
    E-value  score  bias    E-value  score  bias    exp  N  Sequence        Description
    ------- ------ -----    ------- ------ -----   ---- --  --------        -----------
    2.9e-37  125.6   0.0    3.3e-37  125.5   0.0    1.0  1  CP011300.1_1843  # 1913912 # 1914373 # 1 # ID=1_1843;partial=00;start_type=TTG;rbs_motif=GGA/GAG/AGG;rbs_spacer=5-10bp;gc_cont=0.660


Domain annotation for each sequence:
>> CP011300.1_1843  # 1913912 # 1914373 # 1 # ID=1_1843;partial=00;start_type=TTG;rbs_motif=GGA/GAG/AGG;rbs_spacer=5-10bp;gc_cont=0.660
   #    score  bias  c-Evalue  i-Evalue hmmfrom  hmm to    alifrom  ali to    envfrom  env to     acc
 ---   ------ ----- --------- --------- ------- -------    ------- -------    ------- -------    ----
   1 !  125.5   0.0   7.3e-41   3.3e-37       1     130 []      19     148 ..      19     148 .. 0.99



Internal pipeline statistics summary:
-------------------------------------
Query model(s):                            1  (130 nodes)
Target sequences:                       4500  (1396018 residues searched)
Passed MSV filter:                       117  (0.026); expected 90.0 (0.02)
Passed bias filter:                      100  (0.0222222); expected 90.0 (0.02)
Passed Vit filter:                        13  (0.00288889); expected 4.5 (0.001)
Passed Fwd filter:                         1  (0.000222222); expected 0.0 (1e-05)
Initial search space (Z):               4500  [actual number of targets]
Domain search space  (domZ):               1  [number of targets reported over threshold]
# CPU time: 0.02u 0.00s 00:00:00.02 Elapsed: 00:00:00.01
# Mc/sec: 11734.74
//
Query:       TIGR00279  [M=172]
Accession:   TIGR00279
Description: uL16_euk_arch: ribosomal protein uL16
Scores for complete sequences (score includes all domains):
   --- full sequence ---   --- best 1 domain ---    -#dom-
    E-value  score  bias    E-value  score  bias    exp  N  Sequence Description
    ------- ------ -----    ------- ------ -----   ---- --  -------- -----------

   [No hits detected that satisfy reporting thresholds]


Domain annotation for each sequence:

   [No targets detected that satisfy reporting thresholds]


Internal pipeline statistics summary:
-------------------------------------
Query model(s):                            1  (172 nodes)
Target sequences:                       4500  (1396018 residues searched)
Passed MSV filter:                       105  (0.0233333); expected 90.0 (0.02)
Passed bias filter:                       90  (0.02); expected 90.0 (0.02)
Passed Vit filter:                         6  (0.00133333); expected 4.5 (0.001)
Passed Fwd filter:                         2  (0.000444444); expected 0.0 (1e-05)
Initial search space (Z):               4500  [actual number of targets]
Domain search space  (domZ):               0  [number of targets reported over threshold]
# CPU time: 0.02u 0.00s 00:00:00.02 Elapsed: 00:00:00.03
# Mc/sec: 6834.36
//
Query:       TIGR00291  [M=231]
Accession:   TIGR00291
Description: RNA_SBDS: rRNA metabolism protein, SBDS family
Scores for complete sequences (score includes all domains):
   --- full sequence ---   --- best 1 domain ---    -#dom-
    E-value  score  bias    E-value  score  bias    exp  N  Sequence Description
    ------- ------ -----    ------- ------ -----   ---- --  -------- -----------

   [No hits detected that satisfy reporting thresholds]


Domain annotation for each sequence:

   [No targets detected that satisfy reporting thresholds]


Internal pipeline statistics summary:
-------------------------------------
Query model(s):                            1  (231 nodes)
Target sequences:                       4500  (1396018 residues searched)
Passed MSV filter:                        80  (0.0177778); expected 90.0 (0.02)
Passed bias filter:                       66  (0.0146667); expected 90.0 (0.02)
Passed Vit filter:                         3  (0.000666667); expected 4.5 (0.001)
Passed Fwd filter:                         0  (0); expected 0.0 (1e-05)
Initial search space (Z):               4500  [actual number of targets]
Domain search space  (domZ):               0  [number of targets reported over threshold]
# CPU time: 0.03u 0.00s 00:00:00.03 Elapsed: 00:00:00.02
# Mc/sec: 11487.13
//
Query:       TIGR00323  [M=215]
Accession:   TIGR00323
Description: eIF-6: putative translation initiation factor eIF-6
Scores for complete sequences (score includes all domains):
   --- full sequence ---   --- best 1 domain ---    -#dom-
    E-value  score  bias    E-value  score  bias    exp  N  Sequence Description
    ------- ------ -----    ------- ------ -----   ---- --  -------- -----------

   [No hits detected that satisfy reporting thresholds]


Domain annotation for each sequence:

   [No targets detected that satisfy reporting thresholds]


Internal pipeline statistics summary:
-------------------------------------
Query model(s):                            1  (215 nodes)
Target sequences:                       4500  (1396018 residues searched)
Passed MSV filter:                       139  (0.0308889); expected 90.0 (0.02)
Passed bias filter:                       99  (0.022); expected 90.0 (0.02)
Passed Vit filter:                         5  (0.00111111); expected 4.5 (0.001)
Passed Fwd filter:                         0  (0); expected 0.0 (1e-05)
Initial search space (Z):               4500  [actual number of targets]
Domain search space  (domZ):               0  [number of targets reported over threshold]
# CPU time: 0.03u 0.00s 00:00:00.03 Elapsed: 00:00:00.05
# Mc/sec: 5560.49
//
Query:       TIGR00335  [M=324]
Accession:   TIGR00335
Description: primase_sml: putative DNA primase, eukaryotic-type, small subunit
Scores for complete sequences (score includes all domains):
   --- full sequence ---   --- best 1 domain ---    -#dom-
    E-value  score  bias    E-value  score  bias    exp  N  Sequence Description
    ------- ------ -----    ------- ------ -----   ---- --  -------- -----------

   [No hits detected that satisfy reporting thresholds]


Domain annotation for each sequence:

   [No targets detected that satisfy reporting thresholds]


Internal pipeline statistics summary:
-------------------------------------
Query model(s):                            1  (324 nodes)
Target sequences:                       4500  (1396018 residues searched)
Passed MSV filter:                        69  (0.0153333); expected 90.0 (0.02)
Passed bias filter:                       62  (0.0137778); expected 90.0 (0.02)
Passed Vit filter:                         8  (0.00177778); expected 4.5 (0.001)
Passed Fwd filter:                         0  (0); expected 0.0 (1e-05)
Initial search space (Z):               4500  [actual number of targets]
Domain search space  (domZ):               0  [number of targets reported over threshold]
# CPU time: 0.03u 0.00s 00:00:00.03 Elapsed: 00:00:00.04
# Mc/sec: 11046.82
//
Query:       TIGR00337  [M=526]
Accession:   TIGR00337
Description: PyrG: CTP synthase
Scores for complete sequences (score includes all domains):
   --- full sequence ---   --- best 1 domain ---    -#dom-
    E-value  score  bias    E-value  score  bias    exp  N  Sequence        Description
    ------- ------ -----    ------- ------ -----   ---- --  --------        -----------
   2.4e-226  750.3   0.0   2.7e-226  750.2   0.0    1.0  1  CP011300.1_1227  # 1282321 # 1283949 # 1 # ID=1_1227;partial=00;start_type=ATG;rbs_motif=GGA/GAG/AGG;rbs_spacer=5-10bp;gc_cont=0.649


Domain annotation for each sequence:
>> CP011300.1_1227  # 1282321 # 1283949 # 1 # ID=1_1227;partial=00;start_type=ATG;rbs_motif=GGA/GAG/AGG;rbs_spacer=5-10bp;gc_cont=0.649
   #    score  bias  c-Evalue  i-Evalue hmmfrom  hmm to    alifrom  ali to    envfrom  env to     acc
 ---   ------ ----- --------- --------- ------- -------    ------- -------    ------- -------    ----
   1 !  750.2   0.0  6.1e-230  2.7e-226       3     526 .]       2     534 ..       1     534 [. 0.99



Internal pipeline statistics summary:
-------------------------------------
Query model(s):                            1  (526 nodes)
Target sequences:                       4500  (1396018 residues searched)
Passed MSV filter:                       108  (0.024); expected 90.0 (0.02)
Passed bias filter:                      103  (0.0228889); expected 90.0 (0.02)
Passed Vit filter:                        19  (0.00422222); expected 4.5 (0.001)
Passed Fwd filter:                         3  (0.000666667); expected 0.0 (1e-05)
Initial search space (Z):               4500  [actual number of targets]
Domain search space  (domZ):               1  [number of targets reported over threshold]
# CPU time: 0.05u 0.01s 00:00:00.06 Elapsed: 00:00:00.05
# Mc/sec: 13921.51
//
Query:       TIGR00344  [M=847]
Accession:   TIGR00344
Description: alaS: alanine--tRNA ligase
Scores for complete sequences (score includes all domains):
   --- full sequence ---   --- best 1 domain ---    -#dom-
    E-value  score  bias    E-value  score  bias    exp  N  Sequence        Description
    ------- ------ -----    ------- ------ -----   ---- --  --------        -----------
   1.1e-292  971.3   0.0   1.2e-292  971.1   0.0    1.0  1  CP011300.1_2064  # 2101274 # 2103922 # -1 # ID=1_2064;partial=00;start_type=ATG;rbs_motif=AGGA/GGAG/GAGG;rbs_spacer=11-12bp;gc_cont=0.666


Domain annotation for each sequence:
>> CP011300.1_2064  # 2101274 # 2103922 # -1 # ID=1_2064;partial=00;start_type=ATG;rbs_motif=AGGA/GGAG/GAGG;rbs_spacer=11-12bp;gc_cont=0.666
   #    score  bias  c-Evalue  i-Evalue hmmfrom  hmm to    alifrom  ali to    envfrom  env to     acc
 ---   ------ ----- --------- --------- ------- -------    ------- -------    ------- -------    ----
   1 !  971.1   0.0  2.8e-296  1.2e-292       1     847 []       6     863 ..       6     863 .. 0.97



Internal pipeline statistics summary:
-------------------------------------
Query model(s):                            1  (847 nodes)
Target sequences:                       4500  (1396018 residues searched)
Passed MSV filter:                       127  (0.0282222); expected 90.0 (0.02)
Passed bias filter:                      100  (0.0222222); expected 90.0 (0.02)
Passed Vit filter:                        14  (0.00311111); expected 4.5 (0.001)
Passed Fwd filter:                         5  (0.00111111); expected 0.0 (1e-05)
Initial search space (Z):               4500  [actual number of targets]
Domain search space  (domZ):               1  [number of targets reported over threshold]
# CPU time: 0.10u 0.01s 00:00:00.11 Elapsed: 00:00:00.12
# Mc/sec: 9544.17
//
Query:       TIGR00362  [M=437]
Accession:   TIGR00362
Description: DnaA: chromosomal replication initiator protein DnaA
Scores for complete sequences (score includes all domains):
   --- full sequence ---   --- best 1 domain ---    -#dom-
    E-value  score  bias    E-value  score  bias    exp  N  Sequence        Description
    ------- ------ -----    ------- ------ -----   ---- --  --------        -----------
   2.2e-133  443.5   0.0   2.5e-133  443.3   0.0    1.0  1  CP011300.1_3672  # 3727443 # 3728918 # 1 # ID=1_3672;partial=00;start_type=ATG;rbs_motif=GGAG/GAGG;rbs_spacer=5-10bp;gc_cont=0.657


Domain annotation for each sequence:
>> CP011300.1_3672  # 3727443 # 3728918 # 1 # ID=1_3672;partial=00;start_type=ATG;rbs_motif=GGAG/GAGG;rbs_spacer=5-10bp;gc_cont=0.657
   #    score  bias  c-Evalue  i-Evalue hmmfrom  hmm to    alifrom  ali to    envfrom  env to     acc
 ---   ------ ----- --------- --------- ------- -------    ------- -------    ------- -------    ----
   1 !  443.3   0.0  5.6e-137  2.5e-133       3     437 .]      18     489 ..      16     489 .. 0.93



Internal pipeline statistics summary:
-------------------------------------
Query model(s):                            1  (437 nodes)
Target sequences:                       4500  (1396018 residues searched)
Passed MSV filter:                       168  (0.0373333); expected 90.0 (0.02)
Passed bias filter:                      150  (0.0333333); expected 90.0 (0.02)
Passed Vit filter:                        36  (0.008); expected 4.5 (0.001)
Passed Fwd filter:                         5  (0.00111111); expected 0.0 (1e-05)
Initial search space (Z):               4500  [actual number of targets]
Domain search space  (domZ):               1  [number of targets reported over threshold]
# CPU time: 0.08u 0.00s 00:00:00.08 Elapsed: 00:00:00.10
# Mc/sec: 5901.83
//
Query:       TIGR00373  [M=162]
Accession:   TIGR00373
Description: TIGR00373: transcription factor E
Scores for complete sequences (score includes all domains):
   --- full sequence ---   --- best 1 domain ---    -#dom-
    E-value  score  bias    E-value  score  bias    exp  N  Sequence Description
    ------- ------ -----    ------- ------ -----   ---- --  -------- -----------

   [No hits detected that satisfy reporting thresholds]


Domain annotation for each sequence:

   [No targets detected that satisfy reporting thresholds]


Internal pipeline statistics summary:
-------------------------------------
Query model(s):                            1  (162 nodes)
Target sequences:                       4500  (1396018 residues searched)
Passed MSV filter:                       105  (0.0233333); expected 90.0 (0.02)
Passed bias filter:                      100  (0.0222222); expected 90.0 (0.02)
Passed Vit filter:                        15  (0.00333333); expected 4.5 (0.001)
Passed Fwd filter:                         0  (0); expected 0.0 (1e-05)
Initial search space (Z):               4500  [actual number of targets]
Domain search space  (domZ):               0  [number of targets reported over threshold]
# CPU time: 0.02u 0.00s 00:00:00.02 Elapsed: 00:00:00.02
# Mc/sec: 9288.39
//
Query:       TIGR00382  [M=414]
Accession:   TIGR00382
Description: clpX: ATP-dependent Clp protease, ATP-binding subunit ClpX
Scores for complete sequences (score includes all domains):
   --- full sequence ---   --- best 1 domain ---    -#dom-
    E-value  score  bias    E-value  score  bias    exp  N  Sequence        Description
    ------- ------ -----    ------- ------ -----   ---- --  --------        -----------
   2.9e-201  666.8   0.3   3.7e-201  666.4   0.3    1.0  1  CP011300.1_1433  # 1499374 # 1500651 # -1 # ID=1_1433;partial=00;start_type=ATG;rbs_motif=GGAG/GAGG;rbs_spacer=5-10bp;gc_cont=0.607
    1.3e-56  190.4   2.4    3.5e-23   80.2   0.0    3.4  0  CP011300.1_3533  # 3592682 # 3593989 # -1 # ID=1_3533;partial=00;start_type=ATG;rbs_motif=GGAG/GAGG;rbs_spacer=5-10bp;gc_cont=0.656


Domain annotation for each sequence:
>> CP011300.1_1433  # 1499374 # 1500651 # -1 # ID=1_1433;partial=00;start_type=ATG;rbs_motif=GGAG/GAGG;rbs_spacer=5-10bp;gc_cont=0.607
   #    score  bias  c-Evalue  i-Evalue hmmfrom  hmm to    alifrom  ali to    envfrom  env to     acc
 ---   ------ ----- --------- --------- ------- -------    ------- -------    ------- -------    ----
   1 !  666.4   0.3  1.7e-204  3.7e-201       5     411 ..      11     408 ..       7     411 .. 0.96

>> CP011300.1_3533  # 3592682 # 3593989 # -1 # ID=1_3533;partial=00;start_type=ATG;rbs_motif=GGAG/GAGG;rbs_spacer=5-10bp;gc_cont=0.656
   [No individual domains that satisfy reporting thresholds (although complete target did)]



Internal pipeline statistics summary:
-------------------------------------
Query model(s):                            1  (414 nodes)
Target sequences:                       4500  (1396018 residues searched)
Passed MSV filter:                       252  (0.056); expected 90.0 (0.02)
Passed bias filter:                      246  (0.0546667); expected 90.0 (0.02)
Passed Vit filter:                        76  (0.0168889); expected 4.5 (0.001)
Passed Fwd filter:                        10  (0.00222222); expected 0.0 (1e-05)
Initial search space (Z):               4500  [actual number of targets]
Domain search space  (domZ):               2  [number of targets reported over threshold]
# CPU time: 0.10u 0.00s 00:00:00.10 Elapsed: 00:00:00.10
# Mc/sec: 5455.17
//
Query:       TIGR00392  [M=861]
Accession:   TIGR00392
Description: ileS: isoleucine--tRNA ligase
Scores for complete sequences (score includes all domains):
   --- full sequence ---   --- best 1 domain ---    -#dom-
    E-value  score  bias    E-value  score  bias    exp  N  Sequence       Description
    ------- ------ -----    ------- ------ -----   ---- --  --------       -----------
   6.8e-247  819.8   0.0   7.9e-247  819.6   0.0    1.0  1  CP011300.1_200  # 190804 # 193758 # -1 # ID=1_200;partial=00;start_type=ATG;rbs_motif=None;rbs_spacer=None;gc_cont=0.649


Domain annotation for each sequence:
>> CP011300.1_200  # 190804 # 193758 # -1 # ID=1_200;partial=00;start_type=ATG;rbs_motif=None;rbs_spacer=None;gc_cont=0.649
   #    score  bias  c-Evalue  i-Evalue hmmfrom  hmm to    alifrom  ali to    envfrom  env to     acc
 ---   ------ ----- --------- --------- ------- -------    ------- -------    ------- -------    ----
   1 !  819.6   0.0  1.8e-250  7.9e-247       2     859 ..      25     890 ..      24     892 .. 0.93



Internal pipeline statistics summary:
-------------------------------------
Query model(s):                            1  (861 nodes)
Target sequences:                       4500  (1396018 residues searched)
Passed MSV filter:                        61  (0.0135556); expected 90.0 (0.02)
Passed bias filter:                       57  (0.0126667); expected 90.0 (0.02)
Passed Vit filter:                        11  (0.00244444); expected 4.5 (0.001)
Passed Fwd filter:                         6  (0.00133333); expected 0.0 (1e-05)
Initial search space (Z):               4500  [actual number of targets]
Domain search space  (domZ):               1  [number of targets reported over threshold]
# CPU time: 0.15u 0.00s 00:00:00.15 Elapsed: 00:00:00.15
# Mc/sec: 7789.36
//
Query:       TIGR00396  [M=843]
Accession:   TIGR00396
Description: leuS_bact: leucine--tRNA ligase
Scores for complete sequences (score includes all domains):
   --- full sequence ---   --- best 1 domain ---    -#dom-
    E-value  score  bias    E-value  score  bias    exp  N  Sequence        Description
    ------- ------ -----    ------- ------ -----   ---- --  --------        -----------
   3.8e-302 1002.4   0.0   4.3e-302 1002.3   0.0    1.0  1  CP011300.1_3518  # 3576431 # 3579049 # 1 # ID=1_3518;partial=00;start_type=GTG;rbs_motif=AGGA;rbs_spacer=5-10bp;gc_cont=0.652


Domain annotation for each sequence:
>> CP011300.1_3518  # 3576431 # 3579049 # 1 # ID=1_3518;partial=00;start_type=GTG;rbs_motif=AGGA;rbs_spacer=5-10bp;gc_cont=0.652
   #    score  bias  c-Evalue  i-Evalue hmmfrom  hmm to    alifrom  ali to    envfrom  env to     acc
 ---   ------ ----- --------- --------- ------- -------    ------- -------    ------- -------    ----
   1 ! 1002.3   0.0  9.7e-306  4.3e-302       1     842 [.       6     872 ..       6     872 .. 0.94



Internal pipeline statistics summary:
-------------------------------------
Query model(s):                            1  (843 nodes)
Target sequences:                       4500  (1396018 residues searched)
Passed MSV filter:                        85  (0.0188889); expected 90.0 (0.02)
Passed bias filter:                       79  (0.0175556); expected 90.0 (0.02)
Passed Vit filter:                        16  (0.00355556); expected 4.5 (0.001)
Passed Fwd filter:                         5  (0.00111111); expected 0.0 (1e-05)
Initial search space (Z):               4500  [actual number of targets]
Domain search space  (domZ):               1  [number of targets reported over threshold]
# CPU time: 0.15u 0.01s 00:00:00.16 Elapsed: 00:00:00.16
# Mc/sec: 7318.26
//
Query:       TIGR00398  [M=530]
Accession:   TIGR00398
Description: metG: methionine--tRNA ligase
Scores for complete sequences (score includes all domains):
   --- full sequence ---   --- best 1 domain ---    -#dom-
    E-value  score  bias    E-value  score  bias    exp  N  Sequence        Description
    ------- ------ -----    ------- ------ -----   ---- --  --------        -----------
   3.3e-148  492.6   0.0   1.2e-146  487.5   0.0    2.0  1  CP011300.1_1332  # 1395858 # 1397408 # -1 # ID=1_1332;partial=00;start_type=ATG;rbs_motif=GGA/GAG/AGG;rbs_spacer=5-10bp;gc_cont=0.640


Domain annotation for each sequence:
>> CP011300.1_1332  # 1395858 # 1397408 # -1 # ID=1_1332;partial=00;start_type=ATG;rbs_motif=GGA/GAG/AGG;rbs_spacer=5-10bp;gc_cont=0.640
   #    score  bias  c-Evalue  i-Evalue hmmfrom  hmm to    alifrom  ali to    envfrom  env to     acc
 ---   ------ ----- --------- --------- ------- -------    ------- -------    ------- -------    ----
   1 !  487.5   0.0  2.7e-150  1.2e-146       1     510 [.       6     485 ..       6     511 .. 0.93



Internal pipeline statistics summary:
-------------------------------------
Query model(s):                            1  (530 nodes)
Target sequences:                       4500  (1396018 residues searched)
Passed MSV filter:                        79  (0.0175556); expected 90.0 (0.02)
Passed bias filter:                       75  (0.0166667); expected 90.0 (0.02)
Passed Vit filter:                        16  (0.00355556); expected 4.5 (0.001)
Passed Fwd filter:                         7  (0.00155556); expected 0.0 (1e-05)
Initial search space (Z):               4500  [actual number of targets]
Domain search space  (domZ):               1  [number of targets reported over threshold]
# CPU time: 0.09u 0.01s 00:00:00.10 Elapsed: 00:00:00.10
# Mc/sec: 7316.56
//
Query:       TIGR00405  [M=145]
Accession:   TIGR00405
Description: KOW_elon_Spt5: transcription elongation factor Spt5
Scores for complete sequences (score includes all domains):
   --- full sequence ---   --- best 1 domain ---    -#dom-
    E-value  score  bias    E-value  score  bias    exp  N  Sequence Description
    ------- ------ -----    ------- ------ -----   ---- --  -------- -----------

   [No hits detected that satisfy reporting thresholds]


Domain annotation for each sequence:

   [No targets detected that satisfy reporting thresholds]


Internal pipeline statistics summary:
-------------------------------------
Query model(s):                            1  (145 nodes)
Target sequences:                       4500  (1396018 residues searched)
Passed MSV filter:                       116  (0.0257778); expected 90.0 (0.02)
Passed bias filter:                       98  (0.0217778); expected 90.0 (0.02)
Passed Vit filter:                         9  (0.002); expected 4.5 (0.001)
Passed Fwd filter:                         2  (0.000444444); expected 0.0 (1e-05)
Initial search space (Z):               4500  [actual number of targets]
Domain search space  (domZ):               0  [number of targets reported over threshold]
# CPU time: 0.03u 0.00s 00:00:00.03 Elapsed: 00:00:00.03
# Mc/sec: 6559.73
//
Query:       TIGR00414  [M=418]
Accession:   TIGR00414
Description: serS: serine--tRNA ligase
Scores for complete sequences (score includes all domains):
   --- full sequence ---   --- best 1 domain ---    -#dom-
    E-value  score  bias    E-value  score  bias    exp  N  Sequence        Description
    ------- ------ -----    ------- ------ -----   ---- --  --------        -----------
   2.2e-154  512.5   0.0   2.4e-154  512.3   0.0    1.0  1  CP011300.1_1466  # 1536636 # 1537964 # -1 # ID=1_1466;partial=00;start_type=ATG;rbs_motif=3Base/5BMM;rbs_spacer=13-15bp;gc_cont=0.650


Domain annotation for each sequence:
>> CP011300.1_1466  # 1536636 # 1537964 # -1 # ID=1_1466;partial=00;start_type=ATG;rbs_motif=3Base/5BMM;rbs_spacer=13-15bp;gc_cont=0.650
   #    score  bias  c-Evalue  i-Evalue hmmfrom  hmm to    alifrom  ali to    envfrom  env to     acc
 ---   ------ ----- --------- --------- ------- -------    ------- -------    ------- -------    ----
   1 !  512.3   0.0  5.4e-158  2.4e-154       1     418 []       1     432 [.       1     432 [. 0.96



Internal pipeline statistics summary:
-------------------------------------
Query model(s):                            1  (418 nodes)
Target sequences:                       4500  (1396018 residues searched)
Passed MSV filter:                       140  (0.0311111); expected 90.0 (0.02)
Passed bias filter:                      116  (0.0257778); expected 90.0 (0.02)
Passed Vit filter:                        14  (0.00311111); expected 4.5 (0.001)
Passed Fwd filter:                         6  (0.00133333); expected 0.0 (1e-05)
Initial search space (Z):               4500  [actual number of targets]
Domain search space  (domZ):               1  [number of targets reported over threshold]
# CPU time: 0.05u 0.00s 00:00:00.05 Elapsed: 00:00:00.06
# Mc/sec: 8475.57
//
Query:       TIGR00416  [M=454]
Accession:   TIGR00416
Description: sms: DNA repair protein RadA
Scores for complete sequences (score includes all domains):
   --- full sequence ---   --- best 1 domain ---    -#dom-
    E-value  score  bias    E-value  score  bias    exp  N  Sequence       Description
    ------- ------ -----    ------- ------ -----   ---- --  --------       -----------
   1.6e-165  549.2   0.1   1.8e-165  549.1   0.1    1.0  1  CP011300.1_974  # 1033726 # 1035126 # -1 # ID=1_974;partial=00;start_type=TTG;rbs_motif=AGGA;rbs_spacer=5-10bp;gc_cont=0.677


Domain annotation for each sequence:
>> CP011300.1_974  # 1033726 # 1035126 # -1 # ID=1_974;partial=00;start_type=TTG;rbs_motif=AGGA;rbs_spacer=5-10bp;gc_cont=0.677
   #    score  bias  c-Evalue  i-Evalue hmmfrom  hmm to    alifrom  ali to    envfrom  env to     acc
 ---   ------ ----- --------- --------- ------- -------    ------- -------    ------- -------    ----
   1 !  549.1   0.1  3.9e-169  1.8e-165       1     452 [.       1     447 [.       1     449 [. 0.94



Internal pipeline statistics summary:
-------------------------------------
Query model(s):                            1  (454 nodes)
Target sequences:                       4500  (1396018 residues searched)
Passed MSV filter:                       239  (0.0531111); expected 90.0 (0.02)
Passed bias filter:                      215  (0.0477778); expected 90.0 (0.02)
Passed Vit filter:                        55  (0.0122222); expected 4.5 (0.001)
Passed Fwd filter:                         6  (0.00133333); expected 0.0 (1e-05)
Initial search space (Z):               4500  [actual number of targets]
Domain search space  (domZ):               1  [number of targets reported over threshold]
# CPU time: 0.08u 0.00s 00:00:00.08 Elapsed: 00:00:00.09
# Mc/sec: 6657.30
//
Query:       TIGR00420  [M=351]
Accession:   TIGR00420
Description: trmU: tRNA (5-methylaminomethyl-2-thiouridylate)-methyltransferase
Scores for complete sequences (score includes all domains):
   --- full sequence ---   --- best 1 domain ---    -#dom-
    E-value  score  bias    E-value  score  bias    exp  N  Sequence        Description
    ------- ------ -----    ------- ------ -----   ---- --  --------        -----------
    2.7e-97  323.7   0.0    3.1e-97  323.5   0.0    1.0  1  CP011300.1_2756  # 2814694 # 2815845 # -1 # ID=1_2756;partial=00;start_type=ATG;rbs_motif=GGA/GAG/AGG;rbs_spacer=5-10bp;gc_cont=0.669


Domain annotation for each sequence:
>> CP011300.1_2756  # 2814694 # 2815845 # -1 # ID=1_2756;partial=00;start_type=ATG;rbs_motif=GGA/GAG/AGG;rbs_spacer=5-10bp;gc_cont=0.669
   #    score  bias  c-Evalue  i-Evalue hmmfrom  hmm to    alifrom  ali to    envfrom  env to     acc
 ---   ------ ----- --------- --------- ------- -------    ------- -------    ------- -------    ----
   1 !  323.5   0.0  6.9e-101   3.1e-97       2     351 .]      15     373 ..      14     373 .. 0.90



Internal pipeline statistics summary:
-------------------------------------
Query model(s):                            1  (351 nodes)
Target sequences:                       4500  (1396018 residues searched)
Passed MSV filter:                        51  (0.0113333); expected 90.0 (0.02)
Passed bias filter:                       50  (0.0111111); expected 90.0 (0.02)
Passed Vit filter:                        10  (0.00222222); expected 4.5 (0.001)
Passed Fwd filter:                         3  (0.000666667); expected 0.0 (1e-05)
Initial search space (Z):               4500  [actual number of targets]
Domain search space  (domZ):               1  [number of targets reported over threshold]
# CPU time: 0.03u 0.00s 00:00:00.03 Elapsed: 00:00:00.02
# Mc/sec: 17220.37
//
Query:       TIGR00431  [M=210]
Accession:   TIGR00431
Description: TruB: tRNA pseudouridine(55) synthase
Scores for complete sequences (score includes all domains):
   --- full sequence ---   --- best 1 domain ---    -#dom-
    E-value  score  bias    E-value  score  bias    exp  N  Sequence        Description
    ------- ------ -----    ------- ------ -----   ---- --  --------        -----------
    1.6e-70  235.0   0.0    1.9e-70  234.8   0.0    1.0  1  CP011300.1_3647  # 3704408 # 3705313 # 1 # ID=1_3647;partial=00;start_type=ATG;rbs_motif=None;rbs_spacer=None;gc_cont=0.693


Domain annotation for each sequence:
>> CP011300.1_3647  # 3704408 # 3705313 # 1 # ID=1_3647;partial=00;start_type=ATG;rbs_motif=None;rbs_spacer=None;gc_cont=0.693
   #    score  bias  c-Evalue  i-Evalue hmmfrom  hmm to    alifrom  ali to    envfrom  env to     acc
 ---   ------ ----- --------- --------- ------- -------    ------- -------    ------- -------    ----
   1 !  234.8   0.0   4.3e-74   1.9e-70       2     210 .]      12     219 ..      11     219 .. 0.99



Internal pipeline statistics summary:
-------------------------------------
Query model(s):                            1  (210 nodes)
Target sequences:                       4500  (1396018 residues searched)
Passed MSV filter:                        83  (0.0184444); expected 90.0 (0.02)
Passed bias filter:                       76  (0.0168889); expected 90.0 (0.02)
Passed Vit filter:                         5  (0.00111111); expected 4.5 (0.001)
Passed Fwd filter:                         1  (0.000222222); expected 0.0 (1e-05)
Initial search space (Z):               4500  [actual number of targets]
Domain search space  (domZ):               1  [number of targets reported over threshold]
# CPU time: 0.03u 0.00s 00:00:00.03 Elapsed: 00:00:00.02
# Mc/sec: 11558.24
//
Query:       TIGR00435  [M=466]
Accession:   TIGR00435
Description: cysS: cysteine--tRNA ligase
Scores for complete sequences (score includes all domains):
   --- full sequence ---   --- best 1 domain ---    -#dom-
    E-value  score  bias    E-value  score  bias    exp  N  Sequence       Description
    ------- ------ -----    ------- ------ -----   ---- --  --------       -----------
   1.6e-132  440.9   0.0   1.7e-130  434.2   0.0    2.5  1  CP011300.1_619  # 619024 # 620409 # 1 # ID=1_619;partial=00;start_type=ATG;rbs_motif=AGGA;rbs_spacer=5-10bp;gc_cont=0.657


Domain annotation for each sequence:
>> CP011300.1_619  # 619024 # 620409 # 1 # ID=1_619;partial=00;start_type=ATG;rbs_motif=AGGA;rbs_spacer=5-10bp;gc_cont=0.657
   #    score  bias  c-Evalue  i-Evalue hmmfrom  hmm to    alifrom  ali to    envfrom  env to     acc
 ---   ------ ----- --------- --------- ------- -------    ------- -------    ------- -------    ----
   1 !  434.2   0.0  3.8e-134  1.7e-130       1     460 [.       9     448 ..       9     455 .. 0.88



Internal pipeline statistics summary:
-------------------------------------
Query model(s):                            1  (466 nodes)
Target sequences:                       4500  (1396018 residues searched)
Passed MSV filter:                        74  (0.0164444); expected 90.0 (0.02)
Passed bias filter:                       67  (0.0148889); expected 90.0 (0.02)
Passed Vit filter:                        19  (0.00422222); expected 4.5 (0.001)
Passed Fwd filter:                         7  (0.00155556); expected 0.0 (1e-05)
Initial search space (Z):               4500  [actual number of targets]
Domain search space  (domZ):               1  [number of targets reported over threshold]
# CPU time: 0.07u 0.00s 00:00:00.07 Elapsed: 00:00:00.09
# Mc/sec: 6977.21
//
Query:       TIGR00436  [M=270]
Accession:   TIGR00436
Description: era: GTP-binding protein Era
Scores for complete sequences (score includes all domains):
   --- full sequence ---   --- best 1 domain ---    -#dom-
    E-value  score  bias    E-value  score  bias    exp  N  Sequence        Description
    ------- ------ -----    ------- ------ -----   ---- --  --------        -----------
    2.3e-74  248.1   0.0    2.6e-74  247.9   0.0    1.0  1  CP011300.1_1106  # 1165527 # 1166441 # 1 # ID=1_1106;partial=00;start_type=TTG;rbs_motif=AGGA;rbs_spacer=5-10bp;gc_cont=0.607
    1.2e-37  127.7   0.0    5.2e-19   66.6   0.0    2.1  0  CP011300.1_968   # 1027395 # 1028825 # 1 # ID=1_968;partial=00;start_type=ATG;rbs_motif=GGAGG;rbs_spacer=3-4bp;gc_cont=0.660


Domain annotation for each sequence:
>> CP011300.1_1106  # 1165527 # 1166441 # 1 # ID=1_1106;partial=00;start_type=TTG;rbs_motif=AGGA;rbs_spacer=5-10bp;gc_cont=0.607
   #    score  bias  c-Evalue  i-Evalue hmmfrom  hmm to    alifrom  ali to    envfrom  env to     acc
 ---   ------ ----- --------- --------- ------- -------    ------- -------    ------- -------    ----
   1 !  247.9   0.0   1.2e-77   2.6e-74       1     270 []      10     280 ..      10     280 .. 0.99

>> CP011300.1_968  # 1027395 # 1028825 # 1 # ID=1_968;partial=00;start_type=ATG;rbs_motif=GGAGG;rbs_spacer=3-4bp;gc_cont=0.660
   [No individual domains that satisfy reporting thresholds (although complete target did)]



Internal pipeline statistics summary:
-------------------------------------
Query model(s):                            1  (270 nodes)
Target sequences:                       4500  (1396018 residues searched)
Passed MSV filter:                       248  (0.0551111); expected 90.0 (0.02)
Passed bias filter:                      245  (0.0544444); expected 90.0 (0.02)
Passed Vit filter:                       131  (0.0291111); expected 4.5 (0.001)
Passed Fwd filter:                        14  (0.00311111); expected 0.0 (1e-05)
Initial search space (Z):               4500  [actual number of targets]
Domain search space  (domZ):               2  [number of targets reported over threshold]
# CPU time: 0.07u 0.00s 00:00:00.07 Elapsed: 00:00:00.07
# Mc/sec: 5031.71
//
Query:       TIGR00442  [M=406]
Accession:   TIGR00442
Description: hisS: histidine--tRNA ligase
Scores for complete sequences (score includes all domains):
   --- full sequence ---   --- best 1 domain ---    -#dom-
    E-value  score  bias    E-value  score  bias    exp  N  Sequence       Description
    ------- ------ -----    ------- ------ -----   ---- --  --------       -----------
   3.8e-119  396.2   0.0   4.4e-119  396.0   0.0    1.0  1  CP011300.1_176  # 169993 # 171456 # 1 # ID=1_176;partial=00;start_type=ATG;rbs_motif=GGA/GAG/AGG;rbs_spacer=5-10bp;gc_cont=0.655


Domain annotation for each sequence:
>> CP011300.1_176  # 169993 # 171456 # 1 # ID=1_176;partial=00;start_type=ATG;rbs_motif=GGA/GAG/AGG;rbs_spacer=5-10bp;gc_cont=0.655
   #    score  bias  c-Evalue  i-Evalue hmmfrom  hmm to    alifrom  ali to    envfrom  env to     acc
 ---   ------ ----- --------- --------- ------- -------    ------- -------    ------- -------    ----
   1 !  396.0   0.0  9.8e-123  4.4e-119       2     402 ..      12     453 ..      11     457 .. 0.94



Internal pipeline statistics summary:
-------------------------------------
Query model(s):                            1  (406 nodes)
Target sequences:                       4500  (1396018 residues searched)
Passed MSV filter:                        92  (0.0204444); expected 90.0 (0.02)
Passed bias filter:                       85  (0.0188889); expected 90.0 (0.02)
Passed Vit filter:                        15  (0.00333333); expected 4.5 (0.001)
Passed Fwd filter:                         6  (0.00133333); expected 0.0 (1e-05)
Initial search space (Z):               4500  [actual number of targets]
Domain search space  (domZ):               1  [number of targets reported over threshold]
# CPU time: 0.06u 0.00s 00:00:00.06 Elapsed: 00:00:00.05
# Mc/sec: 9751.98
//
Query:       TIGR00445  [M=321]
Accession:   TIGR00445
Description: mraY: phospho-N-acetylmuramoyl-pentapeptide-transferase
Scores for complete sequences (score includes all domains):
   --- full sequence ---   --- best 1 domain ---    -#dom-
    E-value  score  bias    E-value  score  bias    exp  N  Sequence        Description
    ------- ------ -----    ------- ------ -----   ---- --  --------        -----------
   1.4e-121  403.8  13.0   1.7e-121  403.6  13.0    1.0  1  CP011300.1_2242  # 2286954 # 2288039 # -1 # ID=1_2242;partial=00;start_type=ATG;rbs_motif=GGAG/GAGG;rbs_spacer=5-10bp;gc_cont=0.645


Domain annotation for each sequence:
>> CP011300.1_2242  # 2286954 # 2288039 # -1 # ID=1_2242;partial=00;start_type=ATG;rbs_motif=GGAG/GAGG;rbs_spacer=5-10bp;gc_cont=0.645
   #    score  bias  c-Evalue  i-Evalue hmmfrom  hmm to    alifrom  ali to    envfrom  env to     acc
 ---   ------ ----- --------- --------- ------- -------    ------- -------    ------- -------    ----
   1 !  403.6  13.0  3.7e-125  1.7e-121       3     321 .]      38     361 ..      36     361 .. 0.97



Internal pipeline statistics summary:
-------------------------------------
Query model(s):                            1  (321 nodes)
Target sequences:                       4500  (1396018 residues searched)
Passed MSV filter:                       200  (0.0444444); expected 90.0 (0.02)
Passed bias filter:                       55  (0.0122222); expected 90.0 (0.02)
Passed Vit filter:                         5  (0.00111111); expected 4.5 (0.001)
Passed Fwd filter:                         1  (0.000222222); expected 0.0 (1e-05)
Initial search space (Z):               4500  [actual number of targets]
Domain search space  (domZ):               1  [number of targets reported over threshold]
# CPU time: 0.04u 0.00s 00:00:00.04 Elapsed: 00:00:00.04
# Mc/sec: 9692.33
//
Query:       TIGR00448  [M=179]
Accession:   TIGR00448
Description: rpoE: DNA-directed RNA polymerase
Scores for complete sequences (score includes all domains):
   --- full sequence ---   --- best 1 domain ---    -#dom-
    E-value  score  bias    E-value  score  bias    exp  N  Sequence Description
    ------- ------ -----    ------- ------ -----   ---- --  -------- -----------

   [No hits detected that satisfy reporting thresholds]


Domain annotation for each sequence:

   [No targets detected that satisfy reporting thresholds]


Internal pipeline statistics summary:
-------------------------------------
Query model(s):                            1  (179 nodes)
Target sequences:                       4500  (1396018 residues searched)
Passed MSV filter:                        94  (0.0208889); expected 90.0 (0.02)
Passed bias filter:                       91  (0.0202222); expected 90.0 (0.02)
Passed Vit filter:                         9  (0.002); expected 4.5 (0.001)
Passed Fwd filter:                         4  (0.000888889); expected 0.0 (1e-05)
Initial search space (Z):               4500  [actual number of targets]
Domain search space  (domZ):               0  [number of targets reported over threshold]
# CPU time: 0.03u 0.00s 00:00:00.03 Elapsed: 00:00:00.03
# Mc/sec: 8207.70
//
Query:       TIGR00456  [M=569]
Accession:   TIGR00456
Description: argS: arginine--tRNA ligase
Scores for complete sequences (score includes all domains):
   --- full sequence ---   --- best 1 domain ---    -#dom-
    E-value  score  bias    E-value  score  bias    exp  N  Sequence        Description
    ------- ------ -----    ------- ------ -----   ---- --  --------        -----------
   1.8e-108  361.3   0.0   4.9e-108  359.9   0.0    1.6  1  CP011300.1_1474  # 1545041 # 1546855 # -1 # ID=1_1474;partial=00;start_type=ATG;rbs_motif=None;rbs_spacer=None;gc_cont=0.631


Domain annotation for each sequence:
>> CP011300.1_1474  # 1545041 # 1546855 # -1 # ID=1_1474;partial=00;start_type=ATG;rbs_motif=None;rbs_spacer=None;gc_cont=0.631
   #    score  bias  c-Evalue  i-Evalue hmmfrom  hmm to    alifrom  ali to    envfrom  env to     acc
 ---   ------ ----- --------- --------- ------- -------    ------- -------    ------- -------    ----
   1 !  359.9   0.0  1.1e-111  4.9e-108      12     567 ..      41     601 ..      30     603 .. 0.87



Internal pipeline statistics summary:
-------------------------------------
Query model(s):                            1  (569 nodes)
Target sequences:                       4500  (1396018 residues searched)
Passed MSV filter:                        90  (0.02); expected 90.0 (0.02)
Passed bias filter:                       80  (0.0177778); expected 90.0 (0.02)
Passed Vit filter:                        13  (0.00288889); expected 4.5 (0.001)
Passed Fwd filter:                         3  (0.000666667); expected 0.0 (1e-05)
Initial search space (Z):               4500  [actual number of targets]
Domain search space  (domZ):               1  [number of targets reported over threshold]
# CPU time: 0.08u 0.00s 00:00:00.08 Elapsed: 00:00:00.08
# Mc/sec: 9528.10
//
Query:       TIGR00459  [M=586]
Accession:   TIGR00459
Description: aspS_bact: aspartate--tRNA ligase
Scores for complete sequences (score includes all domains):
   --- full sequence ---   --- best 1 domain ---    -#dom-
    E-value  score  bias    E-value  score  bias    exp  N  Sequence        Description
    ------- ------ -----    ------- ------ -----   ---- --  --------        -----------
   7.4e-179  593.8   0.0   8.9e-179  593.5   0.0    1.0  1  CP011300.1_1819  # 1891804 # 1893657 # -1 # ID=1_1819;partial=00;start_type=TTG;rbs_motif=GGA/GAG/AGG;rbs_spacer=5-10bp;gc_cont=0.646


Domain annotation for each sequence:
>> CP011300.1_1819  # 1891804 # 1893657 # -1 # ID=1_1819;partial=00;start_type=TTG;rbs_motif=GGA/GAG/AGG;rbs_spacer=5-10bp;gc_cont=0.646
   #    score  bias  c-Evalue  i-Evalue hmmfrom  hmm to    alifrom  ali to    envfrom  env to     acc
 ---   ------ ----- --------- --------- ------- -------    ------- -------    ------- -------    ----
   1 !  593.5   0.0    2e-182  8.9e-179       3     585 ..      29     616 ..      27     617 .. 0.98



Internal pipeline statistics summary:
-------------------------------------
Query model(s):                            1  (586 nodes)
Target sequences:                       4500  (1396018 residues searched)
Passed MSV filter:                        75  (0.0166667); expected 90.0 (0.02)
Passed bias filter:                       70  (0.0155556); expected 90.0 (0.02)
Passed Vit filter:                        10  (0.00222222); expected 4.5 (0.001)
Passed Fwd filter:                         2  (0.000444444); expected 0.0 (1e-05)
Initial search space (Z):               4500  [actual number of targets]
Domain search space  (domZ):               1  [number of targets reported over threshold]
# CPU time: 0.05u 0.00s 00:00:00.05 Elapsed: 00:00:00.06
# Mc/sec: 12422.12
//
Query:       TIGR00460  [M=315]
Accession:   TIGR00460
Description: fmt: methionyl-tRNA formyltransferase
Scores for complete sequences (score includes all domains):
   --- full sequence ---   --- best 1 domain ---    -#dom-
    E-value  score  bias    E-value  score  bias    exp  N  Sequence        Description
    ------- ------ -----    ------- ------ -----   ---- --  --------        -----------
    1.4e-79  265.5   0.0    1.5e-79  265.3   0.0    1.0  1  CP011300.1_4078  # 4136445 # 4137368 # -1 # ID=1_4078;partial=00;start_type=ATG;rbs_motif=GGA/GAG/AGG;rbs_spacer=5-10bp;gc_cont=0.698


Domain annotation for each sequence:
>> CP011300.1_4078  # 4136445 # 4137368 # -1 # ID=1_4078;partial=00;start_type=ATG;rbs_motif=GGA/GAG/AGG;rbs_spacer=5-10bp;gc_cont=0.698
   #    score  bias  c-Evalue  i-Evalue hmmfrom  hmm to    alifrom  ali to    envfrom  env to     acc
 ---   ------ ----- --------- --------- ------- -------    ------- -------    ------- -------    ----
   1 !  265.3   0.0   3.4e-83   1.5e-79       1     306 [.       1     301 [.       1     307 [. 0.93



Internal pipeline statistics summary:
-------------------------------------
Query model(s):                            1  (315 nodes)
Target sequences:                       4500  (1396018 residues searched)
Passed MSV filter:                        95  (0.0211111); expected 90.0 (0.02)
Passed bias filter:                       89  (0.0197778); expected 90.0 (0.02)
Passed Vit filter:                         8  (0.00177778); expected 4.5 (0.001)
Passed Fwd filter:                         3  (0.000666667); expected 0.0 (1e-05)
Initial search space (Z):               4500  [actual number of targets]
Domain search space  (domZ):               1  [number of targets reported over threshold]
# CPU time: 0.04u 0.00s 00:00:00.04 Elapsed: 00:00:00.04
# Mc/sec: 10484.86
//
Query:       TIGR00468  [M=324]
Accession:   TIGR00468
Description: pheS: phenylalanine--tRNA ligase, alpha subunit
Scores for complete sequences (score includes all domains):
   --- full sequence ---   --- best 1 domain ---    -#dom-
    E-value  score  bias    E-value  score  bias    exp  N  Sequence        Description
    ------- ------ -----    ------- ------ -----   ---- --  --------        -----------
    7.8e-99  328.9   0.0    1.5e-97  324.7   0.0    2.1  1  CP011300.1_3928  # 4006805 # 4007938 # -1 # ID=1_3928;partial=00;start_type=ATG;rbs_motif=GGA/GAG/AGG;rbs_spacer=5-10bp;gc_cont=0.658


Domain annotation for each sequence:
>> CP011300.1_3928  # 4006805 # 4007938 # -1 # ID=1_3928;partial=00;start_type=ATG;rbs_motif=GGA/GAG/AGG;rbs_spacer=5-10bp;gc_cont=0.658
   #    score  bias  c-Evalue  i-Evalue hmmfrom  hmm to    alifrom  ali to    envfrom  env to     acc
 ---   ------ ----- --------- --------- ------- -------    ------- -------    ------- -------    ----
   1 !  324.7   0.0  3.3e-101   1.5e-97      13     321 ..      53     360 ..      42     362 .. 0.93



Internal pipeline statistics summary:
-------------------------------------
Query model(s):                            1  (324 nodes)
Target sequences:                       4500  (1396018 residues searched)
Passed MSV filter:                        92  (0.0204444); expected 90.0 (0.02)
Passed bias filter:                       90  (0.02); expected 90.0 (0.02)
Passed Vit filter:                        10  (0.00222222); expected 4.5 (0.001)
Passed Fwd filter:                         2  (0.000444444); expected 0.0 (1e-05)
Initial search space (Z):               4500  [actual number of targets]
Domain search space  (domZ):               1  [number of targets reported over threshold]
# CPU time: 0.04u 0.00s 00:00:00.04 Elapsed: 00:00:00.04
# Mc/sec: 9246.52
//
Query:       TIGR00472  [M=798]
Accession:   TIGR00472
Description: pheT_bact: phenylalanine--tRNA ligase, beta subunit
Scores for complete sequences (score includes all domains):
   --- full sequence ---   --- best 1 domain ---    -#dom-
    E-value  score  bias    E-value  score  bias    exp  N  Sequence        Description
    ------- ------ -----    ------- ------ -----   ---- --  --------        -----------
   5.1e-220  730.7   0.0   5.8e-220  730.5   0.0    1.0  1  CP011300.1_3925  # 4003350 # 4005773 # -1 # ID=1_3925;partial=00;start_type=ATG;rbs_motif=None;rbs_spacer=None;gc_cont=0.677


Domain annotation for each sequence:
>> CP011300.1_3925  # 4003350 # 4005773 # -1 # ID=1_3925;partial=00;start_type=ATG;rbs_motif=None;rbs_spacer=None;gc_cont=0.677
   #    score  bias  c-Evalue  i-Evalue hmmfrom  hmm to    alifrom  ali to    envfrom  env to     acc
 ---   ------ ----- --------- --------- ------- -------    ------- -------    ------- -------    ----
   1 !  730.5   0.0  1.3e-223  5.8e-220       1     798 []       1     806 [.       1     806 [. 0.93



Internal pipeline statistics summary:
-------------------------------------
Query model(s):                            1  (798 nodes)
Target sequences:                       4500  (1396018 residues searched)
Passed MSV filter:                        80  (0.0177778); expected 90.0 (0.02)
Passed bias filter:                       68  (0.0151111); expected 90.0 (0.02)
Passed Vit filter:                        14  (0.00311111); expected 4.5 (0.001)
Passed Fwd filter:                         1  (0.000222222); expected 0.0 (1e-05)
Initial search space (Z):               4500  [actual number of targets]
Domain search space  (domZ):               1  [number of targets reported over threshold]
# CPU time: 0.08u 0.01s 00:00:00.09 Elapsed: 00:00:00.09
# Mc/sec: 11333.55
//
Query:       TIGR00483  [M=427]
Accession:   TIGR00483
Description: EF-1_alpha: translation elongation factor EF-1, subunit alpha
Scores for complete sequences (score includes all domains):
   --- full sequence ---   --- best 1 domain ---    -#dom-
    E-value  score  bias    E-value  score  bias    exp  N  Sequence Description
    ------- ------ -----    ------- ------ -----   ---- --  -------- -----------

   [No hits detected that satisfy reporting thresholds]


Domain annotation for each sequence:

   [No targets detected that satisfy reporting thresholds]


Internal pipeline statistics summary:
-------------------------------------
Query model(s):                            1  (427 nodes)
Target sequences:                       4500  (1396018 residues searched)
Passed MSV filter:                       107  (0.0237778); expected 90.0 (0.02)
Passed bias filter:                       96  (0.0213333); expected 90.0 (0.02)
Passed Vit filter:                        14  (0.00311111); expected 4.5 (0.001)
Passed Fwd filter:                         8  (0.00177778); expected 0.0 (1e-05)
Initial search space (Z):               4500  [actual number of targets]
Domain search space  (domZ):               0  [number of targets reported over threshold]
# CPU time: 0.08u 0.00s 00:00:00.08 Elapsed: 00:00:00.09
# Mc/sec: 6454.12
//
Query:       TIGR00487  [M=587]
Accession:   TIGR00487
Description: IF-2: translation initiation factor IF-2
Scores for complete sequences (score includes all domains):
   --- full sequence ---   --- best 1 domain ---    -#dom-
    E-value  score  bias    E-value  score  bias    exp  N  Sequence        Description
    ------- ------ -----    ------- ------ -----   ---- --  --------        -----------
   2.5e-242  803.8  22.9   3.2e-242  803.4  22.9    1.1  1  CP011300.1_3641  # 3698874 # 3701591 # 1 # ID=1_3641;partial=00;start_type=ATG;rbs_motif=GGA/GAG/AGG;rbs_spacer=5-10bp;gc_cont=0.674


Domain annotation for each sequence:
>> CP011300.1_3641  # 3698874 # 3701591 # 1 # ID=1_3641;partial=00;start_type=ATG;rbs_motif=GGA/GAG/AGG;rbs_spacer=5-10bp;gc_cont=0.674
   #    score  bias  c-Evalue  i-Evalue hmmfrom  hmm to    alifrom  ali to    envfrom  env to     acc
 ---   ------ ----- --------- --------- ------- -------    ------- -------    ------- -------    ----
   1 !  803.4  22.9    7e-246  3.2e-242       3     586 ..     322     905 ..     320     905 .. 0.97



Internal pipeline statistics summary:
-------------------------------------
Query model(s):                            1  (587 nodes)
Target sequences:                       4500  (1396018 residues searched)
Passed MSV filter:                       140  (0.0311111); expected 90.0 (0.02)
Passed bias filter:                      102  (0.0226667); expected 90.0 (0.02)
Passed Vit filter:                        21  (0.00466667); expected 4.5 (0.001)
Passed Fwd filter:                        10  (0.00222222); expected 0.0 (1e-05)
Initial search space (Z):               4500  [actual number of targets]
Domain search space  (domZ):               1  [number of targets reported over threshold]
# CPU time: 0.10u 0.00s 00:00:00.10 Elapsed: 00:00:00.10
# Mc/sec: 7464.40
//
Query:       TIGR00491  [M=594]
Accession:   TIGR00491
Description: aIF-2: translation initiation factor aIF-2
Scores for complete sequences (score includes all domains):
   --- full sequence ---   --- best 1 domain ---    -#dom-
    E-value  score  bias    E-value  score  bias    exp  N  Sequence Description
    ------- ------ -----    ------- ------ -----   ---- --  -------- -----------

   [No hits detected that satisfy reporting thresholds]


Domain annotation for each sequence:

   [No targets detected that satisfy reporting thresholds]


Internal pipeline statistics summary:
-------------------------------------
Query model(s):                            1  (594 nodes)
Target sequences:                       4500  (1396018 residues searched)
Passed MSV filter:                       137  (0.0304444); expected 90.0 (0.02)
Passed bias filter:                      112  (0.0248889); expected 90.0 (0.02)
Passed Vit filter:                        16  (0.00355556); expected 4.5 (0.001)
Passed Fwd filter:                         8  (0.00177778); expected 0.0 (1e-05)
Initial search space (Z):               4500  [actual number of targets]
Domain search space  (domZ):               0  [number of targets reported over threshold]
# CPU time: 0.10u 0.01s 00:00:00.11 Elapsed: 00:00:00.10
# Mc/sec: 8264.21
//
Query:       TIGR00496  [M=176]
Accession:   TIGR00496
Description: frr: ribosome recycling factor
Scores for complete sequences (score includes all domains):
   --- full sequence ---   --- best 1 domain ---    -#dom-
    E-value  score  bias    E-value  score  bias    exp  N  Sequence        Description
    ------- ------ -----    ------- ------ -----   ---- --  --------        -----------
      3e-65  217.1   0.9    3.3e-65  216.9   0.9    1.0  1  CP011300.1_1194  # 1244321 # 1244881 # 1 # ID=1_1194;partial=00;start_type=ATG;rbs_motif=AGGA;rbs_spacer=5-10bp;gc_cont=0.638


Domain annotation for each sequence:
>> CP011300.1_1194  # 1244321 # 1244881 # 1 # ID=1_1194;partial=00;start_type=ATG;rbs_motif=AGGA;rbs_spacer=5-10bp;gc_cont=0.638
   #    score  bias  c-Evalue  i-Evalue hmmfrom  hmm to    alifrom  ali to    envfrom  env to     acc
 ---   ------ ----- --------- --------- ------- -------    ------- -------    ------- -------    ----
   1 !  216.9   0.9   7.4e-69   3.3e-65       1     176 []      11     186 ..      11     186 .. 0.99



Internal pipeline statistics summary:
-------------------------------------
Query model(s):                            1  (176 nodes)
Target sequences:                       4500  (1396018 residues searched)
Passed MSV filter:                        76  (0.0168889); expected 90.0 (0.02)
Passed bias filter:                       58  (0.0128889); expected 90.0 (0.02)
Passed Vit filter:                         4  (0.000888889); expected 4.5 (0.001)
Passed Fwd filter:                         1  (0.000222222); expected 0.0 (1e-05)
Initial search space (Z):               4500  [actual number of targets]
Domain search space  (domZ):               1  [number of targets reported over threshold]
# CPU time: 0.02u 0.00s 00:00:00.02 Elapsed: 00:00:00.03
# Mc/sec: 6748.68
//
Query:       TIGR00522  [M=258]
Accession:   TIGR00522
Description: dph5: diphthine synthase
Scores for complete sequences (score includes all domains):
   --- full sequence ---   --- best 1 domain ---    -#dom-
    E-value  score  bias    E-value  score  bias    exp  N  Sequence Description
    ------- ------ -----    ------- ------ -----   ---- --  -------- -----------

   [No hits detected that satisfy reporting thresholds]


Domain annotation for each sequence:

   [No targets detected that satisfy reporting thresholds]


Internal pipeline statistics summary:
-------------------------------------
Query model(s):                            1  (258 nodes)
Target sequences:                       4500  (1396018 residues searched)
Passed MSV filter:                        96  (0.0213333); expected 90.0 (0.02)
Passed bias filter:                       87  (0.0193333); expected 90.0 (0.02)
Passed Vit filter:                         9  (0.002); expected 4.5 (0.001)
Passed Fwd filter:                         0  (0); expected 0.0 (1e-05)
Initial search space (Z):               4500  [actual number of targets]
Domain search space  (domZ):               0  [number of targets reported over threshold]
# CPU time: 0.03u 0.00s 00:00:00.03 Elapsed: 00:00:00.02
# Mc/sec: 12372.21
//
Query:       TIGR00539  [M=361]
Accession:   TIGR00539
Description: hemN_rel: putative oxygen-independent coproporphyrinogen III oxidase
Scores for complete sequences (score includes all domains):
   --- full sequence ---   --- best 1 domain ---    -#dom-
    E-value  score  bias    E-value  score  bias    exp  N  Sequence        Description
    ------- ------ -----    ------- ------ -----   ---- --  --------        -----------
    5.4e-91  303.3   0.0    6.3e-91  303.1   0.0    1.0  1  CP011300.1_3568  # 3620962 # 3622122 # 1 # ID=1_3568;partial=00;start_type=TTG;rbs_motif=GGAG/GAGG;rbs_spacer=5-10bp;gc_cont=0.652


Domain annotation for each sequence:
>> CP011300.1_3568  # 3620962 # 3622122 # 1 # ID=1_3568;partial=00;start_type=TTG;rbs_motif=GGAG/GAGG;rbs_spacer=5-10bp;gc_cont=0.652
   #    score  bias  c-Evalue  i-Evalue hmmfrom  hmm to    alifrom  ali to    envfrom  env to     acc
 ---   ------ ----- --------- --------- ------- -------    ------- -------    ------- -------    ----
   1 !  303.1   0.0   1.4e-94   6.3e-91       3     330 ..      12     347 ..      10     371 .. 0.92



Internal pipeline statistics summary:
-------------------------------------
Query model(s):                            1  (361 nodes)
Target sequences:                       4500  (1396018 residues searched)
Passed MSV filter:                        91  (0.0202222); expected 90.0 (0.02)
Passed bias filter:                       89  (0.0197778); expected 90.0 (0.02)
Passed Vit filter:                        15  (0.00333333); expected 4.5 (0.001)
Passed Fwd filter:                         5  (0.00111111); expected 0.0 (1e-05)
Initial search space (Z):               4500  [actual number of targets]
Domain search space  (domZ):               1  [number of targets reported over threshold]
# CPU time: 0.04u 0.00s 00:00:00.04 Elapsed: 00:00:00.04
# Mc/sec: 12382.08
//
Query:       TIGR00580  [M=923]
Accession:   TIGR00580
Description: mfd: transcription-repair coupling factor
Scores for complete sequences (score includes all domains):
   --- full sequence ---   --- best 1 domain ---    -#dom-
    E-value  score  bias    E-value  score  bias    exp  N  Sequence        Description
    ------- ------ -----    ------- ------ -----   ---- --  --------        -----------
          0 1027.3   0.0          0 1027.0   0.0    1.0  1  CP011300.1_1232  # 1288482 # 1291979 # 1 # ID=1_1232;partial=00;start_type=ATG;rbs_motif=AGGA/GGAG/GAGG;rbs_spacer=11-12bp;gc_cont=0.679


Domain annotation for each sequence:
>> CP011300.1_1232  # 1288482 # 1291979 # 1 # ID=1_1232;partial=00;start_type=ATG;rbs_motif=AGGA/GGAG/GAGG;rbs_spacer=11-12bp;gc_cont=0.679
   #    score  bias  c-Evalue  i-Evalue hmmfrom  hmm to    alifrom  ali to    envfrom  env to     acc
 ---   ------ ----- --------- --------- ------- -------    ------- -------    ------- -------    ----
   1 ! 1027.0   0.0         0         0       3     922 ..     147    1086 ..     145    1087 .. 0.90



Internal pipeline statistics summary:
-------------------------------------
Query model(s):                            1  (923 nodes)
Target sequences:                       4500  (1396018 residues searched)
Passed MSV filter:                       138  (0.0306667); expected 90.0 (0.02)
Passed bias filter:                      111  (0.0246667); expected 90.0 (0.02)
Passed Vit filter:                        21  (0.00466667); expected 4.5 (0.001)
Passed Fwd filter:                         8  (0.00177778); expected 0.0 (1e-05)
Initial search space (Z):               4500  [actual number of targets]
Domain search space  (domZ):               1  [number of targets reported over threshold]
# CPU time: 0.15u 0.01s 00:00:00.16 Elapsed: 00:00:00.14
# Mc/sec: 8723.84
//
Query:       TIGR00593  [M=890]
Accession:   TIGR00593
Description: pola: DNA polymerase I
Scores for complete sequences (score includes all domains):
   --- full sequence ---   --- best 1 domain ---    -#dom-
    E-value  score  bias    E-value  score  bias    exp  N  Sequence        Description
    ------- ------ -----    ------- ------ -----   ---- --  --------        -----------
   3.2e-266  884.1   0.0   3.7e-266  883.9   0.0    1.0  1  CP011300.1_4050  # 4110178 # 4113090 # -1 # ID=1_4050;partial=00;start_type=ATG;rbs_motif=GGA/GAG/AGG;rbs_spacer=5-10bp;gc_cont=0.649


Domain annotation for each sequence:
>> CP011300.1_4050  # 4110178 # 4113090 # -1 # ID=1_4050;partial=00;start_type=ATG;rbs_motif=GGA/GAG/AGG;rbs_spacer=5-10bp;gc_cont=0.649
   #    score  bias  c-Evalue  i-Evalue hmmfrom  hmm to    alifrom  ali to    envfrom  env to     acc
 ---   ------ ----- --------- --------- ------- -------    ------- -------    ------- -------    ----
   1 !  883.9   0.0  8.1e-270  3.7e-266       1     890 []       3     970 ..       3     970 .. 0.90



Internal pipeline statistics summary:
-------------------------------------
Query model(s):                            1  (890 nodes)
Target sequences:                       4500  (1396018 residues searched)
Passed MSV filter:                       127  (0.0282222); expected 90.0 (0.02)
Passed bias filter:                       98  (0.0217778); expected 90.0 (0.02)
Passed Vit filter:                        16  (0.00355556); expected 4.5 (0.001)
Passed Fwd filter:                         3  (0.000666667); expected 0.0 (1e-05)
Initial search space (Z):               4500  [actual number of targets]
Domain search space  (domZ):               1  [number of targets reported over threshold]
# CPU time: 0.10u 0.01s 00:00:00.11 Elapsed: 00:00:00.10
# Mc/sec: 11759.29
//
Query:       TIGR00615  [M=196]
Accession:   TIGR00615
Description: recR: recombination protein RecR
Scores for complete sequences (score includes all domains):
   --- full sequence ---   --- best 1 domain ---    -#dom-
    E-value  score  bias    E-value  score  bias    exp  N  Sequence        Description
    ------- ------ -----    ------- ------ -----   ---- --  --------        -----------
    4.1e-56  187.5   0.0    4.9e-56  187.3   0.0    1.0  1  CP011300.1_4288  # 4360881 # 4361480 # -1 # ID=1_4288;partial=00;start_type=ATG;rbs_motif=GGAG/GAGG;rbs_spacer=5-10bp;gc_cont=0.692


Domain annotation for each sequence:
>> CP011300.1_4288  # 4360881 # 4361480 # -1 # ID=1_4288;partial=00;start_type=ATG;rbs_motif=GGAG/GAGG;rbs_spacer=5-10bp;gc_cont=0.692
   #    score  bias  c-Evalue  i-Evalue hmmfrom  hmm to    alifrom  ali to    envfrom  env to     acc
 ---   ------ ----- --------- --------- ------- -------    ------- -------    ------- -------    ----
   1 !  187.3   0.0   1.1e-59   4.9e-56       5     195 ..       7     196 ..       4     197 .. 0.96



Internal pipeline statistics summary:
-------------------------------------
Query model(s):                            1  (196 nodes)
Target sequences:                       4500  (1396018 residues searched)
Passed MSV filter:                        99  (0.022); expected 90.0 (0.02)
Passed bias filter:                       91  (0.0202222); expected 90.0 (0.02)
Passed Vit filter:                        10  (0.00222222); expected 4.5 (0.001)
Passed Fwd filter:                         2  (0.000444444); expected 0.0 (1e-05)
Initial search space (Z):               4500  [actual number of targets]
Domain search space  (domZ):               1  [number of targets reported over threshold]
# CPU time: 0.02u 0.01s 00:00:00.03 Elapsed: 00:00:00.01
# Mc/sec: 17084.10
//
Query:       TIGR00631  [M=658]
Accession:   TIGR00631
Description: uvrb: excinuclease ABC subunit B
Scores for complete sequences (score includes all domains):
   --- full sequence ---   --- best 1 domain ---    -#dom-
    E-value  score  bias    E-value  score  bias    exp  N  Sequence        Description
    ------- ------ -----    ------- ------ -----   ---- --  --------        -----------
          0 1014.5   0.1          0 1014.2   0.1    1.1  1  CP011300.1_2437  # 2485576 # 2488212 # 1 # ID=1_2437;partial=00;start_type=ATG;rbs_motif=GGA/GAG/AGG;rbs_spacer=5-10bp;gc_cont=0.657


Domain annotation for each sequence:
>> CP011300.1_2437  # 2485576 # 2488212 # 1 # ID=1_2437;partial=00;start_type=ATG;rbs_motif=GGA/GAG/AGG;rbs_spacer=5-10bp;gc_cont=0.657
   #    score  bias  c-Evalue  i-Evalue hmmfrom  hmm to    alifrom  ali to    envfrom  env to     acc
 ---   ------ ----- --------- --------- ------- -------    ------- -------    ------- -------    ----
   1 ! 1014.2   0.1         0         0       2     658 .]     208     863 ..     207     863 .. 0.98



Internal pipeline statistics summary:
-------------------------------------
Query model(s):                            1  (658 nodes)
Target sequences:                       4500  (1396018 residues searched)
Passed MSV filter:                       143  (0.0317778); expected 90.0 (0.02)
Passed bias filter:                      109  (0.0242222); expected 90.0 (0.02)
Passed Vit filter:                        25  (0.00555556); expected 4.5 (0.001)
Passed Fwd filter:                        10  (0.00222222); expected 0.0 (1e-05)
Initial search space (Z):               4500  [actual number of targets]
Domain search space  (domZ):               1  [number of targets reported over threshold]
# CPU time: 0.10u 0.00s 00:00:00.10 Elapsed: 00:00:00.12
# Mc/sec: 7408.56
//
Query:       TIGR00634  [M=563]
Accession:   TIGR00634
Description: recN: DNA repair protein RecN
Scores for complete sequences (score includes all domains):
   --- full sequence ---   --- best 1 domain ---    -#dom-
    E-value  score  bias    E-value  score  bias    exp  N  Sequence        Description
    ------- ------ -----    ------- ------ -----   ---- --  --------        -----------
   5.6e-140  465.9  16.2   6.3e-140  465.7  16.2    1.0  1  CP011300.1_2231  # 2273102 # 2274772 # -1 # ID=1_2231;partial=00;start_type=ATG;rbs_motif=None;rbs_spacer=None;gc_cont=0.688


Domain annotation for each sequence:
>> CP011300.1_2231  # 2273102 # 2274772 # -1 # ID=1_2231;partial=00;start_type=ATG;rbs_motif=None;rbs_spacer=None;gc_cont=0.688
   #    score  bias  c-Evalue  i-Evalue hmmfrom  hmm to    alifrom  ali to    envfrom  env to     acc
 ---   ------ ----- --------- --------- ------- -------    ------- -------    ------- -------    ----
   1 !  465.7  16.2  1.4e-143  6.3e-140       1     561 [.       1     552 [.       1     554 [. 0.98



Internal pipeline statistics summary:
-------------------------------------
Query model(s):                            1  (563 nodes)
Target sequences:                       4500  (1396018 residues searched)
Passed MSV filter:                       283  (0.0628889); expected 90.0 (0.02)
Passed bias filter:                      198  (0.044); expected 90.0 (0.02)
Passed Vit filter:                        50  (0.0111111); expected 4.5 (0.001)
Passed Fwd filter:                        11  (0.00244444); expected 0.0 (1e-05)
Initial search space (Z):               4500  [actual number of targets]
Domain search space  (domZ):               1  [number of targets reported over threshold]
# CPU time: 0.11u 0.00s 00:00:00.11 Elapsed: 00:00:00.10
# Mc/sec: 7404.23
//
Query:       TIGR00635  [M=305]
Accession:   TIGR00635
Description: ruvB: Holliday junction DNA helicase RuvB
Scores for complete sequences (score includes all domains):
   --- full sequence ---   --- best 1 domain ---    -#dom-
    E-value  score  bias    E-value  score  bias    exp  N  Sequence        Description
    ------- ------ -----    ------- ------ -----   ---- --  --------        -----------
   9.6e-135  446.4   0.1   1.1e-134  446.2   0.1    1.0  1  CP011300.1_2864  # 2918337 # 2919383 # -1 # ID=1_2864;partial=00;start_type=GTG;rbs_motif=GGA/GAG/AGG;rbs_spacer=11-12bp;gc_cont=0.691


Domain annotation for each sequence:
>> CP011300.1_2864  # 2918337 # 2919383 # -1 # ID=1_2864;partial=00;start_type=GTG;rbs_motif=GGA/GAG/AGG;rbs_spacer=11-12bp;gc_cont=0.691
   #    score  bias  c-Evalue  i-Evalue hmmfrom  hmm to    alifrom  ali to    envfrom  env to     acc
 ---   ------ ----- --------- --------- ------- -------    ------- -------    ------- -------    ----
   1 !  446.2   0.1  2.5e-138  1.1e-134       3     304 ..      25     326 ..      23     327 .. 0.99



Internal pipeline statistics summary:
-------------------------------------
Query model(s):                            1  (305 nodes)
Target sequences:                       4500  (1396018 residues searched)
Passed MSV filter:                       323  (0.0717778); expected 90.0 (0.02)
Passed bias filter:                      286  (0.0635556); expected 90.0 (0.02)
Passed Vit filter:                       115  (0.0255556); expected 4.5 (0.001)
Passed Fwd filter:                        17  (0.00377778); expected 0.0 (1e-05)
Initial search space (Z):               4500  [actual number of targets]
Domain search space  (domZ):               1  [number of targets reported over threshold]
# CPU time: 0.10u 0.01s 00:00:00.11 Elapsed: 00:00:00.11
# Mc/sec: 3820.81
//
Query:       TIGR00643  [M=629]
Accession:   TIGR00643
Description: recG: ATP-dependent DNA helicase RecG
Scores for complete sequences (score includes all domains):
   --- full sequence ---   --- best 1 domain ---    -#dom-
    E-value  score  bias    E-value  score  bias    exp  N  Sequence        Description
    ------- ------ -----    ------- ------ -----   ---- --  --------        -----------
   1.8e-194  646.0   0.0   2.2e-194  645.7   0.0    1.0  1  CP011300.1_1230  # 1285893 # 1288001 # -1 # ID=1_1230;partial=00;start_type=GTG;rbs_motif=AGGA;rbs_spacer=5-10bp;gc_cont=0.672


Domain annotation for each sequence:
>> CP011300.1_1230  # 1285893 # 1288001 # -1 # ID=1_1230;partial=00;start_type=GTG;rbs_motif=AGGA;rbs_spacer=5-10bp;gc_cont=0.672
   #    score  bias  c-Evalue  i-Evalue hmmfrom  hmm to    alifrom  ali to    envfrom  env to     acc
 ---   ------ ----- --------- --------- ------- -------    ------- -------    ------- -------    ----
   1 !  645.7   0.0  4.9e-198  2.2e-194       8     629 .]      44     665 ..      39     665 .. 0.96



Internal pipeline statistics summary:
-------------------------------------
Query model(s):                            1  (629 nodes)
Target sequences:                       4500  (1396018 residues searched)
Passed MSV filter:                       124  (0.0275556); expected 90.0 (0.02)
Passed bias filter:                      113  (0.0251111); expected 90.0 (0.02)
Passed Vit filter:                        29  (0.00644444); expected 4.5 (0.001)
Passed Fwd filter:                        11  (0.00244444); expected 0.0 (1e-05)
Initial search space (Z):               4500  [actual number of targets]
Domain search space  (domZ):               1  [number of targets reported over threshold]
# CPU time: 0.12u 0.00s 00:00:00.12 Elapsed: 00:00:00.13
# Mc/sec: 6522.91
//
Query:       TIGR00663  [M=367]
Accession:   TIGR00663
Description: dnan: DNA polymerase III, beta subunit
Scores for complete sequences (score includes all domains):
   --- full sequence ---   --- best 1 domain ---    -#dom-
    E-value  score  bias    E-value  score  bias    exp  N  Sequence        Description
    ------- ------ -----    ------- ------ -----   ---- --  --------        -----------
    3.3e-92  307.2   0.0    3.7e-92  307.1   0.0    1.0  1  CP011300.1_3673  # 3729054 # 3730172 # 1 # ID=1_3673;partial=00;start_type=ATG;rbs_motif=GGA/GAG/AGG;rbs_spacer=11-12bp;gc_cont=0.645


Domain annotation for each sequence:
>> CP011300.1_3673  # 3729054 # 3730172 # 1 # ID=1_3673;partial=00;start_type=ATG;rbs_motif=GGA/GAG/AGG;rbs_spacer=11-12bp;gc_cont=0.645
   #    score  bias  c-Evalue  i-Evalue hmmfrom  hmm to    alifrom  ali to    envfrom  env to     acc
 ---   ------ ----- --------- --------- ------- -------    ------- -------    ------- -------    ----
   1 !  307.1   0.0   8.2e-96   3.7e-92       1     366 [.       1     371 [.       1     372 [. 0.95



Internal pipeline statistics summary:
-------------------------------------
Query model(s):                            1  (367 nodes)
Target sequences:                       4500  (1396018 residues searched)
Passed MSV filter:                        72  (0.016); expected 90.0 (0.02)
Passed bias filter:                       69  (0.0153333); expected 90.0 (0.02)
Passed Vit filter:                         5  (0.00111111); expected 4.5 (0.001)
Passed Fwd filter:                         1  (0.000222222); expected 0.0 (1e-05)
Initial search space (Z):               4500  [actual number of targets]
Domain search space  (domZ):               1  [number of targets reported over threshold]
# CPU time: 0.04u 0.00s 00:00:00.04 Elapsed: 00:00:00.04
# Mc/sec: 10562.59
//
Query:       TIGR00717  [M=516]
Accession:   TIGR00717
Description: rpsA: ribosomal protein bS1
Scores for complete sequences (score includes all domains):
   --- full sequence ---   --- best 1 domain ---    -#dom-
    E-value  score  bias    E-value  score  bias    exp  N  Sequence        Description
    ------- ------ -----    ------- ------ -----   ---- --  --------        -----------
   7.8e-194  642.9  12.9   8.8e-194  642.7  12.9    1.0  1  CP011300.1_3905  # 3984189 # 3985886 # -1 # ID=1_3905;partial=00;start_type=TTG;rbs_motif=GGAG/GAGG;rbs_spacer=5-10bp;gc_cont=0.614


Domain annotation for each sequence:
>> CP011300.1_3905  # 3984189 # 3985886 # -1 # ID=1_3905;partial=00;start_type=TTG;rbs_motif=GGAG/GAGG;rbs_spacer=5-10bp;gc_cont=0.614
   #    score  bias  c-Evalue  i-Evalue hmmfrom  hmm to    alifrom  ali to    envfrom  env to     acc
 ---   ------ ----- --------- --------- ------- -------    ------- -------    ------- -------    ----
   1 !  642.7  12.9    2e-197  8.8e-194       1     516 []       9     527 ..       9     527 .. 0.99



Internal pipeline statistics summary:
-------------------------------------
Query model(s):                            1  (516 nodes)
Target sequences:                       4500  (1396018 residues searched)
Passed MSV filter:                       112  (0.0248889); expected 90.0 (0.02)
Passed bias filter:                      105  (0.0233333); expected 90.0 (0.02)
Passed Vit filter:                        13  (0.00288889); expected 4.5 (0.001)
Passed Fwd filter:                         6  (0.00133333); expected 0.0 (1e-05)
Initial search space (Z):               4500  [actual number of targets]
Domain search space  (domZ):               1  [number of targets reported over threshold]
# CPU time: 0.06u 0.01s 00:00:00.06 Elapsed: 00:00:00.07
# Mc/sec: 9088.92
//
Query:       TIGR00755  [M=256]
Accession:   TIGR00755
Description: ksgA: ribosomal RNA small subunit methyltransferase A
Scores for complete sequences (score includes all domains):
   --- full sequence ---   --- best 1 domain ---    -#dom-
    E-value  score  bias    E-value  score  bias    exp  N  Sequence        Description
    ------- ------ -----    ------- ------ -----   ---- --  --------        -----------
    7.6e-69  229.8   0.0    8.7e-69  229.6   0.0    1.0  1  CP011300.1_1004  # 1057961 # 1058800 # -1 # ID=1_1004;partial=00;start_type=ATG;rbs_motif=GGA/GAG/AGG;rbs_spacer=5-10bp;gc_cont=0.674


Domain annotation for each sequence:
>> CP011300.1_1004  # 1057961 # 1058800 # -1 # ID=1_1004;partial=00;start_type=ATG;rbs_motif=GGA/GAG/AGG;rbs_spacer=5-10bp;gc_cont=0.674
   #    score  bias  c-Evalue  i-Evalue hmmfrom  hmm to    alifrom  ali to    envfrom  env to     acc
 ---   ------ ----- --------- --------- ------- -------    ------- -------    ------- -------    ----
   1 !  229.6   0.0   1.9e-72   8.7e-69       2     254 ..      20     274 ..      19     276 .. 0.96



Internal pipeline statistics summary:
-------------------------------------
Query model(s):                            1  (256 nodes)
Target sequences:                       4500  (1396018 residues searched)
Passed MSV filter:                       121  (0.0268889); expected 90.0 (0.02)
Passed bias filter:                      117  (0.026); expected 90.0 (0.02)
Passed Vit filter:                        27  (0.006); expected 4.5 (0.001)
Passed Fwd filter:                        14  (0.00311111); expected 0.0 (1e-05)
Initial search space (Z):               4500  [actual number of targets]
Domain search space  (domZ):               1  [number of targets reported over threshold]
# CPU time: 0.04u 0.00s 00:00:00.04 Elapsed: 00:00:00.04
# Mc/sec: 8736.22
//
Query:       TIGR00810  [M=73]
Accession:   TIGR00810
Description: secG: preprotein translocase, SecG subunit
Scores for complete sequences (score includes all domains):
   --- full sequence ---   --- best 1 domain ---    -#dom-
    E-value  score  bias    E-value  score  bias    exp  N  Sequence        Description
    ------- ------ -----    ------- ------ -----   ---- --  --------        -----------
    3.9e-18   63.3  10.9    6.8e-18   62.5  10.9    1.4  1  CP011300.1_1226  # 1281600 # 1282196 # 1 # ID=1_1226;partial=00;start_type=ATG;rbs_motif=GGA/GAG/AGG;rbs_spacer=11-12bp;gc_cont=0.704


Domain annotation for each sequence:
>> CP011300.1_1226  # 1281600 # 1282196 # 1 # ID=1_1226;partial=00;start_type=ATG;rbs_motif=GGA/GAG/AGG;rbs_spacer=11-12bp;gc_cont=0.704
   #    score  bias  c-Evalue  i-Evalue hmmfrom  hmm to    alifrom  ali to    envfrom  env to     acc
 ---   ------ ----- --------- --------- ------- -------    ------- -------    ------- -------    ----
   1 !   62.5  10.9   1.5e-21   6.8e-18       2      72 ..       3      70 ..       2      71 .. 0.91



Internal pipeline statistics summary:
-------------------------------------
Query model(s):                            1  (73 nodes)
Target sequences:                       4500  (1396018 residues searched)
Passed MSV filter:                       427  (0.0948889); expected 90.0 (0.02)
Passed bias filter:                      114  (0.0253333); expected 90.0 (0.02)
Passed Vit filter:                         6  (0.00133333); expected 4.5 (0.001)
Passed Fwd filter:                         2  (0.000444444); expected 0.0 (1e-05)
Initial search space (Z):               4500  [actual number of targets]
Domain search space  (domZ):               1  [number of targets reported over threshold]
# CPU time: 0.03u 0.00s 00:00:00.03 Elapsed: 00:00:00.03
# Mc/sec: 2943.36
//
Query:       TIGR00922  [M=172]
Accession:   TIGR00922
Description: nusG: transcription termination/antitermination factor NusG
Scores for complete sequences (score includes all domains):
   --- full sequence ---   --- best 1 domain ---    -#dom-
    E-value  score  bias    E-value  score  bias    exp  N  Sequence        Description
    ------- ------ -----    ------- ------ -----   ---- --  --------        -----------
    9.5e-70  231.8   3.8    1.1e-69  231.7   3.8    1.0  1  CP011300.1_1939  # 2000557 # 2001087 # -1 # ID=1_1939;partial=00;start_type=ATG;rbs_motif=AGGAG/GGAGG;rbs_spacer=11-12bp;gc_cont=0.608


Domain annotation for each sequence:
>> CP011300.1_1939  # 2000557 # 2001087 # -1 # ID=1_1939;partial=00;start_type=ATG;rbs_motif=AGGAG/GGAGG;rbs_spacer=11-12bp;gc_cont=0.608
   #    score  bias  c-Evalue  i-Evalue hmmfrom  hmm to    alifrom  ali to    envfrom  env to     acc
 ---   ------ ----- --------- --------- ------- -------    ------- -------    ------- -------    ----
   1 !  231.7   3.8   2.4e-73   1.1e-69       1     172 []       5     176 ..       5     176 .. 1.00



Internal pipeline statistics summary:
-------------------------------------
Query model(s):                            1  (172 nodes)
Target sequences:                       4500  (1396018 residues searched)
Passed MSV filter:                        76  (0.0168889); expected 90.0 (0.02)
Passed bias filter:                       71  (0.0157778); expected 90.0 (0.02)
Passed Vit filter:                         5  (0.00111111); expected 4.5 (0.001)
Passed Fwd filter:                         2  (0.000444444); expected 0.0 (1e-05)
Initial search space (Z):               4500  [actual number of targets]
Domain search space  (domZ):               1  [number of targets reported over threshold]
# CPU time: 0.02u 0.00s 00:00:00.02 Elapsed: 00:00:00.01
# Mc/sec: 13516.05
//
Query:       TIGR00928  [M=436]
Accession:   TIGR00928
Description: purB: adenylosuccinate lyase
Scores for complete sequences (score includes all domains):
   --- full sequence ---   --- best 1 domain ---    -#dom-
    E-value  score  bias    E-value  score  bias    exp  N  Sequence        Description
    ------- ------ -----    ------- ------ -----   ---- --  --------        -----------
   4.4e-153  508.1   0.3   4.9e-153  507.9   0.3    1.0  1  CP011300.1_2018  # 2063271 # 2064590 # 1 # ID=1_2018;partial=00;start_type=ATG;rbs_motif=GGA/GAG/AGG;rbs_spacer=5-10bp;gc_cont=0.656


Domain annotation for each sequence:
>> CP011300.1_2018  # 2063271 # 2064590 # 1 # ID=1_2018;partial=00;start_type=ATG;rbs_motif=GGA/GAG/AGG;rbs_spacer=5-10bp;gc_cont=0.656
   #    score  bias  c-Evalue  i-Evalue hmmfrom  hmm to    alifrom  ali to    envfrom  env to     acc
 ---   ------ ----- --------- --------- ------- -------    ------- -------    ------- -------    ----
   1 !  507.9   0.3  1.1e-156  4.9e-153       1     436 []       1     436 [.       1     436 [. 0.99



Internal pipeline statistics summary:
-------------------------------------
Query model(s):                            1  (436 nodes)
Target sequences:                       4500  (1396018 residues searched)
Passed MSV filter:                        90  (0.02); expected 90.0 (0.02)
Passed bias filter:                       68  (0.0151111); expected 90.0 (0.02)
Passed Vit filter:                        13  (0.00288889); expected 4.5 (0.001)
Passed Fwd filter:                         5  (0.00111111); expected 0.0 (1e-05)
Initial search space (Z):               4500  [actual number of targets]
Domain search space  (domZ):               1  [number of targets reported over threshold]
# CPU time: 0.05u 0.00s 00:00:00.05 Elapsed: 00:00:00.05
# Mc/sec: 11373.40
//
Query:       TIGR00959  [M=428]
Accession:   TIGR00959
Description: ffh: signal recognition particle protein
Scores for complete sequences (score includes all domains):
   --- full sequence ---   --- best 1 domain ---    -#dom-
    E-value  score  bias    E-value  score  bias    exp  N  Sequence        Description
    ------- ------ -----    ------- ------ -----   ---- --  --------        -----------
   4.1e-180  597.1  14.1     6e-180  596.6  14.1    1.2  1  CP011300.1_3279  # 3330423 # 3332024 # -1 # ID=1_3279;partial=00;start_type=ATG;rbs_motif=AGGA;rbs_spacer=5-10bp;gc_cont=0.649


Domain annotation for each sequence:
>> CP011300.1_3279  # 3330423 # 3332024 # -1 # ID=1_3279;partial=00;start_type=ATG;rbs_motif=AGGA;rbs_spacer=5-10bp;gc_cont=0.649
   #    score  bias  c-Evalue  i-Evalue hmmfrom  hmm to    alifrom  ali to    envfrom  env to     acc
 ---   ------ ----- --------- --------- ------- -------    ------- -------    ------- -------    ----
   1 !  596.6  14.1  1.3e-183    6e-180       1     428 []       2     429 ..       2     429 .. 1.00



Internal pipeline statistics summary:
-------------------------------------
Query model(s):                            1  (428 nodes)
Target sequences:                       4500  (1396018 residues searched)
Passed MSV filter:                       251  (0.0557778); expected 90.0 (0.02)
Passed bias filter:                      216  (0.048); expected 90.0 (0.02)
Passed Vit filter:                        47  (0.0104444); expected 4.5 (0.001)
Passed Fwd filter:                         9  (0.002); expected 0.0 (1e-05)
Initial search space (Z):               4500  [actual number of targets]
Domain search space  (domZ):               1  [number of targets reported over threshold]
# CPU time: 0.07u 0.00s 00:00:00.07 Elapsed: 00:00:00.08
# Mc/sec: 6852.24
//
Query:       TIGR00963  [M=787]
Accession:   TIGR00963
Description: secA: preprotein translocase, SecA subunit
Scores for complete sequences (score includes all domains):
   --- full sequence ---   --- best 1 domain ---    -#dom-
    E-value  score  bias    E-value  score  bias    exp  N  Sequence        Description
    ------- ------ -----    ------- ------ -----   ---- --  --------        -----------
          0 1102.2   9.4          0 1102.0   9.4    1.0  1  CP011300.1_3123  # 3184300 # 3187047 # 1 # ID=1_3123;partial=00;start_type=ATG;rbs_motif=AGGA;rbs_spacer=5-10bp;gc_cont=0.641


Domain annotation for each sequence:
>> CP011300.1_3123  # 3184300 # 3187047 # 1 # ID=1_3123;partial=00;start_type=ATG;rbs_motif=AGGA;rbs_spacer=5-10bp;gc_cont=0.641
   #    score  bias  c-Evalue  i-Evalue hmmfrom  hmm to    alifrom  ali to    envfrom  env to     acc
 ---   ------ ----- --------- --------- ------- -------    ------- -------    ------- -------    ----
   1 ! 1102.0   9.4         0         0       1     786 [.      28     819 ..      28     820 .. 0.94



Internal pipeline statistics summary:
-------------------------------------
Query model(s):                            1  (787 nodes)
Target sequences:                       4500  (1396018 residues searched)
Passed MSV filter:                       114  (0.0253333); expected 90.0 (0.02)
Passed bias filter:                       99  (0.022); expected 90.0 (0.02)
Passed Vit filter:                        15  (0.00333333); expected 4.5 (0.001)
Passed Fwd filter:                         1  (0.000222222); expected 0.0 (1e-05)
Initial search space (Z):               4500  [actual number of targets]
Domain search space  (domZ):               1  [number of targets reported over threshold]
# CPU time: 0.09u 0.00s 00:00:00.09 Elapsed: 00:00:00.10
# Mc/sec: 10673.22
//
Query:       TIGR00964  [M=57]
Accession:   TIGR00964
Description: secE_bact: preprotein translocase, SecE subunit
Scores for complete sequences (score includes all domains):
   --- full sequence ---   --- best 1 domain ---    -#dom-
    E-value  score  bias    E-value  score  bias    exp  N  Sequence        Description
    ------- ------ -----    ------- ------ -----   ---- --  --------        -----------
    7.1e-19   65.5   1.3    7.7e-19   65.4   1.3    1.0  1  CP011300.1_1940  # 2001132 # 2001326 # -1 # ID=1_1940;partial=00;start_type=ATG;rbs_motif=AGGA/GGAG/GAGG;rbs_spacer=11-12bp;gc_cont=0.574


Domain annotation for each sequence:
>> CP011300.1_1940  # 2001132 # 2001326 # -1 # ID=1_1940;partial=00;start_type=ATG;rbs_motif=AGGA/GGAG/GAGG;rbs_spacer=11-12bp;gc_cont=0.574
   #    score  bias  c-Evalue  i-Evalue hmmfrom  hmm to    alifrom  ali to    envfrom  env to     acc
 ---   ------ ----- --------- --------- ------- -------    ------- -------    ------- -------    ----
   1 !   65.4   1.3   1.7e-22   7.7e-19       3      55 ..       8      60 ..       6      62 .. 0.96



Internal pipeline statistics summary:
-------------------------------------
Query model(s):                            1  (57 nodes)
Target sequences:                       4500  (1396018 residues searched)
Passed MSV filter:                       288  (0.064); expected 90.0 (0.02)
Passed bias filter:                      140  (0.0311111); expected 90.0 (0.02)
Passed Vit filter:                        12  (0.00266667); expected 4.5 (0.001)
Passed Fwd filter:                         4  (0.000888889); expected 0.0 (1e-05)
Initial search space (Z):               4500  [actual number of targets]
Domain search space  (domZ):               1  [number of targets reported over threshold]
# CPU time: 0.02u 0.00s 00:00:00.02 Elapsed: 00:00:00.01
# Mc/sec: 6672.92
//
Query:       TIGR00967  [M=414]
Accession:   TIGR00967
Description: 3a0501s007: preprotein translocase, SecY subunit
Scores for complete sequences (score includes all domains):
   --- full sequence ---   --- best 1 domain ---    -#dom-
    E-value  score  bias    E-value  score  bias    exp  N  Sequence        Description
    ------- ------ -----    ------- ------ -----   ---- --  --------        -----------
   9.9e-127  421.2  22.0   1.2e-126  420.9  22.0    1.0  1  CP011300.1_1904  # 1972258 # 1973592 # -1 # ID=1_1904;partial=00;start_type=ATG;rbs_motif=GGAG/GAGG;rbs_spacer=5-10bp;gc_cont=0.610


Domain annotation for each sequence:
>> CP011300.1_1904  # 1972258 # 1973592 # -1 # ID=1_1904;partial=00;start_type=ATG;rbs_motif=GGAG/GAGG;rbs_spacer=5-10bp;gc_cont=0.610
   #    score  bias  c-Evalue  i-Evalue hmmfrom  hmm to    alifrom  ali to    envfrom  env to     acc
 ---   ------ ----- --------- --------- ------- -------    ------- -------    ------- -------    ----
   1 !  420.9  22.0  2.6e-130  1.2e-126       2     414 .]      25     430 ..      24     430 .. 0.95



Internal pipeline statistics summary:
-------------------------------------
Query model(s):                            1  (414 nodes)
Target sequences:                       4500  (1396018 residues searched)
Passed MSV filter:                       245  (0.0544444); expected 90.0 (0.02)
Passed bias filter:                       82  (0.0182222); expected 90.0 (0.02)
Passed Vit filter:                         5  (0.00111111); expected 4.5 (0.001)
Passed Fwd filter:                         1  (0.000222222); expected 0.0 (1e-05)
Initial search space (Z):               4500  [actual number of targets]
Domain search space  (domZ):               1  [number of targets reported over threshold]
# CPU time: 0.03u 0.00s 00:00:00.03 Elapsed: 00:00:00.05
# Mc/sec: 11251.76
//
Query:       TIGR00982  [M=139]
Accession:   TIGR00982
Description: uS12_E_A: ribosomal protein uS12
Scores for complete sequences (score includes all domains):
   --- full sequence ---   --- best 1 domain ---    -#dom-
    E-value  score  bias    E-value  score  bias    exp  N  Sequence Description
    ------- ------ -----    ------- ------ -----   ---- --  -------- -----------

   [No hits detected that satisfy reporting thresholds]


Domain annotation for each sequence:

   [No targets detected that satisfy reporting thresholds]


Internal pipeline statistics summary:
-------------------------------------
Query model(s):                            1  (139 nodes)
Target sequences:                       4500  (1396018 residues searched)
Passed MSV filter:                        98  (0.0217778); expected 90.0 (0.02)
Passed bias filter:                       92  (0.0204444); expected 90.0 (0.02)
Passed Vit filter:                         3  (0.000666667); expected 4.5 (0.001)
Passed Fwd filter:                         1  (0.000222222); expected 0.0 (1e-05)
Initial search space (Z):               4500  [actual number of targets]
Domain search space  (domZ):               0  [number of targets reported over threshold]
# CPU time: 0.03u 0.00s 00:00:00.03 Elapsed: 00:00:00.01
# Mc/sec: 10588.64
//
Query:       TIGR01008  [M=195]
Accession:   TIGR01008
Description: uS3_euk_arch: ribosomal protein uS3
Scores for complete sequences (score includes all domains):
   --- full sequence ---   --- best 1 domain ---    -#dom-
    E-value  score  bias    E-value  score  bias    exp  N  Sequence Description
    ------- ------ -----    ------- ------ -----   ---- --  -------- -----------

   [No hits detected that satisfy reporting thresholds]


Domain annotation for each sequence:

   [No targets detected that satisfy reporting thresholds]


Internal pipeline statistics summary:
-------------------------------------
Query model(s):                            1  (195 nodes)
Target sequences:                       4500  (1396018 residues searched)
Passed MSV filter:                       162  (0.036); expected 90.0 (0.02)
Passed bias filter:                      128  (0.0284444); expected 90.0 (0.02)
Passed Vit filter:                        11  (0.00244444); expected 4.5 (0.001)
Passed Fwd filter:                         1  (0.000222222); expected 0.0 (1e-05)
Initial search space (Z):               4500  [actual number of targets]
Domain search space  (domZ):               0  [number of targets reported over threshold]
# CPU time: 0.02u 0.01s 00:00:00.03 Elapsed: 00:00:00.02
# Mc/sec: 9947.08
//
Query:       TIGR01009  [M=212]
Accession:   TIGR01009
Description: rpsC_bact: ribosomal protein uS3
Scores for complete sequences (score includes all domains):
   --- full sequence ---   --- best 1 domain ---    -#dom-
    E-value  score  bias    E-value  score  bias    exp  N  Sequence        Description
    ------- ------ -----    ------- ------ -----   ---- --  --------        -----------
    7.3e-97  321.2   2.9    8.3e-97  321.0   2.9    1.0  1  CP011300.1_1918  # 1978839 # 1979549 # -1 # ID=1_1918;partial=00;start_type=ATG;rbs_motif=GGAG/GAGG;rbs_spacer=5-10bp;gc_cont=0.627


Domain annotation for each sequence:
>> CP011300.1_1918  # 1978839 # 1979549 # -1 # ID=1_1918;partial=00;start_type=ATG;rbs_motif=GGAG/GAGG;rbs_spacer=5-10bp;gc_cont=0.627
   #    score  bias  c-Evalue  i-Evalue hmmfrom  hmm to    alifrom  ali to    envfrom  env to     acc
 ---   ------ ----- --------- --------- ------- -------    ------- -------    ------- -------    ----
   1 !  321.0   2.9  1.8e-100   8.3e-97       1     210 [.       1     209 [.       1     211 [. 0.99



Internal pipeline statistics summary:
-------------------------------------
Query model(s):                            1  (212 nodes)
Target sequences:                       4500  (1396018 residues searched)
Passed MSV filter:                       128  (0.0284444); expected 90.0 (0.02)
Passed bias filter:                      110  (0.0244444); expected 90.0 (0.02)
Passed Vit filter:                         9  (0.002); expected 4.5 (0.001)
Passed Fwd filter:                         2  (0.000444444); expected 0.0 (1e-05)
Initial search space (Z):               4500  [actual number of targets]
Domain search space  (domZ):               1  [number of targets reported over threshold]
# CPU time: 0.03u 0.00s 00:00:00.03 Elapsed: 00:00:00.04
# Mc/sec: 7201.18
//
Query:       TIGR01011  [M=225]
Accession:   TIGR01011
Description: rpsB_bact: ribosomal protein uS2
Scores for complete sequences (score includes all domains):
   --- full sequence ---   --- best 1 domain ---    -#dom-
    E-value  score  bias    E-value  score  bias    exp  N  Sequence        Description
    ------- ------ -----    ------- ------ -----   ---- --  --------        -----------
    3.4e-98  325.3   0.0      4e-98  325.1   0.0    1.0  1  CP011300.1_1191  # 1241598 # 1242377 # 1 # ID=1_1191;partial=00;start_type=ATG;rbs_motif=AGGA;rbs_spacer=5-10bp;gc_cont=0.647


Domain annotation for each sequence:
>> CP011300.1_1191  # 1241598 # 1242377 # 1 # ID=1_1191;partial=00;start_type=ATG;rbs_motif=AGGA;rbs_spacer=5-10bp;gc_cont=0.647
   #    score  bias  c-Evalue  i-Evalue hmmfrom  hmm to    alifrom  ali to    envfrom  env to     acc
 ---   ------ ----- --------- --------- ------- -------    ------- -------    ------- -------    ----
   1 !  325.1   0.0  8.9e-102     4e-98       3     222 ..       7     225 ..       5     228 .. 0.99



Internal pipeline statistics summary:
-------------------------------------
Query model(s):                            1  (225 nodes)
Target sequences:                       4500  (1396018 residues searched)
Passed MSV filter:                        89  (0.0197778); expected 90.0 (0.02)
Passed bias filter:                       77  (0.0171111); expected 90.0 (0.02)
Passed Vit filter:                         6  (0.00133333); expected 4.5 (0.001)
Passed Fwd filter:                         1  (0.000222222); expected 0.0 (1e-05)
Initial search space (Z):               4500  [actual number of targets]
Domain search space  (domZ):               1  [number of targets reported over threshold]
# CPU time: 0.01u 0.01s 00:00:00.02 Elapsed: 00:00:00.04
# Mc/sec: 7341.89
//
Query:       TIGR01012  [M=196]
Accession:   TIGR01012
Description: uS2_euk_arch: ribosomal protein uS2
Scores for complete sequences (score includes all domains):
   --- full sequence ---   --- best 1 domain ---    -#dom-
    E-value  score  bias    E-value  score  bias    exp  N  Sequence Description
    ------- ------ -----    ------- ------ -----   ---- --  -------- -----------

   [No hits detected that satisfy reporting thresholds]


Domain annotation for each sequence:

   [No targets detected that satisfy reporting thresholds]


Internal pipeline statistics summary:
-------------------------------------
Query model(s):                            1  (196 nodes)
Target sequences:                       4500  (1396018 residues searched)
Passed MSV filter:                       132  (0.0293333); expected 90.0 (0.02)
Passed bias filter:                      121  (0.0268889); expected 90.0 (0.02)
Passed Vit filter:                        12  (0.00266667); expected 4.5 (0.001)
Passed Fwd filter:                         1  (0.000222222); expected 0.0 (1e-05)
Initial search space (Z):               4500  [actual number of targets]
Domain search space  (domZ):               0  [number of targets reported over threshold]
# CPU time: 0.03u 0.00s 00:00:00.03 Elapsed: 00:00:00.02
# Mc/sec: 10300.50
//
Query:       TIGR01017  [M=200]
Accession:   TIGR01017
Description: rpsD_bact: ribosomal protein uS4
Scores for complete sequences (score includes all domains):
   --- full sequence ---   --- best 1 domain ---    -#dom-
    E-value  score  bias    E-value  score  bias    exp  N  Sequence        Description
    ------- ------ -----    ------- ------ -----   ---- --  --------        -----------
    2.3e-72  240.9   0.1    2.5e-72  240.8   0.1    1.0  1  CP011300.1_2041  # 2082354 # 2082971 # -1 # ID=1_2041;partial=00;start_type=ATG;rbs_motif=AGGA;rbs_spacer=5-10bp;gc_cont=0.618


Domain annotation for each sequence:
>> CP011300.1_2041  # 2082354 # 2082971 # -1 # ID=1_2041;partial=00;start_type=ATG;rbs_motif=AGGA;rbs_spacer=5-10bp;gc_cont=0.618
   #    score  bias  c-Evalue  i-Evalue hmmfrom  hmm to    alifrom  ali to    envfrom  env to     acc
 ---   ------ ----- --------- --------- ------- -------    ------- -------    ------- -------    ----
   1 !  240.8   0.1   5.6e-76   2.5e-72       5     200 .]       7     205 ..       3     205 .. 0.95



Internal pipeline statistics summary:
-------------------------------------
Query model(s):                            1  (200 nodes)
Target sequences:                       4500  (1396018 residues searched)
Passed MSV filter:                        66  (0.0146667); expected 90.0 (0.02)
Passed bias filter:                       61  (0.0135556); expected 90.0 (0.02)
Passed Vit filter:                         5  (0.00111111); expected 4.5 (0.001)
Passed Fwd filter:                         3  (0.000666667); expected 0.0 (1e-05)
Initial search space (Z):               4500  [actual number of targets]
Domain search space  (domZ):               1  [number of targets reported over threshold]
# CPU time: 0.03u 0.00s 00:00:00.03 Elapsed: 00:00:00.03
# Mc/sec: 9279.54
//
Query:       TIGR01018  [M=162]
Accession:   TIGR01018
Description: uS4_arch: ribosomal protein uS4
Scores for complete sequences (score includes all domains):
   --- full sequence ---   --- best 1 domain ---    -#dom-
    E-value  score  bias    E-value  score  bias    exp  N  Sequence Description
    ------- ------ -----    ------- ------ -----   ---- --  -------- -----------

   [No hits detected that satisfy reporting thresholds]


Domain annotation for each sequence:

   [No targets detected that satisfy reporting thresholds]


Internal pipeline statistics summary:
-------------------------------------
Query model(s):                            1  (162 nodes)
Target sequences:                       4500  (1396018 residues searched)
Passed MSV filter:                        85  (0.0188889); expected 90.0 (0.02)
Passed bias filter:                       77  (0.0171111); expected 90.0 (0.02)
Passed Vit filter:                        11  (0.00244444); expected 4.5 (0.001)
Passed Fwd filter:                         1  (0.000222222); expected 0.0 (1e-05)
Initial search space (Z):               4500  [actual number of targets]
Domain search space  (domZ):               0  [number of targets reported over threshold]
# CPU time: 0.02u 0.00s 00:00:00.02 Elapsed: 00:00:00.01
# Mc/sec: 11586.69
//
Query:       TIGR01020  [M=212]
Accession:   TIGR01020
Description: uS5_euk_arch: ribosomal protein uS5
Scores for complete sequences (score includes all domains):
   --- full sequence ---   --- best 1 domain ---    -#dom-
    E-value  score  bias    E-value  score  bias    exp  N  Sequence Description
    ------- ------ -----    ------- ------ -----   ---- --  -------- -----------

   [No hits detected that satisfy reporting thresholds]


Domain annotation for each sequence:

   [No targets detected that satisfy reporting thresholds]


Internal pipeline statistics summary:
-------------------------------------
Query model(s):                            1  (212 nodes)
Target sequences:                       4500  (1396018 residues searched)
Passed MSV filter:                       109  (0.0242222); expected 90.0 (0.02)
Passed bias filter:                       92  (0.0204444); expected 90.0 (0.02)
Passed Vit filter:                         8  (0.00177778); expected 4.5 (0.001)
Passed Fwd filter:                         1  (0.000222222); expected 0.0 (1e-05)
Initial search space (Z):               4500  [actual number of targets]
Domain search space  (domZ):               0  [number of targets reported over threshold]
# CPU time: 0.03u 0.00s 00:00:00.03 Elapsed: 00:00:00.02
# Mc/sec: 10918.99
//
Query:       TIGR01021  [M=156]
Accession:   TIGR01021
Description: rpsE_bact: ribosomal protein uS5
Scores for complete sequences (score includes all domains):
   --- full sequence ---   --- best 1 domain ---    -#dom-
    E-value  score  bias    E-value  score  bias    exp  N  Sequence        Description
    ------- ------ -----    ------- ------ -----   ---- --  --------        -----------
      4e-66  219.6   3.1    4.6e-66  219.4   3.1    1.0  1  CP011300.1_1907  # 1974419 # 1974949 # -1 # ID=1_1907;partial=00;start_type=ATG;rbs_motif=GGA/GAG/AGG;rbs_spacer=5-10bp;gc_cont=0.655


Domain annotation for each sequence:
>> CP011300.1_1907  # 1974419 # 1974949 # -1 # ID=1_1907;partial=00;start_type=ATG;rbs_motif=GGA/GAG/AGG;rbs_spacer=5-10bp;gc_cont=0.655
   #    score  bias  c-Evalue  i-Evalue hmmfrom  hmm to    alifrom  ali to    envfrom  env to     acc
 ---   ------ ----- --------- --------- ------- -------    ------- -------    ------- -------    ----
   1 !  219.4   3.1     1e-69   4.6e-66       2     156 .]       9     164 ..       8     164 .. 0.98



Internal pipeline statistics summary:
-------------------------------------
Query model(s):                            1  (156 nodes)
Target sequences:                       4500  (1396018 residues searched)
Passed MSV filter:                       181  (0.0402222); expected 90.0 (0.02)
Passed bias filter:                      128  (0.0284444); expected 90.0 (0.02)
Passed Vit filter:                         8  (0.00177778); expected 4.5 (0.001)
Passed Fwd filter:                         1  (0.000222222); expected 0.0 (1e-05)
Initial search space (Z):               4500  [actual number of targets]
Domain search space  (domZ):               1  [number of targets reported over threshold]
# CPU time: 0.02u 0.00s 00:00:00.02 Elapsed: 00:00:00.03
# Mc/sec: 6457.35
//
Query:       TIGR01028  [M=186]
Accession:   TIGR01028
Description: uS7_euk_arch: ribosomal protein uS7
Scores for complete sequences (score includes all domains):
   --- full sequence ---   --- best 1 domain ---    -#dom-
    E-value  score  bias    E-value  score  bias    exp  N  Sequence Description
    ------- ------ -----    ------- ------ -----   ---- --  -------- -----------

   [No hits detected that satisfy reporting thresholds]


Domain annotation for each sequence:

   [No targets detected that satisfy reporting thresholds]


Internal pipeline statistics summary:
-------------------------------------
Query model(s):                            1  (186 nodes)
Target sequences:                       4500  (1396018 residues searched)
Passed MSV filter:                        74  (0.0164444); expected 90.0 (0.02)
Passed bias filter:                       60  (0.0133333); expected 90.0 (0.02)
Passed Vit filter:                         5  (0.00111111); expected 4.5 (0.001)
Passed Fwd filter:                         1  (0.000222222); expected 0.0 (1e-05)
Initial search space (Z):               4500  [actual number of targets]
Domain search space  (domZ):               0  [number of targets reported over threshold]
# CPU time: 0.03u 0.00s 00:00:00.03 Elapsed: 00:00:00.02
# Mc/sec: 9596.86
//
Query:       TIGR01029  [M=154]
Accession:   TIGR01029
Description: rpsG_bact: ribosomal protein uS7
Scores for complete sequences (score includes all domains):
   --- full sequence ---   --- best 1 domain ---    -#dom-
    E-value  score  bias    E-value  score  bias    exp  N  Sequence        Description
    ------- ------ -----    ------- ------ -----   ---- --  --------        -----------
      9e-70  231.5   0.3      1e-69  231.4   0.3    1.0  1  CP011300.1_1928  # 1986497 # 1986967 # -1 # ID=1_1928;partial=00;start_type=ATG;rbs_motif=AGGAG;rbs_spacer=5-10bp;gc_cont=0.616


Domain annotation for each sequence:
>> CP011300.1_1928  # 1986497 # 1986967 # -1 # ID=1_1928;partial=00;start_type=ATG;rbs_motif=AGGAG;rbs_spacer=5-10bp;gc_cont=0.616
   #    score  bias  c-Evalue  i-Evalue hmmfrom  hmm to    alifrom  ali to    envfrom  env to     acc
 ---   ------ ----- --------- --------- ------- -------    ------- -------    ------- -------    ----
   1 !  231.4   0.3   2.2e-73     1e-69       1     154 []       3     156 ..       3     156 .. 1.00



Internal pipeline statistics summary:
-------------------------------------
Query model(s):                            1  (154 nodes)
Target sequences:                       4500  (1396018 residues searched)
Passed MSV filter:                        84  (0.0186667); expected 90.0 (0.02)
Passed bias filter:                       74  (0.0164444); expected 90.0 (0.02)
Passed Vit filter:                        10  (0.00222222); expected 4.5 (0.001)
Passed Fwd filter:                         1  (0.000222222); expected 0.0 (1e-05)
Initial search space (Z):               4500  [actual number of targets]
Domain search space  (domZ):               1  [number of targets reported over threshold]
# CPU time: 0.02u 0.00s 00:00:00.02 Elapsed: 00:00:00.02
# Mc/sec: 10129.76
//
Query:       TIGR01032  [M=114]
Accession:   TIGR01032
Description: rplT_bact: ribosomal protein bL20
Scores for complete sequences (score includes all domains):
   --- full sequence ---   --- best 1 domain ---    -#dom-
    E-value  score  bias    E-value  score  bias    exp  N  Sequence        Description
    ------- ------ -----    ------- ------ -----   ---- --  --------        -----------
    7.9e-48  159.5   4.6    9.1e-48  159.3   4.6    1.0  1  CP011300.1_3929  # 4008055 # 4008456 # -1 # ID=1_3929;partial=00;start_type=ATG;rbs_motif=AGGA;rbs_spacer=5-10bp;gc_cont=0.634


Domain annotation for each sequence:
>> CP011300.1_3929  # 4008055 # 4008456 # -1 # ID=1_3929;partial=00;start_type=ATG;rbs_motif=AGGA;rbs_spacer=5-10bp;gc_cont=0.634
   #    score  bias  c-Evalue  i-Evalue hmmfrom  hmm to    alifrom  ali to    envfrom  env to     acc
 ---   ------ ----- --------- --------- ------- -------    ------- -------    ------- -------    ----
   1 !  159.3   4.6     2e-51   9.1e-48       1     114 []       1     114 [.       1     114 [. 0.99



Internal pipeline statistics summary:
-------------------------------------
Query model(s):                            1  (114 nodes)
Target sequences:                       4500  (1396018 residues searched)
Passed MSV filter:                       100  (0.0222222); expected 90.0 (0.02)
Passed bias filter:                       83  (0.0184444); expected 90.0 (0.02)
Passed Vit filter:                         3  (0.000666667); expected 4.5 (0.001)
Passed Fwd filter:                         1  (0.000222222); expected 0.0 (1e-05)
Initial search space (Z):               4500  [actual number of targets]
Domain search space  (domZ):               1  [number of targets reported over threshold]
# CPU time: 0.02u 0.00s 00:00:00.02 Elapsed: 00:00:00.02
# Mc/sec: 5922.85
//
Query:       TIGR01039  [M=462]
Accession:   TIGR01039
Description: atpD: ATP synthase F1, beta subunit
Scores for complete sequences (score includes all domains):
   --- full sequence ---   --- best 1 domain ---    -#dom-
    E-value  score  bias    E-value  score  bias    exp  N  Sequence        Description
    ------- ------ -----    ------- ------ -----   ---- --  --------        -----------
   4.1e-248  821.6   4.0   4.8e-248  821.4   4.0    1.0  1  CP011300.1_3402  # 3460948 # 3462387 # -1 # ID=1_3402;partial=00;start_type=ATG;rbs_motif=GGAG/GAGG;rbs_spacer=5-10bp;gc_cont=0.643
   5.7e-177  587.1   0.2     7e-177  586.8   0.2    1.0  1  CP011300.1_1704  # 1769776 # 1771182 # 1 # ID=1_1704;partial=00;start_type=ATG;rbs_motif=GGA/GAG/AGG;rbs_spacer=5-10bp;gc_cont=0.674


Domain annotation for each sequence:
>> CP011300.1_3402  # 3460948 # 3462387 # -1 # ID=1_3402;partial=00;start_type=ATG;rbs_motif=GGAG/GAGG;rbs_spacer=5-10bp;gc_cont=0.643
   #    score  bias  c-Evalue  i-Evalue hmmfrom  hmm to    alifrom  ali to    envfrom  env to     acc
 ---   ------ ----- --------- --------- ------- -------    ------- -------    ------- -------    ----
   1 !  821.4   4.0  2.1e-251  4.8e-248       2     462 .]       6     474 ..       5     474 .. 0.99

>> CP011300.1_1704  # 1769776 # 1771182 # 1 # ID=1_1704;partial=00;start_type=ATG;rbs_motif=GGA/GAG/AGG;rbs_spacer=5-10bp;gc_cont=0.674
   #    score  bias  c-Evalue  i-Evalue hmmfrom  hmm to    alifrom  ali to    envfrom  env to     acc
 ---   ------ ----- --------- --------- ------- -------    ------- -------    ------- -------    ----
   1 !  586.8   0.2  3.1e-180    7e-177       3     457 ..       6     458 ..       4     463 .. 0.98



Internal pipeline statistics summary:
-------------------------------------
Query model(s):                            1  (462 nodes)
Target sequences:                       4500  (1396018 residues searched)
Passed MSV filter:                       181  (0.0402222); expected 90.0 (0.02)
Passed bias filter:                      152  (0.0337778); expected 90.0 (0.02)
Passed Vit filter:                        21  (0.00466667); expected 4.5 (0.001)
Passed Fwd filter:                         7  (0.00155556); expected 0.0 (1e-05)
Initial search space (Z):               4500  [actual number of targets]
Domain search space  (domZ):               2  [number of targets reported over threshold]
# CPU time: 0.08u 0.00s 00:00:00.08 Elapsed: 00:00:00.07
# Mc/sec: 8948.58
//
Query:       TIGR01044  [M=103]
Accession:   TIGR01044
Description: rplV_bact: ribosomal protein uL22
Scores for complete sequences (score includes all domains):
   --- full sequence ---   --- best 1 domain ---    -#dom-
    E-value  score  bias    E-value  score  bias    exp  N  Sequence        Description
    ------- ------ -----    ------- ------ -----   ---- --  --------        -----------
    1.9e-34  116.0   0.9    2.3e-34  115.7   0.9    1.1  1  CP011300.1_1919  # 1979549 # 1979929 # -1 # ID=1_1919;partial=00;start_type=ATG;rbs_motif=GGAG/GAGG;rbs_spacer=5-10bp;gc_cont=0.619


Domain annotation for each sequence:
>> CP011300.1_1919  # 1979549 # 1979929 # -1 # ID=1_1919;partial=00;start_type=ATG;rbs_motif=GGAG/GAGG;rbs_spacer=5-10bp;gc_cont=0.619
   #    score  bias  c-Evalue  i-Evalue hmmfrom  hmm to    alifrom  ali to    envfrom  env to     acc
 ---   ------ ----- --------- --------- ------- -------    ------- -------    ------- -------    ----
   1 !  115.7   0.9     5e-38   2.3e-34       1     103 []      17     119 ..      17     119 .. 0.99



Internal pipeline statistics summary:
-------------------------------------
Query model(s):                            1  (103 nodes)
Target sequences:                       4500  (1396018 residues searched)
Passed MSV filter:                       125  (0.0277778); expected 90.0 (0.02)
Passed bias filter:                       87  (0.0193333); expected 90.0 (0.02)
Passed Vit filter:                         7  (0.00155556); expected 4.5 (0.001)
Passed Fwd filter:                         1  (0.000222222); expected 0.0 (1e-05)
Initial search space (Z):               4500  [actual number of targets]
Domain search space  (domZ):               1  [number of targets reported over threshold]
# CPU time: 0.02u 0.00s 00:00:00.02 Elapsed: 00:00:00.02
# Mc/sec: 6911.27
//
Query:       TIGR01046  [M=99]
Accession:   TIGR01046
Description: uS10_euk_arch: ribosomal protein uS10
Scores for complete sequences (score includes all domains):
   --- full sequence ---   --- best 1 domain ---    -#dom-
    E-value  score  bias    E-value  score  bias    exp  N  Sequence Description
    ------- ------ -----    ------- ------ -----   ---- --  -------- -----------

   [No hits detected that satisfy reporting thresholds]


Domain annotation for each sequence:

   [No targets detected that satisfy reporting thresholds]


Internal pipeline statistics summary:
-------------------------------------
Query model(s):                            1  (99 nodes)
Target sequences:                       4500  (1396018 residues searched)
Passed MSV filter:                        85  (0.0188889); expected 90.0 (0.02)
Passed bias filter:                       76  (0.0168889); expected 90.0 (0.02)
Passed Vit filter:                         4  (0.000888889); expected 4.5 (0.001)
Passed Fwd filter:                         1  (0.000222222); expected 0.0 (1e-05)
Initial search space (Z):               4500  [actual number of targets]
Domain search space  (domZ):               0  [number of targets reported over threshold]
# CPU time: 0.01u 0.00s 00:00:00.01 Elapsed: 00:00:00.01
# Mc/sec: 8974.33
//
Query:       TIGR01052  [M=488]
Accession:   TIGR01052
Description: top6b: DNA topoisomerase VI, B subunit
Scores for complete sequences (score includes all domains):
   --- full sequence ---   --- best 1 domain ---    -#dom-
    E-value  score  bias    E-value  score  bias    exp  N  Sequence Description
    ------- ------ -----    ------- ------ -----   ---- --  -------- -----------

   [No hits detected that satisfy reporting thresholds]


Domain annotation for each sequence:

   [No targets detected that satisfy reporting thresholds]


Internal pipeline statistics summary:
-------------------------------------
Query model(s):                            1  (488 nodes)
Target sequences:                       4500  (1396018 residues searched)
Passed MSV filter:                        90  (0.02); expected 90.0 (0.02)
Passed bias filter:                       84  (0.0186667); expected 90.0 (0.02)
Passed Vit filter:                        22  (0.00488889); expected 4.5 (0.001)
Passed Fwd filter:                         7  (0.00155556); expected 0.0 (1e-05)
Initial search space (Z):               4500  [actual number of targets]
Domain search space  (domZ):               0  [number of targets reported over threshold]
# CPU time: 0.06u 0.01s 00:00:00.06 Elapsed: 00:00:00.06
# Mc/sec: 11152.28
//
Query:       TIGR01059  [M=639]
Accession:   TIGR01059
Description: gyrB: DNA gyrase, B subunit
Scores for complete sequences (score includes all domains):
   --- full sequence ---   --- best 1 domain ---    -#dom-
    E-value  score  bias    E-value  score  bias    exp  N  Sequence        Description
    ------- ------ -----    ------- ------ -----   ---- --  --------        -----------
     1e-292  970.3   0.0   1.2e-292  970.1   0.0    1.0  1  CP011300.1_3675  # 3731406 # 3733859 # 1 # ID=1_3675;partial=00;start_type=ATG;rbs_motif=None;rbs_spacer=None;gc_cont=0.645


Domain annotation for each sequence:
>> CP011300.1_3675  # 3731406 # 3733859 # 1 # ID=1_3675;partial=00;start_type=ATG;rbs_motif=None;rbs_spacer=None;gc_cont=0.645
   #    score  bias  c-Evalue  i-Evalue hmmfrom  hmm to    alifrom  ali to    envfrom  env to     acc
 ---   ------ ----- --------- --------- ------- -------    ------- -------    ------- -------    ----
   1 !  970.1   0.0  2.7e-296  1.2e-292       1     639 []      12     817 ..      12     817 .. 0.91



Internal pipeline statistics summary:
-------------------------------------
Query model(s):                            1  (639 nodes)
Target sequences:                       4500  (1396018 residues searched)
Passed MSV filter:                       101  (0.0224444); expected 90.0 (0.02)
Passed bias filter:                       93  (0.0206667); expected 90.0 (0.02)
Passed Vit filter:                        12  (0.00266667); expected 4.5 (0.001)
Passed Fwd filter:                         2  (0.000444444); expected 0.0 (1e-05)
Initial search space (Z):               4500  [actual number of targets]
Domain search space  (domZ):               1  [number of targets reported over threshold]
# CPU time: 0.07u 0.00s 00:00:00.07 Elapsed: 00:00:00.11
# Mc/sec: 8000.07
//
Query:       TIGR01063  [M=800]
Accession:   TIGR01063
Description: gyrA: DNA gyrase, A subunit
Scores for complete sequences (score includes all domains):
   --- full sequence ---   --- best 1 domain ---    -#dom-
    E-value  score  bias    E-value  score  bias    exp  N  Sequence        Description
    ------- ------ -----    ------- ------ -----   ---- --  --------        -----------
          0 1145.6   1.6          0 1145.3   1.6    1.0  1  CP011300.1_1444  # 1511386 # 1514139 # -1 # ID=1_1444;partial=00;start_type=GTG;rbs_motif=None;rbs_spacer=None;gc_cont=0.643


Domain annotation for each sequence:
>> CP011300.1_1444  # 1511386 # 1514139 # -1 # ID=1_1444;partial=00;start_type=GTG;rbs_motif=None;rbs_spacer=None;gc_cont=0.643
   #    score  bias  c-Evalue  i-Evalue hmmfrom  hmm to    alifrom  ali to    envfrom  env to     acc
 ---   ------ ----- --------- --------- ------- -------    ------- -------    ------- -------    ----
   1 ! 1145.3   1.6         0         0       3     799 ..      19     898 ..      17     899 .. 0.99



Internal pipeline statistics summary:
-------------------------------------
Query model(s):                            1  (800 nodes)
Target sequences:                       4500  (1396018 residues searched)
Passed MSV filter:                        94  (0.0208889); expected 90.0 (0.02)
Passed bias filter:                       74  (0.0164444); expected 90.0 (0.02)
Passed Vit filter:                        14  (0.00311111); expected 4.5 (0.001)
Passed Fwd filter:                         2  (0.000444444); expected 0.0 (1e-05)
Initial search space (Z):               4500  [actual number of targets]
Domain search space  (domZ):               1  [number of targets reported over threshold]
# CPU time: 0.09u 0.01s 00:00:00.10 Elapsed: 00:00:00.14
# Mc/sec: 7469.55
//
Query:       TIGR01066  [M=141]
Accession:   TIGR01066
Description: rplM_bact: ribosomal protein uL13
Scores for complete sequences (score includes all domains):
   --- full sequence ---   --- best 1 domain ---    -#dom-
    E-value  score  bias    E-value  score  bias    exp  N  Sequence        Description
    ------- ------ -----    ------- ------ -----   ---- --  --------        -----------
    6.9e-58  192.4   0.0    8.7e-58  192.1   0.0    1.0  1  CP011300.1_1151  # 1204966 # 1205430 # 1 # ID=1_1151;partial=00;start_type=ATG;rbs_motif=GGA/GAG/AGG;rbs_spacer=5-10bp;gc_cont=0.619


Domain annotation for each sequence:
>> CP011300.1_1151  # 1204966 # 1205430 # 1 # ID=1_1151;partial=00;start_type=ATG;rbs_motif=GGA/GAG/AGG;rbs_spacer=5-10bp;gc_cont=0.619
   #    score  bias  c-Evalue  i-Evalue hmmfrom  hmm to    alifrom  ali to    envfrom  env to     acc
 ---   ------ ----- --------- --------- ------- -------    ------- -------    ------- -------    ----
   1 !  192.1   0.0   1.9e-61   8.7e-58       2     140 ..       4     142 ..       3     143 .. 0.97



Internal pipeline statistics summary:
-------------------------------------
Query model(s):                            1  (141 nodes)
Target sequences:                       4500  (1396018 residues searched)
Passed MSV filter:                        73  (0.0162222); expected 90.0 (0.02)
Passed bias filter:                       72  (0.016); expected 90.0 (0.02)
Passed Vit filter:                         9  (0.002); expected 4.5 (0.001)
Passed Fwd filter:                         1  (0.000222222); expected 0.0 (1e-05)
Initial search space (Z):               4500  [actual number of targets]
Domain search space  (domZ):               1  [number of targets reported over threshold]
# CPU time: 0.02u 0.01s 00:00:00.03 Elapsed: 00:00:00.02
# Mc/sec: 7306.17
//
Query:       TIGR01071  [M=144]
Accession:   TIGR01071
Description: rplO_bact: ribosomal protein uL15
Scores for complete sequences (score includes all domains):
   --- full sequence ---   --- best 1 domain ---    -#dom-
    E-value  score  bias    E-value  score  bias    exp  N  Sequence        Description
    ------- ------ -----    ------- ------ -----   ---- --  --------        -----------
    1.1e-43  146.5   4.4    1.2e-43  146.4   4.4    1.0  1  CP011300.1_1905  # 1973623 # 1974108 # -1 # ID=1_1905;partial=00;start_type=ATG;rbs_motif=GGA/GAG/AGG;rbs_spacer=5-10bp;gc_cont=0.615


Domain annotation for each sequence:
>> CP011300.1_1905  # 1973623 # 1974108 # -1 # ID=1_1905;partial=00;start_type=ATG;rbs_motif=GGA/GAG/AGG;rbs_spacer=5-10bp;gc_cont=0.615
   #    score  bias  c-Evalue  i-Evalue hmmfrom  hmm to    alifrom  ali to    envfrom  env to     acc
 ---   ------ ----- --------- --------- ------- -------    ------- -------    ------- -------    ----
   1 !  146.4   4.4   2.7e-47   1.2e-43       1     143 [.       3     150 ..       3     151 .. 0.96



Internal pipeline statistics summary:
-------------------------------------
Query model(s):                            1  (144 nodes)
Target sequences:                       4500  (1396018 residues searched)
Passed MSV filter:                        72  (0.016); expected 90.0 (0.02)
Passed bias filter:                       62  (0.0137778); expected 90.0 (0.02)
Passed Vit filter:                         4  (0.000888889); expected 4.5 (0.001)
Passed Fwd filter:                         1  (0.000222222); expected 0.0 (1e-05)
Initial search space (Z):               4500  [actual number of targets]
Domain search space  (domZ):               1  [number of targets reported over threshold]
# CPU time: 0.02u 0.00s 00:00:00.02 Elapsed: 00:00:00.05
# Mc/sec: 3648.39
//
Query:       TIGR01079  [M=104]
Accession:   TIGR01079
Description: rplX_bact: ribosomal protein uL24
Scores for complete sequences (score includes all domains):
   --- full sequence ---   --- best 1 domain ---    -#dom-
    E-value  score  bias    E-value  score  bias    exp  N  Sequence        Description
    ------- ------ -----    ------- ------ -----   ---- --  --------        -----------
      6e-34  114.6   5.4    6.7e-34  114.4   5.4    1.0  1  CP011300.1_1913  # 1977217 # 1977528 # -1 # ID=1_1913;partial=00;start_type=ATG;rbs_motif=GGAG/GAGG;rbs_spacer=5-10bp;gc_cont=0.590


Domain annotation for each sequence:
>> CP011300.1_1913  # 1977217 # 1977528 # -1 # ID=1_1913;partial=00;start_type=ATG;rbs_motif=GGAG/GAGG;rbs_spacer=5-10bp;gc_cont=0.590
   #    score  bias  c-Evalue  i-Evalue hmmfrom  hmm to    alifrom  ali to    envfrom  env to     acc
 ---   ------ ----- --------- --------- ------- -------    ------- -------    ------- -------    ----
   1 !  114.4   5.4   1.5e-37   6.7e-34       2     104 .]       3     101 ..       2     101 .. 0.95



Internal pipeline statistics summary:
-------------------------------------
Query model(s):                            1  (104 nodes)
Target sequences:                       4500  (1396018 residues searched)
Passed MSV filter:                        68  (0.0151111); expected 90.0 (0.02)
Passed bias filter:                       61  (0.0135556); expected 90.0 (0.02)
Passed Vit filter:                         2  (0.000444444); expected 4.5 (0.001)
Passed Fwd filter:                         1  (0.000222222); expected 0.0 (1e-05)
Initial search space (Z):               4500  [actual number of targets]
Domain search space  (domZ):               1  [number of targets reported over threshold]
# CPU time: 0.02u 0.00s 00:00:00.02 Elapsed: 00:00:00.02
# Mc/sec: 6414.39
//
Query:       TIGR01082  [M=449]
Accession:   TIGR01082
Description: murC: UDP-N-acetylmuramate--L-alanine ligase
Scores for complete sequences (score includes all domains):
   --- full sequence ---   --- best 1 domain ---    -#dom-
    E-value  score  bias    E-value  score  bias    exp  N  Sequence        Description
    ------- ------ -----    ------- ------ -----   ---- --  --------        -----------
   2.9e-163  542.0   0.3   3.3e-163  541.9   0.3    1.0  1  CP011300.1_2239  # 2283115 # 2284536 # -1 # ID=1_2239;partial=00;start_type=ATG;rbs_motif=AGGAG;rbs_spacer=5-10bp;gc_cont=0.653


Domain annotation for each sequence:
>> CP011300.1_2239  # 2283115 # 2284536 # -1 # ID=1_2239;partial=00;start_type=ATG;rbs_motif=AGGAG;rbs_spacer=5-10bp;gc_cont=0.653
   #    score  bias  c-Evalue  i-Evalue hmmfrom  hmm to    alifrom  ali to    envfrom  env to     acc
 ---   ------ ----- --------- --------- ------- -------    ------- -------    ------- -------    ----
   1 !  541.9   0.3  7.3e-167  3.3e-163       2     447 ..      10     458 ..       9     460 .. 0.98



Internal pipeline statistics summary:
-------------------------------------
Query model(s):                            1  (449 nodes)
Target sequences:                       4500  (1396018 residues searched)
Passed MSV filter:                       160  (0.0355556); expected 90.0 (0.02)
Passed bias filter:                      144  (0.032); expected 90.0 (0.02)
Passed Vit filter:                        17  (0.00377778); expected 4.5 (0.001)
Passed Fwd filter:                         5  (0.00111111); expected 0.0 (1e-05)
Initial search space (Z):               4500  [actual number of targets]
Domain search space  (domZ):               1  [number of targets reported over threshold]
# CPU time: 0.07u 0.01s 00:00:00.08 Elapsed: 00:00:00.08
# Mc/sec: 7104.11
//
Query:       TIGR01087  [M=441]
Accession:   TIGR01087
Description: murD: UDP-N-acetylmuramoylalanine--D-glutamate ligase
Scores for complete sequences (score includes all domains):
   --- full sequence ---   --- best 1 domain ---    -#dom-
    E-value  score  bias    E-value  score  bias    exp  N  Sequence        Description
    ------- ------ -----    ------- ------ -----   ---- --  --------        -----------
    4.8e-82  274.3   0.0    8.7e-82  273.5   0.0    1.4  1  CP011300.1_2501  # 2539880 # 2541181 # 1 # ID=1_2501;partial=00;start_type=ATG;rbs_motif=GGAG/GAGG;rbs_spacer=5-10bp;gc_cont=0.661


Domain annotation for each sequence:
>> CP011300.1_2501  # 2539880 # 2541181 # 1 # ID=1_2501;partial=00;start_type=ATG;rbs_motif=GGAG/GAGG;rbs_spacer=5-10bp;gc_cont=0.661
   #    score  bias  c-Evalue  i-Evalue hmmfrom  hmm to    alifrom  ali to    envfrom  env to     acc
 ---   ------ ----- --------- --------- ------- -------    ------- -------    ------- -------    ----
   1 !  273.5   0.0   1.9e-85   8.7e-82       2     440 ..       7     425 ..       6     426 .. 0.86



Internal pipeline statistics summary:
-------------------------------------
Query model(s):                            1  (441 nodes)
Target sequences:                       4500  (1396018 residues searched)
Passed MSV filter:                       215  (0.0477778); expected 90.0 (0.02)
Passed bias filter:                      188  (0.0417778); expected 90.0 (0.02)
Passed Vit filter:                        51  (0.0113333); expected 4.5 (0.001)
Passed Fwd filter:                         8  (0.00177778); expected 0.0 (1e-05)
Initial search space (Z):               4500  [actual number of targets]
Domain search space  (domZ):               1  [number of targets reported over threshold]
# CPU time: 0.11u 0.00s 00:00:00.11 Elapsed: 00:00:00.11
# Mc/sec: 5589.13
//
Query:       TIGR01128  [M=314]
Accession:   TIGR01128
Description: holA: DNA polymerase III, delta subunit
Scores for complete sequences (score includes all domains):
   --- full sequence ---   --- best 1 domain ---    -#dom-
    E-value  score  bias    E-value  score  bias    exp  N  Sequence        Description
    ------- ------ -----    ------- ------ -----   ---- --  --------        -----------
    1.1e-37  128.0   0.0    1.3e-37  127.8   0.0    1.0  1  CP011300.1_3520  # 3579560 # 3580582 # 1 # ID=1_3520;partial=00;start_type=ATG;rbs_motif=None;rbs_spacer=None;gc_cont=0.675


Domain annotation for each sequence:
>> CP011300.1_3520  # 3579560 # 3580582 # 1 # ID=1_3520;partial=00;start_type=ATG;rbs_motif=None;rbs_spacer=None;gc_cont=0.675
   #    score  bias  c-Evalue  i-Evalue hmmfrom  hmm to    alifrom  ali to    envfrom  env to     acc
 ---   ------ ----- --------- --------- ------- -------    ------- -------    ------- -------    ----
   1 !  127.8   0.0   2.9e-41   1.3e-37       4     314 .]      22     334 ..      20     334 .. 0.95



Internal pipeline statistics summary:
-------------------------------------
Query model(s):                            1  (314 nodes)
Target sequences:                       4500  (1396018 residues searched)
Passed MSV filter:                       131  (0.0291111); expected 90.0 (0.02)
Passed bias filter:                      110  (0.0244444); expected 90.0 (0.02)
Passed Vit filter:                        13  (0.00288889); expected 4.5 (0.001)
Passed Fwd filter:                         3  (0.000666667); expected 0.0 (1e-05)
Initial search space (Z):               4500  [actual number of targets]
Domain search space  (domZ):               1  [number of targets reported over threshold]
# CPU time: 0.04u 0.00s 00:00:00.04 Elapsed: 00:00:00.03
# Mc/sec: 11855.33
//
Query:       TIGR01146  [M=286]
Accession:   TIGR01146
Description: ATPsyn_F1gamma: ATP synthase F1, gamma subunit
Scores for complete sequences (score includes all domains):
   --- full sequence ---   --- best 1 domain ---    -#dom-
    E-value  score  bias    E-value  score  bias    exp  N  Sequence        Description
    ------- ------ -----    ------- ------ -----   ---- --  --------        -----------
    1.4e-98  328.2   4.3    1.5e-98  328.1   4.3    1.0  1  CP011300.1_3403  # 3462409 # 3463284 # -1 # ID=1_3403;partial=00;start_type=ATG;rbs_motif=AGGAG/GGAGG;rbs_spacer=11-12bp;gc_cont=0.637
    2.8e-17   61.4   0.0    8.8e-17   59.7   0.0    1.6  1  CP011300.1_1712  # 1775291 # 1776103 # 1 # ID=1_1712;partial=00;start_type=ATG;rbs_motif=GGAG/GAGG;rbs_spacer=5-10bp;gc_cont=0.692


Domain annotation for each sequence:
>> CP011300.1_3403  # 3462409 # 3463284 # -1 # ID=1_3403;partial=00;start_type=ATG;rbs_motif=AGGAG/GGAGG;rbs_spacer=11-12bp;gc_cont=0.637
   #    score  bias  c-Evalue  i-Evalue hmmfrom  hmm to    alifrom  ali to    envfrom  env to     acc
 ---   ------ ----- --------- --------- ------- -------    ------- -------    ------- -------    ----
   1 !  328.1   4.3  6.7e-102   1.5e-98       1     286 []       1     291 [.       1     291 [. 0.96

>> CP011300.1_1712  # 1775291 # 1776103 # 1 # ID=1_1712;partial=00;start_type=ATG;rbs_motif=GGAG/GAGG;rbs_spacer=5-10bp;gc_cont=0.692
   #    score  bias  c-Evalue  i-Evalue hmmfrom  hmm to    alifrom  ali to    envfrom  env to     acc
 ---   ------ ----- --------- --------- ------- -------    ------- -------    ------- -------    ----
   1 !   59.7   0.0   3.9e-20   8.8e-17       6     279 ..       7     265 ..       4     267 .. 0.85



Internal pipeline statistics summary:
-------------------------------------
Query model(s):                            1  (286 nodes)
Target sequences:                       4500  (1396018 residues searched)
Passed MSV filter:                       103  (0.0228889); expected 90.0 (0.02)
Passed bias filter:                       74  (0.0164444); expected 90.0 (0.02)
Passed Vit filter:                         5  (0.00111111); expected 4.5 (0.001)
Passed Fwd filter:                         2  (0.000444444); expected 0.0 (1e-05)
Initial search space (Z):               4500  [actual number of targets]
Domain search space  (domZ):               2  [number of targets reported over threshold]
# CPU time: 0.04u 0.00s 00:00:00.04 Elapsed: 00:00:00.05
# Mc/sec: 7588.79
//
Query:       TIGR01164  [M=126]
Accession:   TIGR01164
Description: rplP_bact: ribosomal protein uL16
Scores for complete sequences (score includes all domains):
   --- full sequence ---   --- best 1 domain ---    -#dom-
    E-value  score  bias    E-value  score  bias    exp  N  Sequence        Description
    ------- ------ -----    ------- ------ -----   ---- --  --------        -----------
    1.7e-58  194.2   1.3    1.9e-58  194.0   1.3    1.0  1  CP011300.1_1917  # 1978410 # 1978823 # -1 # ID=1_1917;partial=00;start_type=ATG;rbs_motif=AGxAGG/AGGxGG;rbs_spacer=5-10bp;gc_cont=0.652


Domain annotation for each sequence:
>> CP011300.1_1917  # 1978410 # 1978823 # -1 # ID=1_1917;partial=00;start_type=ATG;rbs_motif=AGxAGG/AGGxGG;rbs_spacer=5-10bp;gc_cont=0.652
   #    score  bias  c-Evalue  i-Evalue hmmfrom  hmm to    alifrom  ali to    envfrom  env to     acc
 ---   ------ ----- --------- --------- ------- -------    ------- -------    ------- -------    ----
   1 !  194.0   1.3   4.3e-62   1.9e-58       1     126 []       2     127 ..       2     127 .. 0.99



Internal pipeline statistics summary:
-------------------------------------
Query model(s):                            1  (126 nodes)
Target sequences:                       4500  (1396018 residues searched)
Passed MSV filter:                        98  (0.0217778); expected 90.0 (0.02)
Passed bias filter:                       81  (0.018); expected 90.0 (0.02)
Passed Vit filter:                         7  (0.00155556); expected 4.5 (0.001)
Passed Fwd filter:                         1  (0.000222222); expected 0.0 (1e-05)
Initial search space (Z):               4500  [actual number of targets]
Domain search space  (domZ):               1  [number of targets reported over threshold]
# CPU time: 0.01u 0.00s 00:00:00.01 Elapsed: 00:00:00.02
# Mc/sec: 7613.98
//
Query:       TIGR01169  [M=227]
Accession:   TIGR01169
Description: rplA_bact: ribosomal protein uL1
Scores for complete sequences (score includes all domains):
   --- full sequence ---   --- best 1 domain ---    -#dom-
    E-value  score  bias    E-value  score  bias    exp  N  Sequence        Description
    ------- ------ -----    ------- ------ -----   ---- --  --------        -----------
    3.5e-99  328.7   2.8      4e-99  328.6   2.8    1.0  1  CP011300.1_1937  # 1999259 # 1999951 # -1 # ID=1_1937;partial=00;start_type=ATG;rbs_motif=GGAG/GAGG;rbs_spacer=5-10bp;gc_cont=0.651


Domain annotation for each sequence:
>> CP011300.1_1937  # 1999259 # 1999951 # -1 # ID=1_1937;partial=00;start_type=ATG;rbs_motif=GGAG/GAGG;rbs_spacer=5-10bp;gc_cont=0.651
   #    score  bias  c-Evalue  i-Evalue hmmfrom  hmm to    alifrom  ali to    envfrom  env to     acc
 ---   ------ ----- --------- --------- ------- -------    ------- -------    ------- -------    ----
   1 !  328.6   2.8  8.8e-103     4e-99       2     225 ..       4     227 ..       3     229 .. 0.99



Internal pipeline statistics summary:
-------------------------------------
Query model(s):                            1  (227 nodes)
Target sequences:                       4500  (1396018 residues searched)
Passed MSV filter:                       110  (0.0244444); expected 90.0 (0.02)
Passed bias filter:                       96  (0.0213333); expected 90.0 (0.02)
Passed Vit filter:                        12  (0.00266667); expected 4.5 (0.001)
Passed Fwd filter:                         1  (0.000222222); expected 0.0 (1e-05)
Initial search space (Z):               4500  [actual number of targets]
Domain search space  (domZ):               1  [number of targets reported over threshold]
# CPU time: 0.03u 0.00s 00:00:00.03 Elapsed: 00:00:00.02
# Mc/sec: 11127.63
//
Query:       TIGR01171  [M=275]
Accession:   TIGR01171
Description: rplB_bact: ribosomal protein uL2
Scores for complete sequences (score includes all domains):
   --- full sequence ---   --- best 1 domain ---    -#dom-
    E-value  score  bias    E-value  score  bias    exp  N  Sequence        Description
    ------- ------ -----    ------- ------ -----   ---- --  --------        -----------
   3.7e-121  401.7   5.7   4.3e-121  401.4   5.7    1.0  1  CP011300.1_1921  # 1980214 # 1981053 # -1 # ID=1_1921;partial=00;start_type=ATG;rbs_motif=GGA/GAG/AGG;rbs_spacer=5-10bp;gc_cont=0.635


Domain annotation for each sequence:
>> CP011300.1_1921  # 1980214 # 1981053 # -1 # ID=1_1921;partial=00;start_type=ATG;rbs_motif=GGA/GAG/AGG;rbs_spacer=5-10bp;gc_cont=0.635
   #    score  bias  c-Evalue  i-Evalue hmmfrom  hmm to    alifrom  ali to    envfrom  env to     acc
 ---   ------ ----- --------- --------- ------- -------    ------- -------    ------- -------    ----
   1 !  401.4   5.7  9.6e-125  4.3e-121       1     274 [.       3     274 ..       3     275 .. 0.98



Internal pipeline statistics summary:
-------------------------------------
Query model(s):                            1  (275 nodes)
Target sequences:                       4500  (1396018 residues searched)
Passed MSV filter:                        74  (0.0164444); expected 90.0 (0.02)
Passed bias filter:                       67  (0.0148889); expected 90.0 (0.02)
Passed Vit filter:                         3  (0.000666667); expected 4.5 (0.001)
Passed Fwd filter:                         1  (0.000222222); expected 0.0 (1e-05)
Initial search space (Z):               4500  [actual number of targets]
Domain search space  (domZ):               1  [number of targets reported over threshold]
# CPU time: 0.03u 0.00s 00:00:00.03 Elapsed: 00:00:00.04
# Mc/sec: 9242.31
//
Query:       TIGR01213  [M=387]
Accession:   TIGR01213
Description: pseudo_Pus10arc: tRNA pseudouridine(54/55) synthase
Scores for complete sequences (score includes all domains):
   --- full sequence ---   --- best 1 domain ---    -#dom-
    E-value  score  bias    E-value  score  bias    exp  N  Sequence Description
    ------- ------ -----    ------- ------ -----   ---- --  -------- -----------

   [No hits detected that satisfy reporting thresholds]


Domain annotation for each sequence:

   [No targets detected that satisfy reporting thresholds]


Internal pipeline statistics summary:
-------------------------------------
Query model(s):                            1  (387 nodes)
Target sequences:                       4500  (1396018 residues searched)
Passed MSV filter:                       116  (0.0257778); expected 90.0 (0.02)
Passed bias filter:                       93  (0.0206667); expected 90.0 (0.02)
Passed Vit filter:                         5  (0.00111111); expected 4.5 (0.001)
Passed Fwd filter:                         0  (0); expected 0.0 (1e-05)
Initial search space (Z):               4500  [actual number of targets]
Domain search space  (domZ):               0  [number of targets reported over threshold]
# CPU time: 0.04u 0.00s 00:00:00.04 Elapsed: 00:00:00.03
# Mc/sec: 13782.54
//
Query:       TIGR01302  [M=450]
Accession:   TIGR01302
Description: IMP_dehydrog: inosine-5'-monophosphate dehydrogenase
Scores for complete sequences (score includes all domains):
   --- full sequence ---   --- best 1 domain ---    -#dom-
    E-value  score  bias    E-value  score  bias    exp  N  Sequence       Description
    ------- ------ -----    ------- ------ -----   ---- --  --------       -----------
   1.1e-193  642.2   9.8   1.2e-193  642.0   9.8    1.0  1  CP011300.1_954  # 1015037 # 1016503 # 1 # ID=1_954;partial=00;start_type=ATG;rbs_motif=None;rbs_spacer=None;gc_cont=0.675


Domain annotation for each sequence:
>> CP011300.1_954  # 1015037 # 1016503 # 1 # ID=1_954;partial=00;start_type=ATG;rbs_motif=None;rbs_spacer=None;gc_cont=0.675
   #    score  bias  c-Evalue  i-Evalue hmmfrom  hmm to    alifrom  ali to    envfrom  env to     acc
 ---   ------ ----- --------- --------- ------- -------    ------- -------    ------- -------    ----
   1 !  642.0   9.8  2.7e-197  1.2e-193       1     449 [.       2     455 ..       2     456 .. 0.98



Internal pipeline statistics summary:
-------------------------------------
Query model(s):                            1  (450 nodes)
Target sequences:                       4500  (1396018 residues searched)
Passed MSV filter:                       196  (0.0435556); expected 90.0 (0.02)
Passed bias filter:                      145  (0.0322222); expected 90.0 (0.02)
Passed Vit filter:                        22  (0.00488889); expected 4.5 (0.001)
Passed Fwd filter:                        10  (0.00222222); expected 0.0 (1e-05)
Initial search space (Z):               4500  [actual number of targets]
Domain search space  (domZ):               1  [number of targets reported over threshold]
# CPU time: 0.07u 0.01s 00:00:00.08 Elapsed: 00:00:00.06
# Mc/sec: 9468.11
//
Query:       TIGR01391  [M=414]
Accession:   TIGR01391
Description: dnaG: DNA primase
Scores for complete sequences (score includes all domains):
   --- full sequence ---   --- best 1 domain ---    -#dom-
    E-value  score  bias    E-value  score  bias    exp  N  Sequence        Description
    ------- ------ -----    ------- ------ -----   ---- --  --------        -----------
   7.9e-124  411.6   0.0     1e-123  411.3   0.0    1.1  1  CP011300.1_2384  # 2434353 # 2436293 # -1 # ID=1_2384;partial=00;start_type=ATG;rbs_motif=None;rbs_spacer=None;gc_cont=0.661


Domain annotation for each sequence:
>> CP011300.1_2384  # 2434353 # 2436293 # -1 # ID=1_2384;partial=00;start_type=ATG;rbs_motif=None;rbs_spacer=None;gc_cont=0.661
   #    score  bias  c-Evalue  i-Evalue hmmfrom  hmm to    alifrom  ali to    envfrom  env to     acc
 ---   ------ ----- --------- --------- ------- -------    ------- -------    ------- -------    ----
   1 !  411.3   0.0  2.2e-127    1e-123       2     414 .]       3     422 ..       2     422 .. 0.96



Internal pipeline statistics summary:
-------------------------------------
Query model(s):                            1  (414 nodes)
Target sequences:                       4500  (1396018 residues searched)
Passed MSV filter:                       100  (0.0222222); expected 90.0 (0.02)
Passed bias filter:                       93  (0.0206667); expected 90.0 (0.02)
Passed Vit filter:                        12  (0.00266667); expected 4.5 (0.001)
Passed Fwd filter:                         3  (0.000666667); expected 0.0 (1e-05)
Initial search space (Z):               4500  [actual number of targets]
Domain search space  (domZ):               1  [number of targets reported over threshold]
# CPU time: 0.05u 0.00s 00:00:00.05 Elapsed: 00:00:00.07
# Mc/sec: 7607.25
//
Query:       TIGR01393  [M=595]
Accession:   TIGR01393
Description: lepA: elongation factor 4
Scores for complete sequences (score includes all domains):
   --- full sequence ---   --- best 1 domain ---    -#dom-
    E-value  score  bias    E-value  score  bias    exp  N  Sequence        Description
    ------- ------ -----    ------- ------ -----   ---- --  --------        -----------
   6.1e-296  980.5   0.0     7e-296  980.3   0.0    1.0  1  CP011300.1_4255  # 4322484 # 4324289 # -1 # ID=1_4255;partial=00;start_type=ATG;rbs_motif=None;rbs_spacer=None;gc_cont=0.636


Domain annotation for each sequence:
>> CP011300.1_4255  # 4322484 # 4324289 # -1 # ID=1_4255;partial=00;start_type=ATG;rbs_motif=None;rbs_spacer=None;gc_cont=0.636
   #    score  bias  c-Evalue  i-Evalue hmmfrom  hmm to    alifrom  ali to    envfrom  env to     acc
 ---   ------ ----- --------- --------- ------- -------    ------- -------    ------- -------    ----
   1 !  980.3   0.0  1.6e-299    7e-296       1     594 [.       6     598 ..       6     599 .. 1.00



Internal pipeline statistics summary:
-------------------------------------
Query model(s):                            1  (595 nodes)
Target sequences:                       4500  (1396018 residues searched)
Passed MSV filter:                        87  (0.0193333); expected 90.0 (0.02)
Passed bias filter:                       83  (0.0184444); expected 90.0 (0.02)
Passed Vit filter:                        16  (0.00355556); expected 4.5 (0.001)
Passed Fwd filter:                         9  (0.002); expected 0.0 (1e-05)
Initial search space (Z):               4500  [actual number of targets]
Domain search space  (domZ):               1  [number of targets reported over threshold]
# CPU time: 0.12u 0.00s 00:00:00.12 Elapsed: 00:00:00.12
# Mc/sec: 6742.59
//
Query:       TIGR01394  [M=594]
Accession:   TIGR01394
Description: TypA_BipA: GTP-binding protein TypA/BipA
Scores for complete sequences (score includes all domains):
   --- full sequence ---   --- best 1 domain ---    -#dom-
    E-value  score  bias    E-value  score  bias    exp  N  Sequence        Description
    ------- ------ -----    ------- ------ -----   ---- --  --------        -----------
     4e-273  905.0   0.4   4.5e-273  904.8   0.4    1.0  1  CP011300.1_3363  # 3415076 # 3416965 # 1 # ID=1_3363;partial=00;start_type=TTG;rbs_motif=AGGA;rbs_spacer=5-10bp;gc_cont=0.649


Domain annotation for each sequence:
>> CP011300.1_3363  # 3415076 # 3416965 # 1 # ID=1_3363;partial=00;start_type=TTG;rbs_motif=AGGA;rbs_spacer=5-10bp;gc_cont=0.649
   #    score  bias  c-Evalue  i-Evalue hmmfrom  hmm to    alifrom  ali to    envfrom  env to     acc
 ---   ------ ----- --------- --------- ------- -------    ------- -------    ------- -------    ----
   1 !  904.8   0.4    1e-276  4.5e-273       1     594 []      28     621 ..      28     621 .. 1.00



Internal pipeline statistics summary:
-------------------------------------
Query model(s):                            1  (594 nodes)
Target sequences:                       4500  (1396018 residues searched)
Passed MSV filter:                       102  (0.0226667); expected 90.0 (0.02)
Passed bias filter:                       85  (0.0188889); expected 90.0 (0.02)
Passed Vit filter:                        15  (0.00333333); expected 4.5 (0.001)
Passed Fwd filter:                         7  (0.00155556); expected 0.0 (1e-05)
Initial search space (Z):               4500  [actual number of targets]
Domain search space  (domZ):               1  [number of targets reported over threshold]
# CPU time: 0.10u 0.00s 00:00:00.10 Elapsed: 00:00:00.11
# Mc/sec: 7456.45
//
Query:       TIGR01510  [M=155]
Accession:   TIGR01510
Description: coaD_prev_kdtB: pantetheine-phosphate adenylyltransferase
Scores for complete sequences (score includes all domains):
   --- full sequence ---   --- best 1 domain ---    -#dom-
    E-value  score  bias    E-value  score  bias    exp  N  Sequence        Description
    ------- ------ -----    ------- ------ -----   ---- --  --------        -----------
    2.3e-52  175.1   0.0    2.5e-52  175.0   0.0    1.0  1  CP011300.1_1379  # 1444119 # 1444610 # -1 # ID=1_1379;partial=00;start_type=ATG;rbs_motif=AGxAGG/AGGxGG;rbs_spacer=5-10bp;gc_cont=0.612


Domain annotation for each sequence:
>> CP011300.1_1379  # 1444119 # 1444610 # -1 # ID=1_1379;partial=00;start_type=ATG;rbs_motif=AGxAGG/AGGxGG;rbs_spacer=5-10bp;gc_cont=0.612
   #    score  bias  c-Evalue  i-Evalue hmmfrom  hmm to    alifrom  ali to    envfrom  env to     acc
 ---   ------ ----- --------- --------- ------- -------    ------- -------    ------- -------    ----
   1 !  175.0   0.0   5.6e-56   2.5e-52       2     154 ..       6     163 ..       5     163 .. 0.98



Internal pipeline statistics summary:
-------------------------------------
Query model(s):                            1  (155 nodes)
Target sequences:                       4500  (1396018 residues searched)
Passed MSV filter:                        66  (0.0146667); expected 90.0 (0.02)
Passed bias filter:                       63  (0.014); expected 90.0 (0.02)
Passed Vit filter:                         6  (0.00133333); expected 4.5 (0.001)
Passed Fwd filter:                         2  (0.000444444); expected 0.0 (1e-05)
Initial search space (Z):               4500  [actual number of targets]
Domain search space  (domZ):               1  [number of targets reported over threshold]
# CPU time: 0.02u 0.01s 00:00:00.03 Elapsed: 00:00:00.03
# Mc/sec: 7052.42
//
Query:       TIGR01632  [M=140]
Accession:   TIGR01632
Description: L11_bact: ribosomal protein uL11
Scores for complete sequences (score includes all domains):
   --- full sequence ---   --- best 1 domain ---    -#dom-
    E-value  score  bias    E-value  score  bias    exp  N  Sequence        Description
    ------- ------ -----    ------- ------ -----   ---- --  --------        -----------
    7.5e-61  202.2   0.2    8.3e-61  202.0   0.2    1.0  1  CP011300.1_1938  # 1999957 # 2000385 # -1 # ID=1_1938;partial=00;start_type=ATG;rbs_motif=AGGA;rbs_spacer=5-10bp;gc_cont=0.604


Domain annotation for each sequence:
>> CP011300.1_1938  # 1999957 # 2000385 # -1 # ID=1_1938;partial=00;start_type=ATG;rbs_motif=AGGA;rbs_spacer=5-10bp;gc_cont=0.604
   #    score  bias  c-Evalue  i-Evalue hmmfrom  hmm to    alifrom  ali to    envfrom  env to     acc
 ---   ------ ----- --------- --------- ------- -------    ------- -------    ------- -------    ----
   1 !  202.0   0.2   1.9e-64   8.3e-61       1     139 [.       3     141 ..       3     142 .. 0.99



Internal pipeline statistics summary:
-------------------------------------
Query model(s):                            1  (140 nodes)
Target sequences:                       4500  (1396018 residues searched)
Passed MSV filter:                        97  (0.0215556); expected 90.0 (0.02)
Passed bias filter:                       85  (0.0188889); expected 90.0 (0.02)
Passed Vit filter:                         4  (0.000888889); expected 4.5 (0.001)
Passed Fwd filter:                         1  (0.000222222); expected 0.0 (1e-05)
Initial search space (Z):               4500  [actual number of targets]
Domain search space  (domZ):               1  [number of targets reported over threshold]
# CPU time: 0.02u 0.00s 00:00:00.02 Elapsed: 00:00:00.03
# Mc/sec: 5730.54
//
Query:       TIGR01951  [M=131]
Accession:   TIGR01951
Description: nusB: transcription antitermination factor NusB
Scores for complete sequences (score includes all domains):
   --- full sequence ---   --- best 1 domain ---    -#dom-
    E-value  score  bias    E-value  score  bias    exp  N  Sequence        Description
    ------- ------ -----    ------- ------ -----   ---- --  --------        -----------
    7.4e-40  134.2   0.1    8.3e-40  134.1   0.1    1.0  1  CP011300.1_1127  # 1183598 # 1184086 # 1 # ID=1_1127;partial=00;start_type=GTG;rbs_motif=AGGA;rbs_spacer=5-10bp;gc_cont=0.646


Domain annotation for each sequence:
>> CP011300.1_1127  # 1183598 # 1184086 # 1 # ID=1_1127;partial=00;start_type=GTG;rbs_motif=AGGA;rbs_spacer=5-10bp;gc_cont=0.646
   #    score  bias  c-Evalue  i-Evalue hmmfrom  hmm to    alifrom  ali to    envfrom  env to     acc
 ---   ------ ----- --------- --------- ------- -------    ------- -------    ------- -------    ----
   1 !  134.1   0.1   1.9e-43   8.3e-40       2     130 ..      18     156 ..      16     157 .. 0.93



Internal pipeline statistics summary:
-------------------------------------
Query model(s):                            1  (131 nodes)
Target sequences:                       4500  (1396018 residues searched)
Passed MSV filter:                       100  (0.0222222); expected 90.0 (0.02)
Passed bias filter:                       85  (0.0188889); expected 90.0 (0.02)
Passed Vit filter:                         9  (0.002); expected 4.5 (0.001)
Passed Fwd filter:                         2  (0.000444444); expected 0.0 (1e-05)
Initial search space (Z):               4500  [actual number of targets]
Domain search space  (domZ):               1  [number of targets reported over threshold]
# CPU time: 0.02u 0.00s 00:00:00.02 Elapsed: 00:00:00.02
# Mc/sec: 6322.95
//
Query:       TIGR01952  [M=141]
Accession:   TIGR01952
Description: nusA_arch: NusA family KH domain protein, archaeal
Scores for complete sequences (score includes all domains):
   --- full sequence ---   --- best 1 domain ---    -#dom-
    E-value  score  bias    E-value  score  bias    exp  N  Sequence Description
    ------- ------ -----    ------- ------ -----   ---- --  -------- -----------

   [No hits detected that satisfy reporting thresholds]


Domain annotation for each sequence:

   [No targets detected that satisfy reporting thresholds]


Internal pipeline statistics summary:
-------------------------------------
Query model(s):                            1  (141 nodes)
Target sequences:                       4500  (1396018 residues searched)
Passed MSV filter:                       121  (0.0268889); expected 90.0 (0.02)
Passed bias filter:                      105  (0.0233333); expected 90.0 (0.02)
Passed Vit filter:                        12  (0.00266667); expected 4.5 (0.001)
Passed Fwd filter:                         2  (0.000444444); expected 0.0 (1e-05)
Initial search space (Z):               4500  [actual number of targets]
Domain search space  (domZ):               0  [number of targets reported over threshold]
# CPU time: 0.03u 0.00s 00:00:00.03 Elapsed: 00:00:00.03
# Mc/sec: 5417.47
//
Query:       TIGR01953  [M=340]
Accession:   TIGR01953
Description: NusA: transcription termination factor NusA
Scores for complete sequences (score includes all domains):
   --- full sequence ---   --- best 1 domain ---    -#dom-
    E-value  score  bias    E-value  score  bias    exp  N  Sequence        Description
    ------- ------ -----    ------- ------ -----   ---- --  --------        -----------
   3.2e-134  445.2   3.1   4.4e-134  444.7   3.1    1.2  1  CP011300.1_3639  # 3696551 # 3698158 # 1 # ID=1_3639;partial=00;start_type=ATG;rbs_motif=AGGAG;rbs_spacer=5-10bp;gc_cont=0.641


Domain annotation for each sequence:
>> CP011300.1_3639  # 3696551 # 3698158 # 1 # ID=1_3639;partial=00;start_type=ATG;rbs_motif=AGGAG;rbs_spacer=5-10bp;gc_cont=0.641
   #    score  bias  c-Evalue  i-Evalue hmmfrom  hmm to    alifrom  ali to    envfrom  env to     acc
 ---   ------ ----- --------- --------- ------- -------    ------- -------    ------- -------    ----
   1 !  444.7   3.1  9.9e-138  4.4e-134       1     339 [.       9     346 ..       9     347 .. 0.99



Internal pipeline statistics summary:
-------------------------------------
Query model(s):                            1  (340 nodes)
Target sequences:                       4500  (1396018 residues searched)
Passed MSV filter:                        67  (0.0148889); expected 90.0 (0.02)
Passed bias filter:                       53  (0.0117778); expected 90.0 (0.02)
Passed Vit filter:                         5  (0.00111111); expected 4.5 (0.001)
Passed Fwd filter:                         1  (0.000222222); expected 0.0 (1e-05)
Initial search space (Z):               4500  [actual number of targets]
Domain search space  (domZ):               1  [number of targets reported over threshold]
# CPU time: 0.03u 0.00s 00:00:00.03 Elapsed: 00:00:00.03
# Mc/sec: 12952.00
//
Query:       TIGR02012  [M=321]
Accession:   TIGR02012
Description: tigrfam_recA: protein RecA
Scores for complete sequences (score includes all domains):
   --- full sequence ---   --- best 1 domain ---    -#dom-
    E-value  score  bias    E-value  score  bias    exp  N  Sequence        Description
    ------- ------ -----    ------- ------ -----   ---- --  --------        -----------
   2.9e-175  580.1   1.6   3.3e-175  579.9   1.6    1.0  1  CP011300.1_2065  # 2104377 # 2105453 # -1 # ID=1_2065;partial=00;start_type=ATG;rbs_motif=AGGAG;rbs_spacer=5-10bp;gc_cont=0.638


Domain annotation for each sequence:
>> CP011300.1_2065  # 2104377 # 2105453 # -1 # ID=1_2065;partial=00;start_type=ATG;rbs_motif=AGGAG;rbs_spacer=5-10bp;gc_cont=0.638
   #    score  bias  c-Evalue  i-Evalue hmmfrom  hmm to    alifrom  ali to    envfrom  env to     acc
 ---   ------ ----- --------- --------- ------- -------    ------- -------    ------- -------    ----
   1 !  579.9   1.6  7.4e-179  3.3e-175       1     321 []      14     334 ..      14     334 .. 1.00



Internal pipeline statistics summary:
-------------------------------------
Query model(s):                            1  (321 nodes)
Target sequences:                       4500  (1396018 residues searched)
Passed MSV filter:                       228  (0.0506667); expected 90.0 (0.02)
Passed bias filter:                      191  (0.0424444); expected 90.0 (0.02)
Passed Vit filter:                        42  (0.00933333); expected 4.5 (0.001)
Passed Fwd filter:                         5  (0.00111111); expected 0.0 (1e-05)
Initial search space (Z):               4500  [actual number of targets]
Domain search space  (domZ):               1  [number of targets reported over threshold]
# CPU time: 0.04u 0.00s 00:00:00.04 Elapsed: 00:00:00.04
# Mc/sec: 9691.68
//
Query:       TIGR02013  [M=1238]
Accession:   TIGR02013
Description: rpoB: DNA-directed RNA polymerase, beta subunit
Scores for complete sequences (score includes all domains):
   --- full sequence ---   --- best 1 domain ---    -#dom-
    E-value  score  bias    E-value  score  bias    exp  N  Sequence        Description
    ------- ------ -----    ------- ------ -----   ---- --  --------        -----------
          0 1951.3   4.9          0 1951.1   4.9    1.0  1  CP011300.1_1934  # 1993637 # 1997776 # -1 # ID=1_1934;partial=00;start_type=ATG;rbs_motif=AGGAG;rbs_spacer=5-10bp;gc_cont=0.619


Domain annotation for each sequence:
>> CP011300.1_1934  # 1993637 # 1997776 # -1 # ID=1_1934;partial=00;start_type=ATG;rbs_motif=AGGAG;rbs_spacer=5-10bp;gc_cont=0.619
   #    score  bias  c-Evalue  i-Evalue hmmfrom  hmm to    alifrom  ali to    envfrom  env to     acc
 ---   ------ ----- --------- --------- ------- -------    ------- -------    ------- -------    ----
   1 ! 1951.1   4.9         0         0       3    1238 .]      10    1356 ..       8    1356 .. 0.97



Internal pipeline statistics summary:
-------------------------------------
Query model(s):                            1  (1238 nodes)
Target sequences:                       4500  (1396018 residues searched)
Passed MSV filter:                       118  (0.0262222); expected 90.0 (0.02)
Passed bias filter:                       98  (0.0217778); expected 90.0 (0.02)
Passed Vit filter:                         6  (0.00133333); expected 4.5 (0.001)
Passed Fwd filter:                         1  (0.000222222); expected 0.0 (1e-05)
Initial search space (Z):               4500  [actual number of targets]
Domain search space  (domZ):               1  [number of targets reported over threshold]
# CPU time: 0.14u 0.02s 00:00:00.16 Elapsed: 00:00:00.15
# Mc/sec: 11008.22
//
Query:       TIGR02027  [M=298]
Accession:   TIGR02027
Description: rpoA: DNA-directed RNA polymerase, alpha subunit
Scores for complete sequences (score includes all domains):
   --- full sequence ---   --- best 1 domain ---    -#dom-
    E-value  score  bias    E-value  score  bias    exp  N  Sequence        Description
    ------- ------ -----    ------- ------ -----   ---- --  --------        -----------
   1.8e-117  389.8   0.0   2.1e-117  389.6   0.0    1.0  1  CP011300.1_1900  # 1969542 # 1970561 # -1 # ID=1_1900;partial=00;start_type=GTG;rbs_motif=AGGA;rbs_spacer=5-10bp;gc_cont=0.610


Domain annotation for each sequence:
>> CP011300.1_1900  # 1969542 # 1970561 # -1 # ID=1_1900;partial=00;start_type=GTG;rbs_motif=AGGA;rbs_spacer=5-10bp;gc_cont=0.610
   #    score  bias  c-Evalue  i-Evalue hmmfrom  hmm to    alifrom  ali to    envfrom  env to     acc
 ---   ------ ----- --------- --------- ------- -------    ------- -------    ------- -------    ----
   1 !  389.6   0.0  4.6e-121  2.1e-117       2     298 .]      28     319 ..      27     319 .. 0.97



Internal pipeline statistics summary:
-------------------------------------
Query model(s):                            1  (298 nodes)
Target sequences:                       4500  (1396018 residues searched)
Passed MSV filter:                        95  (0.0211111); expected 90.0 (0.02)
Passed bias filter:                       81  (0.018); expected 90.0 (0.02)
Passed Vit filter:                         6  (0.00133333); expected 4.5 (0.001)
Passed Fwd filter:                         1  (0.000222222); expected 0.0 (1e-05)
Initial search space (Z):               4500  [actual number of targets]
Domain search space  (domZ):               1  [number of targets reported over threshold]
# CPU time: 0.04u 0.00s 00:00:00.04 Elapsed: 00:00:00.02
# Mc/sec: 14430.98
//
Query:       TIGR02075  [M=233]
Accession:   TIGR02075
Description: pyrH_bact: UMP kinase
Scores for complete sequences (score includes all domains):
   --- full sequence ---   --- best 1 domain ---    -#dom-
    E-value  score  bias    E-value  score  bias    exp  N  Sequence        Description
    ------- ------ -----    ------- ------ -----   ---- --  --------        -----------
    7.1e-90  298.6   0.2    7.9e-90  298.5   0.2    1.0  1  CP011300.1_1193  # 1243578 # 1244291 # 1 # ID=1_1193;partial=00;start_type=GTG;rbs_motif=GGAG/GAGG;rbs_spacer=5-10bp;gc_cont=0.626


Domain annotation for each sequence:
>> CP011300.1_1193  # 1243578 # 1244291 # 1 # ID=1_1193;partial=00;start_type=GTG;rbs_motif=GGAG/GAGG;rbs_spacer=5-10bp;gc_cont=0.626
   #    score  bias  c-Evalue  i-Evalue hmmfrom  hmm to    alifrom  ali to    envfrom  env to     acc
 ---   ------ ----- --------- --------- ------- -------    ------- -------    ------- -------    ----
   1 !  298.5   0.2   1.8e-93   7.9e-90       1     232 [.       6     236 ..       6     237 .. 0.99



Internal pipeline statistics summary:
-------------------------------------
Query model(s):                            1  (233 nodes)
Target sequences:                       4500  (1396018 residues searched)
Passed MSV filter:                       147  (0.0326667); expected 90.0 (0.02)
Passed bias filter:                      126  (0.028); expected 90.0 (0.02)
Passed Vit filter:                        11  (0.00244444); expected 4.5 (0.001)
Passed Fwd filter:                         3  (0.000666667); expected 0.0 (1e-05)
Initial search space (Z):               4500  [actual number of targets]
Domain search space  (domZ):               1  [number of targets reported over threshold]
# CPU time: 0.04u 0.00s 00:00:00.04 Elapsed: 00:00:00.03
# Mc/sec: 10297.17
//
Query:       TIGR02191  [M=219]
Accession:   TIGR02191
Description: RNaseIII: ribonuclease III
Scores for complete sequences (score includes all domains):
   --- full sequence ---   --- best 1 domain ---    -#dom-
    E-value  score  bias    E-value  score  bias    exp  N  Sequence        Description
    ------- ------ -----    ------- ------ -----   ---- --  --------        -----------
    5.2e-70  233.3   0.0      6e-70  233.2   0.0    1.0  1  CP011300.1_1105  # 1164823 # 1165530 # 1 # ID=1_1105;partial=00;start_type=ATG;rbs_motif=None;rbs_spacer=None;gc_cont=0.643


Domain annotation for each sequence:
>> CP011300.1_1105  # 1164823 # 1165530 # 1 # ID=1_1105;partial=00;start_type=ATG;rbs_motif=None;rbs_spacer=None;gc_cont=0.643
   #    score  bias  c-Evalue  i-Evalue hmmfrom  hmm to    alifrom  ali to    envfrom  env to     acc
 ---   ------ ----- --------- --------- ------- -------    ------- -------    ------- -------    ----
   1 !  233.2   0.0   1.3e-73     6e-70       1     216 [.      11     225 ..      11     228 .. 0.95



Internal pipeline statistics summary:
-------------------------------------
Query model(s):                            1  (219 nodes)
Target sequences:                       4500  (1396018 residues searched)
Passed MSV filter:                        89  (0.0197778); expected 90.0 (0.02)
Passed bias filter:                       73  (0.0162222); expected 90.0 (0.02)
Passed Vit filter:                         6  (0.00133333); expected 4.5 (0.001)
Passed Fwd filter:                         1  (0.000222222); expected 0.0 (1e-05)
Initial search space (Z):               4500  [actual number of targets]
Domain search space  (domZ):               1  [number of targets reported over threshold]
# CPU time: 0.02u 0.00s 00:00:00.02 Elapsed: 00:00:00.04
# Mc/sec: 7083.36
//
Query:       TIGR02236  [M=311]
Accession:   TIGR02236
Description: recomb_radA: DNA repair and recombination protein RadA
Scores for complete sequences (score includes all domains):
   --- full sequence ---   --- best 1 domain ---    -#dom-
    E-value  score  bias    E-value  score  bias    exp  N  Sequence Description
    ------- ------ -----    ------- ------ -----   ---- --  -------- -----------

   [No hits detected that satisfy reporting thresholds]


Domain annotation for each sequence:

   [No targets detected that satisfy reporting thresholds]


Internal pipeline statistics summary:
-------------------------------------
Query model(s):                            1  (311 nodes)
Target sequences:                       4500  (1396018 residues searched)
Passed MSV filter:                       180  (0.04); expected 90.0 (0.02)
Passed bias filter:                      134  (0.0297778); expected 90.0 (0.02)
Passed Vit filter:                        17  (0.00377778); expected 4.5 (0.001)
Passed Fwd filter:                         3  (0.000666667); expected 0.0 (1e-05)
Initial search space (Z):               4500  [actual number of targets]
Domain search space  (domZ):               0  [number of targets reported over threshold]
# CPU time: 0.05u 0.00s 00:00:00.05 Elapsed: 00:00:00.04
# Mc/sec: 9654.24
//
Query:       TIGR02273  [M=166]
Accession:   TIGR02273
Description: 16S_RimM: 16S rRNA processing protein RimM
Scores for complete sequences (score includes all domains):
   --- full sequence ---   --- best 1 domain ---    -#dom-
    E-value  score  bias    E-value  score  bias    exp  N  Sequence        Description
    ------- ------ -----    ------- ------ -----   ---- --  --------        -----------
    9.4e-41  137.0   0.0    1.1e-40  136.8   0.0    1.0  1  CP011300.1_3277  # 3329432 # 3329983 # -1 # ID=1_3277;partial=00;start_type=ATG;rbs_motif=None;rbs_spacer=None;gc_cont=0.659


Domain annotation for each sequence:
>> CP011300.1_3277  # 3329432 # 3329983 # -1 # ID=1_3277;partial=00;start_type=ATG;rbs_motif=None;rbs_spacer=None;gc_cont=0.659
   #    score  bias  c-Evalue  i-Evalue hmmfrom  hmm to    alifrom  ali to    envfrom  env to     acc
 ---   ------ ----- --------- --------- ------- -------    ------- -------    ------- -------    ----
   1 !  136.8   0.0   2.3e-44   1.1e-40       2     163 ..      12     171 ..      11     174 .. 0.95



Internal pipeline statistics summary:
-------------------------------------
Query model(s):                            1  (166 nodes)
Target sequences:                       4500  (1396018 residues searched)
Passed MSV filter:                        56  (0.0124444); expected 90.0 (0.02)
Passed bias filter:                       55  (0.0122222); expected 90.0 (0.02)
Passed Vit filter:                         7  (0.00155556); expected 4.5 (0.001)
Passed Fwd filter:                         2  (0.000444444); expected 0.0 (1e-05)
Initial search space (Z):               4500  [actual number of targets]
Domain search space  (domZ):               1  [number of targets reported over threshold]
# CPU time: 0.03u 0.00s 00:00:00.03 Elapsed: 00:00:00.03
# Mc/sec: 6099.97
//
Query:       TIGR02338  [M=110]
Accession:   TIGR02338
Description: gimC_beta: prefoldin, beta subunit
Scores for complete sequences (score includes all domains):
   --- full sequence ---   --- best 1 domain ---    -#dom-
    E-value  score  bias    E-value  score  bias    exp  N  Sequence Description
    ------- ------ -----    ------- ------ -----   ---- --  -------- -----------

   [No hits detected that satisfy reporting thresholds]


Domain annotation for each sequence:

   [No targets detected that satisfy reporting thresholds]


Internal pipeline statistics summary:
-------------------------------------
Query model(s):                            1  (110 nodes)
Target sequences:                       4500  (1396018 residues searched)
Passed MSV filter:                       145  (0.0322222); expected 90.0 (0.02)
Passed bias filter:                       93  (0.0206667); expected 90.0 (0.02)
Passed Vit filter:                         8  (0.00177778); expected 4.5 (0.001)
Passed Fwd filter:                         1  (0.000222222); expected 0.0 (1e-05)
Initial search space (Z):               4500  [actual number of targets]
Domain search space  (domZ):               0  [number of targets reported over threshold]
# CPU time: 0.02u 0.00s 00:00:00.02 Elapsed: 00:00:00.03
# Mc/sec: 4605.61
//
Query:       TIGR02350  [M=596]
Accession:   TIGR02350
Description: prok_dnaK: chaperone protein DnaK
Scores for complete sequences (score includes all domains):
   --- full sequence ---   --- best 1 domain ---    -#dom-
    E-value  score  bias    E-value  score  bias    exp  N  Sequence        Description
    ------- ------ -----    ------- ------ -----   ---- --  --------        -----------
   1.1e-302 1002.8  17.8   1.2e-302 1002.6  17.8    1.0  1  CP011300.1_3559  # 3612044 # 3613951 # -1 # ID=1_3559;partial=00;start_type=ATG;rbs_motif=GGAG/GAGG;rbs_spacer=5-10bp;gc_cont=0.619


Domain annotation for each sequence:
>> CP011300.1_3559  # 3612044 # 3613951 # -1 # ID=1_3559;partial=00;start_type=ATG;rbs_motif=GGAG/GAGG;rbs_spacer=5-10bp;gc_cont=0.619
   #    score  bias  c-Evalue  i-Evalue hmmfrom  hmm to    alifrom  ali to    envfrom  env to     acc
 ---   ------ ----- --------- --------- ------- -------    ------- -------    ------- -------    ----
   1 ! 1002.6  17.8  2.7e-306  1.2e-302       1     596 []       3     599 ..       3     599 .. 0.99



Internal pipeline statistics summary:
-------------------------------------
Query model(s):                            1  (596 nodes)
Target sequences:                       4500  (1396018 residues searched)
Passed MSV filter:                       145  (0.0322222); expected 90.0 (0.02)
Passed bias filter:                       99  (0.022); expected 90.0 (0.02)
Passed Vit filter:                        12  (0.00266667); expected 4.5 (0.001)
Passed Fwd filter:                         2  (0.000444444); expected 0.0 (1e-05)
Initial search space (Z):               4500  [actual number of targets]
Domain search space  (domZ):               1  [number of targets reported over threshold]
# CPU time: 0.07u 0.00s 00:00:00.07 Elapsed: 00:00:00.07
# Mc/sec: 11470.70
//
Query:       TIGR02386  [M=1147]
Accession:   TIGR02386
Description: rpoC_TIGR: DNA-directed RNA polymerase, beta' subunit
Scores for complete sequences (score includes all domains):
   --- full sequence ---   --- best 1 domain ---    -#dom-
    E-value  score  bias    E-value  score  bias    exp  N  Sequence        Description
    ------- ------ -----    ------- ------ -----   ---- --  --------        -----------
          0 1793.0   0.1          0 1478.6   0.0    2.2  1  CP011300.1_1933  # 1989365 # 1993555 # -1 # ID=1_1933;partial=00;start_type=ATG;rbs_motif=AGGAG;rbs_spacer=5-10bp;gc_cont=0.624


Domain annotation for each sequence:
>> CP011300.1_1933  # 1989365 # 1993555 # -1 # ID=1_1933;partial=00;start_type=ATG;rbs_motif=AGGAG;rbs_spacer=5-10bp;gc_cont=0.624
   #    score  bias  c-Evalue  i-Evalue hmmfrom  hmm to    alifrom  ali to    envfrom  env to     acc
 ---   ------ ----- --------- --------- ------- -------    ------- -------    ------- -------    ----
   1 ! 1478.6   0.0         0         0       2     997 ..      23    1023 ..      22    1035 .. 0.96



Internal pipeline statistics summary:
-------------------------------------
Query model(s):                            1  (1147 nodes)
Target sequences:                       4500  (1396018 residues searched)
Passed MSV filter:                        76  (0.0168889); expected 90.0 (0.02)
Passed bias filter:                       62  (0.0137778); expected 90.0 (0.02)
Passed Vit filter:                         5  (0.00111111); expected 4.5 (0.001)
Passed Fwd filter:                         2  (0.000444444); expected 0.0 (1e-05)
Initial search space (Z):               4500  [actual number of targets]
Domain search space  (domZ):               1  [number of targets reported over threshold]
# CPU time: 0.12u 0.01s 00:00:00.13 Elapsed: 00:00:00.13
# Mc/sec: 11981.38
//
Query:       TIGR02389  [M=367]
Accession:   TIGR02389
Description: RNA_pol_rpoA2: DNA-directed RNA polymerase, subunit A''
Scores for complete sequences (score includes all domains):
   --- full sequence ---   --- best 1 domain ---    -#dom-
    E-value  score  bias    E-value  score  bias    exp  N  Sequence Description
    ------- ------ -----    ------- ------ -----   ---- --  -------- -----------

   [No hits detected that satisfy reporting thresholds]


Domain annotation for each sequence:

   [No targets detected that satisfy reporting thresholds]


Internal pipeline statistics summary:
-------------------------------------
Query model(s):                            1  (367 nodes)
Target sequences:                       4500  (1396018 residues searched)
Passed MSV filter:                       128  (0.0284444); expected 90.0 (0.02)
Passed bias filter:                      101  (0.0224444); expected 90.0 (0.02)
Passed Vit filter:                         9  (0.002); expected 4.5 (0.001)
Passed Fwd filter:                         1  (0.000222222); expected 0.0 (1e-05)
Initial search space (Z):               4500  [actual number of targets]
Domain search space  (domZ):               0  [number of targets reported over threshold]
# CPU time: 0.04u 0.00s 00:00:00.04 Elapsed: 00:00:00.05
# Mc/sec: 9574.87
//
Query:       TIGR02390  [M=867]
Accession:   TIGR02390
Description: RNA_pol_rpoA1: DNA-directed RNA polymerase subunit A'
Scores for complete sequences (score includes all domains):
   --- full sequence ---   --- best 1 domain ---    -#dom-
    E-value  score  bias    E-value  score  bias    exp  N  Sequence Description
    ------- ------ -----    ------- ------ -----   ---- --  -------- -----------

   [No hits detected that satisfy reporting thresholds]


Domain annotation for each sequence:

   [No targets detected that satisfy reporting thresholds]


Internal pipeline statistics summary:
-------------------------------------
Query model(s):                            1  (867 nodes)
Target sequences:                       4500  (1396018 residues searched)
Passed MSV filter:                        82  (0.0182222); expected 90.0 (0.02)
Passed bias filter:                       73  (0.0162222); expected 90.0 (0.02)
Passed Vit filter:                         9  (0.002); expected 4.5 (0.001)
Passed Fwd filter:                         1  (0.000222222); expected 0.0 (1e-05)
Initial search space (Z):               4500  [actual number of targets]
Domain search space  (domZ):               0  [number of targets reported over threshold]
# CPU time: 0.11u 0.01s 00:00:00.12 Elapsed: 00:00:00.12
# Mc/sec: 9885.97
//
Query:       TIGR02397  [M=355]
Accession:   TIGR02397
Description: dnaX_nterm: DNA polymerase III, subunit gamma and tau
Scores for complete sequences (score includes all domains):
   --- full sequence ---   --- best 1 domain ---    -#dom-
    E-value  score  bias    E-value  score  bias    exp  N  Sequence        Description
    ------- ------ -----    ------- ------ -----   ---- --  --------        -----------
   9.9e-107  355.2   0.0   1.2e-106  354.9   0.0    1.1  1  CP011300.1_4290  # 4361811 # 4363463 # -1 # ID=1_4290;partial=00;start_type=ATG;rbs_motif=GGA/GAG/AGG;rbs_spacer=5-10bp;gc_cont=0.661


Domain annotation for each sequence:
>> CP011300.1_4290  # 4361811 # 4363463 # -1 # ID=1_4290;partial=00;start_type=ATG;rbs_motif=GGA/GAG/AGG;rbs_spacer=5-10bp;gc_cont=0.661
   #    score  bias  c-Evalue  i-Evalue hmmfrom  hmm to    alifrom  ali to    envfrom  env to     acc
 ---   ------ ----- --------- --------- ------- -------    ------- -------    ------- -------    ----
   1 !  354.9   0.0  2.7e-110  1.2e-106      23     354 ..       2     339 ..       1     340 [. 0.97



Internal pipeline statistics summary:
-------------------------------------
Query model(s):                            1  (355 nodes)
Target sequences:                       4500  (1396018 residues searched)
Passed MSV filter:                       289  (0.0642222); expected 90.0 (0.02)
Passed bias filter:                      273  (0.0606667); expected 90.0 (0.02)
Passed Vit filter:                       122  (0.0271111); expected 4.5 (0.001)
Passed Fwd filter:                        10  (0.00222222); expected 0.0 (1e-05)
Initial search space (Z):               4500  [actual number of targets]
Domain search space  (domZ):               1  [number of targets reported over threshold]
# CPU time: 0.10u 0.00s 00:00:00.10 Elapsed: 00:00:00.12
# Mc/sec: 4003.19
//
Query:       TIGR02432  [M=189]
Accession:   TIGR02432
Description: lysidine_TilS_N: tRNA(Ile)-lysidine synthetase
Scores for complete sequences (score includes all domains):
   --- full sequence ---   --- best 1 domain ---    -#dom-
    E-value  score  bias    E-value  score  bias    exp  N  Sequence        Description
    ------- ------ -----    ------- ------ -----   ---- --  --------        -----------
    6.3e-43  144.9   0.0    8.5e-43  144.4   0.0    1.1  1  CP011300.1_2855  # 2910369 # 2911628 # -1 # ID=1_2855;partial=00;start_type=ATG;rbs_motif=AGGAG(G)/GGAGG;rbs_spacer=13-15bp;gc_cont=0.693


Domain annotation for each sequence:
>> CP011300.1_2855  # 2910369 # 2911628 # -1 # ID=1_2855;partial=00;start_type=ATG;rbs_motif=AGGAG(G)/GGAGG;rbs_spacer=13-15bp;gc_cont=0.693
   #    score  bias  c-Evalue  i-Evalue hmmfrom  hmm to    alifrom  ali to    envfrom  env to     acc
 ---   ------ ----- --------- --------- ------- -------    ------- -------    ------- -------    ----
   1 !  144.4   0.0   1.9e-46   8.5e-43       3     185 ..      24     203 ..      22     206 .. 0.95



Internal pipeline statistics summary:
-------------------------------------
Query model(s):                            1  (189 nodes)
Target sequences:                       4500  (1396018 residues searched)
Passed MSV filter:                        88  (0.0195556); expected 90.0 (0.02)
Passed bias filter:                       81  (0.018); expected 90.0 (0.02)
Passed Vit filter:                        14  (0.00311111); expected 4.5 (0.001)
Passed Fwd filter:                         5  (0.00111111); expected 0.0 (1e-05)
Initial search space (Z):               4500  [actual number of targets]
Domain search space  (domZ):               1  [number of targets reported over threshold]
# CPU time: 0.03u 0.00s 00:00:00.03 Elapsed: 00:00:00.03
# Mc/sec: 7510.53
//
Query:       TIGR02729  [M=329]
Accession:   TIGR02729
Description: Obg_CgtA: Obg family GTPase CgtA
Scores for complete sequences (score includes all domains):
   --- full sequence ---   --- best 1 domain ---    -#dom-
    E-value  score  bias    E-value  score  bias    exp  N  Sequence        Description
    ------- ------ -----    ------- ------ -----   ---- --  --------        -----------
   3.2e-136  451.6   1.5   3.6e-136  451.4   1.5    1.0  1  CP011300.1_3262  # 3315342 # 3316385 # 1 # ID=1_3262;partial=00;start_type=ATG;rbs_motif=GGA/GAG/AGG;rbs_spacer=5-10bp;gc_cont=0.635


Domain annotation for each sequence:
>> CP011300.1_3262  # 3315342 # 3316385 # 1 # ID=1_3262;partial=00;start_type=ATG;rbs_motif=GGA/GAG/AGG;rbs_spacer=5-10bp;gc_cont=0.635
   #    score  bias  c-Evalue  i-Evalue hmmfrom  hmm to    alifrom  ali to    envfrom  env to     acc
 ---   ------ ----- --------- --------- ------- -------    ------- -------    ------- -------    ----
   1 !  451.4   1.5    8e-140  3.6e-136       1     328 [.       3     326 ..       3     327 .. 0.99



Internal pipeline statistics summary:
-------------------------------------
Query model(s):                            1  (329 nodes)
Target sequences:                       4500  (1396018 residues searched)
Passed MSV filter:                       287  (0.0637778); expected 90.0 (0.02)
Passed bias filter:                      256  (0.0568889); expected 90.0 (0.02)
Passed Vit filter:                        80  (0.0177778); expected 4.5 (0.001)
Passed Fwd filter:                         8  (0.00177778); expected 0.0 (1e-05)
Initial search space (Z):               4500  [actual number of targets]
Domain search space  (domZ):               1  [number of targets reported over threshold]
# CPU time: 0.08u 0.00s 00:00:00.08 Elapsed: 00:00:00.09
# Mc/sec: 4979.83
//
Query:       TIGR03263  [M=180]
Accession:   TIGR03263
Description: guanyl_kin: guanylate kinase
Scores for complete sequences (score includes all domains):
   --- full sequence ---   --- best 1 domain ---    -#dom-
    E-value  score  bias    E-value  score  bias    exp  N  Sequence        Description
    ------- ------ -----    ------- ------ -----   ---- --  --------        -----------
    5.7e-68  226.0   0.0    6.7e-68  225.8   0.0    1.0  1  CP011300.1_1001  # 1056497 # 1057135 # 1 # ID=1_1001;partial=00;start_type=ATG;rbs_motif=GGAG/GAGG;rbs_spacer=5-10bp;gc_cont=0.621


Domain annotation for each sequence:
>> CP011300.1_1001  # 1056497 # 1057135 # 1 # ID=1_1001;partial=00;start_type=ATG;rbs_motif=GGAG/GAGG;rbs_spacer=5-10bp;gc_cont=0.621
   #    score  bias  c-Evalue  i-Evalue hmmfrom  hmm to    alifrom  ali to    envfrom  env to     acc
 ---   ------ ----- --------- --------- ------- -------    ------- -------    ------- -------    ----
   1 !  225.8   0.0   1.5e-71   6.7e-68       2     179 ..       8     186 ..       7     187 .. 0.98



Internal pipeline statistics summary:
-------------------------------------
Query model(s):                            1  (180 nodes)
Target sequences:                       4500  (1396018 residues searched)
Passed MSV filter:                       353  (0.0784444); expected 90.0 (0.02)
Passed bias filter:                      340  (0.0755556); expected 90.0 (0.02)
Passed Vit filter:                       181  (0.0402222); expected 4.5 (0.001)
Passed Fwd filter:                        38  (0.00844444); expected 0.0 (1e-05)
Initial search space (Z):               4500  [actual number of targets]
Domain search space  (domZ):               1  [number of targets reported over threshold]
# CPU time: 0.07u 0.00s 00:00:00.07 Elapsed: 00:00:00.08
# Mc/sec: 3057.46
//
Query:       TIGR03594  [M=432]
Accession:   TIGR03594
Description: GTPase_EngA: ribosome-associated GTPase EngA
Scores for complete sequences (score includes all domains):
   --- full sequence ---   --- best 1 domain ---    -#dom-
    E-value  score  bias    E-value  score  bias    exp  N  Sequence       Description
    ------- ------ -----    ------- ------ -----   ---- --  --------       -----------
     2e-163  542.3   0.0   2.4e-163  542.1   0.0    1.0  1  CP011300.1_968  # 1027395 # 1028825 # 1 # ID=1_968;partial=00;start_type=ATG;rbs_motif=GGAGG;rbs_spacer=3-4bp;gc_cont=0.660


Domain annotation for each sequence:
>> CP011300.1_968  # 1027395 # 1028825 # 1 # ID=1_968;partial=00;start_type=ATG;rbs_motif=GGAGG;rbs_spacer=3-4bp;gc_cont=0.660
   #    score  bias  c-Evalue  i-Evalue hmmfrom  hmm to    alifrom  ali to    envfrom  env to     acc
 ---   ------ ----- --------- --------- ------- -------    ------- -------    ------- -------    ----
   1 !  542.1   0.0  5.2e-167  2.4e-163       2     432 .]       4     466 ..       3     466 .. 0.95



Internal pipeline statistics summary:
-------------------------------------
Query model(s):                            1  (432 nodes)
Target sequences:                       4500  (1396018 residues searched)
Passed MSV filter:                       270  (0.06); expected 90.0 (0.02)
Passed bias filter:                      253  (0.0562222); expected 90.0 (0.02)
Passed Vit filter:                       106  (0.0235556); expected 4.5 (0.001)
Passed Fwd filter:                        22  (0.00488889); expected 0.0 (1e-05)
Initial search space (Z):               4500  [actual number of targets]
Domain search space  (domZ):               1  [number of targets reported over threshold]
# CPU time: 0.12u 0.00s 00:00:00.12 Elapsed: 00:00:00.13
# Mc/sec: 4484.41
//
Query:       TIGR03625  [M=202]
Accession:   TIGR03625
Description: L3_bact: 50S ribosomal protein uL3
Scores for complete sequences (score includes all domains):
   --- full sequence ---   --- best 1 domain ---    -#dom-
    E-value  score  bias    E-value  score  bias    exp  N  Sequence        Description
    ------- ------ -----    ------- ------ -----   ---- --  --------        -----------
    3.2e-83  276.5   9.7    3.7e-83  276.3   9.7    1.0  1  CP011300.1_1924  # 1981980 # 1982681 # -1 # ID=1_1924;partial=00;start_type=ATG;rbs_motif=GGA/GAG/AGG;rbs_spacer=5-10bp;gc_cont=0.647


Domain annotation for each sequence:
>> CP011300.1_1924  # 1981980 # 1982681 # -1 # ID=1_1924;partial=00;start_type=ATG;rbs_motif=GGA/GAG/AGG;rbs_spacer=5-10bp;gc_cont=0.647
   #    score  bias  c-Evalue  i-Evalue hmmfrom  hmm to    alifrom  ali to    envfrom  env to     acc
 ---   ------ ----- --------- --------- ------- -------    ------- -------    ------- -------    ----
   1 !  276.3   9.7   8.2e-87   3.7e-83       1     202 []       4     205 ..       4     205 .. 0.99



Internal pipeline statistics summary:
-------------------------------------
Query model(s):                            1  (202 nodes)
Target sequences:                       4500  (1396018 residues searched)
Passed MSV filter:                        82  (0.0182222); expected 90.0 (0.02)
Passed bias filter:                       71  (0.0157778); expected 90.0 (0.02)
Passed Vit filter:                         6  (0.00133333); expected 4.5 (0.001)
Passed Fwd filter:                         1  (0.000222222); expected 0.0 (1e-05)
Initial search space (Z):               4500  [actual number of targets]
Domain search space  (domZ):               1  [number of targets reported over threshold]
# CPU time: 0.03u 0.00s 00:00:00.03 Elapsed: 00:00:00.03
# Mc/sec: 8641.39
//
Query:       TIGR03626  [M=331]
Accession:   TIGR03626
Description: L3_arch: ribosomal protein uL3
Scores for complete sequences (score includes all domains):
   --- full sequence ---   --- best 1 domain ---    -#dom-
    E-value  score  bias    E-value  score  bias    exp  N  Sequence Description
    ------- ------ -----    ------- ------ -----   ---- --  -------- -----------

   [No hits detected that satisfy reporting thresholds]


Domain annotation for each sequence:

   [No targets detected that satisfy reporting thresholds]


Internal pipeline statistics summary:
-------------------------------------
Query model(s):                            1  (331 nodes)
Target sequences:                       4500  (1396018 residues searched)
Passed MSV filter:                        66  (0.0146667); expected 90.0 (0.02)
Passed bias filter:                       60  (0.0133333); expected 90.0 (0.02)
Passed Vit filter:                         5  (0.00111111); expected 4.5 (0.001)
Passed Fwd filter:                         1  (0.000222222); expected 0.0 (1e-05)
Initial search space (Z):               4500  [actual number of targets]
Domain search space  (domZ):               0  [number of targets reported over threshold]
# CPU time: 0.03u 0.01s 00:00:00.04 Elapsed: 00:00:00.06
# Mc/sec: 7497.79
//
Query:       TIGR03627  [M=130]
Accession:   TIGR03627
Description: uS9_arch: ribosomal protein uS9
Scores for complete sequences (score includes all domains):
   --- full sequence ---   --- best 1 domain ---    -#dom-
    E-value  score  bias    E-value  score  bias    exp  N  Sequence Description
    ------- ------ -----    ------- ------ -----   ---- --  -------- -----------

   [No hits detected that satisfy reporting thresholds]


Domain annotation for each sequence:

   [No targets detected that satisfy reporting thresholds]


Internal pipeline statistics summary:
-------------------------------------
Query model(s):                            1  (130 nodes)
Target sequences:                       4500  (1396018 residues searched)
Passed MSV filter:                       186  (0.0413333); expected 90.0 (0.02)
Passed bias filter:                      163  (0.0362222); expected 90.0 (0.02)
Passed Vit filter:                        13  (0.00288889); expected 4.5 (0.001)
Passed Fwd filter:                         1  (0.000222222); expected 0.0 (1e-05)
Initial search space (Z):               4500  [actual number of targets]
Domain search space  (domZ):               0  [number of targets reported over threshold]
# CPU time: 0.03u 0.00s 00:00:00.03 Elapsed: 00:00:00.03
# Mc/sec: 4763.35
//
Query:       TIGR03628  [M=117]
Accession:   TIGR03628
Description: arch_S11P: ribosomal protein uS11
Scores for complete sequences (score includes all domains):
   --- full sequence ---   --- best 1 domain ---    -#dom-
    E-value  score  bias    E-value  score  bias    exp  N  Sequence Description
    ------- ------ -----    ------- ------ -----   ---- --  -------- -----------

   [No hits detected that satisfy reporting thresholds]


Domain annotation for each sequence:

   [No targets detected that satisfy reporting thresholds]


Internal pipeline statistics summary:
-------------------------------------
Query model(s):                            1  (117 nodes)
Target sequences:                       4500  (1396018 residues searched)
Passed MSV filter:                       212  (0.0471111); expected 90.0 (0.02)
Passed bias filter:                      135  (0.03); expected 90.0 (0.02)
Passed Vit filter:                        10  (0.00222222); expected 4.5 (0.001)
Passed Fwd filter:                         1  (0.000222222); expected 0.0 (1e-05)
Initial search space (Z):               4500  [actual number of targets]
Domain search space  (domZ):               0  [number of targets reported over threshold]
# CPU time: 0.02u 0.00s 00:00:00.02 Elapsed: 00:00:00.03
# Mc/sec: 5380.16
//
Query:       TIGR03629  [M=144]
Accession:   TIGR03629
Description: uS13_arch: ribosomal protein uS13
Scores for complete sequences (score includes all domains):
   --- full sequence ---   --- best 1 domain ---    -#dom-
    E-value  score  bias    E-value  score  bias    exp  N  Sequence Description
    ------- ------ -----    ------- ------ -----   ---- --  -------- -----------

   [No hits detected that satisfy reporting thresholds]


Domain annotation for each sequence:

   [No targets detected that satisfy reporting thresholds]


Internal pipeline statistics summary:
-------------------------------------
Query model(s):                            1  (144 nodes)
Target sequences:                       4500  (1396018 residues searched)
Passed MSV filter:                       121  (0.0268889); expected 90.0 (0.02)
Passed bias filter:                      107  (0.0237778); expected 90.0 (0.02)
Passed Vit filter:                         8  (0.00177778); expected 4.5 (0.001)
Passed Fwd filter:                         1  (0.000222222); expected 0.0 (1e-05)
Initial search space (Z):               4500  [actual number of targets]
Domain search space  (domZ):               0  [number of targets reported over threshold]
# CPU time: 0.02u 0.00s 00:00:00.02 Elapsed: 00:00:00.02
# Mc/sec: 9648.16
//
Query:       TIGR03632  [M=117]
Accession:   TIGR03632
Description: uS11_bact: ribosomal protein uS11
Scores for complete sequences (score includes all domains):
   --- full sequence ---   --- best 1 domain ---    -#dom-
    E-value  score  bias    E-value  score  bias    exp  N  Sequence        Description
    ------- ------ -----    ------- ------ -----   ---- --  --------        -----------
    1.3e-59  197.7   1.6    1.6e-59  197.4   1.6    1.0  1  CP011300.1_1901  # 1970663 # 1971055 # -1 # ID=1_1901;partial=00;start_type=ATG;rbs_motif=GGAG/GAGG;rbs_spacer=5-10bp;gc_cont=0.616


Domain annotation for each sequence:
>> CP011300.1_1901  # 1970663 # 1971055 # -1 # ID=1_1901;partial=00;start_type=ATG;rbs_motif=GGAG/GAGG;rbs_spacer=5-10bp;gc_cont=0.616
   #    score  bias  c-Evalue  i-Evalue hmmfrom  hmm to    alifrom  ali to    envfrom  env to     acc
 ---   ------ ----- --------- --------- ------- -------    ------- -------    ------- -------    ----
   1 !  197.4   1.6   3.5e-63   1.6e-59       1     117 []      11     127 ..      11     127 .. 0.99



Internal pipeline statistics summary:
-------------------------------------
Query model(s):                            1  (117 nodes)
Target sequences:                       4500  (1396018 residues searched)
Passed MSV filter:                       185  (0.0411111); expected 90.0 (0.02)
Passed bias filter:                      155  (0.0344444); expected 90.0 (0.02)
Passed Vit filter:                        12  (0.00266667); expected 4.5 (0.001)
Passed Fwd filter:                         1  (0.000222222); expected 0.0 (1e-05)
Initial search space (Z):               4500  [actual number of targets]
Domain search space  (domZ):               1  [number of targets reported over threshold]
# CPU time: 0.02u 0.00s 00:00:00.02 Elapsed: 00:00:00.01
# Mc/sec: 8946.04
//
Query:       TIGR03654  [M=175]
Accession:   TIGR03654
Description: L6_bact: ribosomal protein uL6
Scores for complete sequences (score includes all domains):
   --- full sequence ---   --- best 1 domain ---    -#dom-
    E-value  score  bias    E-value  score  bias    exp  N  Sequence        Description
    ------- ------ -----    ------- ------ -----   ---- --  --------        -----------
    1.7e-72  240.8   2.9    1.9e-72  240.6   2.9    1.0  1  CP011300.1_1909  # 1975358 # 1975891 # -1 # ID=1_1909;partial=00;start_type=ATG;rbs_motif=GGA/GAG/AGG;rbs_spacer=5-10bp;gc_cont=0.609


Domain annotation for each sequence:
>> CP011300.1_1909  # 1975358 # 1975891 # -1 # ID=1_1909;partial=00;start_type=ATG;rbs_motif=GGA/GAG/AGG;rbs_spacer=5-10bp;gc_cont=0.609
   #    score  bias  c-Evalue  i-Evalue hmmfrom  hmm to    alifrom  ali to    envfrom  env to     acc
 ---   ------ ----- --------- --------- ------- -------    ------- -------    ------- -------    ----
   1 !  240.6   2.9   4.2e-76   1.9e-72       1     175 []       2     176 ..       2     176 .. 1.00



Internal pipeline statistics summary:
-------------------------------------
Query model(s):                            1  (175 nodes)
Target sequences:                       4500  (1396018 residues searched)
Passed MSV filter:                        94  (0.0208889); expected 90.0 (0.02)
Passed bias filter:                       85  (0.0188889); expected 90.0 (0.02)
Passed Vit filter:                         3  (0.000666667); expected 4.5 (0.001)
Passed Fwd filter:                         1  (0.000222222); expected 0.0 (1e-05)
Initial search space (Z):               4500  [actual number of targets]
Domain search space  (domZ):               1  [number of targets reported over threshold]
# CPU time: 0.02u 0.00s 00:00:00.02 Elapsed: 00:00:00.04
# Mc/sec: 5750.07
//
Query:       TIGR03670  [M=599]
Accession:   TIGR03670
Description: rpoB_arch: DNA-directed RNA polymerase subunit B
Scores for complete sequences (score includes all domains):
   --- full sequence ---   --- best 1 domain ---    -#dom-
    E-value  score  bias    E-value  score  bias    exp  N  Sequence Description
    ------- ------ -----    ------- ------ -----   ---- --  -------- -----------

   [No hits detected that satisfy reporting thresholds]


Domain annotation for each sequence:

   [No targets detected that satisfy reporting thresholds]


Internal pipeline statistics summary:
-------------------------------------
Query model(s):                            1  (599 nodes)
Target sequences:                       4500  (1396018 residues searched)
Passed MSV filter:                        84  (0.0186667); expected 90.0 (0.02)
Passed bias filter:                       80  (0.0177778); expected 90.0 (0.02)
Passed Vit filter:                         6  (0.00133333); expected 4.5 (0.001)
Passed Fwd filter:                         1  (0.000222222); expected 0.0 (1e-05)
Initial search space (Z):               4500  [actual number of targets]
Domain search space  (domZ):               0  [number of targets reported over threshold]
# CPU time: 0.05u 0.00s 00:00:00.05 Elapsed: 00:00:00.05
# Mc/sec: 14278.44
//
Query:       TIGR03671  [M=410]
Accession:   TIGR03671
Description: cca_archaeal: CCA-adding enzyme
Scores for complete sequences (score includes all domains):
   --- full sequence ---   --- best 1 domain ---    -#dom-
    E-value  score  bias    E-value  score  bias    exp  N  Sequence Description
    ------- ------ -----    ------- ------ -----   ---- --  -------- -----------

   [No hits detected that satisfy reporting thresholds]


Domain annotation for each sequence:

   [No targets detected that satisfy reporting thresholds]


Internal pipeline statistics summary:
-------------------------------------
Query model(s):                            1  (410 nodes)
Target sequences:                       4500  (1396018 residues searched)
Passed MSV filter:                        75  (0.0166667); expected 90.0 (0.02)
Passed bias filter:                       70  (0.0155556); expected 90.0 (0.02)
Passed Vit filter:                        10  (0.00222222); expected 4.5 (0.001)
Passed Fwd filter:                         0  (0); expected 0.0 (1e-05)
Initial search space (Z):               4500  [actual number of targets]
Domain search space  (domZ):               0  [number of targets reported over threshold]
# CPU time: 0.04u 0.00s 00:00:00.04 Elapsed: 00:00:00.04
# Mc/sec: 13464.96
//
Query:       TIGR03672  [M=251]
Accession:   TIGR03672
Description: rpl4p_arch: 50S ribosomal protein uL4
Scores for complete sequences (score includes all domains):
   --- full sequence ---   --- best 1 domain ---    -#dom-
    E-value  score  bias    E-value  score  bias    exp  N  Sequence Description
    ------- ------ -----    ------- ------ -----   ---- --  -------- -----------

   [No hits detected that satisfy reporting thresholds]


Domain annotation for each sequence:

   [No targets detected that satisfy reporting thresholds]


Internal pipeline statistics summary:
-------------------------------------
Query model(s):                            1  (251 nodes)
Target sequences:                       4500  (1396018 residues searched)
Passed MSV filter:                       113  (0.0251111); expected 90.0 (0.02)
Passed bias filter:                       67  (0.0148889); expected 90.0 (0.02)
Passed Vit filter:                         9  (0.002); expected 4.5 (0.001)
Passed Fwd filter:                         1  (0.000222222); expected 0.0 (1e-05)
Initial search space (Z):               4500  [actual number of targets]
Domain search space  (domZ):               0  [number of targets reported over threshold]
# CPU time: 0.04u 0.00s 00:00:00.04 Elapsed: 00:00:00.06
# Mc/sec: 5535.79
//
Query:       TIGR03673  [M=131]
Accession:   TIGR03673
Description: uL14_arch: 50S ribosomal protein uL14
Scores for complete sequences (score includes all domains):
   --- full sequence ---   --- best 1 domain ---    -#dom-
    E-value  score  bias    E-value  score  bias    exp  N  Sequence Description
    ------- ------ -----    ------- ------ -----   ---- --  -------- -----------

   [No hits detected that satisfy reporting thresholds]


Domain annotation for each sequence:

   [No targets detected that satisfy reporting thresholds]


Internal pipeline statistics summary:
-------------------------------------
Query model(s):                            1  (131 nodes)
Target sequences:                       4500  (1396018 residues searched)
Passed MSV filter:                       139  (0.0308889); expected 90.0 (0.02)
Passed bias filter:                       97  (0.0215556); expected 90.0 (0.02)
Passed Vit filter:                         5  (0.00111111); expected 4.5 (0.001)
Passed Fwd filter:                         1  (0.000222222); expected 0.0 (1e-05)
Initial search space (Z):               4500  [actual number of targets]
Domain search space  (domZ):               0  [number of targets reported over threshold]
# CPU time: 0.02u 0.00s 00:00:00.02 Elapsed: 00:00:00.02
# Mc/sec: 7758.98
//
Query:       TIGR03674  [M=338]
Accession:   TIGR03674
Description: fen_arch: flap structure-specific endonuclease
Scores for complete sequences (score includes all domains):
   --- full sequence ---   --- best 1 domain ---    -#dom-
    E-value  score  bias    E-value  score  bias    exp  N  Sequence Description
    ------- ------ -----    ------- ------ -----   ---- --  -------- -----------

   [No hits detected that satisfy reporting thresholds]


Domain annotation for each sequence:

   [No targets detected that satisfy reporting thresholds]


Internal pipeline statistics summary:
-------------------------------------
Query model(s):                            1  (338 nodes)
Target sequences:                       4500  (1396018 residues searched)
Passed MSV filter:                       112  (0.0248889); expected 90.0 (0.02)
Passed bias filter:                       90  (0.02); expected 90.0 (0.02)
Passed Vit filter:                         8  (0.00177778); expected 4.5 (0.001)
Passed Fwd filter:                         1  (0.000222222); expected 0.0 (1e-05)
Initial search space (Z):               4500  [actual number of targets]
Domain search space  (domZ):               0  [number of targets reported over threshold]
# CPU time: 0.04u 0.00s 00:00:00.04 Elapsed: 00:00:00.03
# Mc/sec: 12364.93
//
Query:       TIGR03676  [M=403]
Accession:   TIGR03676
Description: aRF1/eRF1: peptide chain release factor 1, archaeal and eukaryotic forms
Scores for complete sequences (score includes all domains):
   --- full sequence ---   --- best 1 domain ---    -#dom-
    E-value  score  bias    E-value  score  bias    exp  N  Sequence Description
    ------- ------ -----    ------- ------ -----   ---- --  -------- -----------

   [No hits detected that satisfy reporting thresholds]


Domain annotation for each sequence:

   [No targets detected that satisfy reporting thresholds]


Internal pipeline statistics summary:
-------------------------------------
Query model(s):                            1  (403 nodes)
Target sequences:                       4500  (1396018 residues searched)
Passed MSV filter:                       103  (0.0228889); expected 90.0 (0.02)
Passed bias filter:                       96  (0.0213333); expected 90.0 (0.02)
Passed Vit filter:                         5  (0.00111111); expected 4.5 (0.001)
Passed Fwd filter:                         0  (0); expected 0.0 (1e-05)
Initial search space (Z):               4500  [actual number of targets]
Domain search space  (domZ):               0  [number of targets reported over threshold]
# CPU time: 0.04u 0.00s 00:00:00.04 Elapsed: 00:00:00.04
# Mc/sec: 13577.94
//
Query:       TIGR03680  [M=407]
Accession:   TIGR03680
Description: eif2g_arch: translation initiation factor 2, gamma subunit
Scores for complete sequences (score includes all domains):
   --- full sequence ---   --- best 1 domain ---    -#dom-
    E-value  score  bias    E-value  score  bias    exp  N  Sequence Description
    ------- ------ -----    ------- ------ -----   ---- --  -------- -----------

   [No hits detected that satisfy reporting thresholds]


Domain annotation for each sequence:

   [No targets detected that satisfy reporting thresholds]


Internal pipeline statistics summary:
-------------------------------------
Query model(s):                            1  (407 nodes)
Target sequences:                       4500  (1396018 residues searched)
Passed MSV filter:                       153  (0.034); expected 90.0 (0.02)
Passed bias filter:                      132  (0.0293333); expected 90.0 (0.02)
Passed Vit filter:                        30  (0.00666667); expected 4.5 (0.001)
Passed Fwd filter:                        11  (0.00244444); expected 0.0 (1e-05)
Initial search space (Z):               4500  [actual number of targets]
Domain search space  (domZ):               0  [number of targets reported over threshold]
# CPU time: 0.10u 0.00s 00:00:00.10 Elapsed: 00:00:00.10
# Mc/sec: 5497.97
//
Query:       TIGR03723  [M=314]
Accession:   TIGR03723
Description: T6A_TsaD_YgjD: tRNA threonylcarbamoyl adenosine modification protein TsaD
Scores for complete sequences (score includes all domains):
   --- full sequence ---   --- best 1 domain ---    -#dom-
    E-value  score  bias    E-value  score  bias    exp  N  Sequence        Description
    ------- ------ -----    ------- ------ -----   ---- --  --------        -----------
   7.6e-121  401.0   0.1   8.6e-121  400.8   0.1    1.0  1  CP011300.1_3423  # 3487518 # 3488567 # 1 # ID=1_3423;partial=00;start_type=TTG;rbs_motif=GGA/GAG/AGG;rbs_spacer=5-10bp;gc_cont=0.703


Domain annotation for each sequence:
>> CP011300.1_3423  # 3487518 # 3488567 # 1 # ID=1_3423;partial=00;start_type=TTG;rbs_motif=GGA/GAG/AGG;rbs_spacer=5-10bp;gc_cont=0.703
   #    score  bias  c-Evalue  i-Evalue hmmfrom  hmm to    alifrom  ali to    envfrom  env to     acc
 ---   ------ ----- --------- --------- ------- -------    ------- -------    ------- -------    ----
   1 !  400.8   0.1  1.9e-124  8.6e-121       2     313 ..       1     320 [.       1     321 [. 0.96



Internal pipeline statistics summary:
-------------------------------------
Query model(s):                            1  (314 nodes)
Target sequences:                       4500  (1396018 residues searched)
Passed MSV filter:                       128  (0.0284444); expected 90.0 (0.02)
Passed bias filter:                       84  (0.0186667); expected 90.0 (0.02)
Passed Vit filter:                         5  (0.00111111); expected 4.5 (0.001)
Passed Fwd filter:                         3  (0.000666667); expected 0.0 (1e-05)
Initial search space (Z):               4500  [actual number of targets]
Domain search space  (domZ):               1  [number of targets reported over threshold]
# CPU time: 0.04u 0.00s 00:00:00.04 Elapsed: 00:00:00.05
# Mc/sec: 8750.01
//
Query:       TIGR03725  [M=212]
Accession:   TIGR03725
Description: T6A_YeaZ: tRNA threonylcarbamoyl adenosine modification protein YeaZ
Scores for complete sequences (score includes all domains):
   --- full sequence ---   --- best 1 domain ---    -#dom-
    E-value  score  bias    E-value  score  bias    exp  N  Sequence        Description
    ------- ------ -----    ------- ------ -----   ---- --  --------        -----------
    4.1e-41  139.3   0.6    4.7e-41  139.0   0.6    1.1  1  CP011300.1_3624  # 3677272 # 3677889 # -1 # ID=1_3624;partial=00;start_type=ATG;rbs_motif=4Base/6BMM;rbs_spacer=13-15bp;gc_cont=0.696


Domain annotation for each sequence:
>> CP011300.1_3624  # 3677272 # 3677889 # -1 # ID=1_3624;partial=00;start_type=ATG;rbs_motif=4Base/6BMM;rbs_spacer=13-15bp;gc_cont=0.696
   #    score  bias  c-Evalue  i-Evalue hmmfrom  hmm to    alifrom  ali to    envfrom  env to     acc
 ---   ------ ----- --------- --------- ------- -------    ------- -------    ------- -------    ----
   1 !  139.0   0.6   1.1e-44   4.7e-41       1     168 [.       8     171 ..       8     203 .. 0.78



Internal pipeline statistics summary:
-------------------------------------
Query model(s):                            1  (212 nodes)
Target sequences:                       4500  (1396018 residues searched)
Passed MSV filter:                       213  (0.0473333); expected 90.0 (0.02)
Passed bias filter:                      122  (0.0271111); expected 90.0 (0.02)
Passed Vit filter:                        12  (0.00266667); expected 4.5 (0.001)
Passed Fwd filter:                         2  (0.000444444); expected 0.0 (1e-05)
Initial search space (Z):               4500  [actual number of targets]
Domain search space  (domZ):               1  [number of targets reported over threshold]
# CPU time: 0.03u 0.00s 00:00:00.03 Elapsed: 00:00:00.03
# Mc/sec: 9428.03
//
Query:       TIGR03953  [M=188]
Accession:   TIGR03953
Description: rplD_bact: 50S ribosomal protein uL4
Scores for complete sequences (score includes all domains):
   --- full sequence ---   --- best 1 domain ---    -#dom-
    E-value  score  bias    E-value  score  bias    exp  N  Sequence        Description
    ------- ------ -----    ------- ------ -----   ---- --  --------        -----------
    4.9e-65  216.4   0.4    5.5e-65  216.2   0.4    1.0  1  CP011300.1_1923  # 1981360 # 1981980 # -1 # ID=1_1923;partial=00;start_type=ATG;rbs_motif=GGAG/GAGG;rbs_spacer=5-10bp;gc_cont=0.617


Domain annotation for each sequence:
>> CP011300.1_1923  # 1981360 # 1981980 # -1 # ID=1_1923;partial=00;start_type=ATG;rbs_motif=GGAG/GAGG;rbs_spacer=5-10bp;gc_cont=0.617
   #    score  bias  c-Evalue  i-Evalue hmmfrom  hmm to    alifrom  ali to    envfrom  env to     acc
 ---   ------ ----- --------- --------- ------- -------    ------- -------    ------- -------    ----
   1 !  216.2   0.4   1.2e-68   5.5e-65       1     187 [.      16     202 ..      16     203 .. 0.99



Internal pipeline statistics summary:
-------------------------------------
Query model(s):                            1  (188 nodes)
Target sequences:                       4500  (1396018 residues searched)
Passed MSV filter:                        84  (0.0186667); expected 90.0 (0.02)
Passed bias filter:                       73  (0.0162222); expected 90.0 (0.02)
Passed Vit filter:                         8  (0.00177778); expected 4.5 (0.001)
Passed Fwd filter:                         1  (0.000222222); expected 0.0 (1e-05)
Initial search space (Z):               4500  [actual number of targets]
Domain search space  (domZ):               1  [number of targets reported over threshold]
# CPU time: 0.03u 0.00s 00:00:00.03 Elapsed: 00:00:00.03
# Mc/sec: 8292.08
//
[ok]
