# hmmsearch :: search profile(s) against a sequence database
# HMMER 3.4 (Aug 2023); http://hmmer.org/
# Copyright (C) 2023 Howard Hughes Medical Institute.
# Freely distributed under the BSD open source license.
# - - - - - - - - - - - - - - - - - - - - - - - - - - - - - - - - - - - -
# query HMM file:                  /dgxb_home/se26plsc001/arvind/Devosia_BGC/data/databases/gtdbtk_r232/release232/markers/tigrfam/tigrfam.hmm
# target sequence database:        results/05_phylogeny/identify_all/identify/intermediate_results/marker_genes/query_GCF_977014175.1/query_GCF_977014175.1_protein.faa
# output directed to file:         results/05_phylogeny/identify_all/identify/intermediate_results/marker_genes/query_GCF_977014175.1/query_GCF_977014175.1_tigrfam.out
# per-seq hits tabular output:     results/05_phylogeny/identify_all/identify/intermediate_results/marker_genes/query_GCF_977014175.1/query_GCF_977014175.1_tigrfam.tsv
# show alignments in output:       no
# max ASCII text line length:      unlimited
# model-specific thresholding:     NC cutoffs
# number of worker threads:        1
# - - - - - - - - - - - - - - - - - - - - - - - - - - - - - - - - - - - -

Query:       TIGR00006  [M=310]
Accession:   TIGR00006
Description: TIGR00006: 16S rRNA (cytosine(1402)-N(4))-methyltransferase
Scores for complete sequences (score includes all domains):
   --- full sequence ---   --- best 1 domain ---    -#dom-
    E-value  score  bias    E-value  score  bias    exp  N  Sequence                  Description
    ------- ------ -----    ------- ------ -----   ---- --  --------                  -----------
    7.2e-81  270.1   0.0    8.5e-81  269.8   0.0    1.0  1  NZ_CDRNJH010000001.1_2459  # 2523826 # 2524827 # 1 # ID=1_2459;partial=00;start_type=ATG;rbs_motif=AGGA/GGAG/GAGG;rbs_spacer=11-12bp;gc_cont=0.636


Domain annotation for each sequence:
>> NZ_CDRNJH010000001.1_2459  # 2523826 # 2524827 # 1 # ID=1_2459;partial=00;start_type=ATG;rbs_motif=AGGA/GGAG/GAGG;rbs_spacer=11-12bp;gc_cont=0.636
   #    score  bias  c-Evalue  i-Evalue hmmfrom  hmm to    alifrom  ali to    envfrom  env to     acc
 ---   ------ ----- --------- --------- ------- -------    ------- -------    ------- -------    ----
   1 !  269.8   0.0   1.7e-84   8.5e-81       4     307 ..      13     309 ..      10     312 .. 0.94



Internal pipeline statistics summary:
-------------------------------------
Query model(s):                            1  (310 nodes)
Target sequences:                       4859  (1464560 residues searched)
Passed MSV filter:                       104  (0.0214036); expected 97.2 (0.02)
Passed bias filter:                       98  (0.0201688); expected 97.2 (0.02)
Passed Vit filter:                         9  (0.00185223); expected 4.9 (0.001)
Passed Fwd filter:                         2  (0.000411607); expected 0.0 (1e-05)
Initial search space (Z):               4859  [actual number of targets]
Domain search space  (domZ):               1  [number of targets reported over threshold]
# CPU time: 0.03u 0.00s 00:00:00.03 Elapsed: 00:00:00.03
# Mc/sec: 12933.83
//
Query:       TIGR00019  [M=361]
Accession:   TIGR00019
Description: prfA: peptide chain release factor 1
Scores for complete sequences (score includes all domains):
   --- full sequence ---   --- best 1 domain ---    -#dom-
    E-value  score  bias    E-value  score  bias    exp  N  Sequence                 Description
    ------- ------ -----    ------- ------ -----   ---- --  --------                 -----------
   1.4e-152  505.9   1.2   1.7e-152  505.6   1.2    1.0  1  NZ_CDRNJH010000001.1_915  # 907341 # 908417 # 1 # ID=1_915;partial=00;start_type=ATG;rbs_motif=GGA/GAG/AGG;rbs_spacer=11-12bp;gc_cont=0.611


Domain annotation for each sequence:
>> NZ_CDRNJH010000001.1_915  # 907341 # 908417 # 1 # ID=1_915;partial=00;start_type=ATG;rbs_motif=GGA/GAG/AGG;rbs_spacer=11-12bp;gc_cont=0.611
   #    score  bias  c-Evalue  i-Evalue hmmfrom  hmm to    alifrom  ali to    envfrom  env to     acc
 ---   ------ ----- --------- --------- ------- -------    ------- -------    ------- -------    ----
   1 !  505.6   1.2  3.5e-156  1.7e-152       8     359 ..       7     355 ..       4     357 .. 0.97



Internal pipeline statistics summary:
-------------------------------------
Query model(s):                            1  (361 nodes)
Target sequences:                       4859  (1464560 residues searched)
Passed MSV filter:                       117  (0.024079); expected 97.2 (0.02)
Passed bias filter:                       96  (0.0197572); expected 97.2 (0.02)
Passed Vit filter:                        10  (0.00205804); expected 4.9 (0.001)
Passed Fwd filter:                         3  (0.000617411); expected 0.0 (1e-05)
Initial search space (Z):               4859  [actual number of targets]
Domain search space  (domZ):               1  [number of targets reported over threshold]
# CPU time: 0.04u 0.01s 00:00:00.05 Elapsed: 00:00:00.04
# Mc/sec: 11484.86
//
Query:       TIGR00020  [M=365]
Accession:   TIGR00020
Description: prfB: peptide chain release factor 2
Scores for complete sequences (score includes all domains):
   --- full sequence ---   --- best 1 domain ---    -#dom-
    E-value  score  bias    E-value  score  bias    exp  N  Sequence                  Description
    ------- ------ -----    ------- ------ -----   ---- --  --------                  -----------
   1.2e-141  469.9   3.9   1.4e-141  469.8   3.9    1.0  1  NZ_CDRNJH010000001.1_2999  # 3030707 # 3031669 # 1 # ID=1_2999;partial=00;start_type=ATG;rbs_motif=None;rbs_spacer=None;gc_cont=0.615


Domain annotation for each sequence:
>> NZ_CDRNJH010000001.1_2999  # 3030707 # 3031669 # 1 # ID=1_2999;partial=00;start_type=ATG;rbs_motif=None;rbs_spacer=None;gc_cont=0.615
   #    score  bias  c-Evalue  i-Evalue hmmfrom  hmm to    alifrom  ali to    envfrom  env to     acc
 ---   ------ ----- --------- --------- ------- -------    ------- -------    ------- -------    ----
   1 !  469.8   3.9  2.9e-145  1.4e-141      57     363 ..       2     308 ..       1     310 [. 0.99



Internal pipeline statistics summary:
-------------------------------------
Query model(s):                            1  (365 nodes)
Target sequences:                       4859  (1464560 residues searched)
Passed MSV filter:                        88  (0.0181107); expected 97.2 (0.02)
Passed bias filter:                       75  (0.0154353); expected 97.2 (0.02)
Passed Vit filter:                        10  (0.00205804); expected 4.9 (0.001)
Passed Fwd filter:                         3  (0.000617411); expected 0.0 (1e-05)
Initial search space (Z):               4859  [actual number of targets]
Domain search space  (domZ):               1  [number of targets reported over threshold]
# CPU time: 0.04u 0.00s 00:00:00.04 Elapsed: 00:00:00.05
# Mc/sec: 9329.06
//
Query:       TIGR00029  [M=87]
Accession:   TIGR00029
Description: S20: ribosomal protein bS20
Scores for complete sequences (score includes all domains):
   --- full sequence ---   --- best 1 domain ---    -#dom-
    E-value  score  bias    E-value  score  bias    exp  N  Sequence                 Description
    ------- ------ -----    ------- ------ -----   ---- --  --------                 -----------
    5.9e-22   76.1   6.7    6.5e-22   76.0   6.7    1.0  1  NZ_CDRNJH010000001.1_402  # 407109 # 407375 # -1 # ID=1_402;partial=00;start_type=ATG;rbs_motif=GGAG/GAGG;rbs_spacer=5-10bp;gc_cont=0.610


Domain annotation for each sequence:
>> NZ_CDRNJH010000001.1_402  # 407109 # 407375 # -1 # ID=1_402;partial=00;start_type=ATG;rbs_motif=GGAG/GAGG;rbs_spacer=5-10bp;gc_cont=0.610
   #    score  bias  c-Evalue  i-Evalue hmmfrom  hmm to    alifrom  ali to    envfrom  env to     acc
 ---   ------ ----- --------- --------- ------- -------    ------- -------    ------- -------    ----
   1 !   76.0   6.7   1.3e-25   6.5e-22       1      86 [.       1      86 [.       1      87 [. 0.98



Internal pipeline statistics summary:
-------------------------------------
Query model(s):                            1  (87 nodes)
Target sequences:                       4859  (1464560 residues searched)
Passed MSV filter:                       117  (0.024079); expected 97.2 (0.02)
Passed bias filter:                       99  (0.0203746); expected 97.2 (0.02)
Passed Vit filter:                         7  (0.00144063); expected 4.9 (0.001)
Passed Fwd filter:                         1  (0.000205804); expected 0.0 (1e-05)
Initial search space (Z):               4859  [actual number of targets]
Domain search space  (domZ):               1  [number of targets reported over threshold]
# CPU time: 0.02u 0.00s 00:00:00.02 Elapsed: 00:00:00.01
# Mc/sec: 7401.50
//
Query:       TIGR00037  [M=130]
Accession:   TIGR00037
Description: eIF_5A: translation elongation factor IF5A
Scores for complete sequences (score includes all domains):
   --- full sequence ---   --- best 1 domain ---    -#dom-
    E-value  score  bias    E-value  score  bias    exp  N  Sequence Description
    ------- ------ -----    ------- ------ -----   ---- --  -------- -----------

   [No hits detected that satisfy reporting thresholds]


Domain annotation for each sequence:

   [No targets detected that satisfy reporting thresholds]


Internal pipeline statistics summary:
-------------------------------------
Query model(s):                            1  (130 nodes)
Target sequences:                       4859  (1464560 residues searched)
Passed MSV filter:                        70  (0.0144063); expected 97.2 (0.02)
Passed bias filter:                       63  (0.0129656); expected 97.2 (0.02)
Passed Vit filter:                         4  (0.000823215); expected 4.9 (0.001)
Passed Fwd filter:                         0  (0); expected 0.0 (1e-05)
Initial search space (Z):               4859  [actual number of targets]
Domain search space  (domZ):               0  [number of targets reported over threshold]
# CPU time: 0.02u 0.00s 00:00:00.02 Elapsed: 00:00:00.01
# Mc/sec: 9837.31
//
Query:       TIGR00043  [M=111]
Accession:   TIGR00043
Description: TIGR00043: rRNA maturation RNase YbeY
Scores for complete sequences (score includes all domains):
   --- full sequence ---   --- best 1 domain ---    -#dom-
    E-value  score  bias    E-value  score  bias    exp  N  Sequence                 Description
    ------- ------ -----    ------- ------ -----   ---- --  --------                 -----------
    1.5e-34  116.6   0.1    1.8e-34  116.3   0.1    1.1  1  NZ_CDRNJH010000001.1_539  # 544598 # 545077 # 1 # ID=1_539;partial=00;start_type=ATG;rbs_motif=4Base/6BMM;rbs_spacer=13-15bp;gc_cont=0.592


Domain annotation for each sequence:
>> NZ_CDRNJH010000001.1_539  # 544598 # 545077 # 1 # ID=1_539;partial=00;start_type=ATG;rbs_motif=4Base/6BMM;rbs_spacer=13-15bp;gc_cont=0.592
   #    score  bias  c-Evalue  i-Evalue hmmfrom  hmm to    alifrom  ali to    envfrom  env to     acc
 ---   ------ ----- --------- --------- ------- -------    ------- -------    ------- -------    ----
   1 !  116.3   0.1   3.7e-38   1.8e-34       2     110 ..      47     151 ..      46     152 .. 0.93



Internal pipeline statistics summary:
-------------------------------------
Query model(s):                            1  (111 nodes)
Target sequences:                       4859  (1464560 residues searched)
Passed MSV filter:                        65  (0.0133772); expected 97.2 (0.02)
Passed bias filter:                       62  (0.0127598); expected 97.2 (0.02)
Passed Vit filter:                         5  (0.00102902); expected 4.9 (0.001)
Passed Fwd filter:                         1  (0.000205804); expected 0.0 (1e-05)
Initial search space (Z):               4859  [actual number of targets]
Domain search space  (domZ):               1  [number of targets reported over threshold]
# CPU time: 0.02u 0.01s 00:00:00.03 Elapsed: 00:00:00.02
# Mc/sec: 6293.19
//
Query:       TIGR00054  [M=421]
Accession:   TIGR00054
Description: TIGR00054: RIP metalloprotease RseP
Scores for complete sequences (score includes all domains):
   --- full sequence ---   --- best 1 domain ---    -#dom-
    E-value  score  bias    E-value  score  bias    exp  N  Sequence                  Description
    ------- ------ -----    ------- ------ -----   ---- --  --------                  -----------
    3.3e-83  278.0   0.0    9.2e-52  174.4   0.0    2.0  2  NZ_CDRNJH010000001.1_3125  # 3159046 # 3160182 # -1 # ID=1_3125;partial=00;start_type=ATG;rbs_motif=GGA/GAG/AGG;rbs_spacer=5-10bp;gc_cont=0.583


Domain annotation for each sequence:
>> NZ_CDRNJH010000001.1_3125  # 3159046 # 3160182 # -1 # ID=1_3125;partial=00;start_type=ATG;rbs_motif=GGA/GAG/AGG;rbs_spacer=5-10bp;gc_cont=0.583
   #    score  bias  c-Evalue  i-Evalue hmmfrom  hmm to    alifrom  ali to    envfrom  env to     acc
 ---   ------ ----- --------- --------- ------- -------    ------- -------    ------- -------    ----
   1 !  103.8   0.0   5.1e-34   2.5e-30       7     131 ..      12     146 ..       3     149 .. 0.80
   2 !  174.4   0.0   1.9e-55   9.2e-52     200     416 ..     140     369 ..     135     371 .. 0.96



Internal pipeline statistics summary:
-------------------------------------
Query model(s):                            1  (421 nodes)
Target sequences:                       4859  (1464560 residues searched)
Passed MSV filter:                       134  (0.0275777); expected 97.2 (0.02)
Passed bias filter:                      100  (0.0205804); expected 97.2 (0.02)
Passed Vit filter:                        14  (0.00288125); expected 4.9 (0.001)
Passed Fwd filter:                         4  (0.000823215); expected 0.0 (1e-05)
Initial search space (Z):               4859  [actual number of targets]
Domain search space  (domZ):               1  [number of targets reported over threshold]
# CPU time: 0.06u 0.00s 00:00:00.06 Elapsed: 00:00:00.07
# Mc/sec: 8506.25
//
Query:       TIGR00059  [M=112]
Accession:   TIGR00059
Description: L17: ribosomal protein bL17
Scores for complete sequences (score includes all domains):
   --- full sequence ---   --- best 1 domain ---    -#dom-
    E-value  score  bias    E-value  score  bias    exp  N  Sequence                  Description
    ------- ------ -----    ------- ------ -----   ---- --  --------                  -----------
    1.1e-44  149.4   0.1    1.3e-44  149.1   0.1    1.0  1  NZ_CDRNJH010000001.1_3297  # 3330391 # 3330813 # -1 # ID=1_3297;partial=00;start_type=ATG;rbs_motif=AGGAG;rbs_spacer=5-10bp;gc_cont=0.624


Domain annotation for each sequence:
>> NZ_CDRNJH010000001.1_3297  # 3330391 # 3330813 # -1 # ID=1_3297;partial=00;start_type=ATG;rbs_motif=AGGAG;rbs_spacer=5-10bp;gc_cont=0.624
   #    score  bias  c-Evalue  i-Evalue hmmfrom  hmm to    alifrom  ali to    envfrom  env to     acc
 ---   ------ ----- --------- --------- ------- -------    ------- -------    ------- -------    ----
   1 !  149.1   0.1   2.8e-48   1.3e-44       2     112 .]       7     117 ..       6     117 .. 0.99



Internal pipeline statistics summary:
-------------------------------------
Query model(s):                            1  (112 nodes)
Target sequences:                       4859  (1464560 residues searched)
Passed MSV filter:                       104  (0.0214036); expected 97.2 (0.02)
Passed bias filter:                       82  (0.0168759); expected 97.2 (0.02)
Passed Vit filter:                         9  (0.00185223); expected 4.9 (0.001)
Passed Fwd filter:                         1  (0.000205804); expected 0.0 (1e-05)
Initial search space (Z):               4859  [actual number of targets]
Domain search space  (domZ):               1  [number of targets reported over threshold]
# CPU time: 0.02u 0.00s 00:00:00.02 Elapsed: 00:00:00.03
# Mc/sec: 4163.19
//
Query:       TIGR00061  [M=101]
Accession:   TIGR00061
Description: L21: ribosomal protein bL21
Scores for complete sequences (score includes all domains):
   --- full sequence ---   --- best 1 domain ---    -#dom-
    E-value  score  bias    E-value  score  bias    exp  N  Sequence                 Description
    ------- ------ -----    ------- ------ -----   ---- --  --------                 -----------
    8.5e-32  107.7   1.4    1.5e-31  106.9   1.4    1.4  1  NZ_CDRNJH010000001.1_778  # 759803 # 760357 # -1 # ID=1_778;partial=00;start_type=TTG;rbs_motif=GGA/GAG/AGG;rbs_spacer=5-10bp;gc_cont=0.600


Domain annotation for each sequence:
>> NZ_CDRNJH010000001.1_778  # 759803 # 760357 # -1 # ID=1_778;partial=00;start_type=TTG;rbs_motif=GGA/GAG/AGG;rbs_spacer=5-10bp;gc_cont=0.600
   #    score  bias  c-Evalue  i-Evalue hmmfrom  hmm to    alifrom  ali to    envfrom  env to     acc
 ---   ------ ----- --------- --------- ------- -------    ------- -------    ------- -------    ----
   1 !  106.9   1.4   3.1e-35   1.5e-31       1     100 [.      10     105 ..      10     106 .. 0.97



Internal pipeline statistics summary:
-------------------------------------
Query model(s):                            1  (101 nodes)
Target sequences:                       4859  (1464560 residues searched)
Passed MSV filter:                        48  (0.00987858); expected 97.2 (0.02)
Passed bias filter:                       45  (0.00926116); expected 97.2 (0.02)
Passed Vit filter:                         3  (0.000617411); expected 4.9 (0.001)
Passed Fwd filter:                         1  (0.000205804); expected 0.0 (1e-05)
Initial search space (Z):               4859  [actual number of targets]
Domain search space  (domZ):               1  [number of targets reported over threshold]
# CPU time: 0.01u 0.01s 00:00:00.02 Elapsed: 00:00:00.01
# Mc/sec: 8588.40
//
Query:       TIGR00064  [M=279]
Accession:   TIGR00064
Description: ftsY: signal recognition particle-docking protein FtsY
Scores for complete sequences (score includes all domains):
   --- full sequence ---   --- best 1 domain ---    -#dom-
    E-value  score  bias    E-value  score  bias    exp  N  Sequence                 Description
    ------- ------ -----    ------- ------ -----   ---- --  --------                 -----------
   8.8e-100  331.6   1.3      1e-99  331.4   1.3    1.0  1  NZ_CDRNJH010000001.1_733  # 715297 # 716490 # 1 # ID=1_733;partial=00;start_type=ATG;rbs_motif=AGGA;rbs_spacer=5-10bp;gc_cont=0.634


Domain annotation for each sequence:
>> NZ_CDRNJH010000001.1_733  # 715297 # 716490 # 1 # ID=1_733;partial=00;start_type=ATG;rbs_motif=AGGA;rbs_spacer=5-10bp;gc_cont=0.634
   #    score  bias  c-Evalue  i-Evalue hmmfrom  hmm to    alifrom  ali to    envfrom  env to     acc
 ---   ------ ----- --------- --------- ------- -------    ------- -------    ------- -------    ----
   1 !  331.4   1.3  2.1e-103     1e-99       3     278 ..     125     393 ..     123     394 .. 0.96



Internal pipeline statistics summary:
-------------------------------------
Query model(s):                            1  (279 nodes)
Target sequences:                       4859  (1464560 residues searched)
Passed MSV filter:                       238  (0.0489813); expected 97.2 (0.02)
Passed bias filter:                      197  (0.0405433); expected 97.2 (0.02)
Passed Vit filter:                        65  (0.0133772); expected 4.9 (0.001)
Passed Fwd filter:                        12  (0.00246964); expected 0.0 (1e-05)
Initial search space (Z):               4859  [actual number of targets]
Domain search space  (domZ):               1  [number of targets reported over threshold]
# CPU time: 0.06u 0.00s 00:00:00.06 Elapsed: 00:00:00.05
# Mc/sec: 7282.00
//
Query:       TIGR00065  [M=353]
Accession:   TIGR00065
Description: ftsZ: cell division protein FtsZ
Scores for complete sequences (score includes all domains):
   --- full sequence ---   --- best 1 domain ---    -#dom-
    E-value  score  bias    E-value  score  bias    exp  N  Sequence                  Description
    ------- ------ -----    ------- ------ -----   ---- --  --------                  -----------
   1.1e-122  407.8   4.3   1.5e-122  407.4   4.3    1.1  1  NZ_CDRNJH010000001.1_2481  # 2542975 # 2544642 # 1 # ID=1_2481;partial=00;start_type=ATG;rbs_motif=None;rbs_spacer=None;gc_cont=0.643


Domain annotation for each sequence:
>> NZ_CDRNJH010000001.1_2481  # 2542975 # 2544642 # 1 # ID=1_2481;partial=00;start_type=ATG;rbs_motif=None;rbs_spacer=None;gc_cont=0.643
   #    score  bias  c-Evalue  i-Evalue hmmfrom  hmm to    alifrom  ali to    envfrom  env to     acc
 ---   ------ ----- --------- --------- ------- -------    ------- -------    ------- -------    ----
   1 !  407.4   4.3    3e-126  1.5e-122      15     330 ..      13     325 ..       4     346 .. 0.96



Internal pipeline statistics summary:
-------------------------------------
Query model(s):                            1  (353 nodes)
Target sequences:                       4859  (1464560 residues searched)
Passed MSV filter:                       175  (0.0360156); expected 97.2 (0.02)
Passed bias filter:                      121  (0.0249022); expected 97.2 (0.02)
Passed Vit filter:                        13  (0.00267545); expected 4.9 (0.001)
Passed Fwd filter:                         1  (0.000205804); expected 0.0 (1e-05)
Initial search space (Z):               4859  [actual number of targets]
Domain search space  (domZ):               1  [number of targets reported over threshold]
# CPU time: 0.04u 0.01s 00:00:00.05 Elapsed: 00:00:00.05
# Mc/sec: 9686.71
//
Query:       TIGR00082  [M=115]
Accession:   TIGR00082
Description: rbfA: ribosome-binding factor A
Scores for complete sequences (score includes all domains):
   --- full sequence ---   --- best 1 domain ---    -#dom-
    E-value  score  bias    E-value  score  bias    exp  N  Sequence                 Description
    ------- ------ -----    ------- ------ -----   ---- --  --------                 -----------
    9.6e-16   56.4   0.0    1.2e-15   56.1   0.0    1.0  1  NZ_CDRNJH010000001.1_322  # 334786 # 335193 # -1 # ID=1_322;partial=00;start_type=ATG;rbs_motif=None;rbs_spacer=None;gc_cont=0.603


Domain annotation for each sequence:
>> NZ_CDRNJH010000001.1_322  # 334786 # 335193 # -1 # ID=1_322;partial=00;start_type=ATG;rbs_motif=None;rbs_spacer=None;gc_cont=0.603
   #    score  bias  c-Evalue  i-Evalue hmmfrom  hmm to    alifrom  ali to    envfrom  env to     acc
 ---   ------ ----- --------- --------- ------- -------    ------- -------    ------- -------    ----
   1 !   56.1   0.0   2.6e-19   1.2e-15       5     110 ..      12     119 ..       9     124 .. 0.92



Internal pipeline statistics summary:
-------------------------------------
Query model(s):                            1  (115 nodes)
Target sequences:                       4859  (1464560 residues searched)
Passed MSV filter:                        68  (0.0139946); expected 97.2 (0.02)
Passed bias filter:                       60  (0.0123482); expected 97.2 (0.02)
Passed Vit filter:                         6  (0.00123482); expected 4.9 (0.001)
Passed Fwd filter:                         1  (0.000205804); expected 0.0 (1e-05)
Initial search space (Z):               4859  [actual number of targets]
Domain search space  (domZ):               1  [number of targets reported over threshold]
# CPU time: 0.02u 0.00s 00:00:00.02 Elapsed: 00:00:00.02
# Mc/sec: 6547.03
//
Query:       TIGR00083  [M=290]
Accession:   TIGR00083
Description: ribF: riboflavin biosynthesis protein RibF
Scores for complete sequences (score includes all domains):
   --- full sequence ---   --- best 1 domain ---    -#dom-
    E-value  score  bias    E-value  score  bias    exp  N  Sequence                  Description
    ------- ------ -----    ------- ------ -----   ---- --  --------                  -----------
    3.8e-71  237.9   0.0    4.4e-71  237.7   0.0    1.0  1  NZ_CDRNJH010000001.1_4322  # 4398300 # 4399274 # -1 # ID=1_4322;partial=00;start_type=TTG;rbs_motif=None;rbs_spacer=None;gc_cont=0.645


Domain annotation for each sequence:
>> NZ_CDRNJH010000001.1_4322  # 4398300 # 4399274 # -1 # ID=1_4322;partial=00;start_type=TTG;rbs_motif=None;rbs_spacer=None;gc_cont=0.645
   #    score  bias  c-Evalue  i-Evalue hmmfrom  hmm to    alifrom  ali to    envfrom  env to     acc
 ---   ------ ----- --------- --------- ------- -------    ------- -------    ------- -------    ----
   1 !  237.7   0.0     9e-75   4.4e-71       2     288 ..      22     306 ..      21     308 .. 0.94



Internal pipeline statistics summary:
-------------------------------------
Query model(s):                            1  (290 nodes)
Target sequences:                       4859  (1464560 residues searched)
Passed MSV filter:                        83  (0.0170817); expected 97.2 (0.02)
Passed bias filter:                       79  (0.0162585); expected 97.2 (0.02)
Passed Vit filter:                         4  (0.000823215); expected 4.9 (0.001)
Passed Fwd filter:                         1  (0.000205804); expected 0.0 (1e-05)
Initial search space (Z):               4859  [actual number of targets]
Domain search space  (domZ):               1  [number of targets reported over threshold]
# CPU time: 0.04u 0.00s 00:00:00.04 Elapsed: 00:00:00.03
# Mc/sec: 13735.74
//
Query:       TIGR00084  [M=192]
Accession:   TIGR00084
Description: ruvA: Holliday junction DNA helicase RuvA
Scores for complete sequences (score includes all domains):
   --- full sequence ---   --- best 1 domain ---    -#dom-
    E-value  score  bias    E-value  score  bias    exp  N  Sequence                  Description
    ------- ------ -----    ------- ------ -----   ---- --  --------                  -----------
    5.3e-38  128.5   0.0    5.8e-38  128.4   0.0    1.0  1  NZ_CDRNJH010000001.1_1199  # 1190445 # 1191062 # 1 # ID=1_1199;partial=00;start_type=ATG;rbs_motif=GGAG/GAGG;rbs_spacer=5-10bp;gc_cont=0.631


Domain annotation for each sequence:
>> NZ_CDRNJH010000001.1_1199  # 1190445 # 1191062 # 1 # ID=1_1199;partial=00;start_type=ATG;rbs_motif=GGAG/GAGG;rbs_spacer=5-10bp;gc_cont=0.631
   #    score  bias  c-Evalue  i-Evalue hmmfrom  hmm to    alifrom  ali to    envfrom  env to     acc
 ---   ------ ----- --------- --------- ------- -------    ------- -------    ------- -------    ----
   1 !  128.4   0.0   1.2e-41   5.8e-38       1     188 [.       1     201 [.       1     205 [. 0.95



Internal pipeline statistics summary:
-------------------------------------
Query model(s):                            1  (192 nodes)
Target sequences:                       4859  (1464560 residues searched)
Passed MSV filter:                       120  (0.0246964); expected 97.2 (0.02)
Passed bias filter:                      113  (0.0232558); expected 97.2 (0.02)
Passed Vit filter:                         6  (0.00123482); expected 4.9 (0.001)
Passed Fwd filter:                         1  (0.000205804); expected 0.0 (1e-05)
Initial search space (Z):               4859  [actual number of targets]
Domain search space  (domZ):               1  [number of targets reported over threshold]
# CPU time: 0.02u 0.00s 00:00:00.02 Elapsed: 00:00:00.02
# Mc/sec: 11071.72
//
Query:       TIGR00086  [M=144]
Accession:   TIGR00086
Description: smpB: SsrA-binding protein
Scores for complete sequences (score includes all domains):
   --- full sequence ---   --- best 1 domain ---    -#dom-
    E-value  score  bias    E-value  score  bias    exp  N  Sequence                  Description
    ------- ------ -----    ------- ------ -----   ---- --  --------                  -----------
    6.8e-51  170.2   0.3      8e-51  170.0   0.3    1.0  1  NZ_CDRNJH010000001.1_3714  # 3772465 # 3772965 # -1 # ID=1_3714;partial=00;start_type=ATG;rbs_motif=GGA/GAG/AGG;rbs_spacer=5-10bp;gc_cont=0.585


Domain annotation for each sequence:
>> NZ_CDRNJH010000001.1_3714  # 3772465 # 3772965 # -1 # ID=1_3714;partial=00;start_type=ATG;rbs_motif=GGA/GAG/AGG;rbs_spacer=5-10bp;gc_cont=0.585
   #    score  bias  c-Evalue  i-Evalue hmmfrom  hmm to    alifrom  ali to    envfrom  env to     acc
 ---   ------ ----- --------- --------- ------- -------    ------- -------    ------- -------    ----
   1 !  170.0   0.3   1.6e-54     8e-51       2     144 .]      19     161 ..      18     161 .. 0.99



Internal pipeline statistics summary:
-------------------------------------
Query model(s):                            1  (144 nodes)
Target sequences:                       4859  (1464560 residues searched)
Passed MSV filter:                        60  (0.0123482); expected 97.2 (0.02)
Passed bias filter:                       55  (0.0113192); expected 97.2 (0.02)
Passed Vit filter:                         9  (0.00185223); expected 4.9 (0.001)
Passed Fwd filter:                         1  (0.000205804); expected 0.0 (1e-05)
Initial search space (Z):               4859  [actual number of targets]
Domain search space  (domZ):               1  [number of targets reported over threshold]
# CPU time: 0.02u 0.00s 00:00:00.02 Elapsed: 00:00:00.02
# Mc/sec: 9697.50
//
Query:       TIGR00088  [M=233]
Accession:   TIGR00088
Description: trmD: tRNA (guanine(37)-N(1))-methyltransferase
Scores for complete sequences (score includes all domains):
   --- full sequence ---   --- best 1 domain ---    -#dom-
    E-value  score  bias    E-value  score  bias    exp  N  Sequence                 Description
    ------- ------ -----    ------- ------ -----   ---- --  --------                 -----------
    1.7e-79  264.4   0.0      2e-79  264.2   0.0    1.0  1  NZ_CDRNJH010000001.1_633  # 629179 # 629859 # -1 # ID=1_633;partial=00;start_type=ATG;rbs_motif=GGA/GAG/AGG;rbs_spacer=11-12bp;gc_cont=0.620


Domain annotation for each sequence:
>> NZ_CDRNJH010000001.1_633  # 629179 # 629859 # -1 # ID=1_633;partial=00;start_type=ATG;rbs_motif=GGA/GAG/AGG;rbs_spacer=11-12bp;gc_cont=0.620
   #    score  bias  c-Evalue  i-Evalue hmmfrom  hmm to    alifrom  ali to    envfrom  env to     acc
 ---   ------ ----- --------- --------- ------- -------    ------- -------    ------- -------    ----
   1 !  264.2   0.0   4.1e-83     2e-79       4     223 ..       5     226 ..       2     226 .. 0.98



Internal pipeline statistics summary:
-------------------------------------
Query model(s):                            1  (233 nodes)
Target sequences:                       4859  (1464560 residues searched)
Passed MSV filter:                       114  (0.0234616); expected 97.2 (0.02)
Passed bias filter:                      110  (0.0226384); expected 97.2 (0.02)
Passed Vit filter:                         6  (0.00123482); expected 4.9 (0.001)
Passed Fwd filter:                         1  (0.000205804); expected 0.0 (1e-05)
Initial search space (Z):               4859  [actual number of targets]
Domain search space  (domZ):               1  [number of targets reported over threshold]
# CPU time: 0.04u 0.00s 00:00:00.04 Elapsed: 00:00:00.03
# Mc/sec: 9188.40
//
Query:       TIGR00090  [M=99]
Accession:   TIGR00090
Description: rsfS_iojap_ybeB: ribosome silencing factor
Scores for complete sequences (score includes all domains):
   --- full sequence ---   --- best 1 domain ---    -#dom-
    E-value  score  bias    E-value  score  bias    exp  N  Sequence                 Description
    ------- ------ -----    ------- ------ -----   ---- --  --------                 -----------
    2.5e-33  112.3   0.0    2.9e-33  112.1   0.0    1.0  1  NZ_CDRNJH010000001.1_769  # 753134 # 753526 # -1 # ID=1_769;partial=00;start_type=ATG;rbs_motif=GGA/GAG/AGG;rbs_spacer=5-10bp;gc_cont=0.611


Domain annotation for each sequence:
>> NZ_CDRNJH010000001.1_769  # 753134 # 753526 # -1 # ID=1_769;partial=00;start_type=ATG;rbs_motif=GGA/GAG/AGG;rbs_spacer=5-10bp;gc_cont=0.611
   #    score  bias  c-Evalue  i-Evalue hmmfrom  hmm to    alifrom  ali to    envfrom  env to     acc
 ---   ------ ----- --------- --------- ------- -------    ------- -------    ------- -------    ----
   1 !  112.1   0.0     6e-37   2.9e-33       2      99 .]      24     121 ..      23     121 .. 0.99



Internal pipeline statistics summary:
-------------------------------------
Query model(s):                            1  (99 nodes)
Target sequences:                       4859  (1464560 residues searched)
Passed MSV filter:                        75  (0.0154353); expected 97.2 (0.02)
Passed bias filter:                       70  (0.0144063); expected 97.2 (0.02)
Passed Vit filter:                         8  (0.00164643); expected 4.9 (0.001)
Passed Fwd filter:                         1  (0.000205804); expected 0.0 (1e-05)
Initial search space (Z):               4859  [actual number of targets]
Domain search space  (domZ):               1  [number of targets reported over threshold]
# CPU time: 0.02u 0.00s 00:00:00.02 Elapsed: 00:00:00.01
# Mc/sec: 7704.59
//
Query:       TIGR00092  [M=368]
Accession:   TIGR00092
Description: TIGR00092: GTP-binding protein YchF
Scores for complete sequences (score includes all domains):
   --- full sequence ---   --- best 1 domain ---    -#dom-
    E-value  score  bias    E-value  score  bias    exp  N  Sequence                  Description
    ------- ------ -----    ------- ------ -----   ---- --  --------                  -----------
   3.8e-145  481.7   0.0   4.2e-145  481.5   0.0    1.0  1  NZ_CDRNJH010000001.1_2210  # 2286466 # 2287638 # 1 # ID=1_2210;partial=00;start_type=GTG;rbs_motif=GGA/GAG/AGG;rbs_spacer=5-10bp;gc_cont=0.592


Domain annotation for each sequence:
>> NZ_CDRNJH010000001.1_2210  # 2286466 # 2287638 # 1 # ID=1_2210;partial=00;start_type=GTG;rbs_motif=GGA/GAG/AGG;rbs_spacer=5-10bp;gc_cont=0.592
   #    score  bias  c-Evalue  i-Evalue hmmfrom  hmm to    alifrom  ali to    envfrom  env to     acc
 ---   ------ ----- --------- --------- ------- -------    ------- -------    ------- -------    ----
   1 !  481.5   0.0  8.7e-149  4.2e-145       1     367 [.      26     389 ..      26     390 .. 0.97



Internal pipeline statistics summary:
-------------------------------------
Query model(s):                            1  (368 nodes)
Target sequences:                       4859  (1464560 residues searched)
Passed MSV filter:                       185  (0.0380737); expected 97.2 (0.02)
Passed bias filter:                      175  (0.0360156); expected 97.2 (0.02)
Passed Vit filter:                        29  (0.00596831); expected 4.9 (0.001)
Passed Fwd filter:                         4  (0.000823215); expected 0.0 (1e-05)
Initial search space (Z):               4859  [actual number of targets]
Domain search space  (domZ):               1  [number of targets reported over threshold]
# CPU time: 0.05u 0.00s 00:00:00.05 Elapsed: 00:00:00.06
# Mc/sec: 8784.99
//
Query:       TIGR00095  [M=194]
Accession:   TIGR00095
Description: TIGR00095: 16S rRNA (guanine(966)-N(2))-methyltransferase RsmD
Scores for complete sequences (score includes all domains):
   --- full sequence ---   --- best 1 domain ---    -#dom-
    E-value  score  bias    E-value  score  bias    exp  N  Sequence                  Description
    ------- ------ -----    ------- ------ -----   ---- --  --------                  -----------
      7e-43  144.6   0.0    8.2e-43  144.4   0.0    1.0  1  NZ_CDRNJH010000001.1_4313  # 4388630 # 4389196 # -1 # ID=1_4313;partial=00;start_type=ATG;rbs_motif=None;rbs_spacer=None;gc_cont=0.653


Domain annotation for each sequence:
>> NZ_CDRNJH010000001.1_4313  # 4388630 # 4389196 # -1 # ID=1_4313;partial=00;start_type=ATG;rbs_motif=None;rbs_spacer=None;gc_cont=0.653
   #    score  bias  c-Evalue  i-Evalue hmmfrom  hmm to    alifrom  ali to    envfrom  env to     acc
 ---   ------ ----- --------- --------- ------- -------    ------- -------    ------- -------    ----
   1 !  144.4   0.0   1.7e-46   8.2e-43      13     191 ..       2     181 ..       1     183 [. 0.90



Internal pipeline statistics summary:
-------------------------------------
Query model(s):                            1  (194 nodes)
Target sequences:                       4859  (1464560 residues searched)
Passed MSV filter:                        99  (0.0203746); expected 97.2 (0.02)
Passed bias filter:                       97  (0.019963); expected 97.2 (0.02)
Passed Vit filter:                        17  (0.00349866); expected 4.9 (0.001)
Passed Fwd filter:                         4  (0.000823215); expected 0.0 (1e-05)
Initial search space (Z):               4859  [actual number of targets]
Domain search space  (domZ):               1  [number of targets reported over threshold]
# CPU time: 0.03u 0.01s 00:00:00.04 Elapsed: 00:00:00.04
# Mc/sec: 6361.16
//
Query:       TIGR00111  [M=351]
Accession:   TIGR00111
Description: pelota: mRNA surveillance protein pelota
Scores for complete sequences (score includes all domains):
   --- full sequence ---   --- best 1 domain ---    -#dom-
    E-value  score  bias    E-value  score  bias    exp  N  Sequence Description
    ------- ------ -----    ------- ------ -----   ---- --  -------- -----------

   [No hits detected that satisfy reporting thresholds]


Domain annotation for each sequence:

   [No targets detected that satisfy reporting thresholds]


Internal pipeline statistics summary:
-------------------------------------
Query model(s):                            1  (351 nodes)
Target sequences:                       4859  (1464560 residues searched)
Passed MSV filter:                       116  (0.0238732); expected 97.2 (0.02)
Passed bias filter:                      107  (0.022021); expected 97.2 (0.02)
Passed Vit filter:                         6  (0.00123482); expected 4.9 (0.001)
Passed Fwd filter:                         0  (0); expected 0.0 (1e-05)
Initial search space (Z):               4859  [actual number of targets]
Domain search space  (domZ):               0  [number of targets reported over threshold]
# CPU time: 0.04u 0.00s 00:00:00.04 Elapsed: 00:00:00.04
# Mc/sec: 10884.89
//
Query:       TIGR00115  [M=410]
Accession:   TIGR00115
Description: tig: trigger factor
Scores for complete sequences (score includes all domains):
   --- full sequence ---   --- best 1 domain ---    -#dom-
    E-value  score  bias    E-value  score  bias    exp  N  Sequence                  Description
    ------- ------ -----    ------- ------ -----   ---- --  --------                  -----------
   1.8e-118  394.0   7.3   2.5e-118  393.5   7.3    1.2  1  NZ_CDRNJH010000001.1_3179  # 3218050 # 3219429 # 1 # ID=1_3179;partial=00;start_type=ATG;rbs_motif=GGA/GAG/AGG;rbs_spacer=5-10bp;gc_cont=0.614


Domain annotation for each sequence:
>> NZ_CDRNJH010000001.1_3179  # 3218050 # 3219429 # 1 # ID=1_3179;partial=00;start_type=ATG;rbs_motif=GGA/GAG/AGG;rbs_spacer=5-10bp;gc_cont=0.614
   #    score  bias  c-Evalue  i-Evalue hmmfrom  hmm to    alifrom  ali to    envfrom  env to     acc
 ---   ------ ----- --------- --------- ------- -------    ------- -------    ------- -------    ----
   1 !  393.5   7.3  5.1e-122  2.5e-118       1     409 [.      11     426 ..      11     427 .. 0.99



Internal pipeline statistics summary:
-------------------------------------
Query model(s):                            1  (410 nodes)
Target sequences:                       4859  (1464560 residues searched)
Passed MSV filter:                       127  (0.0261371); expected 97.2 (0.02)
Passed bias filter:                      101  (0.0207862); expected 97.2 (0.02)
Passed Vit filter:                        11  (0.00226384); expected 4.9 (0.001)
Passed Fwd filter:                         1  (0.000205804); expected 0.0 (1e-05)
Initial search space (Z):               4859  [actual number of targets]
Domain search space  (domZ):               1  [number of targets reported over threshold]
# CPU time: 0.04u 0.00s 00:00:00.04 Elapsed: 00:00:00.06
# Mc/sec: 9948.21
//
Query:       TIGR00116  [M=293]
Accession:   TIGR00116
Description: tsf: translation elongation factor Ts
Scores for complete sequences (score includes all domains):
   --- full sequence ---   --- best 1 domain ---    -#dom-
    E-value  score  bias    E-value  score  bias    exp  N  Sequence                  Description
    ------- ------ -----    ------- ------ -----   ---- --  --------                  -----------
    5.2e-90  299.6   6.8    6.1e-90  299.4   6.8    1.0  1  NZ_CDRNJH010000001.1_3130  # 3163430 # 3164359 # -1 # ID=1_3130;partial=00;start_type=ATG;rbs_motif=GGA/GAG/AGG;rbs_spacer=5-10bp;gc_cont=0.606


Domain annotation for each sequence:
>> NZ_CDRNJH010000001.1_3130  # 3163430 # 3164359 # -1 # ID=1_3130;partial=00;start_type=ATG;rbs_motif=GGA/GAG/AGG;rbs_spacer=5-10bp;gc_cont=0.606
   #    score  bias  c-Evalue  i-Evalue hmmfrom  hmm to    alifrom  ali to    envfrom  env to     acc
 ---   ------ ----- --------- --------- ------- -------    ------- -------    ------- -------    ----
   1 !  299.4   6.8   1.3e-93   6.1e-90       2     290 ..       1     304 [.       1     307 [. 0.92



Internal pipeline statistics summary:
-------------------------------------
Query model(s):                            1  (293 nodes)
Target sequences:                       4859  (1464560 residues searched)
Passed MSV filter:                       110  (0.0226384); expected 97.2 (0.02)
Passed bias filter:                       88  (0.0181107); expected 97.2 (0.02)
Passed Vit filter:                        10  (0.00205804); expected 4.9 (0.001)
Passed Fwd filter:                         1  (0.000205804); expected 0.0 (1e-05)
Initial search space (Z):               4859  [actual number of targets]
Domain search space  (domZ):               1  [number of targets reported over threshold]
# CPU time: 0.03u 0.01s 00:00:00.04 Elapsed: 00:00:00.05
# Mc/sec: 7914.63
//
Query:       TIGR00134  [M=622]
Accession:   TIGR00134
Description: gatE_arch: glutamyl-tRNA(Gln) amidotransferase, subunit E
Scores for complete sequences (score includes all domains):
   --- full sequence ---   --- best 1 domain ---    -#dom-
    E-value  score  bias    E-value  score  bias    exp  N  Sequence Description
    ------- ------ -----    ------- ------ -----   ---- --  -------- -----------

   [No hits detected that satisfy reporting thresholds]


Domain annotation for each sequence:

   [No targets detected that satisfy reporting thresholds]


Internal pipeline statistics summary:
-------------------------------------
Query model(s):                            1  (622 nodes)
Target sequences:                       4859  (1464560 residues searched)
Passed MSV filter:                       137  (0.0281951); expected 97.2 (0.02)
Passed bias filter:                      104  (0.0214036); expected 97.2 (0.02)
Passed Vit filter:                         5  (0.00102902); expected 4.9 (0.001)
Passed Fwd filter:                         1  (0.000205804); expected 0.0 (1e-05)
Initial search space (Z):               4859  [actual number of targets]
Domain search space  (domZ):               0  [number of targets reported over threshold]
# CPU time: 0.08u 0.00s 00:00:00.08 Elapsed: 00:00:00.10
# Mc/sec: 9075.15
//
Query:       TIGR00138  [M=183]
Accession:   TIGR00138
Description: rsmG_gidB: 16S rRNA (guanine(527)-N(7))-methyltransferase RsmG
Scores for complete sequences (score includes all domains):
   --- full sequence ---   --- best 1 domain ---    -#dom-
    E-value  score  bias    E-value  score  bias    exp  N  Sequence                 Description
    ------- ------ -----    ------- ------ -----   ---- --  --------                 -----------
    1.2e-37  127.4   0.0    1.4e-37  127.2   0.0    1.1  1  NZ_CDRNJH010000001.1_622  # 618508 # 619155 # 1 # ID=1_622;partial=00;start_type=ATG;rbs_motif=GGA/GAG/AGG;rbs_spacer=5-10bp;gc_cont=0.545


Domain annotation for each sequence:
>> NZ_CDRNJH010000001.1_622  # 618508 # 619155 # 1 # ID=1_622;partial=00;start_type=ATG;rbs_motif=GGA/GAG/AGG;rbs_spacer=5-10bp;gc_cont=0.545
   #    score  bias  c-Evalue  i-Evalue hmmfrom  hmm to    alifrom  ali to    envfrom  env to     acc
 ---   ------ ----- --------- --------- ------- -------    ------- -------    ------- -------    ----
   1 !  127.2   0.0     3e-41   1.4e-37       2     160 ..      26     187 ..      25     205 .. 0.91



Internal pipeline statistics summary:
-------------------------------------
Query model(s):                            1  (183 nodes)
Target sequences:                       4859  (1464560 residues searched)
Passed MSV filter:                        95  (0.0195513); expected 97.2 (0.02)
Passed bias filter:                       91  (0.0187281); expected 97.2 (0.02)
Passed Vit filter:                        14  (0.00288125); expected 4.9 (0.001)
Passed Fwd filter:                         1  (0.000205804); expected 0.0 (1e-05)
Initial search space (Z):               4859  [actual number of targets]
Domain search space  (domZ):               1  [number of targets reported over threshold]
# CPU time: 0.01u 0.00s 00:00:00.01 Elapsed: 00:00:00.02
# Mc/sec: 11168.89
//
Query:       TIGR00158  [M=148]
Accession:   TIGR00158
Description: L9: ribosomal protein bL9
Scores for complete sequences (score includes all domains):
   --- full sequence ---   --- best 1 domain ---    -#dom-
    E-value  score  bias    E-value  score  bias    exp  N  Sequence                  Description
    ------- ------ -----    ------- ------ -----   ---- --  --------                  -----------
    9.2e-29   98.9   0.1    1.2e-28   98.6   0.1    1.1  1  NZ_CDRNJH010000001.1_3852  # 3922208 # 3922714 # 1 # ID=1_3852;partial=00;start_type=GTG;rbs_motif=None;rbs_spacer=None;gc_cont=0.627


Domain annotation for each sequence:
>> NZ_CDRNJH010000001.1_3852  # 3922208 # 3922714 # 1 # ID=1_3852;partial=00;start_type=GTG;rbs_motif=None;rbs_spacer=None;gc_cont=0.627
   #    score  bias  c-Evalue  i-Evalue hmmfrom  hmm to    alifrom  ali to    envfrom  env to     acc
 ---   ------ ----- --------- --------- ------- -------    ------- -------    ------- -------    ----
   1 !   98.6   0.1   2.4e-32   1.2e-28      22     146 ..       2     125 ..       1     127 [. 0.98



Internal pipeline statistics summary:
-------------------------------------
Query model(s):                            1  (148 nodes)
Target sequences:                       4859  (1464560 residues searched)
Passed MSV filter:                        88  (0.0181107); expected 97.2 (0.02)
Passed bias filter:                       74  (0.0152295); expected 97.2 (0.02)
Passed Vit filter:                         6  (0.00123482); expected 4.9 (0.001)
Passed Fwd filter:                         1  (0.000205804); expected 0.0 (1e-05)
Initial search space (Z):               4859  [actual number of targets]
Domain search space  (domZ):               1  [number of targets reported over threshold]
# CPU time: 0.02u 0.00s 00:00:00.02 Elapsed: 00:00:00.03
# Mc/sec: 7126.22
//
Query:       TIGR00166  [M=95]
Accession:   TIGR00166
Description: S6: ribosomal protein bS6
Scores for complete sequences (score includes all domains):
   --- full sequence ---   --- best 1 domain ---    -#dom-
    E-value  score  bias    E-value  score  bias    exp  N  Sequence                  Description
    ------- ------ -----    ------- ------ -----   ---- --  --------                  -----------
    5.5e-24   82.3   0.2    6.5e-24   82.1   0.2    1.1  1  NZ_CDRNJH010000001.1_3850  # 3921337 # 3921735 # 1 # ID=1_3850;partial=00;start_type=ATG;rbs_motif=GGA/GAG/AGG;rbs_spacer=5-10bp;gc_cont=0.602


Domain annotation for each sequence:
>> NZ_CDRNJH010000001.1_3850  # 3921337 # 3921735 # 1 # ID=1_3850;partial=00;start_type=ATG;rbs_motif=GGA/GAG/AGG;rbs_spacer=5-10bp;gc_cont=0.602
   #    score  bias  c-Evalue  i-Evalue hmmfrom  hmm to    alifrom  ali to    envfrom  env to     acc
 ---   ------ ----- --------- --------- ------- -------    ------- -------    ------- -------    ----
   1 !   82.1   0.2   1.3e-27   6.5e-24       1      94 [.       1      94 [.       1      95 [. 0.97



Internal pipeline statistics summary:
-------------------------------------
Query model(s):                            1  (95 nodes)
Target sequences:                       4859  (1464560 residues searched)
Passed MSV filter:                        73  (0.0150237); expected 97.2 (0.02)
Passed bias filter:                       67  (0.0137888); expected 97.2 (0.02)
Passed Vit filter:                         3  (0.000617411); expected 4.9 (0.001)
Passed Fwd filter:                         1  (0.000205804); expected 0.0 (1e-05)
Initial search space (Z):               4859  [actual number of targets]
Domain search space  (domZ):               1  [number of targets reported over threshold]
# CPU time: 0.02u 0.00s 00:00:00.02 Elapsed: 00:00:00.01
# Mc/sec: 11146.63
//
Query:       TIGR00168  [M=165]
Accession:   TIGR00168
Description: infC: translation initiation factor IF-3
Scores for complete sequences (score includes all domains):
   --- full sequence ---   --- best 1 domain ---    -#dom-
    E-value  score  bias    E-value  score  bias    exp  N  Sequence                 Description
    ------- ------ -----    ------- ------ -----   ---- --  --------                 -----------
    2.7e-61  204.1   1.9    3.1e-61  203.9   1.9    1.0  1  NZ_CDRNJH010000001.1_412  # 415270 # 415794 # -1 # ID=1_412;partial=00;start_type=ATG;rbs_motif=None;rbs_spacer=None;gc_cont=0.585


Domain annotation for each sequence:
>> NZ_CDRNJH010000001.1_412  # 415270 # 415794 # -1 # ID=1_412;partial=00;start_type=ATG;rbs_motif=None;rbs_spacer=None;gc_cont=0.585
   #    score  bias  c-Evalue  i-Evalue hmmfrom  hmm to    alifrom  ali to    envfrom  env to     acc
 ---   ------ ----- --------- --------- ------- -------    ------- -------    ------- -------    ----
   1 !  203.9   1.9   6.4e-65   3.1e-61       2     163 ..      14     174 ..      13     174 .. 0.99



Internal pipeline statistics summary:
-------------------------------------
Query model(s):                            1  (165 nodes)
Target sequences:                       4859  (1464560 residues searched)
Passed MSV filter:                        93  (0.0191397); expected 97.2 (0.02)
Passed bias filter:                       82  (0.0168759); expected 97.2 (0.02)
Passed Vit filter:                         7  (0.00144063); expected 4.9 (0.001)
Passed Fwd filter:                         1  (0.000205804); expected 0.0 (1e-05)
Initial search space (Z):               4859  [actual number of targets]
Domain search space  (domZ):               1  [number of targets reported over threshold]
# CPU time: 0.03u 0.00s 00:00:00.03 Elapsed: 00:00:00.03
# Mc/sec: 7795.37
//
Query:       TIGR00186  [M=240]
Accession:   TIGR00186
Description: rRNA_methyl_3: RNA methyltransferase, TrmH family, group 3
Scores for complete sequences (score includes all domains):
   --- full sequence ---   --- best 1 domain ---    -#dom-
    E-value  score  bias    E-value  score  bias    exp  N  Sequence                  Description
    ------- ------ -----    ------- ------ -----   ---- --  --------                  -----------
    1.2e-53  180.1   0.0    1.4e-53  179.9   0.0    1.0  1  NZ_CDRNJH010000001.1_3354  # 3376518 # 3377273 # 1 # ID=1_3354;partial=00;start_type=ATG;rbs_motif=GGA/GAG/AGG;rbs_spacer=5-10bp;gc_cont=0.631


Domain annotation for each sequence:
>> NZ_CDRNJH010000001.1_3354  # 3376518 # 3377273 # 1 # ID=1_3354;partial=00;start_type=ATG;rbs_motif=GGA/GAG/AGG;rbs_spacer=5-10bp;gc_cont=0.631
   #    score  bias  c-Evalue  i-Evalue hmmfrom  hmm to    alifrom  ali to    envfrom  env to     acc
 ---   ------ ----- --------- --------- ------- -------    ------- -------    ------- -------    ----
   1 !  179.9   0.0     3e-57   1.4e-53       4     237 ..      20     246 ..      18     249 .. 0.93



Internal pipeline statistics summary:
-------------------------------------
Query model(s):                            1  (240 nodes)
Target sequences:                       4859  (1464560 residues searched)
Passed MSV filter:                       111  (0.0228442); expected 97.2 (0.02)
Passed bias filter:                      101  (0.0207862); expected 97.2 (0.02)
Passed Vit filter:                        11  (0.00226384); expected 4.9 (0.001)
Passed Fwd filter:                         3  (0.000617411); expected 0.0 (1e-05)
Initial search space (Z):               4859  [actual number of targets]
Domain search space  (domZ):               1  [number of targets reported over threshold]
# CPU time: 0.03u 0.01s 00:00:00.04 Elapsed: 00:00:00.04
# Mc/sec: 8201.90
//
Query:       TIGR00194  [M=574]
Accession:   TIGR00194
Description: uvrC: excinuclease ABC subunit C
Scores for complete sequences (score includes all domains):
   --- full sequence ---   --- best 1 domain ---    -#dom-
    E-value  score  bias    E-value  score  bias    exp  N  Sequence                  Description
    ------- ------ -----    ------- ------ -----   ---- --  --------                  -----------
   1.4e-164  547.0   0.0   1.7e-164  546.8   0.0    1.0  1  NZ_CDRNJH010000001.1_2255  # 2326497 # 2328386 # -1 # ID=1_2255;partial=00;start_type=ATG;rbs_motif=None;rbs_spacer=None;gc_cont=0.630


Domain annotation for each sequence:
>> NZ_CDRNJH010000001.1_2255  # 2326497 # 2328386 # -1 # ID=1_2255;partial=00;start_type=ATG;rbs_motif=None;rbs_spacer=None;gc_cont=0.630
   #    score  bias  c-Evalue  i-Evalue hmmfrom  hmm to    alifrom  ali to    envfrom  env to     acc
 ---   ------ ----- --------- --------- ------- -------    ------- -------    ------- -------    ----
   1 !  546.8   0.0  3.4e-168  1.7e-164       3     572 ..      19     605 ..      17     607 .. 0.94



Internal pipeline statistics summary:
-------------------------------------
Query model(s):                            1  (574 nodes)
Target sequences:                       4859  (1464560 residues searched)
Passed MSV filter:                        82  (0.0168759); expected 97.2 (0.02)
Passed bias filter:                       76  (0.0156411); expected 97.2 (0.02)
Passed Vit filter:                        10  (0.00205804); expected 4.9 (0.001)
Passed Fwd filter:                         2  (0.000411607); expected 0.0 (1e-05)
Initial search space (Z):               4859  [actual number of targets]
Domain search space  (domZ):               1  [number of targets reported over threshold]
# CPU time: 0.07u 0.00s 00:00:00.07 Elapsed: 00:00:00.06
# Mc/sec: 12015.95
//
Query:       TIGR00250  [M=130]
Accession:   TIGR00250
Description: RNAse_H_YqgF: putative transcription antitermination factor YqgF
Scores for complete sequences (score includes all domains):
   --- full sequence ---   --- best 1 domain ---    -#dom-
    E-value  score  bias    E-value  score  bias    exp  N  Sequence                  Description
    ------- ------ -----    ------- ------ -----   ---- --  --------                  -----------
    3.1e-39  132.1   0.1    3.5e-39  132.0   0.1    1.0  1  NZ_CDRNJH010000001.1_3084  # 3114519 # 3114935 # 1 # ID=1_3084;partial=00;start_type=ATG;rbs_motif=None;rbs_spacer=None;gc_cont=0.638


Domain annotation for each sequence:
>> NZ_CDRNJH010000001.1_3084  # 3114519 # 3114935 # 1 # ID=1_3084;partial=00;start_type=ATG;rbs_motif=None;rbs_spacer=None;gc_cont=0.638
   #    score  bias  c-Evalue  i-Evalue hmmfrom  hmm to    alifrom  ali to    envfrom  env to     acc
 ---   ------ ----- --------- --------- ------- -------    ------- -------    ------- -------    ----
   1 !  132.0   0.1   7.1e-43   3.5e-39       1     130 []       5     134 ..       5     134 .. 0.99



Internal pipeline statistics summary:
-------------------------------------
Query model(s):                            1  (130 nodes)
Target sequences:                       4859  (1464560 residues searched)
Passed MSV filter:                       141  (0.0290183); expected 97.2 (0.02)
Passed bias filter:                      124  (0.0255197); expected 97.2 (0.02)
Passed Vit filter:                        11  (0.00226384); expected 4.9 (0.001)
Passed Fwd filter:                         1  (0.000205804); expected 0.0 (1e-05)
Initial search space (Z):               4859  [actual number of targets]
Domain search space  (domZ):               1  [number of targets reported over threshold]
# CPU time: 0.02u 0.00s 00:00:00.02 Elapsed: 00:00:00.03
# Mc/sec: 5063.79
//
Query:       TIGR00279  [M=172]
Accession:   TIGR00279
Description: uL16_euk_arch: ribosomal protein uL16
Scores for complete sequences (score includes all domains):
   --- full sequence ---   --- best 1 domain ---    -#dom-
    E-value  score  bias    E-value  score  bias    exp  N  Sequence Description
    ------- ------ -----    ------- ------ -----   ---- --  -------- -----------

   [No hits detected that satisfy reporting thresholds]


Domain annotation for each sequence:

   [No targets detected that satisfy reporting thresholds]


Internal pipeline statistics summary:
-------------------------------------
Query model(s):                            1  (172 nodes)
Target sequences:                       4859  (1464560 residues searched)
Passed MSV filter:                        98  (0.0201688); expected 97.2 (0.02)
Passed bias filter:                       89  (0.0183165); expected 97.2 (0.02)
Passed Vit filter:                         7  (0.00144063); expected 4.9 (0.001)
Passed Fwd filter:                         1  (0.000205804); expected 0.0 (1e-05)
Initial search space (Z):               4859  [actual number of targets]
Domain search space  (domZ):               0  [number of targets reported over threshold]
# CPU time: 0.03u 0.00s 00:00:00.03 Elapsed: 00:00:00.03
# Mc/sec: 6706.57
//
Query:       TIGR00291  [M=231]
Accession:   TIGR00291
Description: RNA_SBDS: rRNA metabolism protein, SBDS family
Scores for complete sequences (score includes all domains):
   --- full sequence ---   --- best 1 domain ---    -#dom-
    E-value  score  bias    E-value  score  bias    exp  N  Sequence Description
    ------- ------ -----    ------- ------ -----   ---- --  -------- -----------

   [No hits detected that satisfy reporting thresholds]


Domain annotation for each sequence:

   [No targets detected that satisfy reporting thresholds]


Internal pipeline statistics summary:
-------------------------------------
Query model(s):                            1  (231 nodes)
Target sequences:                       4859  (1464560 residues searched)
Passed MSV filter:                        86  (0.0176991); expected 97.2 (0.02)
Passed bias filter:                       79  (0.0162585); expected 97.2 (0.02)
Passed Vit filter:                         8  (0.00164643); expected 4.9 (0.001)
Passed Fwd filter:                         0  (0); expected 0.0 (1e-05)
Initial search space (Z):               4859  [actual number of targets]
Domain search space  (domZ):               0  [number of targets reported over threshold]
# CPU time: 0.02u 0.00s 00:00:00.02 Elapsed: 00:00:00.02
# Mc/sec: 13214.43
//
Query:       TIGR00323  [M=215]
Accession:   TIGR00323
Description: eIF-6: putative translation initiation factor eIF-6
Scores for complete sequences (score includes all domains):
   --- full sequence ---   --- best 1 domain ---    -#dom-
    E-value  score  bias    E-value  score  bias    exp  N  Sequence Description
    ------- ------ -----    ------- ------ -----   ---- --  -------- -----------

   [No hits detected that satisfy reporting thresholds]


Domain annotation for each sequence:

   [No targets detected that satisfy reporting thresholds]


Internal pipeline statistics summary:
-------------------------------------
Query model(s):                            1  (215 nodes)
Target sequences:                       4859  (1464560 residues searched)
Passed MSV filter:                       143  (0.0294299); expected 97.2 (0.02)
Passed bias filter:                      100  (0.0205804); expected 97.2 (0.02)
Passed Vit filter:                        12  (0.00246964); expected 4.9 (0.001)
Passed Fwd filter:                         0  (0); expected 0.0 (1e-05)
Initial search space (Z):               4859  [actual number of targets]
Domain search space  (domZ):               0  [number of targets reported over threshold]
# CPU time: 0.03u 0.00s 00:00:00.03 Elapsed: 00:00:00.03
# Mc/sec: 8038.84
//
Query:       TIGR00335  [M=324]
Accession:   TIGR00335
Description: primase_sml: putative DNA primase, eukaryotic-type, small subunit
Scores for complete sequences (score includes all domains):
   --- full sequence ---   --- best 1 domain ---    -#dom-
    E-value  score  bias    E-value  score  bias    exp  N  Sequence Description
    ------- ------ -----    ------- ------ -----   ---- --  -------- -----------

   [No hits detected that satisfy reporting thresholds]


Domain annotation for each sequence:

   [No targets detected that satisfy reporting thresholds]


Internal pipeline statistics summary:
-------------------------------------
Query model(s):                            1  (324 nodes)
Target sequences:                       4859  (1464560 residues searched)
Passed MSV filter:                        81  (0.0166701); expected 97.2 (0.02)
Passed bias filter:                       71  (0.0146121); expected 97.2 (0.02)
Passed Vit filter:                         7  (0.00144063); expected 4.9 (0.001)
Passed Fwd filter:                         0  (0); expected 0.0 (1e-05)
Initial search space (Z):               4859  [actual number of targets]
Domain search space  (domZ):               0  [number of targets reported over threshold]
# CPU time: 0.03u 0.00s 00:00:00.03 Elapsed: 00:00:00.03
# Mc/sec: 12137.62
//
Query:       TIGR00337  [M=526]
Accession:   TIGR00337
Description: PyrG: CTP synthase
Scores for complete sequences (score includes all domains):
   --- full sequence ---   --- best 1 domain ---    -#dom-
    E-value  score  bias    E-value  score  bias    exp  N  Sequence                  Description
    ------- ------ -----    ------- ------ -----   ---- --  --------                  -----------
   3.1e-197  654.4   0.0   4.1e-197  654.0   0.0    1.1  1  NZ_CDRNJH010000001.1_3212  # 3248680 # 3251574 # -1 # ID=1_3212;partial=00;start_type=ATG;rbs_motif=None;rbs_spacer=None;gc_cont=0.615


Domain annotation for each sequence:
>> NZ_CDRNJH010000001.1_3212  # 3248680 # 3251574 # -1 # ID=1_3212;partial=00;start_type=ATG;rbs_motif=None;rbs_spacer=None;gc_cont=0.615
   #    score  bias  c-Evalue  i-Evalue hmmfrom  hmm to    alifrom  ali to    envfrom  env to     acc
 ---   ------ ----- --------- --------- ------- -------    ------- -------    ------- -------    ----
   1 !  654.0   0.0  8.4e-201  4.1e-197       3     474 ..       2     482 ..       1     487 [. 0.98



Internal pipeline statistics summary:
-------------------------------------
Query model(s):                            1  (526 nodes)
Target sequences:                       4859  (1464560 residues searched)
Passed MSV filter:                       124  (0.0255197); expected 97.2 (0.02)
Passed bias filter:                      118  (0.0242848); expected 97.2 (0.02)
Passed Vit filter:                        18  (0.00370447); expected 4.9 (0.001)
Passed Fwd filter:                         6  (0.00123482); expected 0.0 (1e-05)
Initial search space (Z):               4859  [actual number of targets]
Domain search space  (domZ):               1  [number of targets reported over threshold]
# CPU time: 0.07u 0.01s 00:00:00.08 Elapsed: 00:00:00.07
# Mc/sec: 10595.73
//
Query:       TIGR00344  [M=847]
Accession:   TIGR00344
Description: alaS: alanine--tRNA ligase
Scores for complete sequences (score includes all domains):
   --- full sequence ---   --- best 1 domain ---    -#dom-
    E-value  score  bias    E-value  score  bias    exp  N  Sequence                  Description
    ------- ------ -----    ------- ------ -----   ---- --  --------                  -----------
   9.4e-291  965.0   0.0   1.1e-290  964.8   0.0    1.0  1  NZ_CDRNJH010000001.1_2708  # 2777318 # 2779957 # 1 # ID=1_2708;partial=00;start_type=ATG;rbs_motif=None;rbs_spacer=None;gc_cont=0.627


Domain annotation for each sequence:
>> NZ_CDRNJH010000001.1_2708  # 2777318 # 2779957 # 1 # ID=1_2708;partial=00;start_type=ATG;rbs_motif=None;rbs_spacer=None;gc_cont=0.627
   #    score  bias  c-Evalue  i-Evalue hmmfrom  hmm to    alifrom  ali to    envfrom  env to     acc
 ---   ------ ----- --------- --------- ------- -------    ------- -------    ------- -------    ----
   1 !  964.8   0.0  2.2e-294  1.1e-290       2     847 .]       7     862 ..       6     862 .. 0.97



Internal pipeline statistics summary:
-------------------------------------
Query model(s):                            1  (847 nodes)
Target sequences:                       4859  (1464560 residues searched)
Passed MSV filter:                       107  (0.022021); expected 97.2 (0.02)
Passed bias filter:                       80  (0.0164643); expected 97.2 (0.02)
Passed Vit filter:                         6  (0.00123482); expected 4.9 (0.001)
Passed Fwd filter:                         2  (0.000411607); expected 0.0 (1e-05)
Initial search space (Z):               4859  [actual number of targets]
Domain search space  (domZ):               1  [number of targets reported over threshold]
# CPU time: 0.09u 0.01s 00:00:00.10 Elapsed: 00:00:00.11
# Mc/sec: 10984.13
//
Query:       TIGR00362  [M=437]
Accession:   TIGR00362
Description: DnaA: chromosomal replication initiator protein DnaA
Scores for complete sequences (score includes all domains):
   --- full sequence ---   --- best 1 domain ---    -#dom-
    E-value  score  bias    E-value  score  bias    exp  N  Sequence                 Description
    ------- ------ -----    ------- ------ -----   ---- --  --------                 -----------
     1e-134  448.0   0.0   1.1e-134  447.8   0.0    1.0  1  NZ_CDRNJH010000001.1_401  # 404753 # 406303 # -1 # ID=1_401;partial=00;start_type=ATG;rbs_motif=GGA/GAG/AGG;rbs_spacer=5-10bp;gc_cont=0.626


Domain annotation for each sequence:
>> NZ_CDRNJH010000001.1_401  # 404753 # 406303 # -1 # ID=1_401;partial=00;start_type=ATG;rbs_motif=GGA/GAG/AGG;rbs_spacer=5-10bp;gc_cont=0.626
   #    score  bias  c-Evalue  i-Evalue hmmfrom  hmm to    alifrom  ali to    envfrom  env to     acc
 ---   ------ ----- --------- --------- ------- -------    ------- -------    ------- -------    ----
   1 !  447.8   0.0  2.3e-138  1.1e-134       1     437 []      44     514 ..      44     514 .. 0.91



Internal pipeline statistics summary:
-------------------------------------
Query model(s):                            1  (437 nodes)
Target sequences:                       4859  (1464560 residues searched)
Passed MSV filter:                       201  (0.0413665); expected 97.2 (0.02)
Passed bias filter:                      177  (0.0364272); expected 97.2 (0.02)
Passed Vit filter:                        40  (0.00823215); expected 4.9 (0.001)
Passed Fwd filter:                        11  (0.00226384); expected 0.0 (1e-05)
Initial search space (Z):               4859  [actual number of targets]
Domain search space  (domZ):               1  [number of targets reported over threshold]
# CPU time: 0.08u 0.01s 00:00:00.09 Elapsed: 00:00:00.08
# Mc/sec: 7208.15
//
Query:       TIGR00373  [M=162]
Accession:   TIGR00373
Description: TIGR00373: transcription factor E
Scores for complete sequences (score includes all domains):
   --- full sequence ---   --- best 1 domain ---    -#dom-
    E-value  score  bias    E-value  score  bias    exp  N  Sequence Description
    ------- ------ -----    ------- ------ -----   ---- --  -------- -----------

   [No hits detected that satisfy reporting thresholds]


Domain annotation for each sequence:

   [No targets detected that satisfy reporting thresholds]


Internal pipeline statistics summary:
-------------------------------------
Query model(s):                            1  (162 nodes)
Target sequences:                       4859  (1464560 residues searched)
Passed MSV filter:                        93  (0.0191397); expected 97.2 (0.02)
Passed bias filter:                       92  (0.0189339); expected 97.2 (0.02)
Passed Vit filter:                        20  (0.00411607); expected 4.9 (0.001)
Passed Fwd filter:                         2  (0.000411607); expected 0.0 (1e-05)
Initial search space (Z):               4859  [actual number of targets]
Domain search space  (domZ):               0  [number of targets reported over threshold]
# CPU time: 0.03u 0.00s 00:00:00.03 Elapsed: 00:00:00.02
# Mc/sec: 9898.19
//
Query:       TIGR00382  [M=414]
Accession:   TIGR00382
Description: clpX: ATP-dependent Clp protease, ATP-binding subunit ClpX
Scores for complete sequences (score includes all domains):
   --- full sequence ---   --- best 1 domain ---    -#dom-
    E-value  score  bias    E-value  score  bias    exp  N  Sequence                  Description
    ------- ------ -----    ------- ------ -----   ---- --  --------                  -----------
     2e-201  667.4   0.4   2.5e-201  667.1   0.4    1.0  1  NZ_CDRNJH010000001.1_3167  # 3204604 # 3205881 # -1 # ID=1_3167;partial=00;start_type=ATG;rbs_motif=GGAG/GAGG;rbs_spacer=5-10bp;gc_cont=0.592
    1.1e-53  180.8   0.7    4.9e-23   79.8   0.0    3.4  0  NZ_CDRNJH010000001.1_606   # 604036 # 605346 # 1 # ID=1_606;partial=00;start_type=ATG;rbs_motif=AGGA;rbs_spacer=5-10bp;gc_cont=0.624


Domain annotation for each sequence:
>> NZ_CDRNJH010000001.1_3167  # 3204604 # 3205881 # -1 # ID=1_3167;partial=00;start_type=ATG;rbs_motif=GGAG/GAGG;rbs_spacer=5-10bp;gc_cont=0.592
   #    score  bias  c-Evalue  i-Evalue hmmfrom  hmm to    alifrom  ali to    envfrom  env to     acc
 ---   ------ ----- --------- --------- ------- -------    ------- -------    ------- -------    ----
   1 !  667.1   0.4    1e-204  2.5e-201       5     411 ..      11     408 ..       7     411 .. 0.96

>> NZ_CDRNJH010000001.1_606  # 604036 # 605346 # 1 # ID=1_606;partial=00;start_type=ATG;rbs_motif=AGGA;rbs_spacer=5-10bp;gc_cont=0.624
   [No individual domains that satisfy reporting thresholds (although complete target did)]



Internal pipeline statistics summary:
-------------------------------------
Query model(s):                            1  (414 nodes)
Target sequences:                       4859  (1464560 residues searched)
Passed MSV filter:                       257  (0.0528915); expected 97.2 (0.02)
Passed bias filter:                      249  (0.0512451); expected 97.2 (0.02)
Passed Vit filter:                        66  (0.013583); expected 4.9 (0.001)
Passed Fwd filter:                        12  (0.00246964); expected 0.0 (1e-05)
Initial search space (Z):               4859  [actual number of targets]
Domain search space  (domZ):               2  [number of targets reported over threshold]
# CPU time: 0.08u 0.00s 00:00:00.08 Elapsed: 00:00:00.09
# Mc/sec: 6492.71
//
Query:       TIGR00392  [M=861]
Accession:   TIGR00392
Description: ileS: isoleucine--tRNA ligase
Scores for complete sequences (score includes all domains):
   --- full sequence ---   --- best 1 domain ---    -#dom-
    E-value  score  bias    E-value  score  bias    exp  N  Sequence                  Description
    ------- ------ -----    ------- ------ -----   ---- --  --------                  -----------
   2.1e-243  808.4   0.0   2.4e-243  808.2   0.0    1.0  1  NZ_CDRNJH010000001.1_4317  # 4392685 # 4395657 # -1 # ID=1_4317;partial=00;start_type=ATG;rbs_motif=None;rbs_spacer=None;gc_cont=0.606


Domain annotation for each sequence:
>> NZ_CDRNJH010000001.1_4317  # 4392685 # 4395657 # -1 # ID=1_4317;partial=00;start_type=ATG;rbs_motif=None;rbs_spacer=None;gc_cont=0.606
   #    score  bias  c-Evalue  i-Evalue hmmfrom  hmm to    alifrom  ali to    envfrom  env to     acc
 ---   ------ ----- --------- --------- ------- -------    ------- -------    ------- -------    ----
   1 !  808.2   0.0    5e-247  2.4e-243       1     858 [.      23     897 ..      23     900 .. 0.93



Internal pipeline statistics summary:
-------------------------------------
Query model(s):                            1  (861 nodes)
Target sequences:                       4859  (1464560 residues searched)
Passed MSV filter:                        74  (0.0152295); expected 97.2 (0.02)
Passed bias filter:                       68  (0.0139946); expected 97.2 (0.02)
Passed Vit filter:                        15  (0.00308705); expected 4.9 (0.001)
Passed Fwd filter:                         7  (0.00144063); expected 0.0 (1e-05)
Initial search space (Z):               4859  [actual number of targets]
Domain search space  (domZ):               1  [number of targets reported over threshold]
# CPU time: 0.18u 0.02s 00:00:00.20 Elapsed: 00:00:00.21
# Mc/sec: 5981.75
//
Query:       TIGR00396  [M=843]
Accession:   TIGR00396
Description: leuS_bact: leucine--tRNA ligase
Scores for complete sequences (score includes all domains):
   --- full sequence ---   --- best 1 domain ---    -#dom-
    E-value  score  bias    E-value  score  bias    exp  N  Sequence                 Description
    ------- ------ -----    ------- ------ -----   ---- --  --------                 -----------
   9.6e-303 1004.5   0.0   1.1e-302 1004.4   0.0    1.0  1  NZ_CDRNJH010000001.1_627  # 622546 # 625158 # -1 # ID=1_627;partial=00;start_type=GTG;rbs_motif=AGGA;rbs_spacer=5-10bp;gc_cont=0.612


Domain annotation for each sequence:
>> NZ_CDRNJH010000001.1_627  # 622546 # 625158 # -1 # ID=1_627;partial=00;start_type=GTG;rbs_motif=AGGA;rbs_spacer=5-10bp;gc_cont=0.612
   #    score  bias  c-Evalue  i-Evalue hmmfrom  hmm to    alifrom  ali to    envfrom  env to     acc
 ---   ------ ----- --------- --------- ------- -------    ------- -------    ------- -------    ----
   1 ! 1004.4   0.0  2.2e-306  1.1e-302       1     842 [.       6     870 ..       6     870 .. 0.93



Internal pipeline statistics summary:
-------------------------------------
Query model(s):                            1  (843 nodes)
Target sequences:                       4859  (1464560 residues searched)
Passed MSV filter:                        86  (0.0176991); expected 97.2 (0.02)
Passed bias filter:                       84  (0.0172875); expected 97.2 (0.02)
Passed Vit filter:                        15  (0.00308705); expected 4.9 (0.001)
Passed Fwd filter:                         5  (0.00102902); expected 0.0 (1e-05)
Initial search space (Z):               4859  [actual number of targets]
Domain search space  (domZ):               1  [number of targets reported over threshold]
# CPU time: 0.12u 0.01s 00:00:00.13 Elapsed: 00:00:00.13
# Mc/sec: 9216.20
//
Query:       TIGR00398  [M=530]
Accession:   TIGR00398
Description: metG: methionine--tRNA ligase
Scores for complete sequences (score includes all domains):
   --- full sequence ---   --- best 1 domain ---    -#dom-
    E-value  score  bias    E-value  score  bias    exp  N  Sequence                  Description
    ------- ------ -----    ------- ------ -----   ---- --  --------                  -----------
   4.6e-150  498.9   0.0   1.8e-148  493.7   0.0    2.0  1  NZ_CDRNJH010000001.1_3186  # 3227207 # 3228757 # -1 # ID=1_3186;partial=00;start_type=ATG;rbs_motif=GGA/GAG/AGG;rbs_spacer=5-10bp;gc_cont=0.611


Domain annotation for each sequence:
>> NZ_CDRNJH010000001.1_3186  # 3227207 # 3228757 # -1 # ID=1_3186;partial=00;start_type=ATG;rbs_motif=GGA/GAG/AGG;rbs_spacer=5-10bp;gc_cont=0.611
   #    score  bias  c-Evalue  i-Evalue hmmfrom  hmm to    alifrom  ali to    envfrom  env to     acc
 ---   ------ ----- --------- --------- ------- -------    ------- -------    ------- -------    ----
   1 !  493.7   0.0  3.6e-152  1.8e-148       1     519 [.       6     495 ..       6     512 .. 0.95



Internal pipeline statistics summary:
-------------------------------------
Query model(s):                            1  (530 nodes)
Target sequences:                       4859  (1464560 residues searched)
Passed MSV filter:                        65  (0.0133772); expected 97.2 (0.02)
Passed bias filter:                       62  (0.0127598); expected 97.2 (0.02)
Passed Vit filter:                        13  (0.00267545); expected 4.9 (0.001)
Passed Fwd filter:                         7  (0.00144063); expected 0.0 (1e-05)
Initial search space (Z):               4859  [actual number of targets]
Domain search space  (domZ):               1  [number of targets reported over threshold]
# CPU time: 0.10u 0.01s 00:00:00.11 Elapsed: 00:00:00.11
# Mc/sec: 6984.67
//
Query:       TIGR00405  [M=145]
Accession:   TIGR00405
Description: KOW_elon_Spt5: transcription elongation factor Spt5
Scores for complete sequences (score includes all domains):
   --- full sequence ---   --- best 1 domain ---    -#dom-
    E-value  score  bias    E-value  score  bias    exp  N  Sequence Description
    ------- ------ -----    ------- ------ -----   ---- --  -------- -----------

   [No hits detected that satisfy reporting thresholds]


Domain annotation for each sequence:

   [No targets detected that satisfy reporting thresholds]


Internal pipeline statistics summary:
-------------------------------------
Query model(s):                            1  (145 nodes)
Target sequences:                       4859  (1464560 residues searched)
Passed MSV filter:                       112  (0.02305); expected 97.2 (0.02)
Passed bias filter:                       97  (0.019963); expected 97.2 (0.02)
Passed Vit filter:                         5  (0.00102902); expected 4.9 (0.001)
Passed Fwd filter:                         1  (0.000205804); expected 0.0 (1e-05)
Initial search space (Z):               4859  [actual number of targets]
Domain search space  (domZ):               0  [number of targets reported over threshold]
# CPU time: 0.02u 0.00s 00:00:00.02 Elapsed: 00:00:00.03
# Mc/sec: 6977.46
//
Query:       TIGR00414  [M=418]
Accession:   TIGR00414
Description: serS: serine--tRNA ligase
Scores for complete sequences (score includes all domains):
   --- full sequence ---   --- best 1 domain ---    -#dom-
    E-value  score  bias    E-value  score  bias    exp  N  Sequence                  Description
    ------- ------ -----    ------- ------ -----   ---- --  --------                  -----------
   2.1e-151  502.7   0.0   2.4e-151  502.5   0.0    1.0  1  NZ_CDRNJH010000001.1_2908  # 2944855 # 2946183 # 1 # ID=1_2908;partial=00;start_type=ATG;rbs_motif=3Base/5BMM;rbs_spacer=13-15bp;gc_cont=0.611


Domain annotation for each sequence:
>> NZ_CDRNJH010000001.1_2908  # 2944855 # 2946183 # 1 # ID=1_2908;partial=00;start_type=ATG;rbs_motif=3Base/5BMM;rbs_spacer=13-15bp;gc_cont=0.611
   #    score  bias  c-Evalue  i-Evalue hmmfrom  hmm to    alifrom  ali to    envfrom  env to     acc
 ---   ------ ----- --------- --------- ------- -------    ------- -------    ------- -------    ----
   1 !  502.5   0.0  4.9e-155  2.4e-151       1     418 []       1     433 [.       1     433 [. 0.97



Internal pipeline statistics summary:
-------------------------------------
Query model(s):                            1  (418 nodes)
Target sequences:                       4859  (1464560 residues searched)
Passed MSV filter:                       114  (0.0234616); expected 97.2 (0.02)
Passed bias filter:                       85  (0.0174933); expected 97.2 (0.02)
Passed Vit filter:                        15  (0.00308705); expected 4.9 (0.001)
Passed Fwd filter:                         5  (0.00102902); expected 0.0 (1e-05)
Initial search space (Z):               4859  [actual number of targets]
Domain search space  (domZ):               1  [number of targets reported over threshold]
# CPU time: 0.07u 0.00s 00:00:00.07 Elapsed: 00:00:00.06
# Mc/sec: 9140.94
//
Query:       TIGR00416  [M=454]
Accession:   TIGR00416
Description: sms: DNA repair protein RadA
Scores for complete sequences (score includes all domains):
   --- full sequence ---   --- best 1 domain ---    -#dom-
    E-value  score  bias    E-value  score  bias    exp  N  Sequence                  Description
    ------- ------ -----    ------- ------ -----   ---- --  --------                  -----------
   4.7e-112  373.1   0.0   5.4e-112  372.9   0.0    1.0  1  NZ_CDRNJH010000001.1_3859  # 3928617 # 3929561 # 1 # ID=1_3859;partial=00;start_type=ATG;rbs_motif=GGxGG;rbs_spacer=5-10bp;gc_cont=0.648


Domain annotation for each sequence:
>> NZ_CDRNJH010000001.1_3859  # 3928617 # 3929561 # 1 # ID=1_3859;partial=00;start_type=ATG;rbs_motif=GGxGG;rbs_spacer=5-10bp;gc_cont=0.648
   #    score  bias  c-Evalue  i-Evalue hmmfrom  hmm to    alifrom  ali to    envfrom  env to     acc
 ---   ------ ----- --------- --------- ------- -------    ------- -------    ------- -------    ----
   1 !  372.9   0.0  1.1e-115  5.4e-112     171     453 ..      15     296 ..       5     297 .. 0.97



Internal pipeline statistics summary:
-------------------------------------
Query model(s):                            1  (454 nodes)
Target sequences:                       4859  (1464560 residues searched)
Passed MSV filter:                       234  (0.0481581); expected 97.2 (0.02)
Passed bias filter:                      216  (0.0444536); expected 97.2 (0.02)
Passed Vit filter:                        64  (0.0131714); expected 4.9 (0.001)
Passed Fwd filter:                        10  (0.00205804); expected 0.0 (1e-05)
Initial search space (Z):               4859  [actual number of targets]
Domain search space  (domZ):               1  [number of targets reported over threshold]
# CPU time: 0.08u 0.00s 00:00:00.08 Elapsed: 00:00:00.10
# Mc/sec: 6618.41
//
Query:       TIGR00420  [M=351]
Accession:   TIGR00420
Description: trmU: tRNA (5-methylaminomethyl-2-thiouridylate)-methyltransferase
Scores for complete sequences (score includes all domains):
   --- full sequence ---   --- best 1 domain ---    -#dom-
    E-value  score  bias    E-value  score  bias    exp  N  Sequence                  Description
    ------- ------ -----    ------- ------ -----   ---- --  --------                  -----------
    1.6e-97  324.6   0.0    1.8e-97  324.4   0.0    1.0  1  NZ_CDRNJH010000001.1_1427  # 1432824 # 1433975 # 1 # ID=1_1427;partial=00;start_type=ATG;rbs_motif=GGA/GAG/AGG;rbs_spacer=5-10bp;gc_cont=0.640


Domain annotation for each sequence:
>> NZ_CDRNJH010000001.1_1427  # 1432824 # 1433975 # 1 # ID=1_1427;partial=00;start_type=ATG;rbs_motif=GGA/GAG/AGG;rbs_spacer=5-10bp;gc_cont=0.640
   #    score  bias  c-Evalue  i-Evalue hmmfrom  hmm to    alifrom  ali to    envfrom  env to     acc
 ---   ------ ----- --------- --------- ------- -------    ------- -------    ------- -------    ----
   1 !  324.4   0.0  3.7e-101   1.8e-97       2     351 .]      15     373 ..      14     373 .. 0.93



Internal pipeline statistics summary:
-------------------------------------
Query model(s):                            1  (351 nodes)
Target sequences:                       4859  (1464560 residues searched)
Passed MSV filter:                        75  (0.0154353); expected 97.2 (0.02)
Passed bias filter:                       72  (0.0148179); expected 97.2 (0.02)
Passed Vit filter:                        16  (0.00329286); expected 4.9 (0.001)
Passed Fwd filter:                         3  (0.000617411); expected 0.0 (1e-05)
Initial search space (Z):               4859  [actual number of targets]
Domain search space  (domZ):               1  [number of targets reported over threshold]
# CPU time: 0.04u 0.01s 00:00:00.05 Elapsed: 00:00:00.05
# Mc/sec: 9761.07
//
Query:       TIGR00431  [M=210]
Accession:   TIGR00431
Description: TruB: tRNA pseudouridine(55) synthase
Scores for complete sequences (score includes all domains):
   --- full sequence ---   --- best 1 domain ---    -#dom-
    E-value  score  bias    E-value  score  bias    exp  N  Sequence                 Description
    ------- ------ -----    ------- ------ -----   ---- --  --------                 -----------
      4e-63  211.0   0.0    4.8e-63  210.7   0.0    1.1  1  NZ_CDRNJH010000001.1_321  # 333875 # 334783 # -1 # ID=1_321;partial=00;start_type=GTG;rbs_motif=None;rbs_spacer=None;gc_cont=0.652


Domain annotation for each sequence:
>> NZ_CDRNJH010000001.1_321  # 333875 # 334783 # -1 # ID=1_321;partial=00;start_type=GTG;rbs_motif=None;rbs_spacer=None;gc_cont=0.652
   #    score  bias  c-Evalue  i-Evalue hmmfrom  hmm to    alifrom  ali to    envfrom  env to     acc
 ---   ------ ----- --------- --------- ------- -------    ------- -------    ------- -------    ----
   1 !  210.7   0.0   9.9e-67   4.8e-63       2     210 .]      13     220 ..      12     220 .. 0.98



Internal pipeline statistics summary:
-------------------------------------
Query model(s):                            1  (210 nodes)
Target sequences:                       4859  (1464560 residues searched)
Passed MSV filter:                        83  (0.0170817); expected 97.2 (0.02)
Passed bias filter:                       76  (0.0156411); expected 97.2 (0.02)
Passed Vit filter:                         5  (0.00102902); expected 4.9 (0.001)
Passed Fwd filter:                         1  (0.000205804); expected 0.0 (1e-05)
Initial search space (Z):               4859  [actual number of targets]
Domain search space  (domZ):               1  [number of targets reported over threshold]
# CPU time: 0.02u 0.00s 00:00:00.02 Elapsed: 00:00:00.05
# Mc/sec: 5421.20
//
Query:       TIGR00435  [M=466]
Accession:   TIGR00435
Description: cysS: cysteine--tRNA ligase
Scores for complete sequences (score includes all domains):
   --- full sequence ---   --- best 1 domain ---    -#dom-
    E-value  score  bias    E-value  score  bias    exp  N  Sequence                  Description
    ------- ------ -----    ------- ------ -----   ---- --  --------                  -----------
   6.1e-134  445.6   0.0     8e-134  445.2   0.0    1.1  1  NZ_CDRNJH010000001.1_3983  # 4064094 # 4065512 # -1 # ID=1_3983;partial=00;start_type=ATG;rbs_motif=AGGA;rbs_spacer=5-10bp;gc_cont=0.636


Domain annotation for each sequence:
>> NZ_CDRNJH010000001.1_3983  # 4064094 # 4065512 # -1 # ID=1_3983;partial=00;start_type=ATG;rbs_motif=AGGA;rbs_spacer=5-10bp;gc_cont=0.636
   #    score  bias  c-Evalue  i-Evalue hmmfrom  hmm to    alifrom  ali to    envfrom  env to     acc
 ---   ------ ----- --------- --------- ------- -------    ------- -------    ------- -------    ----
   1 !  445.2   0.0  1.7e-137    8e-134       2     459 ..       9     459 ..       8     470 .. 0.90



Internal pipeline statistics summary:
-------------------------------------
Query model(s):                            1  (466 nodes)
Target sequences:                       4859  (1464560 residues searched)
Passed MSV filter:                        77  (0.0158469); expected 97.2 (0.02)
Passed bias filter:                       73  (0.0150237); expected 97.2 (0.02)
Passed Vit filter:                        13  (0.00267545); expected 4.9 (0.001)
Passed Fwd filter:                         7  (0.00144063); expected 0.0 (1e-05)
Initial search space (Z):               4859  [actual number of targets]
Domain search space  (domZ):               1  [number of targets reported over threshold]
# CPU time: 0.07u 0.00s 00:00:00.07 Elapsed: 00:00:00.06
# Mc/sec: 9787.16
//
Query:       TIGR00436  [M=270]
Accession:   TIGR00436
Description: era: GTP-binding protein Era
Scores for complete sequences (score includes all domains):
   --- full sequence ---   --- best 1 domain ---    -#dom-
    E-value  score  bias    E-value  score  bias    exp  N  Sequence                  Description
    ------- ------ -----    ------- ------ -----   ---- --  --------                  -----------
    1.7e-75  251.9   0.0      2e-75  251.7   0.0    1.0  1  NZ_CDRNJH010000001.1_3706  # 3765179 # 3766102 # -1 # ID=1_3706;partial=00;start_type=ATG;rbs_motif=AGGA;rbs_spacer=5-10bp;gc_cont=0.600
    9.5e-39  131.4   0.0    1.9e-19   68.1   0.0    2.1  0  NZ_CDRNJH010000001.1_3864  # 3934289 # 3935743 # -1 # ID=1_3864;partial=00;start_type=ATG;rbs_motif=GGAG/GAGG;rbs_spacer=5-10bp;gc_cont=0.634


Domain annotation for each sequence:
>> NZ_CDRNJH010000001.1_3706  # 3765179 # 3766102 # -1 # ID=1_3706;partial=00;start_type=ATG;rbs_motif=AGGA;rbs_spacer=5-10bp;gc_cont=0.600
   #    score  bias  c-Evalue  i-Evalue hmmfrom  hmm to    alifrom  ali to    envfrom  env to     acc
 ---   ------ ----- --------- --------- ------- -------    ------- -------    ------- -------    ----
   1 !  251.7   0.0   8.1e-79     2e-75       1     270 []      13     283 ..      13     283 .. 0.99

>> NZ_CDRNJH010000001.1_3864  # 3934289 # 3935743 # -1 # ID=1_3864;partial=00;start_type=ATG;rbs_motif=GGAG/GAGG;rbs_spacer=5-10bp;gc_cont=0.634
   [No individual domains that satisfy reporting thresholds (although complete target did)]



Internal pipeline statistics summary:
-------------------------------------
Query model(s):                            1  (270 nodes)
Target sequences:                       4859  (1464560 residues searched)
Passed MSV filter:                       242  (0.0498045); expected 97.2 (0.02)
Passed bias filter:                      236  (0.0485697); expected 97.2 (0.02)
Passed Vit filter:                       132  (0.0271661); expected 4.9 (0.001)
Passed Fwd filter:                        20  (0.00411607); expected 0.0 (1e-05)
Initial search space (Z):               4859  [actual number of targets]
Domain search space  (domZ):               2  [number of targets reported over threshold]
# CPU time: 0.08u 0.00s 00:00:00.08 Elapsed: 00:00:00.08
# Mc/sec: 4544.52
//
Query:       TIGR00442  [M=406]
Accession:   TIGR00442
Description: hisS: histidine--tRNA ligase
Scores for complete sequences (score includes all domains):
   --- full sequence ---   --- best 1 domain ---    -#dom-
    E-value  score  bias    E-value  score  bias    exp  N  Sequence                  Description
    ------- ------ -----    ------- ------ -----   ---- --  --------                  -----------
   9.8e-117  388.4   0.0   1.1e-116  388.2   0.0    1.0  1  NZ_CDRNJH010000001.1_4340  # 4413516 # 4414934 # -1 # ID=1_4340;partial=00;start_type=ATG;rbs_motif=GGA/GAG/AGG;rbs_spacer=5-10bp;gc_cont=0.619


Domain annotation for each sequence:
>> NZ_CDRNJH010000001.1_4340  # 4413516 # 4414934 # -1 # ID=1_4340;partial=00;start_type=ATG;rbs_motif=GGA/GAG/AGG;rbs_spacer=5-10bp;gc_cont=0.619
   #    score  bias  c-Evalue  i-Evalue hmmfrom  hmm to    alifrom  ali to    envfrom  env to     acc
 ---   ------ ----- --------- --------- ------- -------    ------- -------    ------- -------    ----
   1 !  388.2   0.0  2.4e-120  1.1e-116       2     403 ..      12     437 ..      11     440 .. 0.92



Internal pipeline statistics summary:
-------------------------------------
Query model(s):                            1  (406 nodes)
Target sequences:                       4859  (1464560 residues searched)
Passed MSV filter:                       111  (0.0228442); expected 97.2 (0.02)
Passed bias filter:                      102  (0.020992); expected 97.2 (0.02)
Passed Vit filter:                        17  (0.00349866); expected 4.9 (0.001)
Passed Fwd filter:                         7  (0.00144063); expected 0.0 (1e-05)
Initial search space (Z):               4859  [actual number of targets]
Domain search space  (domZ):               1  [number of targets reported over threshold]
# CPU time: 0.06u 0.00s 00:00:00.06 Elapsed: 00:00:00.07
# Mc/sec: 7488.04
//
Query:       TIGR00445  [M=321]
Accession:   TIGR00445
Description: mraY: phospho-N-acetylmuramoyl-pentapeptide-transferase
Scores for complete sequences (score includes all domains):
   --- full sequence ---   --- best 1 domain ---    -#dom-
    E-value  score  bias    E-value  score  bias    exp  N  Sequence                  Description
    ------- ------ -----    ------- ------ -----   ---- --  --------                  -----------
   2.4e-122  406.5  12.3   2.9e-122  406.2  12.3    1.0  1  NZ_CDRNJH010000001.1_2464  # 2529966 # 2531051 # 1 # ID=1_2464;partial=00;start_type=ATG;rbs_motif=AGGA/GGAG/GAGG;rbs_spacer=11-12bp;gc_cont=0.604


Domain annotation for each sequence:
>> NZ_CDRNJH010000001.1_2464  # 2529966 # 2531051 # 1 # ID=1_2464;partial=00;start_type=ATG;rbs_motif=AGGA/GGAG/GAGG;rbs_spacer=11-12bp;gc_cont=0.604
   #    score  bias  c-Evalue  i-Evalue hmmfrom  hmm to    alifrom  ali to    envfrom  env to     acc
 ---   ------ ----- --------- --------- ------- -------    ------- -------    ------- -------    ----
   1 !  406.2  12.3  5.9e-126  2.9e-122       3     321 .]      38     361 ..      36     361 .. 0.95



Internal pipeline statistics summary:
-------------------------------------
Query model(s):                            1  (321 nodes)
Target sequences:                       4859  (1464560 residues searched)
Passed MSV filter:                       230  (0.0473348); expected 97.2 (0.02)
Passed bias filter:                       73  (0.0150237); expected 97.2 (0.02)
Passed Vit filter:                         9  (0.00185223); expected 4.9 (0.001)
Passed Fwd filter:                         1  (0.000205804); expected 0.0 (1e-05)
Initial search space (Z):               4859  [actual number of targets]
Domain search space  (domZ):               1  [number of targets reported over threshold]
# CPU time: 0.05u 0.00s 00:00:00.05 Elapsed: 00:00:00.03
# Mc/sec: 13500.29
//
Query:       TIGR00448  [M=179]
Accession:   TIGR00448
Description: rpoE: DNA-directed RNA polymerase
Scores for complete sequences (score includes all domains):
   --- full sequence ---   --- best 1 domain ---    -#dom-
    E-value  score  bias    E-value  score  bias    exp  N  Sequence Description
    ------- ------ -----    ------- ------ -----   ---- --  -------- -----------

   [No hits detected that satisfy reporting thresholds]


Domain annotation for each sequence:

   [No targets detected that satisfy reporting thresholds]


Internal pipeline statistics summary:
-------------------------------------
Query model(s):                            1  (179 nodes)
Target sequences:                       4859  (1464560 residues searched)
Passed MSV filter:                       105  (0.0216094); expected 97.2 (0.02)
Passed bias filter:                       96  (0.0197572); expected 97.2 (0.02)
Passed Vit filter:                         9  (0.00185223); expected 4.9 (0.001)
Passed Fwd filter:                         4  (0.000823215); expected 0.0 (1e-05)
Initial search space (Z):               4859  [actual number of targets]
Domain search space  (domZ):               0  [number of targets reported over threshold]
# CPU time: 0.03u 0.00s 00:00:00.03 Elapsed: 00:00:00.03
# Mc/sec: 7097.57
//
Query:       TIGR00456  [M=569]
Accession:   TIGR00456
Description: argS: arginine--tRNA ligase
Scores for complete sequences (score includes all domains):
   --- full sequence ---   --- best 1 domain ---    -#dom-
    E-value  score  bias    E-value  score  bias    exp  N  Sequence                  Description
    ------- ------ -----    ------- ------ -----   ---- --  --------                  -----------
    7.7e-92  306.5   0.0    3.1e-91  304.5   0.0    1.7  1  NZ_CDRNJH010000001.1_2898  # 2936032 # 2937642 # -1 # ID=1_2898;partial=00;start_type=ATG;rbs_motif=None;rbs_spacer=None;gc_cont=0.613


Domain annotation for each sequence:
>> NZ_CDRNJH010000001.1_2898  # 2936032 # 2937642 # -1 # ID=1_2898;partial=00;start_type=ATG;rbs_motif=None;rbs_spacer=None;gc_cont=0.613
   #    score  bias  c-Evalue  i-Evalue hmmfrom  hmm to    alifrom  ali to    envfrom  env to     acc
 ---   ------ ----- --------- --------- ------- -------    ------- -------    ------- -------    ----
   1 !  304.5   0.0   6.4e-95   3.1e-91      18     490 ..      24     486 ..       7     493 .. 0.88



Internal pipeline statistics summary:
-------------------------------------
Query model(s):                            1  (569 nodes)
Target sequences:                       4859  (1464560 residues searched)
Passed MSV filter:                        87  (0.0179049); expected 97.2 (0.02)
Passed bias filter:                       83  (0.0170817); expected 97.2 (0.02)
Passed Vit filter:                        12  (0.00246964); expected 4.9 (0.001)
Passed Fwd filter:                         3  (0.000617411); expected 0.0 (1e-05)
Initial search space (Z):               4859  [actual number of targets]
Domain search space  (domZ):               1  [number of targets reported over threshold]
# CPU time: 0.07u 0.00s 00:00:00.07 Elapsed: 00:00:00.07
# Mc/sec: 11701.17
//
Query:       TIGR00459  [M=586]
Accession:   TIGR00459
Description: aspS_bact: aspartate--tRNA ligase
Scores for complete sequences (score includes all domains):
   --- full sequence ---   --- best 1 domain ---    -#dom-
    E-value  score  bias    E-value  score  bias    exp  N  Sequence                  Description
    ------- ------ -----    ------- ------ -----   ---- --  --------                  -----------
   3.7e-180  598.2   0.0   4.2e-180  598.0   0.0    1.0  1  NZ_CDRNJH010000001.1_3055  # 3090997 # 3092787 # -1 # ID=1_3055;partial=00;start_type=ATG;rbs_motif=GGA/GAG/AGG;rbs_spacer=5-10bp;gc_cont=0.621


Domain annotation for each sequence:
>> NZ_CDRNJH010000001.1_3055  # 3090997 # 3092787 # -1 # ID=1_3055;partial=00;start_type=ATG;rbs_motif=GGA/GAG/AGG;rbs_spacer=5-10bp;gc_cont=0.621
   #    score  bias  c-Evalue  i-Evalue hmmfrom  hmm to    alifrom  ali to    envfrom  env to     acc
 ---   ------ ----- --------- --------- ------- -------    ------- -------    ------- -------    ----
   1 !  598.0   0.0  8.7e-184  4.2e-180       3     583 ..       7     593 ..       5     596 .. 0.96



Internal pipeline statistics summary:
-------------------------------------
Query model(s):                            1  (586 nodes)
Target sequences:                       4859  (1464560 residues searched)
Passed MSV filter:                        85  (0.0174933); expected 97.2 (0.02)
Passed bias filter:                       77  (0.0158469); expected 97.2 (0.02)
Passed Vit filter:                         7  (0.00144063); expected 4.9 (0.001)
Passed Fwd filter:                         2  (0.000411607); expected 0.0 (1e-05)
Initial search space (Z):               4859  [actual number of targets]
Domain search space  (domZ):               1  [number of targets reported over threshold]
# CPU time: 0.05u 0.00s 00:00:00.05 Elapsed: 00:00:00.05
# Mc/sec: 16460.21
//
Query:       TIGR00460  [M=315]
Accession:   TIGR00460
Description: fmt: methionyl-tRNA formyltransferase
Scores for complete sequences (score includes all domains):
   --- full sequence ---   --- best 1 domain ---    -#dom-
    E-value  score  bias    E-value  score  bias    exp  N  Sequence                  Description
    ------- ------ -----    ------- ------ -----   ---- --  --------                  -----------
      1e-80  269.3   0.0    1.2e-80  269.0   0.0    1.0  1  NZ_CDRNJH010000001.1_4385  # 4457483 # 4458409 # -1 # ID=1_4385;partial=00;start_type=ATG;rbs_motif=AGGAG;rbs_spacer=5-10bp;gc_cont=0.659


Domain annotation for each sequence:
>> NZ_CDRNJH010000001.1_4385  # 4457483 # 4458409 # -1 # ID=1_4385;partial=00;start_type=ATG;rbs_motif=AGGAG;rbs_spacer=5-10bp;gc_cont=0.659
   #    score  bias  c-Evalue  i-Evalue hmmfrom  hmm to    alifrom  ali to    envfrom  env to     acc
 ---   ------ ----- --------- --------- ------- -------    ------- -------    ------- -------    ----
   1 !  269.0   0.0   2.6e-84   1.2e-80       1     304 [.       1     299 [.       1     305 [. 0.95



Internal pipeline statistics summary:
-------------------------------------
Query model(s):                            1  (315 nodes)
Target sequences:                       4859  (1464560 residues searched)
Passed MSV filter:                       105  (0.0216094); expected 97.2 (0.02)
Passed bias filter:                       94  (0.0193455); expected 97.2 (0.02)
Passed Vit filter:                         8  (0.00164643); expected 4.9 (0.001)
Passed Fwd filter:                         3  (0.000617411); expected 0.0 (1e-05)
Initial search space (Z):               4859  [actual number of targets]
Domain search space  (domZ):               1  [number of targets reported over threshold]
# CPU time: 0.04u 0.00s 00:00:00.04 Elapsed: 00:00:00.04
# Mc/sec: 10038.47
//
Query:       TIGR00468  [M=324]
Accession:   TIGR00468
Description: pheS: phenylalanine--tRNA ligase, alpha subunit
Scores for complete sequences (score includes all domains):
   --- full sequence ---   --- best 1 domain ---    -#dom-
    E-value  score  bias    E-value  score  bias    exp  N  Sequence                 Description
    ------- ------ -----    ------- ------ -----   ---- --  --------                 -----------
    1.4e-97  324.9   0.0    6.8e-96  319.4   0.0    2.4  1  NZ_CDRNJH010000001.1_501  # 508716 # 509846 # -1 # ID=1_501;partial=00;start_type=ATG;rbs_motif=GGA/GAG/AGG;rbs_spacer=5-10bp;gc_cont=0.629


Domain annotation for each sequence:
>> NZ_CDRNJH010000001.1_501  # 508716 # 509846 # -1 # ID=1_501;partial=00;start_type=ATG;rbs_motif=GGA/GAG/AGG;rbs_spacer=5-10bp;gc_cont=0.629
   #    score  bias  c-Evalue  i-Evalue hmmfrom  hmm to    alifrom  ali to    envfrom  env to     acc
 ---   ------ ----- --------- --------- ------- -------    ------- -------    ------- -------    ----
   1 !  319.4   0.0   1.4e-99   6.8e-96       9     321 ..      48     359 ..      40     361 .. 0.93



Internal pipeline statistics summary:
-------------------------------------
Query model(s):                            1  (324 nodes)
Target sequences:                       4859  (1464560 residues searched)
Passed MSV filter:                        91  (0.0187281); expected 97.2 (0.02)
Passed bias filter:                       87  (0.0179049); expected 97.2 (0.02)
Passed Vit filter:                        13  (0.00267545); expected 4.9 (0.001)
Passed Fwd filter:                         2  (0.000411607); expected 0.0 (1e-05)
Initial search space (Z):               4859  [actual number of targets]
Domain search space  (domZ):               1  [number of targets reported over threshold]
# CPU time: 0.05u 0.00s 00:00:00.05 Elapsed: 00:00:00.03
# Mc/sec: 12797.61
//
Query:       TIGR00472  [M=798]
Accession:   TIGR00472
Description: pheT_bact: phenylalanine--tRNA ligase, beta subunit
Scores for complete sequences (score includes all domains):
   --- full sequence ---   --- best 1 domain ---    -#dom-
    E-value  score  bias    E-value  score  bias    exp  N  Sequence                 Description
    ------- ------ -----    ------- ------ -----   ---- --  --------                 -----------
   1.8e-216  719.1   0.0     2e-216  719.0   0.0    1.0  1  NZ_CDRNJH010000001.1_499  # 505231 # 507654 # -1 # ID=1_499;partial=00;start_type=ATG;rbs_motif=GGA/GAG/AGG;rbs_spacer=5-10bp;gc_cont=0.623


Domain annotation for each sequence:
>> NZ_CDRNJH010000001.1_499  # 505231 # 507654 # -1 # ID=1_499;partial=00;start_type=ATG;rbs_motif=GGA/GAG/AGG;rbs_spacer=5-10bp;gc_cont=0.623
   #    score  bias  c-Evalue  i-Evalue hmmfrom  hmm to    alifrom  ali to    envfrom  env to     acc
 ---   ------ ----- --------- --------- ------- -------    ------- -------    ------- -------    ----
   1 !  719.0   0.0  4.1e-220    2e-216       1     798 []       1     806 [.       1     806 [. 0.94



Internal pipeline statistics summary:
-------------------------------------
Query model(s):                            1  (798 nodes)
Target sequences:                       4859  (1464560 residues searched)
Passed MSV filter:                        82  (0.0168759); expected 97.2 (0.02)
Passed bias filter:                       76  (0.0156411); expected 97.2 (0.02)
Passed Vit filter:                         9  (0.00185223); expected 4.9 (0.001)
Passed Fwd filter:                         1  (0.000205804); expected 0.0 (1e-05)
Initial search space (Z):               4859  [actual number of targets]
Domain search space  (domZ):               1  [number of targets reported over threshold]
# CPU time: 0.07u 0.01s 00:00:00.08 Elapsed: 00:00:00.08
# Mc/sec: 13235.54
//
Query:       TIGR00483  [M=427]
Accession:   TIGR00483
Description: EF-1_alpha: translation elongation factor EF-1, subunit alpha
Scores for complete sequences (score includes all domains):
   --- full sequence ---   --- best 1 domain ---    -#dom-
    E-value  score  bias    E-value  score  bias    exp  N  Sequence Description
    ------- ------ -----    ------- ------ -----   ---- --  -------- -----------

   [No hits detected that satisfy reporting thresholds]


Domain annotation for each sequence:

   [No targets detected that satisfy reporting thresholds]


Internal pipeline statistics summary:
-------------------------------------
Query model(s):                            1  (427 nodes)
Target sequences:                       4859  (1464560 residues searched)
Passed MSV filter:                       105  (0.0216094); expected 97.2 (0.02)
Passed bias filter:                       98  (0.0201688); expected 97.2 (0.02)
Passed Vit filter:                        13  (0.00267545); expected 4.9 (0.001)
Passed Fwd filter:                         8  (0.00164643); expected 0.0 (1e-05)
Initial search space (Z):               4859  [actual number of targets]
Domain search space  (domZ):               0  [number of targets reported over threshold]
# CPU time: 0.08u 0.01s 00:00:00.09 Elapsed: 00:00:00.08
# Mc/sec: 7218.66
//
Query:       TIGR00487  [M=587]
Accession:   TIGR00487
Description: IF-2: translation initiation factor IF-2
Scores for complete sequences (score includes all domains):
   --- full sequence ---   --- best 1 domain ---    -#dom-
    E-value  score  bias    E-value  score  bias    exp  N  Sequence                 Description
    ------- ------ -----    ------- ------ -----   ---- --  --------                 -----------
   2.3e-240  797.4  23.9     3e-240  797.0  23.9    1.1  1  NZ_CDRNJH010000001.1_526  # 529132 # 531999 # 1 # ID=1_526;partial=00;start_type=ATG;rbs_motif=GGA/GAG/AGG;rbs_spacer=3-4bp;gc_cont=0.649


Domain annotation for each sequence:
>> NZ_CDRNJH010000001.1_526  # 529132 # 531999 # 1 # ID=1_526;partial=00;start_type=ATG;rbs_motif=GGA/GAG/AGG;rbs_spacer=3-4bp;gc_cont=0.649
   #    score  bias  c-Evalue  i-Evalue hmmfrom  hmm to    alifrom  ali to    envfrom  env to     acc
 ---   ------ ----- --------- --------- ------- -------    ------- -------    ------- -------    ----
   1 !  797.0  23.9  6.1e-244    3e-240       3     586 ..     372     955 ..     370     955 .. 0.98



Internal pipeline statistics summary:
-------------------------------------
Query model(s):                            1  (587 nodes)
Target sequences:                       4859  (1464560 residues searched)
Passed MSV filter:                       156  (0.0321054); expected 97.2 (0.02)
Passed bias filter:                      120  (0.0246964); expected 97.2 (0.02)
Passed Vit filter:                        21  (0.00432188); expected 4.9 (0.001)
Passed Fwd filter:                        14  (0.00288125); expected 0.0 (1e-05)
Initial search space (Z):               4859  [actual number of targets]
Domain search space  (domZ):               1  [number of targets reported over threshold]
# CPU time: 0.11u 0.00s 00:00:00.11 Elapsed: 00:00:00.11
# Mc/sec: 7352.46
//
Query:       TIGR00491  [M=594]
Accession:   TIGR00491
Description: aIF-2: translation initiation factor aIF-2
Scores for complete sequences (score includes all domains):
   --- full sequence ---   --- best 1 domain ---    -#dom-
    E-value  score  bias    E-value  score  bias    exp  N  Sequence Description
    ------- ------ -----    ------- ------ -----   ---- --  -------- -----------

   [No hits detected that satisfy reporting thresholds]


Domain annotation for each sequence:

   [No targets detected that satisfy reporting thresholds]


Internal pipeline statistics summary:
-------------------------------------
Query model(s):                            1  (594 nodes)
Target sequences:                       4859  (1464560 residues searched)
Passed MSV filter:                       123  (0.0253139); expected 97.2 (0.02)
Passed bias filter:                      104  (0.0214036); expected 97.2 (0.02)
Passed Vit filter:                        15  (0.00308705); expected 4.9 (0.001)
Passed Fwd filter:                         8  (0.00164643); expected 0.0 (1e-05)
Initial search space (Z):               4859  [actual number of targets]
Domain search space  (domZ):               0  [number of targets reported over threshold]
# CPU time: 0.10u 0.00s 00:00:00.10 Elapsed: 00:00:00.09
# Mc/sec: 8923.26
//
Query:       TIGR00496  [M=176]
Accession:   TIGR00496
Description: frr: ribosome recycling factor
Scores for complete sequences (score includes all domains):
   --- full sequence ---   --- best 1 domain ---    -#dom-
    E-value  score  bias    E-value  score  bias    exp  N  Sequence                  Description
    ------- ------ -----    ------- ------ -----   ---- --  --------                  -----------
    1.4e-63  211.7   0.9    1.6e-63  211.5   0.9    1.0  1  NZ_CDRNJH010000001.1_3128  # 3161878 # 3162432 # -1 # ID=1_3128;partial=00;start_type=ATG;rbs_motif=AGGA;rbs_spacer=5-10bp;gc_cont=0.629


Domain annotation for each sequence:
>> NZ_CDRNJH010000001.1_3128  # 3161878 # 3162432 # -1 # ID=1_3128;partial=00;start_type=ATG;rbs_motif=AGGA;rbs_spacer=5-10bp;gc_cont=0.629
   #    score  bias  c-Evalue  i-Evalue hmmfrom  hmm to    alifrom  ali to    envfrom  env to     acc
 ---   ------ ----- --------- --------- ------- -------    ------- -------    ------- -------    ----
   1 !  211.5   0.9   3.3e-67   1.6e-63       1     176 []       9     184 ..       9     184 .. 0.99



Internal pipeline statistics summary:
-------------------------------------
Query model(s):                            1  (176 nodes)
Target sequences:                       4859  (1464560 residues searched)
Passed MSV filter:                        74  (0.0152295); expected 97.2 (0.02)
Passed bias filter:                       56  (0.011525); expected 97.2 (0.02)
Passed Vit filter:                         4  (0.000823215); expected 4.9 (0.001)
Passed Fwd filter:                         1  (0.000205804); expected 0.0 (1e-05)
Initial search space (Z):               4859  [actual number of targets]
Domain search space  (domZ):               1  [number of targets reported over threshold]
# CPU time: 0.02u 0.00s 00:00:00.02 Elapsed: 00:00:00.02
# Mc/sec: 11652.61
//
Query:       TIGR00522  [M=258]
Accession:   TIGR00522
Description: dph5: diphthine synthase
Scores for complete sequences (score includes all domains):
   --- full sequence ---   --- best 1 domain ---    -#dom-
    E-value  score  bias    E-value  score  bias    exp  N  Sequence Description
    ------- ------ -----    ------- ------ -----   ---- --  -------- -----------

   [No hits detected that satisfy reporting thresholds]


Domain annotation for each sequence:

   [No targets detected that satisfy reporting thresholds]


Internal pipeline statistics summary:
-------------------------------------
Query model(s):                            1  (258 nodes)
Target sequences:                       4859  (1464560 residues searched)
Passed MSV filter:                        94  (0.0193455); expected 97.2 (0.02)
Passed bias filter:                       83  (0.0170817); expected 97.2 (0.02)
Passed Vit filter:                         5  (0.00102902); expected 4.9 (0.001)
Passed Fwd filter:                         1  (0.000205804); expected 0.0 (1e-05)
Initial search space (Z):               4859  [actual number of targets]
Domain search space  (domZ):               0  [number of targets reported over threshold]
# CPU time: 0.03u 0.00s 00:00:00.03 Elapsed: 00:00:00.04
# Mc/sec: 8800.24
//
Query:       TIGR00539  [M=361]
Accession:   TIGR00539
Description: hemN_rel: putative oxygen-independent coproporphyrinogen III oxidase
Scores for complete sequences (score includes all domains):
   --- full sequence ---   --- best 1 domain ---    -#dom-
    E-value  score  bias    E-value  score  bias    exp  N  Sequence Description
    ------- ------ -----    ------- ------ -----   ---- --  -------- -----------

   [No hits detected that satisfy reporting thresholds]


Domain annotation for each sequence:

   [No targets detected that satisfy reporting thresholds]


Internal pipeline statistics summary:
-------------------------------------
Query model(s):                            1  (361 nodes)
Target sequences:                       4859  (1464560 residues searched)
Passed MSV filter:                        82  (0.0168759); expected 97.2 (0.02)
Passed bias filter:                       80  (0.0164643); expected 97.2 (0.02)
Passed Vit filter:                        12  (0.00246964); expected 4.9 (0.001)
Passed Fwd filter:                         4  (0.000823215); expected 0.0 (1e-05)
Initial search space (Z):               4859  [actual number of targets]
Domain search space  (domZ):               0  [number of targets reported over threshold]
# CPU time: 0.05u 0.00s 00:00:00.05 Elapsed: 00:00:00.06
# Mc/sec: 8378.23
//
Query:       TIGR00580  [M=923]
Accession:   TIGR00580
Description: mfd: transcription-repair coupling factor
Scores for complete sequences (score includes all domains):
   --- full sequence ---   --- best 1 domain ---    -#dom-
    E-value  score  bias    E-value  score  bias    exp  N  Sequence                  Description
    ------- ------ -----    ------- ------ -----   ---- --  --------                  -----------
          0 1030.3   0.0          0 1030.1   0.0    1.0  1  NZ_CDRNJH010000001.1_2960  # 2996160 # 2999645 # 1 # ID=1_2960;partial=00;start_type=ATG;rbs_motif=GGA/GAG/AGG;rbs_spacer=5-10bp;gc_cont=0.623
   1.4e-223  743.1   0.0   1.8e-223  742.8   0.0    1.0  1  NZ_CDRNJH010000002.1_62    # 65909 # 68428 # 1 # ID=2_62;partial=00;start_type=TTG;rbs_motif=None;rbs_spacer=None;gc_cont=0.632


Domain annotation for each sequence:
>> NZ_CDRNJH010000001.1_2960  # 2996160 # 2999645 # 1 # ID=1_2960;partial=00;start_type=ATG;rbs_motif=GGA/GAG/AGG;rbs_spacer=5-10bp;gc_cont=0.623
   #    score  bias  c-Evalue  i-Evalue hmmfrom  hmm to    alifrom  ali to    envfrom  env to     acc
 ---   ------ ----- --------- --------- ------- -------    ------- -------    ------- -------    ----
   1 ! 1030.1   0.0         0         0       3     922 ..     150    1089 ..     148    1090 .. 0.92

>> NZ_CDRNJH010000002.1_62  # 65909 # 68428 # 1 # ID=2_62;partial=00;start_type=TTG;rbs_motif=None;rbs_spacer=None;gc_cont=0.632
   #    score  bias  c-Evalue  i-Evalue hmmfrom  hmm to    alifrom  ali to    envfrom  env to     acc
 ---   ------ ----- --------- --------- ------- -------    ------- -------    ------- -------    ----
   1 !  742.8   0.0  7.3e-227  1.8e-223     171     922 ..      40     782 ..       9     783 .. 0.91



Internal pipeline statistics summary:
-------------------------------------
Query model(s):                            1  (923 nodes)
Target sequences:                       4859  (1464560 residues searched)
Passed MSV filter:                       139  (0.0286067); expected 97.2 (0.02)
Passed bias filter:                      103  (0.0211978); expected 97.2 (0.02)
Passed Vit filter:                        21  (0.00432188); expected 4.9 (0.001)
Passed Fwd filter:                        10  (0.00205804); expected 0.0 (1e-05)
Initial search space (Z):               4859  [actual number of targets]
Domain search space  (domZ):               2  [number of targets reported over threshold]
# CPU time: 0.15u 0.01s 00:00:00.16 Elapsed: 00:00:00.18
# Mc/sec: 7228.89
//
Query:       TIGR00593  [M=890]
Accession:   TIGR00593
Description: pola: DNA polymerase I
Scores for complete sequences (score includes all domains):
   --- full sequence ---   --- best 1 domain ---    -#dom-
    E-value  score  bias    E-value  score  bias    exp  N  Sequence                Description
    ------- ------ -----    ------- ------ -----   ---- --  --------                -----------
   6.7e-271  899.6   0.0   8.3e-271  899.3   0.0    1.1  1  NZ_CDRNJH010000001.1_77  # 86514 # 89435 # 1 # ID=1_77;partial=00;start_type=ATG;rbs_motif=GGA/GAG/AGG;rbs_spacer=5-10bp;gc_cont=0.623


Domain annotation for each sequence:
>> NZ_CDRNJH010000001.1_77  # 86514 # 89435 # 1 # ID=1_77;partial=00;start_type=ATG;rbs_motif=GGA/GAG/AGG;rbs_spacer=5-10bp;gc_cont=0.623
   #    score  bias  c-Evalue  i-Evalue hmmfrom  hmm to    alifrom  ali to    envfrom  env to     acc
 ---   ------ ----- --------- --------- ------- -------    ------- -------    ------- -------    ----
   1 !  899.3   0.0  1.7e-274  8.3e-271       1     890 []       3     973 ..       3     973 .. 0.88



Internal pipeline statistics summary:
-------------------------------------
Query model(s):                            1  (890 nodes)
Target sequences:                       4859  (1464560 residues searched)
Passed MSV filter:                       122  (0.025108); expected 97.2 (0.02)
Passed bias filter:                       88  (0.0181107); expected 97.2 (0.02)
Passed Vit filter:                         8  (0.00164643); expected 4.9 (0.001)
Passed Fwd filter:                         2  (0.000411607); expected 0.0 (1e-05)
Initial search space (Z):               4859  [actual number of targets]
Domain search space  (domZ):               1  [number of targets reported over threshold]
# CPU time: 0.09u 0.01s 00:00:00.10 Elapsed: 00:00:00.09
# Mc/sec: 13523.53
//
Query:       TIGR00615  [M=196]
Accession:   TIGR00615
Description: recR: recombination protein RecR
Scores for complete sequences (score includes all domains):
   --- full sequence ---   --- best 1 domain ---    -#dom-
    E-value  score  bias    E-value  score  bias    exp  N  Sequence                  Description
    ------- ------ -----    ------- ------ -----   ---- --  --------                  -----------
    5.4e-55  184.0   0.0    6.4e-55  183.7   0.0    1.0  1  NZ_CDRNJH010000001.1_4401  # 4473479 # 4474105 # 1 # ID=1_4401;partial=00;start_type=GTG;rbs_motif=GGA/GAG/AGG;rbs_spacer=5-10bp;gc_cont=0.632


Domain annotation for each sequence:
>> NZ_CDRNJH010000001.1_4401  # 4473479 # 4474105 # 1 # ID=1_4401;partial=00;start_type=GTG;rbs_motif=GGA/GAG/AGG;rbs_spacer=5-10bp;gc_cont=0.632
   #    score  bias  c-Evalue  i-Evalue hmmfrom  hmm to    alifrom  ali to    envfrom  env to     acc
 ---   ------ ----- --------- --------- ------- -------    ------- -------    ------- -------    ----
   1 !  183.7   0.0   1.3e-58   6.4e-55       5     195 ..      17     205 ..      14     206 .. 0.96



Internal pipeline statistics summary:
-------------------------------------
Query model(s):                            1  (196 nodes)
Target sequences:                       4859  (1464560 residues searched)
Passed MSV filter:                        94  (0.0193455); expected 97.2 (0.02)
Passed bias filter:                       83  (0.0170817); expected 97.2 (0.02)
Passed Vit filter:                        12  (0.00246964); expected 4.9 (0.001)
Passed Fwd filter:                         1  (0.000205804); expected 0.0 (1e-05)
Initial search space (Z):               4859  [actual number of targets]
Domain search space  (domZ):               1  [number of targets reported over threshold]
# CPU time: 0.03u 0.00s 00:00:00.03 Elapsed: 00:00:00.04
# Mc/sec: 6932.14
//
Query:       TIGR00631  [M=658]
Accession:   TIGR00631
Description: uvrb: excinuclease ABC subunit B
Scores for complete sequences (score includes all domains):
   --- full sequence ---   --- best 1 domain ---    -#dom-
    E-value  score  bias    E-value  score  bias    exp  N  Sequence                  Description
    ------- ------ -----    ------- ------ -----   ---- --  --------                  -----------
   5.4e-304 1007.6   0.2   7.3e-304 1007.2   0.2    1.1  1  NZ_CDRNJH010000001.1_2272  # 2342318 # 2344921 # -1 # ID=1_2272;partial=00;start_type=ATG;rbs_motif=GGA/GAG/AGG;rbs_spacer=5-10bp;gc_cont=0.633


Domain annotation for each sequence:
>> NZ_CDRNJH010000001.1_2272  # 2342318 # 2344921 # -1 # ID=1_2272;partial=00;start_type=ATG;rbs_motif=GGA/GAG/AGG;rbs_spacer=5-10bp;gc_cont=0.633
   #    score  bias  c-Evalue  i-Evalue hmmfrom  hmm to    alifrom  ali to    envfrom  env to     acc
 ---   ------ ----- --------- --------- ------- -------    ------- -------    ------- -------    ----
   1 ! 1007.2   0.2  1.5e-307  7.3e-304       2     658 .]     200     855 ..     199     855 .. 0.98



Internal pipeline statistics summary:
-------------------------------------
Query model(s):                            1  (658 nodes)
Target sequences:                       4859  (1464560 residues searched)
Passed MSV filter:                       147  (0.0302531); expected 97.2 (0.02)
Passed bias filter:                      131  (0.0269603); expected 97.2 (0.02)
Passed Vit filter:                        26  (0.0053509); expected 4.9 (0.001)
Passed Fwd filter:                        12  (0.00246964); expected 0.0 (1e-05)
Initial search space (Z):               4859  [actual number of targets]
Domain search space  (domZ):               1  [number of targets reported over threshold]
# CPU time: 0.11u 0.01s 00:00:00.12 Elapsed: 00:00:00.13
# Mc/sec: 7040.79
//
Query:       TIGR00634  [M=563]
Accession:   TIGR00634
Description: recN: DNA repair protein RecN
Scores for complete sequences (score includes all domains):
   --- full sequence ---   --- best 1 domain ---    -#dom-
    E-value  score  bias    E-value  score  bias    exp  N  Sequence                  Description
    ------- ------ -----    ------- ------ -----   ---- --  --------                  -----------
   1.1e-139  465.1  15.5   1.2e-139  464.9  15.5    1.0  1  NZ_CDRNJH010000001.1_2487  # 2548581 # 2550251 # 1 # ID=1_2487;partial=00;start_type=ATG;rbs_motif=GGA/GAG/AGG;rbs_spacer=5-10bp;gc_cont=0.649


Domain annotation for each sequence:
>> NZ_CDRNJH010000001.1_2487  # 2548581 # 2550251 # 1 # ID=1_2487;partial=00;start_type=ATG;rbs_motif=GGA/GAG/AGG;rbs_spacer=5-10bp;gc_cont=0.649
   #    score  bias  c-Evalue  i-Evalue hmmfrom  hmm to    alifrom  ali to    envfrom  env to     acc
 ---   ------ ----- --------- --------- ------- -------    ------- -------    ------- -------    ----
   1 !  464.9  15.5  2.5e-143  1.2e-139       1     562 [.       1     553 [.       1     554 [. 0.97



Internal pipeline statistics summary:
-------------------------------------
Query model(s):                            1  (563 nodes)
Target sequences:                       4859  (1464560 residues searched)
Passed MSV filter:                       310  (0.0637991); expected 97.2 (0.02)
Passed bias filter:                      220  (0.0452768); expected 97.2 (0.02)
Passed Vit filter:                        55  (0.0113192); expected 4.9 (0.001)
Passed Fwd filter:                         9  (0.00185223); expected 0.0 (1e-05)
Initial search space (Z):               4859  [actual number of targets]
Domain search space  (domZ):               1  [number of targets reported over threshold]
# CPU time: 0.11u 0.00s 00:00:00.11 Elapsed: 00:00:00.12
# Mc/sec: 6673.02
//
Query:       TIGR00635  [M=305]
Accession:   TIGR00635
Description: ruvB: Holliday junction DNA helicase RuvB
Scores for complete sequences (score includes all domains):
   --- full sequence ---   --- best 1 domain ---    -#dom-
    E-value  score  bias    E-value  score  bias    exp  N  Sequence                  Description
    ------- ------ -----    ------- ------ -----   ---- --  --------                  -----------
   4.7e-134  444.3   0.0   5.4e-134  444.1   0.0    1.0  1  NZ_CDRNJH010000001.1_1200  # 1191059 # 1192102 # 1 # ID=1_1200;partial=00;start_type=GTG;rbs_motif=GGA/GAG/AGG;rbs_spacer=5-10bp;gc_cont=0.635


Domain annotation for each sequence:
>> NZ_CDRNJH010000001.1_1200  # 1191059 # 1192102 # 1 # ID=1_1200;partial=00;start_type=GTG;rbs_motif=GGA/GAG/AGG;rbs_spacer=5-10bp;gc_cont=0.635
   #    score  bias  c-Evalue  i-Evalue hmmfrom  hmm to    alifrom  ali to    envfrom  env to     acc
 ---   ------ ----- --------- --------- ------- -------    ------- -------    ------- -------    ----
   1 !  444.1   0.0  1.1e-137  5.4e-134       3     304 ..      24     325 ..      22     326 .. 0.99



Internal pipeline statistics summary:
-------------------------------------
Query model(s):                            1  (305 nodes)
Target sequences:                       4859  (1464560 residues searched)
Passed MSV filter:                       295  (0.0607121); expected 97.2 (0.02)
Passed bias filter:                      268  (0.0551554); expected 97.2 (0.02)
Passed Vit filter:                       107  (0.022021); expected 4.9 (0.001)
Passed Fwd filter:                        14  (0.00288125); expected 0.0 (1e-05)
Initial search space (Z):               4859  [actual number of targets]
Domain search space  (domZ):               1  [number of targets reported over threshold]
# CPU time: 0.09u 0.00s 00:00:00.09 Elapsed: 00:00:00.08
# Mc/sec: 5100.58
//
Query:       TIGR00643  [M=629]
Accession:   TIGR00643
Description: recG: ATP-dependent DNA helicase RecG
Scores for complete sequences (score includes all domains):
   --- full sequence ---   --- best 1 domain ---    -#dom-
    E-value  score  bias    E-value  score  bias    exp  N  Sequence                  Description
    ------- ------ -----    ------- ------ -----   ---- --  --------                  -----------
   1.7e-196  652.8   0.0     2e-196  652.5   0.0    1.0  1  NZ_CDRNJH010000001.1_2958  # 2993616 # 2995724 # -1 # ID=1_2958;partial=00;start_type=GTG;rbs_motif=AGGAG;rbs_spacer=5-10bp;gc_cont=0.625


Domain annotation for each sequence:
>> NZ_CDRNJH010000001.1_2958  # 2993616 # 2995724 # -1 # ID=1_2958;partial=00;start_type=GTG;rbs_motif=AGGAG;rbs_spacer=5-10bp;gc_cont=0.625
   #    score  bias  c-Evalue  i-Evalue hmmfrom  hmm to    alifrom  ali to    envfrom  env to     acc
 ---   ------ ----- --------- --------- ------- -------    ------- -------    ------- -------    ----
   1 !  652.5   0.0  4.2e-200    2e-196       6     629 .]      42     665 ..      38     665 .. 0.96



Internal pipeline statistics summary:
-------------------------------------
Query model(s):                            1  (629 nodes)
Target sequences:                       4859  (1464560 residues searched)
Passed MSV filter:                       150  (0.0308705); expected 97.2 (0.02)
Passed bias filter:                      133  (0.0273719); expected 97.2 (0.02)
Passed Vit filter:                        22  (0.00452768); expected 4.9 (0.001)
Passed Fwd filter:                        11  (0.00226384); expected 0.0 (1e-05)
Initial search space (Z):               4859  [actual number of targets]
Domain search space  (domZ):               1  [number of targets reported over threshold]
# CPU time: 0.13u 0.01s 00:00:00.14 Elapsed: 00:00:00.16
# Mc/sec: 5648.35
//
Query:       TIGR00663  [M=367]
Accession:   TIGR00663
Description: dnan: DNA polymerase III, beta subunit
Scores for complete sequences (score includes all domains):
   --- full sequence ---   --- best 1 domain ---    -#dom-
    E-value  score  bias    E-value  score  bias    exp  N  Sequence                  Description
    ------- ------ -----    ------- ------ -----   ---- --  --------                  -----------
    2.8e-94  314.1   0.0    3.1e-94  314.0   0.0    1.0  1  NZ_CDRNJH010000001.1_399   # 402963 # 404084 # -1 # ID=1_399;partial=00;start_type=ATG;rbs_motif=GGA/GAG/AGG;rbs_spacer=11-12bp;gc_cont=0.604
      4e-40  135.9   0.0    4.6e-40  135.8   0.0    1.0  1  NZ_CDRNJH010000001.1_2831  # 2874948 # 2876093 # 1 # ID=1_2831;partial=00;start_type=ATG;rbs_motif=GGAG/GAGG;rbs_spacer=5-10bp;gc_cont=0.624


Domain annotation for each sequence:
>> NZ_CDRNJH010000001.1_399  # 402963 # 404084 # -1 # ID=1_399;partial=00;start_type=ATG;rbs_motif=GGA/GAG/AGG;rbs_spacer=11-12bp;gc_cont=0.604
   #    score  bias  c-Evalue  i-Evalue hmmfrom  hmm to    alifrom  ali to    envfrom  env to     acc
 ---   ------ ----- --------- --------- ------- -------    ------- -------    ------- -------    ----
   1 !  314.0   0.0   1.3e-97   3.1e-94       1     366 [.       1     372 [.       1     373 [. 0.95

>> NZ_CDRNJH010000001.1_2831  # 2874948 # 2876093 # 1 # ID=1_2831;partial=00;start_type=ATG;rbs_motif=GGAG/GAGG;rbs_spacer=5-10bp;gc_cont=0.624
   #    score  bias  c-Evalue  i-Evalue hmmfrom  hmm to    alifrom  ali to    envfrom  env to     acc
 ---   ------ ----- --------- --------- ------- -------    ------- -------    ------- -------    ----
   1 !  135.8   0.0   1.9e-43   4.6e-40       1     366 [.       1     360 [.       1     361 [. 0.88



Internal pipeline statistics summary:
-------------------------------------
Query model(s):                            1  (367 nodes)
Target sequences:                       4859  (1464560 residues searched)
Passed MSV filter:                        69  (0.0142005); expected 97.2 (0.02)
Passed bias filter:                       62  (0.0127598); expected 97.2 (0.02)
Passed Vit filter:                         6  (0.00123482); expected 4.9 (0.001)
Passed Fwd filter:                         2  (0.000411607); expected 0.0 (1e-05)
Initial search space (Z):               4859  [actual number of targets]
Domain search space  (domZ):               2  [number of targets reported over threshold]
# CPU time: 0.04u 0.01s 00:00:00.05 Elapsed: 00:00:00.04
# Mc/sec: 11592.27
//
Query:       TIGR00717  [M=516]
Accession:   TIGR00717
Description: rpsA: ribosomal protein bS1
Scores for complete sequences (score includes all domains):
   --- full sequence ---   --- best 1 domain ---    -#dom-
    E-value  score  bias    E-value  score  bias    exp  N  Sequence                 Description
    ------- ------ -----    ------- ------ -----   ---- --  --------                 -----------
   2.5e-188  624.9  13.9   2.8e-188  624.7  13.9    1.0  1  NZ_CDRNJH010000001.1_482  # 483236 # 484954 # 1 # ID=1_482;partial=00;start_type=TTG;rbs_motif=GGAG/GAGG;rbs_spacer=5-10bp;gc_cont=0.596


Domain annotation for each sequence:
>> NZ_CDRNJH010000001.1_482  # 483236 # 484954 # 1 # ID=1_482;partial=00;start_type=TTG;rbs_motif=GGAG/GAGG;rbs_spacer=5-10bp;gc_cont=0.596
   #    score  bias  c-Evalue  i-Evalue hmmfrom  hmm to    alifrom  ali to    envfrom  env to     acc
 ---   ------ ----- --------- --------- ------- -------    ------- -------    ------- -------    ----
   1 !  624.7  13.9  5.9e-192  2.8e-188       1     516 []       9     535 ..       9     535 .. 0.97



Internal pipeline statistics summary:
-------------------------------------
Query model(s):                            1  (516 nodes)
Target sequences:                       4859  (1464560 residues searched)
Passed MSV filter:                       111  (0.0228442); expected 97.2 (0.02)
Passed bias filter:                      101  (0.0207862); expected 97.2 (0.02)
Passed Vit filter:                        19  (0.00391027); expected 4.9 (0.001)
Passed Fwd filter:                         5  (0.00102902); expected 0.0 (1e-05)
Initial search space (Z):               4859  [actual number of targets]
Domain search space  (domZ):               1  [number of targets reported over threshold]
# CPU time: 0.06u 0.00s 00:00:00.06 Elapsed: 00:00:00.06
# Mc/sec: 11379.18
//
Query:       TIGR00755  [M=256]
Accession:   TIGR00755
Description: ksgA: ribosomal RNA small subunit methyltransferase A
Scores for complete sequences (score includes all domains):
   --- full sequence ---   --- best 1 domain ---    -#dom-
    E-value  score  bias    E-value  score  bias    exp  N  Sequence                  Description
    ------- ------ -----    ------- ------ -----   ---- --  --------                  -----------
    7.6e-68  226.7   0.0    8.6e-68  226.5   0.0    1.0  1  NZ_CDRNJH010000001.1_3840  # 3911097 # 3911939 # 1 # ID=1_3840;partial=00;start_type=ATG;rbs_motif=GGA/GAG/AGG;rbs_spacer=3-4bp;gc_cont=0.662


Domain annotation for each sequence:
>> NZ_CDRNJH010000001.1_3840  # 3911097 # 3911939 # 1 # ID=1_3840;partial=00;start_type=ATG;rbs_motif=GGA/GAG/AGG;rbs_spacer=3-4bp;gc_cont=0.662
   #    score  bias  c-Evalue  i-Evalue hmmfrom  hmm to    alifrom  ali to    envfrom  env to     acc
 ---   ------ ----- --------- --------- ------- -------    ------- -------    ------- -------    ----
   1 !  226.5   0.0   1.8e-71   8.6e-68       2     255 ..      20     275 ..      19     276 .. 0.96



Internal pipeline statistics summary:
-------------------------------------
Query model(s):                            1  (256 nodes)
Target sequences:                       4859  (1464560 residues searched)
Passed MSV filter:                       112  (0.02305); expected 97.2 (0.02)
Passed bias filter:                      108  (0.0222268); expected 97.2 (0.02)
Passed Vit filter:                        22  (0.00452768); expected 4.9 (0.001)
Passed Fwd filter:                         7  (0.00144063); expected 0.0 (1e-05)
Initial search space (Z):               4859  [actual number of targets]
Domain search space  (domZ):               1  [number of targets reported over threshold]
# CPU time: 0.03u 0.00s 00:00:00.03 Elapsed: 00:00:00.04
# Mc/sec: 7797.08
//
Query:       TIGR00810  [M=73]
Accession:   TIGR00810
Description: secG: preprotein translocase, SecG subunit
Scores for complete sequences (score includes all domains):
   --- full sequence ---   --- best 1 domain ---    -#dom-
    E-value  score  bias    E-value  score  bias    exp  N  Sequence                  Description
    ------- ------ -----    ------- ------ -----   ---- --  --------                  -----------
    1.1e-19   68.4  11.1    1.1e-19   68.4  11.1    1.9  1  NZ_CDRNJH010000001.1_3213  # 3251689 # 3252225 # -1 # ID=1_3213;partial=00;start_type=ATG;rbs_motif=None;rbs_spacer=None;gc_cont=0.642


Domain annotation for each sequence:
>> NZ_CDRNJH010000001.1_3213  # 3251689 # 3252225 # -1 # ID=1_3213;partial=00;start_type=ATG;rbs_motif=None;rbs_spacer=None;gc_cont=0.642
   #    score  bias  c-Evalue  i-Evalue hmmfrom  hmm to    alifrom  ali to    envfrom  env to     acc
 ---   ------ ----- --------- --------- ------- -------    ------- -------    ------- -------    ----
   1 !   68.4  11.1   2.2e-23   1.1e-19       2      73 .]       3      72 ..       2      72 .. 0.97



Internal pipeline statistics summary:
-------------------------------------
Query model(s):                            1  (73 nodes)
Target sequences:                       4859  (1464560 residues searched)
Passed MSV filter:                       451  (0.0928175); expected 97.2 (0.02)
Passed bias filter:                      125  (0.0257255); expected 97.2 (0.02)
Passed Vit filter:                        12  (0.00246964); expected 4.9 (0.001)
Passed Fwd filter:                         3  (0.000617411); expected 0.0 (1e-05)
Initial search space (Z):               4859  [actual number of targets]
Domain search space  (domZ):               1  [number of targets reported over threshold]
# CPU time: 0.03u 0.00s 00:00:00.03 Elapsed: 00:00:00.02
# Mc/sec: 3889.18
//
Query:       TIGR00922  [M=172]
Accession:   TIGR00922
Description: nusG: transcription termination/antitermination factor NusG
Scores for complete sequences (score includes all domains):
   --- full sequence ---   --- best 1 domain ---    -#dom-
    E-value  score  bias    E-value  score  bias    exp  N  Sequence                  Description
    ------- ------ -----    ------- ------ -----   ---- --  --------                  -----------
    1.8e-68  227.8   2.9      2e-68  227.6   2.9    1.0  1  NZ_CDRNJH010000001.1_3344  # 3367824 # 3368354 # -1 # ID=1_3344;partial=00;start_type=ATG;rbs_motif=AGGAG/GGAGG;rbs_spacer=11-12bp;gc_cont=0.559


Domain annotation for each sequence:
>> NZ_CDRNJH010000001.1_3344  # 3367824 # 3368354 # -1 # ID=1_3344;partial=00;start_type=ATG;rbs_motif=AGGAG/GGAGG;rbs_spacer=11-12bp;gc_cont=0.559
   #    score  bias  c-Evalue  i-Evalue hmmfrom  hmm to    alifrom  ali to    envfrom  env to     acc
 ---   ------ ----- --------- --------- ------- -------    ------- -------    ------- -------    ----
   1 !  227.6   2.9   4.2e-72     2e-68       1     172 []       5     176 ..       5     176 .. 1.00



Internal pipeline statistics summary:
-------------------------------------
Query model(s):                            1  (172 nodes)
Target sequences:                       4859  (1464560 residues searched)
Passed MSV filter:                        90  (0.0185223); expected 97.2 (0.02)
Passed bias filter:                       86  (0.0176991); expected 97.2 (0.02)
Passed Vit filter:                         7  (0.00144063); expected 4.9 (0.001)
Passed Fwd filter:                         2  (0.000411607); expected 0.0 (1e-05)
Initial search space (Z):               4859  [actual number of targets]
Domain search space  (domZ):               1  [number of targets reported over threshold]
# CPU time: 0.02u 0.00s 00:00:00.02 Elapsed: 00:00:00.02
# Mc/sec: 11087.86
//
Query:       TIGR00928  [M=436]
Accession:   TIGR00928
Description: purB: adenylosuccinate lyase
Scores for complete sequences (score includes all domains):
   --- full sequence ---   --- best 1 domain ---    -#dom-
    E-value  score  bias    E-value  score  bias    exp  N  Sequence                  Description
    ------- ------ -----    ------- ------ -----   ---- --  --------                  -----------
   2.3e-146  486.0   0.1   2.6e-146  485.9   0.1    1.0  1  NZ_CDRNJH010000001.1_2748  # 2810351 # 2811682 # -1 # ID=1_2748;partial=00;start_type=ATG;rbs_motif=GGAG/GAGG;rbs_spacer=5-10bp;gc_cont=0.610


Domain annotation for each sequence:
>> NZ_CDRNJH010000001.1_2748  # 2810351 # 2811682 # -1 # ID=1_2748;partial=00;start_type=ATG;rbs_motif=GGAG/GAGG;rbs_spacer=5-10bp;gc_cont=0.610
   #    score  bias  c-Evalue  i-Evalue hmmfrom  hmm to    alifrom  ali to    envfrom  env to     acc
 ---   ------ ----- --------- --------- ------- -------    ------- -------    ------- -------    ----
   1 !  485.9   0.1  5.4e-150  2.6e-146       1     435 [.       1     440 [.       1     441 [. 0.95



Internal pipeline statistics summary:
-------------------------------------
Query model(s):                            1  (436 nodes)
Target sequences:                       4859  (1464560 residues searched)
Passed MSV filter:                        88  (0.0181107); expected 97.2 (0.02)
Passed bias filter:                       73  (0.0150237); expected 97.2 (0.02)
Passed Vit filter:                        11  (0.00226384); expected 4.9 (0.001)
Passed Fwd filter:                         5  (0.00102902); expected 0.0 (1e-05)
Initial search space (Z):               4859  [actual number of targets]
Domain search space  (domZ):               1  [number of targets reported over threshold]
# CPU time: 0.06u 0.00s 00:00:00.06 Elapsed: 00:00:00.06
# Mc/sec: 9504.10
//
Query:       TIGR00959  [M=428]
Accession:   TIGR00959
Description: ffh: signal recognition particle protein
Scores for complete sequences (score includes all domains):
   --- full sequence ---   --- best 1 domain ---    -#dom-
    E-value  score  bias    E-value  score  bias    exp  N  Sequence                 Description
    ------- ------ -----    ------- ------ -----   ---- --  --------                 -----------
   1.7e-179  595.2  14.6     2e-179  595.0  14.6    1.0  1  NZ_CDRNJH010000001.1_728  # 710062 # 711654 # -1 # ID=1_728;partial=00;start_type=ATG;rbs_motif=AGGA;rbs_spacer=5-10bp;gc_cont=0.620


Domain annotation for each sequence:
>> NZ_CDRNJH010000001.1_728  # 710062 # 711654 # -1 # ID=1_728;partial=00;start_type=ATG;rbs_motif=AGGA;rbs_spacer=5-10bp;gc_cont=0.620
   #    score  bias  c-Evalue  i-Evalue hmmfrom  hmm to    alifrom  ali to    envfrom  env to     acc
 ---   ------ ----- --------- --------- ------- -------    ------- -------    ------- -------    ----
   1 !  595.0  14.6  4.1e-183    2e-179       1     428 []       2     429 ..       2     429 .. 1.00



Internal pipeline statistics summary:
-------------------------------------
Query model(s):                            1  (428 nodes)
Target sequences:                       4859  (1464560 residues searched)
Passed MSV filter:                       242  (0.0498045); expected 97.2 (0.02)
Passed bias filter:                      192  (0.0395143); expected 97.2 (0.02)
Passed Vit filter:                        37  (0.00761474); expected 4.9 (0.001)
Passed Fwd filter:                         8  (0.00164643); expected 0.0 (1e-05)
Initial search space (Z):               4859  [actual number of targets]
Domain search space  (domZ):               1  [number of targets reported over threshold]
# CPU time: 0.06u 0.00s 00:00:00.06 Elapsed: 00:00:00.08
# Mc/sec: 7308.43
//
Query:       TIGR00963  [M=787]
Accession:   TIGR00963
Description: secA: preprotein translocase, SecA subunit
Scores for complete sequences (score includes all domains):
   --- full sequence ---   --- best 1 domain ---    -#dom-
    E-value  score  bias    E-value  score  bias    exp  N  Sequence                  Description
    ------- ------ -----    ------- ------ -----   ---- --  --------                  -----------
          0 1071.1   6.0          0 1070.9   6.0    1.0  1  NZ_CDRNJH010000001.1_1155  # 1151006 # 1153708 # 1 # ID=1_1155;partial=00;start_type=ATG;rbs_motif=AGGA;rbs_spacer=5-10bp;gc_cont=0.614


Domain annotation for each sequence:
>> NZ_CDRNJH010000001.1_1155  # 1151006 # 1153708 # 1 # ID=1_1155;partial=00;start_type=ATG;rbs_motif=AGGA;rbs_spacer=5-10bp;gc_cont=0.614
   #    score  bias  c-Evalue  i-Evalue hmmfrom  hmm to    alifrom  ali to    envfrom  env to     acc
 ---   ------ ----- --------- --------- ------- -------    ------- -------    ------- -------    ----
   1 ! 1070.9   6.0         0         0       1     784 [.      29     811 ..      29     814 .. 0.96



Internal pipeline statistics summary:
-------------------------------------
Query model(s):                            1  (787 nodes)
Target sequences:                       4859  (1464560 residues searched)
Passed MSV filter:                       102  (0.020992); expected 97.2 (0.02)
Passed bias filter:                       89  (0.0183165); expected 97.2 (0.02)
Passed Vit filter:                        12  (0.00246964); expected 4.9 (0.001)
Passed Fwd filter:                         2  (0.000411607); expected 0.0 (1e-05)
Initial search space (Z):               4859  [actual number of targets]
Domain search space  (domZ):               1  [number of targets reported over threshold]
# CPU time: 0.09u 0.01s 00:00:00.10 Elapsed: 00:00:00.10
# Mc/sec: 11249.28
//
Query:       TIGR00964  [M=57]
Accession:   TIGR00964
Description: secE_bact: preprotein translocase, SecE subunit
Scores for complete sequences (score includes all domains):
   --- full sequence ---   --- best 1 domain ---    -#dom-
    E-value  score  bias    E-value  score  bias    exp  N  Sequence                  Description
    ------- ------ -----    ------- ------ -----   ---- --  --------                  -----------
    8.6e-20   68.5   4.5    9.4e-20   68.4   4.5    1.0  1  NZ_CDRNJH010000001.1_3345  # 3368391 # 3368585 # -1 # ID=1_3345;partial=00;start_type=ATG;rbs_motif=GGA/GAG/AGG;rbs_spacer=5-10bp;gc_cont=0.523


Domain annotation for each sequence:
>> NZ_CDRNJH010000001.1_3345  # 3368391 # 3368585 # -1 # ID=1_3345;partial=00;start_type=ATG;rbs_motif=GGA/GAG/AGG;rbs_spacer=5-10bp;gc_cont=0.523
   #    score  bias  c-Evalue  i-Evalue hmmfrom  hmm to    alifrom  ali to    envfrom  env to     acc
 ---   ------ ----- --------- --------- ------- -------    ------- -------    ------- -------    ----
   1 !   68.4   4.5   1.9e-23   9.4e-20       2      55 ..       7      60 ..       6      62 .. 0.96



Internal pipeline statistics summary:
-------------------------------------
Query model(s):                            1  (57 nodes)
Target sequences:                       4859  (1464560 residues searched)
Passed MSV filter:                       354  (0.0728545); expected 97.2 (0.02)
Passed bias filter:                      179  (0.0368389); expected 97.2 (0.02)
Passed Vit filter:                        19  (0.00391027); expected 4.9 (0.001)
Passed Fwd filter:                         2  (0.000411607); expected 0.0 (1e-05)
Initial search space (Z):               4859  [actual number of targets]
Domain search space  (domZ):               1  [number of targets reported over threshold]
# CPU time: 0.03u 0.00s 00:00:00.03 Elapsed: 00:00:00.02
# Mc/sec: 3423.55
//
Query:       TIGR00967  [M=414]
Accession:   TIGR00967
Description: 3a0501s007: preprotein translocase, SecY subunit
Scores for complete sequences (score includes all domains):
   --- full sequence ---   --- best 1 domain ---    -#dom-
    E-value  score  bias    E-value  score  bias    exp  N  Sequence                  Description
    ------- ------ -----    ------- ------ -----   ---- --  --------                  -----------
     5e-126  419.0  19.4     6e-126  418.7  19.4    1.0  1  NZ_CDRNJH010000001.1_3302  # 3333624 # 3334961 # -1 # ID=1_3302;partial=00;start_type=ATG;rbs_motif=GGAG/GAGG;rbs_spacer=5-10bp;gc_cont=0.606


Domain annotation for each sequence:
>> NZ_CDRNJH010000001.1_3302  # 3333624 # 3334961 # -1 # ID=1_3302;partial=00;start_type=ATG;rbs_motif=GGAG/GAGG;rbs_spacer=5-10bp;gc_cont=0.606
   #    score  bias  c-Evalue  i-Evalue hmmfrom  hmm to    alifrom  ali to    envfrom  env to     acc
 ---   ------ ----- --------- --------- ------- -------    ------- -------    ------- -------    ----
   1 !  418.7  19.4  1.2e-129    6e-126       2     414 .]      25     430 ..      24     430 .. 0.95



Internal pipeline statistics summary:
-------------------------------------
Query model(s):                            1  (414 nodes)
Target sequences:                       4859  (1464560 residues searched)
Passed MSV filter:                       290  (0.0596831); expected 97.2 (0.02)
Passed bias filter:                      101  (0.0207862); expected 97.2 (0.02)
Passed Vit filter:                         6  (0.00123482); expected 4.9 (0.001)
Passed Fwd filter:                         2  (0.000411607); expected 0.0 (1e-05)
Initial search space (Z):               4859  [actual number of targets]
Domain search space  (domZ):               1  [number of targets reported over threshold]
# CPU time: 0.04u 0.00s 00:00:00.04 Elapsed: 00:00:00.05
# Mc/sec: 10693.47
//
Query:       TIGR00982  [M=139]
Accession:   TIGR00982
Description: uS12_E_A: ribosomal protein uS12
Scores for complete sequences (score includes all domains):
   --- full sequence ---   --- best 1 domain ---    -#dom-
    E-value  score  bias    E-value  score  bias    exp  N  Sequence Description
    ------- ------ -----    ------- ------ -----   ---- --  -------- -----------

   [No hits detected that satisfy reporting thresholds]


Domain annotation for each sequence:

   [No targets detected that satisfy reporting thresholds]


Internal pipeline statistics summary:
-------------------------------------
Query model(s):                            1  (139 nodes)
Target sequences:                       4859  (1464560 residues searched)
Passed MSV filter:                        94  (0.0193455); expected 97.2 (0.02)
Passed bias filter:                       89  (0.0183165); expected 97.2 (0.02)
Passed Vit filter:                        12  (0.00246964); expected 4.9 (0.001)
Passed Fwd filter:                         1  (0.000205804); expected 0.0 (1e-05)
Initial search space (Z):               4859  [actual number of targets]
Domain search space  (domZ):               0  [number of targets reported over threshold]
# CPU time: 0.02u 0.00s 00:00:00.02 Elapsed: 00:00:00.02
# Mc/sec: 10163.19
//
Query:       TIGR01008  [M=195]
Accession:   TIGR01008
Description: uS3_euk_arch: ribosomal protein uS3
Scores for complete sequences (score includes all domains):
   --- full sequence ---   --- best 1 domain ---    -#dom-
    E-value  score  bias    E-value  score  bias    exp  N  Sequence Description
    ------- ------ -----    ------- ------ -----   ---- --  -------- -----------

   [No hits detected that satisfy reporting thresholds]


Domain annotation for each sequence:

   [No targets detected that satisfy reporting thresholds]


Internal pipeline statistics summary:
-------------------------------------
Query model(s):                            1  (195 nodes)
Target sequences:                       4859  (1464560 residues searched)
Passed MSV filter:                       184  (0.0378679); expected 97.2 (0.02)
Passed bias filter:                      149  (0.0306647); expected 97.2 (0.02)
Passed Vit filter:                        16  (0.00329286); expected 4.9 (0.001)
Passed Fwd filter:                         1  (0.000205804); expected 0.0 (1e-05)
Initial search space (Z):               4859  [actual number of targets]
Domain search space  (domZ):               0  [number of targets reported over threshold]
# CPU time: 0.03u 0.00s 00:00:00.03 Elapsed: 00:00:00.03
# Mc/sec: 9400.76
//
Query:       TIGR01009  [M=212]
Accession:   TIGR01009
Description: rpsC_bact: ribosomal protein uS3
Scores for complete sequences (score includes all domains):
   --- full sequence ---   --- best 1 domain ---    -#dom-
    E-value  score  bias    E-value  score  bias    exp  N  Sequence                  Description
    ------- ------ -----    ------- ------ -----   ---- --  --------                  -----------
    1.4e-96  320.4   3.0    1.6e-96  320.2   3.0    1.0  1  NZ_CDRNJH010000001.1_3316  # 3340495 # 3341235 # -1 # ID=1_3316;partial=00;start_type=ATG;rbs_motif=AGGAG;rbs_spacer=5-10bp;gc_cont=0.614


Domain annotation for each sequence:
>> NZ_CDRNJH010000001.1_3316  # 3340495 # 3341235 # -1 # ID=1_3316;partial=00;start_type=ATG;rbs_motif=AGGAG;rbs_spacer=5-10bp;gc_cont=0.614
   #    score  bias  c-Evalue  i-Evalue hmmfrom  hmm to    alifrom  ali to    envfrom  env to     acc
 ---   ------ ----- --------- --------- ------- -------    ------- -------    ------- -------    ----
   1 !  320.2   3.0  3.3e-100   1.6e-96       1     210 [.       1     209 [.       1     211 [. 0.99



Internal pipeline statistics summary:
-------------------------------------
Query model(s):                            1  (212 nodes)
Target sequences:                       4859  (1464560 residues searched)
Passed MSV filter:                       125  (0.0257255); expected 97.2 (0.02)
Passed bias filter:                      115  (0.0236674); expected 97.2 (0.02)
Passed Vit filter:                         9  (0.00185223); expected 4.9 (0.001)
Passed Fwd filter:                         2  (0.000411607); expected 0.0 (1e-05)
Initial search space (Z):               4859  [actual number of targets]
Domain search space  (domZ):               1  [number of targets reported over threshold]
# CPU time: 0.03u 0.00s 00:00:00.03 Elapsed: 00:00:00.03
# Mc/sec: 10032.54
//
Query:       TIGR01011  [M=225]
Accession:   TIGR01011
Description: rpsB_bact: ribosomal protein uS2
Scores for complete sequences (score includes all domains):
   --- full sequence ---   --- best 1 domain ---    -#dom-
    E-value  score  bias    E-value  score  bias    exp  N  Sequence                  Description
    ------- ------ -----    ------- ------ -----   ---- --  --------                  -----------
    7.9e-99  327.5   0.0    9.1e-99  327.3   0.0    1.0  1  NZ_CDRNJH010000001.1_3131  # 3164430 # 3165200 # -1 # ID=1_3131;partial=00;start_type=ATG;rbs_motif=AGGA;rbs_spacer=5-10bp;gc_cont=0.621


Domain annotation for each sequence:
>> NZ_CDRNJH010000001.1_3131  # 3164430 # 3165200 # -1 # ID=1_3131;partial=00;start_type=ATG;rbs_motif=AGGA;rbs_spacer=5-10bp;gc_cont=0.621
   #    score  bias  c-Evalue  i-Evalue hmmfrom  hmm to    alifrom  ali to    envfrom  env to     acc
 ---   ------ ----- --------- --------- ------- -------    ------- -------    ------- -------    ----
   1 !  327.3   0.0  1.9e-102   9.1e-99       3     222 ..       7     225 ..       5     228 .. 0.98



Internal pipeline statistics summary:
-------------------------------------
Query model(s):                            1  (225 nodes)
Target sequences:                       4859  (1464560 residues searched)
Passed MSV filter:                       115  (0.0236674); expected 97.2 (0.02)
Passed bias filter:                      106  (0.0218152); expected 97.2 (0.02)
Passed Vit filter:                        11  (0.00226384); expected 4.9 (0.001)
Passed Fwd filter:                         1  (0.000205804); expected 0.0 (1e-05)
Initial search space (Z):               4859  [actual number of targets]
Domain search space  (domZ):               1  [number of targets reported over threshold]
# CPU time: 0.04u 0.00s 00:00:00.04 Elapsed: 00:00:00.04
# Mc/sec: 7270.36
//
Query:       TIGR01012  [M=196]
Accession:   TIGR01012
Description: uS2_euk_arch: ribosomal protein uS2
Scores for complete sequences (score includes all domains):
   --- full sequence ---   --- best 1 domain ---    -#dom-
    E-value  score  bias    E-value  score  bias    exp  N  Sequence Description
    ------- ------ -----    ------- ------ -----   ---- --  -------- -----------

   [No hits detected that satisfy reporting thresholds]


Domain annotation for each sequence:

   [No targets detected that satisfy reporting thresholds]


Internal pipeline statistics summary:
-------------------------------------
Query model(s):                            1  (196 nodes)
Target sequences:                       4859  (1464560 residues searched)
Passed MSV filter:                       134  (0.0275777); expected 97.2 (0.02)
Passed bias filter:                      128  (0.0263429); expected 97.2 (0.02)
Passed Vit filter:                         7  (0.00144063); expected 4.9 (0.001)
Passed Fwd filter:                         1  (0.000205804); expected 0.0 (1e-05)
Initial search space (Z):               4859  [actual number of targets]
Domain search space  (domZ):               0  [number of targets reported over threshold]
# CPU time: 0.02u 0.00s 00:00:00.02 Elapsed: 00:00:00.03
# Mc/sec: 8675.07
//
Query:       TIGR01017  [M=200]
Accession:   TIGR01017
Description: rpsD_bact: ribosomal protein uS4
Scores for complete sequences (score includes all domains):
   --- full sequence ---   --- best 1 domain ---    -#dom-
    E-value  score  bias    E-value  score  bias    exp  N  Sequence                  Description
    ------- ------ -----    ------- ------ -----   ---- --  --------                  -----------
    2.3e-73  244.3   0.1    2.5e-73  244.1   0.1    1.0  1  NZ_CDRNJH010000001.1_2719  # 2788915 # 2789532 # 1 # ID=1_2719;partial=00;start_type=ATG;rbs_motif=GGA/GAG/AGG;rbs_spacer=5-10bp;gc_cont=0.602


Domain annotation for each sequence:
>> NZ_CDRNJH010000001.1_2719  # 2788915 # 2789532 # 1 # ID=1_2719;partial=00;start_type=ATG;rbs_motif=GGA/GAG/AGG;rbs_spacer=5-10bp;gc_cont=0.602
   #    score  bias  c-Evalue  i-Evalue hmmfrom  hmm to    alifrom  ali to    envfrom  env to     acc
 ---   ------ ----- --------- --------- ------- -------    ------- -------    ------- -------    ----
   1 !  244.1   0.1   5.2e-77   2.5e-73       5     200 .]       7     205 ..       3     205 .. 0.95



Internal pipeline statistics summary:
-------------------------------------
Query model(s):                            1  (200 nodes)
Target sequences:                       4859  (1464560 residues searched)
Passed MSV filter:                        87  (0.0179049); expected 97.2 (0.02)
Passed bias filter:                       79  (0.0162585); expected 97.2 (0.02)
Passed Vit filter:                        13  (0.00267545); expected 4.9 (0.001)
Passed Fwd filter:                         4  (0.000823215); expected 0.0 (1e-05)
Initial search space (Z):               4859  [actual number of targets]
Domain search space  (domZ):               1  [number of targets reported over threshold]
# CPU time: 0.03u 0.00s 00:00:00.03 Elapsed: 00:00:00.03
# Mc/sec: 7955.60
//
Query:       TIGR01018  [M=162]
Accession:   TIGR01018
Description: uS4_arch: ribosomal protein uS4
Scores for complete sequences (score includes all domains):
   --- full sequence ---   --- best 1 domain ---    -#dom-
    E-value  score  bias    E-value  score  bias    exp  N  Sequence Description
    ------- ------ -----    ------- ------ -----   ---- --  -------- -----------

   [No hits detected that satisfy reporting thresholds]


Domain annotation for each sequence:

   [No targets detected that satisfy reporting thresholds]


Internal pipeline statistics summary:
-------------------------------------
Query model(s):                            1  (162 nodes)
Target sequences:                       4859  (1464560 residues searched)
Passed MSV filter:                       103  (0.0211978); expected 97.2 (0.02)
Passed bias filter:                       94  (0.0193455); expected 97.2 (0.02)
Passed Vit filter:                        10  (0.00205804); expected 4.9 (0.001)
Passed Fwd filter:                         1  (0.000205804); expected 0.0 (1e-05)
Initial search space (Z):               4859  [actual number of targets]
Domain search space  (domZ):               0  [number of targets reported over threshold]
# CPU time: 0.02u 0.01s 00:00:00.03 Elapsed: 00:00:00.03
# Mc/sec: 7719.89
//
Query:       TIGR01020  [M=212]
Accession:   TIGR01020
Description: uS5_euk_arch: ribosomal protein uS5
Scores for complete sequences (score includes all domains):
   --- full sequence ---   --- best 1 domain ---    -#dom-
    E-value  score  bias    E-value  score  bias    exp  N  Sequence Description
    ------- ------ -----    ------- ------ -----   ---- --  -------- -----------

   [No hits detected that satisfy reporting thresholds]


Domain annotation for each sequence:

   [No targets detected that satisfy reporting thresholds]


Internal pipeline statistics summary:
-------------------------------------
Query model(s):                            1  (212 nodes)
Target sequences:                       4859  (1464560 residues searched)
Passed MSV filter:                        95  (0.0195513); expected 97.2 (0.02)
Passed bias filter:                       81  (0.0166701); expected 97.2 (0.02)
Passed Vit filter:                         6  (0.00123482); expected 4.9 (0.001)
Passed Fwd filter:                         1  (0.000205804); expected 0.0 (1e-05)
Initial search space (Z):               4859  [actual number of targets]
Domain search space  (domZ):               0  [number of targets reported over threshold]
# CPU time: 0.03u 0.00s 00:00:00.03 Elapsed: 00:00:00.02
# Mc/sec: 10695.89
//
Query:       TIGR01021  [M=156]
Accession:   TIGR01021
Description: rpsE_bact: ribosomal protein uS5
Scores for complete sequences (score includes all domains):
   --- full sequence ---   --- best 1 domain ---    -#dom-
    E-value  score  bias    E-value  score  bias    exp  N  Sequence                  Description
    ------- ------ -----    ------- ------ -----   ---- --  --------                  -----------
    2.2e-65  217.4   3.6    2.5e-65  217.2   3.6    1.0  1  NZ_CDRNJH010000001.1_3305  # 3335922 # 3336455 # -1 # ID=1_3305;partial=00;start_type=ATG;rbs_motif=GGAG/GAGG;rbs_spacer=5-10bp;gc_cont=0.633


Domain annotation for each sequence:
>> NZ_CDRNJH010000001.1_3305  # 3335922 # 3336455 # -1 # ID=1_3305;partial=00;start_type=ATG;rbs_motif=GGAG/GAGG;rbs_spacer=5-10bp;gc_cont=0.633
   #    score  bias  c-Evalue  i-Evalue hmmfrom  hmm to    alifrom  ali to    envfrom  env to     acc
 ---   ------ ----- --------- --------- ------- -------    ------- -------    ------- -------    ----
   1 !  217.2   3.6   5.1e-69   2.5e-65       2     156 .]      10     165 ..       9     165 .. 0.98



Internal pipeline statistics summary:
-------------------------------------
Query model(s):                            1  (156 nodes)
Target sequences:                       4859  (1464560 residues searched)
Passed MSV filter:                       174  (0.0358098); expected 97.2 (0.02)
Passed bias filter:                      118  (0.0242848); expected 97.2 (0.02)
Passed Vit filter:                        11  (0.00226384); expected 4.9 (0.001)
Passed Fwd filter:                         1  (0.000205804); expected 0.0 (1e-05)
Initial search space (Z):               4859  [actual number of targets]
Domain search space  (domZ):               1  [number of targets reported over threshold]
# CPU time: 0.02u 0.00s 00:00:00.02 Elapsed: 00:00:00.03
# Mc/sec: 6709.60
//
Query:       TIGR01028  [M=186]
Accession:   TIGR01028
Description: uS7_euk_arch: ribosomal protein uS7
Scores for complete sequences (score includes all domains):
   --- full sequence ---   --- best 1 domain ---    -#dom-
    E-value  score  bias    E-value  score  bias    exp  N  Sequence Description
    ------- ------ -----    ------- ------ -----   ---- --  -------- -----------

   [No hits detected that satisfy reporting thresholds]


Domain annotation for each sequence:

   [No targets detected that satisfy reporting thresholds]


Internal pipeline statistics summary:
-------------------------------------
Query model(s):                            1  (186 nodes)
Target sequences:                       4859  (1464560 residues searched)
Passed MSV filter:                        76  (0.0156411); expected 97.2 (0.02)
Passed bias filter:                       64  (0.0131714); expected 97.2 (0.02)
Passed Vit filter:                        10  (0.00205804); expected 4.9 (0.001)
Passed Fwd filter:                         1  (0.000205804); expected 0.0 (1e-05)
Initial search space (Z):               4859  [actual number of targets]
Domain search space  (domZ):               0  [number of targets reported over threshold]
# CPU time: 0.02u 0.00s 00:00:00.02 Elapsed: 00:00:00.04
# Mc/sec: 5881.49
//
Query:       TIGR01029  [M=154]
Accession:   TIGR01029
Description: rpsG_bact: ribosomal protein uS7
Scores for complete sequences (score includes all domains):
   --- full sequence ---   --- best 1 domain ---    -#dom-
    E-value  score  bias    E-value  score  bias    exp  N  Sequence                  Description
    ------- ------ -----    ------- ------ -----   ---- --  --------                  -----------
    1.1e-69  231.4   0.2    1.2e-69  231.3   0.2    1.0  1  NZ_CDRNJH010000001.1_3327  # 3348189 # 3348659 # -1 # ID=1_3327;partial=00;start_type=ATG;rbs_motif=AGGAG;rbs_spacer=5-10bp;gc_cont=0.582


Domain annotation for each sequence:
>> NZ_CDRNJH010000001.1_3327  # 3348189 # 3348659 # -1 # ID=1_3327;partial=00;start_type=ATG;rbs_motif=AGGAG;rbs_spacer=5-10bp;gc_cont=0.582
   #    score  bias  c-Evalue  i-Evalue hmmfrom  hmm to    alifrom  ali to    envfrom  env to     acc
 ---   ------ ----- --------- --------- ------- -------    ------- -------    ------- -------    ----
   1 !  231.3   0.2   2.4e-73   1.2e-69       1     154 []       3     156 ..       3     156 .. 1.00



Internal pipeline statistics summary:
-------------------------------------
Query model(s):                            1  (154 nodes)
Target sequences:                       4859  (1464560 residues searched)
Passed MSV filter:                        70  (0.0144063); expected 97.2 (0.02)
Passed bias filter:                       64  (0.0131714); expected 97.2 (0.02)
Passed Vit filter:                         7  (0.00144063); expected 4.9 (0.001)
Passed Fwd filter:                         1  (0.000205804); expected 0.0 (1e-05)
Initial search space (Z):               4859  [actual number of targets]
Domain search space  (domZ):               1  [number of targets reported over threshold]
# CPU time: 0.03u 0.00s 00:00:00.03 Elapsed: 00:00:00.02
# Mc/sec: 7882.73
//
Query:       TIGR01032  [M=114]
Accession:   TIGR01032
Description: rplT_bact: ribosomal protein bL20
Scores for complete sequences (score includes all domains):
   --- full sequence ---   --- best 1 domain ---    -#dom-
    E-value  score  bias    E-value  score  bias    exp  N  Sequence                 Description
    ------- ------ -----    ------- ------ -----   ---- --  --------                 -----------
    5.9e-47  156.8   5.9    7.1e-47  156.5   5.9    1.1  1  NZ_CDRNJH010000001.1_502  # 509960 # 510361 # -1 # ID=1_502;partial=00;start_type=ATG;rbs_motif=AGGA;rbs_spacer=5-10bp;gc_cont=0.585


Domain annotation for each sequence:
>> NZ_CDRNJH010000001.1_502  # 509960 # 510361 # -1 # ID=1_502;partial=00;start_type=ATG;rbs_motif=AGGA;rbs_spacer=5-10bp;gc_cont=0.585
   #    score  bias  c-Evalue  i-Evalue hmmfrom  hmm to    alifrom  ali to    envfrom  env to     acc
 ---   ------ ----- --------- --------- ------- -------    ------- -------    ------- -------    ----
   1 !  156.5   5.9   1.5e-50   7.1e-47       1     114 []       1     114 [.       1     114 [. 0.99



Internal pipeline statistics summary:
-------------------------------------
Query model(s):                            1  (114 nodes)
Target sequences:                       4859  (1464560 residues searched)
Passed MSV filter:                        97  (0.019963); expected 97.2 (0.02)
Passed bias filter:                       83  (0.0170817); expected 97.2 (0.02)
Passed Vit filter:                         5  (0.00102902); expected 4.9 (0.001)
Passed Fwd filter:                         1  (0.000205804); expected 0.0 (1e-05)
Initial search space (Z):               4859  [actual number of targets]
Domain search space  (domZ):               1  [number of targets reported over threshold]
# CPU time: 0.02u 0.00s 00:00:00.02 Elapsed: 00:00:00.03
# Mc/sec: 4921.44
//
Query:       TIGR01039  [M=462]
Accession:   TIGR01039
Description: atpD: ATP synthase F1, beta subunit
Scores for complete sequences (score includes all domains):
   --- full sequence ---   --- best 1 domain ---    -#dom-
    E-value  score  bias    E-value  score  bias    exp  N  Sequence                 Description
    ------- ------ -----    ------- ------ -----   ---- --  --------                 -----------
   2.7e-242  802.6   5.9   3.1e-242  802.4   5.9    1.0  1  NZ_CDRNJH010000001.1_760  # 742778 # 744217 # 1 # ID=1_760;partial=00;start_type=ATG;rbs_motif=GGAG/GAGG;rbs_spacer=5-10bp;gc_cont=0.622


Domain annotation for each sequence:
>> NZ_CDRNJH010000001.1_760  # 742778 # 744217 # 1 # ID=1_760;partial=00;start_type=ATG;rbs_motif=GGAG/GAGG;rbs_spacer=5-10bp;gc_cont=0.622
   #    score  bias  c-Evalue  i-Evalue hmmfrom  hmm to    alifrom  ali to    envfrom  env to     acc
 ---   ------ ----- --------- --------- ------- -------    ------- -------    ------- -------    ----
   1 !  802.4   5.9  6.3e-246  3.1e-242       2     462 .]       6     474 ..       5     474 .. 0.99



Internal pipeline statistics summary:
-------------------------------------
Query model(s):                            1  (462 nodes)
Target sequences:                       4859  (1464560 residues searched)
Passed MSV filter:                       179  (0.0368389); expected 97.2 (0.02)
Passed bias filter:                      139  (0.0286067); expected 97.2 (0.02)
Passed Vit filter:                        19  (0.00391027); expected 4.9 (0.001)
Passed Fwd filter:                         4  (0.000823215); expected 0.0 (1e-05)
Initial search space (Z):               4859  [actual number of targets]
Domain search space  (domZ):               1  [number of targets reported over threshold]
# CPU time: 0.06u 0.00s 00:00:00.06 Elapsed: 00:00:00.07
# Mc/sec: 8615.84
//
Query:       TIGR01044  [M=103]
Accession:   TIGR01044
Description: rplV_bact: ribosomal protein uL22
Scores for complete sequences (score includes all domains):
   --- full sequence ---   --- best 1 domain ---    -#dom-
    E-value  score  bias    E-value  score  bias    exp  N  Sequence Description
    ------- ------ -----    ------- ------ -----   ---- --  -------- -----------

   [No hits detected that satisfy reporting thresholds]


Domain annotation for each sequence:

   [No targets detected that satisfy reporting thresholds]


Internal pipeline statistics summary:
-------------------------------------
Query model(s):                            1  (103 nodes)
Target sequences:                       4859  (1464560 residues searched)
Passed MSV filter:                       132  (0.0271661); expected 97.2 (0.02)
Passed bias filter:                      102  (0.020992); expected 97.2 (0.02)
Passed Vit filter:                         8  (0.00164643); expected 4.9 (0.001)
Passed Fwd filter:                         1  (0.000205804); expected 0.0 (1e-05)
Initial search space (Z):               4859  [actual number of targets]
Domain search space  (domZ):               0  [number of targets reported over threshold]
# CPU time: 0.02u 0.00s 00:00:00.02 Elapsed: 00:00:00.02
# Mc/sec: 6829.29
//
Query:       TIGR01046  [M=99]
Accession:   TIGR01046
Description: uS10_euk_arch: ribosomal protein uS10
Scores for complete sequences (score includes all domains):
   --- full sequence ---   --- best 1 domain ---    -#dom-
    E-value  score  bias    E-value  score  bias    exp  N  Sequence Description
    ------- ------ -----    ------- ------ -----   ---- --  -------- -----------

   [No hits detected that satisfy reporting thresholds]


Domain annotation for each sequence:

   [No targets detected that satisfy reporting thresholds]


Internal pipeline statistics summary:
-------------------------------------
Query model(s):                            1  (99 nodes)
Target sequences:                       4859  (1464560 residues searched)
Passed MSV filter:                        71  (0.0146121); expected 97.2 (0.02)
Passed bias filter:                       67  (0.0137888); expected 97.2 (0.02)
Passed Vit filter:                         7  (0.00144063); expected 4.9 (0.001)
Passed Fwd filter:                         1  (0.000205804); expected 0.0 (1e-05)
Initial search space (Z):               4859  [actual number of targets]
Domain search space  (domZ):               0  [number of targets reported over threshold]
# CPU time: 0.02u 0.01s 00:00:00.03 Elapsed: 00:00:00.02
# Mc/sec: 7060.89
//
Query:       TIGR01052  [M=488]
Accession:   TIGR01052
Description: top6b: DNA topoisomerase VI, B subunit
Scores for complete sequences (score includes all domains):
   --- full sequence ---   --- best 1 domain ---    -#dom-
    E-value  score  bias    E-value  score  bias    exp  N  Sequence Description
    ------- ------ -----    ------- ------ -----   ---- --  -------- -----------

   [No hits detected that satisfy reporting thresholds]


Domain annotation for each sequence:

   [No targets detected that satisfy reporting thresholds]


Internal pipeline statistics summary:
-------------------------------------
Query model(s):                            1  (488 nodes)
Target sequences:                       4859  (1464560 residues searched)
Passed MSV filter:                       106  (0.0218152); expected 97.2 (0.02)
Passed bias filter:                       99  (0.0203746); expected 97.2 (0.02)
Passed Vit filter:                        21  (0.00432188); expected 4.9 (0.001)
Passed Fwd filter:                         6  (0.00123482); expected 0.0 (1e-05)
Initial search space (Z):               4859  [actual number of targets]
Domain search space  (domZ):               0  [number of targets reported over threshold]
# CPU time: 0.06u 0.00s 00:00:00.06 Elapsed: 00:00:00.06
# Mc/sec: 11331.51
//
Query:       TIGR01059  [M=639]
Accession:   TIGR01059
Description: gyrB: DNA gyrase, B subunit
Scores for complete sequences (score includes all domains):
   --- full sequence ---   --- best 1 domain ---    -#dom-
    E-value  score  bias    E-value  score  bias    exp  N  Sequence                 Description
    ------- ------ -----    ------- ------ -----   ---- --  --------                 -----------
   1.8e-260  863.9   0.0   2.1e-260  863.7   0.0    1.0  1  NZ_CDRNJH010000001.1_397  # 399685 # 401583 # -1 # ID=1_397;partial=00;start_type=ATG;rbs_motif=3Base/5BMM;rbs_spacer=13-15bp;gc_cont=0.616


Domain annotation for each sequence:
>> NZ_CDRNJH010000001.1_397  # 399685 # 401583 # -1 # ID=1_397;partial=00;start_type=ATG;rbs_motif=3Base/5BMM;rbs_spacer=13-15bp;gc_cont=0.616
   #    score  bias  c-Evalue  i-Evalue hmmfrom  hmm to    alifrom  ali to    envfrom  env to     acc
 ---   ------ ----- --------- --------- ------- -------    ------- -------    ------- -------    ----
   1 !  863.7   0.0  4.3e-264  2.1e-260       1     545 [.      12     566 ..      12     613 .. 0.96



Internal pipeline statistics summary:
-------------------------------------
Query model(s):                            1  (639 nodes)
Target sequences:                       4859  (1464560 residues searched)
Passed MSV filter:                        98  (0.0201688); expected 97.2 (0.02)
Passed bias filter:                       88  (0.0181107); expected 97.2 (0.02)
Passed Vit filter:                        12  (0.00246964); expected 4.9 (0.001)
Passed Fwd filter:                         3  (0.000617411); expected 0.0 (1e-05)
Initial search space (Z):               4859  [actual number of targets]
Domain search space  (domZ):               1  [number of targets reported over threshold]
# CPU time: 0.07u 0.00s 00:00:00.07 Elapsed: 00:00:00.07
# Mc/sec: 12672.11
//
Query:       TIGR01063  [M=800]
Accession:   TIGR01063
Description: gyrA: DNA gyrase, A subunit
Scores for complete sequences (score includes all domains):
   --- full sequence ---   --- best 1 domain ---    -#dom-
    E-value  score  bias    E-value  score  bias    exp  N  Sequence                  Description
    ------- ------ -----    ------- ------ -----   ---- --  --------                  -----------
          0 1137.8   0.7          0 1137.6   0.7    1.0  1  NZ_CDRNJH010000001.1_2937  # 2971795 # 2974518 # 1 # ID=1_2937;partial=00;start_type=ATG;rbs_motif=4Base/6BMM;rbs_spacer=13-15bp;gc_cont=0.619


Domain annotation for each sequence:
>> NZ_CDRNJH010000001.1_2937  # 2971795 # 2974518 # 1 # ID=1_2937;partial=00;start_type=ATG;rbs_motif=4Base/6BMM;rbs_spacer=13-15bp;gc_cont=0.619
   #    score  bias  c-Evalue  i-Evalue hmmfrom  hmm to    alifrom  ali to    envfrom  env to     acc
 ---   ------ ----- --------- --------- ------- -------    ------- -------    ------- -------    ----
   1 ! 1137.6   0.7         0         0       1     799 [.       6     886 ..       6     887 .. 0.99



Internal pipeline statistics summary:
-------------------------------------
Query model(s):                            1  (800 nodes)
Target sequences:                       4859  (1464560 residues searched)
Passed MSV filter:                       106  (0.0218152); expected 97.2 (0.02)
Passed bias filter:                       94  (0.0193455); expected 97.2 (0.02)
Passed Vit filter:                        10  (0.00205804); expected 4.9 (0.001)
Passed Fwd filter:                         2  (0.000411607); expected 0.0 (1e-05)
Initial search space (Z):               4859  [actual number of targets]
Domain search space  (domZ):               1  [number of targets reported over threshold]
# CPU time: 0.10u 0.00s 00:00:00.10 Elapsed: 00:00:00.11
# Mc/sec: 10182.78
//
Query:       TIGR01066  [M=141]
Accession:   TIGR01066
Description: rplM_bact: ribosomal protein uL13
Scores for complete sequences (score includes all domains):
   --- full sequence ---   --- best 1 domain ---    -#dom-
    E-value  score  bias    E-value  score  bias    exp  N  Sequence                  Description
    ------- ------ -----    ------- ------ -----   ---- --  --------                  -----------
    2.9e-58  193.7   0.0    3.3e-58  193.6   0.0    1.0  1  NZ_CDRNJH010000001.1_3639  # 3698478 # 3698942 # -1 # ID=1_3639;partial=00;start_type=ATG;rbs_motif=GGA/GAG/AGG;rbs_spacer=5-10bp;gc_cont=0.624


Domain annotation for each sequence:
>> NZ_CDRNJH010000001.1_3639  # 3698478 # 3698942 # -1 # ID=1_3639;partial=00;start_type=ATG;rbs_motif=GGA/GAG/AGG;rbs_spacer=5-10bp;gc_cont=0.624
   #    score  bias  c-Evalue  i-Evalue hmmfrom  hmm to    alifrom  ali to    envfrom  env to     acc
 ---   ------ ----- --------- --------- ------- -------    ------- -------    ------- -------    ----
   1 !  193.6   0.0   6.8e-62   3.3e-58       2     140 ..       4     142 ..       2     143 .. 0.97



Internal pipeline statistics summary:
-------------------------------------
Query model(s):                            1  (141 nodes)
Target sequences:                       4859  (1464560 residues searched)
Passed MSV filter:                        97  (0.019963); expected 97.2 (0.02)
Passed bias filter:                       94  (0.0193455); expected 97.2 (0.02)
Passed Vit filter:                         7  (0.00144063); expected 4.9 (0.001)
Passed Fwd filter:                         1  (0.000205804); expected 0.0 (1e-05)
Initial search space (Z):               4859  [actual number of targets]
Domain search space  (domZ):               1  [number of targets reported over threshold]
# CPU time: 0.02u 0.00s 00:00:00.02 Elapsed: 00:00:00.03
# Mc/sec: 6702.33
//
Query:       TIGR01071  [M=144]
Accession:   TIGR01071
Description: rplO_bact: ribosomal protein uL15
Scores for complete sequences (score includes all domains):
   --- full sequence ---   --- best 1 domain ---    -#dom-
    E-value  score  bias    E-value  score  bias    exp  N  Sequence                  Description
    ------- ------ -----    ------- ------ -----   ---- --  --------                  -----------
    6.7e-43  144.1   1.9    7.7e-43  143.9   1.9    1.0  1  NZ_CDRNJH010000001.1_3303  # 3335189 # 3335692 # -1 # ID=1_3303;partial=00;start_type=ATG;rbs_motif=GGA/GAG/AGG;rbs_spacer=5-10bp;gc_cont=0.611


Domain annotation for each sequence:
>> NZ_CDRNJH010000001.1_3303  # 3335189 # 3335692 # -1 # ID=1_3303;partial=00;start_type=ATG;rbs_motif=GGA/GAG/AGG;rbs_spacer=5-10bp;gc_cont=0.611
   #    score  bias  c-Evalue  i-Evalue hmmfrom  hmm to    alifrom  ali to    envfrom  env to     acc
 ---   ------ ----- --------- --------- ------- -------    ------- -------    ------- -------    ----
   1 !  143.9   1.9   1.6e-46   7.7e-43       1     143 [.       3     150 ..       3     151 .. 0.96



Internal pipeline statistics summary:
-------------------------------------
Query model(s):                            1  (144 nodes)
Target sequences:                       4859  (1464560 residues searched)
Passed MSV filter:                        63  (0.0129656); expected 97.2 (0.02)
Passed bias filter:                       55  (0.0113192); expected 97.2 (0.02)
Passed Vit filter:                         4  (0.000823215); expected 4.9 (0.001)
Passed Fwd filter:                         1  (0.000205804); expected 0.0 (1e-05)
Initial search space (Z):               4859  [actual number of targets]
Domain search space  (domZ):               1  [number of targets reported over threshold]
# CPU time: 0.03u 0.00s 00:00:00.03 Elapsed: 00:00:00.03
# Mc/sec: 6277.33
//
Query:       TIGR01079  [M=104]
Accession:   TIGR01079
Description: rplX_bact: ribosomal protein uL24
Scores for complete sequences (score includes all domains):
   --- full sequence ---   --- best 1 domain ---    -#dom-
    E-value  score  bias    E-value  score  bias    exp  N  Sequence                  Description
    ------- ------ -----    ------- ------ -----   ---- --  --------                  -----------
    3.1e-34  115.6   4.2    3.5e-34  115.5   4.2    1.0  1  NZ_CDRNJH010000001.1_3311  # 3338868 # 3339179 # -1 # ID=1_3311;partial=00;start_type=ATG;rbs_motif=GGAG/GAGG;rbs_spacer=5-10bp;gc_cont=0.590


Domain annotation for each sequence:
>> NZ_CDRNJH010000001.1_3311  # 3338868 # 3339179 # -1 # ID=1_3311;partial=00;start_type=ATG;rbs_motif=GGAG/GAGG;rbs_spacer=5-10bp;gc_cont=0.590
   #    score  bias  c-Evalue  i-Evalue hmmfrom  hmm to    alifrom  ali to    envfrom  env to     acc
 ---   ------ ----- --------- --------- ------- -------    ------- -------    ------- -------    ----
   1 !  115.5   4.2   7.1e-38   3.5e-34       2     104 .]       3     101 ..       2     101 .. 0.96



Internal pipeline statistics summary:
-------------------------------------
Query model(s):                            1  (104 nodes)
Target sequences:                       4859  (1464560 residues searched)
Passed MSV filter:                        66  (0.013583); expected 97.2 (0.02)
Passed bias filter:                       57  (0.0117308); expected 97.2 (0.02)
Passed Vit filter:                         2  (0.000411607); expected 4.9 (0.001)
Passed Fwd filter:                         1  (0.000205804); expected 0.0 (1e-05)
Initial search space (Z):               4859  [actual number of targets]
Domain search space  (domZ):               1  [number of targets reported over threshold]
# CPU time: 0.01u 0.00s 00:00:00.01 Elapsed: 00:00:00.03
# Mc/sec: 4814.87
//
Query:       TIGR01082  [M=449]
Accession:   TIGR01082
Description: murC: UDP-N-acetylmuramate--L-alanine ligase
Scores for complete sequences (score includes all domains):
   --- full sequence ---   --- best 1 domain ---    -#dom-
    E-value  score  bias    E-value  score  bias    exp  N  Sequence                  Description
    ------- ------ -----    ------- ------ -----   ---- --  --------                  -----------
     4e-162  538.4   0.0   4.6e-162  538.2   0.0    1.0  1  NZ_CDRNJH010000001.1_2472  # 2535692 # 2537110 # 1 # ID=1_2472;partial=00;start_type=ATG;rbs_motif=GGA/GAG/AGG;rbs_spacer=5-10bp;gc_cont=0.640


Domain annotation for each sequence:
>> NZ_CDRNJH010000001.1_2472  # 2535692 # 2537110 # 1 # ID=1_2472;partial=00;start_type=ATG;rbs_motif=GGA/GAG/AGG;rbs_spacer=5-10bp;gc_cont=0.640
   #    score  bias  c-Evalue  i-Evalue hmmfrom  hmm to    alifrom  ali to    envfrom  env to     acc
 ---   ------ ----- --------- --------- ------- -------    ------- -------    ------- -------    ----
   1 !  538.2   0.0  9.4e-166  4.6e-162       2     447 ..      10     458 ..       9     460 .. 0.98



Internal pipeline statistics summary:
-------------------------------------
Query model(s):                            1  (449 nodes)
Target sequences:                       4859  (1464560 residues searched)
Passed MSV filter:                       161  (0.0331344); expected 97.2 (0.02)
Passed bias filter:                      144  (0.0296357); expected 97.2 (0.02)
Passed Vit filter:                        22  (0.00452768); expected 4.9 (0.001)
Passed Fwd filter:                         5  (0.00102902); expected 0.0 (1e-05)
Initial search space (Z):               4859  [actual number of targets]
Domain search space  (domZ):               1  [number of targets reported over threshold]
# CPU time: 0.08u 0.00s 00:00:00.08 Elapsed: 00:00:00.07
# Mc/sec: 8227.38
//
Query:       TIGR01087  [M=441]
Accession:   TIGR01087
Description: murD: UDP-N-acetylmuramoylalanine--D-glutamate ligase
Scores for complete sequences (score includes all domains):
   --- full sequence ---   --- best 1 domain ---    -#dom-
    E-value  score  bias    E-value  score  bias    exp  N  Sequence                  Description
    ------- ------ -----    ------- ------ -----   ---- --  --------                  -----------
    7.6e-83  277.1   0.0      1e-82  276.7   0.0    1.1  1  NZ_CDRNJH010000001.1_2179  # 2259719 # 2261020 # -1 # ID=1_2179;partial=00;start_type=ATG;rbs_motif=AGxAGG/AGGxGG;rbs_spacer=5-10bp;gc_cont=0.634


Domain annotation for each sequence:
>> NZ_CDRNJH010000001.1_2179  # 2259719 # 2261020 # -1 # ID=1_2179;partial=00;start_type=ATG;rbs_motif=AGxAGG/AGGxGG;rbs_spacer=5-10bp;gc_cont=0.634
   #    score  bias  c-Evalue  i-Evalue hmmfrom  hmm to    alifrom  ali to    envfrom  env to     acc
 ---   ------ ----- --------- --------- ------- -------    ------- -------    ------- -------    ----
   1 !  276.7   0.0   2.1e-86     1e-82       2     440 ..       7     425 ..       6     426 .. 0.85



Internal pipeline statistics summary:
-------------------------------------
Query model(s):                            1  (441 nodes)
Target sequences:                       4859  (1464560 residues searched)
Passed MSV filter:                       216  (0.0444536); expected 97.2 (0.02)
Passed bias filter:                      185  (0.0380737); expected 97.2 (0.02)
Passed Vit filter:                        35  (0.00720313); expected 4.9 (0.001)
Passed Fwd filter:                         7  (0.00144063); expected 0.0 (1e-05)
Initial search space (Z):               4859  [actual number of targets]
Domain search space  (domZ):               1  [number of targets reported over threshold]
# CPU time: 0.08u 0.01s 00:00:00.09 Elapsed: 00:00:00.12
# Mc/sec: 5316.68
//
Query:       TIGR01128  [M=314]
Accession:   TIGR01128
Description: holA: DNA polymerase III, delta subunit
Scores for complete sequences (score includes all domains):
   --- full sequence ---   --- best 1 domain ---    -#dom-
    E-value  score  bias    E-value  score  bias    exp  N  Sequence                 Description
    ------- ------ -----    ------- ------ -----   ---- --  --------                 -----------
    1.8e-36  124.1   0.0      2e-36  123.9   0.0    1.0  1  NZ_CDRNJH010000001.1_625  # 621034 # 622056 # -1 # ID=1_625;partial=00;start_type=ATG;rbs_motif=None;rbs_spacer=None;gc_cont=0.641


Domain annotation for each sequence:
>> NZ_CDRNJH010000001.1_625  # 621034 # 622056 # -1 # ID=1_625;partial=00;start_type=ATG;rbs_motif=None;rbs_spacer=None;gc_cont=0.641
   #    score  bias  c-Evalue  i-Evalue hmmfrom  hmm to    alifrom  ali to    envfrom  env to     acc
 ---   ------ ----- --------- --------- ------- -------    ------- -------    ------- -------    ----
   1 !  123.9   0.0   4.2e-40     2e-36       4     314 .]      22     334 ..      19     334 .. 0.95



Internal pipeline statistics summary:
-------------------------------------
Query model(s):                            1  (314 nodes)
Target sequences:                       4859  (1464560 residues searched)
Passed MSV filter:                       135  (0.0277835); expected 97.2 (0.02)
Passed bias filter:                      116  (0.0238732); expected 97.2 (0.02)
Passed Vit filter:                        17  (0.00349866); expected 4.9 (0.001)
Passed Fwd filter:                         2  (0.000411607); expected 0.0 (1e-05)
Initial search space (Z):               4859  [actual number of targets]
Domain search space  (domZ):               1  [number of targets reported over threshold]
# CPU time: 0.04u 0.00s 00:00:00.04 Elapsed: 00:00:00.04
# Mc/sec: 11304.21
//
Query:       TIGR01146  [M=286]
Accession:   TIGR01146
Description: ATPsyn_F1gamma: ATP synthase F1, gamma subunit
Scores for complete sequences (score includes all domains):
   --- full sequence ---   --- best 1 domain ---    -#dom-
    E-value  score  bias    E-value  score  bias    exp  N  Sequence                 Description
    ------- ------ -----    ------- ------ -----   ---- --  --------                 -----------
    2.9e-96  320.7   4.7    3.2e-96  320.5   4.7    1.0  1  NZ_CDRNJH010000001.1_759  # 741869 # 742756 # 1 # ID=1_759;partial=00;start_type=ATG;rbs_motif=AGGAG;rbs_spacer=5-10bp;gc_cont=0.597


Domain annotation for each sequence:
>> NZ_CDRNJH010000001.1_759  # 741869 # 742756 # 1 # ID=1_759;partial=00;start_type=ATG;rbs_motif=AGGAG;rbs_spacer=5-10bp;gc_cont=0.597
   #    score  bias  c-Evalue  i-Evalue hmmfrom  hmm to    alifrom  ali to    envfrom  env to     acc
 ---   ------ ----- --------- --------- ------- -------    ------- -------    ------- -------    ----
   1 !  320.5   4.7  6.6e-100   3.2e-96       1     286 []       1     295 [.       1     295 [. 0.94



Internal pipeline statistics summary:
-------------------------------------
Query model(s):                            1  (286 nodes)
Target sequences:                       4859  (1464560 residues searched)
Passed MSV filter:                       109  (0.0224326); expected 97.2 (0.02)
Passed bias filter:                       83  (0.0170817); expected 97.2 (0.02)
Passed Vit filter:                         7  (0.00144063); expected 4.9 (0.001)
Passed Fwd filter:                         1  (0.000205804); expected 0.0 (1e-05)
Initial search space (Z):               4859  [actual number of targets]
Domain search space  (domZ):               1  [number of targets reported over threshold]
# CPU time: 0.03u 0.00s 00:00:00.03 Elapsed: 00:00:00.04
# Mc/sec: 9402.12
//
Query:       TIGR01164  [M=126]
Accession:   TIGR01164
Description: rplP_bact: ribosomal protein uL16
Scores for complete sequences (score includes all domains):
   --- full sequence ---   --- best 1 domain ---    -#dom-
    E-value  score  bias    E-value  score  bias    exp  N  Sequence                  Description
    ------- ------ -----    ------- ------ -----   ---- --  --------                  -----------
    1.3e-58  194.7   1.0    1.4e-58  194.5   1.0    1.0  1  NZ_CDRNJH010000001.1_3315  # 3340066 # 3340479 # -1 # ID=1_3315;partial=00;start_type=ATG;rbs_motif=AGxAGG/AGGxGG;rbs_spacer=5-10bp;gc_cont=0.582


Domain annotation for each sequence:
>> NZ_CDRNJH010000001.1_3315  # 3340066 # 3340479 # -1 # ID=1_3315;partial=00;start_type=ATG;rbs_motif=AGxAGG/AGGxGG;rbs_spacer=5-10bp;gc_cont=0.582
   #    score  bias  c-Evalue  i-Evalue hmmfrom  hmm to    alifrom  ali to    envfrom  env to     acc
 ---   ------ ----- --------- --------- ------- -------    ------- -------    ------- -------    ----
   1 !  194.5   1.0   2.9e-62   1.4e-58       1     126 []       2     127 ..       2     127 .. 0.99



Internal pipeline statistics summary:
-------------------------------------
Query model(s):                            1  (126 nodes)
Target sequences:                       4859  (1464560 residues searched)
Passed MSV filter:                        98  (0.0201688); expected 97.2 (0.02)
Passed bias filter:                       88  (0.0181107); expected 97.2 (0.02)
Passed Vit filter:                         7  (0.00144063); expected 4.9 (0.001)
Passed Fwd filter:                         1  (0.000205804); expected 0.0 (1e-05)
Initial search space (Z):               4859  [actual number of targets]
Domain search space  (domZ):               1  [number of targets reported over threshold]
# CPU time: 0.02u 0.00s 00:00:00.02 Elapsed: 00:00:00.02
# Mc/sec: 8010.58
//
Query:       TIGR01169  [M=227]
Accession:   TIGR01169
Description: rplA_bact: ribosomal protein uL1
Scores for complete sequences (score includes all domains):
   --- full sequence ---   --- best 1 domain ---    -#dom-
    E-value  score  bias    E-value  score  bias    exp  N  Sequence                  Description
    ------- ------ -----    ------- ------ -----   ---- --  --------                  -----------
   9.9e-101  333.9   2.7   1.1e-100  333.8   2.7    1.0  1  NZ_CDRNJH010000001.1_3342  # 3366486 # 3367178 # -1 # ID=1_3342;partial=00;start_type=ATG;rbs_motif=GGAG/GAGG;rbs_spacer=5-10bp;gc_cont=0.608


Domain annotation for each sequence:
>> NZ_CDRNJH010000001.1_3342  # 3366486 # 3367178 # -1 # ID=1_3342;partial=00;start_type=ATG;rbs_motif=GGAG/GAGG;rbs_spacer=5-10bp;gc_cont=0.608
   #    score  bias  c-Evalue  i-Evalue hmmfrom  hmm to    alifrom  ali to    envfrom  env to     acc
 ---   ------ ----- --------- --------- ------- -------    ------- -------    ------- -------    ----
   1 !  333.8   2.7  2.3e-104  1.1e-100       1     224 [.       3     226 ..       3     229 .. 0.99



Internal pipeline statistics summary:
-------------------------------------
Query model(s):                            1  (227 nodes)
Target sequences:                       4859  (1464560 residues searched)
Passed MSV filter:                       120  (0.0246964); expected 97.2 (0.02)
Passed bias filter:                      104  (0.0214036); expected 97.2 (0.02)
Passed Vit filter:                         5  (0.00102902); expected 4.9 (0.001)
Passed Fwd filter:                         1  (0.000205804); expected 0.0 (1e-05)
Initial search space (Z):               4859  [actual number of targets]
Domain search space  (domZ):               1  [number of targets reported over threshold]
# CPU time: 0.03u 0.00s 00:00:00.03 Elapsed: 00:00:00.02
# Mc/sec: 11193.45
//
Query:       TIGR01171  [M=275]
Accession:   TIGR01171
Description: rplB_bact: ribosomal protein uL2
Scores for complete sequences (score includes all domains):
   --- full sequence ---   --- best 1 domain ---    -#dom-
    E-value  score  bias    E-value  score  bias    exp  N  Sequence                  Description
    ------- ------ -----    ------- ------ -----   ---- --  --------                  -----------
   3.3e-119  395.4   6.3   3.8e-119  395.2   6.3    1.0  1  NZ_CDRNJH010000001.1_3319  # 3341901 # 3342740 # -1 # ID=1_3319;partial=00;start_type=ATG;rbs_motif=GGA/GAG/AGG;rbs_spacer=5-10bp;gc_cont=0.614


Domain annotation for each sequence:
>> NZ_CDRNJH010000001.1_3319  # 3341901 # 3342740 # -1 # ID=1_3319;partial=00;start_type=ATG;rbs_motif=GGA/GAG/AGG;rbs_spacer=5-10bp;gc_cont=0.614
   #    score  bias  c-Evalue  i-Evalue hmmfrom  hmm to    alifrom  ali to    envfrom  env to     acc
 ---   ------ ----- --------- --------- ------- -------    ------- -------    ------- -------    ----
   1 !  395.2   6.3  7.8e-123  3.8e-119       1     274 [.       3     274 ..       3     275 .. 0.98



Internal pipeline statistics summary:
-------------------------------------
Query model(s):                            1  (275 nodes)
Target sequences:                       4859  (1464560 residues searched)
Passed MSV filter:                        76  (0.0156411); expected 97.2 (0.02)
Passed bias filter:                       69  (0.0142005); expected 97.2 (0.02)
Passed Vit filter:                         4  (0.000823215); expected 4.9 (0.001)
Passed Fwd filter:                         1  (0.000205804); expected 0.0 (1e-05)
Initial search space (Z):               4859  [actual number of targets]
Domain search space  (domZ):               1  [number of targets reported over threshold]
# CPU time: 0.03u 0.00s 00:00:00.03 Elapsed: 00:00:00.04
# Mc/sec: 9587.20
//
Query:       TIGR01213  [M=387]
Accession:   TIGR01213
Description: pseudo_Pus10arc: tRNA pseudouridine(54/55) synthase
Scores for complete sequences (score includes all domains):
   --- full sequence ---   --- best 1 domain ---    -#dom-
    E-value  score  bias    E-value  score  bias    exp  N  Sequence Description
    ------- ------ -----    ------- ------ -----   ---- --  -------- -----------

   [No hits detected that satisfy reporting thresholds]


Domain annotation for each sequence:

   [No targets detected that satisfy reporting thresholds]


Internal pipeline statistics summary:
-------------------------------------
Query model(s):                            1  (387 nodes)
Target sequences:                       4859  (1464560 residues searched)
Passed MSV filter:                       122  (0.025108); expected 97.2 (0.02)
Passed bias filter:                      105  (0.0216094); expected 97.2 (0.02)
Passed Vit filter:                         8  (0.00164643); expected 4.9 (0.001)
Passed Fwd filter:                         0  (0); expected 0.0 (1e-05)
Initial search space (Z):               4859  [actual number of targets]
Domain search space  (domZ):               0  [number of targets reported over threshold]
# CPU time: 0.04u 0.00s 00:00:00.04 Elapsed: 00:00:00.03
# Mc/sec: 18337.69
//
Query:       TIGR01302  [M=450]
Accession:   TIGR01302
Description: IMP_dehydrog: inosine-5'-monophosphate dehydrogenase
Scores for complete sequences (score includes all domains):
   --- full sequence ---   --- best 1 domain ---    -#dom-
    E-value  score  bias    E-value  score  bias    exp  N  Sequence                  Description
    ------- ------ -----    ------- ------ -----   ---- --  --------                  -----------
   7.8e-190  629.5  10.2     9e-190  629.3  10.2    1.0  1  NZ_CDRNJH010000001.1_3876  # 3945006 # 3946508 # -1 # ID=1_3876;partial=00;start_type=TTG;rbs_motif=GGA/GAG/AGG;rbs_spacer=5-10bp;gc_cont=0.639


Domain annotation for each sequence:
>> NZ_CDRNJH010000001.1_3876  # 3945006 # 3946508 # -1 # ID=1_3876;partial=00;start_type=TTG;rbs_motif=GGA/GAG/AGG;rbs_spacer=5-10bp;gc_cont=0.639
   #    score  bias  c-Evalue  i-Evalue hmmfrom  hmm to    alifrom  ali to    envfrom  env to     acc
 ---   ------ ----- --------- --------- ------- -------    ------- -------    ------- -------    ----
   1 !  629.3  10.2  1.9e-193    9e-190       1     450 []      13     467 ..      13     467 .. 0.99



Internal pipeline statistics summary:
-------------------------------------
Query model(s):                            1  (450 nodes)
Target sequences:                       4859  (1464560 residues searched)
Passed MSV filter:                       214  (0.044042); expected 97.2 (0.02)
Passed bias filter:                      154  (0.0316938); expected 97.2 (0.02)
Passed Vit filter:                        25  (0.00514509); expected 4.9 (0.001)
Passed Fwd filter:                         9  (0.00185223); expected 0.0 (1e-05)
Initial search space (Z):               4859  [actual number of targets]
Domain search space  (domZ):               1  [number of targets reported over threshold]
# CPU time: 0.08u 0.00s 00:00:00.08 Elapsed: 00:00:00.09
# Mc/sec: 6801.41
//
Query:       TIGR01391  [M=414]
Accession:   TIGR01391
Description: dnaG: DNA primase
Scores for complete sequences (score includes all domains):
   --- full sequence ---   --- best 1 domain ---    -#dom-
    E-value  score  bias    E-value  score  bias    exp  N  Sequence                  Description
    ------- ------ -----    ------- ------ -----   ---- --  --------                  -----------
   8.7e-120  398.4   0.0     1e-119  398.2   0.0    1.0  1  NZ_CDRNJH010000001.1_2339  # 2403890 # 2405047 # 1 # ID=1_2339;partial=00;start_type=ATG;rbs_motif=GGA/GAG/AGG;rbs_spacer=5-10bp;gc_cont=0.642


Domain annotation for each sequence:
>> NZ_CDRNJH010000001.1_2339  # 2403890 # 2405047 # 1 # ID=1_2339;partial=00;start_type=ATG;rbs_motif=GGA/GAG/AGG;rbs_spacer=5-10bp;gc_cont=0.642
   #    score  bias  c-Evalue  i-Evalue hmmfrom  hmm to    alifrom  ali to    envfrom  env to     acc
 ---   ------ ----- --------- --------- ------- -------    ------- -------    ------- -------    ----
   1 !  398.2   0.0  2.1e-123    1e-119       2     370 ..       3     378 ..       2     384 .. 0.95



Internal pipeline statistics summary:
-------------------------------------
Query model(s):                            1  (414 nodes)
Target sequences:                       4859  (1464560 residues searched)
Passed MSV filter:                       114  (0.0234616); expected 97.2 (0.02)
Passed bias filter:                      105  (0.0216094); expected 97.2 (0.02)
Passed Vit filter:                         5  (0.00102902); expected 4.9 (0.001)
Passed Fwd filter:                         1  (0.000205804); expected 0.0 (1e-05)
Initial search space (Z):               4859  [actual number of targets]
Domain search space  (domZ):               1  [number of targets reported over threshold]
# CPU time: 0.05u 0.00s 00:00:00.05 Elapsed: 00:00:00.05
# Mc/sec: 10383.61
//
Query:       TIGR01393  [M=595]
Accession:   TIGR01393
Description: lepA: elongation factor 4
Scores for complete sequences (score includes all domains):
   --- full sequence ---   --- best 1 domain ---    -#dom-
    E-value  score  bias    E-value  score  bias    exp  N  Sequence                 Description
    ------- ------ -----    ------- ------ -----   ---- --  --------                 -----------
   9.9e-291  963.4   0.1   1.1e-290  963.2   0.1    1.0  1  NZ_CDRNJH010000001.1_354  # 360486 # 362291 # 1 # ID=1_354;partial=00;start_type=ATG;rbs_motif=None;rbs_spacer=None;gc_cont=0.607


Domain annotation for each sequence:
>> NZ_CDRNJH010000001.1_354  # 360486 # 362291 # 1 # ID=1_354;partial=00;start_type=ATG;rbs_motif=None;rbs_spacer=None;gc_cont=0.607
   #    score  bias  c-Evalue  i-Evalue hmmfrom  hmm to    alifrom  ali to    envfrom  env to     acc
 ---   ------ ----- --------- --------- ------- -------    ------- -------    ------- -------    ----
   1 !  963.2   0.1  2.3e-294  1.1e-290       1     594 [.       6     598 ..       6     599 .. 1.00



Internal pipeline statistics summary:
-------------------------------------
Query model(s):                            1  (595 nodes)
Target sequences:                       4859  (1464560 residues searched)
Passed MSV filter:                        94  (0.0193455); expected 97.2 (0.02)
Passed bias filter:                       85  (0.0174933); expected 97.2 (0.02)
Passed Vit filter:                        17  (0.00349866); expected 4.9 (0.001)
Passed Fwd filter:                        10  (0.00205804); expected 0.0 (1e-05)
Initial search space (Z):               4859  [actual number of targets]
Domain search space  (domZ):               1  [number of targets reported over threshold]
# CPU time: 0.11u 0.00s 00:00:00.11 Elapsed: 00:00:00.11
# Mc/sec: 7359.35
//
Query:       TIGR01394  [M=594]
Accession:   TIGR01394
Description: TypA_BipA: GTP-binding protein TypA/BipA
Scores for complete sequences (score includes all domains):
   --- full sequence ---   --- best 1 domain ---    -#dom-
    E-value  score  bias    E-value  score  bias    exp  N  Sequence                 Description
    ------- ------ -----    ------- ------ -----   ---- --  --------                 -----------
   4.2e-269  891.8   0.3   4.8e-269  891.7   0.3    1.0  1  NZ_CDRNJH010000001.1_657  # 653152 # 654987 # 1 # ID=1_657;partial=00;start_type=ATG;rbs_motif=None;rbs_spacer=None;gc_cont=0.625


Domain annotation for each sequence:
>> NZ_CDRNJH010000001.1_657  # 653152 # 654987 # 1 # ID=1_657;partial=00;start_type=ATG;rbs_motif=None;rbs_spacer=None;gc_cont=0.625
   #    score  bias  c-Evalue  i-Evalue hmmfrom  hmm to    alifrom  ali to    envfrom  env to     acc
 ---   ------ ----- --------- --------- ------- -------    ------- -------    ------- -------    ----
   1 !  891.7   0.3  9.9e-273  4.8e-269       1     594 []      10     603 ..      10     603 .. 0.99



Internal pipeline statistics summary:
-------------------------------------
Query model(s):                            1  (594 nodes)
Target sequences:                       4859  (1464560 residues searched)
Passed MSV filter:                       115  (0.0236674); expected 97.2 (0.02)
Passed bias filter:                       89  (0.0183165); expected 97.2 (0.02)
Passed Vit filter:                        15  (0.00308705); expected 4.9 (0.001)
Passed Fwd filter:                         8  (0.00164643); expected 0.0 (1e-05)
Initial search space (Z):               4859  [actual number of targets]
Domain search space  (domZ):               1  [number of targets reported over threshold]
# CPU time: 0.10u 0.01s 00:00:00.11 Elapsed: 00:00:00.10
# Mc/sec: 8432.16
//
Query:       TIGR01510  [M=155]
Accession:   TIGR01510
Description: coaD_prev_kdtB: pantetheine-phosphate adenylyltransferase
Scores for complete sequences (score includes all domains):
   --- full sequence ---   --- best 1 domain ---    -#dom-
    E-value  score  bias    E-value  score  bias    exp  N  Sequence                  Description
    ------- ------ -----    ------- ------ -----   ---- --  --------                  -----------
    8.6e-52  173.4   0.0    9.6e-52  173.2   0.0    1.0  1  NZ_CDRNJH010000001.1_2941  # 2976953 # 2977447 # 1 # ID=1_2941;partial=00;start_type=ATG;rbs_motif=GGAGG;rbs_spacer=5-10bp;gc_cont=0.594


Domain annotation for each sequence:
>> NZ_CDRNJH010000001.1_2941  # 2976953 # 2977447 # 1 # ID=1_2941;partial=00;start_type=ATG;rbs_motif=GGAGG;rbs_spacer=5-10bp;gc_cont=0.594
   #    score  bias  c-Evalue  i-Evalue hmmfrom  hmm to    alifrom  ali to    envfrom  env to     acc
 ---   ------ ----- --------- --------- ------- -------    ------- -------    ------- -------    ----
   1 !  173.2   0.0     2e-55   9.6e-52       2     153 ..       6     163 ..       5     164 .. 0.95



Internal pipeline statistics summary:
-------------------------------------
Query model(s):                            1  (155 nodes)
Target sequences:                       4859  (1464560 residues searched)
Passed MSV filter:                        87  (0.0179049); expected 97.2 (0.02)
Passed bias filter:                       82  (0.0168759); expected 97.2 (0.02)
Passed Vit filter:                         8  (0.00164643); expected 4.9 (0.001)
Passed Fwd filter:                         3  (0.000617411); expected 0.0 (1e-05)
Initial search space (Z):               4859  [actual number of targets]
Domain search space  (domZ):               1  [number of targets reported over threshold]
# CPU time: 0.02u 0.00s 00:00:00.02 Elapsed: 00:00:00.01
# Mc/sec: 15360.90
//
Query:       TIGR01632  [M=140]
Accession:   TIGR01632
Description: L11_bact: ribosomal protein uL11
Scores for complete sequences (score includes all domains):
   --- full sequence ---   --- best 1 domain ---    -#dom-
    E-value  score  bias    E-value  score  bias    exp  N  Sequence                  Description
    ------- ------ -----    ------- ------ -----   ---- --  --------                  -----------
      3e-63  210.0   1.8    3.3e-63  209.9   1.8    1.0  1  NZ_CDRNJH010000001.1_3343  # 3367184 # 3367612 # -1 # ID=1_3343;partial=00;start_type=ATG;rbs_motif=GGAG/GAGG;rbs_spacer=5-10bp;gc_cont=0.576


Domain annotation for each sequence:
>> NZ_CDRNJH010000001.1_3343  # 3367184 # 3367612 # -1 # ID=1_3343;partial=00;start_type=ATG;rbs_motif=GGAG/GAGG;rbs_spacer=5-10bp;gc_cont=0.576
   #    score  bias  c-Evalue  i-Evalue hmmfrom  hmm to    alifrom  ali to    envfrom  env to     acc
 ---   ------ ----- --------- --------- ------- -------    ------- -------    ------- -------    ----
   1 !  209.9   1.8   6.9e-67   3.3e-63       1     139 [.       3     141 ..       3     142 .. 0.99



Internal pipeline statistics summary:
-------------------------------------
Query model(s):                            1  (140 nodes)
Target sequences:                       4859  (1464560 residues searched)
Passed MSV filter:                        99  (0.0203746); expected 97.2 (0.02)
Passed bias filter:                       94  (0.0193455); expected 97.2 (0.02)
Passed Vit filter:                         8  (0.00164643); expected 4.9 (0.001)
Passed Fwd filter:                         1  (0.000205804); expected 0.0 (1e-05)
Initial search space (Z):               4859  [actual number of targets]
Domain search space  (domZ):               1  [number of targets reported over threshold]
# CPU time: 0.02u 0.00s 00:00:00.02 Elapsed: 00:00:00.03
# Mc/sec: 6154.36
//
Query:       TIGR01951  [M=131]
Accession:   TIGR01951
Description: nusB: transcription antitermination factor NusB
Scores for complete sequences (score includes all domains):
   --- full sequence ---   --- best 1 domain ---    -#dom-
    E-value  score  bias    E-value  score  bias    exp  N  Sequence                  Description
    ------- ------ -----    ------- ------ -----   ---- --  --------                  -----------
    7.7e-39  131.1   0.0    8.7e-39  130.9   0.0    1.0  1  NZ_CDRNJH010000001.1_3682  # 3745933 # 3746424 # -1 # ID=1_3682;partial=00;start_type=ATG;rbs_motif=None;rbs_spacer=None;gc_cont=0.659


Domain annotation for each sequence:
>> NZ_CDRNJH010000001.1_3682  # 3745933 # 3746424 # -1 # ID=1_3682;partial=00;start_type=ATG;rbs_motif=None;rbs_spacer=None;gc_cont=0.659
   #    score  bias  c-Evalue  i-Evalue hmmfrom  hmm to    alifrom  ali to    envfrom  env to     acc
 ---   ------ ----- --------- --------- ------- -------    ------- -------    ------- -------    ----
   1 !  130.9   0.0   1.8e-42   8.7e-39       2     130 ..      17     154 ..      15     155 .. 0.94



Internal pipeline statistics summary:
-------------------------------------
Query model(s):                            1  (131 nodes)
Target sequences:                       4859  (1464560 residues searched)
Passed MSV filter:                       113  (0.0232558); expected 97.2 (0.02)
Passed bias filter:                       90  (0.0185223); expected 97.2 (0.02)
Passed Vit filter:                         8  (0.00164643); expected 4.9 (0.001)
Passed Fwd filter:                         2  (0.000411607); expected 0.0 (1e-05)
Initial search space (Z):               4859  [actual number of targets]
Domain search space  (domZ):               1  [number of targets reported over threshold]
# CPU time: 0.03u 0.00s 00:00:00.03 Elapsed: 00:00:00.03
# Mc/sec: 5405.44
//
Query:       TIGR01952  [M=141]
Accession:   TIGR01952
Description: nusA_arch: NusA family KH domain protein, archaeal
Scores for complete sequences (score includes all domains):
   --- full sequence ---   --- best 1 domain ---    -#dom-
    E-value  score  bias    E-value  score  bias    exp  N  Sequence Description
    ------- ------ -----    ------- ------ -----   ---- --  -------- -----------

   [No hits detected that satisfy reporting thresholds]


Domain annotation for each sequence:

   [No targets detected that satisfy reporting thresholds]


Internal pipeline statistics summary:
-------------------------------------
Query model(s):                            1  (141 nodes)
Target sequences:                       4859  (1464560 residues searched)
Passed MSV filter:                       113  (0.0232558); expected 97.2 (0.02)
Passed bias filter:                       96  (0.0197572); expected 97.2 (0.02)
Passed Vit filter:                         9  (0.00185223); expected 4.9 (0.001)
Passed Fwd filter:                         2  (0.000411607); expected 0.0 (1e-05)
Initial search space (Z):               4859  [actual number of targets]
Domain search space  (domZ):               0  [number of targets reported over threshold]
# CPU time: 0.02u 0.00s 00:00:00.02 Elapsed: 00:00:00.03
# Mc/sec: 5588.37
//
Query:       TIGR01953  [M=340]
Accession:   TIGR01953
Description: NusA: transcription termination factor NusA
Scores for complete sequences (score includes all domains):
   --- full sequence ---   --- best 1 domain ---    -#dom-
    E-value  score  bias    E-value  score  bias    exp  N  Sequence                 Description
    ------- ------ -----    ------- ------ -----   ---- --  --------                 -----------
   3.4e-133  441.9   2.7   4.7e-133  441.5   2.7    1.2  1  NZ_CDRNJH010000001.1_524  # 526807 # 528411 # 1 # ID=1_524;partial=00;start_type=ATG;rbs_motif=AGGAG;rbs_spacer=5-10bp;gc_cont=0.611


Domain annotation for each sequence:
>> NZ_CDRNJH010000001.1_524  # 526807 # 528411 # 1 # ID=1_524;partial=00;start_type=ATG;rbs_motif=AGGAG;rbs_spacer=5-10bp;gc_cont=0.611
   #    score  bias  c-Evalue  i-Evalue hmmfrom  hmm to    alifrom  ali to    envfrom  env to     acc
 ---   ------ ----- --------- --------- ------- -------    ------- -------    ------- -------    ----
   1 !  441.5   2.7  9.7e-137  4.7e-133       1     339 [.       9     346 ..       9     347 .. 0.99



Internal pipeline statistics summary:
-------------------------------------
Query model(s):                            1  (340 nodes)
Target sequences:                       4859  (1464560 residues searched)
Passed MSV filter:                        83  (0.0170817); expected 97.2 (0.02)
Passed bias filter:                       65  (0.0133772); expected 97.2 (0.02)
Passed Vit filter:                         5  (0.00102902); expected 4.9 (0.001)
Passed Fwd filter:                         1  (0.000205804); expected 0.0 (1e-05)
Initial search space (Z):               4859  [actual number of targets]
Domain search space  (domZ):               1  [number of targets reported over threshold]
# CPU time: 0.04u 0.00s 00:00:00.04 Elapsed: 00:00:00.03
# Mc/sec: 16262.73
//
Query:       TIGR02012  [M=321]
Accession:   TIGR02012
Description: tigrfam_recA: protein RecA
Scores for complete sequences (score includes all domains):
   --- full sequence ---   --- best 1 domain ---    -#dom-
    E-value  score  bias    E-value  score  bias    exp  N  Sequence                  Description
    ------- ------ -----    ------- ------ -----   ---- --  --------                  -----------
   6.2e-175  579.1   0.6     7e-175  578.9   0.6    1.0  1  NZ_CDRNJH010000001.1_2707  # 2775879 # 2776955 # 1 # ID=1_2707;partial=00;start_type=ATG;rbs_motif=AGGAG;rbs_spacer=5-10bp;gc_cont=0.597


Domain annotation for each sequence:
>> NZ_CDRNJH010000001.1_2707  # 2775879 # 2776955 # 1 # ID=1_2707;partial=00;start_type=ATG;rbs_motif=AGGAG;rbs_spacer=5-10bp;gc_cont=0.597
   #    score  bias  c-Evalue  i-Evalue hmmfrom  hmm to    alifrom  ali to    envfrom  env to     acc
 ---   ------ ----- --------- --------- ------- -------    ------- -------    ------- -------    ----
   1 !  578.9   0.6  1.4e-178    7e-175       1     321 []      15     335 ..      15     335 .. 1.00



Internal pipeline statistics summary:
-------------------------------------
Query model(s):                            1  (321 nodes)
Target sequences:                       4859  (1464560 residues searched)
Passed MSV filter:                       251  (0.0516567); expected 97.2 (0.02)
Passed bias filter:                      202  (0.0415723); expected 97.2 (0.02)
Passed Vit filter:                        38  (0.00782054); expected 4.9 (0.001)
Passed Fwd filter:                         2  (0.000411607); expected 0.0 (1e-05)
Initial search space (Z):               4859  [actual number of targets]
Domain search space  (domZ):               1  [number of targets reported over threshold]
# CPU time: 0.05u 0.00s 00:00:00.05 Elapsed: 00:00:00.06
# Mc/sec: 7442.49
//
Query:       TIGR02013  [M=1238]
Accession:   TIGR02013
Description: rpoB: DNA-directed RNA polymerase, beta subunit
Scores for complete sequences (score includes all domains):
   --- full sequence ---   --- best 1 domain ---    -#dom-
    E-value  score  bias    E-value  score  bias    exp  N  Sequence                  Description
    ------- ------ -----    ------- ------ -----   ---- --  --------                  -----------
          0 1516.4   6.8          0 1516.2   6.8    1.0  1  NZ_CDRNJH010000001.1_3337  # 3360620 # 3363481 # -1 # ID=1_3337;partial=00;start_type=ATG;rbs_motif=None;rbs_spacer=None;gc_cont=0.598


Domain annotation for each sequence:
>> NZ_CDRNJH010000001.1_3337  # 3360620 # 3363481 # -1 # ID=1_3337;partial=00;start_type=ATG;rbs_motif=None;rbs_spacer=None;gc_cont=0.598
   #    score  bias  c-Evalue  i-Evalue hmmfrom  hmm to    alifrom  ali to    envfrom  env to     acc
 ---   ------ ----- --------- --------- ------- -------    ------- -------    ------- -------    ----
   1 ! 1516.2   6.8         0         0     371    1238 .]       2     932 ..       1     932 [. 0.97



Internal pipeline statistics summary:
-------------------------------------
Query model(s):                            1  (1238 nodes)
Target sequences:                       4859  (1464560 residues searched)
Passed MSV filter:                        80  (0.0164643); expected 97.2 (0.02)
Passed bias filter:                       66  (0.013583); expected 97.2 (0.02)
Passed Vit filter:                         7  (0.00144063); expected 4.9 (0.001)
Passed Fwd filter:                         1  (0.000205804); expected 0.0 (1e-05)
Initial search space (Z):               4859  [actual number of targets]
Domain search space  (domZ):               1  [number of targets reported over threshold]
# CPU time: 0.11u 0.02s 00:00:00.13 Elapsed: 00:00:00.12
# Mc/sec: 14620.54
//
Query:       TIGR02027  [M=298]
Accession:   TIGR02027
Description: rpoA: DNA-directed RNA polymerase, alpha subunit
Scores for complete sequences (score includes all domains):
   --- full sequence ---   --- best 1 domain ---    -#dom-
    E-value  score  bias    E-value  score  bias    exp  N  Sequence                  Description
    ------- ------ -----    ------- ------ -----   ---- --  --------                  -----------
   1.6e-115  383.5   0.0   1.9e-115  383.2   0.0    1.0  1  NZ_CDRNJH010000001.1_3298  # 3330848 # 3331867 # -1 # ID=1_3298;partial=00;start_type=GTG;rbs_motif=AGGA;rbs_spacer=5-10bp;gc_cont=0.584


Domain annotation for each sequence:
>> NZ_CDRNJH010000001.1_3298  # 3330848 # 3331867 # -1 # ID=1_3298;partial=00;start_type=GTG;rbs_motif=AGGA;rbs_spacer=5-10bp;gc_cont=0.584
   #    score  bias  c-Evalue  i-Evalue hmmfrom  hmm to    alifrom  ali to    envfrom  env to     acc
 ---   ------ ----- --------- --------- ------- -------    ------- -------    ------- -------    ----
   1 !  383.2   0.0  3.8e-119  1.9e-115       2     298 .]      28     319 ..      27     319 .. 0.97



Internal pipeline statistics summary:
-------------------------------------
Query model(s):                            1  (298 nodes)
Target sequences:                       4859  (1464560 residues searched)
Passed MSV filter:                        69  (0.0142005); expected 97.2 (0.02)
Passed bias filter:                       56  (0.011525); expected 97.2 (0.02)
Passed Vit filter:                         5  (0.00102902); expected 4.9 (0.001)
Passed Fwd filter:                         1  (0.000205804); expected 0.0 (1e-05)
Initial search space (Z):               4859  [actual number of targets]
Domain search space  (domZ):               1  [number of targets reported over threshold]
# CPU time: 0.03u 0.00s 00:00:00.03 Elapsed: 00:00:00.05
# Mc/sec: 8719.10
//
Query:       TIGR02075  [M=233]
Accession:   TIGR02075
Description: pyrH_bact: UMP kinase
Scores for complete sequences (score includes all domains):
   --- full sequence ---   --- best 1 domain ---    -#dom-
    E-value  score  bias    E-value  score  bias    exp  N  Sequence                  Description
    ------- ------ -----    ------- ------ -----   ---- --  --------                  -----------
    2.5e-89  297.0   0.0    2.8e-89  296.8   0.0    1.0  1  NZ_CDRNJH010000001.1_3129  # 3162531 # 3163250 # -1 # ID=1_3129;partial=00;start_type=ATG;rbs_motif=GGAG/GAGG;rbs_spacer=5-10bp;gc_cont=0.611


Domain annotation for each sequence:
>> NZ_CDRNJH010000001.1_3129  # 3162531 # 3163250 # -1 # ID=1_3129;partial=00;start_type=ATG;rbs_motif=GGAG/GAGG;rbs_spacer=5-10bp;gc_cont=0.611
   #    score  bias  c-Evalue  i-Evalue hmmfrom  hmm to    alifrom  ali to    envfrom  env to     acc
 ---   ------ ----- --------- --------- ------- -------    ------- -------    ------- -------    ----
   1 !  296.8   0.0   5.8e-93   2.8e-89       1     232 [.       5     235 ..       5     236 .. 0.99



Internal pipeline statistics summary:
-------------------------------------
Query model(s):                            1  (233 nodes)
Target sequences:                       4859  (1464560 residues searched)
Passed MSV filter:                       121  (0.0249022); expected 97.2 (0.02)
Passed bias filter:                       97  (0.019963); expected 97.2 (0.02)
Passed Vit filter:                        10  (0.00205804); expected 4.9 (0.001)
Passed Fwd filter:                         3  (0.000617411); expected 0.0 (1e-05)
Initial search space (Z):               4859  [actual number of targets]
Domain search space  (domZ):               1  [number of targets reported over threshold]
# CPU time: 0.04u 0.00s 00:00:00.04 Elapsed: 00:00:00.04
# Mc/sec: 7164.30
//
Query:       TIGR02191  [M=219]
Accession:   TIGR02191
Description: RNaseIII: ribonuclease III
Scores for complete sequences (score includes all domains):
   --- full sequence ---   --- best 1 domain ---    -#dom-
    E-value  score  bias    E-value  score  bias    exp  N  Sequence                  Description
    ------- ------ -----    ------- ------ -----   ---- --  --------                  -----------
    2.1e-72  241.3   0.0    2.4e-72  241.1   0.0    1.0  1  NZ_CDRNJH010000001.1_3707  # 3766099 # 3766806 # -1 # ID=1_3707;partial=00;start_type=GTG;rbs_motif=None;rbs_spacer=None;gc_cont=0.626


Domain annotation for each sequence:
>> NZ_CDRNJH010000001.1_3707  # 3766099 # 3766806 # -1 # ID=1_3707;partial=00;start_type=GTG;rbs_motif=None;rbs_spacer=None;gc_cont=0.626
   #    score  bias  c-Evalue  i-Evalue hmmfrom  hmm to    alifrom  ali to    envfrom  env to     acc
 ---   ------ ----- --------- --------- ------- -------    ------- -------    ------- -------    ----
   1 !  241.1   0.0     5e-76   2.4e-72       2     216 ..      12     225 ..      11     228 .. 0.96



Internal pipeline statistics summary:
-------------------------------------
Query model(s):                            1  (219 nodes)
Target sequences:                       4859  (1464560 residues searched)
Passed MSV filter:                        94  (0.0193455); expected 97.2 (0.02)
Passed bias filter:                       78  (0.0160527); expected 97.2 (0.02)
Passed Vit filter:                         4  (0.000823215); expected 4.9 (0.001)
Passed Fwd filter:                         1  (0.000205804); expected 0.0 (1e-05)
Initial search space (Z):               4859  [actual number of targets]
Domain search space  (domZ):               1  [number of targets reported over threshold]
# CPU time: 0.03u 0.00s 00:00:00.03 Elapsed: 00:00:00.03
# Mc/sec: 8374.15
//
Query:       TIGR02236  [M=311]
Accession:   TIGR02236
Description: recomb_radA: DNA repair and recombination protein RadA
Scores for complete sequences (score includes all domains):
   --- full sequence ---   --- best 1 domain ---    -#dom-
    E-value  score  bias    E-value  score  bias    exp  N  Sequence Description
    ------- ------ -----    ------- ------ -----   ---- --  -------- -----------

   [No hits detected that satisfy reporting thresholds]


Domain annotation for each sequence:

   [No targets detected that satisfy reporting thresholds]


Internal pipeline statistics summary:
-------------------------------------
Query model(s):                            1  (311 nodes)
Target sequences:                       4859  (1464560 residues searched)
Passed MSV filter:                       183  (0.0376621); expected 97.2 (0.02)
Passed bias filter:                      146  (0.0300473); expected 97.2 (0.02)
Passed Vit filter:                        18  (0.00370447); expected 4.9 (0.001)
Passed Fwd filter:                         4  (0.000823215); expected 0.0 (1e-05)
Initial search space (Z):               4859  [actual number of targets]
Domain search space  (domZ):               0  [number of targets reported over threshold]
# CPU time: 0.05u 0.01s 00:00:00.06 Elapsed: 00:00:00.06
# Mc/sec: 7151.98
//
Query:       TIGR02273  [M=166]
Accession:   TIGR02273
Description: 16S_RimM: 16S rRNA processing protein RimM
Scores for complete sequences (score includes all domains):
   --- full sequence ---   --- best 1 domain ---    -#dom-
    E-value  score  bias    E-value  score  bias    exp  N  Sequence                 Description
    ------- ------ -----    ------- ------ -----   ---- --  --------                 -----------
      2e-40  136.0   0.0    2.3e-40  135.8   0.0    1.0  1  NZ_CDRNJH010000001.1_634  # 629862 # 630398 # -1 # ID=1_634;partial=00;start_type=ATG;rbs_motif=GGA/GAG/AGG;rbs_spacer=5-10bp;gc_cont=0.644


Domain annotation for each sequence:
>> NZ_CDRNJH010000001.1_634  # 629862 # 630398 # -1 # ID=1_634;partial=00;start_type=ATG;rbs_motif=GGA/GAG/AGG;rbs_spacer=5-10bp;gc_cont=0.644
   #    score  bias  c-Evalue  i-Evalue hmmfrom  hmm to    alifrom  ali to    envfrom  env to     acc
 ---   ------ ----- --------- --------- ------- -------    ------- -------    ------- -------    ----
   1 !  135.8   0.0   4.7e-44   2.3e-40       2     163 ..       8     167 ..       7     170 .. 0.95



Internal pipeline statistics summary:
-------------------------------------
Query model(s):                            1  (166 nodes)
Target sequences:                       4859  (1464560 residues searched)
Passed MSV filter:                        78  (0.0160527); expected 97.2 (0.02)
Passed bias filter:                       75  (0.0154353); expected 97.2 (0.02)
Passed Vit filter:                         8  (0.00164643); expected 4.9 (0.001)
Passed Fwd filter:                         1  (0.000205804); expected 0.0 (1e-05)
Initial search space (Z):               4859  [actual number of targets]
Domain search space  (domZ):               1  [number of targets reported over threshold]
# CPU time: 0.02u 0.00s 00:00:00.02 Elapsed: 00:00:00.02
# Mc/sec: 9762.95
//
Query:       TIGR02338  [M=110]
Accession:   TIGR02338
Description: gimC_beta: prefoldin, beta subunit
Scores for complete sequences (score includes all domains):
   --- full sequence ---   --- best 1 domain ---    -#dom-
    E-value  score  bias    E-value  score  bias    exp  N  Sequence Description
    ------- ------ -----    ------- ------ -----   ---- --  -------- -----------

   [No hits detected that satisfy reporting thresholds]


Domain annotation for each sequence:

   [No targets detected that satisfy reporting thresholds]


Internal pipeline statistics summary:
-------------------------------------
Query model(s):                            1  (110 nodes)
Target sequences:                       4859  (1464560 residues searched)
Passed MSV filter:                       154  (0.0316938); expected 97.2 (0.02)
Passed bias filter:                      103  (0.0211978); expected 97.2 (0.02)
Passed Vit filter:                        10  (0.00205804); expected 4.9 (0.001)
Passed Fwd filter:                         1  (0.000205804); expected 0.0 (1e-05)
Initial search space (Z):               4859  [actual number of targets]
Domain search space  (domZ):               0  [number of targets reported over threshold]
# CPU time: 0.02u 0.00s 00:00:00.02 Elapsed: 00:00:00.01
# Mc/sec: 8642.77
//
Query:       TIGR02350  [M=596]
Accession:   TIGR02350
Description: prok_dnaK: chaperone protein DnaK
Scores for complete sequences (score includes all domains):
   --- full sequence ---   --- best 1 domain ---    -#dom-
    E-value  score  bias    E-value  score  bias    exp  N  Sequence                 Description
    ------- ------ -----    ------- ------ -----   ---- --  --------                 -----------
   8.3e-304 1006.6  17.0   9.6e-304 1006.4  17.0    1.0  1  NZ_CDRNJH010000001.1_579  # 583355 # 585262 # 1 # ID=1_579;partial=00;start_type=ATG;rbs_motif=GGAG/GAGG;rbs_spacer=5-10bp;gc_cont=0.603


Domain annotation for each sequence:
>> NZ_CDRNJH010000001.1_579  # 583355 # 585262 # 1 # ID=1_579;partial=00;start_type=ATG;rbs_motif=GGAG/GAGG;rbs_spacer=5-10bp;gc_cont=0.603
   #    score  bias  c-Evalue  i-Evalue hmmfrom  hmm to    alifrom  ali to    envfrom  env to     acc
 ---   ------ ----- --------- --------- ------- -------    ------- -------    ------- -------    ----
   1 ! 1006.4  17.0    2e-307  9.6e-304       1     596 []       3     599 ..       3     599 .. 0.99



Internal pipeline statistics summary:
-------------------------------------
Query model(s):                            1  (596 nodes)
Target sequences:                       4859  (1464560 residues searched)
Passed MSV filter:                       174  (0.0358098); expected 97.2 (0.02)
Passed bias filter:                      130  (0.0267545); expected 97.2 (0.02)
Passed Vit filter:                        14  (0.00288125); expected 4.9 (0.001)
Passed Fwd filter:                         2  (0.000411607); expected 0.0 (1e-05)
Initial search space (Z):               4859  [actual number of targets]
Domain search space  (domZ):               1  [number of targets reported over threshold]
# CPU time: 0.09u 0.00s 00:00:00.09 Elapsed: 00:00:00.11
# Mc/sec: 7729.13
//
Query:       TIGR02386  [M=1147]
Accession:   TIGR02386
Description: rpoC_TIGR: DNA-directed RNA polymerase, beta' subunit
Scores for complete sequences (score includes all domains):
   --- full sequence ---   --- best 1 domain ---    -#dom-
    E-value  score  bias    E-value  score  bias    exp  N  Sequence                  Description
    ------- ------ -----    ------- ------ -----   ---- --  --------                  -----------
          0 1786.3   0.0          0 1477.4   0.0    2.1  1  NZ_CDRNJH010000001.1_3336  # 3356356 # 3360540 # -1 # ID=1_3336;partial=00;start_type=ATG;rbs_motif=AGGAG;rbs_spacer=5-10bp;gc_cont=0.604


Domain annotation for each sequence:
>> NZ_CDRNJH010000001.1_3336  # 3356356 # 3360540 # -1 # ID=1_3336;partial=00;start_type=ATG;rbs_motif=AGGAG;rbs_spacer=5-10bp;gc_cont=0.604
   #    score  bias  c-Evalue  i-Evalue hmmfrom  hmm to    alifrom  ali to    envfrom  env to     acc
 ---   ------ ----- --------- --------- ------- -------    ------- -------    ------- -------    ----
   1 ! 1477.4   0.0         0         0       2    1000 ..      23    1026 ..      22    1041 .. 0.96



Internal pipeline statistics summary:
-------------------------------------
Query model(s):                            1  (1147 nodes)
Target sequences:                       4859  (1464560 residues searched)
Passed MSV filter:                        85  (0.0174933); expected 97.2 (0.02)
Passed bias filter:                       77  (0.0158469); expected 97.2 (0.02)
Passed Vit filter:                         5  (0.00102902); expected 4.9 (0.001)
Passed Fwd filter:                         1  (0.000205804); expected 0.0 (1e-05)
Initial search space (Z):               4859  [actual number of targets]
Domain search space  (domZ):               1  [number of targets reported over threshold]
# CPU time: 0.13u 0.00s 00:00:00.13 Elapsed: 00:00:00.14
# Mc/sec: 11454.35
//
Query:       TIGR02389  [M=367]
Accession:   TIGR02389
Description: RNA_pol_rpoA2: DNA-directed RNA polymerase, subunit A''
Scores for complete sequences (score includes all domains):
   --- full sequence ---   --- best 1 domain ---    -#dom-
    E-value  score  bias    E-value  score  bias    exp  N  Sequence Description
    ------- ------ -----    ------- ------ -----   ---- --  -------- -----------

   [No hits detected that satisfy reporting thresholds]


Domain annotation for each sequence:

   [No targets detected that satisfy reporting thresholds]


Internal pipeline statistics summary:
-------------------------------------
Query model(s):                            1  (367 nodes)
Target sequences:                       4859  (1464560 residues searched)
Passed MSV filter:                       121  (0.0249022); expected 97.2 (0.02)
Passed bias filter:                       89  (0.0183165); expected 97.2 (0.02)
Passed Vit filter:                         7  (0.00144063); expected 4.9 (0.001)
Passed Fwd filter:                         1  (0.000205804); expected 0.0 (1e-05)
Initial search space (Z):               4859  [actual number of targets]
Domain search space  (domZ):               0  [number of targets reported over threshold]
# CPU time: 0.04u 0.00s 00:00:00.04 Elapsed: 00:00:00.05
# Mc/sec: 10026.67
//
Query:       TIGR02390  [M=867]
Accession:   TIGR02390
Description: RNA_pol_rpoA1: DNA-directed RNA polymerase subunit A'
Scores for complete sequences (score includes all domains):
   --- full sequence ---   --- best 1 domain ---    -#dom-
    E-value  score  bias    E-value  score  bias    exp  N  Sequence Description
    ------- ------ -----    ------- ------ -----   ---- --  -------- -----------

   [No hits detected that satisfy reporting thresholds]


Domain annotation for each sequence:

   [No targets detected that satisfy reporting thresholds]


Internal pipeline statistics summary:
-------------------------------------
Query model(s):                            1  (867 nodes)
Target sequences:                       4859  (1464560 residues searched)
Passed MSV filter:                        68  (0.0139946); expected 97.2 (0.02)
Passed bias filter:                       63  (0.0129656); expected 97.2 (0.02)
Passed Vit filter:                        11  (0.00226384); expected 4.9 (0.001)
Passed Fwd filter:                         1  (0.000205804); expected 0.0 (1e-05)
Initial search space (Z):               4859  [actual number of targets]
Domain search space  (domZ):               0  [number of targets reported over threshold]
# CPU time: 0.11u 0.00s 00:00:00.11 Elapsed: 00:00:00.11
# Mc/sec: 11402.13
//
Query:       TIGR02397  [M=355]
Accession:   TIGR02397
Description: dnaX_nterm: DNA polymerase III, subunit gamma and tau
Scores for complete sequences (score includes all domains):
   --- full sequence ---   --- best 1 domain ---    -#dom-
    E-value  score  bias    E-value  score  bias    exp  N  Sequence                  Description
    ------- ------ -----    ------- ------ -----   ---- --  --------                  -----------
   1.8e-119  397.2   0.0   2.2e-119  396.9   0.0    1.1  1  NZ_CDRNJH010000001.1_4399  # 4471311 # 4473074 # 1 # ID=1_4399;partial=00;start_type=ATG;rbs_motif=GGA/GAG/AGG;rbs_spacer=5-10bp;gc_cont=0.630


Domain annotation for each sequence:
>> NZ_CDRNJH010000001.1_4399  # 4471311 # 4473074 # 1 # ID=1_4399;partial=00;start_type=ATG;rbs_motif=GGA/GAG/AGG;rbs_spacer=5-10bp;gc_cont=0.630
   #    score  bias  c-Evalue  i-Evalue hmmfrom  hmm to    alifrom  ali to    envfrom  env to     acc
 ---   ------ ----- --------- --------- ------- -------    ------- -------    ------- -------    ----
   1 !  396.9   0.0  4.6e-123  2.2e-119       1     354 [.       9     368 ..       9     369 .. 0.97



Internal pipeline statistics summary:
-------------------------------------
Query model(s):                            1  (355 nodes)
Target sequences:                       4859  (1464560 residues searched)
Passed MSV filter:                       296  (0.0609179); expected 97.2 (0.02)
Passed bias filter:                      283  (0.0582424); expected 97.2 (0.02)
Passed Vit filter:                       117  (0.024079); expected 4.9 (0.001)
Passed Fwd filter:                         9  (0.00185223); expected 0.0 (1e-05)
Initial search space (Z):               4859  [actual number of targets]
Domain search space  (domZ):               1  [number of targets reported over threshold]
# CPU time: 0.09u 0.00s 00:00:00.09 Elapsed: 00:00:00.09
# Mc/sec: 5371.55
//
Query:       TIGR02432  [M=189]
Accession:   TIGR02432
Description: lysidine_TilS_N: tRNA(Ile)-lysidine synthetase
Scores for complete sequences (score includes all domains):
   --- full sequence ---   --- best 1 domain ---    -#dom-
    E-value  score  bias    E-value  score  bias    exp  N  Sequence                  Description
    ------- ------ -----    ------- ------ -----   ---- --  --------                  -----------
    4.1e-42  142.3   0.0    5.6e-42  141.9   0.0    1.1  1  NZ_CDRNJH010000001.1_1211  # 1200092 # 1201366 # 1 # ID=1_1211;partial=00;start_type=ATG;rbs_motif=AGGAG(G)/GGAGG;rbs_spacer=13-15bp;gc_cont=0.653


Domain annotation for each sequence:
>> NZ_CDRNJH010000001.1_1211  # 1200092 # 1201366 # 1 # ID=1_1211;partial=00;start_type=ATG;rbs_motif=AGGAG(G)/GGAGG;rbs_spacer=13-15bp;gc_cont=0.653
   #    score  bias  c-Evalue  i-Evalue hmmfrom  hmm to    alifrom  ali to    envfrom  env to     acc
 ---   ------ ----- --------- --------- ------- -------    ------- -------    ------- -------    ----
   1 !  141.9   0.0   1.2e-45   5.6e-42       2     185 ..      28     208 ..      27     211 .. 0.95



Internal pipeline statistics summary:
-------------------------------------
Query model(s):                            1  (189 nodes)
Target sequences:                       4859  (1464560 residues searched)
Passed MSV filter:                        87  (0.0179049); expected 97.2 (0.02)
Passed bias filter:                       77  (0.0158469); expected 97.2 (0.02)
Passed Vit filter:                        17  (0.00349866); expected 4.9 (0.001)
Passed Fwd filter:                         5  (0.00102902); expected 0.0 (1e-05)
Initial search space (Z):               4859  [actual number of targets]
Domain search space  (domZ):               1  [number of targets reported over threshold]
# CPU time: 0.03u 0.01s 00:00:00.04 Elapsed: 00:00:00.04
# Mc/sec: 5947.58
//
Query:       TIGR02729  [M=329]
Accession:   TIGR02729
Description: Obg_CgtA: Obg family GTPase CgtA
Scores for complete sequences (score includes all domains):
   --- full sequence ---   --- best 1 domain ---    -#dom-
    E-value  score  bias    E-value  score  bias    exp  N  Sequence                 Description
    ------- ------ -----    ------- ------ -----   ---- --  --------                 -----------
   5.6e-133  441.1   1.9   6.4e-133  440.9   1.9    1.0  1  NZ_CDRNJH010000001.1_773  # 756766 # 757809 # -1 # ID=1_773;partial=00;start_type=ATG;rbs_motif=GGA/GAG/AGG;rbs_spacer=5-10bp;gc_cont=0.627


Domain annotation for each sequence:
>> NZ_CDRNJH010000001.1_773  # 756766 # 757809 # -1 # ID=1_773;partial=00;start_type=ATG;rbs_motif=GGA/GAG/AGG;rbs_spacer=5-10bp;gc_cont=0.627
   #    score  bias  c-Evalue  i-Evalue hmmfrom  hmm to    alifrom  ali to    envfrom  env to     acc
 ---   ------ ----- --------- --------- ------- -------    ------- -------    ------- -------    ----
   1 !  440.9   1.9  1.3e-136  6.4e-133       1     326 [.       3     324 ..       3     327 .. 0.99



Internal pipeline statistics summary:
-------------------------------------
Query model(s):                            1  (329 nodes)
Target sequences:                       4859  (1464560 residues searched)
Passed MSV filter:                       311  (0.0640049); expected 97.2 (0.02)
Passed bias filter:                      265  (0.054538); expected 97.2 (0.02)
Passed Vit filter:                        81  (0.0166701); expected 4.9 (0.001)
Passed Fwd filter:                         8  (0.00164643); expected 0.0 (1e-05)
Initial search space (Z):               4859  [actual number of targets]
Domain search space  (domZ):               1  [number of targets reported over threshold]
# CPU time: 0.09u 0.00s 00:00:00.09 Elapsed: 00:00:00.09
# Mc/sec: 5004.89
//
Query:       TIGR03263  [M=180]
Accession:   TIGR03263
Description: guanyl_kin: guanylate kinase
Scores for complete sequences (score includes all domains):
   --- full sequence ---   --- best 1 domain ---    -#dom-
    E-value  score  bias    E-value  score  bias    exp  N  Sequence                  Description
    ------- ------ -----    ------- ------ -----   ---- --  --------                  -----------
    5.9e-65  216.3   0.0    6.9e-65  216.1   0.0    1.0  1  NZ_CDRNJH010000001.1_3842  # 3913236 # 3913874 # -1 # ID=1_3842;partial=00;start_type=ATG;rbs_motif=GGA/GAG/AGG;rbs_spacer=5-10bp;gc_cont=0.607


Domain annotation for each sequence:
>> NZ_CDRNJH010000001.1_3842  # 3913236 # 3913874 # -1 # ID=1_3842;partial=00;start_type=ATG;rbs_motif=GGA/GAG/AGG;rbs_spacer=5-10bp;gc_cont=0.607
   #    score  bias  c-Evalue  i-Evalue hmmfrom  hmm to    alifrom  ali to    envfrom  env to     acc
 ---   ------ ----- --------- --------- ------- -------    ------- -------    ------- -------    ----
   1 !  216.1   0.0   1.4e-68   6.9e-65       2     179 ..       8     186 ..       7     187 .. 0.98



Internal pipeline statistics summary:
-------------------------------------
Query model(s):                            1  (180 nodes)
Target sequences:                       4859  (1464560 residues searched)
Passed MSV filter:                       358  (0.0736777); expected 97.2 (0.02)
Passed bias filter:                      351  (0.0722371); expected 97.2 (0.02)
Passed Vit filter:                       194  (0.0399259); expected 4.9 (0.001)
Passed Fwd filter:                        51  (0.010496); expected 0.0 (1e-05)
Initial search space (Z):               4859  [actual number of targets]
Domain search space  (domZ):               1  [number of targets reported over threshold]
# CPU time: 0.09u 0.00s 00:00:00.09 Elapsed: 00:00:00.09
# Mc/sec: 2653.21
//
Query:       TIGR03594  [M=432]
Accession:   TIGR03594
Description: GTPase_EngA: ribosome-associated GTPase EngA
Scores for complete sequences (score includes all domains):
   --- full sequence ---   --- best 1 domain ---    -#dom-
    E-value  score  bias    E-value  score  bias    exp  N  Sequence                  Description
    ------- ------ -----    ------- ------ -----   ---- --  --------                  -----------
   2.4e-163  542.2   0.0   2.8e-163  542.0   0.0    1.0  1  NZ_CDRNJH010000001.1_3864  # 3934289 # 3935743 # -1 # ID=1_3864;partial=00;start_type=ATG;rbs_motif=GGAG/GAGG;rbs_spacer=5-10bp;gc_cont=0.634


Domain annotation for each sequence:
>> NZ_CDRNJH010000001.1_3864  # 3934289 # 3935743 # -1 # ID=1_3864;partial=00;start_type=ATG;rbs_motif=GGAG/GAGG;rbs_spacer=5-10bp;gc_cont=0.634
   #    score  bias  c-Evalue  i-Evalue hmmfrom  hmm to    alifrom  ali to    envfrom  env to     acc
 ---   ------ ----- --------- --------- ------- -------    ------- -------    ------- -------    ----
   1 !  542.0   0.0  5.7e-167  2.8e-163       2     432 .]       4     473 ..       3     473 .. 0.96



Internal pipeline statistics summary:
-------------------------------------
Query model(s):                            1  (432 nodes)
Target sequences:                       4859  (1464560 residues searched)
Passed MSV filter:                       264  (0.0543322); expected 97.2 (0.02)
Passed bias filter:                      247  (0.0508335); expected 97.2 (0.02)
Passed Vit filter:                        92  (0.0189339); expected 4.9 (0.001)
Passed Fwd filter:                        21  (0.00432188); expected 0.0 (1e-05)
Initial search space (Z):               4859  [actual number of targets]
Domain search space  (domZ):               1  [number of targets reported over threshold]
# CPU time: 0.13u 0.00s 00:00:00.13 Elapsed: 00:00:00.12
# Mc/sec: 5041.73
//
Query:       TIGR03625  [M=202]
Accession:   TIGR03625
Description: L3_bact: 50S ribosomal protein uL3
Scores for complete sequences (score includes all domains):
   --- full sequence ---   --- best 1 domain ---    -#dom-
    E-value  score  bias    E-value  score  bias    exp  N  Sequence                  Description
    ------- ------ -----    ------- ------ -----   ---- --  --------                  -----------
    3.7e-84  279.7   6.9    4.2e-84  279.5   6.9    1.0  1  NZ_CDRNJH010000001.1_3322  # 3343667 # 3344362 # -1 # ID=1_3322;partial=00;start_type=ATG;rbs_motif=AGxAGG/AGGxGG;rbs_spacer=5-10bp;gc_cont=0.626


Domain annotation for each sequence:
>> NZ_CDRNJH010000001.1_3322  # 3343667 # 3344362 # -1 # ID=1_3322;partial=00;start_type=ATG;rbs_motif=AGxAGG/AGGxGG;rbs_spacer=5-10bp;gc_cont=0.626
   #    score  bias  c-Evalue  i-Evalue hmmfrom  hmm to    alifrom  ali to    envfrom  env to     acc
 ---   ------ ----- --------- --------- ------- -------    ------- -------    ------- -------    ----
   1 !  279.5   6.9   8.6e-88   4.2e-84       1     202 []       4     205 ..       4     205 .. 0.99



Internal pipeline statistics summary:
-------------------------------------
Query model(s):                            1  (202 nodes)
Target sequences:                       4859  (1464560 residues searched)
Passed MSV filter:                        85  (0.0174933); expected 97.2 (0.02)
Passed bias filter:                       72  (0.0148179); expected 97.2 (0.02)
Passed Vit filter:                         6  (0.00123482); expected 4.9 (0.001)
Passed Fwd filter:                         1  (0.000205804); expected 0.0 (1e-05)
Initial search space (Z):               4859  [actual number of targets]
Domain search space  (domZ):               1  [number of targets reported over threshold]
# CPU time: 0.03u 0.00s 00:00:00.03 Elapsed: 00:00:00.02
# Mc/sec: 14775.36
//
Query:       TIGR03626  [M=331]
Accession:   TIGR03626
Description: L3_arch: ribosomal protein uL3
Scores for complete sequences (score includes all domains):
   --- full sequence ---   --- best 1 domain ---    -#dom-
    E-value  score  bias    E-value  score  bias    exp  N  Sequence Description
    ------- ------ -----    ------- ------ -----   ---- --  -------- -----------

   [No hits detected that satisfy reporting thresholds]


Domain annotation for each sequence:

   [No targets detected that satisfy reporting thresholds]


Internal pipeline statistics summary:
-------------------------------------
Query model(s):                            1  (331 nodes)
Target sequences:                       4859  (1464560 residues searched)
Passed MSV filter:                        92  (0.0189339); expected 97.2 (0.02)
Passed bias filter:                       82  (0.0168759); expected 97.2 (0.02)
Passed Vit filter:                         7  (0.00144063); expected 4.9 (0.001)
Passed Fwd filter:                         1  (0.000205804); expected 0.0 (1e-05)
Initial search space (Z):               4859  [actual number of targets]
Domain search space  (domZ):               0  [number of targets reported over threshold]
# CPU time: 0.04u 0.00s 00:00:00.04 Elapsed: 00:00:00.05
# Mc/sec: 8707.11
//
Query:       TIGR03627  [M=130]
Accession:   TIGR03627
Description: uS9_arch: ribosomal protein uS9
Scores for complete sequences (score includes all domains):
   --- full sequence ---   --- best 1 domain ---    -#dom-
    E-value  score  bias    E-value  score  bias    exp  N  Sequence Description
    ------- ------ -----    ------- ------ -----   ---- --  -------- -----------

   [No hits detected that satisfy reporting thresholds]


Domain annotation for each sequence:

   [No targets detected that satisfy reporting thresholds]


Internal pipeline statistics summary:
-------------------------------------
Query model(s):                            1  (130 nodes)
Target sequences:                       4859  (1464560 residues searched)
Passed MSV filter:                       180  (0.0370447); expected 97.2 (0.02)
Passed bias filter:                      162  (0.0333402); expected 97.2 (0.02)
Passed Vit filter:                        16  (0.00329286); expected 4.9 (0.001)
Passed Fwd filter:                         1  (0.000205804); expected 0.0 (1e-05)
Initial search space (Z):               4859  [actual number of targets]
Domain search space  (domZ):               0  [number of targets reported over threshold]
# CPU time: 0.03u 0.00s 00:00:00.03 Elapsed: 00:00:00.03
# Mc/sec: 4929.35
//
Query:       TIGR03628  [M=117]
Accession:   TIGR03628
Description: arch_S11P: ribosomal protein uS11
Scores for complete sequences (score includes all domains):
   --- full sequence ---   --- best 1 domain ---    -#dom-
    E-value  score  bias    E-value  score  bias    exp  N  Sequence Description
    ------- ------ -----    ------- ------ -----   ---- --  -------- -----------

   [No hits detected that satisfy reporting thresholds]


Domain annotation for each sequence:

   [No targets detected that satisfy reporting thresholds]


Internal pipeline statistics summary:
-------------------------------------
Query model(s):                            1  (117 nodes)
Target sequences:                       4859  (1464560 residues searched)
Passed MSV filter:                       193  (0.0397201); expected 97.2 (0.02)
Passed bias filter:                      136  (0.0279893); expected 97.2 (0.02)
Passed Vit filter:                        13  (0.00267545); expected 4.9 (0.001)
Passed Fwd filter:                         1  (0.000205804); expected 0.0 (1e-05)
Initial search space (Z):               4859  [actual number of targets]
Domain search space  (domZ):               0  [number of targets reported over threshold]
# CPU time: 0.02u 0.00s 00:00:00.02 Elapsed: 00:00:00.03
# Mc/sec: 5248.07
//
Query:       TIGR03629  [M=144]
Accession:   TIGR03629
Description: uS13_arch: ribosomal protein uS13
Scores for complete sequences (score includes all domains):
   --- full sequence ---   --- best 1 domain ---    -#dom-
    E-value  score  bias    E-value  score  bias    exp  N  Sequence Description
    ------- ------ -----    ------- ------ -----   ---- --  -------- -----------

   [No hits detected that satisfy reporting thresholds]


Domain annotation for each sequence:

   [No targets detected that satisfy reporting thresholds]


Internal pipeline statistics summary:
-------------------------------------
Query model(s):                            1  (144 nodes)
Target sequences:                       4859  (1464560 residues searched)
Passed MSV filter:                       104  (0.0214036); expected 97.2 (0.02)
Passed bias filter:                       94  (0.0193455); expected 97.2 (0.02)
Passed Vit filter:                         8  (0.00164643); expected 4.9 (0.001)
Passed Fwd filter:                         1  (0.000205804); expected 0.0 (1e-05)
Initial search space (Z):               4859  [actual number of targets]
Domain search space  (domZ):               0  [number of targets reported over threshold]
# CPU time: 0.03u 0.00s 00:00:00.03 Elapsed: 00:00:00.01
# Mc/sec: 10867.26
//
Query:       TIGR03632  [M=117]
Accession:   TIGR03632
Description: uS11_bact: ribosomal protein uS11
Scores for complete sequences (score includes all domains):
   --- full sequence ---   --- best 1 domain ---    -#dom-
    E-value  score  bias    E-value  score  bias    exp  N  Sequence                  Description
    ------- ------ -----    ------- ------ -----   ---- --  --------                  -----------
    3.6e-59  196.4   1.6    4.5e-59  196.1   1.6    1.0  1  NZ_CDRNJH010000001.1_3299  # 3331968 # 3332360 # -1 # ID=1_3299;partial=00;start_type=ATG;rbs_motif=GGAG/GAGG;rbs_spacer=5-10bp;gc_cont=0.585


Domain annotation for each sequence:
>> NZ_CDRNJH010000001.1_3299  # 3331968 # 3332360 # -1 # ID=1_3299;partial=00;start_type=ATG;rbs_motif=GGAG/GAGG;rbs_spacer=5-10bp;gc_cont=0.585
   #    score  bias  c-Evalue  i-Evalue hmmfrom  hmm to    alifrom  ali to    envfrom  env to     acc
 ---   ------ ----- --------- --------- ------- -------    ------- -------    ------- -------    ----
   1 !  196.1   1.6   9.3e-63   4.5e-59       1     117 []      11     127 ..      11     127 .. 0.99



Internal pipeline statistics summary:
-------------------------------------
Query model(s):                            1  (117 nodes)
Target sequences:                       4859  (1464560 residues searched)
Passed MSV filter:                       173  (0.035604); expected 97.2 (0.02)
Passed bias filter:                      143  (0.0294299); expected 97.2 (0.02)
Passed Vit filter:                        12  (0.00246964); expected 4.9 (0.001)
Passed Fwd filter:                         1  (0.000205804); expected 0.0 (1e-05)
Initial search space (Z):               4859  [actual number of targets]
Domain search space  (domZ):               1  [number of targets reported over threshold]
# CPU time: 0.03u 0.00s 00:00:00.03 Elapsed: 00:00:00.03
# Mc/sec: 5084.97
//
Query:       TIGR03654  [M=175]
Accession:   TIGR03654
Description: L6_bact: ribosomal protein uL6
Scores for complete sequences (score includes all domains):
   --- full sequence ---   --- best 1 domain ---    -#dom-
    E-value  score  bias    E-value  score  bias    exp  N  Sequence                  Description
    ------- ------ -----    ------- ------ -----   ---- --  --------                  -----------
    7.3e-72  238.8   0.7    8.3e-72  238.7   0.7    1.0  1  NZ_CDRNJH010000001.1_3307  # 3336852 # 3337385 # -1 # ID=1_3307;partial=00;start_type=ATG;rbs_motif=AGGA;rbs_spacer=5-10bp;gc_cont=0.599


Domain annotation for each sequence:
>> NZ_CDRNJH010000001.1_3307  # 3336852 # 3337385 # -1 # ID=1_3307;partial=00;start_type=ATG;rbs_motif=AGGA;rbs_spacer=5-10bp;gc_cont=0.599
   #    score  bias  c-Evalue  i-Evalue hmmfrom  hmm to    alifrom  ali to    envfrom  env to     acc
 ---   ------ ----- --------- --------- ------- -------    ------- -------    ------- -------    ----
   1 !  238.7   0.7   1.7e-75   8.3e-72       1     175 []       2     176 ..       2     176 .. 1.00



Internal pipeline statistics summary:
-------------------------------------
Query model(s):                            1  (175 nodes)
Target sequences:                       4859  (1464560 residues searched)
Passed MSV filter:                        82  (0.0168759); expected 97.2 (0.02)
Passed bias filter:                       68  (0.0139946); expected 97.2 (0.02)
Passed Vit filter:                         2  (0.000411607); expected 4.9 (0.001)
Passed Fwd filter:                         1  (0.000205804); expected 0.0 (1e-05)
Initial search space (Z):               4859  [actual number of targets]
Domain search space  (domZ):               1  [number of targets reported over threshold]
# CPU time: 0.02u 0.00s 00:00:00.02 Elapsed: 00:00:00.05
# Mc/sec: 4621.22
//
Query:       TIGR03670  [M=599]
Accession:   TIGR03670
Description: rpoB_arch: DNA-directed RNA polymerase subunit B
Scores for complete sequences (score includes all domains):
   --- full sequence ---   --- best 1 domain ---    -#dom-
    E-value  score  bias    E-value  score  bias    exp  N  Sequence Description
    ------- ------ -----    ------- ------ -----   ---- --  -------- -----------

   [No hits detected that satisfy reporting thresholds]


Domain annotation for each sequence:

   [No targets detected that satisfy reporting thresholds]


Internal pipeline statistics summary:
-------------------------------------
Query model(s):                            1  (599 nodes)
Target sequences:                       4859  (1464560 residues searched)
Passed MSV filter:                        81  (0.0166701); expected 97.2 (0.02)
Passed bias filter:                       76  (0.0156411); expected 97.2 (0.02)
Passed Vit filter:                         7  (0.00144063); expected 4.9 (0.001)
Passed Fwd filter:                         1  (0.000205804); expected 0.0 (1e-05)
Initial search space (Z):               4859  [actual number of targets]
Domain search space  (domZ):               0  [number of targets reported over threshold]
# CPU time: 0.06u 0.00s 00:00:00.06 Elapsed: 00:00:00.06
# Mc/sec: 14054.06
//
Query:       TIGR03671  [M=410]
Accession:   TIGR03671
Description: cca_archaeal: CCA-adding enzyme
Scores for complete sequences (score includes all domains):
   --- full sequence ---   --- best 1 domain ---    -#dom-
    E-value  score  bias    E-value  score  bias    exp  N  Sequence Description
    ------- ------ -----    ------- ------ -----   ---- --  -------- -----------

   [No hits detected that satisfy reporting thresholds]


Domain annotation for each sequence:

   [No targets detected that satisfy reporting thresholds]


Internal pipeline statistics summary:
-------------------------------------
Query model(s):                            1  (410 nodes)
Target sequences:                       4859  (1464560 residues searched)
Passed MSV filter:                        61  (0.012554); expected 97.2 (0.02)
Passed bias filter:                       54  (0.0111134); expected 97.2 (0.02)
Passed Vit filter:                         5  (0.00102902); expected 4.9 (0.001)
Passed Fwd filter:                         1  (0.000205804); expected 0.0 (1e-05)
Initial search space (Z):               4859  [actual number of targets]
Domain search space  (domZ):               0  [number of targets reported over threshold]
# CPU time: 0.04u 0.00s 00:00:00.04 Elapsed: 00:00:00.07
# Mc/sec: 8452.18
//
Query:       TIGR03672  [M=251]
Accession:   TIGR03672
Description: rpl4p_arch: 50S ribosomal protein uL4
Scores for complete sequences (score includes all domains):
   --- full sequence ---   --- best 1 domain ---    -#dom-
    E-value  score  bias    E-value  score  bias    exp  N  Sequence Description
    ------- ------ -----    ------- ------ -----   ---- --  -------- -----------

   [No hits detected that satisfy reporting thresholds]


Domain annotation for each sequence:

   [No targets detected that satisfy reporting thresholds]


Internal pipeline statistics summary:
-------------------------------------
Query model(s):                            1  (251 nodes)
Target sequences:                       4859  (1464560 residues searched)
Passed MSV filter:                       131  (0.0269603); expected 97.2 (0.02)
Passed bias filter:                       82  (0.0168759); expected 97.2 (0.02)
Passed Vit filter:                         5  (0.00102902); expected 4.9 (0.001)
Passed Fwd filter:                         1  (0.000205804); expected 0.0 (1e-05)
Initial search space (Z):               4859  [actual number of targets]
Domain search space  (domZ):               0  [number of targets reported over threshold]
# CPU time: 0.03u 0.00s 00:00:00.03 Elapsed: 00:00:00.02
# Mc/sec: 17307.15
//
Query:       TIGR03673  [M=131]
Accession:   TIGR03673
Description: uL14_arch: 50S ribosomal protein uL14
Scores for complete sequences (score includes all domains):
   --- full sequence ---   --- best 1 domain ---    -#dom-
    E-value  score  bias    E-value  score  bias    exp  N  Sequence Description
    ------- ------ -----    ------- ------ -----   ---- --  -------- -----------

   [No hits detected that satisfy reporting thresholds]


Domain annotation for each sequence:

   [No targets detected that satisfy reporting thresholds]


Internal pipeline statistics summary:
-------------------------------------
Query model(s):                            1  (131 nodes)
Target sequences:                       4859  (1464560 residues searched)
Passed MSV filter:                       121  (0.0249022); expected 97.2 (0.02)
Passed bias filter:                       93  (0.0191397); expected 97.2 (0.02)
Passed Vit filter:                         6  (0.00123482); expected 4.9 (0.001)
Passed Fwd filter:                         1  (0.000205804); expected 0.0 (1e-05)
Initial search space (Z):               4859  [actual number of targets]
Domain search space  (domZ):               0  [number of targets reported over threshold]
# CPU time: 0.02u 0.00s 00:00:00.02 Elapsed: 00:00:00.01
# Mc/sec: 12374.88
//
Query:       TIGR03674  [M=338]
Accession:   TIGR03674
Description: fen_arch: flap structure-specific endonuclease
Scores for complete sequences (score includes all domains):
   --- full sequence ---   --- best 1 domain ---    -#dom-
    E-value  score  bias    E-value  score  bias    exp  N  Sequence Description
    ------- ------ -----    ------- ------ -----   ---- --  -------- -----------

   [No hits detected that satisfy reporting thresholds]


Domain annotation for each sequence:

   [No targets detected that satisfy reporting thresholds]


Internal pipeline statistics summary:
-------------------------------------
Query model(s):                            1  (338 nodes)
Target sequences:                       4859  (1464560 residues searched)
Passed MSV filter:                        90  (0.0185223); expected 97.2 (0.02)
Passed bias filter:                       76  (0.0156411); expected 97.2 (0.02)
Passed Vit filter:                         8  (0.00164643); expected 4.9 (0.001)
Passed Fwd filter:                         1  (0.000205804); expected 0.0 (1e-05)
Initial search space (Z):               4859  [actual number of targets]
Domain search space  (domZ):               0  [number of targets reported over threshold]
# CPU time: 0.04u 0.00s 00:00:00.04 Elapsed: 00:00:00.07
# Mc/sec: 6370.24
//
Query:       TIGR03676  [M=403]
Accession:   TIGR03676
Description: aRF1/eRF1: peptide chain release factor 1, archaeal and eukaryotic forms
Scores for complete sequences (score includes all domains):
   --- full sequence ---   --- best 1 domain ---    -#dom-
    E-value  score  bias    E-value  score  bias    exp  N  Sequence Description
    ------- ------ -----    ------- ------ -----   ---- --  -------- -----------

   [No hits detected that satisfy reporting thresholds]


Domain annotation for each sequence:

   [No targets detected that satisfy reporting thresholds]


Internal pipeline statistics summary:
-------------------------------------
Query model(s):                            1  (403 nodes)
Target sequences:                       4859  (1464560 residues searched)
Passed MSV filter:                       122  (0.025108); expected 97.2 (0.02)
Passed bias filter:                      107  (0.022021); expected 97.2 (0.02)
Passed Vit filter:                        15  (0.00308705); expected 4.9 (0.001)
Passed Fwd filter:                         0  (0); expected 0.0 (1e-05)
Initial search space (Z):               4859  [actual number of targets]
Domain search space  (domZ):               0  [number of targets reported over threshold]
# CPU time: 0.05u 0.00s 00:00:00.05 Elapsed: 00:00:00.04
# Mc/sec: 13066.87
//
Query:       TIGR03680  [M=407]
Accession:   TIGR03680
Description: eif2g_arch: translation initiation factor 2, gamma subunit
Scores for complete sequences (score includes all domains):
   --- full sequence ---   --- best 1 domain ---    -#dom-
    E-value  score  bias    E-value  score  bias    exp  N  Sequence Description
    ------- ------ -----    ------- ------ -----   ---- --  -------- -----------

   [No hits detected that satisfy reporting thresholds]


Domain annotation for each sequence:

   [No targets detected that satisfy reporting thresholds]


Internal pipeline statistics summary:
-------------------------------------
Query model(s):                            1  (407 nodes)
Target sequences:                       4859  (1464560 residues searched)
Passed MSV filter:                       141  (0.0290183); expected 97.2 (0.02)
Passed bias filter:                      118  (0.0242848); expected 97.2 (0.02)
Passed Vit filter:                        22  (0.00452768); expected 4.9 (0.001)
Passed Fwd filter:                         9  (0.00185223); expected 0.0 (1e-05)
Initial search space (Z):               4859  [actual number of targets]
Domain search space  (domZ):               0  [number of targets reported over threshold]
# CPU time: 0.09u 0.00s 00:00:00.09 Elapsed: 00:00:00.08
# Mc/sec: 6887.63
//
Query:       TIGR03723  [M=314]
Accession:   TIGR03723
Description: T6A_TsaD_YgjD: tRNA threonylcarbamoyl adenosine modification protein TsaD
Scores for complete sequences (score includes all domains):
   --- full sequence ---   --- best 1 domain ---    -#dom-
    E-value  score  bias    E-value  score  bias    exp  N  Sequence                 Description
    ------- ------ -----    ------- ------ -----   ---- --  --------                 -----------
   2.2e-122  406.2   0.0   2.5e-122  406.0   0.0    1.0  1  NZ_CDRNJH010000001.1_639  # 632655 # 633734 # -1 # ID=1_639;partial=00;start_type=GTG;rbs_motif=4Base/6BMM;rbs_spacer=13-15bp;gc_cont=0.644


Domain annotation for each sequence:
>> NZ_CDRNJH010000001.1_639  # 632655 # 633734 # -1 # ID=1_639;partial=00;start_type=GTG;rbs_motif=4Base/6BMM;rbs_spacer=13-15bp;gc_cont=0.644
   #    score  bias  c-Evalue  i-Evalue hmmfrom  hmm to    alifrom  ali to    envfrom  env to     acc
 ---   ------ ----- --------- --------- ------- -------    ------- -------    ------- -------    ----
   1 !  406.0   0.0  5.1e-126  2.5e-122       1     313 [.       9     329 ..       9     330 .. 0.96



Internal pipeline statistics summary:
-------------------------------------
Query model(s):                            1  (314 nodes)
Target sequences:                       4859  (1464560 residues searched)
Passed MSV filter:                       125  (0.0257255); expected 97.2 (0.02)
Passed bias filter:                       92  (0.0189339); expected 97.2 (0.02)
Passed Vit filter:                         9  (0.00185223); expected 4.9 (0.001)
Passed Fwd filter:                         2  (0.000411607); expected 0.0 (1e-05)
Initial search space (Z):               4859  [actual number of targets]
Domain search space  (domZ):               1  [number of targets reported over threshold]
# CPU time: 0.04u 0.00s 00:00:00.04 Elapsed: 00:00:00.03
# Mc/sec: 11896.75
//
Query:       TIGR03725  [M=212]
Accession:   TIGR03725
Description: T6A_YeaZ: tRNA threonylcarbamoyl adenosine modification protein YeaZ
Scores for complete sequences (score includes all domains):
   --- full sequence ---   --- best 1 domain ---    -#dom-
    E-value  score  bias    E-value  score  bias    exp  N  Sequence                 Description
    ------- ------ -----    ------- ------ -----   ---- --  --------                 -----------
    3.1e-38  129.9   0.1    3.7e-38  129.7   0.1    1.0  1  NZ_CDRNJH010000001.1_457  # 459839 # 460450 # -1 # ID=1_457;partial=00;start_type=ATG;rbs_motif=AGGAG;rbs_spacer=5-10bp;gc_cont=0.642


Domain annotation for each sequence:
>> NZ_CDRNJH010000001.1_457  # 459839 # 460450 # -1 # ID=1_457;partial=00;start_type=ATG;rbs_motif=AGGAG;rbs_spacer=5-10bp;gc_cont=0.642
   #    score  bias  c-Evalue  i-Evalue hmmfrom  hmm to    alifrom  ali to    envfrom  env to     acc
 ---   ------ ----- --------- --------- ------- -------    ------- -------    ------- -------    ----
   1 !  129.7   0.1   7.6e-42   3.7e-38       2     197 ..       8     195 ..       7     201 .. 0.87



Internal pipeline statistics summary:
-------------------------------------
Query model(s):                            1  (212 nodes)
Target sequences:                       4859  (1464560 residues searched)
Passed MSV filter:                       211  (0.0434246); expected 97.2 (0.02)
Passed bias filter:                      141  (0.0290183); expected 97.2 (0.02)
Passed Vit filter:                        14  (0.00288125); expected 4.9 (0.001)
Passed Fwd filter:                         2  (0.000411607); expected 0.0 (1e-05)
Initial search space (Z):               4859  [actual number of targets]
Domain search space  (domZ):               1  [number of targets reported over threshold]
# CPU time: 0.04u 0.00s 00:00:00.04 Elapsed: 00:00:00.04
# Mc/sec: 6536.65
//
Query:       TIGR03953  [M=188]
Accession:   TIGR03953
Description: rplD_bact: 50S ribosomal protein uL4
Scores for complete sequences (score includes all domains):
   --- full sequence ---   --- best 1 domain ---    -#dom-
    E-value  score  bias    E-value  score  bias    exp  N  Sequence                  Description
    ------- ------ -----    ------- ------ -----   ---- --  --------                  -----------
    3.4e-62  207.2   0.5    3.8e-62  207.0   0.5    1.0  1  NZ_CDRNJH010000001.1_3321  # 3343049 # 3343666 # -1 # ID=1_3321;partial=00;start_type=ATG;rbs_motif=AGxAGG/AGGxGG;rbs_spacer=5-10bp;gc_cont=0.600


Domain annotation for each sequence:
>> NZ_CDRNJH010000001.1_3321  # 3343049 # 3343666 # -1 # ID=1_3321;partial=00;start_type=ATG;rbs_motif=AGxAGG/AGGxGG;rbs_spacer=5-10bp;gc_cont=0.600
   #    score  bias  c-Evalue  i-Evalue hmmfrom  hmm to    alifrom  ali to    envfrom  env to     acc
 ---   ------ ----- --------- --------- ------- -------    ------- -------    ------- -------    ----
   1 !  207.0   0.5   7.9e-66   3.8e-62       1     187 [.      16     201 ..      16     202 .. 0.98



Internal pipeline statistics summary:
-------------------------------------
Query model(s):                            1  (188 nodes)
Target sequences:                       4859  (1464560 residues searched)
Passed MSV filter:                        69  (0.0142005); expected 97.2 (0.02)
Passed bias filter:                       62  (0.0127598); expected 97.2 (0.02)
Passed Vit filter:                         4  (0.000823215); expected 4.9 (0.001)
Passed Fwd filter:                         1  (0.000205804); expected 0.0 (1e-05)
Initial search space (Z):               4859  [actual number of targets]
Domain search space  (domZ):               1  [number of targets reported over threshold]
# CPU time: 0.02u 0.00s 00:00:00.02 Elapsed: 00:00:00.03
# Mc/sec: 8093.45
//
[ok]
