# hmmsearch :: search profile(s) against a sequence database
# HMMER 3.4 (Aug 2023); http://hmmer.org/
# Copyright (C) 2023 Howard Hughes Medical Institute.
# Freely distributed under the BSD open source license.
# - - - - - - - - - - - - - - - - - - - - - - - - - - - - - - - - - - - -
# query HMM file:                  /dgxb_home/se26plsc001/arvind/Devosia_BGC/data/databases/gtdbtk_r232/release232/markers/tigrfam/tigrfam.hmm
# target sequence database:        results/05_phylogeny/identify_all/identify/intermediate_results/marker_genes/query_GCF_022429625.1/query_GCF_022429625.1_protein.faa
# output directed to file:         results/05_phylogeny/identify_all/identify/intermediate_results/marker_genes/query_GCF_022429625.1/query_GCF_022429625.1_tigrfam.out
# per-seq hits tabular output:     results/05_phylogeny/identify_all/identify/intermediate_results/marker_genes/query_GCF_022429625.1/query_GCF_022429625.1_tigrfam.tsv
# show alignments in output:       no
# max ASCII text line length:      unlimited
# model-specific thresholding:     NC cutoffs
# number of worker threads:        1
# - - - - - - - - - - - - - - - - - - - - - - - - - - - - - - - - - - - -

Query:       TIGR00006  [M=310]
Accession:   TIGR00006
Description: TIGR00006: 16S rRNA (cytosine(1402)-N(4))-methyltransferase
Scores for complete sequences (score includes all domains):
   --- full sequence ---   --- best 1 domain ---    -#dom-
    E-value  score  bias    E-value  score  bias    exp  N  Sequence           Description
    ------- ------ -----    ------- ------ -----   ---- --  --------           -----------
    1.1e-84  282.5   0.0    1.3e-84  282.2   0.0    1.0  1  NZ_CP092483.1_2715  # 2775200 # 2776201 # -1 # ID=1_2715;partial=00;start_type=ATG;rbs_motif=AGGA/GGAG/GAGG;rbs_spacer=11-12bp;gc_cont=0.651


Domain annotation for each sequence:
>> NZ_CP092483.1_2715  # 2775200 # 2776201 # -1 # ID=1_2715;partial=00;start_type=ATG;rbs_motif=AGGA/GGAG/GAGG;rbs_spacer=11-12bp;gc_cont=0.651
   #    score  bias  c-Evalue  i-Evalue hmmfrom  hmm to    alifrom  ali to    envfrom  env to     acc
 ---   ------ ----- --------- --------- ------- -------    ------- -------    ------- -------    ----
   1 !  282.2   0.0   3.1e-88   1.3e-84       4     309 ..      13     311 ..      10     312 .. 0.94



Internal pipeline statistics summary:
-------------------------------------
Query model(s):                            1  (310 nodes)
Target sequences:                       4286  (1314671 residues searched)
Passed MSV filter:                        85  (0.019832); expected 85.7 (0.02)
Passed bias filter:                       76  (0.0177322); expected 85.7 (0.02)
Passed Vit filter:                         9  (0.00209986); expected 4.3 (0.001)
Passed Fwd filter:                         2  (0.000466636); expected 0.0 (1e-05)
Initial search space (Z):               4286  [actual number of targets]
Domain search space  (domZ):               1  [number of targets reported over threshold]
# CPU time: 0.03u 0.00s 00:00:00.03 Elapsed: 00:00:00.03
# Mc/sec: 12781.43
//
Query:       TIGR00019  [M=361]
Accession:   TIGR00019
Description: prfA: peptide chain release factor 1
Scores for complete sequences (score includes all domains):
   --- full sequence ---   --- best 1 domain ---    -#dom-
    E-value  score  bias    E-value  score  bias    exp  N  Sequence           Description
    ------- ------ -----    ------- ------ -----   ---- --  --------           -----------
   4.5e-151  500.7   0.6   5.5e-151  500.4   0.6    1.0  1  NZ_CP092483.1_3637  # 3719476 # 3720552 # -1 # ID=1_3637;partial=00;start_type=ATG;rbs_motif=None;rbs_spacer=None;gc_cont=0.639


Domain annotation for each sequence:
>> NZ_CP092483.1_3637  # 3719476 # 3720552 # -1 # ID=1_3637;partial=00;start_type=ATG;rbs_motif=None;rbs_spacer=None;gc_cont=0.639
   #    score  bias  c-Evalue  i-Evalue hmmfrom  hmm to    alifrom  ali to    envfrom  env to     acc
 ---   ------ ----- --------- --------- ------- -------    ------- -------    ------- -------    ----
   1 !  500.4   0.6  1.3e-154  5.5e-151       8     359 ..       7     355 ..       3     357 .. 0.98



Internal pipeline statistics summary:
-------------------------------------
Query model(s):                            1  (361 nodes)
Target sequences:                       4286  (1314671 residues searched)
Passed MSV filter:                        89  (0.0207653); expected 85.7 (0.02)
Passed bias filter:                       72  (0.0167989); expected 85.7 (0.02)
Passed Vit filter:                         9  (0.00209986); expected 4.3 (0.001)
Passed Fwd filter:                         3  (0.000699953); expected 0.0 (1e-05)
Initial search space (Z):               4286  [actual number of targets]
Domain search space  (domZ):               1  [number of targets reported over threshold]
# CPU time: 0.04u 0.00s 00:00:00.04 Elapsed: 00:00:00.04
# Mc/sec: 10577.65
//
Query:       TIGR00020  [M=365]
Accession:   TIGR00020
Description: prfB: peptide chain release factor 2
Scores for complete sequences (score includes all domains):
   --- full sequence ---   --- best 1 domain ---    -#dom-
    E-value  score  bias    E-value  score  bias    exp  N  Sequence           Description
    ------- ------ -----    ------- ------ -----   ---- --  --------           -----------
     2e-140  465.8   3.9   2.2e-140  465.6   3.9    1.0  1  NZ_CP092483.1_1831  # 1924797 # 1925759 # 1 # ID=1_1831;partial=00;start_type=ATG;rbs_motif=GGA/GAG/AGG;rbs_spacer=11-12bp;gc_cont=0.632


Domain annotation for each sequence:
>> NZ_CP092483.1_1831  # 1924797 # 1925759 # 1 # ID=1_1831;partial=00;start_type=ATG;rbs_motif=GGA/GAG/AGG;rbs_spacer=11-12bp;gc_cont=0.632
   #    score  bias  c-Evalue  i-Evalue hmmfrom  hmm to    alifrom  ali to    envfrom  env to     acc
 ---   ------ ----- --------- --------- ------- -------    ------- -------    ------- -------    ----
   1 !  465.6   3.9  5.2e-144  2.2e-140      57     363 ..       2     308 ..       1     310 [. 0.99



Internal pipeline statistics summary:
-------------------------------------
Query model(s):                            1  (365 nodes)
Target sequences:                       4286  (1314671 residues searched)
Passed MSV filter:                        86  (0.0200653); expected 85.7 (0.02)
Passed bias filter:                       66  (0.015399); expected 85.7 (0.02)
Passed Vit filter:                         6  (0.00139991); expected 4.3 (0.001)
Passed Fwd filter:                         3  (0.000699953); expected 0.0 (1e-05)
Initial search space (Z):               4286  [actual number of targets]
Domain search space  (domZ):               1  [number of targets reported over threshold]
# CPU time: 0.03u 0.01s 00:00:00.04 Elapsed: 00:00:00.05
# Mc/sec: 9385.31
//
Query:       TIGR00029  [M=87]
Accession:   TIGR00029
Description: S20: ribosomal protein bS20
Scores for complete sequences (score includes all domains):
   --- full sequence ---   --- best 1 domain ---    -#dom-
    E-value  score  bias    E-value  score  bias    exp  N  Sequence          Description
    ------- ------ -----    ------- ------ -----   ---- --  --------          -----------
    7.2e-21   72.4   9.6    7.9e-21   72.3   9.6    1.0  1  NZ_CP092483.1_106  # 102290 # 102556 # 1 # ID=1_106;partial=00;start_type=ATG;rbs_motif=GGAG/GAGG;rbs_spacer=5-10bp;gc_cont=0.644


Domain annotation for each sequence:
>> NZ_CP092483.1_106  # 102290 # 102556 # 1 # ID=1_106;partial=00;start_type=ATG;rbs_motif=GGAG/GAGG;rbs_spacer=5-10bp;gc_cont=0.644
   #    score  bias  c-Evalue  i-Evalue hmmfrom  hmm to    alifrom  ali to    envfrom  env to     acc
 ---   ------ ----- --------- --------- ------- -------    ------- -------    ------- -------    ----
   1 !   72.3   9.6   1.8e-24   7.9e-21       1      86 [.       1      86 [.       1      87 [. 0.98



Internal pipeline statistics summary:
-------------------------------------
Query model(s):                            1  (87 nodes)
Target sequences:                       4286  (1314671 residues searched)
Passed MSV filter:                       115  (0.0268315); expected 85.7 (0.02)
Passed bias filter:                       99  (0.0230985); expected 85.7 (0.02)
Passed Vit filter:                         7  (0.00163322); expected 4.3 (0.001)
Passed Fwd filter:                         1  (0.000233318); expected 0.0 (1e-05)
Initial search space (Z):               4286  [actual number of targets]
Domain search space  (domZ):               1  [number of targets reported over threshold]
# CPU time: 0.02u 0.00s 00:00:00.02 Elapsed: 00:00:00.02
# Mc/sec: 4306.66
//
Query:       TIGR00037  [M=130]
Accession:   TIGR00037
Description: eIF_5A: translation elongation factor IF5A
Scores for complete sequences (score includes all domains):
   --- full sequence ---   --- best 1 domain ---    -#dom-
    E-value  score  bias    E-value  score  bias    exp  N  Sequence Description
    ------- ------ -----    ------- ------ -----   ---- --  -------- -----------

   [No hits detected that satisfy reporting thresholds]


Domain annotation for each sequence:

   [No targets detected that satisfy reporting thresholds]


Internal pipeline statistics summary:
-------------------------------------
Query model(s):                            1  (130 nodes)
Target sequences:                       4286  (1314671 residues searched)
Passed MSV filter:                        64  (0.0149323); expected 85.7 (0.02)
Passed bias filter:                       62  (0.0144657); expected 85.7 (0.02)
Passed Vit filter:                         8  (0.00186654); expected 4.3 (0.001)
Passed Fwd filter:                         1  (0.000233318); expected 0.0 (1e-05)
Initial search space (Z):               4286  [actual number of targets]
Domain search space  (domZ):               0  [number of targets reported over threshold]
# CPU time: 0.01u 0.00s 00:00:00.01 Elapsed: 00:00:00.02
# Mc/sec: 6520.91
//
Query:       TIGR00043  [M=111]
Accession:   TIGR00043
Description: TIGR00043: rRNA maturation RNase YbeY
Scores for complete sequences (score includes all domains):
   --- full sequence ---   --- best 1 domain ---    -#dom-
    E-value  score  bias    E-value  score  bias    exp  N  Sequence           Description
    ------- ------ -----    ------- ------ -----   ---- --  --------           -----------
    4.2e-33  111.7   0.0    5.6e-33  111.3   0.0    1.2  1  NZ_CP092483.1_4234  # 4304900 # 4305379 # -1 # ID=1_4234;partial=00;start_type=ATG;rbs_motif=3Base/5BMM;rbs_spacer=13-15bp;gc_cont=0.596


Domain annotation for each sequence:
>> NZ_CP092483.1_4234  # 4304900 # 4305379 # -1 # ID=1_4234;partial=00;start_type=ATG;rbs_motif=3Base/5BMM;rbs_spacer=13-15bp;gc_cont=0.596
   #    score  bias  c-Evalue  i-Evalue hmmfrom  hmm to    alifrom  ali to    envfrom  env to     acc
 ---   ------ ----- --------- --------- ------- -------    ------- -------    ------- -------    ----
   1 !  111.3   0.0   1.3e-36   5.6e-33       2     111 .]      47     152 ..      46     152 .. 0.94



Internal pipeline statistics summary:
-------------------------------------
Query model(s):                            1  (111 nodes)
Target sequences:                       4286  (1314671 residues searched)
Passed MSV filter:                        53  (0.0123658); expected 85.7 (0.02)
Passed bias filter:                       52  (0.0121325); expected 85.7 (0.02)
Passed Vit filter:                         2  (0.000466636); expected 4.3 (0.001)
Passed Fwd filter:                         1  (0.000233318); expected 0.0 (1e-05)
Initial search space (Z):               4286  [actual number of targets]
Domain search space  (domZ):               1  [number of targets reported over threshold]
# CPU time: 0.01u 0.01s 00:00:00.02 Elapsed: 00:00:00.01
# Mc/sec: 10101.65
//
Query:       TIGR00054  [M=421]
Accession:   TIGR00054
Description: TIGR00054: RIP metalloprotease RseP
Scores for complete sequences (score includes all domains):
   --- full sequence ---   --- best 1 domain ---    -#dom-
    E-value  score  bias    E-value  score  bias    exp  N  Sequence           Description
    ------- ------ -----    ------- ------ -----   ---- --  --------           -----------
    2.5e-96  321.0   0.1    1.8e-95  318.1   0.1    2.7  1  NZ_CP092483.1_2150  # 2224370 # 2225770 # -1 # ID=1_2150;partial=00;start_type=ATG;rbs_motif=AGGA;rbs_spacer=5-10bp;gc_cont=0.602


Domain annotation for each sequence:
>> NZ_CP092483.1_2150  # 2224370 # 2225770 # -1 # ID=1_2150;partial=00;start_type=ATG;rbs_motif=AGGA;rbs_spacer=5-10bp;gc_cont=0.602
   #    score  bias  c-Evalue  i-Evalue hmmfrom  hmm to    alifrom  ali to    envfrom  env to     acc
 ---   ------ ----- --------- --------- ------- -------    ------- -------    ------- -------    ----
   1 !  318.1   0.1   4.3e-99   1.8e-95      10     416 ..      16     457 ..       3     459 .. 0.89



Internal pipeline statistics summary:
-------------------------------------
Query model(s):                            1  (421 nodes)
Target sequences:                       4286  (1314671 residues searched)
Passed MSV filter:                       117  (0.0272982); expected 85.7 (0.02)
Passed bias filter:                       94  (0.0219319); expected 85.7 (0.02)
Passed Vit filter:                        14  (0.00326645); expected 4.3 (0.001)
Passed Fwd filter:                         4  (0.000933271); expected 0.0 (1e-05)
Initial search space (Z):               4286  [actual number of targets]
Domain search space  (domZ):               1  [number of targets reported over threshold]
# CPU time: 0.07u 0.00s 00:00:00.07 Elapsed: 00:00:00.06
# Mc/sec: 8426.53
//
Query:       TIGR00059  [M=112]
Accession:   TIGR00059
Description: L17: ribosomal protein bL17
Scores for complete sequences (score includes all domains):
   --- full sequence ---   --- best 1 domain ---    -#dom-
    E-value  score  bias    E-value  score  bias    exp  N  Sequence           Description
    ------- ------ -----    ------- ------ -----   ---- --  --------           -----------
      6e-45  150.1   0.1    7.4e-45  149.8   0.1    1.0  1  NZ_CP092483.1_2220  # 2291377 # 2291802 # -1 # ID=1_2220;partial=00;start_type=ATG;rbs_motif=AGGAG;rbs_spacer=5-10bp;gc_cont=0.627


Domain annotation for each sequence:
>> NZ_CP092483.1_2220  # 2291377 # 2291802 # -1 # ID=1_2220;partial=00;start_type=ATG;rbs_motif=AGGAG;rbs_spacer=5-10bp;gc_cont=0.627
   #    score  bias  c-Evalue  i-Evalue hmmfrom  hmm to    alifrom  ali to    envfrom  env to     acc
 ---   ------ ----- --------- --------- ------- -------    ------- -------    ------- -------    ----
   1 !  149.8   0.1   1.7e-48   7.4e-45       2     112 .]       7     117 ..       6     117 .. 0.99



Internal pipeline statistics summary:
-------------------------------------
Query model(s):                            1  (112 nodes)
Target sequences:                       4286  (1314671 residues searched)
Passed MSV filter:                        91  (0.0212319); expected 85.7 (0.02)
Passed bias filter:                       73  (0.0170322); expected 85.7 (0.02)
Passed Vit filter:                         4  (0.000933271); expected 4.3 (0.001)
Passed Fwd filter:                         1  (0.000233318); expected 0.0 (1e-05)
Initial search space (Z):               4286  [actual number of targets]
Domain search space  (domZ):               1  [number of targets reported over threshold]
# CPU time: 0.02u 0.00s 00:00:00.02 Elapsed: 00:00:00.02
# Mc/sec: 5224.14
//
Query:       TIGR00061  [M=101]
Accession:   TIGR00061
Description: L21: ribosomal protein bL21
Scores for complete sequences (score includes all domains):
   --- full sequence ---   --- best 1 domain ---    -#dom-
    E-value  score  bias    E-value  score  bias    exp  N  Sequence           Description
    ------- ------ -----    ------- ------ -----   ---- --  --------           -----------
    2.5e-29   99.6   0.7    2.5e-29   99.6   0.7    1.6  1  NZ_CP092483.1_3964  # 4056523 # 4057146 # 1 # ID=1_3964;partial=00;start_type=ATG;rbs_motif=None;rbs_spacer=None;gc_cont=0.630


Domain annotation for each sequence:
>> NZ_CP092483.1_3964  # 4056523 # 4057146 # 1 # ID=1_3964;partial=00;start_type=ATG;rbs_motif=None;rbs_spacer=None;gc_cont=0.630
   #    score  bias  c-Evalue  i-Evalue hmmfrom  hmm to    alifrom  ali to    envfrom  env to     acc
 ---   ------ ----- --------- --------- ------- -------    ------- -------    ------- -------    ----
   1 !   99.6   0.7   5.9e-33   2.5e-29       1     100 [.       3      98 ..       3      99 .. 0.97



Internal pipeline statistics summary:
-------------------------------------
Query model(s):                            1  (101 nodes)
Target sequences:                       4286  (1314671 residues searched)
Passed MSV filter:                        57  (0.0132991); expected 85.7 (0.02)
Passed bias filter:                       50  (0.0116659); expected 85.7 (0.02)
Passed Vit filter:                         2  (0.000466636); expected 4.3 (0.001)
Passed Fwd filter:                         1  (0.000233318); expected 0.0 (1e-05)
Initial search space (Z):               4286  [actual number of targets]
Domain search space  (domZ):               1  [number of targets reported over threshold]
# CPU time: 0.01u 0.00s 00:00:00.01 Elapsed: 00:00:00.01
# Mc/sec: 10359.34
//
Query:       TIGR00064  [M=279]
Accession:   TIGR00064
Description: ftsY: signal recognition particle-docking protein FtsY
Scores for complete sequences (score includes all domains):
   --- full sequence ---   --- best 1 domain ---    -#dom-
    E-value  score  bias    E-value  score  bias    exp  N  Sequence           Description
    ------- ------ -----    ------- ------ -----   ---- --  --------           -----------
    1.1e-96  321.2   2.1    1.4e-96  320.9   2.1    1.1  1  NZ_CP092483.1_4056  # 4139283 # 4140527 # 1 # ID=1_4056;partial=00;start_type=ATG;rbs_motif=GGA/GAG/AGG;rbs_spacer=5-10bp;gc_cont=0.659


Domain annotation for each sequence:
>> NZ_CP092483.1_4056  # 4139283 # 4140527 # 1 # ID=1_4056;partial=00;start_type=ATG;rbs_motif=GGA/GAG/AGG;rbs_spacer=5-10bp;gc_cont=0.659
   #    score  bias  c-Evalue  i-Evalue hmmfrom  hmm to    alifrom  ali to    envfrom  env to     acc
 ---   ------ ----- --------- --------- ------- -------    ------- -------    ------- -------    ----
   1 !  320.9   2.1  3.3e-100   1.4e-96       2     278 ..     141     410 ..     140     411 .. 0.95



Internal pipeline statistics summary:
-------------------------------------
Query model(s):                            1  (279 nodes)
Target sequences:                       4286  (1314671 residues searched)
Passed MSV filter:                       245  (0.0571629); expected 85.7 (0.02)
Passed bias filter:                      207  (0.0482968); expected 85.7 (0.02)
Passed Vit filter:                        64  (0.0149323); expected 4.3 (0.001)
Passed Fwd filter:                         6  (0.00139991); expected 0.0 (1e-05)
Initial search space (Z):               4286  [actual number of targets]
Domain search space  (domZ):               1  [number of targets reported over threshold]
# CPU time: 0.06u 0.00s 00:00:00.06 Elapsed: 00:00:00.05
# Mc/sec: 6649.93
//
Query:       TIGR00065  [M=353]
Accession:   TIGR00065
Description: ftsZ: cell division protein FtsZ
Scores for complete sequences (score includes all domains):
   --- full sequence ---   --- best 1 domain ---    -#dom-
    E-value  score  bias    E-value  score  bias    exp  N  Sequence           Description
    ------- ------ -----    ------- ------ -----   ---- --  --------           -----------
   2.8e-122  406.3   3.1   3.7e-122  405.9   3.1    1.1  1  NZ_CP092483.1_2700  # 2757808 # 2759478 # -1 # ID=1_2700;partial=00;start_type=ATG;rbs_motif=GGAG/GAGG;rbs_spacer=5-10bp;gc_cont=0.642


Domain annotation for each sequence:
>> NZ_CP092483.1_2700  # 2757808 # 2759478 # -1 # ID=1_2700;partial=00;start_type=ATG;rbs_motif=GGAG/GAGG;rbs_spacer=5-10bp;gc_cont=0.642
   #    score  bias  c-Evalue  i-Evalue hmmfrom  hmm to    alifrom  ali to    envfrom  env to     acc
 ---   ------ ----- --------- --------- ------- -------    ------- -------    ------- -------    ----
   1 !  405.9   3.1  8.7e-126  3.7e-122      15     331 ..      13     326 ..       4     346 .. 0.96



Internal pipeline statistics summary:
-------------------------------------
Query model(s):                            1  (353 nodes)
Target sequences:                       4286  (1314671 residues searched)
Passed MSV filter:                       151  (0.035231); expected 85.7 (0.02)
Passed bias filter:                      100  (0.0233318); expected 85.7 (0.02)
Passed Vit filter:                         9  (0.00209986); expected 4.3 (0.001)
Passed Fwd filter:                         1  (0.000233318); expected 0.0 (1e-05)
Initial search space (Z):               4286  [actual number of targets]
Domain search space  (domZ):               1  [number of targets reported over threshold]
# CPU time: 0.03u 0.00s 00:00:00.03 Elapsed: 00:00:00.03
# Mc/sec: 12762.59
//
Query:       TIGR00082  [M=115]
Accession:   TIGR00082
Description: rbfA: ribosome-binding factor A
Scores for complete sequences (score includes all domains):
   --- full sequence ---   --- best 1 domain ---    -#dom-
    E-value  score  bias    E-value  score  bias    exp  N  Sequence          Description
    ------- ------ -----    ------- ------ -----   ---- --  --------          -----------
    5.4e-14   50.6   0.0    7.3e-14   50.2   0.0    1.0  1  NZ_CP092483.1_152  # 150870 # 151277 # -1 # ID=1_152;partial=00;start_type=ATG;rbs_motif=3Base/5BMM;rbs_spacer=13-15bp;gc_cont=0.650


Domain annotation for each sequence:
>> NZ_CP092483.1_152  # 150870 # 151277 # -1 # ID=1_152;partial=00;start_type=ATG;rbs_motif=3Base/5BMM;rbs_spacer=13-15bp;gc_cont=0.650
   #    score  bias  c-Evalue  i-Evalue hmmfrom  hmm to    alifrom  ali to    envfrom  env to     acc
 ---   ------ ----- --------- --------- ------- -------    ------- -------    ------- -------    ----
   1 !   50.2   0.0   1.7e-17   7.3e-14       6     111 ..      13     120 ..      10     123 .. 0.92



Internal pipeline statistics summary:
-------------------------------------
Query model(s):                            1  (115 nodes)
Target sequences:                       4286  (1314671 residues searched)
Passed MSV filter:                        58  (0.0135324); expected 85.7 (0.02)
Passed bias filter:                       50  (0.0116659); expected 85.7 (0.02)
Passed Vit filter:                         4  (0.000933271); expected 4.3 (0.001)
Passed Fwd filter:                         1  (0.000233318); expected 0.0 (1e-05)
Initial search space (Z):               4286  [actual number of targets]
Domain search space  (domZ):               1  [number of targets reported over threshold]
# CPU time: 0.02u 0.00s 00:00:00.02 Elapsed: 00:00:00.01
# Mc/sec: 13332.33
//
Query:       TIGR00083  [M=290]
Accession:   TIGR00083
Description: ribF: riboflavin biosynthesis protein RibF
Scores for complete sequences (score includes all domains):
   --- full sequence ---   --- best 1 domain ---    -#dom-
    E-value  score  bias    E-value  score  bias    exp  N  Sequence          Description
    ------- ------ -----    ------- ------ -----   ---- --  --------          -----------
    5.2e-76  253.7   0.0    5.9e-76  253.5   0.0    1.0  1  NZ_CP092483.1_797  # 817596 # 818570 # 1 # ID=1_797;partial=00;start_type=ATG;rbs_motif=None;rbs_spacer=None;gc_cont=0.636


Domain annotation for each sequence:
>> NZ_CP092483.1_797  # 817596 # 818570 # 1 # ID=1_797;partial=00;start_type=ATG;rbs_motif=None;rbs_spacer=None;gc_cont=0.636
   #    score  bias  c-Evalue  i-Evalue hmmfrom  hmm to    alifrom  ali to    envfrom  env to     acc
 ---   ------ ----- --------- --------- ------- -------    ------- -------    ------- -------    ----
   1 !  253.5   0.0   1.4e-79   5.9e-76       2     288 ..      22     306 ..      21     308 .. 0.95



Internal pipeline statistics summary:
-------------------------------------
Query model(s):                            1  (290 nodes)
Target sequences:                       4286  (1314671 residues searched)
Passed MSV filter:                        69  (0.0160989); expected 85.7 (0.02)
Passed bias filter:                       67  (0.0156323); expected 85.7 (0.02)
Passed Vit filter:                         4  (0.000933271); expected 4.3 (0.001)
Passed Fwd filter:                         2  (0.000466636); expected 0.0 (1e-05)
Initial search space (Z):               4286  [actual number of targets]
Domain search space  (domZ):               1  [number of targets reported over threshold]
# CPU time: 0.03u 0.00s 00:00:00.03 Elapsed: 00:00:00.03
# Mc/sec: 12269.60
//
Query:       TIGR00084  [M=192]
Accession:   TIGR00084
Description: ruvA: Holliday junction DNA helicase RuvA
Scores for complete sequences (score includes all domains):
   --- full sequence ---   --- best 1 domain ---    -#dom-
    E-value  score  bias    E-value  score  bias    exp  N  Sequence           Description
    ------- ------ -----    ------- ------ -----   ---- --  --------           -----------
      2e-38  129.7   0.0    2.2e-38  129.6   0.0    1.0  1  NZ_CP092483.1_3280  # 3346307 # 3346924 # -1 # ID=1_3280;partial=00;start_type=ATG;rbs_motif=GGAG/GAGG;rbs_spacer=5-10bp;gc_cont=0.647


Domain annotation for each sequence:
>> NZ_CP092483.1_3280  # 3346307 # 3346924 # -1 # ID=1_3280;partial=00;start_type=ATG;rbs_motif=GGAG/GAGG;rbs_spacer=5-10bp;gc_cont=0.647
   #    score  bias  c-Evalue  i-Evalue hmmfrom  hmm to    alifrom  ali to    envfrom  env to     acc
 ---   ------ ----- --------- --------- ------- -------    ------- -------    ------- -------    ----
   1 !  129.6   0.0   5.1e-42   2.2e-38       1     185 [.       1     198 [.       1     205 [. 0.93



Internal pipeline statistics summary:
-------------------------------------
Query model(s):                            1  (192 nodes)
Target sequences:                       4286  (1314671 residues searched)
Passed MSV filter:                        99  (0.0230985); expected 85.7 (0.02)
Passed bias filter:                       88  (0.020532); expected 85.7 (0.02)
Passed Vit filter:                         8  (0.00186654); expected 4.3 (0.001)
Passed Fwd filter:                         1  (0.000233318); expected 0.0 (1e-05)
Initial search space (Z):               4286  [actual number of targets]
Domain search space  (domZ):               1  [number of targets reported over threshold]
# CPU time: 0.02u 0.00s 00:00:00.02 Elapsed: 00:00:00.01
# Mc/sec: 14397.67
//
Query:       TIGR00086  [M=144]
Accession:   TIGR00086
Description: smpB: SsrA-binding protein
Scores for complete sequences (score includes all domains):
   --- full sequence ---   --- best 1 domain ---    -#dom-
    E-value  score  bias    E-value  score  bias    exp  N  Sequence           Description
    ------- ------ -----    ------- ------ -----   ---- --  --------           -----------
    5.5e-54  180.0   0.3    6.4e-54  179.8   0.3    1.0  1  NZ_CP092483.1_1487  # 1566345 # 1566842 # 1 # ID=1_1487;partial=00;start_type=ATG;rbs_motif=3Base/5BMM;rbs_spacer=13-15bp;gc_cont=0.600


Domain annotation for each sequence:
>> NZ_CP092483.1_1487  # 1566345 # 1566842 # 1 # ID=1_1487;partial=00;start_type=ATG;rbs_motif=3Base/5BMM;rbs_spacer=13-15bp;gc_cont=0.600
   #    score  bias  c-Evalue  i-Evalue hmmfrom  hmm to    alifrom  ali to    envfrom  env to     acc
 ---   ------ ----- --------- --------- ------- -------    ------- -------    ------- -------    ----
   1 !  179.8   0.3   1.5e-57   6.4e-54       2     144 .]      18     160 ..      17     160 .. 0.99



Internal pipeline statistics summary:
-------------------------------------
Query model(s):                            1  (144 nodes)
Target sequences:                       4286  (1314671 residues searched)
Passed MSV filter:                        54  (0.0125992); expected 85.7 (0.02)
Passed bias filter:                       51  (0.0118992); expected 85.7 (0.02)
Passed Vit filter:                         4  (0.000933271); expected 4.3 (0.001)
Passed Fwd filter:                         1  (0.000233318); expected 0.0 (1e-05)
Initial search space (Z):               4286  [actual number of targets]
Domain search space  (domZ):               1  [number of targets reported over threshold]
# CPU time: 0.02u 0.00s 00:00:00.02 Elapsed: 00:00:00.01
# Mc/sec: 13545.93
//
Query:       TIGR00088  [M=233]
Accession:   TIGR00088
Description: trmD: tRNA (guanine(37)-N(1))-methyltransferase
Scores for complete sequences (score includes all domains):
   --- full sequence ---   --- best 1 domain ---    -#dom-
    E-value  score  bias    E-value  score  bias    exp  N  Sequence           Description
    ------- ------ -----    ------- ------ -----   ---- --  --------           -----------
    7.7e-80  265.4   0.0    9.4e-80  265.1   0.0    1.0  1  NZ_CP092483.1_4129  # 4208442 # 4209131 # 1 # ID=1_4129;partial=00;start_type=TTG;rbs_motif=GGAG/GAGG;rbs_spacer=5-10bp;gc_cont=0.668


Domain annotation for each sequence:
>> NZ_CP092483.1_4129  # 4208442 # 4209131 # 1 # ID=1_4129;partial=00;start_type=TTG;rbs_motif=GGAG/GAGG;rbs_spacer=5-10bp;gc_cont=0.668
   #    score  bias  c-Evalue  i-Evalue hmmfrom  hmm to    alifrom  ali to    envfrom  env to     acc
 ---   ------ ----- --------- --------- ------- -------    ------- -------    ------- -------    ----
   1 !  265.1   0.0   2.2e-83   9.4e-80       4     223 ..       6     227 ..       3     229 .. 0.98



Internal pipeline statistics summary:
-------------------------------------
Query model(s):                            1  (233 nodes)
Target sequences:                       4286  (1314671 residues searched)
Passed MSV filter:                        92  (0.0214652); expected 85.7 (0.02)
Passed bias filter:                       90  (0.0209986); expected 85.7 (0.02)
Passed Vit filter:                         8  (0.00186654); expected 4.3 (0.001)
Passed Fwd filter:                         1  (0.000233318); expected 0.0 (1e-05)
Initial search space (Z):               4286  [actual number of targets]
Domain search space  (domZ):               1  [number of targets reported over threshold]
# CPU time: 0.02u 0.00s 00:00:00.02 Elapsed: 00:00:00.02
# Mc/sec: 10431.36
//
Query:       TIGR00090  [M=99]
Accession:   TIGR00090
Description: rsfS_iojap_ybeB: ribosome silencing factor
Scores for complete sequences (score includes all domains):
   --- full sequence ---   --- best 1 domain ---    -#dom-
    E-value  score  bias    E-value  score  bias    exp  N  Sequence           Description
    ------- ------ -----    ------- ------ -----   ---- --  --------           -----------
    1.1e-33  113.3   0.0    1.2e-33  113.1   0.0    1.0  1  NZ_CP092483.1_3975  # 4064589 # 4064972 # 1 # ID=1_3975;partial=00;start_type=ATG;rbs_motif=AGxAGG/AGGxGG;rbs_spacer=5-10bp;gc_cont=0.646


Domain annotation for each sequence:
>> NZ_CP092483.1_3975  # 4064589 # 4064972 # 1 # ID=1_3975;partial=00;start_type=ATG;rbs_motif=AGxAGG/AGGxGG;rbs_spacer=5-10bp;gc_cont=0.646
   #    score  bias  c-Evalue  i-Evalue hmmfrom  hmm to    alifrom  ali to    envfrom  env to     acc
 ---   ------ ----- --------- --------- ------- -------    ------- -------    ------- -------    ----
   1 !  113.1   0.0   2.8e-37   1.2e-33       2      99 .]      21     118 ..      20     118 .. 0.98



Internal pipeline statistics summary:
-------------------------------------
Query model(s):                            1  (99 nodes)
Target sequences:                       4286  (1314671 residues searched)
Passed MSV filter:                        90  (0.0209986); expected 85.7 (0.02)
Passed bias filter:                       83  (0.0193654); expected 85.7 (0.02)
Passed Vit filter:                         4  (0.000933271); expected 4.3 (0.001)
Passed Fwd filter:                         1  (0.000233318); expected 0.0 (1e-05)
Initial search space (Z):               4286  [actual number of targets]
Domain search space  (domZ):               1  [number of targets reported over threshold]
# CPU time: 0.01u 0.00s 00:00:00.01 Elapsed: 00:00:00.03
# Mc/sec: 4118.79
//
Query:       TIGR00092  [M=368]
Accession:   TIGR00092
Description: TIGR00092: GTP-binding protein YchF
Scores for complete sequences (score includes all domains):
   --- full sequence ---   --- best 1 domain ---    -#dom-
    E-value  score  bias    E-value  score  bias    exp  N  Sequence           Description
    ------- ------ -----    ------- ------ -----   ---- --  --------           -----------
   2.3e-146  485.5   0.0   2.6e-146  485.4   0.0    1.0  1  NZ_CP092483.1_2978  # 3030362 # 3031459 # 1 # ID=1_2978;partial=00;start_type=ATG;rbs_motif=GGAG/GAGG;rbs_spacer=5-10bp;gc_cont=0.605


Domain annotation for each sequence:
>> NZ_CP092483.1_2978  # 3030362 # 3031459 # 1 # ID=1_2978;partial=00;start_type=ATG;rbs_motif=GGAG/GAGG;rbs_spacer=5-10bp;gc_cont=0.605
   #    score  bias  c-Evalue  i-Evalue hmmfrom  hmm to    alifrom  ali to    envfrom  env to     acc
 ---   ------ ----- --------- --------- ------- -------    ------- -------    ------- -------    ----
   1 !  485.4   0.0    6e-150  2.6e-146       1     367 [.       1     364 [.       1     365 [. 0.99



Internal pipeline statistics summary:
-------------------------------------
Query model(s):                            1  (368 nodes)
Target sequences:                       4286  (1314671 residues searched)
Passed MSV filter:                       174  (0.0405973); expected 85.7 (0.02)
Passed bias filter:                      161  (0.0375642); expected 85.7 (0.02)
Passed Vit filter:                        25  (0.00583294); expected 4.3 (0.001)
Passed Fwd filter:                         5  (0.00116659); expected 0.0 (1e-05)
Initial search space (Z):               4286  [actual number of targets]
Domain search space  (domZ):               1  [number of targets reported over threshold]
# CPU time: 0.06u 0.00s 00:00:00.06 Elapsed: 00:00:00.05
# Mc/sec: 8355.74
//
Query:       TIGR00095  [M=194]
Accession:   TIGR00095
Description: TIGR00095: 16S rRNA (guanine(966)-N(2))-methyltransferase RsmD
Scores for complete sequences (score includes all domains):
   --- full sequence ---   --- best 1 domain ---    -#dom-
    E-value  score  bias    E-value  score  bias    exp  N  Sequence          Description
    ------- ------ -----    ------- ------ -----   ---- --  --------          -----------
    9.8e-44  147.2   0.0    1.1e-43  147.0   0.0    1.0  1  NZ_CP092483.1_802  # 825073 # 825636 # 1 # ID=1_802;partial=00;start_type=ATG;rbs_motif=GGA/GAG/AGG;rbs_spacer=5-10bp;gc_cont=0.640


Domain annotation for each sequence:
>> NZ_CP092483.1_802  # 825073 # 825636 # 1 # ID=1_802;partial=00;start_type=ATG;rbs_motif=GGA/GAG/AGG;rbs_spacer=5-10bp;gc_cont=0.640
   #    score  bias  c-Evalue  i-Evalue hmmfrom  hmm to    alifrom  ali to    envfrom  env to     acc
 ---   ------ ----- --------- --------- ------- -------    ------- -------    ------- -------    ----
   1 !  147.0   0.0   2.7e-47   1.1e-43      13     191 ..       2     181 ..       1     183 [. 0.89



Internal pipeline statistics summary:
-------------------------------------
Query model(s):                            1  (194 nodes)
Target sequences:                       4286  (1314671 residues searched)
Passed MSV filter:                        81  (0.0188987); expected 85.7 (0.02)
Passed bias filter:                       79  (0.0184321); expected 85.7 (0.02)
Passed Vit filter:                        10  (0.00233318); expected 4.3 (0.001)
Passed Fwd filter:                         3  (0.000699953); expected 0.0 (1e-05)
Initial search space (Z):               4286  [actual number of targets]
Domain search space  (domZ):               1  [number of targets reported over threshold]
# CPU time: 0.02u 0.00s 00:00:00.02 Elapsed: 00:00:00.03
# Mc/sec: 6861.04
//
Query:       TIGR00111  [M=351]
Accession:   TIGR00111
Description: pelota: mRNA surveillance protein pelota
Scores for complete sequences (score includes all domains):
   --- full sequence ---   --- best 1 domain ---    -#dom-
    E-value  score  bias    E-value  score  bias    exp  N  Sequence Description
    ------- ------ -----    ------- ------ -----   ---- --  -------- -----------

   [No hits detected that satisfy reporting thresholds]


Domain annotation for each sequence:

   [No targets detected that satisfy reporting thresholds]


Internal pipeline statistics summary:
-------------------------------------
Query model(s):                            1  (351 nodes)
Target sequences:                       4286  (1314671 residues searched)
Passed MSV filter:                        93  (0.0216986); expected 85.7 (0.02)
Passed bias filter:                       86  (0.0200653); expected 85.7 (0.02)
Passed Vit filter:                         5  (0.00116659); expected 4.3 (0.001)
Passed Fwd filter:                         0  (0); expected 0.0 (1e-05)
Initial search space (Z):               4286  [actual number of targets]
Domain search space  (domZ):               0  [number of targets reported over threshold]
# CPU time: 0.03u 0.00s 00:00:00.03 Elapsed: 00:00:00.03
# Mc/sec: 11709.59
//
Query:       TIGR00115  [M=410]
Accession:   TIGR00115
Description: tig: trigger factor
Scores for complete sequences (score includes all domains):
   --- full sequence ---   --- best 1 domain ---    -#dom-
    E-value  score  bias    E-value  score  bias    exp  N  Sequence           Description
    ------- ------ -----    ------- ------ -----   ---- --  --------           -----------
   1.7e-121  403.8   6.8     2e-121  403.6   6.8    1.1  1  NZ_CP092483.1_1866  # 1960832 # 1962211 # 1 # ID=1_1866;partial=00;start_type=ATG;rbs_motif=GGA/GAG/AGG;rbs_spacer=5-10bp;gc_cont=0.628


Domain annotation for each sequence:
>> NZ_CP092483.1_1866  # 1960832 # 1962211 # 1 # ID=1_1866;partial=00;start_type=ATG;rbs_motif=GGA/GAG/AGG;rbs_spacer=5-10bp;gc_cont=0.628
   #    score  bias  c-Evalue  i-Evalue hmmfrom  hmm to    alifrom  ali to    envfrom  env to     acc
 ---   ------ ----- --------- --------- ------- -------    ------- -------    ------- -------    ----
   1 !  403.6   6.8  4.7e-125    2e-121       1     409 [.      11     426 ..      11     427 .. 0.99



Internal pipeline statistics summary:
-------------------------------------
Query model(s):                            1  (410 nodes)
Target sequences:                       4286  (1314671 residues searched)
Passed MSV filter:                       109  (0.0254316); expected 85.7 (0.02)
Passed bias filter:                       78  (0.0181988); expected 85.7 (0.02)
Passed Vit filter:                        13  (0.00303313); expected 4.3 (0.001)
Passed Fwd filter:                         2  (0.000466636); expected 0.0 (1e-05)
Initial search space (Z):               4286  [actual number of targets]
Domain search space  (domZ):               1  [number of targets reported over threshold]
# CPU time: 0.04u 0.00s 00:00:00.04 Elapsed: 00:00:00.05
# Mc/sec: 9035.06
//
Query:       TIGR00116  [M=293]
Accession:   TIGR00116
Description: tsf: translation elongation factor Ts
Scores for complete sequences (score includes all domains):
   --- full sequence ---   --- best 1 domain ---    -#dom-
    E-value  score  bias    E-value  score  bias    exp  N  Sequence           Description
    ------- ------ -----    ------- ------ -----   ---- --  --------           -----------
      3e-89  296.9   5.8    3.8e-89  296.6   5.8    1.0  1  NZ_CP092483.1_2155  # 2229056 # 2229982 # -1 # ID=1_2155;partial=00;start_type=ATG;rbs_motif=GGAG/GAGG;rbs_spacer=5-10bp;gc_cont=0.629


Domain annotation for each sequence:
>> NZ_CP092483.1_2155  # 2229056 # 2229982 # -1 # ID=1_2155;partial=00;start_type=ATG;rbs_motif=GGAG/GAGG;rbs_spacer=5-10bp;gc_cont=0.629
   #    score  bias  c-Evalue  i-Evalue hmmfrom  hmm to    alifrom  ali to    envfrom  env to     acc
 ---   ------ ----- --------- --------- ------- -------    ------- -------    ------- -------    ----
   1 !  296.6   5.8   8.8e-93   3.8e-89       2     290 ..       1     304 [.       1     306 [. 0.92



Internal pipeline statistics summary:
-------------------------------------
Query model(s):                            1  (293 nodes)
Target sequences:                       4286  (1314671 residues searched)
Passed MSV filter:                        81  (0.0188987); expected 85.7 (0.02)
Passed bias filter:                       68  (0.0158656); expected 85.7 (0.02)
Passed Vit filter:                         7  (0.00163322); expected 4.3 (0.001)
Passed Fwd filter:                         1  (0.000233318); expected 0.0 (1e-05)
Initial search space (Z):               4286  [actual number of targets]
Domain search space  (domZ):               1  [number of targets reported over threshold]
# CPU time: 0.03u 0.00s 00:00:00.03 Elapsed: 00:00:00.02
# Mc/sec: 14328.04
//
Query:       TIGR00134  [M=622]
Accession:   TIGR00134
Description: gatE_arch: glutamyl-tRNA(Gln) amidotransferase, subunit E
Scores for complete sequences (score includes all domains):
   --- full sequence ---   --- best 1 domain ---    -#dom-
    E-value  score  bias    E-value  score  bias    exp  N  Sequence Description
    ------- ------ -----    ------- ------ -----   ---- --  -------- -----------

   [No hits detected that satisfy reporting thresholds]


Domain annotation for each sequence:

   [No targets detected that satisfy reporting thresholds]


Internal pipeline statistics summary:
-------------------------------------
Query model(s):                            1  (622 nodes)
Target sequences:                       4286  (1314671 residues searched)
Passed MSV filter:                       133  (0.0310313); expected 85.7 (0.02)
Passed bias filter:                       92  (0.0214652); expected 85.7 (0.02)
Passed Vit filter:                         4  (0.000933271); expected 4.3 (0.001)
Passed Fwd filter:                         1  (0.000233318); expected 0.0 (1e-05)
Initial search space (Z):               4286  [actual number of targets]
Domain search space  (domZ):               0  [number of targets reported over threshold]
# CPU time: 0.06u 0.01s 00:00:00.06 Elapsed: 00:00:00.07
# Mc/sec: 11270.83
//
Query:       TIGR00138  [M=183]
Accession:   TIGR00138
Description: rsmG_gidB: 16S rRNA (guanine(527)-N(7))-methyltransferase RsmG
Scores for complete sequences (score includes all domains):
   --- full sequence ---   --- best 1 domain ---    -#dom-
    E-value  score  bias    E-value  score  bias    exp  N  Sequence           Description
    ------- ------ -----    ------- ------ -----   ---- --  --------           -----------
    7.1e-38  128.0   0.0    8.7e-38  127.7   0.0    1.0  1  NZ_CP092483.1_4142  # 4220546 # 4221187 # -1 # ID=1_4142;partial=00;start_type=ATG;rbs_motif=GGA/GAG/AGG;rbs_spacer=5-10bp;gc_cont=0.579


Domain annotation for each sequence:
>> NZ_CP092483.1_4142  # 4220546 # 4221187 # -1 # ID=1_4142;partial=00;start_type=ATG;rbs_motif=GGA/GAG/AGG;rbs_spacer=5-10bp;gc_cont=0.579
   #    score  bias  c-Evalue  i-Evalue hmmfrom  hmm to    alifrom  ali to    envfrom  env to     acc
 ---   ------ ----- --------- --------- ------- -------    ------- -------    ------- -------    ----
   1 !  127.7   0.0     2e-41   8.7e-38       2     159 ..      24     184 ..      23     198 .. 0.90



Internal pipeline statistics summary:
-------------------------------------
Query model(s):                            1  (183 nodes)
Target sequences:                       4286  (1314671 residues searched)
Passed MSV filter:                        84  (0.0195987); expected 85.7 (0.02)
Passed bias filter:                       84  (0.0195987); expected 85.7 (0.02)
Passed Vit filter:                        13  (0.00303313); expected 4.3 (0.001)
Passed Fwd filter:                         2  (0.000466636); expected 0.0 (1e-05)
Initial search space (Z):               4286  [actual number of targets]
Domain search space  (domZ):               1  [number of targets reported over threshold]
# CPU time: 0.03u 0.00s 00:00:00.03 Elapsed: 00:00:00.03
# Mc/sec: 6357.09
//
Query:       TIGR00158  [M=148]
Accession:   TIGR00158
Description: L9: ribosomal protein bL9
Scores for complete sequences (score includes all domains):
   --- full sequence ---   --- best 1 domain ---    -#dom-
    E-value  score  bias    E-value  score  bias    exp  N  Sequence           Description
    ------- ------ -----    ------- ------ -----   ---- --  --------           -----------
    1.6e-39  133.7   0.2      2e-39  133.3   0.2    1.1  1  NZ_CP092483.1_1376  # 1420349 # 1420921 # -1 # ID=1_1376;partial=00;start_type=ATG;rbs_motif=AGGA;rbs_spacer=5-10bp;gc_cont=0.639


Domain annotation for each sequence:
>> NZ_CP092483.1_1376  # 1420349 # 1420921 # -1 # ID=1_1376;partial=00;start_type=ATG;rbs_motif=AGGA;rbs_spacer=5-10bp;gc_cont=0.639
   #    score  bias  c-Evalue  i-Evalue hmmfrom  hmm to    alifrom  ali to    envfrom  env to     acc
 ---   ------ ----- --------- --------- ------- -------    ------- -------    ------- -------    ----
   1 !  133.3   0.2   4.8e-43     2e-39       1     146 [.       1     145 [.       1     147 [. 0.99



Internal pipeline statistics summary:
-------------------------------------
Query model(s):                            1  (148 nodes)
Target sequences:                       4286  (1314671 residues searched)
Passed MSV filter:                        61  (0.0142324); expected 85.7 (0.02)
Passed bias filter:                       52  (0.0121325); expected 85.7 (0.02)
Passed Vit filter:                         4  (0.000933271); expected 4.3 (0.001)
Passed Fwd filter:                         1  (0.000233318); expected 0.0 (1e-05)
Initial search space (Z):               4286  [actual number of targets]
Domain search space  (domZ):               1  [number of targets reported over threshold]
# CPU time: 0.01u 0.00s 00:00:00.01 Elapsed: 00:00:00.01
# Mc/sec: 11332.66
//
Query:       TIGR00166  [M=95]
Accession:   TIGR00166
Description: S6: ribosomal protein bS6
Scores for complete sequences (score includes all domains):
   --- full sequence ---   --- best 1 domain ---    -#dom-
    E-value  score  bias    E-value  score  bias    exp  N  Sequence           Description
    ------- ------ -----    ------- ------ -----   ---- --  --------           -----------
    2.7e-23   79.9   0.2    3.2e-23   79.7   0.2    1.1  1  NZ_CP092483.1_1378  # 1421423 # 1421845 # -1 # ID=1_1378;partial=00;start_type=ATG;rbs_motif=AGGA;rbs_spacer=5-10bp;gc_cont=0.636


Domain annotation for each sequence:
>> NZ_CP092483.1_1378  # 1421423 # 1421845 # -1 # ID=1_1378;partial=00;start_type=ATG;rbs_motif=AGGA;rbs_spacer=5-10bp;gc_cont=0.636
   #    score  bias  c-Evalue  i-Evalue hmmfrom  hmm to    alifrom  ali to    envfrom  env to     acc
 ---   ------ ----- --------- --------- ------- -------    ------- -------    ------- -------    ----
   1 !   79.7   0.2   7.6e-27   3.2e-23       1      94 [.       1      94 [.       1      95 [. 0.97



Internal pipeline statistics summary:
-------------------------------------
Query model(s):                            1  (95 nodes)
Target sequences:                       4286  (1314671 residues searched)
Passed MSV filter:                        59  (0.0137657); expected 85.7 (0.02)
Passed bias filter:                       54  (0.0125992); expected 85.7 (0.02)
Passed Vit filter:                         5  (0.00116659); expected 4.3 (0.001)
Passed Fwd filter:                         1  (0.000233318); expected 0.0 (1e-05)
Initial search space (Z):               4286  [actual number of targets]
Domain search space  (domZ):               1  [number of targets reported over threshold]
# CPU time: 0.01u 0.01s 00:00:00.02 Elapsed: 00:00:00.02
# Mc/sec: 4582.80
//
Query:       TIGR00168  [M=165]
Accession:   TIGR00168
Description: infC: translation initiation factor IF-3
Scores for complete sequences (score includes all domains):
   --- full sequence ---   --- best 1 domain ---    -#dom-
    E-value  score  bias    E-value  score  bias    exp  N  Sequence         Description
    ------- ------ -----    ------- ------ -----   ---- --  --------         -----------
    4.3e-61  203.3   2.3    4.9e-61  203.1   2.3    1.0  1  NZ_CP092483.1_86  # 85390 # 85914 # 1 # ID=1_86;partial=00;start_type=ATG;rbs_motif=None;rbs_spacer=None;gc_cont=0.608


Domain annotation for each sequence:
>> NZ_CP092483.1_86  # 85390 # 85914 # 1 # ID=1_86;partial=00;start_type=ATG;rbs_motif=None;rbs_spacer=None;gc_cont=0.608
   #    score  bias  c-Evalue  i-Evalue hmmfrom  hmm to    alifrom  ali to    envfrom  env to     acc
 ---   ------ ----- --------- --------- ------- -------    ------- -------    ------- -------    ----
   1 !  203.1   2.3   1.1e-64   4.9e-61       2     163 ..      14     174 ..      13     174 .. 0.99



Internal pipeline statistics summary:
-------------------------------------
Query model(s):                            1  (165 nodes)
Target sequences:                       4286  (1314671 residues searched)
Passed MSV filter:                        82  (0.0191321); expected 85.7 (0.02)
Passed bias filter:                       77  (0.0179655); expected 85.7 (0.02)
Passed Vit filter:                         7  (0.00163322); expected 4.3 (0.001)
Passed Fwd filter:                         1  (0.000233318); expected 0.0 (1e-05)
Initial search space (Z):               4286  [actual number of targets]
Domain search space  (domZ):               1  [number of targets reported over threshold]
# CPU time: 0.02u 0.00s 00:00:00.02 Elapsed: 00:00:00.03
# Mc/sec: 6192.05
//
Query:       TIGR00186  [M=240]
Accession:   TIGR00186
Description: rRNA_methyl_3: RNA methyltransferase, TrmH family, group 3
Scores for complete sequences (score includes all domains):
   --- full sequence ---   --- best 1 domain ---    -#dom-
    E-value  score  bias    E-value  score  bias    exp  N  Sequence           Description
    ------- ------ -----    ------- ------ -----   ---- --  --------           -----------
    3.9e-54  181.6   0.0    4.6e-54  181.3   0.0    1.0  1  NZ_CP092483.1_2361  # 2422046 # 2422801 # 1 # ID=1_2361;partial=00;start_type=ATG;rbs_motif=3Base/5BMM;rbs_spacer=13-15bp;gc_cont=0.624


Domain annotation for each sequence:
>> NZ_CP092483.1_2361  # 2422046 # 2422801 # 1 # ID=1_2361;partial=00;start_type=ATG;rbs_motif=3Base/5BMM;rbs_spacer=13-15bp;gc_cont=0.624
   #    score  bias  c-Evalue  i-Evalue hmmfrom  hmm to    alifrom  ali to    envfrom  env to     acc
 ---   ------ ----- --------- --------- ------- -------    ------- -------    ------- -------    ----
   1 !  181.3   0.0   1.1e-57   4.6e-54       4     237 ..      20     246 ..      18     249 .. 0.92



Internal pipeline statistics summary:
-------------------------------------
Query model(s):                            1  (240 nodes)
Target sequences:                       4286  (1314671 residues searched)
Passed MSV filter:                        91  (0.0212319); expected 85.7 (0.02)
Passed bias filter:                       83  (0.0193654); expected 85.7 (0.02)
Passed Vit filter:                         8  (0.00186654); expected 4.3 (0.001)
Passed Fwd filter:                         4  (0.000933271); expected 0.0 (1e-05)
Initial search space (Z):               4286  [actual number of targets]
Domain search space  (domZ):               1  [number of targets reported over threshold]
# CPU time: 0.03u 0.00s 00:00:00.03 Elapsed: 00:00:00.03
# Mc/sec: 9643.99
//
Query:       TIGR00194  [M=574]
Accession:   TIGR00194
Description: uvrC: excinuclease ABC subunit C
Scores for complete sequences (score includes all domains):
   --- full sequence ---   --- best 1 domain ---    -#dom-
    E-value  score  bias    E-value  score  bias    exp  N  Sequence           Description
    ------- ------ -----    ------- ------ -----   ---- --  --------           -----------
     1e-160  534.1   0.0   1.2e-160  533.9   0.0    1.0  1  NZ_CP092483.1_2805  # 2856788 # 2858674 # 1 # ID=1_2805;partial=00;start_type=ATG;rbs_motif=None;rbs_spacer=None;gc_cont=0.640


Domain annotation for each sequence:
>> NZ_CP092483.1_2805  # 2856788 # 2858674 # 1 # ID=1_2805;partial=00;start_type=ATG;rbs_motif=None;rbs_spacer=None;gc_cont=0.640
   #    score  bias  c-Evalue  i-Evalue hmmfrom  hmm to    alifrom  ali to    envfrom  env to     acc
 ---   ------ ----- --------- --------- ------- -------    ------- -------    ------- -------    ----
   1 !  533.9   0.0  2.8e-164  1.2e-160       5     573 ..      19     603 ..      15     604 .. 0.94



Internal pipeline statistics summary:
-------------------------------------
Query model(s):                            1  (574 nodes)
Target sequences:                       4286  (1314671 residues searched)
Passed MSV filter:                        72  (0.0167989); expected 85.7 (0.02)
Passed bias filter:                       67  (0.0156323); expected 85.7 (0.02)
Passed Vit filter:                        10  (0.00233318); expected 4.3 (0.001)
Passed Fwd filter:                         3  (0.000699953); expected 0.0 (1e-05)
Initial search space (Z):               4286  [actual number of targets]
Domain search space  (domZ):               1  [number of targets reported over threshold]
# CPU time: 0.06u 0.01s 00:00:00.06 Elapsed: 00:00:00.06
# Mc/sec: 12083.96
//
Query:       TIGR00250  [M=130]
Accession:   TIGR00250
Description: RNAse_H_YqgF: putative transcription antitermination factor YqgF
Scores for complete sequences (score includes all domains):
   --- full sequence ---   --- best 1 domain ---    -#dom-
    E-value  score  bias    E-value  score  bias    exp  N  Sequence           Description
    ------- ------ -----    ------- ------ -----   ---- --  --------           -----------
    2.4e-37  125.8   0.0    2.8e-37  125.6   0.0    1.0  1  NZ_CP092483.1_2029  # 2095056 # 2095517 # -1 # ID=1_2029;partial=00;start_type=ATG;rbs_motif=GGA/GAG/AGG;rbs_spacer=5-10bp;gc_cont=0.626


Domain annotation for each sequence:
>> NZ_CP092483.1_2029  # 2095056 # 2095517 # -1 # ID=1_2029;partial=00;start_type=ATG;rbs_motif=GGA/GAG/AGG;rbs_spacer=5-10bp;gc_cont=0.626
   #    score  bias  c-Evalue  i-Evalue hmmfrom  hmm to    alifrom  ali to    envfrom  env to     acc
 ---   ------ ----- --------- --------- ------- -------    ------- -------    ------- -------    ----
   1 !  125.6   0.0   6.5e-41   2.8e-37       1     130 []      19     148 ..      19     148 .. 0.99



Internal pipeline statistics summary:
-------------------------------------
Query model(s):                            1  (130 nodes)
Target sequences:                       4286  (1314671 residues searched)
Passed MSV filter:                        92  (0.0214652); expected 85.7 (0.02)
Passed bias filter:                       82  (0.0191321); expected 85.7 (0.02)
Passed Vit filter:                         8  (0.00186654); expected 4.3 (0.001)
Passed Fwd filter:                         1  (0.000233318); expected 0.0 (1e-05)
Initial search space (Z):               4286  [actual number of targets]
Domain search space  (domZ):               1  [number of targets reported over threshold]
# CPU time: 0.02u 0.00s 00:00:00.02 Elapsed: 00:00:00.03
# Mc/sec: 4387.59
//
Query:       TIGR00279  [M=172]
Accession:   TIGR00279
Description: uL16_euk_arch: ribosomal protein uL16
Scores for complete sequences (score includes all domains):
   --- full sequence ---   --- best 1 domain ---    -#dom-
    E-value  score  bias    E-value  score  bias    exp  N  Sequence Description
    ------- ------ -----    ------- ------ -----   ---- --  -------- -----------

   [No hits detected that satisfy reporting thresholds]


Domain annotation for each sequence:

   [No targets detected that satisfy reporting thresholds]


Internal pipeline statistics summary:
-------------------------------------
Query model(s):                            1  (172 nodes)
Target sequences:                       4286  (1314671 residues searched)
Passed MSV filter:                        92  (0.0214652); expected 85.7 (0.02)
Passed bias filter:                       80  (0.0186654); expected 85.7 (0.02)
Passed Vit filter:                         4  (0.000933271); expected 4.3 (0.001)
Passed Fwd filter:                         1  (0.000233318); expected 0.0 (1e-05)
Initial search space (Z):               4286  [actual number of targets]
Domain search space  (domZ):               0  [number of targets reported over threshold]
# CPU time: 0.03u 0.00s 00:00:00.03 Elapsed: 00:00:00.03
# Mc/sec: 6876.36
//
Query:       TIGR00291  [M=231]
Accession:   TIGR00291
Description: RNA_SBDS: rRNA metabolism protein, SBDS family
Scores for complete sequences (score includes all domains):
   --- full sequence ---   --- best 1 domain ---    -#dom-
    E-value  score  bias    E-value  score  bias    exp  N  Sequence Description
    ------- ------ -----    ------- ------ -----   ---- --  -------- -----------

   [No hits detected that satisfy reporting thresholds]


Domain annotation for each sequence:

   [No targets detected that satisfy reporting thresholds]


Internal pipeline statistics summary:
-------------------------------------
Query model(s):                            1  (231 nodes)
Target sequences:                       4286  (1314671 residues searched)
Passed MSV filter:                        78  (0.0181988); expected 85.7 (0.02)
Passed bias filter:                       69  (0.0160989); expected 85.7 (0.02)
Passed Vit filter:                         6  (0.00139991); expected 4.3 (0.001)
Passed Fwd filter:                         0  (0); expected 0.0 (1e-05)
Initial search space (Z):               4286  [actual number of targets]
Domain search space  (domZ):               0  [number of targets reported over threshold]
# CPU time: 0.02u 0.00s 00:00:00.02 Elapsed: 00:00:00.02
# Mc/sec: 13918.63
//
Query:       TIGR00323  [M=215]
Accession:   TIGR00323
Description: eIF-6: putative translation initiation factor eIF-6
Scores for complete sequences (score includes all domains):
   --- full sequence ---   --- best 1 domain ---    -#dom-
    E-value  score  bias    E-value  score  bias    exp  N  Sequence Description
    ------- ------ -----    ------- ------ -----   ---- --  -------- -----------

   [No hits detected that satisfy reporting thresholds]


Domain annotation for each sequence:

   [No targets detected that satisfy reporting thresholds]


Internal pipeline statistics summary:
-------------------------------------
Query model(s):                            1  (215 nodes)
Target sequences:                       4286  (1314671 residues searched)
Passed MSV filter:                       124  (0.0289314); expected 85.7 (0.02)
Passed bias filter:                       84  (0.0195987); expected 85.7 (0.02)
Passed Vit filter:                         4  (0.000933271); expected 4.3 (0.001)
Passed Fwd filter:                         0  (0); expected 0.0 (1e-05)
Initial search space (Z):               4286  [actual number of targets]
Domain search space  (domZ):               0  [number of targets reported over threshold]
# CPU time: 0.02u 0.00s 00:00:00.02 Elapsed: 00:00:00.02
# Mc/sec: 13667.30
//
Query:       TIGR00335  [M=324]
Accession:   TIGR00335
Description: primase_sml: putative DNA primase, eukaryotic-type, small subunit
Scores for complete sequences (score includes all domains):
   --- full sequence ---   --- best 1 domain ---    -#dom-
    E-value  score  bias    E-value  score  bias    exp  N  Sequence Description
    ------- ------ -----    ------- ------ -----   ---- --  -------- -----------

   [No hits detected that satisfy reporting thresholds]


Domain annotation for each sequence:

   [No targets detected that satisfy reporting thresholds]


Internal pipeline statistics summary:
-------------------------------------
Query model(s):                            1  (324 nodes)
Target sequences:                       4286  (1314671 residues searched)
Passed MSV filter:                        60  (0.0139991); expected 85.7 (0.02)
Passed bias filter:                       55  (0.0128325); expected 85.7 (0.02)
Passed Vit filter:                         7  (0.00163322); expected 4.3 (0.001)
Passed Fwd filter:                         0  (0); expected 0.0 (1e-05)
Initial search space (Z):               4286  [actual number of targets]
Domain search space  (domZ):               0  [number of targets reported over threshold]
# CPU time: 0.03u 0.00s 00:00:00.03 Elapsed: 00:00:00.03
# Mc/sec: 12644.40
//
Query:       TIGR00337  [M=526]
Accession:   TIGR00337
Description: PyrG: CTP synthase
Scores for complete sequences (score includes all domains):
   --- full sequence ---   --- best 1 domain ---    -#dom-
    E-value  score  bias    E-value  score  bias    exp  N  Sequence           Description
    ------- ------ -----    ------- ------ -----   ---- --  --------           -----------
   1.2e-223  741.4   0.0   1.3e-223  741.2   0.0    1.0  1  NZ_CP092483.1_2124  # 2193235 # 2194863 # -1 # ID=1_2124;partial=00;start_type=ATG;rbs_motif=GGA/GAG/AGG;rbs_spacer=5-10bp;gc_cont=0.622


Domain annotation for each sequence:
>> NZ_CP092483.1_2124  # 2193235 # 2194863 # -1 # ID=1_2124;partial=00;start_type=ATG;rbs_motif=GGA/GAG/AGG;rbs_spacer=5-10bp;gc_cont=0.622
   #    score  bias  c-Evalue  i-Evalue hmmfrom  hmm to    alifrom  ali to    envfrom  env to     acc
 ---   ------ ----- --------- --------- ------- -------    ------- -------    ------- -------    ----
   1 !  741.2   0.0  3.1e-227  1.3e-223       3     526 .]       2     534 ..       1     534 [. 0.99



Internal pipeline statistics summary:
-------------------------------------
Query model(s):                            1  (526 nodes)
Target sequences:                       4286  (1314671 residues searched)
Passed MSV filter:                       124  (0.0289314); expected 85.7 (0.02)
Passed bias filter:                      112  (0.0261316); expected 85.7 (0.02)
Passed Vit filter:                        15  (0.00349977); expected 4.3 (0.001)
Passed Fwd filter:                         4  (0.000933271); expected 0.0 (1e-05)
Initial search space (Z):               4286  [actual number of targets]
Domain search space  (domZ):               1  [number of targets reported over threshold]
# CPU time: 0.06u 0.00s 00:00:00.06 Elapsed: 00:00:00.07
# Mc/sec: 9037.48
//
Query:       TIGR00344  [M=847]
Accession:   TIGR00344
Description: alaS: alanine--tRNA ligase
Scores for complete sequences (score includes all domains):
   --- full sequence ---   --- best 1 domain ---    -#dom-
    E-value  score  bias    E-value  score  bias    exp  N  Sequence           Description
    ------- ------ -----    ------- ------ -----   ---- --  --------           -----------
   2.1e-285  947.1   0.0   2.4e-285  946.9   0.0    1.0  1  NZ_CP092483.1_2525  # 2573227 # 2575872 # -1 # ID=1_2525;partial=00;start_type=ATG;rbs_motif=None;rbs_spacer=None;gc_cont=0.637


Domain annotation for each sequence:
>> NZ_CP092483.1_2525  # 2573227 # 2575872 # -1 # ID=1_2525;partial=00;start_type=ATG;rbs_motif=None;rbs_spacer=None;gc_cont=0.637
   #    score  bias  c-Evalue  i-Evalue hmmfrom  hmm to    alifrom  ali to    envfrom  env to     acc
 ---   ------ ----- --------- --------- ------- -------    ------- -------    ------- -------    ----
   1 !  946.9   0.0  5.6e-289  2.4e-285       2     847 .]       7     864 ..       6     864 .. 0.96



Internal pipeline statistics summary:
-------------------------------------
Query model(s):                            1  (847 nodes)
Target sequences:                       4286  (1314671 residues searched)
Passed MSV filter:                       102  (0.0237984); expected 85.7 (0.02)
Passed bias filter:                       80  (0.0186654); expected 85.7 (0.02)
Passed Vit filter:                        12  (0.00279981); expected 4.3 (0.001)
Passed Fwd filter:                         2  (0.000466636); expected 0.0 (1e-05)
Initial search space (Z):               4286  [actual number of targets]
Domain search space  (domZ):               1  [number of targets reported over threshold]
# CPU time: 0.07u 0.02s 00:00:00.09 Elapsed: 00:00:00.08
# Mc/sec: 13769.91
//
Query:       TIGR00362  [M=437]
Accession:   TIGR00362
Description: DnaA: chromosomal replication initiator protein DnaA
Scores for complete sequences (score includes all domains):
   --- full sequence ---   --- best 1 domain ---    -#dom-
    E-value  score  bias    E-value  score  bias    exp  N  Sequence          Description
    ------- ------ -----    ------- ------ -----   ---- --  --------          -----------
   9.6e-134  444.6   0.0   1.1e-133  444.4   0.0    1.0  1  NZ_CP092483.1_107  # 103463 # 104914 # 1 # ID=1_107;partial=00;start_type=ATG;rbs_motif=3Base/5BMM;rbs_spacer=13-15bp;gc_cont=0.645


Domain annotation for each sequence:
>> NZ_CP092483.1_107  # 103463 # 104914 # 1 # ID=1_107;partial=00;start_type=ATG;rbs_motif=3Base/5BMM;rbs_spacer=13-15bp;gc_cont=0.645
   #    score  bias  c-Evalue  i-Evalue hmmfrom  hmm to    alifrom  ali to    envfrom  env to     acc
 ---   ------ ----- --------- --------- ------- -------    ------- -------    ------- -------    ----
   1 !  444.4   0.0  2.5e-137  1.1e-133       1     437 []      14     481 ..      14     481 .. 0.91



Internal pipeline statistics summary:
-------------------------------------
Query model(s):                            1  (437 nodes)
Target sequences:                       4286  (1314671 residues searched)
Passed MSV filter:                       176  (0.0410639); expected 85.7 (0.02)
Passed bias filter:                      154  (0.0359309); expected 85.7 (0.02)
Passed Vit filter:                        32  (0.00746617); expected 4.3 (0.001)
Passed Fwd filter:                         5  (0.00116659); expected 0.0 (1e-05)
Initial search space (Z):               4286  [actual number of targets]
Domain search space  (domZ):               1  [number of targets reported over threshold]
# CPU time: 0.06u 0.00s 00:00:00.06 Elapsed: 00:00:00.07
# Mc/sec: 7291.59
//
Query:       TIGR00373  [M=162]
Accession:   TIGR00373
Description: TIGR00373: transcription factor E
Scores for complete sequences (score includes all domains):
   --- full sequence ---   --- best 1 domain ---    -#dom-
    E-value  score  bias    E-value  score  bias    exp  N  Sequence Description
    ------- ------ -----    ------- ------ -----   ---- --  -------- -----------

   [No hits detected that satisfy reporting thresholds]


Domain annotation for each sequence:

   [No targets detected that satisfy reporting thresholds]


Internal pipeline statistics summary:
-------------------------------------
Query model(s):                            1  (162 nodes)
Target sequences:                       4286  (1314671 residues searched)
Passed MSV filter:                        86  (0.0200653); expected 85.7 (0.02)
Passed bias filter:                       79  (0.0184321); expected 85.7 (0.02)
Passed Vit filter:                        11  (0.0025665); expected 4.3 (0.001)
Passed Fwd filter:                         1  (0.000233318); expected 0.0 (1e-05)
Initial search space (Z):               4286  [actual number of targets]
Domain search space  (domZ):               0  [number of targets reported over threshold]
# CPU time: 0.03u 0.00s 00:00:00.03 Elapsed: 00:00:00.03
# Mc/sec: 5524.84
//
Query:       TIGR00382  [M=414]
Accession:   TIGR00382
Description: clpX: ATP-dependent Clp protease, ATP-binding subunit ClpX
Scores for complete sequences (score includes all domains):
   --- full sequence ---   --- best 1 domain ---    -#dom-
    E-value  score  bias    E-value  score  bias    exp  N  Sequence           Description
    ------- ------ -----    ------- ------ -----   ---- --  --------           -----------
   7.6e-201  665.3   0.4   9.5e-201  665.0   0.4    1.0  1  NZ_CP092483.1_1873  # 1968472 # 1969749 # 1 # ID=1_1873;partial=00;start_type=ATG;rbs_motif=GGAG/GAGG;rbs_spacer=5-10bp;gc_cont=0.603
    3.5e-55  185.5   1.4    1.4e-23   81.4   0.0    3.4  0  NZ_CP092483.1_4158  # 4234507 # 4235817 # -1 # ID=1_4158;partial=00;start_type=ATG;rbs_motif=GGAG/GAGG;rbs_spacer=5-10bp;gc_cont=0.617


Domain annotation for each sequence:
>> NZ_CP092483.1_1873  # 1968472 # 1969749 # 1 # ID=1_1873;partial=00;start_type=ATG;rbs_motif=GGAG/GAGG;rbs_spacer=5-10bp;gc_cont=0.603
   #    score  bias  c-Evalue  i-Evalue hmmfrom  hmm to    alifrom  ali to    envfrom  env to     acc
 ---   ------ ----- --------- --------- ------- -------    ------- -------    ------- -------    ----
   1 !  665.0   0.4  4.5e-204  9.5e-201       5     410 ..      11     407 ..       7     411 .. 0.96

>> NZ_CP092483.1_4158  # 4234507 # 4235817 # -1 # ID=1_4158;partial=00;start_type=ATG;rbs_motif=GGAG/GAGG;rbs_spacer=5-10bp;gc_cont=0.617
   [No individual domains that satisfy reporting thresholds (although complete target did)]



Internal pipeline statistics summary:
-------------------------------------
Query model(s):                            1  (414 nodes)
Target sequences:                       4286  (1314671 residues searched)
Passed MSV filter:                       209  (0.0487634); expected 85.7 (0.02)
Passed bias filter:                      203  (0.0473635); expected 85.7 (0.02)
Passed Vit filter:                        66  (0.015399); expected 4.3 (0.001)
Passed Fwd filter:                         8  (0.00186654); expected 0.0 (1e-05)
Initial search space (Z):               4286  [actual number of targets]
Domain search space  (domZ):               2  [number of targets reported over threshold]
# CPU time: 0.08u 0.00s 00:00:00.08 Elapsed: 00:00:00.08
# Mc/sec: 6447.35
//
Query:       TIGR00392  [M=861]
Accession:   TIGR00392
Description: ileS: isoleucine--tRNA ligase
Scores for complete sequences (score includes all domains):
   --- full sequence ---   --- best 1 domain ---    -#dom-
    E-value  score  bias    E-value  score  bias    exp  N  Sequence          Description
    ------- ------ -----    ------- ------ -----   ---- --  --------          -----------
   1.8e-247  821.6   0.0   2.1e-247  821.4   0.0    1.0  1  NZ_CP092483.1_798  # 818691 # 821645 # 1 # ID=1_798;partial=00;start_type=ATG;rbs_motif=None;rbs_spacer=None;gc_cont=0.626


Domain annotation for each sequence:
>> NZ_CP092483.1_798  # 818691 # 821645 # 1 # ID=1_798;partial=00;start_type=ATG;rbs_motif=None;rbs_spacer=None;gc_cont=0.626
   #    score  bias  c-Evalue  i-Evalue hmmfrom  hmm to    alifrom  ali to    envfrom  env to     acc
 ---   ------ ----- --------- --------- ------- -------    ------- -------    ------- -------    ----
   1 !  821.4   0.0  4.8e-251  2.1e-247       2     858 ..      24     890 ..      23     893 .. 0.93



Internal pipeline statistics summary:
-------------------------------------
Query model(s):                            1  (861 nodes)
Target sequences:                       4286  (1314671 residues searched)
Passed MSV filter:                        66  (0.015399); expected 85.7 (0.02)
Passed bias filter:                       63  (0.014699); expected 85.7 (0.02)
Passed Vit filter:                        13  (0.00303313); expected 4.3 (0.001)
Passed Fwd filter:                         7  (0.00163322); expected 0.0 (1e-05)
Initial search space (Z):               4286  [actual number of targets]
Domain search space  (domZ):               1  [number of targets reported over threshold]
# CPU time: 0.15u 0.02s 00:00:00.17 Elapsed: 00:00:00.17
# Mc/sec: 6407.09
//
Query:       TIGR00396  [M=843]
Accession:   TIGR00396
Description: leuS_bact: leucine--tRNA ligase
Scores for complete sequences (score includes all domains):
   --- full sequence ---   --- best 1 domain ---    -#dom-
    E-value  score  bias    E-value  score  bias    exp  N  Sequence           Description
    ------- ------ -----    ------- ------ -----   ---- --  --------           -----------
   2.1e-299  993.3   0.0   2.3e-299  993.2   0.0    1.0  1  NZ_CP092483.1_4137  # 4214630 # 4217287 # 1 # ID=1_4137;partial=00;start_type=GTG;rbs_motif=AGGA;rbs_spacer=5-10bp;gc_cont=0.623


Domain annotation for each sequence:
>> NZ_CP092483.1_4137  # 4214630 # 4217287 # 1 # ID=1_4137;partial=00;start_type=GTG;rbs_motif=AGGA;rbs_spacer=5-10bp;gc_cont=0.623
   #    score  bias  c-Evalue  i-Evalue hmmfrom  hmm to    alifrom  ali to    envfrom  env to     acc
 ---   ------ ----- --------- --------- ------- -------    ------- -------    ------- -------    ----
   1 !  993.2   0.0  5.5e-303  2.3e-299       1     842 [.       6     885 ..       6     885 .. 0.94



Internal pipeline statistics summary:
-------------------------------------
Query model(s):                            1  (843 nodes)
Target sequences:                       4286  (1314671 residues searched)
Passed MSV filter:                        72  (0.0167989); expected 85.7 (0.02)
Passed bias filter:                       67  (0.0156323); expected 85.7 (0.02)
Passed Vit filter:                        12  (0.00279981); expected 4.3 (0.001)
Passed Fwd filter:                         5  (0.00116659); expected 0.0 (1e-05)
Initial search space (Z):               4286  [actual number of targets]
Domain search space  (domZ):               1  [number of targets reported over threshold]
# CPU time: 0.12u 0.02s 00:00:00.13 Elapsed: 00:00:00.15
# Mc/sec: 7369.76
//
Query:       TIGR00398  [M=530]
Accession:   TIGR00398
Description: metG: methionine--tRNA ligase
Scores for complete sequences (score includes all domains):
   --- full sequence ---   --- best 1 domain ---    -#dom-
    E-value  score  bias    E-value  score  bias    exp  N  Sequence           Description
    ------- ------ -----    ------- ------ -----   ---- --  --------           -----------
   1.4e-154  513.6   0.0   5.4e-153  508.4   0.0    2.0  1  NZ_CP092483.1_2108  # 2174391 # 2175941 # -1 # ID=1_2108;partial=00;start_type=ATG;rbs_motif=GGA/GAG/AGG;rbs_spacer=5-10bp;gc_cont=0.617


Domain annotation for each sequence:
>> NZ_CP092483.1_2108  # 2174391 # 2175941 # -1 # ID=1_2108;partial=00;start_type=ATG;rbs_motif=GGA/GAG/AGG;rbs_spacer=5-10bp;gc_cont=0.617
   #    score  bias  c-Evalue  i-Evalue hmmfrom  hmm to    alifrom  ali to    envfrom  env to     acc
 ---   ------ ----- --------- --------- ------- -------    ------- -------    ------- -------    ----
   1 !  508.4   0.0  1.3e-156  5.4e-153       1     511 [.       6     487 ..       6     512 .. 0.94



Internal pipeline statistics summary:
-------------------------------------
Query model(s):                            1  (530 nodes)
Target sequences:                       4286  (1314671 residues searched)
Passed MSV filter:                        55  (0.0128325); expected 85.7 (0.02)
Passed bias filter:                       51  (0.0118992); expected 85.7 (0.02)
Passed Vit filter:                        10  (0.00233318); expected 4.3 (0.001)
Passed Fwd filter:                         7  (0.00163322); expected 0.0 (1e-05)
Initial search space (Z):               4286  [actual number of targets]
Domain search space  (domZ):               1  [number of targets reported over threshold]
# CPU time: 0.09u 0.00s 00:00:00.09 Elapsed: 00:00:00.10
# Mc/sec: 6707.37
//
Query:       TIGR00405  [M=145]
Accession:   TIGR00405
Description: KOW_elon_Spt5: transcription elongation factor Spt5
Scores for complete sequences (score includes all domains):
   --- full sequence ---   --- best 1 domain ---    -#dom-
    E-value  score  bias    E-value  score  bias    exp  N  Sequence Description
    ------- ------ -----    ------- ------ -----   ---- --  -------- -----------

   [No hits detected that satisfy reporting thresholds]


Domain annotation for each sequence:

   [No targets detected that satisfy reporting thresholds]


Internal pipeline statistics summary:
-------------------------------------
Query model(s):                            1  (145 nodes)
Target sequences:                       4286  (1314671 residues searched)
Passed MSV filter:                       104  (0.024265); expected 85.7 (0.02)
Passed bias filter:                       83  (0.0193654); expected 85.7 (0.02)
Passed Vit filter:                         9  (0.00209986); expected 4.3 (0.001)
Passed Fwd filter:                         1  (0.000233318); expected 0.0 (1e-05)
Initial search space (Z):               4286  [actual number of targets]
Domain search space  (domZ):               0  [number of targets reported over threshold]
# CPU time: 0.02u 0.00s 00:00:00.02 Elapsed: 00:00:00.01
# Mc/sec: 13033.39
//
Query:       TIGR00414  [M=418]
Accession:   TIGR00414
Description: serS: serine--tRNA ligase
Scores for complete sequences (score includes all domains):
   --- full sequence ---   --- best 1 domain ---    -#dom-
    E-value  score  bias    E-value  score  bias    exp  N  Sequence           Description
    ------- ------ -----    ------- ------ -----   ---- --  --------           -----------
   7.4e-152  504.0   0.0   8.3e-152  503.9   0.0    1.0  1  NZ_CP092483.1_1686  # 1776586 # 1777914 # 1 # ID=1_1686;partial=00;start_type=ATG;rbs_motif=None;rbs_spacer=None;gc_cont=0.631


Domain annotation for each sequence:
>> NZ_CP092483.1_1686  # 1776586 # 1777914 # 1 # ID=1_1686;partial=00;start_type=ATG;rbs_motif=None;rbs_spacer=None;gc_cont=0.631
   #    score  bias  c-Evalue  i-Evalue hmmfrom  hmm to    alifrom  ali to    envfrom  env to     acc
 ---   ------ ----- --------- --------- ------- -------    ------- -------    ------- -------    ----
   1 !  503.9   0.0  1.9e-155  8.3e-152       1     418 []       1     433 [.       1     433 [. 0.97



Internal pipeline statistics summary:
-------------------------------------
Query model(s):                            1  (418 nodes)
Target sequences:                       4286  (1314671 residues searched)
Passed MSV filter:                       102  (0.0237984); expected 85.7 (0.02)
Passed bias filter:                       92  (0.0214652); expected 85.7 (0.02)
Passed Vit filter:                        12  (0.00279981); expected 4.3 (0.001)
Passed Fwd filter:                         4  (0.000933271); expected 0.0 (1e-05)
Initial search space (Z):               4286  [actual number of targets]
Domain search space  (domZ):               1  [number of targets reported over threshold]
# CPU time: 0.05u 0.00s 00:00:00.05 Elapsed: 00:00:00.05
# Mc/sec: 9225.25
//
Query:       TIGR00416  [M=454]
Accession:   TIGR00416
Description: sms: DNA repair protein RadA
Scores for complete sequences (score includes all domains):
   --- full sequence ---   --- best 1 domain ---    -#dom-
    E-value  score  bias    E-value  score  bias    exp  N  Sequence           Description
    ------- ------ -----    ------- ------ -----   ---- --  --------           -----------
   2.4e-165  548.6   0.1   2.7e-165  548.4   0.1    1.0  1  NZ_CP092483.1_1370  # 1414477 # 1415892 # -1 # ID=1_1370;partial=00;start_type=ATG;rbs_motif=3Base/5BMM;rbs_spacer=13-15bp;gc_cont=0.669


Domain annotation for each sequence:
>> NZ_CP092483.1_1370  # 1414477 # 1415892 # -1 # ID=1_1370;partial=00;start_type=ATG;rbs_motif=3Base/5BMM;rbs_spacer=13-15bp;gc_cont=0.669
   #    score  bias  c-Evalue  i-Evalue hmmfrom  hmm to    alifrom  ali to    envfrom  env to     acc
 ---   ------ ----- --------- --------- ------- -------    ------- -------    ------- -------    ----
   1 !  548.4   0.1  6.4e-169  2.7e-165       1     452 [.       6     452 ..       6     454 .. 0.94



Internal pipeline statistics summary:
-------------------------------------
Query model(s):                            1  (454 nodes)
Target sequences:                       4286  (1314671 residues searched)
Passed MSV filter:                       226  (0.0527298); expected 85.7 (0.02)
Passed bias filter:                      205  (0.0478301); expected 85.7 (0.02)
Passed Vit filter:                        49  (0.0114326); expected 4.3 (0.001)
Passed Fwd filter:                         8  (0.00186654); expected 0.0 (1e-05)
Initial search space (Z):               4286  [actual number of targets]
Domain search space  (domZ):               1  [number of targets reported over threshold]
# CPU time: 0.08u 0.00s 00:00:00.08 Elapsed: 00:00:00.08
# Mc/sec: 7019.38
//
Query:       TIGR00420  [M=351]
Accession:   TIGR00420
Description: trmU: tRNA (5-methylaminomethyl-2-thiouridylate)-methyltransferase
Scores for complete sequences (score includes all domains):
   --- full sequence ---   --- best 1 domain ---    -#dom-
    E-value  score  bias    E-value  score  bias    exp  N  Sequence           Description
    ------- ------ -----    ------- ------ -----   ---- --  --------           -----------
    3.2e-97  323.4   0.0    3.6e-97  323.2   0.0    1.0  1  NZ_CP092483.1_3212  # 3278260 # 3279411 # -1 # ID=1_3212;partial=00;start_type=ATG;rbs_motif=GGA/GAG/AGG;rbs_spacer=5-10bp;gc_cont=0.652


Domain annotation for each sequence:
>> NZ_CP092483.1_3212  # 3278260 # 3279411 # -1 # ID=1_3212;partial=00;start_type=ATG;rbs_motif=GGA/GAG/AGG;rbs_spacer=5-10bp;gc_cont=0.652
   #    score  bias  c-Evalue  i-Evalue hmmfrom  hmm to    alifrom  ali to    envfrom  env to     acc
 ---   ------ ----- --------- --------- ------- -------    ------- -------    ------- -------    ----
   1 !  323.2   0.0  8.5e-101   3.6e-97       2     351 .]      15     373 ..      14     373 .. 0.93



Internal pipeline statistics summary:
-------------------------------------
Query model(s):                            1  (351 nodes)
Target sequences:                       4286  (1314671 residues searched)
Passed MSV filter:                        65  (0.0151657); expected 85.7 (0.02)
Passed bias filter:                       64  (0.0149323); expected 85.7 (0.02)
Passed Vit filter:                        12  (0.00279981); expected 4.3 (0.001)
Passed Fwd filter:                         3  (0.000699953); expected 0.0 (1e-05)
Initial search space (Z):               4286  [actual number of targets]
Domain search space  (domZ):               1  [number of targets reported over threshold]
# CPU time: 0.04u 0.01s 00:00:00.05 Elapsed: 00:00:00.04
# Mc/sec: 11435.51
//
Query:       TIGR00431  [M=210]
Accession:   TIGR00431
Description: TruB: tRNA pseudouridine(55) synthase
Scores for complete sequences (score includes all domains):
   --- full sequence ---   --- best 1 domain ---    -#dom-
    E-value  score  bias    E-value  score  bias    exp  N  Sequence          Description
    ------- ------ -----    ------- ------ -----   ---- --  --------          -----------
    4.9e-65  217.0   0.0    5.9e-65  216.8   0.0    1.1  1  NZ_CP092483.1_151  # 149971 # 150873 # -1 # ID=1_151;partial=00;start_type=TTG;rbs_motif=AGGA/GGAG/GAGG;rbs_spacer=11-12bp;gc_cont=0.652


Domain annotation for each sequence:
>> NZ_CP092483.1_151  # 149971 # 150873 # -1 # ID=1_151;partial=00;start_type=TTG;rbs_motif=AGGA/GGAG/GAGG;rbs_spacer=11-12bp;gc_cont=0.652
   #    score  bias  c-Evalue  i-Evalue hmmfrom  hmm to    alifrom  ali to    envfrom  env to     acc
 ---   ------ ----- --------- --------- ------- -------    ------- -------    ------- -------    ----
   1 !  216.8   0.0   1.4e-68   5.9e-65       2     210 .]      12     219 ..      11     219 .. 0.98



Internal pipeline statistics summary:
-------------------------------------
Query model(s):                            1  (210 nodes)
Target sequences:                       4286  (1314671 residues searched)
Passed MSV filter:                        78  (0.0181988); expected 85.7 (0.02)
Passed bias filter:                       72  (0.0167989); expected 85.7 (0.02)
Passed Vit filter:                         8  (0.00186654); expected 4.3 (0.001)
Passed Fwd filter:                         1  (0.000233318); expected 0.0 (1e-05)
Initial search space (Z):               4286  [actual number of targets]
Domain search space  (domZ):               1  [number of targets reported over threshold]
# CPU time: 0.02u 0.00s 00:00:00.02 Elapsed: 00:00:00.04
# Mc/sec: 6171.99
//
Query:       TIGR00435  [M=466]
Accession:   TIGR00435
Description: cysS: cysteine--tRNA ligase
Scores for complete sequences (score includes all domains):
   --- full sequence ---   --- best 1 domain ---    -#dom-
    E-value  score  bias    E-value  score  bias    exp  N  Sequence           Description
    ------- ------ -----    ------- ------ -----   ---- --  --------           -----------
   2.8e-133  443.3   0.0   4.1e-133  442.7   0.0    1.2  1  NZ_CP092483.1_1258  # 1296072 # 1297490 # 1 # ID=1_1258;partial=00;start_type=ATG;rbs_motif=GGAG/GAGG;rbs_spacer=5-10bp;gc_cont=0.640


Domain annotation for each sequence:
>> NZ_CP092483.1_1258  # 1296072 # 1297490 # 1 # ID=1_1258;partial=00;start_type=ATG;rbs_motif=GGAG/GAGG;rbs_spacer=5-10bp;gc_cont=0.640
   #    score  bias  c-Evalue  i-Evalue hmmfrom  hmm to    alifrom  ali to    envfrom  env to     acc
 ---   ------ ----- --------- --------- ------- -------    ------- -------    ------- -------    ----
   1 !  442.7   0.0  9.5e-137  4.1e-133       1     461 [.       8     461 ..       8     468 .. 0.90



Internal pipeline statistics summary:
-------------------------------------
Query model(s):                            1  (466 nodes)
Target sequences:                       4286  (1314671 residues searched)
Passed MSV filter:                        70  (0.0163322); expected 85.7 (0.02)
Passed bias filter:                       65  (0.0151657); expected 85.7 (0.02)
Passed Vit filter:                        13  (0.00303313); expected 4.3 (0.001)
Passed Fwd filter:                         7  (0.00163322); expected 0.0 (1e-05)
Initial search space (Z):               4286  [actual number of targets]
Domain search space  (domZ):               1  [number of targets reported over threshold]
# CPU time: 0.06u 0.00s 00:00:00.06 Elapsed: 00:00:00.07
# Mc/sec: 8044.85
//
Query:       TIGR00436  [M=270]
Accession:   TIGR00436
Description: era: GTP-binding protein Era
Scores for complete sequences (score includes all domains):
   --- full sequence ---   --- best 1 domain ---    -#dom-
    E-value  score  bias    E-value  score  bias    exp  N  Sequence           Description
    ------- ------ -----    ------- ------ -----   ---- --  --------           -----------
    2.4e-73  244.7   0.0    2.7e-73  244.6   0.0    1.0  1  NZ_CP092483.1_1496  # 1573929 # 1574852 # 1 # ID=1_1496;partial=00;start_type=ATG;rbs_motif=GGA/GAG/AGG;rbs_spacer=5-10bp;gc_cont=0.601
    3.1e-38  129.6   0.0    2.7e-19   67.4   0.0    2.1  0  NZ_CP092483.1_1363  # 1407106 # 1408566 # 1 # ID=1_1363;partial=00;start_type=ATG;rbs_motif=GGA/GAG/AGG;rbs_spacer=5-10bp;gc_cont=0.631


Domain annotation for each sequence:
>> NZ_CP092483.1_1496  # 1573929 # 1574852 # 1 # ID=1_1496;partial=00;start_type=ATG;rbs_motif=GGA/GAG/AGG;rbs_spacer=5-10bp;gc_cont=0.601
   #    score  bias  c-Evalue  i-Evalue hmmfrom  hmm to    alifrom  ali to    envfrom  env to     acc
 ---   ------ ----- --------- --------- ------- -------    ------- -------    ------- -------    ----
   1 !  244.6   0.0   1.2e-76   2.7e-73       1     270 []      13     283 ..      13     283 .. 0.99

>> NZ_CP092483.1_1363  # 1407106 # 1408566 # 1 # ID=1_1363;partial=00;start_type=ATG;rbs_motif=GGA/GAG/AGG;rbs_spacer=5-10bp;gc_cont=0.631
   [No individual domains that satisfy reporting thresholds (although complete target did)]



Internal pipeline statistics summary:
-------------------------------------
Query model(s):                            1  (270 nodes)
Target sequences:                       4286  (1314671 residues searched)
Passed MSV filter:                       240  (0.0559963); expected 85.7 (0.02)
Passed bias filter:                      236  (0.055063); expected 85.7 (0.02)
Passed Vit filter:                       122  (0.0284648); expected 4.3 (0.001)
Passed Fwd filter:                        18  (0.00419972); expected 0.0 (1e-05)
Initial search space (Z):               4286  [actual number of targets]
Domain search space  (domZ):               2  [number of targets reported over threshold]
# CPU time: 0.07u 0.00s 00:00:00.07 Elapsed: 00:00:00.07
# Mc/sec: 4653.20
//
Query:       TIGR00442  [M=406]
Accession:   TIGR00442
Description: hisS: histidine--tRNA ligase
Scores for complete sequences (score includes all domains):
   --- full sequence ---   --- best 1 domain ---    -#dom-
    E-value  score  bias    E-value  score  bias    exp  N  Sequence          Description
    ------- ------ -----    ------- ------ -----   ---- --  --------          -----------
   7.9e-114  378.7   0.0   9.6e-114  378.4   0.0    1.1  1  NZ_CP092483.1_777  # 800261 # 801757 # 1 # ID=1_777;partial=00;start_type=ATG;rbs_motif=AGGA;rbs_spacer=5-10bp;gc_cont=0.618


Domain annotation for each sequence:
>> NZ_CP092483.1_777  # 800261 # 801757 # 1 # ID=1_777;partial=00;start_type=ATG;rbs_motif=AGGA;rbs_spacer=5-10bp;gc_cont=0.618
   #    score  bias  c-Evalue  i-Evalue hmmfrom  hmm to    alifrom  ali to    envfrom  env to     acc
 ---   ------ ----- --------- --------- ------- -------    ------- -------    ------- -------    ----
   1 !  378.4   0.0  2.2e-117  9.6e-114       2     404 ..      12     464 ..      11     466 .. 0.91



Internal pipeline statistics summary:
-------------------------------------
Query model(s):                            1  (406 nodes)
Target sequences:                       4286  (1314671 residues searched)
Passed MSV filter:                        86  (0.0200653); expected 85.7 (0.02)
Passed bias filter:                       76  (0.0177322); expected 85.7 (0.02)
Passed Vit filter:                        15  (0.00349977); expected 4.3 (0.001)
Passed Fwd filter:                         6  (0.00139991); expected 0.0 (1e-05)
Initial search space (Z):               4286  [actual number of targets]
Domain search space  (domZ):               1  [number of targets reported over threshold]
# CPU time: 0.05u 0.00s 00:00:00.05 Elapsed: 00:00:00.05
# Mc/sec: 9331.01
//
Query:       TIGR00445  [M=321]
Accession:   TIGR00445
Description: mraY: phospho-N-acetylmuramoyl-pentapeptide-transferase
Scores for complete sequences (score includes all domains):
   --- full sequence ---   --- best 1 domain ---    -#dom-
    E-value  score  bias    E-value  score  bias    exp  N  Sequence           Description
    ------- ------ -----    ------- ------ -----   ---- --  --------           -----------
   2.2e-122  406.4  14.0   2.6e-122  406.2  14.0    1.0  1  NZ_CP092483.1_2710  # 2768958 # 2770043 # -1 # ID=1_2710;partial=00;start_type=ATG;rbs_motif=AGGA/GGAG/GAGG;rbs_spacer=11-12bp;gc_cont=0.622


Domain annotation for each sequence:
>> NZ_CP092483.1_2710  # 2768958 # 2770043 # -1 # ID=1_2710;partial=00;start_type=ATG;rbs_motif=AGGA/GGAG/GAGG;rbs_spacer=11-12bp;gc_cont=0.622
   #    score  bias  c-Evalue  i-Evalue hmmfrom  hmm to    alifrom  ali to    envfrom  env to     acc
 ---   ------ ----- --------- --------- ------- -------    ------- -------    ------- -------    ----
   1 !  406.2  14.0    6e-126  2.6e-122       3     321 .]      38     361 ..      36     361 .. 0.94



Internal pipeline statistics summary:
-------------------------------------
Query model(s):                            1  (321 nodes)
Target sequences:                       4286  (1314671 residues searched)
Passed MSV filter:                       182  (0.0424638); expected 85.7 (0.02)
Passed bias filter:                       57  (0.0132991); expected 85.7 (0.02)
Passed Vit filter:                         8  (0.00186654); expected 4.3 (0.001)
Passed Fwd filter:                         2  (0.000466636); expected 0.0 (1e-05)
Initial search space (Z):               4286  [actual number of targets]
Domain search space  (domZ):               1  [number of targets reported over threshold]
# CPU time: 0.03u 0.00s 00:00:00.03 Elapsed: 00:00:00.03
# Mc/sec: 11689.88
//
Query:       TIGR00448  [M=179]
Accession:   TIGR00448
Description: rpoE: DNA-directed RNA polymerase
Scores for complete sequences (score includes all domains):
   --- full sequence ---   --- best 1 domain ---    -#dom-
    E-value  score  bias    E-value  score  bias    exp  N  Sequence Description
    ------- ------ -----    ------- ------ -----   ---- --  -------- -----------

   [No hits detected that satisfy reporting thresholds]


Domain annotation for each sequence:

   [No targets detected that satisfy reporting thresholds]


Internal pipeline statistics summary:
-------------------------------------
Query model(s):                            1  (179 nodes)
Target sequences:                       4286  (1314671 residues searched)
Passed MSV filter:                        88  (0.020532); expected 85.7 (0.02)
Passed bias filter:                       83  (0.0193654); expected 85.7 (0.02)
Passed Vit filter:                         8  (0.00186654); expected 4.3 (0.001)
Passed Fwd filter:                         3  (0.000699953); expected 0.0 (1e-05)
Initial search space (Z):               4286  [actual number of targets]
Domain search space  (domZ):               0  [number of targets reported over threshold]
# CPU time: 0.04u 0.00s 00:00:00.04 Elapsed: 00:00:00.06
# Mc/sec: 3528.11
//
Query:       TIGR00456  [M=569]
Accession:   TIGR00456
Description: argS: arginine--tRNA ligase
Scores for complete sequences (score includes all domains):
   --- full sequence ---   --- best 1 domain ---    -#dom-
    E-value  score  bias    E-value  score  bias    exp  N  Sequence           Description
    ------- ------ -----    ------- ------ -----   ---- --  --------           -----------
   3.4e-109  363.6   0.0   1.1e-108  361.9   0.0    1.7  1  NZ_CP092483.1_1678  # 1767941 # 1769686 # 1 # ID=1_1678;partial=00;start_type=ATG;rbs_motif=GGA/GAG/AGG;rbs_spacer=5-10bp;gc_cont=0.625


Domain annotation for each sequence:
>> NZ_CP092483.1_1678  # 1767941 # 1769686 # 1 # ID=1_1678;partial=00;start_type=ATG;rbs_motif=GGA/GAG/AGG;rbs_spacer=5-10bp;gc_cont=0.625
   #    score  bias  c-Evalue  i-Evalue hmmfrom  hmm to    alifrom  ali to    envfrom  env to     acc
 ---   ------ ----- --------- --------- ------- -------    ------- -------    ------- -------    ----
   1 !  361.9   0.0  2.6e-112  1.1e-108       8     568 ..      14     579 ..       7     580 .. 0.90



Internal pipeline statistics summary:
-------------------------------------
Query model(s):                            1  (569 nodes)
Target sequences:                       4286  (1314671 residues searched)
Passed MSV filter:                        74  (0.0172655); expected 85.7 (0.02)
Passed bias filter:                       69  (0.0160989); expected 85.7 (0.02)
Passed Vit filter:                        14  (0.00326645); expected 4.3 (0.001)
Passed Fwd filter:                         3  (0.000699953); expected 0.0 (1e-05)
Initial search space (Z):               4286  [actual number of targets]
Domain search space  (domZ):               1  [number of targets reported over threshold]
# CPU time: 0.07u 0.00s 00:00:00.07 Elapsed: 00:00:00.08
# Mc/sec: 8912.40
//
Query:       TIGR00459  [M=586]
Accession:   TIGR00459
Description: aspS_bact: aspartate--tRNA ligase
Scores for complete sequences (score includes all domains):
   --- full sequence ---   --- best 1 domain ---    -#dom-
    E-value  score  bias    E-value  score  bias    exp  N  Sequence           Description
    ------- ------ -----    ------- ------ -----   ---- --  --------           -----------
   1.6e-179  595.9   0.0   1.9e-179  595.6   0.0    1.0  1  NZ_CP092483.1_2050  # 2113015 # 2114808 # 1 # ID=1_2050;partial=00;start_type=ATG;rbs_motif=GGA/GAG/AGG;rbs_spacer=5-10bp;gc_cont=0.625


Domain annotation for each sequence:
>> NZ_CP092483.1_2050  # 2113015 # 2114808 # 1 # ID=1_2050;partial=00;start_type=ATG;rbs_motif=GGA/GAG/AGG;rbs_spacer=5-10bp;gc_cont=0.625
   #    score  bias  c-Evalue  i-Evalue hmmfrom  hmm to    alifrom  ali to    envfrom  env to     acc
 ---   ------ ----- --------- --------- ------- -------    ------- -------    ------- -------    ----
   1 !  595.6   0.0  4.5e-183  1.9e-179       3     583 ..       7     593 ..       5     596 .. 0.96



Internal pipeline statistics summary:
-------------------------------------
Query model(s):                            1  (586 nodes)
Target sequences:                       4286  (1314671 residues searched)
Passed MSV filter:                        63  (0.014699); expected 85.7 (0.02)
Passed bias filter:                       55  (0.0128325); expected 85.7 (0.02)
Passed Vit filter:                        11  (0.0025665); expected 4.3 (0.001)
Passed Fwd filter:                         2  (0.000466636); expected 0.0 (1e-05)
Initial search space (Z):               4286  [actual number of targets]
Domain search space  (domZ):               1  [number of targets reported over threshold]
# CPU time: 0.06u 0.00s 00:00:00.06 Elapsed: 00:00:00.05
# Mc/sec: 12906.28
//
Query:       TIGR00460  [M=315]
Accession:   TIGR00460
Description: fmt: methionyl-tRNA formyltransferase
Scores for complete sequences (score includes all domains):
   --- full sequence ---   --- best 1 domain ---    -#dom-
    E-value  score  bias    E-value  score  bias    exp  N  Sequence          Description
    ------- ------ -----    ------- ------ -----   ---- --  --------          -----------
      1e-76  256.0   0.0    1.2e-76  255.7   0.0    1.0  1  NZ_CP092483.1_525  # 530200 # 531120 # -1 # ID=1_525;partial=00;start_type=ATG;rbs_motif=AGGAG;rbs_spacer=5-10bp;gc_cont=0.674


Domain annotation for each sequence:
>> NZ_CP092483.1_525  # 530200 # 531120 # -1 # ID=1_525;partial=00;start_type=ATG;rbs_motif=AGGAG;rbs_spacer=5-10bp;gc_cont=0.674
   #    score  bias  c-Evalue  i-Evalue hmmfrom  hmm to    alifrom  ali to    envfrom  env to     acc
 ---   ------ ----- --------- --------- ------- -------    ------- -------    ------- -------    ----
   1 !  255.7   0.0   2.9e-80   1.2e-76       1     304 [.       1     298 [.       1     303 [. 0.96



Internal pipeline statistics summary:
-------------------------------------
Query model(s):                            1  (315 nodes)
Target sequences:                       4286  (1314671 residues searched)
Passed MSV filter:                        83  (0.0193654); expected 85.7 (0.02)
Passed bias filter:                       77  (0.0179655); expected 85.7 (0.02)
Passed Vit filter:                         7  (0.00163322); expected 4.3 (0.001)
Passed Fwd filter:                         3  (0.000699953); expected 0.0 (1e-05)
Initial search space (Z):               4286  [actual number of targets]
Domain search space  (domZ):               1  [number of targets reported over threshold]
# CPU time: 0.04u 0.00s 00:00:00.04 Elapsed: 00:00:00.05
# Mc/sec: 8269.42
//
Query:       TIGR00468  [M=324]
Accession:   TIGR00468
Description: pheS: phenylalanine--tRNA ligase, alpha subunit
Scores for complete sequences (score includes all domains):
   --- full sequence ---   --- best 1 domain ---    -#dom-
    E-value  score  bias    E-value  score  bias    exp  N  Sequence         Description
    ------- ------ -----    ------- ------ -----   ---- --  --------         -----------
    7.4e-95  315.8   0.0    2.6e-93  310.7   0.0    2.2  1  NZ_CP092483.1_11  # 14549 # 15676 # -1 # ID=1_11;partial=00;start_type=ATG;rbs_motif=GGA/GAG/AGG;rbs_spacer=5-10bp;gc_cont=0.612


Domain annotation for each sequence:
>> NZ_CP092483.1_11  # 14549 # 15676 # -1 # ID=1_11;partial=00;start_type=ATG;rbs_motif=GGA/GAG/AGG;rbs_spacer=5-10bp;gc_cont=0.612
   #    score  bias  c-Evalue  i-Evalue hmmfrom  hmm to    alifrom  ali to    envfrom  env to     acc
 ---   ------ ----- --------- --------- ------- -------    ------- -------    ------- -------    ----
   1 !  310.7   0.0   6.2e-97   2.6e-93       7     321 ..      45     358 ..      39     360 .. 0.92



Internal pipeline statistics summary:
-------------------------------------
Query model(s):                            1  (324 nodes)
Target sequences:                       4286  (1314671 residues searched)
Passed MSV filter:                        77  (0.0179655); expected 85.7 (0.02)
Passed bias filter:                       74  (0.0172655); expected 85.7 (0.02)
Passed Vit filter:                        14  (0.00326645); expected 4.3 (0.001)
Passed Fwd filter:                         2  (0.000466636); expected 0.0 (1e-05)
Initial search space (Z):               4286  [actual number of targets]
Domain search space  (domZ):               1  [number of targets reported over threshold]
# CPU time: 0.04u 0.00s 00:00:00.04 Elapsed: 00:00:00.05
# Mc/sec: 7974.26
//
Query:       TIGR00472  [M=798]
Accession:   TIGR00472
Description: pheT_bact: phenylalanine--tRNA ligase, beta subunit
Scores for complete sequences (score includes all domains):
   --- full sequence ---   --- best 1 domain ---    -#dom-
    E-value  score  bias    E-value  score  bias    exp  N  Sequence        Description
    ------- ------ -----    ------- ------ -----   ---- --  --------        -----------
   4.9e-207  687.7   0.0   5.5e-207  687.6   0.0    1.0  1  NZ_CP092483.1_9  # 10850 # 13300 # -1 # ID=1_9;partial=00;start_type=ATG;rbs_motif=GGA/GAG/AGG;rbs_spacer=5-10bp;gc_cont=0.650


Domain annotation for each sequence:
>> NZ_CP092483.1_9  # 10850 # 13300 # -1 # ID=1_9;partial=00;start_type=ATG;rbs_motif=GGA/GAG/AGG;rbs_spacer=5-10bp;gc_cont=0.650
   #    score  bias  c-Evalue  i-Evalue hmmfrom  hmm to    alifrom  ali to    envfrom  env to     acc
 ---   ------ ----- --------- --------- ------- -------    ------- -------    ------- -------    ----
   1 !  687.6   0.0  1.3e-210  5.5e-207       1     798 []       1     815 [.       1     815 [. 0.93



Internal pipeline statistics summary:
-------------------------------------
Query model(s):                            1  (798 nodes)
Target sequences:                       4286  (1314671 residues searched)
Passed MSV filter:                        67  (0.0156323); expected 85.7 (0.02)
Passed bias filter:                       65  (0.0151657); expected 85.7 (0.02)
Passed Vit filter:                        10  (0.00233318); expected 4.3 (0.001)
Passed Fwd filter:                         1  (0.000233318); expected 0.0 (1e-05)
Initial search space (Z):               4286  [actual number of targets]
Domain search space  (domZ):               1  [number of targets reported over threshold]
# CPU time: 0.08u 0.00s 00:00:00.08 Elapsed: 00:00:00.08
# Mc/sec: 11704.09
//
Query:       TIGR00483  [M=427]
Accession:   TIGR00483
Description: EF-1_alpha: translation elongation factor EF-1, subunit alpha
Scores for complete sequences (score includes all domains):
   --- full sequence ---   --- best 1 domain ---    -#dom-
    E-value  score  bias    E-value  score  bias    exp  N  Sequence Description
    ------- ------ -----    ------- ------ -----   ---- --  -------- -----------

   [No hits detected that satisfy reporting thresholds]


Domain annotation for each sequence:

   [No targets detected that satisfy reporting thresholds]


Internal pipeline statistics summary:
-------------------------------------
Query model(s):                            1  (427 nodes)
Target sequences:                       4286  (1314671 residues searched)
Passed MSV filter:                        97  (0.0226318); expected 85.7 (0.02)
Passed bias filter:                       83  (0.0193654); expected 85.7 (0.02)
Passed Vit filter:                        11  (0.0025665); expected 4.3 (0.001)
Passed Fwd filter:                         8  (0.00186654); expected 0.0 (1e-05)
Initial search space (Z):               4286  [actual number of targets]
Domain search space  (domZ):               0  [number of targets reported over threshold]
# CPU time: 0.09u 0.00s 00:00:00.09 Elapsed: 00:00:00.10
# Mc/sec: 5109.92
//
Query:       TIGR00487  [M=587]
Accession:   TIGR00487
Description: IF-2: translation initiation factor IF-2
Scores for complete sequences (score includes all domains):
   --- full sequence ---   --- best 1 domain ---    -#dom-
    E-value  score  bias    E-value  score  bias    exp  N  Sequence           Description
    ------- ------ -----    ------- ------ -----   ---- --  --------           -----------
   5.7e-243  805.8  25.1   7.1e-243  805.5  25.1    1.1  1  NZ_CP092483.1_4248  # 4317388 # 4320294 # -1 # ID=1_4248;partial=00;start_type=ATG;rbs_motif=GGA/GAG/AGG;rbs_spacer=11-12bp;gc_cont=0.664


Domain annotation for each sequence:
>> NZ_CP092483.1_4248  # 4317388 # 4320294 # -1 # ID=1_4248;partial=00;start_type=ATG;rbs_motif=GGA/GAG/AGG;rbs_spacer=11-12bp;gc_cont=0.664
   #    score  bias  c-Evalue  i-Evalue hmmfrom  hmm to    alifrom  ali to    envfrom  env to     acc
 ---   ------ ----- --------- --------- ------- -------    ------- -------    ------- -------    ----
   1 !  805.5  25.1  1.7e-246  7.1e-243       3     586 ..     385     968 ..     383     968 .. 0.98



Internal pipeline statistics summary:
-------------------------------------
Query model(s):                            1  (587 nodes)
Target sequences:                       4286  (1314671 residues searched)
Passed MSV filter:                       135  (0.0314979); expected 85.7 (0.02)
Passed bias filter:                       97  (0.0226318); expected 85.7 (0.02)
Passed Vit filter:                        21  (0.00489967); expected 4.3 (0.001)
Passed Fwd filter:                        11  (0.0025665); expected 0.0 (1e-05)
Initial search space (Z):               4286  [actual number of targets]
Domain search space  (domZ):               1  [number of targets reported over threshold]
# CPU time: 0.11u 0.00s 00:00:00.11 Elapsed: 00:00:00.10
# Mc/sec: 7460.52
//
Query:       TIGR00491  [M=594]
Accession:   TIGR00491
Description: aIF-2: translation initiation factor aIF-2
Scores for complete sequences (score includes all domains):
   --- full sequence ---   --- best 1 domain ---    -#dom-
    E-value  score  bias    E-value  score  bias    exp  N  Sequence Description
    ------- ------ -----    ------- ------ -----   ---- --  -------- -----------

   [No hits detected that satisfy reporting thresholds]


Domain annotation for each sequence:

   [No targets detected that satisfy reporting thresholds]


Internal pipeline statistics summary:
-------------------------------------
Query model(s):                            1  (594 nodes)
Target sequences:                       4286  (1314671 residues searched)
Passed MSV filter:                       112  (0.0261316); expected 85.7 (0.02)
Passed bias filter:                       98  (0.0228651); expected 85.7 (0.02)
Passed Vit filter:                        14  (0.00326645); expected 4.3 (0.001)
Passed Fwd filter:                         8  (0.00186654); expected 0.0 (1e-05)
Initial search space (Z):               4286  [actual number of targets]
Domain search space  (domZ):               0  [number of targets reported over threshold]
# CPU time: 0.09u 0.00s 00:00:00.09 Elapsed: 00:00:00.10
# Mc/sec: 7323.79
//
Query:       TIGR00496  [M=176]
Accession:   TIGR00496
Description: frr: ribosome recycling factor
Scores for complete sequences (score includes all domains):
   --- full sequence ---   --- best 1 domain ---    -#dom-
    E-value  score  bias    E-value  score  bias    exp  N  Sequence           Description
    ------- ------ -----    ------- ------ -----   ---- --  --------           -----------
    2.1e-61  204.5   0.3    2.4e-61  204.3   0.3    1.0  1  NZ_CP092483.1_2153  # 2227451 # 2228005 # -1 # ID=1_2153;partial=00;start_type=ATG;rbs_motif=AGGA;rbs_spacer=5-10bp;gc_cont=0.650


Domain annotation for each sequence:
>> NZ_CP092483.1_2153  # 2227451 # 2228005 # -1 # ID=1_2153;partial=00;start_type=ATG;rbs_motif=AGGA;rbs_spacer=5-10bp;gc_cont=0.650
   #    score  bias  c-Evalue  i-Evalue hmmfrom  hmm to    alifrom  ali to    envfrom  env to     acc
 ---   ------ ----- --------- --------- ------- -------    ------- -------    ------- -------    ----
   1 !  204.3   0.3   5.6e-65   2.4e-61       1     176 []       9     184 ..       9     184 .. 0.99



Internal pipeline statistics summary:
-------------------------------------
Query model(s):                            1  (176 nodes)
Target sequences:                       4286  (1314671 residues searched)
Passed MSV filter:                        57  (0.0132991); expected 85.7 (0.02)
Passed bias filter:                       50  (0.0116659); expected 85.7 (0.02)
Passed Vit filter:                         5  (0.00116659); expected 4.3 (0.001)
Passed Fwd filter:                         1  (0.000233318); expected 0.0 (1e-05)
Initial search space (Z):               4286  [actual number of targets]
Domain search space  (domZ):               1  [number of targets reported over threshold]
# CPU time: 0.02u 0.00s 00:00:00.02 Elapsed: 00:00:00.02
# Mc/sec: 8762.27
//
Query:       TIGR00522  [M=258]
Accession:   TIGR00522
Description: dph5: diphthine synthase
Scores for complete sequences (score includes all domains):
   --- full sequence ---   --- best 1 domain ---    -#dom-
    E-value  score  bias    E-value  score  bias    exp  N  Sequence Description
    ------- ------ -----    ------- ------ -----   ---- --  -------- -----------

   [No hits detected that satisfy reporting thresholds]


Domain annotation for each sequence:

   [No targets detected that satisfy reporting thresholds]


Internal pipeline statistics summary:
-------------------------------------
Query model(s):                            1  (258 nodes)
Target sequences:                       4286  (1314671 residues searched)
Passed MSV filter:                        83  (0.0193654); expected 85.7 (0.02)
Passed bias filter:                       71  (0.0165656); expected 85.7 (0.02)
Passed Vit filter:                         7  (0.00163322); expected 4.3 (0.001)
Passed Fwd filter:                         1  (0.000233318); expected 0.0 (1e-05)
Initial search space (Z):               4286  [actual number of targets]
Domain search space  (domZ):               0  [number of targets reported over threshold]
# CPU time: 0.03u 0.01s 00:00:00.04 Elapsed: 00:00:00.05
# Mc/sec: 6747.92
//
Query:       TIGR00539  [M=361]
Accession:   TIGR00539
Description: hemN_rel: putative oxygen-independent coproporphyrinogen III oxidase
Scores for complete sequences (score includes all domains):
   --- full sequence ---   --- best 1 domain ---    -#dom-
    E-value  score  bias    E-value  score  bias    exp  N  Sequence           Description
    ------- ------ -----    ------- ------ -----   ---- --  --------           -----------
    4.9e-86  286.9   0.0    6.1e-86  286.6   0.0    1.0  1  NZ_CP092483.1_4195  # 4264353 # 4265510 # 1 # ID=1_4195;partial=00;start_type=TTG;rbs_motif=GGAG/GAGG;rbs_spacer=5-10bp;gc_cont=0.627


Domain annotation for each sequence:
>> NZ_CP092483.1_4195  # 4264353 # 4265510 # 1 # ID=1_4195;partial=00;start_type=TTG;rbs_motif=GGAG/GAGG;rbs_spacer=5-10bp;gc_cont=0.627
   #    score  bias  c-Evalue  i-Evalue hmmfrom  hmm to    alifrom  ali to    envfrom  env to     acc
 ---   ------ ----- --------- --------- ------- -------    ------- -------    ------- -------    ----
   1 !  286.6   0.0   1.4e-89   6.1e-86       3     337 ..      11     353 ..       9     368 .. 0.92



Internal pipeline statistics summary:
-------------------------------------
Query model(s):                            1  (361 nodes)
Target sequences:                       4286  (1314671 residues searched)
Passed MSV filter:                        79  (0.0184321); expected 85.7 (0.02)
Passed bias filter:                       75  (0.0174988); expected 85.7 (0.02)
Passed Vit filter:                        13  (0.00303313); expected 4.3 (0.001)
Passed Fwd filter:                         3  (0.000699953); expected 0.0 (1e-05)
Initial search space (Z):               4286  [actual number of targets]
Domain search space  (domZ):               1  [number of targets reported over threshold]
# CPU time: 0.04u 0.00s 00:00:00.04 Elapsed: 00:00:00.04
# Mc/sec: 11407.60
//
Query:       TIGR00580  [M=923]
Accession:   TIGR00580
Description: mfd: transcription-repair coupling factor
Scores for complete sequences (score includes all domains):
   --- full sequence ---   --- best 1 domain ---    -#dom-
    E-value  score  bias    E-value  score  bias    exp  N  Sequence           Description
    ------- ------ -----    ------- ------ -----   ---- --  --------           -----------
          0 1021.2   0.0          0 1021.0   0.0    1.0  1  NZ_CP092483.1_1738  # 1828224 # 1831709 # 1 # ID=1_1738;partial=00;start_type=ATG;rbs_motif=GGA/GAG/AGG;rbs_spacer=5-10bp;gc_cont=0.636


Domain annotation for each sequence:
>> NZ_CP092483.1_1738  # 1828224 # 1831709 # 1 # ID=1_1738;partial=00;start_type=ATG;rbs_motif=GGA/GAG/AGG;rbs_spacer=5-10bp;gc_cont=0.636
   #    score  bias  c-Evalue  i-Evalue hmmfrom  hmm to    alifrom  ali to    envfrom  env to     acc
 ---   ------ ----- --------- --------- ------- -------    ------- -------    ------- -------    ----
   1 ! 1021.0   0.0         0         0       3     922 ..     150    1089 ..     148    1090 .. 0.92



Internal pipeline statistics summary:
-------------------------------------
Query model(s):                            1  (923 nodes)
Target sequences:                       4286  (1314671 residues searched)
Passed MSV filter:                       119  (0.0277648); expected 85.7 (0.02)
Passed bias filter:                       92  (0.0214652); expected 85.7 (0.02)
Passed Vit filter:                        18  (0.00419972); expected 4.3 (0.001)
Passed Fwd filter:                         8  (0.00186654); expected 0.0 (1e-05)
Initial search space (Z):               4286  [actual number of targets]
Domain search space  (domZ):               1  [number of targets reported over threshold]
# CPU time: 0.13u 0.00s 00:00:00.13 Elapsed: 00:00:00.15
# Mc/sec: 8086.93
//
Query:       TIGR00593  [M=890]
Accession:   TIGR00593
Description: pola: DNA polymerase I
Scores for complete sequences (score includes all domains):
   --- full sequence ---   --- best 1 domain ---    -#dom-
    E-value  score  bias    E-value  score  bias    exp  N  Sequence          Description
    ------- ------ -----    ------- ------ -----   ---- --  --------          -----------
   2.9e-268  890.8   0.0   3.3e-268  890.5   0.0    1.0  1  NZ_CP092483.1_319  # 308364 # 311279 # -1 # ID=1_319;partial=00;start_type=ATG;rbs_motif=GGA/GAG/AGG;rbs_spacer=5-10bp;gc_cont=0.650


Domain annotation for each sequence:
>> NZ_CP092483.1_319  # 308364 # 311279 # -1 # ID=1_319;partial=00;start_type=ATG;rbs_motif=GGA/GAG/AGG;rbs_spacer=5-10bp;gc_cont=0.650
   #    score  bias  c-Evalue  i-Evalue hmmfrom  hmm to    alifrom  ali to    envfrom  env to     acc
 ---   ------ ----- --------- --------- ------- -------    ------- -------    ------- -------    ----
   1 !  890.5   0.0  7.8e-272  3.3e-268       1     890 []       3     971 ..       3     971 .. 0.88



Internal pipeline statistics summary:
-------------------------------------
Query model(s):                            1  (890 nodes)
Target sequences:                       4286  (1314671 residues searched)
Passed MSV filter:                       123  (0.0286981); expected 85.7 (0.02)
Passed bias filter:                       93  (0.0216986); expected 85.7 (0.02)
Passed Vit filter:                        13  (0.00303313); expected 4.3 (0.001)
Passed Fwd filter:                         2  (0.000466636); expected 0.0 (1e-05)
Initial search space (Z):               4286  [actual number of targets]
Domain search space  (domZ):               1  [number of targets reported over threshold]
# CPU time: 0.10u 0.00s 00:00:00.10 Elapsed: 00:00:00.12
# Mc/sec: 9738.11
//
Query:       TIGR00615  [M=196]
Accession:   TIGR00615
Description: recR: recombination protein RecR
Scores for complete sequences (score includes all domains):
   --- full sequence ---   --- best 1 domain ---    -#dom-
    E-value  score  bias    E-value  score  bias    exp  N  Sequence          Description
    ------- ------ -----    ------- ------ -----   ---- --  --------          -----------
      3e-57  191.2   0.0    3.5e-57  190.9   0.0    1.0  1  NZ_CP092483.1_529  # 533810 # 534406 # -1 # ID=1_529;partial=00;start_type=ATG;rbs_motif=None;rbs_spacer=None;gc_cont=0.663


Domain annotation for each sequence:
>> NZ_CP092483.1_529  # 533810 # 534406 # -1 # ID=1_529;partial=00;start_type=ATG;rbs_motif=None;rbs_spacer=None;gc_cont=0.663
   #    score  bias  c-Evalue  i-Evalue hmmfrom  hmm to    alifrom  ali to    envfrom  env to     acc
 ---   ------ ----- --------- --------- ------- -------    ------- -------    ------- -------    ----
   1 !  190.9   0.0   8.2e-61   3.5e-57       5     195 ..       6     195 ..       3     196 .. 0.97



Internal pipeline statistics summary:
-------------------------------------
Query model(s):                            1  (196 nodes)
Target sequences:                       4286  (1314671 residues searched)
Passed MSV filter:                        64  (0.0149323); expected 85.7 (0.02)
Passed bias filter:                       57  (0.0132991); expected 85.7 (0.02)
Passed Vit filter:                         9  (0.00209986); expected 4.3 (0.001)
Passed Fwd filter:                         2  (0.000466636); expected 0.0 (1e-05)
Initial search space (Z):               4286  [actual number of targets]
Domain search space  (domZ):               1  [number of targets reported over threshold]
# CPU time: 0.02u 0.00s 00:00:00.02 Elapsed: 00:00:00.04
# Mc/sec: 6075.67
//
Query:       TIGR00631  [M=658]
Accession:   TIGR00631
Description: uvrb: excinuclease ABC subunit B
Scores for complete sequences (score includes all domains):
   --- full sequence ---   --- best 1 domain ---    -#dom-
    E-value  score  bias    E-value  score  bias    exp  N  Sequence           Description
    ------- ------ -----    ------- ------ -----   ---- --  --------           -----------
          0 1010.7   0.1          0 1010.1   0.1    1.2  1  NZ_CP092483.1_2780  # 2831886 # 2834525 # 1 # ID=1_2780;partial=00;start_type=ATG;rbs_motif=GGA/GAG/AGG;rbs_spacer=5-10bp;gc_cont=0.637


Domain annotation for each sequence:
>> NZ_CP092483.1_2780  # 2831886 # 2834525 # 1 # ID=1_2780;partial=00;start_type=ATG;rbs_motif=GGA/GAG/AGG;rbs_spacer=5-10bp;gc_cont=0.637
   #    score  bias  c-Evalue  i-Evalue hmmfrom  hmm to    alifrom  ali to    envfrom  env to     acc
 ---   ------ ----- --------- --------- ------- -------    ------- -------    ------- -------    ----
   1 ! 1010.1   0.1         0         0       2     658 .]     212     867 ..     211     867 .. 0.98



Internal pipeline statistics summary:
-------------------------------------
Query model(s):                            1  (658 nodes)
Target sequences:                       4286  (1314671 residues searched)
Passed MSV filter:                       155  (0.0361643); expected 85.7 (0.02)
Passed bias filter:                      141  (0.0328978); expected 85.7 (0.02)
Passed Vit filter:                        24  (0.00559963); expected 4.3 (0.001)
Passed Fwd filter:                        11  (0.0025665); expected 0.0 (1e-05)
Initial search space (Z):               4286  [actual number of targets]
Domain search space  (domZ):               1  [number of targets reported over threshold]
# CPU time: 0.11u 0.01s 00:00:00.12 Elapsed: 00:00:00.13
# Mc/sec: 6564.29
//
Query:       TIGR00634  [M=563]
Accession:   TIGR00634
Description: recN: DNA repair protein RecN
Scores for complete sequences (score includes all domains):
   --- full sequence ---   --- best 1 domain ---    -#dom-
    E-value  score  bias    E-value  score  bias    exp  N  Sequence           Description
    ------- ------ -----    ------- ------ -----   ---- --  --------           -----------
     3e-134  446.9  11.9   3.3e-134  446.7  11.9    1.0  1  NZ_CP092483.1_2697  # 2753900 # 2755570 # -1 # ID=1_2697;partial=00;start_type=ATG;rbs_motif=GGA/GAG/AGG;rbs_spacer=5-10bp;gc_cont=0.670


Domain annotation for each sequence:
>> NZ_CP092483.1_2697  # 2753900 # 2755570 # -1 # ID=1_2697;partial=00;start_type=ATG;rbs_motif=GGA/GAG/AGG;rbs_spacer=5-10bp;gc_cont=0.670
   #    score  bias  c-Evalue  i-Evalue hmmfrom  hmm to    alifrom  ali to    envfrom  env to     acc
 ---   ------ ----- --------- --------- ------- -------    ------- -------    ------- -------    ----
   1 !  446.7  11.9  7.8e-138  3.3e-134       1     562 [.       1     553 [.       1     554 [. 0.94



Internal pipeline statistics summary:
-------------------------------------
Query model(s):                            1  (563 nodes)
Target sequences:                       4286  (1314671 residues searched)
Passed MSV filter:                       262  (0.0611293); expected 85.7 (0.02)
Passed bias filter:                      188  (0.0438637); expected 85.7 (0.02)
Passed Vit filter:                        54  (0.0125992); expected 4.3 (0.001)
Passed Fwd filter:                         9  (0.00209986); expected 0.0 (1e-05)
Initial search space (Z):               4286  [actual number of targets]
Domain search space  (domZ):               1  [number of targets reported over threshold]
# CPU time: 0.09u 0.00s 00:00:00.09 Elapsed: 00:00:00.10
# Mc/sec: 7368.75
//
Query:       TIGR00635  [M=305]
Accession:   TIGR00635
Description: ruvB: Holliday junction DNA helicase RuvB
Scores for complete sequences (score includes all domains):
   --- full sequence ---   --- best 1 domain ---    -#dom-
    E-value  score  bias    E-value  score  bias    exp  N  Sequence           Description
    ------- ------ -----    ------- ------ -----   ---- --  --------           -----------
   1.1e-134  446.2   0.0   1.3e-134  446.0   0.0    1.0  1  NZ_CP092483.1_3279  # 3345273 # 3346310 # -1 # ID=1_3279;partial=00;start_type=TTG;rbs_motif=GGAG/GAGG;rbs_spacer=5-10bp;gc_cont=0.658


Domain annotation for each sequence:
>> NZ_CP092483.1_3279  # 3345273 # 3346310 # -1 # ID=1_3279;partial=00;start_type=TTG;rbs_motif=GGAG/GAGG;rbs_spacer=5-10bp;gc_cont=0.658
   #    score  bias  c-Evalue  i-Evalue hmmfrom  hmm to    alifrom  ali to    envfrom  env to     acc
 ---   ------ ----- --------- --------- ------- -------    ------- -------    ------- -------    ----
   1 !  446.0   0.0    3e-138  1.3e-134       3     304 ..      24     325 ..      22     326 .. 0.99



Internal pipeline statistics summary:
-------------------------------------
Query model(s):                            1  (305 nodes)
Target sequences:                       4286  (1314671 residues searched)
Passed MSV filter:                       280  (0.065329); expected 85.7 (0.02)
Passed bias filter:                      251  (0.0585628); expected 85.7 (0.02)
Passed Vit filter:                        94  (0.0219319); expected 4.3 (0.001)
Passed Fwd filter:                        14  (0.00326645); expected 0.0 (1e-05)
Initial search space (Z):               4286  [actual number of targets]
Domain search space  (domZ):               1  [number of targets reported over threshold]
# CPU time: 0.08u 0.00s 00:00:00.08 Elapsed: 00:00:00.10
# Mc/sec: 3901.97
//
Query:       TIGR00643  [M=629]
Accession:   TIGR00643
Description: recG: ATP-dependent DNA helicase RecG
Scores for complete sequences (score includes all domains):
   --- full sequence ---   --- best 1 domain ---    -#dom-
    E-value  score  bias    E-value  score  bias    exp  N  Sequence           Description
    ------- ------ -----    ------- ------ -----   ---- --  --------           -----------
   6.5e-195  647.3   0.0     8e-195  647.0   0.0    1.0  1  NZ_CP092483.1_1735  # 1824534 # 1826642 # -1 # ID=1_1735;partial=00;start_type=TTG;rbs_motif=GGAGG;rbs_spacer=5-10bp;gc_cont=0.645


Domain annotation for each sequence:
>> NZ_CP092483.1_1735  # 1824534 # 1826642 # -1 # ID=1_1735;partial=00;start_type=TTG;rbs_motif=GGAGG;rbs_spacer=5-10bp;gc_cont=0.645
   #    score  bias  c-Evalue  i-Evalue hmmfrom  hmm to    alifrom  ali to    envfrom  env to     acc
 ---   ------ ----- --------- --------- ------- -------    ------- -------    ------- -------    ----
   1 !  647.0   0.0  1.9e-198    8e-195       8     629 .]      44     665 ..      39     665 .. 0.95



Internal pipeline statistics summary:
-------------------------------------
Query model(s):                            1  (629 nodes)
Target sequences:                       4286  (1314671 residues searched)
Passed MSV filter:                       136  (0.0317312); expected 85.7 (0.02)
Passed bias filter:                      124  (0.0289314); expected 85.7 (0.02)
Passed Vit filter:                        23  (0.00536631); expected 4.3 (0.001)
Passed Fwd filter:                         8  (0.00186654); expected 0.0 (1e-05)
Initial search space (Z):               4286  [actual number of targets]
Domain search space  (domZ):               1  [number of targets reported over threshold]
# CPU time: 0.11u 0.00s 00:00:00.11 Elapsed: 00:00:00.12
# Mc/sec: 6808.85
//
Query:       TIGR00663  [M=367]
Accession:   TIGR00663
Description: dnan: DNA polymerase III, beta subunit
Scores for complete sequences (score includes all domains):
   --- full sequence ---   --- best 1 domain ---    -#dom-
    E-value  score  bias    E-value  score  bias    exp  N  Sequence          Description
    ------- ------ -----    ------- ------ -----   ---- --  --------          -----------
    1.4e-93  311.7   0.0    1.6e-93  311.5   0.0    1.0  1  NZ_CP092483.1_109  # 106162 # 107283 # 1 # ID=1_109;partial=00;start_type=ATG;rbs_motif=GGA/GAG/AGG;rbs_spacer=5-10bp;gc_cont=0.624


Domain annotation for each sequence:
>> NZ_CP092483.1_109  # 106162 # 107283 # 1 # ID=1_109;partial=00;start_type=ATG;rbs_motif=GGA/GAG/AGG;rbs_spacer=5-10bp;gc_cont=0.624
   #    score  bias  c-Evalue  i-Evalue hmmfrom  hmm to    alifrom  ali to    envfrom  env to     acc
 ---   ------ ----- --------- --------- ------- -------    ------- -------    ------- -------    ----
   1 !  311.5   0.0   3.6e-97   1.6e-93       1     366 [.       1     372 [.       1     373 [. 0.95



Internal pipeline statistics summary:
-------------------------------------
Query model(s):                            1  (367 nodes)
Target sequences:                       4286  (1314671 residues searched)
Passed MSV filter:                        55  (0.0128325); expected 85.7 (0.02)
Passed bias filter:                       50  (0.0116659); expected 85.7 (0.02)
Passed Vit filter:                         3  (0.000699953); expected 4.3 (0.001)
Passed Fwd filter:                         1  (0.000233318); expected 0.0 (1e-05)
Initial search space (Z):               4286  [actual number of targets]
Domain search space  (domZ):               1  [number of targets reported over threshold]
# CPU time: 0.03u 0.00s 00:00:00.03 Elapsed: 00:00:00.02
# Mc/sec: 19301.03
//
Query:       TIGR00717  [M=516]
Accession:   TIGR00717
Description: rpsA: ribosomal protein bS1
Scores for complete sequences (score includes all domains):
   --- full sequence ---   --- best 1 domain ---    -#dom-
    E-value  score  bias    E-value  score  bias    exp  N  Sequence           Description
    ------- ------ -----    ------- ------ -----   ---- --  --------           -----------
   2.6e-190  631.2  15.3     3e-190  631.0  15.3    1.0  1  NZ_CP092483.1_4272  # 4339871 # 4341574 # 1 # ID=1_4272;partial=00;start_type=TTG;rbs_motif=GGAG/GAGG;rbs_spacer=5-10bp;gc_cont=0.596


Domain annotation for each sequence:
>> NZ_CP092483.1_4272  # 4339871 # 4341574 # 1 # ID=1_4272;partial=00;start_type=TTG;rbs_motif=GGAG/GAGG;rbs_spacer=5-10bp;gc_cont=0.596
   #    score  bias  c-Evalue  i-Evalue hmmfrom  hmm to    alifrom  ali to    envfrom  env to     acc
 ---   ------ ----- --------- --------- ------- -------    ------- -------    ------- -------    ----
   1 !  631.0  15.3    7e-194    3e-190       1     516 []       9     530 ..       9     530 .. 0.98



Internal pipeline statistics summary:
-------------------------------------
Query model(s):                            1  (516 nodes)
Target sequences:                       4286  (1314671 residues searched)
Passed MSV filter:                       105  (0.0244984); expected 85.7 (0.02)
Passed bias filter:                       96  (0.0223985); expected 85.7 (0.02)
Passed Vit filter:                        17  (0.0039664); expected 4.3 (0.001)
Passed Fwd filter:                         4  (0.000933271); expected 0.0 (1e-05)
Initial search space (Z):               4286  [actual number of targets]
Domain search space  (domZ):               1  [number of targets reported over threshold]
# CPU time: 0.07u 0.00s 00:00:00.07 Elapsed: 00:00:00.08
# Mc/sec: 8367.19
//
Query:       TIGR00755  [M=256]
Accession:   TIGR00755
Description: ksgA: ribosomal RNA small subunit methyltransferase A
Scores for complete sequences (score includes all domains):
   --- full sequence ---   --- best 1 domain ---    -#dom-
    E-value  score  bias    E-value  score  bias    exp  N  Sequence           Description
    ------- ------ -----    ------- ------ -----   ---- --  --------           -----------
    3.9e-65  217.6   0.0    4.4e-65  217.4   0.0    1.0  1  NZ_CP092483.1_1390  # 1431971 # 1432819 # -1 # ID=1_1390;partial=00;start_type=ATG;rbs_motif=None;rbs_spacer=None;gc_cont=0.660


Domain annotation for each sequence:
>> NZ_CP092483.1_1390  # 1431971 # 1432819 # -1 # ID=1_1390;partial=00;start_type=ATG;rbs_motif=None;rbs_spacer=None;gc_cont=0.660
   #    score  bias  c-Evalue  i-Evalue hmmfrom  hmm to    alifrom  ali to    envfrom  env to     acc
 ---   ------ ----- --------- --------- ------- -------    ------- -------    ------- -------    ----
   1 !  217.4   0.0     1e-68   4.4e-65       2     255 ..      20     275 ..      19     276 .. 0.96



Internal pipeline statistics summary:
-------------------------------------
Query model(s):                            1  (256 nodes)
Target sequences:                       4286  (1314671 residues searched)
Passed MSV filter:                       102  (0.0237984); expected 85.7 (0.02)
Passed bias filter:                       98  (0.0228651); expected 85.7 (0.02)
Passed Vit filter:                        16  (0.00373308); expected 4.3 (0.001)
Passed Fwd filter:                        10  (0.00233318); expected 0.0 (1e-05)
Initial search space (Z):               4286  [actual number of targets]
Domain search space  (domZ):               1  [number of targets reported over threshold]
# CPU time: 0.03u 0.00s 00:00:00.03 Elapsed: 00:00:00.04
# Mc/sec: 7039.01
//
Query:       TIGR00810  [M=73]
Accession:   TIGR00810
Description: secG: preprotein translocase, SecG subunit
Scores for complete sequences (score includes all domains):
   --- full sequence ---   --- best 1 domain ---    -#dom-
    E-value  score  bias    E-value  score  bias    exp  N  Sequence           Description
    ------- ------ -----    ------- ------ -----   ---- --  --------           -----------
    3.2e-18   63.5  12.7    5.5e-18   62.7  11.0    1.9  1  NZ_CP092483.1_2125  # 2194975 # 2195469 # -1 # ID=1_2125;partial=00;start_type=ATG;rbs_motif=GGA/GAG/AGG;rbs_spacer=5-10bp;gc_cont=0.657


Domain annotation for each sequence:
>> NZ_CP092483.1_2125  # 2194975 # 2195469 # -1 # ID=1_2125;partial=00;start_type=ATG;rbs_motif=GGA/GAG/AGG;rbs_spacer=5-10bp;gc_cont=0.657
   #    score  bias  c-Evalue  i-Evalue hmmfrom  hmm to    alifrom  ali to    envfrom  env to     acc
 ---   ------ ----- --------- --------- ------- -------    ------- -------    ------- -------    ----
   1 !   62.7  11.0   1.3e-21   5.5e-18       2      72 ..       3      70 ..       2      71 .. 0.91



Internal pipeline statistics summary:
-------------------------------------
Query model(s):                            1  (73 nodes)
Target sequences:                       4286  (1314671 residues searched)
Passed MSV filter:                       407  (0.0949603); expected 85.7 (0.02)
Passed bias filter:                      108  (0.0251983); expected 85.7 (0.02)
Passed Vit filter:                        10  (0.00233318); expected 4.3 (0.001)
Passed Fwd filter:                         2  (0.000466636); expected 0.0 (1e-05)
Initial search space (Z):               4286  [actual number of targets]
Domain search space  (domZ):               1  [number of targets reported over threshold]
# CPU time: 0.03u 0.00s 00:00:00.03 Elapsed: 00:00:00.02
# Mc/sec: 3611.24
//
Query:       TIGR00922  [M=172]
Accession:   TIGR00922
Description: nusG: transcription termination/antitermination factor NusG
Scores for complete sequences (score includes all domains):
   --- full sequence ---   --- best 1 domain ---    -#dom-
    E-value  score  bias    E-value  score  bias    exp  N  Sequence           Description
    ------- ------ -----    ------- ------ -----   ---- --  --------           -----------
    4.5e-69  229.6   4.2    5.1e-69  229.4   4.2    1.0  1  NZ_CP092483.1_2264  # 2327091 # 2327621 # -1 # ID=1_2264;partial=00;start_type=ATG;rbs_motif=AGGAG/GGAGG;rbs_spacer=11-12bp;gc_cont=0.573


Domain annotation for each sequence:
>> NZ_CP092483.1_2264  # 2327091 # 2327621 # -1 # ID=1_2264;partial=00;start_type=ATG;rbs_motif=AGGAG/GGAGG;rbs_spacer=11-12bp;gc_cont=0.573
   #    score  bias  c-Evalue  i-Evalue hmmfrom  hmm to    alifrom  ali to    envfrom  env to     acc
 ---   ------ ----- --------- --------- ------- -------    ------- -------    ------- -------    ----
   1 !  229.4   4.2   1.2e-72   5.1e-69       1     172 []       5     176 ..       5     176 .. 1.00



Internal pipeline statistics summary:
-------------------------------------
Query model(s):                            1  (172 nodes)
Target sequences:                       4286  (1314671 residues searched)
Passed MSV filter:                        54  (0.0125992); expected 85.7 (0.02)
Passed bias filter:                       50  (0.0116659); expected 85.7 (0.02)
Passed Vit filter:                         3  (0.000699953); expected 4.3 (0.001)
Passed Fwd filter:                         2  (0.000466636); expected 0.0 (1e-05)
Initial search space (Z):               4286  [actual number of targets]
Domain search space  (domZ):               1  [number of targets reported over threshold]
# CPU time: 0.02u 0.00s 00:00:00.02 Elapsed: 00:00:00.03
# Mc/sec: 5920.91
//
Query:       TIGR00928  [M=436]
Accession:   TIGR00928
Description: purB: adenylosuccinate lyase
Scores for complete sequences (score includes all domains):
   --- full sequence ---   --- best 1 domain ---    -#dom-
    E-value  score  bias    E-value  score  bias    exp  N  Sequence           Description
    ------- ------ -----    ------- ------ -----   ---- --  --------           -----------
   7.1e-144  477.7   0.1     8e-144  477.5   0.1    1.0  1  NZ_CP092483.1_2471  # 2525542 # 2526870 # 1 # ID=1_2471;partial=00;start_type=ATG;rbs_motif=None;rbs_spacer=None;gc_cont=0.637


Domain annotation for each sequence:
>> NZ_CP092483.1_2471  # 2525542 # 2526870 # 1 # ID=1_2471;partial=00;start_type=ATG;rbs_motif=None;rbs_spacer=None;gc_cont=0.637
   #    score  bias  c-Evalue  i-Evalue hmmfrom  hmm to    alifrom  ali to    envfrom  env to     acc
 ---   ------ ----- --------- --------- ------- -------    ------- -------    ------- -------    ----
   1 !  477.5   0.1  1.9e-147    8e-144       1     436 []       1     441 [.       1     441 [. 0.95



Internal pipeline statistics summary:
-------------------------------------
Query model(s):                            1  (436 nodes)
Target sequences:                       4286  (1314671 residues searched)
Passed MSV filter:                        81  (0.0188987); expected 85.7 (0.02)
Passed bias filter:                       68  (0.0158656); expected 85.7 (0.02)
Passed Vit filter:                         9  (0.00209986); expected 4.3 (0.001)
Passed Fwd filter:                         4  (0.000933271); expected 0.0 (1e-05)
Initial search space (Z):               4286  [actual number of targets]
Domain search space  (domZ):               1  [number of targets reported over threshold]
# CPU time: 0.05u 0.00s 00:00:00.05 Elapsed: 00:00:00.06
# Mc/sec: 9458.97
//
Query:       TIGR00959  [M=428]
Accession:   TIGR00959
Description: ffh: signal recognition particle protein
Scores for complete sequences (score includes all domains):
   --- full sequence ---   --- best 1 domain ---    -#dom-
    E-value  score  bias    E-value  score  bias    exp  N  Sequence           Description
    ------- ------ -----    ------- ------ -----   ---- --  --------           -----------
   1.8e-177  588.3  15.9   2.4e-177  588.0  15.9    1.1  1  NZ_CP092483.1_4049  # 4130918 # 4132501 # -1 # ID=1_4049;partial=00;start_type=ATG;rbs_motif=AGGA;rbs_spacer=5-10bp;gc_cont=0.636


Domain annotation for each sequence:
>> NZ_CP092483.1_4049  # 4130918 # 4132501 # -1 # ID=1_4049;partial=00;start_type=ATG;rbs_motif=AGGA;rbs_spacer=5-10bp;gc_cont=0.636
   #    score  bias  c-Evalue  i-Evalue hmmfrom  hmm to    alifrom  ali to    envfrom  env to     acc
 ---   ------ ----- --------- --------- ------- -------    ------- -------    ------- -------    ----
   1 !  588.0  15.9  5.5e-181  2.4e-177       1     428 []       2     429 ..       2     429 .. 1.00



Internal pipeline statistics summary:
-------------------------------------
Query model(s):                            1  (428 nodes)
Target sequences:                       4286  (1314671 residues searched)
Passed MSV filter:                       245  (0.0571629); expected 85.7 (0.02)
Passed bias filter:                      197  (0.0459636); expected 85.7 (0.02)
Passed Vit filter:                        30  (0.00699953); expected 4.3 (0.001)
Passed Fwd filter:                         4  (0.000933271); expected 0.0 (1e-05)
Initial search space (Z):               4286  [actual number of targets]
Domain search space  (domZ):               1  [number of targets reported over threshold]
# CPU time: 0.06u 0.00s 00:00:00.06 Elapsed: 00:00:00.06
# Mc/sec: 8602.22
//
Query:       TIGR00963  [M=787]
Accession:   TIGR00963
Description: secA: preprotein translocase, SecA subunit
Scores for complete sequences (score includes all domains):
   --- full sequence ---   --- best 1 domain ---    -#dom-
    E-value  score  bias    E-value  score  bias    exp  N  Sequence           Description
    ------- ------ -----    ------- ------ -----   ---- --  --------           -----------
          0 1080.2   5.4          0 1080.0   5.4    1.0  1  NZ_CP092483.1_3711  # 3792216 # 3794960 # -1 # ID=1_3711;partial=00;start_type=ATG;rbs_motif=AGGA;rbs_spacer=5-10bp;gc_cont=0.621


Domain annotation for each sequence:
>> NZ_CP092483.1_3711  # 3792216 # 3794960 # -1 # ID=1_3711;partial=00;start_type=ATG;rbs_motif=AGGA;rbs_spacer=5-10bp;gc_cont=0.621
   #    score  bias  c-Evalue  i-Evalue hmmfrom  hmm to    alifrom  ali to    envfrom  env to     acc
 ---   ------ ----- --------- --------- ------- -------    ------- -------    ------- -------    ----
   1 ! 1080.0   5.4         0         0       1     786 [.      29     820 ..      29     821 .. 0.95



Internal pipeline statistics summary:
-------------------------------------
Query model(s):                            1  (787 nodes)
Target sequences:                       4286  (1314671 residues searched)
Passed MSV filter:                        91  (0.0212319); expected 85.7 (0.02)
Passed bias filter:                       69  (0.0160989); expected 85.7 (0.02)
Passed Vit filter:                         9  (0.00209986); expected 4.3 (0.001)
Passed Fwd filter:                         1  (0.000233318); expected 0.0 (1e-05)
Initial search space (Z):               4286  [actual number of targets]
Domain search space  (domZ):               1  [number of targets reported over threshold]
# CPU time: 0.08u 0.00s 00:00:00.08 Elapsed: 00:00:00.07
# Mc/sec: 13089.26
//
Query:       TIGR00964  [M=57]
Accession:   TIGR00964
Description: secE_bact: preprotein translocase, SecE subunit
Scores for complete sequences (score includes all domains):
   --- full sequence ---   --- best 1 domain ---    -#dom-
    E-value  score  bias    E-value  score  bias    exp  N  Sequence           Description
    ------- ------ -----    ------- ------ -----   ---- --  --------           -----------
    1.9e-20   70.4   1.5    2.2e-20   70.3   1.5    1.0  1  NZ_CP092483.1_2265  # 2327660 # 2327857 # -1 # ID=1_2265;partial=00;start_type=ATG;rbs_motif=GGA/GAG/AGG;rbs_spacer=11-12bp;gc_cont=0.576


Domain annotation for each sequence:
>> NZ_CP092483.1_2265  # 2327660 # 2327857 # -1 # ID=1_2265;partial=00;start_type=ATG;rbs_motif=GGA/GAG/AGG;rbs_spacer=11-12bp;gc_cont=0.576
   #    score  bias  c-Evalue  i-Evalue hmmfrom  hmm to    alifrom  ali to    envfrom  env to     acc
 ---   ------ ----- --------- --------- ------- -------    ------- -------    ------- -------    ----
   1 !   70.3   1.5   5.1e-24   2.2e-20       3      55 ..       8      60 ..       6      62 .. 0.95



Internal pipeline statistics summary:
-------------------------------------
Query model(s):                            1  (57 nodes)
Target sequences:                       4286  (1314671 residues searched)
Passed MSV filter:                       262  (0.0611293); expected 85.7 (0.02)
Passed bias filter:                      131  (0.0305646); expected 85.7 (0.02)
Passed Vit filter:                         9  (0.00209986); expected 4.3 (0.001)
Passed Fwd filter:                         1  (0.000233318); expected 0.0 (1e-05)
Initial search space (Z):               4286  [actual number of targets]
Domain search space  (domZ):               1  [number of targets reported over threshold]
# CPU time: 0.02u 0.00s 00:00:00.02 Elapsed: 00:00:00.03
# Mc/sec: 2024.92
//
Query:       TIGR00967  [M=414]
Accession:   TIGR00967
Description: 3a0501s007: preprotein translocase, SecY subunit
Scores for complete sequences (score includes all domains):
   --- full sequence ---   --- best 1 domain ---    -#dom-
    E-value  score  bias    E-value  score  bias    exp  N  Sequence           Description
    ------- ------ -----    ------- ------ -----   ---- --  --------           -----------
   4.4e-125  415.7  21.6   5.3e-125  415.4  21.6    1.0  1  NZ_CP092483.1_2225  # 2294552 # 2295889 # -1 # ID=1_2225;partial=00;start_type=ATG;rbs_motif=GGAG/GAGG;rbs_spacer=5-10bp;gc_cont=0.590


Domain annotation for each sequence:
>> NZ_CP092483.1_2225  # 2294552 # 2295889 # -1 # ID=1_2225;partial=00;start_type=ATG;rbs_motif=GGAG/GAGG;rbs_spacer=5-10bp;gc_cont=0.590
   #    score  bias  c-Evalue  i-Evalue hmmfrom  hmm to    alifrom  ali to    envfrom  env to     acc
 ---   ------ ----- --------- --------- ------- -------    ------- -------    ------- -------    ----
   1 !  415.4  21.6  1.2e-128  5.3e-125       2     414 .]      25     430 ..      24     430 .. 0.95



Internal pipeline statistics summary:
-------------------------------------
Query model(s):                            1  (414 nodes)
Target sequences:                       4286  (1314671 residues searched)
Passed MSV filter:                       234  (0.0545964); expected 85.7 (0.02)
Passed bias filter:                       79  (0.0184321); expected 85.7 (0.02)
Passed Vit filter:                         5  (0.00116659); expected 4.3 (0.001)
Passed Fwd filter:                         2  (0.000466636); expected 0.0 (1e-05)
Initial search space (Z):               4286  [actual number of targets]
Domain search space  (domZ):               1  [number of targets reported over threshold]
# CPU time: 0.04u 0.00s 00:00:00.04 Elapsed: 00:00:00.05
# Mc/sec: 10253.37
//
Query:       TIGR00982  [M=139]
Accession:   TIGR00982
Description: uS12_E_A: ribosomal protein uS12
Scores for complete sequences (score includes all domains):
   --- full sequence ---   --- best 1 domain ---    -#dom-
    E-value  score  bias    E-value  score  bias    exp  N  Sequence Description
    ------- ------ -----    ------- ------ -----   ---- --  -------- -----------

   [No hits detected that satisfy reporting thresholds]


Domain annotation for each sequence:

   [No targets detected that satisfy reporting thresholds]


Internal pipeline statistics summary:
-------------------------------------
Query model(s):                            1  (139 nodes)
Target sequences:                       4286  (1314671 residues searched)
Passed MSV filter:                        88  (0.020532); expected 85.7 (0.02)
Passed bias filter:                       78  (0.0181988); expected 85.7 (0.02)
Passed Vit filter:                         2  (0.000466636); expected 4.3 (0.001)
Passed Fwd filter:                         1  (0.000233318); expected 0.0 (1e-05)
Initial search space (Z):               4286  [actual number of targets]
Domain search space  (domZ):               0  [number of targets reported over threshold]
# CPU time: 0.03u 0.00s 00:00:00.03 Elapsed: 00:00:00.03
# Mc/sec: 5468.16
//
Query:       TIGR01008  [M=195]
Accession:   TIGR01008
Description: uS3_euk_arch: ribosomal protein uS3
Scores for complete sequences (score includes all domains):
   --- full sequence ---   --- best 1 domain ---    -#dom-
    E-value  score  bias    E-value  score  bias    exp  N  Sequence Description
    ------- ------ -----    ------- ------ -----   ---- --  -------- -----------

   [No hits detected that satisfy reporting thresholds]


Domain annotation for each sequence:

   [No targets detected that satisfy reporting thresholds]


Internal pipeline statistics summary:
-------------------------------------
Query model(s):                            1  (195 nodes)
Target sequences:                       4286  (1314671 residues searched)
Passed MSV filter:                       150  (0.0349977); expected 85.7 (0.02)
Passed bias filter:                      124  (0.0289314); expected 85.7 (0.02)
Passed Vit filter:                        12  (0.00279981); expected 4.3 (0.001)
Passed Fwd filter:                         1  (0.000233318); expected 0.0 (1e-05)
Initial search space (Z):               4286  [actual number of targets]
Domain search space  (domZ):               0  [number of targets reported over threshold]
# CPU time: 0.02u 0.01s 00:00:00.03 Elapsed: 00:00:00.02
# Mc/sec: 11741.53
//
Query:       TIGR01009  [M=212]
Accession:   TIGR01009
Description: rpsC_bact: ribosomal protein uS3
Scores for complete sequences (score includes all domains):
   --- full sequence ---   --- best 1 domain ---    -#dom-
    E-value  score  bias    E-value  score  bias    exp  N  Sequence           Description
    ------- ------ -----    ------- ------ -----   ---- --  --------           -----------
    8.7e-97  320.9   2.4      1e-96  320.7   2.4    1.0  1  NZ_CP092483.1_2239  # 2301146 # 2301886 # -1 # ID=1_2239;partial=00;start_type=ATG;rbs_motif=AGGAG;rbs_spacer=5-10bp;gc_cont=0.630


Domain annotation for each sequence:
>> NZ_CP092483.1_2239  # 2301146 # 2301886 # -1 # ID=1_2239;partial=00;start_type=ATG;rbs_motif=AGGAG;rbs_spacer=5-10bp;gc_cont=0.630
   #    score  bias  c-Evalue  i-Evalue hmmfrom  hmm to    alifrom  ali to    envfrom  env to     acc
 ---   ------ ----- --------- --------- ------- -------    ------- -------    ------- -------    ----
   1 !  320.7   2.4  2.3e-100     1e-96       1     210 [.       1     209 [.       1     211 [. 0.99



Internal pipeline statistics summary:
-------------------------------------
Query model(s):                            1  (212 nodes)
Target sequences:                       4286  (1314671 residues searched)
Passed MSV filter:                       119  (0.0277648); expected 85.7 (0.02)
Passed bias filter:                      103  (0.0240317); expected 85.7 (0.02)
Passed Vit filter:                         8  (0.00186654); expected 4.3 (0.001)
Passed Fwd filter:                         2  (0.000466636); expected 0.0 (1e-05)
Initial search space (Z):               4286  [actual number of targets]
Domain search space  (domZ):               1  [number of targets reported over threshold]
# CPU time: 0.02u 0.01s 00:00:00.03 Elapsed: 00:00:00.03
# Mc/sec: 8048.54
//
Query:       TIGR01011  [M=225]
Accession:   TIGR01011
Description: rpsB_bact: ribosomal protein uS2
Scores for complete sequences (score includes all domains):
   --- full sequence ---   --- best 1 domain ---    -#dom-
    E-value  score  bias    E-value  score  bias    exp  N  Sequence           Description
    ------- ------ -----    ------- ------ -----   ---- --  --------           -----------
    4.5e-99  328.2   0.0    5.2e-99  327.9   0.0    1.0  1  NZ_CP092483.1_2156  # 2230055 # 2230828 # -1 # ID=1_2156;partial=00;start_type=ATG;rbs_motif=AGGAG;rbs_spacer=5-10bp;gc_cont=0.623


Domain annotation for each sequence:
>> NZ_CP092483.1_2156  # 2230055 # 2230828 # -1 # ID=1_2156;partial=00;start_type=ATG;rbs_motif=AGGAG;rbs_spacer=5-10bp;gc_cont=0.623
   #    score  bias  c-Evalue  i-Evalue hmmfrom  hmm to    alifrom  ali to    envfrom  env to     acc
 ---   ------ ----- --------- --------- ------- -------    ------- -------    ------- -------    ----
   1 !  327.9   0.0  1.2e-102   5.2e-99       3     222 ..       7     225 ..       5     228 .. 0.98



Internal pipeline statistics summary:
-------------------------------------
Query model(s):                            1  (225 nodes)
Target sequences:                       4286  (1314671 residues searched)
Passed MSV filter:                        88  (0.020532); expected 85.7 (0.02)
Passed bias filter:                       80  (0.0186654); expected 85.7 (0.02)
Passed Vit filter:                        11  (0.0025665); expected 4.3 (0.001)
Passed Fwd filter:                         1  (0.000233318); expected 0.0 (1e-05)
Initial search space (Z):               4286  [actual number of targets]
Domain search space  (domZ):               1  [number of targets reported over threshold]
# CPU time: 0.02u 0.00s 00:00:00.02 Elapsed: 00:00:00.02
# Mc/sec: 10794.03
//
Query:       TIGR01012  [M=196]
Accession:   TIGR01012
Description: uS2_euk_arch: ribosomal protein uS2
Scores for complete sequences (score includes all domains):
   --- full sequence ---   --- best 1 domain ---    -#dom-
    E-value  score  bias    E-value  score  bias    exp  N  Sequence Description
    ------- ------ -----    ------- ------ -----   ---- --  -------- -----------

   [No hits detected that satisfy reporting thresholds]


Domain annotation for each sequence:

   [No targets detected that satisfy reporting thresholds]


Internal pipeline statistics summary:
-------------------------------------
Query model(s):                            1  (196 nodes)
Target sequences:                       4286  (1314671 residues searched)
Passed MSV filter:                       123  (0.0286981); expected 85.7 (0.02)
Passed bias filter:                      117  (0.0272982); expected 85.7 (0.02)
Passed Vit filter:                         5  (0.00116659); expected 4.3 (0.001)
Passed Fwd filter:                         1  (0.000233318); expected 0.0 (1e-05)
Initial search space (Z):               4286  [actual number of targets]
Domain search space  (domZ):               0  [number of targets reported over threshold]
# CPU time: 0.03u 0.00s 00:00:00.03 Elapsed: 00:00:00.04
# Mc/sec: 5969.12
//
Query:       TIGR01017  [M=200]
Accession:   TIGR01017
Description: rpsD_bact: ribosomal protein uS4
Scores for complete sequences (score includes all domains):
   --- full sequence ---   --- best 1 domain ---    -#dom-
    E-value  score  bias    E-value  score  bias    exp  N  Sequence           Description
    ------- ------ -----    ------- ------ -----   ---- --  --------           -----------
    4.3e-72  239.9   0.1    4.8e-72  239.8   0.1    1.0  1  NZ_CP092483.1_2504  # 2553028 # 2553645 # -1 # ID=1_2504;partial=00;start_type=ATG;rbs_motif=AGGA;rbs_spacer=5-10bp;gc_cont=0.615


Domain annotation for each sequence:
>> NZ_CP092483.1_2504  # 2553028 # 2553645 # -1 # ID=1_2504;partial=00;start_type=ATG;rbs_motif=AGGA;rbs_spacer=5-10bp;gc_cont=0.615
   #    score  bias  c-Evalue  i-Evalue hmmfrom  hmm to    alifrom  ali to    envfrom  env to     acc
 ---   ------ ----- --------- --------- ------- -------    ------- -------    ------- -------    ----
   1 !  239.8   0.1   1.1e-75   4.8e-72       5     200 .]       7     205 ..       3     205 .. 0.94



Internal pipeline statistics summary:
-------------------------------------
Query model(s):                            1  (200 nodes)
Target sequences:                       4286  (1314671 residues searched)
Passed MSV filter:                        65  (0.0151657); expected 85.7 (0.02)
Passed bias filter:                       60  (0.0139991); expected 85.7 (0.02)
Passed Vit filter:                         9  (0.00209986); expected 4.3 (0.001)
Passed Fwd filter:                         3  (0.000699953); expected 0.0 (1e-05)
Initial search space (Z):               4286  [actual number of targets]
Domain search space  (domZ):               1  [number of targets reported over threshold]
# CPU time: 0.02u 0.00s 00:00:00.02 Elapsed: 00:00:00.03
# Mc/sec: 8103.74
//
Query:       TIGR01018  [M=162]
Accession:   TIGR01018
Description: uS4_arch: ribosomal protein uS4
Scores for complete sequences (score includes all domains):
   --- full sequence ---   --- best 1 domain ---    -#dom-
    E-value  score  bias    E-value  score  bias    exp  N  Sequence Description
    ------- ------ -----    ------- ------ -----   ---- --  -------- -----------

   [No hits detected that satisfy reporting thresholds]


Domain annotation for each sequence:

   [No targets detected that satisfy reporting thresholds]


Internal pipeline statistics summary:
-------------------------------------
Query model(s):                            1  (162 nodes)
Target sequences:                       4286  (1314671 residues searched)
Passed MSV filter:                        90  (0.0209986); expected 85.7 (0.02)
Passed bias filter:                       81  (0.0188987); expected 85.7 (0.02)
Passed Vit filter:                         6  (0.00139991); expected 4.3 (0.001)
Passed Fwd filter:                         1  (0.000233318); expected 0.0 (1e-05)
Initial search space (Z):               4286  [actual number of targets]
Domain search space  (domZ):               0  [number of targets reported over threshold]
# CPU time: 0.02u 0.00s 00:00:00.02 Elapsed: 00:00:00.01
# Mc/sec: 14374.23
//
Query:       TIGR01020  [M=212]
Accession:   TIGR01020
Description: uS5_euk_arch: ribosomal protein uS5
Scores for complete sequences (score includes all domains):
   --- full sequence ---   --- best 1 domain ---    -#dom-
    E-value  score  bias    E-value  score  bias    exp  N  Sequence Description
    ------- ------ -----    ------- ------ -----   ---- --  -------- -----------

   [No hits detected that satisfy reporting thresholds]


Domain annotation for each sequence:

   [No targets detected that satisfy reporting thresholds]


Internal pipeline statistics summary:
-------------------------------------
Query model(s):                            1  (212 nodes)
Target sequences:                       4286  (1314671 residues searched)
Passed MSV filter:                        95  (0.0221652); expected 85.7 (0.02)
Passed bias filter:                       74  (0.0172655); expected 85.7 (0.02)
Passed Vit filter:                         6  (0.00139991); expected 4.3 (0.001)
Passed Fwd filter:                         1  (0.000233318); expected 0.0 (1e-05)
Initial search space (Z):               4286  [actual number of targets]
Domain search space  (domZ):               0  [number of targets reported over threshold]
# CPU time: 0.03u 0.00s 00:00:00.03 Elapsed: 00:00:00.03
# Mc/sec: 8731.32
//
Query:       TIGR01021  [M=156]
Accession:   TIGR01021
Description: rpsE_bact: ribosomal protein uS5
Scores for complete sequences (score includes all domains):
   --- full sequence ---   --- best 1 domain ---    -#dom-
    E-value  score  bias    E-value  score  bias    exp  N  Sequence           Description
    ------- ------ -----    ------- ------ -----   ---- --  --------           -----------
    5.2e-66  219.2   3.1      6e-66  219.0   3.1    1.0  1  NZ_CP092483.1_2228  # 2296750 # 2297283 # -1 # ID=1_2228;partial=00;start_type=ATG;rbs_motif=AGGA;rbs_spacer=5-10bp;gc_cont=0.637


Domain annotation for each sequence:
>> NZ_CP092483.1_2228  # 2296750 # 2297283 # -1 # ID=1_2228;partial=00;start_type=ATG;rbs_motif=AGGA;rbs_spacer=5-10bp;gc_cont=0.637
   #    score  bias  c-Evalue  i-Evalue hmmfrom  hmm to    alifrom  ali to    envfrom  env to     acc
 ---   ------ ----- --------- --------- ------- -------    ------- -------    ------- -------    ----
   1 !  219.0   3.1   1.4e-69     6e-66       2     156 .]      10     165 ..       9     165 .. 0.98



Internal pipeline statistics summary:
-------------------------------------
Query model(s):                            1  (156 nodes)
Target sequences:                       4286  (1314671 residues searched)
Passed MSV filter:                       178  (0.0415306); expected 85.7 (0.02)
Passed bias filter:                      128  (0.0298647); expected 85.7 (0.02)
Passed Vit filter:                        11  (0.0025665); expected 4.3 (0.001)
Passed Fwd filter:                         1  (0.000233318); expected 0.0 (1e-05)
Initial search space (Z):               4286  [actual number of targets]
Domain search space  (domZ):               1  [number of targets reported over threshold]
# CPU time: 0.02u 0.00s 00:00:00.02 Elapsed: 00:00:00.02
# Mc/sec: 7149.15
//
Query:       TIGR01028  [M=186]
Accession:   TIGR01028
Description: uS7_euk_arch: ribosomal protein uS7
Scores for complete sequences (score includes all domains):
   --- full sequence ---   --- best 1 domain ---    -#dom-
    E-value  score  bias    E-value  score  bias    exp  N  Sequence Description
    ------- ------ -----    ------- ------ -----   ---- --  -------- -----------

   [No hits detected that satisfy reporting thresholds]


Domain annotation for each sequence:

   [No targets detected that satisfy reporting thresholds]


Internal pipeline statistics summary:
-------------------------------------
Query model(s):                            1  (186 nodes)
Target sequences:                       4286  (1314671 residues searched)
Passed MSV filter:                        70  (0.0163322); expected 85.7 (0.02)
Passed bias filter:                       54  (0.0125992); expected 85.7 (0.02)
Passed Vit filter:                         4  (0.000933271); expected 4.3 (0.001)
Passed Fwd filter:                         1  (0.000233318); expected 0.0 (1e-05)
Initial search space (Z):               4286  [actual number of targets]
Domain search space  (domZ):               0  [number of targets reported over threshold]
# CPU time: 0.02u 0.00s 00:00:00.02 Elapsed: 00:00:00.01
# Mc/sec: 13708.88
//
Query:       TIGR01029  [M=154]
Accession:   TIGR01029
Description: rpsG_bact: ribosomal protein uS7
Scores for complete sequences (score includes all domains):
   --- full sequence ---   --- best 1 domain ---    -#dom-
    E-value  score  bias    E-value  score  bias    exp  N  Sequence           Description
    ------- ------ -----    ------- ------ -----   ---- --  --------           -----------
    4.7e-69  229.1   0.4    5.2e-69  229.0   0.4    1.0  1  NZ_CP092483.1_2249  # 2308831 # 2309301 # -1 # ID=1_2249;partial=00;start_type=ATG;rbs_motif=AGGAG;rbs_spacer=5-10bp;gc_cont=0.594


Domain annotation for each sequence:
>> NZ_CP092483.1_2249  # 2308831 # 2309301 # -1 # ID=1_2249;partial=00;start_type=ATG;rbs_motif=AGGAG;rbs_spacer=5-10bp;gc_cont=0.594
   #    score  bias  c-Evalue  i-Evalue hmmfrom  hmm to    alifrom  ali to    envfrom  env to     acc
 ---   ------ ----- --------- --------- ------- -------    ------- -------    ------- -------    ----
   1 !  229.0   0.4   1.2e-72   5.2e-69       1     154 []       3     156 ..       3     156 .. 1.00



Internal pipeline statistics summary:
-------------------------------------
Query model(s):                            1  (154 nodes)
Target sequences:                       4286  (1314671 residues searched)
Passed MSV filter:                        68  (0.0158656); expected 85.7 (0.02)
Passed bias filter:                       62  (0.0144657); expected 85.7 (0.02)
Passed Vit filter:                         9  (0.00209986); expected 4.3 (0.001)
Passed Fwd filter:                         2  (0.000466636); expected 0.0 (1e-05)
Initial search space (Z):               4286  [actual number of targets]
Domain search space  (domZ):               1  [number of targets reported over threshold]
# CPU time: 0.02u 0.01s 00:00:00.03 Elapsed: 00:00:00.03
# Mc/sec: 5343.71
//
Query:       TIGR01032  [M=114]
Accession:   TIGR01032
Description: rplT_bact: ribosomal protein bL20
Scores for complete sequences (score includes all domains):
   --- full sequence ---   --- best 1 domain ---    -#dom-
    E-value  score  bias    E-value  score  bias    exp  N  Sequence         Description
    ------- ------ -----    ------- ------ -----   ---- --  --------         -----------
    2.4e-46  154.6   5.0    2.8e-46  154.4   5.0    1.0  1  NZ_CP092483.1_12  # 15907 # 16308 # -1 # ID=1_12;partial=00;start_type=ATG;rbs_motif=GGA/GAG/AGG;rbs_spacer=5-10bp;gc_cont=0.602


Domain annotation for each sequence:
>> NZ_CP092483.1_12  # 15907 # 16308 # -1 # ID=1_12;partial=00;start_type=ATG;rbs_motif=GGA/GAG/AGG;rbs_spacer=5-10bp;gc_cont=0.602
   #    score  bias  c-Evalue  i-Evalue hmmfrom  hmm to    alifrom  ali to    envfrom  env to     acc
 ---   ------ ----- --------- --------- ------- -------    ------- -------    ------- -------    ----
   1 !  154.4   5.0   6.5e-50   2.8e-46       1     114 []       1     114 [.       1     114 [. 0.99



Internal pipeline statistics summary:
-------------------------------------
Query model(s):                            1  (114 nodes)
Target sequences:                       4286  (1314671 residues searched)
Passed MSV filter:                        89  (0.0207653); expected 85.7 (0.02)
Passed bias filter:                       74  (0.0172655); expected 85.7 (0.02)
Passed Vit filter:                         8  (0.00186654); expected 4.3 (0.001)
Passed Fwd filter:                         1  (0.000233318); expected 0.0 (1e-05)
Initial search space (Z):               4286  [actual number of targets]
Domain search space  (domZ):               1  [number of targets reported over threshold]
# CPU time: 0.01u 0.00s 00:00:00.01 Elapsed: 00:00:00.02
# Mc/sec: 6145.32
//
Query:       TIGR01039  [M=462]
Accession:   TIGR01039
Description: atpD: ATP synthase F1, beta subunit
Scores for complete sequences (score includes all domains):
   --- full sequence ---   --- best 1 domain ---    -#dom-
    E-value  score  bias    E-value  score  bias    exp  N  Sequence           Description
    ------- ------ -----    ------- ------ -----   ---- --  --------           -----------
   4.7e-242  801.6   6.0   5.4e-242  801.4   6.0    1.0  1  NZ_CP092483.1_3989  # 4079111 # 4080550 # -1 # ID=1_3989;partial=00;start_type=ATG;rbs_motif=AGGA;rbs_spacer=5-10bp;gc_cont=0.623


Domain annotation for each sequence:
>> NZ_CP092483.1_3989  # 4079111 # 4080550 # -1 # ID=1_3989;partial=00;start_type=ATG;rbs_motif=AGGA;rbs_spacer=5-10bp;gc_cont=0.623
   #    score  bias  c-Evalue  i-Evalue hmmfrom  hmm to    alifrom  ali to    envfrom  env to     acc
 ---   ------ ----- --------- --------- ------- -------    ------- -------    ------- -------    ----
   1 !  801.4   6.0  1.3e-245  5.4e-242       2     462 .]       6     474 ..       5     474 .. 0.99



Internal pipeline statistics summary:
-------------------------------------
Query model(s):                            1  (462 nodes)
Target sequences:                       4286  (1314671 residues searched)
Passed MSV filter:                       159  (0.0370975); expected 85.7 (0.02)
Passed bias filter:                      122  (0.0284648); expected 85.7 (0.02)
Passed Vit filter:                        18  (0.00419972); expected 4.3 (0.001)
Passed Fwd filter:                         4  (0.000933271); expected 0.0 (1e-05)
Initial search space (Z):               4286  [actual number of targets]
Domain search space  (domZ):               1  [number of targets reported over threshold]
# CPU time: 0.06u 0.00s 00:00:00.06 Elapsed: 00:00:00.06
# Mc/sec: 9507.53
//
Query:       TIGR01044  [M=103]
Accession:   TIGR01044
Description: rplV_bact: ribosomal protein uL22
Scores for complete sequences (score includes all domains):
   --- full sequence ---   --- best 1 domain ---    -#dom-
    E-value  score  bias    E-value  score  bias    exp  N  Sequence           Description
    ------- ------ -----    ------- ------ -----   ---- --  --------           -----------
    7.5e-35  117.2   0.3    9.1e-35  116.9   0.3    1.1  1  NZ_CP092483.1_2240  # 2301886 # 2302266 # -1 # ID=1_2240;partial=00;start_type=ATG;rbs_motif=GGAG/GAGG;rbs_spacer=5-10bp;gc_cont=0.580


Domain annotation for each sequence:
>> NZ_CP092483.1_2240  # 2301886 # 2302266 # -1 # ID=1_2240;partial=00;start_type=ATG;rbs_motif=GGAG/GAGG;rbs_spacer=5-10bp;gc_cont=0.580
   #    score  bias  c-Evalue  i-Evalue hmmfrom  hmm to    alifrom  ali to    envfrom  env to     acc
 ---   ------ ----- --------- --------- ------- -------    ------- -------    ------- -------    ----
   1 !  116.9   0.3   2.1e-38   9.1e-35       1     103 []      17     119 ..      17     119 .. 0.99



Internal pipeline statistics summary:
-------------------------------------
Query model(s):                            1  (103 nodes)
Target sequences:                       4286  (1314671 residues searched)
Passed MSV filter:                       110  (0.025665); expected 85.7 (0.02)
Passed bias filter:                       69  (0.0160989); expected 85.7 (0.02)
Passed Vit filter:                         9  (0.00209986); expected 4.3 (0.001)
Passed Fwd filter:                         1  (0.000233318); expected 0.0 (1e-05)
Initial search space (Z):               4286  [actual number of targets]
Domain search space  (domZ):               1  [number of targets reported over threshold]
# CPU time: 0.01u 0.01s 00:00:00.02 Elapsed: 00:00:00.02
# Mc/sec: 5588.17
//
Query:       TIGR01046  [M=99]
Accession:   TIGR01046
Description: uS10_euk_arch: ribosomal protein uS10
Scores for complete sequences (score includes all domains):
   --- full sequence ---   --- best 1 domain ---    -#dom-
    E-value  score  bias    E-value  score  bias    exp  N  Sequence Description
    ------- ------ -----    ------- ------ -----   ---- --  -------- -----------

   [No hits detected that satisfy reporting thresholds]


Domain annotation for each sequence:

   [No targets detected that satisfy reporting thresholds]


Internal pipeline statistics summary:
-------------------------------------
Query model(s):                            1  (99 nodes)
Target sequences:                       4286  (1314671 residues searched)
Passed MSV filter:                        72  (0.0167989); expected 85.7 (0.02)
Passed bias filter:                       67  (0.0156323); expected 85.7 (0.02)
Passed Vit filter:                         8  (0.00186654); expected 4.3 (0.001)
Passed Fwd filter:                         1  (0.000233318); expected 0.0 (1e-05)
Initial search space (Z):               4286  [actual number of targets]
Domain search space  (domZ):               0  [number of targets reported over threshold]
# CPU time: 0.01u 0.00s 00:00:00.01 Elapsed: 00:00:00.02
# Mc/sec: 4885.76
//
Query:       TIGR01052  [M=488]
Accession:   TIGR01052
Description: top6b: DNA topoisomerase VI, B subunit
Scores for complete sequences (score includes all domains):
   --- full sequence ---   --- best 1 domain ---    -#dom-
    E-value  score  bias    E-value  score  bias    exp  N  Sequence Description
    ------- ------ -----    ------- ------ -----   ---- --  -------- -----------

   [No hits detected that satisfy reporting thresholds]


Domain annotation for each sequence:

   [No targets detected that satisfy reporting thresholds]


Internal pipeline statistics summary:
-------------------------------------
Query model(s):                            1  (488 nodes)
Target sequences:                       4286  (1314671 residues searched)
Passed MSV filter:                        91  (0.0212319); expected 85.7 (0.02)
Passed bias filter:                       86  (0.0200653); expected 85.7 (0.02)
Passed Vit filter:                        16  (0.00373308); expected 4.3 (0.001)
Passed Fwd filter:                         8  (0.00186654); expected 0.0 (1e-05)
Initial search space (Z):               4286  [actual number of targets]
Domain search space  (domZ):               0  [number of targets reported over threshold]
# CPU time: 0.06u 0.00s 00:00:00.06 Elapsed: 00:00:00.06
# Mc/sec: 10424.46
//
Query:       TIGR01059  [M=639]
Accession:   TIGR01059
Description: gyrB: DNA gyrase, B subunit
Scores for complete sequences (score includes all domains):
   --- full sequence ---   --- best 1 domain ---    -#dom-
    E-value  score  bias    E-value  score  bias    exp  N  Sequence          Description
    ------- ------ -----    ------- ------ -----   ---- --  --------          -----------
   2.2e-293  972.5   0.0   2.6e-293  972.3   0.0    1.0  1  NZ_CP092483.1_111  # 108809 # 111262 # 1 # ID=1_111;partial=00;start_type=ATG;rbs_motif=GGA/GAG/AGG;rbs_spacer=3-4bp;gc_cont=0.625


Domain annotation for each sequence:
>> NZ_CP092483.1_111  # 108809 # 111262 # 1 # ID=1_111;partial=00;start_type=ATG;rbs_motif=GGA/GAG/AGG;rbs_spacer=3-4bp;gc_cont=0.625
   #    score  bias  c-Evalue  i-Evalue hmmfrom  hmm to    alifrom  ali to    envfrom  env to     acc
 ---   ------ ----- --------- --------- ------- -------    ------- -------    ------- -------    ----
   1 !  972.3   0.0    6e-297  2.6e-293       1     639 []      12     817 ..      12     817 .. 0.91



Internal pipeline statistics summary:
-------------------------------------
Query model(s):                            1  (639 nodes)
Target sequences:                       4286  (1314671 residues searched)
Passed MSV filter:                        88  (0.020532); expected 85.7 (0.02)
Passed bias filter:                       79  (0.0184321); expected 85.7 (0.02)
Passed Vit filter:                         9  (0.00209986); expected 4.3 (0.001)
Passed Fwd filter:                         4  (0.000933271); expected 0.0 (1e-05)
Initial search space (Z):               4286  [actual number of targets]
Domain search space  (domZ):               1  [number of targets reported over threshold]
# CPU time: 0.07u 0.00s 00:00:00.07 Elapsed: 00:00:00.08
# Mc/sec: 10404.94
//
Query:       TIGR01063  [M=800]
Accession:   TIGR01063
Description: gyrA: DNA gyrase, A subunit
Scores for complete sequences (score includes all domains):
   --- full sequence ---   --- best 1 domain ---    -#dom-
    E-value  score  bias    E-value  score  bias    exp  N  Sequence           Description
    ------- ------ -----    ------- ------ -----   ---- --  --------           -----------
          0 1137.9   3.0          0 1137.7   3.0    1.0  1  NZ_CP092483.1_1712  # 1803597 # 1806359 # 1 # ID=1_1712;partial=00;start_type=GTG;rbs_motif=None;rbs_spacer=None;gc_cont=0.629


Domain annotation for each sequence:
>> NZ_CP092483.1_1712  # 1803597 # 1806359 # 1 # ID=1_1712;partial=00;start_type=GTG;rbs_motif=None;rbs_spacer=None;gc_cont=0.629
   #    score  bias  c-Evalue  i-Evalue hmmfrom  hmm to    alifrom  ali to    envfrom  env to     acc
 ---   ------ ----- --------- --------- ------- -------    ------- -------    ------- -------    ----
   1 ! 1137.7   3.0         0         0       3     799 ..      19     897 ..      17     898 .. 0.99



Internal pipeline statistics summary:
-------------------------------------
Query model(s):                            1  (800 nodes)
Target sequences:                       4286  (1314671 residues searched)
Passed MSV filter:                        90  (0.0209986); expected 85.7 (0.02)
Passed bias filter:                       76  (0.0177322); expected 85.7 (0.02)
Passed Vit filter:                        13  (0.00303313); expected 4.3 (0.001)
Passed Fwd filter:                         2  (0.000466636); expected 0.0 (1e-05)
Initial search space (Z):               4286  [actual number of targets]
Domain search space  (domZ):               1  [number of targets reported over threshold]
# CPU time: 0.09u 0.01s 00:00:00.10 Elapsed: 00:00:00.10
# Mc/sec: 10061.82
//
Query:       TIGR01066  [M=141]
Accession:   TIGR01066
Description: rplM_bact: ribosomal protein uL13
Scores for complete sequences (score includes all domains):
   --- full sequence ---   --- best 1 domain ---    -#dom-
    E-value  score  bias    E-value  score  bias    exp  N  Sequence           Description
    ------- ------ -----    ------- ------ -----   ---- --  --------           -----------
    2.7e-57  190.4   0.0    3.4e-57  190.1   0.0    1.0  1  NZ_CP092483.1_1578  # 1659669 # 1660133 # 1 # ID=1_1578;partial=00;start_type=ATG;rbs_motif=GGA/GAG/AGG;rbs_spacer=5-10bp;gc_cont=0.615


Domain annotation for each sequence:
>> NZ_CP092483.1_1578  # 1659669 # 1660133 # 1 # ID=1_1578;partial=00;start_type=ATG;rbs_motif=GGA/GAG/AGG;rbs_spacer=5-10bp;gc_cont=0.615
   #    score  bias  c-Evalue  i-Evalue hmmfrom  hmm to    alifrom  ali to    envfrom  env to     acc
 ---   ------ ----- --------- --------- ------- -------    ------- -------    ------- -------    ----
   1 !  190.1   0.0   7.9e-61   3.4e-57       2     140 ..       4     142 ..       3     143 .. 0.97



Internal pipeline statistics summary:
-------------------------------------
Query model(s):                            1  (141 nodes)
Target sequences:                       4286  (1314671 residues searched)
Passed MSV filter:                        82  (0.0191321); expected 85.7 (0.02)
Passed bias filter:                       80  (0.0186654); expected 85.7 (0.02)
Passed Vit filter:                         6  (0.00139991); expected 4.3 (0.001)
Passed Fwd filter:                         1  (0.000233318); expected 0.0 (1e-05)
Initial search space (Z):               4286  [actual number of targets]
Domain search space  (domZ):               1  [number of targets reported over threshold]
# CPU time: 0.02u 0.00s 00:00:00.02 Elapsed: 00:00:00.02
# Mc/sec: 6559.18
//
Query:       TIGR01071  [M=144]
Accession:   TIGR01071
Description: rplO_bact: ribosomal protein uL15
Scores for complete sequences (score includes all domains):
   --- full sequence ---   --- best 1 domain ---    -#dom-
    E-value  score  bias    E-value  score  bias    exp  N  Sequence           Description
    ------- ------ -----    ------- ------ -----   ---- --  --------           -----------
      4e-41  138.1   1.1    4.6e-41  137.9   1.1    1.0  1  NZ_CP092483.1_2226  # 2296019 # 2296519 # -1 # ID=1_2226;partial=00;start_type=ATG;rbs_motif=GGAG/GAGG;rbs_spacer=5-10bp;gc_cont=0.615


Domain annotation for each sequence:
>> NZ_CP092483.1_2226  # 2296019 # 2296519 # -1 # ID=1_2226;partial=00;start_type=ATG;rbs_motif=GGAG/GAGG;rbs_spacer=5-10bp;gc_cont=0.615
   #    score  bias  c-Evalue  i-Evalue hmmfrom  hmm to    alifrom  ali to    envfrom  env to     acc
 ---   ------ ----- --------- --------- ------- -------    ------- -------    ------- -------    ----
   1 !  137.9   1.1   1.1e-44   4.6e-41       1     143 [.       3     150 ..       3     151 .. 0.96



Internal pipeline statistics summary:
-------------------------------------
Query model(s):                            1  (144 nodes)
Target sequences:                       4286  (1314671 residues searched)
Passed MSV filter:                        65  (0.0151657); expected 85.7 (0.02)
Passed bias filter:                       57  (0.0132991); expected 85.7 (0.02)
Passed Vit filter:                         3  (0.000699953); expected 4.3 (0.001)
Passed Fwd filter:                         1  (0.000233318); expected 0.0 (1e-05)
Initial search space (Z):               4286  [actual number of targets]
Domain search space  (domZ):               1  [number of targets reported over threshold]
# CPU time: 0.02u 0.00s 00:00:00.02 Elapsed: 00:00:00.02
# Mc/sec: 6975.33
//
Query:       TIGR01079  [M=104]
Accession:   TIGR01079
Description: rplX_bact: ribosomal protein uL24
Scores for complete sequences (score includes all domains):
   --- full sequence ---   --- best 1 domain ---    -#dom-
    E-value  score  bias    E-value  score  bias    exp  N  Sequence           Description
    ------- ------ -----    ------- ------ -----   ---- --  --------           -----------
    4.3e-33  111.8   2.1    4.8e-33  111.6   2.1    1.0  1  NZ_CP092483.1_2234  # 2299565 # 2299876 # -1 # ID=1_2234;partial=00;start_type=ATG;rbs_motif=GGAG/GAGG;rbs_spacer=5-10bp;gc_cont=0.603


Domain annotation for each sequence:
>> NZ_CP092483.1_2234  # 2299565 # 2299876 # -1 # ID=1_2234;partial=00;start_type=ATG;rbs_motif=GGAG/GAGG;rbs_spacer=5-10bp;gc_cont=0.603
   #    score  bias  c-Evalue  i-Evalue hmmfrom  hmm to    alifrom  ali to    envfrom  env to     acc
 ---   ------ ----- --------- --------- ------- -------    ------- -------    ------- -------    ----
   1 !  111.6   2.1   1.1e-36   4.8e-33       2     104 .]       3     101 ..       2     101 .. 0.95



Internal pipeline statistics summary:
-------------------------------------
Query model(s):                            1  (104 nodes)
Target sequences:                       4286  (1314671 residues searched)
Passed MSV filter:                        61  (0.0142324); expected 85.7 (0.02)
Passed bias filter:                       53  (0.0123658); expected 85.7 (0.02)
Passed Vit filter:                         2  (0.000466636); expected 4.3 (0.001)
Passed Fwd filter:                         1  (0.000233318); expected 0.0 (1e-05)
Initial search space (Z):               4286  [actual number of targets]
Domain search space  (domZ):               1  [number of targets reported over threshold]
# CPU time: 0.02u 0.00s 00:00:00.02 Elapsed: 00:00:00.02
# Mc/sec: 5198.65
//
Query:       TIGR01082  [M=449]
Accession:   TIGR01082
Description: murC: UDP-N-acetylmuramate--L-alanine ligase
Scores for complete sequences (score includes all domains):
   --- full sequence ---   --- best 1 domain ---    -#dom-
    E-value  score  bias    E-value  score  bias    exp  N  Sequence           Description
    ------- ------ -----    ------- ------ -----   ---- --  --------           -----------
   1.1e-160  533.4   0.1   1.3e-160  533.3   0.1    1.0  1  NZ_CP092483.1_2707  # 2765029 # 2766447 # -1 # ID=1_2707;partial=00;start_type=ATG;rbs_motif=GGA/GAG/AGG;rbs_spacer=5-10bp;gc_cont=0.638


Domain annotation for each sequence:
>> NZ_CP092483.1_2707  # 2765029 # 2766447 # -1 # ID=1_2707;partial=00;start_type=ATG;rbs_motif=GGA/GAG/AGG;rbs_spacer=5-10bp;gc_cont=0.638
   #    score  bias  c-Evalue  i-Evalue hmmfrom  hmm to    alifrom  ali to    envfrom  env to     acc
 ---   ------ ----- --------- --------- ------- -------    ------- -------    ------- -------    ----
   1 !  533.3   0.1    3e-164  1.3e-160       2     447 ..      10     458 ..       9     460 .. 0.98



Internal pipeline statistics summary:
-------------------------------------
Query model(s):                            1  (449 nodes)
Target sequences:                       4286  (1314671 residues searched)
Passed MSV filter:                       138  (0.0321979); expected 85.7 (0.02)
Passed bias filter:                      119  (0.0277648); expected 85.7 (0.02)
Passed Vit filter:                        19  (0.00443304); expected 4.3 (0.001)
Passed Fwd filter:                         5  (0.00116659); expected 0.0 (1e-05)
Initial search space (Z):               4286  [actual number of targets]
Domain search space  (domZ):               1  [number of targets reported over threshold]
# CPU time: 0.07u 0.00s 00:00:00.07 Elapsed: 00:00:00.06
# Mc/sec: 8628.52
//
Query:       TIGR01087  [M=441]
Accession:   TIGR01087
Description: murD: UDP-N-acetylmuramoylalanine--D-glutamate ligase
Scores for complete sequences (score includes all domains):
   --- full sequence ---   --- best 1 domain ---    -#dom-
    E-value  score  bias    E-value  score  bias    exp  N  Sequence           Description
    ------- ------ -----    ------- ------ -----   ---- --  --------           -----------
    2.2e-76  255.6   0.0    3.4e-76  255.0   0.0    1.3  1  NZ_CP092483.1_3020  # 3067730 # 3069019 # 1 # ID=1_3020;partial=00;start_type=ATG;rbs_motif=AGxAGG/AGGxGG;rbs_spacer=5-10bp;gc_cont=0.650


Domain annotation for each sequence:
>> NZ_CP092483.1_3020  # 3067730 # 3069019 # 1 # ID=1_3020;partial=00;start_type=ATG;rbs_motif=AGxAGG/AGGxGG;rbs_spacer=5-10bp;gc_cont=0.650
   #    score  bias  c-Evalue  i-Evalue hmmfrom  hmm to    alifrom  ali to    envfrom  env to     acc
 ---   ------ ----- --------- --------- ------- -------    ------- -------    ------- -------    ----
   1 !  255.0   0.0     8e-80   3.4e-76       2     438 ..       7     423 ..       6     426 .. 0.86



Internal pipeline statistics summary:
-------------------------------------
Query model(s):                            1  (441 nodes)
Target sequences:                       4286  (1314671 residues searched)
Passed MSV filter:                       209  (0.0487634); expected 85.7 (0.02)
Passed bias filter:                      182  (0.0424638); expected 85.7 (0.02)
Passed Vit filter:                        43  (0.0100327); expected 4.3 (0.001)
Passed Fwd filter:                         8  (0.00186654); expected 0.0 (1e-05)
Initial search space (Z):               4286  [actual number of targets]
Domain search space  (domZ):               1  [number of targets reported over threshold]
# CPU time: 0.10u 0.01s 00:00:00.11 Elapsed: 00:00:00.11
# Mc/sec: 5226.09
//
Query:       TIGR01128  [M=314]
Accession:   TIGR01128
Description: holA: DNA polymerase III, delta subunit
Scores for complete sequences (score includes all domains):
   --- full sequence ---   --- best 1 domain ---    -#dom-
    E-value  score  bias    E-value  score  bias    exp  N  Sequence           Description
    ------- ------ -----    ------- ------ -----   ---- --  --------           -----------
    4.2e-35  119.4   0.0    5.2e-35  119.1   0.0    1.0  1  NZ_CP092483.1_4139  # 4217783 # 4218805 # 1 # ID=1_4139;partial=00;start_type=ATG;rbs_motif=None;rbs_spacer=None;gc_cont=0.648


Domain annotation for each sequence:
>> NZ_CP092483.1_4139  # 4217783 # 4218805 # 1 # ID=1_4139;partial=00;start_type=ATG;rbs_motif=None;rbs_spacer=None;gc_cont=0.648
   #    score  bias  c-Evalue  i-Evalue hmmfrom  hmm to    alifrom  ali to    envfrom  env to     acc
 ---   ------ ----- --------- --------- ------- -------    ------- -------    ------- -------    ----
   1 !  119.1   0.0   1.2e-38   5.2e-35       4     314 .]      22     334 ..      20     334 .. 0.94



Internal pipeline statistics summary:
-------------------------------------
Query model(s):                            1  (314 nodes)
Target sequences:                       4286  (1314671 residues searched)
Passed MSV filter:                       127  (0.0296314); expected 85.7 (0.02)
Passed bias filter:                      103  (0.0240317); expected 85.7 (0.02)
Passed Vit filter:                         9  (0.00209986); expected 4.3 (0.001)
Passed Fwd filter:                         3  (0.000699953); expected 0.0 (1e-05)
Initial search space (Z):               4286  [actual number of targets]
Domain search space  (domZ):               1  [number of targets reported over threshold]
# CPU time: 0.04u 0.00s 00:00:00.04 Elapsed: 00:00:00.05
# Mc/sec: 8090.24
//
Query:       TIGR01146  [M=286]
Accession:   TIGR01146
Description: ATPsyn_F1gamma: ATP synthase F1, gamma subunit
Scores for complete sequences (score includes all domains):
   --- full sequence ---   --- best 1 domain ---    -#dom-
    E-value  score  bias    E-value  score  bias    exp  N  Sequence           Description
    ------- ------ -----    ------- ------ -----   ---- --  --------           -----------
    4.5e-96  319.9   0.8    5.1e-96  319.7   0.8    1.0  1  NZ_CP092483.1_3990  # 4080566 # 4081453 # -1 # ID=1_3990;partial=00;start_type=ATG;rbs_motif=AGGAG/GGAGG;rbs_spacer=11-12bp;gc_cont=0.607


Domain annotation for each sequence:
>> NZ_CP092483.1_3990  # 4080566 # 4081453 # -1 # ID=1_3990;partial=00;start_type=ATG;rbs_motif=AGGAG/GGAGG;rbs_spacer=11-12bp;gc_cont=0.607
   #    score  bias  c-Evalue  i-Evalue hmmfrom  hmm to    alifrom  ali to    envfrom  env to     acc
 ---   ------ ----- --------- --------- ------- -------    ------- -------    ------- -------    ----
   1 !  319.7   0.8   1.2e-99   5.1e-96       1     286 []       1     295 [.       1     295 [. 0.92



Internal pipeline statistics summary:
-------------------------------------
Query model(s):                            1  (286 nodes)
Target sequences:                       4286  (1314671 residues searched)
Passed MSV filter:                        91  (0.0212319); expected 85.7 (0.02)
Passed bias filter:                       67  (0.0156323); expected 85.7 (0.02)
Passed Vit filter:                         6  (0.00139991); expected 4.3 (0.001)
Passed Fwd filter:                         1  (0.000233318); expected 0.0 (1e-05)
Initial search space (Z):               4286  [actual number of targets]
Domain search space  (domZ):               1  [number of targets reported over threshold]
# CPU time: 0.03u 0.00s 00:00:00.03 Elapsed: 00:00:00.02
# Mc/sec: 15533.92
//
Query:       TIGR01164  [M=126]
Accession:   TIGR01164
Description: rplP_bact: ribosomal protein uL16
Scores for complete sequences (score includes all domains):
   --- full sequence ---   --- best 1 domain ---    -#dom-
    E-value  score  bias    E-value  score  bias    exp  N  Sequence           Description
    ------- ------ -----    ------- ------ -----   ---- --  --------           -----------
    6.4e-58  192.2   1.8    7.4e-58  192.1   1.8    1.0  1  NZ_CP092483.1_2238  # 2300717 # 2301130 # -1 # ID=1_2238;partial=00;start_type=ATG;rbs_motif=AGxAGG/AGGxGG;rbs_spacer=5-10bp;gc_cont=0.626


Domain annotation for each sequence:
>> NZ_CP092483.1_2238  # 2300717 # 2301130 # -1 # ID=1_2238;partial=00;start_type=ATG;rbs_motif=AGxAGG/AGGxGG;rbs_spacer=5-10bp;gc_cont=0.626
   #    score  bias  c-Evalue  i-Evalue hmmfrom  hmm to    alifrom  ali to    envfrom  env to     acc
 ---   ------ ----- --------- --------- ------- -------    ------- -------    ------- -------    ----
   1 !  192.1   1.8   1.7e-61   7.4e-58       1     126 []       2     127 ..       2     127 .. 0.99



Internal pipeline statistics summary:
-------------------------------------
Query model(s):                            1  (126 nodes)
Target sequences:                       4286  (1314671 residues searched)
Passed MSV filter:                        85  (0.019832); expected 85.7 (0.02)
Passed bias filter:                       75  (0.0174988); expected 85.7 (0.02)
Passed Vit filter:                        10  (0.00233318); expected 4.3 (0.001)
Passed Fwd filter:                         1  (0.000233318); expected 0.0 (1e-05)
Initial search space (Z):               4286  [actual number of targets]
Domain search space  (domZ):               1  [number of targets reported over threshold]
# CPU time: 0.02u 0.00s 00:00:00.02 Elapsed: 00:00:00.03
# Mc/sec: 4959.62
//
Query:       TIGR01169  [M=227]
Accession:   TIGR01169
Description: rplA_bact: ribosomal protein uL1
Scores for complete sequences (score includes all domains):
   --- full sequence ---   --- best 1 domain ---    -#dom-
    E-value  score  bias    E-value  score  bias    exp  N  Sequence           Description
    ------- ------ -----    ------- ------ -----   ---- --  --------           -----------
   4.8e-102  338.0   3.5   5.5e-102  337.9   3.5    1.0  1  NZ_CP092483.1_2262  # 2325768 # 2326460 # -1 # ID=1_2262;partial=00;start_type=ATG;rbs_motif=GGAG/GAGG;rbs_spacer=5-10bp;gc_cont=0.613


Domain annotation for each sequence:
>> NZ_CP092483.1_2262  # 2325768 # 2326460 # -1 # ID=1_2262;partial=00;start_type=ATG;rbs_motif=GGAG/GAGG;rbs_spacer=5-10bp;gc_cont=0.613
   #    score  bias  c-Evalue  i-Evalue hmmfrom  hmm to    alifrom  ali to    envfrom  env to     acc
 ---   ------ ----- --------- --------- ------- -------    ------- -------    ------- -------    ----
   1 !  337.9   3.5  1.3e-105  5.5e-102       2     224 ..       4     226 ..       3     229 .. 0.99



Internal pipeline statistics summary:
-------------------------------------
Query model(s):                            1  (227 nodes)
Target sequences:                       4286  (1314671 residues searched)
Passed MSV filter:                       111  (0.0258983); expected 85.7 (0.02)
Passed bias filter:                       92  (0.0214652); expected 85.7 (0.02)
Passed Vit filter:                        12  (0.00279981); expected 4.3 (0.001)
Passed Fwd filter:                         1  (0.000233318); expected 0.0 (1e-05)
Initial search space (Z):               4286  [actual number of targets]
Domain search space  (domZ):               1  [number of targets reported over threshold]
# CPU time: 0.03u 0.00s 00:00:00.03 Elapsed: 00:00:00.02
# Mc/sec: 10951.37
//
Query:       TIGR01171  [M=275]
Accession:   TIGR01171
Description: rplB_bact: ribosomal protein uL2
Scores for complete sequences (score includes all domains):
   --- full sequence ---   --- best 1 domain ---    -#dom-
    E-value  score  bias    E-value  score  bias    exp  N  Sequence           Description
    ------- ------ -----    ------- ------ -----   ---- --  --------           -----------
   1.4e-121  402.9   5.6   1.7e-121  402.7   5.6    1.0  1  NZ_CP092483.1_2242  # 2302550 # 2303389 # -1 # ID=1_2242;partial=00;start_type=ATG;rbs_motif=GGA/GAG/AGG;rbs_spacer=5-10bp;gc_cont=0.611


Domain annotation for each sequence:
>> NZ_CP092483.1_2242  # 2302550 # 2303389 # -1 # ID=1_2242;partial=00;start_type=ATG;rbs_motif=GGA/GAG/AGG;rbs_spacer=5-10bp;gc_cont=0.611
   #    score  bias  c-Evalue  i-Evalue hmmfrom  hmm to    alifrom  ali to    envfrom  env to     acc
 ---   ------ ----- --------- --------- ------- -------    ------- -------    ------- -------    ----
   1 !  402.7   5.6  3.9e-125  1.7e-121       1     274 [.       3     274 ..       3     275 .. 0.98



Internal pipeline statistics summary:
-------------------------------------
Query model(s):                            1  (275 nodes)
Target sequences:                       4286  (1314671 residues searched)
Passed MSV filter:                        67  (0.0156323); expected 85.7 (0.02)
Passed bias filter:                       60  (0.0139991); expected 85.7 (0.02)
Passed Vit filter:                         4  (0.000933271); expected 4.3 (0.001)
Passed Fwd filter:                         1  (0.000233318); expected 0.0 (1e-05)
Initial search space (Z):               4286  [actual number of targets]
Domain search space  (domZ):               1  [number of targets reported over threshold]
# CPU time: 0.03u 0.00s 00:00:00.03 Elapsed: 00:00:00.03
# Mc/sec: 10777.61
//
Query:       TIGR01213  [M=387]
Accession:   TIGR01213
Description: pseudo_Pus10arc: tRNA pseudouridine(54/55) synthase
Scores for complete sequences (score includes all domains):
   --- full sequence ---   --- best 1 domain ---    -#dom-
    E-value  score  bias    E-value  score  bias    exp  N  Sequence Description
    ------- ------ -----    ------- ------ -----   ---- --  -------- -----------

   [No hits detected that satisfy reporting thresholds]


Domain annotation for each sequence:

   [No targets detected that satisfy reporting thresholds]


Internal pipeline statistics summary:
-------------------------------------
Query model(s):                            1  (387 nodes)
Target sequences:                       4286  (1314671 residues searched)
Passed MSV filter:                        92  (0.0214652); expected 85.7 (0.02)
Passed bias filter:                       72  (0.0167989); expected 85.7 (0.02)
Passed Vit filter:                         6  (0.00139991); expected 4.3 (0.001)
Passed Fwd filter:                         0  (0); expected 0.0 (1e-05)
Initial search space (Z):               4286  [actual number of targets]
Domain search space  (domZ):               0  [number of targets reported over threshold]
# CPU time: 0.04u 0.00s 00:00:00.04 Elapsed: 00:00:00.03
# Mc/sec: 14666.30
//
Query:       TIGR01302  [M=450]
Accession:   TIGR01302
Description: IMP_dehydrog: inosine-5'-monophosphate dehydrogenase
Scores for complete sequences (score includes all domains):
   --- full sequence ---   --- best 1 domain ---    -#dom-
    E-value  score  bias    E-value  score  bias    exp  N  Sequence           Description
    ------- ------ -----    ------- ------ -----   ---- --  --------           -----------
   2.3e-188  624.5  11.1   2.6e-188  624.3  11.1    1.0  1  NZ_CP092483.1_1350  # 1394342 # 1395844 # 1 # ID=1_1350;partial=00;start_type=TTG;rbs_motif=GGA/GAG/AGG;rbs_spacer=5-10bp;gc_cont=0.641


Domain annotation for each sequence:
>> NZ_CP092483.1_1350  # 1394342 # 1395844 # 1 # ID=1_1350;partial=00;start_type=TTG;rbs_motif=GGA/GAG/AGG;rbs_spacer=5-10bp;gc_cont=0.641
   #    score  bias  c-Evalue  i-Evalue hmmfrom  hmm to    alifrom  ali to    envfrom  env to     acc
 ---   ------ ----- --------- --------- ------- -------    ------- -------    ------- -------    ----
   1 !  624.3  11.1  6.1e-192  2.6e-188       1     449 [.      13     466 ..      13     467 .. 0.99



Internal pipeline statistics summary:
-------------------------------------
Query model(s):                            1  (450 nodes)
Target sequences:                       4286  (1314671 residues searched)
Passed MSV filter:                       215  (0.0501633); expected 85.7 (0.02)
Passed bias filter:                      147  (0.0342977); expected 85.7 (0.02)
Passed Vit filter:                        21  (0.00489967); expected 4.3 (0.001)
Passed Fwd filter:                         8  (0.00186654); expected 0.0 (1e-05)
Initial search space (Z):               4286  [actual number of targets]
Domain search space  (domZ):               1  [number of targets reported over threshold]
# CPU time: 0.07u 0.00s 00:00:00.07 Elapsed: 00:00:00.07
# Mc/sec: 8345.76
//
Query:       TIGR01391  [M=414]
Accession:   TIGR01391
Description: dnaG: DNA primase
Scores for complete sequences (score includes all domains):
   --- full sequence ---   --- best 1 domain ---    -#dom-
    E-value  score  bias    E-value  score  bias    exp  N  Sequence           Description
    ------- ------ -----    ------- ------ -----   ---- --  --------           -----------
   2.6e-123  409.8   0.0   3.4e-123  409.4   0.0    1.1  1  NZ_CP092483.1_2914  # 2972035 # 2973969 # -1 # ID=1_2914;partial=00;start_type=ATG;rbs_motif=None;rbs_spacer=None;gc_cont=0.637


Domain annotation for each sequence:
>> NZ_CP092483.1_2914  # 2972035 # 2973969 # -1 # ID=1_2914;partial=00;start_type=ATG;rbs_motif=None;rbs_spacer=None;gc_cont=0.637
   #    score  bias  c-Evalue  i-Evalue hmmfrom  hmm to    alifrom  ali to    envfrom  env to     acc
 ---   ------ ----- --------- --------- ------- -------    ------- -------    ------- -------    ----
   1 !  409.4   0.0    8e-127  3.4e-123       2     414 .]       3     422 ..       2     422 .. 0.96



Internal pipeline statistics summary:
-------------------------------------
Query model(s):                            1  (414 nodes)
Target sequences:                       4286  (1314671 residues searched)
Passed MSV filter:                        89  (0.0207653); expected 85.7 (0.02)
Passed bias filter:                       88  (0.020532); expected 85.7 (0.02)
Passed Vit filter:                        10  (0.00233318); expected 4.3 (0.001)
Passed Fwd filter:                         2  (0.000466636); expected 0.0 (1e-05)
Initial search space (Z):               4286  [actual number of targets]
Domain search space  (domZ):               1  [number of targets reported over threshold]
# CPU time: 0.03u 0.00s 00:00:00.03 Elapsed: 00:00:00.04
# Mc/sec: 11403.71
//
Query:       TIGR01393  [M=595]
Accession:   TIGR01393
Description: lepA: elongation factor 4
Scores for complete sequences (score includes all domains):
   --- full sequence ---   --- best 1 domain ---    -#dom-
    E-value  score  bias    E-value  score  bias    exp  N  Sequence          Description
    ------- ------ -----    ------- ------ -----   ---- --  --------          -----------
     1e-291  966.5   0.1   1.2e-291  966.3   0.1    1.0  1  NZ_CP092483.1_205  # 196075 # 197880 # 1 # ID=1_205;partial=00;start_type=ATG;rbs_motif=None;rbs_spacer=None;gc_cont=0.609


Domain annotation for each sequence:
>> NZ_CP092483.1_205  # 196075 # 197880 # 1 # ID=1_205;partial=00;start_type=ATG;rbs_motif=None;rbs_spacer=None;gc_cont=0.609
   #    score  bias  c-Evalue  i-Evalue hmmfrom  hmm to    alifrom  ali to    envfrom  env to     acc
 ---   ------ ----- --------- --------- ------- -------    ------- -------    ------- -------    ----
   1 !  966.3   0.1  2.7e-295  1.2e-291       2     594 ..       7     598 ..       6     599 .. 1.00



Internal pipeline statistics summary:
-------------------------------------
Query model(s):                            1  (595 nodes)
Target sequences:                       4286  (1314671 residues searched)
Passed MSV filter:                        71  (0.0165656); expected 85.7 (0.02)
Passed bias filter:                       67  (0.0156323); expected 85.7 (0.02)
Passed Vit filter:                        15  (0.00349977); expected 4.3 (0.001)
Passed Fwd filter:                        10  (0.00233318); expected 0.0 (1e-05)
Initial search space (Z):               4286  [actual number of targets]
Domain search space  (domZ):               1  [number of targets reported over threshold]
# CPU time: 0.11u 0.01s 00:00:00.12 Elapsed: 00:00:00.11
# Mc/sec: 6708.51
//
Query:       TIGR01394  [M=594]
Accession:   TIGR01394
Description: TypA_BipA: GTP-binding protein TypA/BipA
Scores for complete sequences (score includes all domains):
   --- full sequence ---   --- best 1 domain ---    -#dom-
    E-value  score  bias    E-value  score  bias    exp  N  Sequence           Description
    ------- ------ -----    ------- ------ -----   ---- --  --------           -----------
     4e-269  891.7   0.2   4.6e-269  891.5   0.2    1.0  1  NZ_CP092483.1_4090  # 4173083 # 4174897 # -1 # ID=1_4090;partial=00;start_type=ATG;rbs_motif=GGAG/GAGG;rbs_spacer=5-10bp;gc_cont=0.629


Domain annotation for each sequence:
>> NZ_CP092483.1_4090  # 4173083 # 4174897 # -1 # ID=1_4090;partial=00;start_type=ATG;rbs_motif=GGAG/GAGG;rbs_spacer=5-10bp;gc_cont=0.629
   #    score  bias  c-Evalue  i-Evalue hmmfrom  hmm to    alifrom  ali to    envfrom  env to     acc
 ---   ------ ----- --------- --------- ------- -------    ------- -------    ------- -------    ----
   1 !  891.5   0.2  1.1e-272  4.6e-269       1     594 []       3     596 ..       3     596 .. 0.99



Internal pipeline statistics summary:
-------------------------------------
Query model(s):                            1  (594 nodes)
Target sequences:                       4286  (1314671 residues searched)
Passed MSV filter:                       106  (0.0247317); expected 85.7 (0.02)
Passed bias filter:                       82  (0.0191321); expected 85.7 (0.02)
Passed Vit filter:                        13  (0.00303313); expected 4.3 (0.001)
Passed Fwd filter:                         7  (0.00163322); expected 0.0 (1e-05)
Initial search space (Z):               4286  [actual number of targets]
Domain search space  (domZ):               1  [number of targets reported over threshold]
# CPU time: 0.10u 0.00s 00:00:00.10 Elapsed: 00:00:00.10
# Mc/sec: 7373.51
//
Query:       TIGR01510  [M=155]
Accession:   TIGR01510
Description: coaD_prev_kdtB: pantetheine-phosphate adenylyltransferase
Scores for complete sequences (score includes all domains):
   --- full sequence ---   --- best 1 domain ---    -#dom-
    E-value  score  bias    E-value  score  bias    exp  N  Sequence           Description
    ------- ------ -----    ------- ------ -----   ---- --  --------           -----------
      1e-52  176.1   0.0    1.2e-52  176.0   0.0    1.0  1  NZ_CP092483.1_1717  # 1809438 # 1809932 # 1 # ID=1_1717;partial=00;start_type=ATG;rbs_motif=GGAGG;rbs_spacer=5-10bp;gc_cont=0.588


Domain annotation for each sequence:
>> NZ_CP092483.1_1717  # 1809438 # 1809932 # 1 # ID=1_1717;partial=00;start_type=ATG;rbs_motif=GGAGG;rbs_spacer=5-10bp;gc_cont=0.588
   #    score  bias  c-Evalue  i-Evalue hmmfrom  hmm to    alifrom  ali to    envfrom  env to     acc
 ---   ------ ----- --------- --------- ------- -------    ------- -------    ------- -------    ----
   1 !  176.0   0.0   2.7e-56   1.2e-52       2     154 ..       6     164 ..       5     164 .. 0.96



Internal pipeline statistics summary:
-------------------------------------
Query model(s):                            1  (155 nodes)
Target sequences:                       4286  (1314671 residues searched)
Passed MSV filter:                        77  (0.0179655); expected 85.7 (0.02)
Passed bias filter:                       74  (0.0172655); expected 85.7 (0.02)
Passed Vit filter:                         6  (0.00139991); expected 4.3 (0.001)
Passed Fwd filter:                         3  (0.000699953); expected 0.0 (1e-05)
Initial search space (Z):               4286  [actual number of targets]
Domain search space  (domZ):               1  [number of targets reported over threshold]
# CPU time: 0.02u 0.00s 00:00:00.02 Elapsed: 00:00:00.02
# Mc/sec: 9564.97
//
Query:       TIGR01632  [M=140]
Accession:   TIGR01632
Description: L11_bact: ribosomal protein uL11
Scores for complete sequences (score includes all domains):
   --- full sequence ---   --- best 1 domain ---    -#dom-
    E-value  score  bias    E-value  score  bias    exp  N  Sequence           Description
    ------- ------ -----    ------- ------ -----   ---- --  --------           -----------
    5.4e-64  212.3   1.4    6.1e-64  212.1   1.4    1.0  1  NZ_CP092483.1_2263  # 2326465 # 2326893 # -1 # ID=1_2263;partial=00;start_type=ATG;rbs_motif=None;rbs_spacer=None;gc_cont=0.594


Domain annotation for each sequence:
>> NZ_CP092483.1_2263  # 2326465 # 2326893 # -1 # ID=1_2263;partial=00;start_type=ATG;rbs_motif=None;rbs_spacer=None;gc_cont=0.594
   #    score  bias  c-Evalue  i-Evalue hmmfrom  hmm to    alifrom  ali to    envfrom  env to     acc
 ---   ------ ----- --------- --------- ------- -------    ------- -------    ------- -------    ----
   1 !  212.1   1.4   1.4e-67   6.1e-64       1     139 [.       3     141 ..       3     142 .. 0.99



Internal pipeline statistics summary:
-------------------------------------
Query model(s):                            1  (140 nodes)
Target sequences:                       4286  (1314671 residues searched)
Passed MSV filter:                        90  (0.0209986); expected 85.7 (0.02)
Passed bias filter:                       81  (0.0188987); expected 85.7 (0.02)
Passed Vit filter:                         5  (0.00116659); expected 4.3 (0.001)
Passed Fwd filter:                         1  (0.000233318); expected 0.0 (1e-05)
Initial search space (Z):               4286  [actual number of targets]
Domain search space  (domZ):               1  [number of targets reported over threshold]
# CPU time: 0.02u 0.00s 00:00:00.02 Elapsed: 00:00:00.03
# Mc/sec: 5398.34
//
Query:       TIGR01951  [M=131]
Accession:   TIGR01951
Description: nusB: transcription antitermination factor NusB
Scores for complete sequences (score includes all domains):
   --- full sequence ---   --- best 1 domain ---    -#dom-
    E-value  score  bias    E-value  score  bias    exp  N  Sequence           Description
    ------- ------ -----    ------- ------ -----   ---- --  --------           -----------
    7.7e-38  127.6   0.0    8.7e-38  127.5   0.0    1.0  1  NZ_CP092483.1_1519  # 1593185 # 1593679 # 1 # ID=1_1519;partial=00;start_type=ATG;rbs_motif=GGA/GAG/AGG;rbs_spacer=5-10bp;gc_cont=0.669


Domain annotation for each sequence:
>> NZ_CP092483.1_1519  # 1593185 # 1593679 # 1 # ID=1_1519;partial=00;start_type=ATG;rbs_motif=GGA/GAG/AGG;rbs_spacer=5-10bp;gc_cont=0.669
   #    score  bias  c-Evalue  i-Evalue hmmfrom  hmm to    alifrom  ali to    envfrom  env to     acc
 ---   ------ ----- --------- --------- ------- -------    ------- -------    ------- -------    ----
   1 !  127.5   0.0     2e-41   8.7e-38       2     130 ..      18     155 ..      16     156 .. 0.94



Internal pipeline statistics summary:
-------------------------------------
Query model(s):                            1  (131 nodes)
Target sequences:                       4286  (1314671 residues searched)
Passed MSV filter:                        83  (0.0193654); expected 85.7 (0.02)
Passed bias filter:                       70  (0.0163322); expected 85.7 (0.02)
Passed Vit filter:                         6  (0.00139991); expected 4.3 (0.001)
Passed Fwd filter:                         1  (0.000233318); expected 0.0 (1e-05)
Initial search space (Z):               4286  [actual number of targets]
Domain search space  (domZ):               1  [number of targets reported over threshold]
# CPU time: 0.02u 0.00s 00:00:00.02 Elapsed: 00:00:00.03
# Mc/sec: 5603.66
//
Query:       TIGR01952  [M=141]
Accession:   TIGR01952
Description: nusA_arch: NusA family KH domain protein, archaeal
Scores for complete sequences (score includes all domains):
   --- full sequence ---   --- best 1 domain ---    -#dom-
    E-value  score  bias    E-value  score  bias    exp  N  Sequence Description
    ------- ------ -----    ------- ------ -----   ---- --  -------- -----------

   [No hits detected that satisfy reporting thresholds]


Domain annotation for each sequence:

   [No targets detected that satisfy reporting thresholds]


Internal pipeline statistics summary:
-------------------------------------
Query model(s):                            1  (141 nodes)
Target sequences:                       4286  (1314671 residues searched)
Passed MSV filter:                       109  (0.0254316); expected 85.7 (0.02)
Passed bias filter:                       92  (0.0214652); expected 85.7 (0.02)
Passed Vit filter:                         7  (0.00163322); expected 4.3 (0.001)
Passed Fwd filter:                         2  (0.000466636); expected 0.0 (1e-05)
Initial search space (Z):               4286  [actual number of targets]
Domain search space  (domZ):               0  [number of targets reported over threshold]
# CPU time: 0.02u 0.00s 00:00:00.02 Elapsed: 00:00:00.03
# Mc/sec: 5035.47
//
Query:       TIGR01953  [M=340]
Accession:   TIGR01953
Description: NusA: transcription termination factor NusA
Scores for complete sequences (score includes all domains):
   --- full sequence ---   --- best 1 domain ---    -#dom-
    E-value  score  bias    E-value  score  bias    exp  N  Sequence           Description
    ------- ------ -----    ------- ------ -----   ---- --  --------           -----------
   3.7e-132  438.3   2.8   4.7e-132  438.0   2.8    1.1  1  NZ_CP092483.1_4250  # 4320958 # 4322559 # -1 # ID=1_4250;partial=00;start_type=ATG;rbs_motif=AGGAG;rbs_spacer=5-10bp;gc_cont=0.622


Domain annotation for each sequence:
>> NZ_CP092483.1_4250  # 4320958 # 4322559 # -1 # ID=1_4250;partial=00;start_type=ATG;rbs_motif=AGGAG;rbs_spacer=5-10bp;gc_cont=0.622
   #    score  bias  c-Evalue  i-Evalue hmmfrom  hmm to    alifrom  ali to    envfrom  env to     acc
 ---   ------ ----- --------- --------- ------- -------    ------- -------    ------- -------    ----
   1 !  438.0   2.8  1.1e-135  4.7e-132       1     339 [.       9     346 ..       9     347 .. 0.99



Internal pipeline statistics summary:
-------------------------------------
Query model(s):                            1  (340 nodes)
Target sequences:                       4286  (1314671 residues searched)
Passed MSV filter:                        70  (0.0163322); expected 85.7 (0.02)
Passed bias filter:                       59  (0.0137657); expected 85.7 (0.02)
Passed Vit filter:                         7  (0.00163322); expected 4.3 (0.001)
Passed Fwd filter:                         1  (0.000233318); expected 0.0 (1e-05)
Initial search space (Z):               4286  [actual number of targets]
Domain search space  (domZ):               1  [number of targets reported over threshold]
# CPU time: 0.04u 0.00s 00:00:00.04 Elapsed: 00:00:00.04
# Mc/sec: 11167.95
//
Query:       TIGR02012  [M=321]
Accession:   TIGR02012
Description: tigrfam_recA: protein RecA
Scores for complete sequences (score includes all domains):
   --- full sequence ---   --- best 1 domain ---    -#dom-
    E-value  score  bias    E-value  score  bias    exp  N  Sequence           Description
    ------- ------ -----    ------- ------ -----   ---- --  --------           -----------
   3.9e-174  576.3   1.1   4.5e-174  576.1   1.1    1.0  1  NZ_CP092483.1_2526  # 2576206 # 2577279 # -1 # ID=1_2526;partial=00;start_type=ATG;rbs_motif=AGGAG;rbs_spacer=5-10bp;gc_cont=0.610


Domain annotation for each sequence:
>> NZ_CP092483.1_2526  # 2576206 # 2577279 # -1 # ID=1_2526;partial=00;start_type=ATG;rbs_motif=AGGAG;rbs_spacer=5-10bp;gc_cont=0.610
   #    score  bias  c-Evalue  i-Evalue hmmfrom  hmm to    alifrom  ali to    envfrom  env to     acc
 ---   ------ ----- --------- --------- ------- -------    ------- -------    ------- -------    ----
   1 !  576.1   1.1    1e-177  4.5e-174       1     321 []      15     335 ..      15     335 .. 1.00



Internal pipeline statistics summary:
-------------------------------------
Query model(s):                            1  (321 nodes)
Target sequences:                       4286  (1314671 residues searched)
Passed MSV filter:                       226  (0.0527298); expected 85.7 (0.02)
Passed bias filter:                      188  (0.0438637); expected 85.7 (0.02)
Passed Vit filter:                        42  (0.00979935); expected 4.3 (0.001)
Passed Fwd filter:                         4  (0.000933271); expected 0.0 (1e-05)
Initial search space (Z):               4286  [actual number of targets]
Domain search space  (domZ):               1  [number of targets reported over threshold]
# CPU time: 0.05u 0.00s 00:00:00.05 Elapsed: 00:00:00.04
# Mc/sec: 8653.52
//
Query:       TIGR02013  [M=1238]
Accession:   TIGR02013
Description: rpoB: DNA-directed RNA polymerase, beta subunit
Scores for complete sequences (score includes all domains):
   --- full sequence ---   --- best 1 domain ---    -#dom-
    E-value  score  bias    E-value  score  bias    exp  N  Sequence           Description
    ------- ------ -----    ------- ------ -----   ---- --  --------           -----------
          0 1939.4   3.4          0 1939.2   3.4    1.0  1  NZ_CP092483.1_2259  # 2320002 # 2324144 # -1 # ID=1_2259;partial=00;start_type=ATG;rbs_motif=AGGAG;rbs_spacer=5-10bp;gc_cont=0.603


Domain annotation for each sequence:
>> NZ_CP092483.1_2259  # 2320002 # 2324144 # -1 # ID=1_2259;partial=00;start_type=ATG;rbs_motif=AGGAG;rbs_spacer=5-10bp;gc_cont=0.603
   #    score  bias  c-Evalue  i-Evalue hmmfrom  hmm to    alifrom  ali to    envfrom  env to     acc
 ---   ------ ----- --------- --------- ------- -------    ------- -------    ------- -------    ----
   1 ! 1939.2   3.4         0         0       3    1238 .]      10    1356 ..       8    1356 .. 0.97



Internal pipeline statistics summary:
-------------------------------------
Query model(s):                            1  (1238 nodes)
Target sequences:                       4286  (1314671 residues searched)
Passed MSV filter:                        93  (0.0216986); expected 85.7 (0.02)
Passed bias filter:                       81  (0.0188987); expected 85.7 (0.02)
Passed Vit filter:                         4  (0.000933271); expected 4.3 (0.001)
Passed Fwd filter:                         1  (0.000233318); expected 0.0 (1e-05)
Initial search space (Z):               4286  [actual number of targets]
Domain search space  (domZ):               1  [number of targets reported over threshold]
# CPU time: 0.13u 0.03s 00:00:00.16 Elapsed: 00:00:00.14
# Mc/sec: 10997.67
//
Query:       TIGR02027  [M=298]
Accession:   TIGR02027
Description: rpoA: DNA-directed RNA polymerase, alpha subunit
Scores for complete sequences (score includes all domains):
   --- full sequence ---   --- best 1 domain ---    -#dom-
    E-value  score  bias    E-value  score  bias    exp  N  Sequence           Description
    ------- ------ -----    ------- ------ -----   ---- --  --------           -----------
   2.5e-115  382.7   0.0   2.9e-115  382.4   0.0    1.0  1  NZ_CP092483.1_2221  # 2291835 # 2292854 # -1 # ID=1_2221;partial=00;start_type=GTG;rbs_motif=AGGA;rbs_spacer=5-10bp;gc_cont=0.600


Domain annotation for each sequence:
>> NZ_CP092483.1_2221  # 2291835 # 2292854 # -1 # ID=1_2221;partial=00;start_type=GTG;rbs_motif=AGGA;rbs_spacer=5-10bp;gc_cont=0.600
   #    score  bias  c-Evalue  i-Evalue hmmfrom  hmm to    alifrom  ali to    envfrom  env to     acc
 ---   ------ ----- --------- --------- ------- -------    ------- -------    ------- -------    ----
   1 !  382.4   0.0  6.8e-119  2.9e-115       2     298 .]      28     319 ..      27     319 .. 0.97



Internal pipeline statistics summary:
-------------------------------------
Query model(s):                            1  (298 nodes)
Target sequences:                       4286  (1314671 residues searched)
Passed MSV filter:                        75  (0.0174988); expected 85.7 (0.02)
Passed bias filter:                       66  (0.015399); expected 85.7 (0.02)
Passed Vit filter:                         7  (0.00163322); expected 4.3 (0.001)
Passed Fwd filter:                         2  (0.000466636); expected 0.0 (1e-05)
Initial search space (Z):               4286  [actual number of targets]
Domain search space  (domZ):               1  [number of targets reported over threshold]
# CPU time: 0.03u 0.00s 00:00:00.03 Elapsed: 00:00:00.04
# Mc/sec: 8543.00
//
Query:       TIGR02075  [M=233]
Accession:   TIGR02075
Description: pyrH_bact: UMP kinase
Scores for complete sequences (score includes all domains):
   --- full sequence ---   --- best 1 domain ---    -#dom-
    E-value  score  bias    E-value  score  bias    exp  N  Sequence           Description
    ------- ------ -----    ------- ------ -----   ---- --  --------           -----------
    7.7e-91  301.7   0.3    8.6e-91  301.6   0.3    1.0  1  NZ_CP092483.1_2154  # 2228126 # 2228845 # -1 # ID=1_2154;partial=00;start_type=ATG;rbs_motif=GGAG/GAGG;rbs_spacer=5-10bp;gc_cont=0.617


Domain annotation for each sequence:
>> NZ_CP092483.1_2154  # 2228126 # 2228845 # -1 # ID=1_2154;partial=00;start_type=ATG;rbs_motif=GGAG/GAGG;rbs_spacer=5-10bp;gc_cont=0.617
   #    score  bias  c-Evalue  i-Evalue hmmfrom  hmm to    alifrom  ali to    envfrom  env to     acc
 ---   ------ ----- --------- --------- ------- -------    ------- -------    ------- -------    ----
   1 !  301.6   0.3     2e-94   8.6e-91       1     232 [.       5     235 ..       5     236 .. 0.99



Internal pipeline statistics summary:
-------------------------------------
Query model(s):                            1  (233 nodes)
Target sequences:                       4286  (1314671 residues searched)
Passed MSV filter:                       141  (0.0328978); expected 85.7 (0.02)
Passed bias filter:                      113  (0.0263649); expected 85.7 (0.02)
Passed Vit filter:                        12  (0.00279981); expected 4.3 (0.001)
Passed Fwd filter:                         3  (0.000699953); expected 0.0 (1e-05)
Initial search space (Z):               4286  [actual number of targets]
Domain search space  (domZ):               1  [number of targets reported over threshold]
# CPU time: 0.02u 0.01s 00:00:00.03 Elapsed: 00:00:00.03
# Mc/sec: 7914.33
//
Query:       TIGR02191  [M=219]
Accession:   TIGR02191
Description: RNaseIII: ribonuclease III
Scores for complete sequences (score includes all domains):
   --- full sequence ---   --- best 1 domain ---    -#dom-
    E-value  score  bias    E-value  score  bias    exp  N  Sequence           Description
    ------- ------ -----    ------- ------ -----   ---- --  --------           -----------
    1.5e-70  235.1   0.0    1.8e-70  234.8   0.0    1.0  1  NZ_CP092483.1_1495  # 1573211 # 1573915 # 1 # ID=1_1495;partial=00;start_type=GTG;rbs_motif=None;rbs_spacer=None;gc_cont=0.628


Domain annotation for each sequence:
>> NZ_CP092483.1_1495  # 1573211 # 1573915 # 1 # ID=1_1495;partial=00;start_type=GTG;rbs_motif=None;rbs_spacer=None;gc_cont=0.628
   #    score  bias  c-Evalue  i-Evalue hmmfrom  hmm to    alifrom  ali to    envfrom  env to     acc
 ---   ------ ----- --------- --------- ------- -------    ------- -------    ------- -------    ----
   1 !  234.8   0.0   4.2e-74   1.8e-70       2     215 ..      12     224 ..      11     227 .. 0.95



Internal pipeline statistics summary:
-------------------------------------
Query model(s):                            1  (219 nodes)
Target sequences:                       4286  (1314671 residues searched)
Passed MSV filter:                        71  (0.0165656); expected 85.7 (0.02)
Passed bias filter:                       64  (0.0149323); expected 85.7 (0.02)
Passed Vit filter:                         4  (0.000933271); expected 4.3 (0.001)
Passed Fwd filter:                         1  (0.000233318); expected 0.0 (1e-05)
Initial search space (Z):               4286  [actual number of targets]
Domain search space  (domZ):               1  [number of targets reported over threshold]
# CPU time: 0.03u 0.00s 00:00:00.03 Elapsed: 00:00:00.02
# Mc/sec: 10022.46
//
Query:       TIGR02236  [M=311]
Accession:   TIGR02236
Description: recomb_radA: DNA repair and recombination protein RadA
Scores for complete sequences (score includes all domains):
   --- full sequence ---   --- best 1 domain ---    -#dom-
    E-value  score  bias    E-value  score  bias    exp  N  Sequence Description
    ------- ------ -----    ------- ------ -----   ---- --  -------- -----------

   [No hits detected that satisfy reporting thresholds]


Domain annotation for each sequence:

   [No targets detected that satisfy reporting thresholds]


Internal pipeline statistics summary:
-------------------------------------
Query model(s):                            1  (311 nodes)
Target sequences:                       4286  (1314671 residues searched)
Passed MSV filter:                       175  (0.0408306); expected 85.7 (0.02)
Passed bias filter:                      135  (0.0314979); expected 85.7 (0.02)
Passed Vit filter:                        19  (0.00443304); expected 4.3 (0.001)
Passed Fwd filter:                         4  (0.000933271); expected 0.0 (1e-05)
Initial search space (Z):               4286  [actual number of targets]
Domain search space  (domZ):               0  [number of targets reported over threshold]
# CPU time: 0.05u 0.01s 00:00:00.06 Elapsed: 00:00:00.06
# Mc/sec: 6738.57
//
Query:       TIGR02273  [M=166]
Accession:   TIGR02273
Description: 16S_RimM: 16S rRNA processing protein RimM
Scores for complete sequences (score includes all domains):
   --- full sequence ---   --- best 1 domain ---    -#dom-
    E-value  score  bias    E-value  score  bias    exp  N  Sequence           Description
    ------- ------ -----    ------- ------ -----   ---- --  --------           -----------
    7.4e-38  127.5   0.0    8.3e-38  127.3   0.0    1.0  1  NZ_CP092483.1_4128  # 4207909 # 4208445 # 1 # ID=1_4128;partial=00;start_type=ATG;rbs_motif=GGAG/GAGG;rbs_spacer=5-10bp;gc_cont=0.637


Domain annotation for each sequence:
>> NZ_CP092483.1_4128  # 4207909 # 4208445 # 1 # ID=1_4128;partial=00;start_type=ATG;rbs_motif=GGAG/GAGG;rbs_spacer=5-10bp;gc_cont=0.637
   #    score  bias  c-Evalue  i-Evalue hmmfrom  hmm to    alifrom  ali to    envfrom  env to     acc
 ---   ------ ----- --------- --------- ------- -------    ------- -------    ------- -------    ----
   1 !  127.3   0.0   1.9e-41   8.3e-38       2     161 ..       8     165 ..       7     170 .. 0.94



Internal pipeline statistics summary:
-------------------------------------
Query model(s):                            1  (166 nodes)
Target sequences:                       4286  (1314671 residues searched)
Passed MSV filter:                        60  (0.0139991); expected 85.7 (0.02)
Passed bias filter:                       58  (0.0135324); expected 85.7 (0.02)
Passed Vit filter:                         4  (0.000933271); expected 4.3 (0.001)
Passed Fwd filter:                         1  (0.000233318); expected 0.0 (1e-05)
Initial search space (Z):               4286  [actual number of targets]
Domain search space  (domZ):               1  [number of targets reported over threshold]
# CPU time: 0.02u 0.00s 00:00:00.02 Elapsed: 00:00:00.01
# Mc/sec: 13012.04
//
Query:       TIGR02338  [M=110]
Accession:   TIGR02338
Description: gimC_beta: prefoldin, beta subunit
Scores for complete sequences (score includes all domains):
   --- full sequence ---   --- best 1 domain ---    -#dom-
    E-value  score  bias    E-value  score  bias    exp  N  Sequence Description
    ------- ------ -----    ------- ------ -----   ---- --  -------- -----------

   [No hits detected that satisfy reporting thresholds]


Domain annotation for each sequence:

   [No targets detected that satisfy reporting thresholds]


Internal pipeline statistics summary:
-------------------------------------
Query model(s):                            1  (110 nodes)
Target sequences:                       4286  (1314671 residues searched)
Passed MSV filter:                       110  (0.025665); expected 85.7 (0.02)
Passed bias filter:                       79  (0.0184321); expected 85.7 (0.02)
Passed Vit filter:                         8  (0.00186654); expected 4.3 (0.001)
Passed Fwd filter:                         1  (0.000233318); expected 0.0 (1e-05)
Initial search space (Z):               4286  [actual number of targets]
Domain search space  (domZ):               0  [number of targets reported over threshold]
# CPU time: 0.02u 0.00s 00:00:00.02 Elapsed: 00:00:00.02
# Mc/sec: 5806.92
//
Query:       TIGR02350  [M=596]
Accession:   TIGR02350
Description: prok_dnaK: chaperone protein DnaK
Scores for complete sequences (score includes all domains):
   --- full sequence ---   --- best 1 domain ---    -#dom-
    E-value  score  bias    E-value  score  bias    exp  N  Sequence           Description
    ------- ------ -----    ------- ------ -----   ---- --  --------           -----------
   4.6e-300  994.0  18.6   5.4e-300  993.8  18.6    1.0  1  NZ_CP092483.1_4186  # 4255615 # 4257528 # -1 # ID=1_4186;partial=00;start_type=ATG;rbs_motif=GGAG/GAGG;rbs_spacer=5-10bp;gc_cont=0.618


Domain annotation for each sequence:
>> NZ_CP092483.1_4186  # 4255615 # 4257528 # -1 # ID=1_4186;partial=00;start_type=ATG;rbs_motif=GGAG/GAGG;rbs_spacer=5-10bp;gc_cont=0.618
   #    score  bias  c-Evalue  i-Evalue hmmfrom  hmm to    alifrom  ali to    envfrom  env to     acc
 ---   ------ ----- --------- --------- ------- -------    ------- -------    ------- -------    ----
   1 !  993.8  18.6  1.3e-303  5.4e-300       1     596 []       3     599 ..       3     599 .. 0.99



Internal pipeline statistics summary:
-------------------------------------
Query model(s):                            1  (596 nodes)
Target sequences:                       4286  (1314671 residues searched)
Passed MSV filter:                       135  (0.0314979); expected 85.7 (0.02)
Passed bias filter:                       88  (0.020532); expected 85.7 (0.02)
Passed Vit filter:                         9  (0.00209986); expected 4.3 (0.001)
Passed Fwd filter:                         2  (0.000466636); expected 0.0 (1e-05)
Initial search space (Z):               4286  [actual number of targets]
Domain search space  (domZ):               1  [number of targets reported over threshold]
# CPU time: 0.06u 0.00s 00:00:00.06 Elapsed: 00:00:00.07
# Mc/sec: 10534.63
//
Query:       TIGR02386  [M=1147]
Accession:   TIGR02386
Description: rpoC_TIGR: DNA-directed RNA polymerase, beta' subunit
Scores for complete sequences (score includes all domains):
   --- full sequence ---   --- best 1 domain ---    -#dom-
    E-value  score  bias    E-value  score  bias    exp  N  Sequence           Description
    ------- ------ -----    ------- ------ -----   ---- --  --------           -----------
          0 1781.7   0.3          0 1471.2   0.0    2.2  1  NZ_CP092483.1_2258  # 2315739 # 2319923 # -1 # ID=1_2258;partial=00;start_type=ATG;rbs_motif=AGGAG;rbs_spacer=5-10bp;gc_cont=0.612


Domain annotation for each sequence:
>> NZ_CP092483.1_2258  # 2315739 # 2319923 # -1 # ID=1_2258;partial=00;start_type=ATG;rbs_motif=AGGAG;rbs_spacer=5-10bp;gc_cont=0.612
   #    score  bias  c-Evalue  i-Evalue hmmfrom  hmm to    alifrom  ali to    envfrom  env to     acc
 ---   ------ ----- --------- --------- ------- -------    ------- -------    ------- -------    ----
   1 ! 1471.2   0.0         0         0       2    1001 ..      23    1027 ..      22    1043 .. 0.95



Internal pipeline statistics summary:
-------------------------------------
Query model(s):                            1  (1147 nodes)
Target sequences:                       4286  (1314671 residues searched)
Passed MSV filter:                        75  (0.0174988); expected 85.7 (0.02)
Passed bias filter:                       68  (0.0158656); expected 85.7 (0.02)
Passed Vit filter:                         6  (0.00139991); expected 4.3 (0.001)
Passed Fwd filter:                         1  (0.000233318); expected 0.0 (1e-05)
Initial search space (Z):               4286  [actual number of targets]
Domain search space  (domZ):               1  [number of targets reported over threshold]
# CPU time: 0.10u 0.02s 00:00:00.12 Elapsed: 00:00:00.12
# Mc/sec: 11705.97
//
Query:       TIGR02389  [M=367]
Accession:   TIGR02389
Description: RNA_pol_rpoA2: DNA-directed RNA polymerase, subunit A''
Scores for complete sequences (score includes all domains):
   --- full sequence ---   --- best 1 domain ---    -#dom-
    E-value  score  bias    E-value  score  bias    exp  N  Sequence Description
    ------- ------ -----    ------- ------ -----   ---- --  -------- -----------

   [No hits detected that satisfy reporting thresholds]


Domain annotation for each sequence:

   [No targets detected that satisfy reporting thresholds]


Internal pipeline statistics summary:
-------------------------------------
Query model(s):                            1  (367 nodes)
Target sequences:                       4286  (1314671 residues searched)
Passed MSV filter:                       119  (0.0277648); expected 85.7 (0.02)
Passed bias filter:                       93  (0.0216986); expected 85.7 (0.02)
Passed Vit filter:                         6  (0.00139991); expected 4.3 (0.001)
Passed Fwd filter:                         1  (0.000233318); expected 0.0 (1e-05)
Initial search space (Z):               4286  [actual number of targets]
Domain search space  (domZ):               0  [number of targets reported over threshold]
# CPU time: 0.05u 0.00s 00:00:00.05 Elapsed: 00:00:00.05
# Mc/sec: 8433.56
//
Query:       TIGR02390  [M=867]
Accession:   TIGR02390
Description: RNA_pol_rpoA1: DNA-directed RNA polymerase subunit A'
Scores for complete sequences (score includes all domains):
   --- full sequence ---   --- best 1 domain ---    -#dom-
    E-value  score  bias    E-value  score  bias    exp  N  Sequence Description
    ------- ------ -----    ------- ------ -----   ---- --  -------- -----------

   [No hits detected that satisfy reporting thresholds]


Domain annotation for each sequence:

   [No targets detected that satisfy reporting thresholds]


Internal pipeline statistics summary:
-------------------------------------
Query model(s):                            1  (867 nodes)
Target sequences:                       4286  (1314671 residues searched)
Passed MSV filter:                        62  (0.0144657); expected 85.7 (0.02)
Passed bias filter:                       56  (0.0130658); expected 85.7 (0.02)
Passed Vit filter:                         4  (0.000933271); expected 4.3 (0.001)
Passed Fwd filter:                         1  (0.000233318); expected 0.0 (1e-05)
Initial search space (Z):               4286  [actual number of targets]
Domain search space  (domZ):               0  [number of targets reported over threshold]
# CPU time: 0.10u 0.00s 00:00:00.10 Elapsed: 00:00:00.10
# Mc/sec: 10658.48
//
Query:       TIGR02397  [M=355]
Accession:   TIGR02397
Description: dnaX_nterm: DNA polymerase III, subunit gamma and tau
Scores for complete sequences (score includes all domains):
   --- full sequence ---   --- best 1 domain ---    -#dom-
    E-value  score  bias    E-value  score  bias    exp  N  Sequence          Description
    ------- ------ -----    ------- ------ -----   ---- --  --------          -----------
   1.1e-120  401.0   0.0   1.3e-120  400.8   0.0    1.1  1  NZ_CP092483.1_532  # 535074 # 536849 # -1 # ID=1_532;partial=00;start_type=ATG;rbs_motif=AGxAGG/AGGxGG;rbs_spacer=5-10bp;gc_cont=0.649


Domain annotation for each sequence:
>> NZ_CP092483.1_532  # 535074 # 536849 # -1 # ID=1_532;partial=00;start_type=ATG;rbs_motif=AGxAGG/AGGxGG;rbs_spacer=5-10bp;gc_cont=0.649
   #    score  bias  c-Evalue  i-Evalue hmmfrom  hmm to    alifrom  ali to    envfrom  env to     acc
 ---   ------ ----- --------- --------- ------- -------    ------- -------    ------- -------    ----
   1 !  400.8   0.0    3e-124  1.3e-120       1     354 [.       9     368 ..       9     369 .. 0.97



Internal pipeline statistics summary:
-------------------------------------
Query model(s):                            1  (355 nodes)
Target sequences:                       4286  (1314671 residues searched)
Passed MSV filter:                       274  (0.0639291); expected 85.7 (0.02)
Passed bias filter:                      265  (0.0618292); expected 85.7 (0.02)
Passed Vit filter:                       106  (0.0247317); expected 4.3 (0.001)
Passed Fwd filter:                        10  (0.00233318); expected 0.0 (1e-05)
Initial search space (Z):               4286  [actual number of targets]
Domain search space  (domZ):               1  [number of targets reported over threshold]
# CPU time: 0.09u 0.00s 00:00:00.09 Elapsed: 00:00:00.08
# Mc/sec: 5451.76
//
Query:       TIGR02432  [M=189]
Accession:   TIGR02432
Description: lysidine_TilS_N: tRNA(Ile)-lysidine synthetase
Scores for complete sequences (score includes all domains):
   --- full sequence ---   --- best 1 domain ---    -#dom-
    E-value  score  bias    E-value  score  bias    exp  N  Sequence           Description
    ------- ------ -----    ------- ------ -----   ---- --  --------           -----------
    2.6e-40  136.3   0.0    3.2e-40  136.0   0.0    1.1  1  NZ_CP092483.1_3267  # 3335663 # 3336937 # -1 # ID=1_3267;partial=00;start_type=ATG;rbs_motif=GGA/GAG/AGG;rbs_spacer=5-10bp;gc_cont=0.675


Domain annotation for each sequence:
>> NZ_CP092483.1_3267  # 3335663 # 3336937 # -1 # ID=1_3267;partial=00;start_type=ATG;rbs_motif=GGA/GAG/AGG;rbs_spacer=5-10bp;gc_cont=0.675
   #    score  bias  c-Evalue  i-Evalue hmmfrom  hmm to    alifrom  ali to    envfrom  env to     acc
 ---   ------ ----- --------- --------- ------- -------    ------- -------    ------- -------    ----
   1 !  136.0   0.0   7.4e-44   3.2e-40       3     187 ..      29     210 ..      27     212 .. 0.96



Internal pipeline statistics summary:
-------------------------------------
Query model(s):                            1  (189 nodes)
Target sequences:                       4286  (1314671 residues searched)
Passed MSV filter:                        70  (0.0163322); expected 85.7 (0.02)
Passed bias filter:                       66  (0.015399); expected 85.7 (0.02)
Passed Vit filter:                        16  (0.00373308); expected 4.3 (0.001)
Passed Fwd filter:                         5  (0.00116659); expected 0.0 (1e-05)
Initial search space (Z):               4286  [actual number of targets]
Domain search space  (domZ):               1  [number of targets reported over threshold]
# CPU time: 0.02u 0.00s 00:00:00.02 Elapsed: 00:00:00.02
# Mc/sec: 11262.79
//
Query:       TIGR02729  [M=329]
Accession:   TIGR02729
Description: Obg_CgtA: Obg family GTPase CgtA
Scores for complete sequences (score includes all domains):
   --- full sequence ---   --- best 1 domain ---    -#dom-
    E-value  score  bias    E-value  score  bias    exp  N  Sequence           Description
    ------- ------ -----    ------- ------ -----   ---- --  --------           -----------
     1e-132  440.0   1.4   1.2e-132  439.8   1.4    1.0  1  NZ_CP092483.1_3971  # 4060307 # 4061350 # 1 # ID=1_3971;partial=00;start_type=ATG;rbs_motif=GGA/GAG/AGG;rbs_spacer=5-10bp;gc_cont=0.625


Domain annotation for each sequence:
>> NZ_CP092483.1_3971  # 4060307 # 4061350 # 1 # ID=1_3971;partial=00;start_type=ATG;rbs_motif=GGA/GAG/AGG;rbs_spacer=5-10bp;gc_cont=0.625
   #    score  bias  c-Evalue  i-Evalue hmmfrom  hmm to    alifrom  ali to    envfrom  env to     acc
 ---   ------ ----- --------- --------- ------- -------    ------- -------    ------- -------    ----
   1 !  439.8   1.4  2.8e-136  1.2e-132       1     328 [.       3     326 ..       3     327 .. 0.99



Internal pipeline statistics summary:
-------------------------------------
Query model(s):                            1  (329 nodes)
Target sequences:                       4286  (1314671 residues searched)
Passed MSV filter:                       271  (0.0632291); expected 85.7 (0.02)
Passed bias filter:                      237  (0.0552963); expected 85.7 (0.02)
Passed Vit filter:                        72  (0.0167989); expected 4.3 (0.001)
Passed Fwd filter:                         8  (0.00186654); expected 0.0 (1e-05)
Initial search space (Z):               4286  [actual number of targets]
Domain search space  (domZ):               1  [number of targets reported over threshold]
# CPU time: 0.09u 0.00s 00:00:00.09 Elapsed: 00:00:00.08
# Mc/sec: 5097.20
//
Query:       TIGR03263  [M=180]
Accession:   TIGR03263
Description: guanyl_kin: guanylate kinase
Scores for complete sequences (score includes all domains):
   --- full sequence ---   --- best 1 domain ---    -#dom-
    E-value  score  bias    E-value  score  bias    exp  N  Sequence           Description
    ------- ------ -----    ------- ------ -----   ---- --  --------           -----------
    7.1e-67  222.4   0.0    8.4e-67  222.2   0.0    1.0  1  NZ_CP092483.1_1388  # 1429907 # 1430545 # 1 # ID=1_1388;partial=00;start_type=ATG;rbs_motif=AGGA;rbs_spacer=5-10bp;gc_cont=0.593


Domain annotation for each sequence:
>> NZ_CP092483.1_1388  # 1429907 # 1430545 # 1 # ID=1_1388;partial=00;start_type=ATG;rbs_motif=AGGA;rbs_spacer=5-10bp;gc_cont=0.593
   #    score  bias  c-Evalue  i-Evalue hmmfrom  hmm to    alifrom  ali to    envfrom  env to     acc
 ---   ------ ----- --------- --------- ------- -------    ------- -------    ------- -------    ----
   1 !  222.2   0.0     2e-70   8.4e-67       2     179 ..       8     186 ..       7     187 .. 0.98



Internal pipeline statistics summary:
-------------------------------------
Query model(s):                            1  (180 nodes)
Target sequences:                       4286  (1314671 residues searched)
Passed MSV filter:                       332  (0.0774615); expected 85.7 (0.02)
Passed bias filter:                      321  (0.074895); expected 85.7 (0.02)
Passed Vit filter:                       165  (0.0384974); expected 4.3 (0.001)
Passed Fwd filter:                        39  (0.00909939); expected 0.0 (1e-05)
Initial search space (Z):               4286  [actual number of targets]
Domain search space  (domZ):               1  [number of targets reported over threshold]
# CPU time: 0.06u 0.00s 00:00:00.06 Elapsed: 00:00:00.06
# Mc/sec: 3793.77
//
Query:       TIGR03594  [M=432]
Accession:   TIGR03594
Description: GTPase_EngA: ribosome-associated GTPase EngA
Scores for complete sequences (score includes all domains):
   --- full sequence ---   --- best 1 domain ---    -#dom-
    E-value  score  bias    E-value  score  bias    exp  N  Sequence           Description
    ------- ------ -----    ------- ------ -----   ---- --  --------           -----------
   1.1e-163  543.2   0.0   1.2e-163  543.0   0.0    1.0  1  NZ_CP092483.1_1363  # 1407106 # 1408566 # 1 # ID=1_1363;partial=00;start_type=ATG;rbs_motif=GGA/GAG/AGG;rbs_spacer=5-10bp;gc_cont=0.631


Domain annotation for each sequence:
>> NZ_CP092483.1_1363  # 1407106 # 1408566 # 1 # ID=1_1363;partial=00;start_type=ATG;rbs_motif=GGA/GAG/AGG;rbs_spacer=5-10bp;gc_cont=0.631
   #    score  bias  c-Evalue  i-Evalue hmmfrom  hmm to    alifrom  ali to    envfrom  env to     acc
 ---   ------ ----- --------- --------- ------- -------    ------- -------    ------- -------    ----
   1 !  543.0   0.0  2.9e-167  1.2e-163       2     432 .]       4     470 ..       3     470 .. 0.96



Internal pipeline statistics summary:
-------------------------------------
Query model(s):                            1  (432 nodes)
Target sequences:                       4286  (1314671 residues searched)
Passed MSV filter:                       254  (0.0592627); expected 85.7 (0.02)
Passed bias filter:                      236  (0.055063); expected 85.7 (0.02)
Passed Vit filter:                        85  (0.019832); expected 4.3 (0.001)
Passed Fwd filter:                        19  (0.00443304); expected 0.0 (1e-05)
Initial search space (Z):               4286  [actual number of targets]
Domain search space  (domZ):               1  [number of targets reported over threshold]
# CPU time: 0.13u 0.00s 00:00:00.13 Elapsed: 00:00:00.13
# Mc/sec: 4273.48
//
Query:       TIGR03625  [M=202]
Accession:   TIGR03625
Description: L3_bact: 50S ribosomal protein uL3
Scores for complete sequences (score includes all domains):
   --- full sequence ---   --- best 1 domain ---    -#dom-
    E-value  score  bias    E-value  score  bias    exp  N  Sequence           Description
    ------- ------ -----    ------- ------ -----   ---- --  --------           -----------
    9.1e-83  274.9   8.3    1.1e-82  274.7   8.3    1.0  1  NZ_CP092483.1_2245  # 2304319 # 2305020 # -1 # ID=1_2245;partial=00;start_type=ATG;rbs_motif=AGxAGG/AGGxGG;rbs_spacer=5-10bp;gc_cont=0.623


Domain annotation for each sequence:
>> NZ_CP092483.1_2245  # 2304319 # 2305020 # -1 # ID=1_2245;partial=00;start_type=ATG;rbs_motif=AGxAGG/AGGxGG;rbs_spacer=5-10bp;gc_cont=0.623
   #    score  bias  c-Evalue  i-Evalue hmmfrom  hmm to    alifrom  ali to    envfrom  env to     acc
 ---   ------ ----- --------- --------- ------- -------    ------- -------    ------- -------    ----
   1 !  274.7   8.3   2.5e-86   1.1e-82       1     202 []       4     205 ..       4     205 .. 0.99



Internal pipeline statistics summary:
-------------------------------------
Query model(s):                            1  (202 nodes)
Target sequences:                       4286  (1314671 residues searched)
Passed MSV filter:                        75  (0.0174988); expected 85.7 (0.02)
Passed bias filter:                       63  (0.014699); expected 85.7 (0.02)
Passed Vit filter:                         3  (0.000699953); expected 4.3 (0.001)
Passed Fwd filter:                         1  (0.000233318); expected 0.0 (1e-05)
Initial search space (Z):               4286  [actual number of targets]
Domain search space  (domZ):               1  [number of targets reported over threshold]
# CPU time: 0.02u 0.00s 00:00:00.02 Elapsed: 00:00:00.01
# Mc/sec: 18349.37
//
Query:       TIGR03626  [M=331]
Accession:   TIGR03626
Description: L3_arch: ribosomal protein uL3
Scores for complete sequences (score includes all domains):
   --- full sequence ---   --- best 1 domain ---    -#dom-
    E-value  score  bias    E-value  score  bias    exp  N  Sequence Description
    ------- ------ -----    ------- ------ -----   ---- --  -------- -----------

   [No hits detected that satisfy reporting thresholds]


Domain annotation for each sequence:

   [No targets detected that satisfy reporting thresholds]


Internal pipeline statistics summary:
-------------------------------------
Query model(s):                            1  (331 nodes)
Target sequences:                       4286  (1314671 residues searched)
Passed MSV filter:                        80  (0.0186654); expected 85.7 (0.02)
Passed bias filter:                       70  (0.0163322); expected 85.7 (0.02)
Passed Vit filter:                         6  (0.00139991); expected 4.3 (0.001)
Passed Fwd filter:                         1  (0.000233318); expected 0.0 (1e-05)
Initial search space (Z):               4286  [actual number of targets]
Domain search space  (domZ):               0  [number of targets reported over threshold]
# CPU time: 0.03u 0.00s 00:00:00.03 Elapsed: 00:00:00.04
# Mc/sec: 10822.22
//
Query:       TIGR03627  [M=130]
Accession:   TIGR03627
Description: uS9_arch: ribosomal protein uS9
Scores for complete sequences (score includes all domains):
   --- full sequence ---   --- best 1 domain ---    -#dom-
    E-value  score  bias    E-value  score  bias    exp  N  Sequence Description
    ------- ------ -----    ------- ------ -----   ---- --  -------- -----------

   [No hits detected that satisfy reporting thresholds]


Domain annotation for each sequence:

   [No targets detected that satisfy reporting thresholds]


Internal pipeline statistics summary:
-------------------------------------
Query model(s):                            1  (130 nodes)
Target sequences:                       4286  (1314671 residues searched)
Passed MSV filter:                       213  (0.0496967); expected 85.7 (0.02)
Passed bias filter:                      184  (0.0429305); expected 85.7 (0.02)
Passed Vit filter:                        18  (0.00419972); expected 4.3 (0.001)
Passed Fwd filter:                         1  (0.000233318); expected 0.0 (1e-05)
Initial search space (Z):               4286  [actual number of targets]
Domain search space  (domZ):               0  [number of targets reported over threshold]
# CPU time: 0.03u 0.00s 00:00:00.03 Elapsed: 00:00:00.01
# Mc/sec: 8672.14
//
Query:       TIGR03628  [M=117]
Accession:   TIGR03628
Description: arch_S11P: ribosomal protein uS11
Scores for complete sequences (score includes all domains):
   --- full sequence ---   --- best 1 domain ---    -#dom-
    E-value  score  bias    E-value  score  bias    exp  N  Sequence Description
    ------- ------ -----    ------- ------ -----   ---- --  -------- -----------

   [No hits detected that satisfy reporting thresholds]


Domain annotation for each sequence:

   [No targets detected that satisfy reporting thresholds]


Internal pipeline statistics summary:
-------------------------------------
Query model(s):                            1  (117 nodes)
Target sequences:                       4286  (1314671 residues searched)
Passed MSV filter:                       180  (0.0419972); expected 85.7 (0.02)
Passed bias filter:                      115  (0.0268315); expected 85.7 (0.02)
Passed Vit filter:                        10  (0.00233318); expected 4.3 (0.001)
Passed Fwd filter:                         1  (0.000233318); expected 0.0 (1e-05)
Initial search space (Z):               4286  [actual number of targets]
Domain search space  (domZ):               0  [number of targets reported over threshold]
# CPU time: 0.02u 0.01s 00:00:00.03 Elapsed: 00:00:00.02
# Mc/sec: 5262.20
//
Query:       TIGR03629  [M=144]
Accession:   TIGR03629
Description: uS13_arch: ribosomal protein uS13
Scores for complete sequences (score includes all domains):
   --- full sequence ---   --- best 1 domain ---    -#dom-
    E-value  score  bias    E-value  score  bias    exp  N  Sequence Description
    ------- ------ -----    ------- ------ -----   ---- --  -------- -----------

   [No hits detected that satisfy reporting thresholds]


Domain annotation for each sequence:

   [No targets detected that satisfy reporting thresholds]


Internal pipeline statistics summary:
-------------------------------------
Query model(s):                            1  (144 nodes)
Target sequences:                       4286  (1314671 residues searched)
Passed MSV filter:                       112  (0.0261316); expected 85.7 (0.02)
Passed bias filter:                       99  (0.0230985); expected 85.7 (0.02)
Passed Vit filter:                         6  (0.00139991); expected 4.3 (0.001)
Passed Fwd filter:                         1  (0.000233318); expected 0.0 (1e-05)
Initial search space (Z):               4286  [actual number of targets]
Domain search space  (domZ):               0  [number of targets reported over threshold]
# CPU time: 0.02u 0.00s 00:00:00.02 Elapsed: 00:00:00.01
# Mc/sec: 11588.77
//
Query:       TIGR03632  [M=117]
Accession:   TIGR03632
Description: uS11_bact: ribosomal protein uS11
Scores for complete sequences (score includes all domains):
   --- full sequence ---   --- best 1 domain ---    -#dom-
    E-value  score  bias    E-value  score  bias    exp  N  Sequence           Description
    ------- ------ -----    ------- ------ -----   ---- --  --------           -----------
    2.4e-59  196.8   1.4      3e-59  196.5   1.4    1.0  1  NZ_CP092483.1_2222  # 2292961 # 2293353 # -1 # ID=1_2222;partial=00;start_type=ATG;rbs_motif=GGAG/GAGG;rbs_spacer=5-10bp;gc_cont=0.626


Domain annotation for each sequence:
>> NZ_CP092483.1_2222  # 2292961 # 2293353 # -1 # ID=1_2222;partial=00;start_type=ATG;rbs_motif=GGAG/GAGG;rbs_spacer=5-10bp;gc_cont=0.626
   #    score  bias  c-Evalue  i-Evalue hmmfrom  hmm to    alifrom  ali to    envfrom  env to     acc
 ---   ------ ----- --------- --------- ------- -------    ------- -------    ------- -------    ----
   1 !  196.5   1.4     7e-63     3e-59       1     117 []      11     127 ..      11     127 .. 0.99



Internal pipeline statistics summary:
-------------------------------------
Query model(s):                            1  (117 nodes)
Target sequences:                       4286  (1314671 residues searched)
Passed MSV filter:                       164  (0.0382641); expected 85.7 (0.02)
Passed bias filter:                      142  (0.0331311); expected 85.7 (0.02)
Passed Vit filter:                        15  (0.00349977); expected 4.3 (0.001)
Passed Fwd filter:                         1  (0.000233318); expected 0.0 (1e-05)
Initial search space (Z):               4286  [actual number of targets]
Domain search space  (domZ):               1  [number of targets reported over threshold]
# CPU time: 0.02u 0.00s 00:00:00.02 Elapsed: 00:00:00.03
# Mc/sec: 4690.58
//
Query:       TIGR03654  [M=175]
Accession:   TIGR03654
Description: L6_bact: ribosomal protein uL6
Scores for complete sequences (score includes all domains):
   --- full sequence ---   --- best 1 domain ---    -#dom-
    E-value  score  bias    E-value  score  bias    exp  N  Sequence           Description
    ------- ------ -----    ------- ------ -----   ---- --  --------           -----------
    3.3e-72  239.8   0.7    3.7e-72  239.6   0.7    1.0  1  NZ_CP092483.1_2230  # 2297682 # 2298215 # -1 # ID=1_2230;partial=00;start_type=ATG;rbs_motif=AGGA;rbs_spacer=5-10bp;gc_cont=0.594


Domain annotation for each sequence:
>> NZ_CP092483.1_2230  # 2297682 # 2298215 # -1 # ID=1_2230;partial=00;start_type=ATG;rbs_motif=AGGA;rbs_spacer=5-10bp;gc_cont=0.594
   #    score  bias  c-Evalue  i-Evalue hmmfrom  hmm to    alifrom  ali to    envfrom  env to     acc
 ---   ------ ----- --------- --------- ------- -------    ------- -------    ------- -------    ----
   1 !  239.6   0.7   8.7e-76   3.7e-72       1     175 []       2     176 ..       2     176 .. 1.00



Internal pipeline statistics summary:
-------------------------------------
Query model(s):                            1  (175 nodes)
Target sequences:                       4286  (1314671 residues searched)
Passed MSV filter:                        80  (0.0186654); expected 85.7 (0.02)
Passed bias filter:                       70  (0.0163322); expected 85.7 (0.02)
Passed Vit filter:                         5  (0.00116659); expected 4.3 (0.001)
Passed Fwd filter:                         2  (0.000466636); expected 0.0 (1e-05)
Initial search space (Z):               4286  [actual number of targets]
Domain search space  (domZ):               1  [number of targets reported over threshold]
# CPU time: 0.02u 0.00s 00:00:00.02 Elapsed: 00:00:00.01
# Mc/sec: 15337.45
//
Query:       TIGR03670  [M=599]
Accession:   TIGR03670
Description: rpoB_arch: DNA-directed RNA polymerase subunit B
Scores for complete sequences (score includes all domains):
   --- full sequence ---   --- best 1 domain ---    -#dom-
    E-value  score  bias    E-value  score  bias    exp  N  Sequence Description
    ------- ------ -----    ------- ------ -----   ---- --  -------- -----------

   [No hits detected that satisfy reporting thresholds]


Domain annotation for each sequence:

   [No targets detected that satisfy reporting thresholds]


Internal pipeline statistics summary:
-------------------------------------
Query model(s):                            1  (599 nodes)
Target sequences:                       4286  (1314671 residues searched)
Passed MSV filter:                        65  (0.0151657); expected 85.7 (0.02)
Passed bias filter:                       59  (0.0137657); expected 85.7 (0.02)
Passed Vit filter:                         4  (0.000933271); expected 4.3 (0.001)
Passed Fwd filter:                         1  (0.000233318); expected 0.0 (1e-05)
Initial search space (Z):               4286  [actual number of targets]
Domain search space  (domZ):               0  [number of targets reported over threshold]
# CPU time: 0.05u 0.01s 00:00:00.06 Elapsed: 00:00:00.07
# Mc/sec: 11137.06
//
Query:       TIGR03671  [M=410]
Accession:   TIGR03671
Description: cca_archaeal: CCA-adding enzyme
Scores for complete sequences (score includes all domains):
   --- full sequence ---   --- best 1 domain ---    -#dom-
    E-value  score  bias    E-value  score  bias    exp  N  Sequence Description
    ------- ------ -----    ------- ------ -----   ---- --  -------- -----------

   [No hits detected that satisfy reporting thresholds]


Domain annotation for each sequence:

   [No targets detected that satisfy reporting thresholds]


Internal pipeline statistics summary:
-------------------------------------
Query model(s):                            1  (410 nodes)
Target sequences:                       4286  (1314671 residues searched)
Passed MSV filter:                        75  (0.0174988); expected 85.7 (0.02)
Passed bias filter:                       71  (0.0165656); expected 85.7 (0.02)
Passed Vit filter:                         8  (0.00186654); expected 4.3 (0.001)
Passed Fwd filter:                         0  (0); expected 0.0 (1e-05)
Initial search space (Z):               4286  [actual number of targets]
Domain search space  (domZ):               0  [number of targets reported over threshold]
# CPU time: 0.04u 0.00s 00:00:00.04 Elapsed: 00:00:00.02
# Mc/sec: 18987.70
//
Query:       TIGR03672  [M=251]
Accession:   TIGR03672
Description: rpl4p_arch: 50S ribosomal protein uL4
Scores for complete sequences (score includes all domains):
   --- full sequence ---   --- best 1 domain ---    -#dom-
    E-value  score  bias    E-value  score  bias    exp  N  Sequence Description
    ------- ------ -----    ------- ------ -----   ---- --  -------- -----------

   [No hits detected that satisfy reporting thresholds]


Domain annotation for each sequence:

   [No targets detected that satisfy reporting thresholds]


Internal pipeline statistics summary:
-------------------------------------
Query model(s):                            1  (251 nodes)
Target sequences:                       4286  (1314671 residues searched)
Passed MSV filter:                       118  (0.0275315); expected 85.7 (0.02)
Passed bias filter:                       81  (0.0188987); expected 85.7 (0.02)
Passed Vit filter:                         5  (0.00116659); expected 4.3 (0.001)
Passed Fwd filter:                         1  (0.000233318); expected 0.0 (1e-05)
Initial search space (Z):               4286  [actual number of targets]
Domain search space  (domZ):               0  [number of targets reported over threshold]
# CPU time: 0.03u 0.00s 00:00:00.03 Elapsed: 00:00:00.04
# Mc/sec: 8182.55
//
Query:       TIGR03673  [M=131]
Accession:   TIGR03673
Description: uL14_arch: 50S ribosomal protein uL14
Scores for complete sequences (score includes all domains):
   --- full sequence ---   --- best 1 domain ---    -#dom-
    E-value  score  bias    E-value  score  bias    exp  N  Sequence Description
    ------- ------ -----    ------- ------ -----   ---- --  -------- -----------

   [No hits detected that satisfy reporting thresholds]


Domain annotation for each sequence:

   [No targets detected that satisfy reporting thresholds]


Internal pipeline statistics summary:
-------------------------------------
Query model(s):                            1  (131 nodes)
Target sequences:                       4286  (1314671 residues searched)
Passed MSV filter:                       122  (0.0284648); expected 85.7 (0.02)
Passed bias filter:                       97  (0.0226318); expected 85.7 (0.02)
Passed Vit filter:                        10  (0.00233318); expected 4.3 (0.001)
Passed Fwd filter:                         1  (0.000233318); expected 0.0 (1e-05)
Initial search space (Z):               4286  [actual number of targets]
Domain search space  (domZ):               0  [number of targets reported over threshold]
# CPU time: 0.02u 0.00s 00:00:00.02 Elapsed: 00:00:00.01
# Mc/sec: 9623.19
//
Query:       TIGR03674  [M=338]
Accession:   TIGR03674
Description: fen_arch: flap structure-specific endonuclease
Scores for complete sequences (score includes all domains):
   --- full sequence ---   --- best 1 domain ---    -#dom-
    E-value  score  bias    E-value  score  bias    exp  N  Sequence Description
    ------- ------ -----    ------- ------ -----   ---- --  -------- -----------

   [No hits detected that satisfy reporting thresholds]


Domain annotation for each sequence:

   [No targets detected that satisfy reporting thresholds]


Internal pipeline statistics summary:
-------------------------------------
Query model(s):                            1  (338 nodes)
Target sequences:                       4286  (1314671 residues searched)
Passed MSV filter:                        92  (0.0214652); expected 85.7 (0.02)
Passed bias filter:                       71  (0.0165656); expected 85.7 (0.02)
Passed Vit filter:                         8  (0.00186654); expected 4.3 (0.001)
Passed Fwd filter:                         2  (0.000466636); expected 0.0 (1e-05)
Initial search space (Z):               4286  [actual number of targets]
Domain search space  (domZ):               0  [number of targets reported over threshold]
# CPU time: 0.03u 0.00s 00:00:00.03 Elapsed: 00:00:00.04
# Mc/sec: 10703.78
//
Query:       TIGR03676  [M=403]
Accession:   TIGR03676
Description: aRF1/eRF1: peptide chain release factor 1, archaeal and eukaryotic forms
Scores for complete sequences (score includes all domains):
   --- full sequence ---   --- best 1 domain ---    -#dom-
    E-value  score  bias    E-value  score  bias    exp  N  Sequence Description
    ------- ------ -----    ------- ------ -----   ---- --  -------- -----------

   [No hits detected that satisfy reporting thresholds]


Domain annotation for each sequence:

   [No targets detected that satisfy reporting thresholds]


Internal pipeline statistics summary:
-------------------------------------
Query model(s):                            1  (403 nodes)
Target sequences:                       4286  (1314671 residues searched)
Passed MSV filter:                       100  (0.0233318); expected 85.7 (0.02)
Passed bias filter:                       86  (0.0200653); expected 85.7 (0.02)
Passed Vit filter:                         2  (0.000466636); expected 4.3 (0.001)
Passed Fwd filter:                         0  (0); expected 0.0 (1e-05)
Initial search space (Z):               4286  [actual number of targets]
Domain search space  (domZ):               0  [number of targets reported over threshold]
# CPU time: 0.04u 0.00s 00:00:00.04 Elapsed: 00:00:00.04
# Mc/sec: 12729.18
//
Query:       TIGR03680  [M=407]
Accession:   TIGR03680
Description: eif2g_arch: translation initiation factor 2, gamma subunit
Scores for complete sequences (score includes all domains):
   --- full sequence ---   --- best 1 domain ---    -#dom-
    E-value  score  bias    E-value  score  bias    exp  N  Sequence Description
    ------- ------ -----    ------- ------ -----   ---- --  -------- -----------

   [No hits detected that satisfy reporting thresholds]


Domain annotation for each sequence:

   [No targets detected that satisfy reporting thresholds]


Internal pipeline statistics summary:
-------------------------------------
Query model(s):                            1  (407 nodes)
Target sequences:                       4286  (1314671 residues searched)
Passed MSV filter:                       152  (0.0354643); expected 85.7 (0.02)
Passed bias filter:                      138  (0.0321979); expected 85.7 (0.02)
Passed Vit filter:                        20  (0.00466636); expected 4.3 (0.001)
Passed Fwd filter:                         8  (0.00186654); expected 0.0 (1e-05)
Initial search space (Z):               4286  [actual number of targets]
Domain search space  (domZ):               0  [number of targets reported over threshold]
# CPU time: 0.08u 0.00s 00:00:00.08 Elapsed: 00:00:00.11
# Mc/sec: 4851.37
//
Query:       TIGR03723  [M=314]
Accession:   TIGR03723
Description: T6A_TsaD_YgjD: tRNA threonylcarbamoyl adenosine modification protein TsaD
Scores for complete sequences (score includes all domains):
   --- full sequence ---   --- best 1 domain ---    -#dom-
    E-value  score  bias    E-value  score  bias    exp  N  Sequence           Description
    ------- ------ -----    ------- ------ -----   ---- --  --------           -----------
   1.2e-120  400.2   0.6   1.4e-120  400.0   0.6    1.0  1  NZ_CP092483.1_4062  # 4143493 # 4144572 # -1 # ID=1_4062;partial=00;start_type=GTG;rbs_motif=4Base/6BMM;rbs_spacer=13-15bp;gc_cont=0.656


Domain annotation for each sequence:
>> NZ_CP092483.1_4062  # 4143493 # 4144572 # -1 # ID=1_4062;partial=00;start_type=GTG;rbs_motif=4Base/6BMM;rbs_spacer=13-15bp;gc_cont=0.656
   #    score  bias  c-Evalue  i-Evalue hmmfrom  hmm to    alifrom  ali to    envfrom  env to     acc
 ---   ------ ----- --------- --------- ------- -------    ------- -------    ------- -------    ----
   1 !  400.0   0.6  3.3e-124  1.4e-120       1     313 [.       9     329 ..       9     330 .. 0.96



Internal pipeline statistics summary:
-------------------------------------
Query model(s):                            1  (314 nodes)
Target sequences:                       4286  (1314671 residues searched)
Passed MSV filter:                       121  (0.0282315); expected 85.7 (0.02)
Passed bias filter:                       80  (0.0186654); expected 85.7 (0.02)
Passed Vit filter:                         8  (0.00186654); expected 4.3 (0.001)
Passed Fwd filter:                         2  (0.000466636); expected 0.0 (1e-05)
Initial search space (Z):               4286  [actual number of targets]
Domain search space  (domZ):               1  [number of targets reported over threshold]
# CPU time: 0.03u 0.00s 00:00:00.03 Elapsed: 00:00:00.02
# Mc/sec: 16814.77
//
Query:       TIGR03725  [M=212]
Accession:   TIGR03725
Description: T6A_YeaZ: tRNA threonylcarbamoyl adenosine modification protein YeaZ
Scores for complete sequences (score includes all domains):
   --- full sequence ---   --- best 1 domain ---    -#dom-
    E-value  score  bias    E-value  score  bias    exp  N  Sequence           Description
    ------- ------ -----    ------- ------ -----   ---- --  --------           -----------
      2e-36  123.8   0.7    2.3e-36  123.7   0.7    1.1  1  NZ_CP092483.1_4259  # 4329367 # 4329981 # 1 # ID=1_4259;partial=00;start_type=GTG;rbs_motif=GGAG/GAGG;rbs_spacer=5-10bp;gc_cont=0.668


Domain annotation for each sequence:
>> NZ_CP092483.1_4259  # 4329367 # 4329981 # 1 # ID=1_4259;partial=00;start_type=GTG;rbs_motif=GGAG/GAGG;rbs_spacer=5-10bp;gc_cont=0.668
   #    score  bias  c-Evalue  i-Evalue hmmfrom  hmm to    alifrom  ali to    envfrom  env to     acc
 ---   ------ ----- --------- --------- ------- -------    ------- -------    ------- -------    ----
   1 !  123.7   0.7   5.3e-40   2.3e-36       2     144 ..       9     142 ..       8     201 .. 0.81



Internal pipeline statistics summary:
-------------------------------------
Query model(s):                            1  (212 nodes)
Target sequences:                       4286  (1314671 residues searched)
Passed MSV filter:                       207  (0.0482968); expected 85.7 (0.02)
Passed bias filter:                      120  (0.0279981); expected 85.7 (0.02)
Passed Vit filter:                        15  (0.00349977); expected 4.3 (0.001)
Passed Fwd filter:                         2  (0.000466636); expected 0.0 (1e-05)
Initial search space (Z):               4286  [actual number of targets]
Domain search space  (domZ):               1  [number of targets reported over threshold]
# CPU time: 0.03u 0.00s 00:00:00.03 Elapsed: 00:00:00.03
# Mc/sec: 7490.93
//
Query:       TIGR03953  [M=188]
Accession:   TIGR03953
Description: rplD_bact: 50S ribosomal protein uL4
Scores for complete sequences (score includes all domains):
   --- full sequence ---   --- best 1 domain ---    -#dom-
    E-value  score  bias    E-value  score  bias    exp  N  Sequence           Description
    ------- ------ -----    ------- ------ -----   ---- --  --------           -----------
    7.8e-66  218.9   0.3    8.8e-66  218.7   0.3    1.0  1  NZ_CP092483.1_2244  # 2303698 # 2304318 # -1 # ID=1_2244;partial=00;start_type=ATG;rbs_motif=GGA/GAG/AGG;rbs_spacer=5-10bp;gc_cont=0.625


Domain annotation for each sequence:
>> NZ_CP092483.1_2244  # 2303698 # 2304318 # -1 # ID=1_2244;partial=00;start_type=ATG;rbs_motif=GGA/GAG/AGG;rbs_spacer=5-10bp;gc_cont=0.625
   #    score  bias  c-Evalue  i-Evalue hmmfrom  hmm to    alifrom  ali to    envfrom  env to     acc
 ---   ------ ----- --------- --------- ------- -------    ------- -------    ------- -------    ----
   1 !  218.7   0.3   2.1e-69   8.8e-66       1     187 [.      16     202 ..      16     203 .. 0.99



Internal pipeline statistics summary:
-------------------------------------
Query model(s):                            1  (188 nodes)
Target sequences:                       4286  (1314671 residues searched)
Passed MSV filter:                        61  (0.0142324); expected 85.7 (0.02)
Passed bias filter:                       54  (0.0125992); expected 85.7 (0.02)
Passed Vit filter:                         6  (0.00139991); expected 4.3 (0.001)
Passed Fwd filter:                         1  (0.000233318); expected 0.0 (1e-05)
Initial search space (Z):               4286  [actual number of targets]
Domain search space  (domZ):               1  [number of targets reported over threshold]
# CPU time: 0.02u 0.00s 00:00:00.02 Elapsed: 00:00:00.02
# Mc/sec: 9723.73
//
[ok]
