# hmmsearch :: search profile(s) against a sequence database
# HMMER 3.4 (Aug 2023); http://hmmer.org/
# Copyright (C) 2023 Howard Hughes Medical Institute.
# Freely distributed under the BSD open source license.
# - - - - - - - - - - - - - - - - - - - - - - - - - - - - - - - - - - - -
# query HMM file:                  /dgxb_home/se26plsc001/arvind/Devosia_BGC/data/databases/gtdbtk_r232/release232/markers/tigrfam/tigrfam.hmm
# target sequence database:        results/05_phylogeny/identify_all/identify/intermediate_results/marker_genes/query_GCA_060610975.1/query_GCA_060610975.1_protein.faa
# output directed to file:         results/05_phylogeny/identify_all/identify/intermediate_results/marker_genes/query_GCA_060610975.1/query_GCA_060610975.1_tigrfam.out
# per-seq hits tabular output:     results/05_phylogeny/identify_all/identify/intermediate_results/marker_genes/query_GCA_060610975.1/query_GCA_060610975.1_tigrfam.tsv
# show alignments in output:       no
# max ASCII text line length:      unlimited
# model-specific thresholding:     NC cutoffs
# number of worker threads:        1
# - - - - - - - - - - - - - - - - - - - - - - - - - - - - - - - - - - - -

Query:       TIGR00006  [M=310]
Accession:   TIGR00006
Description: TIGR00006: 16S rRNA (cytosine(1402)-N(4))-methyltransferase
Scores for complete sequences (score includes all domains):
   --- full sequence ---   --- best 1 domain ---    -#dom-
    E-value  score  bias    E-value  score  bias    exp  N  Sequence            Description
    ------- ------ -----    ------- ------ -----   ---- --  --------            -----------
    3.3e-83  277.3   0.0      4e-83  277.0   0.0    1.0  1  DBOIFJ010000031.1_8  # 7487 # 8473 # -1 # ID=31_8;partial=00;start_type=ATG;rbs_motif=AGxAG;rbs_spacer=5-10bp;gc_cont=0.685


Domain annotation for each sequence:
>> DBOIFJ010000031.1_8  # 7487 # 8473 # -1 # ID=31_8;partial=00;start_type=ATG;rbs_motif=AGxAG;rbs_spacer=5-10bp;gc_cont=0.685
   #    score  bias  c-Evalue  i-Evalue hmmfrom  hmm to    alifrom  ali to    envfrom  env to     acc
 ---   ------ ----- --------- --------- ------- -------    ------- -------    ------- -------    ----
   1 !  277.0   0.0   1.1e-86     4e-83       6     306 ..      10     303 ..       7     307 .. 0.92



Internal pipeline statistics summary:
-------------------------------------
Query model(s):                            1  (310 nodes)
Target sequences:                       3596  (1099884 residues searched)
Passed MSV filter:                        72  (0.0200222); expected 71.9 (0.02)
Passed bias filter:                       63  (0.0175195); expected 71.9 (0.02)
Passed Vit filter:                         2  (0.000556174); expected 3.6 (0.001)
Passed Fwd filter:                         1  (0.000278087); expected 0.0 (1e-05)
Initial search space (Z):               3596  [actual number of targets]
Domain search space  (domZ):               1  [number of targets reported over threshold]
# CPU time: 0.02u 0.00s 00:00:00.02 Elapsed: 00:00:00.03
# Mc/sec: 8526.01
//
Query:       TIGR00019  [M=361]
Accession:   TIGR00019
Description: prfA: peptide chain release factor 1
Scores for complete sequences (score includes all domains):
   --- full sequence ---   --- best 1 domain ---    -#dom-
    E-value  score  bias    E-value  score  bias    exp  N  Sequence            Description
    ------- ------ -----    ------- ------ -----   ---- --  --------            -----------
   7.3e-151  499.8   1.1   8.1e-151  499.6   1.1    1.0  1  DBOIFJ010000050.1_9  # 13517 # 14593 # -1 # ID=50_9;partial=00;start_type=ATG;rbs_motif=AGxAG;rbs_spacer=5-10bp;gc_cont=0.659


Domain annotation for each sequence:
>> DBOIFJ010000050.1_9  # 13517 # 14593 # -1 # ID=50_9;partial=00;start_type=ATG;rbs_motif=AGxAG;rbs_spacer=5-10bp;gc_cont=0.659
   #    score  bias  c-Evalue  i-Evalue hmmfrom  hmm to    alifrom  ali to    envfrom  env to     acc
 ---   ------ ----- --------- --------- ------- -------    ------- -------    ------- -------    ----
   1 !  499.6   1.1  2.3e-154  8.1e-151       7     360 ..       6     356 ..       1     357 [. 0.97



Internal pipeline statistics summary:
-------------------------------------
Query model(s):                            1  (361 nodes)
Target sequences:                       3596  (1099884 residues searched)
Passed MSV filter:                        79  (0.0219689); expected 71.9 (0.02)
Passed bias filter:                       60  (0.0166852); expected 71.9 (0.02)
Passed Vit filter:                        11  (0.00305895); expected 3.6 (0.001)
Passed Fwd filter:                         3  (0.00083426); expected 0.0 (1e-05)
Initial search space (Z):               3596  [actual number of targets]
Domain search space  (domZ):               1  [number of targets reported over threshold]
# CPU time: 0.04u 0.01s 00:00:00.05 Elapsed: 00:00:00.03
# Mc/sec: 10797.24
//
Query:       TIGR00020  [M=365]
Accession:   TIGR00020
Description: prfB: peptide chain release factor 2
Scores for complete sequences (score includes all domains):
   --- full sequence ---   --- best 1 domain ---    -#dom-
    E-value  score  bias    E-value  score  bias    exp  N  Sequence              Description
    ------- ------ -----    ------- ------ -----   ---- --  --------              -----------
   2.4e-147  488.3   5.0   2.7e-147  488.1   5.0    1.0  1  DBOIFJ010000026.1_104  # 113606 # 114565 # -1 # ID=26_104;partial=00;start_type=ATG;rbs_motif=None;rbs_spacer=None;gc_cont=0.631


Domain annotation for each sequence:
>> DBOIFJ010000026.1_104  # 113606 # 114565 # -1 # ID=26_104;partial=00;start_type=ATG;rbs_motif=None;rbs_spacer=None;gc_cont=0.631
   #    score  bias  c-Evalue  i-Evalue hmmfrom  hmm to    alifrom  ali to    envfrom  env to     acc
 ---   ------ ----- --------- --------- ------- -------    ------- -------    ------- -------    ----
   1 !  488.1   5.0  7.6e-151  2.7e-147      57     363 ..       2     308 ..       1     310 [. 0.99



Internal pipeline statistics summary:
-------------------------------------
Query model(s):                            1  (365 nodes)
Target sequences:                       3596  (1099884 residues searched)
Passed MSV filter:                        69  (0.019188); expected 71.9 (0.02)
Passed bias filter:                       50  (0.0139043); expected 71.9 (0.02)
Passed Vit filter:                         9  (0.00250278); expected 3.6 (0.001)
Passed Fwd filter:                         3  (0.00083426); expected 0.0 (1e-05)
Initial search space (Z):               3596  [actual number of targets]
Domain search space  (domZ):               1  [number of targets reported over threshold]
# CPU time: 0.03u 0.00s 00:00:00.03 Elapsed: 00:00:00.04
# Mc/sec: 9272.01
//
Query:       TIGR00029  [M=87]
Accession:   TIGR00029
Description: S20: ribosomal protein bS20
Scores for complete sequences (score includes all domains):
   --- full sequence ---   --- best 1 domain ---    -#dom-
    E-value  score  bias    E-value  score  bias    exp  N  Sequence             Description
    ------- ------ -----    ------- ------ -----   ---- --  --------             -----------
    7.2e-22   75.4   7.6      8e-22   75.3   7.6    1.0  1  DBOIFJ010000015.1_20  # 14944 # 15216 # 1 # ID=15_20;partial=00;start_type=ATG;rbs_motif=GGAG/GAGG;rbs_spacer=5-10bp;gc_cont=0.678


Domain annotation for each sequence:
>> DBOIFJ010000015.1_20  # 14944 # 15216 # 1 # ID=15_20;partial=00;start_type=ATG;rbs_motif=GGAG/GAGG;rbs_spacer=5-10bp;gc_cont=0.678
   #    score  bias  c-Evalue  i-Evalue hmmfrom  hmm to    alifrom  ali to    envfrom  env to     acc
 ---   ------ ----- --------- --------- ------- -------    ------- -------    ------- -------    ----
   1 !   75.3   7.6   2.2e-25     8e-22       1      86 [.       1      86 [.       1      87 [. 0.98



Internal pipeline statistics summary:
-------------------------------------
Query model(s):                            1  (87 nodes)
Target sequences:                       3596  (1099884 residues searched)
Passed MSV filter:                        81  (0.022525); expected 71.9 (0.02)
Passed bias filter:                       66  (0.0183537); expected 71.9 (0.02)
Passed Vit filter:                         6  (0.00166852); expected 3.6 (0.001)
Passed Fwd filter:                         1  (0.000278087); expected 0.0 (1e-05)
Initial search space (Z):               3596  [actual number of targets]
Domain search space  (domZ):               1  [number of targets reported over threshold]
# CPU time: 0.02u 0.00s 00:00:00.02 Elapsed: 00:00:00.01
# Mc/sec: 4856.59
//
Query:       TIGR00037  [M=130]
Accession:   TIGR00037
Description: eIF_5A: translation elongation factor IF5A
Scores for complete sequences (score includes all domains):
   --- full sequence ---   --- best 1 domain ---    -#dom-
    E-value  score  bias    E-value  score  bias    exp  N  Sequence Description
    ------- ------ -----    ------- ------ -----   ---- --  -------- -----------

   [No hits detected that satisfy reporting thresholds]


Domain annotation for each sequence:

   [No targets detected that satisfy reporting thresholds]


Internal pipeline statistics summary:
-------------------------------------
Query model(s):                            1  (130 nodes)
Target sequences:                       3596  (1099884 residues searched)
Passed MSV filter:                        55  (0.0152948); expected 71.9 (0.02)
Passed bias filter:                       48  (0.0133482); expected 71.9 (0.02)
Passed Vit filter:                         5  (0.00139043); expected 3.6 (0.001)
Passed Fwd filter:                         0  (0); expected 0.0 (1e-05)
Initial search space (Z):               3596  [actual number of targets]
Domain search space  (domZ):               0  [number of targets reported over threshold]
# CPU time: 0.01u 0.00s 00:00:00.01 Elapsed: 00:00:00.02
# Mc/sec: 6205.10
//
Query:       TIGR00043  [M=111]
Accession:   TIGR00043
Description: TIGR00043: rRNA maturation RNase YbeY
Scores for complete sequences (score includes all domains):
   --- full sequence ---   --- best 1 domain ---    -#dom-
    E-value  score  bias    E-value  score  bias    exp  N  Sequence             Description
    ------- ------ -----    ------- ------ -----   ---- --  --------             -----------
      7e-34  114.0   0.0    8.5e-34  113.7   0.0    1.1  1  DBOIFJ010000015.1_90  # 82254 # 82736 # -1 # ID=15_90;partial=00;start_type=TTG;rbs_motif=GGA/GAG/AGG;rbs_spacer=3-4bp;gc_cont=0.646


Domain annotation for each sequence:
>> DBOIFJ010000015.1_90  # 82254 # 82736 # -1 # ID=15_90;partial=00;start_type=TTG;rbs_motif=GGA/GAG/AGG;rbs_spacer=3-4bp;gc_cont=0.646
   #    score  bias  c-Evalue  i-Evalue hmmfrom  hmm to    alifrom  ali to    envfrom  env to     acc
 ---   ------ ----- --------- --------- ------- -------    ------- -------    ------- -------    ----
   1 !  113.7   0.0   2.4e-37   8.5e-34       2     110 ..      47     151 ..      46     152 .. 0.94



Internal pipeline statistics summary:
-------------------------------------
Query model(s):                            1  (111 nodes)
Target sequences:                       3596  (1099884 residues searched)
Passed MSV filter:                        49  (0.0136263); expected 71.9 (0.02)
Passed bias filter:                       48  (0.0133482); expected 71.9 (0.02)
Passed Vit filter:                         5  (0.00139043); expected 3.6 (0.001)
Passed Fwd filter:                         1  (0.000278087); expected 0.0 (1e-05)
Initial search space (Z):               3596  [actual number of targets]
Domain search space  (domZ):               1  [number of targets reported over threshold]
# CPU time: 0.02u 0.00s 00:00:00.02 Elapsed: 00:00:00.01
# Mc/sec: 10163.94
//
Query:       TIGR00054  [M=421]
Accession:   TIGR00054
Description: TIGR00054: RIP metalloprotease RseP
Scores for complete sequences (score includes all domains):
   --- full sequence ---   --- best 1 domain ---    -#dom-
    E-value  score  bias    E-value  score  bias    exp  N  Sequence             Description
    ------- ------ -----    ------- ------ -----   ---- --  --------             -----------
    8.2e-87  289.4   0.0    2.5e-52  175.8   0.0    2.0  2  DBOIFJ010000026.1_25  # 24693 # 25832 # 1 # ID=26_25;partial=00;start_type=ATG;rbs_motif=GGAG/GAGG;rbs_spacer=5-10bp;gc_cont=0.626


Domain annotation for each sequence:
>> DBOIFJ010000026.1_25  # 24693 # 25832 # 1 # ID=26_25;partial=00;start_type=ATG;rbs_motif=GGAG/GAGG;rbs_spacer=5-10bp;gc_cont=0.626
   #    score  bias  c-Evalue  i-Evalue hmmfrom  hmm to    alifrom  ali to    envfrom  env to     acc
 ---   ------ ----- --------- --------- ------- -------    ------- -------    ------- -------    ----
   1 !  112.0   0.0   1.6e-36   5.6e-33       2     117 ..       8     135 ..       7     143 .. 0.90
   2 !  175.8   0.0     7e-56   2.5e-52     201     416 ..     142     370 ..     137     373 .. 0.96



Internal pipeline statistics summary:
-------------------------------------
Query model(s):                            1  (421 nodes)
Target sequences:                       3596  (1099884 residues searched)
Passed MSV filter:                        91  (0.0253059); expected 71.9 (0.02)
Passed bias filter:                       68  (0.0189099); expected 71.9 (0.02)
Passed Vit filter:                        13  (0.00361513); expected 3.6 (0.001)
Passed Fwd filter:                         6  (0.00166852); expected 0.0 (1e-05)
Initial search space (Z):               3596  [actual number of targets]
Domain search space  (domZ):               1  [number of targets reported over threshold]
# CPU time: 0.04u 0.01s 00:00:00.05 Elapsed: 00:00:00.05
# Mc/sec: 8679.09
//
Query:       TIGR00059  [M=112]
Accession:   TIGR00059
Description: L17: ribosomal protein bL17
Scores for complete sequences (score includes all domains):
   --- full sequence ---   --- best 1 domain ---    -#dom-
    E-value  score  bias    E-value  score  bias    exp  N  Sequence             Description
    ------- ------ -----    ------- ------ -----   ---- --  --------             -----------
    1.7e-43  145.2   0.3    2.1e-43  144.8   0.3    1.1  1  DBOIFJ010000002.1_45  # 34954 # 35394 # 1 # ID=2_45;partial=00;start_type=ATG;rbs_motif=GGAG/GAGG;rbs_spacer=5-10bp;gc_cont=0.639


Domain annotation for each sequence:
>> DBOIFJ010000002.1_45  # 34954 # 35394 # 1 # ID=2_45;partial=00;start_type=ATG;rbs_motif=GGAG/GAGG;rbs_spacer=5-10bp;gc_cont=0.639
   #    score  bias  c-Evalue  i-Evalue hmmfrom  hmm to    alifrom  ali to    envfrom  env to     acc
 ---   ------ ----- --------- --------- ------- -------    ------- -------    ------- -------    ----
   1 !  144.8   0.3   5.9e-47   2.1e-43       3     112 .]       8     117 ..       6     117 .. 0.99



Internal pipeline statistics summary:
-------------------------------------
Query model(s):                            1  (112 nodes)
Target sequences:                       3596  (1099884 residues searched)
Passed MSV filter:                        74  (0.0205784); expected 71.9 (0.02)
Passed bias filter:                       60  (0.0166852); expected 71.9 (0.02)
Passed Vit filter:                         2  (0.000556174); expected 3.6 (0.001)
Passed Fwd filter:                         1  (0.000278087); expected 0.0 (1e-05)
Initial search space (Z):               3596  [actual number of targets]
Domain search space  (domZ):               1  [number of targets reported over threshold]
# CPU time: 0.01u 0.00s 00:00:00.01 Elapsed: 00:00:00.03
# Mc/sec: 3926.59
//
Query:       TIGR00061  [M=101]
Accession:   TIGR00061
Description: L21: ribosomal protein bL21
Scores for complete sequences (score includes all domains):
   --- full sequence ---   --- best 1 domain ---    -#dom-
    E-value  score  bias    E-value  score  bias    exp  N  Sequence              Description
    ------- ------ -----    ------- ------ -----   ---- --  --------              -----------
    3.8e-29   98.7   0.3    6.1e-29   98.1   0.3    1.3  1  DBOIFJ010000050.1_209  # 214894 # 215469 # 1 # ID=50_209;partial=00;start_type=ATG;rbs_motif=GGxGG;rbs_spacer=5-10bp;gc_cont=0.658


Domain annotation for each sequence:
>> DBOIFJ010000050.1_209  # 214894 # 215469 # 1 # ID=50_209;partial=00;start_type=ATG;rbs_motif=GGxGG;rbs_spacer=5-10bp;gc_cont=0.658
   #    score  bias  c-Evalue  i-Evalue hmmfrom  hmm to    alifrom  ali to    envfrom  env to     acc
 ---   ------ ----- --------- --------- ------- -------    ------- -------    ------- -------    ----
   1 !   98.1   0.3   1.7e-32   6.1e-29       1     100 [.       2     102 ..       2     103 .. 0.96



Internal pipeline statistics summary:
-------------------------------------
Query model(s):                            1  (101 nodes)
Target sequences:                       3596  (1099884 residues searched)
Passed MSV filter:                        41  (0.0114016); expected 71.9 (0.02)
Passed bias filter:                       36  (0.0100111); expected 71.9 (0.02)
Passed Vit filter:                         2  (0.000556174); expected 3.6 (0.001)
Passed Fwd filter:                         1  (0.000278087); expected 0.0 (1e-05)
Initial search space (Z):               3596  [actual number of targets]
Domain search space  (domZ):               1  [number of targets reported over threshold]
# CPU time: 0.01u 0.00s 00:00:00.01 Elapsed: 00:00:00.01
# Mc/sec: 8698.15
//
Query:       TIGR00064  [M=279]
Accession:   TIGR00064
Description: ftsY: signal recognition particle-docking protein FtsY
Scores for complete sequences (score includes all domains):
   --- full sequence ---   --- best 1 domain ---    -#dom-
    E-value  score  bias    E-value  score  bias    exp  N  Sequence             Description
    ------- ------ -----    ------- ------ -----   ---- --  --------             -----------
    7.3e-98  324.9   0.6    8.8e-98  324.6   0.6    1.0  1  DBOIFJ010000034.1_76  # 76469 # 77563 # -1 # ID=34_76;partial=00;start_type=ATG;rbs_motif=GGxGG;rbs_spacer=3-4bp;gc_cont=0.658


Domain annotation for each sequence:
>> DBOIFJ010000034.1_76  # 76469 # 77563 # -1 # ID=34_76;partial=00;start_type=ATG;rbs_motif=GGxGG;rbs_spacer=3-4bp;gc_cont=0.658
   #    score  bias  c-Evalue  i-Evalue hmmfrom  hmm to    alifrom  ali to    envfrom  env to     acc
 ---   ------ ----- --------- --------- ------- -------    ------- -------    ------- -------    ----
   1 !  324.6   0.6  2.5e-101   8.8e-98       3     278 ..      90     358 ..      88     359 .. 0.96



Internal pipeline statistics summary:
-------------------------------------
Query model(s):                            1  (279 nodes)
Target sequences:                       3596  (1099884 residues searched)
Passed MSV filter:                       210  (0.0583982); expected 71.9 (0.02)
Passed bias filter:                      183  (0.0508899); expected 71.9 (0.02)
Passed Vit filter:                        54  (0.0150167); expected 3.6 (0.001)
Passed Fwd filter:                         6  (0.00166852); expected 0.0 (1e-05)
Initial search space (Z):               3596  [actual number of targets]
Domain search space  (domZ):               1  [number of targets reported over threshold]
# CPU time: 0.05u 0.00s 00:00:00.05 Elapsed: 00:00:00.04
# Mc/sec: 6882.89
//
Query:       TIGR00065  [M=353]
Accession:   TIGR00065
Description: ftsZ: cell division protein FtsZ
Scores for complete sequences (score includes all domains):
   --- full sequence ---   --- best 1 domain ---    -#dom-
    E-value  score  bias    E-value  score  bias    exp  N  Sequence             Description
    ------- ------ -----    ------- ------ -----   ---- --  --------             -----------
   5.2e-121  401.9   5.5   6.9e-121  401.5   5.5    1.1  1  DBOIFJ010000012.1_78  # 74377 # 75999 # 1 # ID=12_78;partial=00;start_type=ATG;rbs_motif=GGAG/GAGG;rbs_spacer=5-10bp;gc_cont=0.669


Domain annotation for each sequence:
>> DBOIFJ010000012.1_78  # 74377 # 75999 # 1 # ID=12_78;partial=00;start_type=ATG;rbs_motif=GGAG/GAGG;rbs_spacer=5-10bp;gc_cont=0.669
   #    score  bias  c-Evalue  i-Evalue hmmfrom  hmm to    alifrom  ali to    envfrom  env to     acc
 ---   ------ ----- --------- --------- ------- -------    ------- -------    ------- -------    ----
   1 !  401.5   5.5  1.9e-124  6.9e-121      13     336 ..      11     331 ..       4     350 .. 0.95



Internal pipeline statistics summary:
-------------------------------------
Query model(s):                            1  (353 nodes)
Target sequences:                       3596  (1099884 residues searched)
Passed MSV filter:                       119  (0.0330923); expected 71.9 (0.02)
Passed bias filter:                       87  (0.0241935); expected 71.9 (0.02)
Passed Vit filter:                         6  (0.00166852); expected 3.6 (0.001)
Passed Fwd filter:                         1  (0.000278087); expected 0.0 (1e-05)
Initial search space (Z):               3596  [actual number of targets]
Domain search space  (domZ):               1  [number of targets reported over threshold]
# CPU time: 0.03u 0.01s 00:00:00.04 Elapsed: 00:00:00.03
# Mc/sec: 9967.87
//
Query:       TIGR00082  [M=115]
Accession:   TIGR00082
Description: rbfA: ribosome-binding factor A
Scores for complete sequences (score includes all domains):
   --- full sequence ---   --- best 1 domain ---    -#dom-
    E-value  score  bias    E-value  score  bias    exp  N  Sequence             Description
    ------- ------ -----    ------- ------ -----   ---- --  --------             -----------
    8.5e-15   53.0   0.0    1.1e-14   52.6   0.0    1.1  1  DBOIFJ010000015.1_76  # 67120 # 67551 # -1 # ID=15_76;partial=00;start_type=ATG;rbs_motif=None;rbs_spacer=None;gc_cont=0.667


Domain annotation for each sequence:
>> DBOIFJ010000015.1_76  # 67120 # 67551 # -1 # ID=15_76;partial=00;start_type=ATG;rbs_motif=None;rbs_spacer=None;gc_cont=0.667
   #    score  bias  c-Evalue  i-Evalue hmmfrom  hmm to    alifrom  ali to    envfrom  env to     acc
 ---   ------ ----- --------- --------- ------- -------    ------- -------    ------- -------    ----
   1 !   52.6   0.0   3.1e-18   1.1e-14       5     110 ..      13     120 ..      10     124 .. 0.92



Internal pipeline statistics summary:
-------------------------------------
Query model(s):                            1  (115 nodes)
Target sequences:                       3596  (1099884 residues searched)
Passed MSV filter:                        56  (0.0155729); expected 71.9 (0.02)
Passed bias filter:                       46  (0.012792); expected 71.9 (0.02)
Passed Vit filter:                         2  (0.000556174); expected 3.6 (0.001)
Passed Fwd filter:                         1  (0.000278087); expected 0.0 (1e-05)
Initial search space (Z):               3596  [actual number of targets]
Domain search space  (domZ):               1  [number of targets reported over threshold]
# CPU time: 0.01u 0.00s 00:00:00.01 Elapsed: 00:00:00.02
# Mc/sec: 6055.71
//
Query:       TIGR00083  [M=290]
Accession:   TIGR00083
Description: ribF: riboflavin biosynthesis protein RibF
Scores for complete sequences (score includes all domains):
   --- full sequence ---   --- best 1 domain ---    -#dom-
    E-value  score  bias    E-value  score  bias    exp  N  Sequence             Description
    ------- ------ -----    ------- ------ -----   ---- --  --------             -----------
    8.8e-73  242.9   0.0      1e-72  242.7   0.0    1.0  1  DBOIFJ010000022.1_25  # 21644 # 22615 # 1 # ID=22_25;partial=00;start_type=GTG;rbs_motif=GGAG/GAGG;rbs_spacer=5-10bp;gc_cont=0.634


Domain annotation for each sequence:
>> DBOIFJ010000022.1_25  # 21644 # 22615 # 1 # ID=22_25;partial=00;start_type=GTG;rbs_motif=GGAG/GAGG;rbs_spacer=5-10bp;gc_cont=0.634
   #    score  bias  c-Evalue  i-Evalue hmmfrom  hmm to    alifrom  ali to    envfrom  env to     acc
 ---   ------ ----- --------- --------- ------- -------    ------- -------    ------- -------    ----
   1 !  242.7   0.0   2.8e-76     1e-72       2     289 ..      22     307 ..      21     308 .. 0.96



Internal pipeline statistics summary:
-------------------------------------
Query model(s):                            1  (290 nodes)
Target sequences:                       3596  (1099884 residues searched)
Passed MSV filter:                        64  (0.0177976); expected 71.9 (0.02)
Passed bias filter:                       62  (0.0172414); expected 71.9 (0.02)
Passed Vit filter:                         3  (0.00083426); expected 3.6 (0.001)
Passed Fwd filter:                         1  (0.000278087); expected 0.0 (1e-05)
Initial search space (Z):               3596  [actual number of targets]
Domain search space  (domZ):               1  [number of targets reported over threshold]
# CPU time: 0.03u 0.00s 00:00:00.03 Elapsed: 00:00:00.02
# Mc/sec: 11486.17
//
Query:       TIGR00084  [M=192]
Accession:   TIGR00084
Description: ruvA: Holliday junction DNA helicase RuvA
Scores for complete sequences (score includes all domains):
   --- full sequence ---   --- best 1 domain ---    -#dom-
    E-value  score  bias    E-value  score  bias    exp  N  Sequence              Description
    ------- ------ -----    ------- ------ -----   ---- --  --------              -----------
    8.9e-37  124.1   0.0    1.1e-36  123.8   0.0    1.0  1  DBOIFJ010000007.1_225  # 238243 # 238860 # 1 # ID=7_225;partial=00;start_type=ATG;rbs_motif=GGAG/GAGG;rbs_spacer=5-10bp;gc_cont=0.660


Domain annotation for each sequence:
>> DBOIFJ010000007.1_225  # 238243 # 238860 # 1 # ID=7_225;partial=00;start_type=ATG;rbs_motif=GGAG/GAGG;rbs_spacer=5-10bp;gc_cont=0.660
   #    score  bias  c-Evalue  i-Evalue hmmfrom  hmm to    alifrom  ali to    envfrom  env to     acc
 ---   ------ ----- --------- --------- ------- -------    ------- -------    ------- -------    ----
   1 !  123.8   0.0     3e-40   1.1e-36       1     188 [.       1     201 [.       1     204 [. 0.94



Internal pipeline statistics summary:
-------------------------------------
Query model(s):                            1  (192 nodes)
Target sequences:                       3596  (1099884 residues searched)
Passed MSV filter:                        87  (0.0241935); expected 71.9 (0.02)
Passed bias filter:                       83  (0.0230812); expected 71.9 (0.02)
Passed Vit filter:                        10  (0.00278087); expected 3.6 (0.001)
Passed Fwd filter:                         2  (0.000556174); expected 0.0 (1e-05)
Initial search space (Z):               3596  [actual number of targets]
Domain search space  (domZ):               1  [number of targets reported over threshold]
# CPU time: 0.01u 0.00s 00:00:00.01 Elapsed: 00:00:00.02
# Mc/sec: 7608.63
//
Query:       TIGR00086  [M=144]
Accession:   TIGR00086
Description: smpB: SsrA-binding protein
Scores for complete sequences (score includes all domains):
   --- full sequence ---   --- best 1 domain ---    -#dom-
    E-value  score  bias    E-value  score  bias    exp  N  Sequence             Description
    ------- ------ -----    ------- ------ -----   ---- --  --------             -----------
    2.2e-53  177.8   0.6    2.5e-53  177.7   0.6    1.0  1  DBOIFJ010000016.1_69  # 74130 # 74618 # 1 # ID=16_69;partial=00;start_type=ATG;rbs_motif=GGA/GAG/AGG;rbs_spacer=5-10bp;gc_cont=0.616


Domain annotation for each sequence:
>> DBOIFJ010000016.1_69  # 74130 # 74618 # 1 # ID=16_69;partial=00;start_type=ATG;rbs_motif=GGA/GAG/AGG;rbs_spacer=5-10bp;gc_cont=0.616
   #    score  bias  c-Evalue  i-Evalue hmmfrom  hmm to    alifrom  ali to    envfrom  env to     acc
 ---   ------ ----- --------- --------- ------- -------    ------- -------    ------- -------    ----
   1 !  177.7   0.6     7e-57   2.5e-53       2     144 .]      17     159 ..      16     159 .. 0.99



Internal pipeline statistics summary:
-------------------------------------
Query model(s):                            1  (144 nodes)
Target sequences:                       3596  (1099884 residues searched)
Passed MSV filter:                        32  (0.00889878); expected 71.9 (0.02)
Passed bias filter:                       30  (0.0083426); expected 71.9 (0.02)
Passed Vit filter:                         2  (0.000556174); expected 3.6 (0.001)
Passed Fwd filter:                         1  (0.000278087); expected 0.0 (1e-05)
Initial search space (Z):               3596  [actual number of targets]
Domain search space  (domZ):               1  [number of targets reported over threshold]
# CPU time: 0.02u 0.01s 00:00:00.03 Elapsed: 00:00:00.02
# Mc/sec: 6342.13
//
Query:       TIGR00088  [M=233]
Accession:   TIGR00088
Description: trmD: tRNA (guanine(37)-N(1))-methyltransferase
Scores for complete sequences (score includes all domains):
   --- full sequence ---   --- best 1 domain ---    -#dom-
    E-value  score  bias    E-value  score  bias    exp  N  Sequence             Description
    ------- ------ -----    ------- ------ -----   ---- --  --------             -----------
    1.9e-75  250.8   0.0    2.2e-75  250.5   0.0    1.0  1  DBOIFJ010000034.1_85  # 84507 # 85190 # 1 # ID=34_85;partial=00;start_type=TTG;rbs_motif=GGAGG;rbs_spacer=5-10bp;gc_cont=0.702


Domain annotation for each sequence:
>> DBOIFJ010000034.1_85  # 84507 # 85190 # 1 # ID=34_85;partial=00;start_type=TTG;rbs_motif=GGAGG;rbs_spacer=5-10bp;gc_cont=0.702
   #    score  bias  c-Evalue  i-Evalue hmmfrom  hmm to    alifrom  ali to    envfrom  env to     acc
 ---   ------ ----- --------- --------- ------- -------    ------- -------    ------- -------    ----
   1 !  250.5   0.0   6.1e-79   2.2e-75       4     222 ..       6     226 ..       3     227 .. 0.98



Internal pipeline statistics summary:
-------------------------------------
Query model(s):                            1  (233 nodes)
Target sequences:                       3596  (1099884 residues searched)
Passed MSV filter:                        66  (0.0183537); expected 71.9 (0.02)
Passed bias filter:                       63  (0.0175195); expected 71.9 (0.02)
Passed Vit filter:                         6  (0.00166852); expected 3.6 (0.001)
Passed Fwd filter:                         1  (0.000278087); expected 0.0 (1e-05)
Initial search space (Z):               3596  [actual number of targets]
Domain search space  (domZ):               1  [number of targets reported over threshold]
# CPU time: 0.01u 0.01s 00:00:00.02 Elapsed: 00:00:00.01
# Mc/sec: 12905.98
//
Query:       TIGR00090  [M=99]
Accession:   TIGR00090
Description: rsfS_iojap_ybeB: ribosome silencing factor
Scores for complete sequences (score includes all domains):
   --- full sequence ---   --- best 1 domain ---    -#dom-
    E-value  score  bias    E-value  score  bias    exp  N  Sequence              Description
    ------- ------ -----    ------- ------ -----   ---- --  --------              -----------
    1.2e-32  109.7   0.0    1.4e-32  109.5   0.0    1.0  1  DBOIFJ010000050.1_217  # 221995 # 222375 # 1 # ID=50_217;partial=00;start_type=ATG;rbs_motif=GGAG/GAGG;rbs_spacer=5-10bp;gc_cont=0.648


Domain annotation for each sequence:
>> DBOIFJ010000050.1_217  # 221995 # 222375 # 1 # ID=50_217;partial=00;start_type=ATG;rbs_motif=GGAG/GAGG;rbs_spacer=5-10bp;gc_cont=0.648
   #    score  bias  c-Evalue  i-Evalue hmmfrom  hmm to    alifrom  ali to    envfrom  env to     acc
 ---   ------ ----- --------- --------- ------- -------    ------- -------    ------- -------    ----
   1 !  109.5   0.0   3.8e-36   1.4e-32       2      99 .]      20     117 ..      19     117 .. 0.98



Internal pipeline statistics summary:
-------------------------------------
Query model(s):                            1  (99 nodes)
Target sequences:                       3596  (1099884 residues searched)
Passed MSV filter:                        60  (0.0166852); expected 71.9 (0.02)
Passed bias filter:                       58  (0.016129); expected 71.9 (0.02)
Passed Vit filter:                         2  (0.000556174); expected 3.6 (0.001)
Passed Fwd filter:                         1  (0.000278087); expected 0.0 (1e-05)
Initial search space (Z):               3596  [actual number of targets]
Domain search space  (domZ):               1  [number of targets reported over threshold]
# CPU time: 0.02u 0.00s 00:00:00.02 Elapsed: 00:00:00.01
# Mc/sec: 7365.50
//
Query:       TIGR00092  [M=368]
Accession:   TIGR00092
Description: TIGR00092: GTP-binding protein YchF
Scores for complete sequences (score includes all domains):
   --- full sequence ---   --- best 1 domain ---    -#dom-
    E-value  score  bias    E-value  score  bias    exp  N  Sequence             Description
    ------- ------ -----    ------- ------ -----   ---- --  --------             -----------
   1.3e-147  489.4   0.0   1.4e-147  489.2   0.0    1.0  1  DBOIFJ010000006.1_99  # 82034 # 83131 # 1 # ID=6_99;partial=00;start_type=ATG;rbs_motif=GGAG/GAGG;rbs_spacer=5-10bp;gc_cont=0.636


Domain annotation for each sequence:
>> DBOIFJ010000006.1_99  # 82034 # 83131 # 1 # ID=6_99;partial=00;start_type=ATG;rbs_motif=GGAG/GAGG;rbs_spacer=5-10bp;gc_cont=0.636
   #    score  bias  c-Evalue  i-Evalue hmmfrom  hmm to    alifrom  ali to    envfrom  env to     acc
 ---   ------ ----- --------- --------- ------- -------    ------- -------    ------- -------    ----
   1 !  489.2   0.0    4e-151  1.4e-147       1     367 [.       1     364 [.       1     365 [. 0.97



Internal pipeline statistics summary:
-------------------------------------
Query model(s):                            1  (368 nodes)
Target sequences:                       3596  (1099884 residues searched)
Passed MSV filter:                       133  (0.0369855); expected 71.9 (0.02)
Passed bias filter:                      123  (0.0342047); expected 71.9 (0.02)
Passed Vit filter:                        26  (0.00723026); expected 3.6 (0.001)
Passed Fwd filter:                         5  (0.00139043); expected 0.0 (1e-05)
Initial search space (Z):               3596  [actual number of targets]
Domain search space  (domZ):               1  [number of targets reported over threshold]
# CPU time: 0.04u 0.00s 00:00:00.04 Elapsed: 00:00:00.06
# Mc/sec: 6292.18
//
Query:       TIGR00095  [M=194]
Accession:   TIGR00095
Description: TIGR00095: 16S rRNA (guanine(966)-N(2))-methyltransferase RsmD
Scores for complete sequences (score includes all domains):
   --- full sequence ---   --- best 1 domain ---    -#dom-
    E-value  score  bias    E-value  score  bias    exp  N  Sequence             Description
    ------- ------ -----    ------- ------ -----   ---- --  --------             -----------
    8.5e-46  153.7   0.0      1e-45  153.4   0.0    1.0  1  DBOIFJ010000022.1_30  # 28502 # 29056 # 1 # ID=22_30;partial=00;start_type=ATG;rbs_motif=None;rbs_spacer=None;gc_cont=0.668


Domain annotation for each sequence:
>> DBOIFJ010000022.1_30  # 28502 # 29056 # 1 # ID=22_30;partial=00;start_type=ATG;rbs_motif=None;rbs_spacer=None;gc_cont=0.668
   #    score  bias  c-Evalue  i-Evalue hmmfrom  hmm to    alifrom  ali to    envfrom  env to     acc
 ---   ------ ----- --------- --------- ------- -------    ------- -------    ------- -------    ----
   1 !  153.4   0.0   2.9e-49     1e-45      13     191 ..       2     181 ..       1     183 [. 0.92



Internal pipeline statistics summary:
-------------------------------------
Query model(s):                            1  (194 nodes)
Target sequences:                       3596  (1099884 residues searched)
Passed MSV filter:                        81  (0.022525); expected 71.9 (0.02)
Passed bias filter:                       80  (0.0222469); expected 71.9 (0.02)
Passed Vit filter:                        14  (0.00389321); expected 3.6 (0.001)
Passed Fwd filter:                         6  (0.00166852); expected 0.0 (1e-05)
Initial search space (Z):               3596  [actual number of targets]
Domain search space  (domZ):               1  [number of targets reported over threshold]
# CPU time: 0.02u 0.00s 00:00:00.02 Elapsed: 00:00:00.02
# Mc/sec: 8384.90
//
Query:       TIGR00111  [M=351]
Accession:   TIGR00111
Description: pelota: mRNA surveillance protein pelota
Scores for complete sequences (score includes all domains):
   --- full sequence ---   --- best 1 domain ---    -#dom-
    E-value  score  bias    E-value  score  bias    exp  N  Sequence Description
    ------- ------ -----    ------- ------ -----   ---- --  -------- -----------

   [No hits detected that satisfy reporting thresholds]


Domain annotation for each sequence:

   [No targets detected that satisfy reporting thresholds]


Internal pipeline statistics summary:
-------------------------------------
Query model(s):                            1  (351 nodes)
Target sequences:                       3596  (1099884 residues searched)
Passed MSV filter:                        73  (0.0203003); expected 71.9 (0.02)
Passed bias filter:                       69  (0.019188); expected 71.9 (0.02)
Passed Vit filter:                         6  (0.00166852); expected 3.6 (0.001)
Passed Fwd filter:                         0  (0); expected 0.0 (1e-05)
Initial search space (Z):               3596  [actual number of targets]
Domain search space  (domZ):               0  [number of targets reported over threshold]
# CPU time: 0.03u 0.00s 00:00:00.03 Elapsed: 00:00:00.03
# Mc/sec: 11607.52
//
Query:       TIGR00115  [M=410]
Accession:   TIGR00115
Description: tig: trigger factor
Scores for complete sequences (score includes all domains):
   --- full sequence ---   --- best 1 domain ---    -#dom-
    E-value  score  bias    E-value  score  bias    exp  N  Sequence             Description
    ------- ------ -----    ------- ------ -----   ---- --  --------             -----------
   2.5e-121  403.0   3.4   2.9e-121  402.8   3.4    1.0  1  DBOIFJ010000031.1_31  # 28413 # 29840 # -1 # ID=31_31;partial=00;start_type=ATG;rbs_motif=GGA/GAG/AGG;rbs_spacer=5-10bp;gc_cont=0.631


Domain annotation for each sequence:
>> DBOIFJ010000031.1_31  # 28413 # 29840 # -1 # ID=31_31;partial=00;start_type=ATG;rbs_motif=GGA/GAG/AGG;rbs_spacer=5-10bp;gc_cont=0.631
   #    score  bias  c-Evalue  i-Evalue hmmfrom  hmm to    alifrom  ali to    envfrom  env to     acc
 ---   ------ ----- --------- --------- ------- -------    ------- -------    ------- -------    ----
   1 !  402.8   3.4    8e-125  2.9e-121       1     409 [.      11     427 ..      11     428 .. 0.99



Internal pipeline statistics summary:
-------------------------------------
Query model(s):                            1  (410 nodes)
Target sequences:                       3596  (1099884 residues searched)
Passed MSV filter:                       114  (0.0317019); expected 71.9 (0.02)
Passed bias filter:                       83  (0.0230812); expected 71.9 (0.02)
Passed Vit filter:                        13  (0.00361513); expected 3.6 (0.001)
Passed Fwd filter:                         2  (0.000556174); expected 0.0 (1e-05)
Initial search space (Z):               3596  [actual number of targets]
Domain search space  (domZ):               1  [number of targets reported over threshold]
# CPU time: 0.04u 0.00s 00:00:00.04 Elapsed: 00:00:00.04
# Mc/sec: 10977.75
//
Query:       TIGR00116  [M=293]
Accession:   TIGR00116
Description: tsf: translation elongation factor Ts
Scores for complete sequences (score includes all domains):
   --- full sequence ---   --- best 1 domain ---    -#dom-
    E-value  score  bias    E-value  score  bias    exp  N  Sequence             Description
    ------- ------ -----    ------- ------ -----   ---- --  --------             -----------
    9.8e-48  160.4   0.0    1.2e-47  160.1   0.0    1.0  1  DBOIFJ010000026.1_20  # 21000 # 21593 # 1 # ID=26_20;partial=00;start_type=ATG;rbs_motif=GGA/GAG/AGG;rbs_spacer=3-4bp;gc_cont=0.633
      5e-31  105.6   2.7    5.5e-31  105.5   2.7    1.0  1  DBOIFJ010000026.1_19  # 20667 # 20900 # 1 # ID=26_19;partial=00;start_type=ATG;rbs_motif=AGGAG;rbs_spacer=5-10bp;gc_cont=0.650


Domain annotation for each sequence:
>> DBOIFJ010000026.1_20  # 21000 # 21593 # 1 # ID=26_20;partial=00;start_type=ATG;rbs_motif=GGA/GAG/AGG;rbs_spacer=3-4bp;gc_cont=0.633
   #    score  bias  c-Evalue  i-Evalue hmmfrom  hmm to    alifrom  ali to    envfrom  env to     acc
 ---   ------ ----- --------- --------- ------- -------    ------- -------    ------- -------    ----
   1 !  160.1   0.0   6.9e-51   1.2e-47     119     290 ..       8     193 ..       3     195 .. 0.92

>> DBOIFJ010000026.1_19  # 20667 # 20900 # 1 # ID=26_19;partial=00;start_type=ATG;rbs_motif=AGGAG;rbs_spacer=5-10bp;gc_cont=0.650
   #    score  bias  c-Evalue  i-Evalue hmmfrom  hmm to    alifrom  ali to    envfrom  env to     acc
 ---   ------ ----- --------- --------- ------- -------    ------- -------    ------- -------    ----
   1 !  105.5   2.7     3e-34   5.5e-31       2      78 ..       1      77 [.       1      77 [. 0.99



Internal pipeline statistics summary:
-------------------------------------
Query model(s):                            1  (293 nodes)
Target sequences:                       3596  (1099884 residues searched)
Passed MSV filter:                        71  (0.0197442); expected 71.9 (0.02)
Passed bias filter:                       59  (0.0164071); expected 71.9 (0.02)
Passed Vit filter:                         7  (0.00194661); expected 3.6 (0.001)
Passed Fwd filter:                         2  (0.000556174); expected 0.0 (1e-05)
Initial search space (Z):               3596  [actual number of targets]
Domain search space  (domZ):               2  [number of targets reported over threshold]
# CPU time: 0.02u 0.00s 00:00:00.02 Elapsed: 00:00:00.02
# Mc/sec: 14972.93
//
Query:       TIGR00134  [M=622]
Accession:   TIGR00134
Description: gatE_arch: glutamyl-tRNA(Gln) amidotransferase, subunit E
Scores for complete sequences (score includes all domains):
   --- full sequence ---   --- best 1 domain ---    -#dom-
    E-value  score  bias    E-value  score  bias    exp  N  Sequence Description
    ------- ------ -----    ------- ------ -----   ---- --  -------- -----------

   [No hits detected that satisfy reporting thresholds]


Domain annotation for each sequence:

   [No targets detected that satisfy reporting thresholds]


Internal pipeline statistics summary:
-------------------------------------
Query model(s):                            1  (622 nodes)
Target sequences:                       3596  (1099884 residues searched)
Passed MSV filter:                       116  (0.0322581); expected 71.9 (0.02)
Passed bias filter:                       83  (0.0230812); expected 71.9 (0.02)
Passed Vit filter:                         6  (0.00166852); expected 3.6 (0.001)
Passed Fwd filter:                         1  (0.000278087); expected 0.0 (1e-05)
Initial search space (Z):               3596  [actual number of targets]
Domain search space  (domZ):               0  [number of targets reported over threshold]
# CPU time: 0.06u 0.01s 00:00:00.06 Elapsed: 00:00:00.08
# Mc/sec: 8207.50
//
Query:       TIGR00138  [M=183]
Accession:   TIGR00138
Description: rsmG_gidB: 16S rRNA (guanine(527)-N(7))-methyltransferase RsmG
Scores for complete sequences (score includes all domains):
   --- full sequence ---   --- best 1 domain ---    -#dom-
    E-value  score  bias    E-value  score  bias    exp  N  Sequence Description
    ------- ------ -----    ------- ------ -----   ---- --  -------- -----------

   [No hits detected that satisfy reporting thresholds]


Domain annotation for each sequence:

   [No targets detected that satisfy reporting thresholds]


Internal pipeline statistics summary:
-------------------------------------
Query model(s):                            1  (183 nodes)
Target sequences:                       3596  (1099884 residues searched)
Passed MSV filter:                        68  (0.0189099); expected 71.9 (0.02)
Passed bias filter:                       66  (0.0183537); expected 71.9 (0.02)
Passed Vit filter:                        13  (0.00361513); expected 3.6 (0.001)
Passed Fwd filter:                         2  (0.000556174); expected 0.0 (1e-05)
Initial search space (Z):               3596  [actual number of targets]
Domain search space  (domZ):               0  [number of targets reported over threshold]
# CPU time: 0.01u 0.00s 00:00:00.01 Elapsed: 00:00:00.02
# Mc/sec: 8978.16
//
Query:       TIGR00158  [M=148]
Accession:   TIGR00158
Description: L9: ribosomal protein bL9
Scores for complete sequences (score includes all domains):
   --- full sequence ---   --- best 1 domain ---    -#dom-
    E-value  score  bias    E-value  score  bias    exp  N  Sequence            Description
    ------- ------ -----    ------- ------ -----   ---- --  --------            -----------
    2.1e-39  133.0   0.2    2.7e-39  132.7   0.2    1.1  1  DBOIFJ010000016.1_8  # 6229 # 6861 # -1 # ID=16_8;partial=00;start_type=ATG;rbs_motif=AGGAG;rbs_spacer=5-10bp;gc_cont=0.664


Domain annotation for each sequence:
>> DBOIFJ010000016.1_8  # 6229 # 6861 # -1 # ID=16_8;partial=00;start_type=ATG;rbs_motif=AGGAG;rbs_spacer=5-10bp;gc_cont=0.664
   #    score  bias  c-Evalue  i-Evalue hmmfrom  hmm to    alifrom  ali to    envfrom  env to     acc
 ---   ------ ----- --------- --------- ------- -------    ------- -------    ------- -------    ----
   1 !  132.7   0.2   7.4e-43   2.7e-39       1     146 [.       1     145 [.       1     147 [. 0.99



Internal pipeline statistics summary:
-------------------------------------
Query model(s):                            1  (148 nodes)
Target sequences:                       3596  (1099884 residues searched)
Passed MSV filter:                        71  (0.0197442); expected 71.9 (0.02)
Passed bias filter:                       55  (0.0152948); expected 71.9 (0.02)
Passed Vit filter:                         3  (0.00083426); expected 3.6 (0.001)
Passed Fwd filter:                         1  (0.000278087); expected 0.0 (1e-05)
Initial search space (Z):               3596  [actual number of targets]
Domain search space  (domZ):               1  [number of targets reported over threshold]
# CPU time: 0.01u 0.01s 00:00:00.02 Elapsed: 00:00:00.01
# Mc/sec: 12083.57
//
Query:       TIGR00166  [M=95]
Accession:   TIGR00166
Description: S6: ribosomal protein bS6
Scores for complete sequences (score includes all domains):
   --- full sequence ---   --- best 1 domain ---    -#dom-
    E-value  score  bias    E-value  score  bias    exp  N  Sequence             Description
    ------- ------ -----    ------- ------ -----   ---- --  --------             -----------
    4.8e-25   85.3   0.2    5.7e-25   85.1   0.2    1.1  1  DBOIFJ010000016.1_10  # 7226 # 7642 # -1 # ID=16_10;partial=00;start_type=ATG;rbs_motif=AGGAG;rbs_spacer=5-10bp;gc_cont=0.638


Domain annotation for each sequence:
>> DBOIFJ010000016.1_10  # 7226 # 7642 # -1 # ID=16_10;partial=00;start_type=ATG;rbs_motif=AGGAG;rbs_spacer=5-10bp;gc_cont=0.638
   #    score  bias  c-Evalue  i-Evalue hmmfrom  hmm to    alifrom  ali to    envfrom  env to     acc
 ---   ------ ----- --------- --------- ------- -------    ------- -------    ------- -------    ----
   1 !   85.1   0.2   1.6e-28   5.7e-25       1      94 [.       1      94 [.       1      95 [. 0.98



Internal pipeline statistics summary:
-------------------------------------
Query model(s):                            1  (95 nodes)
Target sequences:                       3596  (1099884 residues searched)
Passed MSV filter:                        45  (0.0125139); expected 71.9 (0.02)
Passed bias filter:                       43  (0.0119577); expected 71.9 (0.02)
Passed Vit filter:                         5  (0.00139043); expected 3.6 (0.001)
Passed Fwd filter:                         1  (0.000278087); expected 0.0 (1e-05)
Initial search space (Z):               3596  [actual number of targets]
Domain search space  (domZ):               1  [number of targets reported over threshold]
# CPU time: 0.02u 0.00s 00:00:00.02 Elapsed: 00:00:00.01
# Mc/sec: 6874.66
//
Query:       TIGR00168  [M=165]
Accession:   TIGR00168
Description: infC: translation initiation factor IF-3
Scores for complete sequences (score includes all domains):
   --- full sequence ---   --- best 1 domain ---    -#dom-
    E-value  score  bias    E-value  score  bias    exp  N  Sequence             Description
    ------- ------ -----    ------- ------ -----   ---- --  --------             -----------
    3.7e-63  209.7   1.7    4.3e-63  209.5   1.7    1.0  1  DBOIFJ010000020.1_58  # 62100 # 62624 # 1 # ID=20_58;partial=00;start_type=ATG;rbs_motif=None;rbs_spacer=None;gc_cont=0.619


Domain annotation for each sequence:
>> DBOIFJ010000020.1_58  # 62100 # 62624 # 1 # ID=20_58;partial=00;start_type=ATG;rbs_motif=None;rbs_spacer=None;gc_cont=0.619
   #    score  bias  c-Evalue  i-Evalue hmmfrom  hmm to    alifrom  ali to    envfrom  env to     acc
 ---   ------ ----- --------- --------- ------- -------    ------- -------    ------- -------    ----
   1 !  209.5   1.7   1.2e-66   4.3e-63       2     163 ..      14     174 ..      13     174 .. 1.00



Internal pipeline statistics summary:
-------------------------------------
Query model(s):                            1  (165 nodes)
Target sequences:                       3596  (1099884 residues searched)
Passed MSV filter:                        65  (0.0180756); expected 71.9 (0.02)
Passed bias filter:                       62  (0.0172414); expected 71.9 (0.02)
Passed Vit filter:                         6  (0.00166852); expected 3.6 (0.001)
Passed Fwd filter:                         2  (0.000556174); expected 0.0 (1e-05)
Initial search space (Z):               3596  [actual number of targets]
Domain search space  (domZ):               1  [number of targets reported over threshold]
# CPU time: 0.01u 0.00s 00:00:00.01 Elapsed: 00:00:00.01
# Mc/sec: 9705.93
//
Query:       TIGR00186  [M=240]
Accession:   TIGR00186
Description: rRNA_methyl_3: RNA methyltransferase, TrmH family, group 3
Scores for complete sequences (score includes all domains):
   --- full sequence ---   --- best 1 domain ---    -#dom-
    E-value  score  bias    E-value  score  bias    exp  N  Sequence             Description
    ------- ------ -----    ------- ------ -----   ---- --  --------             -----------
    3.5e-51  171.6   0.0    4.3e-51  171.4   0.0    1.0  1  DBOIFJ010000031.1_76  # 75264 # 76013 # 1 # ID=31_76;partial=00;start_type=ATG;rbs_motif=GGA/GAG/AGG;rbs_spacer=5-10bp;gc_cont=0.677


Domain annotation for each sequence:
>> DBOIFJ010000031.1_76  # 75264 # 76013 # 1 # ID=31_76;partial=00;start_type=ATG;rbs_motif=GGA/GAG/AGG;rbs_spacer=5-10bp;gc_cont=0.677
   #    score  bias  c-Evalue  i-Evalue hmmfrom  hmm to    alifrom  ali to    envfrom  env to     acc
 ---   ------ ----- --------- --------- ------- -------    ------- -------    ------- -------    ----
   1 !  171.4   0.0   1.2e-54   4.3e-51       4     238 ..      20     247 ..      18     249 .. 0.93



Internal pipeline statistics summary:
-------------------------------------
Query model(s):                            1  (240 nodes)
Target sequences:                       3596  (1099884 residues searched)
Passed MSV filter:                        68  (0.0189099); expected 71.9 (0.02)
Passed bias filter:                       61  (0.0169633); expected 71.9 (0.02)
Passed Vit filter:                         5  (0.00139043); expected 3.6 (0.001)
Passed Fwd filter:                         2  (0.000556174); expected 0.0 (1e-05)
Initial search space (Z):               3596  [actual number of targets]
Domain search space  (domZ):               1  [number of targets reported over threshold]
# CPU time: 0.02u 0.00s 00:00:00.02 Elapsed: 00:00:00.02
# Mc/sec: 10992.69
//
Query:       TIGR00194  [M=574]
Accession:   TIGR00194
Description: uvrC: excinuclease ABC subunit C
Scores for complete sequences (score includes all domains):
   --- full sequence ---   --- best 1 domain ---    -#dom-
    E-value  score  bias    E-value  score  bias    exp  N  Sequence             Description
    ------- ------ -----    ------- ------ -----   ---- --  --------             -----------
   1.3e-162  540.1   0.0   1.6e-162  539.8   0.0    1.1  1  DBOIFJ010000006.1_72  # 60095 # 61990 # 1 # ID=6_72;partial=00;start_type=ATG;rbs_motif=3Base/5BMM;rbs_spacer=13-15bp;gc_cont=0.660


Domain annotation for each sequence:
>> DBOIFJ010000006.1_72  # 60095 # 61990 # 1 # ID=6_72;partial=00;start_type=ATG;rbs_motif=3Base/5BMM;rbs_spacer=13-15bp;gc_cont=0.660
   #    score  bias  c-Evalue  i-Evalue hmmfrom  hmm to    alifrom  ali to    envfrom  env to     acc
 ---   ------ ----- --------- --------- ------- -------    ------- -------    ------- -------    ----
   1 !  539.8   0.0  4.4e-166  1.6e-162       4     573 ..      21     607 ..      18     608 .. 0.95



Internal pipeline statistics summary:
-------------------------------------
Query model(s):                            1  (574 nodes)
Target sequences:                       3596  (1099884 residues searched)
Passed MSV filter:                        47  (0.0130701); expected 71.9 (0.02)
Passed bias filter:                       43  (0.0119577); expected 71.9 (0.02)
Passed Vit filter:                         4  (0.00111235); expected 3.6 (0.001)
Passed Fwd filter:                         3  (0.00083426); expected 0.0 (1e-05)
Initial search space (Z):               3596  [actual number of targets]
Domain search space  (domZ):               1  [number of targets reported over threshold]
# CPU time: 0.05u 0.01s 00:00:00.06 Elapsed: 00:00:00.05
# Mc/sec: 12301.34
//
Query:       TIGR00250  [M=130]
Accession:   TIGR00250
Description: RNAse_H_YqgF: putative transcription antitermination factor YqgF
Scores for complete sequences (score includes all domains):
   --- full sequence ---   --- best 1 domain ---    -#dom-
    E-value  score  bias    E-value  score  bias    exp  N  Sequence              Description
    ------- ------ -----    ------- ------ -----   ---- --  --------              -----------
    6.3e-36  121.0   0.0    7.1e-36  120.8   0.0    1.0  1  DBOIFJ010000026.1_150  # 157563 # 158012 # 1 # ID=26_150;partial=00;start_type=ATG;rbs_motif=None;rbs_spacer=None;gc_cont=0.669


Domain annotation for each sequence:
>> DBOIFJ010000026.1_150  # 157563 # 158012 # 1 # ID=26_150;partial=00;start_type=ATG;rbs_motif=None;rbs_spacer=None;gc_cont=0.669
   #    score  bias  c-Evalue  i-Evalue hmmfrom  hmm to    alifrom  ali to    envfrom  env to     acc
 ---   ------ ----- --------- --------- ------- -------    ------- -------    ------- -------    ----
   1 !  120.8   0.0     2e-39   7.1e-36       1     130 []      14     143 ..      14     143 .. 0.99



Internal pipeline statistics summary:
-------------------------------------
Query model(s):                            1  (130 nodes)
Target sequences:                       3596  (1099884 residues searched)
Passed MSV filter:                        72  (0.0200222); expected 71.9 (0.02)
Passed bias filter:                       66  (0.0183537); expected 71.9 (0.02)
Passed Vit filter:                         6  (0.00166852); expected 3.6 (0.001)
Passed Fwd filter:                         2  (0.000556174); expected 0.0 (1e-05)
Initial search space (Z):               3596  [actual number of targets]
Domain search space  (domZ):               1  [number of targets reported over threshold]
# CPU time: 0.01u 0.00s 00:00:00.01 Elapsed: 00:00:00.01
# Mc/sec: 9720.77
//
Query:       TIGR00279  [M=172]
Accession:   TIGR00279
Description: uL16_euk_arch: ribosomal protein uL16
Scores for complete sequences (score includes all domains):
   --- full sequence ---   --- best 1 domain ---    -#dom-
    E-value  score  bias    E-value  score  bias    exp  N  Sequence Description
    ------- ------ -----    ------- ------ -----   ---- --  -------- -----------

   [No hits detected that satisfy reporting thresholds]


Domain annotation for each sequence:

   [No targets detected that satisfy reporting thresholds]


Internal pipeline statistics summary:
-------------------------------------
Query model(s):                            1  (172 nodes)
Target sequences:                       3596  (1099884 residues searched)
Passed MSV filter:                        83  (0.0230812); expected 71.9 (0.02)
Passed bias filter:                       69  (0.019188); expected 71.9 (0.02)
Passed Vit filter:                         6  (0.00166852); expected 3.6 (0.001)
Passed Fwd filter:                         1  (0.000278087); expected 0.0 (1e-05)
Initial search space (Z):               3596  [actual number of targets]
Domain search space  (domZ):               0  [number of targets reported over threshold]
# CPU time: 0.03u 0.00s 00:00:00.03 Elapsed: 00:00:00.03
# Mc/sec: 5942.71
//
Query:       TIGR00291  [M=231]
Accession:   TIGR00291
Description: RNA_SBDS: rRNA metabolism protein, SBDS family
Scores for complete sequences (score includes all domains):
   --- full sequence ---   --- best 1 domain ---    -#dom-
    E-value  score  bias    E-value  score  bias    exp  N  Sequence Description
    ------- ------ -----    ------- ------ -----   ---- --  -------- -----------

   [No hits detected that satisfy reporting thresholds]


Domain annotation for each sequence:

   [No targets detected that satisfy reporting thresholds]


Internal pipeline statistics summary:
-------------------------------------
Query model(s):                            1  (231 nodes)
Target sequences:                       3596  (1099884 residues searched)
Passed MSV filter:                        51  (0.0141824); expected 71.9 (0.02)
Passed bias filter:                       47  (0.0130701); expected 71.9 (0.02)
Passed Vit filter:                         2  (0.000556174); expected 3.6 (0.001)
Passed Fwd filter:                         0  (0); expected 0.0 (1e-05)
Initial search space (Z):               3596  [actual number of targets]
Domain search space  (domZ):               0  [number of targets reported over threshold]
# CPU time: 0.02u 0.00s 00:00:00.02 Elapsed: 00:00:00.01
# Mc/sec: 15899.15
//
Query:       TIGR00323  [M=215]
Accession:   TIGR00323
Description: eIF-6: putative translation initiation factor eIF-6
Scores for complete sequences (score includes all domains):
   --- full sequence ---   --- best 1 domain ---    -#dom-
    E-value  score  bias    E-value  score  bias    exp  N  Sequence Description
    ------- ------ -----    ------- ------ -----   ---- --  -------- -----------

   [No hits detected that satisfy reporting thresholds]


Domain annotation for each sequence:

   [No targets detected that satisfy reporting thresholds]


Internal pipeline statistics summary:
-------------------------------------
Query model(s):                            1  (215 nodes)
Target sequences:                       3596  (1099884 residues searched)
Passed MSV filter:                        94  (0.0261402); expected 71.9 (0.02)
Passed bias filter:                       63  (0.0175195); expected 71.9 (0.02)
Passed Vit filter:                         4  (0.00111235); expected 3.6 (0.001)
Passed Fwd filter:                         1  (0.000278087); expected 0.0 (1e-05)
Initial search space (Z):               3596  [actual number of targets]
Domain search space  (domZ):               0  [number of targets reported over threshold]
# CPU time: 0.01u 0.00s 00:00:00.01 Elapsed: 00:00:00.02
# Mc/sec: 10489.98
//
Query:       TIGR00335  [M=324]
Accession:   TIGR00335
Description: primase_sml: putative DNA primase, eukaryotic-type, small subunit
Scores for complete sequences (score includes all domains):
   --- full sequence ---   --- best 1 domain ---    -#dom-
    E-value  score  bias    E-value  score  bias    exp  N  Sequence Description
    ------- ------ -----    ------- ------ -----   ---- --  -------- -----------

   [No hits detected that satisfy reporting thresholds]


Domain annotation for each sequence:

   [No targets detected that satisfy reporting thresholds]


Internal pipeline statistics summary:
-------------------------------------
Query model(s):                            1  (324 nodes)
Target sequences:                       3596  (1099884 residues searched)
Passed MSV filter:                        55  (0.0152948); expected 71.9 (0.02)
Passed bias filter:                       53  (0.0147386); expected 71.9 (0.02)
Passed Vit filter:                         4  (0.00111235); expected 3.6 (0.001)
Passed Fwd filter:                         0  (0); expected 0.0 (1e-05)
Initial search space (Z):               3596  [actual number of targets]
Domain search space  (domZ):               0  [number of targets reported over threshold]
# CPU time: 0.02u 0.00s 00:00:00.02 Elapsed: 00:00:00.03
# Mc/sec: 9769.61
//
Query:       TIGR00337  [M=526]
Accession:   TIGR00337
Description: PyrG: CTP synthase
Scores for complete sequences (score includes all domains):
   --- full sequence ---   --- best 1 domain ---    -#dom-
    E-value  score  bias    E-value  score  bias    exp  N  Sequence             Description
    ------- ------ -----    ------- ------ -----   ---- --  --------             -----------
   1.2e-223  741.1   0.0   1.4e-223  740.9   0.0    1.0  1  DBOIFJ010000026.1_50  # 52434 # 54062 # 1 # ID=26_50;partial=00;start_type=ATG;rbs_motif=GGA/GAG/AGG;rbs_spacer=5-10bp;gc_cont=0.634


Domain annotation for each sequence:
>> DBOIFJ010000026.1_50  # 52434 # 54062 # 1 # ID=26_50;partial=00;start_type=ATG;rbs_motif=GGA/GAG/AGG;rbs_spacer=5-10bp;gc_cont=0.634
   #    score  bias  c-Evalue  i-Evalue hmmfrom  hmm to    alifrom  ali to    envfrom  env to     acc
 ---   ------ ----- --------- --------- ------- -------    ------- -------    ------- -------    ----
   1 !  740.9   0.0    4e-227  1.4e-223       3     526 .]       2     534 ..       1     534 [. 0.99



Internal pipeline statistics summary:
-------------------------------------
Query model(s):                            1  (526 nodes)
Target sequences:                       3596  (1099884 residues searched)
Passed MSV filter:                        73  (0.0203003); expected 71.9 (0.02)
Passed bias filter:                       69  (0.019188); expected 71.9 (0.02)
Passed Vit filter:                        15  (0.0041713); expected 3.6 (0.001)
Passed Fwd filter:                         6  (0.00166852); expected 0.0 (1e-05)
Initial search space (Z):               3596  [actual number of targets]
Domain search space  (domZ):               1  [number of targets reported over threshold]
# CPU time: 0.06u 0.00s 00:00:00.06 Elapsed: 00:00:00.06
# Mc/sec: 9250.39
//
Query:       TIGR00344  [M=847]
Accession:   TIGR00344
Description: alaS: alanine--tRNA ligase
Scores for complete sequences (score includes all domains):
   --- full sequence ---   --- best 1 domain ---    -#dom-
    E-value  score  bias    E-value  score  bias    exp  N  Sequence              Description
    ------- ------ -----    ------- ------ -----   ---- --  --------              -----------
   2.3e-290  963.3   0.0   2.6e-290  963.1   0.0    1.0  1  DBOIFJ010000039.1_177  # 163281 # 165932 # -1 # ID=39_177;partial=00;start_type=ATG;rbs_motif=GGA/GAG/AGG;rbs_spacer=5-10bp;gc_cont=0.662


Domain annotation for each sequence:
>> DBOIFJ010000039.1_177  # 163281 # 165932 # -1 # ID=39_177;partial=00;start_type=ATG;rbs_motif=GGA/GAG/AGG;rbs_spacer=5-10bp;gc_cont=0.662
   #    score  bias  c-Evalue  i-Evalue hmmfrom  hmm to    alifrom  ali to    envfrom  env to     acc
 ---   ------ ----- --------- --------- ------- -------    ------- -------    ------- -------    ----
   1 !  963.1   0.0  7.3e-294  2.6e-290       1     847 []       6     866 ..       6     866 .. 0.96



Internal pipeline statistics summary:
-------------------------------------
Query model(s):                            1  (847 nodes)
Target sequences:                       3596  (1099884 residues searched)
Passed MSV filter:                        96  (0.0266963); expected 71.9 (0.02)
Passed bias filter:                       77  (0.0214127); expected 71.9 (0.02)
Passed Vit filter:                         9  (0.00250278); expected 3.6 (0.001)
Passed Fwd filter:                         3  (0.00083426); expected 0.0 (1e-05)
Initial search space (Z):               3596  [actual number of targets]
Domain search space  (domZ):               1  [number of targets reported over threshold]
# CPU time: 0.08u 0.02s 00:00:00.10 Elapsed: 00:00:00.09
# Mc/sec: 9385.10
//
Query:       TIGR00362  [M=437]
Accession:   TIGR00362
Description: DnaA: chromosomal replication initiator protein DnaA
Scores for complete sequences (score includes all domains):
   --- full sequence ---   --- best 1 domain ---    -#dom-
    E-value  score  bias    E-value  score  bias    exp  N  Sequence             Description
    ------- ------ -----    ------- ------ -----   ---- --  --------             -----------
   4.8e-132  438.7   0.0   5.4e-132  438.6   0.0    1.0  1  DBOIFJ010000015.1_21  # 16078 # 17508 # 1 # ID=15_21;partial=00;start_type=ATG;rbs_motif=GGAGG;rbs_spacer=5-10bp;gc_cont=0.660


Domain annotation for each sequence:
>> DBOIFJ010000015.1_21  # 16078 # 17508 # 1 # ID=15_21;partial=00;start_type=ATG;rbs_motif=GGAGG;rbs_spacer=5-10bp;gc_cont=0.660
   #    score  bias  c-Evalue  i-Evalue hmmfrom  hmm to    alifrom  ali to    envfrom  env to     acc
 ---   ------ ----- --------- --------- ------- -------    ------- -------    ------- -------    ----
   1 !  438.6   0.0  1.5e-135  5.4e-132       3     437 .]      17     474 ..      15     474 .. 0.91



Internal pipeline statistics summary:
-------------------------------------
Query model(s):                            1  (437 nodes)
Target sequences:                       3596  (1099884 residues searched)
Passed MSV filter:                       130  (0.0361513); expected 71.9 (0.02)
Passed bias filter:                      121  (0.0336485); expected 71.9 (0.02)
Passed Vit filter:                        24  (0.00667408); expected 3.6 (0.001)
Passed Fwd filter:                         4  (0.00111235); expected 0.0 (1e-05)
Initial search space (Z):               3596  [actual number of targets]
Domain search space  (domZ):               1  [number of targets reported over threshold]
# CPU time: 0.05u 0.00s 00:00:00.05 Elapsed: 00:00:00.06
# Mc/sec: 7476.81
//
Query:       TIGR00373  [M=162]
Accession:   TIGR00373
Description: TIGR00373: transcription factor E
Scores for complete sequences (score includes all domains):
   --- full sequence ---   --- best 1 domain ---    -#dom-
    E-value  score  bias    E-value  score  bias    exp  N  Sequence Description
    ------- ------ -----    ------- ------ -----   ---- --  -------- -----------

   [No hits detected that satisfy reporting thresholds]


Domain annotation for each sequence:

   [No targets detected that satisfy reporting thresholds]


Internal pipeline statistics summary:
-------------------------------------
Query model(s):                            1  (162 nodes)
Target sequences:                       3596  (1099884 residues searched)
Passed MSV filter:                        69  (0.019188); expected 71.9 (0.02)
Passed bias filter:                       64  (0.0177976); expected 71.9 (0.02)
Passed Vit filter:                         8  (0.00222469); expected 3.6 (0.001)
Passed Fwd filter:                         1  (0.000278087); expected 0.0 (1e-05)
Initial search space (Z):               3596  [actual number of targets]
Domain search space  (domZ):               0  [number of targets reported over threshold]
# CPU time: 0.02u 0.00s 00:00:00.02 Elapsed: 00:00:00.01
# Mc/sec: 14941.13
//
Query:       TIGR00382  [M=414]
Accession:   TIGR00382
Description: clpX: ATP-dependent Clp protease, ATP-binding subunit ClpX
Scores for complete sequences (score includes all domains):
   --- full sequence ---   --- best 1 domain ---    -#dom-
    E-value  score  bias    E-value  score  bias    exp  N  Sequence              Description
    ------- ------ -----    ------- ------ -----   ---- --  --------              -----------
   1.2e-199  661.2   0.4   1.5e-199  660.8   0.4    1.0  1  DBOIFJ010000031.1_25   # 22530 # 23813 # -1 # ID=31_25;partial=00;start_type=ATG;rbs_motif=GGAG/GAGG;rbs_spacer=5-10bp;gc_cont=0.614
    5.4e-54  181.4   0.5    4.4e-25   86.2   0.0    3.4  0  DBOIFJ010000015.1_154  # 143195 # 144595 # 1 # ID=15_154;partial=00;start_type=ATG;rbs_motif=GGA/GAG/AGG;rbs_spacer=5-10bp;gc_cont=0.665


Domain annotation for each sequence:
>> DBOIFJ010000031.1_25  # 22530 # 23813 # -1 # ID=31_25;partial=00;start_type=ATG;rbs_motif=GGAG/GAGG;rbs_spacer=5-10bp;gc_cont=0.614
   #    score  bias  c-Evalue  i-Evalue hmmfrom  hmm to    alifrom  ali to    envfrom  env to     acc
 ---   ------ ----- --------- --------- ------- -------    ------- -------    ------- -------    ----
   1 !  660.8   0.4  8.5e-203  1.5e-199       5     411 ..      11     408 ..       7     411 .. 0.96

>> DBOIFJ010000015.1_154  # 143195 # 144595 # 1 # ID=15_154;partial=00;start_type=ATG;rbs_motif=GGA/GAG/AGG;rbs_spacer=5-10bp;gc_cont=0.665
   [No individual domains that satisfy reporting thresholds (although complete target did)]



Internal pipeline statistics summary:
-------------------------------------
Query model(s):                            1  (414 nodes)
Target sequences:                       3596  (1099884 residues searched)
Passed MSV filter:                       167  (0.0464405); expected 71.9 (0.02)
Passed bias filter:                      161  (0.044772); expected 71.9 (0.02)
Passed Vit filter:                        53  (0.0147386); expected 3.6 (0.001)
Passed Fwd filter:                         7  (0.00194661); expected 0.0 (1e-05)
Initial search space (Z):               3596  [actual number of targets]
Domain search space  (domZ):               2  [number of targets reported over threshold]
# CPU time: 0.07u 0.00s 00:00:00.07 Elapsed: 00:00:00.07
# Mc/sec: 5825.72
//
Query:       TIGR00392  [M=861]
Accession:   TIGR00392
Description: ileS: isoleucine--tRNA ligase
Scores for complete sequences (score includes all domains):
   --- full sequence ---   --- best 1 domain ---    -#dom-
    E-value  score  bias    E-value  score  bias    exp  N  Sequence             Description
    ------- ------ -----    ------- ------ -----   ---- --  --------             -----------
   2.6e-245  814.3   0.0   3.1e-245  814.0   0.0    1.0  1  DBOIFJ010000022.1_26  # 22699 # 25668 # 1 # ID=22_26;partial=00;start_type=ATG;rbs_motif=None;rbs_spacer=None;gc_cont=0.654


Domain annotation for each sequence:
>> DBOIFJ010000022.1_26  # 22699 # 25668 # 1 # ID=22_26;partial=00;start_type=ATG;rbs_motif=None;rbs_spacer=None;gc_cont=0.654
   #    score  bias  c-Evalue  i-Evalue hmmfrom  hmm to    alifrom  ali to    envfrom  env to     acc
 ---   ------ ----- --------- --------- ------- -------    ------- -------    ------- -------    ----
   1 !  814.0   0.0  8.5e-249  3.1e-245       1     856 [.      29     892 ..      29     896 .. 0.93



Internal pipeline statistics summary:
-------------------------------------
Query model(s):                            1  (861 nodes)
Target sequences:                       3596  (1099884 residues searched)
Passed MSV filter:                        58  (0.016129); expected 71.9 (0.02)
Passed bias filter:                       54  (0.0150167); expected 71.9 (0.02)
Passed Vit filter:                        15  (0.0041713); expected 3.6 (0.001)
Passed Fwd filter:                         6  (0.00166852); expected 0.0 (1e-05)
Initial search space (Z):               3596  [actual number of targets]
Domain search space  (domZ):               1  [number of targets reported over threshold]
# CPU time: 0.15u 0.01s 00:00:00.16 Elapsed: 00:00:00.15
# Mc/sec: 6021.22
//
Query:       TIGR00396  [M=843]
Accession:   TIGR00396
Description: leuS_bact: leucine--tRNA ligase
Scores for complete sequences (score includes all domains):
   --- full sequence ---   --- best 1 domain ---    -#dom-
    E-value  score  bias    E-value  score  bias    exp  N  Sequence              Description
    ------- ------ -----    ------- ------ -----   ---- --  --------              -----------
     6e-294  975.0   0.0   6.9e-294  974.8   0.0    1.0  1  DBOIFJ010000015.1_178  # 164635 # 167355 # -1 # ID=15_178;partial=00;start_type=TTG;rbs_motif=GGAG/GAGG;rbs_spacer=5-10bp;gc_cont=0.659


Domain annotation for each sequence:
>> DBOIFJ010000015.1_178  # 164635 # 167355 # -1 # ID=15_178;partial=00;start_type=TTG;rbs_motif=GGAG/GAGG;rbs_spacer=5-10bp;gc_cont=0.659
   #    score  bias  c-Evalue  i-Evalue hmmfrom  hmm to    alifrom  ali to    envfrom  env to     acc
 ---   ------ ----- --------- --------- ------- -------    ------- -------    ------- -------    ----
   1 !  974.8   0.0  1.9e-297  6.9e-294       7     842 ..      48     906 ..      42     906 .. 0.94



Internal pipeline statistics summary:
-------------------------------------
Query model(s):                            1  (843 nodes)
Target sequences:                       3596  (1099884 residues searched)
Passed MSV filter:                        53  (0.0147386); expected 71.9 (0.02)
Passed bias filter:                       51  (0.0141824); expected 71.9 (0.02)
Passed Vit filter:                         9  (0.00250278); expected 3.6 (0.001)
Passed Fwd filter:                         5  (0.00139043); expected 0.0 (1e-05)
Initial search space (Z):               3596  [actual number of targets]
Domain search space  (domZ):               1  [number of targets reported over threshold]
# CPU time: 0.11u 0.01s 00:00:00.12 Elapsed: 00:00:00.13
# Mc/sec: 6864.07
//
Query:       TIGR00398  [M=530]
Accession:   TIGR00398
Description: metG: methionine--tRNA ligase
Scores for complete sequences (score includes all domains):
   --- full sequence ---   --- best 1 domain ---    -#dom-
    E-value  score  bias    E-value  score  bias    exp  N  Sequence             Description
    ------- ------ -----    ------- ------ -----   ---- --  --------             -----------
     1e-142  474.2   0.0   3.6e-141  469.1   0.0    2.0  1  DBOIFJ010000026.1_92  # 98120 # 99670 # 1 # ID=26_92;partial=00;start_type=ATG;rbs_motif=GGA/GAG/AGG;rbs_spacer=5-10bp;gc_cont=0.640
   2.1e-128  427.0   0.0   3.1e-127  423.1   0.0    1.9  1  DBOIFJ010000044.1_8   # 6286 # 7683 # -1 # ID=44_8;partial=01;start_type=Edge;rbs_motif=None;rbs_spacer=None;gc_cont=0.636


Domain annotation for each sequence:
>> DBOIFJ010000026.1_92  # 98120 # 99670 # 1 # ID=26_92;partial=00;start_type=ATG;rbs_motif=GGA/GAG/AGG;rbs_spacer=5-10bp;gc_cont=0.640
   #    score  bias  c-Evalue  i-Evalue hmmfrom  hmm to    alifrom  ali to    envfrom  env to     acc
 ---   ------ ----- --------- --------- ------- -------    ------- -------    ------- -------    ----
   1 !  469.1   0.0    2e-144  3.6e-141       1     509 [.       6     484 ..       6     512 .. 0.93

>> DBOIFJ010000044.1_8  # 6286 # 7683 # -1 # ID=44_8;partial=01;start_type=Edge;rbs_motif=None;rbs_spacer=None;gc_cont=0.636
   #    score  bias  c-Evalue  i-Evalue hmmfrom  hmm to    alifrom  ali to    envfrom  env to     acc
 ---   ------ ----- --------- --------- ------- -------    ------- -------    ------- -------    ----
   1 !  423.1   0.0  1.7e-130  3.1e-127      53     509 ..       1     428 [.       1     454 [. 0.94



Internal pipeline statistics summary:
-------------------------------------
Query model(s):                            1  (530 nodes)
Target sequences:                       3596  (1099884 residues searched)
Passed MSV filter:                        55  (0.0152948); expected 71.9 (0.02)
Passed bias filter:                       54  (0.0150167); expected 71.9 (0.02)
Passed Vit filter:                        10  (0.00278087); expected 3.6 (0.001)
Passed Fwd filter:                         6  (0.00166852); expected 0.0 (1e-05)
Initial search space (Z):               3596  [actual number of targets]
Domain search space  (domZ):               2  [number of targets reported over threshold]
# CPU time: 0.08u 0.01s 00:00:00.09 Elapsed: 00:00:00.12
# Mc/sec: 4653.66
//
Query:       TIGR00405  [M=145]
Accession:   TIGR00405
Description: KOW_elon_Spt5: transcription elongation factor Spt5
Scores for complete sequences (score includes all domains):
   --- full sequence ---   --- best 1 domain ---    -#dom-
    E-value  score  bias    E-value  score  bias    exp  N  Sequence Description
    ------- ------ -----    ------- ------ -----   ---- --  -------- -----------

   [No hits detected that satisfy reporting thresholds]


Domain annotation for each sequence:

   [No targets detected that satisfy reporting thresholds]


Internal pipeline statistics summary:
-------------------------------------
Query model(s):                            1  (145 nodes)
Target sequences:                       3596  (1099884 residues searched)
Passed MSV filter:                        92  (0.025584); expected 71.9 (0.02)
Passed bias filter:                       76  (0.0211346); expected 71.9 (0.02)
Passed Vit filter:                         8  (0.00222469); expected 3.6 (0.001)
Passed Fwd filter:                         2  (0.000556174); expected 0.0 (1e-05)
Initial search space (Z):               3596  [actual number of targets]
Domain search space  (domZ):               0  [number of targets reported over threshold]
# CPU time: 0.02u 0.00s 00:00:00.02 Elapsed: 00:00:00.01
# Mc/sec: 8675.55
//
Query:       TIGR00414  [M=418]
Accession:   TIGR00414
Description: serS: serine--tRNA ligase
Scores for complete sequences (score includes all domains):
   --- full sequence ---   --- best 1 domain ---    -#dom-
    E-value  score  bias    E-value  score  bias    exp  N  Sequence              Description
    ------- ------ -----    ------- ------ -----   ---- --  --------              -----------
   3.5e-148  491.7   0.0    5.4e-97  323.1   0.0    2.0  1  DBOIFJ010000031.1_101  # 102202 # 103698 # -1 # ID=31_101;partial=00;start_type=ATG;rbs_motif=GGA/GAG/AGG;rbs_spacer=5-10bp;gc_cont=0.647


Domain annotation for each sequence:
>> DBOIFJ010000031.1_101  # 102202 # 103698 # -1 # ID=31_101;partial=00;start_type=ATG;rbs_motif=GGA/GAG/AGG;rbs_spacer=5-10bp;gc_cont=0.647
   #    score  bias  c-Evalue  i-Evalue hmmfrom  hmm to    alifrom  ali to    envfrom  env to     acc
 ---   ------ ----- --------- --------- ------- -------    ------- -------    ------- -------    ----
   1 !  323.1   0.0  1.5e-100   5.4e-97     224     418 .]     295     488 ..     280     488 .. 0.97



Internal pipeline statistics summary:
-------------------------------------
Query model(s):                            1  (418 nodes)
Target sequences:                       3596  (1099884 residues searched)
Passed MSV filter:                        81  (0.022525); expected 71.9 (0.02)
Passed bias filter:                       68  (0.0189099); expected 71.9 (0.02)
Passed Vit filter:                        11  (0.00305895); expected 3.6 (0.001)
Passed Fwd filter:                         4  (0.00111235); expected 0.0 (1e-05)
Initial search space (Z):               3596  [actual number of targets]
Domain search space  (domZ):               1  [number of targets reported over threshold]
# CPU time: 0.04u 0.00s 00:00:00.04 Elapsed: 00:00:00.05
# Mc/sec: 7675.95
//
Query:       TIGR00416  [M=454]
Accession:   TIGR00416
Description: sms: DNA repair protein RadA
Scores for complete sequences (score includes all domains):
   --- full sequence ---   --- best 1 domain ---    -#dom-
    E-value  score  bias    E-value  score  bias    exp  N  Sequence            Description
    ------- ------ -----    ------- ------ -----   ---- --  --------            -----------
   3.8e-164  544.4   0.1   4.6e-164  544.1   0.1    1.0  1  DBOIFJ010000016.1_2  # 216 # 1604 # -1 # ID=16_2;partial=00;start_type=ATG;rbs_motif=GGAGG;rbs_spacer=3-4bp;gc_cont=0.679


Domain annotation for each sequence:
>> DBOIFJ010000016.1_2  # 216 # 1604 # -1 # ID=16_2;partial=00;start_type=ATG;rbs_motif=GGAGG;rbs_spacer=3-4bp;gc_cont=0.679
   #    score  bias  c-Evalue  i-Evalue hmmfrom  hmm to    alifrom  ali to    envfrom  env to     acc
 ---   ------ ----- --------- --------- ------- -------    ------- -------    ------- -------    ----
   1 !  544.1   0.1  1.3e-167  4.6e-164       1     429 [.       1     424 [.       1     446 [. 0.96



Internal pipeline statistics summary:
-------------------------------------
Query model(s):                            1  (454 nodes)
Target sequences:                       3596  (1099884 residues searched)
Passed MSV filter:                       162  (0.0450501); expected 71.9 (0.02)
Passed bias filter:                      145  (0.0403226); expected 71.9 (0.02)
Passed Vit filter:                        31  (0.00862069); expected 3.6 (0.001)
Passed Fwd filter:                        11  (0.00305895); expected 0.0 (1e-05)
Initial search space (Z):               3596  [actual number of targets]
Domain search space  (domZ):               1  [number of targets reported over threshold]
# CPU time: 0.10u 0.00s 00:00:00.10 Elapsed: 00:00:00.10
# Mc/sec: 4805.28
//
Query:       TIGR00420  [M=351]
Accession:   TIGR00420
Description: trmU: tRNA (5-methylaminomethyl-2-thiouridylate)-methyltransferase
Scores for complete sequences (score includes all domains):
   --- full sequence ---   --- best 1 domain ---    -#dom-
    E-value  score  bias    E-value  score  bias    exp  N  Sequence              Description
    ------- ------ -----    ------- ------ -----   ---- --  --------              -----------
    1.3e-98  327.7   0.0    1.5e-98  327.5   0.0    1.0  1  DBOIFJ010000006.1_222  # 201127 # 202275 # 1 # ID=6_222;partial=00;start_type=ATG;rbs_motif=GGA/GAG/AGG;rbs_spacer=5-10bp;gc_cont=0.686


Domain annotation for each sequence:
>> DBOIFJ010000006.1_222  # 201127 # 202275 # 1 # ID=6_222;partial=00;start_type=ATG;rbs_motif=GGA/GAG/AGG;rbs_spacer=5-10bp;gc_cont=0.686
   #    score  bias  c-Evalue  i-Evalue hmmfrom  hmm to    alifrom  ali to    envfrom  env to     acc
 ---   ------ ----- --------- --------- ------- -------    ------- -------    ------- -------    ----
   1 !  327.5   0.0  4.2e-102   1.5e-98       2     351 .]      15     372 ..      14     372 .. 0.95



Internal pipeline statistics summary:
-------------------------------------
Query model(s):                            1  (351 nodes)
Target sequences:                       3596  (1099884 residues searched)
Passed MSV filter:                        43  (0.0119577); expected 71.9 (0.02)
Passed bias filter:                       43  (0.0119577); expected 71.9 (0.02)
Passed Vit filter:                         5  (0.00139043); expected 3.6 (0.001)
Passed Fwd filter:                         3  (0.00083426); expected 0.0 (1e-05)
Initial search space (Z):               3596  [actual number of targets]
Domain search space  (domZ):               1  [number of targets reported over threshold]
# CPU time: 0.03u 0.00s 00:00:00.03 Elapsed: 00:00:00.02
# Mc/sec: 15694.98
//
Query:       TIGR00431  [M=210]
Accession:   TIGR00431
Description: TruB: tRNA pseudouridine(55) synthase
Scores for complete sequences (score includes all domains):
   --- full sequence ---   --- best 1 domain ---    -#dom-
    E-value  score  bias    E-value  score  bias    exp  N  Sequence             Description
    ------- ------ -----    ------- ------ -----   ---- --  --------             -----------
    1.5e-66  221.7   0.0    1.8e-66  221.5   0.0    1.1  1  DBOIFJ010000015.1_75  # 66227 # 67123 # -1 # ID=15_75;partial=00;start_type=TTG;rbs_motif=GGA/GAG/AGG;rbs_spacer=11-12bp;gc_cont=0.688


Domain annotation for each sequence:
>> DBOIFJ010000015.1_75  # 66227 # 67123 # -1 # ID=15_75;partial=00;start_type=TTG;rbs_motif=GGA/GAG/AGG;rbs_spacer=11-12bp;gc_cont=0.688
   #    score  bias  c-Evalue  i-Evalue hmmfrom  hmm to    alifrom  ali to    envfrom  env to     acc
 ---   ------ ----- --------- --------- ------- -------    ------- -------    ------- -------    ----
   1 !  221.5   0.0     5e-70   1.8e-66       2     210 .]      12     219 ..      11     219 .. 0.98



Internal pipeline statistics summary:
-------------------------------------
Query model(s):                            1  (210 nodes)
Target sequences:                       3596  (1099884 residues searched)
Passed MSV filter:                        58  (0.016129); expected 71.9 (0.02)
Passed bias filter:                       53  (0.0147386); expected 71.9 (0.02)
Passed Vit filter:                         4  (0.00111235); expected 3.6 (0.001)
Passed Fwd filter:                         1  (0.000278087); expected 0.0 (1e-05)
Initial search space (Z):               3596  [actual number of targets]
Domain search space  (domZ):               1  [number of targets reported over threshold]
# CPU time: 0.02u 0.00s 00:00:00.02 Elapsed: 00:00:00.03
# Mc/sec: 6671.94
//
Query:       TIGR00435  [M=466]
Accession:   TIGR00435
Description: cysS: cysteine--tRNA ligase
Scores for complete sequences (score includes all domains):
   --- full sequence ---   --- best 1 domain ---    -#dom-
    E-value  score  bias    E-value  score  bias    exp  N  Sequence             Description
    ------- ------ -----    ------- ------ -----   ---- --  --------             -----------
   9.3e-132  438.0   0.0   1.7e-131  437.1   0.0    1.4  1  DBOIFJ010000027.1_48  # 50062 # 51495 # -1 # ID=27_48;partial=00;start_type=ATG;rbs_motif=None;rbs_spacer=None;gc_cont=0.665


Domain annotation for each sequence:
>> DBOIFJ010000027.1_48  # 50062 # 51495 # -1 # ID=27_48;partial=00;start_type=ATG;rbs_motif=None;rbs_spacer=None;gc_cont=0.665
   #    score  bias  c-Evalue  i-Evalue hmmfrom  hmm to    alifrom  ali to    envfrom  env to     acc
 ---   ------ ----- --------- --------- ------- -------    ------- -------    ------- -------    ----
   1 !  437.1   0.0  4.7e-135  1.7e-131       1     459 [.      15     464 ..      15     476 .. 0.88



Internal pipeline statistics summary:
-------------------------------------
Query model(s):                            1  (466 nodes)
Target sequences:                       3596  (1099884 residues searched)
Passed MSV filter:                        68  (0.0189099); expected 71.9 (0.02)
Passed bias filter:                       66  (0.0183537); expected 71.9 (0.02)
Passed Vit filter:                        12  (0.00333704); expected 3.6 (0.001)
Passed Fwd filter:                         7  (0.00194661); expected 0.0 (1e-05)
Initial search space (Z):               3596  [actual number of targets]
Domain search space  (domZ):               1  [number of targets reported over threshold]
# CPU time: 0.06u 0.00s 00:00:00.06 Elapsed: 00:00:00.06
# Mc/sec: 7640.35
//
Query:       TIGR00436  [M=270]
Accession:   TIGR00436
Description: era: GTP-binding protein Era
Scores for complete sequences (score includes all domains):
   --- full sequence ---   --- best 1 domain ---    -#dom-
    E-value  score  bias    E-value  score  bias    exp  N  Sequence             Description
    ------- ------ -----    ------- ------ -----   ---- --  --------             -----------
    5.6e-71  236.7   0.0    6.4e-71  236.5   0.0    1.0  1  DBOIFJ010000016.1_77  # 80965 # 81909 # 1 # ID=16_77;partial=00;start_type=GTG;rbs_motif=AGGA;rbs_spacer=5-10bp;gc_cont=0.635


Domain annotation for each sequence:
>> DBOIFJ010000016.1_77  # 80965 # 81909 # 1 # ID=16_77;partial=00;start_type=GTG;rbs_motif=AGGA;rbs_spacer=5-10bp;gc_cont=0.635
   #    score  bias  c-Evalue  i-Evalue hmmfrom  hmm to    alifrom  ali to    envfrom  env to     acc
 ---   ------ ----- --------- --------- ------- -------    ------- -------    ------- -------    ----
   1 !  236.5   0.0   1.8e-74   6.4e-71       1     270 []      20     290 ..      20     290 .. 0.99



Internal pipeline statistics summary:
-------------------------------------
Query model(s):                            1  (270 nodes)
Target sequences:                       3596  (1099884 residues searched)
Passed MSV filter:                       174  (0.0483871); expected 71.9 (0.02)
Passed bias filter:                      170  (0.0472747); expected 71.9 (0.02)
Passed Vit filter:                        91  (0.0253059); expected 3.6 (0.001)
Passed Fwd filter:                        12  (0.00333704); expected 0.0 (1e-05)
Initial search space (Z):               3596  [actual number of targets]
Domain search space  (domZ):               1  [number of targets reported over threshold]
# CPU time: 0.06u 0.00s 00:00:00.06 Elapsed: 00:00:00.09
# Mc/sec: 3197.02
//
Query:       TIGR00442  [M=406]
Accession:   TIGR00442
Description: hisS: histidine--tRNA ligase
Scores for complete sequences (score includes all domains):
   --- full sequence ---   --- best 1 domain ---    -#dom-
    E-value  score  bias    E-value  score  bias    exp  N  Sequence             Description
    ------- ------ -----    ------- ------ -----   ---- --  --------             -----------
   1.4e-110  367.8   0.0   1.6e-110  367.5   0.0    1.0  1  DBOIFJ010000022.1_11  # 7760 # 9292 # 1 # ID=22_11;partial=00;start_type=TTG;rbs_motif=GGAGG;rbs_spacer=5-10bp;gc_cont=0.665


Domain annotation for each sequence:
>> DBOIFJ010000022.1_11  # 7760 # 9292 # 1 # ID=22_11;partial=00;start_type=TTG;rbs_motif=GGAGG;rbs_spacer=5-10bp;gc_cont=0.665
   #    score  bias  c-Evalue  i-Evalue hmmfrom  hmm to    alifrom  ali to    envfrom  env to     acc
 ---   ------ ----- --------- --------- ------- -------    ------- -------    ------- -------    ----
   1 !  367.5   0.0  4.4e-114  1.6e-110       2     404 ..      17     469 ..      16     471 .. 0.94



Internal pipeline statistics summary:
-------------------------------------
Query model(s):                            1  (406 nodes)
Target sequences:                       3596  (1099884 residues searched)
Passed MSV filter:                        84  (0.0233593); expected 71.9 (0.02)
Passed bias filter:                       74  (0.0205784); expected 71.9 (0.02)
Passed Vit filter:                        11  (0.00305895); expected 3.6 (0.001)
Passed Fwd filter:                         6  (0.00166852); expected 0.0 (1e-05)
Initial search space (Z):               3596  [actual number of targets]
Domain search space  (domZ):               1  [number of targets reported over threshold]
# CPU time: 0.04u 0.00s 00:00:00.04 Elapsed: 00:00:00.04
# Mc/sec: 9188.61
//
Query:       TIGR00445  [M=321]
Accession:   TIGR00445
Description: mraY: phospho-N-acetylmuramoyl-pentapeptide-transferase
Scores for complete sequences (score includes all domains):
   --- full sequence ---   --- best 1 domain ---    -#dom-
    E-value  score  bias    E-value  score  bias    exp  N  Sequence            Description
    ------- ------ -----    ------- ------ -----   ---- --  --------            -----------
   2.9e-111  369.6  11.8   3.4e-111  369.4  11.8    1.0  1  DBOIFJ010000031.1_3  # 1434 # 2519 # -1 # ID=31_3;partial=00;start_type=ATG;rbs_motif=GGA/GAG/AGG;rbs_spacer=11-12bp;gc_cont=0.634


Domain annotation for each sequence:
>> DBOIFJ010000031.1_3  # 1434 # 2519 # -1 # ID=31_3;partial=00;start_type=ATG;rbs_motif=GGA/GAG/AGG;rbs_spacer=11-12bp;gc_cont=0.634
   #    score  bias  c-Evalue  i-Evalue hmmfrom  hmm to    alifrom  ali to    envfrom  env to     acc
 ---   ------ ----- --------- --------- ------- -------    ------- -------    ------- -------    ----
   1 !  369.4  11.8  9.5e-115  3.4e-111       3     321 .]      38     361 ..      36     361 .. 0.96



Internal pipeline statistics summary:
-------------------------------------
Query model(s):                            1  (321 nodes)
Target sequences:                       3596  (1099884 residues searched)
Passed MSV filter:                       143  (0.0397664); expected 71.9 (0.02)
Passed bias filter:                       56  (0.0155729); expected 71.9 (0.02)
Passed Vit filter:                         2  (0.000556174); expected 3.6 (0.001)
Passed Fwd filter:                         1  (0.000278087); expected 0.0 (1e-05)
Initial search space (Z):               3596  [actual number of targets]
Domain search space  (domZ):               1  [number of targets reported over threshold]
# CPU time: 0.03u 0.01s 00:00:00.04 Elapsed: 00:00:00.03
# Mc/sec: 11652.65
//
Query:       TIGR00448  [M=179]
Accession:   TIGR00448
Description: rpoE: DNA-directed RNA polymerase
Scores for complete sequences (score includes all domains):
   --- full sequence ---   --- best 1 domain ---    -#dom-
    E-value  score  bias    E-value  score  bias    exp  N  Sequence Description
    ------- ------ -----    ------- ------ -----   ---- --  -------- -----------

   [No hits detected that satisfy reporting thresholds]


Domain annotation for each sequence:

   [No targets detected that satisfy reporting thresholds]


Internal pipeline statistics summary:
-------------------------------------
Query model(s):                            1  (179 nodes)
Target sequences:                       3596  (1099884 residues searched)
Passed MSV filter:                        80  (0.0222469); expected 71.9 (0.02)
Passed bias filter:                       75  (0.0208565); expected 71.9 (0.02)
Passed Vit filter:                         5  (0.00139043); expected 3.6 (0.001)
Passed Fwd filter:                         3  (0.00083426); expected 0.0 (1e-05)
Initial search space (Z):               3596  [actual number of targets]
Domain search space  (domZ):               0  [number of targets reported over threshold]
# CPU time: 0.02u 0.00s 00:00:00.02 Elapsed: 00:00:00.03
# Mc/sec: 4924.75
//
Query:       TIGR00456  [M=569]
Accession:   TIGR00456
Description: argS: arginine--tRNA ligase
Scores for complete sequences (score includes all domains):
   --- full sequence ---   --- best 1 domain ---    -#dom-
    E-value  score  bias    E-value  score  bias    exp  N  Sequence Description
    ------- ------ -----    ------- ------ -----   ---- --  -------- -----------

   [No hits detected that satisfy reporting thresholds]


Domain annotation for each sequence:

   [No targets detected that satisfy reporting thresholds]


Internal pipeline statistics summary:
-------------------------------------
Query model(s):                            1  (569 nodes)
Target sequences:                       3596  (1099884 residues searched)
Passed MSV filter:                        63  (0.0175195); expected 71.9 (0.02)
Passed bias filter:                       63  (0.0175195); expected 71.9 (0.02)
Passed Vit filter:                        12  (0.00333704); expected 3.6 (0.001)
Passed Fwd filter:                         2  (0.000556174); expected 0.0 (1e-05)
Initial search space (Z):               3596  [actual number of targets]
Domain search space  (domZ):               0  [number of targets reported over threshold]
# CPU time: 0.06u 0.00s 00:00:00.06 Elapsed: 00:00:00.05
# Mc/sec: 10835.50
//
Query:       TIGR00459  [M=586]
Accession:   TIGR00459
Description: aspS_bact: aspartate--tRNA ligase
Scores for complete sequences (score includes all domains):
   --- full sequence ---   --- best 1 domain ---    -#dom-
    E-value  score  bias    E-value  score  bias    exp  N  Sequence             Description
    ------- ------ -----    ------- ------ -----   ---- --  --------             -----------
     3e-174  578.3   0.0   3.7e-174  577.9   0.0    1.0  1  DBOIFJ010000026.1_52  # 55403 # 57193 # 1 # ID=26_52;partial=00;start_type=ATG;rbs_motif=GGA/GAG/AGG;rbs_spacer=5-10bp;gc_cont=0.648


Domain annotation for each sequence:
>> DBOIFJ010000026.1_52  # 55403 # 57193 # 1 # ID=26_52;partial=00;start_type=ATG;rbs_motif=GGA/GAG/AGG;rbs_spacer=5-10bp;gc_cont=0.648
   #    score  bias  c-Evalue  i-Evalue hmmfrom  hmm to    alifrom  ali to    envfrom  env to     acc
 ---   ------ ----- --------- --------- ------- -------    ------- -------    ------- -------    ----
   1 !  577.9   0.0    1e-177  3.7e-174       3     584 ..       5     590 ..       3     592 .. 0.96



Internal pipeline statistics summary:
-------------------------------------
Query model(s):                            1  (586 nodes)
Target sequences:                       3596  (1099884 residues searched)
Passed MSV filter:                        70  (0.0194661); expected 71.9 (0.02)
Passed bias filter:                       69  (0.019188); expected 71.9 (0.02)
Passed Vit filter:                        11  (0.00305895); expected 3.6 (0.001)
Passed Fwd filter:                         2  (0.000556174); expected 0.0 (1e-05)
Initial search space (Z):               3596  [actual number of targets]
Domain search space  (domZ):               1  [number of targets reported over threshold]
# CPU time: 0.04u 0.00s 00:00:00.04 Elapsed: 00:00:00.03
# Mc/sec: 16515.37
//
Query:       TIGR00460  [M=315]
Accession:   TIGR00460
Description: fmt: methionyl-tRNA formyltransferase
Scores for complete sequences (score includes all domains):
   --- full sequence ---   --- best 1 domain ---    -#dom-
    E-value  score  bias    E-value  score  bias    exp  N  Sequence             Description
    ------- ------ -----    ------- ------ -----   ---- --  --------             -----------
    1.6e-78  261.7   0.0    1.9e-78  261.4   0.0    1.0  1  DBOIFJ010000048.1_62  # 62758 # 63672 # 1 # ID=48_62;partial=00;start_type=ATG;rbs_motif=GGAG/GAGG;rbs_spacer=5-10bp;gc_cont=0.691


Domain annotation for each sequence:
>> DBOIFJ010000048.1_62  # 62758 # 63672 # 1 # ID=48_62;partial=00;start_type=ATG;rbs_motif=GGAG/GAGG;rbs_spacer=5-10bp;gc_cont=0.691
   #    score  bias  c-Evalue  i-Evalue hmmfrom  hmm to    alifrom  ali to    envfrom  env to     acc
 ---   ------ ----- --------- --------- ------- -------    ------- -------    ------- -------    ----
   1 !  261.4   0.0   5.2e-82   1.9e-78       1     304 [.       1     298 [.       1     302 [. 0.93



Internal pipeline statistics summary:
-------------------------------------
Query model(s):                            1  (315 nodes)
Target sequences:                       3596  (1099884 residues searched)
Passed MSV filter:                        59  (0.0164071); expected 71.9 (0.02)
Passed bias filter:                       57  (0.0158509); expected 71.9 (0.02)
Passed Vit filter:                         4  (0.00111235); expected 3.6 (0.001)
Passed Fwd filter:                         3  (0.00083426); expected 0.0 (1e-05)
Initial search space (Z):               3596  [actual number of targets]
Domain search space  (domZ):               1  [number of targets reported over threshold]
# CPU time: 0.03u 0.00s 00:00:00.03 Elapsed: 00:00:00.03
# Mc/sec: 10691.73
//
Query:       TIGR00468  [M=324]
Accession:   TIGR00468
Description: pheS: phenylalanine--tRNA ligase, alpha subunit
Scores for complete sequences (score includes all domains):
   --- full sequence ---   --- best 1 domain ---    -#dom-
    E-value  score  bias    E-value  score  bias    exp  N  Sequence             Description
    ------- ------ -----    ------- ------ -----   ---- --  --------             -----------
    1.5e-98  327.6   0.0    3.5e-97  323.2   0.0    2.2  1  DBOIFJ010000020.1_65  # 65970 # 67103 # 1 # ID=20_65;partial=00;start_type=ATG;rbs_motif=GGA/GAG/AGG;rbs_spacer=5-10bp;gc_cont=0.662


Domain annotation for each sequence:
>> DBOIFJ010000020.1_65  # 65970 # 67103 # 1 # ID=20_65;partial=00;start_type=ATG;rbs_motif=GGA/GAG/AGG;rbs_spacer=5-10bp;gc_cont=0.662
   #    score  bias  c-Evalue  i-Evalue hmmfrom  hmm to    alifrom  ali to    envfrom  env to     acc
 ---   ------ ----- --------- --------- ------- -------    ------- -------    ------- -------    ----
   1 !  323.2   0.0  9.7e-101   3.5e-97       5     321 ..      45     360 ..      41     362 .. 0.93



Internal pipeline statistics summary:
-------------------------------------
Query model(s):                            1  (324 nodes)
Target sequences:                       3596  (1099884 residues searched)
Passed MSV filter:                        57  (0.0158509); expected 71.9 (0.02)
Passed bias filter:                       55  (0.0152948); expected 71.9 (0.02)
Passed Vit filter:                         8  (0.00222469); expected 3.6 (0.001)
Passed Fwd filter:                         2  (0.000556174); expected 0.0 (1e-05)
Initial search space (Z):               3596  [actual number of targets]
Domain search space  (domZ):               1  [number of targets reported over threshold]
# CPU time: 0.04u 0.00s 00:00:00.04 Elapsed: 00:00:00.08
# Mc/sec: 4416.91
//
Query:       TIGR00472  [M=798]
Accession:   TIGR00472
Description: pheT_bact: phenylalanine--tRNA ligase, beta subunit
Scores for complete sequences (score includes all domains):
   --- full sequence ---   --- best 1 domain ---    -#dom-
    E-value  score  bias    E-value  score  bias    exp  N  Sequence             Description
    ------- ------ -----    ------- ------ -----   ---- --  --------             -----------
   1.4e-218  725.7   0.0   1.5e-218  725.5   0.0    1.0  1  DBOIFJ010000020.1_67  # 67738 # 70143 # 1 # ID=20_67;partial=00;start_type=ATG;rbs_motif=None;rbs_spacer=None;gc_cont=0.672


Domain annotation for each sequence:
>> DBOIFJ010000020.1_67  # 67738 # 70143 # 1 # ID=20_67;partial=00;start_type=ATG;rbs_motif=None;rbs_spacer=None;gc_cont=0.672
   #    score  bias  c-Evalue  i-Evalue hmmfrom  hmm to    alifrom  ali to    envfrom  env to     acc
 ---   ------ ----- --------- --------- ------- -------    ------- -------    ------- -------    ----
   1 !  725.5   0.0  4.3e-222  1.5e-218       1     798 []       1     800 [.       1     800 [. 0.94



Internal pipeline statistics summary:
-------------------------------------
Query model(s):                            1  (798 nodes)
Target sequences:                       3596  (1099884 residues searched)
Passed MSV filter:                        64  (0.0177976); expected 71.9 (0.02)
Passed bias filter:                       60  (0.0166852); expected 71.9 (0.02)
Passed Vit filter:                         6  (0.00166852); expected 3.6 (0.001)
Passed Fwd filter:                         1  (0.000278087); expected 0.0 (1e-05)
Initial search space (Z):               3596  [actual number of targets]
Domain search space  (domZ):               1  [number of targets reported over threshold]
# CPU time: 0.06u 0.00s 00:00:00.06 Elapsed: 00:00:00.11
# Mc/sec: 7508.78
//
Query:       TIGR00483  [M=427]
Accession:   TIGR00483
Description: EF-1_alpha: translation elongation factor EF-1, subunit alpha
Scores for complete sequences (score includes all domains):
   --- full sequence ---   --- best 1 domain ---    -#dom-
    E-value  score  bias    E-value  score  bias    exp  N  Sequence Description
    ------- ------ -----    ------- ------ -----   ---- --  -------- -----------

   [No hits detected that satisfy reporting thresholds]


Domain annotation for each sequence:

   [No targets detected that satisfy reporting thresholds]


Internal pipeline statistics summary:
-------------------------------------
Query model(s):                            1  (427 nodes)
Target sequences:                       3596  (1099884 residues searched)
Passed MSV filter:                        85  (0.0236374); expected 71.9 (0.02)
Passed bias filter:                       73  (0.0203003); expected 71.9 (0.02)
Passed Vit filter:                        15  (0.0041713); expected 3.6 (0.001)
Passed Fwd filter:                         9  (0.00250278); expected 0.0 (1e-05)
Initial search space (Z):               3596  [actual number of targets]
Domain search space  (domZ):               0  [number of targets reported over threshold]
# CPU time: 0.09u 0.00s 00:00:00.09 Elapsed: 00:00:00.08
# Mc/sec: 5290.88
//
Query:       TIGR00487  [M=587]
Accession:   TIGR00487
Description: IF-2: translation initiation factor IF-2
Scores for complete sequences (score includes all domains):
   --- full sequence ---   --- best 1 domain ---    -#dom-
    E-value  score  bias    E-value  score  bias    exp  N  Sequence             Description
    ------- ------ -----    ------- ------ -----   ---- --  --------             -----------
   5.5e-240  795.7  20.4   5.5e-240  795.7  20.4    1.3  1  DBOIFJ010000015.1_78  # 68346 # 70979 # -1 # ID=15_78;partial=00;start_type=ATG;rbs_motif=GGA/GAG/AGG;rbs_spacer=11-12bp;gc_cont=0.679


Domain annotation for each sequence:
>> DBOIFJ010000015.1_78  # 68346 # 70979 # -1 # ID=15_78;partial=00;start_type=ATG;rbs_motif=GGA/GAG/AGG;rbs_spacer=11-12bp;gc_cont=0.679
   #    score  bias  c-Evalue  i-Evalue hmmfrom  hmm to    alifrom  ali to    envfrom  env to     acc
 ---   ------ ----- --------- --------- ------- -------    ------- -------    ------- -------    ----
   1 !  795.7  20.4  1.5e-243  5.5e-240       4     586 ..     295     877 ..     292     877 .. 0.97



Internal pipeline statistics summary:
-------------------------------------
Query model(s):                            1  (587 nodes)
Target sequences:                       3596  (1099884 residues searched)
Passed MSV filter:                       108  (0.0300334); expected 71.9 (0.02)
Passed bias filter:                       80  (0.0222469); expected 71.9 (0.02)
Passed Vit filter:                        16  (0.00444939); expected 3.6 (0.001)
Passed Fwd filter:                        10  (0.00278087); expected 0.0 (1e-05)
Initial search space (Z):               3596  [actual number of targets]
Domain search space  (domZ):               1  [number of targets reported over threshold]
# CPU time: 0.08u 0.00s 00:00:00.08 Elapsed: 00:00:00.08
# Mc/sec: 7401.21
//
Query:       TIGR00491  [M=594]
Accession:   TIGR00491
Description: aIF-2: translation initiation factor aIF-2
Scores for complete sequences (score includes all domains):
   --- full sequence ---   --- best 1 domain ---    -#dom-
    E-value  score  bias    E-value  score  bias    exp  N  Sequence Description
    ------- ------ -----    ------- ------ -----   ---- --  -------- -----------

   [No hits detected that satisfy reporting thresholds]


Domain annotation for each sequence:

   [No targets detected that satisfy reporting thresholds]


Internal pipeline statistics summary:
-------------------------------------
Query model(s):                            1  (594 nodes)
Target sequences:                       3596  (1099884 residues searched)
Passed MSV filter:                       102  (0.0283648); expected 71.9 (0.02)
Passed bias filter:                       90  (0.0250278); expected 71.9 (0.02)
Passed Vit filter:                        17  (0.00472747); expected 3.6 (0.001)
Passed Fwd filter:                         9  (0.00250278); expected 0.0 (1e-05)
Initial search space (Z):               3596  [actual number of targets]
Domain search space  (domZ):               0  [number of targets reported over threshold]
# CPU time: 0.09u 0.00s 00:00:00.09 Elapsed: 00:00:00.10
# Mc/sec: 6236.93
//
Query:       TIGR00496  [M=176]
Accession:   TIGR00496
Description: frr: ribosome recycling factor
Scores for complete sequences (score includes all domains):
   --- full sequence ---   --- best 1 domain ---    -#dom-
    E-value  score  bias    E-value  score  bias    exp  N  Sequence             Description
    ------- ------ -----    ------- ------ -----   ---- --  --------             -----------
    4.4e-67  222.7   0.2      5e-67  222.6   0.2    1.0  1  DBOIFJ010000026.1_22  # 22438 # 22998 # 1 # ID=26_22;partial=00;start_type=ATG;rbs_motif=GGAG/GAGG;rbs_spacer=5-10bp;gc_cont=0.636


Domain annotation for each sequence:
>> DBOIFJ010000026.1_22  # 22438 # 22998 # 1 # ID=26_22;partial=00;start_type=ATG;rbs_motif=GGAG/GAGG;rbs_spacer=5-10bp;gc_cont=0.636
   #    score  bias  c-Evalue  i-Evalue hmmfrom  hmm to    alifrom  ali to    envfrom  env to     acc
 ---   ------ ----- --------- --------- ------- -------    ------- -------    ------- -------    ----
   1 !  222.6   0.2   1.4e-70     5e-67       1     176 []      11     186 ..      11     186 .. 0.99



Internal pipeline statistics summary:
-------------------------------------
Query model(s):                            1  (176 nodes)
Target sequences:                       3596  (1099884 residues searched)
Passed MSV filter:                        52  (0.0144605); expected 71.9 (0.02)
Passed bias filter:                       42  (0.0116796); expected 71.9 (0.02)
Passed Vit filter:                         4  (0.00111235); expected 3.6 (0.001)
Passed Fwd filter:                         1  (0.000278087); expected 0.0 (1e-05)
Initial search space (Z):               3596  [actual number of targets]
Domain search space  (domZ):               1  [number of targets reported over threshold]
# CPU time: 0.01u 0.00s 00:00:00.01 Elapsed: 00:00:00.02
# Mc/sec: 7902.21
//
Query:       TIGR00522  [M=258]
Accession:   TIGR00522
Description: dph5: diphthine synthase
Scores for complete sequences (score includes all domains):
   --- full sequence ---   --- best 1 domain ---    -#dom-
    E-value  score  bias    E-value  score  bias    exp  N  Sequence Description
    ------- ------ -----    ------- ------ -----   ---- --  -------- -----------

   [No hits detected that satisfy reporting thresholds]


Domain annotation for each sequence:

   [No targets detected that satisfy reporting thresholds]


Internal pipeline statistics summary:
-------------------------------------
Query model(s):                            1  (258 nodes)
Target sequences:                       3596  (1099884 residues searched)
Passed MSV filter:                        71  (0.0197442); expected 71.9 (0.02)
Passed bias filter:                       65  (0.0180756); expected 71.9 (0.02)
Passed Vit filter:                         2  (0.000556174); expected 3.6 (0.001)
Passed Fwd filter:                         0  (0); expected 0.0 (1e-05)
Initial search space (Z):               3596  [actual number of targets]
Domain search space  (domZ):               0  [number of targets reported over threshold]
# CPU time: 0.02u 0.00s 00:00:00.02 Elapsed: 00:00:00.02
# Mc/sec: 11052.30
//
Query:       TIGR00539  [M=361]
Accession:   TIGR00539
Description: hemN_rel: putative oxygen-independent coproporphyrinogen III oxidase
Scores for complete sequences (score includes all domains):
   --- full sequence ---   --- best 1 domain ---    -#dom-
    E-value  score  bias    E-value  score  bias    exp  N  Sequence              Description
    ------- ------ -----    ------- ------ -----   ---- --  --------              -----------
    8.3e-83  276.1   0.0      1e-82  275.8   0.0    1.0  1  DBOIFJ010000015.1_128  # 122101 # 123297 # -1 # ID=15_128;partial=00;start_type=TTG;rbs_motif=GGAGG;rbs_spacer=5-10bp;gc_cont=0.671


Domain annotation for each sequence:
>> DBOIFJ010000015.1_128  # 122101 # 123297 # -1 # ID=15_128;partial=00;start_type=TTG;rbs_motif=GGAGG;rbs_spacer=5-10bp;gc_cont=0.671
   #    score  bias  c-Evalue  i-Evalue hmmfrom  hmm to    alifrom  ali to    envfrom  env to     acc
 ---   ------ ----- --------- --------- ------- -------    ------- -------    ------- -------    ----
   1 !  275.8   0.0   2.8e-86     1e-82       3     339 ..      24     368 ..      22     383 .. 0.91



Internal pipeline statistics summary:
-------------------------------------
Query model(s):                            1  (361 nodes)
Target sequences:                       3596  (1099884 residues searched)
Passed MSV filter:                        60  (0.0166852); expected 71.9 (0.02)
Passed bias filter:                       60  (0.0166852); expected 71.9 (0.02)
Passed Vit filter:                        11  (0.00305895); expected 3.6 (0.001)
Passed Fwd filter:                         2  (0.000556174); expected 0.0 (1e-05)
Initial search space (Z):               3596  [actual number of targets]
Domain search space  (domZ):               1  [number of targets reported over threshold]
# CPU time: 0.04u 0.00s 00:00:00.04 Elapsed: 00:00:00.04
# Mc/sec: 9196.03
//
Query:       TIGR00580  [M=923]
Accession:   TIGR00580
Description: mfd: transcription-repair coupling factor
Scores for complete sequences (score includes all domains):
   --- full sequence ---   --- best 1 domain ---    -#dom-
    E-value  score  bias    E-value  score  bias    exp  N  Sequence             Description
    ------- ------ -----    ------- ------ -----   ---- --  --------             -----------
          0 1021.4   0.0          0 1021.1   0.0    1.0  1  DBOIFJ010000026.1_75  # 77977 # 81477 # 1 # ID=26_75;partial=00;start_type=ATG;rbs_motif=None;rbs_spacer=None;gc_cont=0.646


Domain annotation for each sequence:
>> DBOIFJ010000026.1_75  # 77977 # 81477 # 1 # ID=26_75;partial=00;start_type=ATG;rbs_motif=None;rbs_spacer=None;gc_cont=0.646
   #    score  bias  c-Evalue  i-Evalue hmmfrom  hmm to    alifrom  ali to    envfrom  env to     acc
 ---   ------ ----- --------- --------- ------- -------    ------- -------    ------- -------    ----
   1 ! 1021.1   0.0         0         0       3     923 .]     146    1088 ..     144    1088 .. 0.93



Internal pipeline statistics summary:
-------------------------------------
Query model(s):                            1  (923 nodes)
Target sequences:                       3596  (1099884 residues searched)
Passed MSV filter:                        88  (0.0244716); expected 71.9 (0.02)
Passed bias filter:                       73  (0.0203003); expected 71.9 (0.02)
Passed Vit filter:                        13  (0.00361513); expected 3.6 (0.001)
Passed Fwd filter:                         6  (0.00166852); expected 0.0 (1e-05)
Initial search space (Z):               3596  [actual number of targets]
Domain search space  (domZ):               1  [number of targets reported over threshold]
# CPU time: 0.11u 0.01s 00:00:00.12 Elapsed: 00:00:00.13
# Mc/sec: 7794.54
//
Query:       TIGR00593  [M=890]
Accession:   TIGR00593
Description: pola: DNA polymerase I
Scores for complete sequences (score includes all domains):
   --- full sequence ---   --- best 1 domain ---    -#dom-
    E-value  score  bias    E-value  score  bias    exp  N  Sequence              Description
    ------- ------ -----    ------- ------ -----   ---- --  --------              -----------
   2.8e-273  907.1   0.0   3.3e-273  906.9   0.0    1.0  1  DBOIFJ010000006.1_274  # 262564 # 265482 # 1 # ID=6_274;partial=00;start_type=ATG;rbs_motif=GGAG/GAGG;rbs_spacer=5-10bp;gc_cont=0.666


Domain annotation for each sequence:
>> DBOIFJ010000006.1_274  # 262564 # 265482 # 1 # ID=6_274;partial=00;start_type=ATG;rbs_motif=GGAG/GAGG;rbs_spacer=5-10bp;gc_cont=0.666
   #    score  bias  c-Evalue  i-Evalue hmmfrom  hmm to    alifrom  ali to    envfrom  env to     acc
 ---   ------ ----- --------- --------- ------- -------    ------- -------    ------- -------    ----
   1 !  906.9   0.0  9.1e-277  3.3e-273       1     890 []       3     972 ..       3     972 .. 0.92



Internal pipeline statistics summary:
-------------------------------------
Query model(s):                            1  (890 nodes)
Target sequences:                       3596  (1099884 residues searched)
Passed MSV filter:                        91  (0.0253059); expected 71.9 (0.02)
Passed bias filter:                       69  (0.019188); expected 71.9 (0.02)
Passed Vit filter:                         9  (0.00250278); expected 3.6 (0.001)
Passed Fwd filter:                         3  (0.00083426); expected 0.0 (1e-05)
Initial search space (Z):               3596  [actual number of targets]
Domain search space  (domZ):               1  [number of targets reported over threshold]
# CPU time: 0.09u 0.00s 00:00:00.09 Elapsed: 00:00:00.09
# Mc/sec: 10384.18
//
Query:       TIGR00615  [M=196]
Accession:   TIGR00615
Description: recR: recombination protein RecR
Scores for complete sequences (score includes all domains):
   --- full sequence ---   --- best 1 domain ---    -#dom-
    E-value  score  bias    E-value  score  bias    exp  N  Sequence             Description
    ------- ------ -----    ------- ------ -----   ---- --  --------             -----------
    4.2e-58  193.7   0.0      5e-58  193.4   0.0    1.0  1  DBOIFJ010000048.1_58  # 60642 # 61238 # 1 # ID=48_58;partial=00;start_type=TTG;rbs_motif=GGA/GAG/AGG;rbs_spacer=5-10bp;gc_cont=0.650


Domain annotation for each sequence:
>> DBOIFJ010000048.1_58  # 60642 # 61238 # 1 # ID=48_58;partial=00;start_type=TTG;rbs_motif=GGA/GAG/AGG;rbs_spacer=5-10bp;gc_cont=0.650
   #    score  bias  c-Evalue  i-Evalue hmmfrom  hmm to    alifrom  ali to    envfrom  env to     acc
 ---   ------ ----- --------- --------- ------- -------    ------- -------    ------- -------    ----
   1 !  193.4   0.0   1.4e-61     5e-58       5     195 ..       6     195 ..       3     196 .. 0.96



Internal pipeline statistics summary:
-------------------------------------
Query model(s):                            1  (196 nodes)
Target sequences:                       3596  (1099884 residues searched)
Passed MSV filter:                        52  (0.0144605); expected 71.9 (0.02)
Passed bias filter:                       51  (0.0141824); expected 71.9 (0.02)
Passed Vit filter:                         6  (0.00166852); expected 3.6 (0.001)
Passed Fwd filter:                         2  (0.000556174); expected 0.0 (1e-05)
Initial search space (Z):               3596  [actual number of targets]
Domain search space  (domZ):               1  [number of targets reported over threshold]
# CPU time: 0.01u 0.00s 00:00:00.01 Elapsed: 00:00:00.02
# Mc/sec: 8387.83
//
Query:       TIGR00631  [M=658]
Accession:   TIGR00631
Description: uvrb: excinuclease ABC subunit B
Scores for complete sequences (score includes all domains):
   --- full sequence ---   --- best 1 domain ---    -#dom-
    E-value  score  bias    E-value  score  bias    exp  N  Sequence             Description
    ------- ------ -----    ------- ------ -----   ---- --  --------             -----------
          0 1015.6   0.1          0 1015.4   0.1    1.0  1  DBOIFJ010000006.1_54  # 46177 # 48768 # 1 # ID=6_54;partial=00;start_type=ATG;rbs_motif=None;rbs_spacer=None;gc_cont=0.658


Domain annotation for each sequence:
>> DBOIFJ010000006.1_54  # 46177 # 48768 # 1 # ID=6_54;partial=00;start_type=ATG;rbs_motif=None;rbs_spacer=None;gc_cont=0.658
   #    score  bias  c-Evalue  i-Evalue hmmfrom  hmm to    alifrom  ali to    envfrom  env to     acc
 ---   ------ ----- --------- --------- ------- -------    ------- -------    ------- -------    ----
   1 ! 1015.4   0.1         0         0       2     658 .]     196     851 ..     195     851 .. 0.98



Internal pipeline statistics summary:
-------------------------------------
Query model(s):                            1  (658 nodes)
Target sequences:                       3596  (1099884 residues searched)
Passed MSV filter:                       107  (0.0297553); expected 71.9 (0.02)
Passed bias filter:                       88  (0.0244716); expected 71.9 (0.02)
Passed Vit filter:                        16  (0.00444939); expected 3.6 (0.001)
Passed Fwd filter:                         9  (0.00250278); expected 0.0 (1e-05)
Initial search space (Z):               3596  [actual number of targets]
Domain search space  (domZ):               1  [number of targets reported over threshold]
# CPU time: 0.07u 0.02s 00:00:00.09 Elapsed: 00:00:00.13
# Mc/sec: 5516.12
//
Query:       TIGR00634  [M=563]
Accession:   TIGR00634
Description: recN: DNA repair protein RecN
Scores for complete sequences (score includes all domains):
   --- full sequence ---   --- best 1 domain ---    -#dom-
    E-value  score  bias    E-value  score  bias    exp  N  Sequence             Description
    ------- ------ -----    ------- ------ -----   ---- --  --------             -----------
   8.2e-140  465.0  13.7   9.2e-140  464.9  13.7    1.0  1  DBOIFJ010000012.1_81  # 78087 # 79757 # 1 # ID=12_81;partial=00;start_type=ATG;rbs_motif=GGA/GAG/AGG;rbs_spacer=11-12bp;gc_cont=0.685


Domain annotation for each sequence:
>> DBOIFJ010000012.1_81  # 78087 # 79757 # 1 # ID=12_81;partial=00;start_type=ATG;rbs_motif=GGA/GAG/AGG;rbs_spacer=11-12bp;gc_cont=0.685
   #    score  bias  c-Evalue  i-Evalue hmmfrom  hmm to    alifrom  ali to    envfrom  env to     acc
 ---   ------ ----- --------- --------- ------- -------    ------- -------    ------- -------    ----
   1 !  464.9  13.7  2.6e-143  9.2e-140       1     562 [.       1     553 [.       1     554 [. 0.96



Internal pipeline statistics summary:
-------------------------------------
Query model(s):                            1  (563 nodes)
Target sequences:                       3596  (1099884 residues searched)
Passed MSV filter:                       215  (0.0597887); expected 71.9 (0.02)
Passed bias filter:                      140  (0.0389321); expected 71.9 (0.02)
Passed Vit filter:                        37  (0.0102892); expected 3.6 (0.001)
Passed Fwd filter:                         5  (0.00139043); expected 0.0 (1e-05)
Initial search space (Z):               3596  [actual number of targets]
Domain search space  (domZ):               1  [number of targets reported over threshold]
# CPU time: 0.09u 0.00s 00:00:00.09 Elapsed: 00:00:00.09
# Mc/sec: 6372.32
//
Query:       TIGR00635  [M=305]
Accession:   TIGR00635
Description: ruvB: Holliday junction DNA helicase RuvB
Scores for complete sequences (score includes all domains):
   --- full sequence ---   --- best 1 domain ---    -#dom-
    E-value  score  bias    E-value  score  bias    exp  N  Sequence              Description
    ------- ------ -----    ------- ------ -----   ---- --  --------              -----------
   7.3e-135  446.5   0.1   8.4e-135  446.3   0.1    1.0  1  DBOIFJ010000007.1_226  # 238857 # 239900 # 1 # ID=7_226;partial=00;start_type=ATG;rbs_motif=GGAG/GAGG;rbs_spacer=5-10bp;gc_cont=0.677


Domain annotation for each sequence:
>> DBOIFJ010000007.1_226  # 238857 # 239900 # 1 # ID=7_226;partial=00;start_type=ATG;rbs_motif=GGAG/GAGG;rbs_spacer=5-10bp;gc_cont=0.677
   #    score  bias  c-Evalue  i-Evalue hmmfrom  hmm to    alifrom  ali to    envfrom  env to     acc
 ---   ------ ----- --------- --------- ------- -------    ------- -------    ------- -------    ----
   1 !  446.3   0.1  2.3e-138  8.4e-135       3     305 .]      24     326 ..      22     326 .. 0.99



Internal pipeline statistics summary:
-------------------------------------
Query model(s):                            1  (305 nodes)
Target sequences:                       3596  (1099884 residues searched)
Passed MSV filter:                       208  (0.057842); expected 71.9 (0.02)
Passed bias filter:                      189  (0.0525584); expected 71.9 (0.02)
Passed Vit filter:                        77  (0.0214127); expected 3.6 (0.001)
Passed Fwd filter:                        14  (0.00389321); expected 0.0 (1e-05)
Initial search space (Z):               3596  [actual number of targets]
Domain search space  (domZ):               1  [number of targets reported over threshold]
# CPU time: 0.07u 0.00s 00:00:00.07 Elapsed: 00:00:00.08
# Mc/sec: 3941.95
//
Query:       TIGR00643  [M=629]
Accession:   TIGR00643
Description: recG: ATP-dependent DNA helicase RecG
Scores for complete sequences (score includes all domains):
   --- full sequence ---   --- best 1 domain ---    -#dom-
    E-value  score  bias    E-value  score  bias    exp  N  Sequence             Description
    ------- ------ -----    ------- ------ -----   ---- --  --------             -----------
   2.8e-201  668.1   0.0   3.5e-201  667.8   0.0    1.0  1  DBOIFJ010000026.1_73  # 75534 # 77642 # -1 # ID=26_73;partial=00;start_type=ATG;rbs_motif=None;rbs_spacer=None;gc_cont=0.670


Domain annotation for each sequence:
>> DBOIFJ010000026.1_73  # 75534 # 77642 # -1 # ID=26_73;partial=00;start_type=ATG;rbs_motif=None;rbs_spacer=None;gc_cont=0.670
   #    score  bias  c-Evalue  i-Evalue hmmfrom  hmm to    alifrom  ali to    envfrom  env to     acc
 ---   ------ ----- --------- --------- ------- -------    ------- -------    ------- -------    ----
   1 !  667.8   0.0  9.7e-205  3.5e-201       8     628 ..      44     664 ..      39     665 .. 0.95



Internal pipeline statistics summary:
-------------------------------------
Query model(s):                            1  (629 nodes)
Target sequences:                       3596  (1099884 residues searched)
Passed MSV filter:                       100  (0.0278087); expected 71.9 (0.02)
Passed bias filter:                       91  (0.0253059); expected 71.9 (0.02)
Passed Vit filter:                        20  (0.00556174); expected 3.6 (0.001)
Passed Fwd filter:                         8  (0.00222469); expected 0.0 (1e-05)
Initial search space (Z):               3596  [actual number of targets]
Domain search space  (domZ):               1  [number of targets reported over threshold]
# CPU time: 0.09u 0.00s 00:00:00.09 Elapsed: 00:00:00.11
# Mc/sec: 6129.34
//
Query:       TIGR00663  [M=367]
Accession:   TIGR00663
Description: dnan: DNA polymerase III, beta subunit
Scores for complete sequences (score includes all domains):
   --- full sequence ---   --- best 1 domain ---    -#dom-
    E-value  score  bias    E-value  score  bias    exp  N  Sequence             Description
    ------- ------ -----    ------- ------ -----   ---- --  --------             -----------
    2.3e-94  314.0   0.0    2.5e-94  313.9   0.0    1.0  1  DBOIFJ010000015.1_22  # 17687 # 18805 # 1 # ID=15_22;partial=00;start_type=ATG;rbs_motif=GGA/GAG/AGG;rbs_spacer=11-12bp;gc_cont=0.652


Domain annotation for each sequence:
>> DBOIFJ010000015.1_22  # 17687 # 18805 # 1 # ID=15_22;partial=00;start_type=ATG;rbs_motif=GGA/GAG/AGG;rbs_spacer=11-12bp;gc_cont=0.652
   #    score  bias  c-Evalue  i-Evalue hmmfrom  hmm to    alifrom  ali to    envfrom  env to     acc
 ---   ------ ----- --------- --------- ------- -------    ------- -------    ------- -------    ----
   1 !  313.9   0.0     7e-98   2.5e-94       1     366 [.       1     371 [.       1     372 [. 0.96



Internal pipeline statistics summary:
-------------------------------------
Query model(s):                            1  (367 nodes)
Target sequences:                       3596  (1099884 residues searched)
Passed MSV filter:                        44  (0.0122358); expected 71.9 (0.02)
Passed bias filter:                       41  (0.0114016); expected 71.9 (0.02)
Passed Vit filter:                         6  (0.00166852); expected 3.6 (0.001)
Passed Fwd filter:                         1  (0.000278087); expected 0.0 (1e-05)
Initial search space (Z):               3596  [actual number of targets]
Domain search space  (domZ):               1  [number of targets reported over threshold]
# CPU time: 0.04u 0.00s 00:00:00.04 Elapsed: 00:00:00.04
# Mc/sec: 9790.59
//
Query:       TIGR00717  [M=516]
Accession:   TIGR00717
Description: rpsA: ribosomal protein bS1
Scores for complete sequences (score includes all domains):
   --- full sequence ---   --- best 1 domain ---    -#dom-
    E-value  score  bias    E-value  score  bias    exp  N  Sequence             Description
    ------- ------ -----    ------- ------ -----   ---- --  --------             -----------
   8.6e-195  645.8  16.0   9.8e-195  645.6  16.0    1.0  1  DBOIFJ010000015.1_46  # 41863 # 43572 # 1 # ID=15_46;partial=00;start_type=TTG;rbs_motif=GGAG/GAGG;rbs_spacer=5-10bp;gc_cont=0.644


Domain annotation for each sequence:
>> DBOIFJ010000015.1_46  # 41863 # 43572 # 1 # ID=15_46;partial=00;start_type=TTG;rbs_motif=GGAG/GAGG;rbs_spacer=5-10bp;gc_cont=0.644
   #    score  bias  c-Evalue  i-Evalue hmmfrom  hmm to    alifrom  ali to    envfrom  env to     acc
 ---   ------ ----- --------- --------- ------- -------    ------- -------    ------- -------    ----
   1 !  645.6  16.0  2.7e-198  9.8e-195       1     516 []      12     532 ..      12     532 .. 0.98



Internal pipeline statistics summary:
-------------------------------------
Query model(s):                            1  (516 nodes)
Target sequences:                       3596  (1099884 residues searched)
Passed MSV filter:                        74  (0.0205784); expected 71.9 (0.02)
Passed bias filter:                       65  (0.0180756); expected 71.9 (0.02)
Passed Vit filter:                        10  (0.00278087); expected 3.6 (0.001)
Passed Fwd filter:                         4  (0.00111235); expected 0.0 (1e-05)
Initial search space (Z):               3596  [actual number of targets]
Domain search space  (domZ):               1  [number of targets reported over threshold]
# CPU time: 0.05u 0.00s 00:00:00.05 Elapsed: 00:00:00.05
# Mc/sec: 10988.88
//
Query:       TIGR00755  [M=256]
Accession:   TIGR00755
Description: ksgA: ribosomal RNA small subunit methyltransferase A
Scores for complete sequences (score includes all domains):
   --- full sequence ---   --- best 1 domain ---    -#dom-
    E-value  score  bias    E-value  score  bias    exp  N  Sequence             Description
    ------- ------ -----    ------- ------ -----   ---- --  --------             -----------
    1.2e-69  232.1   0.0    1.4e-69  231.9   0.0    1.0  1  DBOIFJ010000016.1_20  # 17075 # 17905 # -1 # ID=16_20;partial=00;start_type=GTG;rbs_motif=GGA/GAG/AGG;rbs_spacer=5-10bp;gc_cont=0.670


Domain annotation for each sequence:
>> DBOIFJ010000016.1_20  # 17075 # 17905 # -1 # ID=16_20;partial=00;start_type=GTG;rbs_motif=GGA/GAG/AGG;rbs_spacer=5-10bp;gc_cont=0.670
   #    score  bias  c-Evalue  i-Evalue hmmfrom  hmm to    alifrom  ali to    envfrom  env to     acc
 ---   ------ ----- --------- --------- ------- -------    ------- -------    ------- -------    ----
   1 !  231.9   0.0   3.9e-73   1.4e-69       2     254 ..      20     274 ..      19     276 .. 0.97



Internal pipeline statistics summary:
-------------------------------------
Query model(s):                            1  (256 nodes)
Target sequences:                       3596  (1099884 residues searched)
Passed MSV filter:                        86  (0.0239155); expected 71.9 (0.02)
Passed bias filter:                       76  (0.0211346); expected 71.9 (0.02)
Passed Vit filter:                        20  (0.00556174); expected 3.6 (0.001)
Passed Fwd filter:                         7  (0.00194661); expected 0.0 (1e-05)
Initial search space (Z):               3596  [actual number of targets]
Domain search space  (domZ):               1  [number of targets reported over threshold]
# CPU time: 0.03u 0.00s 00:00:00.03 Elapsed: 00:00:00.02
# Mc/sec: 10204.21
//
Query:       TIGR00810  [M=73]
Accession:   TIGR00810
Description: secG: preprotein translocase, SecG subunit
Scores for complete sequences (score includes all domains):
   --- full sequence ---   --- best 1 domain ---    -#dom-
    E-value  score  bias    E-value  score  bias    exp  N  Sequence             Description
    ------- ------ -----    ------- ------ -----   ---- --  --------             -----------
    3.4e-18   63.2  11.3    4.6e-18   62.7  11.3    1.2  1  DBOIFJ010000026.1_49  # 51750 # 52322 # 1 # ID=26_49;partial=00;start_type=ATG;rbs_motif=GGA/GAG/AGG;rbs_spacer=11-12bp;gc_cont=0.684


Domain annotation for each sequence:
>> DBOIFJ010000026.1_49  # 51750 # 52322 # 1 # ID=26_49;partial=00;start_type=ATG;rbs_motif=GGA/GAG/AGG;rbs_spacer=11-12bp;gc_cont=0.684
   #    score  bias  c-Evalue  i-Evalue hmmfrom  hmm to    alifrom  ali to    envfrom  env to     acc
 ---   ------ ----- --------- --------- ------- -------    ------- -------    ------- -------    ----
   1 !   62.7  11.3   1.3e-21   4.6e-18       2      72 ..       3      71 ..       2      72 .. 0.96



Internal pipeline statistics summary:
-------------------------------------
Query model(s):                            1  (73 nodes)
Target sequences:                       3596  (1099884 residues searched)
Passed MSV filter:                       311  (0.086485); expected 71.9 (0.02)
Passed bias filter:                      100  (0.0278087); expected 71.9 (0.02)
Passed Vit filter:                        10  (0.00278087); expected 3.6 (0.001)
Passed Fwd filter:                         2  (0.000556174); expected 0.0 (1e-05)
Initial search space (Z):               3596  [actual number of targets]
Domain search space  (domZ):               1  [number of targets reported over threshold]
# CPU time: 0.01u 0.00s 00:00:00.01 Elapsed: 00:00:00.03
# Mc/sec: 2495.58
//
Query:       TIGR00922  [M=172]
Accession:   TIGR00922
Description: nusG: transcription termination/antitermination factor NusG
Scores for complete sequences (score includes all domains):
   --- full sequence ---   --- best 1 domain ---    -#dom-
    E-value  score  bias    E-value  score  bias    exp  N  Sequence            Description
    ------- ------ -----    ------- ------ -----   ---- --  --------            -----------
    1.3e-69  231.1   3.7    1.4e-69  230.9   3.7    1.0  1  DBOIFJ010000002.1_6  # 3477 # 4007 # 1 # ID=2_6;partial=00;start_type=ATG;rbs_motif=AGGA/GGAG/GAGG;rbs_spacer=11-12bp;gc_cont=0.612


Domain annotation for each sequence:
>> DBOIFJ010000002.1_6  # 3477 # 4007 # 1 # ID=2_6;partial=00;start_type=ATG;rbs_motif=AGGA/GGAG/GAGG;rbs_spacer=11-12bp;gc_cont=0.612
   #    score  bias  c-Evalue  i-Evalue hmmfrom  hmm to    alifrom  ali to    envfrom  env to     acc
 ---   ------ ----- --------- --------- ------- -------    ------- -------    ------- -------    ----
   1 !  230.9   3.7     4e-73   1.4e-69       1     172 []       5     176 ..       5     176 .. 1.00



Internal pipeline statistics summary:
-------------------------------------
Query model(s):                            1  (172 nodes)
Target sequences:                       3596  (1099884 residues searched)
Passed MSV filter:                        58  (0.016129); expected 71.9 (0.02)
Passed bias filter:                       54  (0.0150167); expected 71.9 (0.02)
Passed Vit filter:                         3  (0.00083426); expected 3.6 (0.001)
Passed Fwd filter:                         1  (0.000278087); expected 0.0 (1e-05)
Initial search space (Z):               3596  [actual number of targets]
Domain search space  (domZ):               1  [number of targets reported over threshold]
# CPU time: 0.02u 0.00s 00:00:00.02 Elapsed: 00:00:00.02
# Mc/sec: 6353.38
//
Query:       TIGR00928  [M=436]
Accession:   TIGR00928
Description: purB: adenylosuccinate lyase
Scores for complete sequences (score includes all domains):
   --- full sequence ---   --- best 1 domain ---    -#dom-
    E-value  score  bias    E-value  score  bias    exp  N  Sequence              Description
    ------- ------ -----    ------- ------ -----   ---- --  --------              -----------
   3.2e-151  501.6   0.0   3.6e-151  501.5   0.0    1.0  1  DBOIFJ010000039.1_140  # 131717 # 133027 # 1 # ID=39_140;partial=00;start_type=ATG;rbs_motif=GGA/GAG/AGG;rbs_spacer=5-10bp;gc_cont=0.659


Domain annotation for each sequence:
>> DBOIFJ010000039.1_140  # 131717 # 133027 # 1 # ID=39_140;partial=00;start_type=ATG;rbs_motif=GGA/GAG/AGG;rbs_spacer=5-10bp;gc_cont=0.659
   #    score  bias  c-Evalue  i-Evalue hmmfrom  hmm to    alifrom  ali to    envfrom  env to     acc
 ---   ------ ----- --------- --------- ------- -------    ------- -------    ------- -------    ----
   1 !  501.5   0.0    1e-154  3.6e-151       1     436 []       1     432 [.       1     432 [. 0.98



Internal pipeline statistics summary:
-------------------------------------
Query model(s):                            1  (436 nodes)
Target sequences:                       3596  (1099884 residues searched)
Passed MSV filter:                        81  (0.022525); expected 71.9 (0.02)
Passed bias filter:                       67  (0.0186318); expected 71.9 (0.02)
Passed Vit filter:                         6  (0.00166852); expected 3.6 (0.001)
Passed Fwd filter:                         4  (0.00111235); expected 0.0 (1e-05)
Initial search space (Z):               3596  [actual number of targets]
Domain search space  (domZ):               1  [number of targets reported over threshold]
# CPU time: 0.05u 0.00s 00:00:00.05 Elapsed: 00:00:00.05
# Mc/sec: 8454.73
//
Query:       TIGR00959  [M=428]
Accession:   TIGR00959
Description: ffh: signal recognition particle protein
Scores for complete sequences (score includes all domains):
   --- full sequence ---   --- best 1 domain ---    -#dom-
    E-value  score  bias    E-value  score  bias    exp  N  Sequence             Description
    ------- ------ -----    ------- ------ -----   ---- --  --------             -----------
   1.2e-174  578.8  11.9   1.4e-174  578.5  11.9    1.0  1  DBOIFJ010000034.1_82  # 81827 # 83425 # 1 # ID=34_82;partial=00;start_type=ATG;rbs_motif=AGGA;rbs_spacer=5-10bp;gc_cont=0.677


Domain annotation for each sequence:
>> DBOIFJ010000034.1_82  # 81827 # 83425 # 1 # ID=34_82;partial=00;start_type=ATG;rbs_motif=AGGA;rbs_spacer=5-10bp;gc_cont=0.677
   #    score  bias  c-Evalue  i-Evalue hmmfrom  hmm to    alifrom  ali to    envfrom  env to     acc
 ---   ------ ----- --------- --------- ------- -------    ------- -------    ------- -------    ----
   1 !  578.5  11.9    4e-178  1.4e-174       1     428 []       2     429 ..       2     429 .. 1.00



Internal pipeline statistics summary:
-------------------------------------
Query model(s):                            1  (428 nodes)
Target sequences:                       3596  (1099884 residues searched)
Passed MSV filter:                       194  (0.0539488); expected 71.9 (0.02)
Passed bias filter:                      167  (0.0464405); expected 71.9 (0.02)
Passed Vit filter:                        34  (0.00945495); expected 3.6 (0.001)
Passed Fwd filter:                         2  (0.000556174); expected 0.0 (1e-05)
Initial search space (Z):               3596  [actual number of targets]
Domain search space  (domZ):               1  [number of targets reported over threshold]
# CPU time: 0.06u 0.00s 00:00:00.06 Elapsed: 00:00:00.06
# Mc/sec: 7283.63
//
Query:       TIGR00963  [M=787]
Accession:   TIGR00963
Description: secA: preprotein translocase, SecA subunit
Scores for complete sequences (score includes all domains):
   --- full sequence ---   --- best 1 domain ---    -#dom-
    E-value  score  bias    E-value  score  bias    exp  N  Sequence             Description
    ------- ------ -----    ------- ------ -----   ---- --  --------             -----------
          0 1073.6  11.4          0 1073.4  11.4    1.0  1  DBOIFJ010000050.1_24  # 26946 # 29801 # 1 # ID=50_24;partial=00;start_type=ATG;rbs_motif=AGGA;rbs_spacer=5-10bp;gc_cont=0.641


Domain annotation for each sequence:
>> DBOIFJ010000050.1_24  # 26946 # 29801 # 1 # ID=50_24;partial=00;start_type=ATG;rbs_motif=AGGA;rbs_spacer=5-10bp;gc_cont=0.641
   #    score  bias  c-Evalue  i-Evalue hmmfrom  hmm to    alifrom  ali to    envfrom  env to     acc
 ---   ------ ----- --------- --------- ------- -------    ------- -------    ------- -------    ----
   1 ! 1073.4  11.4         0         0       1     786 [.      29     825 ..      29     826 .. 0.95



Internal pipeline statistics summary:
-------------------------------------
Query model(s):                            1  (787 nodes)
Target sequences:                       3596  (1099884 residues searched)
Passed MSV filter:                        73  (0.0203003); expected 71.9 (0.02)
Passed bias filter:                       63  (0.0175195); expected 71.9 (0.02)
Passed Vit filter:                         6  (0.00166852); expected 3.6 (0.001)
Passed Fwd filter:                         1  (0.000278087); expected 0.0 (1e-05)
Initial search space (Z):               3596  [actual number of targets]
Domain search space  (domZ):               1  [number of targets reported over threshold]
# CPU time: 0.06u 0.00s 00:00:00.06 Elapsed: 00:00:00.07
# Mc/sec: 11395.68
//
Query:       TIGR00964  [M=57]
Accession:   TIGR00964
Description: secE_bact: preprotein translocase, SecE subunit
Scores for complete sequences (score includes all domains):
   --- full sequence ---   --- best 1 domain ---    -#dom-
    E-value  score  bias    E-value  score  bias    exp  N  Sequence            Description
    ------- ------ -----    ------- ------ -----   ---- --  --------            -----------
    1.3e-19   67.5   1.3    1.4e-19   67.4   1.3    1.0  1  DBOIFJ010000002.1_5  # 3243 # 3440 # 1 # ID=2_5;partial=00;start_type=ATG;rbs_motif=GGA/GAG/AGG;rbs_spacer=11-12bp;gc_cont=0.596


Domain annotation for each sequence:
>> DBOIFJ010000002.1_5  # 3243 # 3440 # 1 # ID=2_5;partial=00;start_type=ATG;rbs_motif=GGA/GAG/AGG;rbs_spacer=11-12bp;gc_cont=0.596
   #    score  bias  c-Evalue  i-Evalue hmmfrom  hmm to    alifrom  ali to    envfrom  env to     acc
 ---   ------ ----- --------- --------- ------- -------    ------- -------    ------- -------    ----
   1 !   67.4   1.3   3.9e-23   1.4e-19       3      56 ..       8      61 ..       6      62 .. 0.97



Internal pipeline statistics summary:
-------------------------------------
Query model(s):                            1  (57 nodes)
Target sequences:                       3596  (1099884 residues searched)
Passed MSV filter:                       224  (0.0622914); expected 71.9 (0.02)
Passed bias filter:                      113  (0.0314238); expected 71.9 (0.02)
Passed Vit filter:                         6  (0.00166852); expected 3.6 (0.001)
Passed Fwd filter:                         1  (0.000278087); expected 0.0 (1e-05)
Initial search space (Z):               3596  [actual number of targets]
Domain search space  (domZ):               1  [number of targets reported over threshold]
# CPU time: 0.02u 0.00s 00:00:00.02 Elapsed: 00:00:00.00
# Mc/sec: 6361.64
//
Query:       TIGR00967  [M=414]
Accession:   TIGR00967
Description: 3a0501s007: preprotein translocase, SecY subunit
Scores for complete sequences (score includes all domains):
   --- full sequence ---   --- best 1 domain ---    -#dom-
    E-value  score  bias    E-value  score  bias    exp  N  Sequence             Description
    ------- ------ -----    ------- ------ -----   ---- --  --------             -----------
   2.4e-125  416.3  20.7   2.9e-125  416.0  20.7    1.0  1  DBOIFJ010000002.1_40  # 30826 # 32160 # 1 # ID=2_40;partial=00;start_type=ATG;rbs_motif=GGAG/GAGG;rbs_spacer=5-10bp;gc_cont=0.622


Domain annotation for each sequence:
>> DBOIFJ010000002.1_40  # 30826 # 32160 # 1 # ID=2_40;partial=00;start_type=ATG;rbs_motif=GGAG/GAGG;rbs_spacer=5-10bp;gc_cont=0.622
   #    score  bias  c-Evalue  i-Evalue hmmfrom  hmm to    alifrom  ali to    envfrom  env to     acc
 ---   ------ ----- --------- --------- ------- -------    ------- -------    ------- -------    ----
   1 !  416.0  20.7    8e-129  2.9e-125       2     414 .]      25     430 ..      24     430 .. 0.94



Internal pipeline statistics summary:
-------------------------------------
Query model(s):                            1  (414 nodes)
Target sequences:                       3596  (1099884 residues searched)
Passed MSV filter:                       177  (0.0492214); expected 71.9 (0.02)
Passed bias filter:                       63  (0.0175195); expected 71.9 (0.02)
Passed Vit filter:                         3  (0.00083426); expected 3.6 (0.001)
Passed Fwd filter:                         1  (0.000278087); expected 0.0 (1e-05)
Initial search space (Z):               3596  [actual number of targets]
Domain search space  (domZ):               1  [number of targets reported over threshold]
# CPU time: 0.03u 0.00s 00:00:00.03 Elapsed: 00:00:00.04
# Mc/sec: 10055.26
//
Query:       TIGR00982  [M=139]
Accession:   TIGR00982
Description: uS12_E_A: ribosomal protein uS12
Scores for complete sequences (score includes all domains):
   --- full sequence ---   --- best 1 domain ---    -#dom-
    E-value  score  bias    E-value  score  bias    exp  N  Sequence Description
    ------- ------ -----    ------- ------ -----   ---- --  -------- -----------

   [No hits detected that satisfy reporting thresholds]


Domain annotation for each sequence:

   [No targets detected that satisfy reporting thresholds]


Internal pipeline statistics summary:
-------------------------------------
Query model(s):                            1  (139 nodes)
Target sequences:                       3596  (1099884 residues searched)
Passed MSV filter:                        78  (0.0216908); expected 71.9 (0.02)
Passed bias filter:                       77  (0.0214127); expected 71.9 (0.02)
Passed Vit filter:                         5  (0.00139043); expected 3.6 (0.001)
Passed Fwd filter:                         1  (0.000278087); expected 0.0 (1e-05)
Initial search space (Z):               3596  [actual number of targets]
Domain search space  (domZ):               0  [number of targets reported over threshold]
# CPU time: 0.02u 0.00s 00:00:00.02 Elapsed: 00:00:00.02
# Mc/sec: 6619.63
//
Query:       TIGR01008  [M=195]
Accession:   TIGR01008
Description: uS3_euk_arch: ribosomal protein uS3
Scores for complete sequences (score includes all domains):
   --- full sequence ---   --- best 1 domain ---    -#dom-
    E-value  score  bias    E-value  score  bias    exp  N  Sequence Description
    ------- ------ -----    ------- ------ -----   ---- --  -------- -----------

   [No hits detected that satisfy reporting thresholds]


Domain annotation for each sequence:

   [No targets detected that satisfy reporting thresholds]


Internal pipeline statistics summary:
-------------------------------------
Query model(s):                            1  (195 nodes)
Target sequences:                       3596  (1099884 residues searched)
Passed MSV filter:                       122  (0.0339266); expected 71.9 (0.02)
Passed bias filter:                       99  (0.0275306); expected 71.9 (0.02)
Passed Vit filter:                         8  (0.00222469); expected 3.6 (0.001)
Passed Fwd filter:                         1  (0.000278087); expected 0.0 (1e-05)
Initial search space (Z):               3596  [actual number of targets]
Domain search space  (domZ):               0  [number of targets reported over threshold]
# CPU time: 0.02u 0.00s 00:00:00.02 Elapsed: 00:00:00.02
# Mc/sec: 10261.58
//
Query:       TIGR01009  [M=212]
Accession:   TIGR01009
Description: rpsC_bact: ribosomal protein uS3
Scores for complete sequences (score includes all domains):
   --- full sequence ---   --- best 1 domain ---    -#dom-
    E-value  score  bias    E-value  score  bias    exp  N  Sequence             Description
    ------- ------ -----    ------- ------ -----   ---- --  --------             -----------
      7e-96  317.7   3.3      8e-96  317.5   3.3    1.0  1  DBOIFJ010000002.1_26  # 24856 # 25617 # 1 # ID=2_26;partial=00;start_type=ATG;rbs_motif=AGGAG;rbs_spacer=5-10bp;gc_cont=0.673


Domain annotation for each sequence:
>> DBOIFJ010000002.1_26  # 24856 # 25617 # 1 # ID=2_26;partial=00;start_type=ATG;rbs_motif=AGGAG;rbs_spacer=5-10bp;gc_cont=0.673
   #    score  bias  c-Evalue  i-Evalue hmmfrom  hmm to    alifrom  ali to    envfrom  env to     acc
 ---   ------ ----- --------- --------- ------- -------    ------- -------    ------- -------    ----
   1 !  317.5   3.3   2.2e-99     8e-96       1     210 [.       1     209 [.       1     211 [. 0.99



Internal pipeline statistics summary:
-------------------------------------
Query model(s):                            1  (212 nodes)
Target sequences:                       3596  (1099884 residues searched)
Passed MSV filter:                        84  (0.0233593); expected 71.9 (0.02)
Passed bias filter:                       69  (0.019188); expected 71.9 (0.02)
Passed Vit filter:                         6  (0.00166852); expected 3.6 (0.001)
Passed Fwd filter:                         1  (0.000278087); expected 0.0 (1e-05)
Initial search space (Z):               3596  [actual number of targets]
Domain search space  (domZ):               1  [number of targets reported over threshold]
# CPU time: 0.02u 0.00s 00:00:00.02 Elapsed: 00:00:00.03
# Mc/sec: 6436.28
//
Query:       TIGR01011  [M=225]
Accession:   TIGR01011
Description: rpsB_bact: ribosomal protein uS2
Scores for complete sequences (score includes all domains):
   --- full sequence ---   --- best 1 domain ---    -#dom-
    E-value  score  bias    E-value  score  bias    exp  N  Sequence             Description
    ------- ------ -----    ------- ------ -----   ---- --  --------             -----------
    2.1e-96  319.2   0.0    2.4e-96  319.0   0.0    1.0  1  DBOIFJ010000026.1_18  # 19788 # 20588 # 1 # ID=26_18;partial=00;start_type=ATG;rbs_motif=AGGA;rbs_spacer=5-10bp;gc_cont=0.669


Domain annotation for each sequence:
>> DBOIFJ010000026.1_18  # 19788 # 20588 # 1 # ID=26_18;partial=00;start_type=ATG;rbs_motif=AGGA;rbs_spacer=5-10bp;gc_cont=0.669
   #    score  bias  c-Evalue  i-Evalue hmmfrom  hmm to    alifrom  ali to    envfrom  env to     acc
 ---   ------ ----- --------- --------- ------- -------    ------- -------    ------- -------    ----
   1 !  319.0   0.0  6.8e-100   2.4e-96       3     222 ..       7     225 ..       5     228 .. 0.98



Internal pipeline statistics summary:
-------------------------------------
Query model(s):                            1  (225 nodes)
Target sequences:                       3596  (1099884 residues searched)
Passed MSV filter:                        77  (0.0214127); expected 71.9 (0.02)
Passed bias filter:                       72  (0.0200222); expected 71.9 (0.02)
Passed Vit filter:                         5  (0.00139043); expected 3.6 (0.001)
Passed Fwd filter:                         1  (0.000278087); expected 0.0 (1e-05)
Initial search space (Z):               3596  [actual number of targets]
Domain search space  (domZ):               1  [number of targets reported over threshold]
# CPU time: 0.02u 0.00s 00:00:00.02 Elapsed: 00:00:00.02
# Mc/sec: 9879.53
//
Query:       TIGR01012  [M=196]
Accession:   TIGR01012
Description: uS2_euk_arch: ribosomal protein uS2
Scores for complete sequences (score includes all domains):
   --- full sequence ---   --- best 1 domain ---    -#dom-
    E-value  score  bias    E-value  score  bias    exp  N  Sequence Description
    ------- ------ -----    ------- ------ -----   ---- --  -------- -----------

   [No hits detected that satisfy reporting thresholds]


Domain annotation for each sequence:

   [No targets detected that satisfy reporting thresholds]


Internal pipeline statistics summary:
-------------------------------------
Query model(s):                            1  (196 nodes)
Target sequences:                       3596  (1099884 residues searched)
Passed MSV filter:                        98  (0.0272525); expected 71.9 (0.02)
Passed bias filter:                       94  (0.0261402); expected 71.9 (0.02)
Passed Vit filter:                         5  (0.00139043); expected 3.6 (0.001)
Passed Fwd filter:                         1  (0.000278087); expected 0.0 (1e-05)
Initial search space (Z):               3596  [actual number of targets]
Domain search space  (domZ):               0  [number of targets reported over threshold]
# CPU time: 0.03u 0.00s 00:00:00.03 Elapsed: 00:00:00.03
# Mc/sec: 6061.73
//
Query:       TIGR01017  [M=200]
Accession:   TIGR01017
Description: rpsD_bact: ribosomal protein uS4
Scores for complete sequences (score includes all domains):
   --- full sequence ---   --- best 1 domain ---    -#dom-
    E-value  score  bias    E-value  score  bias    exp  N  Sequence              Description
    ------- ------ -----    ------- ------ -----   ---- --  --------              -----------
    5.6e-70  232.8   0.2    6.3e-70  232.6   0.2    1.0  1  DBOIFJ010000039.1_162  # 151541 # 152158 # -1 # ID=39_162;partial=00;start_type=ATG;rbs_motif=AGGA;rbs_spacer=5-10bp;gc_cont=0.641


Domain annotation for each sequence:
>> DBOIFJ010000039.1_162  # 151541 # 152158 # -1 # ID=39_162;partial=00;start_type=ATG;rbs_motif=AGGA;rbs_spacer=5-10bp;gc_cont=0.641
   #    score  bias  c-Evalue  i-Evalue hmmfrom  hmm to    alifrom  ali to    envfrom  env to     acc
 ---   ------ ----- --------- --------- ------- -------    ------- -------    ------- -------    ----
   1 !  232.6   0.2   1.7e-73   6.3e-70       3     200 .]       5     205 ..       3     205 .. 0.95



Internal pipeline statistics summary:
-------------------------------------
Query model(s):                            1  (200 nodes)
Target sequences:                       3596  (1099884 residues searched)
Passed MSV filter:                        42  (0.0116796); expected 71.9 (0.02)
Passed bias filter:                       38  (0.0105673); expected 71.9 (0.02)
Passed Vit filter:                         5  (0.00139043); expected 3.6 (0.001)
Passed Fwd filter:                         3  (0.00083426); expected 0.0 (1e-05)
Initial search space (Z):               3596  [actual number of targets]
Domain search space  (domZ):               1  [number of targets reported over threshold]
# CPU time: 0.01u 0.00s 00:00:00.01 Elapsed: 00:00:00.03
# Mc/sec: 6511.87
//
Query:       TIGR01018  [M=162]
Accession:   TIGR01018
Description: uS4_arch: ribosomal protein uS4
Scores for complete sequences (score includes all domains):
   --- full sequence ---   --- best 1 domain ---    -#dom-
    E-value  score  bias    E-value  score  bias    exp  N  Sequence Description
    ------- ------ -----    ------- ------ -----   ---- --  -------- -----------

   [No hits detected that satisfy reporting thresholds]


Domain annotation for each sequence:

   [No targets detected that satisfy reporting thresholds]


Internal pipeline statistics summary:
-------------------------------------
Query model(s):                            1  (162 nodes)
Target sequences:                       3596  (1099884 residues searched)
Passed MSV filter:                        81  (0.022525); expected 71.9 (0.02)
Passed bias filter:                       73  (0.0203003); expected 71.9 (0.02)
Passed Vit filter:                         7  (0.00194661); expected 3.6 (0.001)
Passed Fwd filter:                         1  (0.000278087); expected 0.0 (1e-05)
Initial search space (Z):               3596  [actual number of targets]
Domain search space  (domZ):               0  [number of targets reported over threshold]
# CPU time: 0.02u 0.00s 00:00:00.02 Elapsed: 00:00:00.02
# Mc/sec: 6909.10
//
Query:       TIGR01020  [M=212]
Accession:   TIGR01020
Description: uS5_euk_arch: ribosomal protein uS5
Scores for complete sequences (score includes all domains):
   --- full sequence ---   --- best 1 domain ---    -#dom-
    E-value  score  bias    E-value  score  bias    exp  N  Sequence Description
    ------- ------ -----    ------- ------ -----   ---- --  -------- -----------

   [No hits detected that satisfy reporting thresholds]


Domain annotation for each sequence:

   [No targets detected that satisfy reporting thresholds]


Internal pipeline statistics summary:
-------------------------------------
Query model(s):                            1  (212 nodes)
Target sequences:                       3596  (1099884 residues searched)
Passed MSV filter:                        89  (0.0247497); expected 71.9 (0.02)
Passed bias filter:                       74  (0.0205784); expected 71.9 (0.02)
Passed Vit filter:                         5  (0.00139043); expected 3.6 (0.001)
Passed Fwd filter:                         1  (0.000278087); expected 0.0 (1e-05)
Initial search space (Z):               3596  [actual number of targets]
Domain search space  (domZ):               0  [number of targets reported over threshold]
# CPU time: 0.02u 0.00s 00:00:00.02 Elapsed: 00:00:00.03
# Mc/sec: 7426.50
//
Query:       TIGR01021  [M=156]
Accession:   TIGR01021
Description: rpsE_bact: ribosomal protein uS5
Scores for complete sequences (score includes all domains):
   --- full sequence ---   --- best 1 domain ---    -#dom-
    E-value  score  bias    E-value  score  bias    exp  N  Sequence             Description
    ------- ------ -----    ------- ------ -----   ---- --  --------             -----------
    1.9e-66  220.4   1.1    2.2e-66  220.2   1.1    1.0  1  DBOIFJ010000002.1_37  # 29545 # 30090 # 1 # ID=2_37;partial=00;start_type=ATG;rbs_motif=AGGA;rbs_spacer=5-10bp;gc_cont=0.681


Domain annotation for each sequence:
>> DBOIFJ010000002.1_37  # 29545 # 30090 # 1 # ID=2_37;partial=00;start_type=ATG;rbs_motif=AGGA;rbs_spacer=5-10bp;gc_cont=0.681
   #    score  bias  c-Evalue  i-Evalue hmmfrom  hmm to    alifrom  ali to    envfrom  env to     acc
 ---   ------ ----- --------- --------- ------- -------    ------- -------    ------- -------    ----
   1 !  220.2   1.1   6.1e-70   2.2e-66       2     156 .]      15     170 ..      14     170 .. 0.98



Internal pipeline statistics summary:
-------------------------------------
Query model(s):                            1  (156 nodes)
Target sequences:                       3596  (1099884 residues searched)
Passed MSV filter:                       153  (0.0425473); expected 71.9 (0.02)
Passed bias filter:                      110  (0.0305895); expected 71.9 (0.02)
Passed Vit filter:                         6  (0.00166852); expected 3.6 (0.001)
Passed Fwd filter:                         1  (0.000278087); expected 0.0 (1e-05)
Initial search space (Z):               3596  [actual number of targets]
Domain search space  (domZ):               1  [number of targets reported over threshold]
# CPU time: 0.02u 0.00s 00:00:00.02 Elapsed: 00:00:00.02
# Mc/sec: 5836.96
//
Query:       TIGR01028  [M=186]
Accession:   TIGR01028
Description: uS7_euk_arch: ribosomal protein uS7
Scores for complete sequences (score includes all domains):
   --- full sequence ---   --- best 1 domain ---    -#dom-
    E-value  score  bias    E-value  score  bias    exp  N  Sequence Description
    ------- ------ -----    ------- ------ -----   ---- --  -------- -----------

   [No hits detected that satisfy reporting thresholds]


Domain annotation for each sequence:

   [No targets detected that satisfy reporting thresholds]


Internal pipeline statistics summary:
-------------------------------------
Query model(s):                            1  (186 nodes)
Target sequences:                       3596  (1099884 residues searched)
Passed MSV filter:                        59  (0.0164071); expected 71.9 (0.02)
Passed bias filter:                       46  (0.012792); expected 71.9 (0.02)
Passed Vit filter:                         4  (0.00111235); expected 3.6 (0.001)
Passed Fwd filter:                         1  (0.000278087); expected 0.0 (1e-05)
Initial search space (Z):               3596  [actual number of targets]
Domain search space  (domZ):               0  [number of targets reported over threshold]
# CPU time: 0.02u 0.00s 00:00:00.02 Elapsed: 00:00:00.03
# Mc/sec: 6017.25
//
Query:       TIGR01029  [M=154]
Accession:   TIGR01029
Description: rpsG_bact: ribosomal protein uS7
Scores for complete sequences (score includes all domains):
   --- full sequence ---   --- best 1 domain ---    -#dom-
    E-value  score  bias    E-value  score  bias    exp  N  Sequence             Description
    ------- ------ -----    ------- ------ -----   ---- --  --------             -----------
    3.5e-70  232.6   0.4    3.9e-70  232.4   0.4    1.0  1  DBOIFJ010000002.1_16  # 17453 # 17923 # 1 # ID=2_16;partial=00;start_type=ATG;rbs_motif=AGGA;rbs_spacer=5-10bp;gc_cont=0.652


Domain annotation for each sequence:
>> DBOIFJ010000002.1_16  # 17453 # 17923 # 1 # ID=2_16;partial=00;start_type=ATG;rbs_motif=AGGA;rbs_spacer=5-10bp;gc_cont=0.652
   #    score  bias  c-Evalue  i-Evalue hmmfrom  hmm to    alifrom  ali to    envfrom  env to     acc
 ---   ------ ----- --------- --------- ------- -------    ------- -------    ------- -------    ----
   1 !  232.4   0.4   1.1e-73   3.9e-70       1     154 []       3     156 ..       3     156 .. 1.00



Internal pipeline statistics summary:
-------------------------------------
Query model(s):                            1  (154 nodes)
Target sequences:                       3596  (1099884 residues searched)
Passed MSV filter:                        51  (0.0141824); expected 71.9 (0.02)
Passed bias filter:                       46  (0.012792); expected 71.9 (0.02)
Passed Vit filter:                         2  (0.000556174); expected 3.6 (0.001)
Passed Fwd filter:                         1  (0.000278087); expected 0.0 (1e-05)
Initial search space (Z):               3596  [actual number of targets]
Domain search space  (domZ):               1  [number of targets reported over threshold]
# CPU time: 0.02u 0.01s 00:00:00.03 Elapsed: 00:00:00.01
# Mc/sec: 11899.11
//
Query:       TIGR01032  [M=114]
Accession:   TIGR01032
Description: rplT_bact: ribosomal protein bL20
Scores for complete sequences (score includes all domains):
   --- full sequence ---   --- best 1 domain ---    -#dom-
    E-value  score  bias    E-value  score  bias    exp  N  Sequence             Description
    ------- ------ -----    ------- ------ -----   ---- --  --------             -----------
    1.3e-47  158.5   5.0    1.6e-47  158.2   5.0    1.1  1  DBOIFJ010000020.1_64  # 65458 # 65859 # 1 # ID=20_64;partial=00;start_type=ATG;rbs_motif=GGAG/GAGG;rbs_spacer=5-10bp;gc_cont=0.669


Domain annotation for each sequence:
>> DBOIFJ010000020.1_64  # 65458 # 65859 # 1 # ID=20_64;partial=00;start_type=ATG;rbs_motif=GGAG/GAGG;rbs_spacer=5-10bp;gc_cont=0.669
   #    score  bias  c-Evalue  i-Evalue hmmfrom  hmm to    alifrom  ali to    envfrom  env to     acc
 ---   ------ ----- --------- --------- ------- -------    ------- -------    ------- -------    ----
   1 !  158.2   5.0   4.3e-51   1.6e-47       1     114 []       1     114 [.       1     114 [. 0.99



Internal pipeline statistics summary:
-------------------------------------
Query model(s):                            1  (114 nodes)
Target sequences:                       3596  (1099884 residues searched)
Passed MSV filter:                        60  (0.0166852); expected 71.9 (0.02)
Passed bias filter:                       47  (0.0130701); expected 71.9 (0.02)
Passed Vit filter:                         4  (0.00111235); expected 3.6 (0.001)
Passed Fwd filter:                         1  (0.000278087); expected 0.0 (1e-05)
Initial search space (Z):               3596  [actual number of targets]
Domain search space  (domZ):               1  [number of targets reported over threshold]
# CPU time: 0.01u 0.00s 00:00:00.01 Elapsed: 00:00:00.02
# Mc/sec: 5338.03
//
Query:       TIGR01039  [M=462]
Accession:   TIGR01039
Description: atpD: ATP synthase F1, beta subunit
Scores for complete sequences (score includes all domains):
   --- full sequence ---   --- best 1 domain ---    -#dom-
    E-value  score  bias    E-value  score  bias    exp  N  Sequence              Description
    ------- ------ -----    ------- ------ -----   ---- --  --------              -----------
   4.4e-248  821.2   2.6     5e-248  821.0   2.6    1.0  1  DBOIFJ010000050.1_226  # 231274 # 232755 # -1 # ID=50_226;partial=00;start_type=ATG;rbs_motif=GGAG/GAGG;rbs_spacer=5-10bp;gc_cont=0.662


Domain annotation for each sequence:
>> DBOIFJ010000050.1_226  # 231274 # 232755 # -1 # ID=50_226;partial=00;start_type=ATG;rbs_motif=GGAG/GAGG;rbs_spacer=5-10bp;gc_cont=0.662
   #    score  bias  c-Evalue  i-Evalue hmmfrom  hmm to    alifrom  ali to    envfrom  env to     acc
 ---   ------ ----- --------- --------- ------- -------    ------- -------    ------- -------    ----
   1 !  821.0   2.6  1.4e-251    5e-248       2     462 .]      20     488 ..      19     488 .. 0.99



Internal pipeline statistics summary:
-------------------------------------
Query model(s):                            1  (462 nodes)
Target sequences:                       3596  (1099884 residues searched)
Passed MSV filter:                       109  (0.0303115); expected 71.9 (0.02)
Passed bias filter:                       86  (0.0239155); expected 71.9 (0.02)
Passed Vit filter:                        12  (0.00333704); expected 3.6 (0.001)
Passed Fwd filter:                         5  (0.00139043); expected 0.0 (1e-05)
Initial search space (Z):               3596  [actual number of targets]
Domain search space  (domZ):               1  [number of targets reported over threshold]
# CPU time: 0.06u 0.00s 00:00:00.06 Elapsed: 00:00:00.06
# Mc/sec: 7850.02
//
Query:       TIGR01044  [M=103]
Accession:   TIGR01044
Description: rplV_bact: ribosomal protein uL22
Scores for complete sequences (score includes all domains):
   --- full sequence ---   --- best 1 domain ---    -#dom-
    E-value  score  bias    E-value  score  bias    exp  N  Sequence             Description
    ------- ------ -----    ------- ------ -----   ---- --  --------             -----------
    7.4e-35  117.0   2.2      9e-35  116.7   2.2    1.1  1  DBOIFJ010000002.1_25  # 24476 # 24856 # 1 # ID=2_25;partial=00;start_type=ATG;rbs_motif=GGAG/GAGG;rbs_spacer=5-10bp;gc_cont=0.643


Domain annotation for each sequence:
>> DBOIFJ010000002.1_25  # 24476 # 24856 # 1 # ID=2_25;partial=00;start_type=ATG;rbs_motif=GGAG/GAGG;rbs_spacer=5-10bp;gc_cont=0.643
   #    score  bias  c-Evalue  i-Evalue hmmfrom  hmm to    alifrom  ali to    envfrom  env to     acc
 ---   ------ ----- --------- --------- ------- -------    ------- -------    ------- -------    ----
   1 !  116.7   2.2   2.5e-38     9e-35       1     103 []      17     119 ..      17     119 .. 0.99



Internal pipeline statistics summary:
-------------------------------------
Query model(s):                            1  (103 nodes)
Target sequences:                       3596  (1099884 residues searched)
Passed MSV filter:                        84  (0.0233593); expected 71.9 (0.02)
Passed bias filter:                       62  (0.0172414); expected 71.9 (0.02)
Passed Vit filter:                         4  (0.00111235); expected 3.6 (0.001)
Passed Fwd filter:                         1  (0.000278087); expected 0.0 (1e-05)
Initial search space (Z):               3596  [actual number of targets]
Domain search space  (domZ):               1  [number of targets reported over threshold]
# CPU time: 0.01u 0.00s 00:00:00.01 Elapsed: 00:00:00.03
# Mc/sec: 3139.25
//
Query:       TIGR01046  [M=99]
Accession:   TIGR01046
Description: uS10_euk_arch: ribosomal protein uS10
Scores for complete sequences (score includes all domains):
   --- full sequence ---   --- best 1 domain ---    -#dom-
    E-value  score  bias    E-value  score  bias    exp  N  Sequence Description
    ------- ------ -----    ------- ------ -----   ---- --  -------- -----------

   [No hits detected that satisfy reporting thresholds]


Domain annotation for each sequence:

   [No targets detected that satisfy reporting thresholds]


Internal pipeline statistics summary:
-------------------------------------
Query model(s):                            1  (99 nodes)
Target sequences:                       3596  (1099884 residues searched)
Passed MSV filter:                        66  (0.0183537); expected 71.9 (0.02)
Passed bias filter:                       56  (0.0155729); expected 71.9 (0.02)
Passed Vit filter:                         4  (0.00111235); expected 3.6 (0.001)
Passed Fwd filter:                         1  (0.000278087); expected 0.0 (1e-05)
Initial search space (Z):               3596  [actual number of targets]
Domain search space  (domZ):               0  [number of targets reported over threshold]
# CPU time: 0.01u 0.00s 00:00:00.01 Elapsed: 00:00:00.00
# Mc/sec: 11966.54
//
Query:       TIGR01052  [M=488]
Accession:   TIGR01052
Description: top6b: DNA topoisomerase VI, B subunit
Scores for complete sequences (score includes all domains):
   --- full sequence ---   --- best 1 domain ---    -#dom-
    E-value  score  bias    E-value  score  bias    exp  N  Sequence Description
    ------- ------ -----    ------- ------ -----   ---- --  -------- -----------

   [No hits detected that satisfy reporting thresholds]


Domain annotation for each sequence:

   [No targets detected that satisfy reporting thresholds]


Internal pipeline statistics summary:
-------------------------------------
Query model(s):                            1  (488 nodes)
Target sequences:                       3596  (1099884 residues searched)
Passed MSV filter:                        74  (0.0205784); expected 71.9 (0.02)
Passed bias filter:                       70  (0.0194661); expected 71.9 (0.02)
Passed Vit filter:                        13  (0.00361513); expected 3.6 (0.001)
Passed Fwd filter:                         6  (0.00166852); expected 0.0 (1e-05)
Initial search space (Z):               3596  [actual number of targets]
Domain search space  (domZ):               0  [number of targets reported over threshold]
# CPU time: 0.05u 0.00s 00:00:00.05 Elapsed: 00:00:00.05
# Mc/sec: 9092.94
//
Query:       TIGR01059  [M=639]
Accession:   TIGR01059
Description: gyrB: DNA gyrase, B subunit
Scores for complete sequences (score includes all domains):
   --- full sequence ---   --- best 1 domain ---    -#dom-
    E-value  score  bias    E-value  score  bias    exp  N  Sequence             Description
    ------- ------ -----    ------- ------ -----   ---- --  --------             -----------
   1.2e-286  950.0   0.0   1.4e-286  949.7   0.0    1.1  1  DBOIFJ010000015.1_24  # 20227 # 22707 # -1 # ID=15_24;partial=00;start_type=TTG;rbs_motif=GGAG/GAGG;rbs_spacer=5-10bp;gc_cont=0.645


Domain annotation for each sequence:
>> DBOIFJ010000015.1_24  # 20227 # 22707 # -1 # ID=15_24;partial=00;start_type=TTG;rbs_motif=GGAG/GAGG;rbs_spacer=5-10bp;gc_cont=0.645
   #    score  bias  c-Evalue  i-Evalue hmmfrom  hmm to    alifrom  ali to    envfrom  env to     acc
 ---   ------ ----- --------- --------- ------- -------    ------- -------    ------- -------    ----
   1 !  949.7   0.0    4e-290  1.4e-286       1     639 []      20     826 ..      20     826 .. 0.91



Internal pipeline statistics summary:
-------------------------------------
Query model(s):                            1  (639 nodes)
Target sequences:                       3596  (1099884 residues searched)
Passed MSV filter:                        79  (0.0219689); expected 71.9 (0.02)
Passed bias filter:                       72  (0.0200222); expected 71.9 (0.02)
Passed Vit filter:                         7  (0.00194661); expected 3.6 (0.001)
Passed Fwd filter:                         2  (0.000556174); expected 0.0 (1e-05)
Initial search space (Z):               3596  [actual number of targets]
Domain search space  (domZ):               1  [number of targets reported over threshold]
# CPU time: 0.06u 0.00s 00:00:00.06 Elapsed: 00:00:00.06
# Mc/sec: 11209.75
//
Query:       TIGR01063  [M=800]
Accession:   TIGR01063
Description: gyrA: DNA gyrase, A subunit
Scores for complete sequences (score includes all domains):
   --- full sequence ---   --- best 1 domain ---    -#dom-
    E-value  score  bias    E-value  score  bias    exp  N  Sequence             Description
    ------- ------ -----    ------- ------ -----   ---- --  --------             -----------
          0 1098.8   0.4          0 1098.6   0.4    1.0  1  DBOIFJ010000039.1_40  # 37504 # 40287 # -1 # ID=39_40;partial=00;start_type=GTG;rbs_motif=None;rbs_spacer=None;gc_cont=0.650


Domain annotation for each sequence:
>> DBOIFJ010000039.1_40  # 37504 # 40287 # -1 # ID=39_40;partial=00;start_type=GTG;rbs_motif=None;rbs_spacer=None;gc_cont=0.650
   #    score  bias  c-Evalue  i-Evalue hmmfrom  hmm to    alifrom  ali to    envfrom  env to     acc
 ---   ------ ----- --------- --------- ------- -------    ------- -------    ------- -------    ----
   1 ! 1098.6   0.4         0         0       3     799 ..      19     903 ..      17     904 .. 0.98



Internal pipeline statistics summary:
-------------------------------------
Query model(s):                            1  (800 nodes)
Target sequences:                       3596  (1099884 residues searched)
Passed MSV filter:                        67  (0.0186318); expected 71.9 (0.02)
Passed bias filter:                       56  (0.0155729); expected 71.9 (0.02)
Passed Vit filter:                         6  (0.00166852); expected 3.6 (0.001)
Passed Fwd filter:                         2  (0.000556174); expected 0.0 (1e-05)
Initial search space (Z):               3596  [actual number of targets]
Domain search space  (domZ):               1  [number of targets reported over threshold]
# CPU time: 0.07u 0.02s 00:00:00.09 Elapsed: 00:00:00.08
# Mc/sec: 10546.48
//
Query:       TIGR01066  [M=141]
Accession:   TIGR01066
Description: rplM_bact: ribosomal protein uL13
Scores for complete sequences (score includes all domains):
   --- full sequence ---   --- best 1 domain ---    -#dom-
    E-value  score  bias    E-value  score  bias    exp  N  Sequence             Description
    ------- ------ -----    ------- ------ -----   ---- --  --------             -----------
    4.5e-58  192.7   0.0    5.8e-58  192.3   0.0    1.1  1  DBOIFJ010000010.1_93  # 97298 # 97762 # -1 # ID=10_93;partial=00;start_type=ATG;rbs_motif=GGA/GAG/AGG;rbs_spacer=11-12bp;gc_cont=0.639


Domain annotation for each sequence:
>> DBOIFJ010000010.1_93  # 97298 # 97762 # -1 # ID=10_93;partial=00;start_type=ATG;rbs_motif=GGA/GAG/AGG;rbs_spacer=11-12bp;gc_cont=0.639
   #    score  bias  c-Evalue  i-Evalue hmmfrom  hmm to    alifrom  ali to    envfrom  env to     acc
 ---   ------ ----- --------- --------- ------- -------    ------- -------    ------- -------    ----
   1 !  192.3   0.0   1.6e-61   5.8e-58       2     140 ..       4     142 ..       3     143 .. 0.97



Internal pipeline statistics summary:
-------------------------------------
Query model(s):                            1  (141 nodes)
Target sequences:                       3596  (1099884 residues searched)
Passed MSV filter:                        47  (0.0130701); expected 71.9 (0.02)
Passed bias filter:                       45  (0.0125139); expected 71.9 (0.02)
Passed Vit filter:                         4  (0.00111235); expected 3.6 (0.001)
Passed Fwd filter:                         1  (0.000278087); expected 0.0 (1e-05)
Initial search space (Z):               3596  [actual number of targets]
Domain search space  (domZ):               1  [number of targets reported over threshold]
# CPU time: 0.01u 0.00s 00:00:00.01 Elapsed: 00:00:00.01
# Mc/sec: 15183.18
//
Query:       TIGR01071  [M=144]
Accession:   TIGR01071
Description: rplO_bact: ribosomal protein uL15
Scores for complete sequences (score includes all domains):
   --- full sequence ---   --- best 1 domain ---    -#dom-
    E-value  score  bias    E-value  score  bias    exp  N  Sequence             Description
    ------- ------ -----    ------- ------ -----   ---- --  --------             -----------
    1.2e-42  142.8   1.9    1.4e-42  142.6   1.9    1.0  1  DBOIFJ010000002.1_39  # 30307 # 30795 # 1 # ID=2_39;partial=00;start_type=ATG;rbs_motif=AGGA;rbs_spacer=5-10bp;gc_cont=0.673


Domain annotation for each sequence:
>> DBOIFJ010000002.1_39  # 30307 # 30795 # 1 # ID=2_39;partial=00;start_type=ATG;rbs_motif=AGGA;rbs_spacer=5-10bp;gc_cont=0.673
   #    score  bias  c-Evalue  i-Evalue hmmfrom  hmm to    alifrom  ali to    envfrom  env to     acc
 ---   ------ ----- --------- --------- ------- -------    ------- -------    ------- -------    ----
   1 !  142.6   1.9   3.9e-46   1.4e-42       1     143 [.       3     151 ..       3     152 .. 0.95



Internal pipeline statistics summary:
-------------------------------------
Query model(s):                            1  (144 nodes)
Target sequences:                       3596  (1099884 residues searched)
Passed MSV filter:                        55  (0.0152948); expected 71.9 (0.02)
Passed bias filter:                       44  (0.0122358); expected 71.9 (0.02)
Passed Vit filter:                         6  (0.00166852); expected 3.6 (0.001)
Passed Fwd filter:                         1  (0.000278087); expected 0.0 (1e-05)
Initial search space (Z):               3596  [actual number of targets]
Domain search space  (domZ):               1  [number of targets reported over threshold]
# CPU time: 0.02u 0.00s 00:00:00.02 Elapsed: 00:00:00.01
# Mc/sec: 9889.18
//
Query:       TIGR01079  [M=104]
Accession:   TIGR01079
Description: rplX_bact: ribosomal protein uL24
Scores for complete sequences (score includes all domains):
   --- full sequence ---   --- best 1 domain ---    -#dom-
    E-value  score  bias    E-value  score  bias    exp  N  Sequence             Description
    ------- ------ -----    ------- ------ -----   ---- --  --------             -----------
    2.5e-34  115.5   1.3    2.9e-34  115.3   1.3    1.0  1  DBOIFJ010000002.1_31  # 26947 # 27276 # 1 # ID=2_31;partial=00;start_type=ATG;rbs_motif=GGAGG;rbs_spacer=5-10bp;gc_cont=0.630


Domain annotation for each sequence:
>> DBOIFJ010000002.1_31  # 26947 # 27276 # 1 # ID=2_31;partial=00;start_type=ATG;rbs_motif=GGAGG;rbs_spacer=5-10bp;gc_cont=0.630
   #    score  bias  c-Evalue  i-Evalue hmmfrom  hmm to    alifrom  ali to    envfrom  env to     acc
 ---   ------ ----- --------- --------- ------- -------    ------- -------    ------- -------    ----
   1 !  115.3   1.3   7.9e-38   2.9e-34       2     104 .]       3     107 ..       2     107 .. 0.94



Internal pipeline statistics summary:
-------------------------------------
Query model(s):                            1  (104 nodes)
Target sequences:                       3596  (1099884 residues searched)
Passed MSV filter:                        50  (0.0139043); expected 71.9 (0.02)
Passed bias filter:                       44  (0.0122358); expected 71.9 (0.02)
Passed Vit filter:                         2  (0.000556174); expected 3.6 (0.001)
Passed Fwd filter:                         1  (0.000278087); expected 0.0 (1e-05)
Initial search space (Z):               3596  [actual number of targets]
Domain search space  (domZ):               1  [number of targets reported over threshold]
# CPU time: 0.01u 0.00s 00:00:00.01 Elapsed: 00:00:00.03
# Mc/sec: 3747.76
//
Query:       TIGR01082  [M=449]
Accession:   TIGR01082
Description: murC: UDP-N-acetylmuramate--L-alanine ligase
Scores for complete sequences (score includes all domains):
   --- full sequence ---   --- best 1 domain ---    -#dom-
    E-value  score  bias    E-value  score  bias    exp  N  Sequence              Description
    ------- ------ -----    ------- ------ -----   ---- --  --------              -----------
     1e-159  530.0   0.0   1.2e-159  529.9   0.0    1.0  1  DBOIFJ010000026.1_192  # 201259 # 202686 # -1 # ID=26_192;partial=00;start_type=ATG;rbs_motif=AGxAGG/AGGxGG;rbs_spacer=5-10bp;gc_cont=0.662


Domain annotation for each sequence:
>> DBOIFJ010000026.1_192  # 201259 # 202686 # -1 # ID=26_192;partial=00;start_type=ATG;rbs_motif=AGxAGG/AGGxGG;rbs_spacer=5-10bp;gc_cont=0.662
   #    score  bias  c-Evalue  i-Evalue hmmfrom  hmm to    alifrom  ali to    envfrom  env to     acc
 ---   ------ ----- --------- --------- ------- -------    ------- -------    ------- -------    ----
   1 !  529.9   0.0  3.2e-163  1.2e-159       2     447 ..      10     458 ..       9     460 .. 0.98



Internal pipeline statistics summary:
-------------------------------------
Query model(s):                            1  (449 nodes)
Target sequences:                       3596  (1099884 residues searched)
Passed MSV filter:                       138  (0.038376); expected 71.9 (0.02)
Passed bias filter:                      122  (0.0339266); expected 71.9 (0.02)
Passed Vit filter:                        19  (0.00528365); expected 3.6 (0.001)
Passed Fwd filter:                         5  (0.00139043); expected 0.0 (1e-05)
Initial search space (Z):               3596  [actual number of targets]
Domain search space  (domZ):               1  [number of targets reported over threshold]
# CPU time: 0.07u 0.00s 00:00:00.07 Elapsed: 00:00:00.06
# Mc/sec: 7370.31
//
Query:       TIGR01087  [M=441]
Accession:   TIGR01087
Description: murD: UDP-N-acetylmuramoylalanine--D-glutamate ligase
Scores for complete sequences (score includes all domains):
   --- full sequence ---   --- best 1 domain ---    -#dom-
    E-value  score  bias    E-value  score  bias    exp  N  Sequence              Description
    ------- ------ -----    ------- ------ -----   ---- --  --------              -----------
    6.6e-73  243.9   0.0    5.3e-72  240.9   0.0    1.9  1  DBOIFJ010000006.1_121  # 98218 # 99534 # 1 # ID=6_121;partial=00;start_type=ATG;rbs_motif=GGA/GAG/AGG;rbs_spacer=5-10bp;gc_cont=0.672


Domain annotation for each sequence:
>> DBOIFJ010000006.1_121  # 98218 # 99534 # 1 # ID=6_121;partial=00;start_type=ATG;rbs_motif=GGA/GAG/AGG;rbs_spacer=5-10bp;gc_cont=0.672
   #    score  bias  c-Evalue  i-Evalue hmmfrom  hmm to    alifrom  ali to    envfrom  env to     acc
 ---   ------ ----- --------- --------- ------- -------    ------- -------    ------- -------    ----
   1 !  240.9   0.0   1.5e-75   5.3e-72       2     440 ..       7     432 ..       6     433 .. 0.84



Internal pipeline statistics summary:
-------------------------------------
Query model(s):                            1  (441 nodes)
Target sequences:                       3596  (1099884 residues searched)
Passed MSV filter:                       176  (0.0489433); expected 71.9 (0.02)
Passed bias filter:                      157  (0.0436596); expected 71.9 (0.02)
Passed Vit filter:                        35  (0.00973304); expected 3.6 (0.001)
Passed Fwd filter:                         7  (0.00194661); expected 0.0 (1e-05)
Initial search space (Z):               3596  [actual number of targets]
Domain search space  (domZ):               1  [number of targets reported over threshold]
# CPU time: 0.08u 0.01s 00:00:00.09 Elapsed: 00:00:00.09
# Mc/sec: 5379.80
//
Query:       TIGR01128  [M=314]
Accession:   TIGR01128
Description: holA: DNA polymerase III, delta subunit
Scores for complete sequences (score includes all domains):
   --- full sequence ---   --- best 1 domain ---    -#dom-
    E-value  score  bias    E-value  score  bias    exp  N  Sequence              Description
    ------- ------ -----    ------- ------ -----   ---- --  --------              -----------
    2.3e-38  129.9   0.0    2.7e-38  129.7   0.0    1.0  1  DBOIFJ010000015.1_176  # 163138 # 164142 # -1 # ID=15_176;partial=00;start_type=ATG;rbs_motif=GGA/GAG/AGG;rbs_spacer=3-4bp;gc_cont=0.647


Domain annotation for each sequence:
>> DBOIFJ010000015.1_176  # 163138 # 164142 # -1 # ID=15_176;partial=00;start_type=ATG;rbs_motif=GGA/GAG/AGG;rbs_spacer=3-4bp;gc_cont=0.647
   #    score  bias  c-Evalue  i-Evalue hmmfrom  hmm to    alifrom  ali to    envfrom  env to     acc
 ---   ------ ----- --------- --------- ------- -------    ------- -------    ------- -------    ----
   1 !  129.7   0.0   7.4e-42   2.7e-38       4     310 ..      22     324 ..      19     328 .. 0.94



Internal pipeline statistics summary:
-------------------------------------
Query model(s):                            1  (314 nodes)
Target sequences:                       3596  (1099884 residues searched)
Passed MSV filter:                       102  (0.0283648); expected 71.9 (0.02)
Passed bias filter:                       90  (0.0250278); expected 71.9 (0.02)
Passed Vit filter:                        16  (0.00444939); expected 3.6 (0.001)
Passed Fwd filter:                         3  (0.00083426); expected 0.0 (1e-05)
Initial search space (Z):               3596  [actual number of targets]
Domain search space  (domZ):               1  [number of targets reported over threshold]
# CPU time: 0.04u 0.00s 00:00:00.04 Elapsed: 00:00:00.05
# Mc/sec: 6228.04
//
Query:       TIGR01146  [M=286]
Accession:   TIGR01146
Description: ATPsyn_F1gamma: ATP synthase F1, gamma subunit
Scores for complete sequences (score includes all domains):
   --- full sequence ---   --- best 1 domain ---    -#dom-
    E-value  score  bias    E-value  score  bias    exp  N  Sequence              Description
    ------- ------ -----    ------- ------ -----   ---- --  --------              -----------
    2.9e-95  317.0   3.0    3.2e-95  316.8   3.0    1.0  1  DBOIFJ010000050.1_227  # 232836 # 233708 # -1 # ID=50_227;partial=00;start_type=ATG;rbs_motif=GGAG/GAGG;rbs_spacer=5-10bp;gc_cont=0.632


Domain annotation for each sequence:
>> DBOIFJ010000050.1_227  # 232836 # 233708 # -1 # ID=50_227;partial=00;start_type=ATG;rbs_motif=GGAG/GAGG;rbs_spacer=5-10bp;gc_cont=0.632
   #    score  bias  c-Evalue  i-Evalue hmmfrom  hmm to    alifrom  ali to    envfrom  env to     acc
 ---   ------ ----- --------- --------- ------- -------    ------- -------    ------- -------    ----
   1 !  316.8   3.0     9e-99   3.2e-95       1     286 []       1     290 [.       1     290 [. 0.96



Internal pipeline statistics summary:
-------------------------------------
Query model(s):                            1  (286 nodes)
Target sequences:                       3596  (1099884 residues searched)
Passed MSV filter:                        82  (0.0228031); expected 71.9 (0.02)
Passed bias filter:                       59  (0.0164071); expected 71.9 (0.02)
Passed Vit filter:                        10  (0.00278087); expected 3.6 (0.001)
Passed Fwd filter:                         1  (0.000278087); expected 0.0 (1e-05)
Initial search space (Z):               3596  [actual number of targets]
Domain search space  (domZ):               1  [number of targets reported over threshold]
# CPU time: 0.03u 0.00s 00:00:00.03 Elapsed: 00:00:00.06
# Mc/sec: 4816.17
//
Query:       TIGR01164  [M=126]
Accession:   TIGR01164
Description: rplP_bact: ribosomal protein uL16
Scores for complete sequences (score includes all domains):
   --- full sequence ---   --- best 1 domain ---    -#dom-
    E-value  score  bias    E-value  score  bias    exp  N  Sequence             Description
    ------- ------ -----    ------- ------ -----   ---- --  --------             -----------
    6.1e-58  192.1   1.8    6.9e-58  191.9   1.8    1.0  1  DBOIFJ010000002.1_27  # 25633 # 26046 # 1 # ID=2_27;partial=00;start_type=ATG;rbs_motif=AGGA/GGAG/GAGG;rbs_spacer=11-12bp;gc_cont=0.662


Domain annotation for each sequence:
>> DBOIFJ010000002.1_27  # 25633 # 26046 # 1 # ID=2_27;partial=00;start_type=ATG;rbs_motif=AGGA/GGAG/GAGG;rbs_spacer=11-12bp;gc_cont=0.662
   #    score  bias  c-Evalue  i-Evalue hmmfrom  hmm to    alifrom  ali to    envfrom  env to     acc
 ---   ------ ----- --------- --------- ------- -------    ------- -------    ------- -------    ----
   1 !  191.9   1.8   1.9e-61   6.9e-58       1     126 []       2     127 ..       2     127 .. 0.99



Internal pipeline statistics summary:
-------------------------------------
Query model(s):                            1  (126 nodes)
Target sequences:                       3596  (1099884 residues searched)
Passed MSV filter:                        64  (0.0177976); expected 71.9 (0.02)
Passed bias filter:                       58  (0.016129); expected 71.9 (0.02)
Passed Vit filter:                         8  (0.00222469); expected 3.6 (0.001)
Passed Fwd filter:                         1  (0.000278087); expected 0.0 (1e-05)
Initial search space (Z):               3596  [actual number of targets]
Domain search space  (domZ):               1  [number of targets reported over threshold]
# CPU time: 0.01u 0.00s 00:00:00.01 Elapsed: 00:00:00.02
# Mc/sec: 6007.22
//
Query:       TIGR01169  [M=227]
Accession:   TIGR01169
Description: rplA_bact: ribosomal protein uL1
Scores for complete sequences (score includes all domains):
   --- full sequence ---   --- best 1 domain ---    -#dom-
    E-value  score  bias    E-value  score  bias    exp  N  Sequence            Description
    ------- ------ -----    ------- ------ -----   ---- --  --------            -----------
   6.7e-102  337.3   4.0   7.4e-102  337.2   4.0    1.0  1  DBOIFJ010000002.1_8  # 4543 # 5229 # 1 # ID=2_8;partial=00;start_type=ATG;rbs_motif=GGAGG;rbs_spacer=5-10bp;gc_cont=0.667


Domain annotation for each sequence:
>> DBOIFJ010000002.1_8  # 4543 # 5229 # 1 # ID=2_8;partial=00;start_type=ATG;rbs_motif=GGAGG;rbs_spacer=5-10bp;gc_cont=0.667
   #    score  bias  c-Evalue  i-Evalue hmmfrom  hmm to    alifrom  ali to    envfrom  env to     acc
 ---   ------ ----- --------- --------- ------- -------    ------- -------    ------- -------    ----
   1 !  337.2   4.0  2.1e-105  7.4e-102       2     225 ..       3     226 ..       2     228 .. 0.99



Internal pipeline statistics summary:
-------------------------------------
Query model(s):                            1  (227 nodes)
Target sequences:                       3596  (1099884 residues searched)
Passed MSV filter:                        98  (0.0272525); expected 71.9 (0.02)
Passed bias filter:                       83  (0.0230812); expected 71.9 (0.02)
Passed Vit filter:                        11  (0.00305895); expected 3.6 (0.001)
Passed Fwd filter:                         1  (0.000278087); expected 0.0 (1e-05)
Initial search space (Z):               3596  [actual number of targets]
Domain search space  (domZ):               1  [number of targets reported over threshold]
# CPU time: 0.02u 0.00s 00:00:00.02 Elapsed: 00:00:00.02
# Mc/sec: 11130.15
//
Query:       TIGR01171  [M=275]
Accession:   TIGR01171
Description: rplB_bact: ribosomal protein uL2
Scores for complete sequences (score includes all domains):
   --- full sequence ---   --- best 1 domain ---    -#dom-
    E-value  score  bias    E-value  score  bias    exp  N  Sequence             Description
    ------- ------ -----    ------- ------ -----   ---- --  --------             -----------
   1.8e-120  399.1   4.8   2.1e-120  398.9   4.8    1.0  1  DBOIFJ010000002.1_23  # 23353 # 24192 # 1 # ID=2_23;partial=00;start_type=ATG;rbs_motif=GGAG/GAGG;rbs_spacer=5-10bp;gc_cont=0.673


Domain annotation for each sequence:
>> DBOIFJ010000002.1_23  # 23353 # 24192 # 1 # ID=2_23;partial=00;start_type=ATG;rbs_motif=GGAG/GAGG;rbs_spacer=5-10bp;gc_cont=0.673
   #    score  bias  c-Evalue  i-Evalue hmmfrom  hmm to    alifrom  ali to    envfrom  env to     acc
 ---   ------ ----- --------- --------- ------- -------    ------- -------    ------- -------    ----
   1 !  398.9   4.8  5.7e-124  2.1e-120       1     274 [.       3     274 ..       3     275 .. 0.98



Internal pipeline statistics summary:
-------------------------------------
Query model(s):                            1  (275 nodes)
Target sequences:                       3596  (1099884 residues searched)
Passed MSV filter:                        62  (0.0172414); expected 71.9 (0.02)
Passed bias filter:                       52  (0.0144605); expected 71.9 (0.02)
Passed Vit filter:                         6  (0.00166852); expected 3.6 (0.001)
Passed Fwd filter:                         1  (0.000278087); expected 0.0 (1e-05)
Initial search space (Z):               3596  [actual number of targets]
Domain search space  (domZ):               1  [number of targets reported over threshold]
# CPU time: 0.03u 0.00s 00:00:00.03 Elapsed: 00:00:00.02
# Mc/sec: 12744.29
//
Query:       TIGR01213  [M=387]
Accession:   TIGR01213
Description: pseudo_Pus10arc: tRNA pseudouridine(54/55) synthase
Scores for complete sequences (score includes all domains):
   --- full sequence ---   --- best 1 domain ---    -#dom-
    E-value  score  bias    E-value  score  bias    exp  N  Sequence Description
    ------- ------ -----    ------- ------ -----   ---- --  -------- -----------

   [No hits detected that satisfy reporting thresholds]


Domain annotation for each sequence:

   [No targets detected that satisfy reporting thresholds]


Internal pipeline statistics summary:
-------------------------------------
Query model(s):                            1  (387 nodes)
Target sequences:                       3596  (1099884 residues searched)
Passed MSV filter:                        74  (0.0205784); expected 71.9 (0.02)
Passed bias filter:                       56  (0.0155729); expected 71.9 (0.02)
Passed Vit filter:                         5  (0.00139043); expected 3.6 (0.001)
Passed Fwd filter:                         0  (0); expected 0.0 (1e-05)
Initial search space (Z):               3596  [actual number of targets]
Domain search space  (domZ):               0  [number of targets reported over threshold]
# CPU time: 0.03u 0.00s 00:00:00.03 Elapsed: 00:00:00.04
# Mc/sec: 9555.22
//
Query:       TIGR01302  [M=450]
Accession:   TIGR01302
Description: IMP_dehydrog: inosine-5'-monophosphate dehydrogenase
Scores for complete sequences (score includes all domains):
   --- full sequence ---   --- best 1 domain ---    -#dom-
    E-value  score  bias    E-value  score  bias    exp  N  Sequence             Description
    ------- ------ -----    ------- ------ -----   ---- --  --------             -----------
     1e-191  635.3   8.6   1.2e-191  635.1   8.6    1.0  1  DBOIFJ010000027.1_13  # 11672 # 13174 # -1 # ID=27_13;partial=00;start_type=TTG;rbs_motif=AGGA;rbs_spacer=5-10bp;gc_cont=0.653


Domain annotation for each sequence:
>> DBOIFJ010000027.1_13  # 11672 # 13174 # -1 # ID=27_13;partial=00;start_type=TTG;rbs_motif=AGGA;rbs_spacer=5-10bp;gc_cont=0.653
   #    score  bias  c-Evalue  i-Evalue hmmfrom  hmm to    alifrom  ali to    envfrom  env to     acc
 ---   ------ ----- --------- --------- ------- -------    ------- -------    ------- -------    ----
   1 !  635.1   8.6  3.3e-195  1.2e-191       1     449 [.      13     466 ..      13     467 .. 0.98



Internal pipeline statistics summary:
-------------------------------------
Query model(s):                            1  (450 nodes)
Target sequences:                       3596  (1099884 residues searched)
Passed MSV filter:                       150  (0.041713); expected 71.9 (0.02)
Passed bias filter:                      103  (0.0286429); expected 71.9 (0.02)
Passed Vit filter:                        15  (0.0041713); expected 3.6 (0.001)
Passed Fwd filter:                         8  (0.00222469); expected 0.0 (1e-05)
Initial search space (Z):               3596  [actual number of targets]
Domain search space  (domZ):               1  [number of targets reported over threshold]
# CPU time: 0.06u 0.00s 00:00:00.06 Elapsed: 00:00:00.06
# Mc/sec: 7498.00
//
Query:       TIGR01391  [M=414]
Accession:   TIGR01391
Description: dnaG: DNA primase
Scores for complete sequences (score includes all domains):
   --- full sequence ---   --- best 1 domain ---    -#dom-
    E-value  score  bias    E-value  score  bias    exp  N  Sequence             Description
    ------- ------ -----    ------- ------ -----   ---- --  --------             -----------
   5.6e-124  411.8   0.0   7.2e-124  411.4   0.0    1.1  1  DBOIFJ010000040.1_17  # 17540 # 19495 # 1 # ID=40_17;partial=00;start_type=ATG;rbs_motif=None;rbs_spacer=None;gc_cont=0.672


Domain annotation for each sequence:
>> DBOIFJ010000040.1_17  # 17540 # 19495 # 1 # ID=40_17;partial=00;start_type=ATG;rbs_motif=None;rbs_spacer=None;gc_cont=0.672
   #    score  bias  c-Evalue  i-Evalue hmmfrom  hmm to    alifrom  ali to    envfrom  env to     acc
 ---   ------ ----- --------- --------- ------- -------    ------- -------    ------- -------    ----
   1 !  411.4   0.0    2e-127  7.2e-124       2     414 .]       3     422 ..       2     422 .. 0.96



Internal pipeline statistics summary:
-------------------------------------
Query model(s):                            1  (414 nodes)
Target sequences:                       3596  (1099884 residues searched)
Passed MSV filter:                        64  (0.0177976); expected 71.9 (0.02)
Passed bias filter:                       61  (0.0169633); expected 71.9 (0.02)
Passed Vit filter:                         6  (0.00166852); expected 3.6 (0.001)
Passed Fwd filter:                         1  (0.000278087); expected 0.0 (1e-05)
Initial search space (Z):               3596  [actual number of targets]
Domain search space  (domZ):               1  [number of targets reported over threshold]
# CPU time: 0.03u 0.00s 00:00:00.03 Elapsed: 00:00:00.03
# Mc/sec: 14310.53
//
Query:       TIGR01393  [M=595]
Accession:   TIGR01393
Description: lepA: elongation factor 4
Scores for complete sequences (score includes all domains):
   --- full sequence ---   --- best 1 domain ---    -#dom-
    E-value  score  bias    E-value  score  bias    exp  N  Sequence             Description
    ------- ------ -----    ------- ------ -----   ---- --  --------             -----------
   2.8e-293  971.4   0.0   3.2e-293  971.2   0.0    1.0  1  DBOIFJ010000017.1_17  # 11892 # 13697 # -1 # ID=17_17;partial=00;start_type=ATG;rbs_motif=3Base/5BMM;rbs_spacer=13-15bp;gc_cont=0.648


Domain annotation for each sequence:
>> DBOIFJ010000017.1_17  # 11892 # 13697 # -1 # ID=17_17;partial=00;start_type=ATG;rbs_motif=3Base/5BMM;rbs_spacer=13-15bp;gc_cont=0.648
   #    score  bias  c-Evalue  i-Evalue hmmfrom  hmm to    alifrom  ali to    envfrom  env to     acc
 ---   ------ ----- --------- --------- ------- -------    ------- -------    ------- -------    ----
   1 !  971.2   0.0  8.8e-297  3.2e-293       2     594 ..       7     598 ..       6     599 .. 1.00



Internal pipeline statistics summary:
-------------------------------------
Query model(s):                            1  (595 nodes)
Target sequences:                       3596  (1099884 residues searched)
Passed MSV filter:                        64  (0.0177976); expected 71.9 (0.02)
Passed bias filter:                       59  (0.0164071); expected 71.9 (0.02)
Passed Vit filter:                        15  (0.0041713); expected 3.6 (0.001)
Passed Fwd filter:                        11  (0.00305895); expected 0.0 (1e-05)
Initial search space (Z):               3596  [actual number of targets]
Domain search space  (domZ):               1  [number of targets reported over threshold]
# CPU time: 0.09u 0.00s 00:00:00.09 Elapsed: 00:00:00.09
# Mc/sec: 6648.99
//
Query:       TIGR01394  [M=594]
Accession:   TIGR01394
Description: TypA_BipA: GTP-binding protein TypA/BipA
Scores for complete sequences (score includes all domains):
   --- full sequence ---   --- best 1 domain ---    -#dom-
    E-value  score  bias    E-value  score  bias    exp  N  Sequence             Description
    ------- ------ -----    ------- ------ -----   ---- --  --------             -----------
   3.5e-275  911.5   0.0   4.1e-275  911.3   0.0    1.0  1  DBOIFJ010000034.1_59  # 62039 # 63856 # 1 # ID=34_59;partial=00;start_type=ATG;rbs_motif=None;rbs_spacer=None;gc_cont=0.637


Domain annotation for each sequence:
>> DBOIFJ010000034.1_59  # 62039 # 63856 # 1 # ID=34_59;partial=00;start_type=ATG;rbs_motif=None;rbs_spacer=None;gc_cont=0.637
   #    score  bias  c-Evalue  i-Evalue hmmfrom  hmm to    alifrom  ali to    envfrom  env to     acc
 ---   ------ ----- --------- --------- ------- -------    ------- -------    ------- -------    ----
   1 !  911.3   0.0  1.1e-278  4.1e-275       1     594 []       3     596 ..       3     596 .. 1.00



Internal pipeline statistics summary:
-------------------------------------
Query model(s):                            1  (594 nodes)
Target sequences:                       3596  (1099884 residues searched)
Passed MSV filter:                        80  (0.0222469); expected 71.9 (0.02)
Passed bias filter:                       70  (0.0194661); expected 71.9 (0.02)
Passed Vit filter:                        11  (0.00305895); expected 3.6 (0.001)
Passed Fwd filter:                         9  (0.00250278); expected 0.0 (1e-05)
Initial search space (Z):               3596  [actual number of targets]
Domain search space  (domZ):               1  [number of targets reported over threshold]
# CPU time: 0.10u 0.00s 00:00:00.10 Elapsed: 00:00:00.11
# Mc/sec: 5696.75
//
Query:       TIGR01510  [M=155]
Accession:   TIGR01510
Description: coaD_prev_kdtB: pantetheine-phosphate adenylyltransferase
Scores for complete sequences (score includes all domains):
   --- full sequence ---   --- best 1 domain ---    -#dom-
    E-value  score  bias    E-value  score  bias    exp  N  Sequence             Description
    ------- ------ -----    ------- ------ -----   ---- --  --------             -----------
      1e-52  176.0   0.0    1.1e-52  175.8   0.0    1.0  1  DBOIFJ010000026.1_55  # 58553 # 59044 # 1 # ID=26_55;partial=00;start_type=ATG;rbs_motif=GGAGG;rbs_spacer=5-10bp;gc_cont=0.622


Domain annotation for each sequence:
>> DBOIFJ010000026.1_55  # 58553 # 59044 # 1 # ID=26_55;partial=00;start_type=ATG;rbs_motif=GGAGG;rbs_spacer=5-10bp;gc_cont=0.622
   #    score  bias  c-Evalue  i-Evalue hmmfrom  hmm to    alifrom  ali to    envfrom  env to     acc
 ---   ------ ----- --------- --------- ------- -------    ------- -------    ------- -------    ----
   1 !  175.8   0.0   3.1e-56   1.1e-52       2     154 ..       6     163 ..       5     163 .. 0.98



Internal pipeline statistics summary:
-------------------------------------
Query model(s):                            1  (155 nodes)
Target sequences:                       3596  (1099884 residues searched)
Passed MSV filter:                        52  (0.0144605); expected 71.9 (0.02)
Passed bias filter:                       49  (0.0136263); expected 71.9 (0.02)
Passed Vit filter:                         5  (0.00139043); expected 3.6 (0.001)
Passed Fwd filter:                         2  (0.000556174); expected 0.0 (1e-05)
Initial search space (Z):               3596  [actual number of targets]
Domain search space  (domZ):               1  [number of targets reported over threshold]
# CPU time: 0.02u 0.00s 00:00:00.02 Elapsed: 00:00:00.02
# Mc/sec: 7280.51
//
Query:       TIGR01632  [M=140]
Accession:   TIGR01632
Description: L11_bact: ribosomal protein uL11
Scores for complete sequences (score includes all domains):
   --- full sequence ---   --- best 1 domain ---    -#dom-
    E-value  score  bias    E-value  score  bias    exp  N  Sequence            Description
    ------- ------ -----    ------- ------ -----   ---- --  --------            -----------
    4.9e-60  199.2   0.1    5.4e-60  199.1   0.1    1.0  1  DBOIFJ010000002.1_7  # 4110 # 4538 # 1 # ID=2_7;partial=00;start_type=ATG;rbs_motif=AGGA;rbs_spacer=5-10bp;gc_cont=0.629


Domain annotation for each sequence:
>> DBOIFJ010000002.1_7  # 4110 # 4538 # 1 # ID=2_7;partial=00;start_type=ATG;rbs_motif=AGGA;rbs_spacer=5-10bp;gc_cont=0.629
   #    score  bias  c-Evalue  i-Evalue hmmfrom  hmm to    alifrom  ali to    envfrom  env to     acc
 ---   ------ ----- --------- --------- ------- -------    ------- -------    ------- -------    ----
   1 !  199.1   0.1   1.5e-63   5.4e-60       1     139 [.       3     141 ..       3     142 .. 0.99



Internal pipeline statistics summary:
-------------------------------------
Query model(s):                            1  (140 nodes)
Target sequences:                       3596  (1099884 residues searched)
Passed MSV filter:                        85  (0.0236374); expected 71.9 (0.02)
Passed bias filter:                       79  (0.0219689); expected 71.9 (0.02)
Passed Vit filter:                         7  (0.00194661); expected 3.6 (0.001)
Passed Fwd filter:                         1  (0.000278087); expected 0.0 (1e-05)
Initial search space (Z):               3596  [actual number of targets]
Domain search space  (domZ):               1  [number of targets reported over threshold]
# CPU time: 0.01u 0.00s 00:00:00.01 Elapsed: 00:00:00.01
# Mc/sec: 14327.91
//
Query:       TIGR01951  [M=131]
Accession:   TIGR01951
Description: nusB: transcription antitermination factor NusB
Scores for complete sequences (score includes all domains):
   --- full sequence ---   --- best 1 domain ---    -#dom-
    E-value  score  bias    E-value  score  bias    exp  N  Sequence             Description
    ------- ------ -----    ------- ------ -----   ---- --  --------             -----------
    1.6e-40  136.1   0.0    1.8e-40  135.9   0.0    1.0  1  DBOIFJ010000024.1_11  # 7445 # 7906 # 1 # ID=24_11;partial=00;start_type=ATG;rbs_motif=GGA/GAG/AGG;rbs_spacer=5-10bp;gc_cont=0.656


Domain annotation for each sequence:
>> DBOIFJ010000024.1_11  # 7445 # 7906 # 1 # ID=24_11;partial=00;start_type=ATG;rbs_motif=GGA/GAG/AGG;rbs_spacer=5-10bp;gc_cont=0.656
   #    score  bias  c-Evalue  i-Evalue hmmfrom  hmm to    alifrom  ali to    envfrom  env to     acc
 ---   ------ ----- --------- --------- ------- -------    ------- -------    ------- -------    ----
   1 !  135.9   0.0   4.9e-44   1.8e-40       2     130 ..      11     148 ..       9     149 .. 0.94



Internal pipeline statistics summary:
-------------------------------------
Query model(s):                            1  (131 nodes)
Target sequences:                       3596  (1099884 residues searched)
Passed MSV filter:                        86  (0.0239155); expected 71.9 (0.02)
Passed bias filter:                       70  (0.0194661); expected 71.9 (0.02)
Passed Vit filter:                         3  (0.00083426); expected 3.6 (0.001)
Passed Fwd filter:                         1  (0.000278087); expected 0.0 (1e-05)
Initial search space (Z):               3596  [actual number of targets]
Domain search space  (domZ):               1  [number of targets reported over threshold]
# CPU time: 0.02u 0.00s 00:00:00.02 Elapsed: 00:00:00.02
# Mc/sec: 6295.67
//
Query:       TIGR01952  [M=141]
Accession:   TIGR01952
Description: nusA_arch: NusA family KH domain protein, archaeal
Scores for complete sequences (score includes all domains):
   --- full sequence ---   --- best 1 domain ---    -#dom-
    E-value  score  bias    E-value  score  bias    exp  N  Sequence Description
    ------- ------ -----    ------- ------ -----   ---- --  -------- -----------

   [No hits detected that satisfy reporting thresholds]


Domain annotation for each sequence:

   [No targets detected that satisfy reporting thresholds]


Internal pipeline statistics summary:
-------------------------------------
Query model(s):                            1  (141 nodes)
Target sequences:                       3596  (1099884 residues searched)
Passed MSV filter:                        92  (0.025584); expected 71.9 (0.02)
Passed bias filter:                       73  (0.0203003); expected 71.9 (0.02)
Passed Vit filter:                         8  (0.00222469); expected 3.6 (0.001)
Passed Fwd filter:                         2  (0.000556174); expected 0.0 (1e-05)
Initial search space (Z):               3596  [actual number of targets]
Domain search space  (domZ):               0  [number of targets reported over threshold]
# CPU time: 0.02u 0.00s 00:00:00.02 Elapsed: 00:00:00.02
# Mc/sec: 7127.31
//
Query:       TIGR01953  [M=340]
Accession:   TIGR01953
Description: NusA: transcription termination factor NusA
Scores for complete sequences (score includes all domains):
   --- full sequence ---   --- best 1 domain ---    -#dom-
    E-value  score  bias    E-value  score  bias    exp  N  Sequence             Description
    ------- ------ -----    ------- ------ -----   ---- --  --------             -----------
   6.6e-131  434.0   3.2   8.6e-131  433.6   3.2    1.1  1  DBOIFJ010000015.1_80  # 71668 # 73275 # -1 # ID=15_80;partial=00;start_type=ATG;rbs_motif=GGA/GAG/AGG;rbs_spacer=5-10bp;gc_cont=0.664


Domain annotation for each sequence:
>> DBOIFJ010000015.1_80  # 71668 # 73275 # -1 # ID=15_80;partial=00;start_type=ATG;rbs_motif=GGA/GAG/AGG;rbs_spacer=5-10bp;gc_cont=0.664
   #    score  bias  c-Evalue  i-Evalue hmmfrom  hmm to    alifrom  ali to    envfrom  env to     acc
 ---   ------ ----- --------- --------- ------- -------    ------- -------    ------- -------    ----
   1 !  433.6   3.2  2.4e-134  8.6e-131       1     339 [.       9     346 ..       9     347 .. 0.99



Internal pipeline statistics summary:
-------------------------------------
Query model(s):                            1  (340 nodes)
Target sequences:                       3596  (1099884 residues searched)
Passed MSV filter:                        76  (0.0211346); expected 71.9 (0.02)
Passed bias filter:                       57  (0.0158509); expected 71.9 (0.02)
Passed Vit filter:                         2  (0.000556174); expected 3.6 (0.001)
Passed Fwd filter:                         1  (0.000278087); expected 0.0 (1e-05)
Initial search space (Z):               3596  [actual number of targets]
Domain search space  (domZ):               1  [number of targets reported over threshold]
# CPU time: 0.03u 0.00s 00:00:00.03 Elapsed: 00:00:00.02
# Mc/sec: 12620.43
//
Query:       TIGR02012  [M=321]
Accession:   TIGR02012
Description: tigrfam_recA: protein RecA
Scores for complete sequences (score includes all domains):
   --- full sequence ---   --- best 1 domain ---    -#dom-
    E-value  score  bias    E-value  score  bias    exp  N  Sequence              Description
    ------- ------ -----    ------- ------ -----   ---- --  --------              -----------
   3.3e-173  573.0   2.4   3.7e-173  572.8   2.4    1.0  1  DBOIFJ010000039.1_178  # 166104 # 167174 # -1 # ID=39_178;partial=00;start_type=GTG;rbs_motif=GGAGG;rbs_spacer=5-10bp;gc_cont=0.627


Domain annotation for each sequence:
>> DBOIFJ010000039.1_178  # 166104 # 167174 # -1 # ID=39_178;partial=00;start_type=GTG;rbs_motif=GGAGG;rbs_spacer=5-10bp;gc_cont=0.627
   #    score  bias  c-Evalue  i-Evalue hmmfrom  hmm to    alifrom  ali to    envfrom  env to     acc
 ---   ------ ----- --------- --------- ------- -------    ------- -------    ------- -------    ----
   1 !  572.8   2.4    1e-176  3.7e-173       1     321 []      14     334 ..      14     334 .. 1.00



Internal pipeline statistics summary:
-------------------------------------
Query model(s):                            1  (321 nodes)
Target sequences:                       3596  (1099884 residues searched)
Passed MSV filter:                       155  (0.0431034); expected 71.9 (0.02)
Passed bias filter:                      127  (0.035317); expected 71.9 (0.02)
Passed Vit filter:                        22  (0.00611791); expected 3.6 (0.001)
Passed Fwd filter:                         5  (0.00139043); expected 0.0 (1e-05)
Initial search space (Z):               3596  [actual number of targets]
Domain search space  (domZ):               1  [number of targets reported over threshold]
# CPU time: 0.03u 0.00s 00:00:00.03 Elapsed: 00:00:00.02
# Mc/sec: 12196.18
//
Query:       TIGR02013  [M=1238]
Accession:   TIGR02013
Description: rpoB: DNA-directed RNA polymerase, beta subunit
Scores for complete sequences (score includes all domains):
   --- full sequence ---   --- best 1 domain ---    -#dom-
    E-value  score  bias    E-value  score  bias    exp  N  Sequence             Description
    ------- ------ -----    ------- ------ -----   ---- --  --------             -----------
          0 1930.2   5.3          0 1930.0   5.3    1.0  1  DBOIFJ010000002.1_11  # 6761 # 10939 # 1 # ID=2_11;partial=00;start_type=ATG;rbs_motif=GGAG/GAGG;rbs_spacer=5-10bp;gc_cont=0.633


Domain annotation for each sequence:
>> DBOIFJ010000002.1_11  # 6761 # 10939 # 1 # ID=2_11;partial=00;start_type=ATG;rbs_motif=GGAG/GAGG;rbs_spacer=5-10bp;gc_cont=0.633
   #    score  bias  c-Evalue  i-Evalue hmmfrom  hmm to    alifrom  ali to    envfrom  env to     acc
 ---   ------ ----- --------- --------- ------- -------    ------- -------    ------- -------    ----
   1 ! 1930.0   5.3         0         0       3    1238 .]      10    1366 ..       8    1366 .. 0.95



Internal pipeline statistics summary:
-------------------------------------
Query model(s):                            1  (1238 nodes)
Target sequences:                       3596  (1099884 residues searched)
Passed MSV filter:                        87  (0.0241935); expected 71.9 (0.02)
Passed bias filter:                       68  (0.0189099); expected 71.9 (0.02)
Passed Vit filter:                         9  (0.00250278); expected 3.6 (0.001)
Passed Fwd filter:                         1  (0.000278087); expected 0.0 (1e-05)
Initial search space (Z):               3596  [actual number of targets]
Domain search space  (domZ):               1  [number of targets reported over threshold]
# CPU time: 0.12u 0.03s 00:00:00.15 Elapsed: 00:00:00.15
# Mc/sec: 8858.82
//
Query:       TIGR02027  [M=298]
Accession:   TIGR02027
Description: rpoA: DNA-directed RNA polymerase, alpha subunit
Scores for complete sequences (score includes all domains):
   --- full sequence ---   --- best 1 domain ---    -#dom-
    E-value  score  bias    E-value  score  bias    exp  N  Sequence             Description
    ------- ------ -----    ------- ------ -----   ---- --  --------             -----------
   3.8e-114  378.5   0.0   4.4e-114  378.3   0.0    1.0  1  DBOIFJ010000002.1_44  # 33882 # 34901 # 1 # ID=2_44;partial=00;start_type=GTG;rbs_motif=AGGA;rbs_spacer=5-10bp;gc_cont=0.630


Domain annotation for each sequence:
>> DBOIFJ010000002.1_44  # 33882 # 34901 # 1 # ID=2_44;partial=00;start_type=GTG;rbs_motif=AGGA;rbs_spacer=5-10bp;gc_cont=0.630
   #    score  bias  c-Evalue  i-Evalue hmmfrom  hmm to    alifrom  ali to    envfrom  env to     acc
 ---   ------ ----- --------- --------- ------- -------    ------- -------    ------- -------    ----
   1 !  378.3   0.0  1.2e-117  4.4e-114       2     298 .]      28     319 ..      27     319 .. 0.97



Internal pipeline statistics summary:
-------------------------------------
Query model(s):                            1  (298 nodes)
Target sequences:                       3596  (1099884 residues searched)
Passed MSV filter:                        70  (0.0194661); expected 71.9 (0.02)
Passed bias filter:                       60  (0.0166852); expected 71.9 (0.02)
Passed Vit filter:                         5  (0.00139043); expected 3.6 (0.001)
Passed Fwd filter:                         2  (0.000556174); expected 0.0 (1e-05)
Initial search space (Z):               3596  [actual number of targets]
Domain search space  (domZ):               1  [number of targets reported over threshold]
# CPU time: 0.03u 0.00s 00:00:00.03 Elapsed: 00:00:00.03
# Mc/sec: 10750.63
//
Query:       TIGR02075  [M=233]
Accession:   TIGR02075
Description: pyrH_bact: UMP kinase
Scores for complete sequences (score includes all domains):
   --- full sequence ---   --- best 1 domain ---    -#dom-
    E-value  score  bias    E-value  score  bias    exp  N  Sequence             Description
    ------- ------ -----    ------- ------ -----   ---- --  --------             -----------
    1.2e-89  297.5   0.1    1.4e-89  297.4   0.1    1.0  1  DBOIFJ010000026.1_21  # 21695 # 22423 # 1 # ID=26_21;partial=00;start_type=ATG;rbs_motif=GGA/GAG/AGG;rbs_spacer=5-10bp;gc_cont=0.631


Domain annotation for each sequence:
>> DBOIFJ010000026.1_21  # 21695 # 22423 # 1 # ID=26_21;partial=00;start_type=ATG;rbs_motif=GGA/GAG/AGG;rbs_spacer=5-10bp;gc_cont=0.631
   #    score  bias  c-Evalue  i-Evalue hmmfrom  hmm to    alifrom  ali to    envfrom  env to     acc
 ---   ------ ----- --------- --------- ------- -------    ------- -------    ------- -------    ----
   1 !  297.4   0.1   3.9e-93   1.4e-89       1     232 [.       6     236 ..       6     237 .. 1.00



Internal pipeline statistics summary:
-------------------------------------
Query model(s):                            1  (233 nodes)
Target sequences:                       3596  (1099884 residues searched)
Passed MSV filter:                       109  (0.0303115); expected 71.9 (0.02)
Passed bias filter:                       92  (0.025584); expected 71.9 (0.02)
Passed Vit filter:                        12  (0.00333704); expected 3.6 (0.001)
Passed Fwd filter:                         3  (0.00083426); expected 0.0 (1e-05)
Initial search space (Z):               3596  [actual number of targets]
Domain search space  (domZ):               1  [number of targets reported over threshold]
# CPU time: 0.02u 0.00s 00:00:00.02 Elapsed: 00:00:00.01
# Mc/sec: 14271.17
//
Query:       TIGR02191  [M=219]
Accession:   TIGR02191
Description: RNaseIII: ribonuclease III
Scores for complete sequences (score includes all domains):
   --- full sequence ---   --- best 1 domain ---    -#dom-
    E-value  score  bias    E-value  score  bias    exp  N  Sequence             Description
    ------- ------ -----    ------- ------ -----   ---- --  --------             -----------
    1.7e-66  221.5   0.0      2e-66  221.3   0.0    1.0  1  DBOIFJ010000016.1_76  # 80261 # 80968 # 1 # ID=16_76;partial=00;start_type=ATG;rbs_motif=None;rbs_spacer=None;gc_cont=0.655


Domain annotation for each sequence:
>> DBOIFJ010000016.1_76  # 80261 # 80968 # 1 # ID=16_76;partial=00;start_type=ATG;rbs_motif=None;rbs_spacer=None;gc_cont=0.655
   #    score  bias  c-Evalue  i-Evalue hmmfrom  hmm to    alifrom  ali to    envfrom  env to     acc
 ---   ------ ----- --------- --------- ------- -------    ------- -------    ------- -------    ----
   1 !  221.3   0.0   5.5e-70     2e-66       1     216 [.      11     225 ..      11     228 .. 0.95



Internal pipeline statistics summary:
-------------------------------------
Query model(s):                            1  (219 nodes)
Target sequences:                       3596  (1099884 residues searched)
Passed MSV filter:                        62  (0.0172414); expected 71.9 (0.02)
Passed bias filter:                       50  (0.0139043); expected 71.9 (0.02)
Passed Vit filter:                         2  (0.000556174); expected 3.6 (0.001)
Passed Fwd filter:                         1  (0.000278087); expected 0.0 (1e-05)
Initial search space (Z):               3596  [actual number of targets]
Domain search space  (domZ):               1  [number of targets reported over threshold]
# CPU time: 0.02u 0.00s 00:00:00.02 Elapsed: 00:00:00.03
# Mc/sec: 7586.04
//
Query:       TIGR02236  [M=311]
Accession:   TIGR02236
Description: recomb_radA: DNA repair and recombination protein RadA
Scores for complete sequences (score includes all domains):
   --- full sequence ---   --- best 1 domain ---    -#dom-
    E-value  score  bias    E-value  score  bias    exp  N  Sequence Description
    ------- ------ -----    ------- ------ -----   ---- --  -------- -----------

   [No hits detected that satisfy reporting thresholds]


Domain annotation for each sequence:

   [No targets detected that satisfy reporting thresholds]


Internal pipeline statistics summary:
-------------------------------------
Query model(s):                            1  (311 nodes)
Target sequences:                       3596  (1099884 residues searched)
Passed MSV filter:                       146  (0.0406007); expected 71.9 (0.02)
Passed bias filter:                      112  (0.0311457); expected 71.9 (0.02)
Passed Vit filter:                        17  (0.00472747); expected 3.6 (0.001)
Passed Fwd filter:                         5  (0.00139043); expected 0.0 (1e-05)
Initial search space (Z):               3596  [actual number of targets]
Domain search space  (domZ):               0  [number of targets reported over threshold]
# CPU time: 0.05u 0.00s 00:00:00.05 Elapsed: 00:00:00.06
# Mc/sec: 5164.57
//
Query:       TIGR02273  [M=166]
Accession:   TIGR02273
Description: 16S_RimM: 16S rRNA processing protein RimM
Scores for complete sequences (score includes all domains):
   --- full sequence ---   --- best 1 domain ---    -#dom-
    E-value  score  bias    E-value  score  bias    exp  N  Sequence             Description
    ------- ------ -----    ------- ------ -----   ---- --  --------             -----------
    2.8e-40  135.1   0.0    3.1e-40  134.9   0.0    1.0  1  DBOIFJ010000034.1_84  # 83977 # 84510 # 1 # ID=34_84;partial=00;start_type=ATG;rbs_motif=GGAG/GAGG;rbs_spacer=5-10bp;gc_cont=0.685


Domain annotation for each sequence:
>> DBOIFJ010000034.1_84  # 83977 # 84510 # 1 # ID=34_84;partial=00;start_type=ATG;rbs_motif=GGAG/GAGG;rbs_spacer=5-10bp;gc_cont=0.685
   #    score  bias  c-Evalue  i-Evalue hmmfrom  hmm to    alifrom  ali to    envfrom  env to     acc
 ---   ------ ----- --------- --------- ------- -------    ------- -------    ------- -------    ----
   1 !  134.9   0.0   8.7e-44   3.1e-40       2     164 ..       7     167 ..       6     169 .. 0.95



Internal pipeline statistics summary:
-------------------------------------
Query model(s):                            1  (166 nodes)
Target sequences:                       3596  (1099884 residues searched)
Passed MSV filter:                        54  (0.0150167); expected 71.9 (0.02)
Passed bias filter:                       50  (0.0139043); expected 71.9 (0.02)
Passed Vit filter:                         7  (0.00194661); expected 3.6 (0.001)
Passed Fwd filter:                         2  (0.000556174); expected 0.0 (1e-05)
Initial search space (Z):               3596  [actual number of targets]
Domain search space  (domZ):               1  [number of targets reported over threshold]
# CPU time: 0.02u 0.00s 00:00:00.02 Elapsed: 00:00:00.03
# Mc/sec: 5987.80
//
Query:       TIGR02338  [M=110]
Accession:   TIGR02338
Description: gimC_beta: prefoldin, beta subunit
Scores for complete sequences (score includes all domains):
   --- full sequence ---   --- best 1 domain ---    -#dom-
    E-value  score  bias    E-value  score  bias    exp  N  Sequence Description
    ------- ------ -----    ------- ------ -----   ---- --  -------- -----------

   [No hits detected that satisfy reporting thresholds]


Domain annotation for each sequence:

   [No targets detected that satisfy reporting thresholds]


Internal pipeline statistics summary:
-------------------------------------
Query model(s):                            1  (110 nodes)
Target sequences:                       3596  (1099884 residues searched)
Passed MSV filter:                       120  (0.0333704); expected 71.9 (0.02)
Passed bias filter:                       85  (0.0236374); expected 71.9 (0.02)
Passed Vit filter:                        13  (0.00361513); expected 3.6 (0.001)
Passed Fwd filter:                         3  (0.00083426); expected 0.0 (1e-05)
Initial search space (Z):               3596  [actual number of targets]
Domain search space  (domZ):               0  [number of targets reported over threshold]
# CPU time: 0.02u 0.00s 00:00:00.02 Elapsed: 00:00:00.01
# Mc/sec: 6449.47
//
Query:       TIGR02350  [M=596]
Accession:   TIGR02350
Description: prok_dnaK: chaperone protein DnaK
Scores for complete sequences (score includes all domains):
   --- full sequence ---   --- best 1 domain ---    -#dom-
    E-value  score  bias    E-value  score  bias    exp  N  Sequence              Description
    ------- ------ -----    ------- ------ -----   ---- --  --------              -----------
   2.1e-300  994.9  13.6   2.4e-300  994.7  13.6    1.0  1  DBOIFJ010000015.1_137  # 129121 # 131028 # 1 # ID=15_137;partial=00;start_type=ATG;rbs_motif=GGAG/GAGG;rbs_spacer=5-10bp;gc_cont=0.642
   5.4e-288  953.9  17.2   6.3e-288  953.7  17.2    1.0  1  DBOIFJ010000041.1_37   # 38636 # 40543 # 1 # ID=41_37;partial=00;start_type=ATG;rbs_motif=AGGAG;rbs_spacer=5-10bp;gc_cont=0.626


Domain annotation for each sequence:
>> DBOIFJ010000015.1_137  # 129121 # 131028 # 1 # ID=15_137;partial=00;start_type=ATG;rbs_motif=GGAG/GAGG;rbs_spacer=5-10bp;gc_cont=0.642
   #    score  bias  c-Evalue  i-Evalue hmmfrom  hmm to    alifrom  ali to    envfrom  env to     acc
 ---   ------ ----- --------- --------- ------- -------    ------- -------    ------- -------    ----
   1 !  994.7  13.6  1.3e-303  2.4e-300       1     596 []       3     599 ..       3     599 .. 0.99

>> DBOIFJ010000041.1_37  # 38636 # 40543 # 1 # ID=41_37;partial=00;start_type=ATG;rbs_motif=AGGAG;rbs_spacer=5-10bp;gc_cont=0.626
   #    score  bias  c-Evalue  i-Evalue hmmfrom  hmm to    alifrom  ali to    envfrom  env to     acc
 ---   ------ ----- --------- --------- ------- -------    ------- -------    ------- -------    ----
   1 !  953.7  17.2  3.5e-291  6.3e-288       1     593 [.       4     596 ..       4     599 .. 0.98



Internal pipeline statistics summary:
-------------------------------------
Query model(s):                            1  (596 nodes)
Target sequences:                       3596  (1099884 residues searched)
Passed MSV filter:                       104  (0.028921); expected 71.9 (0.02)
Passed bias filter:                       78  (0.0216908); expected 71.9 (0.02)
Passed Vit filter:                         6  (0.00166852); expected 3.6 (0.001)
Passed Fwd filter:                         3  (0.00083426); expected 0.0 (1e-05)
Initial search space (Z):               3596  [actual number of targets]
Domain search space  (domZ):               2  [number of targets reported over threshold]
# CPU time: 0.07u 0.00s 00:00:00.07 Elapsed: 00:00:00.09
# Mc/sec: 7067.79
//
Query:       TIGR02386  [M=1147]
Accession:   TIGR02386
Description: rpoC_TIGR: DNA-directed RNA polymerase, beta' subunit
Scores for complete sequences (score includes all domains):
   --- full sequence ---   --- best 1 domain ---    -#dom-
    E-value  score  bias    E-value  score  bias    exp  N  Sequence             Description
    ------- ------ -----    ------- ------ -----   ---- --  --------             -----------
          0 1791.6   0.3          0 1484.4   0.0    2.0  1  DBOIFJ010000002.1_12  # 11023 # 15249 # 1 # ID=2_12;partial=00;start_type=ATG;rbs_motif=AGGAG;rbs_spacer=5-10bp;gc_cont=0.645


Domain annotation for each sequence:
>> DBOIFJ010000002.1_12  # 11023 # 15249 # 1 # ID=2_12;partial=00;start_type=ATG;rbs_motif=AGGAG;rbs_spacer=5-10bp;gc_cont=0.645
   #    score  bias  c-Evalue  i-Evalue hmmfrom  hmm to    alifrom  ali to    envfrom  env to     acc
 ---   ------ ----- --------- --------- ------- -------    ------- -------    ------- -------    ----
   1 ! 1484.4   0.0         0         0       2    1000 ..      23    1025 ..      22    1038 .. 0.95



Internal pipeline statistics summary:
-------------------------------------
Query model(s):                            1  (1147 nodes)
Target sequences:                       3596  (1099884 residues searched)
Passed MSV filter:                        76  (0.0211346); expected 71.9 (0.02)
Passed bias filter:                       64  (0.0177976); expected 71.9 (0.02)
Passed Vit filter:                         5  (0.00139043); expected 3.6 (0.001)
Passed Fwd filter:                         1  (0.000278087); expected 0.0 (1e-05)
Initial search space (Z):               3596  [actual number of targets]
Domain search space  (domZ):               1  [number of targets reported over threshold]
# CPU time: 0.10u 0.01s 00:00:00.11 Elapsed: 00:00:00.14
# Mc/sec: 8458.95
//
Query:       TIGR02389  [M=367]
Accession:   TIGR02389
Description: RNA_pol_rpoA2: DNA-directed RNA polymerase, subunit A''
Scores for complete sequences (score includes all domains):
   --- full sequence ---   --- best 1 domain ---    -#dom-
    E-value  score  bias    E-value  score  bias    exp  N  Sequence Description
    ------- ------ -----    ------- ------ -----   ---- --  -------- -----------

   [No hits detected that satisfy reporting thresholds]


Domain annotation for each sequence:

   [No targets detected that satisfy reporting thresholds]


Internal pipeline statistics summary:
-------------------------------------
Query model(s):                            1  (367 nodes)
Target sequences:                       3596  (1099884 residues searched)
Passed MSV filter:                        93  (0.0258621); expected 71.9 (0.02)
Passed bias filter:                       73  (0.0203003); expected 71.9 (0.02)
Passed Vit filter:                         5  (0.00139043); expected 3.6 (0.001)
Passed Fwd filter:                         1  (0.000278087); expected 0.0 (1e-05)
Initial search space (Z):               3596  [actual number of targets]
Domain search space  (domZ):               0  [number of targets reported over threshold]
# CPU time: 0.03u 0.00s 00:00:00.03 Elapsed: 00:00:00.04
# Mc/sec: 9739.49
//
Query:       TIGR02390  [M=867]
Accession:   TIGR02390
Description: RNA_pol_rpoA1: DNA-directed RNA polymerase subunit A'
Scores for complete sequences (score includes all domains):
   --- full sequence ---   --- best 1 domain ---    -#dom-
    E-value  score  bias    E-value  score  bias    exp  N  Sequence Description
    ------- ------ -----    ------- ------ -----   ---- --  -------- -----------

   [No hits detected that satisfy reporting thresholds]


Domain annotation for each sequence:

   [No targets detected that satisfy reporting thresholds]


Internal pipeline statistics summary:
-------------------------------------
Query model(s):                            1  (867 nodes)
Target sequences:                       3596  (1099884 residues searched)
Passed MSV filter:                        60  (0.0166852); expected 71.9 (0.02)
Passed bias filter:                       56  (0.0155729); expected 71.9 (0.02)
Passed Vit filter:                         5  (0.00139043); expected 3.6 (0.001)
Passed Fwd filter:                         1  (0.000278087); expected 0.0 (1e-05)
Initial search space (Z):               3596  [actual number of targets]
Domain search space  (domZ):               0  [number of targets reported over threshold]
# CPU time: 0.08u 0.00s 00:00:00.08 Elapsed: 00:00:00.09
# Mc/sec: 10582.11
//
Query:       TIGR02397  [M=355]
Accession:   TIGR02397
Description: dnaX_nterm: DNA polymerase III, subunit gamma and tau
Scores for complete sequences (score includes all domains):
   --- full sequence ---   --- best 1 domain ---    -#dom-
    E-value  score  bias    E-value  score  bias    exp  N  Sequence             Description
    ------- ------ -----    ------- ------ -----   ---- --  --------             -----------
   4.7e-119  395.4   0.0   5.7e-119  395.1   0.0    1.1  1  DBOIFJ010000048.1_56  # 58406 # 60133 # 1 # ID=48_56;partial=00;start_type=ATG;rbs_motif=GGA/GAG/AGG;rbs_spacer=3-4bp;gc_cont=0.666


Domain annotation for each sequence:
>> DBOIFJ010000048.1_56  # 58406 # 60133 # 1 # ID=48_56;partial=00;start_type=ATG;rbs_motif=GGA/GAG/AGG;rbs_spacer=3-4bp;gc_cont=0.666
   #    score  bias  c-Evalue  i-Evalue hmmfrom  hmm to    alifrom  ali to    envfrom  env to     acc
 ---   ------ ----- --------- --------- ------- -------    ------- -------    ------- -------    ----
   1 !  395.1   0.0  1.6e-122  5.7e-119       1     354 [.      11     370 ..      11     371 .. 0.97



Internal pipeline statistics summary:
-------------------------------------
Query model(s):                            1  (355 nodes)
Target sequences:                       3596  (1099884 residues searched)
Passed MSV filter:                       207  (0.057564); expected 71.9 (0.02)
Passed bias filter:                      201  (0.0558954); expected 71.9 (0.02)
Passed Vit filter:                        77  (0.0214127); expected 3.6 (0.001)
Passed Fwd filter:                        10  (0.00278087); expected 0.0 (1e-05)
Initial search space (Z):               3596  [actual number of targets]
Domain search space  (domZ):               1  [number of targets reported over threshold]
# CPU time: 0.08u 0.00s 00:00:00.08 Elapsed: 00:00:00.09
# Mc/sec: 4335.16
//
Query:       TIGR02432  [M=189]
Accession:   TIGR02432
Description: lysidine_TilS_N: tRNA(Ile)-lysidine synthetase
Scores for complete sequences (score includes all domains):
   --- full sequence ---   --- best 1 domain ---    -#dom-
    E-value  score  bias    E-value  score  bias    exp  N  Sequence              Description
    ------- ------ -----    ------- ------ -----   ---- --  --------              -----------
    9.1e-38  127.7   0.0    1.2e-37  127.3   0.0    1.2  1  DBOIFJ010000007.1_236  # 247056 # 248111 # 1 # ID=7_236;partial=00;start_type=GTG;rbs_motif=GGAG/GAGG;rbs_spacer=5-10bp;gc_cont=0.701


Domain annotation for each sequence:
>> DBOIFJ010000007.1_236  # 247056 # 248111 # 1 # ID=7_236;partial=00;start_type=GTG;rbs_motif=GGAG/GAGG;rbs_spacer=5-10bp;gc_cont=0.701
   #    score  bias  c-Evalue  i-Evalue hmmfrom  hmm to    alifrom  ali to    envfrom  env to     acc
 ---   ------ ----- --------- --------- ------- -------    ------- -------    ------- -------    ----
   1 !  127.3   0.0   3.4e-41   1.2e-37       3     186 ..      28     203 ..      26     206 .. 0.93



Internal pipeline statistics summary:
-------------------------------------
Query model(s):                            1  (189 nodes)
Target sequences:                       3596  (1099884 residues searched)
Passed MSV filter:                        68  (0.0189099); expected 71.9 (0.02)
Passed bias filter:                       63  (0.0175195); expected 71.9 (0.02)
Passed Vit filter:                        10  (0.00278087); expected 3.6 (0.001)
Passed Fwd filter:                         6  (0.00166852); expected 0.0 (1e-05)
Initial search space (Z):               3596  [actual number of targets]
Domain search space  (domZ):               1  [number of targets reported over threshold]
# CPU time: 0.03u 0.00s 00:00:00.03 Elapsed: 00:00:00.03
# Mc/sec: 6246.33
//
Query:       TIGR02729  [M=329]
Accession:   TIGR02729
Description: Obg_CgtA: Obg family GTPase CgtA
Scores for complete sequences (score includes all domains):
   --- full sequence ---   --- best 1 domain ---    -#dom-
    E-value  score  bias    E-value  score  bias    exp  N  Sequence              Description
    ------- ------ -----    ------- ------ -----   ---- --  --------              -----------
   1.6e-133  442.5   0.6   1.8e-133  442.3   0.6    1.0  1  DBOIFJ010000050.1_213  # 217726 # 218769 # 1 # ID=50_213;partial=00;start_type=ATG;rbs_motif=GGA/GAG/AGG;rbs_spacer=5-10bp;gc_cont=0.663


Domain annotation for each sequence:
>> DBOIFJ010000050.1_213  # 217726 # 218769 # 1 # ID=50_213;partial=00;start_type=ATG;rbs_motif=GGA/GAG/AGG;rbs_spacer=5-10bp;gc_cont=0.663
   #    score  bias  c-Evalue  i-Evalue hmmfrom  hmm to    alifrom  ali to    envfrom  env to     acc
 ---   ------ ----- --------- --------- ------- -------    ------- -------    ------- -------    ----
   1 !  442.3   0.6  4.9e-137  1.8e-133       1     328 [.       3     326 ..       3     327 .. 0.99



Internal pipeline statistics summary:
-------------------------------------
Query model(s):                            1  (329 nodes)
Target sequences:                       3596  (1099884 residues searched)
Passed MSV filter:                       197  (0.0547831); expected 71.9 (0.02)
Passed bias filter:                      175  (0.0486652); expected 71.9 (0.02)
Passed Vit filter:                        52  (0.0144605); expected 3.6 (0.001)
Passed Fwd filter:                         8  (0.00222469); expected 0.0 (1e-05)
Initial search space (Z):               3596  [actual number of targets]
Domain search space  (domZ):               1  [number of targets reported over threshold]
# CPU time: 0.06u 0.00s 00:00:00.06 Elapsed: 00:00:00.07
# Mc/sec: 4922.75
//
Query:       TIGR03263  [M=180]
Accession:   TIGR03263
Description: guanyl_kin: guanylate kinase
Scores for complete sequences (score includes all domains):
   --- full sequence ---   --- best 1 domain ---    -#dom-
    E-value  score  bias    E-value  score  bias    exp  N  Sequence             Description
    ------- ------ -----    ------- ------ -----   ---- --  --------             -----------
    4.7e-65  216.2   0.1    5.4e-65  216.0   0.1    1.0  1  DBOIFJ010000016.1_19  # 16464 # 17078 # 1 # ID=16_19;partial=00;start_type=ATG;rbs_motif=GGA/GAG/AGG;rbs_spacer=5-10bp;gc_cont=0.641


Domain annotation for each sequence:
>> DBOIFJ010000016.1_19  # 16464 # 17078 # 1 # ID=16_19;partial=00;start_type=ATG;rbs_motif=GGA/GAG/AGG;rbs_spacer=5-10bp;gc_cont=0.641
   #    score  bias  c-Evalue  i-Evalue hmmfrom  hmm to    alifrom  ali to    envfrom  env to     acc
 ---   ------ ----- --------- --------- ------- -------    ------- -------    ------- -------    ----
   1 !  216.0   0.1   1.5e-68   5.4e-65       3     179 ..       1     178 [.       1     179 [. 0.98



Internal pipeline statistics summary:
-------------------------------------
Query model(s):                            1  (180 nodes)
Target sequences:                       3596  (1099884 residues searched)
Passed MSV filter:                       250  (0.0695217); expected 71.9 (0.02)
Passed bias filter:                      236  (0.0656285); expected 71.9 (0.02)
Passed Vit filter:                       111  (0.0308676); expected 3.6 (0.001)
Passed Fwd filter:                        26  (0.00723026); expected 0.0 (1e-05)
Initial search space (Z):               3596  [actual number of targets]
Domain search space  (domZ):               1  [number of targets reported over threshold]
# CPU time: 0.05u 0.00s 00:00:00.05 Elapsed: 00:00:00.06
# Mc/sec: 3017.54
//
Query:       TIGR03594  [M=432]
Accession:   TIGR03594
Description: GTPase_EngA: ribosome-associated GTPase EngA
Scores for complete sequences (score includes all domains):
   --- full sequence ---   --- best 1 domain ---    -#dom-
    E-value  score  bias    E-value  score  bias    exp  N  Sequence            Description
    ------- ------ -----    ------- ------ -----   ---- --  --------            -----------
   6.5e-139  461.3   0.0   7.4e-139  461.1   0.0    1.0  1  DBOIFJ010000027.1_5  # 4296 # 5612 # -1 # ID=27_5;partial=00;start_type=GTG;rbs_motif=None;rbs_spacer=None;gc_cont=0.657


Domain annotation for each sequence:
>> DBOIFJ010000027.1_5  # 4296 # 5612 # -1 # ID=27_5;partial=00;start_type=GTG;rbs_motif=None;rbs_spacer=None;gc_cont=0.657
   #    score  bias  c-Evalue  i-Evalue hmmfrom  hmm to    alifrom  ali to    envfrom  env to     acc
 ---   ------ ----- --------- --------- ------- -------    ------- -------    ------- -------    ----
   1 !  461.1   0.0  2.1e-142  7.4e-139      34     432 .]       1     427 [.       1     427 [. 0.94



Internal pipeline statistics summary:
-------------------------------------
Query model(s):                            1  (432 nodes)
Target sequences:                       3596  (1099884 residues searched)
Passed MSV filter:                       191  (0.0531146); expected 71.9 (0.02)
Passed bias filter:                      175  (0.0486652); expected 71.9 (0.02)
Passed Vit filter:                        69  (0.019188); expected 3.6 (0.001)
Passed Fwd filter:                        20  (0.00556174); expected 0.0 (1e-05)
Initial search space (Z):               3596  [actual number of targets]
Domain search space  (domZ):               1  [number of targets reported over threshold]
# CPU time: 0.10u 0.00s 00:00:00.10 Elapsed: 00:00:00.11
# Mc/sec: 4195.22
//
Query:       TIGR03625  [M=202]
Accession:   TIGR03625
Description: L3_bact: 50S ribosomal protein uL3
Scores for complete sequences (score includes all domains):
   --- full sequence ---   --- best 1 domain ---    -#dom-
    E-value  score  bias    E-value  score  bias    exp  N  Sequence             Description
    ------- ------ -----    ------- ------ -----   ---- --  --------             -----------
    5.4e-83  275.4   9.1    6.2e-83  275.2   9.1    1.0  1  DBOIFJ010000002.1_20  # 21690 # 22406 # 1 # ID=2_20;partial=00;start_type=ATG;rbs_motif=GGAG/GAGG;rbs_spacer=5-10bp;gc_cont=0.658


Domain annotation for each sequence:
>> DBOIFJ010000002.1_20  # 21690 # 22406 # 1 # ID=2_20;partial=00;start_type=ATG;rbs_motif=GGAG/GAGG;rbs_spacer=5-10bp;gc_cont=0.658
   #    score  bias  c-Evalue  i-Evalue hmmfrom  hmm to    alifrom  ali to    envfrom  env to     acc
 ---   ------ ----- --------- --------- ------- -------    ------- -------    ------- -------    ----
   1 !  275.2   9.1   1.7e-86   6.2e-83       1     202 []       4     205 ..       4     205 .. 0.99



Internal pipeline statistics summary:
-------------------------------------
Query model(s):                            1  (202 nodes)
Target sequences:                       3596  (1099884 residues searched)
Passed MSV filter:                        57  (0.0158509); expected 71.9 (0.02)
Passed bias filter:                       48  (0.0133482); expected 71.9 (0.02)
Passed Vit filter:                         8  (0.00222469); expected 3.6 (0.001)
Passed Fwd filter:                         1  (0.000278087); expected 0.0 (1e-05)
Initial search space (Z):               3596  [actual number of targets]
Domain search space  (domZ):               1  [number of targets reported over threshold]
# CPU time: 0.02u 0.00s 00:00:00.02 Elapsed: 00:00:00.03
# Mc/sec: 7145.72
//
Query:       TIGR03626  [M=331]
Accession:   TIGR03626
Description: L3_arch: ribosomal protein uL3
Scores for complete sequences (score includes all domains):
   --- full sequence ---   --- best 1 domain ---    -#dom-
    E-value  score  bias    E-value  score  bias    exp  N  Sequence Description
    ------- ------ -----    ------- ------ -----   ---- --  -------- -----------

   [No hits detected that satisfy reporting thresholds]


Domain annotation for each sequence:

   [No targets detected that satisfy reporting thresholds]


Internal pipeline statistics summary:
-------------------------------------
Query model(s):                            1  (331 nodes)
Target sequences:                       3596  (1099884 residues searched)
Passed MSV filter:                        64  (0.0177976); expected 71.9 (0.02)
Passed bias filter:                       57  (0.0158509); expected 71.9 (0.02)
Passed Vit filter:                         5  (0.00139043); expected 3.6 (0.001)
Passed Fwd filter:                         1  (0.000278087); expected 0.0 (1e-05)
Initial search space (Z):               3596  [actual number of targets]
Domain search space  (domZ):               0  [number of targets reported over threshold]
# CPU time: 0.04u 0.00s 00:00:00.04 Elapsed: 00:00:00.04
# Mc/sec: 8911.21
//
Query:       TIGR03627  [M=130]
Accession:   TIGR03627
Description: uS9_arch: ribosomal protein uS9
Scores for complete sequences (score includes all domains):
   --- full sequence ---   --- best 1 domain ---    -#dom-
    E-value  score  bias    E-value  score  bias    exp  N  Sequence Description
    ------- ------ -----    ------- ------ -----   ---- --  -------- -----------

   [No hits detected that satisfy reporting thresholds]


Domain annotation for each sequence:

   [No targets detected that satisfy reporting thresholds]


Internal pipeline statistics summary:
-------------------------------------
Query model(s):                            1  (130 nodes)
Target sequences:                       3596  (1099884 residues searched)
Passed MSV filter:                       151  (0.0419911); expected 71.9 (0.02)
Passed bias filter:                      126  (0.0350389); expected 71.9 (0.02)
Passed Vit filter:                         9  (0.00250278); expected 3.6 (0.001)
Passed Fwd filter:                         1  (0.000278087); expected 0.0 (1e-05)
Initial search space (Z):               3596  [actual number of targets]
Domain search space  (domZ):               0  [number of targets reported over threshold]
# CPU time: 0.01u 0.01s 00:00:00.02 Elapsed: 00:00:00.02
# Mc/sec: 5162.95
//
Query:       TIGR03628  [M=117]
Accession:   TIGR03628
Description: arch_S11P: ribosomal protein uS11
Scores for complete sequences (score includes all domains):
   --- full sequence ---   --- best 1 domain ---    -#dom-
    E-value  score  bias    E-value  score  bias    exp  N  Sequence Description
    ------- ------ -----    ------- ------ -----   ---- --  -------- -----------

   [No hits detected that satisfy reporting thresholds]


Domain annotation for each sequence:

   [No targets detected that satisfy reporting thresholds]


Internal pipeline statistics summary:
-------------------------------------
Query model(s):                            1  (117 nodes)
Target sequences:                       3596  (1099884 residues searched)
Passed MSV filter:                       182  (0.0506118); expected 71.9 (0.02)
Passed bias filter:                      118  (0.0328142); expected 71.9 (0.02)
Passed Vit filter:                         8  (0.00222469); expected 3.6 (0.001)
Passed Fwd filter:                         1  (0.000278087); expected 0.0 (1e-05)
Initial search space (Z):               3596  [actual number of targets]
Domain search space  (domZ):               0  [number of targets reported over threshold]
# CPU time: 0.02u 0.00s 00:00:00.02 Elapsed: 00:00:00.02
# Mc/sec: 6411.80
//
Query:       TIGR03629  [M=144]
Accession:   TIGR03629
Description: uS13_arch: ribosomal protein uS13
Scores for complete sequences (score includes all domains):
   --- full sequence ---   --- best 1 domain ---    -#dom-
    E-value  score  bias    E-value  score  bias    exp  N  Sequence Description
    ------- ------ -----    ------- ------ -----   ---- --  -------- -----------

   [No hits detected that satisfy reporting thresholds]


Domain annotation for each sequence:

   [No targets detected that satisfy reporting thresholds]


Internal pipeline statistics summary:
-------------------------------------
Query model(s):                            1  (144 nodes)
Target sequences:                       3596  (1099884 residues searched)
Passed MSV filter:                        92  (0.025584); expected 71.9 (0.02)
Passed bias filter:                       81  (0.022525); expected 71.9 (0.02)
Passed Vit filter:                         6  (0.00166852); expected 3.6 (0.001)
Passed Fwd filter:                         1  (0.000278087); expected 0.0 (1e-05)
Initial search space (Z):               3596  [actual number of targets]
Domain search space  (domZ):               0  [number of targets reported over threshold]
# CPU time: 0.02u 0.00s 00:00:00.02 Elapsed: 00:00:00.03
# Mc/sec: 4948.68
//
Query:       TIGR03632  [M=117]
Accession:   TIGR03632
Description: uS11_bact: ribosomal protein uS11
Scores for complete sequences (score includes all domains):
   --- full sequence ---   --- best 1 domain ---    -#dom-
    E-value  score  bias    E-value  score  bias    exp  N  Sequence             Description
    ------- ------ -----    ------- ------ -----   ---- --  --------             -----------
    2.4e-59  196.6   1.1    2.9e-59  196.3   1.1    1.0  1  DBOIFJ010000002.1_43  # 33397 # 33789 # 1 # ID=2_43;partial=00;start_type=ATG;rbs_motif=GGAG/GAGG;rbs_spacer=5-10bp;gc_cont=0.651


Domain annotation for each sequence:
>> DBOIFJ010000002.1_43  # 33397 # 33789 # 1 # ID=2_43;partial=00;start_type=ATG;rbs_motif=GGAG/GAGG;rbs_spacer=5-10bp;gc_cont=0.651
   #    score  bias  c-Evalue  i-Evalue hmmfrom  hmm to    alifrom  ali to    envfrom  env to     acc
 ---   ------ ----- --------- --------- ------- -------    ------- -------    ------- -------    ----
   1 !  196.3   1.1     8e-63   2.9e-59       1     117 []      11     127 ..      11     127 .. 0.99



Internal pipeline statistics summary:
-------------------------------------
Query model(s):                            1  (117 nodes)
Target sequences:                       3596  (1099884 residues searched)
Passed MSV filter:                       138  (0.038376); expected 71.9 (0.02)
Passed bias filter:                      113  (0.0314238); expected 71.9 (0.02)
Passed Vit filter:                         6  (0.00166852); expected 3.6 (0.001)
Passed Fwd filter:                         2  (0.000556174); expected 0.0 (1e-05)
Initial search space (Z):               3596  [actual number of targets]
Domain search space  (domZ):               1  [number of targets reported over threshold]
# CPU time: 0.02u 0.00s 00:00:00.02 Elapsed: 00:00:00.02
# Mc/sec: 6200.44
//
Query:       TIGR03654  [M=175]
Accession:   TIGR03654
Description: L6_bact: ribosomal protein uL6
Scores for complete sequences (score includes all domains):
   --- full sequence ---   --- best 1 domain ---    -#dom-
    E-value  score  bias    E-value  score  bias    exp  N  Sequence             Description
    ------- ------ -----    ------- ------ -----   ---- --  --------             -----------
    2.4e-71  236.7   1.0    2.7e-71  236.5   1.0    1.0  1  DBOIFJ010000002.1_35  # 28618 # 29151 # 1 # ID=2_35;partial=00;start_type=ATG;rbs_motif=AGGA;rbs_spacer=5-10bp;gc_cont=0.635


Domain annotation for each sequence:
>> DBOIFJ010000002.1_35  # 28618 # 29151 # 1 # ID=2_35;partial=00;start_type=ATG;rbs_motif=AGGA;rbs_spacer=5-10bp;gc_cont=0.635
   #    score  bias  c-Evalue  i-Evalue hmmfrom  hmm to    alifrom  ali to    envfrom  env to     acc
 ---   ------ ----- --------- --------- ------- -------    ------- -------    ------- -------    ----
   1 !  236.5   1.0   7.6e-75   2.7e-71       1     175 []       2     176 ..       2     176 .. 1.00



Internal pipeline statistics summary:
-------------------------------------
Query model(s):                            1  (175 nodes)
Target sequences:                       3596  (1099884 residues searched)
Passed MSV filter:                        70  (0.0194661); expected 71.9 (0.02)
Passed bias filter:                       60  (0.0166852); expected 71.9 (0.02)
Passed Vit filter:                         3  (0.00083426); expected 3.6 (0.001)
Passed Fwd filter:                         1  (0.000278087); expected 0.0 (1e-05)
Initial search space (Z):               3596  [actual number of targets]
Domain search space  (domZ):               1  [number of targets reported over threshold]
# CPU time: 0.01u 0.01s 00:00:00.02 Elapsed: 00:00:00.01
# Mc/sec: 10620.41
//
Query:       TIGR03670  [M=599]
Accession:   TIGR03670
Description: rpoB_arch: DNA-directed RNA polymerase subunit B
Scores for complete sequences (score includes all domains):
   --- full sequence ---   --- best 1 domain ---    -#dom-
    E-value  score  bias    E-value  score  bias    exp  N  Sequence Description
    ------- ------ -----    ------- ------ -----   ---- --  -------- -----------

   [No hits detected that satisfy reporting thresholds]


Domain annotation for each sequence:

   [No targets detected that satisfy reporting thresholds]


Internal pipeline statistics summary:
-------------------------------------
Query model(s):                            1  (599 nodes)
Target sequences:                       3596  (1099884 residues searched)
Passed MSV filter:                        70  (0.0194661); expected 71.9 (0.02)
Passed bias filter:                       61  (0.0169633); expected 71.9 (0.02)
Passed Vit filter:                         8  (0.00222469); expected 3.6 (0.001)
Passed Fwd filter:                         1  (0.000278087); expected 0.0 (1e-05)
Initial search space (Z):               3596  [actual number of targets]
Domain search space  (domZ):               0  [number of targets reported over threshold]
# CPU time: 0.05u 0.00s 00:00:00.05 Elapsed: 00:00:00.07
# Mc/sec: 9206.31
//
Query:       TIGR03671  [M=410]
Accession:   TIGR03671
Description: cca_archaeal: CCA-adding enzyme
Scores for complete sequences (score includes all domains):
   --- full sequence ---   --- best 1 domain ---    -#dom-
    E-value  score  bias    E-value  score  bias    exp  N  Sequence Description
    ------- ------ -----    ------- ------ -----   ---- --  -------- -----------

   [No hits detected that satisfy reporting thresholds]


Domain annotation for each sequence:

   [No targets detected that satisfy reporting thresholds]


Internal pipeline statistics summary:
-------------------------------------
Query model(s):                            1  (410 nodes)
Target sequences:                       3596  (1099884 residues searched)
Passed MSV filter:                        59  (0.0164071); expected 71.9 (0.02)
Passed bias filter:                       54  (0.0150167); expected 71.9 (0.02)
Passed Vit filter:                         3  (0.00083426); expected 3.6 (0.001)
Passed Fwd filter:                         0  (0); expected 0.0 (1e-05)
Initial search space (Z):               3596  [actual number of targets]
Domain search space  (domZ):               0  [number of targets reported over threshold]
# CPU time: 0.03u 0.00s 00:00:00.03 Elapsed: 00:00:00.06
# Mc/sec: 7366.97
//
Query:       TIGR03672  [M=251]
Accession:   TIGR03672
Description: rpl4p_arch: 50S ribosomal protein uL4
Scores for complete sequences (score includes all domains):
   --- full sequence ---   --- best 1 domain ---    -#dom-
    E-value  score  bias    E-value  score  bias    exp  N  Sequence Description
    ------- ------ -----    ------- ------ -----   ---- --  -------- -----------

   [No hits detected that satisfy reporting thresholds]


Domain annotation for each sequence:

   [No targets detected that satisfy reporting thresholds]


Internal pipeline statistics summary:
-------------------------------------
Query model(s):                            1  (251 nodes)
Target sequences:                       3596  (1099884 residues searched)
Passed MSV filter:                        85  (0.0236374); expected 71.9 (0.02)
Passed bias filter:                       54  (0.0150167); expected 71.9 (0.02)
Passed Vit filter:                         5  (0.00139043); expected 3.6 (0.001)
Passed Fwd filter:                         1  (0.000278087); expected 0.0 (1e-05)
Initial search space (Z):               3596  [actual number of targets]
Domain search space  (domZ):               0  [number of targets reported over threshold]
# CPU time: 0.03u 0.00s 00:00:00.03 Elapsed: 00:00:00.03
# Mc/sec: 7104.95
//
Query:       TIGR03673  [M=131]
Accession:   TIGR03673
Description: uL14_arch: 50S ribosomal protein uL14
Scores for complete sequences (score includes all domains):
   --- full sequence ---   --- best 1 domain ---    -#dom-
    E-value  score  bias    E-value  score  bias    exp  N  Sequence Description
    ------- ------ -----    ------- ------ -----   ---- --  -------- -----------

   [No hits detected that satisfy reporting thresholds]


Domain annotation for each sequence:

   [No targets detected that satisfy reporting thresholds]


Internal pipeline statistics summary:
-------------------------------------
Query model(s):                            1  (131 nodes)
Target sequences:                       3596  (1099884 residues searched)
Passed MSV filter:                       118  (0.0328142); expected 71.9 (0.02)
Passed bias filter:                       86  (0.0239155); expected 71.9 (0.02)
Passed Vit filter:                         9  (0.00250278); expected 3.6 (0.001)
Passed Fwd filter:                         1  (0.000278087); expected 0.0 (1e-05)
Initial search space (Z):               3596  [actual number of targets]
Domain search space  (domZ):               0  [number of targets reported over threshold]
# CPU time: 0.01u 0.00s 00:00:00.01 Elapsed: 00:00:00.01
# Mc/sec: 7884.43
//
Query:       TIGR03674  [M=338]
Accession:   TIGR03674
Description: fen_arch: flap structure-specific endonuclease
Scores for complete sequences (score includes all domains):
   --- full sequence ---   --- best 1 domain ---    -#dom-
    E-value  score  bias    E-value  score  bias    exp  N  Sequence Description
    ------- ------ -----    ------- ------ -----   ---- --  -------- -----------

   [No hits detected that satisfy reporting thresholds]


Domain annotation for each sequence:

   [No targets detected that satisfy reporting thresholds]


Internal pipeline statistics summary:
-------------------------------------
Query model(s):                            1  (338 nodes)
Target sequences:                       3596  (1099884 residues searched)
Passed MSV filter:                        64  (0.0177976); expected 71.9 (0.02)
Passed bias filter:                       54  (0.0150167); expected 71.9 (0.02)
Passed Vit filter:                         5  (0.00139043); expected 3.6 (0.001)
Passed Fwd filter:                         1  (0.000278087); expected 0.0 (1e-05)
Initial search space (Z):               3596  [actual number of targets]
Domain search space  (domZ):               0  [number of targets reported over threshold]
# CPU time: 0.03u 0.00s 00:00:00.03 Elapsed: 00:00:00.04
# Mc/sec: 9287.83
//
Query:       TIGR03676  [M=403]
Accession:   TIGR03676
Description: aRF1/eRF1: peptide chain release factor 1, archaeal and eukaryotic forms
Scores for complete sequences (score includes all domains):
   --- full sequence ---   --- best 1 domain ---    -#dom-
    E-value  score  bias    E-value  score  bias    exp  N  Sequence Description
    ------- ------ -----    ------- ------ -----   ---- --  -------- -----------

   [No hits detected that satisfy reporting thresholds]


Domain annotation for each sequence:

   [No targets detected that satisfy reporting thresholds]


Internal pipeline statistics summary:
-------------------------------------
Query model(s):                            1  (403 nodes)
Target sequences:                       3596  (1099884 residues searched)
Passed MSV filter:                        76  (0.0211346); expected 71.9 (0.02)
Passed bias filter:                       72  (0.0200222); expected 71.9 (0.02)
Passed Vit filter:                         6  (0.00166852); expected 3.6 (0.001)
Passed Fwd filter:                         0  (0); expected 0.0 (1e-05)
Initial search space (Z):               3596  [actual number of targets]
Domain search space  (domZ):               0  [number of targets reported over threshold]
# CPU time: 0.04u 0.00s 00:00:00.04 Elapsed: 00:00:00.04
# Mc/sec: 8987.83
//
Query:       TIGR03680  [M=407]
Accession:   TIGR03680
Description: eif2g_arch: translation initiation factor 2, gamma subunit
Scores for complete sequences (score includes all domains):
   --- full sequence ---   --- best 1 domain ---    -#dom-
    E-value  score  bias    E-value  score  bias    exp  N  Sequence Description
    ------- ------ -----    ------- ------ -----   ---- --  -------- -----------

   [No hits detected that satisfy reporting thresholds]


Domain annotation for each sequence:

   [No targets detected that satisfy reporting thresholds]


Internal pipeline statistics summary:
-------------------------------------
Query model(s):                            1  (407 nodes)
Target sequences:                       3596  (1099884 residues searched)
Passed MSV filter:                       122  (0.0339266); expected 71.9 (0.02)
Passed bias filter:                      111  (0.0308676); expected 71.9 (0.02)
Passed Vit filter:                        15  (0.0041713); expected 3.6 (0.001)
Passed Fwd filter:                         8  (0.00222469); expected 0.0 (1e-05)
Initial search space (Z):               3596  [actual number of targets]
Domain search space  (domZ):               0  [number of targets reported over threshold]
# CPU time: 0.07u 0.00s 00:00:00.07 Elapsed: 00:00:00.06
# Mc/sec: 6587.97
//
Query:       TIGR03723  [M=314]
Accession:   TIGR03723
Description: T6A_TsaD_YgjD: tRNA threonylcarbamoyl adenosine modification protein TsaD
Scores for complete sequences (score includes all domains):
   --- full sequence ---   --- best 1 domain ---    -#dom-
    E-value  score  bias    E-value  score  bias    exp  N  Sequence             Description
    ------- ------ -----    ------- ------ -----   ---- --  --------             -----------
   2.2e-121  402.4   0.0   2.5e-121  402.2   0.0    1.0  1  DBOIFJ010000034.1_14  # 14753 # 15802 # 1 # ID=34_14;partial=00;start_type=ATG;rbs_motif=None;rbs_spacer=None;gc_cont=0.701


Domain annotation for each sequence:
>> DBOIFJ010000034.1_14  # 14753 # 15802 # 1 # ID=34_14;partial=00;start_type=ATG;rbs_motif=None;rbs_spacer=None;gc_cont=0.701
   #    score  bias  c-Evalue  i-Evalue hmmfrom  hmm to    alifrom  ali to    envfrom  env to     acc
 ---   ------ ----- --------- --------- ------- -------    ------- -------    ------- -------    ----
   1 !  402.2   0.0  7.1e-125  2.5e-121       1     313 [.       3     321 ..       3     322 .. 0.96



Internal pipeline statistics summary:
-------------------------------------
Query model(s):                            1  (314 nodes)
Target sequences:                       3596  (1099884 residues searched)
Passed MSV filter:                        89  (0.0247497); expected 71.9 (0.02)
Passed bias filter:                       70  (0.0194661); expected 71.9 (0.02)
Passed Vit filter:                         6  (0.00166852); expected 3.6 (0.001)
Passed Fwd filter:                         2  (0.000556174); expected 0.0 (1e-05)
Initial search space (Z):               3596  [actual number of targets]
Domain search space  (domZ):               1  [number of targets reported over threshold]
# CPU time: 0.02u 0.01s 00:00:00.03 Elapsed: 00:00:00.03
# Mc/sec: 11112.88
//
Query:       TIGR03725  [M=212]
Accession:   TIGR03725
Description: T6A_YeaZ: tRNA threonylcarbamoyl adenosine modification protein YeaZ
Scores for complete sequences (score includes all domains):
   --- full sequence ---   --- best 1 domain ---    -#dom-
    E-value  score  bias    E-value  score  bias    exp  N  Sequence             Description
    ------- ------ -----    ------- ------ -----   ---- --  --------             -----------
    5.5e-41  138.5   0.7    7.5e-41  138.1   0.7    1.2  1  DBOIFJ010000015.1_97  # 88972 # 89562 # -1 # ID=15_97;partial=00;start_type=ATG;rbs_motif=None;rbs_spacer=None;gc_cont=0.682


Domain annotation for each sequence:
>> DBOIFJ010000015.1_97  # 88972 # 89562 # -1 # ID=15_97;partial=00;start_type=ATG;rbs_motif=None;rbs_spacer=None;gc_cont=0.682
   #    score  bias  c-Evalue  i-Evalue hmmfrom  hmm to    alifrom  ali to    envfrom  env to     acc
 ---   ------ ----- --------- --------- ------- -------    ------- -------    ------- -------    ----
   1 !  138.1   0.7   2.1e-44   7.5e-41       1     138 [.       3     133 ..       3     186 .. 0.87



Internal pipeline statistics summary:
-------------------------------------
Query model(s):                            1  (212 nodes)
Target sequences:                       3596  (1099884 residues searched)
Passed MSV filter:                       162  (0.0450501); expected 71.9 (0.02)
Passed bias filter:                       98  (0.0272525); expected 71.9 (0.02)
Passed Vit filter:                         9  (0.00250278); expected 3.6 (0.001)
Passed Fwd filter:                         2  (0.000556174); expected 0.0 (1e-05)
Initial search space (Z):               3596  [actual number of targets]
Domain search space  (domZ):               1  [number of targets reported over threshold]
# CPU time: 0.02u 0.00s 00:00:00.02 Elapsed: 00:00:00.02
# Mc/sec: 7854.83
//
Query:       TIGR03953  [M=188]
Accession:   TIGR03953
Description: rplD_bact: 50S ribosomal protein uL4
Scores for complete sequences (score includes all domains):
   --- full sequence ---   --- best 1 domain ---    -#dom-
    E-value  score  bias    E-value  score  bias    exp  N  Sequence             Description
    ------- ------ -----    ------- ------ -----   ---- --  --------             -----------
      3e-64  213.5   0.1    3.4e-64  213.3   0.1    1.0  1  DBOIFJ010000002.1_21  # 22406 # 23044 # 1 # ID=2_21;partial=00;start_type=ATG;rbs_motif=AGGAG;rbs_spacer=5-10bp;gc_cont=0.681


Domain annotation for each sequence:
>> DBOIFJ010000002.1_21  # 22406 # 23044 # 1 # ID=2_21;partial=00;start_type=ATG;rbs_motif=AGGAG;rbs_spacer=5-10bp;gc_cont=0.681
   #    score  bias  c-Evalue  i-Evalue hmmfrom  hmm to    alifrom  ali to    envfrom  env to     acc
 ---   ------ ----- --------- --------- ------- -------    ------- -------    ------- -------    ----
   1 !  213.3   0.1   9.4e-68   3.4e-64       1     187 [.      16     202 ..      16     203 .. 0.99



Internal pipeline statistics summary:
-------------------------------------
Query model(s):                            1  (188 nodes)
Target sequences:                       3596  (1099884 residues searched)
Passed MSV filter:                        45  (0.0125139); expected 71.9 (0.02)
Passed bias filter:                       38  (0.0105673); expected 71.9 (0.02)
Passed Vit filter:                         5  (0.00139043); expected 3.6 (0.001)
Passed Fwd filter:                         1  (0.000278087); expected 0.0 (1e-05)
Initial search space (Z):               3596  [actual number of targets]
Domain search space  (domZ):               1  [number of targets reported over threshold]
# CPU time: 0.02u 0.00s 00:00:00.02 Elapsed: 00:00:00.01
# Mc/sec: 19613.10
//
[ok]
