# hmmsearch :: search profile(s) against a sequence database
# HMMER 3.4 (Aug 2023); http://hmmer.org/
# Copyright (C) 2023 Howard Hughes Medical Institute.
# Freely distributed under the BSD open source license.
# - - - - - - - - - - - - - - - - - - - - - - - - - - - - - - - - - - - -
# query HMM file:                  /dgxb_home/se26plsc001/arvind/Devosia_BGC/data/databases/gtdbtk_r232/release232/markers/tigrfam/tigrfam.hmm
# target sequence database:        results/05_phylogeny/identify_all/identify/intermediate_results/marker_genes/query_GCF_042431865.1/query_GCF_042431865.1_protein.faa
# output directed to file:         results/05_phylogeny/identify_all/identify/intermediate_results/marker_genes/query_GCF_042431865.1/query_GCF_042431865.1_tigrfam.out
# per-seq hits tabular output:     results/05_phylogeny/identify_all/identify/intermediate_results/marker_genes/query_GCF_042431865.1/query_GCF_042431865.1_tigrfam.tsv
# show alignments in output:       no
# max ASCII text line length:      unlimited
# model-specific thresholding:     NC cutoffs
# number of worker threads:        1
# - - - - - - - - - - - - - - - - - - - - - - - - - - - - - - - - - - - -

Query:       TIGR00006  [M=310]
Accession:   TIGR00006
Description: TIGR00006: 16S rRNA (cytosine(1402)-N(4))-methyltransferase
Scores for complete sequences (score includes all domains):
   --- full sequence ---   --- best 1 domain ---    -#dom-
    E-value  score  bias    E-value  score  bias    exp  N  Sequence                 Description
    ------- ------ -----    ------- ------ -----   ---- --  --------                 -----------
    6.8e-82  273.6   0.0    8.2e-82  273.3   0.0    1.0  1  NZ_JBHLYO010000009.1_178  # 181904 # 182905 # 1 # ID=9_178;partial=00;start_type=ATG;rbs_motif=AGGA/GGAG/GAGG;rbs_spacer=11-12bp;gc_cont=0.673


Domain annotation for each sequence:
>> NZ_JBHLYO010000009.1_178  # 181904 # 182905 # 1 # ID=9_178;partial=00;start_type=ATG;rbs_motif=AGGA/GGAG/GAGG;rbs_spacer=11-12bp;gc_cont=0.673
   #    score  bias  c-Evalue  i-Evalue hmmfrom  hmm to    alifrom  ali to    envfrom  env to     acc
 ---   ------ ----- --------- --------- ------- -------    ------- -------    ------- -------    ----
   1 !  273.3   0.0   1.5e-85   8.2e-82       5     309 ..      14     311 ..      10     312 .. 0.95



Internal pipeline statistics summary:
-------------------------------------
Query model(s):                            1  (310 nodes)
Target sequences:                       5431  (1645892 residues searched)
Passed MSV filter:                        97  (0.0178604); expected 108.6 (0.02)
Passed bias filter:                       88  (0.0162033); expected 108.6 (0.02)
Passed Vit filter:                        11  (0.00202541); expected 5.4 (0.001)
Passed Fwd filter:                         2  (0.000368256); expected 0.1 (1e-05)
Initial search space (Z):               5431  [actual number of targets]
Domain search space  (domZ):               1  [number of targets reported over threshold]
# CPU time: 0.04u 0.00s 00:00:00.04 Elapsed: 00:00:00.04
# Mc/sec: 11479.00
//
Query:       TIGR00019  [M=361]
Accession:   TIGR00019
Description: prfA: peptide chain release factor 1
Scores for complete sequences (score includes all domains):
   --- full sequence ---   --- best 1 domain ---    -#dom-
    E-value  score  bias    E-value  score  bias    exp  N  Sequence                 Description
    ------- ------ -----    ------- ------ -----   ---- --  --------                 -----------
   9.9e-153  506.5   0.2   1.3e-152  506.1   0.2    1.0  1  NZ_JBHLYO010000004.1_161  # 156954 # 158069 # 1 # ID=4_161;partial=00;start_type=GTG;rbs_motif=GGAG/GAGG;rbs_spacer=5-10bp;gc_cont=0.657


Domain annotation for each sequence:
>> NZ_JBHLYO010000004.1_161  # 156954 # 158069 # 1 # ID=4_161;partial=00;start_type=GTG;rbs_motif=GGAG/GAGG;rbs_spacer=5-10bp;gc_cont=0.657
   #    score  bias  c-Evalue  i-Evalue hmmfrom  hmm to    alifrom  ali to    envfrom  env to     acc
 ---   ------ ----- --------- --------- ------- -------    ------- -------    ------- -------    ----
   1 !  506.1   0.2  2.4e-156  1.3e-152       8     358 ..      20     367 ..      14     369 .. 0.98



Internal pipeline statistics summary:
-------------------------------------
Query model(s):                            1  (361 nodes)
Target sequences:                       5431  (1645892 residues searched)
Passed MSV filter:                       112  (0.0206224); expected 108.6 (0.02)
Passed bias filter:                       88  (0.0162033); expected 108.6 (0.02)
Passed Vit filter:                         7  (0.0012889); expected 5.4 (0.001)
Passed Fwd filter:                         3  (0.000552384); expected 0.1 (1e-05)
Initial search space (Z):               5431  [actual number of targets]
Domain search space  (domZ):               1  [number of targets reported over threshold]
# CPU time: 0.05u 0.00s 00:00:00.05 Elapsed: 00:00:00.04
# Mc/sec: 13397.83
//
Query:       TIGR00020  [M=365]
Accession:   TIGR00020
Description: prfB: peptide chain release factor 2
Scores for complete sequences (score includes all domains):
   --- full sequence ---   --- best 1 domain ---    -#dom-
    E-value  score  bias    E-value  score  bias    exp  N  Sequence                Description
    ------- ------ -----    ------- ------ -----   ---- --  --------                -----------
   2.2e-143  475.9   3.2   2.4e-143  475.7   3.2    1.0  1  NZ_JBHLYO010000016.1_20  # 28958 # 29908 # 1 # ID=16_20;partial=00;start_type=ATG;rbs_motif=3Base/5BMM;rbs_spacer=13-15bp;gc_cont=0.640


Domain annotation for each sequence:
>> NZ_JBHLYO010000016.1_20  # 28958 # 29908 # 1 # ID=16_20;partial=00;start_type=ATG;rbs_motif=3Base/5BMM;rbs_spacer=13-15bp;gc_cont=0.640
   #    score  bias  c-Evalue  i-Evalue hmmfrom  hmm to    alifrom  ali to    envfrom  env to     acc
 ---   ------ ----- --------- --------- ------- -------    ------- -------    ------- -------    ----
   1 !  475.7   3.2  4.5e-147  2.4e-143      58     363 ..       3     308 ..       1     310 [. 0.99



Internal pipeline statistics summary:
-------------------------------------
Query model(s):                            1  (365 nodes)
Target sequences:                       5431  (1645892 residues searched)
Passed MSV filter:                       100  (0.0184128); expected 108.6 (0.02)
Passed bias filter:                       69  (0.0127048); expected 108.6 (0.02)
Passed Vit filter:                         9  (0.00165715); expected 5.4 (0.001)
Passed Fwd filter:                         3  (0.000552384); expected 0.1 (1e-05)
Initial search space (Z):               5431  [actual number of targets]
Domain search space  (domZ):               1  [number of targets reported over threshold]
# CPU time: 0.05u 0.00s 00:00:00.05 Elapsed: 00:00:00.05
# Mc/sec: 11971.00
//
Query:       TIGR00029  [M=87]
Accession:   TIGR00029
Description: S20: ribosomal protein bS20
Scores for complete sequences (score includes all domains):
   --- full sequence ---   --- best 1 domain ---    -#dom-
    E-value  score  bias    E-value  score  bias    exp  N  Sequence                 Description
    ------- ------ -----    ------- ------ -----   ---- --  --------                 -----------
    1.4e-22   78.2   9.9    1.5e-22   78.1   9.9    1.0  1  NZ_JBHLYO010000023.1_125  # 121544 # 121810 # -1 # ID=23_125;partial=00;start_type=ATG;rbs_motif=GGAG/GAGG;rbs_spacer=5-10bp;gc_cont=0.670


Domain annotation for each sequence:
>> NZ_JBHLYO010000023.1_125  # 121544 # 121810 # -1 # ID=23_125;partial=00;start_type=ATG;rbs_motif=GGAG/GAGG;rbs_spacer=5-10bp;gc_cont=0.670
   #    score  bias  c-Evalue  i-Evalue hmmfrom  hmm to    alifrom  ali to    envfrom  env to     acc
 ---   ------ ----- --------- --------- ------- -------    ------- -------    ------- -------    ----
   1 !   78.1   9.9   2.8e-26   1.5e-22       1      86 [.       1      86 [.       1      87 [. 0.98



Internal pipeline statistics summary:
-------------------------------------
Query model(s):                            1  (87 nodes)
Target sequences:                       5431  (1645892 residues searched)
Passed MSV filter:                       104  (0.0191493); expected 108.6 (0.02)
Passed bias filter:                       88  (0.0162033); expected 108.6 (0.02)
Passed Vit filter:                         7  (0.0012889); expected 5.4 (0.001)
Passed Fwd filter:                         1  (0.000184128); expected 0.1 (1e-05)
Initial search space (Z):               5431  [actual number of targets]
Domain search space  (domZ):               1  [number of targets reported over threshold]
# CPU time: 0.02u 0.00s 00:00:00.02 Elapsed: 00:00:00.02
# Mc/sec: 6015.03
//
Query:       TIGR00037  [M=130]
Accession:   TIGR00037
Description: eIF_5A: translation elongation factor IF5A
Scores for complete sequences (score includes all domains):
   --- full sequence ---   --- best 1 domain ---    -#dom-
    E-value  score  bias    E-value  score  bias    exp  N  Sequence Description
    ------- ------ -----    ------- ------ -----   ---- --  -------- -----------

   [No hits detected that satisfy reporting thresholds]


Domain annotation for each sequence:

   [No targets detected that satisfy reporting thresholds]


Internal pipeline statistics summary:
-------------------------------------
Query model(s):                            1  (130 nodes)
Target sequences:                       5431  (1645892 residues searched)
Passed MSV filter:                        60  (0.0110477); expected 108.6 (0.02)
Passed bias filter:                       55  (0.010127); expected 108.6 (0.02)
Passed Vit filter:                         5  (0.000920641); expected 5.4 (0.001)
Passed Fwd filter:                         0  (0); expected 0.1 (1e-05)
Initial search space (Z):               5431  [actual number of targets]
Domain search space  (domZ):               0  [number of targets reported over threshold]
# CPU time: 0.02u 0.00s 00:00:00.02 Elapsed: 00:00:00.02
# Mc/sec: 10158.98
//
Query:       TIGR00043  [M=111]
Accession:   TIGR00043
Description: TIGR00043: rRNA maturation RNase YbeY
Scores for complete sequences (score includes all domains):
   --- full sequence ---   --- best 1 domain ---    -#dom-
    E-value  score  bias    E-value  score  bias    exp  N  Sequence                Description
    ------- ------ -----    ------- ------ -----   ---- --  --------                -----------
    2.7e-33  112.6   0.0    3.1e-33  112.4   0.0    1.0  1  NZ_JBHLYO010000023.1_77  # 70853 # 71242 # -1 # ID=23_77;partial=00;start_type=GTG;rbs_motif=None;rbs_spacer=None;gc_cont=0.618


Domain annotation for each sequence:
>> NZ_JBHLYO010000023.1_77  # 70853 # 71242 # -1 # ID=23_77;partial=00;start_type=GTG;rbs_motif=None;rbs_spacer=None;gc_cont=0.618
   #    score  bias  c-Evalue  i-Evalue hmmfrom  hmm to    alifrom  ali to    envfrom  env to     acc
 ---   ------ ----- --------- --------- ------- -------    ------- -------    ------- -------    ----
   1 !  112.4   0.0   5.8e-37   3.1e-33       2     111 .]      17     122 ..      16     122 .. 0.94



Internal pipeline statistics summary:
-------------------------------------
Query model(s):                            1  (111 nodes)
Target sequences:                       5431  (1645892 residues searched)
Passed MSV filter:                        67  (0.0123366); expected 108.6 (0.02)
Passed bias filter:                       64  (0.0117842); expected 108.6 (0.02)
Passed Vit filter:                         2  (0.000368256); expected 5.4 (0.001)
Passed Fwd filter:                         1  (0.000184128); expected 0.1 (1e-05)
Initial search space (Z):               5431  [actual number of targets]
Domain search space  (domZ):               1  [number of targets reported over threshold]
# CPU time: 0.01u 0.01s 00:00:00.02 Elapsed: 00:00:00.02
# Mc/sec: 7773.34
//
Query:       TIGR00054  [M=421]
Accession:   TIGR00054
Description: TIGR00054: RIP metalloprotease RseP
Scores for complete sequences (score includes all domains):
   --- full sequence ---   --- best 1 domain ---    -#dom-
    E-value  score  bias    E-value  score  bias    exp  N  Sequence                 Description
    ------- ------ -----    ------- ------ -----   ---- --  --------                 -----------
      7e-82  273.7   0.0    8.8e-51  171.3   0.0    2.0  2  NZ_JBHLYO010000015.1_116  # 121619 # 122755 # 1 # ID=15_116;partial=00;start_type=ATG;rbs_motif=GGA/GAG/AGG;rbs_spacer=5-10bp;gc_cont=0.622


Domain annotation for each sequence:
>> NZ_JBHLYO010000015.1_116  # 121619 # 122755 # 1 # ID=15_116;partial=00;start_type=ATG;rbs_motif=GGA/GAG/AGG;rbs_spacer=5-10bp;gc_cont=0.622
   #    score  bias  c-Evalue  i-Evalue hmmfrom  hmm to    alifrom  ali to    envfrom  env to     acc
 ---   ------ ----- --------- --------- ------- -------    ------- -------    ------- -------    ----
   1 !  100.9   0.0   3.7e-33     2e-29       9     117 ..      14     134 ..       6     142 .. 0.81
   2 !  171.3   0.0   1.6e-54   8.8e-51     202     416 ..     142     369 ..     135     372 .. 0.95



Internal pipeline statistics summary:
-------------------------------------
Query model(s):                            1  (421 nodes)
Target sequences:                       5431  (1645892 residues searched)
Passed MSV filter:                       145  (0.0266986); expected 108.6 (0.02)
Passed bias filter:                      115  (0.0211747); expected 108.6 (0.02)
Passed Vit filter:                        22  (0.00405082); expected 5.4 (0.001)
Passed Fwd filter:                         6  (0.00110477); expected 0.1 (1e-05)
Initial search space (Z):               5431  [actual number of targets]
Domain search space  (domZ):               1  [number of targets reported over threshold]
# CPU time: 0.08u 0.00s 00:00:00.08 Elapsed: 00:00:00.08
# Mc/sec: 7969.26
//
Query:       TIGR00059  [M=112]
Accession:   TIGR00059
Description: L17: ribosomal protein bL17
Scores for complete sequences (score includes all domains):
   --- full sequence ---   --- best 1 domain ---    -#dom-
    E-value  score  bias    E-value  score  bias    exp  N  Sequence                 Description
    ------- ------ -----    ------- ------ -----   ---- --  --------                 -----------
    9.3e-44  146.6   0.1    1.2e-43  146.3   0.1    1.0  1  NZ_JBHLYO010000015.1_471  # 474327 # 474758 # -1 # ID=15_471;partial=00;start_type=ATG;rbs_motif=AGGAG;rbs_spacer=5-10bp;gc_cont=0.648


Domain annotation for each sequence:
>> NZ_JBHLYO010000015.1_471  # 474327 # 474758 # -1 # ID=15_471;partial=00;start_type=ATG;rbs_motif=AGGAG;rbs_spacer=5-10bp;gc_cont=0.648
   #    score  bias  c-Evalue  i-Evalue hmmfrom  hmm to    alifrom  ali to    envfrom  env to     acc
 ---   ------ ----- --------- --------- ------- -------    ------- -------    ------- -------    ----
   1 !  146.3   0.1   2.2e-47   1.2e-43       3     112 .]       8     117 ..       6     117 .. 0.99



Internal pipeline statistics summary:
-------------------------------------
Query model(s):                            1  (112 nodes)
Target sequences:                       5431  (1645892 residues searched)
Passed MSV filter:                       118  (0.0217271); expected 108.6 (0.02)
Passed bias filter:                      104  (0.0191493); expected 108.6 (0.02)
Passed Vit filter:                         5  (0.000920641); expected 5.4 (0.001)
Passed Fwd filter:                         1  (0.000184128); expected 0.1 (1e-05)
Initial search space (Z):               5431  [actual number of targets]
Domain search space  (domZ):               1  [number of targets reported over threshold]
# CPU time: 0.03u 0.00s 00:00:00.03 Elapsed: 00:00:00.02
# Mc/sec: 6237.65
//
Query:       TIGR00061  [M=101]
Accession:   TIGR00061
Description: L21: ribosomal protein bL21
Scores for complete sequences (score includes all domains):
   --- full sequence ---   --- best 1 domain ---    -#dom-
    E-value  score  bias    E-value  score  bias    exp  N  Sequence                 Description
    ------- ------ -----    ------- ------ -----   ---- --  --------                 -----------
    1.1e-28   97.9   1.3    1.8e-28   97.2   1.3    1.4  1  NZ_JBHLYO010000012.1_236  # 217945 # 218757 # -1 # ID=12_236;partial=00;start_type=ATG;rbs_motif=None;rbs_spacer=None;gc_cont=0.638


Domain annotation for each sequence:
>> NZ_JBHLYO010000012.1_236  # 217945 # 218757 # -1 # ID=12_236;partial=00;start_type=ATG;rbs_motif=None;rbs_spacer=None;gc_cont=0.638
   #    score  bias  c-Evalue  i-Evalue hmmfrom  hmm to    alifrom  ali to    envfrom  env to     acc
 ---   ------ ----- --------- --------- ------- -------    ------- -------    ------- -------    ----
   1 !   97.2   1.3   3.2e-32   1.8e-28       1     100 [.      49     144 ..      49     145 .. 0.97



Internal pipeline statistics summary:
-------------------------------------
Query model(s):                            1  (101 nodes)
Target sequences:                       5431  (1645892 residues searched)
Passed MSV filter:                        64  (0.0117842); expected 108.6 (0.02)
Passed bias filter:                       59  (0.0108636); expected 108.6 (0.02)
Passed Vit filter:                         4  (0.000736513); expected 5.4 (0.001)
Passed Fwd filter:                         1  (0.000184128); expected 0.1 (1e-05)
Initial search space (Z):               5431  [actual number of targets]
Domain search space  (domZ):               1  [number of targets reported over threshold]
# CPU time: 0.02u 0.00s 00:00:00.02 Elapsed: 00:00:00.03
# Mc/sec: 4883.73
//
Query:       TIGR00064  [M=279]
Accession:   TIGR00064
Description: ftsY: signal recognition particle-docking protein FtsY
Scores for complete sequences (score includes all domains):
   --- full sequence ---   --- best 1 domain ---    -#dom-
    E-value  score  bias    E-value  score  bias    exp  N  Sequence                 Description
    ------- ------ -----    ------- ------ -----   ---- --  --------                 -----------
    3.8e-99  329.7   0.7    4.6e-99  329.4   0.7    1.0  1  NZ_JBHLYO010000012.1_135  # 127146 # 128510 # -1 # ID=12_135;partial=00;start_type=ATG;rbs_motif=GGA/GAG/AGG;rbs_spacer=5-10bp;gc_cont=0.688


Domain annotation for each sequence:
>> NZ_JBHLYO010000012.1_135  # 127146 # 128510 # -1 # ID=12_135;partial=00;start_type=ATG;rbs_motif=GGA/GAG/AGG;rbs_spacer=5-10bp;gc_cont=0.688
   #    score  bias  c-Evalue  i-Evalue hmmfrom  hmm to    alifrom  ali to    envfrom  env to     acc
 ---   ------ ----- --------- --------- ------- -------    ------- -------    ------- -------    ----
   1 !  329.4   0.7  8.5e-103   4.6e-99       3     278 ..     180     448 ..     178     449 .. 0.96



Internal pipeline statistics summary:
-------------------------------------
Query model(s):                            1  (279 nodes)
Target sequences:                       5431  (1645892 residues searched)
Passed MSV filter:                       277  (0.0510035); expected 108.6 (0.02)
Passed bias filter:                      249  (0.0458479); expected 108.6 (0.02)
Passed Vit filter:                        72  (0.0132572); expected 5.4 (0.001)
Passed Fwd filter:                        20  (0.00368256); expected 0.1 (1e-05)
Initial search space (Z):               5431  [actual number of targets]
Domain search space  (domZ):               1  [number of targets reported over threshold]
# CPU time: 0.07u 0.01s 00:00:00.08 Elapsed: 00:00:00.09
# Mc/sec: 4799.49
//
Query:       TIGR00065  [M=353]
Accession:   TIGR00065
Description: ftsZ: cell division protein FtsZ
Scores for complete sequences (score includes all domains):
   --- full sequence ---   --- best 1 domain ---    -#dom-
    E-value  score  bias    E-value  score  bias    exp  N  Sequence                 Description
    ------- ------ -----    ------- ------ -----   ---- --  --------                 -----------
     8e-123  408.4   5.6   1.1e-122  408.0   5.6    1.1  1  NZ_JBHLYO010000009.1_194  # 199627 # 201276 # 1 # ID=9_194;partial=00;start_type=ATG;rbs_motif=None;rbs_spacer=None;gc_cont=0.664
   6.9e-120  398.8   9.0   9.2e-120  398.4   9.0    1.0  1  NZ_JBHLYO010000020.1_344  # 361859 # 362857 # -1 # ID=20_344;partial=00;start_type=ATG;rbs_motif=None;rbs_spacer=None;gc_cont=0.651


Domain annotation for each sequence:
>> NZ_JBHLYO010000009.1_194  # 199627 # 201276 # 1 # ID=9_194;partial=00;start_type=ATG;rbs_motif=None;rbs_spacer=None;gc_cont=0.664
   #    score  bias  c-Evalue  i-Evalue hmmfrom  hmm to    alifrom  ali to    envfrom  env to     acc
 ---   ------ ----- --------- --------- ------- -------    ------- -------    ------- -------    ----
   1 !  408.0   5.6    4e-126  1.1e-122      15     328 ..      13     323 ..       4     346 .. 0.96

>> NZ_JBHLYO010000020.1_344  # 361859 # 362857 # -1 # ID=20_344;partial=00;start_type=ATG;rbs_motif=None;rbs_spacer=None;gc_cont=0.651
   #    score  bias  c-Evalue  i-Evalue hmmfrom  hmm to    alifrom  ali to    envfrom  env to     acc
 ---   ------ ----- --------- --------- ------- -------    ------- -------    ------- -------    ----
   1 !  398.4   9.0  3.4e-123  9.2e-120      16     325 ..      12     319 ..       2     329 .. 0.97



Internal pipeline statistics summary:
-------------------------------------
Query model(s):                            1  (353 nodes)
Target sequences:                       5431  (1645892 residues searched)
Passed MSV filter:                       159  (0.0292764); expected 108.6 (0.02)
Passed bias filter:                      113  (0.0208065); expected 108.6 (0.02)
Passed Vit filter:                        13  (0.00239367); expected 5.4 (0.001)
Passed Fwd filter:                         2  (0.000368256); expected 0.1 (1e-05)
Initial search space (Z):               5431  [actual number of targets]
Domain search space  (domZ):               2  [number of targets reported over threshold]
# CPU time: 0.05u 0.00s 00:00:00.05 Elapsed: 00:00:00.05
# Mc/sec: 11614.57
//
Query:       TIGR00082  [M=115]
Accession:   TIGR00082
Description: rbfA: ribosome-binding factor A
Scores for complete sequences (score includes all domains):
   --- full sequence ---   --- best 1 domain ---    -#dom-
    E-value  score  bias    E-value  score  bias    exp  N  Sequence                Description
    ------- ------ -----    ------- ------ -----   ---- --  --------                -----------
    5.5e-15   54.1   0.0    7.3e-15   53.7   0.0    1.1  1  NZ_JBHLYO010000028.1_52  # 56085 # 56489 # 1 # ID=28_52;partial=00;start_type=ATG;rbs_motif=None;rbs_spacer=None;gc_cont=0.657


Domain annotation for each sequence:
>> NZ_JBHLYO010000028.1_52  # 56085 # 56489 # 1 # ID=28_52;partial=00;start_type=ATG;rbs_motif=None;rbs_spacer=None;gc_cont=0.657
   #    score  bias  c-Evalue  i-Evalue hmmfrom  hmm to    alifrom  ali to    envfrom  env to     acc
 ---   ------ ----- --------- --------- ------- -------    ------- -------    ------- -------    ----
   1 !   53.7   0.0   1.3e-18   7.3e-15       6     111 ..      13     120 ..      10     123 .. 0.92



Internal pipeline statistics summary:
-------------------------------------
Query model(s):                            1  (115 nodes)
Target sequences:                       5431  (1645892 residues searched)
Passed MSV filter:                        67  (0.0123366); expected 108.6 (0.02)
Passed bias filter:                       65  (0.0119683); expected 108.6 (0.02)
Passed Vit filter:                         3  (0.000552384); expected 5.4 (0.001)
Passed Fwd filter:                         1  (0.000184128); expected 0.1 (1e-05)
Initial search space (Z):               5431  [actual number of targets]
Domain search space  (domZ):               1  [number of targets reported over threshold]
# CPU time: 0.03u 0.00s 00:00:00.03 Elapsed: 00:00:00.02
# Mc/sec: 7685.85
//
Query:       TIGR00083  [M=290]
Accession:   TIGR00083
Description: ribF: riboflavin biosynthesis protein RibF
Scores for complete sequences (score includes all domains):
   --- full sequence ---   --- best 1 domain ---    -#dom-
    E-value  score  bias    E-value  score  bias    exp  N  Sequence                 Description
    ------- ------ -----    ------- ------ -----   ---- --  --------                 -----------
    4.2e-73  244.5   0.0    4.8e-73  244.3   0.0    1.0  1  NZ_JBHLYO010000011.1_289  # 298549 # 299523 # 1 # ID=11_289;partial=00;start_type=TTG;rbs_motif=AGGA/GGAG/GAGG;rbs_spacer=11-12bp;gc_cont=0.646


Domain annotation for each sequence:
>> NZ_JBHLYO010000011.1_289  # 298549 # 299523 # 1 # ID=11_289;partial=00;start_type=TTG;rbs_motif=AGGA/GGAG/GAGG;rbs_spacer=11-12bp;gc_cont=0.646
   #    score  bias  c-Evalue  i-Evalue hmmfrom  hmm to    alifrom  ali to    envfrom  env to     acc
 ---   ------ ----- --------- --------- ------- -------    ------- -------    ------- -------    ----
   1 !  244.3   0.0   8.9e-77   4.8e-73       2     289 ..      22     307 ..      21     308 .. 0.95



Internal pipeline statistics summary:
-------------------------------------
Query model(s):                            1  (290 nodes)
Target sequences:                       5431  (1645892 residues searched)
Passed MSV filter:                        68  (0.0125207); expected 108.6 (0.02)
Passed bias filter:                       68  (0.0125207); expected 108.6 (0.02)
Passed Vit filter:                         7  (0.0012889); expected 5.4 (0.001)
Passed Fwd filter:                         1  (0.000184128); expected 0.1 (1e-05)
Initial search space (Z):               5431  [actual number of targets]
Domain search space  (domZ):               1  [number of targets reported over threshold]
# CPU time: 0.03u 0.00s 00:00:00.03 Elapsed: 00:00:00.07
# Mc/sec: 6664.33
//
Query:       TIGR00084  [M=192]
Accession:   TIGR00084
Description: ruvA: Holliday junction DNA helicase RuvA
Scores for complete sequences (score includes all domains):
   --- full sequence ---   --- best 1 domain ---    -#dom-
    E-value  score  bias    E-value  score  bias    exp  N  Sequence                 Description
    ------- ------ -----    ------- ------ -----   ---- --  --------                 -----------
    2.4e-36  123.3   0.0    2.9e-36  123.0   0.0    1.0  1  NZ_JBHLYO010000003.1_126  # 140611 # 141228 # -1 # ID=3_126;partial=00;start_type=ATG;rbs_motif=GGAG/GAGG;rbs_spacer=5-10bp;gc_cont=0.660


Domain annotation for each sequence:
>> NZ_JBHLYO010000003.1_126  # 140611 # 141228 # -1 # ID=3_126;partial=00;start_type=ATG;rbs_motif=GGAG/GAGG;rbs_spacer=5-10bp;gc_cont=0.660
   #    score  bias  c-Evalue  i-Evalue hmmfrom  hmm to    alifrom  ali to    envfrom  env to     acc
 ---   ------ ----- --------- --------- ------- -------    ------- -------    ------- -------    ----
   1 !  123.0   0.0   5.2e-40   2.9e-36       1     185 [.       1     198 [.       1     204 [. 0.92



Internal pipeline statistics summary:
-------------------------------------
Query model(s):                            1  (192 nodes)
Target sequences:                       5431  (1645892 residues searched)
Passed MSV filter:                       118  (0.0217271); expected 108.6 (0.02)
Passed bias filter:                      108  (0.0198858); expected 108.6 (0.02)
Passed Vit filter:                        17  (0.00313018); expected 5.4 (0.001)
Passed Fwd filter:                         1  (0.000184128); expected 0.1 (1e-05)
Initial search space (Z):               5431  [actual number of targets]
Domain search space  (domZ):               1  [number of targets reported over threshold]
# CPU time: 0.03u 0.00s 00:00:00.03 Elapsed: 00:00:00.04
# Mc/sec: 7653.50
//
Query:       TIGR00086  [M=144]
Accession:   TIGR00086
Description: smpB: SsrA-binding protein
Scores for complete sequences (score includes all domains):
   --- full sequence ---   --- best 1 domain ---    -#dom-
    E-value  score  bias    E-value  score  bias    exp  N  Sequence                Description
    ------- ------ -----    ------- ------ -----   ---- --  --------                -----------
    3.3e-53  177.9   0.2    3.7e-53  177.7   0.2    1.0  1  NZ_JBHLYO010000020.1_82  # 90383 # 90868 # 1 # ID=20_82;partial=00;start_type=ATG;rbs_motif=AGGA;rbs_spacer=5-10bp;gc_cont=0.615


Domain annotation for each sequence:
>> NZ_JBHLYO010000020.1_82  # 90383 # 90868 # 1 # ID=20_82;partial=00;start_type=ATG;rbs_motif=AGGA;rbs_spacer=5-10bp;gc_cont=0.615
   #    score  bias  c-Evalue  i-Evalue hmmfrom  hmm to    alifrom  ali to    envfrom  env to     acc
 ---   ------ ----- --------- --------- ------- -------    ------- -------    ------- -------    ----
   1 !  177.7   0.2   6.9e-57   3.7e-53       2     144 .]      17     159 ..      16     159 .. 0.99



Internal pipeline statistics summary:
-------------------------------------
Query model(s):                            1  (144 nodes)
Target sequences:                       5431  (1645892 residues searched)
Passed MSV filter:                        56  (0.0103112); expected 108.6 (0.02)
Passed bias filter:                       50  (0.00920641); expected 108.6 (0.02)
Passed Vit filter:                         8  (0.00147303); expected 5.4 (0.001)
Passed Fwd filter:                         1  (0.000184128); expected 0.1 (1e-05)
Initial search space (Z):               5431  [actual number of targets]
Domain search space  (domZ):               1  [number of targets reported over threshold]
# CPU time: 0.02u 0.00s 00:00:00.02 Elapsed: 00:00:00.01
# Mc/sec: 14731.94
//
Query:       TIGR00088  [M=233]
Accession:   TIGR00088
Description: trmD: tRNA (guanine(37)-N(1))-methyltransferase
Scores for complete sequences (score includes all domains):
   --- full sequence ---   --- best 1 domain ---    -#dom-
    E-value  score  bias    E-value  score  bias    exp  N  Sequence                 Description
    ------- ------ -----    ------- ------ -----   ---- --  --------                 -----------
    6.3e-80  266.0   0.0    7.6e-80  265.7   0.0    1.0  1  NZ_JBHLYO010000012.1_143  # 135969 # 136652 # 1 # ID=12_143;partial=00;start_type=TTG;rbs_motif=GGAG/GAGG;rbs_spacer=5-10bp;gc_cont=0.681


Domain annotation for each sequence:
>> NZ_JBHLYO010000012.1_143  # 135969 # 136652 # 1 # ID=12_143;partial=00;start_type=TTG;rbs_motif=GGAG/GAGG;rbs_spacer=5-10bp;gc_cont=0.681
   #    score  bias  c-Evalue  i-Evalue hmmfrom  hmm to    alifrom  ali to    envfrom  env to     acc
 ---   ------ ----- --------- --------- ------- -------    ------- -------    ------- -------    ----
   1 !  265.7   0.0   1.4e-83   7.6e-80       4     223 ..       6     227 ..       3     227 .. 0.98



Internal pipeline statistics summary:
-------------------------------------
Query model(s):                            1  (233 nodes)
Target sequences:                       5431  (1645892 residues searched)
Passed MSV filter:                       126  (0.0232001); expected 108.6 (0.02)
Passed bias filter:                      120  (0.0220954); expected 108.6 (0.02)
Passed Vit filter:                         9  (0.00165715); expected 5.4 (0.001)
Passed Fwd filter:                         1  (0.000184128); expected 0.1 (1e-05)
Initial search space (Z):               5431  [actual number of targets]
Domain search space  (domZ):               1  [number of targets reported over threshold]
# CPU time: 0.03u 0.00s 00:00:00.03 Elapsed: 00:00:00.03
# Mc/sec: 10897.90
//
Query:       TIGR00090  [M=99]
Accession:   TIGR00090
Description: rsfS_iojap_ybeB: ribosome silencing factor
Scores for complete sequences (score includes all domains):
   --- full sequence ---   --- best 1 domain ---    -#dom-
    E-value  score  bias    E-value  score  bias    exp  N  Sequence                 Description
    ------- ------ -----    ------- ------ -----   ---- --  --------                 -----------
    9.1e-33  110.6   0.0    1.1e-32  110.4   0.0    1.1  1  NZ_JBHLYO010000012.1_226  # 210509 # 210907 # -1 # ID=12_226;partial=00;start_type=ATG;rbs_motif=GGA/GAG/AGG;rbs_spacer=11-12bp;gc_cont=0.622


Domain annotation for each sequence:
>> NZ_JBHLYO010000012.1_226  # 210509 # 210907 # -1 # ID=12_226;partial=00;start_type=ATG;rbs_motif=GGA/GAG/AGG;rbs_spacer=11-12bp;gc_cont=0.622
   #    score  bias  c-Evalue  i-Evalue hmmfrom  hmm to    alifrom  ali to    envfrom  env to     acc
 ---   ------ ----- --------- --------- ------- -------    ------- -------    ------- -------    ----
   1 !  110.4   0.0     2e-36   1.1e-32       2      99 .]      26     123 ..      25     123 .. 0.98



Internal pipeline statistics summary:
-------------------------------------
Query model(s):                            1  (99 nodes)
Target sequences:                       5431  (1645892 residues searched)
Passed MSV filter:                        90  (0.0165715); expected 108.6 (0.02)
Passed bias filter:                       83  (0.0152826); expected 108.6 (0.02)
Passed Vit filter:                         5  (0.000920641); expected 5.4 (0.001)
Passed Fwd filter:                         1  (0.000184128); expected 0.1 (1e-05)
Initial search space (Z):               5431  [actual number of targets]
Domain search space  (domZ):               1  [number of targets reported over threshold]
# CPU time: 0.02u 0.01s 00:00:00.03 Elapsed: 00:00:00.02
# Mc/sec: 6791.26
//
Query:       TIGR00092  [M=368]
Accession:   TIGR00092
Description: TIGR00092: GTP-binding protein YchF
Scores for complete sequences (score includes all domains):
   --- full sequence ---   --- best 1 domain ---    -#dom-
    E-value  score  bias    E-value  score  bias    exp  N  Sequence                Description
    ------- ------ -----    ------- ------ -----   ---- --  --------                -----------
     1e-147  490.4   0.0   1.1e-147  490.2   0.0    1.0  1  NZ_JBHLYO010000029.1_13  # 8220 # 9317 # -1 # ID=29_13;partial=00;start_type=ATG;rbs_motif=GGAG/GAGG;rbs_spacer=5-10bp;gc_cont=0.637


Domain annotation for each sequence:
>> NZ_JBHLYO010000029.1_13  # 8220 # 9317 # -1 # ID=29_13;partial=00;start_type=ATG;rbs_motif=GGAG/GAGG;rbs_spacer=5-10bp;gc_cont=0.637
   #    score  bias  c-Evalue  i-Evalue hmmfrom  hmm to    alifrom  ali to    envfrom  env to     acc
 ---   ------ ----- --------- --------- ------- -------    ------- -------    ------- -------    ----
   1 !  490.2   0.0    2e-151  1.1e-147       1     367 [.       1     364 [.       1     365 [. 0.98



Internal pipeline statistics summary:
-------------------------------------
Query model(s):                            1  (368 nodes)
Target sequences:                       5431  (1645892 residues searched)
Passed MSV filter:                       190  (0.0349843); expected 108.6 (0.02)
Passed bias filter:                      179  (0.0329589); expected 108.6 (0.02)
Passed Vit filter:                        27  (0.00497146); expected 5.4 (0.001)
Passed Fwd filter:                         5  (0.000920641); expected 0.1 (1e-05)
Initial search space (Z):               5431  [actual number of targets]
Domain search space  (domZ):               1  [number of targets reported over threshold]
# CPU time: 0.06u 0.00s 00:00:00.06 Elapsed: 00:00:00.06
# Mc/sec: 9564.49
//
Query:       TIGR00095  [M=194]
Accession:   TIGR00095
Description: TIGR00095: 16S rRNA (guanine(966)-N(2))-methyltransferase RsmD
Scores for complete sequences (score includes all domains):
   --- full sequence ---   --- best 1 domain ---    -#dom-
    E-value  score  bias    E-value  score  bias    exp  N  Sequence                 Description
    ------- ------ -----    ------- ------ -----   ---- --  --------                 -----------
    2.3e-41  139.8   0.0    2.7e-41  139.6   0.0    1.0  1  NZ_JBHLYO010000011.1_295  # 306531 # 307100 # 1 # ID=11_295;partial=00;start_type=ATG;rbs_motif=None;rbs_spacer=None;gc_cont=0.675


Domain annotation for each sequence:
>> NZ_JBHLYO010000011.1_295  # 306531 # 307100 # 1 # ID=11_295;partial=00;start_type=ATG;rbs_motif=None;rbs_spacer=None;gc_cont=0.675
   #    score  bias  c-Evalue  i-Evalue hmmfrom  hmm to    alifrom  ali to    envfrom  env to     acc
 ---   ------ ----- --------- --------- ------- -------    ------- -------    ------- -------    ----
   1 !  139.6   0.0   4.9e-45   2.7e-41      13     188 ..       2     178 ..       1     184 [. 0.86



Internal pipeline statistics summary:
-------------------------------------
Query model(s):                            1  (194 nodes)
Target sequences:                       5431  (1645892 residues searched)
Passed MSV filter:                       113  (0.0208065); expected 108.6 (0.02)
Passed bias filter:                      112  (0.0206224); expected 108.6 (0.02)
Passed Vit filter:                        11  (0.00202541); expected 5.4 (0.001)
Passed Fwd filter:                         4  (0.000736513); expected 0.1 (1e-05)
Initial search space (Z):               5431  [actual number of targets]
Domain search space  (domZ):               1  [number of targets reported over threshold]
# CPU time: 0.03u 0.00s 00:00:00.03 Elapsed: 00:00:00.04
# Mc/sec: 7774.38
//
Query:       TIGR00111  [M=351]
Accession:   TIGR00111
Description: pelota: mRNA surveillance protein pelota
Scores for complete sequences (score includes all domains):
   --- full sequence ---   --- best 1 domain ---    -#dom-
    E-value  score  bias    E-value  score  bias    exp  N  Sequence Description
    ------- ------ -----    ------- ------ -----   ---- --  -------- -----------

   [No hits detected that satisfy reporting thresholds]


Domain annotation for each sequence:

   [No targets detected that satisfy reporting thresholds]


Internal pipeline statistics summary:
-------------------------------------
Query model(s):                            1  (351 nodes)
Target sequences:                       5431  (1645892 residues searched)
Passed MSV filter:                       110  (0.0202541); expected 108.6 (0.02)
Passed bias filter:                      101  (0.0185969); expected 108.6 (0.02)
Passed Vit filter:                         9  (0.00165715); expected 5.4 (0.001)
Passed Fwd filter:                         0  (0); expected 0.1 (1e-05)
Initial search space (Z):               5431  [actual number of targets]
Domain search space  (domZ):               0  [number of targets reported over threshold]
# CPU time: 0.04u 0.01s 00:00:00.05 Elapsed: 00:00:00.03
# Mc/sec: 14756.68
//
Query:       TIGR00115  [M=410]
Accession:   TIGR00115
Description: tig: trigger factor
Scores for complete sequences (score includes all domains):
   --- full sequence ---   --- best 1 domain ---    -#dom-
    E-value  score  bias    E-value  score  bias    exp  N  Sequence                 Description
    ------- ------ -----    ------- ------ -----   ---- --  --------                 -----------
   1.7e-121  404.1  11.3   2.1e-121  403.9  11.3    1.1  1  NZ_JBHLYO010000015.1_222  # 237393 # 238787 # -1 # ID=15_222;partial=00;start_type=ATG;rbs_motif=GGA/GAG/AGG;rbs_spacer=5-10bp;gc_cont=0.611


Domain annotation for each sequence:
>> NZ_JBHLYO010000015.1_222  # 237393 # 238787 # -1 # ID=15_222;partial=00;start_type=ATG;rbs_motif=GGA/GAG/AGG;rbs_spacer=5-10bp;gc_cont=0.611
   #    score  bias  c-Evalue  i-Evalue hmmfrom  hmm to    alifrom  ali to    envfrom  env to     acc
 ---   ------ ----- --------- --------- ------- -------    ------- -------    ------- -------    ----
   1 !  403.9  11.3  3.8e-125  2.1e-121       1     409 [.      11     426 ..      11     427 .. 0.99



Internal pipeline statistics summary:
-------------------------------------
Query model(s):                            1  (410 nodes)
Target sequences:                       5431  (1645892 residues searched)
Passed MSV filter:                       131  (0.0241208); expected 108.6 (0.02)
Passed bias filter:                       89  (0.0163874); expected 108.6 (0.02)
Passed Vit filter:                        15  (0.00276192); expected 5.4 (0.001)
Passed Fwd filter:                         2  (0.000368256); expected 0.1 (1e-05)
Initial search space (Z):               5431  [actual number of targets]
Domain search space  (domZ):               1  [number of targets reported over threshold]
# CPU time: 0.05u 0.00s 00:00:00.05 Elapsed: 00:00:00.04
# Mc/sec: 13760.91
//
Query:       TIGR00116  [M=293]
Accession:   TIGR00116
Description: tsf: translation elongation factor Ts
Scores for complete sequences (score includes all domains):
   --- full sequence ---   --- best 1 domain ---    -#dom-
    E-value  score  bias    E-value  score  bias    exp  N  Sequence                 Description
    ------- ------ -----    ------- ------ -----   ---- --  --------                 -----------
    2.1e-92  307.6   1.7    2.4e-92  307.5   1.7    1.0  1  NZ_JBHLYO010000015.1_111  # 117510 # 118436 # 1 # ID=15_111;partial=00;start_type=ATG;rbs_motif=GGAG/GAGG;rbs_spacer=5-10bp;gc_cont=0.633


Domain annotation for each sequence:
>> NZ_JBHLYO010000015.1_111  # 117510 # 118436 # 1 # ID=15_111;partial=00;start_type=ATG;rbs_motif=GGAG/GAGG;rbs_spacer=5-10bp;gc_cont=0.633
   #    score  bias  c-Evalue  i-Evalue hmmfrom  hmm to    alifrom  ali to    envfrom  env to     acc
 ---   ------ ----- --------- --------- ------- -------    ------- -------    ------- -------    ----
   1 !  307.5   1.7   4.4e-96   2.4e-92       2     290 ..       1     304 [.       1     307 [. 0.93



Internal pipeline statistics summary:
-------------------------------------
Query model(s):                            1  (293 nodes)
Target sequences:                       5431  (1645892 residues searched)
Passed MSV filter:                       102  (0.0187811); expected 108.6 (0.02)
Passed bias filter:                       78  (0.014362); expected 108.6 (0.02)
Passed Vit filter:                         8  (0.00147303); expected 5.4 (0.001)
Passed Fwd filter:                         1  (0.000184128); expected 0.1 (1e-05)
Initial search space (Z):               5431  [actual number of targets]
Domain search space  (domZ):               1  [number of targets reported over threshold]
# CPU time: 0.04u 0.00s 00:00:00.04 Elapsed: 00:00:00.04
# Mc/sec: 11423.84
//
Query:       TIGR00134  [M=622]
Accession:   TIGR00134
Description: gatE_arch: glutamyl-tRNA(Gln) amidotransferase, subunit E
Scores for complete sequences (score includes all domains):
   --- full sequence ---   --- best 1 domain ---    -#dom-
    E-value  score  bias    E-value  score  bias    exp  N  Sequence Description
    ------- ------ -----    ------- ------ -----   ---- --  -------- -----------

   [No hits detected that satisfy reporting thresholds]


Domain annotation for each sequence:

   [No targets detected that satisfy reporting thresholds]


Internal pipeline statistics summary:
-------------------------------------
Query model(s):                            1  (622 nodes)
Target sequences:                       5431  (1645892 residues searched)
Passed MSV filter:                       164  (0.030197); expected 108.6 (0.02)
Passed bias filter:                      124  (0.0228319); expected 108.6 (0.02)
Passed Vit filter:                         8  (0.00147303); expected 5.4 (0.001)
Passed Fwd filter:                         1  (0.000184128); expected 0.1 (1e-05)
Initial search space (Z):               5431  [actual number of targets]
Domain search space  (domZ):               0  [number of targets reported over threshold]
# CPU time: 0.07u 0.01s 00:00:00.08 Elapsed: 00:00:00.09
# Mc/sec: 11266.08
//
Query:       TIGR00138  [M=183]
Accession:   TIGR00138
Description: rsmG_gidB: 16S rRNA (guanine(527)-N(7))-methyltransferase RsmG
Scores for complete sequences (score includes all domains):
   --- full sequence ---   --- best 1 domain ---    -#dom-
    E-value  score  bias    E-value  score  bias    exp  N  Sequence                Description
    ------- ------ -----    ------- ------ -----   ---- --  --------                -----------
    2.3e-39  133.2   0.0    2.6e-39  133.0   0.0    1.0  1  NZ_JBHLYO010000012.1_16  # 13112 # 13762 # 1 # ID=12_16;partial=00;start_type=ATG;rbs_motif=GGA/GAG/AGG;rbs_spacer=5-10bp;gc_cont=0.593


Domain annotation for each sequence:
>> NZ_JBHLYO010000012.1_16  # 13112 # 13762 # 1 # ID=12_16;partial=00;start_type=ATG;rbs_motif=GGA/GAG/AGG;rbs_spacer=5-10bp;gc_cont=0.593
   #    score  bias  c-Evalue  i-Evalue hmmfrom  hmm to    alifrom  ali to    envfrom  env to     acc
 ---   ------ ----- --------- --------- ------- -------    ------- -------    ------- -------    ----
   1 !  133.0   0.0   4.8e-43   2.6e-39       2     160 ..      28     189 ..      27     209 .. 0.91



Internal pipeline statistics summary:
-------------------------------------
Query model(s):                            1  (183 nodes)
Target sequences:                       5431  (1645892 residues searched)
Passed MSV filter:                       105  (0.0193335); expected 108.6 (0.02)
Passed bias filter:                      105  (0.0193335); expected 108.6 (0.02)
Passed Vit filter:                        20  (0.00368256); expected 5.4 (0.001)
Passed Fwd filter:                         3  (0.000552384); expected 0.1 (1e-05)
Initial search space (Z):               5431  [actual number of targets]
Domain search space  (domZ):               1  [number of targets reported over threshold]
# CPU time: 0.03u 0.01s 00:00:00.04 Elapsed: 00:00:00.02
# Mc/sec: 11703.06
//
Query:       TIGR00158  [M=148]
Accession:   TIGR00158
Description: L9: ribosomal protein bL9
Scores for complete sequences (score includes all domains):
   --- full sequence ---   --- best 1 domain ---    -#dom-
    E-value  score  bias    E-value  score  bias    exp  N  Sequence                Description
    ------- ------ -----    ------- ------ -----   ---- --  --------                -----------
    1.9e-38  130.5   0.0    2.3e-38  130.2   0.0    1.1  1  NZ_JBHLYO010000010.1_93  # 108387 # 108968 # 1 # ID=10_93;partial=00;start_type=ATG;rbs_motif=AGGA;rbs_spacer=5-10bp;gc_cont=0.665


Domain annotation for each sequence:
>> NZ_JBHLYO010000010.1_93  # 108387 # 108968 # 1 # ID=10_93;partial=00;start_type=ATG;rbs_motif=AGGA;rbs_spacer=5-10bp;gc_cont=0.665
   #    score  bias  c-Evalue  i-Evalue hmmfrom  hmm to    alifrom  ali to    envfrom  env to     acc
 ---   ------ ----- --------- --------- ------- -------    ------- -------    ------- -------    ----
   1 !  130.2   0.0   4.3e-42   2.3e-38       1     146 [.       1     145 [.       1     147 [. 0.99



Internal pipeline statistics summary:
-------------------------------------
Query model(s):                            1  (148 nodes)
Target sequences:                       5431  (1645892 residues searched)
Passed MSV filter:                        99  (0.0182287); expected 108.6 (0.02)
Passed bias filter:                       85  (0.0156509); expected 108.6 (0.02)
Passed Vit filter:                         9  (0.00165715); expected 5.4 (0.001)
Passed Fwd filter:                         1  (0.000184128); expected 0.1 (1e-05)
Initial search space (Z):               5431  [actual number of targets]
Domain search space  (domZ):               1  [number of targets reported over threshold]
# CPU time: 0.02u 0.00s 00:00:00.02 Elapsed: 00:00:00.01
# Mc/sec: 12489.75
//
Query:       TIGR00166  [M=95]
Accession:   TIGR00166
Description: S6: ribosomal protein bS6
Scores for complete sequences (score includes all domains):
   --- full sequence ---   --- best 1 domain ---    -#dom-
    E-value  score  bias    E-value  score  bias    exp  N  Sequence                Description
    ------- ------ -----    ------- ------ -----   ---- --  --------                -----------
    3.7e-24   83.0   0.2    4.3e-24   82.8   0.2    1.1  1  NZ_JBHLYO010000010.1_91  # 107387 # 107782 # 1 # ID=10_91;partial=00;start_type=ATG;rbs_motif=GGA/GAG/AGG;rbs_spacer=5-10bp;gc_cont=0.644


Domain annotation for each sequence:
>> NZ_JBHLYO010000010.1_91  # 107387 # 107782 # 1 # ID=10_91;partial=00;start_type=ATG;rbs_motif=GGA/GAG/AGG;rbs_spacer=5-10bp;gc_cont=0.644
   #    score  bias  c-Evalue  i-Evalue hmmfrom  hmm to    alifrom  ali to    envfrom  env to     acc
 ---   ------ ----- --------- --------- ------- -------    ------- -------    ------- -------    ----
   1 !   82.8   0.2     8e-28   4.3e-24       1      94 [.       1      94 [.       1      95 [. 0.98



Internal pipeline statistics summary:
-------------------------------------
Query model(s):                            1  (95 nodes)
Target sequences:                       5431  (1645892 residues searched)
Passed MSV filter:                        64  (0.0117842); expected 108.6 (0.02)
Passed bias filter:                       59  (0.0108636); expected 108.6 (0.02)
Passed Vit filter:                         1  (0.000184128); expected 5.4 (0.001)
Passed Fwd filter:                         1  (0.000184128); expected 0.1 (1e-05)
Initial search space (Z):               5431  [actual number of targets]
Domain search space  (domZ):               1  [number of targets reported over threshold]
# CPU time: 0.02u 0.00s 00:00:00.02 Elapsed: 00:00:00.02
# Mc/sec: 5521.80
//
Query:       TIGR00168  [M=165]
Accession:   TIGR00168
Description: infC: translation initiation factor IF-3
Scores for complete sequences (score includes all domains):
   --- full sequence ---   --- best 1 domain ---    -#dom-
    E-value  score  bias    E-value  score  bias    exp  N  Sequence                 Description
    ------- ------ -----    ------- ------ -----   ---- --  --------                 -----------
    1.1e-61  205.5   2.0    1.3e-61  205.3   2.0    1.0  1  NZ_JBHLYO010000023.1_142  # 134853 # 135377 # -1 # ID=23_142;partial=00;start_type=ATG;rbs_motif=None;rbs_spacer=None;gc_cont=0.636


Domain annotation for each sequence:
>> NZ_JBHLYO010000023.1_142  # 134853 # 135377 # -1 # ID=23_142;partial=00;start_type=ATG;rbs_motif=None;rbs_spacer=None;gc_cont=0.636
   #    score  bias  c-Evalue  i-Evalue hmmfrom  hmm to    alifrom  ali to    envfrom  env to     acc
 ---   ------ ----- --------- --------- ------- -------    ------- -------    ------- -------    ----
   1 !  205.3   2.0   2.4e-65   1.3e-61       2     163 ..      14     174 ..      13     174 .. 0.99



Internal pipeline statistics summary:
-------------------------------------
Query model(s):                            1  (165 nodes)
Target sequences:                       5431  (1645892 residues searched)
Passed MSV filter:                        88  (0.0162033); expected 108.6 (0.02)
Passed bias filter:                       79  (0.0145461); expected 108.6 (0.02)
Passed Vit filter:                         7  (0.0012889); expected 5.4 (0.001)
Passed Fwd filter:                         1  (0.000184128); expected 0.1 (1e-05)
Initial search space (Z):               5431  [actual number of targets]
Domain search space  (domZ):               1  [number of targets reported over threshold]
# CPU time: 0.03u 0.00s 00:00:00.03 Elapsed: 00:00:00.02
# Mc/sec: 10803.08
//
Query:       TIGR00186  [M=240]
Accession:   TIGR00186
Description: rRNA_methyl_3: RNA methyltransferase, TrmH family, group 3
Scores for complete sequences (score includes all domains):
   --- full sequence ---   --- best 1 domain ---    -#dom-
    E-value  score  bias    E-value  score  bias    exp  N  Sequence                 Description
    ------- ------ -----    ------- ------ -----   ---- --  --------                 -----------
      2e-50  169.7   0.0    2.6e-50  169.3   0.0    1.0  1  NZ_JBHLYO010000015.1_525  # 516333 # 517094 # 1 # ID=15_525;partial=00;start_type=ATG;rbs_motif=AGGA;rbs_spacer=5-10bp;gc_cont=0.657


Domain annotation for each sequence:
>> NZ_JBHLYO010000015.1_525  # 516333 # 517094 # 1 # ID=15_525;partial=00;start_type=ATG;rbs_motif=AGGA;rbs_spacer=5-10bp;gc_cont=0.657
   #    score  bias  c-Evalue  i-Evalue hmmfrom  hmm to    alifrom  ali to    envfrom  env to     acc
 ---   ------ ----- --------- --------- ------- -------    ------- -------    ------- -------    ----
   1 !  169.3   0.0   4.9e-54   2.6e-50       4     236 ..      20     245 ..      18     247 .. 0.94



Internal pipeline statistics summary:
-------------------------------------
Query model(s):                            1  (240 nodes)
Target sequences:                       5431  (1645892 residues searched)
Passed MSV filter:                        97  (0.0178604); expected 108.6 (0.02)
Passed bias filter:                       91  (0.0167557); expected 108.6 (0.02)
Passed Vit filter:                        10  (0.00184128); expected 5.4 (0.001)
Passed Fwd filter:                         3  (0.000552384); expected 0.1 (1e-05)
Initial search space (Z):               5431  [actual number of targets]
Domain search space  (domZ):               1  [number of targets reported over threshold]
# CPU time: 0.03u 0.00s 00:00:00.03 Elapsed: 00:00:00.03
# Mc/sec: 10114.14
//
Query:       TIGR00194  [M=574]
Accession:   TIGR00194
Description: uvrC: excinuclease ABC subunit C
Scores for complete sequences (score includes all domains):
   --- full sequence ---   --- best 1 domain ---    -#dom-
    E-value  score  bias    E-value  score  bias    exp  N  Sequence                Description
    ------- ------ -----    ------- ------ -----   ---- --  --------                -----------
   3.7e-164  545.8   0.0   4.8e-164  545.4   0.0    1.0  1  NZ_JBHLYO010000018.1_27  # 27108 # 29009 # -1 # ID=18_27;partial=00;start_type=ATG;rbs_motif=None;rbs_spacer=None;gc_cont=0.655


Domain annotation for each sequence:
>> NZ_JBHLYO010000018.1_27  # 27108 # 29009 # -1 # ID=18_27;partial=00;start_type=ATG;rbs_motif=None;rbs_spacer=None;gc_cont=0.655
   #    score  bias  c-Evalue  i-Evalue hmmfrom  hmm to    alifrom  ali to    envfrom  env to     acc
 ---   ------ ----- --------- --------- ------- -------    ------- -------    ------- -------    ----
   1 !  545.4   0.0  8.8e-168  4.8e-164       5     573 ..      24     609 ..      21     610 .. 0.95



Internal pipeline statistics summary:
-------------------------------------
Query model(s):                            1  (574 nodes)
Target sequences:                       5431  (1645892 residues searched)
Passed MSV filter:                        85  (0.0156509); expected 108.6 (0.02)
Passed bias filter:                       73  (0.0134414); expected 108.6 (0.02)
Passed Vit filter:                         9  (0.00165715); expected 5.4 (0.001)
Passed Fwd filter:                         2  (0.000368256); expected 0.1 (1e-05)
Initial search space (Z):               5431  [actual number of targets]
Domain search space  (domZ):               1  [number of targets reported over threshold]
# CPU time: 0.07u 0.01s 00:00:00.08 Elapsed: 00:00:00.10
# Mc/sec: 8860.29
//
Query:       TIGR00250  [M=130]
Accession:   TIGR00250
Description: RNAse_H_YqgF: putative transcription antitermination factor YqgF
Scores for complete sequences (score includes all domains):
   --- full sequence ---   --- best 1 domain ---    -#dom-
    E-value  score  bias    E-value  score  bias    exp  N  Sequence                 Description
    ------- ------ -----    ------- ------ -----   ---- --  --------                 -----------
    1.1e-36  124.0   0.1    1.3e-36  123.8   0.1    1.0  1  NZ_JBHLYO010000015.1_415  # 422446 # 422907 # 1 # ID=15_415;partial=00;start_type=GTG;rbs_motif=None;rbs_spacer=None;gc_cont=0.658


Domain annotation for each sequence:
>> NZ_JBHLYO010000015.1_415  # 422446 # 422907 # 1 # ID=15_415;partial=00;start_type=GTG;rbs_motif=None;rbs_spacer=None;gc_cont=0.658
   #    score  bias  c-Evalue  i-Evalue hmmfrom  hmm to    alifrom  ali to    envfrom  env to     acc
 ---   ------ ----- --------- --------- ------- -------    ------- -------    ------- -------    ----
   1 !  123.8   0.1   2.4e-40   1.3e-36       1     130 []      19     148 ..      19     148 .. 0.99



Internal pipeline statistics summary:
-------------------------------------
Query model(s):                            1  (130 nodes)
Target sequences:                       5431  (1645892 residues searched)
Passed MSV filter:                       122  (0.0224636); expected 108.6 (0.02)
Passed bias filter:                      107  (0.0197017); expected 108.6 (0.02)
Passed Vit filter:                        11  (0.00202541); expected 5.4 (0.001)
Passed Fwd filter:                         2  (0.000368256); expected 0.1 (1e-05)
Initial search space (Z):               5431  [actual number of targets]
Domain search space  (domZ):               1  [number of targets reported over threshold]
# CPU time: 0.03u 0.00s 00:00:00.03 Elapsed: 00:00:00.03
# Mc/sec: 5785.62
//
Query:       TIGR00279  [M=172]
Accession:   TIGR00279
Description: uL16_euk_arch: ribosomal protein uL16
Scores for complete sequences (score includes all domains):
   --- full sequence ---   --- best 1 domain ---    -#dom-
    E-value  score  bias    E-value  score  bias    exp  N  Sequence Description
    ------- ------ -----    ------- ------ -----   ---- --  -------- -----------

   [No hits detected that satisfy reporting thresholds]


Domain annotation for each sequence:

   [No targets detected that satisfy reporting thresholds]


Internal pipeline statistics summary:
-------------------------------------
Query model(s):                            1  (172 nodes)
Target sequences:                       5431  (1645892 residues searched)
Passed MSV filter:                       119  (0.0219113); expected 108.6 (0.02)
Passed bias filter:                      104  (0.0191493); expected 108.6 (0.02)
Passed Vit filter:                         4  (0.000736513); expected 5.4 (0.001)
Passed Fwd filter:                         1  (0.000184128); expected 0.1 (1e-05)
Initial search space (Z):               5431  [actual number of targets]
Domain search space  (domZ):               0  [number of targets reported over threshold]
# CPU time: 0.02u 0.00s 00:00:00.02 Elapsed: 00:00:00.02
# Mc/sec: 12138.36
//
Query:       TIGR00291  [M=231]
Accession:   TIGR00291
Description: RNA_SBDS: rRNA metabolism protein, SBDS family
Scores for complete sequences (score includes all domains):
   --- full sequence ---   --- best 1 domain ---    -#dom-
    E-value  score  bias    E-value  score  bias    exp  N  Sequence Description
    ------- ------ -----    ------- ------ -----   ---- --  -------- -----------

   [No hits detected that satisfy reporting thresholds]


Domain annotation for each sequence:

   [No targets detected that satisfy reporting thresholds]


Internal pipeline statistics summary:
-------------------------------------
Query model(s):                            1  (231 nodes)
Target sequences:                       5431  (1645892 residues searched)
Passed MSV filter:                        96  (0.0176763); expected 108.6 (0.02)
Passed bias filter:                       82  (0.0150985); expected 108.6 (0.02)
Passed Vit filter:                         1  (0.000184128); expected 5.4 (0.001)
Passed Fwd filter:                         0  (0); expected 0.1 (1e-05)
Initial search space (Z):               5431  [actual number of targets]
Domain search space  (domZ):               0  [number of targets reported over threshold]
# CPU time: 0.03u 0.00s 00:00:00.03 Elapsed: 00:00:00.03
# Mc/sec: 12344.73
//
Query:       TIGR00323  [M=215]
Accession:   TIGR00323
Description: eIF-6: putative translation initiation factor eIF-6
Scores for complete sequences (score includes all domains):
   --- full sequence ---   --- best 1 domain ---    -#dom-
    E-value  score  bias    E-value  score  bias    exp  N  Sequence Description
    ------- ------ -----    ------- ------ -----   ---- --  -------- -----------

   [No hits detected that satisfy reporting thresholds]


Domain annotation for each sequence:

   [No targets detected that satisfy reporting thresholds]


Internal pipeline statistics summary:
-------------------------------------
Query model(s):                            1  (215 nodes)
Target sequences:                       5431  (1645892 residues searched)
Passed MSV filter:                       159  (0.0292764); expected 108.6 (0.02)
Passed bias filter:                      117  (0.021543); expected 108.6 (0.02)
Passed Vit filter:                         8  (0.00147303); expected 5.4 (0.001)
Passed Fwd filter:                         0  (0); expected 0.1 (1e-05)
Initial search space (Z):               5431  [actual number of targets]
Domain search space  (domZ):               0  [number of targets reported over threshold]
# CPU time: 0.03u 0.00s 00:00:00.03 Elapsed: 00:00:00.02
# Mc/sec: 15068.13
//
Query:       TIGR00335  [M=324]
Accession:   TIGR00335
Description: primase_sml: putative DNA primase, eukaryotic-type, small subunit
Scores for complete sequences (score includes all domains):
   --- full sequence ---   --- best 1 domain ---    -#dom-
    E-value  score  bias    E-value  score  bias    exp  N  Sequence Description
    ------- ------ -----    ------- ------ -----   ---- --  -------- -----------

   [No hits detected that satisfy reporting thresholds]


Domain annotation for each sequence:

   [No targets detected that satisfy reporting thresholds]


Internal pipeline statistics summary:
-------------------------------------
Query model(s):                            1  (324 nodes)
Target sequences:                       5431  (1645892 residues searched)
Passed MSV filter:                        77  (0.0141779); expected 108.6 (0.02)
Passed bias filter:                       69  (0.0127048); expected 108.6 (0.02)
Passed Vit filter:                         4  (0.000736513); expected 5.4 (0.001)
Passed Fwd filter:                         0  (0); expected 0.1 (1e-05)
Initial search space (Z):               5431  [actual number of targets]
Domain search space  (domZ):               0  [number of targets reported over threshold]
# CPU time: 0.04u 0.00s 00:00:00.04 Elapsed: 00:00:00.04
# Mc/sec: 12364.88
//
Query:       TIGR00337  [M=526]
Accession:   TIGR00337
Description: PyrG: CTP synthase
Scores for complete sequences (score includes all domains):
   --- full sequence ---   --- best 1 domain ---    -#dom-
    E-value  score  bias    E-value  score  bias    exp  N  Sequence                 Description
    ------- ------ -----    ------- ------ -----   ---- --  --------                 -----------
   1.4e-224  744.8   0.0   1.6e-224  744.6   0.0    1.0  1  NZ_JBHLYO010000015.1_139  # 148787 # 150415 # 1 # ID=15_139;partial=00;start_type=ATG;rbs_motif=GGA/GAG/AGG;rbs_spacer=5-10bp;gc_cont=0.630


Domain annotation for each sequence:
>> NZ_JBHLYO010000015.1_139  # 148787 # 150415 # 1 # ID=15_139;partial=00;start_type=ATG;rbs_motif=GGA/GAG/AGG;rbs_spacer=5-10bp;gc_cont=0.630
   #    score  bias  c-Evalue  i-Evalue hmmfrom  hmm to    alifrom  ali to    envfrom  env to     acc
 ---   ------ ----- --------- --------- ------- -------    ------- -------    ------- -------    ----
   1 !  744.6   0.0  2.9e-228  1.6e-224       3     526 .]       2     534 ..       1     534 [. 0.99



Internal pipeline statistics summary:
-------------------------------------
Query model(s):                            1  (526 nodes)
Target sequences:                       5431  (1645892 residues searched)
Passed MSV filter:                       133  (0.024489); expected 108.6 (0.02)
Passed bias filter:                      125  (0.023016); expected 108.6 (0.02)
Passed Vit filter:                        21  (0.00386669); expected 5.4 (0.001)
Passed Fwd filter:                         4  (0.000736513); expected 0.1 (1e-05)
Initial search space (Z):               5431  [actual number of targets]
Domain search space  (domZ):               1  [number of targets reported over threshold]
# CPU time: 0.07u 0.01s 00:00:00.08 Elapsed: 00:00:00.08
# Mc/sec: 10339.87
//
Query:       TIGR00344  [M=847]
Accession:   TIGR00344
Description: alaS: alanine--tRNA ligase
Scores for complete sequences (score includes all domains):
   --- full sequence ---   --- best 1 domain ---    -#dom-
    E-value  score  bias    E-value  score  bias    exp  N  Sequence                 Description
    ------- ------ -----    ------- ------ -----   ---- --  --------                 -----------
   2.8e-280  930.5   0.0   3.3e-280  930.3   0.0    1.0  1  NZ_JBHLYO010000015.1_573  # 558093 # 560768 # -1 # ID=15_573;partial=00;start_type=GTG;rbs_motif=AGxAGG/AGGxGG;rbs_spacer=5-10bp;gc_cont=0.651


Domain annotation for each sequence:
>> NZ_JBHLYO010000015.1_573  # 558093 # 560768 # -1 # ID=15_573;partial=00;start_type=GTG;rbs_motif=AGxAGG/AGGxGG;rbs_spacer=5-10bp;gc_cont=0.651
   #    score  bias  c-Evalue  i-Evalue hmmfrom  hmm to    alifrom  ali to    envfrom  env to     acc
 ---   ------ ----- --------- --------- ------- -------    ------- -------    ------- -------    ----
   1 !  930.3   0.0    6e-284  3.3e-280       1     847 []      16     874 ..      16     874 .. 0.96



Internal pipeline statistics summary:
-------------------------------------
Query model(s):                            1  (847 nodes)
Target sequences:                       5431  (1645892 residues searched)
Passed MSV filter:                       107  (0.0197017); expected 108.6 (0.02)
Passed bias filter:                       83  (0.0152826); expected 108.6 (0.02)
Passed Vit filter:                        10  (0.00184128); expected 5.4 (0.001)
Passed Fwd filter:                         3  (0.000552384); expected 0.1 (1e-05)
Initial search space (Z):               5431  [actual number of targets]
Domain search space  (domZ):               1  [number of targets reported over threshold]
# CPU time: 0.10u 0.01s 00:00:00.11 Elapsed: 00:00:00.12
# Mc/sec: 11267.22
//
Query:       TIGR00362  [M=437]
Accession:   TIGR00362
Description: DnaA: chromosomal replication initiator protein DnaA
Scores for complete sequences (score includes all domains):
   --- full sequence ---   --- best 1 domain ---    -#dom-
    E-value  score  bias    E-value  score  bias    exp  N  Sequence                 Description
    ------- ------ -----    ------- ------ -----   ---- --  --------                 -----------
   8.3e-133  441.8   0.0   9.4e-133  441.7   0.0    1.0  1  NZ_JBHLYO010000023.1_124  # 119219 # 120757 # -1 # ID=23_124;partial=00;start_type=ATG;rbs_motif=GGA/GAG/AGG;rbs_spacer=5-10bp;gc_cont=0.658


Domain annotation for each sequence:
>> NZ_JBHLYO010000023.1_124  # 119219 # 120757 # -1 # ID=23_124;partial=00;start_type=ATG;rbs_motif=GGA/GAG/AGG;rbs_spacer=5-10bp;gc_cont=0.658
   #    score  bias  c-Evalue  i-Evalue hmmfrom  hmm to    alifrom  ali to    envfrom  env to     acc
 ---   ------ ----- --------- --------- ------- -------    ------- -------    ------- -------    ----
   1 !  441.7   0.0  1.7e-136  9.4e-133       1     437 []      47     510 ..      47     510 .. 0.92



Internal pipeline statistics summary:
-------------------------------------
Query model(s):                            1  (437 nodes)
Target sequences:                       5431  (1645892 residues searched)
Passed MSV filter:                       182  (0.0335113); expected 108.6 (0.02)
Passed bias filter:                      167  (0.0307494); expected 108.6 (0.02)
Passed Vit filter:                        31  (0.00570797); expected 5.4 (0.001)
Passed Fwd filter:                         3  (0.000552384); expected 0.1 (1e-05)
Initial search space (Z):               5431  [actual number of targets]
Domain search space  (domZ):               1  [number of targets reported over threshold]
# CPU time: 0.07u 0.01s 00:00:00.08 Elapsed: 00:00:00.09
# Mc/sec: 7350.45
//
Query:       TIGR00373  [M=162]
Accession:   TIGR00373
Description: TIGR00373: transcription factor E
Scores for complete sequences (score includes all domains):
   --- full sequence ---   --- best 1 domain ---    -#dom-
    E-value  score  bias    E-value  score  bias    exp  N  Sequence Description
    ------- ------ -----    ------- ------ -----   ---- --  -------- -----------

   [No hits detected that satisfy reporting thresholds]


Domain annotation for each sequence:

   [No targets detected that satisfy reporting thresholds]


Internal pipeline statistics summary:
-------------------------------------
Query model(s):                            1  (162 nodes)
Target sequences:                       5431  (1645892 residues searched)
Passed MSV filter:                       121  (0.0222795); expected 108.6 (0.02)
Passed bias filter:                      116  (0.0213589); expected 108.6 (0.02)
Passed Vit filter:                        23  (0.00423495); expected 5.4 (0.001)
Passed Fwd filter:                         0  (0); expected 0.1 (1e-05)
Initial search space (Z):               5431  [actual number of targets]
Domain search space  (domZ):               0  [number of targets reported over threshold]
# CPU time: 0.02u 0.00s 00:00:00.02 Elapsed: 00:00:00.04
# Mc/sec: 6151.78
//
Query:       TIGR00382  [M=414]
Accession:   TIGR00382
Description: clpX: ATP-dependent Clp protease, ATP-binding subunit ClpX
Scores for complete sequences (score includes all domains):
   --- full sequence ---   --- best 1 domain ---    -#dom-
    E-value  score  bias    E-value  score  bias    exp  N  Sequence                 Description
    ------- ------ -----    ------- ------ -----   ---- --  --------                 -----------
   7.4e-202  669.0   0.5   9.4e-202  668.7   0.5    1.0  1  NZ_JBHLYO010000015.1_218  # 233151 # 234428 # -1 # ID=15_218;partial=00;start_type=ATG;rbs_motif=GGAG/GAGG;rbs_spacer=5-10bp;gc_cont=0.615
    6.7e-57  191.6   1.1      2e-23   81.3   0.0    3.4  0  NZ_JBHLYO010000023.1_1    # 145 # 1458 # -1 # ID=23_1;partial=00;start_type=ATG;rbs_motif=GGA/GAG/AGG;rbs_spacer=11-12bp;gc_cont=0.647


Domain annotation for each sequence:
>> NZ_JBHLYO010000015.1_218  # 233151 # 234428 # -1 # ID=15_218;partial=00;start_type=ATG;rbs_motif=GGAG/GAGG;rbs_spacer=5-10bp;gc_cont=0.615
   #    score  bias  c-Evalue  i-Evalue hmmfrom  hmm to    alifrom  ali to    envfrom  env to     acc
 ---   ------ ----- --------- --------- ------- -------    ------- -------    ------- -------    ----
   1 !  668.7   0.5  3.5e-205  9.4e-202       5     411 ..      11     408 ..       7     411 .. 0.96

>> NZ_JBHLYO010000023.1_1  # 145 # 1458 # -1 # ID=23_1;partial=00;start_type=ATG;rbs_motif=GGA/GAG/AGG;rbs_spacer=11-12bp;gc_cont=0.647
   [No individual domains that satisfy reporting thresholds (although complete target did)]



Internal pipeline statistics summary:
-------------------------------------
Query model(s):                            1  (414 nodes)
Target sequences:                       5431  (1645892 residues searched)
Passed MSV filter:                       289  (0.053213); expected 108.6 (0.02)
Passed bias filter:                      281  (0.05174); expected 108.6 (0.02)
Passed Vit filter:                        74  (0.0136255); expected 5.4 (0.001)
Passed Fwd filter:                        12  (0.00220954); expected 0.1 (1e-05)
Initial search space (Z):               5431  [actual number of targets]
Domain search space  (domZ):               2  [number of targets reported over threshold]
# CPU time: 0.09u 0.01s 00:00:00.10 Elapsed: 00:00:00.08
# Mc/sec: 7611.72
//
Query:       TIGR00392  [M=861]
Accession:   TIGR00392
Description: ileS: isoleucine--tRNA ligase
Scores for complete sequences (score includes all domains):
   --- full sequence ---   --- best 1 domain ---    -#dom-
    E-value  score  bias    E-value  score  bias    exp  N  Sequence                 Description
    ------- ------ -----    ------- ------ -----   ---- --  --------                 -----------
   4.6e-245  814.0   0.0   5.3e-245  813.8   0.0    1.0  1  NZ_JBHLYO010000011.1_291  # 300297 # 303284 # 1 # ID=11_291;partial=00;start_type=ATG;rbs_motif=None;rbs_spacer=None;gc_cont=0.639


Domain annotation for each sequence:
>> NZ_JBHLYO010000011.1_291  # 300297 # 303284 # 1 # ID=11_291;partial=00;start_type=ATG;rbs_motif=None;rbs_spacer=None;gc_cont=0.639
   #    score  bias  c-Evalue  i-Evalue hmmfrom  hmm to    alifrom  ali to    envfrom  env to     acc
 ---   ------ ----- --------- --------- ------- -------    ------- -------    ------- -------    ----
   1 !  813.8   0.0  9.7e-249  5.3e-245       2     859 ..      24     902 ..      23     904 .. 0.94



Internal pipeline statistics summary:
-------------------------------------
Query model(s):                            1  (861 nodes)
Target sequences:                       5431  (1645892 residues searched)
Passed MSV filter:                        81  (0.0149144); expected 108.6 (0.02)
Passed bias filter:                       78  (0.014362); expected 108.6 (0.02)
Passed Vit filter:                        15  (0.00276192); expected 5.4 (0.001)
Passed Fwd filter:                         7  (0.0012889); expected 0.1 (1e-05)
Initial search space (Z):               5431  [actual number of targets]
Domain search space  (domZ):               1  [number of targets reported over threshold]
# CPU time: 0.16u 0.01s 00:00:00.17 Elapsed: 00:00:00.16
# Mc/sec: 8654.10
//
Query:       TIGR00396  [M=843]
Accession:   TIGR00396
Description: leuS_bact: leucine--tRNA ligase
Scores for complete sequences (score includes all domains):
   --- full sequence ---   --- best 1 domain ---    -#dom-
    E-value  score  bias    E-value  score  bias    exp  N  Sequence                Description
    ------- ------ -----    ------- ------ -----   ---- --  --------                -----------
          0 1013.2   0.0          0 1013.0   0.0    1.0  1  NZ_JBHLYO010000012.1_21  # 17169 # 19790 # -1 # ID=12_21;partial=00;start_type=GTG;rbs_motif=GGAG/GAGG;rbs_spacer=5-10bp;gc_cont=0.632


Domain annotation for each sequence:
>> NZ_JBHLYO010000012.1_21  # 17169 # 19790 # -1 # ID=12_21;partial=00;start_type=GTG;rbs_motif=GGAG/GAGG;rbs_spacer=5-10bp;gc_cont=0.632
   #    score  bias  c-Evalue  i-Evalue hmmfrom  hmm to    alifrom  ali to    envfrom  env to     acc
 ---   ------ ----- --------- --------- ------- -------    ------- -------    ------- -------    ----
   1 ! 1013.0   0.0         0         0       1     842 [.       6     873 ..       6     873 .. 0.95



Internal pipeline statistics summary:
-------------------------------------
Query model(s):                            1  (843 nodes)
Target sequences:                       5431  (1645892 residues searched)
Passed MSV filter:                        83  (0.0152826); expected 108.6 (0.02)
Passed bias filter:                       83  (0.0152826); expected 108.6 (0.02)
Passed Vit filter:                        15  (0.00276192); expected 5.4 (0.001)
Passed Fwd filter:                         5  (0.000920641); expected 0.1 (1e-05)
Initial search space (Z):               5431  [actual number of targets]
Domain search space  (domZ):               1  [number of targets reported over threshold]
# CPU time: 0.14u 0.01s 00:00:00.15 Elapsed: 00:00:00.16
# Mc/sec: 8670.01
//
Query:       TIGR00398  [M=530]
Accession:   TIGR00398
Description: metG: methionine--tRNA ligase
Scores for complete sequences (score includes all domains):
   --- full sequence ---   --- best 1 domain ---    -#dom-
    E-value  score  bias    E-value  score  bias    exp  N  Sequence                 Description
    ------- ------ -----    ------- ------ -----   ---- --  --------                 -----------
   4.1e-147  489.3   0.0   1.4e-145  484.2   0.0    2.0  1  NZ_JBHLYO010000015.1_159  # 170431 # 171990 # 1 # ID=15_159;partial=00;start_type=ATG;rbs_motif=None;rbs_spacer=None;gc_cont=0.615


Domain annotation for each sequence:
>> NZ_JBHLYO010000015.1_159  # 170431 # 171990 # 1 # ID=15_159;partial=00;start_type=ATG;rbs_motif=None;rbs_spacer=None;gc_cont=0.615
   #    score  bias  c-Evalue  i-Evalue hmmfrom  hmm to    alifrom  ali to    envfrom  env to     acc
 ---   ------ ----- --------- --------- ------- -------    ------- -------    ------- -------    ----
   1 !  484.2   0.0  2.6e-149  1.4e-145       1     507 [.       6     485 ..       6     514 .. 0.94



Internal pipeline statistics summary:
-------------------------------------
Query model(s):                            1  (530 nodes)
Target sequences:                       5431  (1645892 residues searched)
Passed MSV filter:                        80  (0.0147303); expected 108.6 (0.02)
Passed bias filter:                       79  (0.0145461); expected 108.6 (0.02)
Passed Vit filter:                        14  (0.00257779); expected 5.4 (0.001)
Passed Fwd filter:                         7  (0.0012889); expected 0.1 (1e-05)
Initial search space (Z):               5431  [actual number of targets]
Domain search space  (domZ):               1  [number of targets reported over threshold]
# CPU time: 0.09u 0.01s 00:00:00.10 Elapsed: 00:00:00.10
# Mc/sec: 8202.48
//
Query:       TIGR00405  [M=145]
Accession:   TIGR00405
Description: KOW_elon_Spt5: transcription elongation factor Spt5
Scores for complete sequences (score includes all domains):
   --- full sequence ---   --- best 1 domain ---    -#dom-
    E-value  score  bias    E-value  score  bias    exp  N  Sequence Description
    ------- ------ -----    ------- ------ -----   ---- --  -------- -----------

   [No hits detected that satisfy reporting thresholds]


Domain annotation for each sequence:

   [No targets detected that satisfy reporting thresholds]


Internal pipeline statistics summary:
-------------------------------------
Query model(s):                            1  (145 nodes)
Target sequences:                       5431  (1645892 residues searched)
Passed MSV filter:                       135  (0.0248573); expected 108.6 (0.02)
Passed bias filter:                      118  (0.0217271); expected 108.6 (0.02)
Passed Vit filter:                        12  (0.00220954); expected 5.4 (0.001)
Passed Fwd filter:                         2  (0.000368256); expected 0.1 (1e-05)
Initial search space (Z):               5431  [actual number of targets]
Domain search space  (domZ):               0  [number of targets reported over threshold]
# CPU time: 0.02u 0.00s 00:00:00.02 Elapsed: 00:00:00.03
# Mc/sec: 6039.05
//
Query:       TIGR00414  [M=418]
Accession:   TIGR00414
Description: serS: serine--tRNA ligase
Scores for complete sequences (score includes all domains):
   --- full sequence ---   --- best 1 domain ---    -#dom-
    E-value  score  bias    E-value  score  bias    exp  N  Sequence                 Description
    ------- ------ -----    ------- ------ -----   ---- --  --------                 -----------
   7.8e-152  504.3   0.0   8.8e-152  504.1   0.0    1.0  1  NZ_JBHLYO010000015.1_396  # 405414 # 406733 # -1 # ID=15_396;partial=00;start_type=ATG;rbs_motif=None;rbs_spacer=None;gc_cont=0.639


Domain annotation for each sequence:
>> NZ_JBHLYO010000015.1_396  # 405414 # 406733 # -1 # ID=15_396;partial=00;start_type=ATG;rbs_motif=None;rbs_spacer=None;gc_cont=0.639
   #    score  bias  c-Evalue  i-Evalue hmmfrom  hmm to    alifrom  ali to    envfrom  env to     acc
 ---   ------ ----- --------- --------- ------- -------    ------- -------    ------- -------    ----
   1 !  504.1   0.0  1.6e-155  8.8e-152       1     418 []       1     430 [.       1     430 [. 0.97



Internal pipeline statistics summary:
-------------------------------------
Query model(s):                            1  (418 nodes)
Target sequences:                       5431  (1645892 residues searched)
Passed MSV filter:                       135  (0.0248573); expected 108.6 (0.02)
Passed bias filter:                      111  (0.0204382); expected 108.6 (0.02)
Passed Vit filter:                        12  (0.00220954); expected 5.4 (0.001)
Passed Fwd filter:                         5  (0.000920641); expected 0.1 (1e-05)
Initial search space (Z):               5431  [actual number of targets]
Domain search space  (domZ):               1  [number of targets reported over threshold]
# CPU time: 0.07u 0.00s 00:00:00.07 Elapsed: 00:00:00.07
# Mc/sec: 9212.46
//
Query:       TIGR00416  [M=454]
Accession:   TIGR00416
Description: sms: DNA repair protein RadA
Scores for complete sequences (score includes all domains):
   --- full sequence ---   --- best 1 domain ---    -#dom-
    E-value  score  bias    E-value  score  bias    exp  N  Sequence                Description
    ------- ------ -----    ------- ------ -----   ---- --  --------                -----------
   1.5e-165  549.6   0.3   1.7e-165  549.4   0.3    1.0  1  NZ_JBHLYO010000010.1_96  # 111962 # 113383 # 1 # ID=10_96;partial=00;start_type=TTG;rbs_motif=GGA/GAG/AGG;rbs_spacer=5-10bp;gc_cont=0.677


Domain annotation for each sequence:
>> NZ_JBHLYO010000010.1_96  # 111962 # 113383 # 1 # ID=10_96;partial=00;start_type=TTG;rbs_motif=GGA/GAG/AGG;rbs_spacer=5-10bp;gc_cont=0.677
   #    score  bias  c-Evalue  i-Evalue hmmfrom  hmm to    alifrom  ali to    envfrom  env to     acc
 ---   ------ ----- --------- --------- ------- -------    ------- -------    ------- -------    ----
   1 !  549.4   0.3    3e-169  1.7e-165       1     426 [.       1     422 [.       1     449 [. 0.95



Internal pipeline statistics summary:
-------------------------------------
Query model(s):                            1  (454 nodes)
Target sequences:                       5431  (1645892 residues searched)
Passed MSV filter:                       275  (0.0506352); expected 108.6 (0.02)
Passed bias filter:                      254  (0.0467686); expected 108.6 (0.02)
Passed Vit filter:                        72  (0.0132572); expected 5.4 (0.001)
Passed Fwd filter:                         8  (0.00147303); expected 0.1 (1e-05)
Initial search space (Z):               5431  [actual number of targets]
Domain search space  (domZ):               1  [number of targets reported over threshold]
# CPU time: 0.10u 0.00s 00:00:00.10 Elapsed: 00:00:00.10
# Mc/sec: 7103.55
//
Query:       TIGR00420  [M=351]
Accession:   TIGR00420
Description: trmU: tRNA (5-methylaminomethyl-2-thiouridylate)-methyltransferase
Scores for complete sequences (score includes all domains):
   --- full sequence ---   --- best 1 domain ---    -#dom-
    E-value  score  bias    E-value  score  bias    exp  N  Sequence                 Description
    ------- ------ -----    ------- ------ -----   ---- --  --------                 -----------
      1e-99  332.0   0.0    1.1e-99  331.8   0.0    1.0  1  NZ_JBHLYO010000022.1_211  # 218094 # 219281 # -1 # ID=22_211;partial=00;start_type=ATG;rbs_motif=3Base/5BMM;rbs_spacer=13-15bp;gc_cont=0.665


Domain annotation for each sequence:
>> NZ_JBHLYO010000022.1_211  # 218094 # 219281 # -1 # ID=22_211;partial=00;start_type=ATG;rbs_motif=3Base/5BMM;rbs_spacer=13-15bp;gc_cont=0.665
   #    score  bias  c-Evalue  i-Evalue hmmfrom  hmm to    alifrom  ali to    envfrom  env to     acc
 ---   ------ ----- --------- --------- ------- -------    ------- -------    ------- -------    ----
   1 !  331.8   0.0  2.1e-103   1.1e-99       2     351 .]      28     385 ..      27     385 .. 0.94



Internal pipeline statistics summary:
-------------------------------------
Query model(s):                            1  (351 nodes)
Target sequences:                       5431  (1645892 residues searched)
Passed MSV filter:                        72  (0.0132572); expected 108.6 (0.02)
Passed bias filter:                       70  (0.012889); expected 108.6 (0.02)
Passed Vit filter:                        11  (0.00202541); expected 5.4 (0.001)
Passed Fwd filter:                         4  (0.000736513); expected 0.1 (1e-05)
Initial search space (Z):               5431  [actual number of targets]
Domain search space  (domZ):               1  [number of targets reported over threshold]
# CPU time: 0.05u 0.00s 00:00:00.05 Elapsed: 00:00:00.04
# Mc/sec: 12518.59
//
Query:       TIGR00431  [M=210]
Accession:   TIGR00431
Description: TruB: tRNA pseudouridine(55) synthase
Scores for complete sequences (score includes all domains):
   --- full sequence ---   --- best 1 domain ---    -#dom-
    E-value  score  bias    E-value  score  bias    exp  N  Sequence                Description
    ------- ------ -----    ------- ------ -----   ---- --  --------                -----------
    7.9e-68  226.5   0.0    9.7e-68  226.2   0.0    1.1  1  NZ_JBHLYO010000028.1_53  # 56492 # 57400 # 1 # ID=28_53;partial=00;start_type=GTG;rbs_motif=AGGA;rbs_spacer=5-10bp;gc_cont=0.694


Domain annotation for each sequence:
>> NZ_JBHLYO010000028.1_53  # 56492 # 57400 # 1 # ID=28_53;partial=00;start_type=GTG;rbs_motif=AGGA;rbs_spacer=5-10bp;gc_cont=0.694
   #    score  bias  c-Evalue  i-Evalue hmmfrom  hmm to    alifrom  ali to    envfrom  env to     acc
 ---   ------ ----- --------- --------- ------- -------    ------- -------    ------- -------    ----
   1 !  226.2   0.0   1.8e-71   9.7e-68       2     208 ..      13     218 ..      12     220 .. 0.98



Internal pipeline statistics summary:
-------------------------------------
Query model(s):                            1  (210 nodes)
Target sequences:                       5431  (1645892 residues searched)
Passed MSV filter:                        98  (0.0180446); expected 108.6 (0.02)
Passed bias filter:                       88  (0.0162033); expected 108.6 (0.02)
Passed Vit filter:                         6  (0.00110477); expected 5.4 (0.001)
Passed Fwd filter:                         1  (0.000184128); expected 0.1 (1e-05)
Initial search space (Z):               5431  [actual number of targets]
Domain search space  (domZ):               1  [number of targets reported over threshold]
# CPU time: 0.03u 0.00s 00:00:00.03 Elapsed: 00:00:00.04
# Mc/sec: 7208.10
//
Query:       TIGR00435  [M=466]
Accession:   TIGR00435
Description: cysS: cysteine--tRNA ligase
Scores for complete sequences (score includes all domains):
   --- full sequence ---   --- best 1 domain ---    -#dom-
    E-value  score  bias    E-value  score  bias    exp  N  Sequence                 Description
    ------- ------ -----    ------- ------ -----   ---- --  --------                 -----------
   1.7e-130  434.4   0.0   7.3e-130  432.4   0.0    1.7  1  NZ_JBHLYO010000010.1_474  # 515866 # 517287 # -1 # ID=10_474;partial=00;start_type=ATG;rbs_motif=AGGA;rbs_spacer=5-10bp;gc_cont=0.639


Domain annotation for each sequence:
>> NZ_JBHLYO010000010.1_474  # 515866 # 517287 # -1 # ID=10_474;partial=00;start_type=ATG;rbs_motif=AGGA;rbs_spacer=5-10bp;gc_cont=0.639
   #    score  bias  c-Evalue  i-Evalue hmmfrom  hmm to    alifrom  ali to    envfrom  env to     acc
 ---   ------ ----- --------- --------- ------- -------    ------- -------    ------- -------    ----
   1 !  432.4   0.0  1.3e-133  7.3e-130       1     459 [.       8     459 ..       8     468 .. 0.87



Internal pipeline statistics summary:
-------------------------------------
Query model(s):                            1  (466 nodes)
Target sequences:                       5431  (1645892 residues searched)
Passed MSV filter:                        89  (0.0163874); expected 108.6 (0.02)
Passed bias filter:                       84  (0.0154668); expected 108.6 (0.02)
Passed Vit filter:                        13  (0.00239367); expected 5.4 (0.001)
Passed Fwd filter:                         7  (0.0012889); expected 0.1 (1e-05)
Initial search space (Z):               5431  [actual number of targets]
Domain search space  (domZ):               1  [number of targets reported over threshold]
# CPU time: 0.08u 0.00s 00:00:00.08 Elapsed: 00:00:00.09
# Mc/sec: 8031.36
//
Query:       TIGR00436  [M=270]
Accession:   TIGR00436
Description: era: GTP-binding protein Era
Scores for complete sequences (score includes all domains):
   --- full sequence ---   --- best 1 domain ---    -#dom-
    E-value  score  bias    E-value  score  bias    exp  N  Sequence                 Description
    ------- ------ -----    ------- ------ -----   ---- --  --------                 -----------
    1.9e-75  251.9   0.0    2.2e-75  251.7   0.0    1.0  1  NZ_JBHLYO010000020.1_91   # 98269 # 99183 # 1 # ID=20_91;partial=00;start_type=GTG;rbs_motif=AGGAG;rbs_spacer=5-10bp;gc_cont=0.607
    2.9e-39  133.3   0.0    1.5e-20   71.9   0.0    2.1  0  NZ_JBHLYO010000010.1_103  # 119439 # 120887 # -1 # ID=10_103;partial=00;start_type=ATG;rbs_motif=GGA/GAG/AGG;rbs_spacer=5-10bp;gc_cont=0.660


Domain annotation for each sequence:
>> NZ_JBHLYO010000020.1_91  # 98269 # 99183 # 1 # ID=20_91;partial=00;start_type=GTG;rbs_motif=AGGAG;rbs_spacer=5-10bp;gc_cont=0.607
   #    score  bias  c-Evalue  i-Evalue hmmfrom  hmm to    alifrom  ali to    envfrom  env to     acc
 ---   ------ ----- --------- --------- ------- -------    ------- -------    ------- -------    ----
   1 !  251.7   0.0   8.1e-79   2.2e-75       1     270 []      10     280 ..      10     280 .. 0.99

>> NZ_JBHLYO010000010.1_103  # 119439 # 120887 # -1 # ID=10_103;partial=00;start_type=ATG;rbs_motif=GGA/GAG/AGG;rbs_spacer=5-10bp;gc_cont=0.660
   [No individual domains that satisfy reporting thresholds (although complete target did)]



Internal pipeline statistics summary:
-------------------------------------
Query model(s):                            1  (270 nodes)
Target sequences:                       5431  (1645892 residues searched)
Passed MSV filter:                       278  (0.0511876); expected 108.6 (0.02)
Passed bias filter:                      276  (0.0508194); expected 108.6 (0.02)
Passed Vit filter:                       161  (0.0296446); expected 5.4 (0.001)
Passed Fwd filter:                        14  (0.00257779); expected 0.1 (1e-05)
Initial search space (Z):               5431  [actual number of targets]
Domain search space  (domZ):               2  [number of targets reported over threshold]
# CPU time: 0.09u 0.00s 00:00:00.09 Elapsed: 00:00:00.09
# Mc/sec: 4452.49
//
Query:       TIGR00442  [M=406]
Accession:   TIGR00442
Description: hisS: histidine--tRNA ligase
Scores for complete sequences (score includes all domains):
   --- full sequence ---   --- best 1 domain ---    -#dom-
    E-value  score  bias    E-value  score  bias    exp  N  Sequence                 Description
    ------- ------ -----    ------- ------ -----   ---- --  --------                 -----------
   3.3e-115  383.5   0.0   3.9e-115  383.3   0.0    1.0  1  NZ_JBHLYO010000011.1_271  # 278596 # 280035 # 1 # ID=11_271;partial=00;start_type=ATG;rbs_motif=AGGA;rbs_spacer=5-10bp;gc_cont=0.628


Domain annotation for each sequence:
>> NZ_JBHLYO010000011.1_271  # 278596 # 280035 # 1 # ID=11_271;partial=00;start_type=ATG;rbs_motif=AGGA;rbs_spacer=5-10bp;gc_cont=0.628
   #    score  bias  c-Evalue  i-Evalue hmmfrom  hmm to    alifrom  ali to    envfrom  env to     acc
 ---   ------ ----- --------- --------- ------- -------    ------- -------    ------- -------    ----
   1 !  383.3   0.0  7.1e-119  3.9e-115       2     403 ..      12     437 ..      11     440 .. 0.92



Internal pipeline statistics summary:
-------------------------------------
Query model(s):                            1  (406 nodes)
Target sequences:                       5431  (1645892 residues searched)
Passed MSV filter:                       110  (0.0202541); expected 108.6 (0.02)
Passed bias filter:                      105  (0.0193335); expected 108.6 (0.02)
Passed Vit filter:                        22  (0.00405082); expected 5.4 (0.001)
Passed Fwd filter:                         7  (0.0012889); expected 0.1 (1e-05)
Initial search space (Z):               5431  [actual number of targets]
Domain search space  (domZ):               1  [number of targets reported over threshold]
# CPU time: 0.07u 0.00s 00:00:00.07 Elapsed: 00:00:00.07
# Mc/sec: 9042.60
//
Query:       TIGR00445  [M=321]
Accession:   TIGR00445
Description: mraY: phospho-N-acetylmuramoyl-pentapeptide-transferase
Scores for complete sequences (score includes all domains):
   --- full sequence ---   --- best 1 domain ---    -#dom-
    E-value  score  bias    E-value  score  bias    exp  N  Sequence                 Description
    ------- ------ -----    ------- ------ -----   ---- --  --------                 -----------
   1.7e-122  407.1  13.1   2.1e-122  406.9  13.1    1.0  1  NZ_JBHLYO010000009.1_183  # 187887 # 188972 # 1 # ID=9_183;partial=00;start_type=ATG;rbs_motif=AGGA/GGAG/GAGG;rbs_spacer=11-12bp;gc_cont=0.626


Domain annotation for each sequence:
>> NZ_JBHLYO010000009.1_183  # 187887 # 188972 # 1 # ID=9_183;partial=00;start_type=ATG;rbs_motif=AGGA/GGAG/GAGG;rbs_spacer=11-12bp;gc_cont=0.626
   #    score  bias  c-Evalue  i-Evalue hmmfrom  hmm to    alifrom  ali to    envfrom  env to     acc
 ---   ------ ----- --------- --------- ------- -------    ------- -------    ------- -------    ----
   1 !  406.9  13.1  3.8e-126  2.1e-122       3     321 .]      38     361 ..      36     361 .. 0.97



Internal pipeline statistics summary:
-------------------------------------
Query model(s):                            1  (321 nodes)
Target sequences:                       5431  (1645892 residues searched)
Passed MSV filter:                       236  (0.0434542); expected 108.6 (0.02)
Passed bias filter:                       75  (0.0138096); expected 108.6 (0.02)
Passed Vit filter:                        11  (0.00202541); expected 5.4 (0.001)
Passed Fwd filter:                         2  (0.000368256); expected 0.1 (1e-05)
Initial search space (Z):               5431  [actual number of targets]
Domain search space  (domZ):               1  [number of targets reported over threshold]
# CPU time: 0.04u 0.00s 00:00:00.04 Elapsed: 00:00:00.06
# Mc/sec: 8438.99
//
Query:       TIGR00448  [M=179]
Accession:   TIGR00448
Description: rpoE: DNA-directed RNA polymerase
Scores for complete sequences (score includes all domains):
   --- full sequence ---   --- best 1 domain ---    -#dom-
    E-value  score  bias    E-value  score  bias    exp  N  Sequence Description
    ------- ------ -----    ------- ------ -----   ---- --  -------- -----------

   [No hits detected that satisfy reporting thresholds]


Domain annotation for each sequence:

   [No targets detected that satisfy reporting thresholds]


Internal pipeline statistics summary:
-------------------------------------
Query model(s):                            1  (179 nodes)
Target sequences:                       5431  (1645892 residues searched)
Passed MSV filter:                       113  (0.0208065); expected 108.6 (0.02)
Passed bias filter:                      106  (0.0195176); expected 108.6 (0.02)
Passed Vit filter:                        13  (0.00239367); expected 5.4 (0.001)
Passed Fwd filter:                         4  (0.000736513); expected 0.1 (1e-05)
Initial search space (Z):               5431  [actual number of targets]
Domain search space  (domZ):               0  [number of targets reported over threshold]
# CPU time: 0.04u 0.00s 00:00:00.04 Elapsed: 00:00:00.04
# Mc/sec: 6702.34
//
Query:       TIGR00456  [M=569]
Accession:   TIGR00456
Description: argS: arginine--tRNA ligase
Scores for complete sequences (score includes all domains):
   --- full sequence ---   --- best 1 domain ---    -#dom-
    E-value  score  bias    E-value  score  bias    exp  N  Sequence                 Description
    ------- ------ -----    ------- ------ -----   ---- --  --------                 -----------
   7.5e-114  379.3   0.0   9.8e-114  378.9   0.0    1.1  1  NZ_JBHLYO010000010.1_466  # 507553 # 509292 # -1 # ID=10_466;partial=00;start_type=TTG;rbs_motif=AGGA;rbs_spacer=5-10bp;gc_cont=0.613
   1.7e-107  358.4   0.0   7.5e-107  356.2   0.0    1.8  1  NZ_JBHLYO010000015.1_404  # 413744 # 415492 # -1 # ID=15_404;partial=00;start_type=ATG;rbs_motif=GGA/GAG/AGG;rbs_spacer=5-10bp;gc_cont=0.633


Domain annotation for each sequence:
>> NZ_JBHLYO010000010.1_466  # 507553 # 509292 # -1 # ID=10_466;partial=00;start_type=TTG;rbs_motif=AGGA;rbs_spacer=5-10bp;gc_cont=0.613
   #    score  bias  c-Evalue  i-Evalue hmmfrom  hmm to    alifrom  ali to    envfrom  env to     acc
 ---   ------ ----- --------- --------- ------- -------    ------- -------    ------- -------    ----
   1 !  378.9   0.0  3.6e-117  9.8e-114      25     569 .]      28     579 ..       9     579 .. 0.91

>> NZ_JBHLYO010000015.1_404  # 413744 # 415492 # -1 # ID=15_404;partial=00;start_type=ATG;rbs_motif=GGA/GAG/AGG;rbs_spacer=5-10bp;gc_cont=0.633
   #    score  bias  c-Evalue  i-Evalue hmmfrom  hmm to    alifrom  ali to    envfrom  env to     acc
 ---   ------ ----- --------- --------- ------- -------    ------- -------    ------- -------    ----
   1 !  356.2   0.0  2.8e-110  7.5e-107      21     568 ..      27     580 ..       9     581 .. 0.90



Internal pipeline statistics summary:
-------------------------------------
Query model(s):                            1  (569 nodes)
Target sequences:                       5431  (1645892 residues searched)
Passed MSV filter:                        98  (0.0180446); expected 108.6 (0.02)
Passed bias filter:                       89  (0.0163874); expected 108.6 (0.02)
Passed Vit filter:                        19  (0.00349843); expected 5.4 (0.001)
Passed Fwd filter:                         5  (0.000920641); expected 0.1 (1e-05)
Initial search space (Z):               5431  [actual number of targets]
Domain search space  (domZ):               2  [number of targets reported over threshold]
# CPU time: 0.10u 0.01s 00:00:00.11 Elapsed: 00:00:00.09
# Mc/sec: 9834.95
//
Query:       TIGR00459  [M=586]
Accession:   TIGR00459
Description: aspS_bact: aspartate--tRNA ligase
Scores for complete sequences (score includes all domains):
   --- full sequence ---   --- best 1 domain ---    -#dom-
    E-value  score  bias    E-value  score  bias    exp  N  Sequence                 Description
    ------- ------ -----    ------- ------ -----   ---- --  --------                 -----------
   1.3e-175  583.4   0.0   1.6e-175  583.0   0.0    1.0  1  NZ_JBHLYO010000015.1_244  # 262077 # 263915 # -1 # ID=15_244;partial=00;start_type=ATG;rbs_motif=None;rbs_spacer=None;gc_cont=0.641


Domain annotation for each sequence:
>> NZ_JBHLYO010000015.1_244  # 262077 # 263915 # -1 # ID=15_244;partial=00;start_type=ATG;rbs_motif=None;rbs_spacer=None;gc_cont=0.641
   #    score  bias  c-Evalue  i-Evalue hmmfrom  hmm to    alifrom  ali to    envfrom  env to     acc
 ---   ------ ----- --------- --------- ------- -------    ------- -------    ------- -------    ----
   1 !  583.0   0.0    3e-179  1.6e-175       3     582 ..      22     605 ..      20     610 .. 0.97



Internal pipeline statistics summary:
-------------------------------------
Query model(s):                            1  (586 nodes)
Target sequences:                       5431  (1645892 residues searched)
Passed MSV filter:                        95  (0.0174922); expected 108.6 (0.02)
Passed bias filter:                       89  (0.0163874); expected 108.6 (0.02)
Passed Vit filter:                         7  (0.0012889); expected 5.4 (0.001)
Passed Fwd filter:                         2  (0.000368256); expected 0.1 (1e-05)
Initial search space (Z):               5431  [actual number of targets]
Domain search space  (domZ):               1  [number of targets reported over threshold]
# CPU time: 0.07u 0.00s 00:00:00.07 Elapsed: 00:00:00.06
# Mc/sec: 15754.84
//
Query:       TIGR00460  [M=315]
Accession:   TIGR00460
Description: fmt: methionyl-tRNA formyltransferase
Scores for complete sequences (score includes all domains):
   --- full sequence ---   --- best 1 domain ---    -#dom-
    E-value  score  bias    E-value  score  bias    exp  N  Sequence                Description
    ------- ------ -----    ------- ------ -----   ---- --  --------                -----------
      9e-81  269.6   0.0    1.1e-80  269.4   0.0    1.0  1  NZ_JBHLYO010000011.1_52  # 50809 # 51735 # 1 # ID=11_52;partial=00;start_type=ATG;rbs_motif=AGGAG/GGAGG;rbs_spacer=11-12bp;gc_cont=0.668


Domain annotation for each sequence:
>> NZ_JBHLYO010000011.1_52  # 50809 # 51735 # 1 # ID=11_52;partial=00;start_type=ATG;rbs_motif=AGGAG/GGAGG;rbs_spacer=11-12bp;gc_cont=0.668
   #    score  bias  c-Evalue  i-Evalue hmmfrom  hmm to    alifrom  ali to    envfrom  env to     acc
 ---   ------ ----- --------- --------- ------- -------    ------- -------    ------- -------    ----
   1 !  269.4   0.0     2e-84   1.1e-80       1     304 [.       1     299 [.       1     307 [. 0.94



Internal pipeline statistics summary:
-------------------------------------
Query model(s):                            1  (315 nodes)
Target sequences:                       5431  (1645892 residues searched)
Passed MSV filter:                        80  (0.0147303); expected 108.6 (0.02)
Passed bias filter:                       76  (0.0139937); expected 108.6 (0.02)
Passed Vit filter:                         9  (0.00165715); expected 5.4 (0.001)
Passed Fwd filter:                         3  (0.000552384); expected 0.1 (1e-05)
Initial search space (Z):               5431  [actual number of targets]
Domain search space  (domZ):               1  [number of targets reported over threshold]
# CPU time: 0.04u 0.00s 00:00:00.04 Elapsed: 00:00:00.05
# Mc/sec: 8744.14
//
Query:       TIGR00468  [M=324]
Accession:   TIGR00468
Description: pheS: phenylalanine--tRNA ligase, alpha subunit
Scores for complete sequences (score includes all domains):
   --- full sequence ---   --- best 1 domain ---    -#dom-
    E-value  score  bias    E-value  score  bias    exp  N  Sequence                 Description
    ------- ------ -----    ------- ------ -----   ---- --  --------                 -----------
    1.8e-95  318.2   0.0    5.5e-94  313.2   0.0    2.4  1  NZ_JBHLYO010000023.1_163  # 151060 # 152190 # 1 # ID=23_163;partial=00;start_type=ATG;rbs_motif=GGA/GAG/AGG;rbs_spacer=5-10bp;gc_cont=0.643


Domain annotation for each sequence:
>> NZ_JBHLYO010000023.1_163  # 151060 # 152190 # 1 # ID=23_163;partial=00;start_type=ATG;rbs_motif=GGA/GAG/AGG;rbs_spacer=5-10bp;gc_cont=0.643
   #    score  bias  c-Evalue  i-Evalue hmmfrom  hmm to    alifrom  ali to    envfrom  env to     acc
 ---   ------ ----- --------- --------- ------- -------    ------- -------    ------- -------    ----
   1 !  313.2   0.0     1e-97   5.5e-94       9     321 ..      48     359 ..      40     361 .. 0.92



Internal pipeline statistics summary:
-------------------------------------
Query model(s):                            1  (324 nodes)
Target sequences:                       5431  (1645892 residues searched)
Passed MSV filter:                       115  (0.0211747); expected 108.6 (0.02)
Passed bias filter:                      110  (0.0202541); expected 108.6 (0.02)
Passed Vit filter:                        10  (0.00184128); expected 5.4 (0.001)
Passed Fwd filter:                         2  (0.000368256); expected 0.1 (1e-05)
Initial search space (Z):               5431  [actual number of targets]
Domain search space  (domZ):               1  [number of targets reported over threshold]
# CPU time: 0.05u 0.00s 00:00:00.05 Elapsed: 00:00:00.06
# Mc/sec: 8621.99
//
Query:       TIGR00472  [M=798]
Accession:   TIGR00472
Description: pheT_bact: phenylalanine--tRNA ligase, beta subunit
Scores for complete sequences (score includes all domains):
   --- full sequence ---   --- best 1 domain ---    -#dom-
    E-value  score  bias    E-value  score  bias    exp  N  Sequence                 Description
    ------- ------ -----    ------- ------ -----   ---- --  --------                 -----------
   2.7e-208  692.2   0.0     3e-208  692.0   0.0    1.0  1  NZ_JBHLYO010000023.1_165  # 152958 # 155381 # 1 # ID=23_165;partial=00;start_type=ATG;rbs_motif=GGA/GAG/AGG;rbs_spacer=5-10bp;gc_cont=0.674


Domain annotation for each sequence:
>> NZ_JBHLYO010000023.1_165  # 152958 # 155381 # 1 # ID=23_165;partial=00;start_type=ATG;rbs_motif=GGA/GAG/AGG;rbs_spacer=5-10bp;gc_cont=0.674
   #    score  bias  c-Evalue  i-Evalue hmmfrom  hmm to    alifrom  ali to    envfrom  env to     acc
 ---   ------ ----- --------- --------- ------- -------    ------- -------    ------- -------    ----
   1 !  692.0   0.0  5.6e-212    3e-208       1     798 []       1     806 [.       1     806 [. 0.94



Internal pipeline statistics summary:
-------------------------------------
Query model(s):                            1  (798 nodes)
Target sequences:                       5431  (1645892 residues searched)
Passed MSV filter:                        77  (0.0141779); expected 108.6 (0.02)
Passed bias filter:                       73  (0.0134414); expected 108.6 (0.02)
Passed Vit filter:                         6  (0.00110477); expected 5.4 (0.001)
Passed Fwd filter:                         1  (0.000184128); expected 0.1 (1e-05)
Initial search space (Z):               5431  [actual number of targets]
Domain search space  (domZ):               1  [number of targets reported over threshold]
# CPU time: 0.08u 0.00s 00:00:00.08 Elapsed: 00:00:00.11
# Mc/sec: 11173.50
//
Query:       TIGR00483  [M=427]
Accession:   TIGR00483
Description: EF-1_alpha: translation elongation factor EF-1, subunit alpha
Scores for complete sequences (score includes all domains):
   --- full sequence ---   --- best 1 domain ---    -#dom-
    E-value  score  bias    E-value  score  bias    exp  N  Sequence Description
    ------- ------ -----    ------- ------ -----   ---- --  -------- -----------

   [No hits detected that satisfy reporting thresholds]


Domain annotation for each sequence:

   [No targets detected that satisfy reporting thresholds]


Internal pipeline statistics summary:
-------------------------------------
Query model(s):                            1  (427 nodes)
Target sequences:                       5431  (1645892 residues searched)
Passed MSV filter:                       112  (0.0206224); expected 108.6 (0.02)
Passed bias filter:                      105  (0.0193335); expected 108.6 (0.02)
Passed Vit filter:                        13  (0.00239367); expected 5.4 (0.001)
Passed Fwd filter:                         9  (0.00165715); expected 0.1 (1e-05)
Initial search space (Z):               5431  [actual number of targets]
Domain search space  (domZ):               0  [number of targets reported over threshold]
# CPU time: 0.10u 0.00s 00:00:00.10 Elapsed: 00:00:00.10
# Mc/sec: 6924.76
//
Query:       TIGR00487  [M=587]
Accession:   TIGR00487
Description: IF-2: translation initiation factor IF-2
Scores for complete sequences (score includes all domains):
   --- full sequence ---   --- best 1 domain ---    -#dom-
    E-value  score  bias    E-value  score  bias    exp  N  Sequence                Description
    ------- ------ -----    ------- ------ -----   ---- --  --------                -----------
     3e-243  807.1  18.6   3.8e-243  806.7  18.6    1.1  1  NZ_JBHLYO010000028.1_65  # 71081 # 73837 # -1 # ID=28_65;partial=00;start_type=ATG;rbs_motif=GGA/GAG/AGG;rbs_spacer=11-12bp;gc_cont=0.679


Domain annotation for each sequence:
>> NZ_JBHLYO010000028.1_65  # 71081 # 73837 # -1 # ID=28_65;partial=00;start_type=ATG;rbs_motif=GGA/GAG/AGG;rbs_spacer=11-12bp;gc_cont=0.679
   #    score  bias  c-Evalue  i-Evalue hmmfrom  hmm to    alifrom  ali to    envfrom  env to     acc
 ---   ------ ----- --------- --------- ------- -------    ------- -------    ------- -------    ----
   1 !  806.7  18.6    7e-247  3.8e-243       3     586 ..     335     918 ..     333     918 .. 0.98



Internal pipeline statistics summary:
-------------------------------------
Query model(s):                            1  (587 nodes)
Target sequences:                       5431  (1645892 residues searched)
Passed MSV filter:                       170  (0.0313018); expected 108.6 (0.02)
Passed bias filter:                      133  (0.024489); expected 108.6 (0.02)
Passed Vit filter:                        33  (0.00607623); expected 5.4 (0.001)
Passed Fwd filter:                        11  (0.00202541); expected 0.1 (1e-05)
Initial search space (Z):               5431  [actual number of targets]
Domain search space  (domZ):               1  [number of targets reported over threshold]
# CPU time: 0.12u 0.00s 00:00:00.12 Elapsed: 00:00:00.11
# Mc/sec: 8209.72
//
Query:       TIGR00491  [M=594]
Accession:   TIGR00491
Description: aIF-2: translation initiation factor aIF-2
Scores for complete sequences (score includes all domains):
   --- full sequence ---   --- best 1 domain ---    -#dom-
    E-value  score  bias    E-value  score  bias    exp  N  Sequence Description
    ------- ------ -----    ------- ------ -----   ---- --  -------- -----------

   [No hits detected that satisfy reporting thresholds]


Domain annotation for each sequence:

   [No targets detected that satisfy reporting thresholds]


Internal pipeline statistics summary:
-------------------------------------
Query model(s):                            1  (594 nodes)
Target sequences:                       5431  (1645892 residues searched)
Passed MSV filter:                       150  (0.0276192); expected 108.6 (0.02)
Passed bias filter:                      132  (0.0243049); expected 108.6 (0.02)
Passed Vit filter:                        24  (0.00441908); expected 5.4 (0.001)
Passed Fwd filter:                         8  (0.00147303); expected 0.1 (1e-05)
Initial search space (Z):               5431  [actual number of targets]
Domain search space  (domZ):               0  [number of targets reported over threshold]
# CPU time: 0.12u 0.00s 00:00:00.12 Elapsed: 00:00:00.12
# Mc/sec: 7905.68
//
Query:       TIGR00496  [M=176]
Accession:   TIGR00496
Description: frr: ribosome recycling factor
Scores for complete sequences (score includes all domains):
   --- full sequence ---   --- best 1 domain ---    -#dom-
    E-value  score  bias    E-value  score  bias    exp  N  Sequence                 Description
    ------- ------ -----    ------- ------ -----   ---- --  --------                 -----------
    1.9e-63  211.5   0.4    2.1e-63  211.3   0.4    1.0  1  NZ_JBHLYO010000015.1_113  # 119371 # 119931 # 1 # ID=15_113;partial=00;start_type=ATG;rbs_motif=GGAG/GAGG;rbs_spacer=5-10bp;gc_cont=0.647


Domain annotation for each sequence:
>> NZ_JBHLYO010000015.1_113  # 119371 # 119931 # 1 # ID=15_113;partial=00;start_type=ATG;rbs_motif=GGAG/GAGG;rbs_spacer=5-10bp;gc_cont=0.647
   #    score  bias  c-Evalue  i-Evalue hmmfrom  hmm to    alifrom  ali to    envfrom  env to     acc
 ---   ------ ----- --------- --------- ------- -------    ------- -------    ------- -------    ----
   1 !  211.3   0.4   3.9e-67   2.1e-63       1     176 []      11     186 ..      11     186 .. 0.99



Internal pipeline statistics summary:
-------------------------------------
Query model(s):                            1  (176 nodes)
Target sequences:                       5431  (1645892 residues searched)
Passed MSV filter:                        80  (0.0147303); expected 108.6 (0.02)
Passed bias filter:                       64  (0.0117842); expected 108.6 (0.02)
Passed Vit filter:                         8  (0.00147303); expected 5.4 (0.001)
Passed Fwd filter:                         1  (0.000184128); expected 0.1 (1e-05)
Initial search space (Z):               5431  [actual number of targets]
Domain search space  (domZ):               1  [number of targets reported over threshold]
# CPU time: 0.02u 0.00s 00:00:00.02 Elapsed: 00:00:00.02
# Mc/sec: 9939.63
//
Query:       TIGR00522  [M=258]
Accession:   TIGR00522
Description: dph5: diphthine synthase
Scores for complete sequences (score includes all domains):
   --- full sequence ---   --- best 1 domain ---    -#dom-
    E-value  score  bias    E-value  score  bias    exp  N  Sequence Description
    ------- ------ -----    ------- ------ -----   ---- --  -------- -----------

   [No hits detected that satisfy reporting thresholds]


Domain annotation for each sequence:

   [No targets detected that satisfy reporting thresholds]


Internal pipeline statistics summary:
-------------------------------------
Query model(s):                            1  (258 nodes)
Target sequences:                       5431  (1645892 residues searched)
Passed MSV filter:                       121  (0.0222795); expected 108.6 (0.02)
Passed bias filter:                      115  (0.0211747); expected 108.6 (0.02)
Passed Vit filter:                         9  (0.00165715); expected 5.4 (0.001)
Passed Fwd filter:                         1  (0.000184128); expected 0.1 (1e-05)
Initial search space (Z):               5431  [actual number of targets]
Domain search space  (domZ):               0  [number of targets reported over threshold]
# CPU time: 0.04u 0.00s 00:00:00.04 Elapsed: 00:00:00.04
# Mc/sec: 9941.59
//
Query:       TIGR00539  [M=361]
Accession:   TIGR00539
Description: hemN_rel: putative oxygen-independent coproporphyrinogen III oxidase
Scores for complete sequences (score includes all domains):
   --- full sequence ---   --- best 1 domain ---    -#dom-
    E-value  score  bias    E-value  score  bias    exp  N  Sequence                Description
    ------- ------ -----    ------- ------ -----   ---- --  --------                -----------
    9.8e-86  286.3   0.0    1.2e-85  286.0   0.0    1.0  1  NZ_JBHLYO010000023.1_36  # 28090 # 29241 # 1 # ID=23_36;partial=00;start_type=TTG;rbs_motif=GGAGG;rbs_spacer=5-10bp;gc_cont=0.660


Domain annotation for each sequence:
>> NZ_JBHLYO010000023.1_36  # 28090 # 29241 # 1 # ID=23_36;partial=00;start_type=TTG;rbs_motif=GGAGG;rbs_spacer=5-10bp;gc_cont=0.660
   #    score  bias  c-Evalue  i-Evalue hmmfrom  hmm to    alifrom  ali to    envfrom  env to     acc
 ---   ------ ----- --------- --------- ------- -------    ------- -------    ------- -------    ----
   1 !  286.0   0.0   2.2e-89   1.2e-85       3     328 ..       9     342 ..       7     356 .. 0.93



Internal pipeline statistics summary:
-------------------------------------
Query model(s):                            1  (361 nodes)
Target sequences:                       5431  (1645892 residues searched)
Passed MSV filter:                        91  (0.0167557); expected 108.6 (0.02)
Passed bias filter:                       88  (0.0162033); expected 108.6 (0.02)
Passed Vit filter:                        12  (0.00220954); expected 5.4 (0.001)
Passed Fwd filter:                         5  (0.000920641); expected 0.1 (1e-05)
Initial search space (Z):               5431  [actual number of targets]
Domain search space  (domZ):               1  [number of targets reported over threshold]
# CPU time: 0.06u 0.00s 00:00:00.06 Elapsed: 00:00:00.05
# Mc/sec: 9992.46
//
Query:       TIGR00580  [M=923]
Accession:   TIGR00580
Description: mfd: transcription-repair coupling factor
Scores for complete sequences (score includes all domains):
   --- full sequence ---   --- best 1 domain ---    -#dom-
    E-value  score  bias    E-value  score  bias    exp  N  Sequence                 Description
    ------- ------ -----    ------- ------ -----   ---- --  --------                 -----------
          0 1022.1   0.0          0 1021.8   0.0    1.0  1  NZ_JBHLYO010000015.1_293  # 310350 # 313847 # -1 # ID=15_293;partial=00;start_type=ATG;rbs_motif=AGxAG;rbs_spacer=11-12bp;gc_cont=0.654


Domain annotation for each sequence:
>> NZ_JBHLYO010000015.1_293  # 310350 # 313847 # -1 # ID=15_293;partial=00;start_type=ATG;rbs_motif=AGxAG;rbs_spacer=11-12bp;gc_cont=0.654
   #    score  bias  c-Evalue  i-Evalue hmmfrom  hmm to    alifrom  ali to    envfrom  env to     acc
 ---   ------ ----- --------- --------- ------- -------    ------- -------    ------- -------    ----
   1 ! 1021.8   0.0         0         0       3     922 ..     151    1090 ..     149    1091 .. 0.93



Internal pipeline statistics summary:
-------------------------------------
Query model(s):                            1  (923 nodes)
Target sequences:                       5431  (1645892 residues searched)
Passed MSV filter:                       137  (0.0252256); expected 108.6 (0.02)
Passed bias filter:                      106  (0.0195176); expected 108.6 (0.02)
Passed Vit filter:                        23  (0.00423495); expected 5.4 (0.001)
Passed Fwd filter:                        10  (0.00184128); expected 0.1 (1e-05)
Initial search space (Z):               5431  [actual number of targets]
Domain search space  (domZ):               1  [number of targets reported over threshold]
# CPU time: 0.15u 0.01s 00:00:00.16 Elapsed: 00:00:00.15
# Mc/sec: 9537.68
//
Query:       TIGR00593  [M=890]
Accession:   TIGR00593
Description: pola: DNA polymerase I
Scores for complete sequences (score includes all domains):
   --- full sequence ---   --- best 1 domain ---    -#dom-
    E-value  score  bias    E-value  score  bias    exp  N  Sequence               Description
    ------- ------ -----    ------- ------ -----   ---- --  --------               -----------
   1.9e-266  885.1   0.0   2.1e-266  884.9   0.0    1.0  1  NZ_JBHLYO010000028.1_6  # 3833 # 6751 # 1 # ID=28_6;partial=00;start_type=ATG;rbs_motif=GGA/GAG/AGG;rbs_spacer=5-10bp;gc_cont=0.657


Domain annotation for each sequence:
>> NZ_JBHLYO010000028.1_6  # 3833 # 6751 # 1 # ID=28_6;partial=00;start_type=ATG;rbs_motif=GGA/GAG/AGG;rbs_spacer=5-10bp;gc_cont=0.657
   #    score  bias  c-Evalue  i-Evalue hmmfrom  hmm to    alifrom  ali to    envfrom  env to     acc
 ---   ------ ----- --------- --------- ------- -------    ------- -------    ------- -------    ----
   1 !  884.9   0.0  3.9e-270  2.1e-266       1     890 []       3     972 ..       3     972 .. 0.89



Internal pipeline statistics summary:
-------------------------------------
Query model(s):                            1  (890 nodes)
Target sequences:                       5431  (1645892 residues searched)
Passed MSV filter:                       122  (0.0224636); expected 108.6 (0.02)
Passed bias filter:                       98  (0.0180446); expected 108.6 (0.02)
Passed Vit filter:                        15  (0.00276192); expected 5.4 (0.001)
Passed Fwd filter:                         2  (0.000368256); expected 0.1 (1e-05)
Initial search space (Z):               5431  [actual number of targets]
Domain search space  (domZ):               1  [number of targets reported over threshold]
# CPU time: 0.11u 0.01s 00:00:00.12 Elapsed: 00:00:00.15
# Mc/sec: 9214.26
//
Query:       TIGR00615  [M=196]
Accession:   TIGR00615
Description: recR: recombination protein RecR
Scores for complete sequences (score includes all domains):
   --- full sequence ---   --- best 1 domain ---    -#dom-
    E-value  score  bias    E-value  score  bias    exp  N  Sequence                Description
    ------- ------ -----    ------- ------ -----   ---- --  --------                -----------
    6.2e-57  190.5   0.0    6.9e-57  190.3   0.0    1.0  1  NZ_JBHLYO010000011.1_44  # 42804 # 43400 # 1 # ID=11_44;partial=00;start_type=ATG;rbs_motif=3Base/5BMM;rbs_spacer=13-15bp;gc_cont=0.663


Domain annotation for each sequence:
>> NZ_JBHLYO010000011.1_44  # 42804 # 43400 # 1 # ID=11_44;partial=00;start_type=ATG;rbs_motif=3Base/5BMM;rbs_spacer=13-15bp;gc_cont=0.663
   #    score  bias  c-Evalue  i-Evalue hmmfrom  hmm to    alifrom  ali to    envfrom  env to     acc
 ---   ------ ----- --------- --------- ------- -------    ------- -------    ------- -------    ----
   1 !  190.3   0.0   1.3e-60   6.9e-57       5     195 ..       6     195 ..       2     196 .. 0.96



Internal pipeline statistics summary:
-------------------------------------
Query model(s):                            1  (196 nodes)
Target sequences:                       5431  (1645892 residues searched)
Passed MSV filter:                       109  (0.02007); expected 108.6 (0.02)
Passed bias filter:                      103  (0.0189652); expected 108.6 (0.02)
Passed Vit filter:                        16  (0.00294605); expected 5.4 (0.001)
Passed Fwd filter:                         1  (0.000184128); expected 0.1 (1e-05)
Initial search space (Z):               5431  [actual number of targets]
Domain search space  (domZ):               1  [number of targets reported over threshold]
# CPU time: 0.03u 0.00s 00:00:00.03 Elapsed: 00:00:00.03
# Mc/sec: 8956.92
//
Query:       TIGR00631  [M=658]
Accession:   TIGR00631
Description: uvrb: excinuclease ABC subunit B
Scores for complete sequences (score includes all domains):
   --- full sequence ---   --- best 1 domain ---    -#dom-
    E-value  score  bias    E-value  score  bias    exp  N  Sequence                Description
    ------- ------ -----    ------- ------ -----   ---- --  --------                -----------
          0 1020.6   0.1          0 1020.0   0.1    1.3  1  NZ_JBHLYO010000018.1_42  # 43200 # 45800 # -1 # ID=18_42;partial=00;start_type=ATG;rbs_motif=GGA/GAG/AGG;rbs_spacer=5-10bp;gc_cont=0.653


Domain annotation for each sequence:
>> NZ_JBHLYO010000018.1_42  # 43200 # 45800 # -1 # ID=18_42;partial=00;start_type=ATG;rbs_motif=GGA/GAG/AGG;rbs_spacer=5-10bp;gc_cont=0.653
   #    score  bias  c-Evalue  i-Evalue hmmfrom  hmm to    alifrom  ali to    envfrom  env to     acc
 ---   ------ ----- --------- --------- ------- -------    ------- -------    ------- -------    ----
   1 ! 1020.0   0.1         0         0       2     658 .]     199     854 ..     198     854 .. 0.98



Internal pipeline statistics summary:
-------------------------------------
Query model(s):                            1  (658 nodes)
Target sequences:                       5431  (1645892 residues searched)
Passed MSV filter:                       164  (0.030197); expected 108.6 (0.02)
Passed bias filter:                      141  (0.0259621); expected 108.6 (0.02)
Passed Vit filter:                        32  (0.0058921); expected 5.4 (0.001)
Passed Fwd filter:                        10  (0.00184128); expected 0.1 (1e-05)
Initial search space (Z):               5431  [actual number of targets]
Domain search space  (domZ):               1  [number of targets reported over threshold]
# CPU time: 0.12u 0.01s 00:00:00.13 Elapsed: 00:00:00.12
# Mc/sec: 8503.65
//
Query:       TIGR00634  [M=563]
Accession:   TIGR00634
Description: recN: DNA repair protein RecN
Scores for complete sequences (score includes all domains):
   --- full sequence ---   --- best 1 domain ---    -#dom-
    E-value  score  bias    E-value  score  bias    exp  N  Sequence                 Description
    ------- ------ -----    ------- ------ -----   ---- --  --------                 -----------
     5e-136  453.1  12.7   5.6e-136  453.0  12.7    1.0  1  NZ_JBHLYO010000009.1_197  # 203452 # 205122 # 1 # ID=9_197;partial=00;start_type=ATG;rbs_motif=4Base/6BMM;rbs_spacer=13-15bp;gc_cont=0.682


Domain annotation for each sequence:
>> NZ_JBHLYO010000009.1_197  # 203452 # 205122 # 1 # ID=9_197;partial=00;start_type=ATG;rbs_motif=4Base/6BMM;rbs_spacer=13-15bp;gc_cont=0.682
   #    score  bias  c-Evalue  i-Evalue hmmfrom  hmm to    alifrom  ali to    envfrom  env to     acc
 ---   ------ ----- --------- --------- ------- -------    ------- -------    ------- -------    ----
   1 !  453.0  12.7    1e-139  5.6e-136       1     562 [.       1     553 [.       1     554 [. 0.96



Internal pipeline statistics summary:
-------------------------------------
Query model(s):                            1  (563 nodes)
Target sequences:                       5431  (1645892 residues searched)
Passed MSV filter:                       316  (0.0581845); expected 108.6 (0.02)
Passed bias filter:                      223  (0.0410606); expected 108.6 (0.02)
Passed Vit filter:                        53  (0.00975879); expected 5.4 (0.001)
Passed Fwd filter:                        10  (0.00184128); expected 0.1 (1e-05)
Initial search space (Z):               5431  [actual number of targets]
Domain search space  (domZ):               1  [number of targets reported over threshold]
# CPU time: 0.11u 0.00s 00:00:00.11 Elapsed: 00:00:00.13
# Mc/sec: 6975.51
//
Query:       TIGR00635  [M=305]
Accession:   TIGR00635
Description: ruvB: Holliday junction DNA helicase RuvB
Scores for complete sequences (score includes all domains):
   --- full sequence ---   --- best 1 domain ---    -#dom-
    E-value  score  bias    E-value  score  bias    exp  N  Sequence                 Description
    ------- ------ -----    ------- ------ -----   ---- --  --------                 -----------
   4.5e-136  451.1   0.1   5.2e-136  450.9   0.1    1.0  1  NZ_JBHLYO010000003.1_123  # 138867 # 139904 # -1 # ID=3_123;partial=00;start_type=GTG;rbs_motif=AGGA;rbs_spacer=5-10bp;gc_cont=0.653


Domain annotation for each sequence:
>> NZ_JBHLYO010000003.1_123  # 138867 # 139904 # -1 # ID=3_123;partial=00;start_type=GTG;rbs_motif=AGGA;rbs_spacer=5-10bp;gc_cont=0.653
   #    score  bias  c-Evalue  i-Evalue hmmfrom  hmm to    alifrom  ali to    envfrom  env to     acc
 ---   ------ ----- --------- --------- ------- -------    ------- -------    ------- -------    ----
   1 !  450.9   0.1  9.6e-140  5.2e-136       3     305 .]      24     326 ..      22     326 .. 0.99



Internal pipeline statistics summary:
-------------------------------------
Query model(s):                            1  (305 nodes)
Target sequences:                       5431  (1645892 residues searched)
Passed MSV filter:                       374  (0.0688639); expected 108.6 (0.02)
Passed bias filter:                      337  (0.0620512); expected 108.6 (0.02)
Passed Vit filter:                       132  (0.0243049); expected 5.4 (0.001)
Passed Fwd filter:                        18  (0.00331431); expected 0.1 (1e-05)
Initial search space (Z):               5431  [actual number of targets]
Domain search space  (domZ):               1  [number of targets reported over threshold]
# CPU time: 0.12u 0.00s 00:00:00.12 Elapsed: 00:00:00.12
# Mc/sec: 4061.08
//
Query:       TIGR00643  [M=629]
Accession:   TIGR00643
Description: recG: ATP-dependent DNA helicase RecG
Scores for complete sequences (score includes all domains):
   --- full sequence ---   --- best 1 domain ---    -#dom-
    E-value  score  bias    E-value  score  bias    exp  N  Sequence                 Description
    ------- ------ -----    ------- ------ -----   ---- --  --------                 -----------
   3.8e-194  645.2   0.0   4.7e-194  644.9   0.0    1.0  1  NZ_JBHLYO010000015.1_295  # 314300 # 316408 # 1 # ID=15_295;partial=00;start_type=GTG;rbs_motif=AGGAGG;rbs_spacer=5-10bp;gc_cont=0.646


Domain annotation for each sequence:
>> NZ_JBHLYO010000015.1_295  # 314300 # 316408 # 1 # ID=15_295;partial=00;start_type=GTG;rbs_motif=AGGAGG;rbs_spacer=5-10bp;gc_cont=0.646
   #    score  bias  c-Evalue  i-Evalue hmmfrom  hmm to    alifrom  ali to    envfrom  env to     acc
 ---   ------ ----- --------- --------- ------- -------    ------- -------    ------- -------    ----
   1 !  644.9   0.0  8.6e-198  4.7e-194       8     629 .]      44     665 ..      40     665 .. 0.96



Internal pipeline statistics summary:
-------------------------------------
Query model(s):                            1  (629 nodes)
Target sequences:                       5431  (1645892 residues searched)
Passed MSV filter:                       161  (0.0296446); expected 108.6 (0.02)
Passed bias filter:                      148  (0.027251); expected 108.6 (0.02)
Passed Vit filter:                        30  (0.00552384); expected 5.4 (0.001)
Passed Fwd filter:                        10  (0.00184128); expected 0.1 (1e-05)
Initial search space (Z):               5431  [actual number of targets]
Domain search space  (domZ):               1  [number of targets reported over threshold]
# CPU time: 0.14u 0.00s 00:00:00.14 Elapsed: 00:00:00.14
# Mc/sec: 7011.44
//
Query:       TIGR00663  [M=367]
Accession:   TIGR00663
Description: dnan: DNA polymerase III, beta subunit
Scores for complete sequences (score includes all domains):
   --- full sequence ---   --- best 1 domain ---    -#dom-
    E-value  score  bias    E-value  score  bias    exp  N  Sequence                 Description
    ------- ------ -----    ------- ------ -----   ---- --  --------                 -----------
    2.8e-97  324.2   0.0    3.1e-97  324.0   0.0    1.0  1  NZ_JBHLYO010000023.1_123  # 117681 # 118799 # -1 # ID=23_123;partial=00;start_type=ATG;rbs_motif=AGGA/GGAG/GAGG;rbs_spacer=11-12bp;gc_cont=0.636


Domain annotation for each sequence:
>> NZ_JBHLYO010000023.1_123  # 117681 # 118799 # -1 # ID=23_123;partial=00;start_type=ATG;rbs_motif=AGGA/GGAG/GAGG;rbs_spacer=11-12bp;gc_cont=0.636
   #    score  bias  c-Evalue  i-Evalue hmmfrom  hmm to    alifrom  ali to    envfrom  env to     acc
 ---   ------ ----- --------- --------- ------- -------    ------- -------    ------- -------    ----
   1 !  324.0   0.0  5.8e-101   3.1e-97       1     366 [.       1     371 [.       1     372 [. 0.95



Internal pipeline statistics summary:
-------------------------------------
Query model(s):                            1  (367 nodes)
Target sequences:                       5431  (1645892 residues searched)
Passed MSV filter:                        68  (0.0125207); expected 108.6 (0.02)
Passed bias filter:                       68  (0.0125207); expected 108.6 (0.02)
Passed Vit filter:                         3  (0.000552384); expected 5.4 (0.001)
Passed Fwd filter:                         1  (0.000184128); expected 0.1 (1e-05)
Initial search space (Z):               5431  [actual number of targets]
Domain search space  (domZ):               1  [number of targets reported over threshold]
# CPU time: 0.04u 0.00s 00:00:00.04 Elapsed: 00:00:00.06
# Mc/sec: 10041.07
//
Query:       TIGR00717  [M=516]
Accession:   TIGR00717
Description: rpsA: ribosomal protein bS1
Scores for complete sequences (score includes all domains):
   --- full sequence ---   --- best 1 domain ---    -#dom-
    E-value  score  bias    E-value  score  bias    exp  N  Sequence                Description
    ------- ------ -----    ------- ------ -----   ---- --  --------                -----------
     1e-191  636.2  13.2   1.1e-191  636.1  13.2    1.0  1  NZ_JBHLYO010000028.1_37  # 41389 # 43086 # -1 # ID=28_37;partial=00;start_type=TTG;rbs_motif=GGAG/GAGG;rbs_spacer=5-10bp;gc_cont=0.622


Domain annotation for each sequence:
>> NZ_JBHLYO010000028.1_37  # 41389 # 43086 # -1 # ID=28_37;partial=00;start_type=TTG;rbs_motif=GGAG/GAGG;rbs_spacer=5-10bp;gc_cont=0.622
   #    score  bias  c-Evalue  i-Evalue hmmfrom  hmm to    alifrom  ali to    envfrom  env to     acc
 ---   ------ ----- --------- --------- ------- -------    ------- -------    ------- -------    ----
   1 !  636.1  13.2  2.1e-195  1.1e-191       1     516 []       9     528 ..       9     528 .. 0.98



Internal pipeline statistics summary:
-------------------------------------
Query model(s):                            1  (516 nodes)
Target sequences:                       5431  (1645892 residues searched)
Passed MSV filter:                       114  (0.0209906); expected 108.6 (0.02)
Passed bias filter:                      103  (0.0189652); expected 108.6 (0.02)
Passed Vit filter:                        15  (0.00276192); expected 5.4 (0.001)
Passed Fwd filter:                         5  (0.000920641); expected 0.1 (1e-05)
Initial search space (Z):               5431  [actual number of targets]
Domain search space  (domZ):               1  [number of targets reported over threshold]
# CPU time: 0.07u 0.00s 00:00:00.07 Elapsed: 00:00:00.07
# Mc/sec: 10657.32
//
Query:       TIGR00755  [M=256]
Accession:   TIGR00755
Description: ksgA: ribosomal RNA small subunit methyltransferase A
Scores for complete sequences (score includes all domains):
   --- full sequence ---   --- best 1 domain ---    -#dom-
    E-value  score  bias    E-value  score  bias    exp  N  Sequence                Description
    ------- ------ -----    ------- ------ -----   ---- --  --------                -----------
    3.4e-66  221.4   0.0    3.9e-66  221.2   0.0    1.0  1  NZ_JBHLYO010000010.1_80  # 94233 # 95099 # 1 # ID=10_80;partial=00;start_type=ATG;rbs_motif=3Base/5BMM;rbs_spacer=13-15bp;gc_cont=0.674


Domain annotation for each sequence:
>> NZ_JBHLYO010000010.1_80  # 94233 # 95099 # 1 # ID=10_80;partial=00;start_type=ATG;rbs_motif=3Base/5BMM;rbs_spacer=13-15bp;gc_cont=0.674
   #    score  bias  c-Evalue  i-Evalue hmmfrom  hmm to    alifrom  ali to    envfrom  env to     acc
 ---   ------ ----- --------- --------- ------- -------    ------- -------    ------- -------    ----
   1 !  221.2   0.0   7.1e-70   3.9e-66       2     255 ..      20     275 ..      19     276 .. 0.96



Internal pipeline statistics summary:
-------------------------------------
Query model(s):                            1  (256 nodes)
Target sequences:                       5431  (1645892 residues searched)
Passed MSV filter:                       133  (0.024489); expected 108.6 (0.02)
Passed bias filter:                      132  (0.0243049); expected 108.6 (0.02)
Passed Vit filter:                        42  (0.00773338); expected 5.4 (0.001)
Passed Fwd filter:                        18  (0.00331431); expected 0.1 (1e-05)
Initial search space (Z):               5431  [actual number of targets]
Domain search space  (domZ):               1  [number of targets reported over threshold]
# CPU time: 0.05u 0.00s 00:00:00.05 Elapsed: 00:00:00.04
# Mc/sec: 8592.43
//
Query:       TIGR00810  [M=73]
Accession:   TIGR00810
Description: secG: preprotein translocase, SecG subunit
Scores for complete sequences (score includes all domains):
   --- full sequence ---   --- best 1 domain ---    -#dom-
    E-value  score  bias    E-value  score  bias    exp  N  Sequence                 Description
    ------- ------ -----    ------- ------ -----   ---- --  --------                 -----------
    2.1e-18   64.4  10.2    2.1e-18   64.4  10.2    1.7  1  NZ_JBHLYO010000015.1_138  # 148187 # 148678 # 1 # ID=15_138;partial=00;start_type=ATG;rbs_motif=GGA/GAG/AGG;rbs_spacer=5-10bp;gc_cont=0.671


Domain annotation for each sequence:
>> NZ_JBHLYO010000015.1_138  # 148187 # 148678 # 1 # ID=15_138;partial=00;start_type=ATG;rbs_motif=GGA/GAG/AGG;rbs_spacer=5-10bp;gc_cont=0.671
   #    score  bias  c-Evalue  i-Evalue hmmfrom  hmm to    alifrom  ali to    envfrom  env to     acc
 ---   ------ ----- --------- --------- ------- -------    ------- -------    ------- -------    ----
   1 !   64.4  10.2   3.9e-22   2.1e-18       2      73 .]       3      71 ..       2      71 .. 0.91



Internal pipeline statistics summary:
-------------------------------------
Query model(s):                            1  (73 nodes)
Target sequences:                       5431  (1645892 residues searched)
Passed MSV filter:                       435  (0.0800957); expected 108.6 (0.02)
Passed bias filter:                      111  (0.0204382); expected 108.6 (0.02)
Passed Vit filter:                        15  (0.00276192); expected 5.4 (0.001)
Passed Fwd filter:                         4  (0.000736513); expected 0.1 (1e-05)
Initial search space (Z):               5431  [actual number of targets]
Domain search space  (domZ):               1  [number of targets reported over threshold]
# CPU time: 0.03u 0.01s 00:00:00.04 Elapsed: 00:00:00.03
# Mc/sec: 3576.16
//
Query:       TIGR00922  [M=172]
Accession:   TIGR00922
Description: nusG: transcription termination/antitermination factor NusG
Scores for complete sequences (score includes all domains):
   --- full sequence ---   --- best 1 domain ---    -#dom-
    E-value  score  bias    E-value  score  bias    exp  N  Sequence                 Description
    ------- ------ -----    ------- ------ -----   ---- --  --------                 -----------
    4.4e-68  226.7   2.0    4.9e-68  226.5   2.0    1.0  1  NZ_JBHLYO010000015.1_510  # 505753 # 506283 # -1 # ID=15_510;partial=00;start_type=ATG;rbs_motif=AGGAG(G)/GGAGG;rbs_spacer=13-15bp;gc_cont=0.601


Domain annotation for each sequence:
>> NZ_JBHLYO010000015.1_510  # 505753 # 506283 # -1 # ID=15_510;partial=00;start_type=ATG;rbs_motif=AGGAG(G)/GGAGG;rbs_spacer=13-15bp;gc_cont=0.601
   #    score  bias  c-Evalue  i-Evalue hmmfrom  hmm to    alifrom  ali to    envfrom  env to     acc
 ---   ------ ----- --------- --------- ------- -------    ------- -------    ------- -------    ----
   1 !  226.5   2.0   9.1e-72   4.9e-68       1     172 []       5     176 ..       5     176 .. 1.00



Internal pipeline statistics summary:
-------------------------------------
Query model(s):                            1  (172 nodes)
Target sequences:                       5431  (1645892 residues searched)
Passed MSV filter:                        81  (0.0149144); expected 108.6 (0.02)
Passed bias filter:                       74  (0.0136255); expected 108.6 (0.02)
Passed Vit filter:                         5  (0.000920641); expected 5.4 (0.001)
Passed Fwd filter:                         3  (0.000552384); expected 0.1 (1e-05)
Initial search space (Z):               5431  [actual number of targets]
Domain search space  (domZ):               1  [number of targets reported over threshold]
# CPU time: 0.03u 0.00s 00:00:00.03 Elapsed: 00:00:00.02
# Mc/sec: 13681.47
//
Query:       TIGR00928  [M=436]
Accession:   TIGR00928
Description: purB: adenylosuccinate lyase
Scores for complete sequences (score includes all domains):
   --- full sequence ---   --- best 1 domain ---    -#dom-
    E-value  score  bias    E-value  score  bias    exp  N  Sequence                 Description
    ------- ------ -----    ------- ------ -----   ---- --  --------                 -----------
     6e-149  494.7   0.1   6.7e-149  494.6   0.1    1.0  1  NZ_JBHLYO010000015.1_529  # 519138 # 520451 # 1 # ID=15_529;partial=00;start_type=ATG;rbs_motif=GGA/GAG/AGG;rbs_spacer=5-10bp;gc_cont=0.645


Domain annotation for each sequence:
>> NZ_JBHLYO010000015.1_529  # 519138 # 520451 # 1 # ID=15_529;partial=00;start_type=ATG;rbs_motif=GGA/GAG/AGG;rbs_spacer=5-10bp;gc_cont=0.645
   #    score  bias  c-Evalue  i-Evalue hmmfrom  hmm to    alifrom  ali to    envfrom  env to     acc
 ---   ------ ----- --------- --------- ------- -------    ------- -------    ------- -------    ----
   1 !  494.6   0.1  1.2e-152  6.7e-149       1     436 []       1     434 [.       1     434 [. 0.98



Internal pipeline statistics summary:
-------------------------------------
Query model(s):                            1  (436 nodes)
Target sequences:                       5431  (1645892 residues searched)
Passed MSV filter:                       111  (0.0204382); expected 108.6 (0.02)
Passed bias filter:                       88  (0.0162033); expected 108.6 (0.02)
Passed Vit filter:                        18  (0.00331431); expected 5.4 (0.001)
Passed Fwd filter:                         7  (0.0012889); expected 0.1 (1e-05)
Initial search space (Z):               5431  [actual number of targets]
Domain search space  (domZ):               1  [number of targets reported over threshold]
# CPU time: 0.05u 0.00s 00:00:00.05 Elapsed: 00:00:00.06
# Mc/sec: 10317.78
//
Query:       TIGR00959  [M=428]
Accession:   TIGR00959
Description: ffh: signal recognition particle protein
Scores for complete sequences (score includes all domains):
   --- full sequence ---   --- best 1 domain ---    -#dom-
    E-value  score  bias    E-value  score  bias    exp  N  Sequence                 Description
    ------- ------ -----    ------- ------ -----   ---- --  --------                 -----------
   4.3e-179  594.0  13.6   6.7e-179  593.4  13.6    1.3  1  NZ_JBHLYO010000012.1_140  # 133300 # 134898 # 1 # ID=12_140;partial=00;start_type=ATG;rbs_motif=AGGA;rbs_spacer=5-10bp;gc_cont=0.664


Domain annotation for each sequence:
>> NZ_JBHLYO010000012.1_140  # 133300 # 134898 # 1 # ID=12_140;partial=00;start_type=ATG;rbs_motif=AGGA;rbs_spacer=5-10bp;gc_cont=0.664
   #    score  bias  c-Evalue  i-Evalue hmmfrom  hmm to    alifrom  ali to    envfrom  env to     acc
 ---   ------ ----- --------- --------- ------- -------    ------- -------    ------- -------    ----
   1 !  593.4  13.6  1.2e-182  6.7e-179       1     428 []       2     429 ..       2     429 .. 1.00



Internal pipeline statistics summary:
-------------------------------------
Query model(s):                            1  (428 nodes)
Target sequences:                       5431  (1645892 residues searched)
Passed MSV filter:                       270  (0.0497146); expected 108.6 (0.02)
Passed bias filter:                      225  (0.0414288); expected 108.6 (0.02)
Passed Vit filter:                        53  (0.00975879); expected 5.4 (0.001)
Passed Fwd filter:                        10  (0.00184128); expected 0.1 (1e-05)
Initial search space (Z):               5431  [actual number of targets]
Domain search space  (domZ):               1  [number of targets reported over threshold]
# CPU time: 0.09u 0.00s 00:00:00.09 Elapsed: 00:00:00.09
# Mc/sec: 7673.03
//
Query:       TIGR00963  [M=787]
Accession:   TIGR00963
Description: secA: preprotein translocase, SecA subunit
Scores for complete sequences (score includes all domains):
   --- full sequence ---   --- best 1 domain ---    -#dom-
    E-value  score  bias    E-value  score  bias    exp  N  Sequence                 Description
    ------- ------ -----    ------- ------ -----   ---- --  --------                 -----------
          0 1092.7   7.8          0 1092.5   7.8    1.0  1  NZ_JBHLYO010000004.1_129  # 121795 # 124569 # -1 # ID=4_129;partial=00;start_type=ATG;rbs_motif=AGGA;rbs_spacer=5-10bp;gc_cont=0.635


Domain annotation for each sequence:
>> NZ_JBHLYO010000004.1_129  # 121795 # 124569 # -1 # ID=4_129;partial=00;start_type=ATG;rbs_motif=AGGA;rbs_spacer=5-10bp;gc_cont=0.635
   #    score  bias  c-Evalue  i-Evalue hmmfrom  hmm to    alifrom  ali to    envfrom  env to     acc
 ---   ------ ----- --------- --------- ------- -------    ------- -------    ------- -------    ----
   1 ! 1092.5   7.8         0         0       1     786 [.      29     820 ..      29     821 .. 0.95



Internal pipeline statistics summary:
-------------------------------------
Query model(s):                            1  (787 nodes)
Target sequences:                       5431  (1645892 residues searched)
Passed MSV filter:                       123  (0.0226478); expected 108.6 (0.02)
Passed bias filter:                      110  (0.0202541); expected 108.6 (0.02)
Passed Vit filter:                        10  (0.00184128); expected 5.4 (0.001)
Passed Fwd filter:                         1  (0.000184128); expected 0.1 (1e-05)
Initial search space (Z):               5431  [actual number of targets]
Domain search space  (domZ):               1  [number of targets reported over threshold]
# CPU time: 0.09u 0.01s 00:00:00.10 Elapsed: 00:00:00.11
# Mc/sec: 11508.06
//
Query:       TIGR00964  [M=57]
Accession:   TIGR00964
Description: secE_bact: preprotein translocase, SecE subunit
Scores for complete sequences (score includes all domains):
   --- full sequence ---   --- best 1 domain ---    -#dom-
    E-value  score  bias    E-value  score  bias    exp  N  Sequence                 Description
    ------- ------ -----    ------- ------ -----   ---- --  --------                 -----------
    3.3e-19   66.8   3.6    3.5e-19   66.7   3.6    1.0  1  NZ_JBHLYO010000015.1_511  # 506323 # 506517 # -1 # ID=15_511;partial=00;start_type=ATG;rbs_motif=GGA/GAG/AGG;rbs_spacer=5-10bp;gc_cont=0.590


Domain annotation for each sequence:
>> NZ_JBHLYO010000015.1_511  # 506323 # 506517 # -1 # ID=15_511;partial=00;start_type=ATG;rbs_motif=GGA/GAG/AGG;rbs_spacer=5-10bp;gc_cont=0.590
   #    score  bias  c-Evalue  i-Evalue hmmfrom  hmm to    alifrom  ali to    envfrom  env to     acc
 ---   ------ ----- --------- --------- ------- -------    ------- -------    ------- -------    ----
   1 !   66.7   3.6   6.5e-23   3.5e-19       2      56 ..       7      61 ..       6      62 .. 0.97



Internal pipeline statistics summary:
-------------------------------------
Query model(s):                            1  (57 nodes)
Target sequences:                       5431  (1645892 residues searched)
Passed MSV filter:                       357  (0.0657338); expected 108.6 (0.02)
Passed bias filter:                      181  (0.0333272); expected 108.6 (0.02)
Passed Vit filter:                        12  (0.00220954); expected 5.4 (0.001)
Passed Fwd filter:                         1  (0.000184128); expected 0.1 (1e-05)
Initial search space (Z):               5431  [actual number of targets]
Domain search space  (domZ):               1  [number of targets reported over threshold]
# CPU time: 0.03u 0.00s 00:00:00.03 Elapsed: 00:00:00.02
# Mc/sec: 3462.76
//
Query:       TIGR00967  [M=414]
Accession:   TIGR00967
Description: 3a0501s007: preprotein translocase, SecY subunit
Scores for complete sequences (score includes all domains):
   --- full sequence ---   --- best 1 domain ---    -#dom-
    E-value  score  bias    E-value  score  bias    exp  N  Sequence                 Description
    ------- ------ -----    ------- ------ -----   ---- --  --------                 -----------
   1.1e-124  414.7  18.7   1.3e-124  414.5  18.7    1.0  1  NZ_JBHLYO010000015.1_476  # 477498 # 478835 # -1 # ID=15_476;partial=00;start_type=ATG;rbs_motif=GGAG/GAGG;rbs_spacer=5-10bp;gc_cont=0.620


Domain annotation for each sequence:
>> NZ_JBHLYO010000015.1_476  # 477498 # 478835 # -1 # ID=15_476;partial=00;start_type=ATG;rbs_motif=GGAG/GAGG;rbs_spacer=5-10bp;gc_cont=0.620
   #    score  bias  c-Evalue  i-Evalue hmmfrom  hmm to    alifrom  ali to    envfrom  env to     acc
 ---   ------ ----- --------- --------- ------- -------    ------- -------    ------- -------    ----
   1 !  414.5  18.7  2.4e-128  1.3e-124       2     414 .]      25     430 ..      24     430 .. 0.95



Internal pipeline statistics summary:
-------------------------------------
Query model(s):                            1  (414 nodes)
Target sequences:                       5431  (1645892 residues searched)
Passed MSV filter:                       292  (0.0537654); expected 108.6 (0.02)
Passed bias filter:                      106  (0.0195176); expected 108.6 (0.02)
Passed Vit filter:                        10  (0.00184128); expected 5.4 (0.001)
Passed Fwd filter:                         2  (0.000368256); expected 0.1 (1e-05)
Initial search space (Z):               5431  [actual number of targets]
Domain search space  (domZ):               1  [number of targets reported over threshold]
# CPU time: 0.05u 0.00s 00:00:00.05 Elapsed: 00:00:00.07
# Mc/sec: 9161.50
//
Query:       TIGR00982  [M=139]
Accession:   TIGR00982
Description: uS12_E_A: ribosomal protein uS12
Scores for complete sequences (score includes all domains):
   --- full sequence ---   --- best 1 domain ---    -#dom-
    E-value  score  bias    E-value  score  bias    exp  N  Sequence Description
    ------- ------ -----    ------- ------ -----   ---- --  -------- -----------

   [No hits detected that satisfy reporting thresholds]


Domain annotation for each sequence:

   [No targets detected that satisfy reporting thresholds]


Internal pipeline statistics summary:
-------------------------------------
Query model(s):                            1  (139 nodes)
Target sequences:                       5431  (1645892 residues searched)
Passed MSV filter:                       122  (0.0224636); expected 108.6 (0.02)
Passed bias filter:                      110  (0.0202541); expected 108.6 (0.02)
Passed Vit filter:                         8  (0.00147303); expected 5.4 (0.001)
Passed Fwd filter:                         1  (0.000184128); expected 0.1 (1e-05)
Initial search space (Z):               5431  [actual number of targets]
Domain search space  (domZ):               0  [number of targets reported over threshold]
# CPU time: 0.02u 0.00s 00:00:00.02 Elapsed: 00:00:00.03
# Mc/sec: 6732.35
//
Query:       TIGR01008  [M=195]
Accession:   TIGR01008
Description: uS3_euk_arch: ribosomal protein uS3
Scores for complete sequences (score includes all domains):
   --- full sequence ---   --- best 1 domain ---    -#dom-
    E-value  score  bias    E-value  score  bias    exp  N  Sequence Description
    ------- ------ -----    ------- ------ -----   ---- --  -------- -----------

   [No hits detected that satisfy reporting thresholds]


Domain annotation for each sequence:

   [No targets detected that satisfy reporting thresholds]


Internal pipeline statistics summary:
-------------------------------------
Query model(s):                            1  (195 nodes)
Target sequences:                       5431  (1645892 residues searched)
Passed MSV filter:                       171  (0.0314859); expected 108.6 (0.02)
Passed bias filter:                      142  (0.0261462); expected 108.6 (0.02)
Passed Vit filter:                        13  (0.00239367); expected 5.4 (0.001)
Passed Fwd filter:                         1  (0.000184128); expected 0.1 (1e-05)
Initial search space (Z):               5431  [actual number of targets]
Domain search space  (domZ):               0  [number of targets reported over threshold]
# CPU time: 0.03u 0.00s 00:00:00.03 Elapsed: 00:00:00.04
# Mc/sec: 7195.23
//
Query:       TIGR01009  [M=212]
Accession:   TIGR01009
Description: rpsC_bact: ribosomal protein uS3
Scores for complete sequences (score includes all domains):
   --- full sequence ---   --- best 1 domain ---    -#dom-
    E-value  score  bias    E-value  score  bias    exp  N  Sequence                 Description
    ------- ------ -----    ------- ------ -----   ---- --  --------                 -----------
    4.9e-97  322.0   2.9    5.6e-97  321.8   2.9    1.0  1  NZ_JBHLYO010000015.1_490  # 484183 # 484899 # -1 # ID=15_490;partial=00;start_type=ATG;rbs_motif=AGGAGG;rbs_spacer=5-10bp;gc_cont=0.657


Domain annotation for each sequence:
>> NZ_JBHLYO010000015.1_490  # 484183 # 484899 # -1 # ID=15_490;partial=00;start_type=ATG;rbs_motif=AGGAGG;rbs_spacer=5-10bp;gc_cont=0.657
   #    score  bias  c-Evalue  i-Evalue hmmfrom  hmm to    alifrom  ali to    envfrom  env to     acc
 ---   ------ ----- --------- --------- ------- -------    ------- -------    ------- -------    ----
   1 !  321.8   2.9    1e-100   5.6e-97       1     210 [.       1     209 [.       1     211 [. 0.99



Internal pipeline statistics summary:
-------------------------------------
Query model(s):                            1  (212 nodes)
Target sequences:                       5431  (1645892 residues searched)
Passed MSV filter:                       131  (0.0241208); expected 108.6 (0.02)
Passed bias filter:                      116  (0.0213589); expected 108.6 (0.02)
Passed Vit filter:                        14  (0.00257779); expected 5.4 (0.001)
Passed Fwd filter:                         2  (0.000368256); expected 0.1 (1e-05)
Initial search space (Z):               5431  [actual number of targets]
Domain search space  (domZ):               1  [number of targets reported over threshold]
# CPU time: 0.04u 0.00s 00:00:00.04 Elapsed: 00:00:00.03
# Mc/sec: 11577.32
//
Query:       TIGR01011  [M=225]
Accession:   TIGR01011
Description: rpsB_bact: ribosomal protein uS2
Scores for complete sequences (score includes all domains):
   --- full sequence ---   --- best 1 domain ---    -#dom-
    E-value  score  bias    E-value  score  bias    exp  N  Sequence                 Description
    ------- ------ -----    ------- ------ -----   ---- --  --------                 -----------
    1.1e-98  327.2   0.0    1.3e-98  327.0   0.0    1.0  1  NZ_JBHLYO010000015.1_110  # 116654 # 117436 # 1 # ID=15_110;partial=00;start_type=ATG;rbs_motif=AGGAG;rbs_spacer=5-10bp;gc_cont=0.648


Domain annotation for each sequence:
>> NZ_JBHLYO010000015.1_110  # 116654 # 117436 # 1 # ID=15_110;partial=00;start_type=ATG;rbs_motif=AGGAG;rbs_spacer=5-10bp;gc_cont=0.648
   #    score  bias  c-Evalue  i-Evalue hmmfrom  hmm to    alifrom  ali to    envfrom  env to     acc
 ---   ------ ----- --------- --------- ------- -------    ------- -------    ------- -------    ----
   1 !  327.0   0.0  2.4e-102   1.3e-98       3     222 ..       7     225 ..       5     228 .. 0.99



Internal pipeline statistics summary:
-------------------------------------
Query model(s):                            1  (225 nodes)
Target sequences:                       5431  (1645892 residues searched)
Passed MSV filter:                       110  (0.0202541); expected 108.6 (0.02)
Passed bias filter:                      105  (0.0193335); expected 108.6 (0.02)
Passed Vit filter:                         8  (0.00147303); expected 5.4 (0.001)
Passed Fwd filter:                         1  (0.000184128); expected 0.1 (1e-05)
Initial search space (Z):               5431  [actual number of targets]
Domain search space  (domZ):               1  [number of targets reported over threshold]
# CPU time: 0.03u 0.00s 00:00:00.03 Elapsed: 00:00:00.04
# Mc/sec: 7832.98
//
Query:       TIGR01012  [M=196]
Accession:   TIGR01012
Description: uS2_euk_arch: ribosomal protein uS2
Scores for complete sequences (score includes all domains):
   --- full sequence ---   --- best 1 domain ---    -#dom-
    E-value  score  bias    E-value  score  bias    exp  N  Sequence Description
    ------- ------ -----    ------- ------ -----   ---- --  -------- -----------

   [No hits detected that satisfy reporting thresholds]


Domain annotation for each sequence:

   [No targets detected that satisfy reporting thresholds]


Internal pipeline statistics summary:
-------------------------------------
Query model(s):                            1  (196 nodes)
Target sequences:                       5431  (1645892 residues searched)
Passed MSV filter:                       172  (0.03167); expected 108.6 (0.02)
Passed bias filter:                      163  (0.0300129); expected 108.6 (0.02)
Passed Vit filter:                        15  (0.00276192); expected 5.4 (0.001)
Passed Fwd filter:                         1  (0.000184128); expected 0.1 (1e-05)
Initial search space (Z):               5431  [actual number of targets]
Domain search space  (domZ):               0  [number of targets reported over threshold]
# CPU time: 0.03u 0.00s 00:00:00.03 Elapsed: 00:00:00.03
# Mc/sec: 8893.17
//
Query:       TIGR01017  [M=200]
Accession:   TIGR01017
Description: rpsD_bact: ribosomal protein uS4
Scores for complete sequences (score includes all domains):
   --- full sequence ---   --- best 1 domain ---    -#dom-
    E-value  score  bias    E-value  score  bias    exp  N  Sequence                 Description
    ------- ------ -----    ------- ------ -----   ---- --  --------                 -----------
    3.5e-71  237.3   0.1    3.9e-71  237.1   0.1    1.0  1  NZ_JBHLYO010000015.1_554  # 539055 # 539672 # -1 # ID=15_554;partial=00;start_type=ATG;rbs_motif=AGGA;rbs_spacer=5-10bp;gc_cont=0.629


Domain annotation for each sequence:
>> NZ_JBHLYO010000015.1_554  # 539055 # 539672 # -1 # ID=15_554;partial=00;start_type=ATG;rbs_motif=AGGA;rbs_spacer=5-10bp;gc_cont=0.629
   #    score  bias  c-Evalue  i-Evalue hmmfrom  hmm to    alifrom  ali to    envfrom  env to     acc
 ---   ------ ----- --------- --------- ------- -------    ------- -------    ------- -------    ----
   1 !  237.1   0.1   7.2e-75   3.9e-71       5     200 .]       7     205 ..       3     205 .. 0.95



Internal pipeline statistics summary:
-------------------------------------
Query model(s):                            1  (200 nodes)
Target sequences:                       5431  (1645892 residues searched)
Passed MSV filter:                        75  (0.0138096); expected 108.6 (0.02)
Passed bias filter:                       67  (0.0123366); expected 108.6 (0.02)
Passed Vit filter:                        13  (0.00239367); expected 5.4 (0.001)
Passed Fwd filter:                         4  (0.000736513); expected 0.1 (1e-05)
Initial search space (Z):               5431  [actual number of targets]
Domain search space  (domZ):               1  [number of targets reported over threshold]
# CPU time: 0.03u 0.00s 00:00:00.03 Elapsed: 00:00:00.03
# Mc/sec: 8546.08
//
Query:       TIGR01018  [M=162]
Accession:   TIGR01018
Description: uS4_arch: ribosomal protein uS4
Scores for complete sequences (score includes all domains):
   --- full sequence ---   --- best 1 domain ---    -#dom-
    E-value  score  bias    E-value  score  bias    exp  N  Sequence Description
    ------- ------ -----    ------- ------ -----   ---- --  -------- -----------

   [No hits detected that satisfy reporting thresholds]


Domain annotation for each sequence:

   [No targets detected that satisfy reporting thresholds]


Internal pipeline statistics summary:
-------------------------------------
Query model(s):                            1  (162 nodes)
Target sequences:                       5431  (1645892 residues searched)
Passed MSV filter:                       117  (0.021543); expected 108.6 (0.02)
Passed bias filter:                      108  (0.0198858); expected 108.6 (0.02)
Passed Vit filter:                        11  (0.00202541); expected 5.4 (0.001)
Passed Fwd filter:                         1  (0.000184128); expected 0.1 (1e-05)
Initial search space (Z):               5431  [actual number of targets]
Domain search space  (domZ):               0  [number of targets reported over threshold]
# CPU time: 0.03u 0.00s 00:00:00.03 Elapsed: 00:00:00.02
# Mc/sec: 9286.64
//
Query:       TIGR01020  [M=212]
Accession:   TIGR01020
Description: uS5_euk_arch: ribosomal protein uS5
Scores for complete sequences (score includes all domains):
   --- full sequence ---   --- best 1 domain ---    -#dom-
    E-value  score  bias    E-value  score  bias    exp  N  Sequence Description
    ------- ------ -----    ------- ------ -----   ---- --  -------- -----------

   [No hits detected that satisfy reporting thresholds]


Domain annotation for each sequence:

   [No targets detected that satisfy reporting thresholds]


Internal pipeline statistics summary:
-------------------------------------
Query model(s):                            1  (212 nodes)
Target sequences:                       5431  (1645892 residues searched)
Passed MSV filter:                        98  (0.0180446); expected 108.6 (0.02)
Passed bias filter:                       78  (0.014362); expected 108.6 (0.02)
Passed Vit filter:                         4  (0.000736513); expected 5.4 (0.001)
Passed Fwd filter:                         1  (0.000184128); expected 0.1 (1e-05)
Initial search space (Z):               5431  [actual number of targets]
Domain search space  (domZ):               0  [number of targets reported over threshold]
# CPU time: 0.03u 0.01s 00:00:00.04 Elapsed: 00:00:00.04
# Mc/sec: 8104.33
//
Query:       TIGR01021  [M=156]
Accession:   TIGR01021
Description: rpsE_bact: ribosomal protein uS5
Scores for complete sequences (score includes all domains):
   --- full sequence ---   --- best 1 domain ---    -#dom-
    E-value  score  bias    E-value  score  bias    exp  N  Sequence                 Description
    ------- ------ -----    ------- ------ -----   ---- --  --------                 -----------
      7e-66  219.1   3.4    8.1e-66  218.9   3.4    1.0  1  NZ_JBHLYO010000015.1_479  # 479694 # 480230 # -1 # ID=15_479;partial=00;start_type=ATG;rbs_motif=AGGA;rbs_spacer=5-10bp;gc_cont=0.683


Domain annotation for each sequence:
>> NZ_JBHLYO010000015.1_479  # 479694 # 480230 # -1 # ID=15_479;partial=00;start_type=ATG;rbs_motif=AGGA;rbs_spacer=5-10bp;gc_cont=0.683
   #    score  bias  c-Evalue  i-Evalue hmmfrom  hmm to    alifrom  ali to    envfrom  env to     acc
 ---   ------ ----- --------- --------- ------- -------    ------- -------    ------- -------    ----
   1 !  218.9   3.4   1.5e-69   8.1e-66       2     156 .]      10     165 ..       9     165 .. 0.98



Internal pipeline statistics summary:
-------------------------------------
Query model(s):                            1  (156 nodes)
Target sequences:                       5431  (1645892 residues searched)
Passed MSV filter:                       206  (0.0379304); expected 108.6 (0.02)
Passed bias filter:                      145  (0.0266986); expected 108.6 (0.02)
Passed Vit filter:                        13  (0.00239367); expected 5.4 (0.001)
Passed Fwd filter:                         1  (0.000184128); expected 0.1 (1e-05)
Initial search space (Z):               5431  [actual number of targets]
Domain search space  (domZ):               1  [number of targets reported over threshold]
# CPU time: 0.03u 0.00s 00:00:00.03 Elapsed: 00:00:00.02
# Mc/sec: 9736.59
//
Query:       TIGR01028  [M=186]
Accession:   TIGR01028
Description: uS7_euk_arch: ribosomal protein uS7
Scores for complete sequences (score includes all domains):
   --- full sequence ---   --- best 1 domain ---    -#dom-
    E-value  score  bias    E-value  score  bias    exp  N  Sequence Description
    ------- ------ -----    ------- ------ -----   ---- --  -------- -----------

   [No hits detected that satisfy reporting thresholds]


Domain annotation for each sequence:

   [No targets detected that satisfy reporting thresholds]


Internal pipeline statistics summary:
-------------------------------------
Query model(s):                            1  (186 nodes)
Target sequences:                       5431  (1645892 residues searched)
Passed MSV filter:                        78  (0.014362); expected 108.6 (0.02)
Passed bias filter:                       67  (0.0123366); expected 108.6 (0.02)
Passed Vit filter:                         3  (0.000552384); expected 5.4 (0.001)
Passed Fwd filter:                         1  (0.000184128); expected 0.1 (1e-05)
Initial search space (Z):               5431  [actual number of targets]
Domain search space  (domZ):               0  [number of targets reported over threshold]
# CPU time: 0.02u 0.00s 00:00:00.02 Elapsed: 00:00:00.02
# Mc/sec: 12519.28
//
Query:       TIGR01029  [M=154]
Accession:   TIGR01029
Description: rpsG_bact: ribosomal protein uS7
Scores for complete sequences (score includes all domains):
   --- full sequence ---   --- best 1 domain ---    -#dom-
    E-value  score  bias    E-value  score  bias    exp  N  Sequence                 Description
    ------- ------ -----    ------- ------ -----   ---- --  --------                 -----------
    5.5e-70  232.5   0.2    6.2e-70  232.3   0.2    1.0  1  NZ_JBHLYO010000015.1_500  # 491884 # 492354 # -1 # ID=15_500;partial=00;start_type=ATG;rbs_motif=AGGAG;rbs_spacer=5-10bp;gc_cont=0.624


Domain annotation for each sequence:
>> NZ_JBHLYO010000015.1_500  # 491884 # 492354 # -1 # ID=15_500;partial=00;start_type=ATG;rbs_motif=AGGAG;rbs_spacer=5-10bp;gc_cont=0.624
   #    score  bias  c-Evalue  i-Evalue hmmfrom  hmm to    alifrom  ali to    envfrom  env to     acc
 ---   ------ ----- --------- --------- ------- -------    ------- -------    ------- -------    ----
   1 !  232.3   0.2   1.1e-73   6.2e-70       1     154 []       3     156 ..       3     156 .. 1.00



Internal pipeline statistics summary:
-------------------------------------
Query model(s):                            1  (154 nodes)
Target sequences:                       5431  (1645892 residues searched)
Passed MSV filter:                        98  (0.0180446); expected 108.6 (0.02)
Passed bias filter:                       87  (0.0160191); expected 108.6 (0.02)
Passed Vit filter:                         5  (0.000920641); expected 5.4 (0.001)
Passed Fwd filter:                         1  (0.000184128); expected 0.1 (1e-05)
Initial search space (Z):               5431  [actual number of targets]
Domain search space  (domZ):               1  [number of targets reported over threshold]
# CPU time: 0.02u 0.00s 00:00:00.02 Elapsed: 00:00:00.03
# Mc/sec: 8151.64
//
Query:       TIGR01032  [M=114]
Accession:   TIGR01032
Description: rplT_bact: ribosomal protein bL20
Scores for complete sequences (score includes all domains):
   --- full sequence ---   --- best 1 domain ---    -#dom-
    E-value  score  bias    E-value  score  bias    exp  N  Sequence                 Description
    ------- ------ -----    ------- ------ -----   ---- --  --------                 -----------
    3.3e-48  161.0   4.3    3.8e-48  160.8   4.3    1.0  1  NZ_JBHLYO010000023.1_162  # 150542 # 150943 # 1 # ID=23_162;partial=00;start_type=ATG;rbs_motif=AGGA;rbs_spacer=5-10bp;gc_cont=0.642


Domain annotation for each sequence:
>> NZ_JBHLYO010000023.1_162  # 150542 # 150943 # 1 # ID=23_162;partial=00;start_type=ATG;rbs_motif=AGGA;rbs_spacer=5-10bp;gc_cont=0.642
   #    score  bias  c-Evalue  i-Evalue hmmfrom  hmm to    alifrom  ali to    envfrom  env to     acc
 ---   ------ ----- --------- --------- ------- -------    ------- -------    ------- -------    ----
   1 !  160.8   4.3     7e-52   3.8e-48       1     114 []       1     114 [.       1     114 [. 0.99



Internal pipeline statistics summary:
-------------------------------------
Query model(s):                            1  (114 nodes)
Target sequences:                       5431  (1645892 residues searched)
Passed MSV filter:                       124  (0.0228319); expected 108.6 (0.02)
Passed bias filter:                       98  (0.0180446); expected 108.6 (0.02)
Passed Vit filter:                         5  (0.000920641); expected 5.4 (0.001)
Passed Fwd filter:                         1  (0.000184128); expected 0.1 (1e-05)
Initial search space (Z):               5431  [actual number of targets]
Domain search space  (domZ):               1  [number of targets reported over threshold]
# CPU time: 0.02u 0.00s 00:00:00.02 Elapsed: 00:00:00.02
# Mc/sec: 7593.32
//
Query:       TIGR01039  [M=462]
Accession:   TIGR01039
Description: atpD: ATP synthase F1, beta subunit
Scores for complete sequences (score includes all domains):
   --- full sequence ---   --- best 1 domain ---    -#dom-
    E-value  score  bias    E-value  score  bias    exp  N  Sequence                 Description
    ------- ------ -----    ------- ------ -----   ---- --  --------                 -----------
   3.8e-247  818.7   3.5   4.4e-247  818.5   3.5    1.0  1  NZ_JBHLYO010000012.1_218  # 202573 # 204009 # 1 # ID=12_218;partial=00;start_type=ATG;rbs_motif=GGAG/GAGG;rbs_spacer=5-10bp;gc_cont=0.657


Domain annotation for each sequence:
>> NZ_JBHLYO010000012.1_218  # 202573 # 204009 # 1 # ID=12_218;partial=00;start_type=ATG;rbs_motif=GGAG/GAGG;rbs_spacer=5-10bp;gc_cont=0.657
   #    score  bias  c-Evalue  i-Evalue hmmfrom  hmm to    alifrom  ali to    envfrom  env to     acc
 ---   ------ ----- --------- --------- ------- -------    ------- -------    ------- -------    ----
   1 !  818.5   3.5  8.1e-251  4.4e-247       2     462 .]       6     473 ..       5     473 .. 0.99



Internal pipeline statistics summary:
-------------------------------------
Query model(s):                            1  (462 nodes)
Target sequences:                       5431  (1645892 residues searched)
Passed MSV filter:                       194  (0.0357209); expected 108.6 (0.02)
Passed bias filter:                      160  (0.0294605); expected 108.6 (0.02)
Passed Vit filter:                        17  (0.00313018); expected 5.4 (0.001)
Passed Fwd filter:                         4  (0.000736513); expected 0.1 (1e-05)
Initial search space (Z):               5431  [actual number of targets]
Domain search space  (domZ):               1  [number of targets reported over threshold]
# CPU time: 0.08u 0.01s 00:00:00.09 Elapsed: 00:00:00.10
# Mc/sec: 7597.03
//
Query:       TIGR01044  [M=103]
Accession:   TIGR01044
Description: rplV_bact: ribosomal protein uL22
Scores for complete sequences (score includes all domains):
   --- full sequence ---   --- best 1 domain ---    -#dom-
    E-value  score  bias    E-value  score  bias    exp  N  Sequence                 Description
    ------- ------ -----    ------- ------ -----   ---- --  --------                 -----------
    8.9e-35  117.3   0.5    1.1e-34  117.1   0.5    1.0  1  NZ_JBHLYO010000015.1_491  # 484899 # 485279 # -1 # ID=15_491;partial=00;start_type=ATG;rbs_motif=AGGA;rbs_spacer=5-10bp;gc_cont=0.617


Domain annotation for each sequence:
>> NZ_JBHLYO010000015.1_491  # 484899 # 485279 # -1 # ID=15_491;partial=00;start_type=ATG;rbs_motif=AGGA;rbs_spacer=5-10bp;gc_cont=0.617
   #    score  bias  c-Evalue  i-Evalue hmmfrom  hmm to    alifrom  ali to    envfrom  env to     acc
 ---   ------ ----- --------- --------- ------- -------    ------- -------    ------- -------    ----
   1 !  117.1   0.5   1.9e-38   1.1e-34       1     103 []      17     119 ..      17     119 .. 0.99



Internal pipeline statistics summary:
-------------------------------------
Query model(s):                            1  (103 nodes)
Target sequences:                       5431  (1645892 residues searched)
Passed MSV filter:                       140  (0.0257779); expected 108.6 (0.02)
Passed bias filter:                       93  (0.0171239); expected 108.6 (0.02)
Passed Vit filter:                        10  (0.00184128); expected 5.4 (0.001)
Passed Fwd filter:                         1  (0.000184128); expected 0.1 (1e-05)
Initial search space (Z):               5431  [actual number of targets]
Domain search space  (domZ):               1  [number of targets reported over threshold]
# CPU time: 0.02u 0.00s 00:00:00.02 Elapsed: 00:00:00.03
# Mc/sec: 5476.48
//
Query:       TIGR01046  [M=99]
Accession:   TIGR01046
Description: uS10_euk_arch: ribosomal protein uS10
Scores for complete sequences (score includes all domains):
   --- full sequence ---   --- best 1 domain ---    -#dom-
    E-value  score  bias    E-value  score  bias    exp  N  Sequence Description
    ------- ------ -----    ------- ------ -----   ---- --  -------- -----------

   [No hits detected that satisfy reporting thresholds]


Domain annotation for each sequence:

   [No targets detected that satisfy reporting thresholds]


Internal pipeline statistics summary:
-------------------------------------
Query model(s):                            1  (99 nodes)
Target sequences:                       5431  (1645892 residues searched)
Passed MSV filter:                        88  (0.0162033); expected 108.6 (0.02)
Passed bias filter:                       83  (0.0152826); expected 108.6 (0.02)
Passed Vit filter:                         5  (0.000920641); expected 5.4 (0.001)
Passed Fwd filter:                         1  (0.000184128); expected 0.1 (1e-05)
Initial search space (Z):               5431  [actual number of targets]
Domain search space  (domZ):               0  [number of targets reported over threshold]
# CPU time: 0.02u 0.00s 00:00:00.02 Elapsed: 00:00:00.03
# Mc/sec: 4619.95
//
Query:       TIGR01052  [M=488]
Accession:   TIGR01052
Description: top6b: DNA topoisomerase VI, B subunit
Scores for complete sequences (score includes all domains):
   --- full sequence ---   --- best 1 domain ---    -#dom-
    E-value  score  bias    E-value  score  bias    exp  N  Sequence Description
    ------- ------ -----    ------- ------ -----   ---- --  -------- -----------

   [No hits detected that satisfy reporting thresholds]


Domain annotation for each sequence:

   [No targets detected that satisfy reporting thresholds]


Internal pipeline statistics summary:
-------------------------------------
Query model(s):                            1  (488 nodes)
Target sequences:                       5431  (1645892 residues searched)
Passed MSV filter:                       108  (0.0198858); expected 108.6 (0.02)
Passed bias filter:                      105  (0.0193335); expected 108.6 (0.02)
Passed Vit filter:                        21  (0.00386669); expected 5.4 (0.001)
Passed Fwd filter:                        10  (0.00184128); expected 0.1 (1e-05)
Initial search space (Z):               5431  [actual number of targets]
Domain search space  (domZ):               0  [number of targets reported over threshold]
# CPU time: 0.08u 0.00s 00:00:00.08 Elapsed: 00:00:00.07
# Mc/sec: 10678.32
//
Query:       TIGR01059  [M=639]
Accession:   TIGR01059
Description: gyrB: DNA gyrase, B subunit
Scores for complete sequences (score includes all domains):
   --- full sequence ---   --- best 1 domain ---    -#dom-
    E-value  score  bias    E-value  score  bias    exp  N  Sequence                 Description
    ------- ------ -----    ------- ------ -----   ---- --  --------                 -----------
   7.6e-295  977.6   0.0   8.9e-295  977.4   0.0    1.0  1  NZ_JBHLYO010000023.1_121  # 113895 # 116348 # -1 # ID=23_121;partial=00;start_type=ATG;rbs_motif=None;rbs_spacer=None;gc_cont=0.637


Domain annotation for each sequence:
>> NZ_JBHLYO010000023.1_121  # 113895 # 116348 # -1 # ID=23_121;partial=00;start_type=ATG;rbs_motif=None;rbs_spacer=None;gc_cont=0.637
   #    score  bias  c-Evalue  i-Evalue hmmfrom  hmm to    alifrom  ali to    envfrom  env to     acc
 ---   ------ ----- --------- --------- ------- -------    ------- -------    ------- -------    ----
   1 !  977.4   0.0  1.6e-298  8.9e-295       1     639 []      12     817 ..      12     817 .. 0.92



Internal pipeline statistics summary:
-------------------------------------
Query model(s):                            1  (639 nodes)
Target sequences:                       5431  (1645892 residues searched)
Passed MSV filter:                       102  (0.0187811); expected 108.6 (0.02)
Passed bias filter:                       96  (0.0176763); expected 108.6 (0.02)
Passed Vit filter:                        11  (0.00202541); expected 5.4 (0.001)
Passed Fwd filter:                         2  (0.000368256); expected 0.1 (1e-05)
Initial search space (Z):               5431  [actual number of targets]
Domain search space  (domZ):               1  [number of targets reported over threshold]
# CPU time: 0.07u 0.00s 00:00:00.07 Elapsed: 00:00:00.07
# Mc/sec: 13254.36
//
Query:       TIGR01063  [M=800]
Accession:   TIGR01063
Description: gyrA: DNA gyrase, A subunit
Scores for complete sequences (score includes all domains):
   --- full sequence ---   --- best 1 domain ---    -#dom-
    E-value  score  bias    E-value  score  bias    exp  N  Sequence                 Description
    ------- ------ -----    ------- ------ -----   ---- --  --------                 -----------
          0 1152.9   3.8          0 1152.7   3.8    1.0  1  NZ_JBHLYO010000015.1_314  # 332062 # 334797 # -1 # ID=15_314;partial=00;start_type=ATG;rbs_motif=GGA/GAG/AGG;rbs_spacer=5-10bp;gc_cont=0.641


Domain annotation for each sequence:
>> NZ_JBHLYO010000015.1_314  # 332062 # 334797 # -1 # ID=15_314;partial=00;start_type=ATG;rbs_motif=GGA/GAG/AGG;rbs_spacer=5-10bp;gc_cont=0.641
   #    score  bias  c-Evalue  i-Evalue hmmfrom  hmm to    alifrom  ali to    envfrom  env to     acc
 ---   ------ ----- --------- --------- ------- -------    ------- -------    ------- -------    ----
   1 ! 1152.7   3.8         0         0       1     799 [.       6     886 ..       6     887 .. 0.98



Internal pipeline statistics summary:
-------------------------------------
Query model(s):                            1  (800 nodes)
Target sequences:                       5431  (1645892 residues searched)
Passed MSV filter:                       107  (0.0197017); expected 108.6 (0.02)
Passed bias filter:                       96  (0.0176763); expected 108.6 (0.02)
Passed Vit filter:                        12  (0.00220954); expected 5.4 (0.001)
Passed Fwd filter:                         2  (0.000368256); expected 0.1 (1e-05)
Initial search space (Z):               5431  [actual number of targets]
Domain search space  (domZ):               1  [number of targets reported over threshold]
# CPU time: 0.12u 0.01s 00:00:00.13 Elapsed: 00:00:00.14
# Mc/sec: 8965.80
//
Query:       TIGR01066  [M=141]
Accession:   TIGR01066
Description: rplM_bact: ribosomal protein uL13
Scores for complete sequences (score includes all domains):
   --- full sequence ---   --- best 1 domain ---    -#dom-
    E-value  score  bias    E-value  score  bias    exp  N  Sequence                 Description
    ------- ------ -----    ------- ------ -----   ---- --  --------                 -----------
    8.1e-59  195.7   0.0    9.5e-59  195.5   0.0    1.1  1  NZ_JBHLYO010000020.1_163  # 167905 # 168369 # 1 # ID=20_163;partial=00;start_type=ATG;rbs_motif=AGGA;rbs_spacer=5-10bp;gc_cont=0.634


Domain annotation for each sequence:
>> NZ_JBHLYO010000020.1_163  # 167905 # 168369 # 1 # ID=20_163;partial=00;start_type=ATG;rbs_motif=AGGA;rbs_spacer=5-10bp;gc_cont=0.634
   #    score  bias  c-Evalue  i-Evalue hmmfrom  hmm to    alifrom  ali to    envfrom  env to     acc
 ---   ------ ----- --------- --------- ------- -------    ------- -------    ------- -------    ----
   1 !  195.5   0.0   1.7e-62   9.5e-59       2     140 ..       4     142 ..       2     143 .. 0.97



Internal pipeline statistics summary:
-------------------------------------
Query model(s):                            1  (141 nodes)
Target sequences:                       5431  (1645892 residues searched)
Passed MSV filter:                        85  (0.0156509); expected 108.6 (0.02)
Passed bias filter:                       83  (0.0152826); expected 108.6 (0.02)
Passed Vit filter:                         3  (0.000552384); expected 5.4 (0.001)
Passed Fwd filter:                         1  (0.000184128); expected 0.1 (1e-05)
Initial search space (Z):               5431  [actual number of targets]
Domain search space  (domZ):               1  [number of targets reported over threshold]
# CPU time: 0.02u 0.00s 00:00:00.02 Elapsed: 00:00:00.02
# Mc/sec: 9131.62
//
Query:       TIGR01071  [M=144]
Accession:   TIGR01071
Description: rplO_bact: ribosomal protein uL15
Scores for complete sequences (score includes all domains):
   --- full sequence ---   --- best 1 domain ---    -#dom-
    E-value  score  bias    E-value  score  bias    exp  N  Sequence                 Description
    ------- ------ -----    ------- ------ -----   ---- --  --------                 -----------
    1.5e-40  136.6   2.6    1.7e-40  136.4   2.6    1.0  1  NZ_JBHLYO010000015.1_477  # 478975 # 479466 # -1 # ID=15_477;partial=00;start_type=ATG;rbs_motif=GGA/GAG/AGG;rbs_spacer=5-10bp;gc_cont=0.624


Domain annotation for each sequence:
>> NZ_JBHLYO010000015.1_477  # 478975 # 479466 # -1 # ID=15_477;partial=00;start_type=ATG;rbs_motif=GGA/GAG/AGG;rbs_spacer=5-10bp;gc_cont=0.624
   #    score  bias  c-Evalue  i-Evalue hmmfrom  hmm to    alifrom  ali to    envfrom  env to     acc
 ---   ------ ----- --------- --------- ------- -------    ------- -------    ------- -------    ----
   1 !  136.4   2.6   3.2e-44   1.7e-40       1     143 [.       3     150 ..       3     151 .. 0.96



Internal pipeline statistics summary:
-------------------------------------
Query model(s):                            1  (144 nodes)
Target sequences:                       5431  (1645892 residues searched)
Passed MSV filter:                        80  (0.0147303); expected 108.6 (0.02)
Passed bias filter:                       70  (0.012889); expected 108.6 (0.02)
Passed Vit filter:                         4  (0.000736513); expected 5.4 (0.001)
Passed Fwd filter:                         1  (0.000184128); expected 0.1 (1e-05)
Initial search space (Z):               5431  [actual number of targets]
Domain search space  (domZ):               1  [number of targets reported over threshold]
# CPU time: 0.03u 0.00s 00:00:00.03 Elapsed: 00:00:00.03
# Mc/sec: 7443.51
//
Query:       TIGR01079  [M=104]
Accession:   TIGR01079
Description: rplX_bact: ribosomal protein uL24
Scores for complete sequences (score includes all domains):
   --- full sequence ---   --- best 1 domain ---    -#dom-
    E-value  score  bias    E-value  score  bias    exp  N  Sequence                 Description
    ------- ------ -----    ------- ------ -----   ---- --  --------                 -----------
    7.8e-32  108.1   4.9    8.6e-32  107.9   4.9    1.0  1  NZ_JBHLYO010000015.1_485  # 482554 # 482865 # -1 # ID=15_485;partial=00;start_type=ATG;rbs_motif=GGAG/GAGG;rbs_spacer=5-10bp;gc_cont=0.615


Domain annotation for each sequence:
>> NZ_JBHLYO010000015.1_485  # 482554 # 482865 # -1 # ID=15_485;partial=00;start_type=ATG;rbs_motif=GGAG/GAGG;rbs_spacer=5-10bp;gc_cont=0.615
   #    score  bias  c-Evalue  i-Evalue hmmfrom  hmm to    alifrom  ali to    envfrom  env to     acc
 ---   ------ ----- --------- --------- ------- -------    ------- -------    ------- -------    ----
   1 !  107.9   4.9   1.6e-35   8.6e-32       2     104 .]       3     101 ..       2     101 .. 0.96



Internal pipeline statistics summary:
-------------------------------------
Query model(s):                            1  (104 nodes)
Target sequences:                       5431  (1645892 residues searched)
Passed MSV filter:                        71  (0.0130731); expected 108.6 (0.02)
Passed bias filter:                       67  (0.0123366); expected 108.6 (0.02)
Passed Vit filter:                         7  (0.0012889); expected 5.4 (0.001)
Passed Fwd filter:                         1  (0.000184128); expected 0.1 (1e-05)
Initial search space (Z):               5431  [actual number of targets]
Domain search space  (domZ):               1  [number of targets reported over threshold]
# CPU time: 0.02u 0.00s 00:00:00.02 Elapsed: 00:00:00.01
# Mc/sec: 8681.43
//
Query:       TIGR01082  [M=449]
Accession:   TIGR01082
Description: murC: UDP-N-acetylmuramate--L-alanine ligase
Scores for complete sequences (score includes all domains):
   --- full sequence ---   --- best 1 domain ---    -#dom-
    E-value  score  bias    E-value  score  bias    exp  N  Sequence                 Description
    ------- ------ -----    ------- ------ -----   ---- --  --------                 -----------
   3.4e-158  525.6   0.0   4.2e-158  525.3   0.0    1.0  1  NZ_JBHLYO010000009.1_186  # 191528 # 192946 # 1 # ID=9_186;partial=00;start_type=ATG;rbs_motif=GGA/GAG/AGG;rbs_spacer=5-10bp;gc_cont=0.655


Domain annotation for each sequence:
>> NZ_JBHLYO010000009.1_186  # 191528 # 192946 # 1 # ID=9_186;partial=00;start_type=ATG;rbs_motif=GGA/GAG/AGG;rbs_spacer=5-10bp;gc_cont=0.655
   #    score  bias  c-Evalue  i-Evalue hmmfrom  hmm to    alifrom  ali to    envfrom  env to     acc
 ---   ------ ----- --------- --------- ------- -------    ------- -------    ------- -------    ----
   1 !  525.3   0.0  7.7e-162  4.2e-158       2     446 ..      10     457 ..       9     459 .. 0.98



Internal pipeline statistics summary:
-------------------------------------
Query model(s):                            1  (449 nodes)
Target sequences:                       5431  (1645892 residues searched)
Passed MSV filter:                       196  (0.0360891); expected 108.6 (0.02)
Passed bias filter:                      172  (0.03167); expected 108.6 (0.02)
Passed Vit filter:                        17  (0.00313018); expected 5.4 (0.001)
Passed Fwd filter:                         5  (0.000920641); expected 0.1 (1e-05)
Initial search space (Z):               5431  [actual number of targets]
Domain search space  (domZ):               1  [number of targets reported over threshold]
# CPU time: 0.07u 0.00s 00:00:00.07 Elapsed: 00:00:00.06
# Mc/sec: 11035.49
//
Query:       TIGR01087  [M=441]
Accession:   TIGR01087
Description: murD: UDP-N-acetylmuramoylalanine--D-glutamate ligase
Scores for complete sequences (score includes all domains):
   --- full sequence ---   --- best 1 domain ---    -#dom-
    E-value  score  bias    E-value  score  bias    exp  N  Sequence                Description
    ------- ------ -----    ------- ------ -----   ---- --  --------                -----------
    1.3e-78  263.3   0.0    4.7e-78  261.4   0.0    1.7  1  NZ_JBHLYO010000022.1_16  # 13508 # 14806 # 1 # ID=22_16;partial=00;start_type=ATG;rbs_motif=AGGA;rbs_spacer=5-10bp;gc_cont=0.685


Domain annotation for each sequence:
>> NZ_JBHLYO010000022.1_16  # 13508 # 14806 # 1 # ID=22_16;partial=00;start_type=ATG;rbs_motif=AGGA;rbs_spacer=5-10bp;gc_cont=0.685
   #    score  bias  c-Evalue  i-Evalue hmmfrom  hmm to    alifrom  ali to    envfrom  env to     acc
 ---   ------ ----- --------- --------- ------- -------    ------- -------    ------- -------    ----
   1 !  261.4   0.0   8.6e-82   4.7e-78       2     440 ..       7     425 ..       6     426 .. 0.87



Internal pipeline statistics summary:
-------------------------------------
Query model(s):                            1  (441 nodes)
Target sequences:                       5431  (1645892 residues searched)
Passed MSV filter:                       272  (0.0500829); expected 108.6 (0.02)
Passed bias filter:                      249  (0.0458479); expected 108.6 (0.02)
Passed Vit filter:                        52  (0.00957466); expected 5.4 (0.001)
Passed Fwd filter:                         6  (0.00110477); expected 0.1 (1e-05)
Initial search space (Z):               5431  [actual number of targets]
Domain search space  (domZ):               1  [number of targets reported over threshold]
# CPU time: 0.10u 0.00s 00:00:00.10 Elapsed: 00:00:00.09
# Mc/sec: 7810.69
//
Query:       TIGR01128  [M=314]
Accession:   TIGR01128
Description: holA: DNA polymerase III, delta subunit
Scores for complete sequences (score includes all domains):
   --- full sequence ---   --- best 1 domain ---    -#dom-
    E-value  score  bias    E-value  score  bias    exp  N  Sequence                Description
    ------- ------ -----    ------- ------ -----   ---- --  --------                -----------
    2.3e-37  127.2   0.0    2.7e-37  127.0   0.0    1.0  1  NZ_JBHLYO010000012.1_19  # 15651 # 16673 # -1 # ID=12_19;partial=00;start_type=ATG;rbs_motif=None;rbs_spacer=None;gc_cont=0.671


Domain annotation for each sequence:
>> NZ_JBHLYO010000012.1_19  # 15651 # 16673 # -1 # ID=12_19;partial=00;start_type=ATG;rbs_motif=None;rbs_spacer=None;gc_cont=0.671
   #    score  bias  c-Evalue  i-Evalue hmmfrom  hmm to    alifrom  ali to    envfrom  env to     acc
 ---   ------ ----- --------- --------- ------- -------    ------- -------    ------- -------    ----
   1 !  127.0   0.0     5e-41   2.7e-37       4     314 .]      22     334 ..      20     334 .. 0.96



Internal pipeline statistics summary:
-------------------------------------
Query model(s):                            1  (314 nodes)
Target sequences:                       5431  (1645892 residues searched)
Passed MSV filter:                       153  (0.0281716); expected 108.6 (0.02)
Passed bias filter:                      130  (0.0239367); expected 108.6 (0.02)
Passed Vit filter:                        12  (0.00220954); expected 5.4 (0.001)
Passed Fwd filter:                         2  (0.000368256); expected 0.1 (1e-05)
Initial search space (Z):               5431  [actual number of targets]
Domain search space  (domZ):               1  [number of targets reported over threshold]
# CPU time: 0.05u 0.00s 00:00:00.05 Elapsed: 00:00:00.05
# Mc/sec: 9852.44
//
Query:       TIGR01146  [M=286]
Accession:   TIGR01146
Description: ATPsyn_F1gamma: ATP synthase F1, gamma subunit
Scores for complete sequences (score includes all domains):
   --- full sequence ---   --- best 1 domain ---    -#dom-
    E-value  score  bias    E-value  score  bias    exp  N  Sequence                 Description
    ------- ------ -----    ------- ------ -----   ---- --  --------                 -----------
    2.6e-97  324.3   0.3    2.9e-97  324.1   0.3    1.0  1  NZ_JBHLYO010000012.1_217  # 201666 # 202550 # 1 # ID=12_217;partial=00;start_type=ATG;rbs_motif=GGA/GAG/AGG;rbs_spacer=5-10bp;gc_cont=0.638


Domain annotation for each sequence:
>> NZ_JBHLYO010000012.1_217  # 201666 # 202550 # 1 # ID=12_217;partial=00;start_type=ATG;rbs_motif=GGA/GAG/AGG;rbs_spacer=5-10bp;gc_cont=0.638
   #    score  bias  c-Evalue  i-Evalue hmmfrom  hmm to    alifrom  ali to    envfrom  env to     acc
 ---   ------ ----- --------- --------- ------- -------    ------- -------    ------- -------    ----
   1 !  324.1   0.3  5.3e-101   2.9e-97       1     286 []       1     294 [.       1     294 [. 0.94



Internal pipeline statistics summary:
-------------------------------------
Query model(s):                            1  (286 nodes)
Target sequences:                       5431  (1645892 residues searched)
Passed MSV filter:                       100  (0.0184128); expected 108.6 (0.02)
Passed bias filter:                       79  (0.0145461); expected 108.6 (0.02)
Passed Vit filter:                        10  (0.00184128); expected 5.4 (0.001)
Passed Fwd filter:                         1  (0.000184128); expected 0.1 (1e-05)
Initial search space (Z):               5431  [actual number of targets]
Domain search space  (domZ):               1  [number of targets reported over threshold]
# CPU time: 0.03u 0.00s 00:00:00.03 Elapsed: 00:00:00.03
# Mc/sec: 13962.42
//
Query:       TIGR01164  [M=126]
Accession:   TIGR01164
Description: rplP_bact: ribosomal protein uL16
Scores for complete sequences (score includes all domains):
   --- full sequence ---   --- best 1 domain ---    -#dom-
    E-value  score  bias    E-value  score  bias    exp  N  Sequence                 Description
    ------- ------ -----    ------- ------ -----   ---- --  --------                 -----------
    1.6e-58  194.6   1.1    1.8e-58  194.4   1.1    1.0  1  NZ_JBHLYO010000015.1_489  # 483755 # 484168 # -1 # ID=15_489;partial=00;start_type=ATG;rbs_motif=GGA/GAG/AGG;rbs_spacer=5-10bp;gc_cont=0.635


Domain annotation for each sequence:
>> NZ_JBHLYO010000015.1_489  # 483755 # 484168 # -1 # ID=15_489;partial=00;start_type=ATG;rbs_motif=GGA/GAG/AGG;rbs_spacer=5-10bp;gc_cont=0.635
   #    score  bias  c-Evalue  i-Evalue hmmfrom  hmm to    alifrom  ali to    envfrom  env to     acc
 ---   ------ ----- --------- --------- ------- -------    ------- -------    ------- -------    ----
   1 !  194.4   1.1   3.3e-62   1.8e-58       1     126 []       2     127 ..       2     127 .. 0.99



Internal pipeline statistics summary:
-------------------------------------
Query model(s):                            1  (126 nodes)
Target sequences:                       5431  (1645892 residues searched)
Passed MSV filter:                       103  (0.0189652); expected 108.6 (0.02)
Passed bias filter:                       90  (0.0165715); expected 108.6 (0.02)
Passed Vit filter:                         9  (0.00165715); expected 5.4 (0.001)
Passed Fwd filter:                         1  (0.000184128); expected 0.1 (1e-05)
Initial search space (Z):               5431  [actual number of targets]
Domain search space  (domZ):               1  [number of targets reported over threshold]
# CPU time: 0.03u 0.00s 00:00:00.03 Elapsed: 00:00:00.04
# Mc/sec: 4209.90
//
Query:       TIGR01169  [M=227]
Accession:   TIGR01169
Description: rplA_bact: ribosomal protein uL1
Scores for complete sequences (score includes all domains):
   --- full sequence ---   --- best 1 domain ---    -#dom-
    E-value  score  bias    E-value  score  bias    exp  N  Sequence                 Description
    ------- ------ -----    ------- ------ -----   ---- --  --------                 -----------
   1.7e-102  339.8   3.7   1.9e-102  339.7   3.7    1.0  1  NZ_JBHLYO010000015.1_508  # 504462 # 505154 # -1 # ID=15_508;partial=00;start_type=ATG;rbs_motif=GGAG/GAGG;rbs_spacer=5-10bp;gc_cont=0.642


Domain annotation for each sequence:
>> NZ_JBHLYO010000015.1_508  # 504462 # 505154 # -1 # ID=15_508;partial=00;start_type=ATG;rbs_motif=GGAG/GAGG;rbs_spacer=5-10bp;gc_cont=0.642
   #    score  bias  c-Evalue  i-Evalue hmmfrom  hmm to    alifrom  ali to    envfrom  env to     acc
 ---   ------ ----- --------- --------- ------- -------    ------- -------    ------- -------    ----
   1 !  339.7   3.7  3.6e-106  1.9e-102       1     224 [.       3     226 ..       3     229 .. 0.99



Internal pipeline statistics summary:
-------------------------------------
Query model(s):                            1  (227 nodes)
Target sequences:                       5431  (1645892 residues searched)
Passed MSV filter:                       120  (0.0220954); expected 108.6 (0.02)
Passed bias filter:                      105  (0.0193335); expected 108.6 (0.02)
Passed Vit filter:                         7  (0.0012889); expected 5.4 (0.001)
Passed Fwd filter:                         1  (0.000184128); expected 0.1 (1e-05)
Initial search space (Z):               5431  [actual number of targets]
Domain search space  (domZ):               1  [number of targets reported over threshold]
# CPU time: 0.03u 0.00s 00:00:00.03 Elapsed: 00:00:00.03
# Mc/sec: 10509.98
//
Query:       TIGR01171  [M=275]
Accession:   TIGR01171
Description: rplB_bact: ribosomal protein uL2
Scores for complete sequences (score includes all domains):
   --- full sequence ---   --- best 1 domain ---    -#dom-
    E-value  score  bias    E-value  score  bias    exp  N  Sequence                 Description
    ------- ------ -----    ------- ------ -----   ---- --  --------                 -----------
   8.9e-123  407.2   5.3     1e-122  407.0   5.3    1.0  1  NZ_JBHLYO010000015.1_493  # 485565 # 486404 # -1 # ID=15_493;partial=00;start_type=ATG;rbs_motif=GGAG/GAGG;rbs_spacer=5-10bp;gc_cont=0.655


Domain annotation for each sequence:
>> NZ_JBHLYO010000015.1_493  # 485565 # 486404 # -1 # ID=15_493;partial=00;start_type=ATG;rbs_motif=GGAG/GAGG;rbs_spacer=5-10bp;gc_cont=0.655
   #    score  bias  c-Evalue  i-Evalue hmmfrom  hmm to    alifrom  ali to    envfrom  env to     acc
 ---   ------ ----- --------- --------- ------- -------    ------- -------    ------- -------    ----
   1 !  407.0   5.3  1.9e-126    1e-122       1     274 [.       3     274 ..       3     275 .. 0.98



Internal pipeline statistics summary:
-------------------------------------
Query model(s):                            1  (275 nodes)
Target sequences:                       5431  (1645892 residues searched)
Passed MSV filter:                        76  (0.0139937); expected 108.6 (0.02)
Passed bias filter:                       71  (0.0130731); expected 108.6 (0.02)
Passed Vit filter:                         6  (0.00110477); expected 5.4 (0.001)
Passed Fwd filter:                         1  (0.000184128); expected 0.1 (1e-05)
Initial search space (Z):               5431  [actual number of targets]
Domain search space  (domZ):               1  [number of targets reported over threshold]
# CPU time: 0.04u 0.00s 00:00:00.04 Elapsed: 00:00:00.05
# Mc/sec: 8334.29
//
Query:       TIGR01213  [M=387]
Accession:   TIGR01213
Description: pseudo_Pus10arc: tRNA pseudouridine(54/55) synthase
Scores for complete sequences (score includes all domains):
   --- full sequence ---   --- best 1 domain ---    -#dom-
    E-value  score  bias    E-value  score  bias    exp  N  Sequence Description
    ------- ------ -----    ------- ------ -----   ---- --  -------- -----------

   [No hits detected that satisfy reporting thresholds]


Domain annotation for each sequence:

   [No targets detected that satisfy reporting thresholds]


Internal pipeline statistics summary:
-------------------------------------
Query model(s):                            1  (387 nodes)
Target sequences:                       5431  (1645892 residues searched)
Passed MSV filter:                       111  (0.0204382); expected 108.6 (0.02)
Passed bias filter:                       91  (0.0167557); expected 108.6 (0.02)
Passed Vit filter:                         8  (0.00147303); expected 5.4 (0.001)
Passed Fwd filter:                         0  (0); expected 0.1 (1e-05)
Initial search space (Z):               5431  [actual number of targets]
Domain search space  (domZ):               0  [number of targets reported over threshold]
# CPU time: 0.04u 0.00s 00:00:00.04 Elapsed: 00:00:00.04
# Mc/sec: 12872.08
//
Query:       TIGR01302  [M=450]
Accession:   TIGR01302
Description: IMP_dehydrog: inosine-5'-monophosphate dehydrogenase
Scores for complete sequences (score includes all domains):
   --- full sequence ---   --- best 1 domain ---    -#dom-
    E-value  score  bias    E-value  score  bias    exp  N  Sequence                 Description
    ------- ------ -----    ------- ------ -----   ---- --  --------                 -----------
   2.1e-190  631.6   9.2   2.4e-190  631.4   9.2    1.0  1  NZ_JBHLYO010000010.1_183  # 203347 # 204849 # -1 # ID=10_183;partial=00;start_type=TTG;rbs_motif=GGA/GAG/AGG;rbs_spacer=5-10bp;gc_cont=0.662


Domain annotation for each sequence:
>> NZ_JBHLYO010000010.1_183  # 203347 # 204849 # -1 # ID=10_183;partial=00;start_type=TTG;rbs_motif=GGA/GAG/AGG;rbs_spacer=5-10bp;gc_cont=0.662
   #    score  bias  c-Evalue  i-Evalue hmmfrom  hmm to    alifrom  ali to    envfrom  env to     acc
 ---   ------ ----- --------- --------- ------- -------    ------- -------    ------- -------    ----
   1 !  631.4   9.2  4.5e-194  2.4e-190       1     450 []      13     467 ..      13     467 .. 0.98



Internal pipeline statistics summary:
-------------------------------------
Query model(s):                            1  (450 nodes)
Target sequences:                       5431  (1645892 residues searched)
Passed MSV filter:                       232  (0.0427177); expected 108.6 (0.02)
Passed bias filter:                      169  (0.0311177); expected 108.6 (0.02)
Passed Vit filter:                        29  (0.00533972); expected 5.4 (0.001)
Passed Fwd filter:                        13  (0.00239367); expected 0.1 (1e-05)
Initial search space (Z):               5431  [actual number of targets]
Domain search space  (domZ):               1  [number of targets reported over threshold]
# CPU time: 0.10u 0.01s 00:00:00.11 Elapsed: 00:00:00.11
# Mc/sec: 6194.06
//
Query:       TIGR01391  [M=414]
Accession:   TIGR01391
Description: dnaG: DNA primase
Scores for complete sequences (score includes all domains):
   --- full sequence ---   --- best 1 domain ---    -#dom-
    E-value  score  bias    E-value  score  bias    exp  N  Sequence                Description
    ------- ------ -----    ------- ------ -----   ---- --  --------                -----------
   4.2e-123  409.5   0.0   5.6e-123  409.1   0.0    1.1  1  NZ_JBHLYO010000008.1_23  # 20594 # 22519 # -1 # ID=8_23;partial=00;start_type=ATG;rbs_motif=None;rbs_spacer=None;gc_cont=0.649


Domain annotation for each sequence:
>> NZ_JBHLYO010000008.1_23  # 20594 # 22519 # -1 # ID=8_23;partial=00;start_type=ATG;rbs_motif=None;rbs_spacer=None;gc_cont=0.649
   #    score  bias  c-Evalue  i-Evalue hmmfrom  hmm to    alifrom  ali to    envfrom  env to     acc
 ---   ------ ----- --------- --------- ------- -------    ------- -------    ------- -------    ----
   1 !  409.1   0.0    1e-126  5.6e-123       2     413 ..       3     421 ..       2     422 .. 0.96



Internal pipeline statistics summary:
-------------------------------------
Query model(s):                            1  (414 nodes)
Target sequences:                       5431  (1645892 residues searched)
Passed MSV filter:                       106  (0.0195176); expected 108.6 (0.02)
Passed bias filter:                       95  (0.0174922); expected 108.6 (0.02)
Passed Vit filter:                         8  (0.00147303); expected 5.4 (0.001)
Passed Fwd filter:                         1  (0.000184128); expected 0.1 (1e-05)
Initial search space (Z):               5431  [actual number of targets]
Domain search space  (domZ):               1  [number of targets reported over threshold]
# CPU time: 0.05u 0.00s 00:00:00.05 Elapsed: 00:00:00.04
# Mc/sec: 15984.48
//
Query:       TIGR01393  [M=595]
Accession:   TIGR01393
Description: lepA: elongation factor 4
Scores for complete sequences (score includes all domains):
   --- full sequence ---   --- best 1 domain ---    -#dom-
    E-value  score  bias    E-value  score  bias    exp  N  Sequence                 Description
    ------- ------ -----    ------- ------ -----   ---- --  --------                 -----------
   7.3e-294  973.9   0.0   8.4e-294  973.7   0.0    1.0  1  NZ_JBHLYO010000023.1_179  # 163908 # 165713 # -1 # ID=23_179;partial=00;start_type=ATG;rbs_motif=None;rbs_spacer=None;gc_cont=0.626


Domain annotation for each sequence:
>> NZ_JBHLYO010000023.1_179  # 163908 # 165713 # -1 # ID=23_179;partial=00;start_type=ATG;rbs_motif=None;rbs_spacer=None;gc_cont=0.626
   #    score  bias  c-Evalue  i-Evalue hmmfrom  hmm to    alifrom  ali to    envfrom  env to     acc
 ---   ------ ----- --------- --------- ------- -------    ------- -------    ------- -------    ----
   1 !  973.7   0.0  1.6e-297  8.4e-294       2     594 ..       7     598 ..       6     599 .. 1.00



Internal pipeline statistics summary:
-------------------------------------
Query model(s):                            1  (595 nodes)
Target sequences:                       5431  (1645892 residues searched)
Passed MSV filter:                       101  (0.0185969); expected 108.6 (0.02)
Passed bias filter:                       99  (0.0182287); expected 108.6 (0.02)
Passed Vit filter:                        18  (0.00331431); expected 5.4 (0.001)
Passed Fwd filter:                        10  (0.00184128); expected 0.1 (1e-05)
Initial search space (Z):               5431  [actual number of targets]
Domain search space  (domZ):               1  [number of targets reported over threshold]
# CPU time: 0.11u 0.00s 00:00:00.11 Elapsed: 00:00:00.12
# Mc/sec: 7631.20
//
Query:       TIGR01394  [M=594]
Accession:   TIGR01394
Description: TypA_BipA: GTP-binding protein TypA/BipA
Scores for complete sequences (score includes all domains):
   --- full sequence ---   --- best 1 domain ---    -#dom-
    E-value  score  bias    E-value  score  bias    exp  N  Sequence                 Description
    ------- ------ -----    ------- ------ -----   ---- --  --------                 -----------
   1.4e-275  913.4   0.1   1.6e-275  913.2   0.1    1.0  1  NZ_JBHLYO010000012.1_107  # 101419 # 103233 # 1 # ID=12_107;partial=00;start_type=ATG;rbs_motif=GGA/GAG/AGG;rbs_spacer=5-10bp;gc_cont=0.644


Domain annotation for each sequence:
>> NZ_JBHLYO010000012.1_107  # 101419 # 103233 # 1 # ID=12_107;partial=00;start_type=ATG;rbs_motif=GGA/GAG/AGG;rbs_spacer=5-10bp;gc_cont=0.644
   #    score  bias  c-Evalue  i-Evalue hmmfrom  hmm to    alifrom  ali to    envfrom  env to     acc
 ---   ------ ----- --------- --------- ------- -------    ------- -------    ------- -------    ----
   1 !  913.2   0.1    3e-279  1.6e-275       1     594 []       3     596 ..       3     596 .. 0.99



Internal pipeline statistics summary:
-------------------------------------
Query model(s):                            1  (594 nodes)
Target sequences:                       5431  (1645892 residues searched)
Passed MSV filter:                       103  (0.0189652); expected 108.6 (0.02)
Passed bias filter:                       83  (0.0152826); expected 108.6 (0.02)
Passed Vit filter:                        15  (0.00276192); expected 5.4 (0.001)
Passed Fwd filter:                         9  (0.00165715); expected 0.1 (1e-05)
Initial search space (Z):               5431  [actual number of targets]
Domain search space  (domZ):               1  [number of targets reported over threshold]
# CPU time: 0.12u 0.00s 00:00:00.12 Elapsed: 00:00:00.13
# Mc/sec: 7019.88
//
Query:       TIGR01510  [M=155]
Accession:   TIGR01510
Description: coaD_prev_kdtB: pantetheine-phosphate adenylyltransferase
Scores for complete sequences (score includes all domains):
   --- full sequence ---   --- best 1 domain ---    -#dom-
    E-value  score  bias    E-value  score  bias    exp  N  Sequence                 Description
    ------- ------ -----    ------- ------ -----   ---- --  --------                 -----------
      9e-55  183.2   0.0      1e-54  183.0   0.0    1.0  1  NZ_JBHLYO010000015.1_311  # 330005 # 330496 # -1 # ID=15_311;partial=00;start_type=ATG;rbs_motif=GGAG/GAGG;rbs_spacer=5-10bp;gc_cont=0.608


Domain annotation for each sequence:
>> NZ_JBHLYO010000015.1_311  # 330005 # 330496 # -1 # ID=15_311;partial=00;start_type=ATG;rbs_motif=GGAG/GAGG;rbs_spacer=5-10bp;gc_cont=0.608
   #    score  bias  c-Evalue  i-Evalue hmmfrom  hmm to    alifrom  ali to    envfrom  env to     acc
 ---   ------ ----- --------- --------- ------- -------    ------- -------    ------- -------    ----
   1 !  183.0   0.0   1.8e-58     1e-54       2     152 ..       6     161 ..       5     163 .. 0.98



Internal pipeline statistics summary:
-------------------------------------
Query model(s):                            1  (155 nodes)
Target sequences:                       5431  (1645892 residues searched)
Passed MSV filter:                        75  (0.0138096); expected 108.6 (0.02)
Passed bias filter:                       70  (0.012889); expected 108.6 (0.02)
Passed Vit filter:                         7  (0.0012889); expected 5.4 (0.001)
Passed Fwd filter:                         2  (0.000368256); expected 0.1 (1e-05)
Initial search space (Z):               5431  [actual number of targets]
Domain search space  (domZ):               1  [number of targets reported over threshold]
# CPU time: 0.03u 0.00s 00:00:00.03 Elapsed: 00:00:00.05
# Mc/sec: 4962.39
//
Query:       TIGR01632  [M=140]
Accession:   TIGR01632
Description: L11_bact: ribosomal protein uL11
Scores for complete sequences (score includes all domains):
   --- full sequence ---   --- best 1 domain ---    -#dom-
    E-value  score  bias    E-value  score  bias    exp  N  Sequence                 Description
    ------- ------ -----    ------- ------ -----   ---- --  --------                 -----------
    2.1e-63  210.7   0.8    2.3e-63  210.6   0.8    1.0  1  NZ_JBHLYO010000015.1_509  # 505159 # 505587 # -1 # ID=15_509;partial=00;start_type=ATG;rbs_motif=AGGA;rbs_spacer=5-10bp;gc_cont=0.608


Domain annotation for each sequence:
>> NZ_JBHLYO010000015.1_509  # 505159 # 505587 # -1 # ID=15_509;partial=00;start_type=ATG;rbs_motif=AGGA;rbs_spacer=5-10bp;gc_cont=0.608
   #    score  bias  c-Evalue  i-Evalue hmmfrom  hmm to    alifrom  ali to    envfrom  env to     acc
 ---   ------ ----- --------- --------- ------- -------    ------- -------    ------- -------    ----
   1 !  210.6   0.8   4.3e-67   2.3e-63       1     139 [.       3     141 ..       3     142 .. 0.99



Internal pipeline statistics summary:
-------------------------------------
Query model(s):                            1  (140 nodes)
Target sequences:                       5431  (1645892 residues searched)
Passed MSV filter:                        89  (0.0163874); expected 108.6 (0.02)
Passed bias filter:                       84  (0.0154668); expected 108.6 (0.02)
Passed Vit filter:                         2  (0.000368256); expected 5.4 (0.001)
Passed Fwd filter:                         1  (0.000184128); expected 0.1 (1e-05)
Initial search space (Z):               5431  [actual number of targets]
Domain search space  (domZ):               1  [number of targets reported over threshold]
# CPU time: 0.02u 0.00s 00:00:00.02 Elapsed: 00:00:00.01
# Mc/sec: 12063.91
//
Query:       TIGR01951  [M=131]
Accession:   TIGR01951
Description: nusB: transcription antitermination factor NusB
Scores for complete sequences (score includes all domains):
   --- full sequence ---   --- best 1 domain ---    -#dom-
    E-value  score  bias    E-value  score  bias    exp  N  Sequence                 Description
    ------- ------ -----    ------- ------ -----   ---- --  --------                 -----------
    4.1e-37  125.6   0.1    4.7e-37  125.4   0.1    1.0  1  NZ_JBHLYO010000020.1_114  # 116309 # 116803 # 1 # ID=20_114;partial=00;start_type=GTG;rbs_motif=GGAG/GAGG;rbs_spacer=5-10bp;gc_cont=0.681


Domain annotation for each sequence:
>> NZ_JBHLYO010000020.1_114  # 116309 # 116803 # 1 # ID=20_114;partial=00;start_type=GTG;rbs_motif=GGAG/GAGG;rbs_spacer=5-10bp;gc_cont=0.681
   #    score  bias  c-Evalue  i-Evalue hmmfrom  hmm to    alifrom  ali to    envfrom  env to     acc
 ---   ------ ----- --------- --------- ------- -------    ------- -------    ------- -------    ----
   1 !  125.4   0.1   8.6e-41   4.7e-37       2     130 ..      22     159 ..      20     160 .. 0.93



Internal pipeline statistics summary:
-------------------------------------
Query model(s):                            1  (131 nodes)
Target sequences:                       5431  (1645892 residues searched)
Passed MSV filter:                       130  (0.0239367); expected 108.6 (0.02)
Passed bias filter:                      110  (0.0202541); expected 108.6 (0.02)
Passed Vit filter:                         8  (0.00147303); expected 5.4 (0.001)
Passed Fwd filter:                         2  (0.000368256); expected 0.1 (1e-05)
Initial search space (Z):               5431  [actual number of targets]
Domain search space  (domZ):               1  [number of targets reported over threshold]
# CPU time: 0.03u 0.00s 00:00:00.03 Elapsed: 00:00:00.03
# Mc/sec: 6833.61
//
Query:       TIGR01952  [M=141]
Accession:   TIGR01952
Description: nusA_arch: NusA family KH domain protein, archaeal
Scores for complete sequences (score includes all domains):
   --- full sequence ---   --- best 1 domain ---    -#dom-
    E-value  score  bias    E-value  score  bias    exp  N  Sequence Description
    ------- ------ -----    ------- ------ -----   ---- --  -------- -----------

   [No hits detected that satisfy reporting thresholds]


Domain annotation for each sequence:

   [No targets detected that satisfy reporting thresholds]


Internal pipeline statistics summary:
-------------------------------------
Query model(s):                            1  (141 nodes)
Target sequences:                       5431  (1645892 residues searched)
Passed MSV filter:                       120  (0.0220954); expected 108.6 (0.02)
Passed bias filter:                      103  (0.0189652); expected 108.6 (0.02)
Passed Vit filter:                        11  (0.00202541); expected 5.4 (0.001)
Passed Fwd filter:                         2  (0.000368256); expected 0.1 (1e-05)
Initial search space (Z):               5431  [actual number of targets]
Domain search space  (domZ):               0  [number of targets reported over threshold]
# CPU time: 0.03u 0.00s 00:00:00.03 Elapsed: 00:00:00.02
# Mc/sec: 8108.86
//
Query:       TIGR01953  [M=340]
Accession:   TIGR01953
Description: NusA: transcription termination factor NusA
Scores for complete sequences (score includes all domains):
   --- full sequence ---   --- best 1 domain ---    -#dom-
    E-value  score  bias    E-value  score  bias    exp  N  Sequence                Description
    ------- ------ -----    ------- ------ -----   ---- --  --------                -----------
   1.7e-133  443.0   3.5   2.3e-133  442.6   3.5    1.2  1  NZ_JBHLYO010000028.1_67  # 74670 # 76274 # -1 # ID=28_67;partial=00;start_type=ATG;rbs_motif=AGGAG;rbs_spacer=5-10bp;gc_cont=0.638


Domain annotation for each sequence:
>> NZ_JBHLYO010000028.1_67  # 74670 # 76274 # -1 # ID=28_67;partial=00;start_type=ATG;rbs_motif=AGGAG;rbs_spacer=5-10bp;gc_cont=0.638
   #    score  bias  c-Evalue  i-Evalue hmmfrom  hmm to    alifrom  ali to    envfrom  env to     acc
 ---   ------ ----- --------- --------- ------- -------    ------- -------    ------- -------    ----
   1 !  442.6   3.5  4.3e-137  2.3e-133       1     339 [.       9     346 ..       9     347 .. 0.99



Internal pipeline statistics summary:
-------------------------------------
Query model(s):                            1  (340 nodes)
Target sequences:                       5431  (1645892 residues searched)
Passed MSV filter:                        96  (0.0176763); expected 108.6 (0.02)
Passed bias filter:                       78  (0.014362); expected 108.6 (0.02)
Passed Vit filter:                         5  (0.000920641); expected 5.4 (0.001)
Passed Fwd filter:                         1  (0.000184128); expected 0.1 (1e-05)
Initial search space (Z):               5431  [actual number of targets]
Domain search space  (domZ):               1  [number of targets reported over threshold]
# CPU time: 0.03u 0.01s 00:00:00.04 Elapsed: 00:00:00.03
# Mc/sec: 18633.67
//
Query:       TIGR02012  [M=321]
Accession:   TIGR02012
Description: tigrfam_recA: protein RecA
Scores for complete sequences (score includes all domains):
   --- full sequence ---   --- best 1 domain ---    -#dom-
    E-value  score  bias    E-value  score  bias    exp  N  Sequence                 Description
    ------- ------ -----    ------- ------ -----   ---- --  --------                 -----------
   7.7e-176  582.3   1.5   8.8e-176  582.1   1.5    1.0  1  NZ_JBHLYO010000015.1_575  # 561462 # 562532 # -1 # ID=15_575;partial=00;start_type=ATG;rbs_motif=AGGAG;rbs_spacer=5-10bp;gc_cont=0.624


Domain annotation for each sequence:
>> NZ_JBHLYO010000015.1_575  # 561462 # 562532 # -1 # ID=15_575;partial=00;start_type=ATG;rbs_motif=AGGAG;rbs_spacer=5-10bp;gc_cont=0.624
   #    score  bias  c-Evalue  i-Evalue hmmfrom  hmm to    alifrom  ali to    envfrom  env to     acc
 ---   ------ ----- --------- --------- ------- -------    ------- -------    ------- -------    ----
   1 !  582.1   1.5  1.6e-179  8.8e-176       1     321 []      15     335 ..      15     335 .. 1.00



Internal pipeline statistics summary:
-------------------------------------
Query model(s):                            1  (321 nodes)
Target sequences:                       5431  (1645892 residues searched)
Passed MSV filter:                       261  (0.0480574); expected 108.6 (0.02)
Passed bias filter:                      221  (0.0406923); expected 108.6 (0.02)
Passed Vit filter:                        34  (0.00626036); expected 5.4 (0.001)
Passed Fwd filter:                         3  (0.000552384); expected 0.1 (1e-05)
Initial search space (Z):               5431  [actual number of targets]
Domain search space  (domZ):               1  [number of targets reported over threshold]
# CPU time: 0.06u 0.00s 00:00:00.06 Elapsed: 00:00:00.07
# Mc/sec: 6788.19
//
Query:       TIGR02013  [M=1238]
Accession:   TIGR02013
Description: rpoB: DNA-directed RNA polymerase, beta subunit
Scores for complete sequences (score includes all domains):
   --- full sequence ---   --- best 1 domain ---    -#dom-
    E-value  score  bias    E-value  score  bias    exp  N  Sequence                 Description
    ------- ------ -----    ------- ------ -----   ---- --  --------                 -----------
          0 1950.6   1.5          0 1950.4   1.5    1.0  1  NZ_JBHLYO010000015.1_505  # 498768 # 502907 # -1 # ID=15_505;partial=00;start_type=ATG;rbs_motif=AGGAG;rbs_spacer=5-10bp;gc_cont=0.627


Domain annotation for each sequence:
>> NZ_JBHLYO010000015.1_505  # 498768 # 502907 # -1 # ID=15_505;partial=00;start_type=ATG;rbs_motif=AGGAG;rbs_spacer=5-10bp;gc_cont=0.627
   #    score  bias  c-Evalue  i-Evalue hmmfrom  hmm to    alifrom  ali to    envfrom  env to     acc
 ---   ------ ----- --------- --------- ------- -------    ------- -------    ------- -------    ----
   1 ! 1950.4   1.5         0         0       3    1238 .]      10    1356 ..       8    1356 .. 0.97



Internal pipeline statistics summary:
-------------------------------------
Query model(s):                            1  (1238 nodes)
Target sequences:                       5431  (1645892 residues searched)
Passed MSV filter:                       111  (0.0204382); expected 108.6 (0.02)
Passed bias filter:                       94  (0.017308); expected 108.6 (0.02)
Passed Vit filter:                         9  (0.00165715); expected 5.4 (0.001)
Passed Fwd filter:                         1  (0.000184128); expected 0.1 (1e-05)
Initial search space (Z):               5431  [actual number of targets]
Domain search space  (domZ):               1  [number of targets reported over threshold]
# CPU time: 0.14u 0.04s 00:00:00.18 Elapsed: 00:00:00.18
# Mc/sec: 10865.38
//
Query:       TIGR02027  [M=298]
Accession:   TIGR02027
Description: rpoA: DNA-directed RNA polymerase, alpha subunit
Scores for complete sequences (score includes all domains):
   --- full sequence ---   --- best 1 domain ---    -#dom-
    E-value  score  bias    E-value  score  bias    exp  N  Sequence                 Description
    ------- ------ -----    ------- ------ -----   ---- --  --------                 -----------
   2.2e-114  379.9   0.0   2.6e-114  379.7   0.0    1.0  1  NZ_JBHLYO010000015.1_472  # 474790 # 475806 # -1 # ID=15_472;partial=00;start_type=GTG;rbs_motif=AGGA;rbs_spacer=5-10bp;gc_cont=0.612


Domain annotation for each sequence:
>> NZ_JBHLYO010000015.1_472  # 474790 # 475806 # -1 # ID=15_472;partial=00;start_type=GTG;rbs_motif=AGGA;rbs_spacer=5-10bp;gc_cont=0.612
   #    score  bias  c-Evalue  i-Evalue hmmfrom  hmm to    alifrom  ali to    envfrom  env to     acc
 ---   ------ ----- --------- --------- ------- -------    ------- -------    ------- -------    ----
   1 !  379.7   0.0  4.8e-118  2.6e-114       2     298 .]      27     318 ..      26     318 .. 0.97



Internal pipeline statistics summary:
-------------------------------------
Query model(s):                            1  (298 nodes)
Target sequences:                       5431  (1645892 residues searched)
Passed MSV filter:                       101  (0.0185969); expected 108.6 (0.02)
Passed bias filter:                       93  (0.0171239); expected 108.6 (0.02)
Passed Vit filter:                         9  (0.00165715); expected 5.4 (0.001)
Passed Fwd filter:                         2  (0.000368256); expected 0.1 (1e-05)
Initial search space (Z):               5431  [actual number of targets]
Domain search space  (domZ):               1  [number of targets reported over threshold]
# CPU time: 0.04u 0.00s 00:00:00.04 Elapsed: 00:00:00.05
# Mc/sec: 9297.46
//
Query:       TIGR02075  [M=233]
Accession:   TIGR02075
Description: pyrH_bact: UMP kinase
Scores for complete sequences (score includes all domains):
   --- full sequence ---   --- best 1 domain ---    -#dom-
    E-value  score  bias    E-value  score  bias    exp  N  Sequence                 Description
    ------- ------ -----    ------- ------ -----   ---- --  --------                 -----------
    6.9e-92  305.5   0.2    7.7e-92  305.3   0.2    1.0  1  NZ_JBHLYO010000015.1_112  # 118636 # 119346 # 1 # ID=15_112;partial=00;start_type=ATG;rbs_motif=GGA/GAG/AGG;rbs_spacer=5-10bp;gc_cont=0.620


Domain annotation for each sequence:
>> NZ_JBHLYO010000015.1_112  # 118636 # 119346 # 1 # ID=15_112;partial=00;start_type=ATG;rbs_motif=GGA/GAG/AGG;rbs_spacer=5-10bp;gc_cont=0.620
   #    score  bias  c-Evalue  i-Evalue hmmfrom  hmm to    alifrom  ali to    envfrom  env to     acc
 ---   ------ ----- --------- --------- ------- -------    ------- -------    ------- -------    ----
   1 !  305.3   0.2   1.4e-95   7.7e-92       1     232 [.       5     235 ..       5     236 .. 0.99



Internal pipeline statistics summary:
-------------------------------------
Query model(s):                            1  (233 nodes)
Target sequences:                       5431  (1645892 residues searched)
Passed MSV filter:                       128  (0.0235684); expected 108.6 (0.02)
Passed bias filter:                      108  (0.0198858); expected 108.6 (0.02)
Passed Vit filter:                         9  (0.00165715); expected 5.4 (0.001)
Passed Fwd filter:                         3  (0.000552384); expected 0.1 (1e-05)
Initial search space (Z):               5431  [actual number of targets]
Domain search space  (domZ):               1  [number of targets reported over threshold]
# CPU time: 0.04u 0.00s 00:00:00.04 Elapsed: 00:00:00.04
# Mc/sec: 7971.47
//
Query:       TIGR02191  [M=219]
Accession:   TIGR02191
Description: RNaseIII: ribonuclease III
Scores for complete sequences (score includes all domains):
   --- full sequence ---   --- best 1 domain ---    -#dom-
    E-value  score  bias    E-value  score  bias    exp  N  Sequence                Description
    ------- ------ -----    ------- ------ -----   ---- --  --------                -----------
    2.3e-67  225.0   0.0    2.6e-67  224.8   0.0    1.0  1  NZ_JBHLYO010000020.1_90  # 97556 # 98272 # 1 # ID=20_90;partial=00;start_type=ATG;rbs_motif=None;rbs_spacer=None;gc_cont=0.657


Domain annotation for each sequence:
>> NZ_JBHLYO010000020.1_90  # 97556 # 98272 # 1 # ID=20_90;partial=00;start_type=ATG;rbs_motif=None;rbs_spacer=None;gc_cont=0.657
   #    score  bias  c-Evalue  i-Evalue hmmfrom  hmm to    alifrom  ali to    envfrom  env to     acc
 ---   ------ ----- --------- --------- ------- -------    ------- -------    ------- -------    ----
   1 !  224.8   0.0   4.7e-71   2.6e-67       1     216 [.      14     228 ..      14     231 .. 0.95



Internal pipeline statistics summary:
-------------------------------------
Query model(s):                            1  (219 nodes)
Target sequences:                       5431  (1645892 residues searched)
Passed MSV filter:                        83  (0.0152826); expected 108.6 (0.02)
Passed bias filter:                       79  (0.0145461); expected 108.6 (0.02)
Passed Vit filter:                         9  (0.00165715); expected 5.4 (0.001)
Passed Fwd filter:                         1  (0.000184128); expected 0.1 (1e-05)
Initial search space (Z):               5431  [actual number of targets]
Domain search space  (domZ):               1  [number of targets reported over threshold]
# CPU time: 0.02u 0.00s 00:00:00.02 Elapsed: 00:00:00.05
# Mc/sec: 7173.16
//
Query:       TIGR02236  [M=311]
Accession:   TIGR02236
Description: recomb_radA: DNA repair and recombination protein RadA
Scores for complete sequences (score includes all domains):
   --- full sequence ---   --- best 1 domain ---    -#dom-
    E-value  score  bias    E-value  score  bias    exp  N  Sequence Description
    ------- ------ -----    ------- ------ -----   ---- --  -------- -----------

   [No hits detected that satisfy reporting thresholds]


Domain annotation for each sequence:

   [No targets detected that satisfy reporting thresholds]


Internal pipeline statistics summary:
-------------------------------------
Query model(s):                            1  (311 nodes)
Target sequences:                       5431  (1645892 residues searched)
Passed MSV filter:                       180  (0.0331431); expected 108.6 (0.02)
Passed bias filter:                      144  (0.0265145); expected 108.6 (0.02)
Passed Vit filter:                        18  (0.00331431); expected 5.4 (0.001)
Passed Fwd filter:                         4  (0.000736513); expected 0.1 (1e-05)
Initial search space (Z):               5431  [actual number of targets]
Domain search space  (domZ):               0  [number of targets reported over threshold]
# CPU time: 0.06u 0.00s 00:00:00.06 Elapsed: 00:00:00.06
# Mc/sec: 7934.99
//
Query:       TIGR02273  [M=166]
Accession:   TIGR02273
Description: 16S_RimM: 16S rRNA processing protein RimM
Scores for complete sequences (score includes all domains):
   --- full sequence ---   --- best 1 domain ---    -#dom-
    E-value  score  bias    E-value  score  bias    exp  N  Sequence                 Description
    ------- ------ -----    ------- ------ -----   ---- --  --------                 -----------
    1.7e-41  139.6   0.0      2e-41  139.4   0.0    1.0  1  NZ_JBHLYO010000012.1_142  # 135439 # 135972 # 1 # ID=12_142;partial=00;start_type=ATG;rbs_motif=AGGA/GGAG/GAGG;rbs_spacer=11-12bp;gc_cont=0.637


Domain annotation for each sequence:
>> NZ_JBHLYO010000012.1_142  # 135439 # 135972 # 1 # ID=12_142;partial=00;start_type=ATG;rbs_motif=AGGA/GGAG/GAGG;rbs_spacer=11-12bp;gc_cont=0.637
   #    score  bias  c-Evalue  i-Evalue hmmfrom  hmm to    alifrom  ali to    envfrom  env to     acc
 ---   ------ ----- --------- --------- ------- -------    ------- -------    ------- -------    ----
   1 !  139.4   0.0   3.6e-45     2e-41       2     160 ..       7     163 ..       6     169 .. 0.94



Internal pipeline statistics summary:
-------------------------------------
Query model(s):                            1  (166 nodes)
Target sequences:                       5431  (1645892 residues searched)
Passed MSV filter:                        81  (0.0149144); expected 108.6 (0.02)
Passed bias filter:                       77  (0.0141779); expected 108.6 (0.02)
Passed Vit filter:                        11  (0.00202541); expected 5.4 (0.001)
Passed Fwd filter:                         1  (0.000184128); expected 0.1 (1e-05)
Initial search space (Z):               5431  [actual number of targets]
Domain search space  (domZ):               1  [number of targets reported over threshold]
# CPU time: 0.02u 0.00s 00:00:00.02 Elapsed: 00:00:00.01
# Mc/sec: 15348.09
//
Query:       TIGR02338  [M=110]
Accession:   TIGR02338
Description: gimC_beta: prefoldin, beta subunit
Scores for complete sequences (score includes all domains):
   --- full sequence ---   --- best 1 domain ---    -#dom-
    E-value  score  bias    E-value  score  bias    exp  N  Sequence Description
    ------- ------ -----    ------- ------ -----   ---- --  -------- -----------

   [No hits detected that satisfy reporting thresholds]


Domain annotation for each sequence:

   [No targets detected that satisfy reporting thresholds]


Internal pipeline statistics summary:
-------------------------------------
Query model(s):                            1  (110 nodes)
Target sequences:                       5431  (1645892 residues searched)
Passed MSV filter:                       130  (0.0239367); expected 108.6 (0.02)
Passed bias filter:                       82  (0.0150985); expected 108.6 (0.02)
Passed Vit filter:                         7  (0.0012889); expected 5.4 (0.001)
Passed Fwd filter:                         0  (0); expected 0.1 (1e-05)
Initial search space (Z):               5431  [actual number of targets]
Domain search space  (domZ):               0  [number of targets reported over threshold]
# CPU time: 0.03u 0.00s 00:00:00.03 Elapsed: 00:00:00.02
# Mc/sec: 6415.95
//
Query:       TIGR02350  [M=596]
Accession:   TIGR02350
Description: prok_dnaK: chaperone protein DnaK
Scores for complete sequences (score includes all domains):
   --- full sequence ---   --- best 1 domain ---    -#dom-
    E-value  score  bias    E-value  score  bias    exp  N  Sequence                Description
    ------- ------ -----    ------- ------ -----   ---- --  --------                -----------
     2e-301  998.9  16.7   2.3e-301  998.7  16.7    1.0  1  NZ_JBHLYO010000023.1_27  # 19306 # 21219 # -1 # ID=23_27;partial=00;start_type=ATG;rbs_motif=AGGA/GGAG/GAGG;rbs_spacer=11-12bp;gc_cont=0.633


Domain annotation for each sequence:
>> NZ_JBHLYO010000023.1_27  # 19306 # 21219 # -1 # ID=23_27;partial=00;start_type=ATG;rbs_motif=AGGA/GGAG/GAGG;rbs_spacer=11-12bp;gc_cont=0.633
   #    score  bias  c-Evalue  i-Evalue hmmfrom  hmm to    alifrom  ali to    envfrom  env to     acc
 ---   ------ ----- --------- --------- ------- -------    ------- -------    ------- -------    ----
   1 !  998.7  16.7  4.3e-305  2.3e-301       1     596 []       3     599 ..       3     599 .. 0.99



Internal pipeline statistics summary:
-------------------------------------
Query model(s):                            1  (596 nodes)
Target sequences:                       5431  (1645892 residues searched)
Passed MSV filter:                       180  (0.0331431); expected 108.6 (0.02)
Passed bias filter:                      130  (0.0239367); expected 108.6 (0.02)
Passed Vit filter:                        16  (0.00294605); expected 5.4 (0.001)
Passed Fwd filter:                         3  (0.000552384); expected 0.1 (1e-05)
Initial search space (Z):               5431  [actual number of targets]
Domain search space  (domZ):               1  [number of targets reported over threshold]
# CPU time: 0.08u 0.01s 00:00:00.09 Elapsed: 00:00:00.08
# Mc/sec: 11910.82
//
Query:       TIGR02386  [M=1147]
Accession:   TIGR02386
Description: rpoC_TIGR: DNA-directed RNA polymerase, beta' subunit
Scores for complete sequences (score includes all domains):
   --- full sequence ---   --- best 1 domain ---    -#dom-
    E-value  score  bias    E-value  score  bias    exp  N  Sequence                 Description
    ------- ------ -----    ------- ------ -----   ---- --  --------                 -----------
          0 1797.1   0.2          0 1488.6   0.0    2.2  1  NZ_JBHLYO010000015.1_504  # 494504 # 498688 # -1 # ID=15_504;partial=00;start_type=ATG;rbs_motif=AGGAG;rbs_spacer=5-10bp;gc_cont=0.634


Domain annotation for each sequence:
>> NZ_JBHLYO010000015.1_504  # 494504 # 498688 # -1 # ID=15_504;partial=00;start_type=ATG;rbs_motif=AGGAG;rbs_spacer=5-10bp;gc_cont=0.634
   #    score  bias  c-Evalue  i-Evalue hmmfrom  hmm to    alifrom  ali to    envfrom  env to     acc
 ---   ------ ----- --------- --------- ------- -------    ------- -------    ------- -------    ----
   1 ! 1488.6   0.0         0         0       2    1008 ..      23    1034 ..      22    1044 .. 0.95



Internal pipeline statistics summary:
-------------------------------------
Query model(s):                            1  (1147 nodes)
Target sequences:                       5431  (1645892 residues searched)
Passed MSV filter:                        87  (0.0160191); expected 108.6 (0.02)
Passed bias filter:                       77  (0.0141779); expected 108.6 (0.02)
Passed Vit filter:                        10  (0.00184128); expected 5.4 (0.001)
Passed Fwd filter:                         1  (0.000184128); expected 0.1 (1e-05)
Initial search space (Z):               5431  [actual number of targets]
Domain search space  (domZ):               1  [number of targets reported over threshold]
# CPU time: 0.14u 0.00s 00:00:00.14 Elapsed: 00:00:00.13
# Mc/sec: 13544.83
//
Query:       TIGR02389  [M=367]
Accession:   TIGR02389
Description: RNA_pol_rpoA2: DNA-directed RNA polymerase, subunit A''
Scores for complete sequences (score includes all domains):
   --- full sequence ---   --- best 1 domain ---    -#dom-
    E-value  score  bias    E-value  score  bias    exp  N  Sequence Description
    ------- ------ -----    ------- ------ -----   ---- --  -------- -----------

   [No hits detected that satisfy reporting thresholds]


Domain annotation for each sequence:

   [No targets detected that satisfy reporting thresholds]


Internal pipeline statistics summary:
-------------------------------------
Query model(s):                            1  (367 nodes)
Target sequences:                       5431  (1645892 residues searched)
Passed MSV filter:                       131  (0.0241208); expected 108.6 (0.02)
Passed bias filter:                      110  (0.0202541); expected 108.6 (0.02)
Passed Vit filter:                        10  (0.00184128); expected 5.4 (0.001)
Passed Fwd filter:                         1  (0.000184128); expected 0.1 (1e-05)
Initial search space (Z):               5431  [actual number of targets]
Domain search space  (domZ):               0  [number of targets reported over threshold]
# CPU time: 0.04u 0.01s 00:00:00.05 Elapsed: 00:00:00.05
# Mc/sec: 10954.41
//
Query:       TIGR02390  [M=867]
Accession:   TIGR02390
Description: RNA_pol_rpoA1: DNA-directed RNA polymerase subunit A'
Scores for complete sequences (score includes all domains):
   --- full sequence ---   --- best 1 domain ---    -#dom-
    E-value  score  bias    E-value  score  bias    exp  N  Sequence Description
    ------- ------ -----    ------- ------ -----   ---- --  -------- -----------

   [No hits detected that satisfy reporting thresholds]


Domain annotation for each sequence:

   [No targets detected that satisfy reporting thresholds]


Internal pipeline statistics summary:
-------------------------------------
Query model(s):                            1  (867 nodes)
Target sequences:                       5431  (1645892 residues searched)
Passed MSV filter:                        74  (0.0136255); expected 108.6 (0.02)
Passed bias filter:                       67  (0.0123366); expected 108.6 (0.02)
Passed Vit filter:                        10  (0.00184128); expected 5.4 (0.001)
Passed Fwd filter:                         1  (0.000184128); expected 0.1 (1e-05)
Initial search space (Z):               5431  [actual number of targets]
Domain search space  (domZ):               0  [number of targets reported over threshold]
# CPU time: 0.11u 0.00s 00:00:00.11 Elapsed: 00:00:00.10
# Mc/sec: 13069.48
//
Query:       TIGR02397  [M=355]
Accession:   TIGR02397
Description: dnaX_nterm: DNA polymerase III, subunit gamma and tau
Scores for complete sequences (score includes all domains):
   --- full sequence ---   --- best 1 domain ---    -#dom-
    E-value  score  bias    E-value  score  bias    exp  N  Sequence                Description
    ------- ------ -----    ------- ------ -----   ---- --  --------                -----------
   4.4e-119  396.1   0.0   5.3e-119  395.8   0.0    1.1  1  NZ_JBHLYO010000011.1_42  # 40676 # 42412 # 1 # ID=11_42;partial=00;start_type=ATG;rbs_motif=GGAG/GAGG;rbs_spacer=5-10bp;gc_cont=0.655


Domain annotation for each sequence:
>> NZ_JBHLYO010000011.1_42  # 40676 # 42412 # 1 # ID=11_42;partial=00;start_type=ATG;rbs_motif=GGAG/GAGG;rbs_spacer=5-10bp;gc_cont=0.655
   #    score  bias  c-Evalue  i-Evalue hmmfrom  hmm to    alifrom  ali to    envfrom  env to     acc
 ---   ------ ----- --------- --------- ------- -------    ------- -------    ------- -------    ----
   1 !  395.8   0.0  9.7e-123  5.3e-119       1     354 [.       9     368 ..       9     369 .. 0.97



Internal pipeline statistics summary:
-------------------------------------
Query model(s):                            1  (355 nodes)
Target sequences:                       5431  (1645892 residues searched)
Passed MSV filter:                       330  (0.0607623); expected 108.6 (0.02)
Passed bias filter:                      319  (0.0587369); expected 108.6 (0.02)
Passed Vit filter:                       147  (0.0270668); expected 5.4 (0.001)
Passed Fwd filter:                        12  (0.00220954); expected 0.1 (1e-05)
Initial search space (Z):               5431  [actual number of targets]
Domain search space  (domZ):               1  [number of targets reported over threshold]
# CPU time: 0.12u 0.00s 00:00:00.12 Elapsed: 00:00:00.12
# Mc/sec: 4594.17
//
Query:       TIGR02432  [M=189]
Accession:   TIGR02432
Description: lysidine_TilS_N: tRNA(Ile)-lysidine synthetase
Scores for complete sequences (score includes all domains):
   --- full sequence ---   --- best 1 domain ---    -#dom-
    E-value  score  bias    E-value  score  bias    exp  N  Sequence                 Description
    ------- ------ -----    ------- ------ -----   ---- --  --------                 -----------
    1.8e-41  140.4   0.0    2.5e-41  139.9   0.0    1.1  1  NZ_JBHLYO010000003.1_110  # 128404 # 129678 # -1 # ID=3_110;partial=00;start_type=ATG;rbs_motif=GGA/GAG/AGG;rbs_spacer=5-10bp;gc_cont=0.700


Domain annotation for each sequence:
>> NZ_JBHLYO010000003.1_110  # 128404 # 129678 # -1 # ID=3_110;partial=00;start_type=ATG;rbs_motif=GGA/GAG/AGG;rbs_spacer=5-10bp;gc_cont=0.700
   #    score  bias  c-Evalue  i-Evalue hmmfrom  hmm to    alifrom  ali to    envfrom  env to     acc
 ---   ------ ----- --------- --------- ------- -------    ------- -------    ------- -------    ----
   1 !  139.9   0.0   4.6e-45   2.5e-41       4     185 ..      30     208 ..      27     211 .. 0.93



Internal pipeline statistics summary:
-------------------------------------
Query model(s):                            1  (189 nodes)
Target sequences:                       5431  (1645892 residues searched)
Passed MSV filter:                        85  (0.0156509); expected 108.6 (0.02)
Passed bias filter:                       79  (0.0145461); expected 108.6 (0.02)
Passed Vit filter:                        19  (0.00349843); expected 5.4 (0.001)
Passed Fwd filter:                         8  (0.00147303); expected 0.1 (1e-05)
Initial search space (Z):               5431  [actual number of targets]
Domain search space  (domZ):               1  [number of targets reported over threshold]
# CPU time: 0.04u 0.00s 00:00:00.04 Elapsed: 00:00:00.03
# Mc/sec: 8264.84
//
Query:       TIGR02729  [M=329]
Accession:   TIGR02729
Description: Obg_CgtA: Obg family GTPase CgtA
Scores for complete sequences (score includes all domains):
   --- full sequence ---   --- best 1 domain ---    -#dom-
    E-value  score  bias    E-value  score  bias    exp  N  Sequence                 Description
    ------- ------ -----    ------- ------ -----   ---- --  --------                 -----------
   2.8e-137  455.4   2.8   3.2e-137  455.2   2.8    1.0  1  NZ_JBHLYO010000012.1_230  # 214275 # 215318 # -1 # ID=12_230;partial=00;start_type=ATG;rbs_motif=GGA/GAG/AGG;rbs_spacer=5-10bp;gc_cont=0.645


Domain annotation for each sequence:
>> NZ_JBHLYO010000012.1_230  # 214275 # 215318 # -1 # ID=12_230;partial=00;start_type=ATG;rbs_motif=GGA/GAG/AGG;rbs_spacer=5-10bp;gc_cont=0.645
   #    score  bias  c-Evalue  i-Evalue hmmfrom  hmm to    alifrom  ali to    envfrom  env to     acc
 ---   ------ ----- --------- --------- ------- -------    ------- -------    ------- -------    ----
   1 !  455.2   2.8  5.9e-141  3.2e-137       1     328 [.       3     326 ..       3     327 .. 0.99



Internal pipeline statistics summary:
-------------------------------------
Query model(s):                            1  (329 nodes)
Target sequences:                       5431  (1645892 residues searched)
Passed MSV filter:                       305  (0.0561591); expected 108.6 (0.02)
Passed bias filter:                      277  (0.0510035); expected 108.6 (0.02)
Passed Vit filter:                        82  (0.0150985); expected 5.4 (0.001)
Passed Fwd filter:                         9  (0.00165715); expected 0.1 (1e-05)
Initial search space (Z):               5431  [actual number of targets]
Domain search space  (domZ):               1  [number of targets reported over threshold]
# CPU time: 0.08u 0.00s 00:00:00.08 Elapsed: 00:00:00.10
# Mc/sec: 5007.40
//
Query:       TIGR03263  [M=180]
Accession:   TIGR03263
Description: guanyl_kin: guanylate kinase
Scores for complete sequences (score includes all domains):
   --- full sequence ---   --- best 1 domain ---    -#dom-
    E-value  score  bias    E-value  score  bias    exp  N  Sequence                Description
    ------- ------ -----    ------- ------ -----   ---- --  --------                -----------
    2.2e-66  221.2   0.0    2.5e-66  220.9   0.0    1.0  1  NZ_JBHLYO010000010.1_83  # 98432 # 99070 # -1 # ID=10_83;partial=00;start_type=ATG;rbs_motif=AGxAGG/AGGxGG;rbs_spacer=5-10bp;gc_cont=0.606


Domain annotation for each sequence:
>> NZ_JBHLYO010000010.1_83  # 98432 # 99070 # -1 # ID=10_83;partial=00;start_type=ATG;rbs_motif=AGxAGG/AGGxGG;rbs_spacer=5-10bp;gc_cont=0.606
   #    score  bias  c-Evalue  i-Evalue hmmfrom  hmm to    alifrom  ali to    envfrom  env to     acc
 ---   ------ ----- --------- --------- ------- -------    ------- -------    ------- -------    ----
   1 !  220.9   0.0   4.7e-70   2.5e-66       2     179 ..       8     186 ..       7     187 .. 0.98



Internal pipeline statistics summary:
-------------------------------------
Query model(s):                            1  (180 nodes)
Target sequences:                       5431  (1645892 residues searched)
Passed MSV filter:                       407  (0.0749402); expected 108.6 (0.02)
Passed bias filter:                      390  (0.07181); expected 108.6 (0.02)
Passed Vit filter:                       203  (0.037378); expected 5.4 (0.001)
Passed Fwd filter:                        61  (0.0112318); expected 0.1 (1e-05)
Initial search space (Z):               5431  [actual number of targets]
Domain search space  (domZ):               1  [number of targets reported over threshold]
# CPU time: 0.08u 0.00s 00:00:00.08 Elapsed: 00:00:00.07
# Mc/sec: 3912.92
//
Query:       TIGR03594  [M=432]
Accession:   TIGR03594
Description: GTPase_EngA: ribosome-associated GTPase EngA
Scores for complete sequences (score includes all domains):
   --- full sequence ---   --- best 1 domain ---    -#dom-
    E-value  score  bias    E-value  score  bias    exp  N  Sequence                 Description
    ------- ------ -----    ------- ------ -----   ---- --  --------                 -----------
   1.3e-162  539.9   0.0   1.5e-162  539.7   0.0    1.0  1  NZ_JBHLYO010000010.1_103  # 119439 # 120887 # -1 # ID=10_103;partial=00;start_type=ATG;rbs_motif=GGA/GAG/AGG;rbs_spacer=5-10bp;gc_cont=0.660


Domain annotation for each sequence:
>> NZ_JBHLYO010000010.1_103  # 119439 # 120887 # -1 # ID=10_103;partial=00;start_type=ATG;rbs_motif=GGA/GAG/AGG;rbs_spacer=5-10bp;gc_cont=0.660
   #    score  bias  c-Evalue  i-Evalue hmmfrom  hmm to    alifrom  ali to    envfrom  env to     acc
 ---   ------ ----- --------- --------- ------- -------    ------- -------    ------- -------    ----
   1 !  539.7   0.0  2.8e-166  1.5e-162       2     432 .]       4     466 ..       3     466 .. 0.94



Internal pipeline statistics summary:
-------------------------------------
Query model(s):                            1  (432 nodes)
Target sequences:                       5431  (1645892 residues searched)
Passed MSV filter:                       301  (0.0554226); expected 108.6 (0.02)
Passed bias filter:                      282  (0.0519241); expected 108.6 (0.02)
Passed Vit filter:                        98  (0.0180446); expected 5.4 (0.001)
Passed Fwd filter:                        28  (0.00515559); expected 0.1 (1e-05)
Initial search space (Z):               5431  [actual number of targets]
Domain search space  (domZ):               1  [number of targets reported over threshold]
# CPU time: 0.15u 0.01s 00:00:00.16 Elapsed: 00:00:00.16
# Mc/sec: 4318.80
//
Query:       TIGR03625  [M=202]
Accession:   TIGR03625
Description: L3_bact: 50S ribosomal protein uL3
Scores for complete sequences (score includes all domains):
   --- full sequence ---   --- best 1 domain ---    -#dom-
    E-value  score  bias    E-value  score  bias    exp  N  Sequence                 Description
    ------- ------ -----    ------- ------ -----   ---- --  --------                 -----------
      9e-81  268.8   7.3      1e-80  268.6   7.3    1.0  1  NZ_JBHLYO010000015.1_496  # 487354 # 488055 # -1 # ID=15_496;partial=00;start_type=ATG;rbs_motif=AGxAGG/AGGxGG;rbs_spacer=5-10bp;gc_cont=0.658


Domain annotation for each sequence:
>> NZ_JBHLYO010000015.1_496  # 487354 # 488055 # -1 # ID=15_496;partial=00;start_type=ATG;rbs_motif=AGxAGG/AGGxGG;rbs_spacer=5-10bp;gc_cont=0.658
   #    score  bias  c-Evalue  i-Evalue hmmfrom  hmm to    alifrom  ali to    envfrom  env to     acc
 ---   ------ ----- --------- --------- ------- -------    ------- -------    ------- -------    ----
   1 !  268.6   7.3   1.9e-84     1e-80       1     202 []       4     205 ..       4     205 .. 0.99



Internal pipeline statistics summary:
-------------------------------------
Query model(s):                            1  (202 nodes)
Target sequences:                       5431  (1645892 residues searched)
Passed MSV filter:                        87  (0.0160191); expected 108.6 (0.02)
Passed bias filter:                       80  (0.0147303); expected 108.6 (0.02)
Passed Vit filter:                         6  (0.00110477); expected 5.4 (0.001)
Passed Fwd filter:                         1  (0.000184128); expected 0.1 (1e-05)
Initial search space (Z):               5431  [actual number of targets]
Domain search space  (domZ):               1  [number of targets reported over threshold]
# CPU time: 0.03u 0.00s 00:00:00.03 Elapsed: 00:00:00.02
# Mc/sec: 13921.71
//
Query:       TIGR03626  [M=331]
Accession:   TIGR03626
Description: L3_arch: ribosomal protein uL3
Scores for complete sequences (score includes all domains):
   --- full sequence ---   --- best 1 domain ---    -#dom-
    E-value  score  bias    E-value  score  bias    exp  N  Sequence Description
    ------- ------ -----    ------- ------ -----   ---- --  -------- -----------

   [No hits detected that satisfy reporting thresholds]


Domain annotation for each sequence:

   [No targets detected that satisfy reporting thresholds]


Internal pipeline statistics summary:
-------------------------------------
Query model(s):                            1  (331 nodes)
Target sequences:                       5431  (1645892 residues searched)
Passed MSV filter:                       100  (0.0184128); expected 108.6 (0.02)
Passed bias filter:                       86  (0.015835); expected 108.6 (0.02)
Passed Vit filter:                         5  (0.000920641); expected 5.4 (0.001)
Passed Fwd filter:                         1  (0.000184128); expected 0.1 (1e-05)
Initial search space (Z):               5431  [actual number of targets]
Domain search space  (domZ):               0  [number of targets reported over threshold]
# CPU time: 0.05u 0.00s 00:00:00.05 Elapsed: 00:00:00.05
# Mc/sec: 10051.68
//
Query:       TIGR03627  [M=130]
Accession:   TIGR03627
Description: uS9_arch: ribosomal protein uS9
Scores for complete sequences (score includes all domains):
   --- full sequence ---   --- best 1 domain ---    -#dom-
    E-value  score  bias    E-value  score  bias    exp  N  Sequence Description
    ------- ------ -----    ------- ------ -----   ---- --  -------- -----------

   [No hits detected that satisfy reporting thresholds]


Domain annotation for each sequence:

   [No targets detected that satisfy reporting thresholds]


Internal pipeline statistics summary:
-------------------------------------
Query model(s):                            1  (130 nodes)
Target sequences:                       5431  (1645892 residues searched)
Passed MSV filter:                       232  (0.0427177); expected 108.6 (0.02)
Passed bias filter:                      205  (0.0377463); expected 108.6 (0.02)
Passed Vit filter:                        16  (0.00294605); expected 5.4 (0.001)
Passed Fwd filter:                         1  (0.000184128); expected 0.1 (1e-05)
Initial search space (Z):               5431  [actual number of targets]
Domain search space  (domZ):               0  [number of targets reported over threshold]
# CPU time: 0.03u 0.00s 00:00:00.03 Elapsed: 00:00:00.03
# Mc/sec: 5693.15
//
Query:       TIGR03628  [M=117]
Accession:   TIGR03628
Description: arch_S11P: ribosomal protein uS11
Scores for complete sequences (score includes all domains):
   --- full sequence ---   --- best 1 domain ---    -#dom-
    E-value  score  bias    E-value  score  bias    exp  N  Sequence Description
    ------- ------ -----    ------- ------ -----   ---- --  -------- -----------

   [No hits detected that satisfy reporting thresholds]


Domain annotation for each sequence:

   [No targets detected that satisfy reporting thresholds]


Internal pipeline statistics summary:
-------------------------------------
Query model(s):                            1  (117 nodes)
Target sequences:                       5431  (1645892 residues searched)
Passed MSV filter:                       248  (0.0456638); expected 108.6 (0.02)
Passed bias filter:                      169  (0.0311177); expected 108.6 (0.02)
Passed Vit filter:                        13  (0.00239367); expected 5.4 (0.001)
Passed Fwd filter:                         1  (0.000184128); expected 0.1 (1e-05)
Initial search space (Z):               5431  [actual number of targets]
Domain search space  (domZ):               0  [number of targets reported over threshold]
# CPU time: 0.02u 0.00s 00:00:00.02 Elapsed: 00:00:00.03
# Mc/sec: 6325.11
//
Query:       TIGR03629  [M=144]
Accession:   TIGR03629
Description: uS13_arch: ribosomal protein uS13
Scores for complete sequences (score includes all domains):
   --- full sequence ---   --- best 1 domain ---    -#dom-
    E-value  score  bias    E-value  score  bias    exp  N  Sequence Description
    ------- ------ -----    ------- ------ -----   ---- --  -------- -----------

   [No hits detected that satisfy reporting thresholds]


Domain annotation for each sequence:

   [No targets detected that satisfy reporting thresholds]


Internal pipeline statistics summary:
-------------------------------------
Query model(s):                            1  (144 nodes)
Target sequences:                       5431  (1645892 residues searched)
Passed MSV filter:                       142  (0.0261462); expected 108.6 (0.02)
Passed bias filter:                      125  (0.023016); expected 108.6 (0.02)
Passed Vit filter:                         6  (0.00110477); expected 5.4 (0.001)
Passed Fwd filter:                         1  (0.000184128); expected 0.1 (1e-05)
Initial search space (Z):               5431  [actual number of targets]
Domain search space  (domZ):               0  [number of targets reported over threshold]
# CPU time: 0.02u 0.01s 00:00:00.03 Elapsed: 00:00:00.03
# Mc/sec: 7822.01
//
Query:       TIGR03632  [M=117]
Accession:   TIGR03632
Description: uS11_bact: ribosomal protein uS11
Scores for complete sequences (score includes all domains):
   --- full sequence ---   --- best 1 domain ---    -#dom-
    E-value  score  bias    E-value  score  bias    exp  N  Sequence                 Description
    ------- ------ -----    ------- ------ -----   ---- --  --------                 -----------
    3.3e-59  196.7   1.6      4e-59  196.4   1.6    1.0  1  NZ_JBHLYO010000015.1_473  # 475909 # 476301 # -1 # ID=15_473;partial=00;start_type=ATG;rbs_motif=GGAG/GAGG;rbs_spacer=5-10bp;gc_cont=0.659


Domain annotation for each sequence:
>> NZ_JBHLYO010000015.1_473  # 475909 # 476301 # -1 # ID=15_473;partial=00;start_type=ATG;rbs_motif=GGAG/GAGG;rbs_spacer=5-10bp;gc_cont=0.659
   #    score  bias  c-Evalue  i-Evalue hmmfrom  hmm to    alifrom  ali to    envfrom  env to     acc
 ---   ------ ----- --------- --------- ------- -------    ------- -------    ------- -------    ----
   1 !  196.4   1.6   7.3e-63     4e-59       1     117 []      11     127 ..      11     127 .. 0.99



Internal pipeline statistics summary:
-------------------------------------
Query model(s):                            1  (117 nodes)
Target sequences:                       5431  (1645892 residues searched)
Passed MSV filter:                       182  (0.0335113); expected 108.6 (0.02)
Passed bias filter:                      149  (0.0274351); expected 108.6 (0.02)
Passed Vit filter:                        20  (0.00368256); expected 5.4 (0.001)
Passed Fwd filter:                         1  (0.000184128); expected 0.1 (1e-05)
Initial search space (Z):               5431  [actual number of targets]
Domain search space  (domZ):               1  [number of targets reported over threshold]
# CPU time: 0.03u 0.00s 00:00:00.03 Elapsed: 00:00:00.02
# Mc/sec: 6788.57
//
Query:       TIGR03654  [M=175]
Accession:   TIGR03654
Description: L6_bact: ribosomal protein uL6
Scores for complete sequences (score includes all domains):
   --- full sequence ---   --- best 1 domain ---    -#dom-
    E-value  score  bias    E-value  score  bias    exp  N  Sequence                 Description
    ------- ------ -----    ------- ------ -----   ---- --  --------                 -----------
      6e-74  245.8   0.6    6.7e-74  245.6   0.6    1.0  1  NZ_JBHLYO010000015.1_481  # 480628 # 481161 # -1 # ID=15_481;partial=00;start_type=ATG;rbs_motif=GGA/GAG/AGG;rbs_spacer=5-10bp;gc_cont=0.629


Domain annotation for each sequence:
>> NZ_JBHLYO010000015.1_481  # 480628 # 481161 # -1 # ID=15_481;partial=00;start_type=ATG;rbs_motif=GGA/GAG/AGG;rbs_spacer=5-10bp;gc_cont=0.629
   #    score  bias  c-Evalue  i-Evalue hmmfrom  hmm to    alifrom  ali to    envfrom  env to     acc
 ---   ------ ----- --------- --------- ------- -------    ------- -------    ------- -------    ----
   1 !  245.6   0.6   1.2e-77   6.7e-74       1     175 []       2     176 ..       2     176 .. 1.00



Internal pipeline statistics summary:
-------------------------------------
Query model(s):                            1  (175 nodes)
Target sequences:                       5431  (1645892 residues searched)
Passed MSV filter:                       104  (0.0191493); expected 108.6 (0.02)
Passed bias filter:                       96  (0.0176763); expected 108.6 (0.02)
Passed Vit filter:                         5  (0.000920641); expected 5.4 (0.001)
Passed Fwd filter:                         1  (0.000184128); expected 0.1 (1e-05)
Initial search space (Z):               5431  [actual number of targets]
Domain search space  (domZ):               1  [number of targets reported over threshold]
# CPU time: 0.03u 0.00s 00:00:00.03 Elapsed: 00:00:00.03
# Mc/sec: 8078.61
//
Query:       TIGR03670  [M=599]
Accession:   TIGR03670
Description: rpoB_arch: DNA-directed RNA polymerase subunit B
Scores for complete sequences (score includes all domains):
   --- full sequence ---   --- best 1 domain ---    -#dom-
    E-value  score  bias    E-value  score  bias    exp  N  Sequence Description
    ------- ------ -----    ------- ------ -----   ---- --  -------- -----------

   [No hits detected that satisfy reporting thresholds]


Domain annotation for each sequence:

   [No targets detected that satisfy reporting thresholds]


Internal pipeline statistics summary:
-------------------------------------
Query model(s):                            1  (599 nodes)
Target sequences:                       5431  (1645892 residues searched)
Passed MSV filter:                       100  (0.0184128); expected 108.6 (0.02)
Passed bias filter:                       88  (0.0162033); expected 108.6 (0.02)
Passed Vit filter:                         9  (0.00165715); expected 5.4 (0.001)
Passed Fwd filter:                         1  (0.000184128); expected 0.1 (1e-05)
Initial search space (Z):               5431  [actual number of targets]
Domain search space  (domZ):               0  [number of targets reported over threshold]
# CPU time: 0.07u 0.00s 00:00:00.07 Elapsed: 00:00:00.11
# Mc/sec: 8287.57
//
Query:       TIGR03671  [M=410]
Accession:   TIGR03671
Description: cca_archaeal: CCA-adding enzyme
Scores for complete sequences (score includes all domains):
   --- full sequence ---   --- best 1 domain ---    -#dom-
    E-value  score  bias    E-value  score  bias    exp  N  Sequence Description
    ------- ------ -----    ------- ------ -----   ---- --  -------- -----------

   [No hits detected that satisfy reporting thresholds]


Domain annotation for each sequence:

   [No targets detected that satisfy reporting thresholds]


Internal pipeline statistics summary:
-------------------------------------
Query model(s):                            1  (410 nodes)
Target sequences:                       5431  (1645892 residues searched)
Passed MSV filter:                        97  (0.0178604); expected 108.6 (0.02)
Passed bias filter:                       93  (0.0171239); expected 108.6 (0.02)
Passed Vit filter:                         5  (0.000920641); expected 5.4 (0.001)
Passed Fwd filter:                         0  (0); expected 0.1 (1e-05)
Initial search space (Z):               5431  [actual number of targets]
Domain search space  (domZ):               0  [number of targets reported over threshold]
# CPU time: 0.04u 0.00s 00:00:00.04 Elapsed: 00:00:00.05
# Mc/sec: 11856.70
//
Query:       TIGR03672  [M=251]
Accession:   TIGR03672
Description: rpl4p_arch: 50S ribosomal protein uL4
Scores for complete sequences (score includes all domains):
   --- full sequence ---   --- best 1 domain ---    -#dom-
    E-value  score  bias    E-value  score  bias    exp  N  Sequence Description
    ------- ------ -----    ------- ------ -----   ---- --  -------- -----------

   [No hits detected that satisfy reporting thresholds]


Domain annotation for each sequence:

   [No targets detected that satisfy reporting thresholds]


Internal pipeline statistics summary:
-------------------------------------
Query model(s):                            1  (251 nodes)
Target sequences:                       5431  (1645892 residues searched)
Passed MSV filter:                       160  (0.0294605); expected 108.6 (0.02)
Passed bias filter:                      111  (0.0204382); expected 108.6 (0.02)
Passed Vit filter:                         9  (0.00165715); expected 5.4 (0.001)
Passed Fwd filter:                         1  (0.000184128); expected 0.1 (1e-05)
Initial search space (Z):               5431  [actual number of targets]
Domain search space  (domZ):               0  [number of targets reported over threshold]
# CPU time: 0.04u 0.00s 00:00:00.04 Elapsed: 00:00:00.05
# Mc/sec: 7219.65
//
Query:       TIGR03673  [M=131]
Accession:   TIGR03673
Description: uL14_arch: 50S ribosomal protein uL14
Scores for complete sequences (score includes all domains):
   --- full sequence ---   --- best 1 domain ---    -#dom-
    E-value  score  bias    E-value  score  bias    exp  N  Sequence Description
    ------- ------ -----    ------- ------ -----   ---- --  -------- -----------

   [No hits detected that satisfy reporting thresholds]


Domain annotation for each sequence:

   [No targets detected that satisfy reporting thresholds]


Internal pipeline statistics summary:
-------------------------------------
Query model(s):                            1  (131 nodes)
Target sequences:                       5431  (1645892 residues searched)
Passed MSV filter:                       149  (0.0274351); expected 108.6 (0.02)
Passed bias filter:                      107  (0.0197017); expected 108.6 (0.02)
Passed Vit filter:                        11  (0.00202541); expected 5.4 (0.001)
Passed Fwd filter:                         1  (0.000184128); expected 0.1 (1e-05)
Initial search space (Z):               5431  [actual number of targets]
Domain search space  (domZ):               0  [number of targets reported over threshold]
# CPU time: 0.03u 0.00s 00:00:00.03 Elapsed: 00:00:00.04
# Mc/sec: 5374.64
//
Query:       TIGR03674  [M=338]
Accession:   TIGR03674
Description: fen_arch: flap structure-specific endonuclease
Scores for complete sequences (score includes all domains):
   --- full sequence ---   --- best 1 domain ---    -#dom-
    E-value  score  bias    E-value  score  bias    exp  N  Sequence Description
    ------- ------ -----    ------- ------ -----   ---- --  -------- -----------

   [No hits detected that satisfy reporting thresholds]


Domain annotation for each sequence:

   [No targets detected that satisfy reporting thresholds]


Internal pipeline statistics summary:
-------------------------------------
Query model(s):                            1  (338 nodes)
Target sequences:                       5431  (1645892 residues searched)
Passed MSV filter:                       114  (0.0209906); expected 108.6 (0.02)
Passed bias filter:                       94  (0.017308); expected 108.6 (0.02)
Passed Vit filter:                         3  (0.000552384); expected 5.4 (0.001)
Passed Fwd filter:                         1  (0.000184128); expected 0.1 (1e-05)
Initial search space (Z):               5431  [actual number of targets]
Domain search space  (domZ):               0  [number of targets reported over threshold]
# CPU time: 0.04u 0.01s 00:00:00.05 Elapsed: 00:00:00.04
# Mc/sec: 12091.23
//
Query:       TIGR03676  [M=403]
Accession:   TIGR03676
Description: aRF1/eRF1: peptide chain release factor 1, archaeal and eukaryotic forms
Scores for complete sequences (score includes all domains):
   --- full sequence ---   --- best 1 domain ---    -#dom-
    E-value  score  bias    E-value  score  bias    exp  N  Sequence Description
    ------- ------ -----    ------- ------ -----   ---- --  -------- -----------

   [No hits detected that satisfy reporting thresholds]


Domain annotation for each sequence:

   [No targets detected that satisfy reporting thresholds]


Internal pipeline statistics summary:
-------------------------------------
Query model(s):                            1  (403 nodes)
Target sequences:                       5431  (1645892 residues searched)
Passed MSV filter:                       112  (0.0206224); expected 108.6 (0.02)
Passed bias filter:                       99  (0.0182287); expected 108.6 (0.02)
Passed Vit filter:                         5  (0.000920641); expected 5.4 (0.001)
Passed Fwd filter:                         0  (0); expected 0.1 (1e-05)
Initial search space (Z):               5431  [actual number of targets]
Domain search space  (domZ):               0  [number of targets reported over threshold]
# CPU time: 0.05u 0.00s 00:00:00.05 Elapsed: 00:00:00.05
# Mc/sec: 12618.79
//
Query:       TIGR03680  [M=407]
Accession:   TIGR03680
Description: eif2g_arch: translation initiation factor 2, gamma subunit
Scores for complete sequences (score includes all domains):
   --- full sequence ---   --- best 1 domain ---    -#dom-
    E-value  score  bias    E-value  score  bias    exp  N  Sequence Description
    ------- ------ -----    ------- ------ -----   ---- --  -------- -----------

   [No hits detected that satisfy reporting thresholds]


Domain annotation for each sequence:

   [No targets detected that satisfy reporting thresholds]


Internal pipeline statistics summary:
-------------------------------------
Query model(s):                            1  (407 nodes)
Target sequences:                       5431  (1645892 residues searched)
Passed MSV filter:                       161  (0.0296446); expected 108.6 (0.02)
Passed bias filter:                      145  (0.0266986); expected 108.6 (0.02)
Passed Vit filter:                        22  (0.00405082); expected 5.4 (0.001)
Passed Fwd filter:                        10  (0.00184128); expected 0.1 (1e-05)
Initial search space (Z):               5431  [actual number of targets]
Domain search space  (domZ):               0  [number of targets reported over threshold]
# CPU time: 0.10u 0.00s 00:00:00.10 Elapsed: 00:00:00.10
# Mc/sec: 6531.36
//
Query:       TIGR03723  [M=314]
Accession:   TIGR03723
Description: T6A_TsaD_YgjD: tRNA threonylcarbamoyl adenosine modification protein TsaD
Scores for complete sequences (score includes all domains):
   --- full sequence ---   --- best 1 domain ---    -#dom-
    E-value  score  bias    E-value  score  bias    exp  N  Sequence                 Description
    ------- ------ -----    ------- ------ -----   ---- --  --------                 -----------
     6e-119  395.0   0.1   6.9e-119  394.8   0.1    1.0  1  NZ_JBHLYO010000012.1_115  # 107008 # 108108 # -1 # ID=12_115;partial=00;start_type=TTG;rbs_motif=GGA/GAG/AGG;rbs_spacer=5-10bp;gc_cont=0.699


Domain annotation for each sequence:
>> NZ_JBHLYO010000012.1_115  # 107008 # 108108 # -1 # ID=12_115;partial=00;start_type=TTG;rbs_motif=GGA/GAG/AGG;rbs_spacer=5-10bp;gc_cont=0.699
   #    score  bias  c-Evalue  i-Evalue hmmfrom  hmm to    alifrom  ali to    envfrom  env to     acc
 ---   ------ ----- --------- --------- ------- -------    ------- -------    ------- -------    ----
   1 !  394.8   0.1  1.3e-122  6.9e-119       1     313 [.      16     336 ..      16     337 .. 0.96



Internal pipeline statistics summary:
-------------------------------------
Query model(s):                            1  (314 nodes)
Target sequences:                       5431  (1645892 residues searched)
Passed MSV filter:                       144  (0.0265145); expected 108.6 (0.02)
Passed bias filter:                      119  (0.0219113); expected 108.6 (0.02)
Passed Vit filter:                        12  (0.00220954); expected 5.4 (0.001)
Passed Fwd filter:                         2  (0.000368256); expected 0.1 (1e-05)
Initial search space (Z):               5431  [actual number of targets]
Domain search space  (domZ):               1  [number of targets reported over threshold]
# CPU time: 0.05u 0.00s 00:00:00.05 Elapsed: 00:00:00.04
# Mc/sec: 12021.31
//
Query:       TIGR03725  [M=212]
Accession:   TIGR03725
Description: T6A_YeaZ: tRNA threonylcarbamoyl adenosine modification protein YeaZ
Scores for complete sequences (score includes all domains):
   --- full sequence ---   --- best 1 domain ---    -#dom-
    E-value  score  bias    E-value  score  bias    exp  N  Sequence                Description
    ------- ------ -----    ------- ------ -----   ---- --  --------                -----------
      7e-41  138.8   1.0    7.8e-41  138.6   1.0    1.0  1  NZ_JBHLYO010000028.1_76  # 84298 # 84912 # 1 # ID=28_76;partial=00;start_type=ATG;rbs_motif=GGAG/GAGG;rbs_spacer=5-10bp;gc_cont=0.676


Domain annotation for each sequence:
>> NZ_JBHLYO010000028.1_76  # 84298 # 84912 # 1 # ID=28_76;partial=00;start_type=ATG;rbs_motif=GGAG/GAGG;rbs_spacer=5-10bp;gc_cont=0.676
   #    score  bias  c-Evalue  i-Evalue hmmfrom  hmm to    alifrom  ali to    envfrom  env to     acc
 ---   ------ ----- --------- --------- ------- -------    ------- -------    ------- -------    ----
   1 !  138.6   1.0   1.4e-44   7.8e-41       2     169 ..       9     167 ..       8     203 .. 0.85



Internal pipeline statistics summary:
-------------------------------------
Query model(s):                            1  (212 nodes)
Target sequences:                       5431  (1645892 residues searched)
Passed MSV filter:                       236  (0.0434542); expected 108.6 (0.02)
Passed bias filter:                      158  (0.0290922); expected 108.6 (0.02)
Passed Vit filter:                        18  (0.00331431); expected 5.4 (0.001)
Passed Fwd filter:                         3  (0.000552384); expected 0.1 (1e-05)
Initial search space (Z):               5431  [actual number of targets]
Domain search space  (domZ):               1  [number of targets reported over threshold]
# CPU time: 0.04u 0.00s 00:00:00.04 Elapsed: 00:00:00.04
# Mc/sec: 7706.84
//
Query:       TIGR03953  [M=188]
Accession:   TIGR03953
Description: rplD_bact: 50S ribosomal protein uL4
Scores for complete sequences (score includes all domains):
   --- full sequence ---   --- best 1 domain ---    -#dom-
    E-value  score  bias    E-value  score  bias    exp  N  Sequence                 Description
    ------- ------ -----    ------- ------ -----   ---- --  --------                 -----------
    4.7e-65  216.7   0.3    5.3e-65  216.5   0.3    1.0  1  NZ_JBHLYO010000015.1_495  # 486712 # 487353 # -1 # ID=15_495;partial=00;start_type=ATG;rbs_motif=GGA/GAG/AGG;rbs_spacer=5-10bp;gc_cont=0.646


Domain annotation for each sequence:
>> NZ_JBHLYO010000015.1_495  # 486712 # 487353 # -1 # ID=15_495;partial=00;start_type=ATG;rbs_motif=GGA/GAG/AGG;rbs_spacer=5-10bp;gc_cont=0.646
   #    score  bias  c-Evalue  i-Evalue hmmfrom  hmm to    alifrom  ali to    envfrom  env to     acc
 ---   ------ ----- --------- --------- ------- -------    ------- -------    ------- -------    ----
   1 !  216.5   0.3   9.8e-69   5.3e-65       1     186 [.      16     201 ..      16     203 .. 0.99



Internal pipeline statistics summary:
-------------------------------------
Query model(s):                            1  (188 nodes)
Target sequences:                       5431  (1645892 residues searched)
Passed MSV filter:                        84  (0.0154668); expected 108.6 (0.02)
Passed bias filter:                       73  (0.0134414); expected 108.6 (0.02)
Passed Vit filter:                         3  (0.000552384); expected 5.4 (0.001)
Passed Fwd filter:                         1  (0.000184128); expected 0.1 (1e-05)
Initial search space (Z):               5431  [actual number of targets]
Domain search space  (domZ):               1  [number of targets reported over threshold]
# CPU time: 0.02u 0.00s 00:00:00.02 Elapsed: 00:00:00.02
# Mc/sec: 12004.26
//
[ok]
