# hmmsearch :: search profile(s) against a sequence database
# HMMER 3.4 (Aug 2023); http://hmmer.org/
# Copyright (C) 2023 Howard Hughes Medical Institute.
# Freely distributed under the BSD open source license.
# - - - - - - - - - - - - - - - - - - - - - - - - - - - - - - - - - - - -
# query HMM file:                  /dgxb_home/se26plsc001/arvind/Devosia_BGC/data/databases/gtdbtk_r232/release232/markers/tigrfam/tigrfam.hmm
# target sequence database:        results/05_phylogeny/identify_all/identify/intermediate_results/marker_genes/query_GCF_000971295.1/query_GCF_000971295.1_protein.faa
# output directed to file:         results/05_phylogeny/identify_all/identify/intermediate_results/marker_genes/query_GCF_000971295.1/query_GCF_000971295.1_tigrfam.out
# per-seq hits tabular output:     results/05_phylogeny/identify_all/identify/intermediate_results/marker_genes/query_GCF_000971295.1/query_GCF_000971295.1_tigrfam.tsv
# show alignments in output:       no
# max ASCII text line length:      unlimited
# model-specific thresholding:     NC cutoffs
# number of worker threads:        1
# - - - - - - - - - - - - - - - - - - - - - - - - - - - - - - - - - - - -

Query:       TIGR00006  [M=310]
Accession:   TIGR00006
Description: TIGR00006: 16S rRNA (cytosine(1402)-N(4))-methyltransferase
Scores for complete sequences (score includes all domains):
   --- full sequence ---   --- best 1 domain ---    -#dom-
    E-value  score  bias    E-value  score  bias    exp  N  Sequence              Description
    ------- ------ -----    ------- ------ -----   ---- --  --------              -----------
      5e-86  286.6   0.0    5.8e-86  286.4   0.0    1.0  1  NZ_LANJ01000045.1_171  # 184765 # 185775 # -1 # ID=40_171;partial=00;start_type=GTG;rbs_motif=GGAG/GAGG;rbs_spacer=5-10bp;gc_cont=0.641


Domain annotation for each sequence:
>> NZ_LANJ01000045.1_171  # 184765 # 185775 # -1 # ID=40_171;partial=00;start_type=GTG;rbs_motif=GGAG/GAGG;rbs_spacer=5-10bp;gc_cont=0.641
   #    score  bias  c-Evalue  i-Evalue hmmfrom  hmm to    alifrom  ali to    envfrom  env to     acc
 ---   ------ ----- --------- --------- ------- -------    ------- -------    ------- -------    ----
   1 !  286.4   0.0   1.6e-89   5.8e-86       5     309 ..      16     314 ..      12     315 .. 0.95



Internal pipeline statistics summary:
-------------------------------------
Query model(s):                            1  (310 nodes)
Target sequences:                       3757  (1152400 residues searched)
Passed MSV filter:                        79  (0.0210274); expected 75.1 (0.02)
Passed bias filter:                       65  (0.017301); expected 75.1 (0.02)
Passed Vit filter:                         4  (0.00106468); expected 3.8 (0.001)
Passed Fwd filter:                         1  (0.00026617); expected 0.0 (1e-05)
Initial search space (Z):               3757  [actual number of targets]
Domain search space  (domZ):               1  [number of targets reported over threshold]
# CPU time: 0.02u 0.01s 00:00:00.03 Elapsed: 00:00:00.03
# Mc/sec: 9399.04
//
Query:       TIGR00019  [M=361]
Accession:   TIGR00019
Description: prfA: peptide chain release factor 1
Scores for complete sequences (score includes all domains):
   --- full sequence ---   --- best 1 domain ---    -#dom-
    E-value  score  bias    E-value  score  bias    exp  N  Sequence             Description
    ------- ------ -----    ------- ------ -----   ---- --  --------             -----------
   4.1e-151  500.7   0.9   5.6e-151  500.2   0.9    1.0  1  NZ_LANJ01000022.1_22  # 22616 # 23692 # 1 # ID=15_22;partial=00;start_type=ATG;rbs_motif=None;rbs_spacer=None;gc_cont=0.619


Domain annotation for each sequence:
>> NZ_LANJ01000022.1_22  # 22616 # 23692 # 1 # ID=15_22;partial=00;start_type=ATG;rbs_motif=None;rbs_spacer=None;gc_cont=0.619
   #    score  bias  c-Evalue  i-Evalue hmmfrom  hmm to    alifrom  ali to    envfrom  env to     acc
 ---   ------ ----- --------- --------- ------- -------    ------- -------    ------- -------    ----
   1 !  500.2   0.9  1.5e-154  5.6e-151       8     358 ..       7     354 ..       2     356 .. 0.98



Internal pipeline statistics summary:
-------------------------------------
Query model(s):                            1  (361 nodes)
Target sequences:                       3757  (1152400 residues searched)
Passed MSV filter:                        82  (0.0218259); expected 75.1 (0.02)
Passed bias filter:                       69  (0.0183657); expected 75.1 (0.02)
Passed Vit filter:                         9  (0.00239553); expected 3.8 (0.001)
Passed Fwd filter:                         3  (0.000798509); expected 0.0 (1e-05)
Initial search space (Z):               3757  [actual number of targets]
Domain search space  (domZ):               1  [number of targets reported over threshold]
# CPU time: 0.03u 0.01s 00:00:00.04 Elapsed: 00:00:00.03
# Mc/sec: 11254.91
//
Query:       TIGR00020  [M=365]
Accession:   TIGR00020
Description: prfB: peptide chain release factor 2
Scores for complete sequences (score includes all domains):
   --- full sequence ---   --- best 1 domain ---    -#dom-
    E-value  score  bias    E-value  score  bias    exp  N  Sequence             Description
    ------- ------ -----    ------- ------ -----   ---- --  --------             -----------
   4.5e-142  471.0   3.6     5e-142  470.8   3.6    1.0  1  NZ_LANJ01000012.1_86  # 92220 # 93179 # -1 # ID=4_86;partial=00;start_type=ATG;rbs_motif=GGA/GAG/AGG;rbs_spacer=11-12bp;gc_cont=0.606


Domain annotation for each sequence:
>> NZ_LANJ01000012.1_86  # 92220 # 93179 # -1 # ID=4_86;partial=00;start_type=ATG;rbs_motif=GGA/GAG/AGG;rbs_spacer=11-12bp;gc_cont=0.606
   #    score  bias  c-Evalue  i-Evalue hmmfrom  hmm to    alifrom  ali to    envfrom  env to     acc
 ---   ------ ----- --------- --------- ------- -------    ------- -------    ------- -------    ----
   1 !  470.8   3.6  1.3e-145    5e-142      57     363 ..       2     308 ..       1     310 [. 0.99



Internal pipeline statistics summary:
-------------------------------------
Query model(s):                            1  (365 nodes)
Target sequences:                       3757  (1152400 residues searched)
Passed MSV filter:                        87  (0.0231568); expected 75.1 (0.02)
Passed bias filter:                       61  (0.0162364); expected 75.1 (0.02)
Passed Vit filter:                         6  (0.00159702); expected 3.8 (0.001)
Passed Fwd filter:                         3  (0.000798509); expected 0.0 (1e-05)
Initial search space (Z):               3757  [actual number of targets]
Domain search space  (domZ):               1  [number of targets reported over threshold]
# CPU time: 0.03u 0.00s 00:00:00.03 Elapsed: 00:00:00.04
# Mc/sec: 10035.08
//
Query:       TIGR00029  [M=87]
Accession:   TIGR00029
Description: S20: ribosomal protein bS20
Scores for complete sequences (score includes all domains):
   --- full sequence ---   --- best 1 domain ---    -#dom-
    E-value  score  bias    E-value  score  bias    exp  N  Sequence              Description
    ------- ------ -----    ------- ------ -----   ---- --  --------              -----------
    5.3e-21   72.7   9.2    5.8e-21   72.6   9.2    1.0  1  NZ_LANJ01000016.1_258  # 266443 # 266709 # -1 # ID=8_258;partial=00;start_type=ATG;rbs_motif=GGAG/GAGG;rbs_spacer=5-10bp;gc_cont=0.592


Domain annotation for each sequence:
>> NZ_LANJ01000016.1_258  # 266443 # 266709 # -1 # ID=8_258;partial=00;start_type=ATG;rbs_motif=GGAG/GAGG;rbs_spacer=5-10bp;gc_cont=0.592
   #    score  bias  c-Evalue  i-Evalue hmmfrom  hmm to    alifrom  ali to    envfrom  env to     acc
 ---   ------ ----- --------- --------- ------- -------    ------- -------    ------- -------    ----
   1 !   72.6   9.2   1.5e-24   5.8e-21       1      86 [.       1      86 [.       1      87 [. 0.98



Internal pipeline statistics summary:
-------------------------------------
Query model(s):                            1  (87 nodes)
Target sequences:                       3757  (1152400 residues searched)
Passed MSV filter:                        97  (0.0258185); expected 75.1 (0.02)
Passed bias filter:                       76  (0.0202289); expected 75.1 (0.02)
Passed Vit filter:                         7  (0.00186319); expected 3.8 (0.001)
Passed Fwd filter:                         1  (0.00026617); expected 0.0 (1e-05)
Initial search space (Z):               3757  [actual number of targets]
Domain search space  (domZ):               1  [number of targets reported over threshold]
# CPU time: 0.01u 0.01s 00:00:00.02 Elapsed: 00:00:00.01
# Mc/sec: 6134.79
//
Query:       TIGR00037  [M=130]
Accession:   TIGR00037
Description: eIF_5A: translation elongation factor IF5A
Scores for complete sequences (score includes all domains):
   --- full sequence ---   --- best 1 domain ---    -#dom-
    E-value  score  bias    E-value  score  bias    exp  N  Sequence Description
    ------- ------ -----    ------- ------ -----   ---- --  -------- -----------

   [No hits detected that satisfy reporting thresholds]


Domain annotation for each sequence:

   [No targets detected that satisfy reporting thresholds]


Internal pipeline statistics summary:
-------------------------------------
Query model(s):                            1  (130 nodes)
Target sequences:                       3757  (1152400 residues searched)
Passed MSV filter:                        44  (0.0117115); expected 75.1 (0.02)
Passed bias filter:                       40  (0.0106468); expected 75.1 (0.02)
Passed Vit filter:                         6  (0.00159702); expected 3.8 (0.001)
Passed Fwd filter:                         0  (0); expected 0.0 (1e-05)
Initial search space (Z):               3757  [actual number of targets]
Domain search space  (domZ):               0  [number of targets reported over threshold]
# CPU time: 0.02u 0.00s 00:00:00.02 Elapsed: 00:00:00.02
# Mc/sec: 7421.55
//
Query:       TIGR00043  [M=111]
Accession:   TIGR00043
Description: TIGR00043: rRNA maturation RNase YbeY
Scores for complete sequences (score includes all domains):
   --- full sequence ---   --- best 1 domain ---    -#dom-
    E-value  score  bias    E-value  score  bias    exp  N  Sequence             Description
    ------- ------ -----    ------- ------ -----   ---- --  --------             -----------
    6.4e-34  114.1   0.1    7.6e-34  113.9   0.1    1.1  1  NZ_LANJ01000016.1_66  # 59726 # 60115 # -1 # ID=8_66;partial=00;start_type=GTG;rbs_motif=None;rbs_spacer=None;gc_cont=0.569


Domain annotation for each sequence:
>> NZ_LANJ01000016.1_66  # 59726 # 60115 # -1 # ID=8_66;partial=00;start_type=GTG;rbs_motif=None;rbs_spacer=None;gc_cont=0.569
   #    score  bias  c-Evalue  i-Evalue hmmfrom  hmm to    alifrom  ali to    envfrom  env to     acc
 ---   ------ ----- --------- --------- ------- -------    ------- -------    ------- -------    ----
   1 !  113.9   0.1     2e-37   7.6e-34       2     110 ..      17     121 ..      16     122 .. 0.94



Internal pipeline statistics summary:
-------------------------------------
Query model(s):                            1  (111 nodes)
Target sequences:                       3757  (1152400 residues searched)
Passed MSV filter:                        52  (0.0138408); expected 75.1 (0.02)
Passed bias filter:                       51  (0.0135747); expected 75.1 (0.02)
Passed Vit filter:                         3  (0.000798509); expected 3.8 (0.001)
Passed Fwd filter:                         1  (0.00026617); expected 0.0 (1e-05)
Initial search space (Z):               3757  [actual number of targets]
Domain search space  (domZ):               1  [number of targets reported over threshold]
# CPU time: 0.01u 0.00s 00:00:00.01 Elapsed: 00:00:00.02
# Mc/sec: 4757.66
//
Query:       TIGR00054  [M=421]
Accession:   TIGR00054
Description: TIGR00054: RIP metalloprotease RseP
Scores for complete sequences (score includes all domains):
   --- full sequence ---   --- best 1 domain ---    -#dom-
    E-value  score  bias    E-value  score  bias    exp  N  Sequence              Description
    ------- ------ -----    ------- ------ -----   ---- --  --------              -----------
    1.1e-83  279.1   0.1    2.3e-51  172.6   0.0    2.0  2  NZ_LANJ01000011.1_139  # 158045 # 159181 # -1 # ID=3_139;partial=00;start_type=ATG;rbs_motif=AGGA;rbs_spacer=5-10bp;gc_cont=0.563


Domain annotation for each sequence:
>> NZ_LANJ01000011.1_139  # 158045 # 159181 # -1 # ID=3_139;partial=00;start_type=ATG;rbs_motif=AGGA;rbs_spacer=5-10bp;gc_cont=0.563
   #    score  bias  c-Evalue  i-Evalue hmmfrom  hmm to    alifrom  ali to    envfrom  env to     acc
 ---   ------ ----- --------- --------- ------- -------    ------- -------    ------- -------    ----
   1 !  105.1   0.0     2e-34   7.5e-31      10     117 ..      16     134 ..       3     141 .. 0.87
   2 !  172.6   0.0   6.3e-55   2.3e-51     199     416 ..     139     369 ..     135     371 .. 0.95



Internal pipeline statistics summary:
-------------------------------------
Query model(s):                            1  (421 nodes)
Target sequences:                       3757  (1152400 residues searched)
Passed MSV filter:                       120  (0.0319404); expected 75.1 (0.02)
Passed bias filter:                       86  (0.0228906); expected 75.1 (0.02)
Passed Vit filter:                        13  (0.00346021); expected 3.8 (0.001)
Passed Fwd filter:                         5  (0.00133085); expected 0.0 (1e-05)
Initial search space (Z):               3757  [actual number of targets]
Domain search space  (domZ):               1  [number of targets reported over threshold]
# CPU time: 0.05u 0.00s 00:00:00.05 Elapsed: 00:00:00.06
# Mc/sec: 7887.85
//
Query:       TIGR00059  [M=112]
Accession:   TIGR00059
Description: L17: ribosomal protein bL17
Scores for complete sequences (score includes all domains):
   --- full sequence ---   --- best 1 domain ---    -#dom-
    E-value  score  bias    E-value  score  bias    exp  N  Sequence              Description
    ------- ------ -----    ------- ------ -----   ---- --  --------              -----------
    5.2e-45  150.1   0.1    6.5e-45  149.8   0.1    1.0  1  NZ_LANJ01000011.1_192  # 206882 # 207307 # -1 # ID=3_192;partial=00;start_type=ATG;rbs_motif=AGGAG;rbs_spacer=5-10bp;gc_cont=0.599


Domain annotation for each sequence:
>> NZ_LANJ01000011.1_192  # 206882 # 207307 # -1 # ID=3_192;partial=00;start_type=ATG;rbs_motif=AGGAG;rbs_spacer=5-10bp;gc_cont=0.599
   #    score  bias  c-Evalue  i-Evalue hmmfrom  hmm to    alifrom  ali to    envfrom  env to     acc
 ---   ------ ----- --------- --------- ------- -------    ------- -------    ------- -------    ----
   1 !  149.8   0.1   1.7e-48   6.5e-45       2     112 .]       7     117 ..       6     117 .. 0.99



Internal pipeline statistics summary:
-------------------------------------
Query model(s):                            1  (112 nodes)
Target sequences:                       3757  (1152400 residues searched)
Passed MSV filter:                        82  (0.0218259); expected 75.1 (0.02)
Passed bias filter:                       67  (0.0178334); expected 75.1 (0.02)
Passed Vit filter:                         2  (0.00053234); expected 3.8 (0.001)
Passed Fwd filter:                         1  (0.00026617); expected 0.0 (1e-05)
Initial search space (Z):               3757  [actual number of targets]
Domain search space  (domZ):               1  [number of targets reported over threshold]
# CPU time: 0.02u 0.00s 00:00:00.02 Elapsed: 00:00:00.02
# Mc/sec: 5093.06
//
Query:       TIGR00061  [M=101]
Accession:   TIGR00061
Description: L21: ribosomal protein bL21
Scores for complete sequences (score includes all domains):
   --- full sequence ---   --- best 1 domain ---    -#dom-
    E-value  score  bias    E-value  score  bias    exp  N  Sequence             Description
    ------- ------ -----    ------- ------ -----   ---- --  --------             -----------
    3.9e-30  102.0   0.7    6.9e-30  101.2   0.7    1.4  1  NZ_LANJ01000047.1_28  # 31668 # 32240 # 1 # ID=42_28;partial=00;start_type=ATG;rbs_motif=None;rbs_spacer=None;gc_cont=0.592


Domain annotation for each sequence:
>> NZ_LANJ01000047.1_28  # 31668 # 32240 # 1 # ID=42_28;partial=00;start_type=ATG;rbs_motif=None;rbs_spacer=None;gc_cont=0.592
   #    score  bias  c-Evalue  i-Evalue hmmfrom  hmm to    alifrom  ali to    envfrom  env to     acc
 ---   ------ ----- --------- --------- ------- -------    ------- -------    ------- -------    ----
   1 !  101.2   0.7   1.8e-33   6.9e-30       1     100 [.       3      98 ..       3      99 .. 0.98



Internal pipeline statistics summary:
-------------------------------------
Query model(s):                            1  (101 nodes)
Target sequences:                       3757  (1152400 residues searched)
Passed MSV filter:                        49  (0.0130423); expected 75.1 (0.02)
Passed bias filter:                       40  (0.0106468); expected 75.1 (0.02)
Passed Vit filter:                         2  (0.00053234); expected 3.8 (0.001)
Passed Fwd filter:                         1  (0.00026617); expected 0.0 (1e-05)
Initial search space (Z):               3757  [actual number of targets]
Domain search space  (domZ):               1  [number of targets reported over threshold]
# CPU time: 0.01u 0.00s 00:00:00.01 Elapsed: 00:00:00.01
# Mc/sec: 7657.20
//
Query:       TIGR00064  [M=279]
Accession:   TIGR00064
Description: ftsY: signal recognition particle-docking protein FtsY
Scores for complete sequences (score includes all domains):
   --- full sequence ---   --- best 1 domain ---    -#dom-
    E-value  score  bias    E-value  score  bias    exp  N  Sequence              Description
    ------- ------ -----    ------- ------ -----   ---- --  --------              -----------
    9.6e-98  324.5   1.3    1.2e-97  324.3   1.3    1.1  1  NZ_LANJ01000047.1_113  # 117563 # 118789 # -1 # ID=42_113;partial=00;start_type=ATG;rbs_motif=GGA/GAG/AGG;rbs_spacer=5-10bp;gc_cont=0.656


Domain annotation for each sequence:
>> NZ_LANJ01000047.1_113  # 117563 # 118789 # -1 # ID=42_113;partial=00;start_type=ATG;rbs_motif=GGA/GAG/AGG;rbs_spacer=5-10bp;gc_cont=0.656
   #    score  bias  c-Evalue  i-Evalue hmmfrom  hmm to    alifrom  ali to    envfrom  env to     acc
 ---   ------ ----- --------- --------- ------- -------    ------- -------    ------- -------    ----
   1 !  324.3   1.3  3.1e-101   1.2e-97       3     278 ..     136     404 ..     134     405 .. 0.95



Internal pipeline statistics summary:
-------------------------------------
Query model(s):                            1  (279 nodes)
Target sequences:                       3757  (1152400 residues searched)
Passed MSV filter:                       218  (0.058025); expected 75.1 (0.02)
Passed bias filter:                      169  (0.0449827); expected 75.1 (0.02)
Passed Vit filter:                        41  (0.010913); expected 3.8 (0.001)
Passed Fwd filter:                         5  (0.00133085); expected 0.0 (1e-05)
Initial search space (Z):               3757  [actual number of targets]
Domain search space  (domZ):               1  [number of targets reported over threshold]
# CPU time: 0.04u 0.00s 00:00:00.04 Elapsed: 00:00:00.05
# Mc/sec: 6324.99
//
Query:       TIGR00065  [M=353]
Accession:   TIGR00065
Description: ftsZ: cell division protein FtsZ
Scores for complete sequences (score includes all domains):
   --- full sequence ---   --- best 1 domain ---    -#dom-
    E-value  score  bias    E-value  score  bias    exp  N  Sequence              Description
    ------- ------ -----    ------- ------ -----   ---- --  --------              -----------
   7.1e-123  408.1   2.5     1e-122  407.6   2.5    1.1  1  NZ_LANJ01000045.1_159  # 169000 # 170658 # -1 # ID=40_159;partial=00;start_type=ATG;rbs_motif=GGAG/GAGG;rbs_spacer=5-10bp;gc_cont=0.614


Domain annotation for each sequence:
>> NZ_LANJ01000045.1_159  # 169000 # 170658 # -1 # ID=40_159;partial=00;start_type=ATG;rbs_motif=GGAG/GAGG;rbs_spacer=5-10bp;gc_cont=0.614
   #    score  bias  c-Evalue  i-Evalue hmmfrom  hmm to    alifrom  ali to    envfrom  env to     acc
 ---   ------ ----- --------- --------- ------- -------    ------- -------    ------- -------    ----
   1 !  407.6   2.5  2.7e-126    1e-122      15     331 ..      13     326 ..       4     346 .. 0.96



Internal pipeline statistics summary:
-------------------------------------
Query model(s):                            1  (353 nodes)
Target sequences:                       3757  (1152400 residues searched)
Passed MSV filter:                       142  (0.0377961); expected 75.1 (0.02)
Passed bias filter:                       99  (0.0263508); expected 75.1 (0.02)
Passed Vit filter:                        12  (0.00319404); expected 3.8 (0.001)
Passed Fwd filter:                         1  (0.00026617); expected 0.0 (1e-05)
Initial search space (Z):               3757  [actual number of targets]
Domain search space  (domZ):               1  [number of targets reported over threshold]
# CPU time: 0.04u 0.00s 00:00:00.04 Elapsed: 00:00:00.04
# Mc/sec: 9131.86
//
Query:       TIGR00082  [M=115]
Accession:   TIGR00082
Description: rbfA: ribosome-binding factor A
Scores for complete sequences (score includes all domains):
   --- full sequence ---   --- best 1 domain ---    -#dom-
    E-value  score  bias    E-value  score  bias    exp  N  Sequence              Description
    ------- ------ -----    ------- ------ -----   ---- --  --------              -----------
    2.3e-15   54.8   0.0    2.9e-15   54.5   0.0    1.1  1  NZ_LANJ01000016.1_305  # 305838 # 306251 # 1 # ID=8_305;partial=00;start_type=ATG;rbs_motif=None;rbs_spacer=None;gc_cont=0.614


Domain annotation for each sequence:
>> NZ_LANJ01000016.1_305  # 305838 # 306251 # 1 # ID=8_305;partial=00;start_type=ATG;rbs_motif=None;rbs_spacer=None;gc_cont=0.614
   #    score  bias  c-Evalue  i-Evalue hmmfrom  hmm to    alifrom  ali to    envfrom  env to     acc
 ---   ------ ----- --------- --------- ------- -------    ------- -------    ------- -------    ----
   1 !   54.5   0.0   7.7e-19   2.9e-15       6     111 ..      13     120 ..       9     124 .. 0.92



Internal pipeline statistics summary:
-------------------------------------
Query model(s):                            1  (115 nodes)
Target sequences:                       3757  (1152400 residues searched)
Passed MSV filter:                        49  (0.0130423); expected 75.1 (0.02)
Passed bias filter:                       44  (0.0117115); expected 75.1 (0.02)
Passed Vit filter:                         5  (0.00133085); expected 3.8 (0.001)
Passed Fwd filter:                         1  (0.00026617); expected 0.0 (1e-05)
Initial search space (Z):               3757  [actual number of targets]
Domain search space  (domZ):               1  [number of targets reported over threshold]
# CPU time: 0.01u 0.01s 00:00:00.02 Elapsed: 00:00:00.03
# Mc/sec: 3604.97
//
Query:       TIGR00083  [M=290]
Accession:   TIGR00083
Description: ribF: riboflavin biosynthesis protein RibF
Scores for complete sequences (score includes all domains):
   --- full sequence ---   --- best 1 domain ---    -#dom-
    E-value  score  bias    E-value  score  bias    exp  N  Sequence              Description
    ------- ------ -----    ------- ------ -----   ---- --  --------              -----------
    1.6e-76  255.2   0.0    1.8e-76  255.0   0.0    1.0  1  NZ_LANJ01000046.1_170  # 179085 # 180068 # 1 # ID=41_170;partial=00;start_type=GTG;rbs_motif=None;rbs_spacer=None;gc_cont=0.623


Domain annotation for each sequence:
>> NZ_LANJ01000046.1_170  # 179085 # 180068 # 1 # ID=41_170;partial=00;start_type=GTG;rbs_motif=None;rbs_spacer=None;gc_cont=0.623
   #    score  bias  c-Evalue  i-Evalue hmmfrom  hmm to    alifrom  ali to    envfrom  env to     acc
 ---   ------ ----- --------- --------- ------- -------    ------- -------    ------- -------    ----
   1 !  255.0   0.0   4.8e-80   1.8e-76       2     289 ..      25     310 ..      24     311 .. 0.94



Internal pipeline statistics summary:
-------------------------------------
Query model(s):                            1  (290 nodes)
Target sequences:                       3757  (1152400 residues searched)
Passed MSV filter:                        55  (0.0146393); expected 75.1 (0.02)
Passed bias filter:                       53  (0.014107); expected 75.1 (0.02)
Passed Vit filter:                         4  (0.00106468); expected 3.8 (0.001)
Passed Fwd filter:                         2  (0.00053234); expected 0.0 (1e-05)
Initial search space (Z):               3757  [actual number of targets]
Domain search space  (domZ):               1  [number of targets reported over threshold]
# CPU time: 0.02u 0.01s 00:00:00.03 Elapsed: 00:00:00.03
# Mc/sec: 10143.61
//
Query:       TIGR00084  [M=192]
Accession:   TIGR00084
Description: ruvA: Holliday junction DNA helicase RuvA
Scores for complete sequences (score includes all domains):
   --- full sequence ---   --- best 1 domain ---    -#dom-
    E-value  score  bias    E-value  score  bias    exp  N  Sequence              Description
    ------- ------ -----    ------- ------ -----   ---- --  --------              -----------
    8.4e-39  130.8   0.0    9.2e-39  130.6   0.0    1.0  1  NZ_LANJ01000004.1_124  # 133757 # 134374 # -1 # ID=34_124;partial=00;start_type=ATG;rbs_motif=GGA/GAG/AGG;rbs_spacer=5-10bp;gc_cont=0.625


Domain annotation for each sequence:
>> NZ_LANJ01000004.1_124  # 133757 # 134374 # -1 # ID=34_124;partial=00;start_type=ATG;rbs_motif=GGA/GAG/AGG;rbs_spacer=5-10bp;gc_cont=0.625
   #    score  bias  c-Evalue  i-Evalue hmmfrom  hmm to    alifrom  ali to    envfrom  env to     acc
 ---   ------ ----- --------- --------- ------- -------    ------- -------    ------- -------    ----
   1 !  130.6   0.0   2.4e-42   9.2e-39       1     189 [.       1     202 [.       1     205 [. 0.94



Internal pipeline statistics summary:
-------------------------------------
Query model(s):                            1  (192 nodes)
Target sequences:                       3757  (1152400 residues searched)
Passed MSV filter:                        95  (0.0252861); expected 75.1 (0.02)
Passed bias filter:                       88  (0.0234229); expected 75.1 (0.02)
Passed Vit filter:                        12  (0.00319404); expected 3.8 (0.001)
Passed Fwd filter:                         1  (0.00026617); expected 0.0 (1e-05)
Initial search space (Z):               3757  [actual number of targets]
Domain search space  (domZ):               1  [number of targets reported over threshold]
# CPU time: 0.02u 0.00s 00:00:00.02 Elapsed: 00:00:00.03
# Mc/sec: 7255.36
//
Query:       TIGR00086  [M=144]
Accession:   TIGR00086
Description: smpB: SsrA-binding protein
Scores for complete sequences (score includes all domains):
   --- full sequence ---   --- best 1 domain ---    -#dom-
    E-value  score  bias    E-value  score  bias    exp  N  Sequence              Description
    ------- ------ -----    ------- ------ -----   ---- --  --------              -----------
    3.6e-53  177.2   0.2    4.1e-53  177.0   0.2    1.0  1  NZ_LANJ01000011.1_532  # 502235 # 502732 # -1 # ID=3_532;partial=00;start_type=ATG;rbs_motif=3Base/5BMM;rbs_spacer=13-15bp;gc_cont=0.576


Domain annotation for each sequence:
>> NZ_LANJ01000011.1_532  # 502235 # 502732 # -1 # ID=3_532;partial=00;start_type=ATG;rbs_motif=3Base/5BMM;rbs_spacer=13-15bp;gc_cont=0.576
   #    score  bias  c-Evalue  i-Evalue hmmfrom  hmm to    alifrom  ali to    envfrom  env to     acc
 ---   ------ ----- --------- --------- ------- -------    ------- -------    ------- -------    ----
   1 !  177.0   0.2   1.1e-56   4.1e-53       2     144 .]      18     160 ..      17     160 .. 0.99



Internal pipeline statistics summary:
-------------------------------------
Query model(s):                            1  (144 nodes)
Target sequences:                       3757  (1152400 residues searched)
Passed MSV filter:                        37  (0.00984828); expected 75.1 (0.02)
Passed bias filter:                       31  (0.00825126); expected 75.1 (0.02)
Passed Vit filter:                         5  (0.00133085); expected 3.8 (0.001)
Passed Fwd filter:                         1  (0.00026617); expected 0.0 (1e-05)
Initial search space (Z):               3757  [actual number of targets]
Domain search space  (domZ):               1  [number of targets reported over threshold]
# CPU time: 0.02u 0.00s 00:00:00.02 Elapsed: 00:00:00.01
# Mc/sec: 12323.98
//
Query:       TIGR00088  [M=233]
Accession:   TIGR00088
Description: trmD: tRNA (guanine(37)-N(1))-methyltransferase
Scores for complete sequences (score includes all domains):
   --- full sequence ---   --- best 1 domain ---    -#dom-
    E-value  score  bias    E-value  score  bias    exp  N  Sequence              Description
    ------- ------ -----    ------- ------ -----   ---- --  --------              -----------
    3.5e-79  263.1   0.0    4.6e-79  262.7   0.0    1.0  1  NZ_LANJ01000047.1_159  # 159926 # 160636 # 1 # ID=42_159;partial=00;start_type=TTG;rbs_motif=GGAG/GAGG;rbs_spacer=5-10bp;gc_cont=0.626


Domain annotation for each sequence:
>> NZ_LANJ01000047.1_159  # 159926 # 160636 # 1 # ID=42_159;partial=00;start_type=TTG;rbs_motif=GGAG/GAGG;rbs_spacer=5-10bp;gc_cont=0.626
   #    score  bias  c-Evalue  i-Evalue hmmfrom  hmm to    alifrom  ali to    envfrom  env to     acc
 ---   ------ ----- --------- --------- ------- -------    ------- -------    ------- -------    ----
   1 !  262.7   0.0   1.2e-82   4.6e-79       4     226 ..       6     230 ..       3     235 .. 0.97



Internal pipeline statistics summary:
-------------------------------------
Query model(s):                            1  (233 nodes)
Target sequences:                       3757  (1152400 residues searched)
Passed MSV filter:                        73  (0.0194304); expected 75.1 (0.02)
Passed bias filter:                       71  (0.0188981); expected 75.1 (0.02)
Passed Vit filter:                         6  (0.00159702); expected 3.8 (0.001)
Passed Fwd filter:                         1  (0.00026617); expected 0.0 (1e-05)
Initial search space (Z):               3757  [actual number of targets]
Domain search space  (domZ):               1  [number of targets reported over threshold]
# CPU time: 0.02u 0.00s 00:00:00.02 Elapsed: 00:00:00.02
# Mc/sec: 12971.36
//
Query:       TIGR00090  [M=99]
Accession:   TIGR00090
Description: rsfS_iojap_ybeB: ribosome silencing factor
Scores for complete sequences (score includes all domains):
   --- full sequence ---   --- best 1 domain ---    -#dom-
    E-value  score  bias    E-value  score  bias    exp  N  Sequence             Description
    ------- ------ -----    ------- ------ -----   ---- --  --------             -----------
    2.2e-32  108.9   0.0    2.5e-32  108.7   0.0    1.0  1  NZ_LANJ01000047.1_37  # 38142 # 38534 # 1 # ID=42_37;partial=00;start_type=ATG;rbs_motif=GGA/GAG/AGG;rbs_spacer=5-10bp;gc_cont=0.616


Domain annotation for each sequence:
>> NZ_LANJ01000047.1_37  # 38142 # 38534 # 1 # ID=42_37;partial=00;start_type=ATG;rbs_motif=GGA/GAG/AGG;rbs_spacer=5-10bp;gc_cont=0.616
   #    score  bias  c-Evalue  i-Evalue hmmfrom  hmm to    alifrom  ali to    envfrom  env to     acc
 ---   ------ ----- --------- --------- ------- -------    ------- -------    ------- -------    ----
   1 !  108.7   0.0   6.8e-36   2.5e-32       2      99 .]      24     121 ..      23     121 .. 0.98



Internal pipeline statistics summary:
-------------------------------------
Query model(s):                            1  (99 nodes)
Target sequences:                       3757  (1152400 residues searched)
Passed MSV filter:                        63  (0.0167687); expected 75.1 (0.02)
Passed bias filter:                       60  (0.0159702); expected 75.1 (0.02)
Passed Vit filter:                         4  (0.00106468); expected 3.8 (0.001)
Passed Fwd filter:                         1  (0.00026617); expected 0.0 (1e-05)
Initial search space (Z):               3757  [actual number of targets]
Domain search space  (domZ):               1  [number of targets reported over threshold]
# CPU time: 0.02u 0.00s 00:00:00.02 Elapsed: 00:00:00.01
# Mc/sec: 7668.71
//
Query:       TIGR00092  [M=368]
Accession:   TIGR00092
Description: TIGR00092: GTP-binding protein YchF
Scores for complete sequences (score includes all domains):
   --- full sequence ---   --- best 1 domain ---    -#dom-
    E-value  score  bias    E-value  score  bias    exp  N  Sequence              Description
    ------- ------ -----    ------- ------ -----   ---- --  --------              -----------
   3.2e-147  488.2   0.0   3.6e-147  488.0   0.0    1.0  1  NZ_LANJ01000019.1_181  # 187813 # 188910 # 1 # ID=11_181;partial=00;start_type=ATG;rbs_motif=GGAG/GAGG;rbs_spacer=5-10bp;gc_cont=0.607


Domain annotation for each sequence:
>> NZ_LANJ01000019.1_181  # 187813 # 188910 # 1 # ID=11_181;partial=00;start_type=ATG;rbs_motif=GGAG/GAGG;rbs_spacer=5-10bp;gc_cont=0.607
   #    score  bias  c-Evalue  i-Evalue hmmfrom  hmm to    alifrom  ali to    envfrom  env to     acc
 ---   ------ ----- --------- --------- ------- -------    ------- -------    ------- -------    ----
   1 !  488.0   0.0  9.5e-151  3.6e-147       1     367 [.       1     364 [.       1     365 [. 0.98



Internal pipeline statistics summary:
-------------------------------------
Query model(s):                            1  (368 nodes)
Target sequences:                       3757  (1152400 residues searched)
Passed MSV filter:                       163  (0.0433857); expected 75.1 (0.02)
Passed bias filter:                      149  (0.0396593); expected 75.1 (0.02)
Passed Vit filter:                        26  (0.00692042); expected 3.8 (0.001)
Passed Fwd filter:                         4  (0.00106468); expected 0.0 (1e-05)
Initial search space (Z):               3757  [actual number of targets]
Domain search space  (domZ):               1  [number of targets reported over threshold]
# CPU time: 0.05u 0.00s 00:00:00.05 Elapsed: 00:00:00.06
# Mc/sec: 6897.19
//
Query:       TIGR00095  [M=194]
Accession:   TIGR00095
Description: TIGR00095: 16S rRNA (guanine(966)-N(2))-methyltransferase RsmD
Scores for complete sequences (score includes all domains):
   --- full sequence ---   --- best 1 domain ---    -#dom-
    E-value  score  bias    E-value  score  bias    exp  N  Sequence              Description
    ------- ------ -----    ------- ------ -----   ---- --  --------              -----------
    1.9e-42  142.8   0.0    2.3e-42  142.6   0.0    1.0  1  NZ_LANJ01000046.1_175  # 186640 # 187197 # 1 # ID=41_175;partial=00;start_type=ATG;rbs_motif=GGA/GAG/AGG;rbs_spacer=5-10bp;gc_cont=0.624


Domain annotation for each sequence:
>> NZ_LANJ01000046.1_175  # 186640 # 187197 # 1 # ID=41_175;partial=00;start_type=ATG;rbs_motif=GGA/GAG/AGG;rbs_spacer=5-10bp;gc_cont=0.624
   #    score  bias  c-Evalue  i-Evalue hmmfrom  hmm to    alifrom  ali to    envfrom  env to     acc
 ---   ------ ----- --------- --------- ------- -------    ------- -------    ------- -------    ----
   1 !  142.6   0.0   6.1e-46   2.3e-42      13     191 ..       2     181 ..       1     183 [. 0.88



Internal pipeline statistics summary:
-------------------------------------
Query model(s):                            1  (194 nodes)
Target sequences:                       3757  (1152400 residues searched)
Passed MSV filter:                        74  (0.0196966); expected 75.1 (0.02)
Passed bias filter:                       74  (0.0196966); expected 75.1 (0.02)
Passed Vit filter:                        11  (0.00292787); expected 3.8 (0.001)
Passed Fwd filter:                         3  (0.000798509); expected 0.0 (1e-05)
Initial search space (Z):               3757  [actual number of targets]
Domain search space  (domZ):               1  [number of targets reported over threshold]
# CPU time: 0.02u 0.00s 00:00:00.02 Elapsed: 00:00:00.02
# Mc/sec: 7548.10
//
Query:       TIGR00111  [M=351]
Accession:   TIGR00111
Description: pelota: mRNA surveillance protein pelota
Scores for complete sequences (score includes all domains):
   --- full sequence ---   --- best 1 domain ---    -#dom-
    E-value  score  bias    E-value  score  bias    exp  N  Sequence Description
    ------- ------ -----    ------- ------ -----   ---- --  -------- -----------

   [No hits detected that satisfy reporting thresholds]


Domain annotation for each sequence:

   [No targets detected that satisfy reporting thresholds]


Internal pipeline statistics summary:
-------------------------------------
Query model(s):                            1  (351 nodes)
Target sequences:                       3757  (1152400 residues searched)
Passed MSV filter:                        78  (0.0207612); expected 75.1 (0.02)
Passed bias filter:                       65  (0.017301); expected 75.1 (0.02)
Passed Vit filter:                         5  (0.00133085); expected 3.8 (0.001)
Passed Fwd filter:                         0  (0); expected 0.0 (1e-05)
Initial search space (Z):               3757  [actual number of targets]
Domain search space  (domZ):               0  [number of targets reported over threshold]
# CPU time: 0.02u 0.00s 00:00:00.02 Elapsed: 00:00:00.02
# Mc/sec: 15376.69
//
Query:       TIGR00115  [M=410]
Accession:   TIGR00115
Description: tig: trigger factor
Scores for complete sequences (score includes all domains):
   --- full sequence ---   --- best 1 domain ---    -#dom-
    E-value  score  bias    E-value  score  bias    exp  N  Sequence             Description
    ------- ------ -----    ------- ------ -----   ---- --  --------             -----------
   5.1e-121  402.0   4.3     6e-121  401.8   4.3    1.0  1  NZ_LANJ01000012.1_60  # 62030 # 63409 # -1 # ID=4_60;partial=00;start_type=ATG;rbs_motif=GGA/GAG/AGG;rbs_spacer=5-10bp;gc_cont=0.583


Domain annotation for each sequence:
>> NZ_LANJ01000012.1_60  # 62030 # 63409 # -1 # ID=4_60;partial=00;start_type=ATG;rbs_motif=GGA/GAG/AGG;rbs_spacer=5-10bp;gc_cont=0.583
   #    score  bias  c-Evalue  i-Evalue hmmfrom  hmm to    alifrom  ali to    envfrom  env to     acc
 ---   ------ ----- --------- --------- ------- -------    ------- -------    ------- -------    ----
   1 !  401.8   4.3  1.6e-124    6e-121       1     409 [.      11     426 ..      11     427 .. 0.99



Internal pipeline statistics summary:
-------------------------------------
Query model(s):                            1  (410 nodes)
Target sequences:                       3757  (1152400 residues searched)
Passed MSV filter:                       106  (0.028214); expected 75.1 (0.02)
Passed bias filter:                       74  (0.0196966); expected 75.1 (0.02)
Passed Vit filter:                         9  (0.00239553); expected 3.8 (0.001)
Passed Fwd filter:                         1  (0.00026617); expected 0.0 (1e-05)
Initial search space (Z):               3757  [actual number of targets]
Domain search space  (domZ):               1  [number of targets reported over threshold]
# CPU time: 0.04u 0.00s 00:00:00.04 Elapsed: 00:00:00.03
# Mc/sec: 12020.16
//
Query:       TIGR00116  [M=293]
Accession:   TIGR00116
Description: tsf: translation elongation factor Ts
Scores for complete sequences (score includes all domains):
   --- full sequence ---   --- best 1 domain ---    -#dom-
    E-value  score  bias    E-value  score  bias    exp  N  Sequence              Description
    ------- ------ -----    ------- ------ -----   ---- --  --------              -----------
    1.5e-92  307.6   5.2    1.9e-92  307.3   5.2    1.0  1  NZ_LANJ01000011.1_144  # 162380 # 163309 # -1 # ID=3_144;partial=00;start_type=ATG;rbs_motif=GGA/GAG/AGG;rbs_spacer=5-10bp;gc_cont=0.588


Domain annotation for each sequence:
>> NZ_LANJ01000011.1_144  # 162380 # 163309 # -1 # ID=3_144;partial=00;start_type=ATG;rbs_motif=GGA/GAG/AGG;rbs_spacer=5-10bp;gc_cont=0.588
   #    score  bias  c-Evalue  i-Evalue hmmfrom  hmm to    alifrom  ali to    envfrom  env to     acc
 ---   ------ ----- --------- --------- ------- -------    ------- -------    ------- -------    ----
   1 !  307.3   5.2   4.9e-96   1.9e-92       1     290 [.       1     305 [.       1     307 [. 0.92



Internal pipeline statistics summary:
-------------------------------------
Query model(s):                            1  (293 nodes)
Target sequences:                       3757  (1152400 residues searched)
Passed MSV filter:                        86  (0.0228906); expected 75.1 (0.02)
Passed bias filter:                       65  (0.017301); expected 75.1 (0.02)
Passed Vit filter:                        10  (0.0026617); expected 3.8 (0.001)
Passed Fwd filter:                         2  (0.00053234); expected 0.0 (1e-05)
Initial search space (Z):               3757  [actual number of targets]
Domain search space  (domZ):               1  [number of targets reported over threshold]
# CPU time: 0.02u 0.00s 00:00:00.02 Elapsed: 00:00:00.03
# Mc/sec: 9982.29
//
Query:       TIGR00134  [M=622]
Accession:   TIGR00134
Description: gatE_arch: glutamyl-tRNA(Gln) amidotransferase, subunit E
Scores for complete sequences (score includes all domains):
   --- full sequence ---   --- best 1 domain ---    -#dom-
    E-value  score  bias    E-value  score  bias    exp  N  Sequence Description
    ------- ------ -----    ------- ------ -----   ---- --  -------- -----------

   [No hits detected that satisfy reporting thresholds]


Domain annotation for each sequence:

   [No targets detected that satisfy reporting thresholds]


Internal pipeline statistics summary:
-------------------------------------
Query model(s):                            1  (622 nodes)
Target sequences:                       3757  (1152400 residues searched)
Passed MSV filter:                       124  (0.0330051); expected 75.1 (0.02)
Passed bias filter:                       83  (0.0220921); expected 75.1 (0.02)
Passed Vit filter:                        11  (0.00292787); expected 3.8 (0.001)
Passed Fwd filter:                         1  (0.00026617); expected 0.0 (1e-05)
Initial search space (Z):               3757  [actual number of targets]
Domain search space  (domZ):               0  [number of targets reported over threshold]
# CPU time: 0.07u 0.01s 00:00:00.08 Elapsed: 00:00:00.07
# Mc/sec: 9313.27
//
Query:       TIGR00138  [M=183]
Accession:   TIGR00138
Description: rsmG_gidB: 16S rRNA (guanine(527)-N(7))-methyltransferase RsmG
Scores for complete sequences (score includes all domains):
   --- full sequence ---   --- best 1 domain ---    -#dom-
    E-value  score  bias    E-value  score  bias    exp  N  Sequence              Description
    ------- ------ -----    ------- ------ -----   ---- --  --------              -----------
    8.8e-37  124.2   0.0    1.1e-36  124.0   0.0    1.0  1  NZ_LANJ01000047.1_170  # 170713 # 171363 # -1 # ID=42_170;partial=00;start_type=ATG;rbs_motif=GGA/GAG/AGG;rbs_spacer=5-10bp;gc_cont=0.555


Domain annotation for each sequence:
>> NZ_LANJ01000047.1_170  # 170713 # 171363 # -1 # ID=42_170;partial=00;start_type=ATG;rbs_motif=GGA/GAG/AGG;rbs_spacer=5-10bp;gc_cont=0.555
   #    score  bias  c-Evalue  i-Evalue hmmfrom  hmm to    alifrom  ali to    envfrom  env to     acc
 ---   ------ ----- --------- --------- ------- -------    ------- -------    ------- -------    ----
   1 !  124.0   0.0   2.8e-40   1.1e-36       2     156 ..      27     184 ..      26     202 .. 0.91



Internal pipeline statistics summary:
-------------------------------------
Query model(s):                            1  (183 nodes)
Target sequences:                       3757  (1152400 residues searched)
Passed MSV filter:                        74  (0.0196966); expected 75.1 (0.02)
Passed bias filter:                       73  (0.0194304); expected 75.1 (0.02)
Passed Vit filter:                        15  (0.00399255); expected 3.8 (0.001)
Passed Fwd filter:                         4  (0.00106468); expected 0.0 (1e-05)
Initial search space (Z):               3757  [actual number of targets]
Domain search space  (domZ):               1  [number of targets reported over threshold]
# CPU time: 0.02u 0.00s 00:00:00.02 Elapsed: 00:00:00.02
# Mc/sec: 8756.25
//
Query:       TIGR00158  [M=148]
Accession:   TIGR00158
Description: L9: ribosomal protein bL9
Scores for complete sequences (score includes all domains):
   --- full sequence ---   --- best 1 domain ---    -#dom-
    E-value  score  bias    E-value  score  bias    exp  N  Sequence              Description
    ------- ------ -----    ------- ------ -----   ---- --  --------              -----------
    1.2e-39  133.8   0.2    1.6e-39  133.5   0.2    1.1  1  NZ_LANJ01000011.1_599  # 572822 # 573394 # 1 # ID=3_599;partial=00;start_type=ATG;rbs_motif=AGGA;rbs_spacer=5-10bp;gc_cont=0.595


Domain annotation for each sequence:
>> NZ_LANJ01000011.1_599  # 572822 # 573394 # 1 # ID=3_599;partial=00;start_type=ATG;rbs_motif=AGGA;rbs_spacer=5-10bp;gc_cont=0.595
   #    score  bias  c-Evalue  i-Evalue hmmfrom  hmm to    alifrom  ali to    envfrom  env to     acc
 ---   ------ ----- --------- --------- ------- -------    ------- -------    ------- -------    ----
   1 !  133.5   0.2   4.3e-43   1.6e-39       1     146 [.       1     145 [.       1     147 [. 0.99



Internal pipeline statistics summary:
-------------------------------------
Query model(s):                            1  (148 nodes)
Target sequences:                       3757  (1152400 residues searched)
Passed MSV filter:                        71  (0.0188981); expected 75.1 (0.02)
Passed bias filter:                       49  (0.0130423); expected 75.1 (0.02)
Passed Vit filter:                         2  (0.00053234); expected 3.8 (0.001)
Passed Fwd filter:                         1  (0.00026617); expected 0.0 (1e-05)
Initial search space (Z):               3757  [actual number of targets]
Domain search space  (domZ):               1  [number of targets reported over threshold]
# CPU time: 0.02u 0.00s 00:00:00.02 Elapsed: 00:00:00.03
# Mc/sec: 4801.91
//
Query:       TIGR00166  [M=95]
Accession:   TIGR00166
Description: S6: ribosomal protein bS6
Scores for complete sequences (score includes all domains):
   --- full sequence ---   --- best 1 domain ---    -#dom-
    E-value  score  bias    E-value  score  bias    exp  N  Sequence              Description
    ------- ------ -----    ------- ------ -----   ---- --  --------              -----------
      1e-23   81.1   0.2    1.2e-23   80.9   0.2    1.1  1  NZ_LANJ01000011.1_597  # 571999 # 572418 # 1 # ID=3_597;partial=00;start_type=ATG;rbs_motif=GGA/GAG/AGG;rbs_spacer=5-10bp;gc_cont=0.619


Domain annotation for each sequence:
>> NZ_LANJ01000011.1_597  # 571999 # 572418 # 1 # ID=3_597;partial=00;start_type=ATG;rbs_motif=GGA/GAG/AGG;rbs_spacer=5-10bp;gc_cont=0.619
   #    score  bias  c-Evalue  i-Evalue hmmfrom  hmm to    alifrom  ali to    envfrom  env to     acc
 ---   ------ ----- --------- --------- ------- -------    ------- -------    ------- -------    ----
   1 !   80.9   0.2   3.2e-27   1.2e-23       1      94 [.       1      94 [.       1      95 [. 0.97



Internal pipeline statistics summary:
-------------------------------------
Query model(s):                            1  (95 nodes)
Target sequences:                       3757  (1152400 residues searched)
Passed MSV filter:                        55  (0.0146393); expected 75.1 (0.02)
Passed bias filter:                       49  (0.0130423); expected 75.1 (0.02)
Passed Vit filter:                         2  (0.00053234); expected 3.8 (0.001)
Passed Fwd filter:                         1  (0.00026617); expected 0.0 (1e-05)
Initial search space (Z):               3757  [actual number of targets]
Domain search space  (domZ):               1  [number of targets reported over threshold]
# CPU time: 0.01u 0.00s 00:00:00.01 Elapsed: 00:00:00.02
# Mc/sec: 3801.66
//
Query:       TIGR00168  [M=165]
Accession:   TIGR00168
Description: infC: translation initiation factor IF-3
Scores for complete sequences (score includes all domains):
   --- full sequence ---   --- best 1 domain ---    -#dom-
    E-value  score  bias    E-value  score  bias    exp  N  Sequence              Description
    ------- ------ -----    ------- ------ -----   ---- --  --------              -----------
    4.2e-62  206.4   2.9    4.8e-62  206.2   2.9    1.0  1  NZ_LANJ01000016.1_130  # 128697 # 129221 # -1 # ID=8_130;partial=00;start_type=ATG;rbs_motif=None;rbs_spacer=None;gc_cont=0.592


Domain annotation for each sequence:
>> NZ_LANJ01000016.1_130  # 128697 # 129221 # -1 # ID=8_130;partial=00;start_type=ATG;rbs_motif=None;rbs_spacer=None;gc_cont=0.592
   #    score  bias  c-Evalue  i-Evalue hmmfrom  hmm to    alifrom  ali to    envfrom  env to     acc
 ---   ------ ----- --------- --------- ------- -------    ------- -------    ------- -------    ----
   1 !  206.2   2.9   1.3e-65   4.8e-62       2     163 ..      14     174 ..      13     174 .. 0.99



Internal pipeline statistics summary:
-------------------------------------
Query model(s):                            1  (165 nodes)
Target sequences:                       3757  (1152400 residues searched)
Passed MSV filter:                        76  (0.0202289); expected 75.1 (0.02)
Passed bias filter:                       65  (0.017301); expected 75.1 (0.02)
Passed Vit filter:                         6  (0.00159702); expected 3.8 (0.001)
Passed Fwd filter:                         1  (0.00026617); expected 0.0 (1e-05)
Initial search space (Z):               3757  [actual number of targets]
Domain search space  (domZ):               1  [number of targets reported over threshold]
# CPU time: 0.02u 0.00s 00:00:00.02 Elapsed: 00:00:00.03
# Mc/sec: 4794.71
//
Query:       TIGR00186  [M=240]
Accession:   TIGR00186
Description: rRNA_methyl_3: RNA methyltransferase, TrmH family, group 3
Scores for complete sequences (score includes all domains):
   --- full sequence ---   --- best 1 domain ---    -#dom-
    E-value  score  bias    E-value  score  bias    exp  N  Sequence              Description
    ------- ------ -----    ------- ------ -----   ---- --  --------              -----------
    4.5e-54  181.2   0.0    5.3e-54  180.9   0.0    1.0  1  NZ_LANJ01000012.1_183  # 199324 # 200076 # 1 # ID=4_183;partial=00;start_type=ATG;rbs_motif=None;rbs_spacer=None;gc_cont=0.599


Domain annotation for each sequence:
>> NZ_LANJ01000012.1_183  # 199324 # 200076 # 1 # ID=4_183;partial=00;start_type=ATG;rbs_motif=None;rbs_spacer=None;gc_cont=0.599
   #    score  bias  c-Evalue  i-Evalue hmmfrom  hmm to    alifrom  ali to    envfrom  env to     acc
 ---   ------ ----- --------- --------- ------- -------    ------- -------    ------- -------    ----
   1 !  180.9   0.0   1.4e-57   5.3e-54       4     237 ..      20     246 ..      18     249 .. 0.92



Internal pipeline statistics summary:
-------------------------------------
Query model(s):                            1  (240 nodes)
Target sequences:                       3757  (1152400 residues searched)
Passed MSV filter:                        85  (0.0226244); expected 75.1 (0.02)
Passed bias filter:                       76  (0.0202289); expected 75.1 (0.02)
Passed Vit filter:                        11  (0.00292787); expected 3.8 (0.001)
Passed Fwd filter:                         3  (0.000798509); expected 0.0 (1e-05)
Initial search space (Z):               3757  [actual number of targets]
Domain search space  (domZ):               1  [number of targets reported over threshold]
# CPU time: 0.03u 0.00s 00:00:00.03 Elapsed: 00:00:00.02
# Mc/sec: 9295.32
//
Query:       TIGR00194  [M=574]
Accession:   TIGR00194
Description: uvrC: excinuclease ABC subunit C
Scores for complete sequences (score includes all domains):
   --- full sequence ---   --- best 1 domain ---    -#dom-
    E-value  score  bias    E-value  score  bias    exp  N  Sequence            Description
    ------- ------ -----    ------- ------ -----   ---- --  --------            -----------
   1.5e-161  536.7   0.0   1.7e-161  536.5   0.0    1.0  1  NZ_LANJ01000019.1_9  # 6299 # 8176 # 1 # ID=11_9;partial=00;start_type=ATG;rbs_motif=None;rbs_spacer=None;gc_cont=0.618


Domain annotation for each sequence:
>> NZ_LANJ01000019.1_9  # 6299 # 8176 # 1 # ID=11_9;partial=00;start_type=ATG;rbs_motif=None;rbs_spacer=None;gc_cont=0.618
   #    score  bias  c-Evalue  i-Evalue hmmfrom  hmm to    alifrom  ali to    envfrom  env to     acc
 ---   ------ ----- --------- --------- ------- -------    ------- -------    ------- -------    ----
   1 !  536.5   0.0  4.5e-165  1.7e-161       4     572 ..      16     600 ..      13     602 .. 0.94



Internal pipeline statistics summary:
-------------------------------------
Query model(s):                            1  (574 nodes)
Target sequences:                       3757  (1152400 residues searched)
Passed MSV filter:                        78  (0.0207612); expected 75.1 (0.02)
Passed bias filter:                       70  (0.0186319); expected 75.1 (0.02)
Passed Vit filter:                        10  (0.0026617); expected 3.8 (0.001)
Passed Fwd filter:                         3  (0.000798509); expected 0.0 (1e-05)
Initial search space (Z):               3757  [actual number of targets]
Domain search space  (domZ):               1  [number of targets reported over threshold]
# CPU time: 0.06u 0.00s 00:00:00.06 Elapsed: 00:00:00.05
# Mc/sec: 11918.20
//
Query:       TIGR00250  [M=130]
Accession:   TIGR00250
Description: RNAse_H_YqgF: putative transcription antitermination factor YqgF
Scores for complete sequences (score includes all domains):
   --- full sequence ---   --- best 1 domain ---    -#dom-
    E-value  score  bias    E-value  score  bias    exp  N  Sequence            Description
    ------- ------ -----    ------- ------ -----   ---- --  --------            -----------
    1.6e-37  126.2   0.0    1.8e-37  126.0   0.0    1.0  1  NZ_LANJ01000011.1_3  # 2633 # 3091 # -1 # ID=3_3;partial=00;start_type=ATG;rbs_motif=GGA/GAG/AGG;rbs_spacer=5-10bp;gc_cont=0.625


Domain annotation for each sequence:
>> NZ_LANJ01000011.1_3  # 2633 # 3091 # -1 # ID=3_3;partial=00;start_type=ATG;rbs_motif=GGA/GAG/AGG;rbs_spacer=5-10bp;gc_cont=0.625
   #    score  bias  c-Evalue  i-Evalue hmmfrom  hmm to    alifrom  ali to    envfrom  env to     acc
 ---   ------ ----- --------- --------- ------- -------    ------- -------    ------- -------    ----
   1 !  126.0   0.0   4.9e-41   1.8e-37       1     130 []      19     148 ..      19     148 .. 0.99



Internal pipeline statistics summary:
-------------------------------------
Query model(s):                            1  (130 nodes)
Target sequences:                       3757  (1152400 residues searched)
Passed MSV filter:                        93  (0.0247538); expected 75.1 (0.02)
Passed bias filter:                       85  (0.0226244); expected 75.1 (0.02)
Passed Vit filter:                        12  (0.00319404); expected 3.8 (0.001)
Passed Fwd filter:                         1  (0.00026617); expected 0.0 (1e-05)
Initial search space (Z):               3757  [actual number of targets]
Domain search space  (domZ):               1  [number of targets reported over threshold]
# CPU time: 0.01u 0.00s 00:00:00.01 Elapsed: 00:00:00.02
# Mc/sec: 6649.22
//
Query:       TIGR00279  [M=172]
Accession:   TIGR00279
Description: uL16_euk_arch: ribosomal protein uL16
Scores for complete sequences (score includes all domains):
   --- full sequence ---   --- best 1 domain ---    -#dom-
    E-value  score  bias    E-value  score  bias    exp  N  Sequence Description
    ------- ------ -----    ------- ------ -----   ---- --  -------- -----------

   [No hits detected that satisfy reporting thresholds]


Domain annotation for each sequence:

   [No targets detected that satisfy reporting thresholds]


Internal pipeline statistics summary:
-------------------------------------
Query model(s):                            1  (172 nodes)
Target sequences:                       3757  (1152400 residues searched)
Passed MSV filter:                        73  (0.0194304); expected 75.1 (0.02)
Passed bias filter:                       64  (0.0170349); expected 75.1 (0.02)
Passed Vit filter:                         3  (0.000798509); expected 3.8 (0.001)
Passed Fwd filter:                         1  (0.00026617); expected 0.0 (1e-05)
Initial search space (Z):               3757  [actual number of targets]
Domain search space  (domZ):               0  [number of targets reported over threshold]
# CPU time: 0.02u 0.00s 00:00:00.02 Elapsed: 00:00:00.03
# Mc/sec: 6096.35
//
Query:       TIGR00291  [M=231]
Accession:   TIGR00291
Description: RNA_SBDS: rRNA metabolism protein, SBDS family
Scores for complete sequences (score includes all domains):
   --- full sequence ---   --- best 1 domain ---    -#dom-
    E-value  score  bias    E-value  score  bias    exp  N  Sequence Description
    ------- ------ -----    ------- ------ -----   ---- --  -------- -----------

   [No hits detected that satisfy reporting thresholds]


Domain annotation for each sequence:

   [No targets detected that satisfy reporting thresholds]


Internal pipeline statistics summary:
-------------------------------------
Query model(s):                            1  (231 nodes)
Target sequences:                       3757  (1152400 residues searched)
Passed MSV filter:                        69  (0.0183657); expected 75.1 (0.02)
Passed bias filter:                       61  (0.0162364); expected 75.1 (0.02)
Passed Vit filter:                         3  (0.000798509); expected 3.8 (0.001)
Passed Fwd filter:                         0  (0); expected 0.0 (1e-05)
Initial search space (Z):               3757  [actual number of targets]
Domain search space  (domZ):               0  [number of targets reported over threshold]
# CPU time: 0.03u 0.00s 00:00:00.03 Elapsed: 00:00:00.02
# Mc/sec: 12804.45
//
Query:       TIGR00323  [M=215]
Accession:   TIGR00323
Description: eIF-6: putative translation initiation factor eIF-6
Scores for complete sequences (score includes all domains):
   --- full sequence ---   --- best 1 domain ---    -#dom-
    E-value  score  bias    E-value  score  bias    exp  N  Sequence Description
    ------- ------ -----    ------- ------ -----   ---- --  -------- -----------

   [No hits detected that satisfy reporting thresholds]


Domain annotation for each sequence:

   [No targets detected that satisfy reporting thresholds]


Internal pipeline statistics summary:
-------------------------------------
Query model(s):                            1  (215 nodes)
Target sequences:                       3757  (1152400 residues searched)
Passed MSV filter:                       105  (0.0279478); expected 75.1 (0.02)
Passed bias filter:                       65  (0.017301); expected 75.1 (0.02)
Passed Vit filter:                         6  (0.00159702); expected 3.8 (0.001)
Passed Fwd filter:                         0  (0); expected 0.0 (1e-05)
Initial search space (Z):               3757  [actual number of targets]
Domain search space  (domZ):               0  [number of targets reported over threshold]
# CPU time: 0.02u 0.00s 00:00:00.02 Elapsed: 00:00:00.02
# Mc/sec: 10948.81
//
Query:       TIGR00335  [M=324]
Accession:   TIGR00335
Description: primase_sml: putative DNA primase, eukaryotic-type, small subunit
Scores for complete sequences (score includes all domains):
   --- full sequence ---   --- best 1 domain ---    -#dom-
    E-value  score  bias    E-value  score  bias    exp  N  Sequence Description
    ------- ------ -----    ------- ------ -----   ---- --  -------- -----------

   [No hits detected that satisfy reporting thresholds]


Domain annotation for each sequence:

   [No targets detected that satisfy reporting thresholds]


Internal pipeline statistics summary:
-------------------------------------
Query model(s):                            1  (324 nodes)
Target sequences:                       3757  (1152400 residues searched)
Passed MSV filter:                        62  (0.0165025); expected 75.1 (0.02)
Passed bias filter:                       57  (0.0151717); expected 75.1 (0.02)
Passed Vit filter:                         9  (0.00239553); expected 3.8 (0.001)
Passed Fwd filter:                         0  (0); expected 0.0 (1e-05)
Initial search space (Z):               3757  [actual number of targets]
Domain search space  (domZ):               0  [number of targets reported over threshold]
# CPU time: 0.03u 0.00s 00:00:00.03 Elapsed: 00:00:00.03
# Mc/sec: 10217.67
//
Query:       TIGR00337  [M=526]
Accession:   TIGR00337
Description: PyrG: CTP synthase
Scores for complete sequences (score includes all domains):
   --- full sequence ---   --- best 1 domain ---    -#dom-
    E-value  score  bias    E-value  score  bias    exp  N  Sequence             Description
    ------- ------ -----    ------- ------ -----   ---- --  --------             -----------
   8.4e-222  735.1   0.0   9.6e-222  734.9   0.0    1.0  1  NZ_LANJ01000011.1_40  # 38456 # 40084 # 1 # ID=3_40;partial=00;start_type=ATG;rbs_motif=GGA/GAG/AGG;rbs_spacer=5-10bp;gc_cont=0.588


Domain annotation for each sequence:
>> NZ_LANJ01000011.1_40  # 38456 # 40084 # 1 # ID=3_40;partial=00;start_type=ATG;rbs_motif=GGA/GAG/AGG;rbs_spacer=5-10bp;gc_cont=0.588
   #    score  bias  c-Evalue  i-Evalue hmmfrom  hmm to    alifrom  ali to    envfrom  env to     acc
 ---   ------ ----- --------- --------- ------- -------    ------- -------    ------- -------    ----
   1 !  734.9   0.0  2.6e-225  9.6e-222       3     526 .]       2     534 ..       1     534 [. 0.99



Internal pipeline statistics summary:
-------------------------------------
Query model(s):                            1  (526 nodes)
Target sequences:                       3757  (1152400 residues searched)
Passed MSV filter:                        97  (0.0258185); expected 75.1 (0.02)
Passed bias filter:                       89  (0.0236891); expected 75.1 (0.02)
Passed Vit filter:                        17  (0.00452489); expected 3.8 (0.001)
Passed Fwd filter:                         3  (0.000798509); expected 0.0 (1e-05)
Initial search space (Z):               3757  [actual number of targets]
Domain search space  (domZ):               1  [number of targets reported over threshold]
# CPU time: 0.05u 0.00s 00:00:00.05 Elapsed: 00:00:00.05
# Mc/sec: 11235.43
//
Query:       TIGR00344  [M=847]
Accession:   TIGR00344
Description: alaS: alanine--tRNA ligase
Scores for complete sequences (score includes all domains):
   --- full sequence ---   --- best 1 domain ---    -#dom-
    E-value  score  bias    E-value  score  bias    exp  N  Sequence             Description
    ------- ------ -----    ------- ------ -----   ---- --  --------             -----------
   6.1e-291  965.3   0.0   6.9e-291  965.1   0.0    1.0  1  NZ_LANJ01000045.1_14  # 12292 # 14931 # -1 # ID=40_14;partial=00;start_type=ATG;rbs_motif=None;rbs_spacer=None;gc_cont=0.624


Domain annotation for each sequence:
>> NZ_LANJ01000045.1_14  # 12292 # 14931 # -1 # ID=40_14;partial=00;start_type=ATG;rbs_motif=None;rbs_spacer=None;gc_cont=0.624
   #    score  bias  c-Evalue  i-Evalue hmmfrom  hmm to    alifrom  ali to    envfrom  env to     acc
 ---   ------ ----- --------- --------- ------- -------    ------- -------    ------- -------    ----
   1 !  965.1   0.0  1.8e-294  6.9e-291       2     847 .]       7     862 ..       6     862 .. 0.97



Internal pipeline statistics summary:
-------------------------------------
Query model(s):                            1  (847 nodes)
Target sequences:                       3757  (1152400 residues searched)
Passed MSV filter:                        87  (0.0231568); expected 75.1 (0.02)
Passed bias filter:                       70  (0.0186319); expected 75.1 (0.02)
Passed Vit filter:                         9  (0.00239553); expected 3.8 (0.001)
Passed Fwd filter:                         2  (0.00053234); expected 0.0 (1e-05)
Initial search space (Z):               3757  [actual number of targets]
Domain search space  (domZ):               1  [number of targets reported over threshold]
# CPU time: 0.08u 0.01s 00:00:00.09 Elapsed: 00:00:00.10
# Mc/sec: 9692.60
//
Query:       TIGR00362  [M=437]
Accession:   TIGR00362
Description: DnaA: chromosomal replication initiator protein DnaA
Scores for complete sequences (score includes all domains):
   --- full sequence ---   --- best 1 domain ---    -#dom-
    E-value  score  bias    E-value  score  bias    exp  N  Sequence              Description
    ------- ------ -----    ------- ------ -----   ---- --  --------              -----------
   6.8e-134  444.9   0.0   7.8e-134  444.7   0.0    1.0  1  NZ_LANJ01000016.1_257  # 264102 # 265643 # -1 # ID=8_257;partial=00;start_type=ATG;rbs_motif=None;rbs_spacer=None;gc_cont=0.636


Domain annotation for each sequence:
>> NZ_LANJ01000016.1_257  # 264102 # 265643 # -1 # ID=8_257;partial=00;start_type=ATG;rbs_motif=None;rbs_spacer=None;gc_cont=0.636
   #    score  bias  c-Evalue  i-Evalue hmmfrom  hmm to    alifrom  ali to    envfrom  env to     acc
 ---   ------ ----- --------- --------- ------- -------    ------- -------    ------- -------    ----
   1 !  444.7   0.0  2.1e-137  7.8e-134       1     437 []      44     511 ..      44     511 .. 0.91



Internal pipeline statistics summary:
-------------------------------------
Query model(s):                            1  (437 nodes)
Target sequences:                       3757  (1152400 residues searched)
Passed MSV filter:                       147  (0.039127); expected 75.1 (0.02)
Passed bias filter:                      129  (0.0343359); expected 75.1 (0.02)
Passed Vit filter:                        34  (0.00904977); expected 3.8 (0.001)
Passed Fwd filter:                         8  (0.00212936); expected 0.0 (1e-05)
Initial search space (Z):               3757  [actual number of targets]
Domain search space  (domZ):               1  [number of targets reported over threshold]
# CPU time: 0.06u 0.00s 00:00:00.06 Elapsed: 00:00:00.06
# Mc/sec: 8218.20
//
Query:       TIGR00373  [M=162]
Accession:   TIGR00373
Description: TIGR00373: transcription factor E
Scores for complete sequences (score includes all domains):
   --- full sequence ---   --- best 1 domain ---    -#dom-
    E-value  score  bias    E-value  score  bias    exp  N  Sequence Description
    ------- ------ -----    ------- ------ -----   ---- --  -------- -----------

   [No hits detected that satisfy reporting thresholds]


Domain annotation for each sequence:

   [No targets detected that satisfy reporting thresholds]


Internal pipeline statistics summary:
-------------------------------------
Query model(s):                            1  (162 nodes)
Target sequences:                       3757  (1152400 residues searched)
Passed MSV filter:                        74  (0.0196966); expected 75.1 (0.02)
Passed bias filter:                       71  (0.0188981); expected 75.1 (0.02)
Passed Vit filter:                        10  (0.0026617); expected 3.8 (0.001)
Passed Fwd filter:                         0  (0); expected 0.0 (1e-05)
Initial search space (Z):               3757  [actual number of targets]
Domain search space  (domZ):               0  [number of targets reported over threshold]
# CPU time: 0.02u 0.00s 00:00:00.02 Elapsed: 00:00:00.02
# Mc/sec: 8851.40
//
Query:       TIGR00382  [M=414]
Accession:   TIGR00382
Description: clpX: ATP-dependent Clp protease, ATP-binding subunit ClpX
Scores for complete sequences (score includes all domains):
   --- full sequence ---   --- best 1 domain ---    -#dom-
    E-value  score  bias    E-value  score  bias    exp  N  Sequence              Description
    ------- ------ -----    ------- ------ -----   ---- --  --------              -----------
   1.1e-201  667.9   0.5   1.4e-201  667.6   0.5    1.0  1  NZ_LANJ01000012.1_54   # 56124 # 57401 # -1 # ID=4_54;partial=00;start_type=ATG;rbs_motif=GGAG/GAGG;rbs_spacer=5-10bp;gc_cont=0.585
      4e-56  188.5   1.2    1.2e-23   81.4   0.0    3.4  0  NZ_LANJ01000047.1_185  # 183929 # 185239 # -1 # ID=42_185;partial=00;start_type=ATG;rbs_motif=4Base/6BMM;rbs_spacer=13-15bp;gc_cont=0.614


Domain annotation for each sequence:
>> NZ_LANJ01000012.1_54  # 56124 # 57401 # -1 # ID=4_54;partial=00;start_type=ATG;rbs_motif=GGAG/GAGG;rbs_spacer=5-10bp;gc_cont=0.585
   #    score  bias  c-Evalue  i-Evalue hmmfrom  hmm to    alifrom  ali to    envfrom  env to     acc
 ---   ------ ----- --------- --------- ------- -------    ------- -------    ------- -------    ----
   1 !  667.6   0.5  7.4e-205  1.4e-201       5     411 ..      11     408 ..       7     411 .. 0.96

>> NZ_LANJ01000047.1_185  # 183929 # 185239 # -1 # ID=42_185;partial=00;start_type=ATG;rbs_motif=4Base/6BMM;rbs_spacer=13-15bp;gc_cont=0.614
   [No individual domains that satisfy reporting thresholds (although complete target did)]



Internal pipeline statistics summary:
-------------------------------------
Query model(s):                            1  (414 nodes)
Target sequences:                       3757  (1152400 residues searched)
Passed MSV filter:                       183  (0.0487091); expected 75.1 (0.02)
Passed bias filter:                      178  (0.0473782); expected 75.1 (0.02)
Passed Vit filter:                        59  (0.015704); expected 3.8 (0.001)
Passed Fwd filter:                         8  (0.00212936); expected 0.0 (1e-05)
Initial search space (Z):               3757  [actual number of targets]
Domain search space  (domZ):               2  [number of targets reported over threshold]
# CPU time: 0.08u 0.00s 00:00:00.08 Elapsed: 00:00:00.10
# Mc/sec: 4676.25
//
Query:       TIGR00392  [M=861]
Accession:   TIGR00392
Description: ileS: isoleucine--tRNA ligase
Scores for complete sequences (score includes all domains):
   --- full sequence ---   --- best 1 domain ---    -#dom-
    E-value  score  bias    E-value  score  bias    exp  N  Sequence              Description
    ------- ------ -----    ------- ------ -----   ---- --  --------              -----------
   2.9e-246  817.5   0.0   3.3e-246  817.2   0.0    1.0  1  NZ_LANJ01000046.1_171  # 180199 # 183138 # 1 # ID=41_171;partial=00;start_type=ATG;rbs_motif=None;rbs_spacer=None;gc_cont=0.607


Domain annotation for each sequence:
>> NZ_LANJ01000046.1_171  # 180199 # 183138 # 1 # ID=41_171;partial=00;start_type=ATG;rbs_motif=None;rbs_spacer=None;gc_cont=0.607
   #    score  bias  c-Evalue  i-Evalue hmmfrom  hmm to    alifrom  ali to    envfrom  env to     acc
 ---   ------ ----- --------- --------- ------- -------    ------- -------    ------- -------    ----
   1 !  817.2   0.0  8.9e-250  3.3e-246       2     859 ..      24     889 ..      23     891 .. 0.93



Internal pipeline statistics summary:
-------------------------------------
Query model(s):                            1  (861 nodes)
Target sequences:                       3757  (1152400 residues searched)
Passed MSV filter:                        66  (0.0175672); expected 75.1 (0.02)
Passed bias filter:                       63  (0.0167687); expected 75.1 (0.02)
Passed Vit filter:                        15  (0.00399255); expected 3.8 (0.001)
Passed Fwd filter:                         7  (0.00186319); expected 0.0 (1e-05)
Initial search space (Z):               3757  [actual number of targets]
Domain search space  (domZ):               1  [number of targets reported over threshold]
# CPU time: 0.15u 0.02s 00:00:00.17 Elapsed: 00:00:00.17
# Mc/sec: 5729.87
//
Query:       TIGR00396  [M=843]
Accession:   TIGR00396
Description: leuS_bact: leucine--tRNA ligase
Scores for complete sequences (score includes all domains):
   --- full sequence ---   --- best 1 domain ---    -#dom-
    E-value  score  bias    E-value  score  bias    exp  N  Sequence              Description
    ------- ------ -----    ------- ------ -----   ---- --  --------              -----------
          0 1019.9   0.0          0 1019.8   0.0    1.0  1  NZ_LANJ01000047.1_165  # 164846 # 167464 # 1 # ID=42_165;partial=00;start_type=GTG;rbs_motif=GGAG/GAGG;rbs_spacer=5-10bp;gc_cont=0.610


Domain annotation for each sequence:
>> NZ_LANJ01000047.1_165  # 164846 # 167464 # 1 # ID=42_165;partial=00;start_type=GTG;rbs_motif=GGAG/GAGG;rbs_spacer=5-10bp;gc_cont=0.610
   #    score  bias  c-Evalue  i-Evalue hmmfrom  hmm to    alifrom  ali to    envfrom  env to     acc
 ---   ------ ----- --------- --------- ------- -------    ------- -------    ------- -------    ----
   1 ! 1019.8   0.0         0         0       1     842 [.       6     872 ..       6     872 .. 0.95



Internal pipeline statistics summary:
-------------------------------------
Query model(s):                            1  (843 nodes)
Target sequences:                       3757  (1152400 residues searched)
Passed MSV filter:                        82  (0.0218259); expected 75.1 (0.02)
Passed bias filter:                       76  (0.0202289); expected 75.1 (0.02)
Passed Vit filter:                        13  (0.00346021); expected 3.8 (0.001)
Passed Fwd filter:                         5  (0.00133085); expected 0.0 (1e-05)
Initial search space (Z):               3757  [actual number of targets]
Domain search space  (domZ):               1  [number of targets reported over threshold]
# CPU time: 0.12u 0.02s 00:00:00.13 Elapsed: 00:00:00.13
# Mc/sec: 7235.87
//
Query:       TIGR00398  [M=530]
Accession:   TIGR00398
Description: metG: methionine--tRNA ligase
Scores for complete sequences (score includes all domains):
   --- full sequence ---   --- best 1 domain ---    -#dom-
    E-value  score  bias    E-value  score  bias    exp  N  Sequence             Description
    ------- ------ -----    ------- ------ -----   ---- --  --------             -----------
   1.9e-152  506.3   0.0   6.6e-151  501.3   0.0    2.0  1  NZ_LANJ01000011.1_56  # 57254 # 58804 # 1 # ID=3_56;partial=00;start_type=ATG;rbs_motif=GGA/GAG/AGG;rbs_spacer=5-10bp;gc_cont=0.599


Domain annotation for each sequence:
>> NZ_LANJ01000011.1_56  # 57254 # 58804 # 1 # ID=3_56;partial=00;start_type=ATG;rbs_motif=GGA/GAG/AGG;rbs_spacer=5-10bp;gc_cont=0.599
   #    score  bias  c-Evalue  i-Evalue hmmfrom  hmm to    alifrom  ali to    envfrom  env to     acc
 ---   ------ ----- --------- --------- ------- -------    ------- -------    ------- -------    ----
   1 !  501.3   0.0  1.8e-154  6.6e-151       1     510 [.       6     486 ..       6     512 .. 0.94



Internal pipeline statistics summary:
-------------------------------------
Query model(s):                            1  (530 nodes)
Target sequences:                       3757  (1152400 residues searched)
Passed MSV filter:                        58  (0.0154378); expected 75.1 (0.02)
Passed bias filter:                       55  (0.0146393); expected 75.1 (0.02)
Passed Vit filter:                        10  (0.0026617); expected 3.8 (0.001)
Passed Fwd filter:                         7  (0.00186319); expected 0.0 (1e-05)
Initial search space (Z):               3757  [actual number of targets]
Domain search space  (domZ):               1  [number of targets reported over threshold]
# CPU time: 0.08u 0.00s 00:00:00.08 Elapsed: 00:00:00.10
# Mc/sec: 5987.73
//
Query:       TIGR00405  [M=145]
Accession:   TIGR00405
Description: KOW_elon_Spt5: transcription elongation factor Spt5
Scores for complete sequences (score includes all domains):
   --- full sequence ---   --- best 1 domain ---    -#dom-
    E-value  score  bias    E-value  score  bias    exp  N  Sequence Description
    ------- ------ -----    ------- ------ -----   ---- --  -------- -----------

   [No hits detected that satisfy reporting thresholds]


Domain annotation for each sequence:

   [No targets detected that satisfy reporting thresholds]


Internal pipeline statistics summary:
-------------------------------------
Query model(s):                            1  (145 nodes)
Target sequences:                       3757  (1152400 residues searched)
Passed MSV filter:                        87  (0.0231568); expected 75.1 (0.02)
Passed bias filter:                       79  (0.0210274); expected 75.1 (0.02)
Passed Vit filter:                         8  (0.00212936); expected 3.8 (0.001)
Passed Fwd filter:                         2  (0.00053234); expected 0.0 (1e-05)
Initial search space (Z):               3757  [actual number of targets]
Domain search space  (domZ):               0  [number of targets reported over threshold]
# CPU time: 0.03u 0.00s 00:00:00.03 Elapsed: 00:00:00.02
# Mc/sec: 5579.82
//
Query:       TIGR00414  [M=418]
Accession:   TIGR00414
Description: serS: serine--tRNA ligase
Scores for complete sequences (score includes all domains):
   --- full sequence ---   --- best 1 domain ---    -#dom-
    E-value  score  bias    E-value  score  bias    exp  N  Sequence              Description
    ------- ------ -----    ------- ------ -----   ---- --  --------              -----------
     7e-153  507.2   0.0   7.8e-153  507.1   0.0    1.0  1  NZ_LANJ01000011.1_297  # 305822 # 307150 # -1 # ID=3_297;partial=00;start_type=ATG;rbs_motif=None;rbs_spacer=None;gc_cont=0.608


Domain annotation for each sequence:
>> NZ_LANJ01000011.1_297  # 305822 # 307150 # -1 # ID=3_297;partial=00;start_type=ATG;rbs_motif=None;rbs_spacer=None;gc_cont=0.608
   #    score  bias  c-Evalue  i-Evalue hmmfrom  hmm to    alifrom  ali to    envfrom  env to     acc
 ---   ------ ----- --------- --------- ------- -------    ------- -------    ------- -------    ----
   1 !  507.1   0.0  2.1e-156  7.8e-153       1     418 []       1     433 [.       1     433 [. 0.97



Internal pipeline statistics summary:
-------------------------------------
Query model(s):                            1  (418 nodes)
Target sequences:                       3757  (1152400 residues searched)
Passed MSV filter:                        98  (0.0260846); expected 75.1 (0.02)
Passed bias filter:                       76  (0.0202289); expected 75.1 (0.02)
Passed Vit filter:                        13  (0.00346021); expected 3.8 (0.001)
Passed Fwd filter:                         4  (0.00106468); expected 0.0 (1e-05)
Initial search space (Z):               3757  [actual number of targets]
Domain search space  (domZ):               1  [number of targets reported over threshold]
# CPU time: 0.05u 0.00s 00:00:00.05 Elapsed: 00:00:00.05
# Mc/sec: 8230.92
//
Query:       TIGR00416  [M=454]
Accession:   TIGR00416
Description: sms: DNA repair protein RadA
Scores for complete sequences (score includes all domains):
   --- full sequence ---   --- best 1 domain ---    -#dom-
    E-value  score  bias    E-value  score  bias    exp  N  Sequence              Description
    ------- ------ -----    ------- ------ -----   ---- --  --------              -----------
   7.1e-164  543.5   0.0   7.9e-164  543.4   0.0    1.0  1  NZ_LANJ01000011.1_605  # 578011 # 579411 # 1 # ID=3_605;partial=00;start_type=TTG;rbs_motif=GGAG/GAGG;rbs_spacer=5-10bp;gc_cont=0.654


Domain annotation for each sequence:
>> NZ_LANJ01000011.1_605  # 578011 # 579411 # 1 # ID=3_605;partial=00;start_type=TTG;rbs_motif=GGAG/GAGG;rbs_spacer=5-10bp;gc_cont=0.654
   #    score  bias  c-Evalue  i-Evalue hmmfrom  hmm to    alifrom  ali to    envfrom  env to     acc
 ---   ------ ----- --------- --------- ------- -------    ------- -------    ------- -------    ----
   1 !  543.4   0.0  2.1e-167  7.9e-164       1     444 [.       1     439 [.       1     449 [. 0.93



Internal pipeline statistics summary:
-------------------------------------
Query model(s):                            1  (454 nodes)
Target sequences:                       3757  (1152400 residues searched)
Passed MSV filter:                       194  (0.0516369); expected 75.1 (0.02)
Passed bias filter:                      175  (0.0465797); expected 75.1 (0.02)
Passed Vit filter:                        46  (0.0122438); expected 3.8 (0.001)
Passed Fwd filter:                         8  (0.00212936); expected 0.0 (1e-05)
Initial search space (Z):               3757  [actual number of targets]
Domain search space  (domZ):               1  [number of targets reported over threshold]
# CPU time: 0.07u 0.00s 00:00:00.07 Elapsed: 00:00:00.08
# Mc/sec: 6496.59
//
Query:       TIGR00420  [M=351]
Accession:   TIGR00420
Description: trmU: tRNA (5-methylaminomethyl-2-thiouridylate)-methyltransferase
Scores for complete sequences (score includes all domains):
   --- full sequence ---   --- best 1 domain ---    -#dom-
    E-value  score  bias    E-value  score  bias    exp  N  Sequence             Description
    ------- ------ -----    ------- ------ -----   ---- --  --------             -----------
    3.1e-96  320.0   0.0    3.5e-96  319.8   0.0    1.0  1  NZ_LANJ01000004.1_56  # 64589 # 65740 # -1 # ID=34_56;partial=00;start_type=ATG;rbs_motif=GGA/GAG/AGG;rbs_spacer=5-10bp;gc_cont=0.626


Domain annotation for each sequence:
>> NZ_LANJ01000004.1_56  # 64589 # 65740 # -1 # ID=34_56;partial=00;start_type=ATG;rbs_motif=GGA/GAG/AGG;rbs_spacer=5-10bp;gc_cont=0.626
   #    score  bias  c-Evalue  i-Evalue hmmfrom  hmm to    alifrom  ali to    envfrom  env to     acc
 ---   ------ ----- --------- --------- ------- -------    ------- -------    ------- -------    ----
   1 !  319.8   0.0  9.3e-100   3.5e-96       2     351 .]      15     373 ..      14     373 .. 0.92



Internal pipeline statistics summary:
-------------------------------------
Query model(s):                            1  (351 nodes)
Target sequences:                       3757  (1152400 residues searched)
Passed MSV filter:                        54  (0.0143732); expected 75.1 (0.02)
Passed bias filter:                       53  (0.014107); expected 75.1 (0.02)
Passed Vit filter:                         8  (0.00212936); expected 3.8 (0.001)
Passed Fwd filter:                         3  (0.000798509); expected 0.0 (1e-05)
Initial search space (Z):               3757  [actual number of targets]
Domain search space  (domZ):               1  [number of targets reported over threshold]
# CPU time: 0.03u 0.00s 00:00:00.03 Elapsed: 00:00:00.04
# Mc/sec: 9918.31
//
Query:       TIGR00431  [M=210]
Accession:   TIGR00431
Description: TruB: tRNA pseudouridine(55) synthase
Scores for complete sequences (score includes all domains):
   --- full sequence ---   --- best 1 domain ---    -#dom-
    E-value  score  bias    E-value  score  bias    exp  N  Sequence              Description
    ------- ------ -----    ------- ------ -----   ---- --  --------              -----------
    5.8e-67  223.2   0.0    6.9e-67  222.9   0.0    1.1  1  NZ_LANJ01000016.1_306  # 306248 # 307150 # 1 # ID=8_306;partial=00;start_type=TTG;rbs_motif=AGGA/GGAG/GAGG;rbs_spacer=11-12bp;gc_cont=0.636


Domain annotation for each sequence:
>> NZ_LANJ01000016.1_306  # 306248 # 307150 # 1 # ID=8_306;partial=00;start_type=TTG;rbs_motif=AGGA/GGAG/GAGG;rbs_spacer=11-12bp;gc_cont=0.636
   #    score  bias  c-Evalue  i-Evalue hmmfrom  hmm to    alifrom  ali to    envfrom  env to     acc
 ---   ------ ----- --------- --------- ------- -------    ------- -------    ------- -------    ----
   1 !  222.9   0.0   1.8e-70   6.9e-67       2     210 .]      12     219 ..      11     219 .. 0.98



Internal pipeline statistics summary:
-------------------------------------
Query model(s):                            1  (210 nodes)
Target sequences:                       3757  (1152400 residues searched)
Passed MSV filter:                        62  (0.0165025); expected 75.1 (0.02)
Passed bias filter:                       56  (0.0149055); expected 75.1 (0.02)
Passed Vit filter:                         4  (0.00106468); expected 3.8 (0.001)
Passed Fwd filter:                         1  (0.00026617); expected 0.0 (1e-05)
Initial search space (Z):               3757  [actual number of targets]
Domain search space  (domZ):               1  [number of targets reported over threshold]
# CPU time: 0.02u 0.00s 00:00:00.02 Elapsed: 00:00:00.01
# Mc/sec: 18027.90
//
Query:       TIGR00435  [M=466]
Accession:   TIGR00435
Description: cysS: cysteine--tRNA ligase
Scores for complete sequences (score includes all domains):
   --- full sequence ---   --- best 1 domain ---    -#dom-
    E-value  score  bias    E-value  score  bias    exp  N  Sequence              Description
    ------- ------ -----    ------- ------ -----   ---- --  --------              -----------
   6.9e-133  441.8   0.0   9.9e-133  441.3   0.0    1.2  1  NZ_LANJ01000011.1_691  # 677504 # 678922 # 1 # ID=3_691;partial=00;start_type=ATG;rbs_motif=AGGA;rbs_spacer=5-10bp;gc_cont=0.626


Domain annotation for each sequence:
>> NZ_LANJ01000011.1_691  # 677504 # 678922 # 1 # ID=3_691;partial=00;start_type=ATG;rbs_motif=AGGA;rbs_spacer=5-10bp;gc_cont=0.626
   #    score  bias  c-Evalue  i-Evalue hmmfrom  hmm to    alifrom  ali to    envfrom  env to     acc
 ---   ------ ----- --------- --------- ------- -------    ------- -------    ------- -------    ----
   1 !  441.3   0.0  2.6e-136  9.9e-133       1     459 [.       6     458 ..       6     467 .. 0.91



Internal pipeline statistics summary:
-------------------------------------
Query model(s):                            1  (466 nodes)
Target sequences:                       3757  (1152400 residues searched)
Passed MSV filter:                        80  (0.0212936); expected 75.1 (0.02)
Passed bias filter:                       76  (0.0202289); expected 75.1 (0.02)
Passed Vit filter:                        13  (0.00346021); expected 3.8 (0.001)
Passed Fwd filter:                         7  (0.00186319); expected 0.0 (1e-05)
Initial search space (Z):               3757  [actual number of targets]
Domain search space  (domZ):               1  [number of targets reported over threshold]
# CPU time: 0.05u 0.01s 00:00:00.06 Elapsed: 00:00:00.07
# Mc/sec: 7333.75
//
Query:       TIGR00436  [M=270]
Accession:   TIGR00436
Description: era: GTP-binding protein Era
Scores for complete sequences (score includes all domains):
   --- full sequence ---   --- best 1 domain ---    -#dom-
    E-value  score  bias    E-value  score  bias    exp  N  Sequence              Description
    ------- ------ -----    ------- ------ -----   ---- --  --------              -----------
    2.2e-74  247.9   0.0    2.5e-74  247.8   0.0    1.0  1  NZ_LANJ01000011.1_523  # 494452 # 495375 # -1 # ID=3_523;partial=00;start_type=ATG;rbs_motif=AGGA;rbs_spacer=5-10bp;gc_cont=0.589
    9.1e-38  127.8   0.0    3.9e-19   66.7   0.0    2.1  0  NZ_LANJ01000011.1_611  # 585091 # 586548 # -1 # ID=3_611;partial=00;start_type=ATG;rbs_motif=GGA/GAG/AGG;rbs_spacer=5-10bp;gc_cont=0.621


Domain annotation for each sequence:
>> NZ_LANJ01000011.1_523  # 494452 # 495375 # -1 # ID=3_523;partial=00;start_type=ATG;rbs_motif=AGGA;rbs_spacer=5-10bp;gc_cont=0.589
   #    score  bias  c-Evalue  i-Evalue hmmfrom  hmm to    alifrom  ali to    envfrom  env to     acc
 ---   ------ ----- --------- --------- ------- -------    ------- -------    ------- -------    ----
   1 !  247.8   0.0   1.3e-77   2.5e-74       1     270 []      13     283 ..      13     283 .. 0.99

>> NZ_LANJ01000011.1_611  # 585091 # 586548 # -1 # ID=3_611;partial=00;start_type=ATG;rbs_motif=GGA/GAG/AGG;rbs_spacer=5-10bp;gc_cont=0.621
   [No individual domains that satisfy reporting thresholds (although complete target did)]



Internal pipeline statistics summary:
-------------------------------------
Query model(s):                            1  (270 nodes)
Target sequences:                       3757  (1152400 residues searched)
Passed MSV filter:                       214  (0.0569603); expected 75.1 (0.02)
Passed bias filter:                      208  (0.0553633); expected 75.1 (0.02)
Passed Vit filter:                       115  (0.0306095); expected 3.8 (0.001)
Passed Fwd filter:                        13  (0.00346021); expected 0.0 (1e-05)
Initial search space (Z):               3757  [actual number of targets]
Domain search space  (domZ):               2  [number of targets reported over threshold]
# CPU time: 0.07u 0.00s 00:00:00.07 Elapsed: 00:00:00.07
# Mc/sec: 4386.36
//
Query:       TIGR00442  [M=406]
Accession:   TIGR00442
Description: hisS: histidine--tRNA ligase
Scores for complete sequences (score includes all domains):
   --- full sequence ---   --- best 1 domain ---    -#dom-
    E-value  score  bias    E-value  score  bias    exp  N  Sequence              Description
    ------- ------ -----    ------- ------ -----   ---- --  --------              -----------
   7.3e-113  375.3   0.0   8.9e-113  375.0   0.0    1.1  1  NZ_LANJ01000046.1_153  # 164462 # 165961 # 1 # ID=41_153;partial=00;start_type=ATG;rbs_motif=AGGA;rbs_spacer=5-10bp;gc_cont=0.621


Domain annotation for each sequence:
>> NZ_LANJ01000046.1_153  # 164462 # 165961 # 1 # ID=41_153;partial=00;start_type=ATG;rbs_motif=AGGA;rbs_spacer=5-10bp;gc_cont=0.621
   #    score  bias  c-Evalue  i-Evalue hmmfrom  hmm to    alifrom  ali to    envfrom  env to     acc
 ---   ------ ----- --------- --------- ------- -------    ------- -------    ------- -------    ----
   1 !  375.0   0.0  2.4e-116  8.9e-113       2     405 ..      12     465 ..      11     466 .. 0.91



Internal pipeline statistics summary:
-------------------------------------
Query model(s):                            1  (406 nodes)
Target sequences:                       3757  (1152400 residues searched)
Passed MSV filter:                        88  (0.0234229); expected 75.1 (0.02)
Passed bias filter:                       78  (0.0207612); expected 75.1 (0.02)
Passed Vit filter:                        15  (0.00399255); expected 3.8 (0.001)
Passed Fwd filter:                         6  (0.00159702); expected 0.0 (1e-05)
Initial search space (Z):               3757  [actual number of targets]
Domain search space  (domZ):               1  [number of targets reported over threshold]
# CPU time: 0.05u 0.00s 00:00:00.05 Elapsed: 00:00:00.06
# Mc/sec: 7720.17
//
Query:       TIGR00445  [M=321]
Accession:   TIGR00445
Description: mraY: phospho-N-acetylmuramoyl-pentapeptide-transferase
Scores for complete sequences (score includes all domains):
   --- full sequence ---   --- best 1 domain ---    -#dom-
    E-value  score  bias    E-value  score  bias    exp  N  Sequence              Description
    ------- ------ -----    ------- ------ -----   ---- --  --------              -----------
   1.8e-121  403.2  12.8   2.2e-121  403.0  12.8    1.0  1  NZ_LANJ01000045.1_166  # 178699 # 179784 # -1 # ID=40_166;partial=00;start_type=ATG;rbs_motif=AGGA/GGAG/GAGG;rbs_spacer=11-12bp;gc_cont=0.611


Domain annotation for each sequence:
>> NZ_LANJ01000045.1_166  # 178699 # 179784 # -1 # ID=40_166;partial=00;start_type=ATG;rbs_motif=AGGA/GGAG/GAGG;rbs_spacer=11-12bp;gc_cont=0.611
   #    score  bias  c-Evalue  i-Evalue hmmfrom  hmm to    alifrom  ali to    envfrom  env to     acc
 ---   ------ ----- --------- --------- ------- -------    ------- -------    ------- -------    ----
   1 !  403.0  12.8  5.7e-125  2.2e-121       3     321 .]      38     361 ..      36     361 .. 0.95



Internal pipeline statistics summary:
-------------------------------------
Query model(s):                            1  (321 nodes)
Target sequences:                       3757  (1152400 residues searched)
Passed MSV filter:                       154  (0.0409902); expected 75.1 (0.02)
Passed bias filter:                       39  (0.0103806); expected 75.1 (0.02)
Passed Vit filter:                         4  (0.00106468); expected 3.8 (0.001)
Passed Fwd filter:                         1  (0.00026617); expected 0.0 (1e-05)
Initial search space (Z):               3757  [actual number of targets]
Domain search space  (domZ):               1  [number of targets reported over threshold]
# CPU time: 0.03u 0.00s 00:00:00.03 Elapsed: 00:00:00.03
# Mc/sec: 10479.80
//
Query:       TIGR00448  [M=179]
Accession:   TIGR00448
Description: rpoE: DNA-directed RNA polymerase
Scores for complete sequences (score includes all domains):
   --- full sequence ---   --- best 1 domain ---    -#dom-
    E-value  score  bias    E-value  score  bias    exp  N  Sequence Description
    ------- ------ -----    ------- ------ -----   ---- --  -------- -----------

   [No hits detected that satisfy reporting thresholds]


Domain annotation for each sequence:

   [No targets detected that satisfy reporting thresholds]


Internal pipeline statistics summary:
-------------------------------------
Query model(s):                            1  (179 nodes)
Target sequences:                       3757  (1152400 residues searched)
Passed MSV filter:                        87  (0.0231568); expected 75.1 (0.02)
Passed bias filter:                       80  (0.0212936); expected 75.1 (0.02)
Passed Vit filter:                         9  (0.00239553); expected 3.8 (0.001)
Passed Fwd filter:                         4  (0.00106468); expected 0.0 (1e-05)
Initial search space (Z):               3757  [actual number of targets]
Domain search space  (domZ):               0  [number of targets reported over threshold]
# CPU time: 0.03u 0.00s 00:00:00.03 Elapsed: 00:00:00.04
# Mc/sec: 4609.70
//
Query:       TIGR00456  [M=569]
Accession:   TIGR00456
Description: argS: arginine--tRNA ligase
Scores for complete sequences (score includes all domains):
   --- full sequence ---   --- best 1 domain ---    -#dom-
    E-value  score  bias    E-value  score  bias    exp  N  Sequence              Description
    ------- ------ -----    ------- ------ -----   ---- --  --------              -----------
   9.9e-111  368.5   0.0   3.1e-110  366.9   0.0    1.7  1  NZ_LANJ01000011.1_305  # 314263 # 316008 # -1 # ID=3_305;partial=00;start_type=ATG;rbs_motif=GGA/GAG/AGG;rbs_spacer=5-10bp;gc_cont=0.609


Domain annotation for each sequence:
>> NZ_LANJ01000011.1_305  # 314263 # 316008 # -1 # ID=3_305;partial=00;start_type=ATG;rbs_motif=GGA/GAG/AGG;rbs_spacer=5-10bp;gc_cont=0.609
   #    score  bias  c-Evalue  i-Evalue hmmfrom  hmm to    alifrom  ali to    envfrom  env to     acc
 ---   ------ ----- --------- --------- ------- -------    ------- -------    ------- -------    ----
   1 !  366.9   0.0  8.3e-114  3.1e-110       8     568 ..      14     579 ..       7     580 .. 0.89



Internal pipeline statistics summary:
-------------------------------------
Query model(s):                            1  (569 nodes)
Target sequences:                       3757  (1152400 residues searched)
Passed MSV filter:                        80  (0.0212936); expected 75.1 (0.02)
Passed bias filter:                       72  (0.0191642); expected 75.1 (0.02)
Passed Vit filter:                        11  (0.00292787); expected 3.8 (0.001)
Passed Fwd filter:                         3  (0.000798509); expected 0.0 (1e-05)
Initial search space (Z):               3757  [actual number of targets]
Domain search space  (domZ):               1  [number of targets reported over threshold]
# CPU time: 0.07u 0.00s 00:00:00.07 Elapsed: 00:00:00.08
# Mc/sec: 7288.52
//
Query:       TIGR00459  [M=586]
Accession:   TIGR00459
Description: aspS_bact: aspartate--tRNA ligase
Scores for complete sequences (score includes all domains):
   --- full sequence ---   --- best 1 domain ---    -#dom-
    E-value  score  bias    E-value  score  bias    exp  N  Sequence             Description
    ------- ------ -----    ------- ------ -----   ---- --  --------             -----------
   1.6e-178  592.4   0.0     2e-178  592.1   0.0    1.0  1  NZ_LANJ01000011.1_26  # 22827 # 24620 # 1 # ID=3_26;partial=00;start_type=ATG;rbs_motif=GGA/GAG/AGG;rbs_spacer=5-10bp;gc_cont=0.611


Domain annotation for each sequence:
>> NZ_LANJ01000011.1_26  # 22827 # 24620 # 1 # ID=3_26;partial=00;start_type=ATG;rbs_motif=GGA/GAG/AGG;rbs_spacer=5-10bp;gc_cont=0.611
   #    score  bias  c-Evalue  i-Evalue hmmfrom  hmm to    alifrom  ali to    envfrom  env to     acc
 ---   ------ ----- --------- --------- ------- -------    ------- -------    ------- -------    ----
   1 !  592.1   0.0  5.4e-182    2e-178       3     582 ..       7     591 ..       5     596 .. 0.96



Internal pipeline statistics summary:
-------------------------------------
Query model(s):                            1  (586 nodes)
Target sequences:                       3757  (1152400 residues searched)
Passed MSV filter:                        65  (0.017301); expected 75.1 (0.02)
Passed bias filter:                       57  (0.0151717); expected 75.1 (0.02)
Passed Vit filter:                        10  (0.0026617); expected 3.8 (0.001)
Passed Fwd filter:                         2  (0.00053234); expected 0.0 (1e-05)
Initial search space (Z):               3757  [actual number of targets]
Domain search space  (domZ):               1  [number of targets reported over threshold]
# CPU time: 0.05u 0.01s 00:00:00.06 Elapsed: 00:00:00.04
# Mc/sec: 14911.67
//
Query:       TIGR00460  [M=315]
Accession:   TIGR00460
Description: fmt: methionyl-tRNA formyltransferase
Scores for complete sequences (score includes all domains):
   --- full sequence ---   --- best 1 domain ---    -#dom-
    E-value  score  bias    E-value  score  bias    exp  N  Sequence              Description
    ------- ------ -----    ------- ------ -----   ---- --  --------              -----------
    4.5e-78  260.2   0.0    5.5e-78  260.0   0.0    1.0  1  NZ_LANJ01000016.1_653  # 670021 # 670941 # -1 # ID=8_653;partial=00;start_type=ATG;rbs_motif=AGGAG;rbs_spacer=5-10bp;gc_cont=0.651


Domain annotation for each sequence:
>> NZ_LANJ01000016.1_653  # 670021 # 670941 # -1 # ID=8_653;partial=00;start_type=ATG;rbs_motif=AGGAG;rbs_spacer=5-10bp;gc_cont=0.651
   #    score  bias  c-Evalue  i-Evalue hmmfrom  hmm to    alifrom  ali to    envfrom  env to     acc
 ---   ------ ----- --------- --------- ------- -------    ------- -------    ------- -------    ----
   1 !  260.0   0.0   1.5e-81   5.5e-78       1     304 [.       1     298 [.       1     302 [. 0.95



Internal pipeline statistics summary:
-------------------------------------
Query model(s):                            1  (315 nodes)
Target sequences:                       3757  (1152400 residues searched)
Passed MSV filter:                        65  (0.017301); expected 75.1 (0.02)
Passed bias filter:                       63  (0.0167687); expected 75.1 (0.02)
Passed Vit filter:                         5  (0.00133085); expected 3.8 (0.001)
Passed Fwd filter:                         3  (0.000798509); expected 0.0 (1e-05)
Initial search space (Z):               3757  [actual number of targets]
Domain search space  (domZ):               1  [number of targets reported over threshold]
# CPU time: 0.02u 0.00s 00:00:00.02 Elapsed: 00:00:00.03
# Mc/sec: 11540.21
//
Query:       TIGR00468  [M=324]
Accession:   TIGR00468
Description: pheS: phenylalanine--tRNA ligase, alpha subunit
Scores for complete sequences (score includes all domains):
   --- full sequence ---   --- best 1 domain ---    -#dom-
    E-value  score  bias    E-value  score  bias    exp  N  Sequence              Description
    ------- ------ -----    ------- ------ -----   ---- --  --------              -----------
    4.9e-96  319.5   0.0    1.5e-94  314.6   0.0    2.2  1  NZ_LANJ01000016.1_219  # 225219 # 226349 # -1 # ID=8_219;partial=00;start_type=ATG;rbs_motif=GGA/GAG/AGG;rbs_spacer=5-10bp;gc_cont=0.617


Domain annotation for each sequence:
>> NZ_LANJ01000016.1_219  # 225219 # 226349 # -1 # ID=8_219;partial=00;start_type=ATG;rbs_motif=GGA/GAG/AGG;rbs_spacer=5-10bp;gc_cont=0.617
   #    score  bias  c-Evalue  i-Evalue hmmfrom  hmm to    alifrom  ali to    envfrom  env to     acc
 ---   ------ ----- --------- --------- ------- -------    ------- -------    ------- -------    ----
   1 !  314.6   0.0   3.9e-98   1.5e-94       9     321 ..      48     359 ..      40     361 .. 0.92



Internal pipeline statistics summary:
-------------------------------------
Query model(s):                            1  (324 nodes)
Target sequences:                       3757  (1152400 residues searched)
Passed MSV filter:                        65  (0.017301); expected 75.1 (0.02)
Passed bias filter:                       61  (0.0162364); expected 75.1 (0.02)
Passed Vit filter:                        12  (0.00319404); expected 3.8 (0.001)
Passed Fwd filter:                         2  (0.00053234); expected 0.0 (1e-05)
Initial search space (Z):               3757  [actual number of targets]
Domain search space  (domZ):               1  [number of targets reported over threshold]
# CPU time: 0.04u 0.00s 00:00:00.04 Elapsed: 00:00:00.04
# Mc/sec: 8206.72
//
Query:       TIGR00472  [M=798]
Accession:   TIGR00472
Description: pheT_bact: phenylalanine--tRNA ligase, beta subunit
Scores for complete sequences (score includes all domains):
   --- full sequence ---   --- best 1 domain ---    -#dom-
    E-value  score  bias    E-value  score  bias    exp  N  Sequence              Description
    ------- ------ -----    ------- ------ -----   ---- --  --------              -----------
   1.5e-213  709.1   0.0   1.7e-213  708.9   0.0    1.0  1  NZ_LANJ01000016.1_217  # 221734 # 224157 # -1 # ID=8_217;partial=00;start_type=ATG;rbs_motif=GGA/GAG/AGG;rbs_spacer=5-10bp;gc_cont=0.646


Domain annotation for each sequence:
>> NZ_LANJ01000016.1_217  # 221734 # 224157 # -1 # ID=8_217;partial=00;start_type=ATG;rbs_motif=GGA/GAG/AGG;rbs_spacer=5-10bp;gc_cont=0.646
   #    score  bias  c-Evalue  i-Evalue hmmfrom  hmm to    alifrom  ali to    envfrom  env to     acc
 ---   ------ ----- --------- --------- ------- -------    ------- -------    ------- -------    ----
   1 !  708.9   0.0  4.5e-217  1.7e-213       1     798 []       1     806 [.       1     806 [. 0.94



Internal pipeline statistics summary:
-------------------------------------
Query model(s):                            1  (798 nodes)
Target sequences:                       3757  (1152400 residues searched)
Passed MSV filter:                        57  (0.0151717); expected 75.1 (0.02)
Passed bias filter:                       55  (0.0146393); expected 75.1 (0.02)
Passed Vit filter:                         7  (0.00186319); expected 3.8 (0.001)
Passed Fwd filter:                         1  (0.00026617); expected 0.0 (1e-05)
Initial search space (Z):               3757  [actual number of targets]
Domain search space  (domZ):               1  [number of targets reported over threshold]
# CPU time: 0.07u 0.00s 00:00:00.07 Elapsed: 00:00:00.06
# Mc/sec: 13600.22
//
Query:       TIGR00483  [M=427]
Accession:   TIGR00483
Description: EF-1_alpha: translation elongation factor EF-1, subunit alpha
Scores for complete sequences (score includes all domains):
   --- full sequence ---   --- best 1 domain ---    -#dom-
    E-value  score  bias    E-value  score  bias    exp  N  Sequence Description
    ------- ------ -----    ------- ------ -----   ---- --  -------- -----------

   [No hits detected that satisfy reporting thresholds]


Domain annotation for each sequence:

   [No targets detected that satisfy reporting thresholds]


Internal pipeline statistics summary:
-------------------------------------
Query model(s):                            1  (427 nodes)
Target sequences:                       3757  (1152400 residues searched)
Passed MSV filter:                        86  (0.0228906); expected 75.1 (0.02)
Passed bias filter:                       72  (0.0191642); expected 75.1 (0.02)
Passed Vit filter:                        10  (0.0026617); expected 3.8 (0.001)
Passed Fwd filter:                         8  (0.00212936); expected 0.0 (1e-05)
Initial search space (Z):               3757  [actual number of targets]
Domain search space  (domZ):               0  [number of targets reported over threshold]
# CPU time: 0.07u 0.02s 00:00:00.09 Elapsed: 00:00:00.09
# Mc/sec: 5271.76
//
Query:       TIGR00487  [M=587]
Accession:   TIGR00487
Description: IF-2: translation initiation factor IF-2
Scores for complete sequences (score includes all domains):
   --- full sequence ---   --- best 1 domain ---    -#dom-
    E-value  score  bias    E-value  score  bias    exp  N  Sequence              Description
    ------- ------ -----    ------- ------ -----   ---- --  --------              -----------
   7.4e-236  782.2  24.4     9e-236  781.9  24.4    1.1  1  NZ_LANJ01000016.1_171  # 171810 # 174659 # -1 # ID=8_171;partial=00;start_type=ATG;rbs_motif=GGA/GAG/AGG;rbs_spacer=11-12bp;gc_cont=0.642


Domain annotation for each sequence:
>> NZ_LANJ01000016.1_171  # 171810 # 174659 # -1 # ID=8_171;partial=00;start_type=ATG;rbs_motif=GGA/GAG/AGG;rbs_spacer=11-12bp;gc_cont=0.642
   #    score  bias  c-Evalue  i-Evalue hmmfrom  hmm to    alifrom  ali to    envfrom  env to     acc
 ---   ------ ----- --------- --------- ------- -------    ------- -------    ------- -------    ----
   1 !  781.9  24.4  2.4e-239    9e-236       3     586 ..     366     949 ..     364     949 .. 0.98



Internal pipeline statistics summary:
-------------------------------------
Query model(s):                            1  (587 nodes)
Target sequences:                       3757  (1152400 residues searched)
Passed MSV filter:                       111  (0.0295448); expected 75.1 (0.02)
Passed bias filter:                       79  (0.0210274); expected 75.1 (0.02)
Passed Vit filter:                        18  (0.00479106); expected 3.8 (0.001)
Passed Fwd filter:                        11  (0.00292787); expected 0.0 (1e-05)
Initial search space (Z):               3757  [actual number of targets]
Domain search space  (domZ):               1  [number of targets reported over threshold]
# CPU time: 0.11u 0.00s 00:00:00.11 Elapsed: 00:00:00.10
# Mc/sec: 6671.33
//
Query:       TIGR00491  [M=594]
Accession:   TIGR00491
Description: aIF-2: translation initiation factor aIF-2
Scores for complete sequences (score includes all domains):
   --- full sequence ---   --- best 1 domain ---    -#dom-
    E-value  score  bias    E-value  score  bias    exp  N  Sequence Description
    ------- ------ -----    ------- ------ -----   ---- --  -------- -----------

   [No hits detected that satisfy reporting thresholds]


Domain annotation for each sequence:

   [No targets detected that satisfy reporting thresholds]


Internal pipeline statistics summary:
-------------------------------------
Query model(s):                            1  (594 nodes)
Target sequences:                       3757  (1152400 residues searched)
Passed MSV filter:                       104  (0.0276817); expected 75.1 (0.02)
Passed bias filter:                       87  (0.0231568); expected 75.1 (0.02)
Passed Vit filter:                        13  (0.00346021); expected 3.8 (0.001)
Passed Fwd filter:                         8  (0.00212936); expected 0.0 (1e-05)
Initial search space (Z):               3757  [actual number of targets]
Domain search space  (domZ):               0  [number of targets reported over threshold]
# CPU time: 0.09u 0.00s 00:00:00.09 Elapsed: 00:00:00.10
# Mc/sec: 6489.30
//
Query:       TIGR00496  [M=176]
Accession:   TIGR00496
Description: frr: ribosome recycling factor
Scores for complete sequences (score includes all domains):
   --- full sequence ---   --- best 1 domain ---    -#dom-
    E-value  score  bias    E-value  score  bias    exp  N  Sequence              Description
    ------- ------ -----    ------- ------ -----   ---- --  --------              -----------
    6.8e-62  205.9   0.7    7.6e-62  205.7   0.7    1.0  1  NZ_LANJ01000011.1_142  # 160870 # 161430 # -1 # ID=3_142;partial=00;start_type=ATG;rbs_motif=AGGA;rbs_spacer=5-10bp;gc_cont=0.601


Domain annotation for each sequence:
>> NZ_LANJ01000011.1_142  # 160870 # 161430 # -1 # ID=3_142;partial=00;start_type=ATG;rbs_motif=AGGA;rbs_spacer=5-10bp;gc_cont=0.601
   #    score  bias  c-Evalue  i-Evalue hmmfrom  hmm to    alifrom  ali to    envfrom  env to     acc
 ---   ------ ----- --------- --------- ------- -------    ------- -------    ------- -------    ----
   1 !  205.7   0.7     2e-65   7.6e-62       1     176 []      11     186 ..      11     186 .. 0.99



Internal pipeline statistics summary:
-------------------------------------
Query model(s):                            1  (176 nodes)
Target sequences:                       3757  (1152400 residues searched)
Passed MSV filter:                        58  (0.0154378); expected 75.1 (0.02)
Passed bias filter:                       46  (0.0122438); expected 75.1 (0.02)
Passed Vit filter:                         5  (0.00133085); expected 3.8 (0.001)
Passed Fwd filter:                         1  (0.00026617); expected 0.0 (1e-05)
Initial search space (Z):               3757  [actual number of targets]
Domain search space  (domZ):               1  [number of targets reported over threshold]
# CPU time: 0.02u 0.00s 00:00:00.02 Elapsed: 00:00:00.03
# Mc/sec: 6755.87
//
Query:       TIGR00522  [M=258]
Accession:   TIGR00522
Description: dph5: diphthine synthase
Scores for complete sequences (score includes all domains):
   --- full sequence ---   --- best 1 domain ---    -#dom-
    E-value  score  bias    E-value  score  bias    exp  N  Sequence Description
    ------- ------ -----    ------- ------ -----   ---- --  -------- -----------

   [No hits detected that satisfy reporting thresholds]


Domain annotation for each sequence:

   [No targets detected that satisfy reporting thresholds]


Internal pipeline statistics summary:
-------------------------------------
Query model(s):                            1  (258 nodes)
Target sequences:                       3757  (1152400 residues searched)
Passed MSV filter:                        68  (0.0180995); expected 75.1 (0.02)
Passed bias filter:                       64  (0.0170349); expected 75.1 (0.02)
Passed Vit filter:                         4  (0.00106468); expected 3.8 (0.001)
Passed Fwd filter:                         0  (0); expected 0.0 (1e-05)
Initial search space (Z):               3757  [actual number of targets]
Domain search space  (domZ):               0  [number of targets reported over threshold]
# CPU time: 0.02u 0.00s 00:00:00.02 Elapsed: 00:00:00.03
# Mc/sec: 8957.58
//
Query:       TIGR00539  [M=361]
Accession:   TIGR00539
Description: hemN_rel: putative oxygen-independent coproporphyrinogen III oxidase
Scores for complete sequences (score includes all domains):
   --- full sequence ---   --- best 1 domain ---    -#dom-
    E-value  score  bias    E-value  score  bias    exp  N  Sequence             Description
    ------- ------ -----    ------- ------ -----   ---- --  --------             -----------
    2.9e-86  287.5   0.0    3.6e-86  287.2   0.0    1.0  1  NZ_LANJ01000016.1_30  # 23456 # 24616 # 1 # ID=8_30;partial=00;start_type=ATG;rbs_motif=GGAG/GAGG;rbs_spacer=5-10bp;gc_cont=0.611


Domain annotation for each sequence:
>> NZ_LANJ01000016.1_30  # 23456 # 24616 # 1 # ID=8_30;partial=00;start_type=ATG;rbs_motif=GGAG/GAGG;rbs_spacer=5-10bp;gc_cont=0.611
   #    score  bias  c-Evalue  i-Evalue hmmfrom  hmm to    alifrom  ali to    envfrom  env to     acc
 ---   ------ ----- --------- --------- ------- -------    ------- -------    ------- -------    ----
   1 !  287.2   0.0   9.5e-90   3.6e-86       3     330 ..      12     347 ..      10     362 .. 0.92



Internal pipeline statistics summary:
-------------------------------------
Query model(s):                            1  (361 nodes)
Target sequences:                       3757  (1152400 residues searched)
Passed MSV filter:                        72  (0.0191642); expected 75.1 (0.02)
Passed bias filter:                       70  (0.0186319); expected 75.1 (0.02)
Passed Vit filter:                        15  (0.00399255); expected 3.8 (0.001)
Passed Fwd filter:                         4  (0.00106468); expected 0.0 (1e-05)
Initial search space (Z):               3757  [actual number of targets]
Domain search space  (domZ):               1  [number of targets reported over threshold]
# CPU time: 0.04u 0.00s 00:00:00.04 Elapsed: 00:00:00.04
# Mc/sec: 8335.43
//
Query:       TIGR00580  [M=923]
Accession:   TIGR00580
Description: mfd: transcription-repair coupling factor
Scores for complete sequences (score includes all domains):
   --- full sequence ---   --- best 1 domain ---    -#dom-
    E-value  score  bias    E-value  score  bias    exp  N  Sequence              Description
    ------- ------ -----    ------- ------ -----   ---- --  --------              -----------
          0 1017.4   0.0          0 1017.1   0.0    1.0  1  NZ_LANJ01000011.1_248  # 251984 # 255472 # -1 # ID=3_248;partial=00;start_type=ATG;rbs_motif=None;rbs_spacer=None;gc_cont=0.630


Domain annotation for each sequence:
>> NZ_LANJ01000011.1_248  # 251984 # 255472 # -1 # ID=3_248;partial=00;start_type=ATG;rbs_motif=None;rbs_spacer=None;gc_cont=0.630
   #    score  bias  c-Evalue  i-Evalue hmmfrom  hmm to    alifrom  ali to    envfrom  env to     acc
 ---   ------ ----- --------- --------- ------- -------    ------- -------    ------- -------    ----
   1 ! 1017.1   0.0         0         0       3     922 ..     151    1090 ..     149    1091 .. 0.92



Internal pipeline statistics summary:
-------------------------------------
Query model(s):                            1  (923 nodes)
Target sequences:                       3757  (1152400 residues searched)
Passed MSV filter:                       100  (0.026617); expected 75.1 (0.02)
Passed bias filter:                       72  (0.0191642); expected 75.1 (0.02)
Passed Vit filter:                        23  (0.00612191); expected 3.8 (0.001)
Passed Fwd filter:                         7  (0.00186319); expected 0.0 (1e-05)
Initial search space (Z):               3757  [actual number of targets]
Domain search space  (domZ):               1  [number of targets reported over threshold]
# CPU time: 0.13u 0.01s 00:00:00.14 Elapsed: 00:00:00.13
# Mc/sec: 7885.98
//
Query:       TIGR00593  [M=890]
Accession:   TIGR00593
Description: pola: DNA polymerase I
Scores for complete sequences (score includes all domains):
   --- full sequence ---   --- best 1 domain ---    -#dom-
    E-value  score  bias    E-value  score  bias    exp  N  Sequence              Description
    ------- ------ -----    ------- ------ -----   ---- --  --------              -----------
   1.1e-271  901.9   0.0   1.2e-271  901.7   0.0    1.0  1  NZ_LANJ01000016.1_348  # 351311 # 354229 # -1 # ID=8_348;partial=00;start_type=ATG;rbs_motif=GGA/GAG/AGG;rbs_spacer=5-10bp;gc_cont=0.630


Domain annotation for each sequence:
>> NZ_LANJ01000016.1_348  # 351311 # 354229 # -1 # ID=8_348;partial=00;start_type=ATG;rbs_motif=GGA/GAG/AGG;rbs_spacer=5-10bp;gc_cont=0.630
   #    score  bias  c-Evalue  i-Evalue hmmfrom  hmm to    alifrom  ali to    envfrom  env to     acc
 ---   ------ ----- --------- --------- ------- -------    ------- -------    ------- -------    ----
   1 !  901.7   0.0  3.3e-275  1.2e-271       1     890 []       3     972 ..       3     972 .. 0.88



Internal pipeline statistics summary:
-------------------------------------
Query model(s):                            1  (890 nodes)
Target sequences:                       3757  (1152400 residues searched)
Passed MSV filter:                       106  (0.028214); expected 75.1 (0.02)
Passed bias filter:                       73  (0.0194304); expected 75.1 (0.02)
Passed Vit filter:                         6  (0.00159702); expected 3.8 (0.001)
Passed Fwd filter:                         2  (0.00053234); expected 0.0 (1e-05)
Initial search space (Z):               3757  [actual number of targets]
Domain search space  (domZ):               1  [number of targets reported over threshold]
# CPU time: 0.09u 0.01s 00:00:00.10 Elapsed: 00:00:00.09
# Mc/sec: 10409.50
//
Query:       TIGR00615  [M=196]
Accession:   TIGR00615
Description: recR: recombination protein RecR
Scores for complete sequences (score includes all domains):
   --- full sequence ---   --- best 1 domain ---    -#dom-
    E-value  score  bias    E-value  score  bias    exp  N  Sequence              Description
    ------- ------ -----    ------- ------ -----   ---- --  --------              -----------
    3.1e-58  194.2   0.0    3.6e-58  194.0   0.0    1.0  1  NZ_LANJ01000016.1_657  # 673707 # 674300 # -1 # ID=8_657;partial=00;start_type=ATG;rbs_motif=GGA/GAG/AGG;rbs_spacer=11-12bp;gc_cont=0.650


Domain annotation for each sequence:
>> NZ_LANJ01000016.1_657  # 673707 # 674300 # -1 # ID=8_657;partial=00;start_type=ATG;rbs_motif=GGA/GAG/AGG;rbs_spacer=11-12bp;gc_cont=0.650
   #    score  bias  c-Evalue  i-Evalue hmmfrom  hmm to    alifrom  ali to    envfrom  env to     acc
 ---   ------ ----- --------- --------- ------- -------    ------- -------    ------- -------    ----
   1 !  194.0   0.0   9.5e-62   3.6e-58       5     195 ..       6     194 ..       3     195 .. 0.98



Internal pipeline statistics summary:
-------------------------------------
Query model(s):                            1  (196 nodes)
Target sequences:                       3757  (1152400 residues searched)
Passed MSV filter:                        80  (0.0212936); expected 75.1 (0.02)
Passed bias filter:                       73  (0.0194304); expected 75.1 (0.02)
Passed Vit filter:                         8  (0.00212936); expected 3.8 (0.001)
Passed Fwd filter:                         1  (0.00026617); expected 0.0 (1e-05)
Initial search space (Z):               3757  [actual number of targets]
Domain search space  (domZ):               1  [number of targets reported over threshold]
# CPU time: 0.02u 0.00s 00:00:00.02 Elapsed: 00:00:00.02
# Mc/sec: 9361.12
//
Query:       TIGR00631  [M=658]
Accession:   TIGR00631
Description: uvrb: excinuclease ABC subunit B
Scores for complete sequences (score includes all domains):
   --- full sequence ---   --- best 1 domain ---    -#dom-
    E-value  score  bias    E-value  score  bias    exp  N  Sequence              Description
    ------- ------ -----    ------- ------ -----   ---- --  --------              -----------
   4.3e-304 1007.6   0.1   6.9e-304 1006.9   0.1    1.3  1  NZ_LANJ01000045.1_235  # 244786 # 247407 # 1 # ID=40_235;partial=00;start_type=ATG;rbs_motif=None;rbs_spacer=None;gc_cont=0.622


Domain annotation for each sequence:
>> NZ_LANJ01000045.1_235  # 244786 # 247407 # 1 # ID=40_235;partial=00;start_type=ATG;rbs_motif=None;rbs_spacer=None;gc_cont=0.622
   #    score  bias  c-Evalue  i-Evalue hmmfrom  hmm to    alifrom  ali to    envfrom  env to     acc
 ---   ------ ----- --------- --------- ------- -------    ------- -------    ------- -------    ----
   1 ! 1006.9   0.1  1.8e-307  6.9e-304       2     658 .]     206     861 ..     205     861 .. 0.98



Internal pipeline statistics summary:
-------------------------------------
Query model(s):                            1  (658 nodes)
Target sequences:                       3757  (1152400 residues searched)
Passed MSV filter:                       141  (0.0375299); expected 75.1 (0.02)
Passed bias filter:                      121  (0.0322065); expected 75.1 (0.02)
Passed Vit filter:                        22  (0.00585574); expected 3.8 (0.001)
Passed Fwd filter:                        11  (0.00292787); expected 0.0 (1e-05)
Initial search space (Z):               3757  [actual number of targets]
Domain search space  (domZ):               1  [number of targets reported over threshold]
# CPU time: 0.10u 0.01s 00:00:00.11 Elapsed: 00:00:00.11
# Mc/sec: 6685.33
//
Query:       TIGR00634  [M=563]
Accession:   TIGR00634
Description: recN: DNA repair protein RecN
Scores for complete sequences (score includes all domains):
   --- full sequence ---   --- best 1 domain ---    -#dom-
    E-value  score  bias    E-value  score  bias    exp  N  Sequence              Description
    ------- ------ -----    ------- ------ -----   ---- --  --------              -----------
   1.2e-134  448.0  11.1   1.4e-134  447.8  11.1    1.0  1  NZ_LANJ01000045.1_156  # 165115 # 166785 # -1 # ID=40_156;partial=00;start_type=ATG;rbs_motif=GGA/GAG/AGG;rbs_spacer=5-10bp;gc_cont=0.642


Domain annotation for each sequence:
>> NZ_LANJ01000045.1_156  # 165115 # 166785 # -1 # ID=40_156;partial=00;start_type=ATG;rbs_motif=GGA/GAG/AGG;rbs_spacer=5-10bp;gc_cont=0.642
   #    score  bias  c-Evalue  i-Evalue hmmfrom  hmm to    alifrom  ali to    envfrom  env to     acc
 ---   ------ ----- --------- --------- ------- -------    ------- -------    ------- -------    ----
   1 !  447.8  11.1  3.7e-138  1.4e-134       1     562 [.       1     553 [.       1     554 [. 0.94



Internal pipeline statistics summary:
-------------------------------------
Query model(s):                            1  (563 nodes)
Target sequences:                       3757  (1152400 residues searched)
Passed MSV filter:                       243  (0.0646793); expected 75.1 (0.02)
Passed bias filter:                      170  (0.0452489); expected 75.1 (0.02)
Passed Vit filter:                        45  (0.0119776); expected 3.8 (0.001)
Passed Fwd filter:                         9  (0.00239553); expected 0.0 (1e-05)
Initial search space (Z):               3757  [actual number of targets]
Domain search space  (domZ):               1  [number of targets reported over threshold]
# CPU time: 0.08u 0.00s 00:00:00.08 Elapsed: 00:00:00.09
# Mc/sec: 6872.76
//
Query:       TIGR00635  [M=305]
Accession:   TIGR00635
Description: ruvB: Holliday junction DNA helicase RuvB
Scores for complete sequences (score includes all domains):
   --- full sequence ---   --- best 1 domain ---    -#dom-
    E-value  score  bias    E-value  score  bias    exp  N  Sequence              Description
    ------- ------ -----    ------- ------ -----   ---- --  --------              -----------
   4.4e-135  447.3   0.0   5.1e-135  447.1   0.0    1.0  1  NZ_LANJ01000004.1_123  # 132723 # 133760 # -1 # ID=34_123;partial=00;start_type=TTG;rbs_motif=GGAG/GAGG;rbs_spacer=5-10bp;gc_cont=0.645


Domain annotation for each sequence:
>> NZ_LANJ01000004.1_123  # 132723 # 133760 # -1 # ID=34_123;partial=00;start_type=TTG;rbs_motif=GGAG/GAGG;rbs_spacer=5-10bp;gc_cont=0.645
   #    score  bias  c-Evalue  i-Evalue hmmfrom  hmm to    alifrom  ali to    envfrom  env to     acc
 ---   ------ ----- --------- --------- ------- -------    ------- -------    ------- -------    ----
   1 !  447.1   0.0  1.3e-138  5.1e-135       3     304 ..      24     325 ..      22     326 .. 0.99



Internal pipeline statistics summary:
-------------------------------------
Query model(s):                            1  (305 nodes)
Target sequences:                       3757  (1152400 residues searched)
Passed MSV filter:                       245  (0.0652116); expected 75.1 (0.02)
Passed bias filter:                      208  (0.0553633); expected 75.1 (0.02)
Passed Vit filter:                        83  (0.0220921); expected 3.8 (0.001)
Passed Fwd filter:                        15  (0.00399255); expected 0.0 (1e-05)
Initial search space (Z):               3757  [actual number of targets]
Domain search space  (domZ):               1  [number of targets reported over threshold]
# CPU time: 0.09u 0.00s 00:00:00.09 Elapsed: 00:00:00.10
# Mc/sec: 3409.79
//
Query:       TIGR00643  [M=629]
Accession:   TIGR00643
Description: recG: ATP-dependent DNA helicase RecG
Scores for complete sequences (score includes all domains):
   --- full sequence ---   --- best 1 domain ---    -#dom-
    E-value  score  bias    E-value  score  bias    exp  N  Sequence              Description
    ------- ------ -----    ------- ------ -----   ---- --  --------              -----------
   3.2e-194  644.9   0.0   3.9e-194  644.6   0.0    1.0  1  NZ_LANJ01000011.1_250  # 256053 # 258161 # 1 # ID=3_250;partial=00;start_type=GTG;rbs_motif=AGGAG;rbs_spacer=5-10bp;gc_cont=0.628


Domain annotation for each sequence:
>> NZ_LANJ01000011.1_250  # 256053 # 258161 # 1 # ID=3_250;partial=00;start_type=GTG;rbs_motif=AGGAG;rbs_spacer=5-10bp;gc_cont=0.628
   #    score  bias  c-Evalue  i-Evalue hmmfrom  hmm to    alifrom  ali to    envfrom  env to     acc
 ---   ------ ----- --------- --------- ------- -------    ------- -------    ------- -------    ----
   1 !  644.6   0.0    1e-197  3.9e-194       8     629 .]      44     665 ..      40     665 .. 0.95



Internal pipeline statistics summary:
-------------------------------------
Query model(s):                            1  (629 nodes)
Target sequences:                       3757  (1152400 residues searched)
Passed MSV filter:                       117  (0.0311419); expected 75.1 (0.02)
Passed bias filter:                      105  (0.0279478); expected 75.1 (0.02)
Passed Vit filter:                        22  (0.00585574); expected 3.8 (0.001)
Passed Fwd filter:                         8  (0.00212936); expected 0.0 (1e-05)
Initial search space (Z):               3757  [actual number of targets]
Domain search space  (domZ):               1  [number of targets reported over threshold]
# CPU time: 0.10u 0.01s 00:00:00.11 Elapsed: 00:00:00.11
# Mc/sec: 6294.22
//
Query:       TIGR00663  [M=367]
Accession:   TIGR00663
Description: dnan: DNA polymerase III, beta subunit
Scores for complete sequences (score includes all domains):
   --- full sequence ---   --- best 1 domain ---    -#dom-
    E-value  score  bias    E-value  score  bias    exp  N  Sequence              Description
    ------- ------ -----    ------- ------ -----   ---- --  --------              -----------
    2.5e-92  307.4   0.0    2.8e-92  307.2   0.0    1.0  1  NZ_LANJ01000016.1_256  # 262853 # 263974 # -1 # ID=8_256;partial=00;start_type=ATG;rbs_motif=GGA/GAG/AGG;rbs_spacer=5-10bp;gc_cont=0.618


Domain annotation for each sequence:
>> NZ_LANJ01000016.1_256  # 262853 # 263974 # -1 # ID=8_256;partial=00;start_type=ATG;rbs_motif=GGA/GAG/AGG;rbs_spacer=5-10bp;gc_cont=0.618
   #    score  bias  c-Evalue  i-Evalue hmmfrom  hmm to    alifrom  ali to    envfrom  env to     acc
 ---   ------ ----- --------- --------- ------- -------    ------- -------    ------- -------    ----
   1 !  307.2   0.0   7.3e-96   2.8e-92       1     366 [.       1     372 [.       1     373 [. 0.96



Internal pipeline statistics summary:
-------------------------------------
Query model(s):                            1  (367 nodes)
Target sequences:                       3757  (1152400 residues searched)
Passed MSV filter:                        56  (0.0149055); expected 75.1 (0.02)
Passed bias filter:                       50  (0.0133085); expected 75.1 (0.02)
Passed Vit filter:                         5  (0.00133085); expected 3.8 (0.001)
Passed Fwd filter:                         1  (0.00026617); expected 0.0 (1e-05)
Initial search space (Z):               3757  [actual number of targets]
Domain search space  (domZ):               1  [number of targets reported over threshold]
# CPU time: 0.02u 0.00s 00:00:00.02 Elapsed: 00:00:00.02
# Mc/sec: 15446.66
//
Query:       TIGR00717  [M=516]
Accession:   TIGR00717
Description: rpsA: ribosomal protein bS1
Scores for complete sequences (score includes all domains):
   --- full sequence ---   --- best 1 domain ---    -#dom-
    E-value  score  bias    E-value  score  bias    exp  N  Sequence              Description
    ------- ------ -----    ------- ------ -----   ---- --  --------              -----------
   1.9e-189  628.2  13.6   2.1e-189  628.0  13.6    1.0  1  NZ_LANJ01000016.1_200  # 199790 # 201502 # 1 # ID=8_200;partial=00;start_type=TTG;rbs_motif=GGAG/GAGG;rbs_spacer=5-10bp;gc_cont=0.576


Domain annotation for each sequence:
>> NZ_LANJ01000016.1_200  # 199790 # 201502 # 1 # ID=8_200;partial=00;start_type=TTG;rbs_motif=GGAG/GAGG;rbs_spacer=5-10bp;gc_cont=0.576
   #    score  bias  c-Evalue  i-Evalue hmmfrom  hmm to    alifrom  ali to    envfrom  env to     acc
 ---   ------ ----- --------- --------- ------- -------    ------- -------    ------- -------    ----
   1 !  628.0  13.6  5.7e-193  2.1e-189       1     516 []       9     533 ..       9     533 .. 0.97



Internal pipeline statistics summary:
-------------------------------------
Query model(s):                            1  (516 nodes)
Target sequences:                       3757  (1152400 residues searched)
Passed MSV filter:                       107  (0.0284802); expected 75.1 (0.02)
Passed bias filter:                       96  (0.0255523); expected 75.1 (0.02)
Passed Vit filter:                        13  (0.00346021); expected 3.8 (0.001)
Passed Fwd filter:                         5  (0.00133085); expected 0.0 (1e-05)
Initial search space (Z):               3757  [actual number of targets]
Domain search space  (domZ):               1  [number of targets reported over threshold]
# CPU time: 0.06u 0.00s 00:00:00.06 Elapsed: 00:00:00.05
# Mc/sec: 10676.78
//
Query:       TIGR00755  [M=256]
Accession:   TIGR00755
Description: ksgA: ribosomal RNA small subunit methyltransferase A
Scores for complete sequences (score includes all domains):
   --- full sequence ---   --- best 1 domain ---    -#dom-
    E-value  score  bias    E-value  score  bias    exp  N  Sequence              Description
    ------- ------ -----    ------- ------ -----   ---- --  --------              -----------
    1.7e-67  225.1   0.0    1.9e-67  225.0   0.0    1.0  1  NZ_LANJ01000011.1_588  # 562887 # 563741 # 1 # ID=3_588;partial=00;start_type=ATG;rbs_motif=None;rbs_spacer=None;gc_cont=0.650


Domain annotation for each sequence:
>> NZ_LANJ01000011.1_588  # 562887 # 563741 # 1 # ID=3_588;partial=00;start_type=ATG;rbs_motif=None;rbs_spacer=None;gc_cont=0.650
   #    score  bias  c-Evalue  i-Evalue hmmfrom  hmm to    alifrom  ali to    envfrom  env to     acc
 ---   ------ ----- --------- --------- ------- -------    ------- -------    ------- -------    ----
   1 !  225.0   0.0   5.1e-71   1.9e-67       2     255 ..      20     275 ..      19     276 .. 0.96



Internal pipeline statistics summary:
-------------------------------------
Query model(s):                            1  (256 nodes)
Target sequences:                       3757  (1152400 residues searched)
Passed MSV filter:                        88  (0.0234229); expected 75.1 (0.02)
Passed bias filter:                       83  (0.0220921); expected 75.1 (0.02)
Passed Vit filter:                        15  (0.00399255); expected 3.8 (0.001)
Passed Fwd filter:                         6  (0.00159702); expected 0.0 (1e-05)
Initial search space (Z):               3757  [actual number of targets]
Domain search space  (domZ):               1  [number of targets reported over threshold]
# CPU time: 0.03u 0.00s 00:00:00.03 Elapsed: 00:00:00.03
# Mc/sec: 9261.05
//
Query:       TIGR00810  [M=73]
Accession:   TIGR00810
Description: secG: preprotein translocase, SecG subunit
Scores for complete sequences (score includes all domains):
   --- full sequence ---   --- best 1 domain ---    -#dom-
    E-value  score  bias    E-value  score  bias    exp  N  Sequence             Description
    ------- ------ -----    ------- ------ -----   ---- --  --------             -----------
    6.6e-18   62.3  11.0    9.4e-18   61.8  11.0    1.2  1  NZ_LANJ01000011.1_39  # 37884 # 38345 # 1 # ID=3_39;partial=00;start_type=ATG;rbs_motif=GGA/GAG/AGG;rbs_spacer=5-10bp;gc_cont=0.621


Domain annotation for each sequence:
>> NZ_LANJ01000011.1_39  # 37884 # 38345 # 1 # ID=3_39;partial=00;start_type=ATG;rbs_motif=GGA/GAG/AGG;rbs_spacer=5-10bp;gc_cont=0.621
   #    score  bias  c-Evalue  i-Evalue hmmfrom  hmm to    alifrom  ali to    envfrom  env to     acc
 ---   ------ ----- --------- --------- ------- -------    ------- -------    ------- -------    ----
   1 !   61.8  11.0   2.5e-21   9.4e-18       2      72 ..       3      70 ..       2      71 .. 0.92



Internal pipeline statistics summary:
-------------------------------------
Query model(s):                            1  (73 nodes)
Target sequences:                       3757  (1152400 residues searched)
Passed MSV filter:                       358  (0.0952888); expected 75.1 (0.02)
Passed bias filter:                       97  (0.0258185); expected 75.1 (0.02)
Passed Vit filter:                         9  (0.00239553); expected 3.8 (0.001)
Passed Fwd filter:                         2  (0.00053234); expected 0.0 (1e-05)
Initial search space (Z):               3757  [actual number of targets]
Domain search space  (domZ):               1  [number of targets reported over threshold]
# CPU time: 0.02u 0.00s 00:00:00.02 Elapsed: 00:00:00.01
# Mc/sec: 4230.15
//
Query:       TIGR00922  [M=172]
Accession:   TIGR00922
Description: nusG: transcription termination/antitermination factor NusG
Scores for complete sequences (score includes all domains):
   --- full sequence ---   --- best 1 domain ---    -#dom-
    E-value  score  bias    E-value  score  bias    exp  N  Sequence              Description
    ------- ------ -----    ------- ------ -----   ---- --  --------              -----------
    7.4e-69  228.7   4.0    8.3e-69  228.5   4.0    1.0  1  NZ_LANJ01000011.1_230  # 237681 # 238211 # -1 # ID=3_230;partial=00;start_type=ATG;rbs_motif=AGGAG/GGAGG;rbs_spacer=11-12bp;gc_cont=0.556


Domain annotation for each sequence:
>> NZ_LANJ01000011.1_230  # 237681 # 238211 # -1 # ID=3_230;partial=00;start_type=ATG;rbs_motif=AGGAG/GGAGG;rbs_spacer=11-12bp;gc_cont=0.556
   #    score  bias  c-Evalue  i-Evalue hmmfrom  hmm to    alifrom  ali to    envfrom  env to     acc
 ---   ------ ----- --------- --------- ------- -------    ------- -------    ------- -------    ----
   1 !  228.5   4.0   2.2e-72   8.3e-69       1     172 []       5     176 ..       5     176 .. 1.00



Internal pipeline statistics summary:
-------------------------------------
Query model(s):                            1  (172 nodes)
Target sequences:                       3757  (1152400 residues searched)
Passed MSV filter:                        62  (0.0165025); expected 75.1 (0.02)
Passed bias filter:                       55  (0.0146393); expected 75.1 (0.02)
Passed Vit filter:                         5  (0.00133085); expected 3.8 (0.001)
Passed Fwd filter:                         1  (0.00026617); expected 0.0 (1e-05)
Initial search space (Z):               3757  [actual number of targets]
Domain search space  (domZ):               1  [number of targets reported over threshold]
# CPU time: 0.02u 0.00s 00:00:00.02 Elapsed: 00:00:00.02
# Mc/sec: 7134.10
//
Query:       TIGR00928  [M=436]
Accession:   TIGR00928
Description: purB: adenylosuccinate lyase
Scores for complete sequences (score includes all domains):
   --- full sequence ---   --- best 1 domain ---    -#dom-
    E-value  score  bias    E-value  score  bias    exp  N  Sequence              Description
    ------- ------ -----    ------- ------ -----   ---- --  --------              -----------
   1.3e-145  483.3   0.3   1.4e-145  483.1   0.3    1.0  1  NZ_LANJ01000020.1_110  # 102117 # 103451 # 1 # ID=13_110;partial=00;start_type=ATG;rbs_motif=None;rbs_spacer=None;gc_cont=0.619


Domain annotation for each sequence:
>> NZ_LANJ01000020.1_110  # 102117 # 103451 # 1 # ID=13_110;partial=00;start_type=ATG;rbs_motif=None;rbs_spacer=None;gc_cont=0.619
   #    score  bias  c-Evalue  i-Evalue hmmfrom  hmm to    alifrom  ali to    envfrom  env to     acc
 ---   ------ ----- --------- --------- ------- -------    ------- -------    ------- -------    ----
   1 !  483.1   0.3  3.8e-149  1.4e-145       1     436 []       1     441 [.       1     441 [. 0.95



Internal pipeline statistics summary:
-------------------------------------
Query model(s):                            1  (436 nodes)
Target sequences:                       3757  (1152400 residues searched)
Passed MSV filter:                        68  (0.0180995); expected 75.1 (0.02)
Passed bias filter:                       57  (0.0151717); expected 75.1 (0.02)
Passed Vit filter:                         7  (0.00186319); expected 3.8 (0.001)
Passed Fwd filter:                         4  (0.00106468); expected 0.0 (1e-05)
Initial search space (Z):               3757  [actual number of targets]
Domain search space  (domZ):               1  [number of targets reported over threshold]
# CPU time: 0.05u 0.00s 00:00:00.05 Elapsed: 00:00:00.08
# Mc/sec: 5802.87
//
Query:       TIGR00959  [M=428]
Accession:   TIGR00959
Description: ffh: signal recognition particle protein
Scores for complete sequences (score includes all domains):
   --- full sequence ---   --- best 1 domain ---    -#dom-
    E-value  score  bias    E-value  score  bias    exp  N  Sequence              Description
    ------- ------ -----    ------- ------ -----   ---- --  --------              -----------
   2.2e-181  601.1  15.1     3e-181  600.6  15.1    1.2  1  NZ_LANJ01000047.1_119  # 124917 # 126497 # 1 # ID=42_119;partial=00;start_type=ATG;rbs_motif=AGGA;rbs_spacer=5-10bp;gc_cont=0.613


Domain annotation for each sequence:
>> NZ_LANJ01000047.1_119  # 124917 # 126497 # 1 # ID=42_119;partial=00;start_type=ATG;rbs_motif=AGGA;rbs_spacer=5-10bp;gc_cont=0.613
   #    score  bias  c-Evalue  i-Evalue hmmfrom  hmm to    alifrom  ali to    envfrom  env to     acc
 ---   ------ ----- --------- --------- ------- -------    ------- -------    ------- -------    ----
   1 !  600.6  15.1    8e-185    3e-181       1     428 []       2     429 ..       2     429 .. 1.00



Internal pipeline statistics summary:
-------------------------------------
Query model(s):                            1  (428 nodes)
Target sequences:                       3757  (1152400 residues searched)
Passed MSV filter:                       194  (0.0516369); expected 75.1 (0.02)
Passed bias filter:                      159  (0.042321); expected 75.1 (0.02)
Passed Vit filter:                        29  (0.00771892); expected 3.8 (0.001)
Passed Fwd filter:                         6  (0.00159702); expected 0.0 (1e-05)
Initial search space (Z):               3757  [actual number of targets]
Domain search space  (domZ):               1  [number of targets reported over threshold]
# CPU time: 0.05u 0.00s 00:00:00.05 Elapsed: 00:00:00.05
# Mc/sec: 8519.19
//
Query:       TIGR00963  [M=787]
Accession:   TIGR00963
Description: secA: preprotein translocase, SecA subunit
Scores for complete sequences (score includes all domains):
   --- full sequence ---   --- best 1 domain ---    -#dom-
    E-value  score  bias    E-value  score  bias    exp  N  Sequence             Description
    ------- ------ -----    ------- ------ -----   ---- --  --------             -----------
          0 1074.2   9.4          0 1074.0   9.4    1.0  1  NZ_LANJ01000044.1_16  # 14435 # 17149 # -1 # ID=39_16;partial=00;start_type=ATG;rbs_motif=AGGA;rbs_spacer=5-10bp;gc_cont=0.599


Domain annotation for each sequence:
>> NZ_LANJ01000044.1_16  # 14435 # 17149 # -1 # ID=39_16;partial=00;start_type=ATG;rbs_motif=AGGA;rbs_spacer=5-10bp;gc_cont=0.599
   #    score  bias  c-Evalue  i-Evalue hmmfrom  hmm to    alifrom  ali to    envfrom  env to     acc
 ---   ------ ----- --------- --------- ------- -------    ------- -------    ------- -------    ----
   1 ! 1074.0   9.4         0         0       1     786 [.      29     810 ..      29     811 .. 0.96



Internal pipeline statistics summary:
-------------------------------------
Query model(s):                            1  (787 nodes)
Target sequences:                       3757  (1152400 residues searched)
Passed MSV filter:                        83  (0.0220921); expected 75.1 (0.02)
Passed bias filter:                       69  (0.0183657); expected 75.1 (0.02)
Passed Vit filter:                        12  (0.00319404); expected 3.8 (0.001)
Passed Fwd filter:                         1  (0.00026617); expected 0.0 (1e-05)
Initial search space (Z):               3757  [actual number of targets]
Domain search space  (domZ):               1  [number of targets reported over threshold]
# CPU time: 0.08u 0.00s 00:00:00.08 Elapsed: 00:00:00.09
# Mc/sec: 9662.69
//
Query:       TIGR00964  [M=57]
Accession:   TIGR00964
Description: secE_bact: preprotein translocase, SecE subunit
Scores for complete sequences (score includes all domains):
   --- full sequence ---   --- best 1 domain ---    -#dom-
    E-value  score  bias    E-value  score  bias    exp  N  Sequence              Description
    ------- ------ -----    ------- ------ -----   ---- --  --------              -----------
    6.4e-20   68.6   2.9    7.2e-20   68.4   2.9    1.0  1  NZ_LANJ01000011.1_231  # 238252 # 238446 # -1 # ID=3_231;partial=00;start_type=ATG;rbs_motif=GGA/GAG/AGG;rbs_spacer=5-10bp;gc_cont=0.533


Domain annotation for each sequence:
>> NZ_LANJ01000011.1_231  # 238252 # 238446 # -1 # ID=3_231;partial=00;start_type=ATG;rbs_motif=GGA/GAG/AGG;rbs_spacer=5-10bp;gc_cont=0.533
   #    score  bias  c-Evalue  i-Evalue hmmfrom  hmm to    alifrom  ali to    envfrom  env to     acc
 ---   ------ ----- --------- --------- ------- -------    ------- -------    ------- -------    ----
   1 !   68.4   2.9   1.9e-23   7.2e-20       2      55 ..       7      60 ..       6      62 .. 0.95



Internal pipeline statistics summary:
-------------------------------------
Query model(s):                            1  (57 nodes)
Target sequences:                       3757  (1152400 residues searched)
Passed MSV filter:                       255  (0.0678733); expected 75.1 (0.02)
Passed bias filter:                      119  (0.0316742); expected 75.1 (0.02)
Passed Vit filter:                        10  (0.0026617); expected 3.8 (0.001)
Passed Fwd filter:                         2  (0.00053234); expected 0.0 (1e-05)
Initial search space (Z):               3757  [actual number of targets]
Domain search space  (domZ):               1  [number of targets reported over threshold]
# CPU time: 0.01u 0.01s 00:00:00.02 Elapsed: 00:00:00.05
# Mc/sec: 1295.57
//
Query:       TIGR00967  [M=414]
Accession:   TIGR00967
Description: 3a0501s007: preprotein translocase, SecY subunit
Scores for complete sequences (score includes all domains):
   --- full sequence ---   --- best 1 domain ---    -#dom-
    E-value  score  bias    E-value  score  bias    exp  N  Sequence              Description
    ------- ------ -----    ------- ------ -----   ---- --  --------              -----------
   2.2e-126  419.8  18.8   2.7e-126  419.5  18.8    1.0  1  NZ_LANJ01000011.1_197  # 210048 # 211385 # -1 # ID=3_197;partial=00;start_type=ATG;rbs_motif=GGAG/GAGG;rbs_spacer=5-10bp;gc_cont=0.582


Domain annotation for each sequence:
>> NZ_LANJ01000011.1_197  # 210048 # 211385 # -1 # ID=3_197;partial=00;start_type=ATG;rbs_motif=GGAG/GAGG;rbs_spacer=5-10bp;gc_cont=0.582
   #    score  bias  c-Evalue  i-Evalue hmmfrom  hmm to    alifrom  ali to    envfrom  env to     acc
 ---   ------ ----- --------- --------- ------- -------    ------- -------    ------- -------    ----
   1 !  419.5  18.8  7.1e-130  2.7e-126       2     414 .]      25     430 ..      24     430 .. 0.96



Internal pipeline statistics summary:
-------------------------------------
Query model(s):                            1  (414 nodes)
Target sequences:                       3757  (1152400 residues searched)
Passed MSV filter:                       206  (0.054831); expected 75.1 (0.02)
Passed bias filter:                       60  (0.0159702); expected 75.1 (0.02)
Passed Vit filter:                         3  (0.000798509); expected 3.8 (0.001)
Passed Fwd filter:                         1  (0.00026617); expected 0.0 (1e-05)
Initial search space (Z):               3757  [actual number of targets]
Domain search space  (domZ):               1  [number of targets reported over threshold]
# CPU time: 0.03u 0.00s 00:00:00.03 Elapsed: 00:00:00.03
# Mc/sec: 13560.80
//
Query:       TIGR00982  [M=139]
Accession:   TIGR00982
Description: uS12_E_A: ribosomal protein uS12
Scores for complete sequences (score includes all domains):
   --- full sequence ---   --- best 1 domain ---    -#dom-
    E-value  score  bias    E-value  score  bias    exp  N  Sequence Description
    ------- ------ -----    ------- ------ -----   ---- --  -------- -----------

   [No hits detected that satisfy reporting thresholds]


Domain annotation for each sequence:

   [No targets detected that satisfy reporting thresholds]


Internal pipeline statistics summary:
-------------------------------------
Query model(s):                            1  (139 nodes)
Target sequences:                       3757  (1152400 residues searched)
Passed MSV filter:                        84  (0.0223583); expected 75.1 (0.02)
Passed bias filter:                       74  (0.0196966); expected 75.1 (0.02)
Passed Vit filter:                         5  (0.00133085); expected 3.8 (0.001)
Passed Fwd filter:                         1  (0.00026617); expected 0.0 (1e-05)
Initial search space (Z):               3757  [actual number of targets]
Domain search space  (domZ):               0  [number of targets reported over threshold]
# CPU time: 0.02u 0.00s 00:00:00.02 Elapsed: 00:00:00.01
# Mc/sec: 12204.45
//
Query:       TIGR01008  [M=195]
Accession:   TIGR01008
Description: uS3_euk_arch: ribosomal protein uS3
Scores for complete sequences (score includes all domains):
   --- full sequence ---   --- best 1 domain ---    -#dom-
    E-value  score  bias    E-value  score  bias    exp  N  Sequence Description
    ------- ------ -----    ------- ------ -----   ---- --  -------- -----------

   [No hits detected that satisfy reporting thresholds]


Domain annotation for each sequence:

   [No targets detected that satisfy reporting thresholds]


Internal pipeline statistics summary:
-------------------------------------
Query model(s):                            1  (195 nodes)
Target sequences:                       3757  (1152400 residues searched)
Passed MSV filter:                       149  (0.0396593); expected 75.1 (0.02)
Passed bias filter:                      125  (0.0332712); expected 75.1 (0.02)
Passed Vit filter:                         8  (0.00212936); expected 3.8 (0.001)
Passed Fwd filter:                         1  (0.00026617); expected 0.0 (1e-05)
Initial search space (Z):               3757  [actual number of targets]
Domain search space  (domZ):               0  [number of targets reported over threshold]
# CPU time: 0.02u 0.00s 00:00:00.02 Elapsed: 00:00:00.02
# Mc/sec: 9084.95
//
Query:       TIGR01009  [M=212]
Accession:   TIGR01009
Description: rpsC_bact: ribosomal protein uS3
Scores for complete sequences (score includes all domains):
   --- full sequence ---   --- best 1 domain ---    -#dom-
    E-value  score  bias    E-value  score  bias    exp  N  Sequence              Description
    ------- ------ -----    ------- ------ -----   ---- --  --------              -----------
    2.2e-96  319.4   2.8    2.5e-96  319.2   2.8    1.0  1  NZ_LANJ01000011.1_211  # 216625 # 217365 # -1 # ID=3_211;partial=00;start_type=ATG;rbs_motif=AGGAG;rbs_spacer=5-10bp;gc_cont=0.615


Domain annotation for each sequence:
>> NZ_LANJ01000011.1_211  # 216625 # 217365 # -1 # ID=3_211;partial=00;start_type=ATG;rbs_motif=AGGAG;rbs_spacer=5-10bp;gc_cont=0.615
   #    score  bias  c-Evalue  i-Evalue hmmfrom  hmm to    alifrom  ali to    envfrom  env to     acc
 ---   ------ ----- --------- --------- ------- -------    ------- -------    ------- -------    ----
   1 !  319.2   2.8  6.6e-100   2.5e-96       1     210 [.       1     209 [.       1     211 [. 0.99



Internal pipeline statistics summary:
-------------------------------------
Query model(s):                            1  (212 nodes)
Target sequences:                       3757  (1152400 residues searched)
Passed MSV filter:                       101  (0.0268832); expected 75.1 (0.02)
Passed bias filter:                       81  (0.0215598); expected 75.1 (0.02)
Passed Vit filter:                         7  (0.00186319); expected 3.8 (0.001)
Passed Fwd filter:                         2  (0.00053234); expected 0.0 (1e-05)
Initial search space (Z):               3757  [actual number of targets]
Domain search space  (domZ):               1  [number of targets reported over threshold]
# CPU time: 0.02u 0.00s 00:00:00.02 Elapsed: 00:00:00.02
# Mc/sec: 10958.76
//
Query:       TIGR01011  [M=225]
Accession:   TIGR01011
Description: rpsB_bact: ribosomal protein uS2
Scores for complete sequences (score includes all domains):
   --- full sequence ---   --- best 1 domain ---    -#dom-
    E-value  score  bias    E-value  score  bias    exp  N  Sequence              Description
    ------- ------ -----    ------- ------ -----   ---- --  --------              -----------
    1.6e-99  329.4   0.0    1.9e-99  329.2   0.0    1.0  1  NZ_LANJ01000011.1_145  # 163384 # 164154 # -1 # ID=3_145;partial=00;start_type=ATG;rbs_motif=AGGAG;rbs_spacer=5-10bp;gc_cont=0.595


Domain annotation for each sequence:
>> NZ_LANJ01000011.1_145  # 163384 # 164154 # -1 # ID=3_145;partial=00;start_type=ATG;rbs_motif=AGGAG;rbs_spacer=5-10bp;gc_cont=0.595
   #    score  bias  c-Evalue  i-Evalue hmmfrom  hmm to    alifrom  ali to    envfrom  env to     acc
 ---   ------ ----- --------- --------- ------- -------    ------- -------    ------- -------    ----
   1 !  329.2   0.0    5e-103   1.9e-99       3     222 ..       7     225 ..       5     228 .. 0.98



Internal pipeline statistics summary:
-------------------------------------
Query model(s):                            1  (225 nodes)
Target sequences:                       3757  (1152400 residues searched)
Passed MSV filter:                       106  (0.028214); expected 75.1 (0.02)
Passed bias filter:                       92  (0.0244876); expected 75.1 (0.02)
Passed Vit filter:                         8  (0.00212936); expected 3.8 (0.001)
Passed Fwd filter:                         1  (0.00026617); expected 0.0 (1e-05)
Initial search space (Z):               3757  [actual number of targets]
Domain search space  (domZ):               1  [number of targets reported over threshold]
# CPU time: 0.03u 0.00s 00:00:00.03 Elapsed: 00:00:00.04
# Mc/sec: 5449.67
//
Query:       TIGR01012  [M=196]
Accession:   TIGR01012
Description: uS2_euk_arch: ribosomal protein uS2
Scores for complete sequences (score includes all domains):
   --- full sequence ---   --- best 1 domain ---    -#dom-
    E-value  score  bias    E-value  score  bias    exp  N  Sequence Description
    ------- ------ -----    ------- ------ -----   ---- --  -------- -----------

   [No hits detected that satisfy reporting thresholds]


Domain annotation for each sequence:

   [No targets detected that satisfy reporting thresholds]


Internal pipeline statistics summary:
-------------------------------------
Query model(s):                            1  (196 nodes)
Target sequences:                       3757  (1152400 residues searched)
Passed MSV filter:                       107  (0.0284802); expected 75.1 (0.02)
Passed bias filter:                      101  (0.0268832); expected 75.1 (0.02)
Passed Vit filter:                         3  (0.000798509); expected 3.8 (0.001)
Passed Fwd filter:                         1  (0.00026617); expected 0.0 (1e-05)
Initial search space (Z):               3757  [actual number of targets]
Domain search space  (domZ):               0  [number of targets reported over threshold]
# CPU time: 0.02u 0.00s 00:00:00.02 Elapsed: 00:00:00.02
# Mc/sec: 10057.75
//
Query:       TIGR01017  [M=200]
Accession:   TIGR01017
Description: rpsD_bact: ribosomal protein uS4
Scores for complete sequences (score includes all domains):
   --- full sequence ---   --- best 1 domain ---    -#dom-
    E-value  score  bias    E-value  score  bias    exp  N  Sequence            Description
    ------- ------ -----    ------- ------ -----   ---- --  --------            -----------
    1.4e-72  241.3   0.1    1.6e-72  241.2   0.1    1.0  1  NZ_LANJ01000010.1_4  # 3379 # 3996 # -1 # ID=2_4;partial=00;start_type=ATG;rbs_motif=AGGA;rbs_spacer=5-10bp;gc_cont=0.589


Domain annotation for each sequence:
>> NZ_LANJ01000010.1_4  # 3379 # 3996 # -1 # ID=2_4;partial=00;start_type=ATG;rbs_motif=AGGA;rbs_spacer=5-10bp;gc_cont=0.589
   #    score  bias  c-Evalue  i-Evalue hmmfrom  hmm to    alifrom  ali to    envfrom  env to     acc
 ---   ------ ----- --------- --------- ------- -------    ------- -------    ------- -------    ----
   1 !  241.2   0.1   4.2e-76   1.6e-72       4     200 .]       6     205 ..       3     205 .. 0.95



Internal pipeline statistics summary:
-------------------------------------
Query model(s):                            1  (200 nodes)
Target sequences:                       3757  (1152400 residues searched)
Passed MSV filter:                        60  (0.0159702); expected 75.1 (0.02)
Passed bias filter:                       54  (0.0143732); expected 75.1 (0.02)
Passed Vit filter:                         8  (0.00212936); expected 3.8 (0.001)
Passed Fwd filter:                         3  (0.000798509); expected 0.0 (1e-05)
Initial search space (Z):               3757  [actual number of targets]
Domain search space  (domZ):               1  [number of targets reported over threshold]
# CPU time: 0.02u 0.00s 00:00:00.02 Elapsed: 00:00:00.01
# Mc/sec: 12399.34
//
Query:       TIGR01018  [M=162]
Accession:   TIGR01018
Description: uS4_arch: ribosomal protein uS4
Scores for complete sequences (score includes all domains):
   --- full sequence ---   --- best 1 domain ---    -#dom-
    E-value  score  bias    E-value  score  bias    exp  N  Sequence Description
    ------- ------ -----    ------- ------ -----   ---- --  -------- -----------

   [No hits detected that satisfy reporting thresholds]


Domain annotation for each sequence:

   [No targets detected that satisfy reporting thresholds]


Internal pipeline statistics summary:
-------------------------------------
Query model(s):                            1  (162 nodes)
Target sequences:                       3757  (1152400 residues searched)
Passed MSV filter:                        72  (0.0191642); expected 75.1 (0.02)
Passed bias filter:                       62  (0.0165025); expected 75.1 (0.02)
Passed Vit filter:                         4  (0.00106468); expected 3.8 (0.001)
Passed Fwd filter:                         1  (0.00026617); expected 0.0 (1e-05)
Initial search space (Z):               3757  [actual number of targets]
Domain search space  (domZ):               0  [number of targets reported over threshold]
# CPU time: 0.02u 0.00s 00:00:00.02 Elapsed: 00:00:00.03
# Mc/sec: 5298.08
//
Query:       TIGR01020  [M=212]
Accession:   TIGR01020
Description: uS5_euk_arch: ribosomal protein uS5
Scores for complete sequences (score includes all domains):
   --- full sequence ---   --- best 1 domain ---    -#dom-
    E-value  score  bias    E-value  score  bias    exp  N  Sequence Description
    ------- ------ -----    ------- ------ -----   ---- --  -------- -----------

   [No hits detected that satisfy reporting thresholds]


Domain annotation for each sequence:

   [No targets detected that satisfy reporting thresholds]


Internal pipeline statistics summary:
-------------------------------------
Query model(s):                            1  (212 nodes)
Target sequences:                       3757  (1152400 residues searched)
Passed MSV filter:                        78  (0.0207612); expected 75.1 (0.02)
Passed bias filter:                       63  (0.0167687); expected 75.1 (0.02)
Passed Vit filter:                         4  (0.00106468); expected 3.8 (0.001)
Passed Fwd filter:                         1  (0.00026617); expected 0.0 (1e-05)
Initial search space (Z):               3757  [actual number of targets]
Domain search space  (domZ):               0  [number of targets reported over threshold]
# CPU time: 0.02u 0.00s 00:00:00.02 Elapsed: 00:00:00.02
# Mc/sec: 9591.64
//
Query:       TIGR01021  [M=156]
Accession:   TIGR01021
Description: rpsE_bact: ribosomal protein uS5
Scores for complete sequences (score includes all domains):
   --- full sequence ---   --- best 1 domain ---    -#dom-
    E-value  score  bias    E-value  score  bias    exp  N  Sequence              Description
    ------- ------ -----    ------- ------ -----   ---- --  --------              -----------
    3.6e-66  219.5   3.2    4.2e-66  219.3   3.2    1.0  1  NZ_LANJ01000011.1_200  # 212242 # 212775 # -1 # ID=3_200;partial=00;start_type=ATG;rbs_motif=GGAG/GAGG;rbs_spacer=5-10bp;gc_cont=0.614


Domain annotation for each sequence:
>> NZ_LANJ01000011.1_200  # 212242 # 212775 # -1 # ID=3_200;partial=00;start_type=ATG;rbs_motif=GGAG/GAGG;rbs_spacer=5-10bp;gc_cont=0.614
   #    score  bias  c-Evalue  i-Evalue hmmfrom  hmm to    alifrom  ali to    envfrom  env to     acc
 ---   ------ ----- --------- --------- ------- -------    ------- -------    ------- -------    ----
   1 !  219.3   3.2   1.1e-69   4.2e-66       2     156 .]      10     165 ..       9     165 .. 0.98



Internal pipeline statistics summary:
-------------------------------------
Query model(s):                            1  (156 nodes)
Target sequences:                       3757  (1152400 residues searched)
Passed MSV filter:                       171  (0.045515); expected 75.1 (0.02)
Passed bias filter:                      127  (0.0338036); expected 75.1 (0.02)
Passed Vit filter:                         6  (0.00159702); expected 3.8 (0.001)
Passed Fwd filter:                         1  (0.00026617); expected 0.0 (1e-05)
Initial search space (Z):               3757  [actual number of targets]
Domain search space  (domZ):               1  [number of targets reported over threshold]
# CPU time: 0.02u 0.01s 00:00:00.03 Elapsed: 00:00:00.02
# Mc/sec: 7316.30
//
Query:       TIGR01028  [M=186]
Accession:   TIGR01028
Description: uS7_euk_arch: ribosomal protein uS7
Scores for complete sequences (score includes all domains):
   --- full sequence ---   --- best 1 domain ---    -#dom-
    E-value  score  bias    E-value  score  bias    exp  N  Sequence Description
    ------- ------ -----    ------- ------ -----   ---- --  -------- -----------

   [No hits detected that satisfy reporting thresholds]


Domain annotation for each sequence:

   [No targets detected that satisfy reporting thresholds]


Internal pipeline statistics summary:
-------------------------------------
Query model(s):                            1  (186 nodes)
Target sequences:                       3757  (1152400 residues searched)
Passed MSV filter:                        60  (0.0159702); expected 75.1 (0.02)
Passed bias filter:                       48  (0.0127762); expected 75.1 (0.02)
Passed Vit filter:                         4  (0.00106468); expected 3.8 (0.001)
Passed Fwd filter:                         1  (0.00026617); expected 0.0 (1e-05)
Initial search space (Z):               3757  [actual number of targets]
Domain search space  (domZ):               0  [number of targets reported over threshold]
# CPU time: 0.01u 0.00s 00:00:00.01 Elapsed: 00:00:00.03
# Mc/sec: 5991.96
//
Query:       TIGR01029  [M=154]
Accession:   TIGR01029
Description: rpsG_bact: ribosomal protein uS7
Scores for complete sequences (score includes all domains):
   --- full sequence ---   --- best 1 domain ---    -#dom-
    E-value  score  bias    E-value  score  bias    exp  N  Sequence              Description
    ------- ------ -----    ------- ------ -----   ---- --  --------              -----------
    6.6e-69  228.5   0.3    7.4e-69  228.3   0.3    1.0  1  NZ_LANJ01000011.1_221  # 224304 # 224774 # -1 # ID=3_221;partial=00;start_type=ATG;rbs_motif=AGGAG;rbs_spacer=5-10bp;gc_cont=0.597


Domain annotation for each sequence:
>> NZ_LANJ01000011.1_221  # 224304 # 224774 # -1 # ID=3_221;partial=00;start_type=ATG;rbs_motif=AGGAG;rbs_spacer=5-10bp;gc_cont=0.597
   #    score  bias  c-Evalue  i-Evalue hmmfrom  hmm to    alifrom  ali to    envfrom  env to     acc
 ---   ------ ----- --------- --------- ------- -------    ------- -------    ------- -------    ----
   1 !  228.3   0.3     2e-72   7.4e-69       1     154 []       3     156 ..       3     156 .. 1.00



Internal pipeline statistics summary:
-------------------------------------
Query model(s):                            1  (154 nodes)
Target sequences:                       3757  (1152400 residues searched)
Passed MSV filter:                        66  (0.0175672); expected 75.1 (0.02)
Passed bias filter:                       58  (0.0154378); expected 75.1 (0.02)
Passed Vit filter:                         4  (0.00106468); expected 3.8 (0.001)
Passed Fwd filter:                         1  (0.00026617); expected 0.0 (1e-05)
Initial search space (Z):               3757  [actual number of targets]
Domain search space  (domZ):               1  [number of targets reported over threshold]
# CPU time: 0.02u 0.00s 00:00:00.02 Elapsed: 00:00:00.01
# Mc/sec: 10281.71
//
Query:       TIGR01032  [M=114]
Accession:   TIGR01032
Description: rplT_bact: ribosomal protein bL20
Scores for complete sequences (score includes all domains):
   --- full sequence ---   --- best 1 domain ---    -#dom-
    E-value  score  bias    E-value  score  bias    exp  N  Sequence              Description
    ------- ------ -----    ------- ------ -----   ---- --  --------              -----------
    4.8e-47  156.7   4.9    5.7e-47  156.4   4.9    1.1  1  NZ_LANJ01000016.1_220  # 226600 # 227004 # -1 # ID=8_220;partial=00;start_type=ATG;rbs_motif=GGA/GAG/AGG;rbs_spacer=5-10bp;gc_cont=0.575


Domain annotation for each sequence:
>> NZ_LANJ01000016.1_220  # 226600 # 227004 # -1 # ID=8_220;partial=00;start_type=ATG;rbs_motif=GGA/GAG/AGG;rbs_spacer=5-10bp;gc_cont=0.575
   #    score  bias  c-Evalue  i-Evalue hmmfrom  hmm to    alifrom  ali to    envfrom  env to     acc
 ---   ------ ----- --------- --------- ------- -------    ------- -------    ------- -------    ----
   1 !  156.4   4.9   1.5e-50   5.7e-47       1     114 []       1     114 [.       1     114 [. 0.99



Internal pipeline statistics summary:
-------------------------------------
Query model(s):                            1  (114 nodes)
Target sequences:                       3757  (1152400 residues searched)
Passed MSV filter:                        82  (0.0218259); expected 75.1 (0.02)
Passed bias filter:                       70  (0.0186319); expected 75.1 (0.02)
Passed Vit filter:                         1  (0.00026617); expected 3.8 (0.001)
Passed Fwd filter:                         1  (0.00026617); expected 0.0 (1e-05)
Initial search space (Z):               3757  [actual number of targets]
Domain search space  (domZ):               1  [number of targets reported over threshold]
# CPU time: 0.01u 0.00s 00:00:00.01 Elapsed: 00:00:00.00
# Mc/sec: 13920.28
//
Query:       TIGR01039  [M=462]
Accession:   TIGR01039
Description: atpD: ATP synthase F1, beta subunit
Scores for complete sequences (score includes all domains):
   --- full sequence ---   --- best 1 domain ---    -#dom-
    E-value  score  bias    E-value  score  bias    exp  N  Sequence             Description
    ------- ------ -----    ------- ------ -----   ---- --  --------             -----------
   1.2e-243  806.7   5.7   1.3e-243  806.5   5.7    1.0  1  NZ_LANJ01000047.1_45  # 45016 # 46455 # -1 # ID=42_45;partial=00;start_type=ATG;rbs_motif=GGAG/GAGG;rbs_spacer=5-10bp;gc_cont=0.601


Domain annotation for each sequence:
>> NZ_LANJ01000047.1_45  # 45016 # 46455 # -1 # ID=42_45;partial=00;start_type=ATG;rbs_motif=GGAG/GAGG;rbs_spacer=5-10bp;gc_cont=0.601
   #    score  bias  c-Evalue  i-Evalue hmmfrom  hmm to    alifrom  ali to    envfrom  env to     acc
 ---   ------ ----- --------- --------- ------- -------    ------- -------    ------- -------    ----
   1 !  806.5   5.7  3.6e-247  1.3e-243       2     462 .]       6     474 ..       5     474 .. 0.99



Internal pipeline statistics summary:
-------------------------------------
Query model(s):                            1  (462 nodes)
Target sequences:                       3757  (1152400 residues searched)
Passed MSV filter:                       138  (0.0367314); expected 75.1 (0.02)
Passed bias filter:                      111  (0.0295448); expected 75.1 (0.02)
Passed Vit filter:                        15  (0.00399255); expected 3.8 (0.001)
Passed Fwd filter:                         4  (0.00106468); expected 0.0 (1e-05)
Initial search space (Z):               3757  [actual number of targets]
Domain search space  (domZ):               1  [number of targets reported over threshold]
# CPU time: 0.06u 0.00s 00:00:00.06 Elapsed: 00:00:00.06
# Mc/sec: 7973.33
//
Query:       TIGR01044  [M=103]
Accession:   TIGR01044
Description: rplV_bact: ribosomal protein uL22
Scores for complete sequences (score includes all domains):
   --- full sequence ---   --- best 1 domain ---    -#dom-
    E-value  score  bias    E-value  score  bias    exp  N  Sequence              Description
    ------- ------ -----    ------- ------ -----   ---- --  --------              -----------
    1.5e-34  116.1   0.5    1.8e-34  115.8   0.5    1.0  1  NZ_LANJ01000011.1_212  # 217365 # 217745 # -1 # ID=3_212;partial=00;start_type=ATG;rbs_motif=GGAG/GAGG;rbs_spacer=5-10bp;gc_cont=0.591


Domain annotation for each sequence:
>> NZ_LANJ01000011.1_212  # 217365 # 217745 # -1 # ID=3_212;partial=00;start_type=ATG;rbs_motif=GGAG/GAGG;rbs_spacer=5-10bp;gc_cont=0.591
   #    score  bias  c-Evalue  i-Evalue hmmfrom  hmm to    alifrom  ali to    envfrom  env to     acc
 ---   ------ ----- --------- --------- ------- -------    ------- -------    ------- -------    ----
   1 !  115.8   0.5   4.8e-38   1.8e-34       1     103 []      17     119 ..      17     119 .. 0.99



Internal pipeline statistics summary:
-------------------------------------
Query model(s):                            1  (103 nodes)
Target sequences:                       3757  (1152400 residues searched)
Passed MSV filter:                        97  (0.0258185); expected 75.1 (0.02)
Passed bias filter:                       68  (0.0180995); expected 75.1 (0.02)
Passed Vit filter:                         5  (0.00133085); expected 3.8 (0.001)
Passed Fwd filter:                         1  (0.00026617); expected 0.0 (1e-05)
Initial search space (Z):               3757  [actual number of targets]
Domain search space  (domZ):               1  [number of targets reported over threshold]
# CPU time: 0.02u 0.00s 00:00:00.02 Elapsed: 00:00:00.01
# Mc/sec: 7122.52
//
Query:       TIGR01046  [M=99]
Accession:   TIGR01046
Description: uS10_euk_arch: ribosomal protein uS10
Scores for complete sequences (score includes all domains):
   --- full sequence ---   --- best 1 domain ---    -#dom-
    E-value  score  bias    E-value  score  bias    exp  N  Sequence Description
    ------- ------ -----    ------- ------ -----   ---- --  -------- -----------

   [No hits detected that satisfy reporting thresholds]


Domain annotation for each sequence:

   [No targets detected that satisfy reporting thresholds]


Internal pipeline statistics summary:
-------------------------------------
Query model(s):                            1  (99 nodes)
Target sequences:                       3757  (1152400 residues searched)
Passed MSV filter:                        43  (0.0114453); expected 75.1 (0.02)
Passed bias filter:                       39  (0.0103806); expected 75.1 (0.02)
Passed Vit filter:                         3  (0.000798509); expected 3.8 (0.001)
Passed Fwd filter:                         1  (0.00026617); expected 0.0 (1e-05)
Initial search space (Z):               3757  [actual number of targets]
Domain search space  (domZ):               0  [number of targets reported over threshold]
# CPU time: 0.01u 0.00s 00:00:00.01 Elapsed: 00:00:00.01
# Mc/sec: 7958.33
//
Query:       TIGR01052  [M=488]
Accession:   TIGR01052
Description: top6b: DNA topoisomerase VI, B subunit
Scores for complete sequences (score includes all domains):
   --- full sequence ---   --- best 1 domain ---    -#dom-
    E-value  score  bias    E-value  score  bias    exp  N  Sequence Description
    ------- ------ -----    ------- ------ -----   ---- --  -------- -----------

   [No hits detected that satisfy reporting thresholds]


Domain annotation for each sequence:

   [No targets detected that satisfy reporting thresholds]


Internal pipeline statistics summary:
-------------------------------------
Query model(s):                            1  (488 nodes)
Target sequences:                       3757  (1152400 residues searched)
Passed MSV filter:                        67  (0.0178334); expected 75.1 (0.02)
Passed bias filter:                       61  (0.0162364); expected 75.1 (0.02)
Passed Vit filter:                        12  (0.00319404); expected 3.8 (0.001)
Passed Fwd filter:                         4  (0.00106468); expected 0.0 (1e-05)
Initial search space (Z):               3757  [actual number of targets]
Domain search space  (domZ):               0  [number of targets reported over threshold]
# CPU time: 0.05u 0.00s 00:00:00.05 Elapsed: 00:00:00.07
# Mc/sec: 7199.54
//
Query:       TIGR01059  [M=639]
Accession:   TIGR01059
Description: gyrB: DNA gyrase, B subunit
Scores for complete sequences (score includes all domains):
   --- full sequence ---   --- best 1 domain ---    -#dom-
    E-value  score  bias    E-value  score  bias    exp  N  Sequence              Description
    ------- ------ -----    ------- ------ -----   ---- --  --------              -----------
   9.4e-294  973.5   0.0   1.1e-293  973.3   0.0    1.0  1  NZ_LANJ01000016.1_254  # 258813 # 261266 # -1 # ID=8_254;partial=00;start_type=ATG;rbs_motif=GGA/GAG/AGG;rbs_spacer=3-4bp;gc_cont=0.619


Domain annotation for each sequence:
>> NZ_LANJ01000016.1_254  # 258813 # 261266 # -1 # ID=8_254;partial=00;start_type=ATG;rbs_motif=GGA/GAG/AGG;rbs_spacer=3-4bp;gc_cont=0.619
   #    score  bias  c-Evalue  i-Evalue hmmfrom  hmm to    alifrom  ali to    envfrom  env to     acc
 ---   ------ ----- --------- --------- ------- -------    ------- -------    ------- -------    ----
   1 !  973.3   0.0  2.9e-297  1.1e-293       1     639 []      12     817 ..      12     817 .. 0.92



Internal pipeline statistics summary:
-------------------------------------
Query model(s):                            1  (639 nodes)
Target sequences:                       3757  (1152400 residues searched)
Passed MSV filter:                        77  (0.0204951); expected 75.1 (0.02)
Passed bias filter:                       66  (0.0175672); expected 75.1 (0.02)
Passed Vit filter:                         7  (0.00186319); expected 3.8 (0.001)
Passed Fwd filter:                         3  (0.000798509); expected 0.0 (1e-05)
Initial search space (Z):               3757  [actual number of targets]
Domain search space  (domZ):               1  [number of targets reported over threshold]
# CPU time: 0.07u 0.00s 00:00:00.07 Elapsed: 00:00:00.08
# Mc/sec: 8532.18
//
Query:       TIGR01063  [M=800]
Accession:   TIGR01063
Description: gyrA: DNA gyrase, A subunit
Scores for complete sequences (score includes all domains):
   --- full sequence ---   --- best 1 domain ---    -#dom-
    E-value  score  bias    E-value  score  bias    exp  N  Sequence              Description
    ------- ------ -----    ------- ------ -----   ---- --  --------              -----------
          0 1146.9   1.4          0 1146.7   1.4    1.0  1  NZ_LANJ01000011.1_271  # 275878 # 278634 # -1 # ID=3_271;partial=00;start_type=GTG;rbs_motif=None;rbs_spacer=None;gc_cont=0.611


Domain annotation for each sequence:
>> NZ_LANJ01000011.1_271  # 275878 # 278634 # -1 # ID=3_271;partial=00;start_type=GTG;rbs_motif=None;rbs_spacer=None;gc_cont=0.611
   #    score  bias  c-Evalue  i-Evalue hmmfrom  hmm to    alifrom  ali to    envfrom  env to     acc
 ---   ------ ----- --------- --------- ------- -------    ------- -------    ------- -------    ----
   1 ! 1146.7   1.4         0         0       1     799 [.      14     894 ..      14     895 .. 0.99



Internal pipeline statistics summary:
-------------------------------------
Query model(s):                            1  (800 nodes)
Target sequences:                       3757  (1152400 residues searched)
Passed MSV filter:                        79  (0.0210274); expected 75.1 (0.02)
Passed bias filter:                       67  (0.0178334); expected 75.1 (0.02)
Passed Vit filter:                         9  (0.00239553); expected 3.8 (0.001)
Passed Fwd filter:                         2  (0.00053234); expected 0.0 (1e-05)
Initial search space (Z):               3757  [actual number of targets]
Domain search space  (domZ):               1  [number of targets reported over threshold]
# CPU time: 0.08u 0.01s 00:00:00.09 Elapsed: 00:00:00.09
# Mc/sec: 9308.25
//
Query:       TIGR01066  [M=141]
Accession:   TIGR01066
Description: rplM_bact: ribosomal protein uL13
Scores for complete sequences (score includes all domains):
   --- full sequence ---   --- best 1 domain ---    -#dom-
    E-value  score  bias    E-value  score  bias    exp  N  Sequence             Description
    ------- ------ -----    ------- ------ -----   ---- --  --------             -----------
    2.2e-56  187.3   0.0    2.8e-56  187.0   0.0    1.0  1  NZ_LANJ01000020.1_63  # 51543 # 52007 # -1 # ID=13_63;partial=00;start_type=ATG;rbs_motif=GGA/GAG/AGG;rbs_spacer=5-10bp;gc_cont=0.604


Domain annotation for each sequence:
>> NZ_LANJ01000020.1_63  # 51543 # 52007 # -1 # ID=13_63;partial=00;start_type=ATG;rbs_motif=GGA/GAG/AGG;rbs_spacer=5-10bp;gc_cont=0.604
   #    score  bias  c-Evalue  i-Evalue hmmfrom  hmm to    alifrom  ali to    envfrom  env to     acc
 ---   ------ ----- --------- --------- ------- -------    ------- -------    ------- -------    ----
   1 !  187.0   0.0   7.5e-60   2.8e-56       2     140 ..       4     142 ..       3     143 .. 0.97



Internal pipeline statistics summary:
-------------------------------------
Query model(s):                            1  (141 nodes)
Target sequences:                       3757  (1152400 residues searched)
Passed MSV filter:                        63  (0.0167687); expected 75.1 (0.02)
Passed bias filter:                       58  (0.0154378); expected 75.1 (0.02)
Passed Vit filter:                         4  (0.00106468); expected 3.8 (0.001)
Passed Fwd filter:                         1  (0.00026617); expected 0.0 (1e-05)
Initial search space (Z):               3757  [actual number of targets]
Domain search space  (domZ):               1  [number of targets reported over threshold]
# CPU time: 0.02u 0.00s 00:00:00.02 Elapsed: 00:00:00.02
# Mc/sec: 6138.47
//
Query:       TIGR01071  [M=144]
Accession:   TIGR01071
Description: rplO_bact: ribosomal protein uL15
Scores for complete sequences (score includes all domains):
   --- full sequence ---   --- best 1 domain ---    -#dom-
    E-value  score  bias    E-value  score  bias    exp  N  Sequence              Description
    ------- ------ -----    ------- ------ -----   ---- --  --------              -----------
    3.6e-41  138.1   0.8    4.1e-41  137.9   0.8    1.0  1  NZ_LANJ01000011.1_198  # 211514 # 212014 # -1 # ID=3_198;partial=00;start_type=ATG;rbs_motif=GGAG/GAGG;rbs_spacer=5-10bp;gc_cont=0.591


Domain annotation for each sequence:
>> NZ_LANJ01000011.1_198  # 211514 # 212014 # -1 # ID=3_198;partial=00;start_type=ATG;rbs_motif=GGAG/GAGG;rbs_spacer=5-10bp;gc_cont=0.591
   #    score  bias  c-Evalue  i-Evalue hmmfrom  hmm to    alifrom  ali to    envfrom  env to     acc
 ---   ------ ----- --------- --------- ------- -------    ------- -------    ------- -------    ----
   1 !  137.9   0.8   1.1e-44   4.1e-41       1     143 [.       3     150 ..       3     151 .. 0.96



Internal pipeline statistics summary:
-------------------------------------
Query model(s):                            1  (144 nodes)
Target sequences:                       3757  (1152400 residues searched)
Passed MSV filter:                        47  (0.01251); expected 75.1 (0.02)
Passed bias filter:                       39  (0.0103806); expected 75.1 (0.02)
Passed Vit filter:                         5  (0.00133085); expected 3.8 (0.001)
Passed Fwd filter:                         1  (0.00026617); expected 0.0 (1e-05)
Initial search space (Z):               3757  [actual number of targets]
Domain search space  (domZ):               1  [number of targets reported over threshold]
# CPU time: 0.02u 0.00s 00:00:00.02 Elapsed: 00:00:00.03
# Mc/sec: 5446.34
//
Query:       TIGR01079  [M=104]
Accession:   TIGR01079
Description: rplX_bact: ribosomal protein uL24
Scores for complete sequences (score includes all domains):
   --- full sequence ---   --- best 1 domain ---    -#dom-
    E-value  score  bias    E-value  score  bias    exp  N  Sequence              Description
    ------- ------ -----    ------- ------ -----   ---- --  --------              -----------
    1.3e-33  113.3   2.6    1.5e-33  113.1   2.6    1.0  1  NZ_LANJ01000011.1_206  # 215043 # 215354 # -1 # ID=3_206;partial=00;start_type=ATG;rbs_motif=GGAG/GAGG;rbs_spacer=5-10bp;gc_cont=0.580


Domain annotation for each sequence:
>> NZ_LANJ01000011.1_206  # 215043 # 215354 # -1 # ID=3_206;partial=00;start_type=ATG;rbs_motif=GGAG/GAGG;rbs_spacer=5-10bp;gc_cont=0.580
   #    score  bias  c-Evalue  i-Evalue hmmfrom  hmm to    alifrom  ali to    envfrom  env to     acc
 ---   ------ ----- --------- --------- ------- -------    ------- -------    ------- -------    ----
   1 !  113.1   2.6   3.9e-37   1.5e-33       2     104 .]       3     101 ..       2     101 .. 0.95



Internal pipeline statistics summary:
-------------------------------------
Query model(s):                            1  (104 nodes)
Target sequences:                       3757  (1152400 residues searched)
Passed MSV filter:                        75  (0.0199627); expected 75.1 (0.02)
Passed bias filter:                       62  (0.0165025); expected 75.1 (0.02)
Passed Vit filter:                         2  (0.00053234); expected 3.8 (0.001)
Passed Fwd filter:                         1  (0.00026617); expected 0.0 (1e-05)
Initial search space (Z):               3757  [actual number of targets]
Domain search space  (domZ):               1  [number of targets reported over threshold]
# CPU time: 0.02u 0.00s 00:00:00.02 Elapsed: 00:00:00.02
# Mc/sec: 4332.69
//
Query:       TIGR01082  [M=449]
Accession:   TIGR01082
Description: murC: UDP-N-acetylmuramate--L-alanine ligase
Scores for complete sequences (score includes all domains):
   --- full sequence ---   --- best 1 domain ---    -#dom-
    E-value  score  bias    E-value  score  bias    exp  N  Sequence              Description
    ------- ------ -----    ------- ------ -----   ---- --  --------              -----------
   9.5e-160  530.2   0.0   1.1e-159  530.0   0.0    1.0  1  NZ_LANJ01000045.1_163  # 174425 # 175843 # -1 # ID=40_163;partial=00;start_type=ATG;rbs_motif=GGA/GAG/AGG;rbs_spacer=5-10bp;gc_cont=0.630


Domain annotation for each sequence:
>> NZ_LANJ01000045.1_163  # 174425 # 175843 # -1 # ID=40_163;partial=00;start_type=ATG;rbs_motif=GGA/GAG/AGG;rbs_spacer=5-10bp;gc_cont=0.630
   #    score  bias  c-Evalue  i-Evalue hmmfrom  hmm to    alifrom  ali to    envfrom  env to     acc
 ---   ------ ----- --------- --------- ------- -------    ------- -------    ------- -------    ----
   1 !  530.0   0.0  2.9e-163  1.1e-159       2     447 ..      10     458 ..       9     460 .. 0.98



Internal pipeline statistics summary:
-------------------------------------
Query model(s):                            1  (449 nodes)
Target sequences:                       3757  (1152400 residues searched)
Passed MSV filter:                       157  (0.0417887); expected 75.1 (0.02)
Passed bias filter:                      135  (0.0359329); expected 75.1 (0.02)
Passed Vit filter:                        17  (0.00452489); expected 3.8 (0.001)
Passed Fwd filter:                         5  (0.00133085); expected 0.0 (1e-05)
Initial search space (Z):               3757  [actual number of targets]
Domain search space  (domZ):               1  [number of targets reported over threshold]
# CPU time: 0.07u 0.00s 00:00:00.07 Elapsed: 00:00:00.08
# Mc/sec: 5924.97
//
Query:       TIGR01087  [M=441]
Accession:   TIGR01087
Description: murD: UDP-N-acetylmuramoylalanine--D-glutamate ligase
Scores for complete sequences (score includes all domains):
   --- full sequence ---   --- best 1 domain ---    -#dom-
    E-value  score  bias    E-value  score  bias    exp  N  Sequence              Description
    ------- ------ -----    ------- ------ -----   ---- --  --------              -----------
    6.1e-79  263.8   0.0    7.5e-79  263.5   0.0    1.1  1  NZ_LANJ01000019.1_260  # 264730 # 266031 # 1 # ID=11_260;partial=00;start_type=ATG;rbs_motif=GGA/GAG/AGG;rbs_spacer=5-10bp;gc_cont=0.650


Domain annotation for each sequence:
>> NZ_LANJ01000019.1_260  # 264730 # 266031 # 1 # ID=11_260;partial=00;start_type=ATG;rbs_motif=GGA/GAG/AGG;rbs_spacer=5-10bp;gc_cont=0.650
   #    score  bias  c-Evalue  i-Evalue hmmfrom  hmm to    alifrom  ali to    envfrom  env to     acc
 ---   ------ ----- --------- --------- ------- -------    ------- -------    ------- -------    ----
   1 !  263.5   0.0     2e-82   7.5e-79       2     439 ..       7     424 ..       6     426 .. 0.85



Internal pipeline statistics summary:
-------------------------------------
Query model(s):                            1  (441 nodes)
Target sequences:                       3757  (1152400 residues searched)
Passed MSV filter:                       176  (0.0468459); expected 75.1 (0.02)
Passed bias filter:                      160  (0.0425872); expected 75.1 (0.02)
Passed Vit filter:                        40  (0.0106468); expected 3.8 (0.001)
Passed Fwd filter:                         6  (0.00159702); expected 0.0 (1e-05)
Initial search space (Z):               3757  [actual number of targets]
Domain search space  (domZ):               1  [number of targets reported over threshold]
# CPU time: 0.09u 0.00s 00:00:00.09 Elapsed: 00:00:00.09
# Mc/sec: 5406.55
//
Query:       TIGR01128  [M=314]
Accession:   TIGR01128
Description: holA: DNA polymerase III, delta subunit
Scores for complete sequences (score includes all domains):
   --- full sequence ---   --- best 1 domain ---    -#dom-
    E-value  score  bias    E-value  score  bias    exp  N  Sequence              Description
    ------- ------ -----    ------- ------ -----   ---- --  --------              -----------
    2.8e-32  110.0   0.0    3.2e-32  109.8   0.0    1.0  1  NZ_LANJ01000047.1_167  # 167957 # 168979 # 1 # ID=42_167;partial=00;start_type=ATG;rbs_motif=None;rbs_spacer=None;gc_cont=0.621


Domain annotation for each sequence:
>> NZ_LANJ01000047.1_167  # 167957 # 168979 # 1 # ID=42_167;partial=00;start_type=ATG;rbs_motif=None;rbs_spacer=None;gc_cont=0.621
   #    score  bias  c-Evalue  i-Evalue hmmfrom  hmm to    alifrom  ali to    envfrom  env to     acc
 ---   ------ ----- --------- --------- ------- -------    ------- -------    ------- -------    ----
   1 !  109.8   0.0   8.5e-36   3.2e-32       4     314 .]      22     334 ..      19     334 .. 0.95



Internal pipeline statistics summary:
-------------------------------------
Query model(s):                            1  (314 nodes)
Target sequences:                       3757  (1152400 residues searched)
Passed MSV filter:                        95  (0.0252861); expected 75.1 (0.02)
Passed bias filter:                       78  (0.0207612); expected 75.1 (0.02)
Passed Vit filter:                         8  (0.00212936); expected 3.8 (0.001)
Passed Fwd filter:                         3  (0.000798509); expected 0.0 (1e-05)
Initial search space (Z):               3757  [actual number of targets]
Domain search space  (domZ):               1  [number of targets reported over threshold]
# CPU time: 0.03u 0.00s 00:00:00.03 Elapsed: 00:00:00.03
# Mc/sec: 10063.95
//
Query:       TIGR01146  [M=286]
Accession:   TIGR01146
Description: ATPsyn_F1gamma: ATP synthase F1, gamma subunit
Scores for complete sequences (score includes all domains):
   --- full sequence ---   --- best 1 domain ---    -#dom-
    E-value  score  bias    E-value  score  bias    exp  N  Sequence             Description
    ------- ------ -----    ------- ------ -----   ---- --  --------             -----------
    1.7e-96  321.0   0.6    1.9e-96  320.9   0.6    1.0  1  NZ_LANJ01000047.1_46  # 46476 # 47363 # -1 # ID=42_46;partial=00;start_type=ATG;rbs_motif=AGGAG/GGAGG;rbs_spacer=11-12bp;gc_cont=0.607


Domain annotation for each sequence:
>> NZ_LANJ01000047.1_46  # 46476 # 47363 # -1 # ID=42_46;partial=00;start_type=ATG;rbs_motif=AGGAG/GGAGG;rbs_spacer=11-12bp;gc_cont=0.607
   #    score  bias  c-Evalue  i-Evalue hmmfrom  hmm to    alifrom  ali to    envfrom  env to     acc
 ---   ------ ----- --------- --------- ------- -------    ------- -------    ------- -------    ----
   1 !  320.9   0.6  5.2e-100   1.9e-96       1     286 []       1     295 [.       1     295 [. 0.93



Internal pipeline statistics summary:
-------------------------------------
Query model(s):                            1  (286 nodes)
Target sequences:                       3757  (1152400 residues searched)
Passed MSV filter:                        80  (0.0212936); expected 75.1 (0.02)
Passed bias filter:                       57  (0.0151717); expected 75.1 (0.02)
Passed Vit filter:                         4  (0.00106468); expected 3.8 (0.001)
Passed Fwd filter:                         1  (0.00026617); expected 0.0 (1e-05)
Initial search space (Z):               3757  [actual number of targets]
Domain search space  (domZ):               1  [number of targets reported over threshold]
# CPU time: 0.03u 0.00s 00:00:00.03 Elapsed: 00:00:00.03
# Mc/sec: 8909.02
//
Query:       TIGR01164  [M=126]
Accession:   TIGR01164
Description: rplP_bact: ribosomal protein uL16
Scores for complete sequences (score includes all domains):
   --- full sequence ---   --- best 1 domain ---    -#dom-
    E-value  score  bias    E-value  score  bias    exp  N  Sequence              Description
    ------- ------ -----    ------- ------ -----   ---- --  --------              -----------
    3.2e-58  193.0   1.6    3.7e-58  192.8   1.6    1.0  1  NZ_LANJ01000011.1_210  # 216195 # 216608 # -1 # ID=3_210;partial=00;start_type=ATG;rbs_motif=AGxAGG/AGGxGG;rbs_spacer=11-12bp;gc_cont=0.580


Domain annotation for each sequence:
>> NZ_LANJ01000011.1_210  # 216195 # 216608 # -1 # ID=3_210;partial=00;start_type=ATG;rbs_motif=AGxAGG/AGGxGG;rbs_spacer=11-12bp;gc_cont=0.580
   #    score  bias  c-Evalue  i-Evalue hmmfrom  hmm to    alifrom  ali to    envfrom  env to     acc
 ---   ------ ----- --------- --------- ------- -------    ------- -------    ------- -------    ----
   1 !  192.8   1.6   9.8e-62   3.7e-58       1     126 []       2     127 ..       2     127 .. 0.99



Internal pipeline statistics summary:
-------------------------------------
Query model(s):                            1  (126 nodes)
Target sequences:                       3757  (1152400 residues searched)
Passed MSV filter:                        82  (0.0218259); expected 75.1 (0.02)
Passed bias filter:                       71  (0.0188981); expected 75.1 (0.02)
Passed Vit filter:                         7  (0.00186319); expected 3.8 (0.001)
Passed Fwd filter:                         1  (0.00026617); expected 0.0 (1e-05)
Initial search space (Z):               3757  [actual number of targets]
Domain search space  (domZ):               1  [number of targets reported over threshold]
# CPU time: 0.02u 0.00s 00:00:00.02 Elapsed: 00:00:00.01
# Mc/sec: 10223.75
//
Query:       TIGR01169  [M=227]
Accession:   TIGR01169
Description: rplA_bact: ribosomal protein uL1
Scores for complete sequences (score includes all domains):
   --- full sequence ---   --- best 1 domain ---    -#dom-
    E-value  score  bias    E-value  score  bias    exp  N  Sequence              Description
    ------- ------ -----    ------- ------ -----   ---- --  --------              -----------
   6.1e-101  334.2   3.2   6.9e-101  334.1   3.2    1.0  1  NZ_LANJ01000011.1_228  # 236428 # 237120 # -1 # ID=3_228;partial=00;start_type=ATG;rbs_motif=GGAG/GAGG;rbs_spacer=5-10bp;gc_cont=0.593


Domain annotation for each sequence:
>> NZ_LANJ01000011.1_228  # 236428 # 237120 # -1 # ID=3_228;partial=00;start_type=ATG;rbs_motif=GGAG/GAGG;rbs_spacer=5-10bp;gc_cont=0.593
   #    score  bias  c-Evalue  i-Evalue hmmfrom  hmm to    alifrom  ali to    envfrom  env to     acc
 ---   ------ ----- --------- --------- ------- -------    ------- -------    ------- -------    ----
   1 !  334.1   3.2  1.8e-104  6.9e-101       2     224 ..       4     226 ..       3     229 .. 0.99



Internal pipeline statistics summary:
-------------------------------------
Query model(s):                            1  (227 nodes)
Target sequences:                       3757  (1152400 residues searched)
Passed MSV filter:                       104  (0.0276817); expected 75.1 (0.02)
Passed bias filter:                       90  (0.0239553); expected 75.1 (0.02)
Passed Vit filter:                        10  (0.0026617); expected 3.8 (0.001)
Passed Fwd filter:                         1  (0.00026617); expected 0.0 (1e-05)
Initial search space (Z):               3757  [actual number of targets]
Domain search space  (domZ):               1  [number of targets reported over threshold]
# CPU time: 0.02u 0.00s 00:00:00.02 Elapsed: 00:00:00.02
# Mc/sec: 9489.02
//
Query:       TIGR01171  [M=275]
Accession:   TIGR01171
Description: rplB_bact: ribosomal protein uL2
Scores for complete sequences (score includes all domains):
   --- full sequence ---   --- best 1 domain ---    -#dom-
    E-value  score  bias    E-value  score  bias    exp  N  Sequence              Description
    ------- ------ -----    ------- ------ -----   ---- --  --------              -----------
   2.5e-121  402.0   6.2   2.9e-121  401.8   6.2    1.0  1  NZ_LANJ01000011.1_214  # 218029 # 218868 # -1 # ID=3_214;partial=00;start_type=ATG;rbs_motif=GGA/GAG/AGG;rbs_spacer=5-10bp;gc_cont=0.586


Domain annotation for each sequence:
>> NZ_LANJ01000011.1_214  # 218029 # 218868 # -1 # ID=3_214;partial=00;start_type=ATG;rbs_motif=GGA/GAG/AGG;rbs_spacer=5-10bp;gc_cont=0.586
   #    score  bias  c-Evalue  i-Evalue hmmfrom  hmm to    alifrom  ali to    envfrom  env to     acc
 ---   ------ ----- --------- --------- ------- -------    ------- -------    ------- -------    ----
   1 !  401.8   6.2  7.7e-125  2.9e-121       1     274 [.       3     274 ..       3     275 .. 0.98



Internal pipeline statistics summary:
-------------------------------------
Query model(s):                            1  (275 nodes)
Target sequences:                       3757  (1152400 residues searched)
Passed MSV filter:                        65  (0.017301); expected 75.1 (0.02)
Passed bias filter:                       57  (0.0151717); expected 75.1 (0.02)
Passed Vit filter:                         7  (0.00186319); expected 3.8 (0.001)
Passed Fwd filter:                         1  (0.00026617); expected 0.0 (1e-05)
Initial search space (Z):               3757  [actual number of targets]
Domain search space  (domZ):               1  [number of targets reported over threshold]
# CPU time: 0.02u 0.01s 00:00:00.03 Elapsed: 00:00:00.03
# Mc/sec: 8574.86
//
Query:       TIGR01213  [M=387]
Accession:   TIGR01213
Description: pseudo_Pus10arc: tRNA pseudouridine(54/55) synthase
Scores for complete sequences (score includes all domains):
   --- full sequence ---   --- best 1 domain ---    -#dom-
    E-value  score  bias    E-value  score  bias    exp  N  Sequence Description
    ------- ------ -----    ------- ------ -----   ---- --  -------- -----------

   [No hits detected that satisfy reporting thresholds]


Domain annotation for each sequence:

   [No targets detected that satisfy reporting thresholds]


Internal pipeline statistics summary:
-------------------------------------
Query model(s):                            1  (387 nodes)
Target sequences:                       3757  (1152400 residues searched)
Passed MSV filter:                        85  (0.0226244); expected 75.1 (0.02)
Passed bias filter:                       68  (0.0180995); expected 75.1 (0.02)
Passed Vit filter:                         6  (0.00159702); expected 3.8 (0.001)
Passed Fwd filter:                         0  (0); expected 0.0 (1e-05)
Initial search space (Z):               3757  [actual number of targets]
Domain search space  (domZ):               0  [number of targets reported over threshold]
# CPU time: 0.03u 0.00s 00:00:00.03 Elapsed: 00:00:00.03
# Mc/sec: 14224.44
//
Query:       TIGR01302  [M=450]
Accession:   TIGR01302
Description: IMP_dehydrog: inosine-5'-monophosphate dehydrogenase
Scores for complete sequences (score includes all domains):
   --- full sequence ---   --- best 1 domain ---    -#dom-
    E-value  score  bias    E-value  score  bias    exp  N  Sequence              Description
    ------- ------ -----    ------- ------ -----   ---- --  --------              -----------
   2.9e-186  617.4  12.3   3.3e-186  617.2  12.3    1.0  1  NZ_LANJ01000011.1_619  # 593654 # 595219 # -1 # ID=3_619;partial=00;start_type=ATG;rbs_motif=None;rbs_spacer=None;gc_cont=0.622


Domain annotation for each sequence:
>> NZ_LANJ01000011.1_619  # 593654 # 595219 # -1 # ID=3_619;partial=00;start_type=ATG;rbs_motif=None;rbs_spacer=None;gc_cont=0.622
   #    score  bias  c-Evalue  i-Evalue hmmfrom  hmm to    alifrom  ali to    envfrom  env to     acc
 ---   ------ ----- --------- --------- ------- -------    ------- -------    ------- -------    ----
   1 !  617.2  12.3  8.8e-190  3.3e-186       1     449 [.      34     487 ..      34     488 .. 0.99



Internal pipeline statistics summary:
-------------------------------------
Query model(s):                            1  (450 nodes)
Target sequences:                       3757  (1152400 residues searched)
Passed MSV filter:                       183  (0.0487091); expected 75.1 (0.02)
Passed bias filter:                      122  (0.0324727); expected 75.1 (0.02)
Passed Vit filter:                        24  (0.00638808); expected 3.8 (0.001)
Passed Fwd filter:                        11  (0.00292787); expected 0.0 (1e-05)
Initial search space (Z):               3757  [actual number of targets]
Domain search space  (domZ):               1  [number of targets reported over threshold]
# CPU time: 0.08u 0.00s 00:00:00.08 Elapsed: 00:00:00.09
# Mc/sec: 5238.43
//
Query:       TIGR01391  [M=414]
Accession:   TIGR01391
Description: dnaG: DNA primase
Scores for complete sequences (score includes all domains):
   --- full sequence ---   --- best 1 domain ---    -#dom-
    E-value  score  bias    E-value  score  bias    exp  N  Sequence              Description
    ------- ------ -----    ------- ------ -----   ---- --  --------              -----------
   5.8e-123  408.5   0.0   7.6e-123  408.1   0.0    1.1  1  NZ_LANJ01000019.1_139  # 140252 # 142240 # -1 # ID=11_139;partial=00;start_type=GTG;rbs_motif=GGAG/GAGG;rbs_spacer=5-10bp;gc_cont=0.622


Domain annotation for each sequence:
>> NZ_LANJ01000019.1_139  # 140252 # 142240 # -1 # ID=11_139;partial=00;start_type=GTG;rbs_motif=GGAG/GAGG;rbs_spacer=5-10bp;gc_cont=0.622
   #    score  bias  c-Evalue  i-Evalue hmmfrom  hmm to    alifrom  ali to    envfrom  env to     acc
 ---   ------ ----- --------- --------- ------- -------    ------- -------    ------- -------    ----
   1 !  408.1   0.0    2e-126  7.6e-123       2     414 .]      21     440 ..      20     440 .. 0.96



Internal pipeline statistics summary:
-------------------------------------
Query model(s):                            1  (414 nodes)
Target sequences:                       3757  (1152400 residues searched)
Passed MSV filter:                        85  (0.0226244); expected 75.1 (0.02)
Passed bias filter:                       79  (0.0210274); expected 75.1 (0.02)
Passed Vit filter:                         6  (0.00159702); expected 3.8 (0.001)
Passed Fwd filter:                         1  (0.00026617); expected 0.0 (1e-05)
Initial search space (Z):               3757  [actual number of targets]
Domain search space  (domZ):               1  [number of targets reported over threshold]
# CPU time: 0.04u 0.00s 00:00:00.04 Elapsed: 00:00:00.05
# Mc/sec: 9024.97
//
Query:       TIGR01393  [M=595]
Accession:   TIGR01393
Description: lepA: elongation factor 4
Scores for complete sequences (score includes all domains):
   --- full sequence ---   --- best 1 domain ---    -#dom-
    E-value  score  bias    E-value  score  bias    exp  N  Sequence              Description
    ------- ------ -----    ------- ------ -----   ---- --  --------              -----------
   8.6e-293  969.8   0.1   9.9e-293  969.6   0.1    1.0  1  NZ_LANJ01000016.1_294  # 296899 # 298704 # 1 # ID=8_294;partial=00;start_type=ATG;rbs_motif=None;rbs_spacer=None;gc_cont=0.600


Domain annotation for each sequence:
>> NZ_LANJ01000016.1_294  # 296899 # 298704 # 1 # ID=8_294;partial=00;start_type=ATG;rbs_motif=None;rbs_spacer=None;gc_cont=0.600
   #    score  bias  c-Evalue  i-Evalue hmmfrom  hmm to    alifrom  ali to    envfrom  env to     acc
 ---   ------ ----- --------- --------- ------- -------    ------- -------    ------- -------    ----
   1 !  969.6   0.1  2.6e-296  9.9e-293       1     594 [.       6     598 ..       6     599 .. 1.00



Internal pipeline statistics summary:
-------------------------------------
Query model(s):                            1  (595 nodes)
Target sequences:                       3757  (1152400 residues searched)
Passed MSV filter:                        71  (0.0188981); expected 75.1 (0.02)
Passed bias filter:                       64  (0.0170349); expected 75.1 (0.02)
Passed Vit filter:                        18  (0.00479106); expected 3.8 (0.001)
Passed Fwd filter:                        10  (0.0026617); expected 0.0 (1e-05)
Initial search space (Z):               3757  [actual number of targets]
Domain search space  (domZ):               1  [number of targets reported over threshold]
# CPU time: 0.09u 0.01s 00:00:00.10 Elapsed: 00:00:00.09
# Mc/sec: 6869.88
//
Query:       TIGR01394  [M=594]
Accession:   TIGR01394
Description: TypA_BipA: GTP-binding protein TypA/BipA
Scores for complete sequences (score includes all domains):
   --- full sequence ---   --- best 1 domain ---    -#dom-
    E-value  score  bias    E-value  score  bias    exp  N  Sequence             Description
    ------- ------ -----    ------- ------ -----   ---- --  --------             -----------
   2.3e-270  895.7   0.3   2.6e-270  895.5   0.3    1.0  1  NZ_LANJ01000047.1_94  # 98814 # 100628 # -1 # ID=42_94;partial=00;start_type=ATG;rbs_motif=GGA/GAG/AGG;rbs_spacer=11-12bp;gc_cont=0.610


Domain annotation for each sequence:
>> NZ_LANJ01000047.1_94  # 98814 # 100628 # -1 # ID=42_94;partial=00;start_type=ATG;rbs_motif=GGA/GAG/AGG;rbs_spacer=11-12bp;gc_cont=0.610
   #    score  bias  c-Evalue  i-Evalue hmmfrom  hmm to    alifrom  ali to    envfrom  env to     acc
 ---   ------ ----- --------- --------- ------- -------    ------- -------    ------- -------    ----
   1 !  895.5   0.3  6.9e-274  2.6e-270       1     594 []       3     596 ..       3     596 .. 0.99



Internal pipeline statistics summary:
-------------------------------------
Query model(s):                            1  (594 nodes)
Target sequences:                       3757  (1152400 residues searched)
Passed MSV filter:                        69  (0.0183657); expected 75.1 (0.02)
Passed bias filter:                       53  (0.014107); expected 75.1 (0.02)
Passed Vit filter:                        10  (0.0026617); expected 3.8 (0.001)
Passed Fwd filter:                         7  (0.00186319); expected 0.0 (1e-05)
Initial search space (Z):               3757  [actual number of targets]
Domain search space  (domZ):               1  [number of targets reported over threshold]
# CPU time: 0.10u 0.00s 00:00:00.10 Elapsed: 00:00:00.09
# Mc/sec: 7037.78
//
Query:       TIGR01510  [M=155]
Accession:   TIGR01510
Description: coaD_prev_kdtB: pantetheine-phosphate adenylyltransferase
Scores for complete sequences (score includes all domains):
   --- full sequence ---   --- best 1 domain ---    -#dom-
    E-value  score  bias    E-value  score  bias    exp  N  Sequence              Description
    ------- ------ -----    ------- ------ -----   ---- --  --------              -----------
    6.7e-53  176.6   0.0    7.5e-53  176.4   0.0    1.0  1  NZ_LANJ01000011.1_268  # 273952 # 274446 # -1 # ID=3_268;partial=00;start_type=TTG;rbs_motif=GGAGG;rbs_spacer=5-10bp;gc_cont=0.584


Domain annotation for each sequence:
>> NZ_LANJ01000011.1_268  # 273952 # 274446 # -1 # ID=3_268;partial=00;start_type=TTG;rbs_motif=GGAGG;rbs_spacer=5-10bp;gc_cont=0.584
   #    score  bias  c-Evalue  i-Evalue hmmfrom  hmm to    alifrom  ali to    envfrom  env to     acc
 ---   ------ ----- --------- --------- ------- -------    ------- -------    ------- -------    ----
   1 !  176.4   0.0     2e-56   7.5e-53       2     153 ..       6     163 ..       5     164 .. 0.96



Internal pipeline statistics summary:
-------------------------------------
Query model(s):                            1  (155 nodes)
Target sequences:                       3757  (1152400 residues searched)
Passed MSV filter:                        74  (0.0196966); expected 75.1 (0.02)
Passed bias filter:                       68  (0.0180995); expected 75.1 (0.02)
Passed Vit filter:                         5  (0.00133085); expected 3.8 (0.001)
Passed Fwd filter:                         2  (0.00053234); expected 0.0 (1e-05)
Initial search space (Z):               3757  [actual number of targets]
Domain search space  (domZ):               1  [number of targets reported over threshold]
# CPU time: 0.02u 0.00s 00:00:00.02 Elapsed: 00:00:00.01
# Mc/sec: 9499.64
//
Query:       TIGR01632  [M=140]
Accession:   TIGR01632
Description: L11_bact: ribosomal protein uL11
Scores for complete sequences (score includes all domains):
   --- full sequence ---   --- best 1 domain ---    -#dom-
    E-value  score  bias    E-value  score  bias    exp  N  Sequence              Description
    ------- ------ -----    ------- ------ -----   ---- --  --------              -----------
      9e-64  211.4   1.1      1e-63  211.2   1.1    1.0  1  NZ_LANJ01000011.1_229  # 237125 # 237553 # -1 # ID=3_229;partial=00;start_type=ATG;rbs_motif=AGGA;rbs_spacer=5-10bp;gc_cont=0.571


Domain annotation for each sequence:
>> NZ_LANJ01000011.1_229  # 237125 # 237553 # -1 # ID=3_229;partial=00;start_type=ATG;rbs_motif=AGGA;rbs_spacer=5-10bp;gc_cont=0.571
   #    score  bias  c-Evalue  i-Evalue hmmfrom  hmm to    alifrom  ali to    envfrom  env to     acc
 ---   ------ ----- --------- --------- ------- -------    ------- -------    ------- -------    ----
   1 !  211.2   1.1   2.7e-67     1e-63       1     139 [.       3     141 ..       3     142 .. 0.99



Internal pipeline statistics summary:
-------------------------------------
Query model(s):                            1  (140 nodes)
Target sequences:                       3757  (1152400 residues searched)
Passed MSV filter:                        64  (0.0170349); expected 75.1 (0.02)
Passed bias filter:                       55  (0.0146393); expected 75.1 (0.02)
Passed Vit filter:                         4  (0.00106468); expected 3.8 (0.001)
Passed Fwd filter:                         1  (0.00026617); expected 0.0 (1e-05)
Initial search space (Z):               3757  [actual number of targets]
Domain search space  (domZ):               1  [number of targets reported over threshold]
# CPU time: 0.02u 0.00s 00:00:00.02 Elapsed: 00:00:00.01
# Mc/sec: 8118.47
//
Query:       TIGR01951  [M=131]
Accession:   TIGR01951
Description: nusB: transcription antitermination factor NusB
Scores for complete sequences (score includes all domains):
   --- full sequence ---   --- best 1 domain ---    -#dom-
    E-value  score  bias    E-value  score  bias    exp  N  Sequence              Description
    ------- ------ -----    ------- ------ -----   ---- --  --------              -----------
    8.6e-38  127.3   0.0    9.8e-38  127.1   0.0    1.0  1  NZ_LANJ01000011.1_504  # 478287 # 478781 # -1 # ID=3_504;partial=00;start_type=ATG;rbs_motif=GGA/GAG/AGG;rbs_spacer=5-10bp;gc_cont=0.636


Domain annotation for each sequence:
>> NZ_LANJ01000011.1_504  # 478287 # 478781 # -1 # ID=3_504;partial=00;start_type=ATG;rbs_motif=GGA/GAG/AGG;rbs_spacer=5-10bp;gc_cont=0.636
   #    score  bias  c-Evalue  i-Evalue hmmfrom  hmm to    alifrom  ali to    envfrom  env to     acc
 ---   ------ ----- --------- --------- ------- -------    ------- -------    ------- -------    ----
   1 !  127.1   0.0   2.6e-41   9.8e-38       2     130 ..      18     155 ..      16     156 .. 0.93



Internal pipeline statistics summary:
-------------------------------------
Query model(s):                            1  (131 nodes)
Target sequences:                       3757  (1152400 residues searched)
Passed MSV filter:                        84  (0.0223583); expected 75.1 (0.02)
Passed bias filter:                       62  (0.0165025); expected 75.1 (0.02)
Passed Vit filter:                         7  (0.00186319); expected 3.8 (0.001)
Passed Fwd filter:                         1  (0.00026617); expected 0.0 (1e-05)
Initial search space (Z):               3757  [actual number of targets]
Domain search space  (domZ):               1  [number of targets reported over threshold]
# CPU time: 0.01u 0.00s 00:00:00.01 Elapsed: 00:00:00.03
# Mc/sec: 4603.84
//
Query:       TIGR01952  [M=141]
Accession:   TIGR01952
Description: nusA_arch: NusA family KH domain protein, archaeal
Scores for complete sequences (score includes all domains):
   --- full sequence ---   --- best 1 domain ---    -#dom-
    E-value  score  bias    E-value  score  bias    exp  N  Sequence Description
    ------- ------ -----    ------- ------ -----   ---- --  -------- -----------

   [No hits detected that satisfy reporting thresholds]


Domain annotation for each sequence:

   [No targets detected that satisfy reporting thresholds]


Internal pipeline statistics summary:
-------------------------------------
Query model(s):                            1  (141 nodes)
Target sequences:                       3757  (1152400 residues searched)
Passed MSV filter:                        86  (0.0228906); expected 75.1 (0.02)
Passed bias filter:                       70  (0.0186319); expected 75.1 (0.02)
Passed Vit filter:                         9  (0.00239553); expected 3.8 (0.001)
Passed Fwd filter:                         2  (0.00053234); expected 0.0 (1e-05)
Initial search space (Z):               3757  [actual number of targets]
Domain search space  (domZ):               0  [number of targets reported over threshold]
# CPU time: 0.02u 0.00s 00:00:00.02 Elapsed: 00:00:00.02
# Mc/sec: 5817.09
//
Query:       TIGR01953  [M=340]
Accession:   TIGR01953
Description: NusA: transcription termination factor NusA
Scores for complete sequences (score includes all domains):
   --- full sequence ---   --- best 1 domain ---    -#dom-
    E-value  score  bias    E-value  score  bias    exp  N  Sequence              Description
    ------- ------ -----    ------- ------ -----   ---- --  --------              -----------
   1.1e-131  436.6   3.0   1.5e-131  436.1   3.0    1.2  1  NZ_LANJ01000016.1_173  # 175377 # 176990 # -1 # ID=8_173;partial=00;start_type=ATG;rbs_motif=AGGAG;rbs_spacer=5-10bp;gc_cont=0.602


Domain annotation for each sequence:
>> NZ_LANJ01000016.1_173  # 175377 # 176990 # -1 # ID=8_173;partial=00;start_type=ATG;rbs_motif=AGGAG;rbs_spacer=5-10bp;gc_cont=0.602
   #    score  bias  c-Evalue  i-Evalue hmmfrom  hmm to    alifrom  ali to    envfrom  env to     acc
 ---   ------ ----- --------- --------- ------- -------    ------- -------    ------- -------    ----
   1 !  436.1   3.0    4e-135  1.5e-131       1     339 [.       9     346 ..       9     347 .. 0.99



Internal pipeline statistics summary:
-------------------------------------
Query model(s):                            1  (340 nodes)
Target sequences:                       3757  (1152400 residues searched)
Passed MSV filter:                        84  (0.0223583); expected 75.1 (0.02)
Passed bias filter:                       65  (0.017301); expected 75.1 (0.02)
Passed Vit filter:                         4  (0.00106468); expected 3.8 (0.001)
Passed Fwd filter:                         2  (0.00053234); expected 0.0 (1e-05)
Initial search space (Z):               3757  [actual number of targets]
Domain search space  (domZ):               1  [number of targets reported over threshold]
# CPU time: 0.05u 0.00s 00:00:00.05 Elapsed: 00:00:00.05
# Mc/sec: 7735.30
//
Query:       TIGR02012  [M=321]
Accession:   TIGR02012
Description: tigrfam_recA: protein RecA
Scores for complete sequences (score includes all domains):
   --- full sequence ---   --- best 1 domain ---    -#dom-
    E-value  score  bias    E-value  score  bias    exp  N  Sequence             Description
    ------- ------ -----    ------- ------ -----   ---- --  --------             -----------
   5.8e-174  575.6   0.5   6.6e-174  575.4   0.5    1.0  1  NZ_LANJ01000045.1_15  # 15133 # 16206 # -1 # ID=40_15;partial=00;start_type=ATG;rbs_motif=AGGAG;rbs_spacer=5-10bp;gc_cont=0.589


Domain annotation for each sequence:
>> NZ_LANJ01000045.1_15  # 15133 # 16206 # -1 # ID=40_15;partial=00;start_type=ATG;rbs_motif=AGGAG;rbs_spacer=5-10bp;gc_cont=0.589
   #    score  bias  c-Evalue  i-Evalue hmmfrom  hmm to    alifrom  ali to    envfrom  env to     acc
 ---   ------ ----- --------- --------- ------- -------    ------- -------    ------- -------    ----
   1 !  575.4   0.5  1.8e-177  6.6e-174       1     321 []      15     335 ..      15     335 .. 1.00



Internal pipeline statistics summary:
-------------------------------------
Query model(s):                            1  (321 nodes)
Target sequences:                       3757  (1152400 residues searched)
Passed MSV filter:                       190  (0.0505723); expected 75.1 (0.02)
Passed bias filter:                      150  (0.0399255); expected 75.1 (0.02)
Passed Vit filter:                        31  (0.00825126); expected 3.8 (0.001)
Passed Fwd filter:                         3  (0.000798509); expected 0.0 (1e-05)
Initial search space (Z):               3757  [actual number of targets]
Domain search space  (domZ):               1  [number of targets reported over threshold]
# CPU time: 0.04u 0.00s 00:00:00.04 Elapsed: 00:00:00.04
# Mc/sec: 8864.32
//
Query:       TIGR02013  [M=1238]
Accession:   TIGR02013
Description: rpoB: DNA-directed RNA polymerase, beta subunit
Scores for complete sequences (score includes all domains):
   --- full sequence ---   --- best 1 domain ---    -#dom-
    E-value  score  bias    E-value  score  bias    exp  N  Sequence              Description
    ------- ------ -----    ------- ------ -----   ---- --  --------              -----------
          0 1939.3   3.3          0 1939.1   3.3    1.0  1  NZ_LANJ01000011.1_225  # 230508 # 234650 # -1 # ID=3_225;partial=00;start_type=ATG;rbs_motif=AGGAG;rbs_spacer=5-10bp;gc_cont=0.592


Domain annotation for each sequence:
>> NZ_LANJ01000011.1_225  # 230508 # 234650 # -1 # ID=3_225;partial=00;start_type=ATG;rbs_motif=AGGAG;rbs_spacer=5-10bp;gc_cont=0.592
   #    score  bias  c-Evalue  i-Evalue hmmfrom  hmm to    alifrom  ali to    envfrom  env to     acc
 ---   ------ ----- --------- --------- ------- -------    ------- -------    ------- -------    ----
   1 ! 1939.1   3.3         0         0       3    1238 .]      10    1356 ..       8    1356 .. 0.97



Internal pipeline statistics summary:
-------------------------------------
Query model(s):                            1  (1238 nodes)
Target sequences:                       3757  (1152400 residues searched)
Passed MSV filter:                       103  (0.0274155); expected 75.1 (0.02)
Passed bias filter:                       79  (0.0210274); expected 75.1 (0.02)
Passed Vit filter:                         7  (0.00186319); expected 3.8 (0.001)
Passed Fwd filter:                         1  (0.00026617); expected 0.0 (1e-05)
Initial search space (Z):               3757  [actual number of targets]
Domain search space  (domZ):               1  [number of targets reported over threshold]
# CPU time: 0.11u 0.03s 00:00:00.14 Elapsed: 00:00:00.12
# Mc/sec: 11027.41
//
Query:       TIGR02027  [M=298]
Accession:   TIGR02027
Description: rpoA: DNA-directed RNA polymerase, alpha subunit
Scores for complete sequences (score includes all domains):
   --- full sequence ---   --- best 1 domain ---    -#dom-
    E-value  score  bias    E-value  score  bias    exp  N  Sequence              Description
    ------- ------ -----    ------- ------ -----   ---- --  --------              -----------
   2.9e-115  382.2   0.0   3.4e-115  382.0   0.0    1.0  1  NZ_LANJ01000011.1_193  # 207340 # 208359 # -1 # ID=3_193;partial=00;start_type=GTG;rbs_motif=AGGA;rbs_spacer=5-10bp;gc_cont=0.569


Domain annotation for each sequence:
>> NZ_LANJ01000011.1_193  # 207340 # 208359 # -1 # ID=3_193;partial=00;start_type=GTG;rbs_motif=AGGA;rbs_spacer=5-10bp;gc_cont=0.569
   #    score  bias  c-Evalue  i-Evalue hmmfrom  hmm to    alifrom  ali to    envfrom  env to     acc
 ---   ------ ----- --------- --------- ------- -------    ------- -------    ------- -------    ----
   1 !  382.0   0.0  9.1e-119  3.4e-115       2     298 .]      28     319 ..      27     319 .. 0.97



Internal pipeline statistics summary:
-------------------------------------
Query model(s):                            1  (298 nodes)
Target sequences:                       3757  (1152400 residues searched)
Passed MSV filter:                        77  (0.0204951); expected 75.1 (0.02)
Passed bias filter:                       63  (0.0167687); expected 75.1 (0.02)
Passed Vit filter:                         4  (0.00106468); expected 3.8 (0.001)
Passed Fwd filter:                         1  (0.00026617); expected 0.0 (1e-05)
Initial search space (Z):               3757  [actual number of targets]
Domain search space  (domZ):               1  [number of targets reported over threshold]
# CPU time: 0.02u 0.01s 00:00:00.03 Elapsed: 00:00:00.03
# Mc/sec: 9651.09
//
Query:       TIGR02075  [M=233]
Accession:   TIGR02075
Description: pyrH_bact: UMP kinase
Scores for complete sequences (score includes all domains):
   --- full sequence ---   --- best 1 domain ---    -#dom-
    E-value  score  bias    E-value  score  bias    exp  N  Sequence              Description
    ------- ------ -----    ------- ------ -----   ---- --  --------              -----------
    9.3e-88  291.5   0.3      1e-87  291.3   0.3    1.0  1  NZ_LANJ01000011.1_143  # 161451 # 162170 # -1 # ID=3_143;partial=00;start_type=ATG;rbs_motif=GGAG/GAGG;rbs_spacer=5-10bp;gc_cont=0.565


Domain annotation for each sequence:
>> NZ_LANJ01000011.1_143  # 161451 # 162170 # -1 # ID=3_143;partial=00;start_type=ATG;rbs_motif=GGAG/GAGG;rbs_spacer=5-10bp;gc_cont=0.565
   #    score  bias  c-Evalue  i-Evalue hmmfrom  hmm to    alifrom  ali to    envfrom  env to     acc
 ---   ------ ----- --------- --------- ------- -------    ------- -------    ------- -------    ----
   1 !  291.3   0.3   2.8e-91     1e-87       1     232 [.       5     235 ..       5     236 .. 0.99



Internal pipeline statistics summary:
-------------------------------------
Query model(s):                            1  (233 nodes)
Target sequences:                       3757  (1152400 residues searched)
Passed MSV filter:                       108  (0.0287463); expected 75.1 (0.02)
Passed bias filter:                       88  (0.0234229); expected 75.1 (0.02)
Passed Vit filter:                        10  (0.0026617); expected 3.8 (0.001)
Passed Fwd filter:                         3  (0.000798509); expected 0.0 (1e-05)
Initial search space (Z):               3757  [actual number of targets]
Domain search space  (domZ):               1  [number of targets reported over threshold]
# CPU time: 0.03u 0.00s 00:00:00.03 Elapsed: 00:00:00.05
# Mc/sec: 5294.24
//
Query:       TIGR02191  [M=219]
Accession:   TIGR02191
Description: RNaseIII: ribonuclease III
Scores for complete sequences (score includes all domains):
   --- full sequence ---   --- best 1 domain ---    -#dom-
    E-value  score  bias    E-value  score  bias    exp  N  Sequence              Description
    ------- ------ -----    ------- ------ -----   ---- --  --------              -----------
    2.5e-71  237.4   0.0    2.8e-71  237.2   0.0    1.0  1  NZ_LANJ01000011.1_524  # 495372 # 496079 # -1 # ID=3_524;partial=00;start_type=GTG;rbs_motif=None;rbs_spacer=None;gc_cont=0.613


Domain annotation for each sequence:
>> NZ_LANJ01000011.1_524  # 495372 # 496079 # -1 # ID=3_524;partial=00;start_type=GTG;rbs_motif=None;rbs_spacer=None;gc_cont=0.613
   #    score  bias  c-Evalue  i-Evalue hmmfrom  hmm to    alifrom  ali to    envfrom  env to     acc
 ---   ------ ----- --------- --------- ------- -------    ------- -------    ------- -------    ----
   1 !  237.2   0.0   7.6e-75   2.8e-71       2     216 ..      12     225 ..      11     228 .. 0.95



Internal pipeline statistics summary:
-------------------------------------
Query model(s):                            1  (219 nodes)
Target sequences:                       3757  (1152400 residues searched)
Passed MSV filter:                        74  (0.0196966); expected 75.1 (0.02)
Passed bias filter:                       56  (0.0149055); expected 75.1 (0.02)
Passed Vit filter:                         3  (0.000798509); expected 3.8 (0.001)
Passed Fwd filter:                         1  (0.00026617); expected 0.0 (1e-05)
Initial search space (Z):               3757  [actual number of targets]
Domain search space  (domZ):               1  [number of targets reported over threshold]
# CPU time: 0.02u 0.00s 00:00:00.02 Elapsed: 00:00:00.02
# Mc/sec: 10763.14
//
Query:       TIGR02236  [M=311]
Accession:   TIGR02236
Description: recomb_radA: DNA repair and recombination protein RadA
Scores for complete sequences (score includes all domains):
   --- full sequence ---   --- best 1 domain ---    -#dom-
    E-value  score  bias    E-value  score  bias    exp  N  Sequence Description
    ------- ------ -----    ------- ------ -----   ---- --  -------- -----------

   [No hits detected that satisfy reporting thresholds]


Domain annotation for each sequence:

   [No targets detected that satisfy reporting thresholds]


Internal pipeline statistics summary:
-------------------------------------
Query model(s):                            1  (311 nodes)
Target sequences:                       3757  (1152400 residues searched)
Passed MSV filter:                       143  (0.0380623); expected 75.1 (0.02)
Passed bias filter:                      112  (0.029811); expected 75.1 (0.02)
Passed Vit filter:                        14  (0.00372638); expected 3.8 (0.001)
Passed Fwd filter:                         2  (0.00053234); expected 0.0 (1e-05)
Initial search space (Z):               3757  [actual number of targets]
Domain search space  (domZ):               0  [number of targets reported over threshold]
# CPU time: 0.05u 0.00s 00:00:00.05 Elapsed: 00:00:00.05
# Mc/sec: 7084.86
//
Query:       TIGR02273  [M=166]
Accession:   TIGR02273
Description: 16S_RimM: 16S rRNA processing protein RimM
Scores for complete sequences (score includes all domains):
   --- full sequence ---   --- best 1 domain ---    -#dom-
    E-value  score  bias    E-value  score  bias    exp  N  Sequence              Description
    ------- ------ -----    ------- ------ -----   ---- --  --------              -----------
    6.9e-38  127.4   0.0    7.7e-38  127.2   0.0    1.0  1  NZ_LANJ01000047.1_158  # 159393 # 159929 # 1 # ID=42_158;partial=00;start_type=ATG;rbs_motif=GGAG/GAGG;rbs_spacer=5-10bp;gc_cont=0.607


Domain annotation for each sequence:
>> NZ_LANJ01000047.1_158  # 159393 # 159929 # 1 # ID=42_158;partial=00;start_type=ATG;rbs_motif=GGAG/GAGG;rbs_spacer=5-10bp;gc_cont=0.607
   #    score  bias  c-Evalue  i-Evalue hmmfrom  hmm to    alifrom  ali to    envfrom  env to     acc
 ---   ------ ----- --------- --------- ------- -------    ------- -------    ------- -------    ----
   1 !  127.2   0.0   2.1e-41   7.7e-38       2     162 ..       8     166 ..       7     170 .. 0.94



Internal pipeline statistics summary:
-------------------------------------
Query model(s):                            1  (166 nodes)
Target sequences:                       3757  (1152400 residues searched)
Passed MSV filter:                        50  (0.0133085); expected 75.1 (0.02)
Passed bias filter:                       46  (0.0122438); expected 75.1 (0.02)
Passed Vit filter:                         5  (0.00133085); expected 3.8 (0.001)
Passed Fwd filter:                         1  (0.00026617); expected 0.0 (1e-05)
Initial search space (Z):               3757  [actual number of targets]
Domain search space  (domZ):               1  [number of targets reported over threshold]
# CPU time: 0.01u 0.00s 00:00:00.01 Elapsed: 00:00:00.02
# Mc/sec: 7458.16
//
Query:       TIGR02338  [M=110]
Accession:   TIGR02338
Description: gimC_beta: prefoldin, beta subunit
Scores for complete sequences (score includes all domains):
   --- full sequence ---   --- best 1 domain ---    -#dom-
    E-value  score  bias    E-value  score  bias    exp  N  Sequence Description
    ------- ------ -----    ------- ------ -----   ---- --  -------- -----------

   [No hits detected that satisfy reporting thresholds]


Domain annotation for each sequence:

   [No targets detected that satisfy reporting thresholds]


Internal pipeline statistics summary:
-------------------------------------
Query model(s):                            1  (110 nodes)
Target sequences:                       3757  (1152400 residues searched)
Passed MSV filter:                       105  (0.0279478); expected 75.1 (0.02)
Passed bias filter:                       78  (0.0207612); expected 75.1 (0.02)
Passed Vit filter:                        10  (0.0026617); expected 3.8 (0.001)
Passed Fwd filter:                         1  (0.00026617); expected 0.0 (1e-05)
Initial search space (Z):               3757  [actual number of targets]
Domain search space  (domZ):               0  [number of targets reported over threshold]
# CPU time: 0.02u 0.00s 00:00:00.02 Elapsed: 00:00:00.01
# Mc/sec: 6990.09
//
Query:       TIGR02350  [M=596]
Accession:   TIGR02350
Description: prok_dnaK: chaperone protein DnaK
Scores for complete sequences (score includes all domains):
   --- full sequence ---   --- best 1 domain ---    -#dom-
    E-value  score  bias    E-value  score  bias    exp  N  Sequence             Description
    ------- ------ -----    ------- ------ -----   ---- --  --------             -----------
   5.3e-300  993.7  16.1   6.1e-300  993.4  16.1    1.0  1  NZ_LANJ01000016.1_21  # 14657 # 16573 # -1 # ID=8_21;partial=00;start_type=ATG;rbs_motif=GGAG/GAGG;rbs_spacer=5-10bp;gc_cont=0.599


Domain annotation for each sequence:
>> NZ_LANJ01000016.1_21  # 14657 # 16573 # -1 # ID=8_21;partial=00;start_type=ATG;rbs_motif=GGAG/GAGG;rbs_spacer=5-10bp;gc_cont=0.599
   #    score  bias  c-Evalue  i-Evalue hmmfrom  hmm to    alifrom  ali to    envfrom  env to     acc
 ---   ------ ----- --------- --------- ------- -------    ------- -------    ------- -------    ----
   1 !  993.4  16.1  1.6e-303  6.1e-300       1     596 []       3     599 ..       3     599 .. 0.99



Internal pipeline statistics summary:
-------------------------------------
Query model(s):                            1  (596 nodes)
Target sequences:                       3757  (1152400 residues searched)
Passed MSV filter:                       147  (0.039127); expected 75.1 (0.02)
Passed bias filter:                      102  (0.0271493); expected 75.1 (0.02)
Passed Vit filter:                        12  (0.00319404); expected 3.8 (0.001)
Passed Fwd filter:                         3  (0.000798509); expected 0.0 (1e-05)
Initial search space (Z):               3757  [actual number of targets]
Domain search space  (domZ):               1  [number of targets reported over threshold]
# CPU time: 0.06u 0.00s 00:00:00.06 Elapsed: 00:00:00.07
# Mc/sec: 8677.65
//
Query:       TIGR02386  [M=1147]
Accession:   TIGR02386
Description: rpoC_TIGR: DNA-directed RNA polymerase, beta' subunit
Scores for complete sequences (score includes all domains):
   --- full sequence ---   --- best 1 domain ---    -#dom-
    E-value  score  bias    E-value  score  bias    exp  N  Sequence              Description
    ------- ------ -----    ------- ------ -----   ---- --  --------              -----------
          0 1791.9   0.1          0 1479.2   0.0    2.2  1  NZ_LANJ01000011.1_224  # 226242 # 230429 # -1 # ID=3_224;partial=00;start_type=ATG;rbs_motif=AGGAG;rbs_spacer=5-10bp;gc_cont=0.590


Domain annotation for each sequence:
>> NZ_LANJ01000011.1_224  # 226242 # 230429 # -1 # ID=3_224;partial=00;start_type=ATG;rbs_motif=AGGAG;rbs_spacer=5-10bp;gc_cont=0.590
   #    score  bias  c-Evalue  i-Evalue hmmfrom  hmm to    alifrom  ali to    envfrom  env to     acc
 ---   ------ ----- --------- --------- ------- -------    ------- -------    ------- -------    ----
   1 ! 1479.2   0.0         0         0       2    1001 ..      23    1027 ..      22    1044 .. 0.96



Internal pipeline statistics summary:
-------------------------------------
Query model(s):                            1  (1147 nodes)
Target sequences:                       3757  (1152400 residues searched)
Passed MSV filter:                        67  (0.0178334); expected 75.1 (0.02)
Passed bias filter:                       55  (0.0146393); expected 75.1 (0.02)
Passed Vit filter:                         6  (0.00159702); expected 3.8 (0.001)
Passed Fwd filter:                         1  (0.00026617); expected 0.0 (1e-05)
Initial search space (Z):               3757  [actual number of targets]
Domain search space  (domZ):               1  [number of targets reported over threshold]
# CPU time: 0.11u 0.01s 00:00:00.12 Elapsed: 00:00:00.12
# Mc/sec: 10993.96
//
Query:       TIGR02389  [M=367]
Accession:   TIGR02389
Description: RNA_pol_rpoA2: DNA-directed RNA polymerase, subunit A''
Scores for complete sequences (score includes all domains):
   --- full sequence ---   --- best 1 domain ---    -#dom-
    E-value  score  bias    E-value  score  bias    exp  N  Sequence Description
    ------- ------ -----    ------- ------ -----   ---- --  -------- -----------

   [No hits detected that satisfy reporting thresholds]


Domain annotation for each sequence:

   [No targets detected that satisfy reporting thresholds]


Internal pipeline statistics summary:
-------------------------------------
Query model(s):                            1  (367 nodes)
Target sequences:                       3757  (1152400 residues searched)
Passed MSV filter:                       111  (0.0295448); expected 75.1 (0.02)
Passed bias filter:                       86  (0.0228906); expected 75.1 (0.02)
Passed Vit filter:                         8  (0.00212936); expected 3.8 (0.001)
Passed Fwd filter:                         1  (0.00026617); expected 0.0 (1e-05)
Initial search space (Z):               3757  [actual number of targets]
Domain search space  (domZ):               0  [number of targets reported over threshold]
# CPU time: 0.03u 0.01s 00:00:00.04 Elapsed: 00:00:00.03
# Mc/sec: 11649.91
//
Query:       TIGR02390  [M=867]
Accession:   TIGR02390
Description: RNA_pol_rpoA1: DNA-directed RNA polymerase subunit A'
Scores for complete sequences (score includes all domains):
   --- full sequence ---   --- best 1 domain ---    -#dom-
    E-value  score  bias    E-value  score  bias    exp  N  Sequence Description
    ------- ------ -----    ------- ------ -----   ---- --  -------- -----------

   [No hits detected that satisfy reporting thresholds]


Domain annotation for each sequence:

   [No targets detected that satisfy reporting thresholds]


Internal pipeline statistics summary:
-------------------------------------
Query model(s):                            1  (867 nodes)
Target sequences:                       3757  (1152400 residues searched)
Passed MSV filter:                        57  (0.0151717); expected 75.1 (0.02)
Passed bias filter:                       50  (0.0133085); expected 75.1 (0.02)
Passed Vit filter:                         8  (0.00212936); expected 3.8 (0.001)
Passed Fwd filter:                         1  (0.00026617); expected 0.0 (1e-05)
Initial search space (Z):               3757  [actual number of targets]
Domain search space  (domZ):               0  [number of targets reported over threshold]
# CPU time: 0.09u 0.00s 00:00:00.09 Elapsed: 00:00:00.08
# Mc/sec: 11686.12
//
Query:       TIGR02397  [M=355]
Accession:   TIGR02397
Description: dnaX_nterm: DNA polymerase III, subunit gamma and tau
Scores for complete sequences (score includes all domains):
   --- full sequence ---   --- best 1 domain ---    -#dom-
    E-value  score  bias    E-value  score  bias    exp  N  Sequence              Description
    ------- ------ -----    ------- ------ -----   ---- --  --------              -----------
   1.2e-119  397.4   0.0   1.5e-119  397.1   0.0    1.1  1  NZ_LANJ01000016.1_659  # 674687 # 676432 # -1 # ID=8_659;partial=00;start_type=ATG;rbs_motif=None;rbs_spacer=None;gc_cont=0.628


Domain annotation for each sequence:
>> NZ_LANJ01000016.1_659  # 674687 # 676432 # -1 # ID=8_659;partial=00;start_type=ATG;rbs_motif=None;rbs_spacer=None;gc_cont=0.628
   #    score  bias  c-Evalue  i-Evalue hmmfrom  hmm to    alifrom  ali to    envfrom  env to     acc
 ---   ------ ----- --------- --------- ------- -------    ------- -------    ------- -------    ----
   1 !  397.1   0.0  4.1e-123  1.5e-119       1     354 [.      11     370 ..      11     371 .. 0.97



Internal pipeline statistics summary:
-------------------------------------
Query model(s):                            1  (355 nodes)
Target sequences:                       3757  (1152400 residues searched)
Passed MSV filter:                       227  (0.0604205); expected 75.1 (0.02)
Passed bias filter:                      214  (0.0569603); expected 75.1 (0.02)
Passed Vit filter:                        82  (0.0218259); expected 3.8 (0.001)
Passed Fwd filter:                         9  (0.00239553); expected 0.0 (1e-05)
Initial search space (Z):               3757  [actual number of targets]
Domain search space  (domZ):               1  [number of targets reported over threshold]
# CPU time: 0.08u 0.00s 00:00:00.08 Elapsed: 00:00:00.07
# Mc/sec: 5212.49
//
Query:       TIGR02432  [M=189]
Accession:   TIGR02432
Description: lysidine_TilS_N: tRNA(Ile)-lysidine synthetase
Scores for complete sequences (score includes all domains):
   --- full sequence ---   --- best 1 domain ---    -#dom-
    E-value  score  bias    E-value  score  bias    exp  N  Sequence              Description
    ------- ------ -----    ------- ------ -----   ---- --  --------              -----------
    1.3e-39  133.8   0.0    1.6e-39  133.5   0.0    1.1  1  NZ_LANJ01000004.1_113  # 123843 # 125117 # -1 # ID=34_113;partial=00;start_type=ATG;rbs_motif=GGA/GAG/AGG;rbs_spacer=5-10bp;gc_cont=0.645


Domain annotation for each sequence:
>> NZ_LANJ01000004.1_113  # 123843 # 125117 # -1 # ID=34_113;partial=00;start_type=ATG;rbs_motif=GGA/GAG/AGG;rbs_spacer=5-10bp;gc_cont=0.645
   #    score  bias  c-Evalue  i-Evalue hmmfrom  hmm to    alifrom  ali to    envfrom  env to     acc
 ---   ------ ----- --------- --------- ------- -------    ------- -------    ------- -------    ----
   1 !  133.5   0.0   4.2e-43   1.6e-39       3     186 ..      29     209 ..      27     212 .. 0.92



Internal pipeline statistics summary:
-------------------------------------
Query model(s):                            1  (189 nodes)
Target sequences:                       3757  (1152400 residues searched)
Passed MSV filter:                        75  (0.0199627); expected 75.1 (0.02)
Passed bias filter:                       66  (0.0175672); expected 75.1 (0.02)
Passed Vit filter:                        14  (0.00372638); expected 3.8 (0.001)
Passed Fwd filter:                         5  (0.00133085); expected 0.0 (1e-05)
Initial search space (Z):               3757  [actual number of targets]
Domain search space  (domZ):               1  [number of targets reported over threshold]
# CPU time: 0.02u 0.00s 00:00:00.02 Elapsed: 00:00:00.01
# Mc/sec: 10911.44
//
Query:       TIGR02729  [M=329]
Accession:   TIGR02729
Description: Obg_CgtA: Obg family GTPase CgtA
Scores for complete sequences (score includes all domains):
   --- full sequence ---   --- best 1 domain ---    -#dom-
    E-value  score  bias    E-value  score  bias    exp  N  Sequence             Description
    ------- ------ -----    ------- ------ -----   ---- --  --------             -----------
   6.3e-134  443.8   2.3   7.2e-134  443.6   2.3    1.0  1  NZ_LANJ01000047.1_32  # 33695 # 34738 # 1 # ID=42_32;partial=00;start_type=ATG;rbs_motif=GGA/GAG/AGG;rbs_spacer=5-10bp;gc_cont=0.610


Domain annotation for each sequence:
>> NZ_LANJ01000047.1_32  # 33695 # 34738 # 1 # ID=42_32;partial=00;start_type=ATG;rbs_motif=GGA/GAG/AGG;rbs_spacer=5-10bp;gc_cont=0.610
   #    score  bias  c-Evalue  i-Evalue hmmfrom  hmm to    alifrom  ali to    envfrom  env to     acc
 ---   ------ ----- --------- --------- ------- -------    ------- -------    ------- -------    ----
   1 !  443.6   2.3  1.9e-137  7.2e-134       1     328 [.       3     326 ..       3     327 .. 0.99



Internal pipeline statistics summary:
-------------------------------------
Query model(s):                            1  (329 nodes)
Target sequences:                       3757  (1152400 residues searched)
Passed MSV filter:                       249  (0.0662763); expected 75.1 (0.02)
Passed bias filter:                      207  (0.0550972); expected 75.1 (0.02)
Passed Vit filter:                        64  (0.0170349); expected 3.8 (0.001)
Passed Fwd filter:                         8  (0.00212936); expected 0.0 (1e-05)
Initial search space (Z):               3757  [actual number of targets]
Domain search space  (domZ):               1  [number of targets reported over threshold]
# CPU time: 0.08u 0.00s 00:00:00.08 Elapsed: 00:00:00.08
# Mc/sec: 4422.26
//
Query:       TIGR03263  [M=180]
Accession:   TIGR03263
Description: guanyl_kin: guanylate kinase
Scores for complete sequences (score includes all domains):
   --- full sequence ---   --- best 1 domain ---    -#dom-
    E-value  score  bias    E-value  score  bias    exp  N  Sequence              Description
    ------- ------ -----    ------- ------ -----   ---- --  --------              -----------
    2.2e-68  227.1   0.0    2.6e-68  226.9   0.0    1.0  1  NZ_LANJ01000011.1_589  # 563812 # 564450 # -1 # ID=3_589;partial=00;start_type=ATG;rbs_motif=GGA/GAG/AGG;rbs_spacer=5-10bp;gc_cont=0.585


Domain annotation for each sequence:
>> NZ_LANJ01000011.1_589  # 563812 # 564450 # -1 # ID=3_589;partial=00;start_type=ATG;rbs_motif=GGA/GAG/AGG;rbs_spacer=5-10bp;gc_cont=0.585
   #    score  bias  c-Evalue  i-Evalue hmmfrom  hmm to    alifrom  ali to    envfrom  env to     acc
 ---   ------ ----- --------- --------- ------- -------    ------- -------    ------- -------    ----
   1 !  226.9   0.0   6.9e-72   2.6e-68       2     179 ..       8     186 ..       7     187 .. 0.98



Internal pipeline statistics summary:
-------------------------------------
Query model(s):                            1  (180 nodes)
Target sequences:                       3757  (1152400 residues searched)
Passed MSV filter:                       293  (0.0779878); expected 75.1 (0.02)
Passed bias filter:                      284  (0.0755922); expected 75.1 (0.02)
Passed Vit filter:                       141  (0.0375299); expected 3.8 (0.001)
Passed Fwd filter:                        31  (0.00825126); expected 0.0 (1e-05)
Initial search space (Z):               3757  [actual number of targets]
Domain search space  (domZ):               1  [number of targets reported over threshold]
# CPU time: 0.06u 0.00s 00:00:00.06 Elapsed: 00:00:00.05
# Mc/sec: 3481.91
//
Query:       TIGR03594  [M=432]
Accession:   TIGR03594
Description: GTPase_EngA: ribosome-associated GTPase EngA
Scores for complete sequences (score includes all domains):
   --- full sequence ---   --- best 1 domain ---    -#dom-
    E-value  score  bias    E-value  score  bias    exp  N  Sequence              Description
    ------- ------ -----    ------- ------ -----   ---- --  --------              -----------
   5.8e-163  540.6   0.0   6.7e-163  540.4   0.0    1.0  1  NZ_LANJ01000011.1_611  # 585091 # 586548 # -1 # ID=3_611;partial=00;start_type=ATG;rbs_motif=GGA/GAG/AGG;rbs_spacer=5-10bp;gc_cont=0.621


Domain annotation for each sequence:
>> NZ_LANJ01000011.1_611  # 585091 # 586548 # -1 # ID=3_611;partial=00;start_type=ATG;rbs_motif=GGA/GAG/AGG;rbs_spacer=5-10bp;gc_cont=0.621
   #    score  bias  c-Evalue  i-Evalue hmmfrom  hmm to    alifrom  ali to    envfrom  env to     acc
 ---   ------ ----- --------- --------- ------- -------    ------- -------    ------- -------    ----
   1 !  540.4   0.0  1.8e-166  6.7e-163       2     432 .]       4     469 ..       3     469 .. 0.95



Internal pipeline statistics summary:
-------------------------------------
Query model(s):                            1  (432 nodes)
Target sequences:                       3757  (1152400 residues searched)
Passed MSV filter:                       218  (0.058025); expected 75.1 (0.02)
Passed bias filter:                      200  (0.053234); expected 75.1 (0.02)
Passed Vit filter:                        80  (0.0212936); expected 3.8 (0.001)
Passed Fwd filter:                        17  (0.00452489); expected 0.0 (1e-05)
Initial search space (Z):               3757  [actual number of targets]
Domain search space  (domZ):               1  [number of targets reported over threshold]
# CPU time: 0.10u 0.00s 00:00:00.10 Elapsed: 00:00:00.11
# Mc/sec: 4206.04
//
Query:       TIGR03625  [M=202]
Accession:   TIGR03625
Description: L3_bact: 50S ribosomal protein uL3
Scores for complete sequences (score includes all domains):
   --- full sequence ---   --- best 1 domain ---    -#dom-
    E-value  score  bias    E-value  score  bias    exp  N  Sequence              Description
    ------- ------ -----    ------- ------ -----   ---- --  --------              -----------
    4.4e-83  275.8   8.0    5.1e-83  275.6   8.0    1.0  1  NZ_LANJ01000011.1_217  # 219796 # 220497 # -1 # ID=3_217;partial=00;start_type=ATG;rbs_motif=GGA/GAG/AGG;rbs_spacer=5-10bp;gc_cont=0.604


Domain annotation for each sequence:
>> NZ_LANJ01000011.1_217  # 219796 # 220497 # -1 # ID=3_217;partial=00;start_type=ATG;rbs_motif=GGA/GAG/AGG;rbs_spacer=5-10bp;gc_cont=0.604
   #    score  bias  c-Evalue  i-Evalue hmmfrom  hmm to    alifrom  ali to    envfrom  env to     acc
 ---   ------ ----- --------- --------- ------- -------    ------- -------    ------- -------    ----
   1 !  275.6   8.0   1.4e-86   5.1e-83       1     202 []       4     205 ..       4     205 .. 0.99



Internal pipeline statistics summary:
-------------------------------------
Query model(s):                            1  (202 nodes)
Target sequences:                       3757  (1152400 residues searched)
Passed MSV filter:                        70  (0.0186319); expected 75.1 (0.02)
Passed bias filter:                       61  (0.0162364); expected 75.1 (0.02)
Passed Vit filter:                         9  (0.00239553); expected 3.8 (0.001)
Passed Fwd filter:                         1  (0.00026617); expected 0.0 (1e-05)
Initial search space (Z):               3757  [actual number of targets]
Domain search space  (domZ):               1  [number of targets reported over threshold]
# CPU time: 0.02u 0.00s 00:00:00.02 Elapsed: 00:00:00.02
# Mc/sec: 9891.45
//
Query:       TIGR03626  [M=331]
Accession:   TIGR03626
Description: L3_arch: ribosomal protein uL3
Scores for complete sequences (score includes all domains):
   --- full sequence ---   --- best 1 domain ---    -#dom-
    E-value  score  bias    E-value  score  bias    exp  N  Sequence Description
    ------- ------ -----    ------- ------ -----   ---- --  -------- -----------

   [No hits detected that satisfy reporting thresholds]


Domain annotation for each sequence:

   [No targets detected that satisfy reporting thresholds]


Internal pipeline statistics summary:
-------------------------------------
Query model(s):                            1  (331 nodes)
Target sequences:                       3757  (1152400 residues searched)
Passed MSV filter:                        73  (0.0194304); expected 75.1 (0.02)
Passed bias filter:                       63  (0.0167687); expected 75.1 (0.02)
Passed Vit filter:                         4  (0.00106468); expected 3.8 (0.001)
Passed Fwd filter:                         1  (0.00026617); expected 0.0 (1e-05)
Initial search space (Z):               3757  [actual number of targets]
Domain search space  (domZ):               0  [number of targets reported over threshold]
# CPU time: 0.04u 0.00s 00:00:00.04 Elapsed: 00:00:00.03
# Mc/sec: 10812.52
//
Query:       TIGR03627  [M=130]
Accession:   TIGR03627
Description: uS9_arch: ribosomal protein uS9
Scores for complete sequences (score includes all domains):
   --- full sequence ---   --- best 1 domain ---    -#dom-
    E-value  score  bias    E-value  score  bias    exp  N  Sequence Description
    ------- ------ -----    ------- ------ -----   ---- --  -------- -----------

   [No hits detected that satisfy reporting thresholds]


Domain annotation for each sequence:

   [No targets detected that satisfy reporting thresholds]


Internal pipeline statistics summary:
-------------------------------------
Query model(s):                            1  (130 nodes)
Target sequences:                       3757  (1152400 residues searched)
Passed MSV filter:                       167  (0.0444504); expected 75.1 (0.02)
Passed bias filter:                      139  (0.0369976); expected 75.1 (0.02)
Passed Vit filter:                        12  (0.00319404); expected 3.8 (0.001)
Passed Fwd filter:                         1  (0.00026617); expected 0.0 (1e-05)
Initial search space (Z):               3757  [actual number of targets]
Domain search space  (domZ):               0  [number of targets reported over threshold]
# CPU time: 0.02u 0.00s 00:00:00.02 Elapsed: 00:00:00.03
# Mc/sec: 3975.02
//
Query:       TIGR03628  [M=117]
Accession:   TIGR03628
Description: arch_S11P: ribosomal protein uS11
Scores for complete sequences (score includes all domains):
   --- full sequence ---   --- best 1 domain ---    -#dom-
    E-value  score  bias    E-value  score  bias    exp  N  Sequence Description
    ------- ------ -----    ------- ------ -----   ---- --  -------- -----------

   [No hits detected that satisfy reporting thresholds]


Domain annotation for each sequence:

   [No targets detected that satisfy reporting thresholds]


Internal pipeline statistics summary:
-------------------------------------
Query model(s):                            1  (117 nodes)
Target sequences:                       3757  (1152400 residues searched)
Passed MSV filter:                       162  (0.0431195); expected 75.1 (0.02)
Passed bias filter:                      100  (0.026617); expected 75.1 (0.02)
Passed Vit filter:                         9  (0.00239553); expected 3.8 (0.001)
Passed Fwd filter:                         1  (0.00026617); expected 0.0 (1e-05)
Initial search space (Z):               3757  [actual number of targets]
Domain search space  (domZ):               0  [number of targets reported over threshold]
# CPU time: 0.02u 0.00s 00:00:00.02 Elapsed: 00:00:00.02
# Mc/sec: 4867.83
//
Query:       TIGR03629  [M=144]
Accession:   TIGR03629
Description: uS13_arch: ribosomal protein uS13
Scores for complete sequences (score includes all domains):
   --- full sequence ---   --- best 1 domain ---    -#dom-
    E-value  score  bias    E-value  score  bias    exp  N  Sequence Description
    ------- ------ -----    ------- ------ -----   ---- --  -------- -----------

   [No hits detected that satisfy reporting thresholds]


Domain annotation for each sequence:

   [No targets detected that satisfy reporting thresholds]


Internal pipeline statistics summary:
-------------------------------------
Query model(s):                            1  (144 nodes)
Target sequences:                       3757  (1152400 residues searched)
Passed MSV filter:                        99  (0.0263508); expected 75.1 (0.02)
Passed bias filter:                       85  (0.0226244); expected 75.1 (0.02)
Passed Vit filter:                         6  (0.00159702); expected 3.8 (0.001)
Passed Fwd filter:                         1  (0.00026617); expected 0.0 (1e-05)
Initial search space (Z):               3757  [actual number of targets]
Domain search space  (domZ):               0  [number of targets reported over threshold]
# CPU time: 0.02u 0.00s 00:00:00.02 Elapsed: 00:00:00.01
# Mc/sec: 10892.30
//
Query:       TIGR03632  [M=117]
Accession:   TIGR03632
Description: uS11_bact: ribosomal protein uS11
Scores for complete sequences (score includes all domains):
   --- full sequence ---   --- best 1 domain ---    -#dom-
    E-value  score  bias    E-value  score  bias    exp  N  Sequence              Description
    ------- ------ -----    ------- ------ -----   ---- --  --------              -----------
    1.9e-59  197.0   1.5    2.3e-59  196.7   1.5    1.0  1  NZ_LANJ01000011.1_194  # 208466 # 208858 # -1 # ID=3_194;partial=00;start_type=ATG;rbs_motif=GGAG/GAGG;rbs_spacer=5-10bp;gc_cont=0.603


Domain annotation for each sequence:
>> NZ_LANJ01000011.1_194  # 208466 # 208858 # -1 # ID=3_194;partial=00;start_type=ATG;rbs_motif=GGAG/GAGG;rbs_spacer=5-10bp;gc_cont=0.603
   #    score  bias  c-Evalue  i-Evalue hmmfrom  hmm to    alifrom  ali to    envfrom  env to     acc
 ---   ------ ----- --------- --------- ------- -------    ------- -------    ------- -------    ----
   1 !  196.7   1.5   6.2e-63   2.3e-59       1     117 []      11     127 ..      11     127 .. 0.99



Internal pipeline statistics summary:
-------------------------------------
Query model(s):                            1  (117 nodes)
Target sequences:                       3757  (1152400 residues searched)
Passed MSV filter:                       144  (0.0383285); expected 75.1 (0.02)
Passed bias filter:                      124  (0.0330051); expected 75.1 (0.02)
Passed Vit filter:                        15  (0.00399255); expected 3.8 (0.001)
Passed Fwd filter:                         1  (0.00026617); expected 0.0 (1e-05)
Initial search space (Z):               3757  [actual number of targets]
Domain search space  (domZ):               1  [number of targets reported over threshold]
# CPU time: 0.02u 0.00s 00:00:00.02 Elapsed: 00:00:00.01
# Mc/sec: 9401.49
//
Query:       TIGR03654  [M=175]
Accession:   TIGR03654
Description: L6_bact: ribosomal protein uL6
Scores for complete sequences (score includes all domains):
   --- full sequence ---   --- best 1 domain ---    -#dom-
    E-value  score  bias    E-value  score  bias    exp  N  Sequence              Description
    ------- ------ -----    ------- ------ -----   ---- --  --------              -----------
      5e-73  242.3   0.9    5.6e-73  242.1   0.9    1.0  1  NZ_LANJ01000011.1_202  # 213172 # 213705 # -1 # ID=3_202;partial=00;start_type=ATG;rbs_motif=AGGA/GGAG/GAGG;rbs_spacer=11-12bp;gc_cont=0.577


Domain annotation for each sequence:
>> NZ_LANJ01000011.1_202  # 213172 # 213705 # -1 # ID=3_202;partial=00;start_type=ATG;rbs_motif=AGGA/GGAG/GAGG;rbs_spacer=11-12bp;gc_cont=0.577
   #    score  bias  c-Evalue  i-Evalue hmmfrom  hmm to    alifrom  ali to    envfrom  env to     acc
 ---   ------ ----- --------- --------- ------- -------    ------- -------    ------- -------    ----
   1 !  242.1   0.9   1.5e-76   5.6e-73       1     175 []       2     176 ..       2     176 .. 1.00



Internal pipeline statistics summary:
-------------------------------------
Query model(s):                            1  (175 nodes)
Target sequences:                       3757  (1152400 residues searched)
Passed MSV filter:                        52  (0.0138408); expected 75.1 (0.02)
Passed bias filter:                       45  (0.0119776); expected 75.1 (0.02)
Passed Vit filter:                         3  (0.000798509); expected 3.8 (0.001)
Passed Fwd filter:                         1  (0.00026617); expected 0.0 (1e-05)
Initial search space (Z):               3757  [actual number of targets]
Domain search space  (domZ):               1  [number of targets reported over threshold]
# CPU time: 0.01u 0.00s 00:00:00.01 Elapsed: 00:00:00.02
# Mc/sec: 9168.67
//
Query:       TIGR03670  [M=599]
Accession:   TIGR03670
Description: rpoB_arch: DNA-directed RNA polymerase subunit B
Scores for complete sequences (score includes all domains):
   --- full sequence ---   --- best 1 domain ---    -#dom-
    E-value  score  bias    E-value  score  bias    exp  N  Sequence Description
    ------- ------ -----    ------- ------ -----   ---- --  -------- -----------

   [No hits detected that satisfy reporting thresholds]


Domain annotation for each sequence:

   [No targets detected that satisfy reporting thresholds]


Internal pipeline statistics summary:
-------------------------------------
Query model(s):                            1  (599 nodes)
Target sequences:                       3757  (1152400 residues searched)
Passed MSV filter:                        73  (0.0194304); expected 75.1 (0.02)
Passed bias filter:                       66  (0.0175672); expected 75.1 (0.02)
Passed Vit filter:                         2  (0.00053234); expected 3.8 (0.001)
Passed Fwd filter:                         1  (0.00026617); expected 0.0 (1e-05)
Initial search space (Z):               3757  [actual number of targets]
Domain search space  (domZ):               0  [number of targets reported over threshold]
# CPU time: 0.05u 0.01s 00:00:00.06 Elapsed: 00:00:00.04
# Mc/sec: 14498.62
//
Query:       TIGR03671  [M=410]
Accession:   TIGR03671
Description: cca_archaeal: CCA-adding enzyme
Scores for complete sequences (score includes all domains):
   --- full sequence ---   --- best 1 domain ---    -#dom-
    E-value  score  bias    E-value  score  bias    exp  N  Sequence Description
    ------- ------ -----    ------- ------ -----   ---- --  -------- -----------

   [No hits detected that satisfy reporting thresholds]


Domain annotation for each sequence:

   [No targets detected that satisfy reporting thresholds]


Internal pipeline statistics summary:
-------------------------------------
Query model(s):                            1  (410 nodes)
Target sequences:                       3757  (1152400 residues searched)
Passed MSV filter:                        68  (0.0180995); expected 75.1 (0.02)
Passed bias filter:                       59  (0.015704); expected 75.1 (0.02)
Passed Vit filter:                         6  (0.00159702); expected 3.8 (0.001)
Passed Fwd filter:                         1  (0.00026617); expected 0.0 (1e-05)
Initial search space (Z):               3757  [actual number of targets]
Domain search space  (domZ):               0  [number of targets reported over threshold]
# CPU time: 0.04u 0.00s 00:00:00.04 Elapsed: 00:00:00.03
# Mc/sec: 11929.52
//
Query:       TIGR03672  [M=251]
Accession:   TIGR03672
Description: rpl4p_arch: 50S ribosomal protein uL4
Scores for complete sequences (score includes all domains):
   --- full sequence ---   --- best 1 domain ---    -#dom-
    E-value  score  bias    E-value  score  bias    exp  N  Sequence Description
    ------- ------ -----    ------- ------ -----   ---- --  -------- -----------

   [No hits detected that satisfy reporting thresholds]


Domain annotation for each sequence:

   [No targets detected that satisfy reporting thresholds]


Internal pipeline statistics summary:
-------------------------------------
Query model(s):                            1  (251 nodes)
Target sequences:                       3757  (1152400 residues searched)
Passed MSV filter:                       111  (0.0295448); expected 75.1 (0.02)
Passed bias filter:                       74  (0.0196966); expected 75.1 (0.02)
Passed Vit filter:                         6  (0.00159702); expected 3.8 (0.001)
Passed Fwd filter:                         1  (0.00026617); expected 0.0 (1e-05)
Initial search space (Z):               3757  [actual number of targets]
Domain search space  (domZ):               0  [number of targets reported over threshold]
# CPU time: 0.02u 0.00s 00:00:00.02 Elapsed: 00:00:00.02
# Mc/sec: 13771.60
//
Query:       TIGR03673  [M=131]
Accession:   TIGR03673
Description: uL14_arch: 50S ribosomal protein uL14
Scores for complete sequences (score includes all domains):
   --- full sequence ---   --- best 1 domain ---    -#dom-
    E-value  score  bias    E-value  score  bias    exp  N  Sequence Description
    ------- ------ -----    ------- ------ -----   ---- --  -------- -----------

   [No hits detected that satisfy reporting thresholds]


Domain annotation for each sequence:

   [No targets detected that satisfy reporting thresholds]


Internal pipeline statistics summary:
-------------------------------------
Query model(s):                            1  (131 nodes)
Target sequences:                       3757  (1152400 residues searched)
Passed MSV filter:                       102  (0.0271493); expected 75.1 (0.02)
Passed bias filter:                       70  (0.0186319); expected 75.1 (0.02)
Passed Vit filter:                         5  (0.00133085); expected 3.8 (0.001)
Passed Fwd filter:                         1  (0.00026617); expected 0.0 (1e-05)
Initial search space (Z):               3757  [actual number of targets]
Domain search space  (domZ):               0  [number of targets reported over threshold]
# CPU time: 0.01u 0.00s 00:00:00.01 Elapsed: 00:00:00.01
# Mc/sec: 7858.77
//
Query:       TIGR03674  [M=338]
Accession:   TIGR03674
Description: fen_arch: flap structure-specific endonuclease
Scores for complete sequences (score includes all domains):
   --- full sequence ---   --- best 1 domain ---    -#dom-
    E-value  score  bias    E-value  score  bias    exp  N  Sequence Description
    ------- ------ -----    ------- ------ -----   ---- --  -------- -----------

   [No hits detected that satisfy reporting thresholds]


Domain annotation for each sequence:

   [No targets detected that satisfy reporting thresholds]


Internal pipeline statistics summary:
-------------------------------------
Query model(s):                            1  (338 nodes)
Target sequences:                       3757  (1152400 residues searched)
Passed MSV filter:                        95  (0.0252861); expected 75.1 (0.02)
Passed bias filter:                       78  (0.0207612); expected 75.1 (0.02)
Passed Vit filter:                         6  (0.00159702); expected 3.8 (0.001)
Passed Fwd filter:                         2  (0.00053234); expected 0.0 (1e-05)
Initial search space (Z):               3757  [actual number of targets]
Domain search space  (domZ):               0  [number of targets reported over threshold]
# CPU time: 0.03u 0.00s 00:00:00.03 Elapsed: 00:00:00.03
# Mc/sec: 9948.09
//
Query:       TIGR03676  [M=403]
Accession:   TIGR03676
Description: aRF1/eRF1: peptide chain release factor 1, archaeal and eukaryotic forms
Scores for complete sequences (score includes all domains):
   --- full sequence ---   --- best 1 domain ---    -#dom-
    E-value  score  bias    E-value  score  bias    exp  N  Sequence Description
    ------- ------ -----    ------- ------ -----   ---- --  -------- -----------

   [No hits detected that satisfy reporting thresholds]


Domain annotation for each sequence:

   [No targets detected that satisfy reporting thresholds]


Internal pipeline statistics summary:
-------------------------------------
Query model(s):                            1  (403 nodes)
Target sequences:                       3757  (1152400 residues searched)
Passed MSV filter:                        86  (0.0228906); expected 75.1 (0.02)
Passed bias filter:                       78  (0.0207612); expected 75.1 (0.02)
Passed Vit filter:                         7  (0.00186319); expected 3.8 (0.001)
Passed Fwd filter:                         0  (0); expected 0.0 (1e-05)
Initial search space (Z):               3757  [actual number of targets]
Domain search space  (domZ):               0  [number of targets reported over threshold]
# CPU time: 0.04u 0.00s 00:00:00.04 Elapsed: 00:00:00.04
# Mc/sec: 11343.18
//
Query:       TIGR03680  [M=407]
Accession:   TIGR03680
Description: eif2g_arch: translation initiation factor 2, gamma subunit
Scores for complete sequences (score includes all domains):
   --- full sequence ---   --- best 1 domain ---    -#dom-
    E-value  score  bias    E-value  score  bias    exp  N  Sequence Description
    ------- ------ -----    ------- ------ -----   ---- --  -------- -----------

   [No hits detected that satisfy reporting thresholds]


Domain annotation for each sequence:

   [No targets detected that satisfy reporting thresholds]


Internal pipeline statistics summary:
-------------------------------------
Query model(s):                            1  (407 nodes)
Target sequences:                       3757  (1152400 residues searched)
Passed MSV filter:                       125  (0.0332712); expected 75.1 (0.02)
Passed bias filter:                      108  (0.0287463); expected 75.1 (0.02)
Passed Vit filter:                        23  (0.00612191); expected 3.8 (0.001)
Passed Fwd filter:                         9  (0.00239553); expected 0.0 (1e-05)
Initial search space (Z):               3757  [actual number of targets]
Domain search space  (domZ):               0  [number of targets reported over threshold]
# CPU time: 0.08u 0.00s 00:00:00.08 Elapsed: 00:00:00.08
# Mc/sec: 5629.70
//
Query:       TIGR03723  [M=314]
Accession:   TIGR03723
Description: T6A_TsaD_YgjD: tRNA threonylcarbamoyl adenosine modification protein TsaD
Scores for complete sequences (score includes all domains):
   --- full sequence ---   --- best 1 domain ---    -#dom-
    E-value  score  bias    E-value  score  bias    exp  N  Sequence             Description
    ------- ------ -----    ------- ------ -----   ---- --  --------             -----------
     2e-121  402.6   0.2   2.3e-121  402.5   0.2    1.0  1  NZ_LANJ01000047.1_65  # 66064 # 67143 # -1 # ID=42_65;partial=00;start_type=GTG;rbs_motif=4Base/6BMM;rbs_spacer=13-15bp;gc_cont=0.645


Domain annotation for each sequence:
>> NZ_LANJ01000047.1_65  # 66064 # 67143 # -1 # ID=42_65;partial=00;start_type=GTG;rbs_motif=4Base/6BMM;rbs_spacer=13-15bp;gc_cont=0.645
   #    score  bias  c-Evalue  i-Evalue hmmfrom  hmm to    alifrom  ali to    envfrom  env to     acc
 ---   ------ ----- --------- --------- ------- -------    ------- -------    ------- -------    ----
   1 !  402.5   0.2  6.1e-125  2.3e-121       1     313 [.       9     329 ..       9     330 .. 0.97



Internal pipeline statistics summary:
-------------------------------------
Query model(s):                            1  (314 nodes)
Target sequences:                       3757  (1152400 residues searched)
Passed MSV filter:                        97  (0.0258185); expected 75.1 (0.02)
Passed bias filter:                       71  (0.0188981); expected 75.1 (0.02)
Passed Vit filter:                         8  (0.00212936); expected 3.8 (0.001)
Passed Fwd filter:                         2  (0.00053234); expected 0.0 (1e-05)
Initial search space (Z):               3757  [actual number of targets]
Domain search space  (domZ):               1  [number of targets reported over threshold]
# CPU time: 0.03u 0.00s 00:00:00.03 Elapsed: 00:00:00.03
# Mc/sec: 10171.57
//
Query:       TIGR03725  [M=212]
Accession:   TIGR03725
Description: T6A_YeaZ: tRNA threonylcarbamoyl adenosine modification protein YeaZ
Scores for complete sequences (score includes all domains):
   --- full sequence ---   --- best 1 domain ---    -#dom-
    E-value  score  bias    E-value  score  bias    exp  N  Sequence              Description
    ------- ------ -----    ------- ------ -----   ---- --  --------              -----------
    1.4e-38  130.7   0.5    1.5e-38  130.7   0.5    1.1  1  NZ_LANJ01000016.1_182  # 183542 # 184144 # 1 # ID=8_182;partial=00;start_type=ATG;rbs_motif=GGA/GAG/AGG;rbs_spacer=5-10bp;gc_cont=0.668


Domain annotation for each sequence:
>> NZ_LANJ01000016.1_182  # 183542 # 184144 # 1 # ID=8_182;partial=00;start_type=ATG;rbs_motif=GGA/GAG/AGG;rbs_spacer=5-10bp;gc_cont=0.668
   #    score  bias  c-Evalue  i-Evalue hmmfrom  hmm to    alifrom  ali to    envfrom  env to     acc
 ---   ------ ----- --------- --------- ------- -------    ------- -------    ------- -------    ----
   1 !  130.7   0.5   3.9e-42   1.5e-38       2     164 ..       5     161 ..       4     200 .. 0.77



Internal pipeline statistics summary:
-------------------------------------
Query model(s):                            1  (212 nodes)
Target sequences:                       3757  (1152400 residues searched)
Passed MSV filter:                       172  (0.0457812); expected 75.1 (0.02)
Passed bias filter:                      110  (0.0292787); expected 75.1 (0.02)
Passed Vit filter:                        14  (0.00372638); expected 3.8 (0.001)
Passed Fwd filter:                         2  (0.00053234); expected 0.0 (1e-05)
Initial search space (Z):               3757  [actual number of targets]
Domain search space  (domZ):               1  [number of targets reported over threshold]
# CPU time: 0.03u 0.00s 00:00:00.03 Elapsed: 00:00:00.04
# Mc/sec: 5567.18
//
Query:       TIGR03953  [M=188]
Accession:   TIGR03953
Description: rplD_bact: 50S ribosomal protein uL4
Scores for complete sequences (score includes all domains):
   --- full sequence ---   --- best 1 domain ---    -#dom-
    E-value  score  bias    E-value  score  bias    exp  N  Sequence              Description
    ------- ------ -----    ------- ------ -----   ---- --  --------              -----------
    1.2e-65  218.1   0.2    1.4e-65  217.9   0.2    1.0  1  NZ_LANJ01000011.1_216  # 219175 # 219795 # -1 # ID=3_216;partial=00;start_type=ATG;rbs_motif=GGAG/GAGG;rbs_spacer=5-10bp;gc_cont=0.593


Domain annotation for each sequence:
>> NZ_LANJ01000011.1_216  # 219175 # 219795 # -1 # ID=3_216;partial=00;start_type=ATG;rbs_motif=GGAG/GAGG;rbs_spacer=5-10bp;gc_cont=0.593
   #    score  bias  c-Evalue  i-Evalue hmmfrom  hmm to    alifrom  ali to    envfrom  env to     acc
 ---   ------ ----- --------- --------- ------- -------    ------- -------    ------- -------    ----
   1 !  217.9   0.2   3.7e-69   1.4e-65       1     187 [.      16     202 ..      16     203 .. 0.99



Internal pipeline statistics summary:
-------------------------------------
Query model(s):                            1  (188 nodes)
Target sequences:                       3757  (1152400 residues searched)
Passed MSV filter:                        60  (0.0159702); expected 75.1 (0.02)
Passed bias filter:                       51  (0.0135747); expected 75.1 (0.02)
Passed Vit filter:                         7  (0.00186319); expected 3.8 (0.001)
Passed Fwd filter:                         1  (0.00026617); expected 0.0 (1e-05)
Initial search space (Z):               3757  [actual number of targets]
Domain search space  (domZ):               1  [number of targets reported over threshold]
# CPU time: 0.02u 0.00s 00:00:00.02 Elapsed: 00:00:00.01
# Mc/sec: 13085.28
//
[ok]
